0.00000032 0.00000000 0.00000000 0.00000000 0.00000000 0.00000000 0.00000000 0.00000000 0.00000008 0.00000000 0.00000000 0.00000000 0.00000000
0.06343941 0.02169266 0.00491320 0.02526258 0.13347387 0.12251086 0.10791140 0.09007539 0.12071987 0.05666230 0.11011620 0.06181911 0.05606858
0.14943356 0.02428921 0.00598407 0.02785738 0.15267115 0.13305926 0.11609319 0.10348908 0.08147244 0.09447977 0.11635118 0.06309543 0.08578371
0.15655228 0.01826741 0.00643309 0.02357458 0.16610973 0.11631871 0.10443203 0.12247386 0.07104124 0.16485425 0.07953334 0.07620884 0.06456508
0.18391373 0.01959808 0.00930197 0.02406337 0.14348903 0.10249087 0.11796127 0.11519227 0.08020622 0.20537596 0.08321271 0.07947919 0.08033366
0.24138996 0.01758066 0.00788537 0.02370370 0.14323778 0.12440105 0.12412099 0.11798623 0.08524780 0.18594209 0.07979558 0.07525338 0.07623705
0.26892413 0.01943010 0.00758898 0.02427681 0.12857825 0.14387074 0.12258903 0.11334580 0.12823613 0.12204698 0.07913672 0.08519239 0.06484020
0.28481146 0.02806536 0.00833196 0.03146072 0.12373997 0.12113086 0.11816887 0.13268654 0.10391172 0.11013040 0.18383636 0.09680897 0.08136844
0.30700254 0.02230969 0.00758801 0.02771672 0.12600260 0.12451708 0.13698555 0.13931182 0.09610172 0.13468454 0.23743326 0.10591944 0.06744951
0.35550681 0.02689039 0.00715094 0.03000981 0.12720174 0.12967027 0.13012556 0.14921720 0.15359732 0.12688230 0.12606985 0.08915419 0.07671693
0.38046001 0.02233458 0.00760422 0.02708141 0.13289026 0.14161864 0.14436962 0.14590680 0.11940956 0.16336996 0.11350842 0.08875044 0.06496652
0.40190361 0.02207600 0.00693663 0.02339610 0.12600037 0.14205402 0.12796616 0.12802429 0.09715031 0.25895768 0.11574813 0.09553301 0.07756386
0.43737592 0.01640160 0.00745678 0.01945537 0.12368360 0.14755603 0.13742557 0.14417474 0.09017634 0.29359002 0.11977126 0.08638516 0.06903502
0.45297664 0.01711119 0.00751475 0.02011215 0.11633193 0.15158795 0.13940555 0.13381616 0.09072519 0.24033185 0.09802834 0.10009142 0.06655856
0.47511676 0.01750028 0.00796971 0.01860852 0.11496679 0.16272875 0.13311443 0.14888525 0.10718641 0.15559799 0.15058757 0.09232426 0.05496712
0.49716172 0.02110365 0.00781889 0.02233704 0.11834342 0.17109580 0.13791131 0.14424378 0.18138389 0.15337196 0.13488830 0.09855789 0.04562926
0.52141355 0.01697722 0.01002844 0.01660386 0.10516783 0.17161711 0.13651477 0.14115610 0.15103921 0.16610372 0.19154813 0.10847206 0.05433381
0.54534316 0.02372837 0.00797884 0.02591307 0.12157243 0.17154064 0.12239236 0.13945265 0.11922712 0.15921597 0.17190259 0.11140780 0.06206881
0.56988630 0.01790546 0.00789979 0.01980365 0.10279724 0.17136936 0.12236274 0.13929856 0.10756296 0.19335468 0.11878631 0.09457891 0.07205128
0.60065430 0.01823174 0.00728889 0.02204679 0.10808691 0.15501071 0.13196896 0.14782752 0.11259948 0.25245583 0.11729052 0.10124626 0.07501535
0.61734126 0.01515235 0.00778696 0.01547419 0.09656318 0.16441134 0.13167871 0.14661054 0.10320486 0.26655193 0.12440048 0.09056916 0.04816741
0.63261169 0.01602085 0.00874942 0.01899386 0.09009515 0.15777002 0.11740863 0.14868234 0.10752568 0.21129668 0.11521745 0.10990242 0.05451504
0.65122361 0.01401432 0.00801881 0.01413716 0.06969255 0.16663110 0.13175856 0.14937179 0.12826844 0.17302744 0.13732269 0.10784198 0.04943887
0.67206434 0.01602488 0.00790238 0.01940613 0.07256357 0.16298125 0.12504312 0.12766480 0.15348847 0.18273902 0.18208896 0.11507050 0.05515568
0.69296206 0.01332684 0.00813475 0.01485274 0.12542118 0.17452703 0.11594865 0.13897456 0.17244546 0.19321825 0.14638898 0.10430835 0.04029420
0.70993711 0.01764211 0.00744798 0.02078316 0.12229448 0.17636926 0.13280551 0.13797286 0.14658551 0.17643905 0.14325367 0.10178526 0.05924758
0.73058296 0.02164340 0.00722393 0.02330634 0.12497766 0.16656185 0.12489963 0.13701725 0.11170824 0.20795743 0.13309561 0.09639275 0.05495447
0.75022617 0.02095393 0.00751574 0.02587884 0.12911200 0.16965009 0.14016277 0.13677662 0.10950006 0.25411586 0.13244029 0.09831629 0.05525324
0.76069237 0.02566479 0.00724842 0.02619497 0.12064727 0.17241387 0.12248976 0.12932445 0.10972534 0.24969363 0.13127224 0.09693304 0.04788771
0.76841253 0.01655917 0.00906970 0.01971504 0.13023115 0.16522153 0.12378617 0.14256880 0.11137802 0.20987168 0.12762930 0.10219361 0.05729358
0.79095132 0.01969367 0.00711280 0.02260444 0.12263151 0.15591281 0.12828021 0.14506320 0.12734561 0.19129779 0.14081764 0.10440242 0.05143859
0.80266180 0.01637318 0.00763240 0.01727477 0.11191543 0.16076495 0.12674228 0.14667589 0.14253145 0.19762703 0.16926906 0.10652601 0.06540211
0.81772593 0.02228138 0.00806362 0.02356160 0.09011994 0.16483975 0.11783112 0.13200591 0.13571458 0.19369805 0.17888440 0.10283817 0.07388715
0.83071554 0.01702156 0.00765742 0.01890677 0.10403828 0.18303534 0.12231894 0.12033534 0.12775573 0.18497721 0.14388910 0.10574218 0.05027907
0.85805504 0.01820513 0.00807494 0.01901973 0.08948029 0.16639774 0.11755604 0.12843350 0.11609861 0.21872378 0.13410474 0.09716835 0.05625706
0.86389723 0.01709147 0.00689761 0.02060213 0.10573136 0.17190540 0.12860779 0.11579079 0.11628847 0.25420443 0.13736610 0.09495096 0.05053093
0.87583483 0.02147027 0.00705966 0.02333654 0.11037195 0.15926302 0.12685208 0.12661169 0.11621106 0.24779234 0.13053920 0.09984879 0.05059893
0.88126691 0.02001401 0.00652164 0.02496774 0.12392519 0.16951228 0.12536397 0.12957509 0.10803813 0.21527527 0.13224475 0.08898094 0.04689652
0.89543876 0.01471529 0.00650601 0.01802813 0.09351456 0.16740909 0.12931734 0.11893345 0.13316583 0.19451491 0.14613334 0.10354781 0.06847889
0.91117852 0.01679345 0.00829598 0.01735921 0.09553211 0.17619946 0.12708261 0.12511538 0.14686669 0.20236309 0.16000303 0.11724657 0.04342158
0.92431936 0.01855835 0.00668325 0.02157591 0.10063140 0.17349407 0.11261325 0.12320815 0.14652939 0.19317901 0.15238208 0.10094779 0.05381665
0.94445167 0.01724324 0.00671533 0.02018765 0.10076247 0.17215819 0.11453603 0.12440643 0.12821683 0.19808197 0.14706937 0.10208596 0.04994587
0.95430938 0.01310061 0.00682068 0.01561230 0.09378402 0.16742806 0.12913473 0.14070450 0.11535100 0.22599754 0.13411997 0.09724557 0.05383384
0.96792363 0.01300582 0.00651690 0.01394857 0.10670999 0.16635087 0.13549273 0.12739544 0.11824818 0.25099517 0.13754071 0.10625213 0.04344426
0.97196380 0.01859738 0.00646675 0.01915791 0.09804672 0.18135463 0.12441964 0.13562954 0.11977182 0.24193842 0.13007304 0.08635373 0.04374503
0.97950497 0.01622315 0.00743392 0.01552411 0.09071056 0.16898161 0.11707862 0.11543328 0.11763642 0.21337937 0.13948258 0.11555916 0.05772429
0.99363852 0.01963978 0.00901322 0.02104770 0.10849432 0.18944573 0.12268467 0.12768454 0.13545216 0.20160738 0.13898986 0.10184033 0.06541464
1.00335518 0.01591122 0.00795315 0.01470885 0.08462243 0.18894044 0.11703983 0.13219127 0.14409443 0.20720714 0.17014548 0.10117612 0.04438845
1.02046296 0.01542174 0.00608907 0.01481736 0.09716837 0.19548176 0.11932660 0.13393841 0.14289527 0.20580122 0.15518134 0.09419758 0.06692298
1.03318873 0.01978972 0.00632001 0.02367384 0.10938258 0.18688144 0.13161215 0.13437877 0.12496416 0.20410292 0.13493022 0.10919371 0.05176004
1.04565843 0.01538343 0.00604833 0.01716241 0.08747564 0.17151330 0.12494829 0.15776588 0.11506947 0.23042783 0.13454780 0.09197764 0.05594840
1.05183909 0.02566538 0.00657616 0.02815015 0.10145395 0.17815395 0.13958214 0.14755542 0.11367283 0.24537622 0.12866957 0.10786752 0.06380078
1.05815392 0.01953857 0.00752790 0.02227887 0.11415510 0.17292754 0.11545491 0.14527508 0.10945006 0.23425533 0.14041782 0.10508487 0.05024059
1.06324568 0.01807136 0.00890903 0.02113679 0.10684410 0.17616363 0.13412722 0.14876482 0.11859600 0.20360009 0.13278986 0.10676933 0.04466029
1.07069683 0.01499626 0.00774206 0.01741851 0.10357847 0.17096021 0.11924324 0.14293824 0.12719433 0.19177749 0.15381212 0.10689612 0.05343712
1.08118837 0.01603590 0.00763792 0.01922726 0.10770815 0.17419220 0.11955308 0.14662968 0.14699547 0.19934276 0.15041116 0.10906769 0.04808622
1.08540987 0.01890809 0.00839621 0.02088727 0.08981086 0.17863908 0.11132617 0.15280559 0.12856030 0.20397370 0.15619171 0.10492133 0.05372125
1.09399791 0.01443852 0.00733011 0.01779027 0.07828278 0.18260157 0.12565066 0.14139071 0.11711641 0.20865661 0.13437779 0.10431384 0.05875067
1.10102786 0.01104059 0.00739412 0.01454059 0.08817753 0.17928282 0.12878939 0.14462599 0.11764122 0.23007998 0.13252748 0.09404969 0.05343636
1.10695775 0.01431282 0.00762982 0.01743631 0.09335244 0.17430034 0.12549188 0.14137505 0.11368694 0.23608376 0.13483753 0.10449326 0.06110288
1.11612948 0.01422707 0.00792484 0.01521981 0.09519695 0.16286062 0.12581328 0.14890242 0.11415569 0.22829888 0.13427034 0.10423565 0.05362587
1.11949365 0.01804265 0.00674397 0.02272998 0.10464019 0.16903855 0.13179567 0.15592773 0.12061742 0.20622375 0.13433988 0.09743772 0.04563926
1.12898073 0.01641525 0.00641858 0.01876117 0.12609246 0.18449032 0.12180097 0.13996407 0.12838912 0.20299173 0.15171116 0.10398118 0.05502004
1.13259856 0.01757138 0.00653657 0.02542485 0.13104840 0.17604216 0.12443717 0.13998096 0.13916161 0.20083679 0.15235460 0.10756476 0.05549088
1.14846857 0.01415939 0.00663975 0.01901617 0.11920282 0.17838588 0.13637756 0.14888635 0.12842077 0.19828040 0.14285899 0.10685133 0.06975498
1.15660660 0.01449116 0.00655103 0.01739816 0.09186579 0.17301313 0.13245300 0.13706110 0.12252698 0.21504370 0.13707637 0.10258354 0.06344919
1.16309037 0.01610268 0.00720963 0.01905925 0.10299936 0.17789932 0.13747214 0.13936615 0.11986697 0.23232358 0.13015711 0.10868694 0.05867360
1.16214702 0.01268399 0.00628936 0.01342348 0.09318698 0.18491240 0.12828832 0.14723471 0.11830064 0.23638495 0.13123564 0.09640234 0.07140544
1.16141549 0.01135364 0.00654811 0.01057406 0.08382915 0.17777574 0.11745204 0.15193910 0.11534188 0.22396252 0.13366598 0.10493157 0.04727215
1.16577793 0.01226226 0.00731398 0.01447966 0.07637335 0.18645303 0.12477065 0.14747797 0.11535664 0.20906146 0.14045814 0.09969454 0.06586383
1.17049790 0.01477988 0.00670552 0.01995304 0.09889845 0.17595150 0.12231040 0.15102400 0.13332089 0.19645687 0.14264248 0.09668914 0.05711192
1.17030855 0.01510502 0.00695811 0.01852010 0.09603333 0.17841397 0.12469448 0.13712071 0.13205648 0.19806555 0.15469019 0.10737292 0.06360978
1.18659754 0.01668987 0.00722723 0.01878213 0.11018013 0.17731449 0.12872537 0.15096439 0.12997022 0.19705955 0.14767791 0.10029735 0.05719374
1.19451603 0.01851085 0.00679142 0.02063384 0.12502946 0.17753488 0.12793803 0.15108183 0.11929579 0.20875475 0.13308240 0.09712940 0.05524990
1.20272889 0.02386640 0.00724036 0.02616584 0.11999703 0.17698347 0.11834897 0.15052763 0.11709610 0.22510065 0.12643677 0.10719723 0.05324957
1.21504197 0.01741215 0.00647616 0.02075539 0.09102758 0.18109399 0.13165907 0.14831403 0.11442466 0.23397532 0.12872152 0.09712714 0.06335198
1.21932099 0.01825706 0.00611625 0.02099643 0.11366601 0.17842159 0.11813129 0.15234645 0.11548436 0.22358739 0.13372136 0.09044497 0.05977163
1.21954970 0.02194557 0.00567912 0.02271192 0.10241745 0.18826910 0.11937560 0.16146899 0.11835129 0.21364872 0.14050898 0.09203957 0.06134245
1.21822687 0.01639805 0.00519010 0.01946439 0.12472056 0.18252662 0.13492743 0.14965021 0.12860256 0.20028111 0.14645701 0.09703216 0.05114741
1.22119858 0.01496568 0.00576496 0.01686735 0.12688691 0.18376442 0.12116499 0.15696901 0.12892551 0.20271412 0.14808381 0.09277818 0.06153504
1.22900025 0.01800469 0.00666895 0.02119056 0.12110202 0.18527299 0.12984512 0.14534958 0.13096213 0.20610002 0.13384918 0.10082725 0.05443723
1.23556662 0.01902665 0.00635162 0.01912644 0.10574842 0.17830595 0.11685074 0.15456488 0.11456595 0.22045018 0.13456544 0.10685483 0.05936777
1.23936333 0.02020066 0.00570572 0.01955154 0.11981886 0.18746089 0.12441856 0.15833954 0.11250093 0.22804403 0.13294101 0.09322817 0.05139264
1.24404401 0.01380503 0.00553706 0.01462414 0.11595577 0.18138120 0.12621251 0.14470071 0.11904972 0.22932137 0.12910588 0.09897782 0.05399600
1.24649136 0.01549993 0.00620674 0.01974155 0.12262616 0.18426625 0.11633227 0.15884569 0.11254660 0.22165950 0.13136947 0.09870668 0.04317149
1.25299657 0.01328840 0.00543716 0.01567483 0.10541906 0.18030488 0.12251220 0.15377360 0.12146653 0.21211812 0.13824143 0.09901816 0.04398235
1.24890550 0.01091623 0.00676104 0.01460168 0.07693117 0.17322726 0.12672279 0.15463887 0.13307633 0.20489666 0.14106735 0.10346036 0.04560285
1.24841391 0.01426286 0.00615194 0.01678370 0.08833683 0.17767386 0.12266520 0.14956080 0.12624754 0.20056205 0.14195713 0.09831844 0.05823551
1.24620050 0.01567642 0.00655099 0.01554110 0.08932416 0.18713907 0.13326403 0.15946927 0.12579350 0.20553110 0.13824931 0.09126195 0.03570017
1.24933545 0.01479098 0.00588204 0.01735098 0.10415773 0.17999853 0.12571228 0.15393739 0.12294880 0.21674686 0.13214148 0.10652551 0.05454408
1.24165174 0.01951972 0.00575800 0.02151786 0.10003419 0.18621771 0.12373918 0.16008051 0.11283773 0.22696059 0.13654203 0.08986398 0.04401841
1.24622517 0.01977630 0.00531357 0.02326666 0.09181138 0.18184792 0.11719838 0.15984627 0.10823806 0.22135398 0.13431211 0.08683587 0.06014973
1.25216095 0.01342283 0.00535195 0.01478858 0.09243543 0.18407704 0.12401688 0.15932531 0.12211723 0.22056194 0.12826568 0.08754084 0.04122749
1.25122374 0.01622895 0.00570213 0.01629176 0.08951615 0.18690056 0.11976611 0.16139578 0.12302901 0.21194607 0.13976378 0.09213356 0.05422078
1.25633772 0.02093899 0.00664868 0.02177539 0.10237277 0.17801224 0.13165417 0.15823576 0.12260891 0.20349737 0.14780086 0.10230114 0.05268203
1.25208080 0.01597506 0.00556932 0.02084481 0.12128154 0.18857003 0.12878338 0.16555048 0.12610825 0.19949328 0.13365968 0.09478671 0.04267069
1.24544271 0.01617217 0.00529546 0.01751680 0.11554141 0.18497131 0.13586252 0.16061457 0.11807629 0.21009245 0.14892438 0.10250642 0.05226330
1.24330924 0.02231138 0.00502867 0.02413504 0.10373944 0.18128983 0.13735809 0.15769447 0.12519691 0.22390021 0.13320480 0.09470215 0.06868739
1.24106171 0.01606849 0.00547273 0.01754207 0.08361228 0.18294765 0.13016585 0.15608121 0.11275048 0.22442032 0.13305870 0.09802221 0.04624748
1.23542259 0.01955698 0.00644434 0.02148956 0.09509649 0.18809008 0.13554212 0.15759118 0.10958763 0.21757456 0.13880980 0.09208332 0.06187182
1.23355366 0.01243337 0.00631031 0.01587349 0.09558523 0.19351081 0.12986882 0.16382353 0.12363310 0.21369145 0.13385895 0.09383884 0.05085450
1.23645228 0.01806325 0.00531254 0.01928124 0.10697425 0.19336753 0.13089759 0.15240841 0.12289702 0.21050002 0.14334782 0.09855966 0.07018906
1.23556183 0.02103092 0.00602366 0.02482081 0.07770028 0.19695608 0.13029307 0.16553955 0.12727291 0.20477183 0.13966409 0.08470669 0.06106210
1.23566475 0.01861667 0.00483475 0.01851145 0.10648299 0.19432901 0.13769257 0.16225517 0.12563269 0.20488904 0.13824217 0.09046669 0.04968700
1.23833316 0.02021846 0.00532526 0.02165565 0.10712253 0.20013042 0.12549772 0.15388422 0.11895260 0.21902118 0.13615087 0.08793097 0.04991739
1.22929010 0.01655789 0.00607757 0.01530532 0.09625952 0.20104114 0.12948326 0.16505361 0.12094928 0.22848914 0.13374225 0.08355993 0.04998754
1.22560356 0.01989512 0.00499319 0.02142125 0.08386597 0.19198372 0.12603973 0.15941080 0.11837803 0.22037302 0.12953568 0.09315400 0.05838955
1.23264201 0.01818564 0.00724235 0.02071441 0.08416650 0.19154542 0.13300758 0.16391532 0.11092456 0.21160326 0.13597840 0.09727398 0.05080556
1.22715017 0.01553281 0.00584771 0.01920103 0.09931395 0.18610120 0.13036966 0.16052017 0.11367814 0.21053151 0.13727034 0.09629347 0.04894240
1.22500376 0.01347727 0.00638156 0.01418012 0.08913045 0.19067495 0.13319197 0.16593698 0.12576150 0.20932060 0.14101964 0.09711346 0.05460608
1.22805795 0.01367716 0.00545160 0.01624404 0.07657823 0.18893579 0.12237745 0.15780212 0.12706673 0.20311383 0.13852531 0.09535025 0.05711151
1.22930463 0.01471182 0.00605218 0.01616728 0.08536442 0.19252115 0.12006996 0.17121103 0.12061894 0.20906756 0.14062346 0.09337716 0.06135562
1.22727218 0.01709674 0.00703216 0.01814305 0.08386841 0.19026871 0.12561450 0.17299997 0.11977955 0.21534477 0.13311113 0.10083938 0.05168690
1.22070890 0.01097092 0.00714908 0.00972073 0.10597533 0.18324818 0.12640919 0.17216366 0.11520118 0.21927200 0.14202462 0.09723517 0.06006275
1.21181427 0.01736377 0.00544447 0.02055891 0.09846546 0.19314269 0.12858694 0.17711813 0.11109933 0.21876455 0.13264662 0.08604700 0.04833587
1.20305787 0.02195456 0.00545579 0.02010333 0.07924156 0.19052917 0.12675464 0.17115010 0.11484923 0.21858083 0.12676263 0.09407368 0.05820140
1.19929070 0.01363388 0.00534234 0.01600516 0.07773406 0.19555707 0.13114238 0.17673922 0.11453141 0.21660168 0.13473177 0.08850940 0.06870517
1.19171641 0.01198746 0.00543292 0.01395964 0.10814331 0.19678616 0.12892032 0.17597422 0.11689809 0.20998784 0.13683484 0.09272697 0.05916785
1.18851767 0.01382829 0.00535378 0.01651604 0.09914537 0.20062069 0.12324758 0.18215662 0.11478160 0.20143688 0.13741743 0.08686577 0.05385309
1.17509000 0.02036388 0.00510984 0.02024769 0.09413706 0.19230798 0.13998575 0.17599756 0.11794580 0.20630333 0.13512374 0.08758491 0.06410711
1.16921373 0.01309264 0.00518200 0.01544954 0.09624819 0.19763664 0.13645075 0.18745292 0.12121006 0.21187714 0.13364481 0.09022373 0.05841152
1.16808201 0.01364070 0.00548604 0.01320140 0.09713206 0.18460402 0.13537368 0.18352017 0.11952745 0.21548964 0.13428920 0.08985810 0.06127742
1.16226627 0.01823306 0.00580818 0.01896930 0.08937854 0.18314796 0.13525646 0.18229285 0.12321089 0.20980824 0.13339140 0.09944005 0.04215923
1.16223430 0.00990832 0.00638423 0.00976765 0.08566492 0.18510506 0.13719566 0.18741688 0.11472478 0.20652892 0.13284374 0.08929107 0.05104643
1.16149686 0.00892076 0.00630134 0.00788715 0.07952847 0.18891402 0.13860312 0.18100964 0.11178804 0.20825860 0.13925617 0.10219524 0.04495854
1.16094294 0.01430598 0.00599573 0.01253483 0.07215849 0.19136730 0.13542852 0.18744173 0.12603686 0.20728283 0.13114471 0.08988064 0.05147171
1.15820719 0.01609174 0.00594317 0.01411996 0.07947848 0.19706153 0.13115927 0.17813853 0.11588306 0.20285385 0.14050884 0.09282597 0.04321591
1.15683788 0.01495357 0.00635156 0.01676643 0.06731893 0.20729124 0.13739214 0.17750008 0.11939718 0.20033260 0.13225384 0.09115100 0.04779699
1.14827778 0.01939111 0.00679132 0.02237481 0.08444401 0.19104568 0.12554012 0.17712111 0.11872794 0.20922230 0.13164574 0.08951706 0.04378788
1.14590281 0.01648280 0.00603167 0.01839445 0.08545305 0.20361039 0.13732680 0.18247178 0.11393760 0.20663796 0.12890348 0.08280297 0.04498458
1.14512865 0.01600627 0.00515804 0.01646520 0.07632082 0.19275064 0.12878528 0.18438334 0.11007466 0.20836158 0.12815597 0.09310794 0.04822984
1.14290980 0.00869286 0.00462026 0.00946898 0.07295365 0.19938297 0.13649968 0.18518760 0.11573713 0.20566310 0.13222756 0.08621876 0.03816237
1.14271575 0.01550295 0.00460345 0.01815103 0.08324640 0.19611523 0.13475889 0.18581949 0.11524213 0.20945659 0.13854129 0.08685495 0.06124339
1.14152963 0.01371527 0.00449004 0.01706130 0.07893674 0.19809091 0.13678060 0.18728809 0.11930473 0.20605199 0.13246284 0.09226124 0.04728355
1.13492469 0.01354174 0.00568291 0.01573949 0.06967182 0.20153800 0.13978685 0.18877997 0.11133530 0.20100993 0.13545749 0.08541280 0.04340090
1.13326759 0.01433179 0.00450688 0.01628269 0.09425930 0.19645826 0.13491786 0.18456803 0.11009046 0.20637142 0.12839091 0.09052025 0.05308171
1.13116671 0.01435332 0.00621346 0.01264990 0.08780258 0.18966991 0.12800536 0.18041104 0.11799263 0.20931924 0.12914335 0.08801040 0.05295038
1.12766914 0.01988989 0.00632523 0.02033998 0.10335754 0.20860978 0.13141554 0.18278388 0.12430670 0.20554215 0.12897057 0.08303746 0.05699248
1.11732198 0.01709790 0.00444753 0.02041373 0.10947345 0.19531332 0.13230742 0.18599102 0.11540881 0.19798291 0.12964423 0.09829677 0.04814312
1.11325870 0.01903886 0.00455151 0.01939327 0.10530648 0.20127256 0.13339227 0.18836598 0.10858947 0.19632091 0.13645331 0.08255220 0.05426155
1.11139959 0.01948648 0.00420439 0.02140172 0.09755872 0.20500701 0.13768862 0.18953370 0.11330235 0.20520523 0.12958752 0.08453346 0.04477120
1.09911546 0.01932726 0.00602518 0.02379189 0.09625678 0.19652446 0.12636047 0.19090105 0.11256082 0.20532629 0.12831437 0.09709219 0.04301712
1.09213609 0.01849877 0.00513318 0.02057799 0.12415049 0.20480289 0.12181318 0.18770443 0.10730790 0.20781867 0.12705040 0.08507385 0.04387670
1.08555837 0.01188955 0.00478895 0.01324923 0.10177431 0.19843346 0.13078003 0.19594356 0.11479084 0.20716170 0.12723578 0.08579647 0.03817923
1.08669993 0.01553124 0.00597716 0.01579437 0.08869846 0.20328713 0.12277863 0.19413407 0.12438394 0.20703580 0.13667352 0.09468281 0.04377355
1.08153886 0.01741295 0.00661509 0.01954465 0.09848713 0.20190860 0.12382784 0.19530415 0.11750138 0.20553362 0.13494205 0.10602605 0.04795238
1.08282272 0.01384575 0.00591477 0.01384544 0.08384551 0.19663292 0.12952985 0.19624681 0.11460756 0.19441427 0.13083192 0.08371841 0.05900097
1.08453848 0.01502033 0.00561090 0.01460052 0.09297161 0.19326401 0.11409106 0.19723531 0.11788879 0.20490052 0.13297619 0.09303574 0.04686105
1.08173399 0.00950979 0.00494311 0.01007112 0.08694070 0.18930265 0.12756464 0.20353451 0.11525249 0.21740924 0.13042809 0.08762629 0.03616193
1.08286783 0.01030588 0.00412914 0.01060299 0.07956158 0.18983014 0.13794655 0.19832131 0.10642572 0.21505571 0.13195445 0.09020678 0.04663868
1.07877126 0.00854205 0.00512179 0.01107756 0.07956454 0.19978288 0.12494039 0.19407437 0.11315838 0.21032598 0.12204486 0.09081146 0.04512321
1.07763086 0.01355193 0.00465775 0.01379705 0.08150747 0.19775747 0.13340081 0.20601795 0.11489603 0.20350326 0.12822782 0.08835488 0.05413828
1.07056792 0.01138475 0.00524357 0.01186360 0.08560209 0.20447529 0.12749465 0.19440050 0.11866141 0.20303401 0.13349707 0.09350127 0.04241930
1.06947956 0.01096189 0.00548539 0.01062122 0.09428948 0.20146919 0.12888827 0.19884384 0.11366128 0.19685492 0.13324053 0.08492602 0.04108272
1.06246699 0.01664469 0.00472852 0.01889324 0.08278208 0.20255342 0.13241536 0.20131023 0.11785314 0.19465420 0.12720389 0.08974886 0.05792214
1.05578173 0.01975331 0.00422527 0.02060545 0.09094522 0.20289279 0.13547785 0.20414146 0.11281602 0.20875824 0.13095729 0.10184000 0.04243847
1.05504412 0.01485708 0.00669104 0.01717988 0.05953544 0.19969476 0.13440466 0.20272696 0.10991567 0.21338890 0.13220649 0.08476791 0.05794498
1.05062898 0.01613115 0.00552137 0.02026807 0.07063180 0.20686494 0.13451365 0.20032989 0.10934315 0.20573593 0.12219383 0.09590189 0.04438009
1.04942447 0.01157020 0.00573335 0.01306418 0.08631276 0.20919049 0.13136186 0.20193831 0.11215753 0.19759550 0.12183678 0.09097193 0.04225148
1.04312399 0.01520323 0.00605646 0.01494870 0.07908974 0.21042302 0.12798031 0.20330436 0.11097394 0.19962587 0.14064298 0.09373856 0.04229224
1.04025854 0.01199245 0.00457701 0.01301867 0.09693771 0.21051492 0.12571296 0.19972019 0.11876754 0.19966687 0.13514052 0.08637725 0.04035332
1.03863372 0.01564955 0.00531374 0.01860048 0.09933150 0.21067723 0.12299807 0.20222407 0.11023200 0.19194769 0.13110074 0.08440687 0.03884319
1.03586225 0.01718379 0.00421252 0.01721228 0.09199261 0.20583090 0.13716619 0.20242547 0.11050697 0.19238251 0.12845743 0.09578992 0.05657852
1.03346067 0.01804025 0.00590721 0.02042036 0.09383793 0.20891978 0.13723958 0.20489156 0.11261641 0.20396481 0.12720002 0.08759129 0.04459154
1.02951761 0.01070194 0.00445022 0.01273335 0.09612731 0.20141149 0.12919710 0.20543224 0.10404634 0.20221697 0.13179010 0.08615900 0.05299666
1.02119551 0.01765573 0.00450639 0.02147897 0.09986576 0.20522088 0.11986202 0.20728968 0.10305285 0.19604403 0.13298652 0.08830100 0.05618971
1.01587420 0.01595720 0.00510642 0.01891574 0.10874304 0.20234881 0.11854527 0.21001714 0.10427769 0.18780634 0.12226012 0.09254999 0.05547973
1.00915363 0.01321644 0.00454757 0.01960437 0.10410039 0.20505369 0.11941677 0.21551515 0.11125026 0.19365187 0.13092888 0.09403560 0.06424064
1.00739772 0.00886903 0.00597065 0.01222829 0.09183568 0.20322274 0.13454360 0.21286861 0.10971160 0.20166935 0.12564114 0.09691575 0.06159906
1.00712579 0.01955020 0.00649019 0.02003100 0.07912427 0.20139630 0.13087036 0.20768040 0.10390173 0.18713705 0.12969012 0.09338488 0.06150777
1.00534969 0.01114497 0.00534922 0.01416722 0.09807072 0.20511238 0.13023912 0.21609887 0.10536111 0.18238853 0.12113002 0.08848530 0.05104442
1.00001917 0.01286105 0.00512619 0.01445943 0.09224364 0.20415315 0.13824415 0.21489427 0.10330319 0.18938541 0.13021055 0.09154270 0.05031290
0.99847030 0.00990241 0.00601735 0.00823612 0.09033291 0.20161273 0.12521065 0.21692849 0.11440761 0.19538967 0.12565236 0.09162374 0.06116663
0.98873519 0.01070728 0.00482747 0.00787500 0.06881963 0.20506052 0.12757904 0.22000166 0.11490916 0.18780960 0.11775695 0.08694550 0.03906354
0.98469373 0.01483894 0.00536809 0.01492236 0.07237949 0.20236372 0.13314596 0.22088892 0.10417017 0.18902928 0.11835536 0.09369357 0.04339258
0.97998583 0.00941987 0.00478903 0.00886138 0.06624286 0.20584020 0.13108626 0.21425691 0.10445784 0.19673949 0.12723957 0.09799728 0.05527005
0.97845528 0.01052967 0.00447273 0.01357655 0.08791731 0.20565463 0.13132443 0.21981253 0.10685472 0.19210939 0.12689941 0.09350352 0.04047189
0.97932536 0.00964959 0.00408118 0.01324062 0.05367179 0.21084155 0.13818655 0.21683718 0.10806498 0.18218648 0.12319571 0.10173141 0.06896599
0.97406628 0.01280352 0.00376139 0.01634372 0.07978574 0.21283166 0.12631061 0.22449564 0.10465081 0.18274896 0.12432719 0.08960164 0.04449122
0.97301711 0.01015350 0.00527733 0.01165277 0.07764596 0.21282492 0.12896721 0.22050114 0.10792019 0.19261841 0.12870271 0.08979471 0.06540103
0.97226003 0.01038243 0.00421639 0.01288816 0.06756212 0.22430631 0.14004028 0.22310850 0.10357486 0.19554582 0.12559544 0.09318567 0.05272277
0.97157736 0.00607606 0.00585548 0.00762455 0.04884801 0.22082985 0.12978826 0.22615876 0.09906236 0.18741891 0.12143393 0.08464843 0.04948866
0.97135881 0.00639050 0.00527243 0.00744041 0.07663239 0.23009427 0.13910340 0.22368860 0.10152848 0.18747204 0.11814390 0.08463204 0.04792990
0.96865530 0.01699366 0.00444362 0.01633886 0.06655764 0.22878476 0.13768521 0.22651297 0.10636073 0.19343450 0.12232948 0.09220164 0.03887225
0.96155291 0.01173882 0.00571896 0.01347710 0.07050005 0.22953033 0.13296539 0.22502398 0.10876705 0.19352866 0.13172146 0.09087011 0.05558285
0.95370026 0.01570782 0.00438904 0.01864096 0.07231012 0.22875085 0.13107509 0.22669194 0.10328525 0.18022540 0.11780839 0.09803200 0.04399437
0.94944599 0.01867953 0.00428693 0.02091965 0.08897693 0.22365368 0.12929487 0.22282018 0.10294205 0.17865582 0.12289206 0.09001111 0.04287089
0.93623308 0.01218639 0.00514248 0.01298744 0.07263886 0.22392043 0.12501198 0.23325397 0.10499769 0.19648910 0.12820662 0.09325776 0.05807271
0.93289850 0.02033265 0.00462587 0.02208417 0.07311086 0.21873606 0.13331825 0.23370611 0.10658059 0.19261302 0.12249002 0.09513864 0.04183536
0.92911756 0.01098213 0.00565975 0.01302512 0.06379786 0.22238284 0.13202944 0.23110745 0.09712874 0.18425066 0.11254463 0.08429934 0.05732773
0.92679493 0.00878554 0.00490143 0.00934417 0.06400373 0.21601322 0.12372567 0.23097220 0.10442963 0.18880300 0.12157578 0.09829061 0.03705710
0.92303439 0.01215963 0.00454163 0.01486846 0.06108007 0.21865934 0.12526453 0.23348545 0.10850461 0.19045934 0.12349079 0.08510904 0.06854139
0.91770463 0.00967397 0.00440281 0.01277819 0.07891683 0.21958665 0.12540710 0.23382330 0.10396675 0.18477201 0.12552229 0.09466139 0.04982904
0.90178494 0.01358322 0.00452838 0.01274196 0.06792491 0.22111911 0.12823321 0.23176823 0.10169864 0.17845227 0.11732662 0.09503335 0.06143634
0.89756995 0.01103451 0.00453570 0.01239572 0.07098872 0.21746471 0.12865507 0.23053652 0.10335834 0.17575248 0.11626257 0.08911693 0.04208194
0.89435686 0.01635507 0.00464140 0.02005226 0.07034447 0.21633307 0.13010357 0.23004893 0.10262409 0.18658626 0.11836505 0.09169486 0.04138845
0.88929483 0.01202084 0.00520223 0.01256165 0.07676940 0.21510845 0.12459391 0.23750350 0.10572430 0.19113647 0.11925893 0.09929357 0.04779155
0.88434757 0.00943377 0.00508629 0.01069556 0.08737864 0.21600286 0.12760051 0.23112377 0.10296563 0.18653829 0.11566699 0.09227772 0.05301761
0.87917080 0.00973185 0.00500869 0.01410384 0.07979658 0.21407004 0.13220776 0.24003019 0.09898169 0.18217461 0.11771765 0.09664627 0.06034549
0.87936879 0.01345409 0.00537020 0.01613016 0.07045344 0.21725911 0.12847528 0.23608957 0.10265735 0.18985860 0.12427427 0.09247334 0.03948181
0.87224936 0.01351794 0.00349527 0.01421441 0.08118943 0.21553699 0.13057376 0.23809285 0.11114628 0.18543861 0.11366597 0.08863814 0.06359270
0.86635131 0.00872423 0.00332183 0.00890856 0.05369779 0.22265677 0.12980268 0.23858740 0.10335905 0.17313276 0.12008222 0.08845543 0.05237107
0.85808942 0.02055805 0.00336341 0.02194729 0.07591488 0.22082342 0.12578869 0.24069634 0.10534295 0.17169505 0.11532750 0.08565165 0.05544203
0.85792556 0.01512155 0.00490771 0.02006677 0.08566903 0.22421043 0.12908656 0.23616249 0.10426668 0.18159028 0.12159067 0.09305446 0.04077583
0.84214686 0.01354746 0.00391378 0.01692921 0.08410512 0.22691158 0.13382783 0.24295430 0.10492330 0.18677055 0.12525733 0.08515061 0.05407531
0.84043806 0.01468911 0.00355483 0.01670694 0.08176288 0.23279660 0.13466703 0.23967760 0.10924995 0.17550554 0.11871169 0.09316749 0.05213309
0.83617609 0.01891965 0.00415891 0.01909048 0.05613805 0.23260500 0.12943942 0.24250025 0.10322060 0.17527208 0.11688752 0.08745584 0.04457008
0.82745247 0.00827211 0.00416038 0.01111426 0.07553747 0.23587893 0.13297059 0.24382685 0.10417668 0.19809727 0.12363007 0.08849640 0.04611077
0.82435750 0.01569843 0.00414569 0.01495604 0.06644113 0.23547248 0.12620920 0.23876777 0.10272857 0.19107682 0.12141341 0.09114168 0.05607868
0.81538265 0.01717320 0.00484495 0.01727595 0.08780711 0.23069952 0.12369191 0.24510751 0.09730486 0.17938925 0.12162215 0.08818860 0.04453613
0.81124926 0.01660774 0.00560104 0.01804542 0.06641801 0.23919704 0.13225922 0.24043848 0.10641618 0.17586234 0.12618224 0.08937015 0.03809447
0.80395889 0.00814197 0.00509627 0.00763707 0.07125358 0.23342854 0.12203973 0.24137178 0.11045010 0.17267313 0.12541494 0.09766261 0.03779744
0.79814017 0.01394508 0.00493329 0.01598829 0.06624715 0.23302808 0.12648542 0.24246780 0.10514764 0.17249391 0.12562657 0.09620964 0.04596230
0.79453406 0.01350969 0.00531240 0.01348989 0.07494249 0.22860980 0.12002234 0.24655036 0.10401026 0.17474505 0.11618398 0.09247673 0.04089794
0.79126207 0.01120022 0.00409708 0.01021720 0.07067676 0.22497573 0.12518810 0.24756261 0.09853310 0.18040371 0.11510517 0.09007188 0.05805574
0.78993697 0.01041702 0.00413171 0.01260134 0.05668026 0.22732016 0.11554641 0.24600421 0.09851905 0.19557347 0.12373541 0.09197808 0.04619740
0.78988455 0.01262745 0.00477656 0.01332832 0.07196078 0.21772818 0.12495717 0.24809896 0.09619817 0.19123890 0.11684273 0.08801143 0.06450788
0.78597582 0.01394508 0.00402736 0.01902056 0.08780468 0.22294443 0.11859763 0.25157225 0.09775790 0.18276160 0.11602029 0.09013503 0.04305708
0.78025819 0.01539234 0.00323845 0.01492465 0.09745547 0.21985450 0.12444254 0.24694268 0.10343118 0.17814893 0.11660791 0.08773652 0.06248737
0.77711588 0.01402771 0.00285040 0.01524863 0.09938674 0.22339976 0.12565361 0.25304871 0.10601331 0.17490942 0.12044365 0.09058912 0.04167207
0.77483989 0.01522508 0.00323380 0.01590426 0.08698974 0.21878442 0.12967169 0.24761682 0.10915732 0.16898253 0.12680820 0.09273079 0.04512000
0.77260529 0.01611266 0.00511216 0.02278324 0.08554932 0.22489270 0.12240770 0.25121640 0.10420276 0.16552714 0.11968742 0.09756417 0.03846257
0.77054580 0.01466465 0.00540318 0.01763218 0.08232685 0.22235778 0.12712617 0.24542257 0.09606134 0.18330290 0.12046796 0.09470297 0.06499344
0.76519124 0.00907361 0.00310219 0.01204011 0.07311150 0.21995843 0.12555609 0.25211490 0.10229572 0.19071164 0.12070595 0.08630423 0.05195597
0.76343888 0.01490593 0.00555796 0.01415540 0.05406717 0.22218018 0.12621591 0.24865596 0.09868517 0.18795022 0.11597633 0.09046479 0.04819698
0.76032508 0.00808345 0.00360977 0.00809296 0.06337328 0.22475322 0.11543542 0.25278944 0.10028037 0.17873988 0.11439637 0.08868067 0.04236327
0.75727559 0.01279107 0.00330277 0.01607512 0.07275582 0.22546013 0.12130602 0.25134349 0.10254997 0.17767648 0.11757605 0.08708101 0.03596926
0.75040336 0.01139702 0.00336380 0.00996281 0.07711357 0.22967281 0.11782523 0.25116231 0.10639596 0.18271863 0.11811932 0.08415602 0.04439747
0.74946647 0.00965977 0.00298784 0.01008988 0.05959734 0.22794130 0.12461963 0.25500979 0.10426613 0.17805510 0.12812433 0.09095642 0.03457010
0.74525931 0.01137460 0.00447915 0.01390452 0.07218051 0.23028017 0.12699639 0.25417099 0.10337567 0.17274268 0.11589383 0.08474857 0.04464209
0.74385888 0.00876643 0.00336554 0.00699333 0.06870989 0.23564516 0.12805771 0.25876950 0.10232074 0.18121300 0.11860066 0.09300683 0.03596761
0.73697352 0.01353375 0.00297571 0.01424656 0.07544666 0.23224494 0.12393102 0.25597108 0.09982560 0.19107255 0.11573048 0.08439437 0.04057021
0.73201360 0.01635131 0.00356695 0.01606826 0.06783212 0.23829842 0.12743781 0.25724682 0.09250382 0.18414604 0.11272973 0.08451583 0.05652640
0.73420290 0.01224660 0.00453471 0.01473147 0.06709902 0.23506838 0.11693418 0.25680860 0.09557476 0.18128411 0.11371379 0.08469553 0.04517329
0.73630655 0.00786327 0.00500472 0.00881642 0.06110678 0.23478894 0.13013093 0.25677935 0.10403242 0.18356895 0.11869276 0.08865462 0.04439640
0.73226729 0.00922284 0.00321166 0.00798287 0.05612222 0.23273672 0.12934979 0.25654880 0.10482302 0.17931423 0.11797405 0.08641223 0.04112076
0.72940042 0.01139935 0.00416381 0.00947368 0.04166306 0.23026498 0.12324879 0.25688636 0.10444075 0.16669042 0.12744720 0.08788858 0.03792886
0.72997457 0.01603228 0.00306371 0.01456596 0.06041609 0.23306192 0.12495266 0.25548937 0.10191890 0.17066217 0.11401026 0.09112142 0.04473418
0.72731351 0.00592075 0.00319857 0.00644718 0.06259230 0.22870055 0.12029163 0.25543581 0.09704167 0.18282166 0.11522678 0.08978302 0.05944563
0.72679903 0.01080906 0.00355240 0.01184612 0.07512215 0.23417639 0.11984091 0.25660895 0.09313644 0.18510735 0.11264381 0.08728123 0.04838276
0.72482353 0.01227362 0.00372790 0.01437381 0.07185273 0.22763557 0.12219561 0.25633168 0.09252501 0.18290477 0.11098985 0.08788256 0.04529555
0.71841913 0.00914248 0.00347534 0.00936054 0.05778564 0.22885570 0.13207670 0.25730393 0.09895337 0.17275274 0.11525019 0.08471032 0.05787448
0.71342367 0.01198191 0.00278507 0.01178466 0.04941059 0.23201360 0.12352621 0.26025781 0.10455131 0.17162286 0.12407256 0.08380130 0.04364736
0.70744712 0.01899119 0.00291867 0.01963699 0.04015879 0.22415654 0.12955631 0.26677373 0.10346955 0.16780313 0.11967132 0.08688328 0.04944063
0.70822109 0.01240656 0.00391900 0.01174233 0.05686624 0.23002554 0.12365373 0.26287371 0.10042977 0.16912617 0.12067139 0.08838468 0.05662808
0.70436845 0.01110719 0.00328645 0.01536278 0.06280268 0.22523967 0.12927768 0.26359777 0.09527809 0.17287759 0.11820899 0.09156702 0.04818511
0.69427088 0.00911430 0.00479231 0.01072849 0.08143645 0.22789100 0.12424825 0.26224506 0.09331500 0.17641591 0.11142730 0.08852361 0.04320798
0.69247657 0.01597704 0.00324011 0.01793045 0.07804086 0.23405141 0.12576606 0.26224129 0.09726733 0.17627956 0.11262998 0.09269546 0.04360217
0.68951775 0.01193389 0.00306087 0.01197260 0.07594277 0.23053803 0.12349569 0.26510479 0.09809110 0.17076111 0.11223601 0.08101510 0.03762878
0.68465680 0.01407970 0.00270945 0.01647173 0.08603022 0.23380929 0.12051046 0.26334262 0.09866206 0.16326534 0.11097133 0.08425243 0.03978927
0.68340543 0.00998331 0.00254605 0.00959115 0.10141888 0.23563606 0.12329073 0.26190870 0.09558163 0.16585292 0.11934963 0.08335305 0.05277598
0.67950358 0.01181248 0.00271421 0.01467598 0.07760864 0.23188046 0.12510936 0.26556304 0.09384853 0.17076844 0.11791873 0.09037632 0.04552446
0.67436804 0.01765211 0.00294443 0.01914250 0.07241900 0.24002060 0.12415524 0.26082985 0.09740972 0.17432036 0.11644434 0.08852312 0.06547540
0.66809653 0.01145070 0.00373925 0.01123855 0.06981754 0.23800268 0.11873996 0.26153674 0.09571057 0.17018343 0.11509175 0.09358313 0.05243270
0.66617318 0.00774581 0.00361359 0.00891651 0.05647297 0.24398946 0.12126729 0.26383350 0.09624915 0.16969742 0.11196529 0.09103779 0.04427540
0.66574446 0.00476118 0.00327756 0.00621033 0.05131993 0.24247188 0.11669333 0.26364958 0.09677337 0.17027477 0.11511051 0.09110152 0.05013256
0.66027308 0.00811903 0.00335119 0.00738059 0.03151518 0.24313996 0.12321658 0.26595821 0.10340281 0.16519861 0.11318914 0.08727772 0.04637992
0.65475095 0.01231551 0.00314446 0.01483000 0.07818702 0.24632666 0.11951425 0.26971442 0.09800518 0.16185149 0.11524324 0.08509381 0.04711187
0.65563136 0.00707024 0.00309831 0.00933500 0.06295462 0.23947811 0.12646260 0.26985223 0.09767957 0.16694281 0.11766786 0.09004392 0.04053585
0.65761614 0.01324718 0.00252515 0.01236984 0.08119919 0.24015898 0.12151138 0.27043280 0.09595698 0.17410461 0.11408081 0.08372877 0.05381907
0.65586225 0.01111039 0.00283392 0.01108403 0.07272545 0.24079202 0.12299774 0.27048110 0.09658927 0.17159802 0.11560090 0.08613800 0.04151720
0.65417100 0.00741287 0.00338407 0.00614572 0.04076307 0.23512451 0.11350204 0.26420207 0.09191503 0.16960098 0.11088141 0.08502037 0.03857749
0.65020242 0.01169965 0.00330422 0.01118169 0.05586357 0.24229806 0.11986048 0.26786311 0.09446874 0.17018581 0.10567316 0.08664032 0.03817105
0.64509543 0.01746463 0.00290435 0.02189474 0.07759180 0.23140359 0.11345799 0.26708834 0.09639778 0.16908344 0.10900760 0.09531854 0.03225729
0.64271708 0.00716887 0.00266851 0.00812293 0.07216448 0.23473022 0.11822844 0.26642590 0.09432297 0.16227891 0.11828910 0.09036838 0.04209852
0.63592259 0.01113806 0.00273433 0.01366898 0.06220629 0.23425817 0.11993769 0.27104398 0.10074028 0.16372546 0.11343937 0.08261537 0.03830859
0.63402677 0.00744118 0.00283738 0.00947025 0.07304549 0.23026568 0.11822437 0.27037951 0.09595462 0.16585676 0.11973882 0.09080929 0.04270163
0.62981199 0.01102870 0.00341069 0.01276235 0.05504239 0.23719207 0.12124824 0.27558840 0.09347176 0.17143444 0.10850872 0.08651977 0.05005694
0.62854540 0.01736745 0.00354936 0.01777296 0.09513136 0.23178142 0.11677743 0.27706241 0.08955268 0.17473730 0.11065954 0.09662311 0.05260674
0.62806875 0.00857651 0.00382355 0.00985385 0.07867379 0.23376655 0.12875350 0.27410162 0.08902561 0.17924079 0.10670433 0.08982747 0.06066480
0.62773850 0.00738879 0.00488174 0.00988613 0.08501494 0.24041077 0.12039055 0.27851684 0.09289286 0.16273657 0.11391330 0.09060391 0.04466282
0.62702710 0.01128236 0.00338118 0.01428552 0.08569864 0.23749114 0.11847238 0.27611800 0.10172324 0.14679789 0.10914631 0.09145491 0.04060800
0.62612297 0.00951036 0.00523554 0.01157306 0.06103475 0.23875995 0.11803625 0.27618683 0.09878574 0.15580016 0.11809159 0.09259199 0.04614554
0.62171956 0.01593921 0.00325700 0.01547989 0.04914974 0.23637058 0.11284865 0.27833582 0.10314387 0.15670094 0.11769005 0.08564483 0.03618013
0.61803266 0.00921599 0.00306110 0.00715934 0.06546247 0.23981562 0.12333514 0.27470873 0.09157047 0.16176323 0.10247053 0.08913294 0.03407695
0.60946755 0.01364275 0.00413924 0.01283516 0.05006327 0.23861444 0.11997090 0.27620263 0.07991176 0.17874334 0.10595325 0.08484646 0.03372668
0.60090432 0.00444740 0.00417991 0.00409901 0.06606761 0.23702793 0.11849904 0.27536087 0.08331247 0.17733783 0.10103532 0.08961771 0.04113462
0.59154711 0.01019953 0.00338050 0.01334486 0.06409199 0.23930102 0.11781057 0.27601521 0.08481734 0.16713381 0.10808854 0.08496045 0.04140670
0.58962954 0.01135683 0.00279360 0.01539728 0.05659246 0.23724090 0.11316801 0.27700132 0.09462793 0.15127606 0.10808486 0.08714995 0.03259551
0.57944268 0.01194669 0.00294430 0.01250405 0.04523270 0.23813102 0.12019159 0.27880043 0.09839243 0.14511816 0.11491284 0.08721135 0.03289654
0.57428820 0.00802731 0.00348093 0.00685058 0.06090033 0.24067452 0.11435598 0.27849082 0.09925219 0.15189225 0.11976559 0.08891276 0.03196976
0.57061935 0.01107473 0.00311385 0.01090072 0.08052558 0.23835155 0.11060436 0.28116818 0.09147258 0.15413388 0.11719777 0.09230435 0.03421886
0.56576461 0.01298711 0.00263258 0.01270213 0.06607712 0.24044334 0.10624680 0.28376688 0.08811510 0.16295305 0.11083467 0.08220700 0.03570494
0.56331195 0.01894420 0.00274579 0.01787289 0.05324890 0.24040283 0.11894276 0.28092946 0.08960353 0.17845309 0.09736334 0.08693618 0.03985916
0.56041379 0.00750611 0.00397649 0.00735172 0.05836726 0.24016767 0.10988561 0.28488490 0.09003172 0.17891641 0.10407764 0.08138622 0.03658389
0.55951105 0.01730448 0.00448844 0.01793466 0.07130194 0.23999453 0.11882191 0.28377533 0.08948180 0.17815618 0.09834698 0.08936222 0.03596615
0.54961312 0.01434473 0.00295117 0.01372334 0.06992298 0.23819531 0.10656647 0.28347349 0.09085839 0.16451670 0.10894835 0.08405223 0.05836633
0.54401785 0.00710864 0.00338223 0.00860015 0.06095454 0.24248464 0.11965320 0.28428645 0.09567917 0.14785845 0.11562042 0.09610625 0.03945519
0.53886074 0.00881061 0.00418450 0.00658473 0.06614556 0.23762119 0.11933916 0.27787679 0.10027452 0.14682248 0.11919523 0.09149673 0.03636604
0.53903815 0.00713037 0.00438931 0.00915777 0.07298081 0.23546457 0.11541740 0.27989793 0.09740251 0.15254271 0.11108499 0.08994316 0.04537233
0.53267355 0.00930329 0.00293277 0.00580032 0.06159201 0.23915465 0.10829050 0.28034985 0.08874317 0.16793085 0.10885470 0.08680334 0.03668265
0.53113300 0.00849849 0.00274594 0.00672561 0.04600743 0.23442543 0.12174265 0.27994164 0.08821374 0.17152817 0.10190924 0.09097782 0.03848309
0.52514873 0.01060569 0.00238352 0.01174188 0.06487556 0.24033583 0.11546243 0.28638150 0.08288483 0.17348982 0.10420507 0.08560655 0.03234744
0.52314852 0.01360949 0.00257897 0.01276000 0.05830519 0.24209946 0.11732369 0.28597489 0.08377604 0.16412815 0.10646674 0.08743285 0.04184797
0.51789085 0.01827571 0.00251587 0.01903327 0.05770485 0.23901594 0.12252902 0.28800881 0.08720249 0.15336611 0.10654050 0.08345657 0.03714239
0.51489932 0.00864565 0.00270173 0.00739885 0.03999969 0.24589186 0.12015431 0.28813813 0.09772457 0.14543976 0.11281111 0.08824197 0.04077218
0.51328697 0.00735655 0.00263099 0.01016579 0.06293390 0.23798376 0.12765431 0.28898029 0.09326461 0.14466066 0.11979099 0.08597994 0.04329276
0.51100758 0.00920137 0.00247025 0.00915910 0.04815728 0.24539058 0.12489844 0.28668849 0.09101143 0.15050431 0.10704202 0.08749156 0.03772012
0.50926795 0.01444584 0.00289626 0.01411791 0.04534530 0.23650324 0.11715958 0.28720892 0.08669371 0.15516656 0.10691171 0.09231794 0.04216242
0.50440037 0.00977910 0.00283744 0.00944941 0.05853328 0.24298783 0.12370036 0.28634700 0.07783451 0.16799043 0.10007444 0.08739931 0.03403342
0.49205816 0.01228237 0.00299567 0.01228487 0.03956493 0.24344828 0.11665543 0.28507543 0.08266564 0.16723966 0.09963882 0.08947380 0.05302708
0.48414064 0.00826943 0.00238060 0.00706994 0.07306845 0.24113809 0.10852325 0.28569675 0.08251774 0.15787011 0.10169972 0.08499914 0.04363923
0.48149121 0.01102921 0.00226500 0.00953584 0.05940991 0.24402504 0.11413871 0.28528898 0.08826519 0.14547863 0.11115708 0.08734378 0.03678566
0.47435820 0.02383888 0.00187791 0.02551893 0.05122924 0.24409161 0.11103325 0.28591005 0.09231349 0.14246257 0.10969213 0.08354836 0.05108341
0.47228837 0.00780986 0.00193236 0.01006667 0.06157825 0.24421796 0.11685368 0.28801284 0.08921373 0.14407154 0.11174083 0.08847934 0.03438911
0.47198838 0.01028965 0.00172438 0.01162727 0.07628469 0.24566535 0.12472712 0.28823726 0.08434561 0.14931763 0.10592828 0.08694769 0.03889300
0.46746801 0.00760103 0.00240025 0.00464623 0.05485407 0.24596241 0.11601624 0.29106950 0.08487619 0.15993253 0.10150164 0.09023113 0.03436956
0.46266418 0.01311351 0.00272600 0.01161272 0.08602486 0.24681135 0.12067080 0.29109033 0.07785078 0.16815103 0.10164293 0.08745391 0.03296246
0.46385565 0.00894660 0.00286529 0.00923071 0.05642035 0.24176042 0.12529234 0.29417361 0.08284384 0.17095447 0.09946116 0.08317774 0.03391411
0.46545660 0.00738957 0.00212305 0.00631912 0.04763507 0.24545383 0.11664285 0.29417332 0.08457151 0.15647037 0.10633400 0.08567661 0.03351219
0.46732818 0.00800407 0.00506792 0.00832457 0.04543226 0.24527486 0.12494530 0.29461478 0.08462903 0.15107708 0.11698181 0.08667580 0.03405078
0.47167508 0.00705026 0.00223522 0.00852862 0.03401479 0.23968150 0.12424593 0.29589235 0.09399693 0.14252796 0.11153411 0.08437109 0.03469035
0.46741374 0.00621301 0.00233359 0.00749392 0.05205929 0.24214344 0.12057875 0.29233357 0.09590911 0.13739502 0.11417718 0.08899848 0.04788309
0.46753597 0.01074188 0.00261353 0.00811480 0.05145030 0.23840451 0.11968129 0.28982974 0.08711111 0.14284518 0.11271742 0.09105297 0.04033265
0.46434833 0.00970956 0.00269699 0.01037163 0.07121093 0.23804354 0.11874078 0.28809996 0.08268508 0.15750749 0.09957196 0.08981293 0.04384344
0.45781631 0.00744917 0.00222229 0.00942809 0.08094859 0.23989746 0.11164984 0.28779098 0.08491635 0.16792832 0.10717523 0.08893916 0.03497198
0.45436965 0.00669036 0.00447974 0.00828003 0.05648455 0.23721596 0.12402789 0.28925089 0.07797083 0.16449874 0.10181281 0.09259358 0.04421522
0.45774850 0.00961986 0.00440075 0.01188339 0.05876266 0.24340533 0.12288577 0.29280538 0.08123639 0.15571781 0.10492028 0.08336125 0.03587022
0.45877788 0.00925544 0.00380184 0.00981611 0.04611556 0.24107121 0.12156471 0.29299119 0.08260160 0.14395409 0.10720010 0.09171385 0.03398791
0.45716983 0.00420333 0.00333420 0.00184235 0.01538757 0.24313118 0.12532290 0.29674395 0.08678336 0.14291330 0.10828912 0.08392659 0.03545917
0.44797992 0.00937576 0.00273041 0.00359569 0.02343172 0.24587824 0.11863228 0.29742496 0.09782104 0.13349314 0.11296364 0.08846440 0.03396026
0.44661314 0.00919566 0.00239154 0.01044574 0.04004339 0.24303577 0.11674523 0.29770469 0.09248990 0.13457484 0.11068380 0.08681931 0.03866234
0.45150282 0.01112378 0.00440694 0.01227770 0.03191096 0.24543149 0.13040827 0.29929084 0.08349319 0.14655004 0.10484818 0.08923383 0.03131294
0.44630234 0.00710291 0.00255501 0.00698289 0.05014367 0.24658547 0.11851652 0.29448753 0.08269640 0.16367733 0.10099702 0.09337675 0.03400500
0.44170748 0.00796893 0.00300466 0.00740295 0.05534968 0.24347350 0.11987471 0.29276842 0.07430516 0.16472784 0.09543231 0.08895040 0.03074875
0.44070568 0.00765433 0.00305156 0.00815972 0.05448476 0.24905193 0.11493557 0.29155994 0.07109284 0.15798402 0.09649469 0.08574342 0.03228233
0.44605941 0.00753571 0.00320618 0.00873615 0.05232840 0.24146103 0.11295662 0.29145802 0.08185829 0.14879356 0.10214318 0.08830731 0.03546212
0.44759872 0.01109800 0.00311397 0.01226647 0.05053284 0.25068608 0.12160747 0.28969456 0.08557574 0.13237094 0.10800250 0.08660074 0.04295010
0.44417770 0.01221287 0.00277878 0.01239084 0.04443510 0.24438166 0.11479268 0.29472251 0.08998113 0.12279493 0.11069640 0.08592610 0.04319445
0.44048578 0.01067899 0.00273641 0.01263578 0.06781393 0.24611533 0.11850018 0.28834203 0.08681013 0.12670514 0.10189591 0.09166811 0.03322917
0.43472935 0.00839342 0.00248638 0.01228616 0.06280322 0.25049578 0.11941651 0.29381190 0.08032635 0.13532641 0.10216760 0.08631652 0.05071320
0.43261218 0.00809668 0.00281266 0.00913518 0.06777349 0.24702517 0.11358894 0.29371042 0.07032388 0.14455946 0.10201725 0.09165587 0.03747441
0.42803628 0.01447150 0.00303708 0.01556514 0.06046975 0.24941396 0.12102088 0.29283160 0.06444139 0.15314926 0.09055262 0.08831065 0.04551633
0.42710364 0.00963875 0.00228578 0.00796081 0.05430202 0.24873690 0.12784655 0.29756620 0.07288092 0.15147526 0.09617569 0.08696519 0.04325427
0.42525143 0.00463257 0.00534686 0.00546023 0.04677820 0.24664438 0.12819248 0.29864488 0.08383687 0.14575554 0.10305959 0.08697647 0.03580791
0.42278939 0.00704707 0.00230842 0.00390203 0.05113254 0.24878258 0.12107145 0.30080568 0.08349767 0.12608026 0.10081965 0.08542913 0.03471516
0.42272637 0.01482924 0.00310694 0.01664497 0.04826937 0.24520928 0.12569170 0.29954636 0.08746186 0.11356268 0.10510059 0.08797816 0.03032862
0.42134995 0.00446386 0.00189313 0.00519363 0.03476596 0.24960592 0.12158312 0.29761366 0.08034819 0.11660963 0.10942078 0.08483826 0.03287046
0.41931146 0.01213980 0.00177591 0.01215310 0.03030489 0.24814882 0.12302577 0.29342945 0.07446529 0.12283056 0.09464773 0.08351734 0.04330606
0.41575540 0.00535873 0.00342385 0.00580440 0.03185436 0.24258073 0.11618319 0.29135802 0.06442055 0.14126858 0.10235911 0.08685945 0.04057568
0.41577964 0.00353079 0.00235371 0.00571065 0.00684698 0.24443160 0.11723063 0.29101844 0.06536060 0.14796010 0.08859922 0.08658527 0.04214416
0.41243663 0.00716017 0.00244189 0.00846500 0.01929726 0.23976490 0.11524757 0.28789482 0.06701571 0.15081857 0.09130768 0.08806013 0.04386229
0.40557070 0.00814683 0.00259828 0.00856108 0.01906220 0.24459654 0.11504752 0.29413760 0.06880514 0.14145862 0.10398550 0.08823059 0.04786422
0.40146168 0.01161788 0.00181912 0.01178212 0.05825491 0.24517744 0.11662035 0.29279675 0.08145217 0.12951213 0.10160860 0.08821445 0.03391825
0.39504027 0.00807646 0.00187613 0.00959440 0.07612277 0.25109325 0.11601413 0.29809276 0.08045658 0.11372368 0.10478770 0.08636872 0.04271739
0.40099311 0.00716149 0.00288455 0.00695020 0.05749196 0.24966546 0.11684597 0.30054012 0.08017717 0.11988207 0.12192342 0.08474431 0.03136050
0.39640217 0.00448735 0.00279949 0.00421549 0.04986940 0.25397017 0.11661261 0.30015607 0.08431398 0.12790849 0.09882470 0.08932220 0.03477154
0.39616488 0.00527583 0.00232649 0.00473180 0.03434753 0.25261994 0.11866089 0.30104244 0.07117918 0.14119628 0.09658066 0.08471714 0.03142051
0.39591084 0.00489992 0.00157682 0.00587918 0.05370764 0.25391175 0.11582852 0.29896746 0.06321339 0.15002995 0.09069851 0.08733690 0.03273896
0.39661306 0.00526773 0.00336071 0.00504539 0.04308347 0.24993392 0.12050587 0.29692594 0.06890028 0.15356997 0.08618355 0.08495647 0.03685704
0.39761482 0.01136611 0.00182691 0.00888143 0.04325147 0.25470784 0.11646749 0.29679069 0.07552187 0.14593019 0.10013820 0.08677426 0.03101764
0.39345405 0.00392504 0.00194317 0.00302834 0.03436142 0.24875597 0.11286960 0.29431164 0.07807922 0.13035849 0.10383184 0.08606110 0.03988349
0.39187874 0.00636283 0.00185123 0.00766346 0.06431293 0.25567384 0.11321972 0.29519280 0.08770253 0.11850242 0.09700436 0.08280572 0.03108228
0.39065351 0.00855481 0.00149826 0.01219115 0.05910188 0.25323250 0.10955288 0.29470940 0.08528259 0.11796828 0.10511533 0.08686190 0.03688635
0.39039091 0.01030269 0.00254700 0.00720988 0.04819147 0.25371120 0.10967734 0.29667329 0.08438945 0.13121244 0.10398534 0.08645396 0.03564778
0.39208751 0.01056938 0.00195097 0.01324428 0.05605669 0.25370589 0.11798520 0.29407237 0.08005276 0.13994361 0.09221030 0.08625247 0.03086853
0.39010968 0.00467809 0.00204426 0.00583874 0.04667614 0.25307552 0.11348703 0.29774809 0.07394926 0.14484040 0.09523142 0.08616506 0.03663810
0.38708778 0.00386270 0.00396161 0.00354621 0.02192269 0.25587538 0.12237347 0.29670635 0.07100060 0.15953802 0.09294907 0.08384609 0.03553569
0.38687365 0.00657939 0.00276134 0.00674543 0.02124684 0.25272805 0.12371121 0.29970193 0.07590803 0.15110214 0.09474536 0.08559009 0.03483913
0.38524021 0.00289775 0.00378601 0.00361836 0.04510426 0.25690203 0.12480445 0.30200189 0.07296090 0.12833426 0.10353021 0.09305218 0.03213302
0.38149776 0.01134425 0.00322270 0.01094129 0.05368518 0.25310652 0.11531109 0.30262677 0.07990714 0.12171784 0.09958641 0.08780416 0.04073039
0.37670672 0.00573038 0.00186159 0.00820313 0.05935715 0.25177381 0.11659342 0.30480274 0.08129701 0.12721939 0.10290166 0.08710426 0.06303354
0.37714346 0.00805975 0.00199971 0.01057761 0.04454915 0.24865884 0.11743619 0.30340433 0.07828433 0.13485115 0.10913799 0.08784730 0.03333230
0.37679464 0.00532974 0.00168135 0.00439995 0.02835463 0.24567902 0.12211265 0.30307788 0.07326491 0.13992290 0.09602473 0.08452149 0.04615143
0.37780827 0.00473339 0.00198113 0.00381743 0.02433015 0.24190746 0.11527994 0.30072893 0.07093175 0.14811535 0.09257679 0.08282900 0.03251104
0.37674942 0.00412246 0.00311910 0.00312647 0.03380836 0.24285409 0.11267650 0.29673686 0.07227362 0.14922827 0.09812576 0.08624736 0.03173423
0.37550137 0.00651908 0.00163190 0.00768229 0.03185088 0.23832461 0.11384446 0.29840473 0.07623042 0.13724008 0.09399383 0.08676148 0.04367569
0.36551606 0.00528448 0.00145466 0.00675870 0.04046824 0.24319962 0.11640016 0.29587770 0.07619544 0.12753317 0.11287659 0.08832485 0.03340198
0.36257048 0.00572732 0.00114343 0.00644700 0.04981322 0.24275727 0.11558025 0.29917981 0.07771270 0.12500431 0.10804790 0.08631951 0.03990965
0.35336402 0.00541893 0.00111965 0.00655678 0.04841822 0.24541320 0.12505615 0.30159835 0.07790061 0.12809386 0.10598388 0.08769335 0.04463996
0.35144818 0.01185040 0.00146450 0.01491562 0.03955823 0.24782530 0.12870683 0.30330902 0.07568741 0.13025514 0.10666191 0.08663084 0.03244959
0.35209147 0.01170448 0.00280499 0.01511009 0.04743945 0.25024533 0.12359010 0.30370254 0.07266993 0.13291605 0.09465844 0.08405155 0.03381333
0.35361197 0.00548388 0.00197567 0.00510751 0.04274368 0.25165492 0.11970189 0.30697323 0.06818413 0.13274063 0.09265004 0.08578531 0.03388311
0.35299968 0.00626832 0.00245895 0.00796892 0.04068883 0.25485147 0.11126236 0.30488190 0.06758957 0.13864393 0.09282858 0.08412940 0.04116617
0.34702094 0.01381912 0.00261666 0.01332694 0.03207307 0.25329130 0.11848399 0.30615729 0.06629635 0.13271868 0.09490265 0.08597185 0.06301667
0.34677465 0.01027052 0.00202129 0.01202332 0.04330497 0.25895714 0.11728733 0.30276792 0.07497072 0.12229988 0.09184207 0.08572123 0.03017834
0.34552307 0.01197756 0.00157381 0.01306204 0.05555013 0.25510774 0.11504803 0.30086594 0.07282195 0.11544507 0.09816640 0.08681814 0.03447719
0.35108562 0.01095382 0.00210407 0.01257702 0.03936200 0.26096327 0.10987606 0.30085182 0.07515959 0.12020602 0.09772069 0.08698788 0.04040026
0.34965994 0.00587715 0.00161533 0.00755161 0.04936103 0.25846257 0.11366151 0.29787123 0.07396042 0.12457931 0.09267992 0.08615797 0.03441355
0.34630469 0.01324095 0.00173555 0.01484780 0.03214851 0.25959735 0.11220899 0.29988807 0.06765918 0.13217416 0.08952111 0.08762632 0.03925186
0.34491019 0.00683194 0.00203271 0.00706454 0.04760368 0.26206145 0.10990360 0.29902509 0.06577228 0.14206536 0.09006812 0.08257716 0.03602690
0.33676901 0.00751959 0.00191763 0.01001088 0.02852776 0.25824527 0.11699932 0.30002737 0.06683346 0.13418262 0.09513466 0.08469724 0.04021732
0.33737758 0.01555717 0.00136687 0.01735825 0.06490329 0.26236627 0.11938139 0.30213524 0.07368151 0.12462870 0.09710440 0.08422675 0.03345766
0.33790720 0.00718494 0.00459870 0.00832362 0.04480332 0.25620167 0.11875324 0.30400740 0.07741750 0.11091051 0.10203957 0.09182427 0.03380074
0.33314183 0.01171047 0.00182803 0.01036605 0.03621144 0.25791104 0.12319011 0.30511457 0.07922767 0.11318701 0.09949290 0.08930617 0.04852778
0.33148268 0.01122939 0.00341930 0.01102330 0.04266266 0.25388580 0.11590556 0.30743770 0.07830160 0.12513492 0.09677794 0.08603774 0.03531958
0.33014467 0.01117261 0.00158334 0.01142776 0.04764165 0.25153240 0.12037248 0.30901387 0.06947439 0.12734612 0.09173431 0.08529421 0.04684984
0.32934382 0.00441192 0.00139203 0.00717002 0.05201129 0.24852303 0.12630221 0.30773527 0.06402232 0.13339433 0.09235237 0.08580948 0.04029024
0.32859977 0.00621050 0.00178341 0.00826829 0.06295517 0.24785228 0.11667035 0.30982592 0.06970161 0.13358081 0.09402856 0.08250492 0.03165373
0.32979688 0.00946773 0.00143978 0.00889658 0.07645761 0.24530928 0.11549007 0.30782349 0.07943106 0.11914140 0.10076961 0.08583108 0.05131876
0.32794794 0.00964826 0.00233834 0.00965905 0.03855646 0.25255665 0.12158115 0.30732205 0.08679389 0.12144265 0.09904217 0.08642920 0.04489425
0.32568054 0.00562696 0.00259776 0.00975118 0.04519532 0.24508938 0.11243875 0.30533462 0.07745647 0.12682273 0.09885562 0.08599517 0.03967536
0.32360618 0.01115363 0.00502072 0.01032606 0.05924758 0.25097120 0.11314815 0.30157941 0.07613981 0.13152385 0.09535260 0.08867912 0.03191011
0.32181250 0.00795502 0.00298610 0.00737510 0.06178664 0.25004674 0.11985586 0.30257594 0.06874328 0.13560265 0.09143305 0.09064832 0.03389184
0.31563530 0.00980778 0.00308248 0.01058034 0.04802967 0.24957591 0.11407970 0.30115549 0.07196609 0.13720631 0.10451359 0.08737340 0.03897417
0.31223233 0.00957799 0.00225077 0.01114789 0.04816162 0.25366395 0.11841979 0.30262777 0.07338535 0.13179472 0.09987966 0.08893259 0.03725207
0.31170581 0.01155073 0.00276972 0.01392432 0.04325783 0.25241574 0.12041250 0.30405319 0.07223870 0.12950828 0.09554549 0.08680903 0.03600439
0.31063811 0.01105513 0.00221917 0.00959230 0.07016563 0.25344497 0.11838163 0.30520160 0.06969736 0.12594706 0.09838985 0.08568984 0.03314813
0.30979840 0.00870683 0.00376180 0.01315818 0.05749665 0.25469340 0.11568300 0.30621279 0.07424315 0.12812705 0.09609717 0.09007941 0.03739542
0.30585031 0.00934770 0.00285559 0.00992841 0.02379003 0.25395855 0.11254264 0.30786734 0.07118071 0.13724544 0.09764273 0.09114935 0.03933758
0.30528540 0.00790833 0.00174181 0.00887568 0.05139180 0.25670734 0.11503996 0.30670520 0.06682598 0.13097595 0.09786229 0.08575912 0.04142147
0.30466567 0.01402958 0.00115625 0.01588226 0.06180140 0.25642906 0.11771456 0.30812049 0.06997606 0.12655263 0.08821375 0.08374643 0.04329372
0.30339107 0.01065117 0.00114208 0.01197463 0.07562189 0.25458555 0.11542012 0.30567404 0.06802799 0.12743814 0.09542468 0.08530523 0.03426757
0.30273269 0.01246896 0.00152525 0.01250960 0.08128456 0.25569616 0.11626381 0.30411178 0.07331731 0.11914068 0.09371897 0.08643126 0.05245818
0.30172812 0.01104591 0.00130392 0.01418547 0.06003033 0.25369259 0.12027818 0.30342998 0.07074915 0.11086249 0.09996665 0.08754644 0.03495189
0.30039613 0.01368723 0.00143604 0.01124977 0.05599274 0.25545192 0.12167463 0.30286184 0.08008012 0.11685082 0.09325357 0.08781155 0.03631350
0.30021836 0.00893567 0.00102388 0.00878775 0.05611540 0.25295454 0.12251534 0.30183044 0.07366958 0.12325644 0.09652943 0.08786524 0.04941946
0.30051732 0.00680687 0.00133724 0.00627483 0.05594101 0.25336225 0.12218059 0.30295710 0.07295649 0.12974311 0.09150233 0.08575122 0.03302178
0.30125314 0.00716718 0.00379467 0.00688706 0.04385223 0.24983073 0.11647800 0.30243653 0.06825767 0.12639770 0.09063172 0.08373158 0.03323165
0.30440896 0.01161569 0.00186740 0.01163512 0.06619560 0.24910322 0.11905114 0.30460395 0.07515743 0.12666432 0.08612744 0.08754340 0.03007501
0.30208376 0.01286542 0.00161367 0.01230336 0.03935837 0.24866388 0.12217725 0.30527756 0.06692116 0.12291185 0.09247033 0.08662049 0.03856185
0.29952736 0.01017202 0.00413295 0.01003737 0.04304411 0.25012854 0.11776549 0.30806982 0.06882399 0.11443109 0.09397697 0.09179371 0.03177954
0.29616622 0.00589965 0.00144347 0.00890846 0.03483110 0.25081321 0.11780525 0.30896787 0.07629669 0.11024681 0.09886596 0.08792805 0.03925792
0.29736626 0.00452319 0.00133180 0.00674094 0.05673735 0.24887808 0.12788881 0.30890051 0.07226131 0.11331855 0.09758847 0.08960250 0.03597626
0.28760211 0.01254651 0.00306304 0.01155943 0.06202166 0.24716275 0.11284827 0.30880921 0.06906996 0.12308437 0.09715004 0.08588645 0.03678410
0.28265477 0.01114414 0.00194206 0.01201627 0.05294955 0.25053107 0.12450647 0.30772938 0.06567457 0.12564986 0.08353017 0.08679281 0.02961463
0.28758415 0.00927586 0.00174897 0.00745533 0.05698303 0.24703576 0.11796667 0.30508803 0.05482380 0.12571242 0.08528026 0.08936383 0.03490914
0.29070852 0.01156897 0.00188311 0.01280639 0.06661713 0.25092172 0.11211461 0.30561636 0.07254393 0.12327640 0.08848754 0.08474984 0.03115075
0.29075060 0.00649306 0.00218168 0.00794905 0.05246981 0.24924341 0.11873764 0.30324309 0.07002609 0.12394122 0.09222111 0.09027825 0.03318389
0.28764370 0.00705740 0.00205264 0.00872801 0.06811686 0.25279544 0.11535057 0.30216047 0.08207086 0.10570406 0.09515203 0.08910937 0.04408454
0.28520981 0.01046889 0.00186948 0.00963377 0.05335276 0.25448834 0.11322795 0.30245332 0.07939018 0.10266203 0.10138773 0.09031971 0.03302526
0.27901965 0.00675639 0.00194271 0.01297529 0.06572487 0.25701811 0.11818373 0.30190585 0.07615616 0.11532004 0.09347689 0.09050886 0.03555939
0.27808166 0.01143035 0.00278907 0.01337232 0.04832156 0.25836802 0.11625406 0.30575381 0.06207798 0.14268656 0.09566402 0.08701195 0.04733346
0.27351204 0.00793036 0.00212136 0.00987437 0.05335659 0.25778467 0.11567761 0.30686673 0.06898269 0.14484199 0.08530050 0.08650700 0.03367099
0.26891814 0.00506429 0.00215472 0.00489496 0.05564752 0.25638426 0.11463989 0.30749710 0.06906531 0.13762830 0.08942849 0.08488596 0.03517809
0.26862914 0.01006143 0.00143634 0.01203779 0.06755961 0.25434503 0.11431010 0.31161493 0.07092839 0.12984602 0.09204892 0.08457033 0.03963211
0.26852878 0.01130382 0.00158974 0.01041672 0.04349812 0.25540596 0.11154544 0.31036436 0.07367512 0.11113788 0.09954194 0.08504603 0.04458736
0.25100654 0.01094723 0.00152386 0.01152158 0.06515779 0.25283063 0.12046677 0.30943355 0.07471253 0.10016720 0.09612471 0.08586198 0.05141394
0.25082538 0.00870709 0.00168312 0.00982856 0.03101890 0.25553593 0.11780633 0.30844272 0.07610901 0.10057474 0.10045462 0.08629872 0.03784645
0.24847800 0.01040140 0.00227714 0.01110968 0.03617118 0.25271474 0.11855450 0.30454680 0.07252767 0.11644838 0.09544160 0.08853075 0.03365938
0.24249090 0.00973742 0.00127021 0.01051590 0.05104106 0.25265469 0.11550340 0.30306309 0.06795709 0.12583869 0.09312383 0.08670832 0.03067598
0.24552425 0.00549626 0.00333552 0.00725825 0.06999018 0.24950424 0.10966554 0.30355188 0.06094995 0.13090609 0.08618322 0.08552716 0.03185637
0.24523381 0.00848593 0.00410329 0.00981754 0.06555405 0.24970740 0.10897948 0.30213627 0.07296586 0.13204806 0.09816938 0.09259916 0.03264309
0.24298549 0.00715037 0.00178854 0.00930768 0.05660274 0.24730282 0.11868457 0.30299491 0.06530001 0.13207068 0.08526491 0.08645635 0.03448697
0.24069872 0.00698042 0.00129998 0.00447450 0.06311418 0.24758094 0.10785219 0.30363707 0.07120232 0.11574775 0.09120639 0.08855315 0.03267711
0.23985379 0.00738994 0.00130756 0.00441378 0.05045916 0.24536331 0.11966819 0.30441476 0.07499179 0.11080105 0.09249011 0.08710993 0.03036167
0.23895981 0.00668490 0.00174152 0.00722600 0.05807047 0.24663930 0.11237190 0.30767757 0.09486903 0.11766817 0.10013631 0.09543503 0.03192629
0.23653279 0.01266645 0.00175876 0.01173770 0.05213947 0.24673521 0.11598033 0.30772969 0.07833545 0.12004923 0.10187494 0.08914713 0.03045294
0.23699576 0.00794125 0.00193837 0.00754306 0.05833481 0.24482517 0.11490730 0.31003172 0.07534634 0.12656670 0.09595011 0.09070910 0.03255182
0.23462657 0.00627390 0.00208037 0.00808314 0.05298096 0.24316694 0.11330127 0.31215587 0.07217234 0.13161567 0.09102410 0.09191734 0.03754353
0.23996686 0.01370827 0.00166824 0.01474960 0.03936399 0.24474024 0.11597390 0.31029103 0.07288413 0.13482909 0.09483634 0.08484272 0.03448865
0.23804309 0.00607284 0.00188104 0.00724250 0.06249634 0.24625542 0.12146309 0.30848784 0.06753663 0.12782404 0.08696665 0.08483222 0.05108324
0.23572793 0.01834010 0.00187345 0.01971776 0.05693431 0.24912444 0.10869759 0.30911495 0.07301458 0.11949074 0.09008389 0.08570076 0.03235383
0.24770342 0.01194653 0.00180825 0.01546832 0.07012412 0.25035641 0.11236141 0.30714681 0.06659935 0.11640896 0.09298863 0.08834767 0.04071294
0.24924852 0.00971283 0.00180188 0.01043783 0.05524965 0.25120158 0.11884776 0.30507704 0.07804778 0.11830232 0.09417533 0.08734207 0.03878709
0.24705411 0.01030775 0.00194651 0.01200485 0.05997217 0.25389227 0.11670462 0.30428790 0.07202733 0.12655170 0.09580146 0.08731652 0.03209222
0.24001486 0.00843001 0.00198916 0.00871818 0.04788835 0.25280741 0.12014326 0.30407154 0.07411518 0.12280604 0.09094912 0.08831984 0.04103237
0.23700515 0.01202218 0.00195792 0.01057383 0.06333581 0.25990604 0.11504300 0.30554482 0.07775690 0.12196034 0.08744527 0.10153488 0.03296522
0.23447813 0.00489763 0.00174237 0.00627253 0.04810347 0.25860783 0.11448641 0.30758782 0.06751869 0.11772198 0.09569858 0.08692771 0.05446915
0.22039347 0.00397904 0.00165667 0.00627012 0.04601095 0.25830195 0.11516827 0.30691153 0.06933692 0.11598195 0.09319445 0.08679980 0.03314297
0.22288492 0.01340253 0.00198267 0.01388877 0.02754797 0.25859805 0.11013719 0.31000137 0.07049345 0.11485798 0.09079958 0.08436367 0.02992975
0.21414003 0.00500196 0.00151996 0.00379498 0.05304852 0.25446222 0.11061482 0.31015335 0.06852495 0.11946529 0.09134636 0.08430314 0.03243824
0.20856731 0.00854724 0.00191713 0.00884228 0.03990128 0.25459615 0.11304783 0.31032955 0.07378727 0.12402669 0.08711149 0.08664377 0.02925725
0.20474035 0.00506815 0.00193162 0.00205791 0.05281333 0.25255520 0.10866439 0.31002664 0.06912419 0.11884652 0.09636657 0.08744652 0.03122756
0.20223512 0.00736822 0.00129651 0.00759684 0.06065880 0.25228227 0.11426490 0.31164565 0.06870536 0.11503454 0.09746854 0.08628757 0.02952529
0.20478775 0.00630415 0.00132953 0.00511513 0.03071546 0.25185835 0.11146684 0.30911375 0.07336289 0.11858133 0.08780204 0.09322539 0.04264187
0.20277398 0.00610751 0.00111854 0.00630847 0.03111525 0.25197398 0.11247165 0.30938513 0.08073914 0.11940652 0.09104691 0.08768188 0.04446963
0.19857736 0.00642899 0.00156542 0.00785740 0.04301538 0.24953060 0.11573855 0.30878379 0.07223492 0.11829225 0.09317933 0.08532495 0.03113174
0.20056062 0.00666952 0.00246734 0.00459797 0.04557639 0.24934138 0.11205659 0.30712435 0.07065657 0.12086771 0.09195468 0.08560465 0.03092729
0.19684230 0.00824402 0.00145835 0.01073420 0.03755249 0.24773959 0.11250121 0.30755628 0.06713197 0.13107805 0.09747572 0.09005471 0.03140775
0.19300375 0.01130188 0.00251797 0.01130302 0.05201588 0.24725855 0.12390253 0.30807028 0.07378300 0.13050923 0.08501031 0.08484814 0.03745705
0.19234256 0.00552492 0.00211145 0.00747711 0.05400387 0.24801294 0.11164302 0.30681535 0.06944691 0.12913374 0.09500685 0.08866856 0.05061078
0.18904174 0.00534379 0.00172313 0.00602474 0.04269234 0.24614213 0.11637826 0.30865427 0.07609360 0.11770149 0.09971096 0.08838894 0.03939821
0.18960255 0.00763732 0.00143113 0.00417242 0.02575047 0.24703226 0.12123773 0.30884106 0.07815706 0.11793944 0.10320669 0.09024609 0.04848509
0.18942245 0.01354055 0.00127267 0.01486328 0.05840156 0.24730769 0.11693946 0.31115332 0.07399429 0.11902669 0.09333373 0.08691679 0.02977691
0.18093406 0.01131152 0.00167306 0.00852410 0.06660961 0.25051015 0.11070663 0.31235734 0.07561141 0.11770081 0.09560207 0.08795966 0.04137159
0.18160419 0.01249983 0.00125598 0.01093655 0.06092442 0.25209307 0.11589200 0.31366079 0.08015463 0.12119695 0.08788359 0.08499152 0.03250536
0.18416890 0.00826294 0.00096221 0.01076966 0.07242781 0.25046608 0.10851476 0.31178877 0.06949230 0.12451378 0.09638951 0.08462778 0.03556867
0.18456545 0.00752706 0.00144630 0.00595285 0.04279705 0.25390469 0.11749766 0.31253941 0.07609144 0.12625488 0.08909768 0.08611063 0.04761964
0.18542787 0.00746797 0.00141262 0.00624278 0.02702739 0.25212322 0.11888032 0.30948171 0.08640287 0.12048471 0.09443383 0.08470155 0.03018908
0.18698650 0.00618372 0.00093880 0.00697379 0.04294538 0.25351449 0.11686489 0.30699903 0.07465762 0.11510742 0.09562886 0.08713925 0.03610436
0.18504840 0.01072932 0.00276510 0.00949060 0.05931251 0.25643907 0.11153434 0.30945238 0.07530081 0.11423132 0.09560906 0.08478452 0.03014024
0.18357514 0.00621096 0.00122040 0.00756694 0.05394494 0.25507428 0.11029827 0.30604955 0.07081375 0.12179460 0.08485884 0.08837343 0.03156921
0.18436931 0.01032613 0.00097361 0.00959605 0.04200633 0.25760964 0.10291626 0.30748032 0.06163164 0.12505425 0.09454433 0.08702141 0.03479242
0.17850507 0.00772142 0.00102643 0.00962069 0.06192559 0.25481411 0.11082169 0.30844070 0.06760910 0.12719942 0.08312847 0.08331039 0.04107202
0.17933295 0.00619048 0.00370321 0.00946856 0.07605974 0.25590708 0.10239354 0.30885422 0.07267222 0.12736763 0.08881233 0.08323659 0.04066940
0.17862964 0.00491412 0.00183365 0.00654517 0.04937615 0.25420459 0.10377969 0.31175047 0.07361815 0.11392886 0.09932105 0.08553165 0.03725516
0.18259129 0.00934589 0.00140488 0.01405703 0.05107841 0.25333182 0.10998911 0.31284268 0.07155876 0.10834713 0.10046869 0.08413858 0.03073526
0.17861867 0.00476347 0.00213657 0.00550187 0.04646006 0.25417096 0.11267638 0.31415471 0.07584073 0.11659014 0.10243494 0.08556003 0.02866150
0.17706409 0.00479256 0.00149287 0.00276102 0.03824958 0.25361935 0.11176289 0.31425150 0.07372284 0.12305035 0.09451364 0.08467741 0.03294144
0.17346736 0.00601159 0.00117981 0.00622173 0.04953273 0.25328117 0.11463361 0.31434635 0.06807616 0.12913938 0.08665373 0.08455794 0.03201298
0.17360489 0.00858241 0.00121418 0.01190534 0.04245777 0.25298481 0.10647806 0.31309058 0.06578132 0.13271324 0.08544747 0.08585445 0.03152735
0.16855088 0.01754312 0.00128006 0.01809227 0.04498607 0.25055853 0.11003491 0.31069833 0.06065622 0.12798790 0.08675570 0.08475123 0.05205557
0.16347852 0.00619057 0.00147470 0.00798454 0.03491213 0.25166065 0.11283308 0.31129728 0.06722831 0.11876750 0.09513224 0.08867371 0.04318612
0.16014213 0.00620919 0.00210954 0.00839556 0.04311913 0.24806346 0.11094405 0.30890013 0.07544474 0.10644058 0.10885729 0.08425234 0.03653693
0.15665407 0.00606012 0.00362062 0.00657673 0.06153215 0.25166496 0.11654803 0.30972645 0.07635367 0.10758652 0.09680802 0.08922718 0.04996252
0.16033371 0.00683234 0.00260166 0.00680843 0.04250149 0.24791817 0.11141993 0.30755970 0.07864636 0.11333683 0.10065263 0.08563218 0.03153211
0.16325118 0.00636071 0.00265635 0.00658447 0.04369641 0.25048878 0.11336450 0.30914953 0.07603037 0.12953926 0.09133223 0.08581202 0.03845589
0.16855190 0.01145695 0.00161554 0.01157537 0.04803271 0.25031824 0.12126982 0.30996389 0.06399060 0.13335336 0.08812175 0.08457748 0.03053285
0.16474039 0.00703186 0.00125473 0.00681734 0.04404313 0.25198845 0.11427411 0.31362067 0.06616359 0.12628359 0.09299081 0.08775175 0.03247094
0.16427953 0.00450766 0.00401073 0.00414784 0.02381723 0.25361974 0.11530416 0.31369084 0.07010136 0.12059209 0.09790031 0.08858481 0.03564263
0.16246875 0.00822570 0.00176587 0.01236087 0.05978302 0.25711830 0.11389743 0.31572465 0.07523279 0.11177146 0.09013981 0.08476179 0.04756091
0.15133783 0.00976986 0.00154372 0.01143694 0.05191855 0.25694620 0.10833632 0.31619480 0.07889197 0.11325041 0.09581538 0.08479189 0.03414041
0.14960727 0.01293231 0.00185525 0.01379286 0.08068918 0.25992457 0.10559239 0.31764120 0.07088049 0.11826725 0.09015402 0.08497155 0.03978506
0.14712316 0.01600088 0.00113944 0.01633692 0.06760176 0.25744976 0.10937541 0.31382743 0.07989993 0.12617984 0.08709608 0.08473188 0.03261200
0.13970962 0.01339336 0.00130612 0.01391511 0.06872602 0.26007307 0.10294874 0.31318747 0.08410266 0.12477306 0.09563650 0.08505238 0.03261135
0.13894215 0.00743915 0.00210729 0.00686405 0.05473872 0.25978269 0.11057611 0.31004620 0.07678216 0.12371229 0.09181340 0.08819333 0.03240890
0.13968727 0.00541161 0.00180870 0.00652671 0.04274722 0.25993687 0.11513131 0.30915048 0.07153452 0.11836561 0.09145412 0.08676290 0.03022101
0.13940120 0.01623593 0.00157673 0.01713016 0.05704206 0.26222472 0.10838538 0.30760227 0.07414408 0.12174258 0.09322813 0.08816287 0.02806570
0.14267891 0.00596970 0.00095786 0.00684544 0.07139602 0.25971131 0.10636151 0.30798150 0.07003105 0.11668079 0.09261789 0.08526823 0.02978818
0.14509966 0.00637836 0.00149843 0.00662015 0.04840850 0.25985996 0.09936563 0.30831849 0.07146054 0.11672726 0.09973550 0.08496502 0.03576985
0.14180558 0.00970075 0.00201734 0.01233075 0.05322212 0.26169473 0.10100915 0.31032463 0.07193376 0.11794741 0.10045420 0.08399588 0.03060378
0.13793537 0.00509891 0.00160093 0.00542852 0.03835020 0.25754992 0.11543390 0.31267743 0.06768574 0.12406195 0.08718753 0.08450504 0.03010990
0.13921313 0.00469584 0.00165736 0.00225983 0.03490456 0.25866974 0.10201515 0.31416671 0.06624513 0.12435506 0.09115916 0.08409437 0.03800152
0.13796221 0.00624775 0.00163683 0.00619480 0.04502436 0.25595561 0.10169032 0.31545520 0.06609525 0.12533759 0.09516883 0.08498639 0.02882547
0.13804689 0.00437042 0.00156526 0.00663774 0.02796870 0.25304861 0.10876824 0.31469034 0.07367195 0.12320125 0.08916423 0.08550538 0.04625696
0.13531456 0.00797765 0.00167434 0.00839519 0.04290021 0.25292187 0.10525927 0.31590502 0.06963747 0.11323149 0.09689364 0.08825879 0.04843214
0.13567685 0.00746203 0.00135881 0.00736329 0.05079687 0.25017441 0.10278209 0.31380280 0.07064067 0.11555050 0.09526398 0.08453419 0.05769817
0.13510485 0.00980323 0.00162604 0.00865065 0.05426587 0.24986440 0.11110632 0.31322328 0.07182541 0.11955981 0.08509300 0.08562974 0.03594982
0.13293746 0.00629012 0.00184728 0.00891767 0.06092404 0.24936042 0.10508732 0.31277825 0.06672873 0.13001215 0.09561878 0.08388622 0.03388687
0.13084075 0.00312245 0.00128701 0.00698440 0.03710938 0.24786222 0.11045107 0.31262047 0.06951294 0.12956021 0.09583165 0.08326240 0.02903859
0.12901708 0.00293457 0.00254446 0.00582532 0.04285496 0.24973989 0.10789428 0.31101502 0.06707766 0.12873187 0.08476992 0.08288679 0.03747205
0.12608975 0.00531347 0.00173363 0.00594909 0.04728869 0.24803543 0.10260583 0.31033225 0.07402446 0.12089471 0.10218236 0.08842474 0.03113796
0.12560290 0.00673108 0.00185587 0.00465094 0.04477149 0.25077070 0.11160003 0.31234070 0.08254398 0.11976086 0.09426201 0.08525657 0.03038051
0.12839975 0.00682146 0.00185681 0.00739255 0.04702179 0.25091183 0.11487964 0.31281935 0.07411091 0.11123717 0.09644764 0.08766146 0.02740616
0.13568109 0.00330268 0.00197439 0.00272849 0.03327522 0.25193868 0.10881342 0.31416483 0.06715046 0.11836622 0.10297134 0.08552049 0.02846027
0.13285974 0.00807947 0.00129091 0.00959244 0.03779876 0.25620687 0.11368392 0.31433205 0.07052463 0.13507564 0.08616019 0.08691437 0.03181883
0.13216313 0.01516911 0.00316058 0.01544607 0.03658839 0.25576084 0.10319789 0.31510657 0.06671235 0.14554064 0.09679913 0.08393907 0.03000767
0.13127408 0.00487142 0.00186600 0.00399295 0.02976343 0.26019422 0.10798140 0.31630764 0.06818009 0.13373349 0.09090242 0.08295255 0.02970886
0.13149713 0.00549692 0.00277500 0.00561152 0.03023996 0.26116960 0.10588726 0.31385608 0.07523294 0.12761523 0.09556763 0.08888974 0.02956697
0.13086873 0.01005273 0.00259015 0.01025639 0.03892193 0.26363702 0.10601343 0.31401559 0.07393499 0.12415979 0.09871702 0.08449704 0.03067269
0.13016489 0.01129584 0.00140094 0.01323200 0.04994634 0.26454651 0.10362235 0.31229407 0.07706216 0.11507202 0.09931308 0.08942482 0.02892396
0.13111661 0.00556408 0.00277931 0.00692380 0.03561128 0.26673471 0.11209695 0.30948736 0.07253599 0.11668425 0.08569568 0.08530528 0.03125273
0.12509819 0.00319738 0.00154306 0.00767203 0.03507558 0.26413482 0.09917614 0.30838048 0.06188521 0.12347861 0.08777701 0.08876018 0.04966164
0.12660006 0.00346132 0.00137908 0.00648888 0.03865700 0.26716945 0.09773959 0.30888759 0.06719327 0.12773623 0.08765447 0.08446838 0.02955607
0.12516722 0.00835530 0.00077044 0.00991938 0.04761754 0.26280218 0.09684819 0.30792251 0.06923332 0.12725593 0.09146420 0.08303014 0.03561969
0.12503034 0.00716136 0.00078172 0.00964455 0.07051667 0.26591342 0.09861972 0.31088735 0.07390721 0.11751749 0.08866920 0.08420247 0.03680437
0.12331934 0.00724697 0.00089731 0.00992755 0.06636519 0.25935325 0.09470008 0.31099735 0.07022976 0.11265507 0.08948405 0.08353566 0.02717162
0.11958562 0.00605464 0.00111226 0.00815892 0.05016814 0.25940621 0.09672580 0.31395253 0.07509058 0.11738932 0.09309339 0.08184833 0.04086398
0.12302253 0.00620108 0.00176299 0.00685778 0.05121358 0.25571661 0.08796673 0.31511320 0.07472691 0.11830749 0.10041374 0.08630291 0.03012364
0.12247028 0.00811269 0.00170792 0.00935661 0.05950711 0.25320471 0.09691389 0.31373458 0.06839158 0.12101593 0.08210837 0.08733949 0.04811107
0.12199800 0.01275574 0.00370794 0.01496619 0.06230562 0.25166909 0.09471492 0.31490618 0.06893856 0.13171122 0.08690942 0.08446125 0.02971891
0.12270995 0.01096829 0.00138859 0.01243929 0.06452827 0.24883874 0.10057317 0.31391690 0.06374360 0.14031260 0.08734344 0.08517003 0.03319579
0.12695832 0.00737445 0.00163248 0.00982956 0.07036737 0.24803470 0.10847783 0.31438290 0.06155230 0.13680004 0.08898883 0.08582073 0.04777928
0.12552948 0.00815862 0.00193449 0.01348461 0.03847071 0.25098000 0.10272682 0.31306927 0.06922050 0.12410544 0.09198973 0.08570426 0.03627232
0.12490033 0.00420021 0.00160385 0.00308764 0.05523486 0.24891990 0.10855783 0.31440969 0.06965575 0.10819036 0.09845660 0.08295907 0.04385695
0.12462808 0.00978689 0.00083240 0.01275110 0.05673780 0.24868992 0.11970418 0.31225653 0.07744467 0.10672761 0.09714800 0.08633224 0.03722230
0.12239393 0.00816314 0.00203030 0.01129440 0.06010240 0.24822487 0.10941381 0.31149701 0.06886869 0.10931967 0.09544684 0.08569065 0.05003525
0.11943922 0.01073752 0.00335657 0.01431198 0.06189147 0.24890393 0.11592468 0.30947267 0.06175045 0.11829032 0.08560924 0.08671425 0.02871567
0.11699829 0.00969259 0.00266444 0.01271212 0.05764324 0.25140924 0.10764451 0.31040888 0.05915723 0.13137968 0.08724668 0.08736096 0.04042754
0.11559902 0.00294799 0.00162657 0.00471696 0.01863011 0.25166728 0.10392106 0.31161757 0.06697636 0.13463499 0.09565154 0.08542976 0.03807220
0.11642094 0.00342707 0.00166257 0.00546014 0.03069106 0.25633406 0.11213584 0.31062826 0.06871322 0.12655693 0.08261697 0.08755591 0.03458836
0.11671449 0.00231872 0.00164992 0.00456211 0.02961879 0.25604778 0.10563330 0.31416336 0.06284160 0.11218795 0.09630437 0.08199335 0.04327625
0.11670935 0.00808753 0.00149514 0.00855340 0.02639066 0.26232381 0.10599280 0.31435442 0.07260325 0.10413880 0.08865563 0.08450896 0.02828319
0.11643819 0.00704053 0.00151453 0.00818455 0.03950680 0.26470673 0.10663465 0.31332294 0.07146120 0.10420131 0.10383980 0.08487909 0.02828852
0.11647066 0.00452092 0.00126622 0.00311298 0.03842260 0.26673056 0.10511148 0.31511689 0.08245975 0.10863777 0.08990937 0.08028407 0.02804900
0.11099268 0.00981105 0.00204978 0.00713903 0.01905569 0.26678908 0.09907954 0.31248245 0.07361358 0.11920050 0.08884714 0.08412302 0.02820486
0.10983390 0.00926334 0.00160026 0.01179093 0.04659245 0.26497218 0.10591405 0.31261428 0.06010773 0.13296080 0.07482463 0.08124549 0.02819838
0.10896179 0.01429389 0.00121853 0.01292499 0.04842372 0.26579429 0.10208154 0.30931517 0.05648330 0.13706245 0.09017950 0.08407763 0.02804442
0.10855051 0.00518297 0.00111398 0.00560774 0.02973815 0.26238153 0.10360756 0.31098050 0.06516296 0.12500931 0.08344532 0.08225623 0.02825303
0.10741320 0.00823535 0.00125576 0.00978074 0.02794877 0.26059366 0.10700954 0.31108003 0.06274973 0.10435738 0.09659055 0.08595593 0.04322222
0.10618591 0.00467712 0.00094859 0.00705178 0.05377034 0.26005398 0.09787797 0.31006266 0.07281311 0.09694567 0.08806499 0.08594729 0.03896187
0.10561563 0.00480225 0.00089036 0.00462546 0.04628345 0.25758825 0.09448765 0.30995131 0.07307831 0.10323306 0.09630740 0.08271814 0.04538063
0.10563900 0.00377207 0.00366563 0.00402835 0.01289984 0.25473236 0.09750130 0.31176427 0.06460056 0.11129652 0.09297188 0.08394518 0.04331284
0.10677456 0.00300486 0.00223348 0.00469223 0.00729410 0.25332931 0.09388719 0.31101000 0.05941718 0.12125757 0.08531125 0.08409657 0.03614197
0.10764449 0.00884314 0.00130269 0.00990437 0.04180076 0.25206234 0.10239752 0.31174724 0.05853168 0.13115951 0.07942573 0.08288437 0.04340426
0.10849895 0.00244542 0.00360965 0.00457330 0.03636853 0.25230013 0.10086454 0.31213509 0.05936190 0.13242300 0.08703461 0.08735640 0.04055208
0.10943341 0.00489913 0.00163641 0.00705420 0.04362547 0.25159592 0.09986386 0.31265457 0.06120416 0.12002095 0.09045344 0.08367591 0.03371152
0.10788582 0.00766870 0.00117209 0.00560610 0.03508367 0.25239410 0.10617693 0.31292283 0.06674120 0.10425671 0.09082337 0.08567088 0.04592770
0.10795474 0.00722427 0.00132882 0.00697304 0.04881902 0.25036445 0.10591577 0.31369550 0.07648756 0.09828970 0.10166837 0.08714814 0.03010759
0.10692647 0.00292031 0.00142502 0.00421643 0.04192985 0.25088486 0.10441273 0.31306322 0.07490980 0.10004759 0.09062081 0.08529296 0.04179696
0.10482038 0.00256009 0.00137116 0.00377744 0.03067621 0.25452312 0.10671902 0.31424176 0.06252237 0.11092283 0.09131169 0.08686607 0.02960429
0.10441202 0.00913804 0.00113456 0.00487441 0.02363231 0.25030964 0.10746867 0.31264724 0.07770635 0.12399997 0.08328528 0.08157539 0.03797949
0.10335777 0.00428552 0.00229841 0.00319672 0.00717561 0.25293487 0.10581720 0.31149466 0.06277583 0.13043070 0.07744335 0.08485327 0.02907301
0.09887469 0.00464678 0.00226018 0.00155011 0.00406210 0.25220451 0.10313821 0.31071580 0.06018346 0.12842962 0.07883618 0.08393501 0.03491106
0.09769888 0.00312205 0.00104032 0.00341711 0.03631507 0.25460590 0.10187956 0.30891629 0.06410061 0.10696774 0.08888026 0.08333747 0.02682080
0.09657000 0.00432320 0.00097993 0.00478445 0.05253182 0.25523783 0.10853684 0.30832150 0.06746876 0.09640456 0.08325352 0.08505177 0.03254710
0.09579484 0.00544628 0.00127804 0.00749049 0.04019438 0.25469522 0.10246851 0.30925522 0.06470944 0.09588109 0.09867947 0.08872918 0.02648888
0.09472356 0.00294798 0.00196375 0.00216140 0.03917961 0.25662951 0.10463979 0.30900257 0.06572136 0.10548199 0.07829442 0.08624893 0.02840330
0.09321938 0.01863053 0.00157400 0.01881589 0.02534448 0.26059654 0.10435937 0.31114698 0.05479518 0.11495427 0.08314961 0.08256729 0.02826256
0.09177523 0.00352653 0.00128820 0.00503340 0.03445362 0.26102860 0.10609016 0.31209391 0.05316826 0.11479789 0.08193936 0.08209365 0.02789578
0.08393070 0.00677602 0.00102663 0.00779771 0.06054835 0.26430459 0.10860832 0.31335428 0.05410639 0.11587793 0.07713530 0.08050554 0.02971880
0.08237291 0.00471899 0.00309218 0.00640720 0.03718894 0.26232483 0.10815205 0.31418920 0.05438326 0.10766250 0.08916251 0.08817675 0.03830943
0.08381621 0.01233534 0.00166363 0.01508363 0.04107328 0.26330646 0.10919405 0.31230074 0.06682748 0.09896238 0.08801091 0.08361603 0.03198459
0.08320540 0.00775555 0.00171458 0.00667071 0.04335388 0.26112747 0.10553512 0.31302536 0.07566579 0.10165175 0.08337219 0.08560852 0.03280007
0.08138733 0.01339138 0.00138370 0.01305171 0.04579315 0.26051927 0.11004387 0.31008091 0.06230776 0.09777343 0.09599455 0.08572126 0.03129421
0.08177469 0.00924537 0.00101209 0.00497050 0.03041212 0.25938486 0.11153409 0.31024029 0.07269627 0.09729149 0.08200692 0.08764549 0.03222764
0.08188855 0.00492305 0.00318839 0.00491050 0.02881556 0.25657265 0.10809210 0.30731222 0.05843054 0.11219596 0.08233569 0.08421148 0.03457918
0.08086714 0.00543828 0.00124641 0.00733893 0.03960154 0.25599228 0.10443572 0.30897867 0.05257248 0.11822773 0.08823792 0.08348031 0.02952525
0.07943720 0.00596723 0.00112051 0.00714761 0.04585248 0.25437366 0.10481122 0.30934084 0.06015307 0.11648792 0.08068901 0.08248099 0.03339884
0.07885596 0.00963829 0.00120891 0.01060552 0.05948194 0.25253940 0.10929105 0.30917013 0.06139338 0.10878366 0.08327116 0.08565910 0.02789950
0.07827323 0.00827050 0.00098806 0.00690138 0.05629209 0.25376777 0.10102516 0.31216812 0.06201323 0.09812193 0.09551108 0.08649487 0.03475258
0.08034005 0.00931184 0.00085903 0.01299491 0.05578134 0.25354445 0.10820425 0.31130155 0.06708740 0.09248449 0.08342441 0.08591466 0.02921031
0.08294654 0.00523252 0.00088341 0.00515788 0.05119015 0.25188788 0.11548363 0.31213988 0.06144365 0.09481289 0.09130044 0.08565734 0.03075983
0.08083578 0.00656088 0.00077738 0.00381119 0.03718977 0.25145798 0.11069197 0.31353005 0.06473808 0.09872074 0.08815637 0.08655678 0.03030441
0.08200941 0.00668184 0.00082023 0.00559298 0.03560314 0.25150886 0.11421528 0.31342663 0.05870323 0.10642862 0.07923691 0.08302077 0.02854153
0.08239978 0.00411369 0.00066791 0.00241010 0.02446400 0.24946407 0.10938662 0.31491857 0.05939921 0.11594062 0.08303531 0.08295447 0.02905677
0.08081650 0.00832305 0.00090544 0.00873244 0.02504518 0.25114099 0.10612448 0.31352850 0.05931584 0.11456123 0.08890440 0.08351092 0.03030147
0.07967667 0.00465154 0.00238128 0.00690060 0.02659578 0.24953256 0.10887325 0.31303937 0.07321565 0.10543850 0.07709156 0.08221055 0.02974907
0.07401605 0.00285412 0.00070938 0.00439684 0.01929885 0.25212721 0.10912687 0.31134064 0.05776034 0.10126441 0.08987896 0.08404699 0.02986150
0.07405650 0.01426534 0.00071327 0.01415719 0.03718317 0.25327053 0.10844067 0.31022185 0.07178902 0.08823706 0.08657290 0.08643849 0.03615340
0.07582409 0.00411641 0.00171352 0.00445758 0.00537710 0.25386089 0.10724845 0.30826908 0.07466638 0.08208272 0.08056463 0.08567010 0.06028335
0.07600629 0.00946538 0.00066020 0.00849886 0.02006357 0.25750763 0.10178810 0.30787280 0.06052640 0.08392993 0.08485777 0.08630778 0.03552862
0.07477297 0.00341008 0.00069700 0.00282081 0.03661405 0.25819442 0.10282708 0.30813805 0.05339094 0.09687841 0.08142597 0.08539006 0.02671119
0.07478893 0.00356832 0.00109036 0.00387750 0.02166763 0.26301208 0.11361712 0.30905189 0.05006598 0.11058793 0.07127735 0.08271487 0.02751860
0.07437941 0.00653917 0.00190904 0.00787792 0.02960056 0.26123204 0.10909269 0.30997701 0.04441539 0.11424717 0.07897094 0.08219536 0.02719853
0.07477173 0.01280808 0.00150456 0.01302918 0.01560684 0.26455240 0.11756620 0.31257481 0.05737514 0.10697383 0.07343006 0.07974248 0.02702622
0.07537193 0.00281027 0.00088676 0.00061424 0.00114325 0.26139516 0.11202405 0.31243414 0.06337597 0.09157043 0.08706776 0.08168725 0.02977352
0.07545380 0.00215417 0.00075374 0.00086745 0.04439427 0.26256926 0.10823622 0.31421880 0.06307049 0.07787464 0.09291767 0.08304493 0.02962596
0.07457652 0.00542321 0.00055850 0.00642121 0.04332563 0.26021683 0.10932456 0.31144139 0.06482848 0.07432496 0.09080503 0.08374144 0.03132565
0.07608768 0.00765166 0.00124656 0.00816955 0.05753361 0.25938511 0.11774616 0.31234595 0.05561698 0.08063328 0.09031926 0.08597130 0.03254054
0.07464615 0.00588822 0.00115299 0.00670679 0.04791181 0.25600317 0.11199690 0.30975253 0.04764060 0.10004407 0.08164352 0.08573466 0.04301087
0.07486617 0.00600081 0.00146156 0.00655830 0.05058679 0.25334507 0.10990432 0.30886700 0.04857737 0.11935915 0.06711735 0.08560119 0.03002484
0.07503357 0.00809650 0.00387727 0.00801874 0.04327041 0.25328566 0.10072866 0.30900952 0.05269816 0.11576472 0.07987120 0.08406214 0.03097951
0.07489565 0.00475972 0.00179735 0.00283809 0.02233252 0.25333751 0.10733803 0.30900120 0.05624586 0.10926957 0.08164831 0.08478025 0.02833736
0.07349478 0.00848558 0.00219622 0.01030569 0.03303457 0.25117972 0.10126460 0.31111516 0.06486688 0.09643679 0.09104060 0.08113521 0.03989607
0.07445854 0.00235060 0.00149990 0.00238022 0.01389611 0.25296767 0.10639048 0.31191643 0.06294792 0.08452478 0.09299537 0.08430540 0.03610534
0.08628585 0.00795683 0.00099868 0.00707789 0.01975039 0.25228354 0.10793701 0.31260686 0.06332433 0.08118533 0.09060319 0.08443865 0.04590736
0.08812917 0.00378894 0.00160739 0.00576987 0.00567170 0.25414559 0.11212216 0.31329965 0.06704353 0.09250456 0.08615867 0.08182502 0.03715002
0.08632477 0.00567374 0.00141205 0.01124170 0.03531253 0.25327345 0.10456328 0.31157366 0.05209576 0.10218932 0.08471622 0.08465115 0.05700871
0.08481254 0.00760889 0.00085841 0.00732355 0.04926119 0.25332430 0.11125473 0.31265563 0.05026313 0.11668408 0.08062711 0.08316214 0.03060295
0.08524520 0.00484647 0.00183817 0.00655927 0.03833123 0.25128186 0.10615223 0.31219193 0.04955606 0.13170570 0.09153995 0.08653969 0.04158380
0.08509173 0.00590329 0.00160498 0.00552960 0.03667636 0.25189831 0.10625309 0.31242433 0.05777136 0.12197780 0.08089080 0.08294825 0.04501862
0.08431042 0.00245396 0.00190588 0.00258559 0.00276535 0.25388596 0.10560063 0.31405754 0.06409462 0.10038735 0.08843217 0.08449896 0.03288523
0.08360953 0.00703261 0.00121618 0.00613052 0.05073478 0.25082067 0.10188584 0.31125604 0.06884815 0.08197909 0.09519836 0.08582044 0.02883795
0.08483152 0.01308272 0.00288931 0.01360573 0.02448380 0.25187581 0.09917488 0.31089405 0.07654436 0.08309057 0.09527810 0.08519192 0.02721246
0.08568202 0.00938310 0.00183550 0.00605073 0.03975831 0.25428818 0.10331852 0.30844636 0.07281579 0.08968776 0.08203629 0.08565035 0.02730415
0.08595811 0.01186118 0.00135113 0.01162064 0.06771258 0.25266178 0.09872929 0.30765702 0.05035677 0.11297673 0.07367626 0.08372558 0.02674598
0.08581118 0.00666646 0.00322931 0.00615248 0.05550390 0.25352311 0.10058528 0.30816235 0.05205121 0.12785139 0.06694684 0.08621940 0.03060867
0.08565958 0.01256874 0.00169499 0.01664588 0.05323441 0.25550543 0.10102522 0.30832131 0.05124071 0.13246000 0.06712812 0.08487845 0.02642848
0.08607754 0.01275789 0.00127931 0.01284107 0.02380050 0.25640760 0.10115215 0.31037810 0.05819744 0.11709299 0.08559622 0.08201000 0.02719653
0.08622194 0.00471164 0.00101590 0.00424363 0.04078827 0.25627632 0.11017682 0.31204230 0.06414573 0.09384130 0.08681365 0.08348028 0.02733260
0.08582791 0.00675216 0.00177900 0.00824879 0.04425150 0.25681729 0.11120007 0.31416756 0.07416241 0.07983273 0.09342001 0.08450971 0.02754119
0.08516540 0.00383844 0.00176227 0.00196488 0.03104379 0.25625258 0.10555893 0.31624068 0.07348755 0.08408901 0.09681943 0.08692333 0.02877129
0.08478420 0.00940564 0.00136145 0.00984810 0.04255108 0.25792766 0.10606238 0.31545191 0.06103325 0.09667644 0.08389194 0.08450236 0.03026393
0.08289927 0.00629968 0.00112286 0.00700311 0.05965025 0.25398510 0.10302319 0.31383930 0.05552394 0.12226535 0.07755651 0.08366831 0.03014887
0.08305285 0.00558400 0.00168056 0.00318808 0.03839431 0.25468346 0.11055886 0.31116558 0.04922764 0.13183842 0.07602528 0.08517892 0.03133121
0.08425660 0.00504305 0.00113342 0.00478776 0.02910996 0.25175193 0.11447567 0.31045705 0.05670914 0.12820108 0.07301533 0.08474824 0.02871311
0.08342014 0.00393371 0.00162490 0.00184882 0.01883967 0.25483242 0.10217383 0.30904428 0.06073877 0.11674932 0.08915445 0.08565610 0.02767509
0.08294817 0.00655758 0.00117582 0.00649707 0.05697989 0.25186728 0.10687189 0.30901749 0.07380432 0.09495718 0.09186285 0.08546583 0.02620815
0.08295801 0.00573888 0.00137826 0.00786557 0.04696768 0.25210284 0.10117252 0.30926925 0.06987544 0.08055114 0.10106956 0.08399008 0.02755853
0.08250071 0.00442122 0.00360688 0.00194569 0.04135115 0.25409198 0.10580662 0.30972128 0.06791917 0.07729171 0.08991702 0.08627239 0.02674708
0.08224662 0.00643909 0.00154809 0.00862486 0.05484870 0.25506341 0.10581702 0.31131122 0.06032983 0.09381223 0.07816652 0.08379300 0.02713102
0.08179135 0.00826668 0.00117727 0.01098752 0.06609092 0.25398293 0.11440889 0.31379636 0.05401491 0.11636986 0.07092648 0.08537659 0.05189376
0.08178122 0.00451691 0.00142986 0.00894394 0.06480207 0.25627224 0.10321113 0.31513431 0.04855069 0.12464559 0.08491845 0.08615335 0.04048393
0.08182161 0.00701017 0.00155915 0.00810692 0.05438264 0.25069878 0.11453962 0.31583249 0.05351216 0.11492168 0.07469514 0.08414226 0.04873582
0.08200338 0.01275107 0.00103571 0.01499910 0.05793093 0.25303099 0.10978318 0.31603939 0.06061318 0.09772100 0.08813987 0.08757514 0.03977014
0.08271559 0.00695344 0.00156774 0.00690644 0.05987005 0.24943274 0.11578517 0.31749859 0.06586439 0.08490809 0.09279196 0.08385328 0.04327401
0.08322213 0.00669256 0.00188014 0.00602286 0.04641126 0.25191229 0.10912036 0.31523774 0.07198986 0.08643972 0.09070343 0.08475546 0.03955708
0.07135986 0.00860691 0.00202788 0.00721480 0.05653244 0.25243326 0.10965063 0.31463940 0.06615371 0.09412315 0.08887895 0.08581853 0.03069422
0.06544241 0.00814233 0.00148464 0.00721417 0.06281536 0.25161420 0.10350875 0.31242736 0.05987965 0.09245178 0.08730631 0.08619285 0.03146926
0.06489888 0.00598798 0.00137826 0.00702595 0.04758694 0.25397331 0.10317829 0.31029953 0.05940759 0.11129837 0.07951430 0.08876694 0.03690878
0.06339788 0.00578218 0.00111229 0.00629856 0.06500475 0.25530636 0.09770203 0.30915825 0.05491184 0.11526582 0.08641439 0.08440656 0.02929863
0.06256025 0.00417633 0.00413987 0.00577064 0.03800631 0.25477563 0.11323462 0.30775117 0.05013317 0.11787936 0.07898262 0.08604253 0.02884594
0.06129223 0.00437995 0.00133049 0.00459813 0.03166827 0.26012296 0.10980773 0.30923076 0.05733500 0.11057269 0.07798519 0.08393886 0.02619685
0.06051782 0.00682393 0.00123160 0.00502393 0.04823947 0.25954668 0.10325003 0.31004627 0.06224486 0.09789425 0.08372368 0.08673560 0.02704113
0.05979022 0.00249952 0.00122411 0.00213418 0.03518798 0.26318575 0.09779026 0.31139645 0.06302645 0.08616743 0.08692709 0.08345813 0.02867458
0.05902319 0.00365761 0.00113945 0.00434752 0.04407917 0.26174142 0.10227986 0.31345328 0.06199272 0.07974534 0.08859640 0.08202451 0.02709657
0.05789270 0.00834418 0.00166222 0.01028275 0.03971697 0.26100231 0.09828750 0.31434800 0.05676809 0.09787767 0.08381726 0.08367842 0.02759162
0.05717516 0.00524801 0.00126021 0.00421930 0.03953452 0.25968703 0.10659956 0.31577204 0.05714696 0.10842633 0.06993182 0.08574373 0.02671173
0.05777098 0.00730654 0.00097176 0.00684841 0.05240094 0.25762293 0.09984239 0.31429397 0.05305646 0.11688795 0.07399983 0.08229926 0.03707339
0.05759315 0.00663820 0.00114414 0.00587524 0.03832344 0.26014848 0.10490335 0.31386010 0.04981143 0.11547664 0.07255992 0.08358009 0.04091000
0.05856222 0.00420832 0.00221023 0.00440409 0.03253736 0.25364776 0.10516874 0.31221758 0.05008597 0.10376680 0.08278426 0.08458184 0.02950535
0.05817508 0.00400172 0.00177995 0.00533513 0.04442752 0.25475687 0.10694900 0.31252565 0.06105714 0.08393831 0.08912062 0.08638162 0.03466971
0.05818621 0.00164054 0.00264302 0.00266771 0.01803345 0.25346014 0.10785127 0.30999806 0.06412390 0.06909033 0.08941580 0.09120264 0.02646254
0.07318428 0.00242836 0.00141357 0.00356588 0.00632955 0.25138664 0.10649353 0.30951403 0.06305029 0.07843520 0.08607094 0.08349193 0.03356592
0.06999017 0.01451267 0.00069437 0.01446412 0.03240792 0.25026171 0.10348767 0.30890374 0.06826966 0.09559575 0.08097116 0.08504005 0.03224652
0.07025309 0.00271314 0.00068529 0.00492409 0.02526303 0.24923331 0.11992981 0.30854355 0.04675845 0.11209349 0.07917463 0.08416795 0.03915447
0.06897467 0.00241081 0.00127070 0.00669273 0.00410924 0.24866810 0.11430908 0.31023995 0.05313546 0.11467433 0.07759392 0.08468708 0.04610488
0.06964056 0.00532019 0.00118851 0.00678085 0.02829205 0.25010900 0.11153581 0.31238855 0.05087749 0.11462057 0.08544299 0.08642850 0.04476392
0.06918988 0.01199153 0.00100453 0.01371740 0.04299363 0.24590509 0.11735291 0.31450196 0.06681743 0.09739761 0.08268467 0.08460728 0.03804630
0.06954219 0.00946928 0.00092268 0.00772259 0.04846996 0.25015461 0.11411453 0.31623478 0.06525027 0.08333049 0.09329894 0.08771073 0.03344246
0.06629727 0.00711300 0.00153009 0.00799540 0.05475300 0.24725222 0.12111004 0.31717148 0.05939148 0.08594542 0.09528195 0.08537504 0.03116187
0.06413999 0.00649200 0.00090246 0.00464687 0.04664682 0.24896290 0.11976153 0.31675776 0.05796460 0.09169342 0.08051753 0.08485014 0.03143559
0.06434564 0.00631522 0.00077617 0.00824258 0.05448350 0.24877159 0.11070083 0.31646351 0.05917174 0.10158795 0.08221829 0.08237431 0.02863081
0.06434381 0.00356902 0.00199787 0.00311974 0.02277499 0.24870591 0.11086782 0.31392474 0.06113537 0.11595600 0.08320145 0.08355013 0.03072525
0.06399102 0.00390095 0.00094864 0.00275056 0.02492097 0.25081123 0.10715397 0.31183932 0.05741683 0.11173246 0.07926008 0.08491410 0.02850215
0.06315369 0.00735404 0.00062860 0.00357750 0.02665289 0.25070315 0.10597505 0.31030715 0.06654766 0.10164418 0.08573461 0.08468634 0.02802592
0.06329867 0.00643410 0.00121803 0.00681709 0.03218024 0.25344733 0.10698616 0.30743885 0.06066365 0.10211666 0.08599267 0.08653077 0.02732513
0.06325346 0.00727677 0.00218735 0.01144430 0.02507108 0.25545162 0.10345270 0.30856680 0.06187527 0.10668828 0.08795748 0.08439086 0.02615160
0.06366463 0.00211131 0.00176712 0.00128132 0.02388136 0.25702951 0.10077908 0.30928883 0.06144487 0.10090106 0.09663606 0.08942509 0.02624626
0.06419617 0.00532621 0.00184170 0.00302024 0.04241443 0.25898028 0.10218462 0.31022819 0.06845794 0.10462522 0.07867585 0.08318978 0.02624288
0.06525524 0.01577100 0.00097277 0.01500711 0.04017013 0.25973100 0.10707026 0.31368501 0.07194944 0.10403788 0.08342689 0.08361793 0.02812650
0.06619913 0.00652904 0.00073731 0.00725049 0.04486776 0.25881669 0.10524914 0.31321345 0.06399514 0.10811566 0.08545894 0.08405111 0.03478276
0.06470554 0.00751958 0.00383399 0.00653767 0.02818896 0.25913593 0.10574051 0.31443893 0.05916704 0.10534694 0.08097118 0.08472864 0.03337439
0.06307813 0.00751968 0.00163906 0.00745638 0.05476392 0.25639718 0.10933274 0.31436246 0.05580514 0.09668235 0.08920845 0.08475377 0.03356672
0.06332879 0.00756022 0.00112954 0.00641257 0.04119720 0.25484309 0.10925620 0.31216713 0.06022647 0.09562597 0.09104638 0.08655708 0.03101319
0.06369569 0.00336631 0.00108314 0.00283946 0.03520474 0.25463969 0.11475231 0.31207919 0.06352226 0.09681358 0.08477532 0.08519664 0.02932371
0.06329776 0.00416766 0.00082563 0.00711232 0.04770533 0.25231836 0.10691122 0.31183866 0.05773776 0.09809035 0.08850233 0.08572314 0.02847985
0.06201395 0.00719276 0.00086718 0.01021887 0.03690460 0.25072987 0.10699441 0.31019337 0.05690824 0.09601089 0.09062327 0.08720084 0.03743594
0.06098262 0.01244324 0.00390397 0.01288656 0.03589311 0.24980471 0.11500121 0.30908286 0.05868206 0.10090389 0.07449042 0.08519637 0.03109342
0.06052802 0.01181132 0.00099865 0.01145202 0.04323296 0.24796725 0.10285839 0.30950441 0.05952161 0.10429966 0.08805185 0.08450216 0.03371431
0.06086021 0.01108091 0.00081746 0.01114545 0.04471219 0.24555294 0.11252608 0.30808155 0.05222047 0.10232559 0.08154763 0.08357965 0.04307394
0.06124741 0.00259189 0.00189318 0.00410418 0.02881691 0.24578726 0.11099530 0.30874881 0.05280598 0.09695373 0.09026424 0.08744148 0.02781599
0.06141704 0.00194805 0.00127320 0.00379320 0.03012713 0.24372256 0.11403044 0.30895635 0.05551998 0.09183133 0.08638333 0.08581289 0.03028493
0.06095677 0.00376548 0.00142854 0.00263746 0.05166161 0.24336761 0.10962716 0.31106369 0.06125941 0.09514519 0.08627471 0.08564227 0.02970106
0.06069411 0.00500480 0.00260940 0.00754270 0.04680327 0.24220144 0.11481243 0.31219290 0.06133454 0.09207255 0.08315791 0.08486425 0.02967350
0.06074445 0.00913645 0.00136250 0.00854818 0.03308820 0.24306577 0.11024600 0.31285033 0.05804965 0.08684185 0.09197647 0.08571227 0.03171967
0.06091188 0.01150334 0.00170181 0.01171750 0.03317677 0.24308322 0.11087098 0.31297767 0.05565431 0.09489577 0.08300081 0.08395879 0.02977127
0.06082044 0.00411824 0.00116214 0.00584199 0.03467868 0.24294003 0.10457617 0.31300954 0.05538344 0.10260350 0.07952098 0.08431474 0.02859602
0.06023054 0.00590945 0.00094975 0.00626994 0.03387510 0.24462772 0.10392445 0.31122757 0.05458523 0.10719206 0.07687946 0.08217132 0.02787786
0.05964984 0.00647819 0.00094472 0.00735246 0.03876376 0.24421232 0.10098551 0.30982285 0.05510712 0.10208245 0.08081024 0.08503039 0.02851099
0.05871644 0.00612366 0.00196666 0.00484971 0.04462156 0.24723161 0.11185733 0.30964324 0.05726229 0.09605927 0.08239588 0.08562346 0.02742774
0.05860678 0.00514006 0.00142318 0.00431243 0.04001844 0.24877724 0.10565086 0.30701760 0.06263086 0.08896119 0.09561573 0.08763592 0.02752067
0.05806809 0.00515218 0.00100271 0.00546348 0.05908467 0.24913839 0.11799278 0.30694869 0.05828098 0.08434012 0.08522116 0.08746658 0.02645565
0.05713784 0.01106461 0.00088058 0.01241872 0.04818330 0.24808547 0.11454142 0.30589302 0.05461099 0.08973907 0.08286298 0.08594342 0.03994595
0.05544535 0.01609644 0.00333175 0.01735326 0.03947821 0.25070473 0.10899582 0.30872782 0.05946108 0.10255762 0.07639964 0.08792220 0.03533043
0.05441369 0.00885194 0.00168012 0.01339835 0.02924723 0.25240309 0.10570308 0.30800901 0.05086191 0.10679528 0.08099649 0.08505906 0.02903335
0.04955871 0.00935100 0.00096124 0.00734991 0.03841595 0.25208573 0.11075686 0.30926065 0.05233960 0.09656582 0.07232229 0.08485801 0.03447647
0.04911063 0.00909019 0.00072780 0.01061640 0.04906179 0.25168799 0.10616091 0.31122252 0.05920410 0.08743414 0.08350463 0.08363834 0.02862773
0.04468479 0.00402931 0.00058106 0.00199387 0.04570191 0.25066184 0.11070903 0.31059834 0.06035669 0.08889785 0.10256424 0.08642457 0.03159417
0.04657555 0.00844098 0.00088171 0.00708714 0.03676107 0.24953864 0.11065892 0.31070625 0.07100349 0.08255301 0.08857828 0.08639824 0.02746539
0.04947822 0.00820426 0.00389806 0.00711492 0.03847548 0.24884450 0.10397081 0.30903357 0.05732331 0.09701126 0.08144754 0.09020654 0.02904137
0.05428273 0.00878330 0.00152192 0.01080760 0.05997935 0.24677824 0.10628785 0.30904147 0.04962602 0.11013764 0.07428512 0.08509335 0.02840340
0.05034605 0.01055874 0.00181170 0.01515677 0.06973714 0.24978591 0.10300822 0.30824550 0.05455845 0.11616933 0.07603148 0.08807706 0.02949451
0.05167872 0.00963366 0.00134050 0.01022559 0.05022603 0.24643282 0.10659841 0.30890794 0.06003189 0.10337590 0.08240679 0.08444100 0.03244685
0.05392737 0.00458046 0.00353554 0.00525157 0.04889370 0.24644085 0.10710667 0.30915697 0.05688786 0.08294874 0.08898951 0.09055410 0.04059454
0.05568903 0.01188670 0.00096284 0.01252631 0.04909963 0.24358511 0.11168678 0.30743085 0.06969268 0.07413285 0.08552452 0.08421123 0.03489604
0.05434888 0.01116237 0.00110112 0.01156224 0.03887872 0.24296830 0.11193906 0.30686647 0.06540517 0.08502877 0.09553981 0.08889432 0.02878592
0.05484006 0.00498875 0.00250580 0.00557725 0.03705777 0.23972850 0.11031249 0.30555201 0.05892410 0.09840832 0.08335911 0.08588654 0.03538218
0.05559734 0.01061614 0.00090987 0.00946750 0.06117895 0.23792109 0.10887556 0.30561554 0.04972079 0.10528016 0.07584137 0.08598745 0.02865929
0.05564741 0.01276696 0.00152408 0.01407835 0.03592025 0.23610881 0.11184798 0.30680988 0.05236882 0.11888547 0.07089679 0.08609413 0.02968837
0.05453807 0.00893750 0.00107953 0.01110901 0.05859124 0.23522278 0.10739595 0.30910211 0.05974831 0.12019425 0.08290806 0.08541224 0.03160593
0.05372745 0.00778568 0.00110156 0.00689807 0.05005277 0.23402417 0.10981872 0.31093599 0.05745277 0.10113196 0.08010779 0.08586102 0.03832517
0.05123633 0.00535559 0.00207257 0.00783789 0.05196091 0.23470965 0.12076745 0.31216809 0.06051090 0.08557617 0.08710873 0.08680268 0.04119566
0.04990052 0.00756403 0.00134882 0.00868738 0.06595518 0.23503294 0.11471343 0.31281765 0.06725830 0.08504518 0.09483115 0.08564045 0.03418287
0.04870486 0.01573292 0.00088510 0.01547685 0.06753219 0.23610031 0.11528286 0.31381386 0.08594232 0.08972341 0.09507489 0.08703811 0.03094421
0.04877635 0.01192832 0.00094328 0.00992127 0.07174845 0.23861184 0.11262625 0.31275826 0.06443475 0.09810855 0.08546084 0.08837260 0.03660877
0.04884701 0.00598907 0.00149472 0.00798619 0.05338942 0.24297776 0.10991865 0.31127366 0.05361601 0.10894737 0.08167220 0.08517122 0.04716702
0.04909655 0.00654612 0.00109429 0.00855244 0.03407428 0.24350159 0.10938470 0.30810917 0.04978958 0.12233997 0.08024385 0.08583530 0.03487407
0.04706547 0.01136314 0.00089234 0.01253015 0.06444152 0.24580757 0.11042043 0.30785602 0.05259553 0.11504236 0.07921719 0.08454878 0.03981467
0.04892160 0.00836411 0.00154142 0.00682574 0.05706074 0.24981067 0.11135228 0.30771125 0.05783289 0.10790524 0.08376698 0.09046977 0.03431765
0.05334433 0.00901051 0.00105822 0.00954080 0.06541552 0.24660077 0.11503386 0.30729520 0.06161214 0.08374599 0.08952365 0.08619241 0.03854525
0.05801226 0.00512683 0.00340644 0.00541630 0.05936186 0.24870716 0.11527248 0.30860986 0.06978254 0.08537350 0.08787471 0.08839508 0.06292115
0.06036361 0.00444522 0.00129250 0.00517305 0.03572323 0.24796933 0.11635350 0.30876577 0.06794609 0.09216129 0.09060341 0.08611939 0.04373321
0.06025102 0.00910366 0.00102354 0.01228987 0.04433324 0.24847060 0.10409752 0.30940666 0.05740067 0.10242775 0.08704877 0.08404785 0.04519099
0.06076635 0.00787500 0.00166321 0.00804686 0.05973304 0.25257304 0.10815469 0.30935792 0.05185237 0.10769701 0.07746896 0.08581976 0.02786051
0.06102990 0.00683012 0.00091073 0.00762041 0.05990107 0.24807684 0.11078377 0.30922064 0.04877053 0.11245831 0.07472721 0.08613656 0.03605717
0.05780690 0.00851398 0.00108025 0.01260608 0.05678390 0.24836398 0.11603987 0.30921772 0.05261042 0.10414254 0.08031848 0.08594110 0.03455352
0.06003205 0.00801547 0.00140922 0.00552270 0.03956184 0.24771735 0.10517524 0.30934722 0.05836808 0.09121885 0.08479573 0.08701599 0.03571204
0.05420553 0.00332667 0.00254472 0.00454859 0.02240387 0.24682099 0.10856693 0.30970090 0.06329044 0.08327362 0.08917775 0.08571956 0.04270478
0.04229060 0.00570526 0.00191605 0.00516148 0.05937062 0.24536930 0.10778614 0.30857650 0.06518734 0.08460781 0.08740755 0.09197934 0.03124463
0.04435701 0.00963920 0.00146040 0.00999335 0.06002321 0.24298483 0.11756567 0.30916999 0.05833590 0.09766932 0.07613134 0.08522681 0.05598153
0.04702673 0.00782932 0.00114403 0.00746794 0.05782360 0.24239299 0.11403186 0.30772771 0.05660446 0.09926639 0.08738309 0.08670738 0.03114953
0.04915727 0.00972358 0.00087774 0.01477696 0.04720627 0.23801046 0.11684713 0.30748480 0.06063742 0.10231086 0.07475459 0.08715318 0.06084125
0.04791635 0.00386135 0.00099636 0.00565880 0.03469454 0.23661802 0.10972077 0.30643330 0.05251971 0.10189407 0.08367849 0.08581708 0.04028560
0.04386744 0.00506576 0.00095888 0.00578095 0.04659140 0.23426488 0.11913851 0.30552942 0.05755546 0.10184261 0.08222742 0.08646811 0.03382415
0.04325999 0.00664741 0.00084394 0.00609952 0.04420190 0.23013462 0.11423021 0.30753498 0.06069271 0.09855799 0.08408888 0.08618848 0.03276203
0.04370863 0.00431058 0.00194817 0.00482627 0.03171212 0.22685052 0.11913667 0.30841091 0.05917682 0.10259637 0.08598308 0.08916663 0.04172866
0.04579608 0.01065470 0.00139735 0.01098694 0.04945464 0.22649753 0.12613034 0.31006313 0.06550052 0.10212188 0.09233168 0.08814459 0.03004871
0.04580884 0.00712070 0.00401132 0.00895858 0.04965168 0.22764679 0.12043921 0.31020638 0.07420479 0.10078622 0.09197899 0.08736717 0.03124086
0.04785152 0.00529157 0.00091786 0.00535619 0.04171846 0.22828163 0.11928184 0.31040932 0.05909075 0.09601890 0.09233381 0.08594467 0.03046010
0.04940488 0.00249163 0.00272829 0.00161648 0.03236896 0.23154858 0.12111005 0.31102796 0.05624299 0.10659639 0.08601365 0.08621025 0.03787370
0.04935541 0.00603474 0.00135896 0.00617558 0.04942288 0.23305775 0.10992532 0.30992191 0.06025896 0.10425503 0.08656592 0.08578386 0.04135198
0.04580924 0.00579848 0.00102157 0.00621616 0.04950561 0.23834562 0.11136911 0.31076667 0.05926775 0.10302348 0.08227333 0.08692793 0.05692887
0.04368735 0.00726253 0.00159184 0.00743254 0.04200600 0.23944884 0.11430602 0.30821657 0.05513875 0.10636062 0.07511225 0.09140166 0.03958447
0.04333990 0.00276685 0.00297412 0.00509489 0.03399870 0.24179984 0.11597884 0.30677928 0.05229117 0.11007392 0.08308497 0.08769940 0.04857116
0.04407125 0.00305140 0.00108751 0.00303724 0.00276508 0.24307514 0.12018502 0.30487684 0.06618386 0.10716893 0.08525983 0.08664867 0.03275052
0.04328434 0.00271306 0.00086356 0.00392927 0.03839077 0.24376140 0.11021334 0.30491437 0.05907373 0.09941317 0.09484507 0.08819241 0.04612527
0.04302150 0.00286184 0.00078571 0.00554816 0.02524252 0.24616313 0.11099426 0.30481653 0.06496820 0.09135117 0.08747360 0.08473633 0.03231066
0.04303576 0.00404807 0.00099711 0.00329666 0.03932757 0.24542934 0.11014091 0.30467087 0.06617892 0.08840363 0.08139369 0.08517203 0.04177469
0.04301649 0.01182606 0.00082628 0.01284669 0.03322247 0.24792414 0.11213756 0.30574667 0.05935231 0.10216062 0.07493233 0.08546207 0.02832476
0.04261087 0.01096219 0.00079232 0.01026828 0.03854107 0.24724662 0.10447366 0.30721619 0.06581012 0.10723601 0.08100223 0.08431977 0.03211910
0.04120831 0.00497623 0.00192481 0.00348174 0.04226519 0.24616004 0.10648978 0.30824183 0.05623197 0.11970197 0.07636231 0.08261699 0.02848399
0.03925028 0.00895028 0.00144583 0.01053111 0.02632017 0.24829118 0.10382126 0.30940636 0.05419374 0.10407241 0.08941551 0.08621186 0.02941369
0.04288612 0.00983137 0.00123971 0.01428775 0.06798110 0.24504612 0.11005363 0.31123606 0.06014430 0.09341124 0.08227168 0.08677264 0.02887041
0.04260744 0.00752804 0.00124111 0.00735004 0.06674592 0.24482379 0.10869307 0.31061163 0.05843249 0.09426497 0.08818547 0.08753042 0.03389709
0.04293362 0.01257702 0.00081172 0.01445438 0.07839234 0.24582465 0.10678515 0.31302083 0.06506257 0.09241973 0.08112308 0.08663313 0.04340728
0.04328269 0.01438566 0.00127676 0.01436775 0.06127389 0.24213983 0.10750414 0.31165964 0.05840824 0.09981728 0.08474606 0.08436266 0.04318446
0.04467677 0.00673764 0.00070003 0.00834864 0.05172168 0.24054471 0.11374429 0.31284323 0.06879903 0.10861063 0.08127922 0.08433414 0.03875046
0.04355984 0.00497530 0.00144702 0.00808544 0.04142881 0.23776395 0.11192834 0.31097422 0.05753971 0.11803528 0.08479570 0.08563914 0.05197107
0.04260706 0.00916018 0.00232411 0.00947755 0.03429878 0.23744921 0.11814569 0.31079085 0.06120935 0.11081247 0.08264847 0.08711541 0.04061899
0.04158189 0.00802236 0.00088266 0.00959597 0.03709290 0.23311989 0.11601698 0.30898328 0.06274048 0.10566188 0.08961236 0.08592867 0.04406269
0.04077123 0.00817248 0.00124405 0.00848332 0.06016076 0.23328891 0.11281623 0.31070996 0.06576224 0.10520217 0.08922267 0.08701963 0.03412537
0.04148193 0.00473661 0.00075164 0.00361320 0.03243840 0.23229124 0.11896733 0.31029363 0.06100925 0.10295470 0.08854905 0.08650659 0.04212096
0.04085287 0.00881489 0.00171949 0.01190959 0.05959765 0.23078948 0.12070044 0.31210554 0.06071470 0.10562966 0.08693372 0.08802470 0.03560489
0.04148731 0.00602257 0.00193368 0.00636840 0.05020198 0.23182098 0.11586916 0.31230228 0.05930452 0.10763405 0.09030455 0.08394664 0.05044322
0.04289680 0.01463767 0.00095108 0.01470786 0.04079998 0.23273134 0.12081723 0.31336264 0.06306064 0.10628570 0.08348783 0.08794836 0.03718481
0.04537538 0.00891195 0.00204441 0.00933001 0.04201540 0.23682382 0.11608950 0.31368227 0.06314609 0.10414144 0.09386521 0.08829306 0.03743615
0.04741198 0.00469707 0.00120084 0.00686210 0.04200936 0.24013088 0.12014135 0.31436953 0.06249696 0.10703987 0.08940989 0.08614431 0.03196513
0.04559017 0.00812735 0.00148579 0.00780747 0.02487743 0.24213956 0.12071534 0.31282540 0.06215593 0.11101960 0.08904335 0.08476795 0.03365089
0.04557567 0.00502055 0.00331277 0.00451315 0.03032391 0.24608926 0.12166936 0.31381550 0.05799777 0.11589905 0.08726292 0.09653890 0.04005274
0.04480583 0.00769829 0.00126154 0.00820581 0.05166816 0.24695395 0.12462791 0.31123218 0.07327945 0.11383062 0.08309407 0.08539381 0.03168800
0.04423477 0.00764335 0.00105646 0.00648902 0.05671118 0.24755790 0.11550746 0.31124295 0.06671473 0.11092881 0.09009900 0.08705940 0.03436324
0.04498126 0.00558788 0.00253151 0.00497391 0.03757574 0.25219068 0.11155163 0.30968912 0.06086840 0.11852790 0.09012919 0.09330107 0.03248046
0.04473244 0.01033013 0.00159110 0.00815304 0.03416111 0.24965577 0.11867470 0.30885922 0.07703899 0.10520849 0.08302833 0.08512508 0.02973610
0.04434315 0.00356610 0.00129070 0.00211757 0.02263318 0.25183393 0.10574918 0.30775346 0.06625205 0.10319195 0.08966585 0.08422689 0.02806454
0.04483709 0.00454002 0.00103311 0.00286786 0.02562673 0.25359076 0.10894692 0.30998036 0.06288956 0.09994340 0.08787095 0.08509244 0.02757548
0.04486973 0.00609375 0.00092910 0.00558426 0.03051973 0.25157477 0.10652691 0.30801402 0.06342316 0.10604429 0.08463000 0.08482965 0.02820210
0.04462270 0.01092969 0.00131790 0.01105874 0.03567028 0.25225597 0.10705577 0.31153972 0.05969534 0.10755067 0.08057534 0.08432976 0.02913785
0.04344117 0.00367091 0.00091117 0.00259824 0.04171908 0.24820990 0.10578075 0.31028959 0.05496353 0.11422707 0.08040678 0.08419460 0.04804716
0.04223417 0.01291680 0.00095044 0.01285490 0.04642826 0.24834009 0.10995395 0.31110115 0.05861787 0.11097257 0.07710749 0.08774550 0.02865826
0.04165203 0.01113641 0.00098303 0.01141328 0.04432080 0.24866920 0.10566175 0.31190784 0.06306033 0.10236543 0.08708540 0.09026091 0.03889936
0.05025821 0.00593944 0.00145595 0.00610700 0.04926551 0.24436666 0.10757014 0.31132974 0.05909672 0.09819203 0.08410252 0.08464571 0.03046842
0.05084082 0.00426360 0.00106738 0.00303045 0.02133231 0.24494271 0.10846196 0.31265373 0.06813698 0.09807900 0.08283389 0.08402328 0.03744702
0.05239564 0.00932023 0.00088581 0.00909990 0.04306428 0.23893205 0.11155680 0.31311112 0.06102616 0.09578130 0.08924013 0.08486447 0.02877469
0.05281227 0.00501407 0.00217555 0.00561044 0.04512453 0.23958915 0.11302575 0.31141151 0.05701023 0.09931592 0.08341109 0.08728360 0.04272623
0.05195971 0.00456256 0.00276851 0.00436575 0.02445351 0.23979425 0.11708419 0.31000831 0.05273707 0.10502638 0.08204604 0.08418199 0.03764145
0.04963542 0.00598910 0.00146123 0.00354008 0.00826472 0.23503942 0.11394582 0.30951945 0.06129690 0.10817655 0.08352309 0.08502207 0.03158753
0.04943472 0.00249231 0.00109940 0.00212578 0.02459060 0.23570110 0.11684259 0.30901544 0.06157874 0.10531877 0.07750072 0.08555698 0.03489514
0.04880604 0.00257514 0.00108031 0.00475742 0.02835305 0.23520989 0.11936320 0.31039746 0.05722312 0.09990101 0.08151523 0.08641053 0.02898063
0.04675227 0.00476970 0.00125123 0.00050699 0.00431456 0.23662785 0.12062527 0.31109864 0.05848104 0.10021807 0.08903724 0.08719155 0.02922131
0.04392550 0.00446575 0.00116267 0.00036920 0.00396806 0.23720143 0.12290037 0.31099541 0.06407257 0.09500993 0.08494802 0.08396805 0.02942793
0.04141324 0.00807421 0.00132875 0.00812883 0.03948838 0.23978018 0.11418836 0.31261424 0.05394692 0.09537944 0.08813673 0.08463149 0.03063608
0.04066450 0.01002671 0.00150199 0.01233498 0.04122484 0.24509634 0.11832535 0.31268136 0.05698869 0.07773582 0.08589927 0.08626680 0.03459509
0.03839932 0.01513526 0.00117632 0.01665107 0.02460797 0.24586888 0.11975854 0.31373164 0.06528437 0.08442058 0.08412351 0.08956929 0.05247635
0.03729345 0.01017586 0.00233153 0.01149307 0.01716592 0.25180758 0.12402871 0.31411646 0.05464350 0.09787441 0.08543701 0.08637021 0.03077417
0.03760162 0.00303290 0.00130244 0.00402179 0.00670646 0.25101315 0.12071534 0.31039740 0.05791412 0.10244671 0.07667521 0.08474402 0.04039154
0.03839799 0.00401651 0.00106244 0.00272370 0.00521555 0.25543674 0.11970970 0.31028139 0.05828005 0.09763056 0.07262791 0.08509704 0.03162091
0.03774474 0.00278681 0.00109307 0.00420687 0.00308463 0.25634316 0.11051814 0.30973069 0.04894380 0.09337193 0.08605478 0.08538956 0.04320107
0.03749731 0.00216336 0.00307828 0.00343817 0.00501598 0.25527813 0.11728833 0.30859187 0.05290035 0.09277970 0.07532082 0.08346740 0.04999462
0.03697017 0.00409972 0.00138106 0.00414140 0.02911396 0.25677584 0.11040983 0.30765080 0.05775765 0.08577426 0.08139392 0.08294560 0.03721089
0.03633365 0.00275197 0.00105564 0.00251878 0.00366627 0.25853754 0.11128478 0.30814320 0.05588365 0.07719350 0.08013141 0.08470620 0.03633899
0.03504860 0.00331089 0.00082340 0.00168306 0.00438392 0.25431548 0.10644776 0.30641103 0.05754652 0.07685652 0.07940116 0.08283819 0.02888742
0.03432948 0.00652660 0.00120390 0.00975991 0.04708352 0.25828820 0.10195461 0.30782733 0.06067207 0.09551688 0.07514676 0.08303568 0.03023466
0.03409694 0.00448116 0.00203597 0.00340381 0.03804031 0.25383438 0.10011801 0.30667420 0.05691277 0.09667763 0.07850760 0.08588188 0.03800962
0.03318761 0.00675904 0.00143774 0.00993633 0.05695775 0.25312137 0.10799460 0.30962051 0.05026517 0.09878407 0.06997905 0.08789438 0.02813404
0.03463730 0.00985078 0.00128173 0.01072833 0.06668182 0.24804521 0.10639895 0.30924664 0.04479063 0.10026862 0.07834784 0.08762864 0.03265289
0.03356661 0.00607050 0.00089534 0.00752696 0.05634687 0.24734649 0.11308526 0.31069475 0.06020142 0.09330631 0.07733588 0.08519201 0.04443198
0.03358506 0.00428209 0.00255140 0.00626279 0.03920930 0.24337566 0.10988181 0.31190219 0.05899969 0.08556689 0.08149013 0.08343024 0.04649085
0.03487548 0.00362533 0.00114531 0.00694029 0.04421550 0.24062983 0.11183504 0.31251615 0.05830760 0.07672745 0.08566734 0.08466075 0.03134376
0.03699164 0.00376730 0.00080648 0.00391106 0.02135349 0.23776961 0.11471520 0.31243777 0.05778728 0.07893046 0.08506213 0.08410356 0.04747918
0.03780060 0.00613114 0.00063007 0.01072694 0.01955890 0.23703661 0.11575839 0.31115154 0.05684090 0.08416255 0.08493230 0.08616539 0.03194061
0.03695178 0.00838433 0.00057907 0.00686434 0.04278002 0.23453609 0.11623520 0.31008217 0.05598817 0.09119276 0.08060777 0.08401247 0.04472800
0.03517079 0.00596875 0.00059169 0.00713066 0.04675818 0.23515123 0.11714920 0.30912242 0.05795994 0.10092358 0.07398807 0.08608664 0.03792306
0.03370231 0.00355660 0.00064266 0.00485137 0.05776435 0.23401946 0.11217033 0.30829061 0.04776654 0.10544685 0.08051111 0.08587332 0.03167585
0.03282594 0.00414502 0.00077754 0.00548772 0.03669809 0.23435959 0.11288612 0.30895323 0.05273664 0.10063469 0.08307265 0.08602421 0.05024623
0.03190448 0.01130863 0.00083641 0.01105876 0.04408741 0.23657148 0.11361618 0.30908606 0.05731565 0.08815018 0.08326688 0.08667927 0.04076375
0.05390859 0.00808419 0.00094433 0.00751943 0.02962034 0.24010292 0.11254377 0.31142204 0.06501444 0.08145670 0.08757939 0.08416127 0.04279754
0.05313800 0.00701747 0.00129889 0.00934147 0.04018258 0.24240172 0.11519067 0.31267452 0.06878717 0.08847396 0.09046600 0.08923675 0.03931816
0.05155386 0.00812972 0.00154078 0.00802842 0.03429564 0.24401704 0.11664522 0.31300229 0.06168639 0.10415431 0.08611652 0.08445310 0.03245408
0.05119547 0.00550183 0.00119509 0.00465298 0.03964810 0.25009082 0.10902899 0.31351256 0.05253686 0.10476396 0.08230491 0.08366745 0.03207787
0.05232357 0.01209921 0.00085514 0.01263455 0.03689409 0.24889699 0.11200123 0.31350753 0.04836790 0.10686332 0.08692777 0.08560926 0.02936212
0.03114063 0.01178121 0.00083413 0.01021998 0.03058765 0.25368044 0.11471444 0.31256639 0.05904649 0.10975662 0.07779292 0.08363714 0.03160087
0.03073809 0.00467419 0.00076503 0.00724141 0.03991046 0.25327634 0.11698890 0.31063544 0.05990562 0.10302274 0.08645076 0.08662195 0.03004242
0.03098481 0.00495200 0.00088144 0.00445543 0.02955836 0.25522618 0.11824367 0.31051596 0.06297250 0.09282746 0.08264641 0.08388019 0.02831987
0.03129500 0.00591362 0.00059740 0.00489508 0.03994258 0.25422674 0.10504051 0.30983514 0.06549795 0.08792628 0.08692726 0.08399747 0.03146756
0.03116177 0.00679921 0.00153772 0.00430418 0.02852045 0.25494241 0.10453779 0.30930534 0.06608184 0.09597210 0.08908685 0.08386015 0.02691345
0.03287944 0.00414415 0.00112543 0.00414001 0.03478577 0.25243869 0.10002018 0.30849286 0.06573248 0.10193536 0.08113491 0.08249731 0.03039551
0.03558980 0.01126983 0.00121192 0.01268330 0.04349646 0.25383045 0.10203196 0.30901731 0.05383351 0.10715777 0.07321117 0.08343498 0.02685044
0.03728874 0.00445595 0.00106091 0.00292907 0.03173452 0.24932768 0.11226621 0.31001906 0.04792490 0.11183597 0.07270983 0.08492938 0.02741053
0.05425761 0.00687393 0.00143800 0.00959391 0.07127764 0.24857644 0.10879101 0.31138193 0.05615156 0.11447526 0.07741343 0.08416195 0.02761292
0.05223742 0.00917522 0.00125800 0.00856793 0.05381391 0.24600997 0.10896660 0.31292431 0.06066485 0.10542854 0.09267567 0.08712545 0.03195285
0.05114691 0.01077049 0.00131414 0.01087322 0.06979190 0.24534484 0.10926341 0.31448071 0.06488139 0.08537416 0.08938807 0.08559349 0.03132926
0.05065360 0.00577261 0.00112713 0.00779350 0.06056944 0.24441675 0.10930270 0.31488105 0.06787529 0.08988310 0.08654086 0.08685607 0.03008562
0.05318663 0.00728451 0.00128132 0.00452645 0.04873611 0.24211038 0.11080182 0.31455336 0.06349365 0.09749348 0.08938179 0.08453724 0.02997649
0.05659923 0.00521771 0.00397406 0.00792317 0.04258385 0.23879451 0.11228908 0.31468563 0.05794942 0.10574639 0.07886430 0.08755036 0.04900235
0.05748725 0.00479324 0.00157194 0.00639830 0.04843117 0.23815387 0.10724192 0.31247913 0.05985687 0.10423800 0.08024016 0.08479719 0.03928172
0.05754478 0.00904022 0.00153607 0.00966828 0.02585093 0.23738085 0.10776616 0.31094171 0.05065676 0.11053632 0.08064397 0.08342353 0.03493267
0.05758939 0.01380434 0.00153155 0.01378241 0.03484571 0.23969080 0.11348849 0.30856223 0.05647978 0.10886996 0.08058562 0.08469123 0.02908469
0.05724798 0.00763175 0.00133815 0.00764233 0.03568235 0.23683087 0.11092217 0.30770539 0.05932354 0.09659294 0.08704566 0.08330874 0.03216536
0.05585415 0.01345876 0.00088248 0.01335180 0.04852083 0.24211447 0.10986595 0.30715330 0.05627308 0.08601731 0.08094283 0.08489648 0.02852754
0.05377787 0.00670800 0.00089456 0.00919799 0.05125116 0.24043167 0.10778587 0.30810732 0.05859394 0.08920948 0.08527730 0.08447710 0.03153181
0.05178102 0.01071193 0.00102910 0.00963794 0.03744590 0.24334214 0.10825880 0.30916448 0.06200382 0.10170429 0.08237312 0.08450727 0.03543805
0.05080805 0.00696196 0.00112176 0.00578343 0.04380493 0.24516811 0.11241249 0.31024800 0.07040438 0.10283284 0.08332226 0.08402854 0.05006752
0.04966187 0.00432702 0.00104924 0.00284786 0.03400971 0.24661240 0.10908620 0.31171592 0.05765017 0.09882673 0.07771820 0.08195315 0.02960584
0.04921118 0.00329632 0.00125353 0.00411831 0.00614596 0.25102696 0.10579005 0.31263115 0.05364635 0.10345925 0.07978498 0.08246972 0.04660275
0.05348064 0.01153374 0.00128175 0.01051556 0.04302233 0.25070967 0.10703370 0.31314054 0.05301765 0.10424206 0.08192188 0.08575043 0.03942510
0.05202566 0.00619185 0.00096187 0.00818240 0.05163883 0.25246908 0.10864206 0.31261172 0.05455959 0.09660445 0.08278077 0.08408228 0.03631116
0.05151708 0.00744673 0.00090655 0.01084472 0.04894729 0.25408883 0.10527510 0.31080559 0.05800704 0.08949274 0.07946288 0.08546412 0.03800443
0.05095938 0.00295149 0.00136300 0.00744974 0.01809970 0.25282961 0.10631900 0.31045240 0.05566691 0.09390394 0.08376587 0.08513050 0.03202110
0.05022779 0.00511493 0.00090497 0.00492506 0.01921293 0.25319247 0.10043040 0.30872273 0.05769895 0.10013344 0.08048206 0.08305560 0.04588103
0.05017134 0.00207378 0.00146996 0.00380649 0.00483747 0.25210782 0.10359505 0.30864781 0.06337221 0.09763851 0.07807860 0.08449800 0.03711992
0.05124022 0.00887876 0.00119252 0.00999418 0.03074201 0.24998564 0.09905944 0.30850419 0.05341516 0.10148007 0.07823227 0.08218702 0.02787436
0.05151330 0.00395234 0.00103049 0.00497070 0.03033531 0.25096147 0.10064438 0.30776249 0.05820008 0.10217764 0.07963571 0.08324651 0.02964524
0.05078118 0.00351675 0.00095596 0.00393478 0.02261219 0.24794581 0.10129700 0.30916874 0.05874112 0.09992757 0.08061046 0.08276815 0.03620796
0.05048063 0.00598649 0.00070430 0.00594879 0.04269885 0.24880961 0.10168881 0.30865947 0.06322659 0.08775154 0.08874807 0.08462463 0.02861844
0.05461771 0.00417987 0.00188607 0.00270791 0.02149115 0.24914589 0.10052820 0.31076159 0.06044374 0.09847089 0.08140185 0.08202354 0.03372976
0.05437111 0.00184677 0.00141282 0.00261466 0.01616805 0.24573496 0.11129562 0.31052742 0.05760105 0.10545626 0.08067512 0.08309761 0.02802032
0.05548597 0.00498520 0.00084017 0.00727564 0.03825065 0.24734322 0.11059018 0.31119836 0.05395106 0.10742316 0.07692218 0.08415136 0.03061421
0.05493852 0.00988191 0.00082232 0.00768939 0.03373475 0.24330254 0.10829436 0.31283508 0.04747585 0.10406260 0.07704106 0.08234834 0.02915479
0.05465160 0.01000183 0.00087514 0.01192542 0.05558269 0.24487403 0.10922731 0.31154851 0.05160779 0.09362297 0.07578082 0.08230354 0.02792148
0.05444553 0.00699338 0.00082571 0.00677686 0.05261310 0.24395908 0.10409003 0.31252527 0.05352970 0.08793963 0.08426400 0.08251455 0.04126744
0.05413958 0.00661773 0.00114447 0.00894039 0.05595940 0.24249044 0.11373410 0.31125265 0.05922203 0.08411184 0.07932023 0.08382334 0.03033586
0.05279072 0.00227557 0.00089065 0.00288504 0.04356787 0.24474858 0.11254060 0.30962125 0.05173138 0.08516916 0.08363562 0.08288551 0.02973681
0.05261941 0.00237951 0.00073880 0.00447949 0.03082533 0.24299201 0.11114292 0.30734991 0.05353534 0.09273144 0.08104414 0.08240020 0.02799129
0.05212155 0.00300333 0.00081452 0.00227175 0.03694500 0.24334307 0.11512440 0.30703182 0.05300261 0.09639774 0.07875037 0.08305935 0.03025980
0.05182584 0.00498473 0.00063620 0.00508076 0.04472776 0.24373473 0.11060308 0.30712599 0.04680181 0.09522797 0.08197077 0.08367053 0.02954486
0.05218975 0.00733472 0.00063000 0.00907778 0.03925921 0.24409305 0.11305017 0.30740189 0.04839434 0.09557900 0.07582917 0.08302651 0.02771270
0.05247317 0.00389252 0.00083850 0.00388320 0.03533115 0.24664757 0.11817908 0.30934214 0.05358005 0.09540241 0.07461576 0.08179281 0.02880270
0.05193846 0.00461031 0.00130152 0.00769600 0.02504694 0.24946931 0.10178211 0.30909994 0.05365617 0.09120075 0.08931574 0.08232082 0.02865254
0.05142325 0.00678852 0.00115694 0.00965468 0.02893203 0.25119378 0.10487858 0.31148210 0.05453628 0.08591306 0.07697728 0.08299626 0.02910483
0.05045902 0.00770839 0.00072721 0.00137339 0.02420449 0.25354984 0.11135840 0.31195340 0.05848196 0.07934547 0.07930390 0.08277719 0.02787861
0.05331311 0.00501000 0.00058823 0.00426786 0.03092948 0.25170324 0.10627190 0.31178855 0.05523987 0.09120418 0.08687011 0.08249316 0.02655957
0.05399101 0.01318696 0.00066514 0.01265599 0.03029258 0.25465916 0.10405070 0.31139863 0.05272628 0.09848591 0.08000136 0.08195058 0.04889772
0.05213051 0.00481093 0.00134199 0.00635811 0.03515024 0.25059087 0.09776620 0.31024796 0.04916002 0.10492010 0.07382392 0.08208885 0.02880852
0.05104628 0.00622799 0.00113103 0.01025804 0.02577027 0.25604530 0.09520903 0.30920895 0.04919019 0.09501631 0.07916101 0.08078637 0.03404255
0.05123323 0.01004844 0.00072673 0.01236765 0.04360557 0.25189122 0.09925754 0.30888027 0.05999646 0.08963835 0.07334555 0.08263208 0.02739135
0.05314512 0.01162797 0.00138193 0.01160110 0.06299526 0.25407772 0.09670563 0.30920647 0.05847989 0.08026715 0.07985112 0.08242679 0.02758159
0.05287182 0.01076903 0.00064765 0.00997638 0.04972517 0.25069748 0.09742584 0.30776351 0.05824237 0.07403795 0.07905876 0.08278298 0.02934804
0.05259338 0.00670446 0.00055754 0.00692137 0.04687938 0.25198743 0.10106280 0.30764295 0.05267888 0.07849114 0.07601657 0.08532414 0.02717617
0.05296960 0.00961745 0.00070667 0.00907199 0.05892304 0.24790566 0.10586200 0.30697696 0.04808687 0.08811571 0.08087769 0.08275487 0.02751470
0.05140581 0.00408712 0.00085280 0.00623036 0.03691054 0.24922186 0.10118817 0.30720785 0.04812269 0.09764522 0.07485994 0.08216743 0.03641503
0.05104968 0.00750859 0.00115017 0.00625219 0.02681073 0.24762487 0.11023239 0.30778053 0.04338852 0.10070598 0.07040399 0.08225870 0.02831829
0.05046476 0.00932232 0.00085340 0.00883324 0.04871096 0.24871132 0.10035385 0.31004895 0.04341405 0.09236692 0.07578598 0.08280393 0.04079686
0.03750720 0.00634116 0.00200964 0.00331315 0.03048386 0.24515539 0.10555455 0.31118067 0.06137027 0.10158199 0.07371892 0.08189040 0.02819703
0.03772550 0.00375842 0.00117119 0.00461097 0.02429233 0.24528965 0.10821777 0.31188073 0.05764427 0.08913429 0.07984535 0.08066025 0.02833737
0.03800185 0.00384490 0.00124524 0.00503331 0.01710205 0.24625908 0.11193645 0.31502999 0.05227230 0.07552917 0.08302845 0.08252871 0.03029048
0.03738270 0.00490194 0.00072039 0.00802333 0.02908376 0.24293452 0.11056375 0.31243491 0.05554735 0.07922224 0.08288473 0.08259267 0.02892989
0.03665371 0.00477100 0.00063946 0.00338812 0.01799181 0.24447034 0.11292842 0.31263393 0.05832348 0.09235455 0.08374272 0.08170513 0.02787642
0.03556512 0.00211986 0.00065245 0.00093871 0.02762873 0.24169563 0.10757730 0.31002082 0.05511834 0.09124667 0.08160641 0.08313563 0.02928699
0.03596225 0.00248303 0.00071490 0.00102245 0.03528981 0.24493591 0.11368425 0.30793275 0.05002619 0.09333258 0.07273122 0.08116439 0.02789108
0.03598651 0.00576128 0.00167571 0.00643377 0.03516985 0.24249133 0.10912781 0.30642749 0.04707086 0.09623849 0.07325381 0.08206763 0.02819005
0.03656167 0.00303383 0.00094098 0.00389786 0.03075480 0.24514989 0.11203126 0.30647250 0.04519023 0.09665312 0.07777381 0.08160521 0.02939583
0.03617887 0.00224279 0.00067448 0.00049050 0.00093350 0.24772463 0.10765054 0.30651384 0.05310735 0.08250659 0.07670719 0.08253609 0.02836862
0.03698760 0.00193676 0.00503396 0.00029711 0.00108835 0.25007370 0.10662795 0.30730579 0.05618730 0.08750549 0.07990644 0.08306492 0.02675663
0.03695930 0.00306139 0.00156560 0.00027523 0.00131604 0.25077683 0.10107997 0.30800110 0.05945986 0.09208412 0.08043043 0.08093982 0.02761268
0.03732549 0.00146807 0.00110572 0.00153065 0.03372697 0.25327081 0.10484240 0.30911187 0.05440817 0.09387181 0.07877549 0.08412876 0.02604099
0.03848871 0.00653444 0.00293292 0.00687676 0.03979566 0.25120688 0.09986012 0.31128787 0.05448037 0.09107381 0.07648032 0.08157767 0.02644713
0.03949520 0.00537251 0.00135109 0.00521334 0.02943416 0.25702701 0.10001591 0.31031863 0.05172924 0.09249686 0.07194591 0.08130436 0.02552394
0.03665608 0.01171815 0.00073761 0.01344124 0.02668963 0.25359434 0.09884257 0.31092327 0.04934837 0.09770584 0.07316514 0.08333463 0.02555289
0.03566560 0.00380156 0.00069058 0.00692255 0.04283514 0.25661876 0.09389080 0.31075430 0.04885970 0.09863054 0.08097497 0.08047407 0.03327913
0.04162412 0.00206097 0.00069563 0.00453125 0.03018499 0.25233233 0.09707184 0.30874664 0.05445502 0.09356315 0.06905595 0.08141793 0.04254303
0.03892856 0.00203541 0.00078191 0.00350438 0.03400915 0.25324589 0.09182722 0.30922564 0.04652678 0.08839064 0.08206552 0.08073045 0.03353352
0.03919675 0.00536269 0.00454534 0.00381796 0.03244782 0.25113535 0.09507614 0.30903312 0.06153412 0.09588222 0.07166110 0.08058491 0.02959943
0.03887589 0.01392101 0.00143056 0.01537086 0.03585215 0.25113438 0.09179195 0.30826121 0.05926014 0.09344912 0.08010617 0.08143980 0.03317398
0.03729263 0.00709173 0.00423409 0.00966705 0.06779496 0.24911561 0.09321909 0.30953744 0.05624919 0.08838448 0.07396346 0.08865616 0.02506307
0.03605298 0.01147400 0.00130791 0.01517449 0.05030972 0.24957279 0.09682190 0.30941441 0.05320185 0.09136086 0.08317922 0.08383182 0.05271097
0.03514435 0.00477497 0.00112410 0.00521806 0.04615609 0.24671711 0.10055469 0.30923917 0.05798890 0.09887079 0.08169128 0.08496735 0.04027902
0.03495298 0.00835235 0.00124733 0.01166221 0.03201083 0.24701016 0.10083734 0.31137086 0.05184235 0.10372088 0.08835342 0.08425589 0.05134113
0.03485574 0.01232667 0.00097781 0.01496331 0.06299288 0.24388963 0.11114344 0.31155569 0.05751716 0.09991350 0.07584674 0.08424438 0.04092425
0.03413264 0.00760367 0.00099930 0.00927066 0.05150544 0.24348095 0.10725751 0.31138290 0.05748867 0.09503904 0.08736944 0.08411628 0.04025292
0.03365873 0.00907335 0.00094618 0.00921038 0.04554696 0.24466805 0.11673270 0.31237765 0.05721559 0.09158049 0.07845972 0.08125714 0.03635285
0.03223563 0.00503630 0.00128736 0.00549819 0.03536884 0.24426546 0.10131850 0.31171485 0.05636571 0.09281779 0.10009422 0.08379106 0.03023216
0.03057796 0.01129870 0.00100753 0.00965731 0.04715407 0.24615147 0.10692739 0.31195261 0.06356580 0.08533498 0.07387395 0.08257664 0.03019708
0.02896623 0.00309150 0.00103201 0.00383285 0.04125916 0.24323535 0.10280771 0.30980496 0.05811724 0.09431220 0.08043880 0.08210243 0.02616217
0.02824879 0.00237928 0.00101313 0.00508857 0.02330634 0.24450797 0.10481273 0.30793198 0.05469516 0.10643842 0.07337514 0.08127371 0.02797363
0.02778293 0.00273663 0.00099906 0.00423189 0.02445965 0.24545319 0.09646061 0.30745042 0.05236498 0.10682284 0.08891080 0.08165689 0.03528936
0.03133780 0.00153262 0.00084956 0.00259300 0.03387220 0.24679862 0.10203860 0.30794346 0.05170935 0.09911354 0.07393092 0.08216350 0.03332793
0.03168322 0.00364851 0.00093058 0.00302020 0.02487938 0.24833839 0.09780219 0.30767668 0.05481769 0.09454623 0.08364003 0.08203752 0.02873059
0.03190034 0.00280259 0.00142509 0.00176370 0.00400168 0.24971731 0.10553196 0.30984237 0.06661066 0.09475156 0.07736164 0.08148469 0.02981163
0.03224443 0.00271379 0.00102340 0.00112592 0.00285730 0.25171315 0.10043663 0.31000738 0.06364547 0.09521210 0.08138607 0.08206386 0.02780737
0.03219547 0.01064714 0.00080079 0.01283349 0.04279224 0.25429308 0.09964828 0.31194338 0.05888135 0.09025472 0.08189184 0.08245086 0.03005789
0.02999399 0.00456524 0.00179964 0.00542908 0.03707670 0.25135720 0.10187576 0.31256180 0.05183210 0.10399473 0.08528217 0.08023529 0.02763020
0.03007414 0.00648498 0.00130564 0.00808914 0.01686661 0.25631247 0.10205545 0.31323809 0.05475770 0.10948078 0.08229086 0.08299269 0.03730559
0.03099101 0.00219180 0.00195806 0.00177973 0.00240733 0.25200797 0.09647915 0.31050337 0.05022339 0.10718863 0.08063869 0.08360114 0.02709815
0.03120565 0.00179551 0.00110825 0.00195827 0.00284338 0.25371398 0.09507910 0.31189846 0.05581742 0.10084814 0.07214233 0.08213048 0.03121071
0.03122216 0.00528350 0.00365267 0.00607946 0.02344744 0.25223152 0.09013709 0.30963216 0.05863746 0.09610864 0.08157186 0.08326284 0.02331977
0.03353673 0.00182774 0.00113817 0.00171450 0.02113277 0.25078412 0.09194765 0.30947878 0.06141512 0.09297579 0.07886802 0.08620415 0.02461397
0.03736908 0.00216435 0.00168314 0.00509022 0.03606178 0.25043003 0.09274939 0.30786746 0.05726865 0.08994811 0.08108513 0.08393307 0.02259126
0.03987990 0.00307646 0.00075444 0.00567956 0.03237403 0.24872962 0.09738446 0.30997420 0.05446419 0.09202250 0.07984351 0.08253205 0.02290019
0.04087667 0.00125221 0.00113609 0.00025312 0.00071811 0.25087545 0.09972016 0.30824025 0.05343005 0.10256595 0.07761619 0.08442929 0.02311351
0.04109026 0.00556481 0.00080426 0.00765846 0.06279163 0.25197108 0.09496472 0.31056635 0.05488696 0.10555615 0.07563938 0.08244282 0.02679122
0.05159541 0.00399568 0.00330113 0.00527482 0.05162387 0.25165058 0.10051772 0.31162033 0.04934859 0.10325457 0.07961458 0.08062397 0.02638933
0.05192590 0.00474212 0.00175800 0.00618817 0.03434582 0.24877112 0.10180250 0.31201679 0.04988682 0.09660378 0.07159657 0.08103484 0.03912647
0.05383861 0.00579543 0.00151335 0.00457657 0.02829882 0.24945258 0.09725839 0.31095306 0.05679834 0.09231269 0.08379534 0.08466034 0.03698009
0.05478607 0.00800861 0.00098790 0.00942571 0.03447170 0.24584289 0.09809259 0.31195937 0.05949689 0.08946969 0.08287716 0.08190651 0.05358901
0.05555313 0.00728734 0.00192169 0.00947364 0.04929594 0.24601918 0.10131285 0.31289108 0.05966120 0.09470721 0.08233306 0.08284515 0.03318205
0.05539805 0.00439809 0.00132470 0.00512450 0.03375417 0.24255164 0.10254075 0.31259148 0.05743162 0.09123749 0.07788983 0.08257190 0.04244134
0.05415151 0.00806276 0.00162063 0.00992576 0.02943678 0.24487197 0.10480270 0.31348260 0.05099302 0.09728831 0.08843035 0.08423475 0.02706170
0.05651453 0.00453480 0.00101392 0.00379279 0.00705607 0.24138853 0.10235928 0.31140916 0.06538921 0.10671335 0.08763787 0.08151442 0.03009211
0.05401088 0.00261509 0.00377901 0.00108088 0.02819666 0.24174960 0.10331397 0.31179372 0.06174220 0.10837065 0.08148216 0.08888144 0.02697838
0.04999458 0.00354054 0.00131978 0.00405605 0.04060301 0.24224864 0.10204862 0.31124011 0.06004907 0.09666279 0.08968086 0.08253164 0.03589091
0.05119890 0.00417756 0.00112466 0.00758314 0.03757583 0.24157741 0.10753488 0.30900409 0.05971786 0.09781203 0.08644969 0.08503701 0.02921984
0.05139010 0.00791986 0.00093898 0.01012927 0.04382106 0.24567237 0.10243474 0.31208265 0.06852757 0.09901991 0.08761992 0.09068952 0.03462136
0.05097133 0.00570784 0.00116427 0.00723966 0.03772686 0.24596451 0.11873920 0.31254273 0.05703104 0.09408373 0.08751070 0.08216255 0.02776098
0.05282779 0.00645086 0.00094508 0.00853313 0.02478988 0.25046155 0.11294066 0.31149002 0.05992163 0.09120201 0.08036856 0.08246335 0.02919622
0.05333708 0.00876910 0.00074709 0.00881182 0.02219783 0.24965100 0.10457113 0.31207761 0.06178505 0.10166068 0.08471580 0.08158385 0.02767943
0.05099045 0.00527451 0.00139776 0.00644015 0.03711253 0.25500550 0.09730419 0.31263404 0.05463444 0.10696195 0.08993195 0.08173125 0.02754647
0.04942109 0.01223934 0.00077187 0.01093144 0.03548497 0.25179125 0.09844195 0.31196265 0.06142057 0.10140417 0.07379663 0.08211743 0.02709893
0.04953577 0.00688878 0.00109203 0.00789482 0.04761928 0.25438500 0.09019240 0.31111143 0.06070434 0.09568558 0.08078004 0.08064812 0.02353921
0.05111603 0.00861424 0.00070078 0.00981538 0.04398110 0.25282852 0.09945155 0.31296404 0.05748828 0.09905466 0.07573203 0.08183321 0.02528104
0.04978180 0.00466290 0.00072481 0.00599722 0.04668135 0.25189580 0.09958820 0.31209454 0.06164982 0.09720100 0.08272487 0.08487522 0.02441536
0.04760343 0.00689932 0.00078663 0.00612248 0.05550588 0.25151660 0.09567940 0.31210590 0.05758813 0.08836897 0.08616209 0.08299098 0.02549391
0.04707387 0.00637825 0.00276829 0.00754787 0.05573928 0.25237572 0.10127762 0.31203952 0.05848669 0.09255396 0.07832617 0.08898522 0.02460754
0.04713852 0.00856825 0.00138801 0.01041142 0.05206143 0.25161946 0.10433044 0.31102561 0.05424805 0.10514041 0.08289736 0.08235570 0.03825749
0.04800574 0.00385228 0.00189782 0.00251790 0.02067785 0.25350637 0.09913037 0.31057115 0.06074773 0.11193438 0.08414831 0.08416201 0.02978194
0.04406355 0.00317324 0.00114203 0.00517388 0.02713478 0.25021839 0.10099322 0.30925772 0.05315535 0.10570915 0.07778387 0.08249392 0.02653398
0.04233626 0.00467111 0.00100922 0.00483138 0.01889562 0.25060887 0.09716468 0.31092540 0.05877487 0.09977309 0.08067310 0.08315700 0.03013098
0.04349329 0.00617757 0.00152371 0.00675042 0.01836901 0.25078678 0.10179028 0.31165691 0.06148329 0.10067949 0.07924229 0.08231680 0.03542406
0.04397413 0.00681887 0.00085865 0.00606802 0.03959575 0.24874538 0.10220924 0.31231335 0.05761584 0.09692167 0.08828368 0.08374965 0.03210681
0.04226394 0.00535900 0.00069377 0.00516755 0.02459837 0.24868042 0.10156472 0.31312464 0.05949935 0.08546671 0.08737854 0.08205971 0.03117070
0.04137431 0.00771469 0.00066095 0.00772888 0.03630977 0.24803323 0.10425905 0.31370762 0.05954839 0.09350876 0.08377299 0.08236124 0.04072451
0.03871330 0.00500077 0.00072699 0.00276789 0.00933046 0.24533199 0.10228568 0.31423895 0.06509410 0.10785725 0.08329518 0.07949148 0.02728215
0.03805759 0.00389274 0.00080190 0.00352067 0.04048885 0.24580447 0.10298966 0.31421031 0.05270955 0.10870994 0.08170929 0.08184963 0.04049741
0.03858084 0.01410742 0.00076201 0.01485564 0.03813179 0.24306204 0.11217335 0.31533067 0.04895816 0.10101184 0.07856523 0.08127327 0.02936943
0.03773243 0.00652422 0.00064060 0.00881869 0.04086013 0.24403382 0.09998384 0.31575322 0.05313172 0.10173504 0.07872998 0.08322830 0.03831842
0.03564961 0.00982338 0.00125853 0.01200026 0.05742714 0.24268800 0.10678389 0.31462209 0.05788454 0.10355322 0.08886855 0.08344125 0.02871667
0.03528663 0.00631506 0.00073621 0.00887154 0.05141158 0.24141179 0.10926466 0.31537266 0.06459264 0.09526039 0.08507504 0.08527138 0.05363572
0.03649707 0.01202163 0.00208758 0.01224568 0.04724828 0.24174563 0.10536236 0.31440924 0.06950604 0.09398588 0.08902601 0.08567594 0.02746213
0.03775269 0.00987737 0.00421316 0.00736419 0.04229162 0.23982622 0.10934170 0.31407637 0.07125832 0.09807567 0.08400383 0.09022372 0.02794196
0.03657610 0.00993874 0.00132905 0.00636255 0.05494469 0.24504471 0.09826146 0.31437276 0.07179088 0.10396444 0.08009313 0.08191712 0.03833224
0.03693206 0.00813185 0.00068862 0.00925687 0.03853539 0.24338932 0.10580066 0.31385659 0.05988460 0.10848094 0.07991293 0.08169872 0.03012720
0.03741868 0.00801064 0.00126838 0.01294112 0.02604459 0.24650679 0.10498131 0.31355850 0.05102491 0.10327802 0.07692473 0.08541972 0.04101057
0.03750675 0.00407171 0.00160021 0.00612399 0.06206447 0.24904707 0.10435359 0.31331614 0.05508320 0.10686758 0.07833548 0.08327075 0.03997830
0.03720821 0.00690434 0.00185639 0.00632320 0.03325557 0.24747905 0.10119156 0.31281914 0.06222292 0.10345493 0.08808219 0.08557990 0.03784728
0.03797596 0.00887682 0.00076283 0.00873930 0.03934735 0.24845569 0.10490463 0.31077962 0.06401724 0.09154684 0.07967944 0.08355625 0.04214518
0.03896992 0.00356319 0.00078025 0.00898101 0.02724337 0.25019741 0.10433167 0.31218053 0.05847561 0.09144259 0.09068291 0.08404773 0.04672296
0.03668251 0.01076748 0.00117197 0.01166422 0.03443497 0.24772052 0.10252895 0.31268480 0.05749190 0.10746548 0.08175339 0.08363318 0.03948512
0.04172858 0.00788935 0.00094923 0.01037129 0.04511738 0.25127780 0.10227384 0.31258182 0.06093046 0.10601093 0.07859812 0.08439621 0.05297123
0.04262456 0.00516421 0.00178012 0.00763125 0.03262550 0.25136258 0.10023362 0.31383802 0.05949711 0.10642341 0.08342810 0.08270693 0.04640246
0.04205079 0.00530497 0.00088368 0.00780611 0.05166318 0.25113736 0.10381667 0.31280567 0.05833732 0.09982018 0.08340030 0.08442598 0.04067624
0.04253044 0.00924810 0.00075582 0.01211233 0.05788545 0.25219075 0.10323693 0.31314363 0.05666501 0.09580527 0.07985793 0.08328329 0.04155829
0.04288228 0.00735281 0.00133301 0.00655278 0.05697053 0.25081616 0.09651775 0.31197190 0.05430054 0.09942994 0.08994904 0.08260154 0.02852314
0.04331699 0.00299269 0.00145647 0.00576430 0.02470514 0.25338562 0.10896152 0.31255310 0.06326473 0.09610857 0.07805841 0.08305722 0.04450657
0.04535409 0.00832256 0.00072520 0.01390904 0.03838640 0.24811418 0.10492057 0.31142178 0.05742993 0.09633860 0.09075369 0.08267014 0.04586295
0.04560405 0.00963795 0.00063883 0.01253141 0.06220767 0.24617768 0.09888527 0.31276493 0.05762069 0.09722990 0.08262220 0.08494403 0.03701397
0.04381738 0.00635016 0.00143384 0.00685269 0.06305650 0.24250274 0.11110277 0.31177292 0.05487399 0.10691027 0.08052200 0.08165193 0.03725933
0.04266240 0.00822497 0.00122760 0.00875304 0.05633763 0.24116324 0.09953781 0.31255822 0.05437024 0.10552333 0.08065570 0.08677498 0.04554932
0.04295047 0.01577610 0.00105998 0.01613911 0.05130069 0.23824928 0.10414491 0.31228886 0.06781581 0.10283223 0.08145101 0.08136881 0.02752161
0.04100102 0.00361340 0.00105414 0.00662183 0.06105029 0.23690246 0.10826747 0.31254054 0.05778550 0.09739533 0.08088129 0.08370416 0.03332126
0.04060634 0.00740596 0.00103254 0.00561566 0.03482724 0.23418763 0.10210908 0.31305299 0.06642334 0.09497220 0.08581983 0.08188585 0.02769185
0.04089412 0.00624951 0.00137960 0.00890431 0.05087279 0.23650197 0.10492631 0.31469882 0.06341104 0.10265100 0.08425174 0.08599108 0.03035172
0.04109145 0.00828144 0.00137720 0.00984156 0.03955341 0.23526275 0.11233325 0.31352279 0.05709078 0.10417728 0.08262892 0.08270945 0.04322350
0.04650815 0.01087914 0.00149295 0.00916657 0.03261039 0.23764159 0.10705194 0.31586428 0.05901370 0.10368147 0.08957027 0.08288894 0.03562012
0.04718327 0.00386961 0.00100102 0.00315972 0.02292745 0.23705583 0.11292719 0.31279802 0.05663489 0.10232111 0.08573246 0.08342829 0.02855424
0.04530511 0.00346579 0.00154600 0.00401331 0.03613584 0.23848616 0.10624626 0.31351687 0.06111072 0.10184515 0.08351712 0.08182569 0.02788919
0.04460128 0.00325078 0.00170476 0.00085441 0.01649486 0.24082294 0.10460106 0.31279410 0.05274055 0.11285703 0.08222397 0.08027173 0.02767141
0.04492921 0.01090388 0.00138956 0.01181536 0.03101906 0.24128168 0.10922575 0.31086425 0.06015545 0.10210236 0.07789549 0.08170466 0.02615012
0.04581248 0.00687027 0.00082941 0.00517573 0.05387597 0.24413960 0.10002390 0.31181638 0.05650213 0.09241530 0.08077933 0.08249617 0.04452573
0.04440261 0.00617947 0.00071847 0.00574157 0.04001478 0.24578566 0.09757197 0.31123448 0.06144656 0.09341849 0.09184256 0.08352872 0.02806091
0.04307130 0.00714909 0.00072881 0.00769400 0.04593398 0.24699675 0.10094518 0.31058720 0.06399147 0.10019519 0.08465887 0.08332377 0.02655708
0.04397371 0.00331407 0.00076542 0.00432560 0.02184146 0.25387439 0.09545737 0.31020148 0.05537945 0.10392249 0.08406512 0.08201456 0.02607543
0.04457077 0.00346129 0.00150884 0.00040564 0.00271033 0.25377900 0.10844439 0.31114010 0.05494118 0.10969322 0.07552114 0.08204768 0.02406211
0.04477263 0.00279594 0.00078597 0.00071437 0.00302766 0.25630405 0.09943443 0.31113652 0.06205491 0.11021557 0.07669862 0.08045276 0.02576089
0.04206024 0.00498878 0.00401199 0.00413776 0.01978664 0.25713014 0.09448288 0.31374484 0.05604727 0.11300746 0.08098021 0.08752055 0.02695062
0.04132622 0.00652065 0.00162406 0.00799037 0.02429300 0.25625425 0.09530484 0.31339943 0.05662846 0.11117171 0.08566786 0.08084734 0.02776301
0.04167704 0.00229160 0.00104765 0.00173899 0.04256376 0.25832165 0.10580938 0.31293669 0.05592885 0.09685025 0.07592690 0.08145929 0.02483657
0.04177523 0.00646572 0.00118513 0.00520886 0.04655847 0.25633618 0.09966255 0.31346467 0.05785059 0.09730498 0.09028997 0.08091497 0.02561062
0.04121373 0.00581047 0.00084270 0.00824176 0.04497620 0.25595201 0.10648961 0.31359896 0.06348550 0.10295346 0.08478213 0.08352076 0.02426237
0.04147658 0.00430573 0.00205115 0.00265810 0.02127420 0.25369960 0.09999076 0.31216178 0.06521911 0.10216393 0.07798177 0.08788399 0.02815168
0.04185770 0.00315497 0.00175954 0.00042194 0.00293174 0.25154990 0.10900468 0.31324981 0.05994410 0.10005236 0.08125877 0.08246771 0.02724231
0.04356210 0.01156103 0.00111794 0.01199902 0.05497210 0.24583907 0.10390281 0.31195853 0.05435951 0.10698209 0.08685554 0.08407814 0.02784416
0.04568107 0.00331647 0.00080779 0.00288380 0.02673400 0.24468048 0.10929079 0.31219200 0.06166641 0.10679787 0.08265672 0.08376766 0.02692428
0.04775869 0.00547867 0.00120771 0.00326674 0.00720169 0.23950378 0.10374275 0.31193286 0.06358256 0.09412441 0.08860315 0.08142901 0.02984468
0.04797079 0.00366519 0.00067974 0.00226474 0.04394192 0.23785167 0.11423462 0.31160327 0.06298975 0.09206298 0.07846979 0.08194878 0.02494317
0.04621020 0.00378925 0.00188017 0.00694070 0.03276832 0.23927397 0.09862904 0.31209093 0.05901120 0.10799723 0.08361278 0.08017285 0.02596730
0.04499594 0.01106657 0.00088597 0.01341092 0.05996038 0.23667087 0.10316764 0.31376594 0.06059377 0.11271903 0.08456692 0.08226603 0.02791129
0.04332039 0.00559038 0.00104780 0.00737566 0.05164503 0.23856763 0.10124251 0.31429742 0.05520764 0.11194958 0.08563143 0.08378685 0.03734318
0.04234179 0.01080308 0.00125833 0.01150366 0.04548052 0.23716193 0.10650014 0.31739479 0.06223043 0.10813728 0.08138718 0.08322314 0.04568038
0.04116760 0.00749916 0.00119393 0.00586789 0.04059720 0.24034489 0.10689038 0.31578792 0.06142851 0.10806757 0.09333915 0.08550994 0.02956746
0.04143240 0.00933832 0.00156468 0.01215585 0.05304182 0.23858908 0.10967079 0.31686835 0.06607038 0.11086528 0.08791343 0.08390000 0.03706522
0.04063505 0.00876091 0.00198141 0.00688711 0.04534486 0.24237415 0.10693971 0.31623486 0.06470709 0.09731688 0.09165499 0.08820914 0.03081144
0.04113255 0.00937337 0.00168447 0.01308287 0.04250811 0.24130859 0.11145257 0.31545478 0.06925303 0.09969071 0.08509607 0.08342518 0.04348271
0.03954595 0.01186180 0.00129334 0.01111589 0.03535104 0.24462406 0.10737328 0.31578384 0.06549154 0.11533005 0.08523913 0.08206016 0.03177477
0.03917241 0.00403007 0.00191033 0.00526635 0.00774947 0.24644740 0.10900417 0.31367710 0.05959855 0.11511869 0.08252185 0.08426727 0.04013289
0.03955034 0.00368783 0.00109676 0.00257220 0.03713808 0.24857857 0.10330815 0.31153844 0.06495583 0.10566896 0.07897652 0.08376073 0.03642514
0.03952917 0.00274837 0.00071068 0.00244129 0.00178948 0.25167523 0.10042351 0.31120383 0.06499135 0.10521617 0.08256431 0.08165308 0.02955015
0.03897957 0.00276941 0.00062253 0.00283942 0.00443330 0.25180755 0.10105678 0.30961194 0.06664883 0.10259423 0.09056186 0.08225645 0.03635427
0.03790804 0.00409352 0.00100847 0.00233854 0.00356498 0.25495355 0.10192167 0.31035265 0.07045916 0.10164460 0.08658559 0.08288447 0.02632086
0.03765312 0.01133756 0.00430740 0.01100302 0.01933052 0.25647405 0.09741165 0.31147941 0.05517292 0.10306806 0.08050961 0.08828172 0.03518872
0.03792510 0.00813049 0.00104840 0.00964206 0.03892507 0.25493033 0.10131819 0.31191843 0.06316855 0.10574858 0.07868671 0.08196308 0.03726182
0.03759068 0.00548380 0.00126917 0.00515395 0.02902125 0.25863751 0.10299894 0.31250931 0.05649757 0.11145305 0.08016067 0.08211976 0.03056053
0.03856593 0.00562928 0.00074215 0.00525583 0.04552970 0.25370669 0.09920066 0.31340187 0.05862087 0.10426783 0.08139339 0.08080368 0.03394982
0.03879034 0.00515630 0.00078375 0.00543706 0.03777725 0.25331186 0.10861771 0.31298447 0.05708416 0.09670287 0.08007890 0.08137270 0.03016942
0.03841336 0.00463071 0.00101580 0.00587656 0.04142814 0.25088519 0.10104357 0.31406920 0.06266127 0.09686443 0.08780541 0.08277530 0.04719078
0.03756550 0.00547779 0.00122356 0.00643832 0.05398446 0.24771502 0.10163381 0.31441631 0.05725306 0.10764952 0.08571886 0.08212028 0.02631987
0.03741354 0.00645939 0.00112100 0.00786895 0.04951646 0.24723031 0.10293423 0.31360593 0.05336791 0.10181693 0.07852790 0.08293003 0.05193999
0.03760346 0.00591892 0.00074780 0.00907704 0.05703976 0.24236396 0.09989817 0.31310892 0.05656077 0.09655462 0.07888211 0.08192451 0.02662467
0.03731462 0.00531439 0.00086212 0.00299151 0.04999593 0.24048611 0.10027709 0.31220584 0.05723951 0.10081273 0.08757534 0.08376885 0.03125015
0.03629192 0.00325621 0.00332189 0.00048321 0.00218440 0.23698785 0.10526188 0.31107024 0.06758298 0.10426673 0.08100835 0.08411364 0.02649445
0.03561230 0.00321477 0.00143470 0.00085847 0.00351344 0.23814475 0.10003931 0.31073725 0.06016042 0.10071187 0.08971840 0.08054834 0.02524482
0.03591338 0.00253271 0.00130740 0.00038630 0.03262188 0.23593501 0.10123162 0.31061321 0.05632915 0.10168430 0.08279419 0.08228686 0.02785745
0.03543639 0.00338815 0.00095090 0.00624401 0.04550977 0.23596220 0.10335190 0.31016807 0.05719810 0.10373143 0.08598645 0.08265780 0.02529377
0.03604692 0.00383037 0.00097589 0.00465409 0.04441494 0.23741219 0.10380264 0.31377191 0.05680098 0.10571698 0.08029873 0.08206540 0.02886769
0.04006735 0.00250868 0.00143678 0.00270941 0.02821933 0.24059851 0.10869891 0.31279633 0.05382764 0.10260040 0.08422699 0.08319844 0.04373643
0.03796558 0.00422505 0.00077622 0.00101098 0.04040492 0.23951813 0.10699425 0.31431697 0.06157134 0.09924121 0.08500574 0.08294416 0.02727548
0.03815673 0.00409789 0.00069582 0.00219452 0.02306339 0.24533288 0.10476062 0.31553103 0.06106035 0.09851516 0.08974824 0.08241042 0.02905774
0.03631310 0.00533179 0.00063501 0.00434943 0.04041208 0.24216452 0.11500625 0.31417709 0.05802033 0.09829172 0.08766958 0.08242892 0.02667277
0.03501681 0.00592442 0.00139861 0.00651806 0.04096804 0.24863472 0.10585415 0.31489085 0.05850145 0.10069317 0.08046182 0.08118977 0.02864593
0.03424024 0.01293792 0.00133102 0.01356398 0.03881572 0.24778560 0.10392088 0.31377623 0.05688564 0.09761002 0.08386291 0.08371945 0.03900054
0.04564913 0.00573857 0.00097706 0.00616387 0.05248293 0.24998981 0.10904411 0.31349361 0.05540271 0.09300796 0.08046015 0.09546519 0.02842223
0.04429915 0.00705724 0.00212179 0.00816098 0.03583187 0.25139239 0.10211891 0.30943952 0.05556363 0.09511381 0.07829736 0.08331619 0.05265147
0.04537436 0.01016871 0.00127983 0.01453904 0.03955727 0.25091218 0.09924827 0.30960099 0.05751632 0.10006634 0.08318078 0.08623124 0.02858939
0.04937739 0.01320393 0.00389443 0.01297400 0.06120302 0.25248245 0.10820198 0.30785417 0.05432067 0.09433977 0.07503709 0.08663866 0.02744951
0.05179239 0.00578713 0.00151138 0.00701720 0.03598467 0.25272212 0.10766273 0.30935982 0.05399669 0.10013114 0.07989142 0.08413880 0.03776176
0.05181309 0.00401919 0.00242542 0.00346721 0.00612483 0.25000578 0.11026653 0.30940227 0.05298533 0.09525845 0.08729504 0.08742795 0.02963805
0.05046485 0.00432309 0.00414534 0.00456620 0.02762237 0.25103010 0.10575692 0.30997553 0.05849391 0.10471545 0.08145327 0.08262562 0.03518116
0.05188960 0.00300622 0.00164286 0.00389413 0.03253924 0.24697553 0.10439822 0.31174940 0.05709859 0.09934793 0.08617196 0.08143970 0.02800528
0.05267559 0.00982477 0.00115396 0.01112396 0.04299822 0.24353250 0.10327274 0.31110913 0.05960695 0.09106292 0.07950154 0.07946241 0.03449153
0.05321296 0.00317715 0.00274055 0.00215615 0.03221094 0.24285765 0.10150912 0.31064171 0.05673833 0.09310882 0.08274746 0.08226973 0.02645795
0.05446942 0.01230239 0.00120535 0.01232742 0.03654031 0.23917004 0.09880310 0.31011423 0.05126405 0.09819914 0.09135804 0.08216135 0.02809424
0.05527851 0.00471641 0.00110728 0.00620401 0.04437322 0.23912872 0.10296112 0.30899224 0.05061347 0.09525485 0.07293553 0.08200209 0.02894368
0.06763093 0.00254730 0.00108765 0.00412889 0.03370925 0.23647432 0.09961413 0.30787869 0.05051305 0.09335709 0.07375478 0.08258350 0.03541198
0.06681265 0.00516542 0.00095274 0.00898976 0.06428809 0.23675504 0.09962746 0.30873027 0.05119972 0.09206007 0.08000545 0.08381090 0.04273539
0.06212053 0.01099747 0.00189792 0.00904362 0.02651170 0.23608619 0.09907203 0.30878377 0.05613575 0.08973136 0.08154190 0.08717052 0.03246054
0.05976136 0.00568685 0.00136071 0.00823598 0.04644061 0.23761312 0.09594573 0.30806412 0.05574762 0.08506472 0.08135214 0.08202400 0.02831734
0.05800658 0.00269722 0.00143583 0.00503341 0.03901885 0.23910460 0.09767399 0.30846833 0.04993773 0.08796115 0.08545935 0.08371885 0.02382805
0.05412074 0.00792754 0.00459808 0.00920529 0.03856782 0.24133748 0.09863797 0.30945574 0.05305751 0.10024166 0.07805974 0.08019806 0.02839420
0.05051565 0.00501572 0.00405037 0.00523052 0.04290291 0.24198744 0.09591729 0.31036517 0.04958682 0.10633130 0.08200045 0.08133731 0.03082799
0.04344694 0.00481660 0.00186951 0.00658593 0.05540923 0.24203326 0.10251599 0.31129985 0.04992543 0.10713980 0.07217649 0.08172283 0.02809300
0.04364583 0.00507828 0.00134551 0.00717855 0.03556371 0.24284473 0.10013945 0.31005829 0.05178362 0.09217428 0.07464459 0.08404258 0.04062506
0.04382510 0.00166594 0.00531316 0.00276504 0.03714104 0.24505332 0.10214607 0.31050703 0.05376055 0.10033253 0.08083610 0.08166463 0.03045803
0.04481690 0.00766203 0.00116455 0.00860229 0.00909307 0.24457924 0.11006463 0.31098020 0.05605243 0.09348753 0.08534666 0.08513518 0.02967341
0.04428041 0.00390334 0.00220171 0.00595517 0.02800959 0.24481119 0.10443331 0.30903218 0.05636318 0.09330578 0.08478650 0.08145047 0.03039045
0.04467035 0.00256769 0.00088158 0.00252527 0.02238166 0.24748218 0.10924032 0.31025184 0.05552910 0.08397541 0.08199161 0.08218652 0.03536779
0.04389906 0.00174066 0.00059235 0.00393179 0.00421676 0.24440973 0.11139352 0.30912423 0.05511403 0.09228389 0.08031716 0.08041056 0.03023990
0.04335880 0.00147284 0.00086523 0.00051767 0.00089255 0.24820242 0.10675480 0.30904662 0.05238159 0.09675574 0.08426249 0.08070669 0.02760230
0.04314975 0.00214602 0.00075115 0.00279381 0.03163855 0.24515675 0.11159981 0.30829386 0.04460416 0.09777542 0.07440737 0.08031381 0.02724596
0.04138492 0.00144935 0.00129540 0.00061001 0.00226898 0.24699481 0.10449208 0.30793993 0.04458813 0.09307918 0.07182618 0.08070738 0.02587428
0.04022488 0.00383368 0.00155680 0.00261754 0.00655881 0.24583503 0.10915081 0.30676818 0.05605181 0.09739316 0.07890776 0.08145001 0.03610205
0.03948827 0.00734135 0.00089907 0.00983283 0.03342258 0.24552521 0.11177284 0.30810859 0.05773068 0.09296660 0.08426458 0.08582863 0.02822278
0.03871338 0.00649178 0.00237807 0.00820920 0.03992024 0.24583620 0.10174517 0.30960900 0.05616066 0.09070006 0.08327434 0.08417597 0.02991871
0.03787523 0.01192451 0.00099156 0.01520249 0.04635261 0.24440846 0.10675493 0.30974157 0.05702102 0.08385747 0.07847552 0.08354170 0.03752200
0.03778135 0.00423997 0.00251662 0.00472386 0.02285159 0.24672371 0.10284739 0.31120879 0.05543237 0.09327052 0.08421299 0.08150440 0.04192677
0.05816614 0.00464983 0.00182638 0.00720759 0.02361941 0.24244845 0.10088313 0.30921147 0.05942124 0.10060938 0.07370116 0.08152969 0.03964167
0.06054395 0.00404389 0.00135574 0.00474188 0.05423827 0.24476218 0.10114064 0.31004461 0.04637821 0.09355183 0.07579197 0.08168485 0.04342329
0.04644946 0.01215434 0.00102406 0.01257508 0.05903453 0.24014233 0.10280860 0.31036065 0.04778230 0.10166616 0.06821620 0.08057666 0.03646866
0.04706625 0.00571181 0.00196813 0.00498805 0.04306465 0.24091802 0.09316028 0.30721627 0.05187703 0.10518871 0.08234511 0.08282540 0.02982061
0.04643962 0.00988369 0.00168049 0.01270202 0.04599104 0.23899796 0.10328675 0.30767185 0.05340687 0.09199960 0.07606352 0.08398748 0.03288401
0.04762990 0.00889585 0.00378302 0.01241414 0.03435124 0.24146668 0.10555115 0.30592807 0.05114840 0.07572714 0.07781772 0.08438849 0.02473287
0.04775918 0.00218295 0.00132065 0.00373271 0.01962051 0.24034747 0.10080414 0.30516112 0.05597605 0.07085957 0.07670472 0.08163180 0.03184596
0.04693999 0.00282826 0.00139068 0.00464591 0.01879188 0.24039404 0.09555639 0.30612929 0.05142855 0.07548956 0.08239546 0.08461888 0.02890534
0.04774702 0.00658141 0.00114896 0.00630879 0.02752973 0.24103538 0.09701308 0.30597395 0.05140197 0.08253820 0.07171109 0.07996993 0.03129638
0.04505738 0.00499614 0.00081463 0.00458133 0.02918958 0.24233625 0.09841694 0.30708167 0.05595506 0.07685429 0.07304491 0.07997599 0.02567407
0.04776048 0.00519129 0.00245765 0.00321234 0.00786858 0.23918644 0.10357359 0.30747614 0.04730253 0.09292849 0.07747924 0.08015314 0.03091897
0.04734260 0.00579887 0.00158321 0.00302977 0.02182659 0.23945810 0.10863230 0.30789984 0.04574932 0.09329182 0.06653073 0.08034126 0.02717411
0.04637135 0.00276346 0.00092742 0.00545778 0.00562055 0.24060358 0.10461816 0.30811472 0.06249559 0.08313506 0.07900890 0.07941407 0.03979063
0.04493769 0.00630212 0.00083669 0.01036273 0.01959142 0.23768595 0.10849669 0.30899865 0.05397244 0.06805073 0.08420340 0.08563553 0.04460409
0.04280726 0.01138496 0.00061649 0.01307839 0.05917397 0.23974968 0.10456014 0.30964560 0.06206623 0.05626928 0.08863326 0.08555620 0.03358027
0.04112262 0.00685039 0.00125890 0.00731750 0.04175340 0.23924787 0.11413077 0.30893798 0.05788293 0.06250422 0.07884692 0.08722797 0.03773498
0.04098731 0.00558317 0.00126246 0.00865726 0.03308852 0.23871825 0.11178974 0.30902970 0.04547249 0.08000914 0.08185224 0.08042548 0.02762706
0.04066683 0.01139008 0.00099109 0.01259898 0.04095472 0.24262911 0.10730097 0.30810196 0.04450121 0.09749886 0.06862919 0.08264577 0.04152504
0.04276285 0.01324148 0.00176692 0.01369617 0.03198577 0.23954183 0.10857697 0.30786651 0.04305900 0.10515252 0.07817496 0.08374087 0.02786352
0.04222557 0.00614628 0.00118730 0.00664318 0.04641034 0.24309628 0.10612046 0.30701070 0.04586213 0.10110420 0.06797712 0.08213437 0.04093553
0.04176646 0.00777863 0.00139324 0.00706739 0.05112144 0.24301636 0.10223856 0.30557113 0.05102461 0.09092132 0.07598407 0.08425784 0.02864025
0.04172547 0.00510014 0.00249760 0.00489255 0.03097278 0.24209411 0.10678802 0.30524247 0.05036328 0.07983116 0.08012236 0.08648119 0.02900600
0.04133718 0.00167161 0.00154251 0.00079067 0.00074397 0.24348124 0.10807901 0.30326100 0.05274784 0.06915194 0.08501981 0.08634172 0.02908487
0.04162060 0.00179886 0.00132779 0.00063635 0.00102424 0.23818041 0.11330842 0.30531792 0.05773134 0.07235285 0.07961248 0.08653860 0.02796727
0.04211005 0.00191536 0.00112809 0.00248710 0.00380551 0.24260126 0.10732511 0.30494893 0.05119541 0.08181144 0.08095909 0.08150947 0.04467791
0.04252825 0.00677534 0.00106511 0.00620577 0.03460174 0.24134312 0.10744950 0.30585116 0.05413869 0.09226933 0.06709550 0.07919131 0.02652686
0.04200071 0.00474927 0.00101225 0.00708368 0.05150601 0.24178375 0.10060201 0.30599025 0.04242606 0.09641947 0.07300635 0.08091972 0.02693845
0.04115370 0.00940624 0.00112924 0.01152466 0.06355279 0.24018649 0.10616246 0.30964469 0.04120546 0.08778498 0.07085922 0.08190597 0.02891568
0.03993683 0.01358602 0.00178694 0.01303525 0.08545902 0.23996650 0.09625695 0.30939023 0.04934977 0.09170543 0.07476931 0.08075742 0.03772911
0.03986164 0.00524858 0.00237829 0.00813681 0.04627191 0.23998431 0.11060492 0.31005693 0.05139385 0.09124072 0.07715824 0.08179866 0.03096369
0.03763511 0.00540985 0.00126039 0.00630551 0.04916090 0.23782981 0.10465566 0.30805111 0.05081983 0.07558261 0.08032227 0.08276434 0.03794782
0.03473982 0.01425811 0.00097353 0.01399472 0.04181977 0.23845354 0.11082710 0.30854297 0.05977768 0.07178623 0.07778240 0.08479334 0.02800096
0.03342161 0.00514918 0.00100761 0.00519455 0.04969165 0.23611259 0.10254417 0.30752566 0.05322177 0.07937504 0.08925088 0.08434696 0.03691458
0.03373745 0.00549931 0.00099851 0.00813952 0.03748532 0.23849084 0.10544676 0.30841358 0.04875554 0.07724054 0.08175512 0.08166049 0.03217037
0.03128522 0.00537166 0.00143588 0.00614207 0.03171659 0.23696651 0.10182541 0.30791112 0.05128021 0.09937944 0.06908690 0.08186669 0.03666429
0.02999739 0.00527311 0.00105686 0.00778150 0.03718264 0.23721074 0.10584258 0.30733844 0.04570766 0.10078324 0.07844836 0.08109545 0.02740906
0.03015610 0.00895587 0.00057914 0.01382910 0.03850526 0.23524588 0.10290742 0.30822024 0.05009995 0.09640724 0.07926929 0.08063860 0.04549873
0.03089507 0.01362972 0.00067944 0.01505752 0.04647536 0.23904713 0.10547541 0.30817858 0.05286948 0.08650573 0.07824197 0.08318556 0.03137852
0.03112441 0.01072919 0.00271876 0.00878424 0.03922555 0.23405119 0.10494686 0.31005740 0.05724269 0.09073966 0.08412748 0.08388056 0.03986862
0.03068083 0.01270429 0.00148876 0.01178507 0.06063233 0.23666097 0.11415511 0.31057174 0.06163676 0.09295970 0.08394587 0.08657100 0.02884675
0.03025627 0.00373008 0.00095966 0.00226919 0.04325451 0.23831649 0.12237716 0.31073945 0.05943206 0.09150334 0.07885180 0.08585652 0.03035040
0.03125085 0.00851979 0.00146045 0.01261079 0.02829315 0.23641357 0.11705152 0.31254931 0.05286271 0.08928694 0.08242566 0.08388889 0.03498255
0.03261849 0.00675761 0.00075663 0.00730031 0.03520645 0.23601350 0.10822758 0.31249810 0.05913577 0.09027632 0.08747578 0.08278874 0.03411073
0.03250454 0.00789520 0.00155430 0.01190460 0.01779642 0.23618042 0.10821383 0.31316269 0.06174487 0.10679135 0.08559935 0.08274472 0.03535131
0.02954959 0.00726078 0.00112031 0.00632391 0.01725132 0.23424339 0.11126128 0.31099155 0.06014498 0.10707633 0.08291096 0.08380861 0.04769758
0.02948635 0.00803275 0.00090844 0.00798460 0.03890067 0.23587526 0.11265528 0.31017932 0.05515865 0.10500690 0.08117736 0.08105183 0.03206195
0.03279362 0.00578705 0.00157223 0.00500207 0.04179123 0.23776869 0.11082061 0.30725899 0.04934440 0.10358725 0.07846686 0.08373789 0.02883738
0.03305091 0.01639966 0.00088707 0.01629620 0.04262689 0.24011225 0.10621255 0.30667759 0.06066265 0.09540021 0.08430100 0.08615468 0.03247405
0.03193711 0.01175785 0.00103500 0.01050386 0.05517185 0.24546418 0.10329611 0.30835942 0.06482762 0.09708698 0.08034487 0.08702056 0.02936449
0.03271242 0.01116140 0.00112578 0.00960335 0.03793121 0.24627928 0.09996141 0.30758654 0.05507537 0.09571158 0.08496675 0.08631877 0.03217683
0.03333796 0.00769397 0.00092183 0.00804341 0.04242499 0.24596072 0.10552368 0.30775938 0.05678167 0.09765061 0.06979551 0.08059159 0.02891372
0.03218169 0.00686569 0.00085700 0.00655450 0.04946925 0.24499463 0.10079118 0.30868167 0.05328079 0.10613711 0.07532815 0.08143274 0.03128952
0.03247024 0.01090387 0.00072885 0.01270263 0.05416863 0.24388105 0.10307887 0.31083051 0.05832943 0.10334237 0.08007538 0.07986010 0.02593989
0.03259693 0.00852348 0.00139284 0.00760436 0.03443362 0.24555303 0.09874011 0.31304954 0.05979715 0.08697889 0.08266964 0.08168140 0.03899652
0.03261090 0.00556818 0.00128052 0.00464512 0.00656577 0.24125120 0.10122610 0.31181782 0.06459667 0.09196459 0.08255354 0.08105553 0.03454164
0.03227095 0.00691426 0.00081444 0.00588069 0.02722468 0.24234512 0.10730228 0.31316574 0.05909912 0.08983833 0.08349677 0.08269320 0.03677883
0.03179465 0.00818956 0.00077163 0.00924683 0.03879264 0.23803257 0.10604748 0.31142598 0.05892133 0.09359776 0.07795696 0.08248380 0.02789113
0.03359412 0.00688920 0.00092018 0.00881232 0.05724409 0.23689232 0.09796627 0.31079566 0.05413404 0.09851576 0.08686734 0.08502390 0.03032298
0.03344912 0.00248152 0.00091465 0.00351491 0.03533352 0.23517504 0.10623159 0.31021920 0.05085369 0.10196706 0.07680325 0.08098984 0.02874528
0.03644038 0.00395528 0.00091265 0.00072935 0.03392486 0.23345143 0.10803102 0.30925985 0.05101391 0.10124979 0.08030665 0.08139627 0.02514862
0.03557345 0.00442934 0.00139626 0.00476731 0.03184750 0.23421969 0.10290060 0.31000796 0.05617807 0.11326367 0.08428472 0.08139678 0.02661206
0.03478778 0.00553435 0.00213450 0.00673080 0.03718777 0.23037893 0.10601550 0.31005380 0.05863209 0.09962290 0.07770984 0.08453828 0.02595798
0.03859982 0.00536969 0.00172467 0.00274063 0.04162325 0.23931970 0.10451865 0.31021326 0.05956713 0.08737633 0.08519294 0.08131871 0.02773458
0.03856259 0.01345915 0.00094804 0.01319233 0.06555616 0.23275486 0.10558321 0.31050432 0.06130707 0.08960793 0.08520946 0.08225812 0.03394561
0.03852808 0.00582625 0.00142098 0.00604274 0.07715517 0.23692147 0.10455123 0.31223055 0.05657295 0.09701970 0.08039738 0.08488835 0.03761388
0.03957167 0.00710113 0.00176542 0.00961485 0.05154531 0.23779296 0.10567595 0.31199826 0.04871090 0.10200854 0.07761663 0.08378714 0.03149949
0.04085366 0.00469366 0.00106375 0.00628319 0.04382345 0.23943661 0.11305127 0.31286057 0.05124854 0.10226391 0.07958124 0.08391581 0.03614982
0.04158685 0.00468751 0.00093273 0.00654207 0.04544876 0.24040159 0.11201292 0.31309034 0.06184783 0.10386918 0.07365175 0.08029449 0.04369145
0.04254592 0.00333502 0.00141593 0.00192773 0.00461719 0.24111298 0.10998565 0.31369498 0.05255235 0.10099320 0.08925483 0.08284460 0.03230874
0.04111829 0.00533997 0.00212238 0.00404866 0.02534813 0.24138067 0.10391699 0.31235530 0.06038780 0.08858367 0.08816729 0.08131056 0.02852995
0.04183969 0.00322235 0.00129381 0.00186662 0.02782624 0.24468739 0.10556538 0.31306130 0.05697165 0.08410446 0.08072967 0.08496698 0.02791769
0.04333364 0.00785680 0.00147295 0.00934399 0.03774116 0.24404572 0.10268261 0.30945685 0.05834545 0.09467996 0.08536504 0.08079582 0.02544077
0.04458982 0.00364432 0.00146128 0.00355193 0.05777115 0.24786625 0.10397641 0.30797313 0.05542017 0.09239494 0.07993116 0.08323066 0.02634987
0.04489938 0.00785978 0.00087840 0.00765615 0.06390885 0.24749902 0.10131524 0.30653935 0.05398650 0.08910572 0.07450740 0.08307010 0.02763709
0.04563696 0.01676209 0.00094143 0.01864838 0.05966468 0.24780810 0.09865987 0.30745081 0.04865866 0.09468965 0.08517996 0.08578160 0.02477147
0.04755967 0.00556227 0.00167508 0.00615609 0.05982250 0.24871105 0.09995295 0.30891010 0.05824739 0.10313530 0.07817325 0.08486187 0.02756088
0.04680068 0.00591594 0.00191655 0.00809649 0.04496474 0.24787399 0.09916081 0.30800429 0.05427022 0.10404350 0.08284467 0.08063284 0.02573909
0.04551399 0.00417137 0.00189629 0.00527090 0.03647236 0.24641329 0.10610317 0.31145501 0.04983567 0.09092481 0.08308813 0.08373887 0.03814445
0.04545951 0.00809898 0.00256203 0.01032084 0.02212622 0.24532928 0.10085718 0.31197341 0.05648407 0.08975538 0.07807734 0.08190051 0.02778376
0.04475860 0.00627153 0.00145374 0.00681030 0.03244739 0.24585144 0.09703952 0.31422240 0.05648663 0.09257473 0.08519767 0.07886908 0.03290579
0.04809956 0.00676447 0.00114496 0.00779455 0.03136662 0.24097217 0.10096471 0.31178047 0.05828589 0.09195029 0.07508997 0.08208846 0.03452261
0.05426932 0.00424590 0.00115272 0.00202332 0.00339986 0.24353396 0.10060884 0.31227191 0.05954950 0.09202415 0.07062252 0.08006368 0.03450334
0.05441944 0.00202745 0.00105894 0.00378483 0.00387367 0.23839652 0.09490271 0.31022926 0.05340910 0.09853174 0.08208730 0.08180002 0.03150815
0.05557788 0.00821887 0.00101969 0.01010263 0.03643119 0.23662180 0.09972130 0.30875601 0.05391494 0.10157351 0.07867107 0.08410207 0.04177791
0.05405901 0.00398232 0.00186671 0.00582204 0.04056410 0.23520400 0.09693006 0.30984750 0.06396867 0.09243936 0.07685294 0.08427796 0.02780992
0.05136195 0.00269210 0.00153437 0.00318748 0.00323569 0.23715579 0.09698209 0.30755430 0.05996741 0.08226996 0.08178578 0.08908073 0.03230241
0.05058078 0.00338695 0.00170606 0.00172778 0.00278813 0.23573257 0.10117811 0.30780211 0.06240795 0.07969767 0.07835437 0.08173223 0.02515045
0.05052161 0.00231003 0.00366039 0.00272648 0.03627911 0.24009365 0.09800513 0.30759129 0.05619809 0.09346848 0.07977285 0.08132583 0.03195297
0.04953107 0.00199190 0.00136614 0.00202325 0.02025344 0.23724003 0.10511976 0.30736594 0.04831794 0.11083201 0.07665632 0.07983707 0.02641167
0.04607330 0.00344370 0.00161051 0.00269413 0.03925629 0.23916060 0.12091773 0.31028637 0.04916993 0.10976583 0.07896090 0.08051831 0.02738654
0.04612512 0.00426031 0.00154407 0.00300687 0.05643971 0.23953131 0.10960100 0.31152006 0.04969819 0.10410574 0.08317327 0.08406641 0.03015527
0.04740429 0.01219948 0.00097070 0.01418571 0.05268245 0.23989119 0.10563216 0.31403946 0.05550044 0.09763177 0.08439460 0.08657217 0.05287151
0.04665331 0.01225202 0.00092043 0.01513676 0.03949601 0.24264235 0.10788162 0.31332325 0.05937576 0.08712874 0.08133780 0.08214359 0.04267003
0.04496241 0.00682787 0.00138121 0.00841668 0.04790311 0.24507992 0.10802396 0.31381770 0.05135667 0.08637846 0.07919049 0.08067893 0.03582006
0.04339324 0.00694750 0.00181140 0.00935369 0.01428105 0.24252181 0.10816898 0.31276203 0.05054413 0.09780101 0.07881345 0.08132758 0.02741509
0.04279713 0.00293345 0.00099513 0.00163943 0.00386488 0.24771992 0.10513242 0.31169144 0.06387796 0.09948233 0.07446240 0.08041373 0.02755683
0.04455805 0.00166125 0.00077051 0.00080531 0.00204568 0.24610585 0.09447970 0.31099689 0.05430193 0.09380254 0.08667572 0.07821489 0.02913965
0.04457027 0.00173462 0.00072625 0.00152368 0.00209146 0.24926168 0.10110269 0.30922886 0.05529881 0.08986817 0.07776571 0.07951490 0.03701354
0.04374676 0.00784454 0.00107250 0.01193155 0.01800699 0.24979067 0.09854494 0.30752815 0.05927003 0.09282475 0.07677134 0.08084437 0.02488335
0.04297156 0.00370687 0.00068946 0.00228511 0.02221846 0.24955216 0.09870434 0.30730527 0.05558985 0.09864663 0.07856705 0.08281773 0.02735749
0.04210483 0.00951758 0.00063719 0.00807125 0.01231425 0.25008121 0.09847321 0.30724753 0.05648566 0.09840152 0.07606505 0.08389979 0.03725364
0.04050869 0.00333811 0.00102963 0.00346396 0.00502672 0.24868816 0.10010184 0.30898712 0.05744011 0.09717347 0.07385561 0.08109195 0.04098697
0.03909245 0.00236396 0.00084181 0.00167554 0.03264619 0.24984237 0.09543178 0.30949281 0.06346426 0.09669659 0.08435035 0.07851549 0.02472821
0.03812382 0.00254286 0.00379218 0.00287597 0.03475303 0.24284951 0.10024162 0.31181006 0.06032876 0.09755349 0.07420921 0.08394717 0.02429624
0.03820677 0.00569993 0.00089104 0.00669056 0.04105701 0.24437333 0.09320568 0.31260221 0.05413331 0.09492364 0.08304294 0.07935955 0.02552619
0.03802854 0.01075196 0.00176759 0.01030657 0.05042868 0.23979936 0.09481538 0.31362633 0.05293480 0.09921446 0.07561955 0.07863771 0.02765805
0.03711626 0.00478742 0.00106967 0.00595620 0.05086308 0.23996875 0.10058679 0.31257230 0.05477236 0.09842550 0.07762322 0.08015226 0.02586661
0.03699956 0.00525409 0.00105248 0.00895516 0.05106214 0.23852010 0.10198814 0.31152616 0.05682965 0.10615815 0.07616209 0.08196519 0.02619314
0.03652224 0.00268716 0.00189156 0.00100486 0.02107683 0.23901767 0.10127785 0.31061028 0.06170728 0.10322917 0.07867944 0.08388991 0.02578924
0.03686872 0.00622449 0.00276076 0.00506453 0.02713877 0.23683698 0.09835084 0.30816343 0.07028140 0.09162673 0.07880897 0.08244116 0.02717242
0.03692653 0.00958081 0.00132141 0.00828763 0.03724550 0.23759277 0.09668474 0.30791429 0.05793081 0.09491673 0.08416519 0.08218672 0.02643161
0.03748141 0.00693222 0.00097613 0.00710963 0.04440907 0.23706817 0.10008360 0.31030018 0.06216079 0.10286438 0.07749607 0.07980305 0.02817394
0.03781172 0.00480093 0.00076031 0.00430052 0.05722340 0.23730951 0.10520179 0.30746254 0.05308201 0.10366192 0.07859406 0.08057229 0.03384879
0.03776298 0.00972501 0.00063401 0.00926750 0.04801711 0.23928832 0.10199864 0.30927074 0.05484280 0.10158890 0.07597427 0.08111475 0.03776899
0.03727984 0.00246948 0.00066306 0.00531319 0.06197695 0.23799997 0.10703888 0.30932859 0.05262594 0.10494220 0.07919513 0.07947986 0.03646255
0.03649598 0.00817803 0.00077255 0.00987438 0.04493207 0.24282292 0.10039651 0.31004191 0.06140767 0.10072079 0.08027060 0.08091591 0.03649404
0.03599192 0.01500486 0.00078055 0.01503895 0.04458857 0.24217413 0.10341953 0.31193967 0.05519082 0.08834282 0.08587469 0.08214382 0.04428579
0.03532182 0.00523652 0.00070724 0.00384290 0.04459399 0.24486724 0.10334278 0.31286490 0.06103702 0.08422297 0.08575812 0.08437677 0.03255639
0.03530484 0.01040396 0.00079227 0.00970892 0.04452486 0.24708676 0.10475747 0.31402223 0.06075085 0.09464121 0.07804769 0.08095218 0.03112649
0.03568055 0.00633085 0.00075038 0.01016494 0.04149188 0.24764538 0.10127827 0.31282599 0.05526457 0.10389196 0.08028357 0.07837017 0.04625287
0.03547476 0.00461389 0.00099300 0.01032888 0.04484825 0.24915690 0.09941455 0.31204614 0.04806710 0.10374320 0.07716469 0.08292764 0.03690322
0.03676325 0.00638656 0.00216569 0.00887765 0.02952307 0.24890964 0.09629948 0.31024572 0.05175492 0.10695889 0.06797103 0.08120412 0.03940285
0.03830062 0.00389780 0.00099724 0.00513428 0.02089232 0.24479500 0.09984775 0.30804905 0.05251381 0.10357765 0.08348751 0.07959837 0.04077113
0.04032167 0.00482255 0.00092959 0.00308402 0.02935067 0.24692249 0.09787693 0.30690442 0.06743709 0.09672073 0.07666253 0.07980443 0.03203354
0.04016881 0.00409523 0.00131384 0.00142166 0.02745477 0.24807405 0.10139863 0.30453529 0.06424722 0.08064713 0.08732761 0.08239077 0.03120242
0.04235879 0.00254458 0.00054452 0.00391448 0.02458157 0.24505334 0.10292317 0.30556875 0.06216792 0.07912161 0.08214259 0.08284217 0.02497345
0.04408011 0.00308857 0.00064653 0.00362160 0.02377567 0.24864871 0.10089199 0.30562985 0.06157806 0.08906004 0.08566418 0.08346084 0.02792535
0.04398007 0.00481163 0.00071932 0.00512413 0.03384635 0.24526877 0.09649994 0.30643123 0.05146986 0.10451626 0.08025244 0.07856669 0.02602818
0.04189966 0.00751146 0.00115710 0.00647769 0.04127354 0.24568877 0.09760683 0.30946418 0.04586202 0.10959703 0.07516160 0.07906703 0.02770838
0.04374207 0.00217385 0.00143905 0.00086809 0.01118563 0.24364660 0.09731442 0.30852040 0.04873386 0.10713107 0.06861243 0.07773697 0.02512531
0.04313196 0.00184328 0.00109175 0.00044863 0.00330495 0.24248774 0.10237311 0.31126059 0.05485656 0.09840701 0.07909984 0.08030511 0.02598596
0.04242467 0.00245915 0.00086515 0.00054599 0.00095619 0.23954641 0.10245385 0.31059330 0.06258642 0.08473526 0.07579574 0.07947706 0.02483925
0.04060702 0.00178195 0.00091610 0.00126451 0.02489803 0.23924574 0.09596493 0.31082570 0.06067649 0.07802230 0.08751653 0.07864240 0.02437669
0.03911373 0.00264902 0.00270825 0.00447771 0.05519902 0.23610710 0.09562005 0.30914076 0.06224602 0.07752475 0.08109802 0.08144962 0.02572948
0.03914671 0.00976140 0.00120466 0.01055313 0.05326010 0.23659867 0.09493269 0.30918375 0.06248701 0.09502275 0.07929869 0.08646627 0.02595793
0.03905365 0.00699327 0.00182744 0.00729886 0.06756254 0.23847329 0.09784925 0.30893539 0.05153369 0.10537598 0.07225271 0.08083160 0.02707151
0.03961477 0.00304104 0.00176667 0.00537911 0.05538437 0.23636416 0.10648839 0.30845735 0.04421007 0.12210388 0.06933937 0.08247806 0.02500642
0.04089148 0.00512088 0.00135323 0.00583776 0.06440576 0.23741462 0.11134425 0.30889232 0.04046187 0.11666603 0.06590127 0.08046380 0.03427567
0.04196743 0.00496261 0.00109244 0.00346366 0.03778828 0.24003303 0.10306960 0.30716370 0.05295680 0.09781299 0.07872976 0.08191120 0.02850601
0.04239163 0.00805166 0.00053385 0.00957598 0.04415143 0.23847142 0.10647669 0.30915679 0.07138476 0.08147096 0.08428423 0.08248408 0.02892747
0.04313563 0.00804913 0.00073095 0.00672140 0.02229793 0.24301212 0.11222980 0.30830194 0.06827063 0.06834486 0.09378593 0.08139074 0.02936171
0.04094441 0.00241849 0.00139979 0.00274835 0.00176477 0.24140810 0.11045111 0.30837267 0.05982436 0.07237559 0.08691233 0.08301414 0.03864104
0.04141736 0.01234430 0.00091735 0.01386175 0.03456018 0.24284670 0.10847323 0.30979095 0.05476961 0.09356264 0.08257413 0.08484814 0.03653504
0.04335227 0.00642363 0.00070590 0.00731609 0.05437434 0.24040303 0.11660007 0.31144466 0.05650167 0.10899539 0.07991400 0.08435321 0.03081896
0.04231794 0.01138125 0.00096394 0.01394162 0.04511351 0.24665862 0.11347480 0.31147708 0.04287614 0.11002195 0.07602907 0.08052947 0.03510624
0.04053242 0.01058404 0.00085817 0.01046821 0.01508995 0.24379639 0.10889767 0.31116732 0.05411354 0.09795093 0.07332830 0.08010564 0.03683034
0.03908920 0.00495455 0.00082401 0.00487184 0.03685025 0.24838949 0.10793923 0.31145562 0.06009812 0.08707058 0.07728938 0.08157318 0.02975815
0.03845206 0.00269194 0.00148951 0.00090107 0.00310183 0.24671320 0.10730571 0.31104347 0.06350941 0.08028732 0.09261870 0.08239991 0.02688311
0.03791186 0.00277888 0.00148801 0.00356462 0.03083507 0.24925776 0.10143460 0.30920806 0.06397814 0.07394540 0.08733749 0.08274488 0.02645378
0.03616217 0.00850278 0.00146153 0.00772727 0.05461783 0.24963137 0.10722891 0.30697077 0.05311157 0.08081647 0.08062425 0.08157941 0.02509444
0.03664453 0.00531058 0.00098929 0.00637357 0.02353227 0.24827938 0.09915568 0.30674522 0.05512151 0.10010781 0.07844102 0.08099478 0.02732523
0.03762015 0.00212851 0.00103146 0.00150321 0.03771005 0.25049755 0.10090184 0.30692485 0.06004390 0.11386955 0.07123806 0.08408988 0.04381306
0.03616347 0.00145408 0.00130548 0.00054738 0.00118461 0.24995275 0.09745009 0.30700491 0.04201951 0.11124784 0.07662925 0.08033811 0.02601336
0.03412005 0.00132036 0.00077830 0.00053431 0.00101555 0.24864359 0.10215008 0.30912167 0.04566467 0.09877292 0.06722662 0.08007023 0.02404704
0.03201123 0.01246978 0.00080027 0.01388104 0.03204021 0.24792605 0.09665926 0.31069640 0.05570099 0.08699891 0.07907140 0.07732205 0.02450057
0.03274969 0.00407367 0.00059748 0.00243790 0.03676392 0.24506664 0.09921114 0.31197536 0.06244020 0.07611938 0.08082135 0.08045899 0.02611553
0.03318098 0.00347041 0.00062829 0.00483310 0.04104371 0.24305685 0.09552409 0.31191967 0.05774036 0.07065744 0.08088125 0.07915547 0.02437795
0.03431446 0.00639966 0.00057871 0.00526251 0.05799743 0.23751028 0.10297058 0.31385816 0.05480420 0.07937218 0.07012360 0.07944542 0.02592513
0.03368304 0.01372671 0.00064450 0.01290736 0.05867293 0.23721833 0.10040504 0.31201611 0.04882182 0.09920744 0.07178387 0.07989995 0.02648937
0.03358478 0.00523313 0.00082412 0.00674501 0.04834011 0.23607505 0.10646913 0.31149983 0.04288924 0.10787218 0.06792860 0.08156533 0.03693332
0.03316314 0.00546563 0.00082185 0.00656905 0.04397026 0.23611352 0.09915056 0.30962829 0.04836534 0.09871309 0.07248097 0.08255805 0.03183633
0.03350294 0.00547427 0.00132896 0.00484237 0.02836436 0.23980081 0.10572676 0.31115948 0.05517547 0.08149175 0.07508109 0.08144324 0.02971819
0.03248233 0.00278972 0.00275812 0.00311029 0.03584703 0.23604956 0.10700262 0.30877904 0.05553071 0.07517581 0.08431009 0.08041022 0.03424003
0.03496488 0.00617991 0.00211650 0.00390142 0.00845166 0.24122864 0.10638504 0.30907648 0.07439316 0.07399030 0.08463705 0.08072054 0.03305736
0.03651748 0.00417171 0.00157129 0.00390652 0.00710854 0.23903700 0.09580291 0.30957306 0.07144859 0.08455429 0.08559930 0.08180895 0.05371375
0.03607178 0.00258875 0.00090765 0.00343416 0.03263274 0.24309322 0.11000501 0.30914623 0.04946348 0.09372940 0.07453454 0.08050305 0.02704937
0.03627903 0.00175012 0.00159476 0.00084796 0.00093329 0.24234526 0.10132029 0.30652504 0.04711700 0.10574281 0.07977239 0.08023477 0.03500733
0.03651389 0.00338558 0.00089515 0.00239753 0.00333481 0.24239388 0.10725476 0.30856135 0.07126163 0.10430801 0.07397797 0.08050110 0.02696576
0.03607716 0.00307456 0.00074607 0.00103243 0.00394825 0.24426019 0.10292597 0.30773469 0.05047573 0.09292132 0.08061350 0.08244289 0.03131988
0.03756911 0.00286300 0.00043338 0.00064398 0.02829249 0.24351764 0.10674127 0.30979192 0.05449169 0.08218600 0.07764786 0.08133349 0.02929726
0.03693141 0.00483355 0.00117872 0.00523031 0.04732447 0.24315542 0.10492114 0.30914264 0.05411410 0.08199304 0.08227722 0.08068702 0.02617101
0.03713737 0.00433369 0.00068300 0.00453912 0.02351937 0.24490595 0.10745255 0.31203384 0.05817251 0.08484721 0.07876013 0.07673198 0.03249392
0.03754313 0.00446398 0.00088659 0.00403816 0.03875851 0.24369949 0.09673782 0.31080354 0.05554749 0.08545750 0.08167299 0.07912245 0.02762445
0.03826442 0.01045547 0.00081520 0.01024208 0.03913451 0.24471048 0.10035253 0.31049207 0.05577326 0.08878945 0.06865784 0.08056013 0.02791175
0.03977204 0.01014735 0.00075319 0.00910058 0.03645999 0.24162256 0.09749355 0.30846921 0.04986185 0.09996243 0.08460040 0.08000304 0.04307948
0.03987217 0.00575547 0.00090123 0.00738538 0.06372321 0.24499022 0.09979746 0.30714735 0.05956086 0.10031795 0.07358465 0.08164066 0.02913054
0.04019763 0.00879579 0.00109617 0.01039158 0.05680195 0.24378634 0.09675557 0.30586048 0.05815420 0.08931397 0.07316408 0.08243845 0.02557474
0.03963261 0.00521873 0.00064396 0.00550276 0.05609102 0.24492308 0.09448548 0.30622588 0.04749005 0.07898200 0.07531591 0.08510057 0.04783340
0.03676757 0.00758152 0.00081397 0.00730465 0.04392601 0.24338821 0.10049259 0.30708150 0.05895076 0.08569487 0.07155830 0.08275835 0.02515997
0.03625092 0.00613821 0.00074684 0.00651146 0.03102284 0.24405107 0.10081748 0.31043547 0.05859490 0.08886973 0.07957397 0.07892543 0.04589047
0.03566006 0.00376470 0.00083651 0.00354265 0.00541445 0.24070136 0.11043589 0.30961817 0.05713848 0.08393806 0.07857582 0.07967045 0.02772931
0.03380281 0.00760285 0.00160467 0.01164817 0.01843564 0.24268937 0.09973538 0.31230428 0.05452761 0.08311121 0.07215626 0.07901138 0.03378061
0.03343386 0.00184181 0.00096172 0.00157875 0.00143004 0.23909914 0.10490338 0.31214810 0.05178295 0.09307440 0.07984089 0.08127823 0.02461299
0.03387592 0.00868362 0.00073610 0.01054913 0.01946507 0.24384446 0.09812374 0.31250576 0.05390931 0.09427522 0.08129405 0.08010271 0.03055520
0.03521916 0.00610322 0.00046155 0.00488382 0.04550405 0.24036019 0.10153016 0.31059620 0.05099448 0.08768860 0.06978383 0.07906816 0.02733427
0.03552980 0.00790908 0.00136960 0.01182615 0.01774124 0.24321008 0.10074675 0.31009350 0.04994732 0.08744259 0.07680149 0.08338669 0.02657853
0.03500149 0.00450036 0.00066997 0.00164440 0.03790594 0.24222203 0.10183468 0.31011379 0.05982172 0.09081913 0.07533104 0.08208612 0.02822120
0.03490383 0.00663821 0.00068858 0.00485583 0.04547693 0.24071427 0.10521206 0.30790051 0.05571207 0.07864570 0.08511828 0.08326881 0.02602957
0.03448833 0.00246021 0.00186549 0.00093982 0.02671053 0.24820105 0.10614012 0.30908725 0.05685996 0.06716626 0.07578097 0.08157664 0.02770357
0.03343160 0.00643860 0.00129982 0.00752759 0.01770648 0.24291088 0.10110918 0.30772445 0.04619004 0.07465772 0.07663379 0.07836881 0.02375088
0.03236589 0.01005731 0.00118481 0.00900994 0.03021293 0.24864491 0.10831463 0.30915827 0.04546662 0.08966430 0.07278943 0.07967916 0.02507608
0.03150224 0.00893318 0.00178411 0.01119774 0.05346861 0.24718430 0.10237761 0.30875983 0.04689913 0.09600533 0.07094337 0.07952443 0.02916415
0.03140688 0.00738294 0.00376947 0.00861724 0.05489099 0.24873895 0.10360403 0.30868896 0.04143342 0.08458343 0.07450121 0.08558965 0.04816728
0.03173362 0.00633060 0.00107190 0.00730945 0.06019420 0.24795642 0.10233959 0.31055658 0.05546626 0.07268103 0.07133438 0.08202230 0.03832851
0.03289649 0.00677147 0.00071828 0.00625290 0.05083483 0.24910350 0.10573715 0.30898551 0.05169278 0.06682624 0.08037939 0.08607585 0.04103275
0.03423937 0.01464136 0.00061218 0.01411136 0.04024358 0.24527403 0.10097539 0.30799333 0.05408078 0.06343555 0.08220551 0.07965505 0.02822684
0.03498835 0.00926874 0.00139490 0.00813604 0.05588149 0.24437591 0.09368245 0.30957131 0.04937618 0.07341443 0.07204106 0.07938012 0.03225998
0.03466739 0.00582778 0.00245924 0.00516514 0.05048465 0.24205819 0.09569191 0.30693465 0.04152576 0.08222935 0.06924090 0.07677976 0.03652618
0.03509827 0.00640129 0.00451685 0.00718880 0.03889590 0.24303345 0.10184990 0.30785151 0.04305958 0.09534909 0.06258365 0.08322585 0.02523452
0.04163105 0.01374761 0.00217783 0.01496413 0.04177673 0.24415229 0.09384244 0.30663001 0.04232979 0.08515286 0.07368176 0.08039025 0.03532944
0.04443773 0.00365547 0.00161407 0.00229168 0.03695693 0.24252032 0.11904529 0.30688372 0.04316680 0.06562722 0.07183698 0.08014576 0.03815360
0.04503721 0.00311536 0.00149849 0.00159322 0.00481004 0.24376991 0.10691315 0.30516299 0.04942524 0.06340499 0.07945333 0.08070644 0.02963448
0.04537553 0.01322363 0.00149369 0.01316879 0.03273311 0.24302856 0.10570896 0.30605926 0.05316473 0.06992147 0.07965562 0.08311130 0.02729259
0.04660749 0.00882245 0.00109415 0.00681714 0.02322708 0.24091669 0.11007439 0.30466169 0.05173034 0.06939832 0.07549840 0.08124510 0.02752944
0.04557598 0.01309844 0.00102822 0.01272990 0.03453747 0.24136808 0.10911957 0.30709152 0.04341651 0.07131768 0.06851810 0.08169770 0.02723771
0.04633147 0.00668682 0.00073203 0.00761978 0.03496644 0.23597293 0.10484043 0.30720053 0.04295246 0.07872165 0.07674430 0.07935081 0.03826260
0.04415835 0.00938192 0.00069613 0.01108935 0.06311993 0.23646907 0.10612527 0.30877949 0.04845220 0.07997479 0.07098744 0.08091565 0.02955782
0.03913281 0.00544200 0.00124163 0.00393738 0.04192341 0.23337019 0.10338179 0.30929680 0.05133337 0.07905949 0.07603304 0.08376196 0.03928251
0.03610047 0.01228389 0.00158348 0.01467512 0.05572759 0.23136088 0.10719922 0.30796689 0.05085331 0.07134841 0.06875511 0.07914841 0.02695027
0.03258529 0.00450271 0.00155421 0.00444671 0.03516316 0.23394839 0.10802977 0.30800404 0.04813256 0.07712922 0.07216501 0.08183474 0.03299920
0.03175613 0.01901427 0.00112160 0.01807841 0.06501756 0.23172981 0.10927160 0.30767714 0.04771483 0.07793213 0.07438517 0.08119565 0.03062906
0.03222519 0.00497010 0.00103278 0.00738284 0.05282735 0.23804800 0.10740110 0.30790008 0.04541338 0.07570121 0.08486099 0.08508196 0.03177771
0.03301117 0.00424016 0.00088639 0.00455389 0.04001951 0.23843405 0.11261945 0.30835064 0.05455613 0.07435238 0.07381125 0.08192386 0.03929481
0.03392600 0.00524870 0.00065653 0.00591599 0.03311302 0.24231646 0.10929932 0.30810720 0.04675606 0.07903293 0.09022767 0.07984650 0.03363423
0.03287548 0.00898788 0.00068450 0.01001374 0.05343237 0.24194842 0.11251689 0.30850040 0.05721003 0.09244562 0.07218955 0.07885437 0.02695904
0.03177583 0.00443929 0.00133258 0.00227988 0.03680672 0.24496052 0.10521032 0.30873231 0.04727813 0.09473050 0.07919281 0.08763080 0.02877543
0.03126159 0.00576122 0.00188356 0.00371183 0.02817926 0.24476303 0.10718843 0.30715262 0.04998793 0.08853458 0.07542104 0.08079706 0.03555234
0.03197487 0.00515538 0.00135298 0.00557341 0.02833943 0.24448191 0.10936519 0.30517979 0.05363852 0.08015182 0.07568907 0.08356805 0.03015296
0.03408767 0.00153225 0.00133345 0.00123692 0.04707967 0.24726509 0.10313498 0.30608462 0.05323256 0.07584299 0.07795202 0.08154500 0.02685667
0.03474757 0.00579360 0.00140340 0.00690909 0.03982729 0.24608367 0.10108710 0.30550835 0.05368581 0.08177977 0.08563684 0.08414819 0.02645209
0.03763347 0.00304814 0.00088566 0.00182105 0.03111764 0.24583915 0.10173911 0.30619829 0.06057144 0.08205456 0.07643362 0.08196192 0.02807137
0.04004282 0.00419258 0.00082287 0.00695396 0.05026321 0.24397323 0.09564755 0.30555483 0.04760068 0.09130501 0.07726216 0.07980700 0.02719270
0.04116863 0.00261371 0.00076796 0.00496434 0.01529343 0.24784836 0.11225989 0.30795384 0.04882662 0.09953208 0.07078149 0.07860502 0.03279813
0.04090283 0.00464959 0.00067465 0.00424662 0.02088583 0.24302225 0.10191146 0.30816407 0.05855852 0.10062775 0.07185728 0.07911732 0.02615116
0.03942931 0.00438916 0.00077490 0.00265242 0.01461302 0.24661721 0.09841757 0.30965473 0.04755139 0.09172956 0.07631693 0.08291050 0.03671538
0.03779244 0.00262727 0.00404045 0.00126235 0.00877107 0.23976033 0.10188690 0.30815514 0.05662658 0.08246564 0.07610751 0.08356372 0.02734127
0.03656442 0.00318984 0.00110744 0.00189457 0.03854470 0.24340750 0.10129959 0.30841371 0.05892364 0.07153736 0.08409104 0.08094576 0.02712555
0.03659158 0.00827278 0.00101840 0.00817197 0.04709079 0.23964871 0.10716459 0.30848838 0.05132626 0.07298034 0.08357921 0.08265141 0.02746782
0.03623424 0.00848601 0.00076589 0.01018476 0.05799764 0.23767618 0.10423093 0.30766299 0.04799698 0.08752013 0.07399063 0.08309479 0.02718469
0.03521916 0.00687179 0.00073482 0.00769652 0.04950859 0.23468891 0.10801201 0.30889910 0.05025756 0.09784177 0.07263735 0.08273491 0.03819249
0.03457887 0.00668566 0.00093699 0.00885638 0.04547120 0.23185633 0.10275721 0.30981449 0.04540442 0.09299287 0.08146856 0.08114019 0.04000282
0.03430191 0.00942816 0.00073504 0.00921030 0.05240143 0.23137508 0.11434738 0.31003024 0.05861088 0.08579759 0.06896290 0.08067488 0.02834311
0.03463523 0.00772548 0.00136554 0.00833821 0.04520231 0.22903124 0.11461281 0.31015650 0.05128820 0.08081941 0.07696551 0.08166543 0.02848867
0.03382065 0.00668020 0.00069191 0.00562773 0.04734279 0.22832800 0.11104895 0.30963396 0.05220608 0.07724970 0.08503672 0.08186979 0.03687562
0.03119698 0.00618866 0.00086463 0.00525846 0.04286761 0.22901898 0.11250277 0.30977149 0.05833629 0.07453844 0.08438453 0.08194839 0.04005526
0.02977744 0.00537369 0.00118510 0.00757478 0.05728654 0.22966297 0.11123987 0.30843894 0.04799790 0.07974916 0.08047401 0.08206068 0.03615511
0.02918786 0.00357957 0.00096533 0.00305509 0.05500033 0.23230289 0.11223647 0.30937150 0.04708574 0.08928326 0.07600549 0.08360571 0.03030367
0.02842205 0.00476546 0.00103387 0.00571755 0.03205043 0.23589197 0.10864860 0.30904719 0.05932502 0.10183438 0.07510239 0.08486096 0.03093329
0.03085515 0.00272387 0.00189482 0.00180976 0.02863616 0.23686798 0.11126022 0.30932361 0.05499172 0.10227055 0.07696337 0.08280568 0.03036164
0.03226060 0.00228583 0.00150525 0.00372913 0.00345945 0.24472734 0.10791050 0.31139378 0.06613499 0.09238297 0.08487385 0.08127033 0.04211989
0.03349746 0.00427636 0.00167813 0.00422068 0.03036832 0.24093533 0.11561203 0.31162623 0.05649764 0.08868606 0.08514113 0.08111351 0.02878871
0.03404430 0.00806260 0.00087334 0.00611622 0.03177283 0.24651917 0.11400859 0.31212103 0.05831602 0.08596509 0.08426831 0.08237699 0.02868599
0.03369872 0.01079029 0.00081807 0.01084394 0.04745696 0.24383609 0.10900028 0.31137131 0.05533779 0.09523373 0.08741447 0.08214094 0.02680097
0.03374608 0.00495621 0.00253162 0.00455377 0.05432513 0.24576270 0.10867182 0.31082101 0.05717737 0.09208429 0.07709931 0.08136946 0.03083626
0.03360192 0.00724617 0.00083785 0.00942946 0.06543258 0.24386877 0.10260632 0.31098463 0.05917577 0.10198475 0.08015370 0.08150737 0.02795229
0.03345234 0.00889989 0.00124966 0.01089915 0.04079142 0.24573879 0.10156417 0.31111359 0.05499322 0.10488574 0.07723335 0.08461781 0.04630545
0.03244830 0.00613308 0.00091137 0.00806325 0.04455261 0.24429050 0.10105176 0.30968944 0.05599501 0.10723308 0.07624676 0.08367528 0.02886773
0.03136487 0.01391636 0.00228523 0.01403628 0.03263836 0.24425008 0.09862860 0.31049153 0.05122706 0.09714500 0.07473058 0.08119679 0.02782069
0.03041234 0.00512967 0.00104052 0.00402436 0.04376817 0.24540341 0.09817213 0.31011621 0.05093479 0.08698471 0.07830404 0.08850310 0.02830554
0.03253793 0.00254698 0.00303510 0.00218133 0.03540825 0.24401448 0.10328725 0.31045773 0.06140499 0.08643956 0.07507412 0.08031652 0.02443211
0.03624365 0.00311870 0.00157865 0.00081360 0.00781609 0.24392072 0.10290353 0.30832768 0.05528304 0.08751107 0.08324894 0.08401823 0.02549459
0.03856122 0.00633830 0.00101999 0.00631063 0.04148081 0.24036492 0.10913543 0.30974135 0.05951421 0.08044183 0.07441420 0.08100135 0.02732169
0.04049701 0.00679855 0.00361318 0.00931137 0.05815129 0.23657137 0.10195377 0.30901084 0.05578524 0.09284538 0.07867418 0.08040290 0.05036650
0.04088656 0.00921029 0.00189331 0.00730040 0.04997249 0.23624593 0.10467607 0.30899782 0.06380900 0.10895105 0.07683862 0.08326503 0.02888192
0.03737677 0.01257802 0.00140100 0.01234464 0.05322124 0.23222932 0.10986194 0.30871538 0.05636252 0.11137980 0.07711639 0.08347311 0.03109956
0.03645203 0.00383808 0.00128965 0.00461485 0.03890380 0.23322683 0.11071814 0.30946115 0.05246456 0.09673725 0.07470170 0.08525296 0.03247908
0.03524797 0.00400213 0.00152139 0.00654324 0.03704461 0.22833029 0.11405121 0.30901293 0.05307984 0.08500220 0.08908958 0.08178841 0.04508275
0.03451525 0.00784219 0.00231356 0.00579954 0.05944709 0.22679161 0.11009260 0.30956686 0.06140528 0.09043550 0.08304882 0.08227381 0.03019513
0.03404081 0.00556118 0.00204331 0.00758385 0.02616281 0.22824722 0.10134015 0.30834628 0.06065537 0.09197269 0.09215462 0.08121323 0.03516197
0.03487000 0.00263518 0.00183706 0.00264165 0.02032640 0.23277514 0.11105279 0.30998100 0.05606298 0.09221992 0.08040023 0.08099204 0.03652293
0.03572127 0.00691172 0.00108434 0.00710684 0.04385182 0.23305383 0.10205348 0.30833459 0.05339955 0.09557356 0.08285217 0.07930060 0.02751247
0.03562203 0.00718835 0.00079354 0.00544550 0.03749887 0.23854520 0.10576471 0.30829078 0.06230962 0.09971469 0.07650295 0.07999289 0.02841382
0.03425628 0.00838669 0.00090912 0.01268698 0.04679952 0.23704616 0.10097710 0.30738388 0.05912100 0.09646503 0.08596628 0.08501287 0.03066042
0.03292183 0.00353900 0.00093863 0.00435889 0.05112907 0.24133400 0.10473935 0.30788121 0.05829482 0.09181668 0.07140692 0.08229744 0.02778715
0.03159246 0.00913565 0.00081019 0.01145833 0.04298507 0.24365691 0.10370802 0.30840172 0.05290952 0.09255261 0.08358253 0.08241213 0.02766819
0.02947966 0.00655479 0.00129683 0.00857320 0.03896989 0.24479736 0.10201686 0.30888396 0.05944925 0.09664893 0.08562153 0.07768848 0.02656736
0.02783381 0.00484522 0.00103805 0.00597613 0.04644197 0.24675263 0.09624989 0.30894311 0.05570675 0.09833580 0.08859381 0.07976212 0.03412750
0.02603117 0.01249160 0.00108768 0.01288255 0.05713699 0.24719326 0.09633130 0.31002570 0.05882593 0.08643055 0.07576536 0.07997447 0.02771289
0.02535415 0.00855124 0.00384357 0.00833531 0.04612009 0.24828288 0.08995218 0.30689711 0.05980865 0.09559894 0.07886757 0.08094174 0.04062719
0.02530496 0.01110262 0.00144109 0.01283841 0.06323250 0.24485513 0.09641390 0.30815425 0.05639456 0.10276795 0.07336828 0.07879265 0.02445448
0.02583301 0.00802960 0.00121783 0.00786613 0.02581217 0.24589182 0.09440407 0.30682236 0.04811146 0.09979881 0.07824360 0.08193945 0.04001025
0.02727599 0.00996094 0.00149528 0.01228692 0.03307356 0.24260590 0.09654435 0.30713364 0.04732178 0.09623050 0.07302216 0.08138180 0.03796929
0.02933163 0.00873328 0.00075535 0.00916736 0.04644296 0.24061742 0.09587747 0.30726902 0.05156851 0.09751368 0.07337627 0.08135841 0.03847471
0.03088000 0.00398015 0.00086312 0.00340764 0.04988841 0.23896768 0.10173436 0.30840468 0.06059048 0.09813178 0.07991939 0.08043172 0.02633972
0.02839666 0.00717589 0.00358494 0.01074220 0.02827737 0.23804078 0.10624711 0.30963265 0.05435221 0.09520551 0.08753562 0.08023935 0.04206713
0.02823834 0.00818271 0.00091092 0.00536713 0.05368632 0.23709838 0.10266053 0.31076356 0.05317984 0.08215251 0.08362592 0.08073017 0.03049065
0.02804946 0.01055968 0.00125906 0.01316073 0.03560994 0.23843931 0.10581521 0.31085712 0.05885906 0.08380208 0.07949668 0.08174774 0.03710914
0.02758942 0.00452392 0.00106765 0.00557214 0.04398087 0.23726509 0.10625886 0.30889500 0.05736979 0.08961568 0.07845532 0.08124259 0.02956509
0.02690519 0.00483975 0.00069055 0.00560455 0.03420347 0.23620497 0.10507251 0.30803058 0.05209960 0.09246036 0.07649848 0.07974655 0.03652377
0.02555291 0.00254736 0.00069939 0.00328050 0.04122619 0.23518030 0.10470816 0.30676384 0.04646838 0.09034966 0.06895887 0.08116735 0.03023230
0.02375880 0.00568085 0.00283245 0.00638964 0.03539254 0.23351940 0.10646361 0.30598584 0.04804448 0.09276529 0.07434094 0.08378011 0.02785845
0.02346441 0.00446422 0.00144551 0.00184112 0.01505107 0.23385773 0.11396015 0.30797768 0.05439930 0.09009440 0.07662085 0.08665911 0.03730990
0.02571292 0.00791277 0.00132921 0.00592101 0.01683078 0.23345400 0.10664128 0.30836514 0.05832253 0.07723167 0.07997541 0.08136453 0.02989524
0.02531279 0.00909704 0.00124611 0.01041197 0.05307896 0.23810365 0.10491757 0.31029155 0.05035275 0.06955281 0.07713260 0.08084263 0.03655716
0.02692100 0.00501414 0.00181076 0.00451477 0.03499423 0.23576916 0.10692452 0.31014547 0.06131320 0.08633050 0.07999948 0.08069775 0.02721904
0.02776480 0.00425978 0.00140740 0.00098365 0.00543784 0.24254221 0.10001056 0.31053573 0.06322618 0.09250348 0.07835665 0.07946300 0.02639588
0.02741117 0.01199376 0.00197905 0.01381404 0.06141525 0.24769811 0.09648701 0.31102402 0.05117368 0.09466863 0.06661546 0.07839800 0.02582928
0.02755521 0.00283894 0.00224588 0.00263700 0.02134098 0.25113385 0.09592504 0.30928782 0.04394253 0.10558909 0.06753698 0.07868897 0.02611570
0.02776549 0.00328212 0.00111229 0.00082821 0.04474343 0.25291928 0.09914355 0.30990494 0.05239416 0.10401758 0.07760243 0.08124340 0.02643612
0.02744091 0.00338861 0.00179716 0.00358086 0.03534340 0.25432977 0.09503518 0.30785192 0.05707086 0.09309761 0.07827806 0.08361429 0.02961342
0.02758619 0.00306275 0.00118389 0.00307213 0.03282462 0.25271999 0.09645464 0.30872715 0.05536904 0.07959512 0.08296389 0.08069314 0.03782289
0.02819900 0.00405122 0.00070156 0.00530239 0.03115935 0.25280230 0.09710989 0.30781400 0.06067176 0.07780634 0.08054404 0.07939169 0.02580880
0.02906078 0.01308672 0.00078123 0.01394752 0.01536764 0.24878991 0.09661619 0.30749079 0.06382265 0.08853096 0.07717037 0.07855443 0.03064688
0.02923134 0.00555031 0.00061840 0.00213070 0.02531586 0.24805616 0.09119648 0.30816142 0.05520199 0.09420802 0.07722862 0.08017275 0.03938902
0.02863294 0.00420045 0.00076952 0.00421829 0.02947204 0.24475805 0.09583741 0.30762805 0.04755072 0.09617339 0.06817102 0.07815249 0.02366336
0.02718217 0.00798190 0.00129064 0.00857024 0.02468299 0.24222594 0.09400276 0.30928428 0.05438168 0.10261126 0.07298102 0.07833152 0.03013547
0.02582075 0.00750028 0.00157673 0.00787388 0.03406390 0.23944158 0.10260056 0.31010596 0.04726495 0.11559075 0.08170485 0.08070389 0.03207111
0.02463376 0.00368976 0.00115618 0.00333160 0.00222632 0.23868133 0.10483809 0.31150269 0.05686602 0.10130080 0.08223221 0.08150442 0.03124518
0.02359764 0.00222615 0.00097930 0.00336107 0.00355491 0.23942568 0.10192209 0.31227353 0.06337676 0.08580852 0.08296902 0.08265323 0.03830581
0.02298832 0.00565799 0.00102674 0.00644382 0.04091127 0.23739497 0.10360637 0.31256902 0.06488769 0.08631290 0.08751436 0.08141016 0.03011362
0.02261913 0.01367630 0.00102450 0.01331392 0.06251712 0.23741761 0.10553169 0.31361101 0.07067821 0.09689103 0.08680378 0.08333984 0.02948972
0.02291691 0.00665096 0.00105046 0.00682045 0.08013931 0.23550015 0.10656134 0.31608290 0.06271110 0.10112104 0.08190061 0.08238871 0.02802700
0.02288530 0.01280882 0.00092040 0.01252039 0.05911638 0.23349144 0.09848531 0.31505421 0.04949637 0.10646669 0.08244491 0.08066414 0.03013886
0.02297027 0.00603949 0.00531963 0.00572214 0.04316791 0.23104348 0.11182945 0.31461406 0.05439485 0.10578948 0.07674165 0.08513268 0.03017826
0.02342866 0.00833367 0.00183277 0.00726799 0.05071774 0.23015371 0.11413996 0.31293969 0.06053265 0.10416311 0.08407162 0.08209757 0.02973643
0.02622486 0.00971726 0.00215636 0.01034626 0.05277440 0.22711376 0.10954948 0.31256839 0.05926406 0.09137418 0.08337396 0.08813488 0.02831172
0.03015848 0.00913033 0.00112417 0.01089842 0.05744067 0.23154529 0.10424669 0.31090696 0.06576279 0.08441563 0.07741064 0.08451136 0.03005148
0.03206013 0.00622541 0.00124284 0.00597911 0.05406071 0.23142789 0.10218348 0.31082248 0.05731542 0.09049258 0.09148274 0.08343797 0.03113220
0.03354278 0.01271430 0.00112174 0.01230399 0.03217505 0.23694712 0.10185372 0.31028707 0.05860911 0.09807790 0.08470574 0.08068710 0.03548206
0.03445664 0.00983888 0.00100577 0.00863431 0.04835658 0.24020415 0.11043320 0.31032968 0.06315360 0.09956077 0.07651264 0.08003133 0.02438210
0.03458360 0.00460794 0.00410381 0.00412149 0.05498446 0.24389078 0.10058682 0.30919569 0.05268323 0.10939465 0.08084178 0.07936927 0.02516225
0.03155993 0.00450840 0.00451812 0.00306913 0.02158605 0.24801362 0.10446609 0.31028396 0.05629342 0.10918992 0.08013798 0.08240225 0.03838393
0.03257958 0.00582704 0.00257169 0.00552512 0.05307316 0.24867268 0.10056461 0.31006558 0.05790439 0.10694167 0.08374096 0.08349734 0.02710553
0.03556866 0.00377247 0.00205391 0.00502033 0.03757821 0.25109076 0.09392461 0.31071164 0.06726943 0.09406802 0.07945359 0.08377151 0.03424417
0.03887618 0.00438805 0.00149310 0.00605893 0.04570952 0.25419957 0.09927781 0.30964656 0.05753374 0.09452300 0.07651874 0.08261815 0.04232707
0.04074374 0.00493770 0.00100914 0.00531586 0.03769715 0.25207349 0.10049605 0.31112136 0.05644991 0.09669011 0.07905929 0.08269461 0.03927677
0.04118956 0.00460617 0.00078460 0.00438074 0.03038436 0.25098566 0.09363012 0.30988556 0.06418644 0.09667225 0.08196596 0.07970304 0.02905077
0.04034778 0.00428677 0.00074293 0.00263484 0.00583367 0.24742179 0.09669842 0.31003759 0.05576504 0.09406128 0.07947981 0.07877322 0.03210657
0.03833981 0.00575913 0.00067777 0.00380204 0.00769390 0.24404223 0.10547157 0.31051582 0.05720831 0.09309097 0.07952133 0.08224266 0.02942040
0.03550448 0.00482952 0.00089737 0.00358197 0.03478590 0.24280214 0.10496392 0.31086090 0.07276468 0.09785658 0.07909465 0.08421349 0.03572420
0.03104163 0.01043002 0.00123415 0.01191605 0.03988575 0.23852840 0.10556282 0.31109939 0.05801929 0.09614306 0.08212049 0.08216365 0.02868789
0.02739398 0.00358202 0.00179053 0.00450981 0.03075202 0.24277281 0.09935210 0.30920568 0.05287487 0.10146225 0.08139435 0.08500365 0.02628545
0.02539414 0.01413880 0.00145237 0.01385903 0.05158771 0.23668009 0.10135504 0.30978687 0.05332182 0.09973794 0.08015106 0.08107440 0.03002172
0.02457987 0.00264739 0.00171486 0.00277711 0.03194870 0.24248039 0.10482422 0.31156780 0.05345149 0.10433499 0.08002242 0.08394371 0.04348781
0.02502576 0.01285722 0.00143324 0.01513036 0.03779330 0.23784696 0.10568043 0.31246819 0.05466387 0.09651329 0.08259136 0.08216290 0.03056881
0.02540499 0.00887667 0.00095923 0.00802220 0.05282348 0.24187735 0.10644741 0.31286722 0.06021975 0.08997810 0.08045270 0.08274672 0.03641983
0.02589921 0.00830247 0.00069581 0.00771284 0.04142063 0.23650547 0.10682250 0.31368636 0.05938593 0.08867280 0.08564793 0.08084359 0.03152766
0.02607097 0.00981213 0.00065180 0.01182682 0.05600437 0.23610884 0.10654771 0.31514219 0.05947578 0.09281882 0.08446644 0.08251330 0.03688802
0.02544913 0.00739099 0.00065744 0.00814466 0.03767130 0.23135931 0.10401573 0.31353866 0.05477224 0.09576285 0.08192389 0.08116065 0.02834681
0.02654749 0.00330603 0.00067716 0.00516800 0.02287184 0.23103921 0.10694163 0.31389211 0.05319450 0.09634916 0.07779535 0.07856788 0.02988146
0.02766720 0.00165065 0.00460476 0.00118453 0.03619001 0.22911893 0.10172005 0.31032201 0.04902708 0.11394952 0.07972007 0.08400209 0.02516243
0.02727866 0.00248109 0.00146339 0.00117639 0.04025740 0.23113270 0.09983803 0.31046498 0.05249197 0.10527480 0.07700886 0.08165421 0.02682089
0.02753749 0.00612647 0.00214550 0.00721789 0.04366472 0.23146836 0.09731715 0.30877242 0.05328418 0.10174396 0.08157201 0.08371194 0.02500564
0.02841119 0.00456214 0.00155904 0.00153462 0.03812382 0.23384190 0.09892369 0.30831120 0.06484742 0.09430689 0.07765379 0.08367394 0.02709834
0.02863993 0.01021202 0.00170627 0.00833222 0.04504305 0.23737728 0.10016685 0.31007607 0.05917579 0.09169731 0.08525280 0.08526741 0.02671514
0.03155074 0.00277820 0.00260604 0.00502284 0.04436022 0.24177830 0.09550659 0.30816412 0.05614653 0.09266243 0.08421341 0.08009485 0.02457900
0.03358478 0.00265721 0.00169235 0.00165246 0.00333502 0.24049558 0.10039931 0.30805956 0.06054149 0.09027349 0.08259935 0.08274483 0.03486195
0.03587618 0.00167133 0.00250598 0.00049531 0.00095363 0.24445358 0.10353656 0.30877614 0.05606507 0.09388402 0.08036173 0.07903428 0.02429407
0.03763395 0.00644220 0.00194615 0.00593725 0.01409248 0.24679253 0.09620419 0.30763774 0.06194475 0.09731055 0.08005337 0.08142748 0.02502085
0.03860449 0.00461255 0.00188818 0.00713301 0.05082497 0.24621102 0.09529952 0.30865055 0.05667399 0.09494337 0.07342759 0.08328686 0.02631499
0.03912974 0.00422697 0.00161281 0.00578444 0.02885764 0.24695597 0.10894065 0.30688210 0.04592030 0.09317088 0.07323348 0.08177700 0.02578110
0.03975581 0.00685552 0.00112547 0.00479453 0.02468104 0.24583066 0.09811440 0.30838161 0.05185895 0.09340088 0.07517161 0.08153263 0.04754999
0.03912623 0.00251775 0.00107478 0.00486553 0.04326415 0.24517325 0.09904166 0.30913444 0.06330441 0.09709598 0.08325590 0.07995501 0.02482639
0.03711139 0.00410372 0.00104106 0.00374322 0.02941308 0.24566175 0.10043638 0.30853946 0.05927978 0.08753686 0.08150324 0.07889738 0.02680878
0.03474458 0.00439746 0.00108374 0.00386168 0.02379334 0.24557025 0.09751117 0.30919341 0.05628712 0.08357316 0.08102312 0.08221964 0.03910434
0.03182034 0.00864187 0.00118820 0.00715980 0.04322080 0.24356890 0.10059965 0.30977519 0.06610589 0.09252993 0.08296882 0.08271339 0.02758658
0.02911975 0.01115599 0.00110509 0.01357308 0.04894441 0.24495204 0.10216061 0.30791908 0.06172567 0.09752221 0.07630959 0.08022874 0.03517034
0.02654540 0.00499049 0.00143049 0.00531495 0.03631287 0.24122608 0.10226128 0.30688781 0.05503072 0.09503639 0.07587319 0.08053595 0.03065343
0.02376002 0.00495313 0.00132134 0.00455572 0.04542509 0.24220977 0.10188310 0.30839798 0.05950533 0.09359108 0.07606482 0.08133314 0.04229818
0.02230506 0.00847532 0.00122799 0.01315038 0.03650637 0.24123674 0.10139462 0.30690480 0.04908891 0.09693295 0.07445539 0.08225412 0.04798919
0.02212978 0.00940067 0.00141367 0.00807285 0.03475256 0.23869721 0.10693559 0.30728382 0.05228286 0.09399420 0.08178042 0.08248769 0.02793767
0.02331493 0.00303346 0.00172270 0.00166566 0.00181213 0.23909014 0.10919595 0.30738986 0.05767404 0.08536285 0.07893034 0.07999935 0.04056778
0.02463361 0.00492314 0.00108869 0.00398132 0.04050591 0.23778520 0.10797438 0.31044140 0.05346981 0.08426498 0.07917862 0.08306347 0.02844904
0.02663057 0.01161228 0.00111750 0.01276947 0.02981275 0.23817227 0.11386161 0.31194523 0.04878208 0.09101167 0.07738455 0.08043509 0.03141081
0.02845024 0.00361349 0.00187820 0.00138394 0.01945054 0.23532724 0.10855472 0.31131124 0.05375841 0.09376462 0.07403276 0.08077744 0.03009228
0.02979431 0.00646068 0.00083594 0.00445279 0.02787713 0.23306514 0.10010230 0.31056644 0.05488360 0.09233501 0.07729926 0.08232866 0.02475577
0.03078686 0.00251959 0.00064004 0.00375003 0.03216671 0.23611339 0.09684600 0.30857984 0.06061445 0.09033466 0.07472622 0.08058477 0.02679336
0.03120713 0.00724075 0.00053244 0.00648333 0.04352816 0.23199500 0.09708375 0.30735295 0.05595122 0.09080774 0.07478982 0.08204351 0.02656770
0.03048540 0.00711466 0.00096076 0.00865517 0.04200728 0.23816842 0.10545546 0.30610948 0.05114093 0.09191194 0.08008723 0.08472907 0.02476704
0.02870023 0.00829598 0.00082955 0.00653435 0.03005079 0.23783098 0.09876136 0.30778004 0.05412008 0.08948829 0.07613144 0.08354423 0.02567174
0.02649833 0.00672398 0.00093459 0.00825593 0.03855536 0.24460710 0.09554709 0.30745722 0.05688275 0.09060773 0.07852348 0.07946995 0.02344376
0.02380345 0.00527464 0.00111565 0.00251626 0.04037877 0.24683680 0.09036108 0.30772802 0.05399205 0.09404497 0.07812406 0.08279132 0.02626236
0.02190726 0.00625221 0.00133527 0.00954632 0.01871370 0.24822855 0.09329618 0.30895975 0.05374530 0.09787884 0.06986206 0.07960892 0.02436422
0.02057418 0.00882617 0.00134115 0.00816309 0.03482822 0.25205695 0.09834318 0.30928693 0.04432760 0.09526029 0.06610897 0.07867289 0.02280426
0.02050607 0.01328723 0.00435808 0.01362654 0.05145490 0.25000275 0.09796342 0.31013962 0.04120744 0.09744419 0.07216646 0.07964408 0.02451260
0.02893246 0.00947722 0.00091482 0.01220640 0.06660239 0.25215063 0.09616133 0.31128610 0.04716375 0.09464282 0.07119108 0.08879620 0.02556115
0.03117237 0.00630457 0.00084919 0.01188160 0.03320528 0.25212333 0.09494064 0.31069780 0.05165500 0.08439647 0.08332448 0.08207008 0.03664956
0.03149404 0.00479982 0.00298365 0.00569467 0.03622102 0.25377326 0.09787051 0.31055189 0.05886574 0.07582192 0.07838442 0.08222322 0.02644587
0.03099910 0.00372758 0.00121759 0.00631666 0.04098435 0.25018515 0.09316927 0.30958985 0.06103369 0.07533565 0.07783339 0.07917098 0.03528209
0.03115574 0.00349490 0.00174034 0.00478635 0.05031227 0.25028322 0.09481098 0.30957257 0.05407050 0.08198135 0.07376250 0.08277130 0.02397677
0.03220799 0.00623040 0.00101866 0.00907551 0.01840003 0.24686724 0.09165959 0.30727655 0.04988563 0.09732553 0.07564030 0.07977770 0.02977546
0.03199251 0.00496508 0.00068930 0.00233250 0.04331956 0.24763703 0.09824987 0.30900725 0.05207545 0.10149793 0.07090956 0.08021167 0.02459036
0.03139327 0.00807781 0.00190963 0.00874341 0.05081249 0.24377186 0.09497932 0.30629556 0.05284770 0.09179069 0.08457972 0.08151218 0.02631840
0.02907306 0.00410004 0.00234187 0.00569375 0.06243104 0.24423485 0.10788583 0.30900448 0.05021019 0.09818469 0.07556758 0.07969911 0.02690957
0.02791201 0.00520419 0.00125037 0.00901962 0.06716896 0.24437746 0.10104583 0.31007230 0.06196984 0.09296939 0.07798713 0.08261743 0.02649034
0.02812665 0.00967918 0.00449468 0.01003431 0.03614311 0.24390001 0.10478895 0.31040486 0.06016093 0.08995647 0.08352846 0.08376736 0.02659214
0.02859493 0.00439190 0.00140487 0.00275440 0.00630107 0.24294667 0.10560968 0.31106676 0.06827163 0.09526737 0.08349079 0.07996160 0.02688208
0.02720269 0.00307140 0.00270822 0.00092827 0.03106686 0.24144716 0.10575393 0.31201265 0.06426432 0.10269090 0.08005132 0.07983968 0.02837842
0.02738083 0.00478650 0.00200820 0.00621685 0.02911175 0.23986832 0.09999339 0.31311652 0.06278143 0.10458203 0.08060146 0.07971173 0.02663913
0.04838209 0.00539650 0.00110396 0.00833358 0.04039088 0.24024129 0.10500255 0.31411032 0.05372223 0.10345043 0.07589710 0.08058285 0.03638673
0.04946862 0.00412734 0.00285149 0.00269185 0.02971732 0.23968813 0.09775844 0.31231311 0.05959520 0.10769699 0.08208372 0.07831358 0.02679966
0.05253635 0.00377786 0.00123463 0.00576976 0.00273104 0.24139916 0.09816674 0.31168748 0.06248959 0.10202636 0.08753050 0.08189629 0.04487128
0.05467866 0.00296587 0.00089846 0.00386365 0.00658590 0.24055586 0.09148438 0.30871343 0.06779453 0.09458995 0.08774044 0.08051776 0.02687682
0.05316127 0.00246197 0.00065436 0.00103553 0.00172312 0.24279853 0.10000331 0.30759725 0.06174245 0.09218750 0.08119015 0.08290682 0.03475658
0.05158952 0.00308986 0.00074085 0.00454129 0.00769445 0.24278227 0.09716637 0.30589898 0.05906486 0.09723259 0.08084428 0.08136561 0.02669598
0.05175647 0.00168723 0.00085248 0.00186141 0.00135393 0.24209156 0.09684188 0.30726286 0.05503344 0.10336100 0.07922420 0.07985645 0.03576843
0.05210269 0.00486845 0.00075814 0.00447757 0.02062597 0.24611827 0.08722920 0.30771858 0.05415622 0.10154171 0.07656145 0.08018246 0.02652381
0.05026005 0.00467800 0.00071676 0.00222564 0.03881790 0.24334203 0.09868732 0.31075373 0.05855472 0.09971143 0.07666930 0.07881474 0.03198047
0.04968401 0.00545392 0.00067615 0.00465162 0.03707740 0.24429159 0.08867562 0.31170992 0.06491267 0.10191489 0.08283941 0.07939373 0.03014422
0.04643198 0.00327184 0.00191136 0.00135536 0.00317552 0.24222117 0.09912919 0.31368877 0.06487038 0.10194993 0.08106627 0.08006083 0.03709575
0.04546681 0.00331771 0.00117252 0.00305496 0.02824354 0.24259903 0.09203550 0.31207550 0.05898088 0.10052010 0.08703638 0.08018995 0.02651689
0.04498034 0.00802387 0.00077632 0.01183556 0.03634359 0.24152059 0.09602502 0.31272370 0.05565383 0.09727919 0.08094338 0.08065993 0.03038357
0.04443294 0.00785649 0.00070419 0.00692424 0.03920674 0.24054097 0.09211277 0.31087017 0.06479322 0.10021167 0.07932471 0.08203139 0.02776936
0.04335186 0.01169893 0.00060853 0.01259404 0.03978244 0.23988699 0.09557135 0.31099777 0.06424405 0.09601462 0.09231961 0.08252209 0.03511490
0.04377765 0.00780306 0.00079029 0.00845201 0.04340594 0.24119612 0.09099980 0.30981356 0.06136278 0.09172165 0.08822308 0.08209552 0.02727391
0.04594150 0.01295346 0.00076736 0.01617602 0.04808595 0.24258296 0.09465803 0.31144872 0.05667690 0.09181450 0.08092545 0.08271340 0.03362307
0.04623686 0.01009166 0.00053504 0.00713857 0.04054232 0.24275203 0.09482347 0.31003069 0.06131155 0.09759041 0.08348627 0.08214522 0.02696806
0.04556432 0.00631000 0.00052499 0.00692926 0.06486262 0.24234869 0.09806919 0.30923980 0.06014807 0.10447076 0.08295002 0.08161800 0.02368725
0.04492381 0.00539461 0.00164497 0.00831483 0.05134691 0.24233724 0.09521343 0.30898806 0.05565010 0.10671072 0.07919611 0.08227283 0.03743082
0.04495037 0.01351021 0.00127078 0.01451823 0.04885256 0.24232071 0.10275966 0.30876001 0.05202880 0.10459295 0.07831607 0.08153420 0.02659770
0.04589182 0.00375558 0.00109719 0.00355011 0.02430802 0.24165291 0.10479335 0.30908325 0.05623261 0.09664955 0.08452402 0.08573808 0.04548375
0.04714972 0.00415198 0.00096626 0.00614918 0.03504138 0.24275951 0.10184669 0.31007887 0.06119203 0.09055354 0.08547965 0.08227197 0.03810019
0.04839171 0.00627453 0.00062465 0.00908770 0.03173617 0.24080526 0.10501492 0.31060668 0.06262236 0.08754306 0.08145494 0.08318721 0.04047480
0.04946522 0.00638700 0.00065148 0.00713312 0.03290933 0.24067054 0.10426753 0.31299556 0.06372212 0.09267968 0.08977622 0.08125375 0.04433632
0.04937734 0.00417309 0.00053426 0.00562216 0.04962518 0.23757366 0.10711921 0.31295957 0.05866940 0.09787337 0.08011883 0.08163496 0.03412055
0.04880513 0.00404734 0.00054749 0.00602861 0.05372803 0.23573080 0.10712386 0.31391630 0.05536051 0.10348437 0.07892355 0.08050612 0.04201834
0.04778894 0.00325787 0.00146808 0.00536549 0.02822369 0.23558864 0.10788306 0.31426851 0.05302986 0.10945794 0.08164475 0.08057751 0.03173933
0.03237129 0.00615638 0.00085900 0.00707298 0.02790552 0.23373697 0.10301309 0.31171238 0.05572580 0.10435158 0.08103339 0.08036133 0.02895154
0.03151116 0.01053704 0.00074608 0.00860829 0.01370097 0.23439428 0.09828892 0.31006434 0.07208208 0.09373464 0.08773135 0.08380289 0.02858708
0.02893475 0.00625243 0.00095277 0.00884168 0.02219474 0.23539817 0.09846981 0.30944536 0.06602789 0.09190283 0.08765904 0.08384420 0.02935517
0.02689960 0.00996186 0.00096734 0.00811229 0.01133026 0.23400753 0.10870093 0.30826913 0.06064934 0.08985395 0.07964977 0.08393500 0.02528111
0.02609665 0.00692521 0.00098063 0.00728507 0.01160089 0.23577756 0.10662074 0.30767579 0.05414036 0.09371162 0.08623988 0.08301676 0.03445240
0.02605224 0.00816493 0.00094330 0.01214047 0.03228884 0.23656651 0.10449165 0.30780499 0.05708816 0.09731979 0.07441853 0.08071643 0.02372116
0.02600620 0.00985611 0.00123291 0.00893468 0.04894491 0.23904323 0.09106018 0.30892996 0.05143619 0.10254410 0.08214442 0.08078410 0.02498325
0.02707363 0.00922510 0.00085578 0.01267039 0.04913606 0.23814416 0.09627715 0.31054590 0.05938418 0.10296331 0.06916186 0.08009631 0.02664486
0.02849448 0.00561295 0.00065720 0.00637854 0.05567095 0.24054072 0.09386496 0.31179916 0.05170288 0.09389538 0.08175824 0.08357725 0.02599403
0.02968176 0.00514225 0.00196465 0.00649657 0.03781087 0.24028707 0.10219088 0.31208813 0.05465501 0.09783508 0.07791018 0.08119706 0.04251822
0.03075894 0.00840009 0.00192287 0.00998558 0.03656454 0.23956253 0.10633450 0.31192242 0.05630148 0.08697789 0.08594196 0.08247005 0.02801817
0.03194734 0.00371873 0.00077922 0.00363803 0.04109262 0.24179605 0.09804299 0.30866384 0.05944006 0.07971580 0.07381225 0.08239970 0.05124663
0.03281322 0.00443476 0.00172162 0.00373795 0.02520362 0.24212272 0.09389610 0.30761175 0.05505571 0.08418773 0.08659199 0.08207550 0.02507921
0.03286686 0.00461934 0.00077786 0.00393552 0.03764472 0.23961186 0.10034008 0.30770669 0.05272588 0.09205853 0.07654916 0.08232430 0.03489834
0.03267102 0.00801862 0.00186154 0.00155849 0.00651758 0.24005190 0.10210472 0.30493225 0.05584354 0.09393375 0.08144737 0.08245249 0.02311145
0.03283209 0.00342969 0.00141148 0.00083788 0.00358089 0.23960257 0.10227106 0.30414858 0.05453215 0.09335984 0.06855851 0.08048485 0.02627357
0.03244707 0.00588487 0.00097420 0.00958146 0.01862315 0.24129535 0.10253678 0.30334475 0.04746161 0.08992491 0.07890904 0.08346982 0.02371448
0.03064411 0.00313691 0.00082033 0.00193768 0.02143521 0.24119946 0.10156916 0.30316426 0.04878794 0.09287612 0.07920178 0.08013423 0.02599548
0.02892638 0.01063874 0.00076490 0.01230973 0.06063234 0.23919749 0.09959737 0.30396302 0.05055433 0.08871405 0.07148324 0.08317567 0.02503912
0.02708225 0.00407642 0.00143171 0.00422977 0.02838293 0.23925081 0.09995773 0.30621354 0.05767631 0.07692432 0.07773921 0.08252022 0.02553463
0.02649538 0.00811281 0.00143375 0.00779398 0.01423592 0.23676028 0.10433059 0.30570717 0.06340762 0.07624430 0.08106571 0.08159808 0.02884119
0.02411344 0.00389524 0.00147884 0.00701981 0.03036653 0.23716085 0.10549415 0.30910201 0.05334514 0.08250909 0.07924517 0.08371151 0.03021591
0.02358316 0.00863606 0.00171142 0.00653369 0.02329228 0.23504852 0.10869705 0.31078144 0.05400067 0.08182716 0.08418733 0.08146679 0.04872355
0.02494560 0.00407523 0.00126946 0.00373778 0.00561469 0.23484539 0.10760617 0.31175753 0.06097127 0.09335501 0.08008698 0.08229983 0.04406174
0.02694825 0.01279523 0.00116426 0.01364282 0.01465651 0.23308931 0.11683076 0.31139645 0.05164815 0.09299689 0.07262233 0.07906274 0.02802869
0.02813961 0.01075738 0.00070404 0.00789293 0.02439123 0.23519771 0.10810543 0.30991536 0.07176998 0.08584936 0.07862776 0.08196924 0.02593793
0.02840205 0.00740398 0.00063221 0.00929669 0.03072806 0.23456657 0.10512588 0.30667270 0.05653352 0.08468361 0.07398129 0.08155295 0.02743431
0.02864342 0.00260532 0.00608959 0.00533383 0.03373900 0.23149264 0.10394210 0.30558878 0.05287604 0.08655074 0.07846315 0.08913162 0.03729140
0.02860353 0.00309328 0.00184138 0.00404669 0.02489051 0.23261309 0.10236882 0.30341033 0.05619426 0.09086375 0.07760113 0.08463839 0.02918920
0.03007521 0.00399008 0.00144680 0.00620843 0.02826087 0.23003351 0.10198530 0.30201521 0.05429321 0.08550922 0.08147002 0.08453840 0.04405936
0.03167803 0.01515228 0.00228591 0.01564065 0.05362691 0.23320775 0.10893007 0.30417466 0.04985185 0.07826415 0.07973318 0.08333836 0.03269526
0.03279029 0.00663988 0.00148098 0.00756967 0.05694972 0.23499354 0.10692770 0.30338634 0.04797518 0.07503092 0.07712325 0.08583667 0.02572553
0.03403763 0.00669748 0.00083856 0.00900861 0.05624012 0.23867433 0.10898964 0.30698953 0.05075456 0.07849895 0.07407999 0.08216771 0.03922972
0.03476667 0.00878675 0.00135694 0.01094173 0.04336437 0.23716917 0.10451462 0.30968193 0.04798332 0.09394520 0.07447313 0.08309184 0.04018208
0.03505988 0.00819712 0.00098430 0.00846271 0.03426759 0.23880727 0.10919922 0.31036765 0.05315229 0.08814483 0.07643364 0.08039820 0.03078772
0.03048805 0.00953096 0.00128935 0.01298838 0.03646729 0.24133609 0.10644004 0.31304757 0.05858771 0.07888968 0.08755075 0.08356382 0.04416277
0.03083245 0.00436524 0.00114230 0.00436148 0.06085825 0.23751250 0.10597921 0.31049151 0.05423705 0.07553932 0.08246188 0.08156225 0.03665577
0.02891795 0.00935138 0.00081323 0.01397190 0.04769253 0.23790794 0.10551402 0.31051475 0.05407793 0.07707551 0.07689234 0.08099095 0.03874718
0.02796840 0.00680184 0.00097907 0.00961817 0.05516067 0.23638724 0.09624284 0.30824416 0.05079323 0.08285829 0.08045023 0.08194171 0.03499778
0.03155945 0.00524134 0.00117249 0.00259412 0.04833233 0.23936869 0.09988614 0.30849416 0.05616211 0.08905301 0.07021748 0.08068342 0.02857838
0.03085218 0.00321518 0.00139767 0.00351889 0.00649553 0.23465038 0.10569625 0.30454378 0.04965314 0.09637950 0.07539258 0.08428991 0.03536769
0.03132419 0.01337295 0.00124586 0.01344979 0.01122262 0.23665167 0.10237238 0.30475349 0.05895301 0.09661891 0.07611987 0.08149094 0.02624451
0.02918364 0.00471254 0.00080870 0.00318591 0.02528057 0.23452131 0.09244988 0.30425191 0.05659018 0.08606600 0.07537705 0.08072760 0.03222873
0.02899482 0.00665238 0.00394596 0.00791515 0.04023628 0.23767249 0.09492398 0.30259906 0.05077319 0.08472403 0.07758685 0.08152664 0.02362976
0.03022840 0.00273578 0.00120943 0.00275927 0.03012522 0.23673518 0.09643799 0.30465306 0.05474072 0.07986458 0.08054750 0.08299516 0.03057662
0.03027600 0.01123193 0.00076332 0.01385762 0.03734415 0.23667992 0.09940421 0.30622529 0.05773261 0.07849091 0.08256786 0.08146181 0.02514885
0.02929404 0.00744760 0.00070197 0.00548413 0.05431259 0.23675754 0.10698697 0.30799021 0.05538907 0.08003478 0.07894586 0.08102666 0.02903241
0.02911185 0.00830210 0.00125600 0.00792495 0.05718681 0.23683211 0.10574405 0.30902060 0.05975165 0.09757545 0.07398797 0.07962938 0.02827016
0.02986040 0.00533805 0.00096016 0.00398840 0.03783804 0.23590405 0.10781257 0.30969362 0.04494349 0.09880833 0.07878028 0.07975126 0.02973456
0.02927945 0.01057979 0.00114826 0.01007422 0.06254728 0.23540109 0.11102825 0.31109343 0.04367160 0.09361406 0.06829736 0.08004679 0.02705000
0.02854527 0.01140126 0.00139033 0.01046996 0.04720107 0.23354061 0.09956243 0.30930135 0.05078834 0.08672892 0.07953933 0.08116325 0.03013725
0.02879914 0.01018234 0.00087140 0.01146741 0.05887607 0.23425814 0.10133692 0.30811230 0.04998266 0.07805063 0.08282869 0.08215940 0.02873021
0.02963623 0.00903695 0.00079499 0.01133061 0.06373856 0.23305913 0.10051536 0.30568064 0.05512075 0.07042058 0.07752689 0.08300225 0.02873897
0.02905898 0.01073693 0.00376481 0.01281748 0.04901044 0.23546727 0.09627712 0.30371047 0.05696462 0.07337138 0.07538818 0.08165344 0.03119017
0.02893096 0.00523869 0.00155903 0.00560039 0.05939350 0.23605795 0.09352822 0.30133110 0.04567749 0.07752240 0.08219577 0.08230962 0.03846335
0.02838386 0.00767616 0.00130783 0.00736936 0.03856113 0.23806323 0.10029082 0.30181226 0.05320898 0.08659483 0.06787381 0.08187246 0.02701973
0.02958718 0.00664799 0.00084801 0.00536038 0.04985742 0.24151557 0.10500760 0.30184188 0.04891629 0.09308580 0.07219593 0.08151105 0.03399019
0.03020900 0.00536127 0.00407340 0.00556853 0.03840686 0.24024380 0.10189549 0.30292704 0.04635759 0.09501794 0.07648466 0.08542244 0.02654631
0.02925936 0.00465913 0.00100125 0.00461959 0.04117193 0.24166543 0.10444491 0.30263736 0.05198181 0.08708792 0.07082995 0.08020316 0.02673284
0.02906830 0.00722403 0.00170292 0.00696174 0.01395357 0.24117439 0.10350776 0.30537037 0.04954972 0.09465481 0.07568648 0.08102847 0.02929980
0.02988546 0.00282066 0.00082487 0.00508828 0.04691036 0.23762028 0.10351077 0.30570384 0.05285727 0.07777360 0.07751252 0.08052300 0.03657875
0.03022417 0.00394055 0.00154709 0.00597570 0.02900616 0.23842057 0.10148659 0.30665640 0.05466142 0.07363900 0.07762475 0.08542036 0.03362708
0.04687004 0.00627120 0.00278803 0.00484735 0.04301143 0.23700677 0.11425527 0.30871285 0.05538821 0.08795859 0.08220483 0.08271060 0.04348665
0.04729744 0.00585667 0.00209345 0.00792053 0.03897471 0.23480159 0.10237067 0.30698473 0.05088852 0.08749301 0.07796693 0.08351991 0.02809530
0.04871367 0.00502148 0.00168822 0.00336948 0.03984143 0.23652288 0.09549831 0.30499073 0.05004902 0.09050477 0.07343138 0.07901458 0.03017057
0.05048620 0.00633147 0.00109308 0.00759496 0.05090131 0.23572174 0.08996732 0.30255754 0.04463070 0.09377327 0.07207038 0.08255645 0.02572206
0.03432273 0.00314367 0.00099223 0.00421179 0.02696621 0.23699015 0.09560814 0.30356572 0.04825000 0.09495964 0.06978566 0.08088718 0.03616297
0.03314189 0.00501792 0.00154156 0.00602148 0.05744148 0.23940826 0.10061538 0.30099402 0.04666897 0.08482258 0.07659522 0.08228093 0.03480035
0.03350798 0.00600156 0.00098678 0.00657843 0.03583572 0.23851500 0.10845227 0.30122377 0.04981441 0.07543624 0.07306739 0.08151115 0.02540901
0.03190335 0.00494920 0.00082441 0.00417307 0.03982744 0.23596478 0.09767988 0.30064153 0.04947737 0.07353903 0.08290287 0.08410421 0.02443689
0.02916892 0.00919549 0.00112951 0.00802664 0.04804105 0.23390965 0.10057634 0.30375279 0.05822543 0.07856941 0.07770566 0.08281373 0.02509520
0.02594853 0.00976502 0.00191129 0.00823896 0.02200245 0.23316357 0.10308448 0.30555620 0.05639988 0.09039576 0.07737034 0.08065457 0.02948938
0.02381932 0.00168074 0.00183776 0.00065818 0.03356235 0.23750391 0.10771792 0.30654335 0.04512503 0.08697556 0.06947365 0.07914295 0.02643242
0.02210747 0.00393096 0.00136195 0.00410293 0.02835463 0.23299956 0.10605167 0.30853496 0.04471370 0.08007251 0.07686372 0.08112331 0.02657854
0.02263927 0.00647641 0.00145330 0.00396516 0.01899795 0.23355728 0.11157871 0.30865109 0.05207434 0.08840632 0.07042659 0.07979804 0.02790533
0.02485959 0.00556652 0.00097625 0.00698188 0.05511524 0.23101847 0.09840251 0.30826700 0.05352739 0.08249956 0.08313391 0.08040644 0.02717934
0.02641793 0.00386910 0.00086774 0.00425927 0.02829322 0.23388171 0.09998141 0.30794423 0.05105885 0.07842954 0.07517649 0.08013775 0.03464781
0.02705530 0.00517229 0.00133065 0.00565131 0.04100523 0.23140438 0.09864482 0.30351290 0.05021728 0.08566564 0.07938345 0.08159808 0.02823409
0.02891803 0.00680608 0.00141363 0.00943178 0.04706588 0.23221298 0.10231635 0.30410259 0.04957905 0.08792212 0.07823992 0.08351968 0.03639105
0.02910454 0.01084150 0.00103742 0.00995305 0.03326323 0.23268945 0.10171408 0.30114162 0.04709904 0.08115733 0.07827168 0.08262743 0.02922920
0.02885799 0.00380368 0.00079163 0.00412982 0.03162785 0.23755056 0.10150442 0.30052548 0.04569346 0.07663777 0.06543132 0.07903797 0.02843421
0.04967277 0.01338429 0.00096406 0.01476642 0.03761177 0.23854044 0.09534571 0.30001665 0.04114089 0.08439055 0.07296212 0.07823436 0.03636375
0.04908909 0.00420359 0.00121470 0.00381101 0.05765755 0.24153264 0.10085872 0.30096748 0.04560290 0.08890386 0.07044621 0.08358126 0.02496834
0.05034350 0.00537119 0.00120305 0.00688383 0.05550150 0.24047473 0.09780011 0.30165451 0.04447126 0.08191876 0.07279079 0.07849623 0.02650813
0.05455610 0.00771421 0.00134564 0.00766110 0.06782703 0.24218471 0.10495990 0.30324777 0.04270428 0.07524104 0.07161334 0.07953854 0.02687130
0.05744058 0.01172144 0.00179138 0.01246093 0.05723002 0.24217376 0.10219002 0.30508835 0.05040857 0.08253545 0.07731847 0.08004396 0.03059278
0.05913929 0.01010907 0.00104872 0.01236133 0.05922637 0.24259133 0.10298433 0.30783013 0.05668529 0.08022047 0.07845295 0.08675595 0.02833378
0.03380731 0.00424681 0.00127300 0.00331632 0.03522071 0.24108797 0.10207440 0.30678495 0.04912043 0.07403647 0.07717433 0.08158851 0.05643030
0.03410048 0.00358510 0.00265144 0.00728894 0.02503086 0.23877809 0.10219206 0.30769157 0.04749475 0.08193733 0.07385990 0.08262507 0.02894641
0.03429478 0.00292207 0.00121349 0.00237948 0.01705185 0.23881335 0.09696617 0.30531973 0.04887807 0.08770752 0.07032324 0.07689191 0.04802882
0.03632511 0.00395665 0.00105143 0.00345073 0.01677249 0.23612474 0.09915103 0.30406108 0.04836345 0.08091845 0.07273481 0.07804427 0.02512943
0.03885213 0.01044985 0.00059407 0.01116422 0.03932429 0.23543734 0.09953579 0.30300182 0.05791167 0.07782159 0.06998985 0.07950396 0.03049668
0.03925270 0.01312956 0.00058182 0.01420648 0.03892505 0.23416304 0.09715961 0.30303696 0.04597913 0.07910516 0.07535507 0.08104983 0.02945924
0.03873039 0.00608361 0.00131637 0.00692415 0.04590482 0.23318748 0.09883883 0.30068874 0.05421102 0.07941142 0.07628991 0.07972306 0.02949055
0.03867602 0.00781562 0.00112472 0.00752794 0.03466019 0.23327152 0.09429232 0.29835524 0.04983870 0.07127004 0.07572256 0.08119130 0.05323097
0.03777884 0.00601829 0.00083327 0.00653547 0.04022555 0.23457155 0.09635246 0.30031532 0.04205441 0.07089307 0.07271915 0.08145250 0.03566510
0.03559964 0.01096689 0.00088475 0.01034821 0.05450660 0.23309864 0.09918326 0.30097569 0.04320940 0.07695584 0.06650503 0.08333601 0.04290869
0.03121745 0.01439693 0.00136510 0.01567127 0.05253621 0.23834505 0.09871967 0.30420325 0.04717616 0.08343054 0.06675551 0.07937729 0.04268682
0.02950564 0.00504211 0.00126197 0.00575090 0.03815142 0.23570875 0.10351043 0.30586671 0.04495198 0.07925550 0.06924191 0.07754213 0.03568015
0.02915151 0.00461421 0.00375448 0.00346919 0.01089679 0.24114635 0.10034034 0.30858091 0.05840043 0.08056686 0.07104903 0.08415798 0.04077001
0.03028778 0.00394513 0.00091672 0.00313743 0.03307889 0.23657094 0.10232537 0.30963073 0.05190877 0.07641144 0.08154079 0.07806495 0.02731146
0.03080445 0.00287957 0.00106713 0.00185322 0.03329592 0.23791307 0.09961519 0.30885009 0.04677999 0.07606175 0.08606482 0.07989917 0.02862987
0.03139838 0.00475296 0.00063179 0.00451607 0.03094887 0.23653376 0.10494785 0.30659107 0.05441414 0.06929102 0.07190942 0.07779839 0.02598588
0.03181103 0.00514829 0.00065520 0.00647592 0.02806344 0.23991033 0.10336380 0.30648088 0.05297455 0.07426391 0.07536759 0.08265124 0.02513081
0.03164143 0.00255789 0.00213473 0.00095125 0.00256779 0.23863089 0.10743322 0.30227886 0.05200048 0.08221438 0.06654180 0.08131955 0.02393533
0.03098467 0.00186885 0.00176982 0.00030414 0.00151004 0.24406868 0.09477939 0.30270589 0.04911709 0.08902410 0.06662388 0.08000241 0.02406183
0.03158422 0.01918213 0.00101674 0.02053838 0.03172875 0.24157646 0.09278082 0.30018574 0.04110922 0.08980871 0.07386627 0.07818404 0.03545225
0.03315406 0.00635560 0.00069623 0.00638142 0.05202984 0.24073747 0.09244207 0.30080201 0.04505115 0.07902909 0.06985220 0.07895138 0.02759205
0.03385510 0.00628779 0.00126566 0.00816891 0.03429114 0.24285446 0.09919075 0.30226378 0.05028260 0.07761555 0.07290147 0.08079320 0.04400880
0.03147220 0.01071126 0.00139130 0.01059720 0.04521348 0.24082332 0.10117055 0.30286110 0.05590254 0.07646733 0.07882661 0.08185297 0.04617440
0.03361612 0.00456742 0.00140923 0.00818295 0.04202753 0.24667972 0.10359947 0.30499174 0.05311238 0.07671731 0.07584352 0.07833289 0.05647993
0.03494108 0.01060144 0.00109319 0.00978651 0.03740375 0.23967256 0.10555775 0.30534242 0.04558806 0.07305969 0.08242070 0.08167233 0.03025012
0.03497954 0.00668423 0.00065581 0.01096917 0.04518753 0.24565694 0.10681238 0.30884864 0.04466443 0.08101840 0.07602482 0.08420087 0.04969936
0.03411286 0.00386424 0.00122932 0.00395489 0.02863121 0.23854904 0.10921528 0.30885783 0.05260928 0.08829742 0.07392709 0.08188639 0.04087585
0.03919846 0.00827180 0.00096585 0.00829381 0.04267176 0.23818313 0.10182034 0.30866376 0.04400213 0.09692779 0.08226196 0.08192931 0.05005350
0.04104598 0.00510050 0.00097014 0.00335072 0.03560825 0.23624329 0.10544476 0.30856130 0.05228203 0.08844202 0.06839782 0.07896197 0.02808745
0.04236878 0.00229165 0.00072274 0.00179767 0.00290055 0.23674773 0.09912614 0.30529355 0.05130536 0.08593813 0.07687824 0.08147280 0.03314369
0.04227729 0.00159952 0.00218400 0.00130441 0.00147607 0.23292383 0.09998286 0.30603009 0.05521513 0.08746687 0.08184254 0.08039445 0.02583163
0.04220884 0.00335984 0.00110118 0.00361925 0.04327818 0.23343894 0.10384226 0.30283614 0.05424440 0.07908376 0.07977038 0.08299289 0.02672844
0.04296218 0.00250940 0.00414436 0.00338013 0.02845186 0.23125309 0.10468907 0.30335868 0.04933070 0.08401652 0.07440257 0.08034711 0.03640707
0.04307383 0.00394571 0.00197245 0.00507164 0.04088161 0.22959152 0.09914046 0.30199308 0.04739551 0.08547039 0.08495708 0.08411118 0.02848085
0.04301821 0.00460503 0.00253496 0.00536686 0.03785674 0.22978550 0.10436634 0.30245757 0.06048215 0.09377911 0.06827636 0.08905511 0.03487903
0.04229432 0.01117452 0.00127196 0.00963299 0.03202540 0.23240150 0.10239959 0.30467514 0.05174714 0.09161761 0.08070192 0.08156754 0.02632572
0.04078538 0.00941849 0.00198772 0.01189833 0.03930378 0.23097225 0.10252509 0.30608947 0.04797414 0.08452935 0.07100728 0.08079644 0.03329569
0.04066215 0.00803227 0.00073243 0.01168857 0.05411943 0.22889729 0.10579042 0.30914858 0.04184539 0.09065664 0.08668053 0.07969890 0.04940984
0.04016809 0.00868795 0.00126622 0.01097595 0.07538021 0.22850077 0.10717735 0.31074638 0.05090661 0.09508166 0.07962291 0.08161480 0.03265143
0.04057757 0.00302053 0.00269936 0.00348159 0.05266259 0.22890614 0.10615219 0.30922544 0.05581666 0.08182104 0.07947036 0.08802677 0.05189277
0.04047188 0.00236657 0.00327971 0.00460240 0.00626844 0.22941262 0.12051807 0.30683949 0.05549152 0.07184816 0.07339594 0.08163634 0.03266629
0.04270637 0.00430350 0.00167106 0.00507968 0.02849701 0.23378354 0.10029863 0.30536323 0.06351468 0.07596395 0.08265197 0.08418458 0.02717934
0.04395475 0.00365585 0.00118546 0.00200735 0.03200314 0.23384915 0.10039459 0.30352549 0.05885664 0.08707205 0.07016886 0.08320543 0.02466801
0.04614010 0.00420063 0.00071614 0.00659755 0.04719304 0.23890451 0.09679806 0.30161642 0.04446200 0.09046692 0.07492809 0.08204635 0.04347845
0.04692292 0.00656642 0.00438906 0.00657691 0.03370650 0.23861939 0.09556254 0.30080909 0.05064886 0.09449660 0.07028466 0.08027880 0.02505738
0.04604597 0.00708959 0.00247384 0.00685791 0.02960347 0.23960652 0.09793098 0.30008043 0.04941649 0.09169617 0.07138756 0.08373305 0.03613005
0.04571986 0.00544723 0.00222114 0.00701005 0.04245328 0.24188612 0.10213710 0.30167185 0.05507114 0.08353514 0.07880941 0.08525227 0.02575732
0.04562155 0.00314302 0.00121344 0.00192118 0.02394434 0.24039030 0.09920036 0.30171935 0.07046972 0.07958732 0.08238701 0.08208832 0.02986261
0.04557945 0.00567290 0.00078757 0.00528671 0.04231559 0.24114763 0.10315539 0.30367884 0.05681262 0.07443772 0.08102611 0.08239398 0.02840246
0.04387031 0.00967929 0.00132076 0.00971082 0.03752405 0.24149821 0.10269040 0.30544180 0.05117537 0.07877073 0.08122446 0.08047851 0.03005130
0.04340475 0.01128690 0.00105011 0.00955522 0.06254519 0.23822151 0.11019117 0.30968740 0.05222894 0.08598907 0.07606125 0.08294940 0.03787917
0.04245015 0.00468738 0.00165394 0.00511410 0.04596622 0.23643003 0.11117940 0.31035925 0.04735799 0.09875419 0.07425643 0.08170411 0.03873079
0.04192216 0.00552329 0.00123311 0.00713625 0.06301846 0.23416198 0.10777813 0.31069815 0.04324904 0.09046829 0.08181008 0.08200025 0.02864757
0.04289145 0.00735597 0.00107426 0.00782998 0.06742156 0.23171438 0.10624866 0.30932588 0.05279827 0.08392752 0.07595342 0.08386044 0.02865927
0.04372996 0.00862281 0.00072782 0.01140475 0.05043535 0.23039800 0.10344301 0.30836694 0.05433488 0.07991991 0.08299189 0.08248352 0.04272023
0.04270553 0.00515885 0.00155234 0.00509951 0.03208052 0.22780669 0.10231402 0.30690902 0.05882570 0.07710689 0.08479053 0.08267596 0.03088573
0.04270918 0.00454439 0.00322691 0.00418145 0.03854673 0.22869644 0.10817810 0.30542285 0.05502622 0.07825496 0.07415145 0.08922860 0.03502976
0.04370113 0.00465619 0.00400513 0.00396441 0.03926810 0.22845682 0.10323677 0.30450677 0.04716583 0.08817455 0.07743469 0.08326874 0.02966727
0.04470903 0.00598738 0.00257721 0.00920997 0.05530150 0.23016360 0.09897896 0.30388240 0.04959830 0.09756677 0.07509384 0.08236242 0.02616043
0.04593558 0.00458521 0.00278998 0.00459813 0.05495726 0.23144958 0.10222157 0.30485549 0.05082271 0.09404695 0.07137457 0.09046153 0.02823910
0.04742189 0.00626147 0.00187156 0.00622882 0.04027010 0.23125962 0.10980892 0.30544658 0.04923312 0.09484284 0.07979919 0.08121081 0.02690757
0.04601228 0.00411531 0.00119712 0.00340859 0.04673481 0.23513909 0.10812191 0.30646869 0.05198969 0.08716851 0.07885460 0.08280873 0.02896844
0.04551625 0.00230827 0.00106722 0.00129887 0.01327166 0.23349346 0.10920891 0.30736637 0.05265574 0.08368175 0.07915102 0.07937971 0.02713478
0.04575029 0.01408775 0.00097722 0.01654180 0.02541443 0.23526819 0.11402995 0.30783148 0.05261764 0.07215815 0.07579287 0.08129457 0.02560103
0.04410931 0.00376067 0.00141717 0.00630619 0.03923629 0.24010881 0.10124542 0.30979691 0.05186221 0.07361410 0.07705390 0.08321140 0.04083738
0.04293098 0.00639196 0.00121147 0.00757973 0.03970848 0.23561972 0.10777148 0.30712058 0.04985163 0.08742041 0.07525516 0.07974793 0.02613644
0.04190959 0.00785318 0.00184653 0.01018892 0.03198914 0.24004074 0.10379409 0.30912022 0.04990529 0.09643289 0.07628258 0.07919239 0.02896799
0.04158637 0.01122010 0.00119893 0.01130755 0.01290484 0.23777708 0.10394460 0.30747705 0.04630769 0.09929701 0.07676448 0.08049652 0.04395501
0.04158921 0.00965706 0.00216249 0.00847796 0.01653368 0.23961474 0.10457214 0.30608340 0.04419795 0.10390248 0.08058373 0.08104528 0.02603735
0.04112543 0.00371144 0.00188262 0.00507744 0.02345107 0.24186633 0.09787147 0.30540493 0.05214163 0.10219631 0.07505633 0.08077387 0.02515378
0.04055219 0.00678551 0.00169690 0.00958481 0.03980999 0.24087586 0.09825131 0.30492063 0.05565025 0.08822064 0.07945403 0.08182262 0.02476869
0.04057901 0.00838035 0.00132521 0.00801239 0.04478355 0.24265037 0.10231263 0.30617643 0.07071011 0.07148457 0.07870258 0.08051627 0.02884106
0.04096991 0.00572107 0.00076040 0.00524995 0.03832825 0.24440392 0.10186902 0.30573226 0.05853470 0.06822059 0.08562996 0.08141700 0.04315080
0.04097599 0.00439012 0.00130293 0.00529326 0.02212710 0.24499365 0.10282683 0.30611463 0.05669824 0.07738544 0.08055989 0.08343705 0.04095534
0.04022157 0.00604462 0.00065965 0.00797868 0.03307119 0.24334769 0.10185654 0.30661212 0.04928769 0.09182026 0.07480367 0.07964989 0.04106386
0.03905060 0.00357034 0.00078906 0.00671701 0.06354084 0.24238509 0.10498994 0.30745485 0.04071463 0.10389304 0.07125372 0.08067960 0.03301036
0.03836631 0.00281800 0.00122374 0.00126455 0.00138589 0.24055411 0.11035425 0.30793726 0.04239660 0.10900732 0.07213959 0.07826683 0.02818958
0.03777334 0.00222662 0.00077842 0.00039785 0.00358465 0.23926562 0.10803790 0.30854192 0.04424005 0.10453906 0.07604696 0.07900715 0.02918538
0.03599070 0.00693352 0.00114039 0.00903635 0.04489464 0.23707849 0.10403543 0.31030838 0.05593119 0.08077349 0.08540274 0.08112803 0.02788685
0.03598834 0.01120052 0.00063856 0.00924982 0.05476467 0.23526077 0.10428595 0.30942206 0.05654978 0.06956175 0.07668505 0.08070883 0.02926067
0.03596708 0.00479271 0.00127724 0.00446825 0.04398126 0.23552681 0.10027352 0.30672871 0.05663184 0.07193949 0.07945900 0.08037943 0.02767789
0.03545803 0.00716341 0.00356504 0.00857201 0.04709830 0.23504921 0.09652252 0.30724706 0.05286940 0.08277908 0.07305426 0.08278060 0.04103332
0.03581032 0.00559961 0.00127658 0.00643999 0.04536198 0.23637554 0.09823114 0.30585499 0.04804444 0.09518024 0.06940285 0.08264503 0.02959691
0.03657410 0.00562181 0.00096920 0.00740272 0.02985129 0.23593115 0.10896325 0.30638245 0.04843357 0.10122576 0.07114576 0.07888642 0.02694529
0.03781322 0.00539138 0.00111077 0.00429222 0.03913148 0.23981367 0.10301057 0.30644528 0.05666248 0.10038322 0.07710964 0.08031548 0.03187737
0.03743143 0.00805948 0.00091668 0.01171390 0.03261107 0.23799078 0.10700741 0.30584743 0.05170875 0.08762261 0.06601693 0.08045749 0.02502714
0.03716404 0.00680685 0.00196105 0.00794934 0.05574486 0.23928285 0.09752357 0.30693879 0.05101131 0.07909577 0.07853661 0.08003665 0.02864692
0.04334384 0.00518559 0.00103521 0.00684527 0.06557080 0.23921168 0.10148005 0.30738161 0.05296203 0.07117165 0.07606770 0.08069365 0.03408938
0.04330649 0.00444703 0.00067393 0.00554940 0.03912197 0.23856009 0.10441103 0.30755047 0.05738240 0.07064262 0.07976055 0.07946180 0.04721063
0.04142212 0.00594073 0.00062944 0.00730495 0.03396337 0.24072288 0.11220213 0.30892969 0.05387634 0.07484670 0.07547112 0.08421578 0.02735282
0.04136437 0.00254338 0.00071442 0.00193577 0.00472184 0.23882008 0.12440942 0.30766979 0.04889305 0.08711982 0.07372233 0.08137332 0.02741552
0.03911889 0.00553700 0.00069961 0.00811210 0.02838010 0.24433015 0.10965586 0.31016956 0.05590510 0.09463227 0.07748303 0.08269876 0.04057947
0.03713160 0.00702845 0.00244806 0.00515913 0.03532392 0.24459901 0.10321450 0.30792821 0.04479074 0.09971193 0.07617464 0.08013424 0.02852132
0.03537061 0.00420378 0.00185424 0.00350654 0.02641636 0.24375662 0.11070241 0.30821421 0.04503203 0.09492260 0.07479901 0.08212549 0.02870049
0.03339296 0.00528018 0.00203158 0.00533563 0.02890135 0.24601819 0.09934467 0.30794696 0.05025079 0.08517250 0.08575760 0.08381397 0.04725624
0.03285880 0.00353618 0.00117578 0.00434639 0.03890146 0.24229895 0.10358315 0.30653518 0.05724164 0.07176464 0.08532024 0.08245046 0.02609811
0.03314797 0.00439061 0.00097959 0.00263149 0.02298805 0.24426682 0.10316747 0.30542428 0.05911055 0.06970108 0.08187404 0.08040279 0.03554753
0.03327948 0.00410005 0.00111801 0.00239633 0.00473078 0.24233173 0.10855726 0.30585460 0.05757577 0.07868270 0.07872141 0.08032836 0.02647020
0.03301616 0.00210460 0.00098088 0.00108190 0.00244648 0.24230448 0.10674800 0.30486297 0.05272125 0.09464941 0.07602886 0.08017425 0.02782588
0.03250551 0.00815254 0.00086165 0.01108683 0.01652278 0.24072917 0.10879400 0.30629483 0.04589362 0.10126048 0.06920217 0.08063674 0.02564712
0.03154071 0.00529369 0.00076654 0.00347392 0.03734080 0.23981314 0.09854255 0.30634533 0.05057050 0.10697418 0.08183635 0.07997716 0.02812999
0.03066068 0.00298376 0.00114026 0.00331549 0.00571924 0.23876635 0.10799517 0.30753108 0.05198525 0.10408742 0.06908805 0.07890997 0.02921503
0.02917684 0.00963811 0.00098103 0.01110627 0.03244062 0.23940050 0.10218154 0.30728326 0.05150957 0.08658166 0.07736140 0.08090676 0.02580489
0.02747740 0.00415660 0.00199233 0.00352320 0.04091963 0.23862049 0.10022438 0.30956746 0.05881540 0.07449651 0.07849389 0.08077742 0.02530254
0.02654252 0.00763923 0.00122664 0.00606119 0.04544437 0.23679850 0.09667387 0.30888191 0.06077148 0.07322316 0.08416645 0.08084559 0.03916615
0.02554793 0.00646178 0.00076468 0.00776542 0.06116404 0.23758166 0.09540156 0.31072861 0.06189846 0.07621503 0.07762756 0.07929311 0.02731013
0.02621925 0.00585685 0.00096808 0.00850213 0.06694270 0.23798141 0.09487559 0.30961078 0.05485931 0.08824756 0.07412548 0.08230397 0.03464214
0.02613823 0.00491108 0.00066930 0.00737313 0.05571056 0.23591493 0.09716598 0.30867001 0.04686553 0.10412350 0.06983801 0.08138309 0.03647652
0.02572900 0.00852175 0.00274641 0.00915966 0.05652568 0.23501188 0.10018394 0.30910754 0.04024697 0.10720104 0.06852242 0.08071398 0.03711580
0.02705110 0.00376096 0.00182691 0.00483780 0.03779497 0.23780035 0.10667940 0.30740918 0.04645153 0.09525329 0.07209884 0.08144601 0.02566815
0.02959369 0.00613385 0.00113495 0.00844399 0.05710179 0.23671998 0.09760757 0.30783157 0.05273310 0.07986984 0.07746227 0.07991810 0.03343701
0.03231902 0.00357569 0.00064873 0.00533782 0.04889133 0.23941085 0.09573853 0.30627285 0.06127763 0.06896592 0.07704343 0.08099275 0.02666032
0.03372870 0.00625623 0.00048492 0.00662987 0.04480616 0.23758424 0.10290645 0.30677267 0.05409029 0.06796869 0.08928213 0.08207384 0.02781422
0.03438135 0.00671645 0.00161642 0.00568713 0.04119014 0.24036066 0.10858870 0.30605152 0.05594975 0.08088613 0.08131323 0.08047461 0.02737149
0.03511273 0.00427965 0.00097056 0.00288893 0.02204178 0.23818614 0.10513036 0.30671242 0.05436357 0.09567382 0.07829791 0.08068502 0.02825728
0.03500328 0.00309146 0.00107513 0.00463179 0.01907020 0.24126223 0.09849111 0.30708942 0.04019133 0.11201933 0.07820067 0.08003824 0.04222129
0.03457729 0.00257114 0.00085444 0.00313539 0.01201203 0.23688384 0.11146382 0.30771055 0.05171793 0.10896675 0.06308505 0.08207980 0.02869055
0.03340206 0.00244392 0.00075732 0.00110302 0.00869837 0.24272493 0.10730460 0.30747875 0.05286896 0.09749848 0.08189019 0.08070805 0.02686447
0.03106223 0.00417503 0.00122982 0.00296179 0.02769007 0.23612082 0.10432831 0.30953994 0.05751478 0.08073810 0.08854476 0.08184690 0.02782623
0.02901837 0.00370342 0.00069659 0.00385236 0.03132542 0.24019480 0.10214588 0.30943060 0.06628490 0.07074929 0.09295638 0.08298683 0.04564606
0.02834928 0.00693156 0.00072193 0.00832320 0.04146957 0.23549959 0.10909999 0.31147197 0.06395211 0.07417193 0.08802572 0.08281134 0.02761634
0.02803331 0.01772152 0.00080523 0.01718284 0.04295390 0.23878739 0.10940086 0.31023706 0.05471869 0.08756029 0.08659081 0.08304781 0.02832980
0.02733597 0.00477411 0.00155522 0.00542942 0.03087749 0.23652131 0.11169692 0.30864172 0.05136454 0.09856680 0.06862683 0.07993586 0.02850075
0.02692040 0.00474716 0.00177505 0.00606281 0.02829378 0.23551882 0.10829566 0.30741372 0.04332527 0.10731928 0.07333271 0.08139781 0.02629019
0.02763855 0.00568833 0.00101116 0.00883653 0.02635001 0.23857960 0.10709461 0.30700479 0.04316076 0.10543955 0.07380060 0.08207373 0.04166711
0.02918025 0.00642241 0.00062990 0.00542162 0.05236502 0.23473443 0.09833073 0.30693149 0.05274042 0.08854238 0.08138602 0.08252612 0.03340160
0.02998393 0.00701839 0.00049495 0.00811532 0.04514209 0.23741372 0.10229393 0.30646114 0.05941489 0.06881446 0.08029073 0.08219009 0.03590068
0.02954264 0.00764833 0.00057286 0.00723762 0.02972970 0.23483164 0.10028316 0.30739631 0.06311928 0.05960702 0.08984698 0.08376794 0.03764596
0.02926215 0.00511971 0.00063515 0.00663412 0.05616133 0.23398136 0.11011126 0.30777402 0.06542322 0.07812327 0.07550498 0.08222961 0.03916575
0.02863326 0.00912048 0.00155810 0.01256661 0.05533128 0.23906242 0.10884374 0.30911415 0.05028323 0.08915022 0.08055180 0.08455130 0.03376127
0.02756652 0.00484822 0.00066689 0.00644695 0.03744906 0.23296597 0.09940740 0.30884984 0.05629541 0.10085798 0.08675608 0.08191753 0.03866371
0.02744692 0.00337167 0.00389336 0.00206538 0.04098947 0.23281497 0.10016293 0.30796236 0.04488820 0.11069313 0.07603415 0.08174275 0.04793307
0.02706927 0.00517021 0.00168053 0.00348717 0.02638023 0.23270562 0.10698776 0.30831375 0.03966958 0.10771247 0.07464501 0.08376938 0.03241143
0.02926670 0.00275718 0.00108743 0.00188890 0.03240231 0.23124116 0.10033891 0.30739010 0.05404763 0.08695713 0.07569548 0.08232375 0.03632758
0.03082618 0.00631087 0.00062679 0.00897186 0.02238333 0.23251655 0.10722086 0.30816684 0.06527603 0.07031543 0.07816410 0.08332284 0.02875636
0.03114011 0.00398485 0.00079161 0.00337967 0.03467220 0.23127980 0.10373647 0.30851755 0.06097021 0.06196512 0.09439884 0.08301304 0.02777458
0.03074148 0.00723704 0.00084459 0.00337600 0.03618400 0.23302332 0.10970766 0.30682591 0.06925423 0.08070636 0.07981448 0.08267425 0.02548722
0.03029145 0.00887153 0.00080220 0.00841348 0.03219521 0.23337061 0.10630165 0.30808808 0.05473498 0.08957140 0.08260960 0.08287829 0.02924087
0.03010264 0.00592470 0.00056734 0.00515293 0.04054802 0.23219373 0.11098199 0.30677206 0.04709269 0.09914981 0.08020266 0.08189956 0.02825423
0.02851136 0.01023504 0.00075037 0.00647066 0.03709200 0.22887979 0.10928163 0.30552360 0.05949874 0.10515130 0.08364003 0.08396115 0.02799923
0.02646199 0.00387940 0.00088607 0.00305706 0.03323656 0.23052055 0.10925255 0.30731907 0.05200740 0.09941312 0.08291954 0.08150461 0.03082170
0.02574634 0.00201997 0.00140826 0.00262725 0.00214334 0.22980943 0.11205693 0.30480786 0.05413944 0.09083351 0.08203834 0.08578331 0.02763425
0.02586239 0.00384165 0.00188586 0.00529190 0.02345532 0.23199335 0.12048280 0.30799115 0.06087110 0.09180112 0.07977988 0.08380201 0.02752360
0.02638179 0.00346224 0.00118316 0.00176783 0.00417418 0.23201995 0.10946013 0.30738004 0.05741743 0.08357313 0.09394643 0.08321454 0.03651000
0.02713474 0.00302832 0.00077327 0.00253226 0.05496739 0.23207790 0.11389020 0.30801984 0.06055713 0.08275549 0.08689495 0.08374864 0.02817932
0.02817420 0.00321282 0.00138380 0.00169351 0.02434994 0.23434995 0.11496851 0.30789257 0.05921858 0.08411096 0.08494011 0.08114838 0.02934375
0.02838834 0.00588568 0.00058933 0.00787669 0.04213688 0.23098272 0.11116598 0.30710721 0.05344984 0.08660061 0.08307007 0.08469876 0.02729407
0.02823663 0.00394358 0.00051048 0.00184011 0.02766323 0.23347374 0.11187256 0.30763156 0.05473993 0.09567447 0.07464628 0.08001907 0.02912402
0.02775267 0.01144174 0.00054998 0.01225061 0.04012576 0.23141935 0.10577963 0.30628838 0.04866015 0.09826868 0.08472175 0.08213692 0.02815480
0.02728843 0.00771485 0.00055643 0.00410880 0.03613003 0.23257140 0.10826715 0.30772171 0.06319295 0.09738573 0.07630791 0.08329680 0.02940990
0.02633621 0.00675381 0.00052292 0.00680587 0.05915740 0.23072956 0.10122673 0.30689861 0.06368791 0.08926942 0.07898022 0.08432346 0.03008175
0.02516552 0.00377389 0.00097731 0.00348550 0.01955601 0.23380206 0.10648983 0.30814823 0.05875757 0.10029381 0.07654748 0.08356202 0.02729154
0.02412302 0.00710737 0.00132094 0.00759500 0.03702712 0.23470524 0.10284460 0.30749558 0.05879010 0.10300414 0.08249836 0.08198159 0.02585545
0.02402167 0.00407021 0.00097517 0.00314642 0.03872278 0.23177536 0.10181227 0.30554751 0.05604292 0.10653541 0.07910973 0.08010531 0.02608993
0.02209716 0.00526234 0.00098508 0.00647681 0.06271776 0.23419155 0.09573867 0.30721773 0.05332207 0.09270207 0.08337477 0.08353035 0.02662810
0.02262469 0.00771014 0.00068643 0.00701152 0.03334979 0.23092615 0.09973565 0.30542227 0.06083081 0.09025033 0.08019925 0.08167796 0.02793586
0.02419699 0.00516390 0.00093119 0.00346189 0.02735809 0.23123741 0.10560768 0.30578411 0.06296176 0.09474374 0.08058005 0.08188476 0.03501257
0.02618117 0.00304013 0.00141157 0.00303352 0.04113806 0.22963029 0.10374263 0.30580347 0.05573245 0.09638492 0.08111018 0.08233327 0.02853007
0.02714114 0.00547324 0.00240221 0.00745869 0.05490319 0.22790976 0.09326540 0.30553227 0.05660579 0.09483545 0.07209198 0.08287038 0.03111892
0.02810109 0.00960037 0.00259610 0.00974500 0.05260626 0.22738814 0.10031021 0.30711470 0.05190529 0.10474000 0.07568040 0.08272339 0.03267455
0.02916200 0.00694832 0.00114517 0.00484747 0.04414370 0.22549433 0.10244055 0.30693541 0.06016199 0.10231073 0.08584432 0.08167357 0.02847778
0.02978853 0.00597037 0.00070529 0.00563035 0.05513769 0.22545257 0.10530289 0.30662239 0.06714852 0.09551518 0.07738753 0.08215797 0.02589970
0.02931097 0.00518426 0.00136613 0.00483375 0.02619034 0.22671287 0.10485230 0.30831247 0.06485252 0.09302627 0.08209806 0.08298025 0.02984375
0.02975485 0.01002526 0.00097430 0.00896908 0.05075956 0.22349943 0.10967785 0.30746241 0.06705049 0.08598912 0.08717559 0.08384542 0.02978483
0.03077453 0.00869422 0.00066864 0.00836179 0.03954629 0.22556019 0.11023384 0.30723005 0.06333021 0.08968405 0.08524524 0.08390456 0.03008256
0.03046525 0.00581870 0.00058649 0.00653483 0.05689909 0.22940804 0.10856553 0.30610434 0.05374503 0.08795166 0.08803522 0.08213252 0.02821000
0.02936392 0.00417881 0.00066080 0.00395282 0.03488183 0.22692601 0.11105966 0.30550774 0.05321750 0.09105739 0.07690536 0.08292457 0.02890765
0.02816701 0.01057840 0.00093310 0.01176357 0.03179875 0.22799425 0.11050097 0.30445855 0.05199375 0.09761640 0.08241453 0.08374031 0.02661715
0.02681212 0.00443699 0.00179563 0.00262555 0.02373102 0.22869756 0.10682275 0.30306774 0.05572172 0.09986092 0.08099711 0.08207646 0.02751017
0.02677850 0.00397484 0.00144890 0.00288984 0.00481433 0.22892893 0.10744431 0.30429606 0.05786429 0.09512057 0.08892015 0.08475717 0.03555205
0.02833768 0.00297826 0.00093508 0.00283039 0.00563095 0.22872816 0.10703006 0.30326070 0.06072057 0.08386681 0.07671315 0.08070106 0.02799984
0.02968959 0.00391343 0.00080016 0.00174209 0.00328288 0.22943731 0.10166205 0.30479921 0.05419090 0.08437528 0.08929917 0.08295760 0.03452402
0.03118550 0.01112172 0.00172208 0.01319090 0.04065921 0.22992404 0.11236188 0.30539457 0.06189023 0.09995807 0.07008624 0.08956935 0.02688644
0.03248118 0.00324197 0.00238122 0.00354895 0.02643873 0.23108769 0.10414281 0.30517476 0.04914658 0.09620670 0.08478843 0.08098420 0.03282273
0.03477891 0.00406267 0.00163636 0.00494134 0.00513590 0.23365642 0.10429600 0.30644240 0.05342507 0.09294231 0.07852719 0.08338451 0.02957849
0.03770881 0.00352025 0.00442772 0.00431014 0.02592735 0.23245507 0.09768409 0.30638971 0.05681856 0.10061606 0.08203398 0.08160486 0.03773559
0.04014680 0.00288599 0.00096473 0.00385350 0.04074479 0.23180929 0.10636034 0.30840363 0.06011649 0.10287755 0.08014978 0.08209352 0.02894736
0.04076701 0.00245062 0.00139047 0.00421383 0.02712260 0.23244996 0.10202348 0.30614831 0.05583251 0.10160419 0.08461970 0.08003228 0.03137367
0.04089818 0.00258163 0.00116324 0.00224571 0.04776143 0.23034529 0.10473636 0.30699564 0.05586216 0.09398838 0.07811577 0.08240767 0.03224250
0.04035803 0.00374557 0.00142828 0.00501884 0.02625349 0.23099947 0.09529236 0.30380469 0.06400711 0.09837648 0.08131656 0.08081409 0.02470314
0.03930558 0.00405801 0.00131609 0.00339691 0.02354247 0.23168525 0.10020921 0.30542841 0.06302847 0.09763788 0.07983984 0.08225252 0.02753079
0.03700845 0.00732030 0.00137948 0.00966318 0.06175405 0.23254041 0.09790173 0.30411361 0.05940343 0.08975148 0.08362278 0.08200546 0.02375815
0.03566491 0.00818170 0.00092258 0.00921522 0.04793244 0.23398605 0.09508088 0.30512964 0.05987527 0.08790286 0.08012060 0.08480914 0.03440448
0.03375110 0.00949030 0.00160452 0.01427167 0.05736079 0.23091065 0.09243449 0.30425687 0.05646612 0.09567616 0.07965339 0.08103885 0.02612913
0.03175174 0.00549307 0.00221366 0.00694111 0.03793676 0.23240307 0.09934885 0.30441380 0.06105999 0.10298720 0.07314017 0.08221606 0.04690010
0.03190011 0.00749866 0.00268672 0.00751401 0.04718805 0.23165862 0.09777376 0.30621937 0.04990740 0.09512057 0.08844177 0.08148295 0.03962123
0.03331058 0.00724485 0.00142668 0.00772812 0.05827835 0.23077037 0.10656608 0.30604546 0.04839151 0.09013861 0.07007540 0.08042939 0.03192960
0.03443206 0.00544866 0.00093812 0.00724445 0.05179301 0.23180696 0.10315999 0.30694360 0.05522582 0.08900557 0.07942204 0.08073900 0.03123261
0.03502638 0.00461520 0.00147739 0.00752338 0.05171531 0.22994885 0.10056152 0.30684862 0.05937964 0.08768503 0.08416708 0.08185545 0.02946651
0.03791109 0.00616028 0.00085755 0.00490907 0.04633787 0.23033676 0.10442713 0.30634127 0.06534867 0.08090923 0.07865706 0.08498757 0.02863292
0.04020727 0.00579335 0.00074104 0.00614601 0.04458758 0.23210368 0.10473378 0.30705520 0.05653453 0.08379146 0.09029865 0.08133320 0.02947101
0.04047415 0.00412905 0.00178383 0.00721077 0.03769331 0.23377351 0.10312438 0.30485758 0.05493731 0.09949001 0.07958730 0.08040718 0.02627175
0.03943880 0.00177582 0.00149879 0.00170388 0.05338749 0.23100418 0.11134521 0.30382501 0.05172870 0.10515311 0.07378918 0.08770855 0.02659915
0.03848232 0.00269866 0.00101429 0.00241279 0.03793967 0.23346057 0.10154045 0.30235594 0.04434971 0.10069812 0.08117438 0.08042403 0.02777269
0.03811285 0.00175292 0.00117040 0.00065165 0.00094152 0.23522174 0.11360089 0.30351529 0.05003928 0.09894394 0.07415682 0.08252495 0.02417728
0.03686332 0.00254744 0.00083375 0.00079148 0.00294241 0.23349602 0.10620140 0.30217553 0.06277884 0.08785759 0.08089974 0.08045236 0.02572907
0.03410824 0.00260069 0.00092069 0.00225676 0.04244591 0.23471614 0.09464737 0.30312808 0.05874288 0.08518666 0.09386457 0.08165865 0.02515640
0.03112747 0.00423874 0.00104024 0.00417035 0.02934787 0.23439637 0.10088830 0.30317366 0.06114329 0.07904271 0.07371547 0.08134473 0.02602427
0.02877867 0.00321533 0.00110390 0.00090733 0.00241170 0.23408424 0.10045186 0.30412616 0.05539882 0.09037729 0.08210909 0.07987595 0.02424258
0.02755823 0.00528174 0.00076544 0.00337503 0.02351688 0.23615735 0.09613072 0.30657083 0.05643630 0.10717168 0.08360298 0.08254663 0.02611330
0.02751119 0.00501429 0.00084268 0.00697398 0.02476414 0.23665448 0.09771298 0.30613450 0.05846649 0.11277312 0.07209645 0.07881694 0.03607467
0.02635857 0.00301447 0.00087589 0.00401884 0.02270623 0.23470473 0.09906691 0.30780774 0.05011191 0.10333000 0.06834960 0.08158787 0.02692763
0.02524673 0.01170193 0.00074469 0.01282092 0.03481271 0.23681559 0.09888617 0.30949122 0.05642431 0.09730765 0.08089958 0.08038975 0.02965597
0.02581413 0.01000747 0.00060353 0.00784600 0.03807492 0.23266517 0.09789159 0.30952173 0.06981506 0.09217005 0.07956610 0.08202279 0.03294041
0.02596294 0.00583635 0.00055462 0.00529380 0.02538350 0.23175432 0.10137316 0.30873706 0.06570064 0.09186607 0.09167359 0.07980722 0.03842549
0.02664481 0.00751355 0.00203742 0.00582769 0.01749749 0.23071504 0.10103401 0.30956793 0.06557844 0.08649663 0.09004888 0.08248958 0.03496720
0.02810875 0.00884960 0.00097636 0.00866615 0.06201105 0.22397831 0.09690702 0.30781499 0.06749822 0.10268368 0.08491283 0.08186498 0.02981442
0.03049423 0.00685412 0.00171210 0.00711113 0.05241541 0.22807168 0.10005763 0.30779734 0.05972577 0.11955664 0.08278619 0.08188458 0.03549121
0.03150924 0.01299477 0.00131978 0.01270770 0.05972625 0.22397083 0.10044839 0.30643397 0.05421371 0.11753077 0.07796718 0.08385950 0.02723004
0.03280016 0.00929695 0.00160792 0.00980980 0.06480391 0.22940667 0.09743607 0.30685193 0.05786877 0.10449918 0.07106961 0.08252209 0.03306019
0.03427103 0.01005965 0.00089267 0.01019622 0.05048741 0.22706002 0.10189753 0.30620140 0.05672170 0.09927422 0.09138744 0.08467195 0.03024256
0.03464421 0.00819104 0.00258761 0.00943712 0.04592888 0.22965705 0.10476621 0.30602779 0.06211503 0.11045125 0.08312190 0.08394704 0.02616075
0.03519817 0.00911575 0.00367132 0.01150600 0.02838874 0.22965913 0.10301098 0.30685902 0.06203104 0.10489748 0.08839534 0.08805196 0.02466876
0.03601364 0.00520521 0.00139871 0.00460655 0.03884887 0.23283699 0.10308836 0.30676405 0.06344365 0.10506663 0.08182282 0.08364227 0.02901844
0.03527774 0.01085386 0.00117144 0.00966056 0.05821921 0.23069915 0.10787733 0.30621597 0.06235355 0.10970933 0.08166912 0.08168456 0.02725552
0.03493547 0.00329114 0.00141672 0.00188753 0.02591351 0.23213929 0.10514549 0.30611386 0.05737496 0.12038376 0.08432178 0.08266869 0.02907575
0.03385888 0.00685673 0.00203408 0.00840097 0.04656536 0.23228254 0.10579272 0.30611259 0.04873049 0.11573482 0.08672811 0.07923241 0.02570268
0.03269011 0.01090123 0.00123701 0.01187694 0.03424222 0.23376124 0.10254597 0.30564734 0.05824759 0.10183558 0.07271632 0.08232136 0.02784752
0.03213556 0.01237542 0.00110011 0.01559074 0.04951699 0.23357678 0.09577821 0.30682826 0.06111691 0.10127790 0.09699840 0.08328754 0.02691790
0.03071795 0.01301715 0.00127125 0.01736040 0.06029418 0.23302892 0.09901788 0.30678280 0.07193774 0.10065928 0.08309407 0.08539592 0.02718814
0.02920504 0.01012096 0.00171820 0.01172186 0.05974962 0.23058227 0.09530837 0.30507269 0.06327448 0.10992224 0.08758220 0.08313992 0.02603058
0.02866405 0.00903444 0.00155147 0.00776560 0.04807887 0.23258475 0.09462523 0.30534808 0.06060473 0.10901370 0.07836258 0.08393269 0.02435090
0.02958595 0.00545083 0.00132449 0.00307897 0.03320075 0.23014913 0.09391328 0.30375918 0.06937839 0.11752285 0.08351098 0.08263180 0.02700424
0.03019277 0.00379879 0.00110064 0.00571000 0.03227472 0.22926628 0.09436318 0.30548284 0.06272631 0.12257082 0.08339236 0.08170933 0.02635151
0.03056380 0.00580760 0.00097333 0.00687440 0.02483296 0.22889575 0.09406398 0.30549848 0.05993094 0.11511102 0.07851454 0.08130849 0.03030814
0.05293636 0.00142534 0.00187653 0.00211945 0.00979359 0.22682593 0.09940854 0.30501853 0.05601971 0.11549100 0.07628571 0.07995538 0.04011251
0.05537825 0.00373745 0.00149299 0.00426008 0.02786376 0.23149178 0.10120305 0.30687866 0.05883775 0.11193672 0.08579122 0.08013970 0.02488377
0.05640857 0.00942300 0.00078459 0.00922473 0.05763210 0.22674543 0.09617434 0.30642426 0.06354408 0.10906475 0.08546189 0.08286249 0.02777249
0.05543649 0.00564975 0.00111624 0.00332153 0.03409462 0.22836981 0.10118108 0.30758370 0.07077297 0.09938974 0.07768345 0.08411168 0.03048523
0.05521449 0.00758946 0.00213326 0.00737708 0.05399389 0.22630557 0.09903236 0.30872947 0.06529641 0.09334052 0.08769923 0.08407710 0.02614977
0.05488252 0.00265509 0.00137663 0.00549955 0.04170953 0.23078812 0.10793444 0.30808252 0.06252310 0.09841951 0.07401275 0.08628064 0.02719851
0.05580517 0.00628867 0.00185509 0.00988135 0.04074698 0.22747441 0.09801582 0.30791008 0.05371252 0.11404186 0.08223370 0.08417949 0.04379170
0.05731469 0.00663701 0.00131026 0.01052470 0.03877437 0.23131532 0.09577322 0.30761706 0.04700235 0.10551826 0.08109340 0.08274288 0.02855303
0.05811792 0.00644494 0.00074138 0.00744831 0.03878256 0.22619070 0.10053648 0.30451872 0.04988476 0.10203483 0.07324527 0.07918858 0.03966116
0.05741009 0.00948544 0.00122337 0.00913483 0.03158641 0.22948246 0.10322505 0.30688653 0.06700201 0.10911836 0.08030710 0.08310356 0.03554829
0.05499954 0.00712712 0.00112464 0.00905655 0.02908321 0.22791973 0.09729684 0.30571657 0.06961739 0.09963515 0.09036196 0.08166993 0.04674458
0.05536218 0.00347779 0.00087868 0.00426717 0.05052182 0.23029128 0.10435976 0.30467114 0.06903499 0.08539689 0.08240345 0.08564840 0.02953637
0.05363118 0.00921868 0.00084567 0.00951031 0.02850229 0.22956647 0.09755653 0.30583423 0.05975280 0.09062600 0.09146507 0.08342910 0.05043370
0.04991000 0.00323941 0.00094273 0.00674420 0.03671319 0.22992720 0.10402441 0.30457831 0.05878261 0.11121433 0.08210126 0.08409806 0.02949504
0.04393783 0.00261818 0.00160341 0.00409500 0.02514854 0.22970583 0.10496274 0.30425522 0.05517727 0.11193225 0.08010627 0.08042465 0.04237867
0.03874070 0.00996368 0.00153117 0.01034084 0.03640725 0.23257076 0.11023372 0.30703529 0.05605009 0.10495794 0.07933020 0.08320548 0.03035395
0.03552341 0.00566162 0.00181717 0.00588193 0.04632119 0.22876703 0.10612156 0.30621426 0.05791896 0.10413709 0.07465661 0.07914459 0.02845578
0.03370742 0.00402477 0.00187798 0.00546792 0.04661491 0.23168648 0.10330422 0.30667052 0.05938417 0.10092119 0.08692966 0.08221215 0.02728638
0.03416124 0.01229705 0.00184886 0.01384577 0.05189179 0.23099773 0.09941503 0.30758363 0.06004549 0.09453810 0.08914263 0.07968670 0.02618869
0.03400649 0.00844760 0.00161705 0.01253324 0.03352355 0.23119128 0.10209739 0.30558131 0.06181287 0.09062615 0.07986661 0.08151581 0.03725402
0.03501312 0.00373173 0.00150408 0.00515089 0.02772785 0.23186590 0.09289133 0.30498775 0.05593731 0.09692470 0.09037878 0.08261784 0.03984635
0.03767602 0.00362814 0.00117297 0.00632514 0.03225939 0.23060617 0.09830866 0.30276780 0.05895346 0.10258230 0.07488406 0.08201186 0.03458131
0.04132143 0.01232525 0.00279519 0.01259716 0.03164143 0.23249314 0.09088739 0.30097002 0.05033234 0.10764928 0.07714182 0.08025749 0.02424196
0.04440803 0.00572528 0.00241464 0.00406097 0.03763123 0.22978766 0.09880629 0.30356817 0.04899695 0.11073746 0.07212138 0.08554785 0.03493282
0.04511389 0.00529166 0.00264806 0.00572047 0.00821782 0.23433909 0.09220350 0.30273907 0.06269047 0.10694357 0.07277548 0.08259834 0.03848562
0.04413666 0.00343577 0.00116774 0.00301971 0.00358334 0.23108342 0.09098957 0.30400617 0.06664035 0.10186686 0.08529878 0.08202003 0.04526502
0.04352970 0.00256529 0.00100060 0.00261502 0.00348672 0.23266492 0.09428081 0.30470831 0.06287806 0.09667594 0.09145910 0.07970917 0.02798700
0.04229240 0.00955319 0.00174689 0.00964511 0.02905496 0.22940659 0.10095391 0.30501365 0.06546223 0.10227642 0.07772216 0.07908408 0.03198167
0.04027843 0.00757165 0.00202094 0.00746618 0.04194240 0.23140289 0.10232580 0.30531703 0.05685462 0.09771153 0.08169837 0.08371086 0.02848394
0.03878740 0.00280885 0.00391420 0.00149795 0.01916078 0.22737814 0.10593719 0.30655197 0.06766434 0.09928753 0.07749521 0.08986580 0.02922729
0.03844882 0.01047019 0.00139127 0.01145725 0.01838553 0.22691937 0.10422221 0.30357864 0.05991943 0.10121068 0.08133691 0.08361468 0.04652029
0.03873001 0.00597647 0.00348054 0.00460991 0.03384703 0.22449762 0.09871860 0.30264128 0.05075779 0.10431588 0.07755480 0.08194745 0.02843646
0.03933872 0.00693672 0.00108353 0.00632844 0.04406085 0.22908798 0.09718052 0.30470643 0.05486831 0.09949835 0.08236481 0.08435888 0.03739228
0.03934951 0.00419002 0.00120415 0.00346614 0.02922533 0.22697096 0.10489627 0.30393240 0.07268833 0.09933275 0.07937448 0.08162295 0.03430049
0.03852672 0.01452015 0.00194291 0.01622375 0.02284787 0.23170236 0.09716391 0.30618526 0.06056211 0.09666725 0.09134846 0.08345152 0.03152528
0.03772463 0.00415887 0.00208309 0.00273873 0.02906611 0.23084901 0.10511865 0.30542531 0.06444029 0.11018245 0.07519574 0.08008089 0.04050813
0.03784234 0.00383492 0.00210578 0.00351276 0.03901696 0.22871348 0.10011455 0.30510013 0.05918464 0.11177771 0.08222513 0.08238662 0.02787346
0.03799738 0.00772180 0.00177750 0.01112012 0.04724565 0.22816795 0.10539212 0.30711921 0.05692129 0.11077563 0.08255807 0.08375203 0.04053141
0.03885080 0.00844252 0.00114219 0.00936441 0.05862722 0.22573300 0.10565391 0.30583919 0.06397179 0.10654862 0.08188492 0.08329162 0.03272698
0.04013977 0.00908111 0.00314438 0.00886429 0.06684648 0.22489256 0.10283987 0.30479170 0.06779496 0.09797143 0.08285382 0.08431366 0.03196788
0.04051156 0.00861096 0.00144391 0.00945334 0.05690109 0.22688097 0.09944582 0.30632202 0.07167384 0.09834789 0.08235527 0.08515089 0.02911345
0.04046536 0.00703266 0.00108620 0.00674779 0.05407348 0.22895620 0.09624262 0.30653537 0.07566734 0.10100618 0.08647816 0.08518852 0.03291074
0.04031976 0.01141100 0.00096192 0.00832418 0.02150463 0.22446828 0.10286432 0.30591419 0.06864449 0.10315450 0.08702655 0.08371898 0.02892007
0.03927634 0.00778628 0.00112643 0.00820474 0.04421497 0.22774522 0.09903685 0.30542171 0.05794798 0.10698738 0.08124788 0.08180769 0.02921097
0.03776600 0.00547565 0.00085225 0.00754970 0.04066778 0.22346737 0.10364026 0.30501413 0.05616601 0.10750367 0.07982411 0.08091116 0.04413227
0.03609844 0.00341997 0.00297695 0.00626910 0.03495864 0.22742840 0.10279379 0.30400544 0.05680827 0.10932749 0.08355497 0.08394658 0.02666497
0.03379958 0.00215845 0.00149456 0.00250488 0.02466697 0.22741740 0.10603670 0.30344763 0.06881852 0.10660934 0.07298531 0.08370264 0.05255165
0.03286432 0.01098662 0.00127643 0.01002100 0.04943269 0.22956511 0.09962298 0.30426337 0.06668171 0.10035343 0.08228311 0.08310548 0.04615139
0.03184632 0.00643500 0.00173055 0.00797653 0.04365548 0.22514118 0.09750009 0.30453335 0.06753980 0.10331933 0.08798333 0.08572720 0.02687014
0.03286202 0.00505582 0.00129503 0.00695805 0.05057582 0.22685544 0.09801533 0.30581547 0.06412591 0.10060954 0.08409957 0.08491921 0.03533653
0.03480638 0.00602290 0.00170981 0.00459389 0.05564066 0.22651865 0.09911001 0.30545140 0.06142563 0.10137125 0.08286402 0.08308725 0.03917705
0.03639664 0.00602006 0.00085328 0.00742316 0.03976504 0.22793953 0.09818225 0.30493880 0.07073628 0.10218484 0.08042991 0.08007118 0.03166758
0.03633499 0.01023719 0.00111120 0.00896352 0.02590167 0.22713317 0.10463211 0.30582944 0.06328220 0.10370140 0.07548715 0.07936902 0.02725304
0.03692010 0.00488638 0.00079402 0.00576338 0.03847088 0.22651887 0.09762598 0.30447514 0.06080516 0.10873860 0.08385677 0.08339415 0.04867971
0.03377332 0.00372014 0.00175443 0.00212271 0.04853949 0.22337802 0.10421906 0.30623368 0.06061189 0.11142100 0.09430233 0.08400350 0.02542909
0.03301562 0.00494155 0.00103596 0.00650311 0.03730743 0.22271567 0.09885653 0.30368252 0.05810227 0.10071185 0.08855804 0.08614265 0.04647566
0.03185008 0.00533055 0.00085450 0.00570869 0.03990009 0.22548224 0.10115912 0.30308098 0.06871624 0.09915343 0.08639216 0.08436265 0.02543090
0.03006549 0.00892475 0.00150305 0.01158574 0.04728014 0.22500641 0.11029031 0.30191916 0.06425057 0.10505409 0.08310719 0.08416823 0.02758950
0.02841714 0.00833576 0.00172958 0.00980941 0.04883058 0.22927264 0.10685801 0.30306310 0.06136150 0.10824965 0.08090280 0.08431993 0.02565524
0.02787054 0.00559315 0.00093754 0.00526509 0.02590635 0.22608406 0.10924024 0.30417751 0.06102827 0.10343746 0.08218641 0.08330501 0.05063596
0.02781343 0.00710971 0.00092509 0.00639913 0.01823637 0.23009543 0.10263239 0.30424031 0.05535573 0.10366506 0.08837816 0.08241017 0.03909758
0.02787617 0.00519274 0.00358683 0.00630574 0.03248198 0.22994423 0.10212917 0.30692517 0.06083439 0.11731144 0.08923550 0.08056508 0.03835967
0.02731331 0.00769256 0.00115329 0.00855472 0.05945755 0.22958984 0.10446247 0.30663033 0.06392355 0.10977829 0.08008632 0.08367401 0.03143317
0.02688458 0.00899203 0.00078390 0.00988121 0.07249328 0.22740146 0.10933867 0.30751492 0.06443080 0.09980693 0.07602133 0.08406737 0.03657072
0.02699970 0.01184349 0.00122888 0.01248964 0.05831959 0.22800080 0.10655222 0.30750074 0.06429147 0.10085704 0.08806166 0.08340581 0.03197144
0.02735678 0.00346496 0.00404322 0.00435812 0.05193541 0.22408707 0.11178562 0.30680330 0.06522033 0.10602829 0.09041460 0.09045401 0.03582482
0.02845354 0.00698235 0.00149365 0.00879122 0.04798502 0.22538783 0.10683497 0.30821628 0.06000790 0.10545541 0.09220837 0.08469026 0.03003090
0.03001044 0.00706313 0.00263533 0.00607869 0.03701040 0.22205039 0.10081897 0.30567836 0.05482118 0.10186188 0.07786381 0.08354877 0.03026223
0.03199087 0.00310571 0.00184860 0.00523801 0.03399127 0.22552112 0.10538572 0.30471047 0.05525293 0.11499980 0.07695815 0.08121615 0.02766901
0.03375349 0.00263878 0.00197884 0.00481742 0.02057987 0.22571174 0.10534874 0.30595671 0.05953847 0.10951220 0.08259500 0.07961735 0.02646263
0.03505835 0.00456619 0.00119126 0.00396054 0.03019808 0.22568487 0.09990726 0.30406048 0.05904555 0.09491634 0.08510556 0.08230251 0.02724682
0.03607465 0.00479611 0.00081806 0.00424018 0.04297780 0.22435190 0.09925714 0.30404542 0.06028876 0.08776785 0.08184527 0.08280785 0.02769300
0.03669675 0.01101378 0.00142034 0.01265197 0.04172304 0.22712850 0.09752635 0.30419819 0.06270769 0.09705813 0.09011428 0.08556974 0.02636700
0.03626231 0.00319863 0.00213262 0.00318882 0.04707103 0.22595500 0.10480567 0.30282630 0.05859156 0.10505466 0.08305576 0.08473788 0.02662614
0.03577313 0.00563333 0.00167598 0.00468516 0.03782022 0.22596767 0.10136012 0.30306467 0.05379638 0.10571668 0.07972584 0.08035468 0.02640028
0.03546440 0.00474569 0.00135340 0.00425021 0.04638695 0.22626655 0.10919802 0.30468619 0.05199768 0.10538877 0.07423422 0.08280587 0.02577306
0.03561849 0.00212149 0.00152150 0.00461753 0.00741618 0.22696116 0.09665349 0.30408103 0.05272184 0.11027773 0.08146706 0.08102483 0.02935551
0.03542146 0.00208650 0.00170271 0.00113904 0.00146825 0.22863034 0.09852509 0.30368748 0.05891258 0.10314152 0.07471321 0.08060175 0.03397157
0.03486128 0.00219476 0.00094948 0.00470299 0.03159017 0.22726642 0.09514086 0.30296985 0.05361335 0.09449628 0.08819899 0.07881241 0.02618055
0.03415345 0.00784947 0.00090251 0.00540041 0.03943350 0.22766000 0.09866143 0.30362981 0.05979247 0.09074803 0.08300158 0.08082913 0.03591912
0.03308927 0.00866837 0.00155721 0.01203032 0.02776928 0.22730311 0.10294481 0.30221737 0.06695644 0.09318137 0.08500542 0.08443763 0.04018897
0.03146575 0.00349686 0.00100544 0.00357760 0.04238448 0.22683544 0.11103985 0.30179975 0.05541808 0.10061705 0.08538426 0.08283173 0.03335739
0.03196144 0.00388321 0.00071125 0.00599237 0.02729815 0.22689806 0.10589109 0.30105660 0.05646620 0.10322218 0.07524929 0.08168634 0.02728576
0.03182722 0.00746375 0.00178208 0.00580344 0.03533524 0.22928054 0.09296091 0.30150908 0.05367591 0.10139337 0.07567701 0.08257894 0.04270865
0.03091814 0.00646232 0.00110304 0.00581605 0.04191634 0.22845369 0.09745338 0.30198427 0.05906741 0.10752186 0.07508443 0.08201237 0.03660708
0.02942081 0.00493778 0.00106537 0.00630502 0.03725841 0.22899344 0.09644978 0.30282011 0.06886539 0.10964825 0.07630492 0.08133744 0.03086596
0.02843829 0.00665664 0.00256664 0.00549785 0.02410075 0.22890724 0.10264244 0.30460164 0.06284253 0.09418946 0.08481760 0.07917997 0.03505311
0.02833136 0.00370596 0.00112959 0.00264788 0.04202844 0.22775322 0.10957731 0.30361194 0.06550165 0.08478383 0.09016339 0.08560894 0.02640122
0.02851493 0.00457418 0.00087161 0.00375483 0.04072188 0.22951815 0.10573386 0.30477442 0.06739787 0.09367635 0.08130331 0.08413143 0.02788764
0.02833817 0.00512789 0.00091114 0.00613928 0.03856488 0.22699984 0.10948435 0.30370715 0.05572920 0.10569443 0.08606926 0.08313630 0.02652786
0.02764158 0.00292817 0.00290852 0.00158771 0.01965330 0.22759660 0.10325165 0.30255910 0.05183120 0.11370430 0.07881907 0.08307597 0.02969241
0.02703456 0.00646936 0.00146649 0.00720457 0.03296030 0.22604796 0.10153118 0.30290239 0.05209085 0.11731667 0.06938709 0.08006860 0.02674615
0.02697205 0.01254195 0.00122012 0.01429426 0.03867005 0.22927156 0.10000512 0.30551585 0.05083624 0.10995203 0.07387580 0.08345566 0.03315662
0.02798702 0.00603779 0.00110781 0.00474431 0.04714210 0.22358042 0.10002791 0.30419124 0.05689770 0.09873187 0.08914530 0.08170712 0.03617618
0.02764240 0.00704183 0.00214741 0.00866666 0.06586917 0.22487381 0.10439520 0.30415182 0.06034133 0.08357840 0.07631766 0.08169228 0.02860723
0.02830515 0.00468049 0.00149417 0.00741183 0.04677327 0.22473076 0.10050698 0.30255657 0.05654098 0.08380557 0.08936388 0.08118295 0.04389190
0.03102322 0.00266442 0.00132209 0.00725046 0.02338778 0.22476392 0.10032569 0.30218532 0.06323647 0.09222195 0.08382158 0.08108330 0.03401791
0.03494007 0.00327934 0.00091509 0.00133344 0.00438698 0.22680440 0.09928146 0.29998088 0.05814736 0.10357210 0.08659842 0.08323903 0.03691217
0.03663635 0.01096545 0.00107912 0.01130712 0.02236224 0.22746901 0.09818248 0.29983308 0.04843212 0.11143249 0.07665483 0.08362535 0.02639461
0.03679304 0.00801064 0.00109790 0.00784184 0.03265265 0.22735764 0.09681193 0.29872077 0.04714150 0.11504327 0.06875531 0.08115481 0.03664233
0.03757180 0.00581885 0.00115223 0.00363716 0.03840247 0.22800260 0.09655716 0.30110885 0.05578066 0.11192392 0.07315928 0.08344958 0.02577017
0.03794493 0.00632252 0.00079972 0.00372974 0.01889358 0.22821996 0.10029329 0.30177527 0.05875063 0.09916763 0.08581450 0.08162217 0.02856300
0.03682657 0.00484818 0.00079850 0.00632619 0.05522547 0.22770947 0.11101780 0.30499974 0.05778585 0.08430472 0.07913385 0.08187156 0.02736510
0.03400380 0.01200878 0.00099947 0.01392487 0.02870188 0.23041225 0.09748185 0.30626914 0.05866253 0.08689632 0.08851726 0.07986285 0.03939189
0.03077211 0.00435342 0.00118828 0.00431348 0.02414276 0.23283011 0.09992978 0.30781493 0.06282345 0.10097774 0.08531110 0.08147815 0.05992388
0.02852605 0.00635681 0.00107439 0.00687529 0.04813059 0.23315849 0.10227385 0.30439773 0.05453727 0.10656652 0.08100083 0.08458668 0.02801269
0.02589341 0.00530223 0.00132160 0.00370242 0.02917939 0.23705708 0.10016222 0.30501735 0.05052942 0.10719562 0.06966095 0.08125326 0.03975117
0.02404242 0.00940853 0.00131976 0.01002098 0.04964638 0.23757208 0.10269266 0.30348915 0.05164505 0.11438205 0.07260388 0.08251334 0.02623088
0.02266247 0.00353280 0.00248859 0.00232339 0.02814063 0.24002344 0.09893231 0.30363050 0.05796446 0.11357053 0.07720261 0.08267088 0.02943333
0.02415059 0.00343145 0.00173958 0.00305584 0.01664166 0.23548615 0.10137112 0.30246753 0.05781175 0.10374440 0.08564438 0.08623324 0.02696793
0.02688837 0.00171128 0.00199217 0.00043350 0.00082555 0.23526567 0.10407927 0.30237033 0.06167842 0.09026218 0.08039573 0.08250978 0.02764654
0.02904425 0.00133845 0.00085391 0.00035660 0.00091540 0.23280622 0.10538680 0.30200678 0.06049879 0.08880467 0.08865566 0.07938786 0.02428917
0.03041929 0.00682470 0.00065398 0.00981195 0.01951170 0.23290521 0.10435097 0.30217429 0.05921296 0.09866102 0.08234800 0.07873141 0.02472429
0.03089419 0.01081961 0.00076783 0.01396353 0.02531143 0.22745743 0.10137564 0.30550749 0.06491519 0.11133190 0.08058042 0.08073819 0.03589816
0.03007812 0.01011368 0.00095976 0.00814035 0.04318324 0.22895022 0.10288489 0.30596587 0.05388691 0.11126421 0.07519204 0.08356387 0.03867800
0.02868385 0.00739636 0.00131693 0.00775465 0.03455999 0.22783799 0.10340869 0.30534025 0.04843574 0.11047340 0.07798956 0.08330977 0.04692221
0.02345776 0.01035922 0.00078871 0.01459726 0.05979970 0.22725878 0.10817015 0.30657587 0.05344782 0.10478914 0.07591802 0.08306353 0.02953945
0.02270526 0.00951673 0.00083565 0.00823291 0.02861213 0.22712280 0.10968676 0.30669594 0.05987529 0.09158201 0.08168739 0.08321036 0.04381419
0.02189323 0.00439144 0.00106631 0.00422718 0.02799601 0.22758111 0.10664546 0.30933595 0.06290300 0.07900096 0.09298032 0.08331742 0.03066182
0.02082464 0.00458562 0.00094194 0.00417993 0.04072164 0.22780358 0.10769300 0.30728293 0.06249290 0.07584651 0.09279578 0.08212904 0.03195330
0.02099190 0.00651791 0.00101386 0.00743577 0.03648753 0.22617664 0.10397119 0.30641228 0.06442585 0.09379497 0.08179719 0.07947419 0.02777999
0.02111460 0.00398836 0.00091744 0.00506340 0.02447087 0.22641229 0.10368337 0.30551058 0.05422503 0.10794283 0.07228356 0.07822027 0.02818363
0.02144633 0.01073112 0.00088229 0.00956326 0.02820038 0.22725101 0.10362126 0.30270933 0.04400459 0.11956449 0.06842704 0.08135382 0.02679094
0.02140395 0.01014045 0.00311295 0.01124903 0.04023503 0.22909241 0.09637068 0.30267833 0.04808493 0.12234952 0.07055745 0.08177799 0.02726956
0.02297696 0.01053090 0.00176812 0.01297227 0.03020924 0.22892370 0.09501160 0.30228660 0.05384982 0.10849115 0.07934263 0.08319311 0.03723631
0.02533626 0.00515887 0.00156788 0.00504392 0.04914936 0.23219116 0.09836605 0.30203659 0.06089512 0.09179859 0.08111578 0.08420050 0.03496345
0.02252209 0.00234790 0.00134925 0.00178399 0.03893568 0.23755034 0.10478962 0.30330601 0.06549213 0.06293224 0.09102855 0.08388034 0.02621769
0.02528439 0.00512520 0.00055946 0.00342584 0.03147857 0.23827917 0.10243735 0.30784049 0.07634248 0.06906668 0.08860969 0.08251673 0.03257505
0.02714838 0.00719396 0.00059717 0.00565361 0.03600462 0.24017792 0.09399904 0.30808080 0.06252688 0.08917645 0.08491161 0.07887680 0.02587991
0.02761047 0.00442704 0.00064329 0.00258485 0.02567952 0.24201304 0.09564527 0.30852280 0.05295487 0.10806059 0.06861173 0.07626895 0.02863137
0.02672762 0.00465635 0.00084648 0.00290005 0.02370668 0.23935381 0.10266572 0.30826813 0.04100231 0.11920933 0.07490660 0.07685227 0.02628992
0.02610678 0.00453062 0.00286752 0.00396715 0.02282713 0.24131348 0.09729766 0.30568228 0.04783437 0.12237665 0.06540115 0.07999813 0.02691851
0.02563390 0.01343090 0.00141591 0.01274375 0.03699259 0.23813463 0.09985868 0.30626908 0.06150457 0.10577239 0.07436068 0.08372748 0.02674260
0.02553015 0.00572345 0.00120990 0.00493919 0.03500816 0.23983191 0.10048993 0.30455297 0.06268204 0.08372136 0.08899555 0.08536538 0.02690907
0.02630902 0.00568079 0.00107415 0.00821008 0.03538944 0.23972781 0.09520777 0.30328661 0.07047937 0.06912539 0.08831669 0.08646738 0.02477949
0.02722254 0.00844706 0.00092722 0.00868867 0.03907332 0.24040558 0.09495486 0.30637808 0.06911879 0.07629924 0.08694361 0.08422614 0.04111251
0.02762383 0.00585638 0.00082307 0.00959852 0.05844106 0.23855143 0.09130234 0.30519197 0.05708569 0.09536884 0.08460636 0.08834131 0.05413431
0.02821905 0.00958769 0.00156186 0.01374532 0.04798953 0.23735639 0.10136148 0.30528891 0.04770240 0.11490310 0.06237323 0.07894980 0.03558083
0.02887837 0.01439289 0.00239066 0.01452404 0.04166283 0.23318829 0.09895549 0.30650149 0.03705106 0.12332301 0.07127220 0.07729205 0.03520017
0.03194135 0.00883863 0.00140857 0.00835267 0.04632196 0.23305011 0.10668871 0.30699647 0.05179734 0.12350987 0.06992667 0.08323401 0.03183139
0.03362012 0.00765544 0.00197459 0.00927219 0.04889287 0.22965857 0.10771012 0.30684157 0.05521774 0.10120187 0.07873395 0.08231862 0.02949721
0.03439964 0.00577656 0.00095490 0.00799975 0.05813811 0.22566963 0.10336071 0.30725398 0.05997103 0.07831569 0.09024383 0.08767104 0.02816965
0.03430337 0.00819031 0.00096842 0.00681044 0.02252395 0.22870948 0.10504812 0.30698541 0.07408650 0.07171219 0.08630712 0.08275182 0.02807021
0.03407656 0.00558023 0.00117541 0.00480770 0.04832967 0.22620424 0.10293155 0.30716569 0.06258038 0.07922618 0.08816606 0.08302171 0.02899553
0.03384494 0.00227430 0.00083643 0.00050479 0.04122960 0.22683467 0.10599374 0.30747203 0.05122562 0.09583455 0.08298688 0.08113418 0.02591759
0.03226935 0.00903760 0.00106690 0.00896786 0.04929521 0.22640131 0.09935306 0.30801458 0.04684001 0.11183131 0.06998213 0.07927897 0.02959821
0.02935470 0.01201727 0.00156372 0.01330825 0.04288459 0.22545393 0.10580474 0.30815287 0.03941387 0.11698702 0.07419161 0.07836248 0.02711348
0.02684704 0.00553465 0.00124993 0.00526708 0.03675282 0.22576597 0.10059904 0.30668600 0.05399438 0.10868341 0.07128010 0.07856519 0.03673861
0.02575772 0.00580036 0.00127419 0.00645085 0.03856102 0.22647942 0.09953116 0.30496456 0.05535287 0.09620606 0.07585846 0.08318849 0.02608928
0.02505891 0.00185829 0.00113563 0.00117497 0.03306948 0.22753422 0.10169770 0.30430012 0.05795456 0.07594688 0.09474201 0.08333973 0.02568467
0.02485174 0.00582351 0.00100344 0.00511228 0.03717326 0.23030825 0.10039537 0.30223909 0.06683619 0.06781226 0.08848546 0.08375289 0.02726075
0.02474593 0.00258068 0.00081255 0.00453680 0.02875973 0.23145152 0.10884618 0.30149388 0.06035559 0.07300753 0.08728243 0.08353718 0.02705463
0.02515292 0.00767641 0.00049708 0.00518154 0.02807775 0.23597595 0.11025450 0.30554167 0.05314509 0.08570902 0.08193922 0.08335067 0.04958491
0.02546214 0.00523830 0.00085597 0.00644621 0.03596278 0.23722798 0.10718537 0.30631707 0.03826991 0.10920244 0.07841199 0.08182884 0.02617062
0.02503934 0.00626907 0.00135198 0.00698895 0.04641487 0.23784523 0.10820019 0.30768661 0.04064762 0.11140170 0.06123509 0.07956149 0.02823697
0.02415742 0.00466230 0.00125352 0.00568995 0.03906696 0.23851228 0.09658829 0.30595631 0.03666879 0.10033846 0.07499102 0.07750635 0.03536737
0.02500722 0.00650649 0.00083587 0.00895561 0.04421922 0.24169294 0.10227979 0.30692731 0.04812640 0.07593496 0.06831891 0.07823683 0.03638940
0.02682158 0.00597512 0.00291978 0.00612781 0.02918477 0.24061302 0.10005559 0.30428964 0.05486873 0.06005004 0.08321319 0.07949311 0.02779440
0.02843752 0.00834880 0.00115079 0.01026580 0.02218811 0.24246399 0.10015939 0.30300913 0.06102161 0.06176017 0.08503258 0.08450768 0.03585153
0.02996932 0.00591578 0.00078513 0.00652699 0.03380193 0.23834344 0.10255278 0.30108605 0.05667933 0.06585155 0.08041039 0.08214111 0.02768186
0.03107503 0.00502593 0.00099983 0.00303225 0.02565487 0.23948294 0.10645771 0.30274675 0.04360583 0.08421261 0.07166931 0.08456051 0.03538698
0.03137912 0.00410439 0.00110859 0.00289966 0.02487379 0.23767670 0.10509965 0.30034485 0.04272239 0.10126157 0.07262985 0.08057264 0.02647065
0.03129282 0.00327667 0.00086790 0.00432479 0.02457774 0.23853447 0.10195941 0.30241627 0.04122205 0.10633949 0.06435574 0.07896718 0.02821138
0.02794159 0.00143818 0.00430209 0.00049799 0.00082105 0.23670833 0.10000565 0.30157168 0.03973090 0.09556858 0.07345554 0.07635766 0.02478357
0.02634034 0.00713842 0.00175365 0.01096547 0.02914693 0.23588474 0.10293452 0.30390200 0.05106139 0.07441214 0.06930748 0.07730639 0.02561790
0.04089970 0.00750644 0.00118790 0.00844644 0.03244652 0.23476522 0.10184903 0.30526382 0.05475043 0.06441856 0.08348976 0.08142206 0.03885683
0.03893290 0.00444154 0.00180474 0.00541957 0.04293951 0.23312363 0.10484518 0.30589587 0.05775679 0.06551802 0.08830731 0.08344276 0.03518419
0.03745607 0.00978075 0.00119872 0.01172411 0.04537168 0.22887924 0.10427056 0.30557629 0.05295489 0.07185645 0.07864963 0.08399553 0.03288250
0.03557923 0.00526386 0.00150681 0.00497553 0.02983011 0.22751609 0.10458788 0.30533410 0.04620854 0.08898252 0.06803210 0.08305484 0.04392132
0.03885444 0.00843775 0.00126297 0.00619743 0.02258087 0.22476144 0.10231801 0.30580360 0.04803327 0.10503858 0.07427906 0.08158621 0.02873457
0.03975130 0.00294892 0.00134663 0.00320813 0.01766319 0.22547841 0.10921914 0.30701700 0.05043269 0.10684083 0.06458499 0.08180290 0.02910999
0.03953210 0.00965014 0.00169931 0.01321341 0.02588904 0.22870201 0.10118633 0.30799951 0.04568419 0.08851812 0.07531185 0.07875477 0.02636463
0.03868034 0.00828362 0.00115234 0.01098578 0.05511610 0.22522149 0.10358948 0.30679942 0.05206577 0.06917884 0.07650690 0.07912628 0.04004077
0.03778798 0.00813675 0.00124509 0.01116043 0.05713303 0.22937501 0.10151127 0.30620630 0.05940352 0.06887212 0.08078818 0.08175048 0.03031050
0.03772885 0.00529738 0.00109538 0.00611647 0.03534422 0.22728465 0.10201541 0.30401538 0.05881103 0.07366872 0.08523066 0.08063249 0.03769649
0.03814638 0.00461132 0.00083183 0.00596636 0.02866317 0.23312803 0.10151457 0.30177454 0.04868136 0.08392386 0.08377571 0.08404341 0.02991379
0.03900901 0.00418084 0.00286969 0.00430082 0.05342326 0.23347837 0.10391385 0.30079422 0.04347748 0.10143211 0.06830908 0.08076548 0.03493590
0.03877711 0.01341419 0.00095837 0.01485491 0.03345563 0.23416591 0.10487652 0.30043178 0.04109714 0.10263441 0.07175098 0.08488241 0.03254054
0.03798923 0.00909818 0.00116999 0.00813061 0.04659620 0.23684539 0.10054467 0.30193092 0.04680069 0.09387612 0.06907812 0.08117796 0.02756768
0.03733081 0.00245807 0.00211548 0.00218237 0.02077385 0.23612290 0.10125100 0.30462460 0.04757845 0.08295766 0.07772386 0.08025989 0.02861915
0.03702481 0.00416962 0.00087283 0.00598038 0.04163766 0.23772340 0.10925527 0.30603087 0.05142895 0.07260906 0.07589223 0.07927698 0.02537657
0.03648431 0.00900838 0.00079496 0.00985430 0.03071178 0.24006755 0.10468890 0.30759405 0.05383195 0.06960113 0.08504951 0.07781081 0.03624480
0.03621170 0.00551825 0.00074779 0.00556151 0.02061090 0.24006590 0.11287642 0.30686679 0.05527142 0.07018431 0.07960216 0.08044212 0.02985783
0.03567448 0.00537049 0.00339778 0.00858641 0.05372326 0.24029963 0.10653096 0.30609729 0.05377425 0.09223690 0.07432174 0.08269966 0.03767810
0.03544678 0.00487443 0.00294279 0.00547423 0.03153280 0.23704347 0.10930024 0.30308621 0.04535379 0.09680147 0.07234820 0.08166958 0.03684848
0.03574756 0.00519977 0.00078092 0.00421770 0.03520252 0.23645042 0.10493590 0.30223899 0.04180379 0.09416776 0.07147840 0.08435073 0.03493479
0.03577617 0.00635660 0.00069848 0.00544542 0.03864220 0.23815719 0.10084231 0.30011461 0.04327915 0.08606128 0.07260707 0.08133148 0.02766965
0.03588532 0.00741644 0.00104381 0.00941573 0.02919144 0.23599048 0.10583526 0.30100456 0.05324340 0.08821807 0.07259712 0.08403838 0.03038126
0.03555519 0.00737661 0.00097270 0.00796691 0.03817391 0.23540051 0.09965913 0.30229964 0.05758451 0.07716530 0.08585099 0.08098310 0.02554569
0.03560639 0.00233743 0.00096527 0.00089512 0.03669150 0.23721363 0.09982479 0.30266476 0.06218913 0.07402544 0.08151846 0.07760723 0.02501090
0.03514659 0.00332665 0.00157520 0.00164597 0.00212141 0.23436587 0.10347708 0.30396059 0.05449181 0.08323639 0.07858111 0.07950360 0.03423802
0.03508882 0.00219195 0.00135385 0.00398124 0.00504066 0.23641049 0.10119421 0.30461516 0.04321260 0.09410145 0.07813716 0.07674252 0.02797561
0.03513594 0.00199302 0.00073142 0.00270365 0.00474412 0.23236171 0.10331293 0.30349891 0.04160156 0.09727236 0.06797304 0.08132737 0.03852004
0.03836090 0.00201858 0.00118601 0.00169865 0.00343581 0.23334969 0.10713275 0.30529397 0.03986778 0.09174391 0.06909484 0.08131182 0.02803909
0.03877571 0.00232165 0.00057700 0.00257998 0.00390490 0.23138333 0.10988934 0.30443408 0.04404237 0.08183330 0.08011753 0.08162802 0.03507261
0.03836721 0.01048860 0.00055820 0.00961132 0.04469424 0.22860185 0.10967008 0.30513618 0.05494448 0.07519167 0.07324278 0.08201151 0.02610583
0.03737989 0.00865621 0.00186537 0.00673419 0.03881578 0.22969230 0.09546771 0.30627965 0.05711310 0.07165831 0.09054407 0.08083553 0.02776539
0.03602293 0.00496912 0.00064455 0.00512114 0.03671779 0.22449985 0.10132938 0.30485981 0.05923648 0.07243427 0.07737837 0.07849347 0.04268014
0.03542155 0.00199487 0.00362484 0.00514741 0.02301120 0.22579488 0.09829702 0.30187683 0.04990064 0.08671782 0.08011352 0.07743948 0.02468783
0.03488209 0.00207101 0.00166706 0.00128947 0.01583909 0.22360693 0.10410678 0.30188816 0.04304791 0.09903901 0.06795633 0.07765763 0.03153934
0.03514553 0.00464188 0.00180173 0.00419396 0.07079917 0.22427394 0.10045870 0.29896235 0.03712443 0.09074136 0.07361138 0.08328947 0.02597156
0.03592168 0.00288617 0.00251257 0.00529547 0.02581967 0.22595737 0.10861656 0.29796560 0.04613517 0.08689745 0.07109304 0.08088386 0.02561579
0.03501357 0.00849612 0.00108753 0.00839709 0.05742897 0.22508445 0.10206787 0.29814325 0.05476044 0.08095913 0.07728819 0.08771105 0.02906802
0.03767806 0.00541046 0.00159772 0.00702420 0.03547885 0.22844884 0.10436135 0.29864285 0.05843166 0.07537556 0.08173078 0.08138052 0.02805666
0.03955183 0.01162248 0.00116034 0.01319128 0.05593863 0.22468048 0.09753243 0.30177918 0.05896653 0.08821585 0.08307060 0.08355066 0.03151236
0.03969268 0.00458905 0.00252069 0.00682586 0.04066924 0.22925612 0.10598183 0.30324036 0.04820275 0.08949177 0.07674274 0.07992505 0.03786180
0.03789531 0.00784565 0.00349514 0.00538908 0.03583477 0.22842273 0.10788123 0.30411944 0.04356361 0.09698552 0.07923362 0.08199119 0.03190816
0.03598885 0.00550329 0.00205084 0.00493932 0.03087679 0.23121483 0.10294321 0.30292965 0.04437531 0.10446408 0.06869894 0.07613224 0.02479266
0.03241440 0.00628565 0.00449114 0.00482930 0.02654509 0.23346759 0.09927300 0.30238694 0.04252431 0.10335199 0.06653027 0.08492235 0.03048236
0.02949208 0.00373341 0.00146322 0.00109241 0.00491921 0.23567656 0.09807564 0.29911891 0.05145047 0.09056661 0.07217872 0.08320274 0.02520691
0.02739554 0.00541957 0.00169735 0.00421623 0.02828852 0.23600632 0.10012011 0.29869714 0.05890433 0.07514205 0.07610729 0.08294077 0.02601132
0.02631880 0.00429764 0.00126158 0.00413502 0.03943332 0.23985394 0.09688401 0.29692880 0.05366369 0.06749042 0.08556081 0.08333731 0.02630071
0.02590802 0.01377995 0.00118487 0.01489576 0.04110492 0.23761349 0.09821297 0.29784754 0.05482111 0.06579337 0.07808474 0.08234709 0.02614580
0.02671144 0.00449566 0.00088357 0.00259559 0.02428645 0.23867059 0.09471862 0.30000383 0.05660216 0.07928914 0.08527151 0.08254375 0.02685761
0.02690757 0.00768610 0.00087226 0.00686558 0.01388345 0.23711220 0.09806801 0.29914168 0.05048791 0.09776758 0.07232086 0.07658402 0.02655164
0.02701771 0.00797949 0.00202872 0.01200463 0.03638379 0.23371009 0.09844290 0.30086913 0.05093323 0.10918048 0.06091923 0.07765565 0.02668699
0.02651550 0.00357532 0.00099237 0.00234605 0.02790087 0.23393290 0.10164866 0.30081868 0.04607504 0.10556979 0.06623921 0.07674229 0.04330071
0.02516819 0.00986367 0.00069031 0.00830608 0.05033947 0.23225236 0.09842980 0.30180325 0.04967751 0.08344568 0.07739717 0.08049784 0.02612468
0.02407626 0.00846182 0.00103337 0.00861917 0.03916097 0.22816909 0.09818732 0.30094405 0.06007841 0.07690624 0.08202570 0.08375999 0.03286929
0.02265843 0.00465781 0.00131135 0.00645191 0.03550709 0.22988680 0.10110899 0.30115333 0.05813625 0.07010656 0.08899055 0.08477726 0.02739463
0.02087012 0.00747997 0.00123348 0.00758127 0.04337670 0.22150170 0.10784357 0.30138967 0.05906712 0.07494702 0.07568283 0.08328656 0.02683730
0.02045465 0.00492495 0.00162828 0.00500403 0.04822370 0.22488094 0.09702829 0.30234647 0.06219760 0.09552157 0.07548546 0.08277910 0.02717207
0.02056176 0.00409855 0.00099231 0.00476088 0.02390531 0.22247638 0.10034936 0.30229207 0.04697225 0.11083611 0.07205826 0.07933446 0.02404821
0.02168778 0.01340147 0.00126314 0.01393255 0.02599425 0.22008321 0.09984526 0.30405671 0.04858424 0.11367303 0.06761692 0.07991561 0.02491710
0.02192207 0.00542638 0.00171747 0.00790810 0.05336711 0.22107845 0.09314277 0.30431358 0.04309681 0.09928089 0.07331648 0.07659302 0.03395774
0.02359233 0.00377456 0.00380712 0.00492722 0.04011729 0.21820721 0.09849234 0.30363555 0.05181688 0.09127869 0.07773579 0.07743565 0.03983109
0.02744819 0.00422264 0.00079247 0.00644545 0.04803379 0.22133918 0.10141223 0.30225114 0.06359118 0.08103732 0.08564379 0.08451056 0.03443951
0.02856503 0.00398019 0.00061374 0.00765526 0.03541575 0.21882937 0.11662914 0.30272293 0.06592473 0.06818944 0.08548096 0.08431154 0.03672896
0.02793727 0.00252922 0.00078782 0.00195271 0.00217508 0.22307736 0.10806519 0.30016374 0.05448948 0.07593605 0.09167258 0.08409924 0.03557226
0.02866617 0.00213226 0.00065290 0.00124843 0.03424528 0.22116949 0.10842208 0.29952625 0.05235195 0.10065888 0.07680777 0.08216128 0.02814771
0.02785610 0.00692235 0.00073620 0.00556529 0.03336326 0.22515888 0.10907418 0.30146566 0.04098246 0.11588772 0.07810489 0.08284284 0.03106234
0.02560970 0.00448215 0.00111154 0.00652745 0.02551654 0.22487198 0.10598391 0.30526053 0.04330791 0.11675022 0.06660600 0.08076292 0.03299336
0.02315697 0.00270380 0.00286927 0.00750169 0.01851798 0.22800744 0.10121161 0.30626822 0.04781894 0.10706035 0.07156196 0.07765106 0.04356967
0.02213848 0.00488042 0.00119746 0.00634718 0.03671882 0.22713843 0.10644082 0.30841715 0.05588252 0.08673419 0.08526496 0.08048992 0.04475119
0.02185780 0.00571416 0.00143993 0.00649978 0.05260449 0.23276915 0.11073042 0.30807386 0.06407115 0.07127603 0.09167024 0.08224161 0.02649982
0.02087923 0.00976687 0.00073135 0.00947675 0.04042448 0.22949741 0.11010188 0.30609647 0.06337752 0.06434924 0.08434153 0.08254196 0.03199593
0.02115603 0.00653530 0.00187656 0.00248544 0.01982916 0.23850808 0.10077945 0.30465536 0.05873509 0.07981650 0.09373186 0.08413534 0.02819891
0.02293875 0.00863163 0.00157294 0.00952063 0.03305000 0.23890286 0.10110959 0.30274911 0.05386568 0.10477667 0.06856806 0.07913506 0.02652248
0.02551316 0.00394571 0.00183447 0.00378085 0.05096896 0.23756729 0.09182667 0.30103419 0.04136580 0.11998310 0.07389644 0.08235242 0.04650408
0.02919352 0.00507725 0.00161895 0.00727721 0.04354836 0.24208074 0.09160211 0.30192552 0.03787157 0.11533518 0.06578204 0.08043296 0.03150555
0.03147736 0.00510104 0.00083292 0.00675357 0.02870054 0.23932294 0.09584369 0.30125043 0.05083912 0.09909768 0.06968909 0.07859097 0.02732598
0.03425761 0.00674788 0.00063442 0.01008052 0.02858445 0.23874177 0.09538194 0.30335518 0.06331732 0.08275827 0.08720095 0.07967989 0.04217206
0.03568074 0.00402411 0.00055152 0.00406015 0.00587795 0.23637319 0.09417012 0.30396331 0.07295493 0.07044439 0.09392986 0.07874812 0.02317349
0.03509694 0.01272230 0.00059776 0.01554429 0.02150224 0.23194347 0.09602888 0.30308778 0.06867987 0.07215365 0.08182674 0.08289881 0.03690854
0.03075210 0.00480514 0.00077066 0.00302079 0.03844573 0.23026982 0.09517231 0.30512633 0.04814760 0.09602591 0.08393110 0.08219900 0.03237536
0.02909271 0.00534937 0.00120955 0.00515003 0.04061164 0.22398304 0.10534782 0.30370345 0.04425499 0.12407823 0.06675249 0.08185008 0.02570930
0.02428843 0.00552669 0.00106147 0.00544136 0.05044471 0.22085572 0.10587876 0.30454218 0.03911801 0.13268101 0.06572010 0.07924087 0.02583330
0.02288068 0.00498992 0.00111987 0.00578906 0.04478907 0.22090440 0.10253732 0.30662085 0.04121976 0.12196823 0.07276280 0.08332874 0.02871429
0.02229587 0.00941909 0.00089647 0.00732501 0.05539642 0.21844240 0.10370602 0.30654233 0.05860467 0.09529451 0.07819736 0.08187489 0.02690324
0.02152963 0.00338831 0.00074390 0.00503299 0.03036980 0.22085727 0.10305126 0.30784902 0.06760638 0.07711863 0.09235750 0.08261044 0.02891336
0.02166716 0.00688468 0.00132423 0.00968890 0.04642063 0.21628056 0.10790530 0.30758051 0.06587782 0.06625644 0.09306869 0.08034560 0.04425197
0.02152522 0.00814069 0.00081294 0.01325974 0.04263531 0.21948949 0.10463453 0.30412467 0.05691659 0.07383477 0.08528190 0.08136392 0.02625459
0.02056535 0.01103605 0.00144571 0.01073902 0.04251162 0.22013901 0.10521100 0.30494488 0.05777327 0.09628934 0.07442387 0.08289705 0.03417009
0.02289033 0.00683685 0.00230157 0.00767251 0.05092246 0.22020621 0.11258423 0.30358320 0.04517247 0.11937267 0.07920789 0.08371304 0.02818726
0.02404473 0.00713453 0.00145392 0.00572688 0.02489621 0.22210921 0.10937336 0.30338785 0.04346109 0.12079676 0.07193719 0.08415680 0.03879588
0.02485882 0.00559227 0.00133392 0.00860357 0.03207305 0.22825844 0.10635299 0.30361285 0.04622265 0.10333952 0.07179298 0.08471550 0.03845581
0.02702279 0.00565428 0.00101938 0.00310342 0.02584861 0.22417601 0.10473402 0.30281506 0.05741095 0.09001103 0.08551374 0.08185689 0.02843569
0.02889304 0.00500616 0.00095704 0.00347522 0.02676397 0.23364103 0.10837806 0.30431642 0.06581296 0.07151364 0.08099956 0.08211352 0.03313197
0.03041211 0.00453695 0.00083271 0.00345207 0.02516096 0.23306788 0.10692475 0.30454784 0.06156580 0.07414868 0.08834963 0.08029347 0.02490520
0.03008104 0.00250509 0.00061158 0.00121754 0.01552151 0.23522382 0.10104768 0.30395452 0.05630274 0.07499635 0.08008532 0.07887906 0.02885917
0.02959138 0.01265831 0.00079428 0.01330550 0.02255681 0.23749119 0.09478635 0.30138935 0.04930799 0.09563961 0.07729564 0.08108417 0.02435486
0.02850870 0.00283060 0.00085370 0.00101197 0.04103873 0.23747716 0.09367430 0.30047243 0.03819185 0.11267202 0.07097983 0.07911920 0.02697748
0.02678733 0.00538109 0.00327441 0.00680771 0.04339826 0.23964119 0.09706382 0.29978671 0.04351125 0.10092178 0.06640535 0.08364803 0.02346133
0.02522527 0.00202892 0.00160220 0.00166314 0.00139493 0.23699940 0.09401198 0.29784319 0.04350726 0.09436606 0.07181090 0.08036022 0.03700642
0.02457849 0.00686986 0.00149723 0.00551379 0.01969916 0.24097217 0.10154878 0.30170014 0.05693107 0.08749596 0.07045974 0.08192949 0.02719737
0.02318582 0.00384216 0.00218652 0.00173231 0.00319791 0.23673703 0.10098939 0.30140240 0.05490873 0.07843544 0.07287363 0.07938371 0.03065108
0.02305826 0.01162178 0.00128582 0.01157245 0.02986442 0.23827228 0.08929427 0.30377680 0.05496852 0.06662791 0.08392999 0.07957763 0.03109264
0.02346222 0.00828913 0.00112132 0.00718084 0.02534645 0.23374303 0.09522947 0.30230043 0.05444828 0.07870623 0.07805698 0.07754429 0.02419908
0.02557426 0.00949342 0.00143238 0.00780346 0.03578608 0.23200374 0.09537289 0.30220182 0.05215393 0.08991860 0.07855442 0.07940432 0.02813348
0.02729887 0.00395238 0.00091470 0.00639655 0.02844351 0.22730277 0.10131781 0.30040789 0.04837500 0.09596240 0.07491084 0.07898397 0.02304140
0.02927892 0.01127153 0.00107220 0.01059070 0.04555542 0.22674242 0.10015334 0.30045477 0.04660412 0.09702002 0.06500248 0.08531856 0.02626933
0.03130184 0.00673795 0.00084393 0.00627644 0.04788530 0.22301340 0.09713145 0.30121334 0.04273908 0.10142582 0.07252368 0.07983370 0.02758087
0.03237808 0.00900034 0.00059077 0.00761935 0.05856365 0.22312849 0.09919013 0.30231371 0.05135514 0.09316688 0.07634731 0.08132574 0.02869253
0.03388868 0.01056998 0.00067978 0.01184906 0.04972403 0.21882910 0.11111918 0.30293190 0.04997854 0.08333366 0.07314510 0.08124136 0.03753523
0.03301579 0.01264384 0.00066814 0.01284447 0.06981430 0.22211688 0.10367381 0.30531020 0.06104777 0.07210185 0.08235437 0.08285286 0.02745996
0.03122059 0.00731845 0.00059723 0.00824348 0.05437266 0.21842021 0.10813094 0.30460463 0.06176956 0.07447516 0.07914472 0.07965654 0.04629180
0.03210362 0.00567828 0.00429254 0.00641992 0.04271534 0.21974739 0.11069742 0.30579159 0.05368165 0.07621383 0.08636730 0.08625779 0.02899893
0.03100841 0.00667321 0.00240773 0.00844511 0.04058744 0.21988468 0.11129204 0.30304915 0.04395877 0.09782832 0.07735542 0.08108255 0.03237560
0.02883099 0.00643324 0.00124724 0.00843631 0.03202246 0.22140198 0.11617945 0.30291747 0.04248468 0.09910293 0.07037254 0.08283543 0.03341147
0.02587162 0.00696741 0.00180724 0.01055506 0.05100907 0.22103439 0.11376017 0.30306004 0.04391802 0.09745592 0.07761653 0.09746814 0.04041286
0.02592026 0.00375415 0.00225938 0.00178515 0.02442427 0.22591638 0.11465692 0.30088792 0.05148953 0.09114582 0.07965208 0.08315929 0.04160649
0.02759288 0.00429095 0.00124296 0.00631806 0.02350927 0.22305595 0.10628266 0.29896011 0.05398084 0.07780680 0.08386915 0.08514178 0.02914664
0.02995426 0.00358765 0.00094101 0.00820399 0.02261801 0.22782926 0.10369345 0.30108032 0.05619600 0.07326736 0.08430677 0.08304922 0.05043282
0.03156846 0.01051264 0.00073775 0.00988468 0.05583411 0.22823816 0.09936486 0.30087035 0.05684563 0.08064625 0.08023872 0.08363502 0.02938707
0.03288292 0.00550340 0.00086651 0.00724905 0.05199548 0.22960145 0.10648015 0.30100292 0.05909041 0.08392294 0.07326738 0.08029705 0.03552736
0.03369007 0.00904701 0.00055970 0.00882909 0.04120431 0.23579803 0.09614480 0.30136820 0.04810908 0.09178592 0.08317589 0.08007472 0.02559657
0.03340128 0.00418169 0.00062555 0.00241279 0.04043973 0.23294306 0.09879925 0.30000765 0.04798687 0.09882712 0.07068394 0.07946914 0.03573643
0.03142115 0.01078041 0.00140019 0.01056474 0.07186073 0.23717486 0.09378184 0.30194704 0.04724592 0.10167302 0.06826936 0.08210925 0.02716115
0.02900289 0.00450058 0.00144652 0.00740752 0.02887367 0.23543787 0.09793253 0.30171226 0.04989906 0.10103349 0.06584857 0.08187492 0.03521047
0.02677522 0.00635427 0.00107180 0.00780159 0.03542852 0.23852330 0.09591728 0.30244392 0.05789801 0.08766629 0.07762617 0.08114959 0.04253689
0.02662219 0.00980777 0.00093511 0.00985854 0.02840675 0.23542245 0.09742738 0.30366239 0.06532837 0.08197731 0.07597522 0.08306226 0.04874204
0.02641369 0.00370349 0.00136409 0.00352102 0.00517038 0.23607639 0.09770222 0.30350810 0.05921890 0.06940839 0.08849794 0.08357659 0.03533184
0.02599968 0.00215122 0.00082304 0.00297528 0.00265963 0.23103190 0.10600466 0.30168746 0.05687142 0.07715620 0.07809735 0.07925696 0.03693913
0.02614100 0.00610087 0.00173109 0.00593849 0.04615021 0.23051879 0.10259783 0.30268427 0.04941863 0.09775926 0.07376553 0.07996402 0.03537701
0.02686192 0.01411595 0.00165221 0.01387433 0.03365831 0.22986139 0.11252849 0.30156084 0.04404092 0.10143040 0.06734314 0.08034908 0.02924734
0.02850674 0.00354143 0.00142227 0.00592102 0.02803244 0.23087230 0.10808737 0.29982242 0.04433552 0.09117553 0.06845463 0.08333271 0.04854307
0.03021287 0.00842153 0.00083345 0.01002537 0.04261999 0.22523499 0.10318471 0.30046081 0.05135318 0.08527855 0.07402590 0.08419771 0.04415226
0.02964368 0.00496445 0.00214501 0.00510725 0.04511853 0.22575766 0.11564167 0.30186783 0.05001297 0.08620872 0.07982532 0.08385466 0.03291508
0.03002943 0.01701318 0.00082875 0.01859547 0.06417225 0.22100385 0.10846920 0.30352204 0.05220506 0.07368573 0.08050362 0.08480713 0.04233470
0.02986791 0.01089313 0.00145237 0.01153591 0.04582271 0.22087068 0.10497230 0.30626378 0.05399769 0.07937385 0.09253147 0.08349692 0.03383836
0.02727979 0.00820357 0.00177811 0.00994965 0.04790198 0.22061987 0.11486845 0.30766454 0.05293029 0.08813015 0.07683081 0.08400961 0.03153625
0.02639281 0.01487810 0.00100353 0.01480288 0.05022741 0.22013328 0.11278906 0.30781627 0.05187812 0.09196370 0.07965296 0.08320083 0.03895972
0.02617085 0.00477742 0.00182383 0.00527992 0.03468326 0.22025144 0.11182498 0.30657293 0.05313096 0.09177946 0.08167080 0.08340930 0.04272762
0.02571798 0.00839681 0.00106822 0.01339814 0.04121079 0.21796710 0.11900630 0.30480809 0.04637650 0.09507907 0.07163511 0.08336277 0.03836855
0.02619835 0.01157913 0.00326734 0.01316861 0.04070884 0.22014515 0.12265283 0.30457374 0.04538986 0.09542340 0.08571672 0.08769947 0.02954416
0.02695130 0.00961848 0.00224594 0.01097613 0.06146408 0.21807819 0.11204267 0.30334360 0.05407967 0.09867539 0.07997209 0.08272710 0.02953753
0.02834708 0.00453749 0.00152219 0.00174996 0.04549258 0.22157702 0.11134717 0.30240021 0.05832914 0.08228343 0.08180487 0.08521124 0.03148316
0.02876973 0.00935439 0.00130999 0.01048837 0.06341553 0.22417829 0.10335122 0.30139066 0.05426456 0.07214679 0.09111602 0.08360201 0.03054303
0.02959228 0.00627215 0.00102943 0.00695320 0.05792475 0.22364252 0.10756300 0.30333366 0.06232879 0.08415811 0.07776277 0.08427815 0.02705484
0.02907086 0.00624534 0.00082568 0.00475324 0.05025601 0.22462551 0.10287979 0.30077749 0.06549620 0.08886158 0.07507419 0.08235961 0.04345728
0.02906237 0.01969380 0.00070903 0.02031366 0.06005050 0.22838797 0.10049045 0.30404810 0.05353283 0.09376866 0.07730470 0.08231498 0.03751667
0.02783228 0.00854198 0.00291147 0.01256873 0.06095470 0.22580070 0.10709114 0.30324529 0.05042138 0.10350713 0.06705960 0.08217840 0.03177150
0.02572689 0.00361920 0.00170768 0.00531707 0.02941753 0.23373656 0.10464049 0.30238512 0.04933343 0.10020914 0.07705216 0.08532315 0.03645657
0.02384183 0.00741589 0.00116320 0.00894602 0.02557695 0.22908659 0.10072566 0.30019768 0.04921601 0.10381148 0.07859229 0.08307109 0.02878905
0.02336869 0.00739662 0.00158749 0.00974254 0.06125242 0.23268971 0.10162903 0.30196490 0.06093284 0.08934650 0.08279315 0.08358682 0.02703556
0.02417382 0.00624126 0.00141852 0.00428108 0.05882927 0.23267362 0.09789922 0.30175643 0.06400642 0.07040058 0.08699517 0.08273093 0.03809906
0.02770031 0.00468270 0.00095930 0.00634370 0.05138376 0.23179865 0.10069664 0.30198057 0.06296372 0.07126143 0.08705390 0.08301254 0.02861362
0.03053412 0.00823573 0.00087224 0.00814790 0.04491789 0.23305280 0.10485471 0.30119176 0.06059232 0.08324523 0.08052543 0.08138343 0.02674715
0.03166236 0.00904419 0.00364328 0.01228287 0.05699803 0.22909841 0.09903574 0.30252379 0.04748961 0.09795433 0.07308325 0.08660263 0.02596256
0.03167803 0.00407250 0.00103208 0.00809823 0.04387062 0.22853812 0.10107749 0.30057954 0.03897576 0.11114020 0.06599962 0.07866627 0.03782355
0.03131671 0.00233670 0.00157070 0.00496710 0.02076174 0.22620695 0.10135495 0.29829802 0.04240683 0.11985368 0.06921735 0.08160925 0.05229840
0.03063712 0.00286106 0.00086911 0.00447195 0.00547129 0.22319930 0.10610001 0.29861000 0.04932646 0.10551471 0.08338252 0.08372501 0.04116952
0.02926787 0.00289978 0.00096140 0.00325928 0.04283892 0.22277790 0.10659645 0.29874579 0.05369737 0.08318937 0.08101904 0.08283218 0.04121090
0.02719529 0.00461121 0.00127106 0.00440022 0.03682857 0.22374097 0.10522724 0.29935783 0.06216217 0.07052462 0.08549321 0.08320865 0.02941721
0.02521050 0.00941017 0.00115556 0.00910466 0.05443199 0.22055316 0.10240299 0.30060794 0.05903856 0.07910793 0.08676195 0.08231971 0.02855887
0.02407572 0.00386578 0.00130311 0.00363740 0.03607298 0.22198777 0.10699255 0.30209670 0.05497652 0.08841038 0.08072753 0.08290289 0.03109685
0.02352934 0.00707368 0.00157035 0.00551938 0.03218494 0.21646062 0.10450170 0.30080624 0.05029928 0.09584489 0.07722472 0.08012349 0.03524060
0.02334583 0.00703025 0.00130700 0.00762994 0.04099367 0.22038074 0.10617017 0.30263397 0.04268399 0.11103911 0.07294053 0.07995951 0.03795846
0.02321929 0.00425981 0.00100110 0.00603750 0.03440271 0.21535456 0.11427131 0.30059414 0.04586273 0.11014688 0.07299499 0.08010941 0.02986640
0.02220286 0.00209468 0.00081889 0.00465162 0.02523957 0.21976805 0.10922163 0.30097135 0.05145008 0.09697516 0.08131214 0.08374786 0.04328008
0.02186753 0.00575691 0.00060843 0.00557653 0.04960654 0.21894557 0.10729736 0.30104522 0.05576216 0.08254511 0.08404854 0.08309051 0.03283255
0.02191904 0.00405730 0.00093253 0.00238256 0.00597855 0.22123798 0.10889691 0.29982569 0.05786240 0.07632992 0.08269240 0.08456832 0.05160653
0.02170450 0.01107887 0.00117292 0.01411758 0.05649766 0.22074560 0.09995984 0.29873977 0.06030449 0.08635801 0.08071915 0.08169663 0.02791721
0.02132826 0.00225694 0.00129891 0.00201315 0.02325825 0.22612095 0.10844543 0.29886032 0.05733530 0.09333170 0.07609981 0.08074924 0.02628941
0.02185385 0.00402498 0.00158531 0.00354640 0.02391804 0.22768342 0.09662336 0.29867621 0.04992098 0.08903123 0.07348789 0.07998207 0.02501237
0.02397739 0.00604722 0.00096701 0.00645147 0.03765077 0.22955652 0.09187081 0.29994174 0.04850036 0.10071939 0.07366486 0.07924104 0.02568073
0.02207876 0.00389857 0.00131322 0.00308771 0.01888262 0.22730740 0.09711735 0.30177996 0.04860614 0.10551807 0.07233989 0.07759267 0.04504178
0.02181069 0.00593424 0.00072206 0.00634298 0.04834051 0.22881282 0.10409204 0.30165678 0.05090581 0.09587321 0.07183195 0.07934784 0.02471896
0.02169779 0.01154522 0.00085539 0.01193064 0.05008428 0.23056031 0.10031549 0.30080057 0.05779172 0.07793439 0.07996208 0.08246969 0.02550248
0.02181647 0.00779898 0.00065829 0.01107698 0.05834325 0.22824838 0.10487380 0.30243735 0.05983816 0.07257450 0.08191596 0.08164718 0.03618617
0.02169679 0.00773834 0.00097678 0.01021661 0.02117482 0.23186232 0.10667987 0.30091272 0.05746849 0.08198437 0.08470103 0.08092396 0.02711019
0.02240965 0.00407980 0.00074838 0.00522876 0.04915421 0.23110402 0.10554389 0.30300765 0.05408041 0.08484166 0.07779972 0.08140641 0.03882085
0.02216872 0.00707995 0.00069149 0.01030726 0.05382372 0.23131445 0.10635250 0.30408745 0.04197008 0.09254013 0.07101078 0.08017086 0.02689359
0.02265276 0.00767297 0.00094766 0.00989369 0.04290597 0.22981118 0.10175318 0.30282048 0.03966773 0.10889036 0.06719301 0.07873292 0.03753686
0.02174497 0.00580186 0.00099594 0.00631951 0.03595975 0.22730772 0.11425080 0.30365717 0.04606329 0.11208656 0.07093663 0.07868897 0.02831645
0.02176450 0.00689855 0.00102773 0.00514182 0.03587425 0.22726989 0.10463587 0.30203780 0.04772936 0.09879967 0.07636183 0.07892016 0.02907935
0.02201392 0.00814252 0.00093497 0.00684398 0.04251300 0.22762130 0.10378015 0.30310637 0.05713692 0.07968380 0.08194766 0.08256705 0.02831974
0.02278659 0.00307992 0.00091247 0.00050650 0.00139904 0.22722766 0.10541114 0.30168641 0.06096496 0.08187223 0.08941358 0.08430591 0.02797334
0.02441503 0.00183823 0.00092539 0.00036279 0.00102594 0.22727128 0.10205273 0.30274773 0.06194810 0.08380106 0.09193900 0.08178052 0.02762331
0.02476125 0.00185093 0.00097671 0.00434054 0.02472823 0.22674553 0.10045363 0.30261761 0.05924922 0.09002605 0.07866660 0.07972853 0.03260970
0.02394849 0.00205096 0.00281846 0.00318444 0.00536477 0.22981406 0.10391224 0.30230024 0.04487177 0.10070521 0.07377593 0.07854951 0.02897784
0.02414654 0.00288657 0.00138033 0.00187102 0.04279565 0.22816208 0.10100205 0.30529175 0.04495662 0.11141709 0.06845838 0.07968856 0.03217264
0.02343787 0.00426996 0.00097131 0.00515591 0.04962810 0.22965662 0.09542936 0.30411362 0.04362379 0.11495876 0.07560636 0.07888730 0.03493617
0.02378626 0.00343638 0.00180822 0.00230185 0.04297165 0.22825226 0.10177895 0.30434057 0.04664376 0.10382111 0.07360482 0.07774771 0.02698571
0.02519491 0.01430463 0.00178987 0.01585491 0.04344794 0.23141858 0.09607867 0.30365612 0.05989993 0.07868215 0.07585911 0.08092789 0.03402434
0.02819741 0.01319621 0.00164365 0.01335038 0.05243738 0.22877528 0.09954409 0.30221375 0.06213135 0.06760767 0.08109818 0.08509245 0.03490321
0.03250736 0.00504715 0.00104150 0.00661547 0.05851111 0.23099551 0.09978920 0.30367278 0.06036679 0.08279866 0.08276722 0.08289939 0.03819660
0.03562265 0.01084973 0.00121666 0.01247938 0.04570521 0.23110859 0.09382728 0.30184116 0.05172708 0.08826187 0.08384396 0.08097821 0.04420333
0.03657704 0.00407815 0.00082397 0.00352191 0.04490361 0.23206688 0.10078223 0.30145914 0.04616459 0.09628583 0.06985876 0.07873137 0.03221747
0.03661598 0.00549054 0.00086391 0.00778780 0.05532876 0.23278543 0.10387303 0.30238737 0.04370806 0.11059049 0.07097774 0.08078232 0.02512942
0.03602912 0.00954887 0.00132733 0.01215708 0.03328216 0.23310528 0.09874150 0.30387621 0.05635825 0.11222910 0.07196539 0.07992276 0.03403806
0.03436725 0.00638517 0.00085628 0.00627460 0.03308537 0.23398407 0.10932919 0.30397493 0.05141523 0.09642324 0.07645501 0.08121887 0.03604957
0.03218739 0.00462872 0.00120581 0.00348417 0.04855747 0.23322851 0.10210292 0.30557042 0.05351421 0.08535563 0.07591796 0.08212262 0.02711790
0.02792337 0.01096848 0.00096979 0.01396717 0.05159017 0.23239227 0.09677117 0.30543068 0.06717177 0.08468140 0.08135331 0.08064881 0.03342955
0.02604235 0.01218616 0.00109335 0.01101620 0.05216134 0.23084409 0.10217315 0.30681446 0.07035256 0.09124184 0.07952177 0.08563898 0.02838220
0.02577280 0.01390471 0.00119485 0.01421031 0.04790780 0.22913171 0.09970926 0.30652143 0.05729175 0.08620297 0.08104598 0.08133273 0.04679280
0.02905188 0.01597872 0.00115788 0.01698667 0.04913135 0.22758679 0.10405363 0.30610932 0.05014935 0.09989888 0.08097199 0.07963328 0.02666285
0.02907265 0.00622188 0.00083866 0.00774558 0.04782664 0.22541095 0.10699688 0.30568784 0.05133809 0.10470217 0.07962429 0.07928239 0.03810289
0.02876981 0.00337354 0.00122672 0.00599311 0.02244940 0.22763499 0.10267712 0.30613150 0.04915222 0.10945342 0.07957491 0.08739264 0.03899466
0.02939185 0.00813978 0.00139947 0.00956459 0.02537501 0.22533743 0.10803292 0.30554121 0.06209003 0.09096892 0.07543733 0.08188162 0.04689688
0.03085631 0.00303224 0.00083554 0.00487676 0.01949205 0.22465178 0.10871596 0.30506406 0.05804416 0.08749714 0.08367021 0.08255801 0.03644100
0.03266788 0.00266420 0.00174639 0.00211678 0.01139659 0.22272303 0.11180250 0.30341999 0.06082613 0.09699121 0.08470162 0.08068717 0.03457054
0.03268878 0.00284245 0.00137510 0.00321853 0.04435028 0.22218359 0.11198926 0.30254955 0.05594280 0.09669278 0.08261955 0.08306397 0.02686588
0.02954988 0.01321156 0.00073226 0.01145043 0.06861316 0.22459432 0.10740966 0.30424084 0.04938069 0.08758515 0.07576471 0.08157857 0.03184902
0.02938185 0.01325022 0.00182807 0.01606755 0.04778748 0.22347296 0.09938529 0.30456298 0.05362566 0.10318395 0.08692536 0.08065379 0.05629762
0.02969672 0.00725656 0.00383509 0.00639122 0.03935264 0.22416835 0.10244937 0.30534118 0.06113771 0.10679069 0.07856293 0.08569639 0.05139520
0.02915233 0.00750258 0.00118001 0.00834448 0.05089339 0.22471041 0.09518576 0.30592578 0.05755642 0.09853431 0.08667156 0.08131088 0.03866848
0.02822234 0.00807360 0.00149023 0.00881712 0.02848021 0.23033018 0.10539707 0.30574792 0.05650363 0.08760982 0.08263929 0.08368118 0.04047404
0.02841952 0.00179284 0.00091447 0.00497710 0.00435001 0.22637093 0.10993515 0.30545693 0.05710907 0.09134788 0.07775551 0.07990602 0.05053612
0.02854503 0.00555869 0.00125182 0.00453103 0.03463840 0.23168901 0.09578072 0.30440887 0.05888960 0.10181618 0.08565928 0.08003834 0.02937404
0.02819232 0.00390969 0.00098910 0.00356722 0.04463878 0.23030891 0.09612985 0.30455528 0.05830133 0.10134260 0.07844882 0.07968747 0.04264602
0.02844211 0.00537060 0.00137712 0.00673324 0.04453875 0.23038981 0.09822280 0.30521880 0.05362148 0.09803272 0.07252389 0.08219978 0.03038744
0.02818410 0.00660242 0.00066450 0.00747565 0.04258279 0.23000099 0.09921994 0.30226204 0.05254546 0.10152161 0.07977490 0.08219426 0.04133324
0.02706996 0.00446181 0.00111240 0.00489820 0.03611584 0.22985550 0.10168604 0.30195465 0.05487856 0.10215554 0.08260241 0.07912534 0.03100533
0.02577955 0.01084570 0.00077514 0.00905818 0.04301762 0.22923039 0.10208069 0.30034778 0.05686950 0.09124384 0.07989433 0.07987565 0.03326063
0.02426091 0.00637845 0.00086942 0.00852463 0.04185500 0.23000054 0.09546162 0.30282384 0.05326152 0.08152894 0.08075962 0.08344116 0.04090995
0.02286941 0.00618719 0.00184742 0.00791776 0.03116683 0.23099082 0.10297358 0.30136911 0.04923315 0.09540389 0.07330411 0.08257585 0.02557189
0.02234622 0.00455303 0.00102063 0.00425651 0.04735274 0.22881305 0.09852184 0.30139982 0.05232174 0.10271118 0.07858366 0.08090505 0.04085002
0.02256712 0.00873253 0.00077959 0.01071308 0.04532253 0.22769966 0.10046307 0.30326194 0.05879119 0.09463552 0.07557883 0.07823626 0.02753017
0.02306827 0.01185588 0.00144807 0.01231413 0.04168067 0.22475154 0.11083118 0.30301126 0.04570301 0.09205849 0.06843779 0.08163283 0.02787098
0.02352756 0.00906347 0.00115703 0.01041814 0.03865906 0.22741166 0.09778936 0.30563435 0.05372109 0.07820047 0.07842417 0.08123316 0.03722535
0.02343315 0.00406643 0.00091293 0.00289623 0.04103941 0.22916483 0.10107044 0.30468184 0.05818656 0.07709487 0.08076809 0.08095952 0.02637374
0.02383649 0.00545226 0.00054500 0.00594867 0.03321463 0.22659423 0.10351284 0.30470693 0.05721242 0.07612180 0.07680173 0.07912129 0.02789367
0.02454679 0.00552925 0.00114201 0.00619079 0.05000855 0.22858231 0.09868572 0.30417085 0.05267554 0.08096437 0.07418294 0.07861550 0.02893880
0.02598211 0.00486096 0.00073353 0.00645749 0.04869155 0.22527288 0.10139588 0.30222704 0.04745216 0.09146796 0.07867809 0.08167303 0.02675918
0.02826406 0.00408841 0.00061909 0.00228231 0.00806679 0.22366646 0.11016727 0.30298176 0.04941503 0.10032802 0.06851823 0.07765932 0.03465466
0.02951610 0.00707347 0.00084465 0.01066536 0.01619133 0.22573723 0.09716716 0.30131543 0.04500088 0.09746155 0.07495689 0.07860826 0.02722049
0.04205605 0.00925254 0.00057431 0.01095268 0.02030207 0.22232302 0.11613922 0.30032221 0.04365986 0.08481024 0.06795667 0.07898073 0.03669382
0.04092614 0.01001944 0.00508591 0.01142690 0.03774271 0.22323024 0.09692768 0.30042440 0.04832994 0.09041481 0.08552956 0.08509745 0.03167343
0.03934676 0.01423903 0.00128679 0.01398237 0.04162029 0.22343591 0.10613809 0.30260557 0.05932742 0.08233571 0.08602867 0.08196114 0.02893412
0.03682195 0.00568936 0.00104292 0.00493072 0.03957671 0.22256920 0.10773387 0.30275670 0.05508529 0.07620376 0.08333344 0.08124274 0.02831509
0.03560690 0.00345695 0.00090958 0.00393113 0.03946930 0.22527088 0.10474025 0.30495756 0.06230847 0.07061849 0.08258734 0.07927768 0.02718892
0.03404484 0.00324337 0.00117167 0.00388863 0.03704436 0.22454801 0.10182361 0.30594958 0.06364378 0.09043405 0.08474754 0.08055183 0.02591807
0.02803714 0.00356437 0.00124448 0.00164001 0.03632784 0.22256188 0.11012158 0.30648196 0.06238292 0.09566668 0.07728748 0.08018881 0.02679377
0.03327458 0.00671601 0.00116696 0.00579901 0.04906309 0.22728239 0.10764425 0.30667116 0.05124551 0.09112429 0.08669801 0.08065417 0.02955190
0.03314767 0.00781758 0.00110806 0.00655004 0.05549508 0.22615500 0.10560964 0.30770006 0.05199142 0.09363755 0.07926511 0.07913793 0.03163074
0.03335864 0.00652457 0.00088579 0.00932549 0.05197611 0.22743784 0.11262794 0.30349910 0.05438697 0.09469435 0.08449014 0.08197355 0.02865358
0.03309035 0.00857917 0.00160836 0.00975884 0.05114906 0.22821779 0.10484999 0.30486039 0.05569652 0.09707193 0.07745372 0.08266050 0.02674058
0.03069664 0.01507726 0.00089707 0.01953205 0.05301299 0.22546403 0.10686824 0.30318520 0.06276156 0.08566760 0.07769304 0.08205079 0.02525332
0.02861797 0.00820183 0.00066497 0.01168452 0.04229178 0.23134046 0.10535636 0.30255940 0.05803638 0.07508172 0.07916230 0.08195359 0.03795627
0.02852238 0.00978642 0.00139248 0.00674625 0.05304677 0.23103413 0.10002045 0.30425390 0.06222292 0.08269828 0.09105832 0.08048690 0.02714431
0.02576352 0.00624146 0.00120028 0.00716886 0.04915642 0.23269903 0.10091665 0.30336982 0.05604391 0.09060578 0.08840201 0.08248982 0.03110493
0.02772661 0.00983157 0.00070427 0.00906396 0.03375491 0.23546600 0.09429791 0.30424156 0.05371804 0.08773808 0.07737012 0.08037313 0.02661022
0.03013228 0.00820004 0.00164112 0.01057907 0.03444521 0.23136306 0.09395415 0.30443629 0.05220855 0.09340143 0.07985304 0.08042928 0.02987833
0.02915536 0.00526250 0.00140329 0.00441598 0.04839981 0.23095479 0.09882808 0.30477814 0.06425512 0.09889029 0.07367079 0.07942648 0.04080393
0.03139434 0.00427881 0.00217634 0.00515517 0.04614262 0.22930466 0.09691356 0.30333088 0.06208519 0.09522733 0.07581315 0.08618109 0.02380167
0.03789525 0.00762627 0.00142525 0.00489814 0.03799478 0.22970674 0.09693195 0.30300522 0.05873734 0.08361304 0.07979079 0.08138409 0.02415908
0.04233684 0.00590029 0.00113873 0.00471947 0.03673882 0.22834279 0.09386252 0.30262895 0.05601685 0.08591159 0.07499626 0.08557764 0.02569121
0.04411619 0.00810447 0.00113443 0.01189026 0.05122105 0.22636127 0.09233808 0.30193834 0.05493090 0.09301601 0.07953777 0.07841431 0.02377795
0.04434386 0.00204170 0.00115837 0.00136543 0.02292469 0.22539491 0.09122479 0.30244508 0.05244650 0.10044390 0.07899266 0.07923991 0.02493069
0.04461324 0.00681809 0.00078886 0.00743186 0.03784944 0.22381890 0.09776364 0.30381444 0.05206961 0.09398874 0.06653290 0.07928099 0.02280896
0.04391698 0.01012520 0.00070946 0.00950842 0.03506579 0.22125864 0.09082807 0.30219036 0.05253076 0.09922472 0.07864475 0.07719341 0.02430660
0.03447355 0.00897018 0.00094182 0.00997150 0.02993638 0.22190995 0.09952565 0.30475010 0.05789372 0.10153036 0.07834382 0.07860454 0.02696090
0.03252455 0.00437622 0.00084120 0.00758043 0.04685698 0.21873835 0.09618573 0.30224405 0.05554040 0.09580505 0.08208413 0.08042328 0.02433927
0.03102429 0.01338454 0.00089231 0.01335910 0.02610697 0.22136226 0.10202730 0.30533524 0.05203720 0.08535699 0.07891967 0.08126486 0.03548822
0.02834912 0.00473270 0.00085653 0.00621434 0.04763050 0.21924561 0.10318920 0.30320859 0.05126959 0.09092142 0.07945230 0.08043825 0.02813477
0.02712159 0.00592841 0.00082263 0.00679952 0.05527990 0.21928630 0.11406563 0.30523933 0.05832534 0.09702982 0.07584930 0.08027980 0.03573896
0.02587154 0.00345257 0.00085223 0.00590145 0.03109148 0.21999765 0.10215906 0.30616002 0.05257701 0.09366943 0.08708104 0.07951930 0.05483565
0.02493051 0.00288331 0.00096872 0.00566827 0.04584554 0.22090224 0.11852102 0.30684997 0.05060454 0.08713063 0.07878303 0.08014013 0.03338953
0.02433421 0.00791656 0.00086750 0.00973260 0.04459607 0.22206030 0.10145424 0.30598998 0.05468053 0.09065829 0.08746245 0.08125311 0.03578813
0.02481439 0.00536213 0.00113810 0.00490217 0.03401266 0.22507250 0.10996597 0.30355086 0.05654712 0.09306340 0.08681499 0.08032560 0.02796071
0.02682621 0.00181607 0.00165298 0.00375617 0.02323110 0.22329152 0.10619308 0.30230043 0.05619274 0.08918584 0.07981969 0.08049643 0.02628451
0.02935635 0.00141053 0.00087550 0.00194196 0.00129649 0.23084007 0.10528977 0.30192292 0.05004735 0.08786076 0.07620283 0.08437425 0.03363090
0.03131318 0.00413275 0.00071773 0.00478266 0.03446942 0.22600971 0.10159321 0.29826467 0.04678835 0.09869759 0.08078479 0.08163563 0.03873096
0.03263237 0.00996417 0.00080631 0.01441569 0.03379773 0.23122737 0.10340524 0.30108796 0.05634611 0.10428413 0.07109277 0.08086783 0.02571072
0.03344172 0.00474172 0.00090812 0.00558883 0.07032481 0.23333255 0.09693892 0.30199927 0.04533978 0.09485809 0.08627723 0.07935153 0.03372044
0.03399145 0.01049896 0.00071297 0.01323929 0.05860990 0.23397328 0.10171852 0.30371122 0.05060985 0.08255780 0.07510873 0.07951778 0.02704451
0.03226038 0.00660839 0.00081735 0.00747164 0.04867078 0.23560292 0.09862054 0.30418640 0.05587647 0.09137783 0.07981885 0.08048680 0.04726391
0.03081386 0.00697577 0.00389496 0.00420275 0.03419353 0.23354049 0.09552820 0.30687440 0.06961613 0.08901802 0.08586400 0.08209112 0.03851044
0.02931035 0.00957181 0.00109162 0.00847194 0.03280019 0.23385647 0.08988049 0.30576711 0.05705019 0.08110042 0.07534192 0.07821849 0.04617713
0.02830695 0.00377539 0.00431063 0.00717017 0.02905977 0.23145666 0.09407022 0.30346212 0.04709325 0.08801800 0.07119265 0.07899698 0.03072173
0.02984432 0.01254793 0.00153268 0.01381449 0.03416775 0.23066791 0.09039954 0.30272878 0.04341100 0.09744433 0.08103187 0.08216117 0.03521492
0.03261645 0.01015954 0.00105980 0.00946018 0.05437028 0.22704561 0.09838262 0.30223333 0.05625864 0.09776798 0.06080761 0.07968424 0.03168210
0.03445292 0.00621999 0.00071443 0.01025774 0.04949788 0.22537994 0.09417966 0.30071969 0.04076300 0.08774872 0.07580870 0.07791999 0.03555332
0.03513965 0.00925570 0.00064832 0.00854386 0.05251850 0.22436647 0.09708862 0.30081383 0.04875221 0.07876861 0.06976729 0.08027241 0.03789677
0.03488145 0.00367787 0.00057045 0.00361876 0.05063087 0.22331140 0.09510964 0.29981579 0.05249377 0.08037213 0.08106196 0.08022265 0.03162627
0.03435957 0.00227472 0.00113708 0.00513544 0.03303606 0.22191264 0.09517106 0.30065698 0.05421544 0.07717868 0.07982272 0.07993047 0.02473808
0.03304195 0.00756603 0.00127692 0.00807036 0.02975325 0.22384341 0.09950031 0.29959931 0.05025651 0.08698138 0.07709497 0.07825302 0.02416875
0.03043694 0.00562715 0.00134001 0.00592808 0.03191922 0.22102017 0.09679844 0.30156954 0.05062074 0.09832913 0.06965034 0.07922450 0.02620271
0.02741773 0.00868987 0.00131325 0.01381170 0.04362547 0.22328687 0.09571935 0.30332816 0.04748242 0.10505823 0.07706109 0.07892837 0.03585413
0.02493062 0.00990282 0.00098850 0.01311673 0.04735870 0.21937777 0.10163319 0.30213452 0.05017561 0.09981881 0.07635751 0.08421572 0.03006133
0.02434783 0.00856018 0.00209780 0.01091071 0.04652131 0.22188987 0.09892432 0.30231607 0.05099559 0.07465299 0.07624434 0.07976672 0.02767369
0.02578387 0.00794358 0.00133688 0.01132099 0.05936593 0.22202564 0.09804487 0.29995431 0.05004324 0.07443661 0.07788637 0.08008563 0.02874580
0.02840666 0.00479365 0.00204242 0.00399123 0.03868496 0.22050783 0.10073313 0.30163511 0.06043568 0.09301122 0.07734908 0.07812881 0.04126467
0.03186645 0.00848115 0.00116332 0.00840685 0.04166612 0.22225130 0.09482958 0.30121581 0.05912460 0.09301744 0.07444976 0.08134642 0.02680695
0.03395850 0.00584079 0.00076453 0.00944316 0.05412577 0.22361896 0.09806864 0.29995245 0.04892900 0.09316034 0.07738241 0.07825842 0.03376748
0.03438387 0.01009649 0.00075905 0.01176481 0.04078696 0.22298225 0.09755971 0.30010611 0.04266640 0.09763649 0.07034762 0.07653736 0.03952561
0.03366625 0.00949826 0.00082553 0.01340466 0.05711158 0.22819960 0.09380126 0.29855148 0.05022996 0.09504521 0.07412657 0.07737014 0.04116067
0.03235005 0.01389866 0.00091446 0.01399044 0.02882992 0.23215870 0.09306673 0.29865047 0.05664621 0.08507174 0.08377139 0.07940399 0.02776420
0.03078474 0.00347249 0.00072508 0.00352427 0.00376091 0.23580922 0.09858312 0.29836823 0.05667795 0.07266592 0.07765512 0.07932652 0.05345644
0.02860344 0.00261530 0.00079045 0.00282817 0.00392795 0.23737036 0.09184410 0.29780585 0.05169517 0.07849642 0.08299900 0.07793417 0.02636327
0.04940011 0.00782633 0.00116592 0.00804200 0.03812485 0.23990345 0.09972595 0.29943800 0.04739951 0.09210645 0.07243985 0.07610441 0.03024819
0.05055571 0.00400081 0.00105498 0.00503981 0.02721209 0.24068617 0.09552232 0.30279474 0.04924330 0.09802747 0.07513773 0.07847256 0.02870509
0.05060687 0.00251584 0.00095733 0.00201752 0.02926437 0.23914146 0.09521719 0.30364392 0.04054237 0.10056778 0.07459428 0.07666429 0.04542405
0.04749981 0.00962251 0.00083179 0.00911377 0.05156212 0.23844485 0.09414456 0.30506628 0.04994801 0.10003709 0.07227491 0.07692523 0.02713081
0.04649812 0.01106325 0.00085762 0.01490241 0.05426385 0.23816426 0.08848724 0.30676698 0.05598393 0.09495341 0.07625242 0.07799371 0.03582875
0.04782146 0.00724215 0.00068633 0.00936945 0.04539942 0.23508568 0.08948176 0.30377500 0.05584855 0.07652947 0.07665558 0.07645591 0.04398324
0.04870198 0.00448234 0.00124566 0.00412232 0.03846611 0.23495985 0.09993030 0.30434897 0.05271925 0.07618335 0.07498404 0.08031182 0.02562719
0.04783828 0.01005045 0.00135926 0.01112763 0.05981483 0.22893953 0.08643876 0.30205023 0.05667234 0.08519639 0.07731261 0.07770132 0.02377062
0.04769685 0.00401882 0.00122817 0.00515685 0.02037834 0.23650893 0.08979289 0.30160127 0.05353081 0.08636012 0.07079740 0.07856203 0.03646053
0.04961102 0.00502164 0.00127490 0.00632628 0.05053762 0.23103822 0.08631370 0.30087846 0.06381429 0.09167249 0.07211515 0.07675737 0.03012012
0.05020190 0.00633772 0.00248197 0.00759169 0.03460884 0.23213134 0.09168595 0.30105897 0.05655630 0.09966894 0.06849627 0.07916118 0.02554435
0.05022715 0.00442901 0.00090543 0.00251694 0.02152126 0.22928378 0.09837925 0.30098674 0.04675074 0.09716316 0.07519423 0.07810296 0.03114025
0.05029004 0.00575167 0.00069918 0.00491240 0.03134640 0.22822872 0.10887800 0.30288437 0.05129069 0.09146648 0.07654064 0.07849493 0.02248028
0.05046194 0.00345924 0.00103552 0.00217470 0.03451932 0.22716736 0.09648426 0.30324911 0.06097959 0.08920070 0.07089070 0.07816711 0.02423666
0.05010791 0.00649872 0.00072867 0.00727943 0.02723478 0.22600616 0.09763946 0.30533924 0.05636306 0.08432721 0.08255780 0.07863021 0.02435463
0.04961500 0.00313172 0.00063265 0.00352263 0.03132525 0.22504678 0.09731867 0.30629659 0.05731329 0.08730027 0.07655334 0.07854221 0.02591325
0.04855529 0.00259116 0.00102427 0.00481137 0.02959909 0.22370029 0.10263996 0.30791125 0.05358007 0.09282875 0.07721293 0.07826064 0.02464109
0.04844123 0.00843054 0.00073538 0.00806160 0.03013857 0.22046145 0.10234326 0.30792970 0.05522123 0.09357429 0.07763236 0.07541278 0.02513955
0.04808753 0.00245444 0.00074110 0.00291080 0.03326341 0.22514717 0.09950331 0.30765212 0.05454179 0.09145235 0.07807768 0.07926739 0.02590652
0.04774933 0.01426835 0.00083507 0.01489268 0.02855044 0.22487108 0.09767593 0.30677438 0.05612393 0.09563992 0.08088777 0.07781748 0.02748663
0.04729320 0.00953631 0.00147069 0.01007303 0.02981649 0.22961923 0.10009232 0.30617724 0.05244341 0.09538447 0.08047654 0.08371052 0.03351352
0.04763718 0.00696966 0.00134371 0.00519533 0.03633315 0.23084549 0.10730415 0.30397248 0.05073233 0.09035692 0.07490664 0.07999492 0.03393526
0.04765086 0.00777635 0.00132626 0.01154195 0.01881045 0.23827554 0.10638907 0.30202687 0.04805817 0.08330442 0.08222899 0.07993452 0.02605178
0.04863555 0.00666019 0.00056838 0.00967330 0.04596213 0.23658915 0.09945371 0.30060580 0.05617627 0.07866781 0.08157104 0.08205870 0.02482468
0.04879331 0.00352960 0.00089104 0.00425133 0.03358922 0.24242005 0.09220193 0.30055215 0.05475787 0.08527835 0.07500425 0.07775401 0.03367182
0.04900737 0.00924604 0.00065043 0.00797899 0.04336737 0.23911931 0.09211602 0.29967937 0.05835104 0.08922949 0.07418216 0.07777850 0.02764344
0.04931061 0.00643061 0.00081437 0.00491923 0.04172842 0.24132353 0.09442264 0.30133940 0.04930773 0.09635250 0.06507171 0.08309860 0.02734683
0.04912015 0.00706090 0.00159399 0.00985316 0.02038575 0.23891780 0.09368974 0.30253520 0.04506293 0.10049512 0.07752552 0.07775951 0.03257030
0.04947741 0.00297454 0.00207490 0.00399208 0.00488201 0.23904812 0.09736310 0.30478422 0.04867146 0.10263085 0.07266701 0.07840532 0.02628964
0.05005113 0.00179213 0.00086112 0.00112557 0.00127833 0.23920565 0.08939962 0.30509857 0.05269111 0.09043883 0.07850203 0.07703338 0.04007788
0.04988565 0.00285286 0.00067846 0.00229053 0.00452300 0.23693838 0.09328944 0.30479191 0.05621222 0.07875425 0.07467401 0.07641180 0.02294303
0.04972106 0.00388108 0.00073020 0.00129513 0.03521982 0.23582272 0.09405212 0.30547445 0.06613399 0.07829023 0.07510442 0.07793898 0.02799189
0.04986028 0.01107149 0.00123240 0.01413456 0.04944820 0.23104774 0.09226808 0.30346348 0.05789580 0.08556607 0.07596241 0.07807846 0.02273476
0.04879416 0.00647325 0.00365278 0.00777791 0.03814791 0.23294005 0.09276405 0.30364094 0.04649201 0.09782191 0.07507450 0.07888328 0.03738482
0.04854790 0.00382244 0.00133280 0.00746158 0.04902209 0.23065588 0.09160809 0.30269912 0.04863622 0.09630402 0.07066060 0.07619801 0.05047054
0.04833326 0.00296129 0.00205929 0.00435925 0.02118074 0.22975254 0.09226963 0.30143612 0.04966478 0.10260855 0.07416774 0.07945355 0.03244683
0.04746756 0.00418774 0.00215645 0.00535373 0.02867547 0.22833288 0.09365485 0.30095383 0.05277302 0.09643431 0.07511047 0.07798650 0.03034816
0.04705506 0.01224210 0.00186528 0.01052728 0.03371621 0.22733861 0.09571336 0.30305285 0.05137233 0.08884909 0.07658049 0.07688499 0.04565354
0.04779223 0.00499795 0.00143632 0.00631764 0.02352734 0.22496891 0.09477422 0.30285984 0.06179094 0.09227729 0.07839508 0.08015705 0.03366787
0.04841551 0.00894828 0.00107885 0.00840932 0.02682918 0.22552526 0.09624054 0.30477920 0.06090424 0.09139164 0.08458721 0.07941328 0.03059450
0.04970245 0.00302194 0.00126000 0.00159611 0.00341237 0.22230534 0.10202372 0.30562219 0.06134922 0.10137230 0.08425729 0.08071133 0.03106318
0.04949665 0.00883450 0.00160190 0.01043531 0.04018780 0.22484697 0.10437008 0.30685385 0.06203536 0.10201861 0.07224196 0.07981033 0.02631634
0.04959711 0.00827451 0.00057383 0.01033401 0.07179766 0.22419250 0.09736235 0.30751501 0.05212165 0.09243327 0.07985463 0.07718715 0.02566124
0.04966973 0.00550074 0.00046558 0.00321713 0.04338144 0.22757648 0.10488362 0.30781872 0.05372103 0.09268476 0.07683972 0.07730236 0.03286110
0.04943031 0.00710307 0.00137600 0.00754312 0.05355274 0.22595356 0.10102257 0.30696099 0.05081744 0.09071492 0.08493480 0.07763460 0.02538377
0.05233265 0.00606402 0.00357728 0.00601946 0.03408996 0.23121485 0.10184629 0.30663848 0.05550114 0.09598359 0.07417868 0.07913741 0.02821250
0.05343404 0.01369676 0.00180128 0.01382883 0.03533217 0.23634593 0.09644335 0.30469382 0.05493582 0.08581453 0.07672939 0.07950116 0.03793097
0.05499017 0.00260289 0.00206695 0.00405489 0.04099715 0.23718934 0.10276334 0.30193573 0.05866536 0.08964666 0.07333207 0.07900845 0.02627313
0.05579541 0.00653493 0.00098483 0.00612787 0.02881021 0.24013033 0.09640171 0.30133942 0.05188074 0.08151535 0.07588707 0.07995617 0.03412533
0.05577273 0.00670617 0.00083594 0.00902423 0.04029487 0.24271910 0.09739465 0.30098987 0.04716958 0.08145254 0.07682030 0.07744518 0.02330007
0.05545583 0.00371544 0.00086208 0.00226507 0.03040519 0.24302909 0.09158137 0.30078684 0.04821207 0.08689384 0.07994005 0.07968567 0.03280451
0.05491054 0.00527234 0.00173310 0.00526906 0.03459670 0.24193137 0.09877804 0.30224843 0.05620457 0.09677154 0.06776990 0.07663001 0.02338598
0.05311548 0.00374426 0.00144781 0.00449370 0.04084807 0.23941479 0.09286405 0.30377735 0.04720662 0.08721411 0.07397983 0.07697939 0.02605137
0.05054273 0.00746510 0.00091215 0.01122232 0.04470425 0.23854134 0.10718584 0.30641784 0.04697880 0.08481270 0.07079618 0.07742096 0.02535273
0.05034532 0.00645791 0.00111584 0.00662601 0.03339297 0.23826239 0.09600321 0.30717473 0.04831198 0.08708150 0.07330008 0.07847633 0.02565243
0.05123812 0.00290837 0.00071103 0.00249492 0.03002366 0.23616385 0.09224193 0.30661905 0.04815923 0.08262055 0.07634378 0.07657022 0.03716622
0.05157198 0.00234449 0.00059132 0.00586597 0.00711086 0.24037327 0.09311946 0.30688844 0.04845970 0.07806635 0.06963622 0.07663570 0.03440380
0.05168873 0.00780580 0.00124622 0.00917055 0.01830119 0.23415933 0.08829925 0.30433584 0.05629521 0.07932967 0.07103325 0.07822432 0.03923558
0.05080036 0.00315062 0.00115777 0.00407184 0.02656595 0.23594736 0.09098471 0.30391936 0.04806561 0.08442477 0.07470700 0.07933026 0.03208656
0.05012788 0.00304903 0.00103400 0.00402836 0.02975930 0.23212540 0.09106193 0.30244702 0.05025294 0.08221795 0.07893177 0.07711173 0.02862266
0.05102972 0.00429156 0.00082925 0.00291659 0.02364959 0.23297631 0.09903877 0.30206124 0.04673783 0.07994772 0.06982693 0.07907115 0.02338231
0.05184868 0.00903240 0.00081934 0.01008261 0.03162544 0.23283905 0.09590655 0.30237570 0.05563287 0.07086477 0.07845811 0.07743375 0.02408281
0.05191905 0.00474612 0.00363962 0.00588438 0.03983606 0.23032112 0.10145619 0.30134394 0.05167024 0.08131953 0.07302334 0.07615783 0.02275955
0.05210928 0.00378743 0.00150047 0.00281482 0.02927082 0.23109679 0.09700595 0.30040050 0.04395530 0.07987507 0.07680850 0.07819976 0.02621163
0.05205491 0.00410597 0.00101797 0.00968551 0.03191377 0.22937011 0.10099004 0.30166426 0.04654957 0.07687569 0.06916552 0.07773698 0.02566378
0.05231946 0.00324691 0.00069374 0.00348602 0.03282792 0.22979603 0.09617695 0.30044065 0.04173898 0.07787183 0.07963071 0.07841352 0.03652783
0.04986026 0.01112851 0.00089426 0.01300460 0.02655036 0.23147475 0.10715200 0.30437259 0.05012378 0.07377079 0.07948553 0.07999224 0.02666546
0.04844568 0.00438400 0.00075947 0.00229988 0.00582509 0.23074611 0.09820286 0.30517552 0.06226448 0.07488264 0.09217107 0.07975504 0.02737580
0.04756599 0.00392907 0.00108447 0.00096963 0.04476316 0.23292168 0.10880733 0.30584120 0.05833372 0.08021317 0.06376136 0.07676264 0.02578351
0.04658490 0.00218355 0.00116962 0.00054145 0.00322519 0.23467065 0.10019814 0.30571018 0.04355858 0.08953018 0.08050029 0.07625070 0.02749044
0.04577621 0.00653727 0.00098324 0.00547018 0.01672075 0.23472987 0.11008062 0.30614136 0.04832809 0.09587954 0.06687790 0.07632251 0.02621510
0.04594508 0.00357724 0.00089083 0.00592346 0.03108027 0.23994739 0.10115033 0.30476020 0.04528066 0.08789020 0.07282246 0.07723629 0.03091664
0.04652418 0.01353717 0.00087665 0.01373126 0.04788124 0.23870130 0.10515729 0.30489851 0.05073293 0.07610039 0.07398453 0.08066414 0.03241819
0.04664719 0.00823441 0.00060287 0.00824287 0.04308211 0.23857639 0.09681435 0.30389652 0.06933916 0.07311926 0.08274425 0.07972133 0.03989845
0.04716101 0.00611020 0.00097022 0.00929561 0.06586576 0.24155801 0.10296456 0.30247939 0.05928293 0.07198700 0.07464647 0.08103059 0.02635868
0.04694167 0.00390574 0.00213374 0.00582039 0.04784823 0.24165284 0.09468800 0.30022954 0.05100465 0.07686978 0.07851239 0.08065123 0.02955831
0.04668486 0.00984062 0.00117471 0.00802185 0.04670910 0.23889149 0.10152737 0.30137110 0.04956444 0.08300372 0.06135917 0.07900464 0.02462391
0.04766223 0.00795388 0.00184788 0.00760930 0.05820338 0.23667379 0.08671392 0.29997592 0.04196672 0.08969745 0.06836914 0.07729729 0.02634540
0.04823091 0.00510339 0.00251705 0.00676496 0.04544953 0.23546737 0.09180558 0.30382881 0.04197473 0.09438253 0.06363813 0.07607863 0.02438386
0.04840465 0.00538910 0.00082202 0.00729708 0.05270667 0.23445288 0.08615419 0.30296733 0.04904123 0.08042539 0.06724862 0.07652159 0.02587420
0.04875529 0.00481881 0.00127777 0.00366034 0.02641019 0.23516334 0.09000533 0.30674911 0.05098390 0.06657969 0.07103743 0.07984525 0.02237223
0.06604241 0.00319380 0.00056181 0.00711186 0.03202133 0.23172818 0.08985827 0.30465977 0.05482826 0.06679164 0.07735541 0.07681137 0.03759647
0.06619604 0.00249043 0.00065777 0.00503428 0.02730988 0.23592047 0.09370668 0.30610208 0.05411395 0.07026395 0.07460280 0.07951678 0.02349422
0.06634287 0.00438686 0.00098047 0.00722079 0.03079917 0.23116848 0.08962075 0.30401051 0.04767999 0.08800465 0.07407060 0.07896949 0.03527980
0.06472601 0.00437957 0.00231322 0.00487508 0.02467198 0.23553460 0.09802660 0.30603524 0.04465629 0.10072453 0.07078882 0.08007221 0.03136232
0.06513721 0.00904134 0.00123065 0.00643444 0.03004787 0.23195332 0.08837823 0.30363167 0.04659639 0.10348028 0.07661476 0.07646920 0.03318639
0.06773333 0.00825740 0.00267847 0.00878452 0.02413134 0.23338446 0.10305994 0.30417079 0.04991154 0.08970711 0.06394216 0.08064285 0.02471375
0.06684064 0.00264880 0.00149137 0.00501166 0.02683329 0.23056715 0.09914699 0.30107575 0.04857494 0.07801228 0.08043638 0.07577067 0.02410035
0.06608019 0.01020689 0.00431517 0.00960730 0.03773519 0.23184062 0.10122166 0.30256604 0.05489605 0.06630938 0.07723681 0.08497582 0.02519219
0.06723625 0.00360877 0.00100642 0.00328892 0.02545253 0.23081347 0.10006386 0.30065228 0.05425232 0.06933329 0.08745139 0.07958744 0.02836478
0.06765135 0.00721291 0.00058918 0.01291895 0.04422813 0.23203323 0.10627907 0.30304423 0.05292787 0.07721905 0.07620805 0.08165439 0.04872648
0.06687962 0.00433191 0.00055440 0.00447903 0.03174233 0.23076757 0.10756637 0.30276333 0.04812126 0.08657365 0.07663422 0.08006565 0.03873192
0.06655711 0.00940522 0.00193668 0.01095936 0.03380364 0.23101455 0.10770956 0.30500392 0.04908815 0.09973407 0.06680243 0.08015258 0.05425970
0.06536562 0.00462554 0.00098457 0.00595732 0.04050208 0.23296534 0.10632230 0.30476231 0.04247722 0.09351407 0.07500266 0.07845092 0.03366514
0.06497938 0.00882822 0.00067201 0.00476536 0.03811505 0.23501682 0.11402612 0.30677203 0.05499380 0.08017216 0.07316725 0.07949796 0.03168472
0.06285994 0.00514255 0.00090893 0.00540643 0.03247519 0.23345954 0.11167369 0.30688726 0.05668754 0.06755257 0.08533089 0.07717522 0.02911302
0.06147297 0.00379759 0.00100577 0.00535750 0.02489891 0.24035928 0.11076122 0.30778285 0.05732363 0.05801992 0.08088132 0.07980419 0.04695325
0.05949593 0.00693053 0.00115697 0.00902803 0.02399012 0.23619206 0.10342802 0.30521156 0.05179076 0.06806776 0.08748473 0.08084755 0.04375854
0.05956236 0.00627446 0.00137064 0.00796794 0.01716189 0.23849816 0.10934021 0.30438715 0.05081553 0.08385015 0.06929665 0.07825441 0.03677525
0.06037825 0.00246973 0.00111684 0.00220596 0.04286762 0.23632481 0.10309098 0.30003215 0.04342044 0.08958439 0.07304450 0.07886152 0.02623606
0.06110082 0.00519257 0.00085233 0.00408210 0.03508701 0.23616239 0.09876904 0.29987791 0.04814996 0.09334633 0.06033173 0.07728470 0.02547078
0.05947029 0.00505359 0.00085050 0.00282465 0.04199598 0.23494494 0.09357066 0.29624453 0.03669920 0.09147070 0.06472404 0.07863960 0.02393258
0.05880148 0.00277859 0.00098539 0.00289622 0.04040032 0.23220027 0.08979680 0.29765272 0.04245435 0.08703426 0.06468191 0.07496361 0.02358888
0.05710710 0.00524076 0.00090604 0.00500130 0.02876706 0.23261695 0.09208861 0.29934917 0.04938232 0.06717508 0.07387563 0.07726135 0.03266164
0.05402583 0.00504168 0.00078058 0.00337343 0.00657681 0.23053489 0.09815467 0.29929508 0.05270694 0.05265003 0.07184934 0.07686243 0.02632847
0.05245086 0.00334317 0.00086912 0.00256930 0.06021346 0.23113831 0.09283041 0.30240649 0.04979031 0.05483771 0.07954009 0.07868304 0.03123642
0.05050500 0.00689340 0.00097438 0.00759555 0.03141270 0.22907999 0.09796624 0.30182086 0.04974653 0.06869855 0.06912523 0.07931509 0.03221812
0.04969602 0.00366868 0.00102082 0.00675676 0.03483374 0.23053541 0.09708154 0.30192415 0.04178469 0.08027008 0.06606055 0.07725127 0.03170036
0.04799077 0.00307928 0.00101824 0.00581937 0.04226021 0.22783125 0.10033065 0.30108033 0.03652047 0.08678298 0.06354793 0.07879516 0.04002295
0.04692005 0.00317471 0.00149471 0.00374746 0.01788903 0.23040178 0.10229939 0.30039392 0.03781600 0.08285266 0.06153218 0.07942713 0.03653213
0.04586167 0.00144266 0.00226893 0.00408350 0.00427603 0.22784896 0.10510492 0.29934104 0.04085547 0.07446740 0.07254325 0.07679202 0.03838606
0.04740259 0.00486601 0.00114941 0.00157855 0.00889762 0.22870434 0.10514178 0.30169018 0.05535793 0.07325073 0.07181763 0.08109352 0.03289195
0.05244603 0.00267768 0.00206381 0.00258092 0.03926599 0.22463843 0.09619097 0.30003075 0.05052854 0.06292620 0.08351961 0.07714619 0.03758921
0.05468288 0.00823794 0.00113762 0.00786710 0.02381968 0.22705720 0.10305196 0.29885277 0.05536123 0.06402017 0.07392489 0.07832530 0.02726992
0.05565647 0.00371699 0.00207773 0.00243360 0.03730070 0.22740235 0.10928437 0.29902870 0.04860224 0.07359157 0.07639721 0.07934022 0.02793939
0.05655465 0.00377598 0.00129617 0.00105198 0.00314289 0.22783402 0.11536471 0.29854773 0.04665931 0.07738543 0.06905347 0.07913001 0.02803203
0.05520827 0.00386820 0.00094582 0.00447991 0.04508374 0.23113328 0.10174247 0.29591536 0.03174145 0.07921924 0.07452670 0.07861293 0.03501738
0.05421343 0.00191156 0.00202431 0.00402973 0.00540887 0.23345310 0.10617296 0.29820047 0.03695352 0.09040929 0.05719885 0.07637918 0.02932586
0.05320672 0.00120123 0.00099092 0.00100952 0.00099497 0.23452204 0.09959357 0.29652429 0.03202690 0.08484003 0.07426602 0.07876999 0.03935009
0.05204461 0.00198801 0.00102684 0.00223488 0.00380220 0.23514369 0.10965191 0.29797521 0.04369004 0.06910375 0.06079411 0.07716632 0.02452216
0.05164531 0.01075079 0.00109710 0.01366563 0.02674133 0.23401612 0.09708964 0.29889046 0.04476431 0.05073747 0.08690749 0.07767618 0.03220245
0.05007064 0.00146792 0.00396409 0.00271747 0.00369047 0.23794713 0.10929826 0.29891304 0.04880180 0.04748394 0.07336149 0.07839819 0.03258472
0.04976101 0.00129544 0.00149399 0.00365735 0.00389181 0.23702826 0.10481813 0.29739057 0.04481350 0.05572122 0.07877006 0.07718246 0.02945864
0.05046084 0.00805621 0.00110939 0.00877876 0.03542344 0.23782530 0.10446513 0.29963503 0.04099995 0.07114299 0.05939518 0.08041873 0.05315882
0.05212061 0.00285010 0.00086160 0.00452742 0.00625650 0.23708003 0.10357296 0.29527760 0.02702050 0.08141639 0.07049054 0.07738945 0.02598478
0.05262653 0.00797517 0.00078277 0.00957837 0.02247358 0.23522193 0.10554565 0.29670560 0.03788388 0.08416752 0.05030446 0.07573950 0.04096139
0.05306917 0.00398165 0.00195356 0.00130816 0.00501700 0.23739922 0.09193340 0.29506420 0.04293998 0.08193644 0.07296205 0.07794631 0.02429298
0.05435917 0.00350209 0.00097747 0.00057242 0.00163623 0.23273425 0.09655487 0.29566699 0.04566165 0.06313699 0.06534531 0.07635699 0.02719766
0.05628720 0.01314489 0.00107116 0.01225884 0.04456009 0.23149905 0.09354707 0.29636473 0.04293925 0.05832658 0.07393695 0.07753605 0.02418420
0.05602269 0.00729289 0.00068774 0.00628009 0.04011068 0.22934820 0.09753731 0.29905827 0.04800046 0.05383009 0.06789205 0.07550826 0.02640265
0.05336742 0.00595422 0.00068512 0.00965812 0.04394496 0.22621023 0.09586936 0.29812138 0.04410274 0.05746806 0.07421819 0.07596474 0.02317917
0.05252542 0.00668789 0.00158757 0.00790846 0.04755132 0.22520966 0.09862986 0.29926768 0.04212193 0.06469470 0.05920865 0.07798911 0.02748018
0.05459061 0.01542957 0.00102261 0.01626378 0.05722197 0.22266983 0.08651837 0.29971118 0.03601442 0.07461787 0.06621408 0.07797065 0.04461551
0.05592530 0.00733829 0.00069481 0.01061422 0.06880140 0.21979367 0.10304427 0.29883070 0.04294040 0.08044245 0.05454549 0.07873936 0.02626192
0.05477967 0.01078250 0.00188792 0.01216948 0.08260140 0.22377308 0.09147820 0.30180991 0.03343109 0.08193276 0.06883878 0.07911339 0.03743035
0.05382046 0.01674777 0.00076744 0.01903690 0.07104678 0.22141276 0.09797013 0.30193252 0.04470433 0.06933789 0.06643130 0.08142203 0.02824762
0.05343627 0.01435643 0.00173765 0.01201450 0.06176697 0.22754965 0.10041698 0.30357294 0.06063215 0.06733446 0.07847194 0.08278036 0.03026307
0.05415772 0.00845437 0.00199487 0.00793808 0.04784669 0.22700199 0.10400463 0.30476235 0.05633590 0.06369560 0.07647736 0.08045017 0.02585808
0.05404100 0.00893138 0.00166986 0.01216910 0.04201902 0.23318975 0.10815241 0.30321304 0.06208815 0.06689259 0.07477006 0.07738555 0.03471464
0.05480030 0.00514718 0.00130745 0.00499894 0.04168086 0.22986917 0.10643896 0.30391957 0.06250638 0.08715594 0.07031853 0.07715468 0.02684947
0.05481607 0.01096001 0.00131014 0.01107214 0.04845687 0.23370165 0.09828838 0.30342056 0.05288158 0.09725768 0.07084009 0.07874600 0.03489518
0.05370180 0.00704606 0.00110910 0.00333411 0.05663986 0.23486451 0.10144057 0.30369435 0.05170427 0.09902186 0.07086859 0.07960082 0.02744432
0.05273029 0.00704929 0.00103769 0.00810818 0.05847484 0.23371526 0.09932997 0.30333799 0.04551849 0.09713406 0.07572605 0.07719326 0.02738535
0.05188841 0.00512448 0.00077663 0.00644865 0.04760521 0.23506985 0.09184342 0.30113761 0.05161461 0.08693055 0.08325673 0.07952418 0.02852983
0.05063377 0.00827501 0.00129700 0.00985606 0.02768912 0.23729245 0.09914697 0.30153624 0.05887042 0.08168487 0.07176759 0.07921869 0.04181495
0.04975324 0.00588026 0.00124851 0.00650654 0.04595491 0.23585613 0.09041505 0.29991471 0.05691310 0.07464626 0.08009701 0.07999063 0.02288851
0.04927268 0.00480612 0.00138974 0.00573649 0.04158578 0.23791332 0.09447569 0.29933030 0.05526010 0.07891858 0.07335531 0.07791991 0.02470849
0.04881963 0.00357857 0.00109064 0.00254684 0.04225774 0.23709933 0.08687167 0.29839822 0.05125562 0.08446010 0.08160577 0.07513906 0.02393054
0.04815104 0.00960729 0.00102102 0.00891255 0.05231372 0.23703515 0.09945390 0.29963115 0.04965751 0.08870853 0.06632027 0.07807709 0.02371876
0.04774181 0.00839013 0.00096036 0.00862850 0.05439092 0.23748655 0.09222104 0.29993603 0.04447803 0.09581995 0.08008918 0.07815071 0.02670320
0.04808835 0.00645112 0.00124048 0.01143426 0.07890147 0.23408686 0.10228555 0.30065103 0.04833114 0.09472708 0.06363646 0.07831296 0.02611788
0.04766984 0.00575742 0.00108827 0.00743848 0.04877772 0.23665952 0.08668211 0.30112552 0.05192933 0.08434517 0.08470042 0.07815668 0.05388864
0.04774255 0.01849838 0.00079633 0.02025794 0.04631316 0.23250499 0.09557455 0.30181787 0.05199072 0.08150698 0.07368027 0.07827559 0.03140740
0.04666072 0.00796006 0.00130500 0.01255732 0.04217378 0.23218493 0.08862631 0.30021606 0.05484072 0.08716309 0.06995612 0.07743740 0.02849953
0.04750064 0.00682130 0.00092624 0.00842281 0.04986706 0.23420005 0.08978652 0.30244488 0.05256607 0.08302254 0.07055522 0.08360095 0.02899127
0.04772480 0.01054051 0.00118747 0.00988622 0.06972489 0.22433245 0.08756882 0.30040760 0.05323539 0.08521311 0.07492656 0.07654333 0.03205664
0.04836005 0.01063995 0.00069158 0.00997358 0.07258743 0.22581667 0.08977349 0.30225718 0.05334668 0.09136473 0.06784815 0.07780963 0.02843122
0.04835351 0.01030433 0.00110867 0.01255856 0.04940512 0.22253388 0.08765968 0.30127039 0.05176149 0.10370147 0.07518492 0.07747743 0.03474277
0.04917291 0.00374257 0.00173902 0.00432005 0.02560445 0.22231512 0.09348268 0.30074909 0.05571037 0.09805913 0.07809389 0.08001909 0.02552442
0.05135496 0.00247261 0.00118061 0.00403533 0.00395682 0.22345906 0.09840770 0.29933362 0.05797214 0.09885301 0.07136194 0.07754748 0.03621907
0.05285400 0.00444996 0.00081910 0.00472653 0.02988174 0.22305497 0.09089070 0.30012704 0.05521987 0.09359624 0.08025215 0.07823278 0.02490930
0.04585665 0.00651998 0.00120772 0.00890742 0.04503227 0.22649783 0.10140354 0.30138662 0.05712729 0.08992873 0.07675074 0.07936505 0.03318860
0.04516758 0.00445041 0.00204251 0.00600025 0.02385919 0.22681213 0.09398441 0.30042378 0.06078810 0.08090199 0.07941643 0.07927288 0.03408824
0.04449565 0.01125431 0.00114672 0.01037898 0.03421298 0.22723379 0.08937911 0.30156133 0.06454180 0.08550653 0.07827887 0.07655699 0.02827052
0.04449386 0.00473119 0.00380320 0.00223259 0.03512660 0.22904551 0.09341320 0.30098255 0.05700215 0.09301593 0.07671739 0.07764402 0.02539732
0.04508271 0.00126661 0.00170694 0.00035873 0.00073527 0.22883149 0.09584763 0.30006359 0.05053177 0.10052818 0.07551468 0.07534054 0.02475162
0.04524430 0.00315360 0.00117953 0.00117835 0.00170701 0.23408426 0.09847944 0.30095068 0.04743018 0.10245683 0.07278173 0.07846815 0.02356885
0.04639006 0.00573839 0.00108230 0.00557209 0.02591532 0.23238448 0.09294829 0.29926145 0.05431686 0.09428150 0.06669838 0.07704856 0.02501329
0.04653991 0.00271163 0.00122398 0.00143720 0.00276408 0.23576167 0.08589796 0.30116992 0.05800728 0.09253169 0.07780814 0.07740032 0.03269344
0.04615923 0.00543374 0.00199703 0.00809630 0.02667712 0.23622840 0.09325605 0.30003086 0.05607228 0.07820584 0.07319959 0.07781292 0.02875350
0.04474164 0.00307380 0.00125250 0.00658961 0.05650601 0.23417331 0.09146590 0.30022405 0.05300640 0.07620508 0.07228954 0.07732088 0.02602919
0.04409877 0.00855085 0.00098400 0.00677888 0.05683353 0.23734466 0.09855213 0.30146281 0.05423788 0.07969301 0.07006255 0.07929740 0.03305244
0.02759996 0.00902382 0.00230210 0.00799488 0.02867940 0.23585733 0.10514862 0.30181359 0.05753077 0.09036847 0.07553639 0.07966850 0.02318023
0.02599641 0.00556520 0.00136007 0.00619561 0.04880108 0.23683676 0.09252806 0.30218285 0.04990640 0.08789307 0.07546938 0.08330176 0.03215728
0.02494588 0.00433525 0.00193921 0.00402313 0.03990995 0.23638526 0.09480181 0.30064887 0.04457497 0.09027488 0.07151880 0.07947398 0.03218209
0.02560083 0.00233766 0.00099156 0.00370671 0.03967828 0.23463793 0.10644611 0.30189410 0.04753344 0.08381531 0.07119475 0.08072187 0.03064192
0.02751058 0.01216557 0.00071092 0.00806580 0.01361420 0.23409661 0.10017271 0.30031051 0.06053570 0.07810960 0.07073011 0.07679027 0.02670060
0.02891840 0.00349703 0.00078763 0.00230855 0.03619799 0.23337298 0.09665210 0.30108083 0.05786335 0.07493180 0.07421020 0.07922140 0.02546480
0.02939172 0.00278591 0.00066769 0.00457410 0.00717113 0.23224719 0.10761142 0.30098191 0.04650896 0.07949005 0.07584584 0.07683372 0.02752193
0.02923970 0.00477473 0.00051600 0.00592702 0.02359213 0.23232915 0.11173841 0.30152783 0.04661989 0.08314812 0.07088958 0.08013404 0.02444678
0.02770489 0.00518139 0.00046144 0.00350316 0.02432661 0.22857485 0.10098099 0.30229687 0.04737571 0.08833536 0.07768014 0.07353369 0.02667290
0.02565041 0.00322465 0.00076797 0.00226570 0.03431497 0.22719215 0.10103849 0.30431902 0.05238930 0.09203454 0.08042796 0.07951478 0.02683041
0.02430500 0.00748896 0.00077054 0.00946065 0.04918898 0.22634367 0.10159341 0.30583811 0.05624813 0.09365287 0.07164549 0.07776079 0.02759405
0.02296504 0.00474506 0.00389895 0.00321804 0.04485452 0.22450938 0.10473480 0.30582417 0.05300202 0.09078711 0.07546484 0.08142280 0.02900359
0.02272968 0.00684456 0.00133599 0.00826406 0.04584727 0.22838063 0.11201642 0.30634152 0.05498457 0.08954705 0.07438545 0.08134619 0.02660722
0.02514807 0.00849911 0.00219305 0.01037768 0.04039198 0.22452974 0.11119430 0.30534950 0.05209318 0.08771454 0.07922367 0.07844603 0.02823101
0.02766283 0.00614030 0.00141217 0.00732598 0.05609669 0.22858305 0.09990290 0.30318556 0.05267268 0.07965865 0.08273380 0.08117032 0.04625204
0.02769084 0.00414062 0.00142069 0.00157240 0.02498176 0.22572596 0.10557834 0.30088201 0.05883917 0.07644652 0.07684401 0.07900603 0.02498350
0.02876184 0.00407235 0.00136835 0.00420933 0.03306671 0.23116020 0.09793669 0.30033189 0.05369290 0.07791587 0.08132348 0.07909339 0.02527637
0.03080738 0.00442372 0.00075309 0.00646320 0.04385660 0.22709480 0.10054959 0.30061851 0.05460036 0.08908942 0.07240899 0.07822666 0.03883102
0.03199433 0.00335360 0.00085352 0.00509138 0.03039490 0.22907752 0.09484828 0.30037696 0.04963269 0.09485111 0.07608209 0.07735075 0.04867160
0.03186768 0.00360213 0.00223502 0.00383138 0.03263847 0.22872436 0.09838062 0.30035426 0.04971775 0.09488390 0.06874572 0.07823290 0.04207550
0.03164439 0.00580757 0.00144526 0.00580618 0.03189515 0.22872556 0.10883238 0.30083363 0.04832805 0.08664847 0.07177350 0.08005033 0.03323919
0.03185697 0.00976121 0.00114446 0.00883121 0.01689303 0.22790219 0.10355655 0.30057041 0.05261859 0.08430810 0.07560483 0.07751506 0.02623062
0.03239918 0.00860945 0.00191931 0.00815124 0.03745184 0.22892489 0.09765357 0.30061661 0.05292422 0.07520750 0.07670554 0.08024625 0.02670468
0.04488554 0.01393624 0.00119429 0.01445405 0.04944640 0.22727938 0.09417649 0.29862492 0.04780304 0.07604314 0.07447309 0.08056122 0.02870554
0.04515418 0.00759306 0.00086521 0.00673172 0.03550887 0.22962976 0.10030207 0.29940642 0.04931903 0.07681348 0.07276053 0.08014825 0.02733920
0.04408258 0.00673808 0.00086219 0.00877014 0.05800922 0.23119901 0.10823568 0.29919835 0.04473388 0.08163030 0.07147218 0.07838931 0.02543750
0.04132264 0.00863093 0.00202343 0.01004321 0.04180644 0.22847179 0.10188022 0.29883441 0.04176148 0.09468658 0.07419540 0.08041138 0.03023552
0.03829871 0.00842475 0.00164206 0.01246054 0.03953182 0.23323663 0.09841222 0.30036470 0.04486137 0.08887060 0.06932427 0.07973388 0.05079712
0.03490099 0.00558692 0.00235852 0.00671398 0.03743134 0.22891951 0.09509774 0.29925566 0.04599958 0.08037115 0.07213274 0.07988338 0.02840895
0.03197449 0.01275668 0.00159367 0.01414634 0.03871032 0.23333497 0.10222621 0.30056664 0.04688211 0.07287112 0.06949670 0.08657116 0.03503745
0.03048984 0.01410886 0.00187262 0.01499137 0.05416331 0.23043114 0.09818084 0.29991786 0.04439743 0.07053351 0.07458941 0.07918720 0.03276431
0.02875070 0.00848051 0.00187785 0.00739357 0.06036303 0.22851113 0.09686426 0.29941512 0.04519843 0.07476480 0.07789695 0.08112499 0.03190995
0.02921499 0.00809530 0.00101641 0.00805641 0.05772280 0.22916114 0.10465116 0.30122335 0.04641016 0.08375897 0.06492606 0.08060870 0.05479612
0.02657399 0.00652363 0.00367878 0.00552030 0.03492239 0.22816736 0.09353041 0.30174025 0.04563211 0.08984185 0.08225960 0.08207759 0.02960720
0.02798225 0.01072807 0.00318708 0.00926007 0.05071184 0.22787617 0.10656696 0.30262353 0.04716089 0.09464040 0.06904958 0.07875165 0.03376042
0.03008192 0.00698727 0.00123928 0.00785620 0.04266808 0.22898542 0.10423560 0.30387806 0.04920964 0.08404496 0.07306252 0.07876938 0.02621145
0.03031102 0.00330272 0.00134229 0.00527822 0.04670949 0.22647911 0.10124110 0.30250584 0.04951032 0.07808019 0.07546671 0.08031621 0.02852808
0.03234747 0.00460374 0.00118356 0.00330464 0.03657800 0.22858476 0.10120169 0.30155370 0.05993919 0.07661499 0.07334941 0.07903435 0.02564648
0.03258471 0.00497052 0.00079405 0.00549731 0.04142181 0.22341440 0.10343184 0.29975577 0.05091930 0.07491406 0.07199995 0.07739962 0.02570458
0.03304670 0.00979733 0.00113302 0.01220769 0.02971039 0.22856556 0.09637020 0.29939008 0.04373104 0.08301109 0.07811759 0.08258782 0.02953671
0.03400048 0.00574753 0.00147402 0.00549488 0.03178890 0.22354545 0.09812744 0.29699004 0.04423308 0.09192550 0.06666551 0.07857970 0.02911618
0.03525602 0.00484982 0.00084130 0.00579307 0.03956812 0.22913136 0.09575412 0.29730649 0.03980407 0.09805090 0.06814664 0.08177255 0.02835654
0.03534010 0.00787090 0.00142650 0.00680636 0.02589556 0.22437677 0.09727559 0.29689642 0.04377412 0.08902295 0.07170187 0.07749613 0.02407864
0.03388477 0.00421072 0.00094170 0.00551029 0.02799595 0.22649281 0.09687695 0.29838024 0.05519543 0.07623132 0.07370147 0.07941086 0.02747455
0.03258054 0.00335269 0.00102306 0.00096577 0.00381695 0.22946222 0.09500928 0.29925091 0.05674262 0.07201672 0.08075622 0.07841755 0.02460507
0.03175474 0.00214920 0.00134386 0.00071567 0.03971959 0.22640110 0.10537777 0.30116806 0.04734575 0.07674070 0.07638931 0.08045075 0.02557776
0.03149965 0.00771984 0.00110834 0.01080368 0.03088821 0.22810152 0.10086670 0.30011955 0.04580123 0.08335139 0.07467793 0.07883463 0.02660962
0.03067629 0.00299323 0.00099885 0.00531569 0.04122242 0.22464366 0.10359988 0.30343952 0.04528031 0.08475867 0.07708729 0.08026008 0.03224652
0.02886781 0.01106848 0.00094452 0.01052034 0.04722043 0.22553664 0.10677333 0.30260460 0.04412331 0.08479542 0.07683285 0.07899769 0.03498740
0.02769000 0.00600640 0.00118951 0.00886665 0.02342926 0.22397921 0.10290597 0.30036067 0.04956036 0.08760974 0.06779204 0.08062578 0.05088763
0.02683143 0.00399524 0.00147482 0.00635578 0.04891535 0.22555433 0.09383399 0.30090561 0.05138474 0.09287869 0.07727835 0.07946358 0.03005906
0.02642921 0.00591474 0.00416541 0.00626969 0.04755065 0.22326290 0.10349380 0.30033406 0.05151825 0.08744729 0.07217647 0.08229290 0.04051150
0.02668884 0.00831509 0.00201796 0.01041940 0.05217425 0.22576154 0.09432741 0.30103421 0.05366553 0.08812737 0.07828364 0.07950012 0.03118603
0.02736460 0.00741276 0.00111713 0.01088087 0.05975136 0.22576864 0.09692701 0.29987972 0.05858703 0.08703156 0.08165656 0.07936515 0.03172966
0.02787687 0.00441296 0.00102643 0.00428552 0.03985225 0.22632195 0.10071884 0.29981430 0.06061175 0.09440444 0.07482175 0.08230411 0.02897672
0.02745095 0.00691653 0.00098290 0.00957662 0.04705149 0.22482265 0.09753287 0.30007962 0.04975025 0.09275647 0.07633911 0.07998365 0.04485370
0.02835504 0.00373766 0.00073083 0.00697951 0.02262895 0.22545576 0.10369476 0.29899198 0.04860368 0.09334247 0.08372461 0.08259046 0.04380393
0.02919544 0.00768383 0.00063839 0.00848857 0.02289589 0.22621174 0.10894254 0.30191716 0.05661897 0.09389165 0.07689315 0.08127178 0.05636815
0.02859284 0.00321232 0.00126285 0.00661670 0.03399669 0.22484789 0.09966944 0.30107877 0.05399360 0.09061502 0.09021315 0.08536064 0.04481500
0.02620233 0.00831034 0.00070677 0.00866716 0.01952844 0.22596056 0.10867259 0.30528769 0.07032250 0.08421357 0.07242853 0.07960968 0.04842566
0.02489875 0.00643810 0.00079199 0.00608348 0.02386172 0.22384717 0.10138569 0.30474676 0.05977185 0.09060766 0.07719524 0.07936160 0.03516969
0.02333207 0.00351816 0.00189605 0.00229055 0.00723025 0.22273261 0.10381852 0.30679071 0.05163929 0.10161583 0.09430247 0.07779579 0.02858182
0.02317907 0.00281683 0.00147201 0.00114844 0.03086860 0.22098634 0.10237948 0.30684922 0.05665548 0.10526885 0.07922248 0.07875740 0.02808287
0.02311473 0.00783882 0.00110558 0.01009787 0.05443919 0.22095110 0.09889032 0.30600510 0.06152275 0.10297802 0.07535646 0.07961256 0.02636163
0.02377253 0.00427866 0.00105141 0.00365623 0.04054924 0.22137336 0.09683600 0.30622274 0.06626453 0.10521789 0.08714545 0.08071459 0.05171316
0.02519331 0.00986941 0.00127360 0.01285762 0.04698162 0.21893877 0.09803877 0.30365191 0.07146382 0.10661951 0.08272337 0.08165374 0.04047262
0.02599612 0.00400357 0.00148964 0.00653324 0.05342453 0.21862347 0.09707921 0.30260247 0.06122460 0.09621594 0.08236464 0.08392084 0.02560566
0.02460913 0.00668329 0.00133113 0.00804311 0.04464359 0.22119523 0.09505108 0.30119119 0.05652373 0.09918997 0.09013871 0.08390251 0.02581403
0.02431669 0.00809195 0.00115939 0.00819824 0.05829969 0.21868981 0.09898660 0.30205065 0.06365676 0.10824742 0.07886482 0.08246664 0.04143090
0.02486865 0.00777584 0.00118942 0.00674822 0.05311580 0.22428633 0.09253852 0.30396755 0.06055703 0.10572173 0.07913400 0.07940025 0.03466223
0.02315181 0.00700633 0.00137115 0.01043608 0.05184760 0.22126849 0.10192458 0.30591331 0.05957750 0.09957158 0.08158152 0.07844309 0.02373051
0.02356770 0.00338741 0.00390979 0.00087741 0.00365517 0.22376999 0.10375999 0.30667988 0.06582221 0.09748269 0.07874013 0.08409799 0.02620174
0.02398324 0.00278764 0.00388840 0.00162685 0.00585150 0.22380689 0.09847940 0.30689783 0.06932177 0.09911832 0.08950047 0.08042576 0.02580398
0.02501527 0.00252695 0.00144968 0.00044088 0.00213577 0.22383792 0.10353581 0.30531441 0.06029584 0.09841426 0.08449940 0.08113806 0.02527386
0.02699334 0.00287416 0.00310042 0.00032315 0.00296282 0.22264061 0.10227456 0.30432647 0.05968482 0.09378714 0.07236264 0.08026178 0.02634986
0.05247466 0.00790846 0.00293603 0.00972747 0.02154501 0.22892704 0.09943621 0.30442353 0.05580560 0.10327063 0.08579694 0.08360959 0.02569039
0.05350624 0.00164870 0.00157105 0.00048231 0.00080019 0.22588554 0.10955550 0.30290734 0.05933165 0.10297115 0.07681970 0.08010143 0.02560597
0.05256977 0.00130154 0.00076728 0.00033530 0.00070052 0.22860848 0.10865435 0.30304898 0.05381925 0.09696191 0.07740318 0.07876550 0.02486879
0.05315118 0.00650868 0.00063046 0.00339917 0.04529848 0.22643304 0.10599618 0.30374811 0.05807320 0.08996040 0.08201127 0.07749143 0.02582206
0.05189801 0.01057905 0.00076827 0.01491536 0.04599602 0.22507987 0.10477238 0.30352629 0.05891056 0.09610326 0.07943792 0.08138316 0.02857660
0.05136164 0.00426554 0.00083510 0.00389109 0.00670033 0.22457828 0.10438774 0.30222462 0.05936916 0.10357802 0.08780520 0.08152780 0.03465441
0.04849596 0.00533996 0.00103630 0.00506426 0.04707387 0.22284282 0.10199295 0.30297878 0.05062992 0.09216500 0.08565625 0.07930883 0.02934365
0.04654645 0.00823091 0.00144084 0.00909739 0.04455643 0.22519694 0.10448658 0.30242635 0.05844633 0.09025726 0.07212885 0.08160132 0.03543107
0.04472411 0.00324501 0.00173485 0.00301283 0.00558568 0.22431547 0.10001676 0.30288404 0.05420295 0.09639940 0.08699595 0.08252329 0.04455526
0.04518112 0.00322483 0.00144258 0.00370304 0.04358017 0.22591470 0.10368213 0.30435925 0.05792571 0.09034202 0.07961209 0.08157673 0.03510409
0.04754011 0.00539903 0.00110442 0.00577423 0.04270269 0.22550992 0.10613519 0.30512828 0.05336044 0.09040711 0.08013232 0.07896664 0.03357232
0.04983432 0.00760346 0.00210200 0.00764505 0.02604058 0.22814683 0.09878741 0.30731395 0.05407233 0.09380673 0.08520283 0.07840101 0.04261634
0.05156362 0.00744242 0.00105999 0.00604792 0.03734081 0.22418297 0.10168819 0.30630891 0.05649230 0.09830773 0.07576945 0.07702825 0.02668194
0.05254086 0.01103797 0.00086714 0.01484375 0.05374641 0.22862596 0.10600470 0.30893378 0.05308499 0.09152392 0.07461099 0.07830627 0.02702239
0.05178237 0.00821625 0.00261958 0.00413138 0.03483897 0.22482975 0.09492466 0.30619406 0.06556137 0.08489205 0.08121797 0.07912837 0.02896437
0.05056319 0.00300802 0.00076147 0.00158434 0.01577092 0.22867655 0.09922989 0.30375522 0.05527028 0.08124042 0.08155636 0.07890192 0.02848972
0.04963955 0.00572816 0.00080196 0.00452672 0.03148398 0.22689710 0.10177336 0.30172078 0.05341506 0.08560660 0.07818533 0.08109654 0.02479305
0.04861430 0.00276774 0.00109375 0.00077342 0.02676539 0.22796448 0.09741494 0.30062847 0.05232329 0.09553002 0.07553132 0.08103578 0.02370552
0.04811795 0.00606251 0.00094607 0.00517052 0.02956237 0.22595823 0.09538208 0.29966481 0.05573151 0.09484327 0.07249218 0.08142381 0.02637549
0.04673289 0.00347878 0.00084522 0.00178083 0.01911009 0.22806011 0.10293350 0.30037153 0.05288966 0.09175179 0.07305297 0.07916338 0.02406526
0.04501639 0.00450164 0.00098202 0.00558047 0.02492749 0.22903181 0.09734022 0.30379544 0.05799632 0.10100196 0.08742457 0.07851620 0.02370898
0.04360018 0.00234337 0.00132878 0.00057780 0.00248873 0.23060899 0.10165031 0.30513892 0.05821148 0.10364584 0.07787039 0.08027475 0.02445771
0.04478622 0.00447473 0.00200933 0.00316235 0.02920039 0.23181962 0.09912122 0.30464803 0.05388110 0.08754936 0.08094286 0.08231722 0.02484437
0.04586106 0.00361092 0.00128876 0.00187321 0.03276945 0.23157692 0.10118781 0.30637833 0.06620711 0.08290523 0.08166800 0.07959784 0.02521426
0.04787181 0.00661454 0.00108443 0.00505905 0.03772481 0.22963823 0.09703783 0.30583286 0.06509097 0.09297330 0.08397949 0.08182566 0.02622773
0.04881926 0.00891227 0.00169995 0.01166011 0.02677421 0.23099209 0.10188497 0.30542378 0.05296795 0.09501190 0.08090565 0.08161463 0.03111548
0.04964249 0.00643672 0.00091112 0.00753597 0.05021560 0.22797837 0.09677499 0.30543356 0.05127353 0.09473889 0.07790660 0.08175465 0.05382096
0.05027517 0.01043208 0.00066482 0.01196453 0.01692786 0.22820889 0.10329525 0.30475748 0.05196757 0.09619931 0.07646473 0.08168583 0.05424164
0.05101290 0.01278857 0.00073903 0.01201216 0.03677657 0.23065987 0.10121023 0.30512125 0.05708766 0.09256455 0.08031881 0.07889995 0.03893263
0.05069775 0.01094410 0.00054845 0.01158173 0.06727932 0.22731938 0.10564552 0.30475437 0.05961691 0.08213551 0.07790060 0.07976574 0.03578247
0.04956838 0.01105351 0.00124463 0.01408570 0.07015142 0.22951805 0.10025871 0.30529557 0.05485058 0.08580634 0.08070904 0.08115074 0.02969000
0.04925061 0.00516193 0.00104497 0.00595563 0.06245544 0.22671823 0.10288935 0.30546303 0.05144025 0.09235627 0.08019573 0.08260516 0.03482231
0.04742008 0.00965399 0.00162646 0.01009609 0.04562441 0.22850771 0.10777420 0.30422650 0.06302402 0.09962473 0.08037754 0.08235212 0.03215300
0.04668003 0.01115224 0.00123871 0.01101478 0.05194349 0.22703365 0.10237897 0.30183028 0.05380562 0.09339814 0.07652292 0.08147907 0.02845015
0.04627824 0.00391534 0.00204479 0.00305611 0.03145935 0.22818613 0.10072765 0.30254940 0.05240204 0.09385181 0.08604373 0.08143794 0.03390883
0.04651027 0.00364658 0.00173807 0.00205178 0.03806031 0.22497024 0.10860075 0.30226580 0.05779235 0.09769153 0.07660903 0.08412076 0.02537914
0.04746731 0.01542722 0.00117501 0.01345481 0.02815805 0.22437376 0.09910349 0.30273492 0.05869636 0.09738046 0.07987686 0.08092427 0.02901704
0.04569540 0.00719882 0.00136375 0.00735771 0.04269911 0.22467013 0.10117147 0.30456651 0.05408411 0.09599129 0.07715797 0.07826624 0.02658720
0.04524118 0.00500518 0.00064906 0.00777906 0.02483945 0.22232417 0.09988841 0.30722669 0.05641184 0.08722658 0.07534015 0.07899608 0.03899484
0.02964660 0.00435391 0.00140683 0.00705278 0.04088691 0.22170938 0.10090381 0.30740804 0.05756764 0.09229167 0.09160422 0.08011069 0.04766768
0.02898471 0.00395654 0.00068622 0.00500838 0.00751510 0.21969812 0.11138717 0.30835116 0.05670302 0.08396116 0.09185603 0.07965930 0.02993571
0.02980638 0.00247743 0.00118667 0.00436315 0.00349738 0.21980133 0.10803620 0.30729673 0.05765282 0.08162160 0.08472453 0.08182911 0.04622301
0.02999541 0.00401998 0.00082087 0.00768699 0.03657145 0.22087547 0.10093479 0.30427963 0.05780099 0.09228335 0.07774531 0.08033207 0.03908884
0.02957269 0.00406037 0.00302786 0.00222841 0.00450290 0.22168543 0.09677842 0.30395938 0.05950415 0.10402817 0.07680399 0.08159240 0.04070252
0.03013943 0.00838197 0.00140850 0.01047912 0.03689351 0.22528366 0.09758799 0.30098953 0.05136395 0.10695967 0.07699949 0.08300693 0.02841182
0.03211757 0.00222721 0.00087533 0.00257103 0.04545333 0.22497399 0.09417119 0.30181508 0.05590707 0.10329834 0.07421494 0.07928275 0.03304873
0.03361552 0.00914963 0.00062556 0.01287911 0.03804024 0.22710963 0.09627232 0.30254619 0.05328561 0.09836986 0.08362966 0.07873292 0.03063304
0.03422256 0.00421143 0.00056767 0.00481401 0.03938696 0.22916341 0.10017293 0.30365213 0.05995074 0.09551285 0.07907440 0.08100753 0.02366504
0.03407262 0.00614367 0.00129422 0.00630746 0.04594789 0.23018904 0.10036882 0.30508821 0.05659005 0.09121401 0.08233224 0.07997724 0.03215293
0.03272335 0.00387475 0.00053753 0.00265251 0.04279009 0.23173782 0.09176401 0.30600751 0.06503641 0.08789580 0.08028950 0.07975990 0.03231397
0.03089617 0.00672767 0.00116044 0.00828083 0.04170480 0.23084753 0.09572699 0.30490595 0.05484759 0.09276697 0.07810029 0.08609967 0.02626147
0.02937512 0.00511011 0.00128934 0.00428639 0.05189180 0.23387179 0.08959518 0.30441644 0.05951687 0.09972401 0.07760443 0.08175579 0.02692639
0.02799135 0.00562380 0.00123787 0.00709228 0.04275777 0.23065964 0.09649688 0.30276232 0.05883968 0.10262717 0.07594402 0.08458455 0.02464588
0.02830686 0.00615370 0.00119201 0.00764131 0.03130233 0.23209525 0.09289433 0.30318561 0.05395855 0.09350623 0.07780136 0.08040072 0.02581971
0.02948725 0.01046649 0.00088041 0.01033669 0.04912286 0.23296652 0.09996732 0.30387106 0.05591228 0.09002107 0.08076222 0.07937139 0.02325798
0.02927334 0.00299936 0.00100319 0.00341009 0.00414222 0.23169165 0.10220607 0.30436837 0.05914202 0.09638696 0.08141441 0.07810887 0.02746268
0.02969193 0.00352608 0.00258453 0.00318546 0.02928552 0.23034136 0.09796051 0.30382402 0.06137015 0.08841769 0.07965026 0.07850126 0.03406448
0.03020106 0.00385494 0.00128512 0.00056942 0.00485165 0.22860572 0.10029160 0.30386698 0.05764991 0.08424687 0.08920655 0.07951968 0.02502641
0.03174382 0.00414832 0.00082295 0.00517722 0.02387651 0.22524680 0.09843394 0.30253913 0.05799373 0.09806021 0.07999223 0.07932632 0.02560778
0.03186253 0.00356584 0.00070149 0.00204598 0.02759024 0.22367515 0.10334036 0.30073237 0.05603486 0.11028578 0.07599074 0.07919822 0.02613676
0.03112969 0.00379920 0.00077336 0.00367820 0.03519703 0.22195799 0.10248097 0.30167761 0.04724903 0.10379732 0.08659552 0.08057664 0.02557446
0.03039004 0.00465938 0.00079504 0.00342072 0.02738669 0.21871297 0.10027011 0.30254233 0.05917838 0.09456208 0.07617768 0.08053835 0.02536908
0.03079101 0.00833691 0.00075995 0.00906297 0.04456061 0.22038272 0.10029090 0.30554564 0.06409413 0.08766375 0.08227272 0.08032326 0.02647751
0.02999607 0.01319682 0.00074028 0.01430061 0.04138521 0.21559886 0.09703337 0.30687903 0.06312827 0.08128166 0.09311348 0.07873810 0.02446847
0.02772298 0.00343336 0.00068349 0.00551875 0.03597265 0.22316758 0.10220418 0.30852008 0.06867453 0.07686820 0.07576693 0.08139873 0.02902451
0.02607006 0.00611452 0.00074197 0.00618787 0.03152771 0.21794563 0.09786921 0.30735456 0.05369197 0.09015357 0.08838202 0.07758675 0.02940757
0.02549532 0.00704554 0.00073741 0.00789853 0.07234510 0.22180103 0.09767654 0.30880903 0.05038234 0.10507832 0.07530494 0.08103954 0.03987262
0.02542238 0.00548118 0.00137960 0.00494858 0.05248484 0.22358384 0.10400846 0.30619259 0.04896430 0.11350275 0.06958693 0.07901076 0.02571188
0.02667783 0.00553216 0.00126905 0.00517482 0.05065639 0.22598185 0.09249150 0.30631454 0.04761285 0.10441509 0.07879966 0.07992517 0.02656017
0.02674964 0.00280526 0.00084061 0.00475835 0.04494199 0.22915793 0.10485042 0.30306673 0.05626168 0.08614480 0.07226199 0.08062608 0.02571092
0.02825232 0.00468487 0.00116964 0.00414834 0.03250604 0.23437315 0.09891991 0.30283390 0.06008819 0.07906943 0.07861952 0.08029766 0.02446701
0.02977126 0.00785863 0.00087941 0.01054600 0.05823589 0.23890181 0.08787911 0.30266993 0.05187356 0.07226598 0.09218357 0.07915302 0.02487983
0.02991568 0.00504454 0.00068180 0.00660589 0.05004189 0.24056026 0.09920313 0.30309687 0.05653033 0.07143106 0.07151912 0.07944893 0.02523957
0.02942992 0.00759159 0.00073159 0.00990052 0.06354488 0.23827269 0.09351332 0.30219322 0.05555168 0.08233545 0.07665390 0.07921510 0.02502909
0.02881074 0.00514544 0.00189768 0.00442317 0.04879632 0.23886915 0.09533993 0.30228248 0.05518164 0.10043999 0.07561740 0.08114201 0.02367548
0.02857148 0.00816922 0.00159067 0.00759007 0.04224698 0.23778914 0.09712291 0.30173221 0.04931506 0.09970557 0.06696459 0.07902382 0.02710146
0.02790422 0.00461529 0.00228866 0.00531323 0.02783528 0.23955395 0.09872228 0.30239041 0.04253445 0.09074062 0.07415504 0.07977436 0.03605307
0.02916516 0.00159714 0.00157045 0.00198271 0.01390077 0.23759850 0.10073783 0.30043025 0.04936243 0.08439070 0.07907115 0.08035934 0.02541677
0.03181606 0.00212737 0.00093791 0.00383145 0.01544432 0.23456642 0.09803428 0.30148488 0.05861949 0.07840597 0.07647294 0.07874455 0.03196251
0.03351494 0.00416498 0.00081789 0.00163583 0.00967116 0.23484723 0.09587183 0.30057283 0.05356480 0.07424903 0.08337096 0.07948448 0.02498465
0.03354847 0.00740367 0.00094257 0.00466462 0.01824896 0.23059429 0.09995043 0.30422606 0.05232441 0.08848190 0.07177218 0.07767721 0.02543799
0.03304603 0.00293949 0.00144535 0.00384013 0.02472029 0.23214339 0.10137542 0.30483269 0.04910597 0.10312396 0.07382132 0.08001353 0.04950553
0.03207310 0.00614964 0.00151164 0.00916849 0.03428800 0.23091910 0.10117818 0.30598503 0.04599096 0.09844135 0.07893153 0.08037577 0.04342604
0.03049317 0.00350806 0.00356257 0.00588879 0.03319817 0.22650463 0.10624914 0.30556159 0.04688579 0.09277697 0.07402632 0.08134023 0.03099785
0.02972658 0.00779289 0.00159033 0.00907901 0.02919844 0.22670591 0.10664234 0.30488319 0.04879454 0.08601268 0.08055056 0.08246019 0.03428314
0.02979571 0.00207706 0.00158682 0.00182244 0.03400910 0.22385825 0.10771796 0.30451177 0.05500369 0.08315637 0.07883787 0.07993038 0.02660330
0.03043781 0.00735177 0.00163367 0.00779574 0.04441754 0.22225812 0.11161958 0.30289139 0.06190256 0.08742672 0.07778786 0.08198769 0.02734213
0.03095618 0.01171713 0.00167243 0.01329031 0.04115782 0.22273410 0.09575172 0.30460314 0.05686141 0.08142081 0.08249940 0.08125455 0.02693787
0.03130367 0.00545393 0.00327944 0.00865703 0.05512779 0.21932433 0.10192347 0.30383042 0.05107737 0.08679440 0.08237781 0.08023873 0.02571514
0.03176942 0.00622433 0.00172505 0.00762007 0.07375349 0.22327036 0.10499808 0.30560633 0.05119042 0.09814090 0.07545459 0.07955658 0.02609709
0.03119294 0.00559345 0.00084916 0.00450415 0.04215097 0.22532535 0.09915327 0.30569328 0.04938842 0.09807298 0.07962340 0.07857560 0.02470756
0.03045541 0.01348601 0.00086269 0.01514487 0.03861472 0.22737734 0.09909738 0.30689979 0.05479697 0.09836149 0.07270878 0.08221274 0.04800036
0.02910325 0.00306057 0.00107206 0.00505964 0.02680237 0.22933289 0.10249915 0.30714101 0.05268327 0.08635856 0.07851761 0.08136335 0.02795198
0.02857194 0.00958191 0.00238069 0.01212445 0.03145351 0.23381821 0.09814761 0.30718538 0.05401822 0.08698754 0.08460310 0.08272246 0.03643201
0.02850984 0.00351114 0.00112400 0.00642827 0.02916486 0.23753862 0.09851678 0.30584066 0.05775563 0.08535739 0.08627997 0.08088854 0.02664669
0.03060377 0.00707458 0.00180867 0.00799973 0.03537933 0.23676379 0.10326470 0.30673013 0.05402838 0.08292635 0.07599422 0.08192922 0.02792820
0.03151323 0.00360777 0.00124283 0.00482320 0.06612205 0.23860153 0.09454291 0.30431386 0.05114564 0.09381587 0.08274502 0.07891963 0.02694240
0.03161647 0.01276651 0.00084498 0.01260559 0.05204639 0.23892761 0.10091253 0.30560194 0.04894561 0.10699048 0.07245884 0.07919756 0.04278504
0.03160271 0.00596915 0.00145278 0.00512479 0.04290530 0.23822787 0.09247311 0.30501746 0.04978228 0.11448597 0.07484360 0.07835989 0.02820903
0.03061438 0.00602333 0.00123537 0.00573890 0.03775513 0.23960506 0.09704995 0.30510678 0.06079276 0.09894834 0.06845407 0.08171366 0.03621587
0.02928700 0.00380898 0.00086957 0.00625682 0.04450388 0.23601578 0.09806972 0.30441369 0.05142435 0.08692939 0.08076270 0.07826722 0.02576131
0.02775766 0.00539566 0.00100616 0.00506432 0.03126457 0.23591286 0.09937353 0.30504257 0.05876754 0.07817407 0.08058686 0.08318694 0.03021895
0.02752210 0.00463457 0.00117106 0.00511020 0.04840104 0.23570916 0.09548266 0.30387869 0.05985871 0.06813463 0.08314188 0.07911076 0.02800641
0.02750334 0.00440267 0.00081525 0.00636256 0.03610875 0.23290708 0.09934839 0.30461390 0.05641697 0.07419520 0.08046836 0.08240788 0.03633903
0.02712862 0.00300298 0.00101149 0.00442476 0.02681706 0.23124990 0.10007122 0.30419702 0.05255052 0.09643533 0.08332011 0.08102700 0.02644527
0.02609570 0.00708106 0.00151539 0.00791643 0.04149393 0.22848031 0.10994383 0.30574328 0.05278584 0.11547873 0.06634639 0.07939230 0.02439966
0.02423051 0.00841931 0.00141033 0.00501317 0.02466112 0.22752688 0.09827323 0.30643606 0.04387015 0.11751045 0.07861200 0.07825794 0.03096579
0.02387577 0.01148387 0.00157236 0.01269101 0.04634454 0.22666047 0.10416463 0.30925456 0.05835600 0.10509973 0.07003755 0.07971370 0.02845503
0.02399236 0.01089888 0.00141348 0.00957919 0.03963030 0.22384587 0.10168085 0.30758073 0.06009604 0.09503385 0.08166892 0.08146270 0.03068847
0.02460398 0.00704458 0.00346040 0.00875527 0.04674068 0.22536676 0.11301689 0.30977077 0.06340158 0.08345138 0.08596470 0.09289483 0.02644644
0.02502023 0.00384750 0.00215084 0.00425048 0.03828276 0.22325102 0.10375823 0.30562352 0.06334792 0.08038436 0.08936431 0.08047095 0.03120895
0.02749657 0.00757055 0.00198843 0.00635599 0.02194617 0.22316330 0.10590790 0.30450000 0.06771903 0.07879418 0.07792386 0.08381651 0.02525697
0.02913450 0.00344467 0.00082536 0.00192674 0.03977275 0.22193678 0.10478822 0.30354085 0.05646852 0.09454730 0.09017167 0.08007782 0.02731313
0.03107206 0.01379761 0.00082681 0.01350272 0.01331796 0.22481804 0.10060528 0.30404108 0.05942392 0.10918907 0.08043176 0.07978246 0.02570341
0.05415805 0.00781285 0.00110504 0.00718687 0.02501467 0.22398932 0.09257960 0.30256159 0.04936642 0.11322776 0.07668899 0.07926124 0.03783948
0.05283963 0.00722151 0.00114338 0.00964685 0.05205446 0.22856938 0.09655036 0.30347820 0.05055180 0.10653026 0.07125343 0.07950225 0.03010174
0.05238660 0.00402989 0.00197222 0.00408196 0.03002445 0.22805512 0.09266419 0.30385444 0.05652329 0.09585334 0.07488984 0.08210764 0.02613677
0.05011170 0.00785476 0.00156888 0.01172306 0.01806877 0.23302781 0.10097605 0.30445818 0.05744418 0.08425176 0.07674732 0.07967965 0.02941352
0.04634756 0.00612821 0.00304099 0.00581282 0.03786810 0.23302822 0.10265325 0.30538828 0.06286465 0.08206354 0.08390772 0.07981614 0.02607649
0.04280449 0.00556480 0.00311078 0.00457212 0.05519229 0.23740498 0.09871822 0.30703582 0.05570837 0.08485383 0.07571639 0.08226799 0.02417935
0.03404887 0.00529029 0.00165476 0.00614412 0.04130051 0.23596535 0.09400537 0.30472839 0.05586319 0.08755950 0.08136538 0.08026668 0.03629151
0.03620021 0.00716367 0.00156865 0.00758814 0.04245976 0.23815734 0.09367915 0.30399669 0.05289474 0.09797993 0.07190876 0.08010519 0.02858155
0.03668592 0.01012699 0.00096252 0.01185664 0.05177359 0.23625723 0.08920851 0.30225030 0.04639318 0.10112045 0.07736280 0.07887584 0.02644245
0.03524466 0.00415813 0.00088439 0.00593856 0.01929635 0.23638750 0.09497047 0.30134430 0.04633190 0.10470185 0.07488571 0.07877139 0.03096226
0.03333764 0.01090360 0.00179046 0.01329842 0.04656049 0.23873683 0.09934193 0.30271495 0.05339349 0.09548031 0.06771866 0.07998809 0.03101944
0.03224518 0.00327659 0.00520065 0.00345734 0.04099375 0.23454556 0.09658252 0.30127078 0.05900552 0.08328106 0.07482972 0.08716539 0.02971390
0.03178879 0.01211277 0.00179743 0.00970773 0.03542246 0.23398261 0.09718455 0.30236533 0.05554502 0.07219074 0.07988727 0.08316020 0.02674690
0.03313012 0.00658899 0.00144241 0.00565971 0.05316517 0.23134235 0.08932843 0.30078598 0.05812507 0.07883536 0.07686333 0.07910200 0.03154614
0.03490104 0.00466848 0.00099359 0.00530475 0.03727418 0.22980843 0.09097254 0.30080929 0.05430606 0.08631228 0.07923368 0.08201319 0.02194684
0.03350700 0.00313686 0.00112878 0.00616048 0.02575613 0.23058039 0.09352836 0.30230412 0.04601564 0.09575083 0.07607366 0.07947093 0.03622579
0.03338960 0.00299823 0.00103433 0.00354392 0.03612100 0.22942551 0.09726348 0.30309551 0.04602379 0.10429568 0.06811871 0.07884360 0.02325494
0.03243682 0.01142933 0.00106195 0.01185092 0.03997651 0.22940713 0.09874921 0.30421734 0.04355887 0.09579046 0.07440150 0.07761476 0.03201834
0.03065979 0.00422737 0.00084081 0.00672899 0.03616331 0.22986166 0.10096543 0.30582924 0.04600919 0.08576851 0.07367227 0.07922674 0.04072524
0.02867242 0.00347416 0.00069212 0.00601771 0.02935739 0.22815532 0.09581616 0.30676101 0.05327441 0.07511117 0.08397305 0.07968804 0.05048086
0.02586874 0.00462050 0.00171961 0.00628028 0.02931265 0.22938615 0.10233195 0.30725021 0.05200318 0.07294819 0.07678506 0.08072890 0.03657205
0.02462962 0.00536969 0.00115687 0.00562286 0.03800775 0.22843512 0.09875457 0.30558411 0.04954210 0.07472441 0.07871646 0.08089268 0.03533718
0.02251966 0.00889959 0.00125590 0.00826466 0.02645927 0.22907836 0.10118028 0.30546784 0.05054569 0.08736336 0.07626619 0.07939651 0.03589150
0.02273522 0.00652963 0.00287259 0.00672737 0.04120215 0.22532223 0.10174809 0.30253322 0.04727681 0.09839291 0.07897223 0.07856609 0.02711197
0.02265135 0.00261194 0.00155402 0.00322837 0.01131987 0.23062084 0.10247244 0.30129407 0.04021634 0.10030273 0.06760300 0.08025681 0.02980104
0.02252364 0.00230894 0.00140701 0.00275057 0.00331386 0.22943728 0.09817392 0.29953627 0.04100038 0.09385271 0.07356608 0.07824023 0.03549501
0.02420467 0.00146148 0.00079964 0.00193859 0.00172193 0.23315289 0.10122896 0.30060517 0.05049990 0.08298984 0.07117246 0.08043646 0.02756576
0.02468725 0.00325666 0.00199650 0.00287634 0.05168772 0.23161298 0.09498386 0.30169538 0.06127153 0.07371111 0.07845774 0.08012234 0.02557749
0.02505932 0.00761369 0.00341224 0.00660457 0.04821541 0.23898848 0.10759275 0.30398615 0.05165885 0.06441819 0.07411602 0.08665060 0.04007667
0.02565108 0.00984527 0.00061410 0.00889128 0.05096457 0.23526923 0.10012351 0.30496892 0.04893865 0.06606302 0.08223980 0.07915408 0.02855927
0.02591057 0.00362119 0.00222556 0.00366737 0.02755806 0.23860922 0.10797835 0.30644587 0.04730660 0.07766866 0.07434633 0.08252567 0.03063170
0.02619261 0.00341248 0.00124199 0.00251672 0.03126448 0.23441636 0.10119352 0.30491556 0.04762776 0.09231644 0.07726434 0.07850555 0.03308355
0.02674626 0.00713242 0.00097276 0.00148934 0.00229750 0.23732958 0.10582777 0.30642490 0.05472753 0.09451406 0.06577310 0.07934400 0.02930254
0.02726906 0.00342779 0.00073776 0.00206475 0.03738094 0.23749573 0.09985646 0.30346973 0.05460171 0.08801720 0.07090072 0.07882979 0.02745331
0.02739796 0.00561835 0.00067513 0.00539160 0.04907812 0.23278093 0.10446747 0.30344332 0.04899504 0.07480129 0.07777114 0.08054494 0.02955219
0.02815650 0.01333637 0.00098777 0.01346187 0.03892167 0.23429634 0.09586715 0.30090392 0.04990632 0.07152676 0.08570159 0.08133929 0.02600981
0.02824392 0.00355826 0.00182537 0.00505781 0.03002292 0.22972794 0.10017042 0.30141223 0.06572878 0.06650681 0.07565423 0.08122381 0.02640695
0.02832774 0.00786872 0.00115984 0.00947346 0.04614332 0.22902008 0.09452141 0.29926219 0.05458303 0.07713714 0.08078672 0.08068394 0.02491264
0.02782250 0.01110786 0.00150274 0.01002312 0.06353304 0.22812019 0.09365572 0.30087643 0.05839561 0.08619113 0.06697056 0.08259230 0.02631200
0.02785473 0.00533562 0.00110254 0.00771434 0.04808591 0.23034847 0.09263282 0.29994549 0.04184340 0.08929091 0.07455701 0.07822206 0.03348446
0.02859481 0.00871538 0.00149171 0.00874467 0.05092437 0.22828737 0.10589701 0.29926720 0.04034053 0.09348171 0.06545291 0.07837674 0.02607495
0.02923603 0.00344573 0.00451459 0.00295722 0.03770417 0.23095549 0.09752731 0.29939932 0.04959948 0.08604452 0.07400556 0.07968659 0.03415944
0.03033613 0.00601142 0.00233474 0.00952111 0.03304795 0.22605058 0.10758058 0.30046486 0.04963569 0.07188763 0.07311862 0.07982288 0.02732609
0.03293354 0.00477545 0.00170791 0.00598389 0.03561700 0.22778976 0.10049266 0.29966096 0.04863770 0.06679158 0.08795439 0.08038313 0.02917505
0.03572367 0.00930390 0.00138717 0.01150226 0.05841387 0.22599944 0.10170017 0.30128075 0.05438492 0.07046063 0.07329001 0.07974676 0.02764701
0.03740479 0.00539920 0.00175906 0.00618255 0.03794567 0.22641522 0.10160030 0.30011852 0.05480808 0.08638036 0.07717904 0.08001434 0.02564104
0.03754203 0.00836535 0.00099474 0.01047709 0.02592784 0.22661848 0.10501227 0.30135118 0.04737887 0.08706396 0.06847011 0.08184279 0.02686723
0.03821402 0.00799428 0.00080907 0.00753158 0.03988540 0.22453540 0.09991965 0.29948127 0.04137419 0.09739110 0.07178915 0.07805103 0.02500898
0.03815419 0.00558267 0.00100143 0.00654193 0.04216404 0.22411023 0.09757619 0.29927587 0.04449204 0.09369205 0.06717677 0.07915471 0.03840405
0.03706945 0.00414406 0.00082898 0.00530046 0.02987708 0.22341266 0.09650685 0.29782987 0.04531320 0.08030105 0.07377480 0.08035674 0.03202720
0.03473464 0.00402372 0.00073490 0.00371593 0.02663448 0.22499735 0.09947671 0.29696127 0.05128098 0.06942273 0.07130798 0.07993637 0.03646461
0.03076759 0.00428810 0.00078291 0.00320756 0.02260713 0.22363424 0.10212178 0.29746296 0.05447497 0.07039127 0.08053703 0.07973836 0.02743224
0.02902973 0.00376824 0.00109123 0.00224497 0.00281378 0.22410545 0.09987641 0.29800544 0.05726117 0.07310672 0.08212404 0.08070917 0.03520963
0.02668207 0.00402587 0.00121366 0.00432922 0.03044085 0.22634529 0.10420000 0.29749068 0.04271492 0.07714274 0.07909034 0.08005435 0.02587843
0.02518691 0.00111622 0.00298056 0.00065814 0.00119732 0.22503020 0.10249964 0.30042496 0.03994026 0.09283739 0.06838382 0.08180033 0.02803736
0.02550806 0.00220533 0.00150217 0.00298072 0.03457280 0.22813063 0.10095181 0.29802087 0.03985850 0.09218125 0.06763289 0.07883811 0.02414248
0.02749691 0.00841548 0.00095903 0.00929815 0.03851684 0.22820271 0.09879840 0.30204027 0.04343331 0.08785655 0.07100036 0.07825891 0.02677548
0.02961236 0.00539370 0.00249597 0.00625918 0.04736775 0.23254221 0.09786037 0.30332618 0.04506410 0.07656259 0.07415711 0.08172298 0.02660761
0.03084241 0.00395170 0.00156522 0.00718662 0.02393689 0.23198764 0.09435952 0.30164528 0.04797927 0.07105972 0.07817504 0.08053940 0.04907415
0.03248486 0.00400875 0.00101657 0.00313116 0.00515649 0.23144466 0.10823320 0.30181867 0.06057550 0.07411060 0.07267566 0.07891892 0.03250293
0.03167507 0.00778612 0.00071770 0.00773265 0.03680759 0.23166709 0.10044499 0.30079484 0.04992203 0.07815944 0.08145822 0.07980236 0.02565918
0.03136185 0.00712933 0.00114562 0.00529321 0.03914719 0.23019075 0.10244799 0.30002134 0.04666610 0.08178772 0.06942917 0.07832234 0.03052517
0.02955189 0.00458646 0.00094565 0.00471529 0.04379834 0.23028379 0.09703978 0.29882056 0.05092846 0.09053910 0.07115415 0.08182236 0.02639331
0.02716092 0.00810421 0.00088011 0.00707471 0.03473446 0.23110715 0.10279075 0.29981340 0.04609719 0.09356852 0.06831068 0.07865749 0.02757103
0.02205236 0.00776435 0.00088034 0.00697968 0.05086851 0.22987369 0.09608640 0.29904399 0.05310551 0.08655533 0.07284580 0.07985340 0.03473487
0.02186328 0.00485593 0.00093581 0.00806211 0.04073185 0.23065010 0.10839691 0.30018085 0.04806859 0.07689478 0.06866955 0.07922961 0.02736085
0.02178582 0.00395406 0.00090436 0.00515710 0.04548184 0.22967580 0.09266835 0.30054042 0.04978020 0.07900665 0.08180385 0.08075989 0.03628990
0.02227683 0.00683998 0.00162659 0.00870425 0.05031226 0.23084665 0.10195015 0.30027177 0.06103671 0.07948115 0.07124081 0.08088586 0.02434241
0.02257011 0.00688341 0.00188098 0.00990285 0.03307372 0.23169674 0.09872453 0.30118190 0.05051857 0.08769982 0.08230916 0.07892106 0.03213887
0.02295775 0.00240046 0.00085528 0.00062218 0.00394303 0.23025241 0.10392803 0.30085851 0.05059842 0.08809856 0.07646118 0.07874697 0.02554558
0.02361976 0.00255302 0.00067066 0.00193469 0.00356015 0.22932522 0.10994530 0.30128411 0.04782639 0.09237617 0.07795268 0.07874142 0.02849622
0.02362299 0.00158176 0.00081771 0.00048712 0.00107152 0.22866822 0.10584488 0.30196310 0.05075124 0.09331706 0.07128982 0.07979642 0.02643803
0.02883712 0.00751769 0.00115108 0.00765049 0.04556759 0.22662106 0.09636934 0.30264022 0.05664931 0.08765297 0.07465555 0.08023696 0.03606025
0.02935569 0.00402063 0.00141300 0.00299028 0.05285285 0.22642101 0.10437339 0.30220275 0.05947175 0.07739016 0.07409341 0.08030793 0.02680242
0.02893745 0.00409299 0.00141215 0.00474855 0.03488825 0.22563460 0.10041848 0.30078652 0.05878872 0.07795033 0.08305691 0.07998399 0.02569150
0.02950866 0.00742428 0.00311729 0.01029051 0.02677203 0.22705534 0.10141639 0.30012978 0.05095272 0.08561315 0.07588170 0.08359036 0.04444857
0.03164640 0.00406981 0.00202776 0.00515276 0.02850234 0.22377579 0.10008785 0.29654461 0.04429972 0.08448390 0.08232112 0.07702887 0.02446030
0.03306656 0.00296385 0.00092771 0.00079206 0.00162138 0.22570296 0.09678779 0.29649603 0.05159467 0.09235680 0.07262901 0.07753764 0.03414688
0.03780112 0.00208213 0.00062846 0.00212484 0.00220799 0.22473425 0.09870007 0.29523467 0.04784383 0.09586900 0.07339414 0.07663422 0.02664085
0.03727162 0.00346681 0.00057470 0.00355173 0.04089609 0.22540885 0.09983198 0.29636836 0.04744255 0.08837628 0.07270963 0.08115371 0.02744308
0.03764707 0.00965002 0.00057110 0.00908559 0.03405522 0.22604462 0.09906564 0.29836271 0.04967122 0.08178379 0.07761414 0.08124401 0.02920045
0.03750251 0.00705784 0.00064586 0.00899828 0.05743539 0.22693721 0.10616557 0.30026029 0.05091624 0.07431802 0.07403960 0.07980445 0.02592591
0.03541096 0.00489643 0.00100112 0.00432320 0.05282653 0.22831596 0.09896456 0.30040742 0.05281046 0.07207015 0.07905543 0.07934239 0.02897319
0.03276658 0.00738555 0.00163253 0.00718780 0.05132913 0.22585792 0.09873742 0.30050292 0.05043854 0.07727800 0.07096609 0.08044435 0.04380347
0.03230609 0.00366490 0.00208036 0.00481015 0.06227269 0.22687695 0.10006021 0.29846103 0.04476550 0.08327494 0.07431899 0.08177409 0.02795455
0.03397988 0.00817890 0.00131167 0.00740984 0.03191377 0.22523555 0.09635546 0.29824899 0.05399249 0.08701300 0.07752690 0.07887519 0.02626798
0.03584934 0.00445253 0.00111953 0.00323523 0.03971374 0.23036829 0.09630455 0.29804146 0.05909987 0.08117343 0.07569263 0.07972756 0.03308480
0.03670171 0.00887757 0.00076886 0.01155227 0.04856645 0.22584949 0.09639533 0.29772715 0.04757005 0.07690349 0.07200600 0.08038271 0.03200791
0.03648315 0.01340396 0.00071172 0.01322762 0.04038591 0.22898283 0.09266648 0.29863778 0.04933915 0.08036469 0.07179409 0.08001970 0.03938389
0.03592615 0.00738141 0.00053990 0.00790524 0.04581705 0.22471304 0.09559155 0.29704821 0.05372919 0.08325893 0.07027039 0.08109619 0.03666360
0.03447120 0.00945409 0.00054639 0.01215291 0.05558053 0.22755941 0.09627055 0.29778413 0.05038473 0.07523156 0.07456569 0.07895734 0.03075199
0.03194790 0.00591079 0.00186633 0.00775452 0.05519144 0.22674837 0.10640802 0.29573579 0.04839783 0.07894960 0.06579711 0.07871130 0.03633629
0.02862694 0.01468086 0.00107218 0.01582121 0.03214422 0.22577249 0.10353851 0.29540823 0.04881267 0.07594433 0.07787407 0.08167657 0.02568903
0.02641707 0.00917740 0.00118205 0.00659748 0.04463188 0.22605540 0.10100683 0.29724444 0.05362052 0.08472066 0.07167657 0.08133515 0.03541434
0.02521685 0.00765501 0.00115304 0.00937298 0.06376041 0.22245983 0.09635647 0.29739641 0.04548818 0.07828028 0.07696507 0.07964305 0.02889872
0.02504038 0.00716864 0.00138443 0.01036321 0.05406815 0.22408718 0.10153601 0.29852676 0.04500865 0.08248507 0.06755293 0.07979239 0.03663150
0.02483694 0.00305727 0.00100035 0.00433807 0.03833027 0.22154680 0.10522515 0.29875954 0.04536252 0.08189915 0.07096764 0.08131982 0.04023264
0.02556194 0.00706246 0.00088822 0.00901966 0.06167409 0.22001930 0.10740294 0.30023019 0.04608679 0.07991358 0.07397180 0.08220750 0.03161392
0.02650536 0.00387816 0.00052813 0.00383835 0.02511000 0.22004691 0.10563681 0.29946010 0.05362288 0.07311243 0.07813022 0.07949538 0.04263712
0.02740517 0.00452390 0.00061688 0.00397652 0.02998090 0.22072259 0.10927385 0.30090349 0.05768716 0.07159756 0.07587032 0.07964823 0.03069334
0.02743162 0.00248996 0.00398844 0.00313208 0.04838825 0.22435999 0.10900580 0.30172052 0.04950103 0.08614851 0.07605246 0.08188132 0.03808762
0.02727817 0.00784969 0.00145740 0.00979833 0.04629630 0.21956027 0.10867015 0.29934946 0.05001339 0.10178806 0.07040493 0.07968180 0.02656732
0.02684757 0.00394686 0.00113162 0.00242282 0.03722896 0.22385887 0.10236706 0.29935307 0.04924396 0.09144315 0.07457278 0.08073966 0.03720560
0.02750764 0.00866108 0.00061669 0.01129487 0.04153039 0.22248540 0.10332924 0.29634596 0.04929987 0.08311420 0.07200767 0.08034656 0.03617324
0.02740789 0.00581871 0.00127287 0.00603371 0.03432020 0.22360066 0.09666395 0.29743229 0.05724464 0.07612337 0.07728105 0.07975283 0.02798704
0.02754416 0.01279296 0.00082957 0.01500428 0.03525155 0.22497089 0.09834157 0.29576119 0.06105534 0.07613635 0.07836604 0.08204156 0.03849168
0.02686596 0.00736207 0.00136651 0.00851675 0.03284322 0.22575707 0.09691065 0.29672263 0.05835111 0.08300181 0.07270305 0.08112980 0.03635899
0.02675932 0.00375614 0.00104963 0.00498396 0.04306843 0.22592721 0.09256610 0.29874398 0.05075474 0.08823470 0.07811647 0.08034396 0.03811432
0.02680791 0.00796121 0.00102853 0.00762650 0.03450065 0.22674608 0.09831625 0.29822080 0.05165737 0.09461244 0.06653514 0.07975046 0.05821982
0.02670482 0.00377674 0.00057370 0.00552234 0.02334164 0.22496196 0.10490609 0.30058463 0.04711106 0.09456966 0.08525815 0.08019246 0.04344315
0.02638110 0.00490571 0.00084218 0.00529365 0.04337391 0.22749476 0.10509844 0.30052226 0.05020154 0.08508750 0.07413171 0.07920762 0.03947809
0.02571225 0.00279969 0.00222134 0.00413522 0.03289790 0.22630103 0.10319452 0.29923902 0.05249561 0.08236567 0.07907101 0.07845574 0.03059712
0.03361845 0.00689525 0.00101649 0.00832641 0.05309574 0.22480851 0.10172086 0.30205013 0.05610168 0.08492758 0.07568335 0.08025644 0.04805670
0.03603236 0.00618215 0.00084366 0.00857461 0.03829779 0.22533506 0.09882046 0.29870702 0.05023483 0.09451016 0.08289347 0.08161778 0.02788073
0.03421826 0.00634208 0.00129245 0.00716381 0.05455697 0.22224637 0.10280996 0.30141031 0.05015443 0.09344173 0.06930676 0.08095043 0.03753726
0.03289318 0.00673112 0.00199028 0.00819706 0.04479755 0.22455988 0.09919283 0.30007788 0.05177275 0.09729897 0.07810962 0.08017031 0.02848762
0.03076245 0.00572414 0.00178853 0.00724612 0.04629302 0.22156932 0.10406961 0.29905557 0.05835387 0.09970531 0.07436179 0.07822008 0.03967516
0.02875648 0.01294172 0.00087020 0.01172235 0.02952738 0.22270040 0.09644976 0.29885345 0.05266665 0.09116214 0.08566239 0.07905271 0.03018864
0.02709513 0.00657058 0.00095461 0.00900843 0.04276148 0.22524696 0.10117618 0.29955871 0.05907826 0.08325350 0.07492509 0.08016020 0.03212756
0.02373096 0.01044747 0.00196077 0.01226030 0.03179136 0.22228391 0.09537216 0.30045891 0.05259009 0.09247928 0.08902421 0.07861663 0.04656996
0.02399310 0.00835655 0.00082394 0.01051485 0.03123317 0.22844352 0.10346882 0.30023005 0.05544914 0.09452552 0.07437877 0.07958893 0.03818092
0.02402736 0.00885957 0.00055456 0.01047012 0.03482761 0.22338929 0.09367544 0.29980282 0.05378716 0.09291879 0.08002066 0.07732499 0.03911938
0.02351063 0.00311976 0.00051093 0.00389318 0.04333978 0.22506476 0.10176009 0.29992608 0.05827521 0.08973744 0.07345462 0.08040747 0.02852650
0.02267777 0.00577227 0.00049354 0.00858290 0.03706130 0.22546054 0.10040005 0.30069418 0.05431501 0.09107247 0.07709925 0.08084827 0.03405401
0.02228116 0.01081556 0.00060470 0.01127736 0.05134770 0.22341515 0.10073000 0.30219824 0.05970398 0.09454853 0.07772550 0.07906724 0.02618948
0.02187969 0.00886929 0.00069089 0.01215863 0.05282638 0.22707609 0.09282594 0.30189581 0.06186108 0.09239119 0.07936361 0.07884918 0.02585600
0.02137881 0.01046240 0.00347201 0.00966411 0.07377645 0.22470487 0.08953600 0.30180167 0.05670751 0.09125083 0.07066375 0.07976212 0.02835485
0.02168399 0.00667321 0.00173236 0.00880305 0.06877920 0.22443897 0.08952236 0.29900927 0.05370866 0.09364574 0.07969954 0.07937265 0.04049758
0.02510895 0.00536851 0.00099790 0.00739709 0.05315457 0.22903406 0.09348226 0.29926943 0.05705997 0.09228833 0.07144654 0.08002687 0.04816168
0.02889776 0.00456919 0.00053573 0.00461392 0.04145801 0.22474315 0.09837467 0.29754744 0.05337232 0.09443355 0.07747845 0.07676895 0.03660182
0.02984904 0.00833134 0.00141786 0.00680461 0.02973231 0.22717304 0.10509775 0.29567648 0.05604304 0.09125117 0.06992139 0.08146130 0.02536226
0.03066658 0.00317052 0.00173049 0.00380128 0.03072248 0.22218181 0.10038770 0.29583146 0.06051576 0.09051917 0.08034215 0.08137240 0.03304698
0.03182038 0.00719852 0.00201479 0.00619505 0.02989646 0.22403665 0.10728910 0.29776912 0.05557875 0.09318119 0.08889461 0.08093802 0.02921794
0.02833509 0.00830931 0.00085469 0.00917323 0.06285498 0.22201292 0.10057498 0.30093380 0.06066158 0.09128880 0.07871162 0.08135135 0.03365384
0.02857729 0.00834076 0.00061173 0.00749289 0.06644168 0.21920642 0.10050496 0.30093171 0.05879964 0.09181073 0.07630227 0.08275487 0.02676176
0.04906553 0.00704361 0.00082447 0.00764871 0.05872163 0.21862106 0.10057623 0.30093601 0.05481783 0.09661278 0.07232261 0.08079600 0.03003249
0.04924855 0.00838577 0.00107372 0.01009546 0.04679613 0.21943523 0.09547250 0.30274795 0.06174701 0.10057164 0.07739492 0.08351241 0.03491373
0.04876477 0.00594507 0.00207954 0.00617929 0.03853629 0.21927286 0.09959098 0.30076994 0.05357881 0.09838433 0.07793415 0.08050039 0.02919001
0.04954900 0.00463696 0.00135172 0.00306422 0.03711272 0.21803632 0.09967831 0.30051191 0.05504767 0.08852538 0.07994998 0.07946951 0.03149636
0.05019516 0.00533070 0.00319635 0.00696325 0.03960093 0.21839095 0.09708151 0.29953109 0.05934740 0.09463844 0.08447523 0.07973551 0.02511360
0.05139344 0.00771127 0.00122152 0.01099402 0.02089698 0.21563595 0.10662220 0.29902980 0.06135105 0.09329964 0.08097636 0.08364719 0.02714920
0.05172070 0.00295054 0.00087106 0.00283257 0.02123531 0.21636473 0.10587121 0.29819965 0.06119606 0.09050032 0.07726527 0.08062783 0.03402718
0.04950381 0.00453502 0.00145822 0.00679442 0.03837041 0.21554835 0.09720565 0.29822143 0.05536371 0.09666200 0.08393544 0.07953402 0.03454347
0.04765204 0.00249159 0.00238220 0.00179398 0.00271025 0.21982329 0.09911071 0.29815758 0.05496967 0.09668855 0.07592202 0.08053740 0.02629965
0.04688900 0.00257126 0.00358762 0.00162293 0.05929724 0.21710737 0.09242835 0.29816742 0.05515592 0.11039988 0.07818495 0.07887444 0.03125828
0.04632169 0.00534756 0.00170748 0.00516850 0.04194081 0.21978633 0.10092718 0.29999872 0.05315830 0.10745855 0.06931167 0.08024582 0.02710644
0.04734645 0.00813809 0.00161049 0.00977193 0.03570027 0.22015372 0.09643650 0.30005099 0.05130748 0.09061599 0.08022319 0.07874955 0.03548536
0.04753383 0.00336585 0.00103539 0.00514236 0.03259075 0.22125582 0.10608517 0.30054630 0.05535876 0.08816447 0.07808415 0.08176667 0.03720943
0.04712069 0.00867065 0.00067558 0.00939794 0.03509570 0.22320475 0.10572474 0.30079665 0.05705682 0.09098507 0.08243758 0.08070842 0.03452706
0.04548988 0.00695911 0.00064932 0.00934224 0.05182949 0.22254445 0.09623258 0.30177506 0.05502593 0.08872976 0.08139213 0.08228646 0.05149702
0.04345581 0.00383240 0.00068464 0.00528466 0.05371565 0.22438057 0.09972473 0.30140588 0.05342695 0.08648132 0.07675912 0.08035673 0.03509881
0.04211951 0.00542640 0.00206507 0.00786279 0.04835410 0.22839207 0.09455923 0.30142334 0.05548673 0.09865942 0.06878755 0.08027421 0.05281762
0.04112391 0.00364408 0.00251419 0.00556345 0.03900733 0.23023383 0.09092661 0.30063713 0.05058036 0.10778878 0.08004587 0.07693960 0.02794012
0.04107933 0.00525626 0.00135246 0.00814306 0.04749492 0.23159502 0.09173574 0.30150713 0.05493706 0.09720597 0.08214736 0.08245615 0.03543308
0.04111421 0.00799296 0.00136135 0.00972132 0.03381623 0.23484379 0.09836719 0.30057460 0.05218827 0.09053752 0.07981543 0.07848699 0.04316863
0.04211785 0.00447370 0.00081828 0.00772923 0.03589566 0.23303327 0.09777952 0.30028054 0.06522126 0.08627517 0.07921200 0.07923545 0.02860706
0.04203793 0.00704928 0.00203338 0.00470695 0.01997330 0.23416017 0.09462149 0.29904013 0.06996102 0.09111560 0.08236273 0.08037203 0.03639393
0.04282309 0.00442735 0.00099233 0.00494686 0.03357633 0.23208359 0.09485646 0.29941761 0.05524305 0.09624103 0.07697742 0.08219429 0.03095355
0.04318076 0.00459938 0.00092987 0.00320147 0.02146091 0.22990004 0.09219746 0.29863247 0.05329797 0.09903946 0.07998233 0.08212634 0.03093325
0.04446517 0.00310454 0.00075013 0.00300099 0.00290979 0.22670323 0.09883156 0.30145223 0.05125287 0.09879946 0.07802426 0.07790244 0.03789628
0.04397325 0.00346564 0.00057963 0.00308144 0.04892332 0.22467708 0.09791401 0.30249704 0.05270097 0.09670585 0.08084528 0.08007277 0.03653026
0.04308782 0.00444616 0.00062540 0.00582992 0.02974234 0.22054187 0.10374659 0.30328374 0.06435673 0.09113651 0.07188480 0.08018022 0.03513803
0.04071604 0.01248673 0.00070733 0.01536525 0.06818266 0.22030863 0.10456658 0.30422948 0.06376417 0.08529119 0.07797843 0.08112382 0.03383816
0.03930176 0.01303820 0.00385520 0.01234566 0.06002643 0.21790009 0.09746510 0.30385596 0.05870589 0.08430298 0.08320155 0.08685904 0.02977749
0.03812720 0.01061327 0.00174396 0.00816321 0.05986767 0.21681268 0.10036280 0.30351244 0.05467132 0.08980717 0.08033286 0.08329171 0.04783303
0.03831551 0.01192481 0.00167085 0.01406148 0.07867706 0.21818756 0.09823673 0.30412386 0.05205246 0.08992171 0.07789068 0.08531314 0.02675693
0.04080894 0.00674177 0.00155997 0.00560073 0.04540930 0.21770928 0.10366928 0.30188870 0.05081569 0.09307213 0.07445738 0.08330412 0.03653883
0.05110372 0.00537878 0.00140402 0.00802451 0.05311939 0.22242783 0.09922983 0.30153853 0.05046402 0.09462875 0.07920284 0.08028255 0.02637161
0.05363837 0.00357330 0.00089108 0.00377256 0.02436175 0.22057163 0.10882019 0.30189678 0.05442580 0.08950719 0.07702228 0.07944101 0.02616885
0.05379757 0.00386675 0.00064327 0.00268109 0.02062316 0.22178468 0.10080862 0.30105106 0.05146727 0.08309077 0.08907653 0.07854435 0.02520233
0.05354123 0.00420935 0.00078893 0.00554990 0.02170082 0.22005476 0.09917563 0.30080464 0.05665510 0.08182254 0.07103316 0.08026318 0.04023099
0.05094324 0.00727958 0.00066972 0.01183414 0.05739696 0.22250081 0.09515202 0.30225996 0.05729785 0.08516967 0.08582505 0.08122561 0.02925930
0.05074355 0.00453614 0.00064561 0.00822856 0.04689775 0.21811316 0.11063047 0.30213630 0.05227348 0.09561559 0.07474613 0.07976169 0.03666144
0.04888216 0.00874380 0.00088094 0.01135887 0.04272286 0.21965090 0.10790608 0.30203608 0.05013739 0.09655232 0.07916613 0.08177555 0.02784076
0.04727795 0.00903954 0.00106873 0.00742605 0.06632704 0.22269093 0.10538736 0.30517313 0.05095333 0.09806907 0.07263064 0.08224403 0.02920688
0.04424784 0.01646939 0.00112702 0.01868309 0.05166984 0.22254268 0.09711278 0.30383401 0.06221244 0.09575061 0.08377471 0.08463306 0.02787916
0.04229454 0.00561176 0.00120848 0.00497821 0.03552678 0.22942642 0.10637041 0.30613850 0.06525337 0.09093223 0.07477523 0.08128546 0.03489439
0.04139735 0.00525215 0.00093752 0.00752246 0.03832289 0.22578442 0.10320526 0.30274200 0.05382545 0.08111056 0.09262202 0.08072856 0.02935039
0.04224703 0.01273391 0.00072985 0.01431744 0.02104125 0.22948259 0.11803251 0.30464310 0.05770274 0.08229562 0.07292976 0.08150115 0.02722318
0.04317278 0.00899111 0.00061666 0.01335267 0.02914273 0.22800488 0.10090101 0.30304037 0.05083412 0.09360962 0.08833171 0.08089357 0.02795924
0.04369590 0.00344220 0.00078188 0.00090037 0.00373761 0.22914655 0.10309770 0.30172510 0.05705489 0.10169858 0.07390539 0.07991051 0.02421198
0.04301846 0.00751845 0.00291256 0.00673796 0.02459931 0.22798079 0.09894459 0.30217704 0.05162786 0.10130803 0.07894704 0.07954620 0.02725516
0.03669601 0.00184300 0.00209580 0.00039246 0.00084196 0.22758833 0.11301866 0.30222764 0.06004059 0.09452087 0.07498943 0.07996019 0.02478066
0.03651890 0.00305128 0.00167064 0.00362620 0.00593900 0.22555488 0.10043109 0.30149557 0.05533686 0.08477201 0.08685404 0.08077943 0.03395983
0.03720694 0.00723606 0.00082489 0.00720218 0.01408064 0.22383997 0.10422465 0.30369968 0.06634194 0.07855423 0.07520842 0.07951631 0.02703478
0.03932264 0.00358155 0.00054727 0.00220629 0.00321523 0.22228779 0.09506977 0.30303531 0.05732137 0.07993210 0.08986826 0.07968299 0.03572206
0.03937648 0.00247108 0.00076958 0.00151941 0.00218790 0.21956873 0.10352254 0.30456084 0.05735884 0.09078261 0.07181014 0.07921716 0.02702744
0.03930015 0.00111757 0.00092056 0.00028018 0.00095385 0.21777161 0.09688858 0.30165689 0.04618370 0.10349873 0.08320996 0.07906826 0.02482292
0.03868117 0.00342215 0.00095537 0.00596336 0.02884425 0.21839510 0.10657895 0.30262780 0.04740124 0.11042303 0.07129959 0.07937983 0.02414636
0.03816455 0.00548299 0.00097769 0.00841196 0.04511054 0.21443909 0.10216230 0.30219156 0.04375030 0.10016691 0.07417348 0.07825956 0.03589562
0.03712408 0.00672268 0.00075393 0.00861646 0.04279341 0.21729653 0.10168917 0.30248855 0.05401696 0.08803092 0.07381985 0.08282059 0.02828763
0.03553327 0.00205068 0.00185003 0.00328972 0.05501166 0.21531518 0.10082088 0.30262102 0.05469847 0.08101051 0.08600987 0.08280193 0.04082931
0.03404737 0.00771515 0.00105005 0.00847756 0.04767415 0.21972745 0.10355546 0.30296931 0.05890404 0.07559453 0.08055063 0.08514695 0.04757058
0.03421247 0.00557395 0.00083447 0.00461956 0.04937027 0.21743119 0.10787883 0.30200617 0.05331097 0.07408322 0.08344414 0.07941385 0.02997300
0.03512672 0.00794798 0.00068059 0.01124201 0.04976723 0.22007159 0.10608473 0.30161290 0.04771345 0.08743005 0.08549054 0.08048487 0.03355092
0.03587165 0.00916841 0.00131155 0.00817749 0.05586682 0.21907854 0.10767948 0.30162089 0.05634064 0.09681933 0.07499755 0.07989278 0.03086932
0.03624543 0.00732221 0.00068503 0.00519013 0.03747917 0.21997255 0.11169431 0.30294136 0.05959074 0.09994542 0.07520398 0.07986795 0.03058388
0.03610027 0.00478777 0.00088789 0.00517038 0.01694155 0.22032609 0.11224645 0.30145803 0.04591011 0.08510838 0.08755134 0.07981483 0.03197233
0.03604109 0.00347290 0.00114865 0.00199611 0.00834429 0.22349256 0.11419134 0.30105301 0.05686620 0.07855621 0.07056463 0.08123857 0.03627925
0.03523811 0.00651720 0.00064984 0.00932503 0.01967039 0.22379111 0.11052184 0.30089601 0.05319959 0.07454328 0.07985072 0.07982064 0.02787426
0.03561394 0.00776005 0.00202220 0.00516934 0.01624751 0.22545467 0.10282229 0.29991758 0.05391130 0.06886020 0.07840893 0.08059704 0.02776664
0.03517203 0.01382603 0.00152147 0.01355762 0.01824159 0.22620811 0.10469521 0.29901126 0.05578073 0.06595896 0.07420163 0.08041812 0.02764761
0.03518809 0.00806430 0.00403143 0.01098837 0.06038800 0.22580421 0.10553583 0.29866484 0.04564585 0.07258871 0.08327690 0.08493612 0.02735192
0.03536934 0.01008059 0.00152250 0.01149844 0.06322585 0.23101632 0.10272067 0.29794989 0.04357445 0.08088227 0.06786598 0.07986304 0.02679646
0.03689737 0.00444616 0.00078780 0.00543971 0.04922201 0.22713137 0.11472115 0.29598308 0.04371512 0.08128763 0.06722567 0.08065700 0.02514908
0.03799964 0.00706374 0.00331280 0.00785884 0.04964694 0.23124270 0.09966228 0.29715080 0.03904422 0.07624583 0.07278306 0.08131129 0.04581772
0.03846064 0.00556146 0.00135625 0.00625120 0.03840264 0.22622911 0.09948656 0.29711759 0.04797189 0.07220529 0.07373136 0.08052934 0.02458869
0.03882723 0.00410367 0.00192686 0.00310556 0.02009346 0.23141000 0.09590672 0.29855288 0.05234859 0.07330077 0.07350390 0.07946078 0.03484191
0.03935049 0.01167108 0.00397421 0.01254492 0.02641544 0.22330511 0.09713034 0.29752275 0.04929094 0.06102559 0.07482199 0.08112729 0.02408525
0.04082369 0.00269565 0.00115162 0.00317482 0.02700119 0.22462561 0.09756821 0.29793708 0.04469327 0.07067823 0.07196818 0.07908396 0.02499224
0.04130235 0.00186895 0.00125051 0.00165892 0.00129723 0.22124580 0.10168026 0.29883027 0.04218487 0.08401155 0.07258412 0.07812987 0.04573480
0.04118745 0.00355912 0.00081959 0.00346707 0.01604888 0.21990577 0.10048419 0.29911879 0.04195585 0.09042411 0.07332530 0.07981984 0.02463906
0.04031547 0.00379947 0.00216935 0.00528828 0.02905286 0.21431217 0.09552785 0.29747127 0.04553843 0.09007055 0.07359742 0.07995026 0.02417192
0.03987898 0.00342186 0.00140391 0.00279041 0.04448501 0.21383278 0.09853248 0.29875688 0.04913326 0.07931733 0.06897310 0.08108703 0.02769270
0.03885863 0.00464207 0.00114258 0.00510543 0.04089280 0.21047824 0.10534560 0.29669232 0.04725859 0.07084954 0.07519881 0.07904646 0.02536270
0.03814504 0.00132268 0.00130898 0.00487165 0.03198667 0.21555368 0.10315318 0.29858303 0.04975895 0.06484074 0.07984678 0.08428628 0.02788279
0.03686727 0.00775541 0.00147854 0.01123492 0.01927361 0.21352279 0.10509302 0.29771972 0.05460945 0.06749751 0.07427218 0.08062832 0.03671402
0.03638207 0.01002005 0.00094899 0.00955393 0.05046608 0.21764751 0.10460255 0.29868242 0.04834794 0.07755309 0.07362072 0.08137981 0.02780373
0.03624715 0.00438290 0.00095612 0.00392325 0.05716482 0.21963224 0.10800355 0.29853086 0.04027895 0.08955415 0.07400878 0.07869424 0.02746738
0.03452668 0.01063297 0.00078574 0.01282912 0.04248338 0.22030668 0.11118008 0.29869643 0.04234481 0.09325971 0.07562387 0.08039423 0.03001168
0.03374988 0.00819392 0.00073152 0.00826624 0.04886862 0.22186123 0.11361778 0.29881017 0.04004482 0.08977142 0.07773930 0.08019295 0.02956745
0.03301278 0.00626636 0.00132645 0.00724526 0.05106209 0.22827379 0.11139220 0.30012647 0.05084686 0.07763719 0.07611848 0.08089089 0.02917580
0.03193224 0.00739665 0.00073954 0.00579089 0.03375981 0.22598054 0.11165947 0.29942309 0.05646240 0.06774146 0.07769962 0.08109187 0.02874834
0.03044969 0.01266498 0.00066970 0.01419795 0.03819848 0.23091091 0.10838304 0.30246642 0.05770591 0.06047407 0.08096344 0.08348635 0.03579744
0.02903837 0.00583529 0.00068716 0.00688079 0.05858209 0.22855046 0.10471295 0.30146679 0.04703110 0.06535054 0.08549587 0.07973360 0.03709004
0.02731222 0.00827495 0.00071077 0.01019927 0.05523166 0.23327885 0.10373882 0.30238805 0.04981357 0.08056512 0.06851667 0.08115749 0.04958955
0.03325258 0.00532211 0.00086681 0.00661368 0.03833451 0.23756173 0.10138045 0.30186308 0.04368543 0.09195703 0.07184518 0.07898800 0.02732217
0.05220737 0.00330768 0.00149005 0.00487767 0.03344166 0.23622423 0.09939498 0.30127211 0.04633468 0.09100241 0.06226638 0.07744355 0.03854035
0.05145329 0.00492614 0.00100232 0.00338722 0.02090653 0.24120303 0.09873793 0.30013947 0.04870498 0.08237491 0.07247391 0.07940489 0.02610967
0.05042425 0.00604857 0.00081484 0.00474518 0.02890198 0.23671636 0.10125694 0.29763090 0.05459547 0.07089977 0.06863909 0.07820599 0.02906810
0.03280455 0.00631932 0.00073538 0.00101505 0.01675876 0.24186891 0.09235631 0.29931852 0.06245224 0.05707687 0.08046848 0.07954263 0.02953174
0.03155929 0.00748371 0.00051410 0.00779131 0.02680487 0.23688898 0.10043915 0.29797010 0.05156298 0.05522151 0.07233658 0.07938288 0.02585041
0.03311068 0.00958122 0.00078990 0.00970295 0.02808553 0.23761463 0.09901158 0.29985454 0.04353557 0.06803226 0.07437686 0.08232055 0.02602892
0.03244329 0.00667545 0.00129651 0.00763090 0.06719731 0.23497143 0.09306515 0.29904756 0.03732659 0.08428944 0.05749580 0.07895418 0.02507953
0.03244472 0.00514207 0.00067228 0.00489457 0.04581516 0.23008879 0.09383018 0.29927391 0.03001187 0.09217020 0.06134826 0.07759115 0.02603371
0.03227163 0.00437869 0.00060043 0.00683815 0.04357655 0.22951181 0.10294063 0.30167165 0.03281249 0.08864485 0.06058659 0.07611151 0.02417067
0.03191644 0.00440648 0.00044990 0.00797398 0.05696628 0.22540003 0.09832974 0.30225742 0.04006853 0.07290522 0.07115694 0.07826615 0.02343227
0.03139476 0.00374452 0.00045919 0.00221841 0.03497691 0.22334637 0.10173109 0.30425861 0.04741070 0.05713803 0.07692270 0.07822432 0.02660667
0.03092032 0.00599108 0.00047373 0.00776403 0.04657008 0.22411416 0.09587771 0.30419317 0.05567697 0.05667670 0.07512556 0.07897138 0.02636482
0.02984334 0.00713581 0.00178202 0.00773624 0.05426004 0.22128116 0.10055892 0.30316166 0.05092453 0.05719496 0.06698620 0.07865151 0.02604662
0.03050997 0.00557636 0.00129800 0.00658308 0.04185463 0.22335431 0.10539605 0.30324068 0.03949422 0.06968998 0.07424807 0.08306846 0.02689561
0.03097382 0.00396753 0.00102736 0.00320242 0.02526177 0.22238368 0.11087427 0.30171099 0.04259412 0.09223723 0.06839432 0.07927611 0.02890914
0.03190626 0.00139002 0.00077336 0.00279374 0.00346087 0.22373324 0.11212991 0.30290452 0.04261578 0.09131815 0.06810492 0.07818221 0.02918992
0.03295650 0.00251987 0.00102874 0.00285521 0.00757541 0.22571706 0.10859111 0.30184365 0.03654357 0.08613680 0.07224537 0.07906961 0.03644734
0.03345141 0.00338493 0.00067431 0.00466252 0.00612065 0.22705141 0.11113204 0.30136977 0.04878562 0.06278210 0.07270141 0.07717091 0.03067878
0.03325187 0.00161135 0.00069426 0.00123907 0.03674945 0.23220807 0.10638977 0.30209705 0.05202574 0.05373830 0.08319333 0.07911395 0.02717034
0.03251622 0.00305455 0.00169386 0.00107471 0.03019045 0.23162871 0.10756048 0.29994172 0.05175427 0.05788194 0.07325153 0.07706757 0.02786951
0.03217849 0.00297218 0.00062390 0.00325181 0.02621004 0.23397281 0.10476212 0.30071060 0.04166920 0.06657552 0.07523517 0.07796869 0.02737059
0.03134648 0.00120288 0.00063525 0.00151842 0.03380221 0.23770992 0.10989669 0.29978433 0.03745164 0.08131482 0.06854059 0.07836859 0.02799976
0.03061722 0.00446509 0.00072410 0.00210802 0.03841530 0.24060463 0.10421933 0.30128892 0.04287909 0.08576472 0.07492459 0.07929977 0.02815388
0.02991304 0.00234312 0.00164310 0.00044963 0.00201346 0.24360778 0.10657123 0.30111818 0.04537839 0.08913459 0.06722500 0.07745418 0.02776063
0.02902528 0.00255322 0.00189100 0.00204541 0.04120059 0.24547681 0.10093875 0.30148309 0.03960634 0.06754499 0.06802751 0.07699085 0.02634332
0.02842838 0.00106072 0.00161330 0.00025058 0.00066445 0.24452874 0.09660639 0.30178798 0.04599449 0.05873803 0.07427357 0.07487078 0.02568952
0.02758823 0.00104579 0.00326913 0.00341896 0.00360705 0.25003272 0.09941846 0.30378749 0.04886912 0.06146515 0.07460355 0.07851681 0.03926613
0.02763198 0.00126533 0.00151181 0.00158391 0.00081774 0.24978260 0.10022233 0.30403268 0.04451912 0.07080131 0.07532886 0.07632107 0.02749059
0.02827573 0.01320240 0.00111269 0.01331475 0.03812874 0.24518038 0.10727888 0.30161644 0.05890272 0.07244093 0.06183031 0.07914404 0.02324088
0.02940055 0.00402802 0.00173191 0.00362053 0.04239181 0.24482818 0.09658910 0.30114102 0.04355462 0.08472600 0.06943953 0.07651728 0.02812067
0.03349370 0.00344486 0.00066858 0.00550004 0.06058623 0.24064271 0.09766925 0.30162078 0.03716981 0.08237218 0.07055085 0.08077235 0.02671629
0.03422165 0.00998981 0.00055804 0.01100257 0.04206647 0.24012621 0.09912074 0.30023534 0.03494914 0.07093878 0.06554098 0.07989471 0.02890029
0.03409126 0.00559332 0.00149591 0.00541720 0.05754405 0.23401783 0.09609442 0.30236210 0.03861947 0.06651209 0.06567058 0.07832466 0.02539567
0.03409437 0.00717487 0.00064568 0.00616988 0.04870523 0.23442789 0.09879270 0.30178435 0.04828596 0.06445910 0.06810314 0.07788978 0.02508488
0.03530698 0.00258400 0.00158755 0.00365175 0.00423613 0.23010508 0.10066108 0.30264185 0.05043691 0.06535101 0.08019630 0.07736447 0.03421113
0.03433461 0.00207493 0.00194746 0.00212163 0.03807850 0.22636893 0.10523764 0.30446711 0.04583079 0.06406759 0.07499074 0.07832255 0.02632959
0.03285929 0.00215178 0.00107013 0.00186633 0.02686203 0.22751502 0.10321871 0.30604928 0.03872141 0.07178613 0.06726587 0.08081137 0.03383607
0.03466708 0.00315421 0.00368988 0.00243668 0.05474666 0.22450688 0.11051502 0.30780117 0.04019599 0.08679248 0.06815604 0.08269658 0.03361264
0.03329754 0.00356283 0.00130793 0.00268042 0.02315984 0.22595910 0.10532664 0.30409934 0.04029450 0.08555689 0.07669368 0.07870721 0.03991686
0.03375949 0.00445412 0.00093544 0.00601517 0.02723961 0.22511762 0.10678812 0.30574544 0.04740394 0.06937473 0.06625085 0.08003680 0.03445919
0.03668317 0.00227542 0.00059657 0.00312404 0.02119845 0.22559668 0.10591798 0.30376537 0.04442925 0.06003692 0.07768140 0.08060803 0.02767511
0.03854949 0.00117543 0.00067309 0.00142176 0.00172880 0.22763977 0.10406812 0.30367920 0.04686771 0.07893880 0.07712082 0.07892605 0.03185659
0.03828328 0.00094873 0.00150627 0.00117010 0.00079327 0.22891238 0.10556097 0.30276346 0.04527242 0.07708508 0.07538086 0.07649987 0.02433511
0.03728547 0.00152245 0.00054280 0.00277743 0.00091980 0.23162934 0.10310267 0.30145671 0.04111263 0.07042557 0.06615290 0.07807138 0.03665962
0.03667987 0.00172116 0.00058172 0.00273590 0.00436535 0.23463685 0.09872245 0.30080956 0.03750182 0.07715914 0.06804213 0.07547521 0.02662344
0.03545341 0.00226243 0.00065546 0.00218892 0.00326988 0.23749767 0.10143107 0.29913924 0.04202399 0.08906731 0.06600416 0.07773507 0.03383874
0.03303103 0.00281666 0.00076012 0.00450788 0.03148693 0.24067887 0.10534554 0.30156402 0.04026535 0.08271420 0.07567726 0.07700596 0.02522417
0.03021716 0.00242904 0.00083388 0.00332270 0.00567026 0.24451685 0.10203898 0.30244709 0.04090167 0.07468416 0.07572215 0.07877641 0.03662670
0.02878238 0.00934723 0.00111161 0.01261800 0.04878567 0.24658832 0.10791373 0.30514902 0.04632565 0.07210793 0.06899918 0.07803606 0.02860197
0.02777176 0.00950827 0.00394878 0.00946796 0.03955339 0.24982450 0.09717812 0.30699183 0.05210796 0.07809108 0.07418620 0.08274040 0.03483024
0.02732732 0.00632196 0.00183851 0.00385118 0.02056073 0.25027476 0.10307150 0.30624654 0.04797508 0.07716317 0.06939082 0.07788580 0.03208956
0.02708170 0.00853192 0.00111680 0.01108225 0.03577664 0.25166724 0.10470442 0.30807935 0.04005547 0.06989202 0.06552079 0.07730520 0.02747311
0.02840019 0.00562548 0.00082772 0.00384491 0.03084162 0.25127490 0.09634737 0.30720636 0.04124569 0.07542169 0.08269418 0.07780714 0.02954713
0.05027348 0.00835866 0.00132015 0.00822321 0.03234651 0.24858251 0.10341334 0.30484489 0.04887253 0.08834609 0.06464306 0.07876921 0.02490724
0.05180883 0.00329809 0.00117041 0.00375617 0.02514042 0.24663886 0.09152881 0.30392507 0.04621210 0.08018038 0.07523405 0.08572092 0.02673585
0.05435034 0.00528377 0.00148555 0.00600389 0.03773682 0.24492501 0.10007462 0.30310351 0.04304452 0.07440669 0.06524055 0.07950188 0.02434422
0.05615041 0.00372762 0.00088926 0.00563860 0.04136749 0.24095057 0.09623053 0.30257501 0.04370292 0.07728002 0.06894174 0.07933049 0.02436418
0.05698845 0.00661413 0.00070527 0.00745099 0.05097970 0.23851411 0.09748103 0.30364583 0.05021087 0.07935182 0.07335672 0.08047762 0.02427567
0.04806526 0.00733791 0.00070069 0.00829403 0.04870649 0.23783115 0.09873024 0.30447177 0.04595202 0.06410980 0.07444154 0.07939771 0.02560796
0.04605850 0.00566575 0.00060458 0.00708335 0.03934052 0.23456053 0.10269469 0.30531289 0.05295024 0.06036903 0.07023681 0.07828014 0.02598995
0.04575799 0.00342225 0.00081264 0.00615313 0.01884439 0.23214241 0.10874952 0.30540919 0.04777632 0.07376091 0.07706365 0.07881201 0.04352912
0.04908251 0.00353162 0.00080478 0.00801238 0.02026416 0.22938819 0.10375661 0.30873909 0.03971123 0.08598172 0.07467114 0.07876965 0.04749570
0.04696146 0.00279795 0.00082619 0.00347685 0.01244572 0.22682009 0.10700190 0.30706141 0.03795079 0.08718233 0.06633334 0.07866926 0.04226136
0.04408935 0.00235159 0.00087471 0.00389649 0.00848407 0.22569681 0.10342339 0.30832960 0.03730896 0.08201718 0.07321610 0.07800087 0.03643918
0.04338262 0.00181180 0.00105365 0.00325815 0.03260009 0.22893973 0.10704943 0.30737758 0.04260367 0.07778303 0.07140426 0.07940299 0.03759758
0.04482413 0.00337203 0.00089807 0.00603714 0.02994315 0.22557879 0.10544098 0.30647158 0.04991922 0.06957974 0.07491388 0.07849113 0.03734865
0.04407151 0.00719746 0.00077197 0.00724783 0.03616049 0.23018626 0.10405684 0.30699750 0.04895247 0.05887154 0.07604956 0.08169634 0.03517862
0.04230184 0.01477568 0.00065793 0.01379170 0.06319182 0.22764682 0.10321388 0.30502279 0.04479218 0.06267160 0.07540988 0.07975044 0.02620817
0.04329864 0.00830846 0.00066804 0.01263517 0.04922232 0.23389132 0.10530071 0.30624561 0.04810060 0.07730789 0.06607839 0.07827950 0.02561181
0.04371278 0.00379726 0.00060241 0.00344579 0.03821375 0.23540903 0.10291304 0.30329211 0.04077173 0.08912302 0.07099546 0.07861777 0.02883021
0.04315469 0.00974486 0.00055496 0.01068419 0.04958747 0.24032623 0.10121610 0.30250009 0.03368437 0.08933872 0.05996443 0.07703281 0.02467934
0.04216299 0.00748115 0.00062013 0.00669104 0.03301350 0.24312004 0.09884252 0.30256940 0.04166281 0.08234404 0.06694044 0.07752678 0.02751184
0.04223706 0.00896299 0.00055240 0.01026434 0.05344633 0.24927862 0.10658570 0.30333115 0.05187535 0.07367699 0.07291448 0.07803632 0.02768414
0.04264626 0.00464580 0.00108207 0.00921063 0.04175636 0.24673905 0.09955071 0.30548390 0.06055261 0.07064218 0.07516628 0.08050874 0.04449766
0.04250190 0.00511148 0.00070391 0.00519633 0.04311104 0.25084221 0.10598242 0.30599644 0.05373973 0.05523421 0.07592011 0.08087229 0.04625825
0.04167301 0.01361269 0.00044962 0.01111370 0.07139467 0.24886004 0.10963856 0.30788417 0.05645421 0.05996122 0.08178769 0.08107275 0.02792163
0.04197782 0.00718313 0.00169057 0.00670980 0.04096011 0.24979389 0.10780463 0.30749634 0.05513059 0.08285554 0.06675582 0.07626381 0.02970964
0.04132648 0.00692020 0.00128233 0.00806583 0.04905735 0.24767158 0.10052899 0.30791254 0.03749525 0.09811244 0.07536305 0.07745243 0.02660037
0.04147604 0.00477652 0.00170399 0.00393583 0.04749732 0.24582222 0.10260438 0.30815563 0.03890532 0.09662110 0.07319123 0.07743153 0.02756741
0.04145556 0.01081351 0.00074199 0.01013981 0.03840841 0.24309652 0.09726582 0.30651871 0.04395529 0.08794317 0.07033783 0.08026163 0.03461593
0.04165978 0.00427395 0.00238844 0.00564830 0.02520065 0.24044556 0.10464746 0.30553225 0.05614489 0.07118164 0.07912510 0.07987066 0.02775760
0.04124664 0.00376543 0.00132562 0.00386144 0.04247192 0.23848864 0.10498120 0.30321825 0.05894564 0.05158344 0.08196353 0.08196601 0.02687377
0.04162613 0.00448626 0.00081130 0.00278972 0.03240480 0.23433166 0.10430450 0.30300901 0.05839358 0.05245702 0.07846744 0.08210099 0.02725491
0.04225533 0.00281647 0.00064148 0.00564456 0.02706623 0.23361090 0.09946351 0.30305099 0.04886150 0.07460294 0.08155874 0.08219798 0.02567706
0.04284026 0.00470722 0.00060611 0.00522890 0.03992085 0.23034468 0.10294965 0.30269979 0.04127545 0.09735774 0.07117789 0.07974175 0.02881622
0.04264569 0.00572193 0.00100061 0.00592578 0.03007054 0.22742200 0.10332484 0.30347926 0.03565095 0.10346471 0.06608885 0.07737225 0.03488499
0.04204856 0.00229797 0.00088593 0.00263551 0.02933338 0.22802581 0.10462162 0.30474060 0.03625148 0.09819283 0.06104534 0.07764575 0.03547132
0.04180044 0.00223136 0.00106417 0.00331406 0.02449541 0.22845526 0.11229497 0.30783797 0.04240922 0.08657718 0.07502939 0.07936214 0.03642198
0.04193580 0.00389482 0.00082562 0.00508544 0.02519064 0.22736616 0.10185923 0.30886345 0.05884814 0.07020431 0.07812175 0.08321390 0.02960002
0.04225506 0.00644008 0.00052546 0.00793955 0.03344489 0.22945527 0.10058643 0.30943748 0.05737946 0.05163238 0.08620849 0.08034330 0.03586315
0.04188165 0.00373816 0.00071815 0.00364157 0.03011523 0.22696395 0.09942689 0.30814409 0.05652030 0.05616830 0.07873306 0.07960835 0.03400298
0.04170447 0.00477178 0.00174693 0.00654504 0.03632429 0.23069339 0.10046845 0.30760268 0.05164464 0.08111897 0.06926136 0.08023194 0.04007244
0.04254728 0.00190741 0.00134141 0.00262445 0.01143688 0.23261198 0.09666158 0.30532167 0.03960929 0.09719783 0.07004398 0.08102049 0.02433269
0.04495537 0.00278447 0.00135276 0.00465986 0.03245639 0.23636447 0.09831969 0.30454382 0.03170332 0.10518165 0.05758955 0.07593887 0.03136007
0.04629859 0.00320742 0.00121393 0.00450269 0.02245502 0.23833056 0.09325035 0.30298690 0.04248870 0.09812677 0.06381735 0.07911527 0.02322144
0.04698879 0.00309434 0.00103505 0.00309943 0.02470627 0.24167367 0.09505224 0.30244518 0.05253920 0.09463461 0.06947239 0.07815278 0.02576908
0.04699206 0.00405526 0.00132775 0.00074251 0.00250311 0.24254086 0.09503252 0.30210622 0.06167310 0.08220169 0.07670026 0.07993019 0.02481773
0.04691085 0.00508131 0.00132448 0.00557558 0.05297611 0.24626105 0.09648315 0.30327192 0.06160823 0.05752034 0.08592650 0.07983714 0.02435393
0.04574964 0.01274613 0.00102721 0.01244720 0.04941895 0.24562387 0.09596481 0.30375571 0.05754115 0.06278228 0.08448809 0.07983702 0.02657392
0.04423934 0.00563488 0.00187570 0.00200081 0.02970355 0.24962702 0.10550188 0.30451961 0.05217114 0.09589899 0.07205186 0.07933741 0.02579497
0.04268712 0.00425076 0.00133153 0.00438834 0.02699748 0.24750899 0.10016899 0.30587283 0.04295208 0.10299430 0.08038913 0.07763740 0.02855421
0.04049766 0.00162440 0.00132114 0.00133392 0.01667595 0.24791569 0.11121732 0.30800965 0.04042846 0.10276140 0.06122054 0.07815293 0.02608987
0.03935325 0.00182285 0.00125998 0.00470309 0.02204016 0.24699213 0.09996189 0.30843372 0.04201470 0.09451059 0.07255054 0.07621242 0.02699831
0.03927813 0.00182877 0.00113951 0.00065756 0.01358408 0.24620114 0.10341583 0.30995237 0.05221284 0.08527547 0.07537138 0.08131737 0.02614768
0.04076326 0.00265890 0.00101300 0.00238378 0.01576824 0.24612293 0.09929827 0.30860638 0.05580159 0.06875537 0.08531366 0.07872856 0.02557670
0.04176341 0.00122922 0.00082204 0.00034860 0.00071997 0.24076466 0.10488956 0.30756481 0.05732948 0.05964060 0.07919993 0.08021803 0.02492742
0.04207999 0.00111395 0.00128026 0.00026599 0.00067908 0.24170132 0.09925537 0.30371728 0.05023529 0.07079075 0.08486741 0.07967792 0.02493163
0.04220522 0.00105812 0.00103119 0.00025553 0.00074594 0.23849227 0.10105741 0.30373253 0.04714162 0.09162177 0.07306166 0.07740354 0.02421543
0.04269115 0.00098297 0.00122054 0.00147572 0.00138825 0.23793755 0.09508738 0.30178129 0.04115096 0.09463843 0.07101291 0.07785717 0.02434483
0.04251469 0.00109098 0.00064877 0.00048283 0.00344747 0.23894683 0.09648334 0.30268689 0.03998923 0.09322216 0.06079519 0.07717633 0.02343201
0.04169044 0.00245242 0.00129046 0.00044034 0.00272936 0.23495170 0.09230137 0.30167471 0.04526357 0.09241143 0.06782905 0.07630649 0.02311508
0.04029744 0.00262833 0.00083759 0.00068534 0.00193161 0.23641870 0.10386135 0.30490068 0.05099187 0.08236925 0.07298667 0.07824641 0.02417345
0.03930824 0.00411312 0.00086441 0.00567944 0.01704462 0.23380876 0.09401967 0.30637076 0.05342830 0.06755892 0.08434928 0.07878666 0.02490878
0.03893021 0.00481635 0.00240816 0.00543076 0.02136910 0.23405388 0.09783218 0.30812415 0.05214587 0.07503347 0.07798044 0.07903169 0.04188968
0.03799142 0.00395951 0.00115983 0.00717745 0.02459343 0.23446866 0.09633895 0.30907824 0.04547727 0.08505115 0.07345700 0.07849039 0.02859080
0.03695295 0.00278701 0.00110738 0.00306733 0.02276503 0.23776994 0.10045542 0.30960688 0.04208356 0.09127563 0.06912470 0.07553355 0.02793614
0.03692853 0.00639040 0.00119771 0.00850748 0.03592834 0.23686944 0.10219813 0.30810029 0.04337352 0.09112222 0.06138950 0.07654886 0.02818587
0.03723553 0.01175393 0.00098434 0.01090338 0.02190529 0.24068683 0.09807361 0.30754175 0.03896028 0.08585140 0.06741752 0.07891262 0.02815102
0.03772077 0.00542902 0.00151890 0.00476994 0.05223805 0.23953248 0.09343521 0.30578891 0.04509693 0.08847052 0.07289665 0.07714481 0.03295869
0.03837858 0.00617903 0.00064020 0.00743596 0.06104764 0.24202794 0.09415059 0.30673747 0.04763963 0.07675854 0.07573987 0.08002391 0.04348407
0.03829948 0.00494390 0.00069686 0.00746256 0.05035041 0.24142310 0.09757336 0.30367708 0.05177551 0.07178767 0.07918532 0.07849655 0.02575277
0.03836141 0.00815796 0.00110129 0.01116403 0.05012917 0.24387983 0.09679363 0.30267894 0.05363618 0.07359957 0.06980789 0.08208912 0.03401412
0.03848377 0.00507918 0.00146863 0.00859548 0.04674467 0.24358667 0.09292076 0.30293761 0.04919554 0.09313587 0.07094289 0.07798774 0.02577410
0.03872163 0.00333955 0.00092156 0.00325344 0.06026683 0.24481278 0.09960495 0.30212110 0.04360706 0.09271755 0.07484028 0.07811643 0.02528589
0.03871169 0.00412396 0.00076906 0.00549547 0.04321603 0.24510865 0.09995131 0.30275763 0.04780742 0.09072082 0.06762892 0.07819417 0.02469040
0.03841780 0.01569354 0.00076049 0.01598765 0.04703805 0.24675666 0.09688955 0.30407107 0.04746760 0.08595033 0.07784178 0.07869507 0.02704662
0.03776874 0.01139022 0.00374253 0.01017240 0.04293961 0.24473895 0.10072774 0.30450953 0.05221885 0.08657370 0.06884478 0.07779009 0.02525462
0.03734781 0.00212421 0.00136846 0.00393371 0.00602894 0.24682664 0.09810996 0.30657898 0.04947106 0.08091112 0.08168364 0.07801660 0.03032525
0.03715597 0.00160509 0.00072368 0.00425765 0.00308857 0.24283608 0.11054884 0.30764843 0.04901689 0.08302943 0.08185475 0.07903715 0.02657096
0.03653832 0.00223057 0.00065609 0.00251317 0.00436586 0.24297251 0.11054154 0.30833601 0.05329818 0.08688346 0.07437236 0.07812135 0.04140731
0.03584785 0.00790314 0.00182685 0.00685529 0.01315808 0.23892643 0.09996481 0.30785551 0.05525675 0.09151667 0.07528499 0.08164992 0.02877199
0.03476108 0.00848033 0.00097752 0.00902315 0.04081080 0.23763685 0.09865856 0.30643323 0.04522835 0.09016081 0.08110982 0.08003253 0.03854177
0.03458189 0.00359551 0.00291051 0.00685740 0.03837360 0.24040265 0.10200271 0.30703170 0.05040943 0.09619859 0.07094334 0.07682060 0.02710208
0.03571603 0.00494999 0.00145350 0.00549552 0.04714366 0.23977270 0.09876157 0.30647453 0.04728600 0.10000694 0.07930160 0.07688616 0.02427699
0.03692139 0.00261667 0.00256578 0.00308160 0.03292132 0.23963146 0.09971160 0.30582852 0.05174752 0.08967384 0.07368946 0.07954598 0.02404087
0.03772978 0.00733315 0.00275741 0.00776660 0.02756126 0.23395896 0.09275997 0.30606443 0.06001617 0.08854659 0.08374223 0.07863660 0.02636949
0.03875355 0.00943973 0.00086572 0.01077015 0.06223867 0.23781388 0.10476637 0.30754015 0.05332818 0.09091869 0.07546256 0.08092985 0.04484078
0.03883171 0.00428550 0.00076141 0.00568110 0.04668084 0.23277460 0.09947391 0.30549615 0.05298195 0.10077020 0.08129615 0.07889429 0.02902294
0.03883469 0.00374922 0.00099738 0.00215116 0.00286313 0.23548218 0.10060249 0.30593171 0.05252921 0.10632812 0.07481089 0.08051219 0.03900962
0.03827981 0.00300954 0.00065564 0.00270402 0.03880549 0.23513213 0.09794928 0.30696820 0.04710891 0.10086425 0.07208821 0.07925778 0.02834112
0.03742886 0.00353391 0.00065954 0.00384019 0.02558576 0.23469066 0.10075422 0.30808204 0.05090925 0.09869242 0.06860901 0.07721290 0.02714706
0.03638709 0.00208959 0.00101693 0.00188378 0.02785964 0.23359811 0.10486480 0.30879408 0.05615199 0.09694740 0.08068492 0.07900229 0.02432490
0.03567106 0.00775384 0.00120539 0.00605223 0.01942252 0.23480048 0.09572435 0.30839837 0.06264133 0.09233440 0.07855225 0.07921853 0.02518630
0.03508613 0.00889664 0.00142850 0.00929310 0.01078347 0.23359624 0.09609829 0.30903972 0.06296261 0.09312265 0.07904048 0.07611235 0.02482755
0.03493264 0.00542620 0.00095267 0.00601950 0.02235356 0.23625171 0.09326378 0.30967957 0.06418758 0.09083501 0.07969510 0.07998656 0.02429312
0.03491456 0.00810513 0.00148717 0.00834465 0.02684739 0.23398057 0.09218538 0.30634966 0.05811267 0.10134612 0.08271652 0.07982149 0.03315112
0.03511244 0.01292051 0.00121118 0.01286125 0.04041090 0.24049400 0.09570191 0.30626466 0.05505452 0.10378567 0.07124011 0.08136291 0.02907277
