0.00000009 0.00000000 0.00000000 0.00000000 0.00000000 0.00000000 0.00000000 0.00000000 0.00000009 0.00000000 0.00000000 0.00000000 0.00000000
0.02187905 0.02264584 0.00309044 0.02976415 0.14327001 0.13817444 0.10810439 0.05060149 0.12928343 0.09830482 0.13885222 0.05626891 0.07332011
0.05196605 0.02036482 0.00402076 0.02378839 0.14413443 0.18632597 0.17498395 0.09660778 0.09527256 0.12800530 0.16370945 0.06241255 0.07549933
0.06364678 0.01774452 0.00389998 0.02078210 0.14922330 0.18716209 0.15706090 0.11759225 0.15635341 0.13338570 0.13414176 0.08681222 0.07383714
0.09653264 0.02606459 0.00434544 0.02573386 0.13978256 0.20812221 0.17636211 0.12581834 0.26660869 0.14290830 0.15950341 0.08871414 0.08673405
0.12901872 0.02577943 0.00464104 0.03080327 0.13904224 0.19836419 0.16534750 0.11445520 0.25183812 0.14756297 0.15148449 0.08941040 0.07065269
0.15582035 0.02531317 0.00669719 0.02749177 0.13208996 0.21000305 0.16835192 0.11872028 0.12683067 0.15507942 0.29133084 0.09695389 0.08466528
0.19009134 0.01986386 0.00673298 0.02480675 0.13264745 0.20867589 0.16953960 0.12628596 0.18606328 0.15850336 0.18540579 0.11578664 0.07259154
0.20419190 0.02127182 0.00714618 0.02604495 0.12770171 0.21833821 0.18760324 0.12728134 0.24426231 0.16239818 0.16922747 0.11833060 0.06516376
0.22141346 0.01730990 0.00813864 0.01769777 0.10431114 0.22251484 0.17818085 0.13492831 0.19636345 0.16829442 0.21627984 0.12087919 0.06588392
0.24851857 0.01468096 0.00791120 0.01743783 0.10359620 0.22778291 0.18071723 0.12778159 0.17848293 0.18732571 0.18193434 0.11581329 0.07544546
0.25674886 0.01712329 0.00741597 0.01876103 0.08958666 0.22618026 0.17579847 0.13719838 0.16278167 0.19571634 0.26652111 0.11853041 0.06573091
0.26564610 0.01723588 0.00711951 0.01604924 0.08121375 0.22610403 0.18553435 0.14775901 0.22845822 0.19946857 0.17863782 0.12144080 0.05989731
0.28346626 0.01536410 0.00721340 0.01738032 0.11058553 0.23460786 0.17724145 0.15203860 0.20033304 0.19980885 0.21064671 0.11553233 0.07252504
0.28948991 0.01600923 0.00803842 0.01783240 0.07018921 0.23934107 0.17558639 0.15874130 0.16362758 0.20371231 0.23041866 0.11860338 0.06478049
0.29711837 0.01771453 0.00787191 0.01776604 0.08420181 0.24382524 0.18720346 0.16292516 0.19136587 0.21035765 0.18504508 0.11599117 0.07061015
0.29918879 0.01857245 0.00733369 0.02180933 0.07338366 0.24600065 0.18795022 0.15675156 0.17238492 0.20954724 0.25206343 0.12744088 0.07926379
0.30711299 0.01841445 0.00680873 0.02135152 0.08884997 0.24780798 0.19121528 0.16828430 0.21116042 0.21202747 0.18402411 0.11772159 0.06672965
0.31942594 0.01475153 0.00660131 0.01680293 0.09049260 0.24668184 0.17913148 0.17449907 0.17058036 0.20994140 0.22924838 0.12035160 0.08051384
0.32412844 0.01288158 0.00478042 0.01499760 0.10916057 0.25173430 0.19013425 0.18142114 0.16721144 0.20747969 0.22227575 0.11779215 0.07128124
0.33140621 0.01252816 0.00547433 0.01557370 0.08173625 0.25253391 0.18783921 0.19065894 0.19836015 0.21764622 0.18600864 0.11555166 0.08450350
0.33375534 0.01261430 0.00677669 0.01509284 0.09473908 0.25361891 0.19192819 0.18540768 0.16912612 0.22576514 0.25166607 0.13032973 0.06590812
0.33956859 0.01625451 0.00556754 0.01859606 0.06381997 0.25382981 0.19482043 0.20223645 0.19360623 0.21653637 0.19377586 0.11488730 0.05871905
0.34053269 0.01491587 0.00558491 0.01486754 0.07765620 0.25770920 0.18006520 0.19244990 0.16682803 0.21489233 0.23562813 0.12211334 0.08963933
0.34819514 0.01252417 0.00538893 0.01248403 0.07227739 0.25689919 0.18945448 0.19036432 0.17898688 0.21687385 0.21377626 0.11958880 0.05703213
0.35803749 0.00998956 0.00602911 0.01141569 0.06611733 0.26305609 0.18805507 0.19801575 0.19248884 0.21288242 0.19491817 0.11393210 0.07058232
0.36622577 0.01616947 0.00573507 0.01769174 0.09592925 0.27010717 0.19457771 0.18719877 0.16280813 0.21583181 0.25083995 0.11651101 0.05486495
0.36889731 0.01359128 0.00652347 0.01306736 0.11008618 0.26362524 0.19742819 0.18598658 0.19487321 0.21471966 0.18983734 0.12272099 0.06210738
0.37200922 0.02612959 0.00526835 0.02862782 0.11611959 0.26946761 0.19145896 0.19035426 0.16537220 0.21811012 0.23597716 0.11343707 0.06295069
0.37403878 0.01435716 0.00503564 0.01460763 0.11418879 0.26952932 0.19583811 0.18679209 0.17391805 0.22386606 0.20865314 0.11129498 0.05659717
0.37820038 0.01727681 0.00481209 0.01619498 0.10080249 0.27203972 0.19417597 0.20135597 0.17595564 0.22513392 0.19730603 0.10877292 0.06132870
0.37721651 0.01177633 0.00560775 0.01309808 0.09039716 0.27238590 0.19823824 0.20543032 0.15453930 0.22932543 0.24704448 0.11351311 0.05676632
0.38141824 0.01952961 0.00372022 0.01926147 0.08570774 0.27407362 0.21244098 0.20569161 0.18496400 0.22883586 0.19429021 0.11050487 0.05740697
0.38241103 0.01480818 0.00443453 0.01511061 0.09827270 0.27490869 0.19236127 0.21073446 0.16158456 0.23132891 0.23751503 0.11257842 0.05588808
0.38384954 0.01803476 0.00393067 0.02062481 0.09852169 0.27863075 0.19425902 0.20535960 0.17546537 0.23327875 0.20527092 0.11038331 0.05548519
0.38341947 0.01429680 0.00387611 0.01417000 0.09603893 0.27984681 0.19091598 0.20287711 0.17433517 0.23010429 0.20385991 0.11687277 0.05778848
0.38612022 0.02210468 0.00564884 0.02073393 0.08322945 0.27871004 0.19005531 0.20185035 0.16038751 0.23581320 0.23997303 0.10929802 0.06026449
0.38879095 0.01498599 0.00577530 0.01473864 0.06659027 0.27826395 0.20049773 0.20951136 0.18210082 0.23454218 0.19362777 0.11324040 0.05760224
0.39054193 0.01055979 0.00545763 0.00937697 0.05976850 0.28165394 0.18890371 0.20046210 0.16197077 0.23553265 0.23593191 0.12139409 0.06314403
0.39539712 0.01237161 0.00503992 0.01299125 0.09633041 0.28392807 0.19843124 0.21518957 0.17351907 0.23530774 0.20302564 0.10512733 0.05747215
0.39713196 0.01301573 0.00521608 0.01436616 0.06031856 0.28158370 0.20047269 0.21491249 0.16219769 0.23895049 0.20905548 0.11652773 0.05470434
0.39589626 0.01144241 0.00495614 0.01323743 0.07346730 0.29155002 0.19762645 0.21544671 0.15906077 0.24237300 0.22942179 0.11420066 0.05374021
0.39951971 0.01482013 0.00454936 0.01507806 0.09683810 0.28125258 0.20381940 0.22032750 0.17822554 0.24342600 0.19323212 0.11370941 0.06633761
0.40059348 0.01822681 0.00612411 0.02241824 0.07235063 0.29044441 0.18724332 0.21405059 0.15459108 0.24403341 0.23604182 0.11979993 0.06121390
0.40021728 0.01386723 0.00454069 0.01459266 0.06508795 0.28573150 0.19658558 0.22239757 0.16714222 0.24553466 0.19365798 0.11606878 0.05493148
0.39752689 0.01417758 0.00414919 0.01542190 0.09705794 0.29058034 0.19272226 0.21574530 0.15750622 0.24572800 0.20563508 0.11470456 0.05617426
0.39580888 0.01662910 0.00398530 0.01692069 0.07439668 0.28297683 0.19706643 0.22035060 0.16206773 0.24701898 0.21786357 0.11428545 0.07183701
0.39653041 0.01609955 0.00638541 0.01390943 0.07651767 0.28962340 0.20008945 0.22347302 0.17030414 0.24724757 0.19184291 0.11072881 0.06554230
0.39615281 0.01614415 0.00386786 0.01541014 0.04850301 0.28710652 0.19469175 0.23143484 0.14975774 0.24663088 0.23057805 0.11283497 0.06180997
0.39913637 0.00802069 0.00395195 0.01135591 0.04513026 0.29120100 0.20336716 0.23117878 0.16133072 0.25029712 0.19594039 0.10380107 0.06158314
0.39855821 0.01179386 0.00415892 0.01183322 0.06338526 0.28536042 0.19355871 0.23231445 0.15119560 0.24972365 0.20860079 0.11528961 0.06589128
0.40001477 0.01705566 0.00454348 0.01867816 0.08006194 0.29247949 0.19514285 0.22885052 0.15407353 0.25528086 0.20312152 0.11018056 0.06840662
0.39981994 0.01424587 0.00352035 0.01288080 0.07627694 0.29055704 0.20760601 0.22609578 0.15846109 0.25471624 0.19863604 0.11019750 0.05814865
0.39930270 0.02079363 0.00331743 0.02350497 0.09207043 0.29215509 0.20366939 0.22913917 0.14666862 0.25289322 0.22454659 0.11139242 0.06343212
0.40034588 0.01689498 0.00356946 0.01765355 0.09788076 0.29256065 0.21057426 0.22964465 0.15733311 0.25471764 0.19180683 0.11105290 0.05791210
0.39983049 0.01414363 0.00338099 0.01648894 0.08951301 0.29016888 0.19588846 0.23299778 0.14358899 0.25569395 0.21023841 0.10937860 0.07308217
0.40011932 0.01786388 0.00373311 0.02315094 0.09232440 0.29300611 0.19623184 0.23804373 0.15806204 0.25392612 0.19112014 0.10867480 0.06086930
0.39957830 0.01725895 0.00379063 0.01721278 0.08860774 0.29344092 0.19882962 0.23937649 0.15854285 0.25584880 0.19825862 0.10638787 0.05782864
0.39652749 0.01724601 0.00346184 0.01817555 0.09114467 0.29671200 0.19741237 0.24738403 0.14858797 0.25450288 0.21898462 0.10385784 0.06819859
0.39868840 0.01368071 0.00551722 0.01577991 0.08558190 0.29684684 0.20858305 0.24463013 0.15090338 0.25254014 0.19152265 0.11446438 0.05649771
0.39834518 0.00957354 0.00396974 0.01040635 0.08343853 0.29486109 0.19458114 0.24642800 0.14829151 0.25924332 0.21043183 0.10455951 0.06369644
0.39806279 0.00861779 0.00549886 0.00955170 0.06092938 0.29687346 0.19467916 0.24367407 0.14867772 0.26411781 0.19180495 0.11497441 0.05638124
0.39795694 0.00927379 0.00430244 0.00930442 0.06710987 0.29510887 0.19303535 0.24571132 0.14328629 0.26491949 0.20003347 0.11312349 0.06430534
0.39889643 0.01372085 0.00373854 0.01423462 0.08560370 0.29279982 0.19598911 0.24756024 0.14592864 0.26429403 0.20550038 0.10767502 0.06740973
0.39900580 0.01155140 0.00449304 0.00979142 0.08075387 0.29498872 0.19891423 0.24514043 0.14625096 0.26663989 0.19660561 0.10911529 0.05682195
0.39695145 0.01095068 0.00393785 0.01374104 0.07681408 0.29462121 0.19787199 0.24730338 0.13873942 0.26630318 0.20800449 0.11079754 0.05671301
0.39733246 0.01451563 0.00397706 0.01419478 0.06064415 0.29548532 0.19536044 0.24821200 0.14635731 0.26474594 0.18766721 0.10822242 0.06929905
0.39699116 0.01605898 0.00385673 0.01406212 0.05868621 0.30304617 0.19119190 0.25578329 0.14432664 0.26419423 0.19594305 0.10377811 0.07344401
0.39683194 0.01408329 0.00322854 0.01523523 0.06690202 0.29705167 0.18995948 0.25287368 0.14405852 0.26727054 0.19987484 0.10931114 0.06169264
0.39562123 0.01113131 0.00357210 0.01058609 0.06148044 0.30695876 0.19647300 0.25677482 0.13958222 0.26885430 0.19156848 0.10590483 0.05810362
0.39037329 0.01288230 0.00331849 0.01328747 0.05672855 0.30131762 0.19126799 0.25597611 0.13995976 0.27277982 0.20540501 0.10555038 0.07035941
0.39007238 0.00997173 0.00303895 0.00854281 0.06052081 0.30533875 0.19878602 0.25182559 0.14517117 0.26936904 0.18257977 0.10942082 0.05806481
0.38870174 0.01724686 0.00360348 0.01605506 0.04935707 0.31012686 0.19352353 0.25750125 0.13371844 0.27195963 0.20064909 0.09977598 0.05585911
0.38764761 0.01027100 0.00342427 0.00938251 0.06884386 0.30305486 0.19804792 0.25355836 0.13341842 0.26732720 0.19966862 0.11119995 0.06227851
0.38642885 0.01446583 0.00400324 0.01513705 0.07275701 0.31069168 0.19807457 0.25279002 0.13866460 0.27149814 0.18808794 0.10561183 0.05416039
0.38453617 0.01529552 0.00372617 0.01813151 0.08596970 0.30699100 0.18584163 0.25765421 0.13372441 0.26697495 0.20073281 0.10574369 0.06232969
0.38355629 0.01049979 0.00366351 0.01167379 0.09011213 0.30489915 0.20362257 0.25267367 0.13894853 0.26490805 0.17947745 0.10778688 0.07058139
0.38231241 0.00870638 0.00350997 0.00683075 0.06384802 0.31546334 0.18561245 0.26113661 0.12428740 0.26212268 0.20384904 0.10724724 0.05971195
0.37878046 0.02205352 0.00275988 0.02344576 0.07977959 0.31160338 0.20016276 0.25743583 0.13478239 0.25855307 0.18589511 0.10494331 0.07051504
0.37837741 0.01654519 0.00301819 0.01588957 0.09300165 0.31707292 0.19203593 0.26492857 0.13608063 0.25388227 0.18634122 0.10164970 0.06599611
0.37610918 0.01395918 0.00335084 0.01591745 0.08912849 0.31662130 0.19135524 0.26185357 0.12573054 0.25632295 0.19081262 0.10593726 0.07299309
0.37364857 0.01075745 0.00528180 0.01323306 0.06826807 0.32058560 0.20072128 0.26790019 0.12871167 0.26217784 0.17886094 0.10463220 0.06085635
0.37154140 0.01184415 0.00424264 0.01096643 0.08678928 0.31848117 0.18628219 0.26363444 0.12022309 0.26425163 0.19207687 0.10602031 0.06711544
0.37106483 0.01203229 0.00277338 0.01207013 0.07926762 0.31813837 0.20443536 0.26959425 0.12619718 0.26297697 0.17594230 0.10899976 0.05825472
0.37011805 0.01300560 0.00267178 0.01481814 0.06675335 0.31838826 0.20039720 0.26439000 0.12814960 0.26043113 0.18849785 0.10736895 0.06387288
0.36688900 0.00932847 0.00395907 0.01245035 0.05128803 0.31929838 0.19715091 0.27024161 0.12530882 0.26174061 0.18398369 0.10478450 0.06600927
0.36382339 0.01570150 0.00487246 0.01696937 0.09748300 0.32334236 0.20310333 0.26709794 0.11907423 0.25918589 0.17694584 0.10738528 0.06982780
0.36219676 0.01366275 0.00488920 0.01381895 0.09155411 0.31896345 0.18743004 0.27199257 0.12453530 0.25554053 0.18239096 0.11357985 0.05935576
0.36014577 0.01115135 0.00307473 0.01161876 0.08584407 0.32271321 0.19612298 0.27816327 0.12639665 0.25902574 0.17389588 0.09929651 0.06235096
0.35854836 0.01077559 0.00282111 0.01229301 0.08444672 0.32036877 0.19257778 0.27364254 0.11773983 0.25860418 0.18290942 0.10927545 0.05620614
0.35629951 0.01062932 0.00289729 0.00885872 0.05338934 0.32919213 0.19356211 0.27690570 0.12223964 0.25668852 0.17552212 0.09973653 0.05609325
0.35463711 0.01415442 0.00270684 0.01640056 0.05715791 0.32194147 0.20083618 0.27722039 0.12035548 0.25381579 0.17287998 0.10293951 0.05651358
0.35168862 0.01279993 0.00274754 0.01554993 0.08197023 0.33086769 0.19118295 0.27692332 0.11739267 0.25189301 0.17870760 0.10506547 0.07340975
0.35032654 0.01179504 0.00325470 0.01339652 0.07066612 0.32359620 0.19153596 0.27495949 0.11918613 0.25415280 0.16923889 0.10592436 0.06443041
0.34708147 0.01604820 0.00281350 0.01864813 0.07884061 0.33153579 0.19270828 0.27638049 0.11606228 0.25198477 0.17895138 0.10403017 0.06900482
0.34453495 0.01371946 0.00315245 0.01460760 0.06590443 0.32696687 0.19247805 0.27590398 0.12347315 0.24760631 0.17306728 0.10309648 0.06065030
0.34309970 0.01100544 0.00499081 0.01363656 0.10215085 0.33162556 0.19062909 0.27720676 0.11776158 0.25565205 0.17387870 0.10786237 0.06881852
0.34187672 0.01431748 0.00313390 0.01367053 0.08487824 0.33048022 0.19024093 0.28328057 0.12315961 0.25115485 0.17824989 0.09946126 0.06553591
0.34129775 0.00968816 0.00373227 0.00967586 0.07000070 0.33398769 0.19124660 0.27948889 0.12186486 0.25062749 0.16357782 0.11235894 0.06161928
0.33948145 0.01049394 0.00406048 0.00934680 0.06116520 0.33387141 0.18902008 0.28585795 0.11055833 0.25299662 0.18006420 0.10325504 0.06771443
0.33879553 0.00619186 0.00359334 0.00925537 0.05828398 0.33356354 0.19769071 0.28072604 0.12138311 0.25030860 0.16296109 0.10829446 0.05426603
0.33669683 0.01347990 0.00328125 0.01261797 0.06199049 0.33409366 0.18723561 0.27891392 0.11685691 0.24678251 0.17653242 0.10502090 0.06183453
0.33572168 0.00920232 0.00333542 0.00932373 0.06034706 0.33516298 0.18326295 0.28563930 0.11620905 0.24719755 0.17975887 0.10152060 0.06166196
0.33524176 0.00919833 0.00338149 0.00927117 0.05678180 0.33486472 0.18897673 0.27713311 0.11762959 0.24701235 0.16181628 0.10462426 0.05630878
0.33266124 0.00546486 0.00377055 0.00830160 0.05955568 0.33349940 0.18848562 0.27875261 0.10827596 0.24439880 0.18235487 0.10646866 0.06599743
0.32994820 0.01233447 0.00297374 0.01602678 0.06661825 0.33644127 0.19108020 0.28377916 0.11769963 0.24780825 0.15933853 0.10277391 0.05250201
0.32909722 0.01446547 0.00337719 0.01384990 0.06052664 0.33370026 0.18478326 0.28547569 0.10871197 0.24546786 0.17687846 0.10377158 0.05883683
0.32693488 0.00604986 0.00333800 0.00639897 0.04864539 0.33761032 0.19145964 0.28761355 0.10952716 0.24600503 0.17481321 0.10226252 0.05993971
0.32740117 0.01662268 0.00345019 0.01660369 0.06495638 0.33324247 0.18675720 0.29254084 0.11784073 0.24488366 0.16646702 0.10196173 0.05290901
0.32476269 0.01361336 0.00502313 0.01371018 0.06459351 0.33882885 0.18478389 0.28932160 0.10851342 0.24595704 0.17857907 0.10035850 0.05625589
0.32504433 0.01365887 0.00225968 0.01121564 0.06503259 0.33390188 0.18979009 0.28894630 0.11994863 0.24618748 0.15305682 0.10961135 0.05431376
0.32469799 0.01844144 0.00228248 0.02045393 0.07846899 0.34074380 0.19079409 0.29148130 0.10752111 0.24341123 0.17206506 0.10036835 0.05140321
0.32199700 0.00692749 0.00348414 0.00716880 0.08150201 0.33592808 0.19171644 0.28403480 0.10819160 0.24090629 0.16846089 0.11607006 0.05522668
0.32100416 0.01197290 0.00287843 0.01788699 0.08242311 0.34064399 0.18737925 0.29478043 0.10899929 0.23902608 0.16144439 0.10260736 0.06428781
0.32066908 0.00826774 0.00363562 0.00709101 0.06105961 0.33654672 0.17825901 0.28757883 0.10913186 0.23479563 0.17722965 0.10526977 0.06221173
0.31946127 0.01365276 0.00270367 0.01484434 0.06898743 0.34338248 0.18525213 0.29373905 0.12047309 0.23127396 0.15138799 0.10493222 0.05342891
0.31818383 0.01133967 0.00417503 0.01256801 0.06398651 0.33892510 0.18182762 0.29448718 0.10037991 0.23213173 0.17359012 0.09720640 0.06031807
0.31555406 0.01106311 0.00499663 0.01218235 0.05757416 0.34258596 0.18640940 0.29363113 0.10925155 0.23261356 0.15859707 0.10394977 0.06416363
0.31356631 0.00754066 0.00513244 0.00929034 0.05469121 0.34053075 0.18560303 0.29550765 0.10906341 0.22881848 0.15958989 0.09926175 0.06594812
0.30864959 0.01146034 0.00329697 0.01321477 0.05372933 0.34284835 0.18096187 0.29372398 0.10557787 0.22847623 0.16790183 0.10059433 0.05524262
0.30325999 0.00800221 0.00400915 0.00680295 0.06010218 0.34399507 0.18478085 0.29262286 0.11014303 0.22965963 0.15454397 0.10434767 0.05921369
0.30061700 0.01001695 0.00350890 0.01341286 0.06502134 0.34438390 0.17786106 0.29689299 0.09873888 0.22988413 0.17284811 0.09808744 0.05553708
0.29705801 0.01685175 0.00320033 0.01695177 0.05890972 0.34567936 0.17625965 0.29524721 0.11490445 0.23108854 0.15516823 0.10271212 0.06519138
0.29611000 0.01515422 0.00348604 0.01562305 0.06854805 0.34473525 0.17626796 0.29337049 0.10847875 0.23132666 0.15769571 0.10048704 0.05527662
0.29443668 0.01023366 0.00317350 0.01199548 0.09089074 0.35041555 0.17530875 0.30041583 0.10042319 0.22379705 0.16484082 0.09971606 0.05076194
0.29372603 0.00867533 0.00265697 0.00889852 0.03778155 0.34301446 0.18372203 0.29392873 0.10584794 0.22420617 0.15431657 0.10063553 0.06245551
0.29224640 0.00796194 0.00232899 0.00701749 0.04944151 0.35171254 0.18473389 0.29706467 0.10468290 0.22541254 0.16585160 0.10145017 0.05093469
0.29048089 0.01444313 0.00260028 0.01584419 0.06672975 0.34383225 0.17759225 0.29835722 0.10767514 0.22161223 0.15806265 0.10012671 0.05816998
0.29113574 0.01064122 0.00323363 0.01140876 0.05344910 0.35088475 0.18036014 0.29699551 0.10322572 0.21793170 0.15802869 0.10025907 0.05136449
0.29072837 0.00803558 0.00348928 0.01116658 0.04648783 0.34596058 0.18201312 0.29944677 0.10186604 0.21250167 0.15921870 0.10609096 0.05632110
0.28541443 0.00998532 0.00514596 0.00875043 0.04418697 0.34987969 0.17987193 0.29963084 0.10548141 0.21665036 0.15130336 0.10581365 0.05269205
0.28156725 0.01201296 0.00315056 0.01552372 0.05243300 0.34781452 0.17848214 0.29681174 0.09828859 0.21699560 0.15799634 0.10081350 0.06466649
0.27953366 0.00554145 0.00289834 0.00870273 0.03699305 0.34943636 0.17459902 0.30006473 0.11282218 0.21451983 0.15336167 0.09993498 0.06544984
0.27966169 0.01098138 0.00368754 0.01536341 0.04060330 0.34783101 0.18285370 0.29964759 0.10142974 0.21642299 0.15098404 0.09875614 0.07180085
0.27860590 0.00888715 0.00316096 0.00828941 0.04306238 0.35066318 0.17863574 0.29808358 0.10047718 0.21361526 0.16698603 0.10473711 0.05691508
0.27872010 0.01072751 0.00307928 0.00981653 0.05525029 0.34927704 0.18049958 0.30166948 0.10217296 0.21472280 0.14929865 0.09693988 0.05869584
0.27881738 0.00625395 0.00270203 0.00554837 0.02107971 0.35020313 0.18545743 0.29856053 0.10287100 0.21552489 0.15522984 0.10171936 0.05418951
0.27806884 0.01381977 0.00332583 0.01391164 0.03045358 0.35191553 0.17466154 0.30155987 0.10137955 0.21239990 0.15674435 0.10286916 0.05550296
0.27765214 0.00413848 0.00309714 0.00114332 0.00332277 0.34821675 0.18260092 0.30238450 0.10074263 0.21390210 0.15151578 0.09969283 0.04997802
0.27353836 0.00960739 0.00256093 0.00908263 0.02548877 0.35306664 0.17400615 0.29987628 0.09181657 0.21340702 0.15941811 0.09885625 0.05353106
0.27178226 0.01056616 0.00248477 0.00912117 0.05271338 0.34745184 0.18175000 0.30316423 0.10041403 0.21692498 0.14785050 0.09741450 0.05110349
0.27060445 0.00908066 0.00289291 0.01098949 0.04920828 0.35222873 0.17968935 0.30134107 0.09743506 0.22324594 0.14423594 0.09833312 0.05098455
0.26815629 0.00486999 0.00253215 0.00352644 0.04019122 0.34844339 0.17709209 0.30058131 0.09172134 0.22121254 0.15239533 0.09683610 0.06058695
0.26617582 0.00705038 0.00265662 0.00791923 0.03338918 0.35252475 0.18152089 0.30274054 0.09591961 0.21926644 0.14084208 0.09745065 0.05123045
0.26489123 0.00582579 0.00241065 0.00458513 0.04145076 0.34864741 0.17605487 0.30307458 0.09396578 0.21573970 0.15811595 0.09592374 0.05427408
0.26471136 0.01030638 0.00432921 0.00801121 0.01782820 0.35164976 0.18255581 0.30208772 0.10338592 0.21407357 0.15221509 0.10739167 0.05201882
0.26477733 0.01136270 0.00321133 0.01565910 0.04458803 0.34800263 0.17822023 0.30350518 0.11261586 0.21458012 0.14678443 0.09670050 0.05098215
0.26337960 0.00713140 0.00259026 0.00487147 0.05787898 0.35231079 0.17450302 0.30196797 0.10075435 0.21437729 0.15588207 0.09784826 0.05203397
0.26306660 0.00647322 0.00311821 0.00711547 0.05464562 0.34968671 0.18096800 0.30358431 0.09566706 0.21404185 0.14222710 0.09715012 0.05067959
0.25982863 0.01393630 0.00316926 0.01452681 0.05341213 0.35168821 0.17010208 0.30592308 0.09226607 0.21370470 0.16020545 0.10019320 0.05498610
0.25479360 0.01192422 0.00323799 0.01085385 0.05018047 0.35138426 0.18170031 0.30288125 0.10756262 0.21374952 0.13395886 0.09765082 0.04937609
0.25206756 0.00797882 0.00333249 0.00870797 0.06906459 0.35142619 0.17012642 0.30549026 0.09766121 0.21710386 0.15018870 0.09684413 0.04877326
0.24830207 0.01117220 0.00305992 0.01068251 0.08314925 0.35236283 0.17108241 0.30375973 0.09029356 0.21955249 0.15456491 0.09635702 0.05644293
0.24604214 0.01194200 0.00276851 0.01229489 0.07592257 0.35166572 0.17222481 0.30384963 0.09442744 0.21992047 0.14114800 0.09610936 0.05064980
0.24396549 0.00993689 0.00494411 0.01056023 0.07357430 0.35386187 0.16458079 0.30366960 0.09572658 0.21711278 0.14987200 0.09716119 0.04914253
0.24199976 0.01318971 0.00305760 0.01174430 0.06090252 0.35285842 0.17909231 0.30379547 0.09338178 0.21503810 0.13275878 0.09728635 0.05113982
0.24001674 0.00840504 0.00320687 0.01043331 0.04510785 0.35570975 0.16601244 0.30480268 0.08798717 0.21581384 0.14588875 0.09958730 0.06009583
0.23570398 0.00776506 0.00223433 0.00868948 0.04127440 0.35187065 0.17522425 0.30585921 0.09020969 0.21488224 0.14166151 0.09723828 0.05565376
0.23289000 0.01050939 0.00211225 0.01255772 0.05340665 0.35676576 0.16474233 0.30516766 0.09658744 0.21582380 0.14128125 0.09554115 0.05240452
0.22942876 0.00630057 0.00226750 0.00544279 0.03863605 0.35431240 0.16497345 0.30657131 0.09372288 0.21547933 0.14926413 0.09357489 0.06172641
0.22821276 0.00509066 0.00189260 0.00755884 0.04910287 0.35612645 0.17159869 0.30743173 0.09058317 0.21335570 0.13842319 0.09573085 0.04752891
0.22273964 0.01675038 0.00253257 0.01717572 0.03608794 0.35717909 0.16613283 0.30529999 0.08580342 0.21298458 0.14509771 0.09343846 0.04799696
0.22385819 0.00534684 0.00308810 0.00337753 0.04826451 0.35715496 0.18013734 0.30994953 0.09035584 0.20788739 0.13367571 0.09239187 0.04722985
0.22619545 0.00799273 0.00288229 0.00648951 0.05434995 0.35686634 0.16317849 0.30978318 0.09027924 0.20962055 0.13505698 0.09263516 0.04892497
0.22465693 0.00512980 0.00239285 0.00213132 0.02764420 0.35809700 0.16884719 0.30785313 0.08369345 0.20678499 0.14379925 0.09437241 0.04663064
0.22680602 0.00872596 0.00157934 0.00587225 0.03751935 0.35772433 0.16669660 0.31147018 0.09026274 0.20365639 0.13765458 0.09147388 0.04958958
0.22317808 0.01282306 0.00213133 0.01274624 0.03405405 0.35676659 0.16819463 0.30976818 0.09281105 0.19703008 0.14836770 0.09453762 0.04742933
0.22345749 0.00672291 0.00172107 0.00372800 0.02314332 0.35987625 0.17109419 0.30892005 0.09854112 0.20196307 0.12855708 0.09870556 0.04723716
0.22119855 0.01250367 0.00253832 0.01386344 0.04458998 0.35544734 0.15770649 0.31133166 0.08963438 0.19999778 0.14105941 0.09581505 0.04880061
0.22081461 0.00849787 0.00216358 0.00800416 0.04012797 0.36028455 0.16985992 0.30990539 0.08409447 0.19859619 0.13123261 0.09502424 0.05632659
0.22010091 0.00810511 0.00236633 0.00917898 0.03378047 0.35636314 0.16435159 0.31220846 0.08518886 0.19839247 0.13783517 0.09336642 0.04960234
0.21715119 0.00328204 0.00233325 0.00482173 0.01944264 0.35931902 0.16906878 0.31388384 0.08387314 0.20163571 0.13699898 0.09530057 0.07049687
0.21665892 0.00520416 0.00254000 0.00434310 0.00760497 0.35733661 0.16808916 0.31090398 0.08840408 0.20077903 0.12577866 0.09386147 0.04762911
0.21785499 0.00575287 0.00222392 0.00342305 0.00677422 0.35845258 0.15723125 0.31300261 0.08555150 0.20531119 0.14061015 0.09453636 0.06108761
0.21835796 0.00345309 0.00207740 0.00233822 0.00353929 0.35902589 0.17001378 0.31314467 0.08375901 0.20460121 0.12726845 0.09106979 0.04826747
0.21784163 0.00331470 0.00206979 0.00419060 0.03942944 0.35858899 0.15715675 0.30989336 0.07387595 0.20551129 0.12947657 0.09663205 0.05516312
0.21507341 0.00324459 0.00244728 0.00492692 0.04217614 0.35796411 0.16650743 0.31565463 0.07506614 0.20415912 0.13141361 0.09349778 0.04841470
0.21394892 0.00536722 0.00237284 0.00774238 0.04122082 0.35847258 0.16885993 0.31294074 0.08370194 0.20146762 0.11578849 0.09740666 0.05941047
0.21218354 0.00620318 0.00242810 0.00584758 0.04484741 0.35835178 0.15614212 0.31295309 0.07635025 0.20292614 0.13629890 0.09163968 0.04880800
0.21090565 0.00624713 0.00211554 0.00700327 0.04104361 0.35852210 0.16839099 0.31530548 0.08491402 0.20170364 0.11677502 0.09019836 0.04745266
0.20616362 0.00634442 0.00374409 0.00576157 0.04526815 0.35925064 0.15380442 0.31595593 0.07731125 0.20320256 0.13007461 0.09108466 0.04929510
0.20715093 0.01010802 0.00288868 0.01327769 0.03621494 0.35667758 0.17199943 0.31495017 0.07482245 0.19863407 0.12658585 0.10034664 0.04654028
0.20805433 0.01000200 0.00315066 0.01226868 0.04653339 0.36173549 0.16348005 0.31598192 0.08573090 0.20033489 0.12255120 0.09299313 0.04888020
0.20867617 0.00571867 0.00205141 0.00324799 0.03290652 0.35464030 0.16581710 0.31296388 0.07979821 0.19648485 0.13536488 0.09327036 0.04899641
0.20938422 0.00489534 0.00162784 0.00523405 0.05113967 0.36238081 0.17173352 0.31494681 0.07629574 0.19755385 0.12159523 0.09055579 0.04868770
0.20769250 0.00426547 0.00155199 0.00289697 0.04115607 0.35642373 0.16231293 0.31520700 0.07493207 0.19570701 0.13168770 0.09239300 0.04785878
0.20484624 0.00843783 0.00212793 0.01216821 0.02817448 0.36051304 0.16934644 0.31356645 0.07422286 0.19440440 0.12063918 0.09697843 0.04798824
0.20350871 0.00633273 0.00211084 0.00563674 0.04090651 0.35954451 0.16479964 0.31949020 0.07717013 0.19341746 0.12484186 0.08963928 0.04609458
0.20199863 0.01240907 0.00216611 0.01204873 0.02957736 0.35792053 0.16333132 0.31518444 0.07223393 0.19304150 0.12961092 0.09726060 0.04718985
0.19980094 0.00639612 0.00323784 0.00607540 0.03560593 0.36070180 0.16488866 0.31838245 0.07862168 0.19087237 0.11748679 0.09586784 0.05855882
0.19622383 0.00507883 0.00249601 0.00663794 0.03464797 0.35853298 0.15617652 0.31809816 0.07238190 0.19193650 0.12805556 0.09179629 0.04777513
0.20313165 0.00272453 0.00240101 0.00192798 0.01840560 0.35963803 0.16417349 0.31769726 0.07260521 0.19139710 0.12454458 0.09721562 0.05379475
0.20221148 0.01211102 0.00233209 0.01248076 0.01263248 0.35909311 0.15840132 0.32074619 0.07584253 0.18946956 0.11459536 0.09016454 0.05718962
0.19938009 0.00568839 0.00209185 0.00680835 0.04904120 0.35892963 0.16088419 0.31541357 0.06928885 0.18869291 0.12450233 0.09536306 0.05133016
0.19789091 0.00593865 0.00214881 0.00805903 0.04385848 0.35737683 0.15979767 0.31795688 0.07504993 0.18860492 0.11490395 0.09405558 0.05474713
0.19570314 0.00946007 0.00311880 0.01440806 0.02609586 0.36279286 0.15215938 0.31963413 0.06752437 0.18858436 0.12745108 0.09094698 0.05289247
0.19475762 0.00312469 0.00309714 0.00422248 0.00668085 0.35480140 0.16622483 0.31654277 0.07613594 0.19037665 0.11732754 0.09185422 0.04838237
0.18937330 0.00595432 0.00343276 0.00695796 0.04080391 0.36324898 0.15955181 0.31854644 0.07352115 0.19148869 0.11541771 0.09108302 0.05726948
0.18906235 0.00400961 0.00399569 0.00433800 0.03025871 0.35546822 0.16013278 0.32143217 0.07665996 0.18494310 0.12148509 0.08792937 0.04714709
0.18801110 0.00631391 0.00273826 0.00582535 0.05836808 0.36132519 0.15752148 0.31834007 0.06601855 0.18881605 0.11035626 0.09188367 0.05932359
0.18732915 0.00809632 0.00198754 0.00923401 0.07597723 0.35857382 0.14974884 0.32155777 0.06990478 0.18442861 0.12110616 0.09071145 0.04719282
0.18847784 0.01226401 0.00208796 0.01638359 0.06026286 0.36012701 0.16165541 0.32097784 0.07587087 0.17761438 0.10346160 0.09214656 0.04874243
0.18993737 0.00965274 0.00195633 0.01190123 0.05948541 0.36093426 0.15877927 0.31781238 0.07092081 0.17679719 0.11888872 0.09675165 0.06151198
0.18837754 0.00757925 0.00164659 0.00881571 0.05790158 0.35968540 0.15636313 0.31826397 0.06818154 0.17757944 0.11626420 0.09151893 0.05352962
0.18566701 0.00841006 0.00236632 0.00741708 0.02634733 0.35953453 0.15959058 0.31772627 0.08088324 0.17761824 0.10506216 0.09225376 0.05557365
0.18243726 0.00767336 0.00203363 0.00872397 0.03193285 0.35983717 0.15886255 0.31919444 0.06532188 0.17877720 0.12164394 0.09651872 0.04655657
0.18115169 0.01004839 0.00205771 0.01090072 0.04858295 0.36002568 0.16157133 0.32172168 0.06879665 0.18078302 0.10691355 0.09052000 0.04914037
0.17969064 0.00439376 0.00210066 0.00640702 0.04999734 0.35958906 0.15644469 0.32005737 0.07343504 0.18186233 0.12486898 0.08997188 0.05348905
0.17937805 0.00311275 0.00345566 0.00145787 0.01933479 0.36152362 0.15698543 0.32101188 0.06997428 0.18786100 0.12130961 0.08762170 0.04832430
0.17726470 0.00285614 0.00272641 0.00087423 0.00524731 0.35717804 0.16636621 0.32207773 0.07214559 0.18962403 0.11044599 0.09164098 0.04728408
0.17673691 0.00288915 0.00238613 0.00329627 0.04193862 0.36205079 0.15693602 0.31971184 0.05582529 0.18060820 0.12200675 0.09695540 0.04600938
0.17892853 0.00270411 0.00219923 0.00105662 0.02439595 0.35714572 0.16392643 0.31876834 0.06422573 0.17628992 0.09839240 0.09213540 0.04641678
0.17672425 0.00367840 0.00196167 0.00074379 0.00268817 0.36272561 0.15691130 0.31836179 0.06766473 0.17495189 0.11464502 0.08939236 0.04650855
0.17604918 0.00252205 0.00189289 0.00050814 0.00207981 0.35806321 0.16105043 0.31757591 0.06308567 0.17400852 0.11465488 0.08967865 0.04680880
0.17808905 0.01708101 0.00169748 0.01707592 0.02390746 0.36338479 0.16581145 0.31907361 0.07401176 0.17083000 0.10905835 0.09342061 0.04589218
0.17735251 0.00699854 0.00160096 0.00449355 0.03180693 0.36013682 0.15491383 0.32139062 0.06056144 0.17036689 0.11768858 0.09058495 0.04793243
0.17485769 0.00636751 0.00148613 0.00621933 0.03032338 0.36221569 0.16644874 0.32134500 0.06460551 0.17232702 0.10002612 0.09184190 0.04627085
0.16901686 0.00238975 0.00179436 0.00071422 0.00156143 0.36100107 0.15660714 0.32371074 0.05410951 0.16965724 0.11414229 0.08824724 0.04727667
0.16346955 0.00442355 0.00230962 0.00131311 0.00874386 0.36076454 0.16107760 0.32307201 0.06312076 0.17177615 0.10663701 0.09311401 0.04648007
0.16157409 0.00289381 0.00221598 0.00054503 0.00217209 0.36172904 0.16714063 0.32343945 0.06482460 0.17323660 0.11083999 0.09139537 0.04595774
0.16210955 0.00213040 0.00224217 0.00220389 0.02193786 0.36061265 0.16046373 0.32247927 0.05553883 0.17412289 0.11898828 0.09352083 0.04648990
0.17178278 0.00224894 0.00308987 0.00091159 0.00419096 0.36262423 0.16421572 0.31972154 0.05856744 0.17374110 0.10457383 0.09210898 0.05788074
0.16940229 0.00637262 0.00457033 0.00827346 0.03684054 0.36046232 0.14917938 0.31959579 0.05902545 0.17874537 0.11243655 0.09771056 0.05499151
0.16771771 0.00820893 0.00246567 0.00958479 0.03624950 0.36284464 0.15568186 0.31942167 0.06567062 0.18184721 0.10294339 0.08802559 0.05397859
0.16648934 0.00388664 0.00217738 0.00351259 0.03801636 0.35959818 0.15362578 0.31929463 0.06251921 0.18071420 0.11626769 0.09860767 0.05103226
0.16589540 0.00732015 0.00218901 0.01278163 0.04100208 0.36469368 0.15388699 0.32210956 0.06424877 0.17874778 0.11410164 0.08808335 0.04387639
0.15769225 0.00687120 0.00167695 0.00559150 0.02646843 0.36002275 0.15720252 0.32281206 0.06352243 0.18163874 0.10473823 0.08949574 0.05247388
0.15668084 0.00334073 0.00198261 0.00131829 0.03791957 0.36423565 0.14750860 0.32179143 0.05780398 0.18017645 0.11402245 0.08713636 0.04458076
0.15468441 0.00717195 0.00143382 0.00935778 0.05558624 0.36075848 0.15475286 0.32418951 0.06127592 0.17693861 0.09620098 0.08781064 0.04327641
0.15046965 0.00569132 0.00202990 0.00517555 0.02931260 0.36321137 0.14486434 0.32232928 0.06162458 0.17805560 0.10740225 0.08785825 0.04374773
0.14686394 0.00358354 0.00355041 0.00267146 0.03819311 0.36144215 0.14788357 0.32215796 0.06544559 0.17682647 0.10482025 0.09714593 0.04296323
0.14364477 0.00677153 0.00229796 0.00416385 0.01819200 0.36142818 0.15559262 0.32067210 0.06177448 0.17439222 0.10607504 0.08808497 0.04507529
0.14050425 0.00806273 0.00172365 0.00792695 0.03349283 0.36260347 0.15108487 0.31873192 0.06006480 0.17226345 0.11177943 0.09150352 0.04424427
0.14076017 0.00347171 0.00183691 0.00249970 0.03794468 0.36134350 0.15787875 0.32092763 0.05848193 0.17359960 0.09554816 0.09033338 0.05109665
0.14097879 0.00384670 0.00199359 0.00434347 0.02820663 0.36351717 0.14705687 0.32167909 0.05132142 0.17473625 0.11175547 0.08826569 0.04684034
0.13923235 0.00426551 0.00215787 0.00321068 0.02363888 0.36130392 0.15502512 0.32372777 0.05731164 0.17352736 0.09461878 0.09375723 0.04821243
0.14287514 0.00699172 0.00213208 0.00571765 0.03518226 0.36409283 0.15048228 0.32645821 0.05510978 0.17554423 0.10869281 0.08735227 0.04369627
0.14149295 0.00347781 0.00399038 0.00384402 0.03260851 0.36157115 0.15643907 0.32496736 0.05216426 0.17600230 0.10683590 0.08570874 0.04901811
0.14216252 0.00261502 0.00212356 0.00116393 0.00391863 0.36450251 0.15029902 0.32441249 0.05974828 0.17605735 0.10233410 0.08383840 0.04302443
0.14140922 0.00234385 0.00267943 0.00284155 0.04641519 0.36093865 0.13982015 0.32469386 0.05020512 0.17407580 0.11553759 0.09314666 0.04403454
0.13936030 0.00400052 0.00250709 0.00448088 0.04910303 0.36459603 0.15124255 0.32437904 0.05887607 0.16947075 0.09083693 0.08964927 0.04263026
0.14225572 0.00882018 0.00267108 0.00534134 0.03735322 0.36084681 0.14771438 0.32101623 0.06101888 0.16952357 0.10416917 0.09586921 0.04208286
0.13809932 0.00439027 0.00243067 0.00282908 0.03671946 0.36384932 0.14767431 0.32151200 0.05477537 0.16611270 0.10283535 0.08688765 0.04251855
0.13736800 0.00508195 0.00232702 0.00363103 0.03152741 0.36099874 0.14674437 0.32234780 0.05272260 0.16567809 0.10422998 0.08857307 0.05149793
0.13648134 0.01607716 0.00177983 0.01628404 0.03928529 0.36332417 0.13592898 0.32446592 0.05480773 0.16518217 0.11105152 0.09033407 0.04934006
0.13650650 0.00833715 0.00149370 0.00924791 0.03688901 0.36168312 0.14304456 0.32647860 0.06830737 0.16290551 0.09203363 0.08647271 0.04761702
0.13139433 0.00558698 0.00190678 0.00927457 0.05061869 0.36168142 0.13719769 0.32502074 0.06031360 0.16325584 0.10121543 0.08644480 0.05249614
0.13086411 0.00542998 0.00155061 0.00330078 0.04234085 0.36273969 0.14247927 0.32758216 0.06848999 0.16187811 0.10240327 0.08550406 0.04067781
0.12884606 0.01465949 0.00275494 0.01429419 0.05320371 0.36047708 0.13917212 0.32673507 0.06072950 0.15901647 0.11064962 0.08836532 0.04911532
0.12635900 0.01328913 0.00234353 0.01299750 0.04619082 0.36299689 0.14383528 0.32478497 0.06367051 0.16361478 0.09965683 0.08858906 0.04152248
0.12405337 0.00431739 0.00168049 0.00648189 0.03549284 0.36047865 0.14822289 0.32544375 0.05942343 0.16235208 0.10345305 0.09338478 0.05224599
0.12215575 0.01139176 0.00166020 0.01298626 0.05763885 0.36410342 0.13430128 0.32503530 0.06023374 0.16000511 0.10019781 0.08966140 0.05002720
0.12143303 0.00421360 0.00151190 0.00611577 0.04538140 0.36049527 0.14342768 0.32249704 0.06183646 0.15547811 0.09718269 0.08885857 0.05150848
0.12062727 0.01037260 0.00137565 0.01294302 0.05443504 0.36479849 0.13427723 0.32529984 0.05672553 0.15658272 0.11169039 0.08603107 0.05148475
0.11905290 0.00707248 0.00128528 0.00906701 0.03982970 0.36088389 0.14409507 0.32583884 0.06616077 0.15559201 0.09960364 0.09008996 0.05249932
0.11787522 0.01383682 0.00137890 0.01438042 0.02358058 0.36574417 0.14164439 0.32769621 0.05646544 0.15343052 0.11426632 0.09061519 0.05995707
0.12157832 0.00584488 0.00192544 0.00613629 0.02560423 0.36146043 0.14228237 0.32872972 0.06473290 0.15390072 0.10094466 0.08959837 0.05789272
0.11612393 0.01309154 0.00289994 0.01200387 0.03593468 0.36468633 0.15214362 0.32687457 0.06677356 0.15591212 0.09296345 0.08474090 0.05539465
0.11420591 0.00669163 0.00160797 0.00857468 0.04416649 0.36330146 0.14197541 0.32820923 0.06180525 0.15817312 0.10843735 0.08839412 0.04559955
0.11343746 0.00488966 0.00145219 0.00443339 0.02673471 0.36379093 0.14653851 0.32688997 0.05864057 0.15760594 0.10413074 0.09150688 0.04827548
0.11413716 0.00562790 0.00117079 0.00411252 0.02989654 0.36424979 0.13701078 0.32511064 0.07036994 0.15645208 0.10711842 0.09148768 0.05029171
0.11485540 0.00365388 0.00142772 0.00109810 0.00551393 0.36272402 0.13860652 0.32447289 0.07390286 0.15810545 0.10846868 0.08955043 0.04265545
0.11424032 0.00225901 0.00203796 0.00396354 0.00605840 0.36456731 0.14453315 0.32420616 0.05962942 0.15752504 0.11259842 0.09066567 0.04223064
0.11344439 0.00157826 0.00146325 0.00177913 0.00131509 0.36118123 0.14125592 0.32588954 0.06132123 0.15703134 0.10581304 0.08657810 0.05475106
0.11217189 0.00620492 0.00115760 0.00504001 0.03543848 0.36447775 0.14047366 0.32719691 0.06128630 0.15436849 0.10450536 0.08580593 0.03989013
0.11189859 0.00797814 0.00459522 0.00826324 0.03067442 0.36071401 0.13237520 0.32862713 0.05962198 0.15663031 0.10091443 0.09268561 0.04568012
0.11693798 0.00872998 0.00135563 0.00976443 0.04175214 0.36475408 0.13606006 0.32798280 0.05806494 0.15801399 0.10627701 0.08470290 0.04199818
0.11389178 0.00763091 0.00131564 0.00831396 0.06773714 0.36106455 0.13573741 0.32803215 0.05515621 0.16261908 0.11248520 0.09167161 0.04038920
0.11462082 0.00480478 0.00209412 0.00430293 0.04331928 0.36406794 0.13716172 0.32828507 0.06256290 0.16427955 0.10065438 0.08428983 0.04163507
0.11440061 0.00536311 0.00228097 0.00581145 0.02882111 0.36043909 0.13462205 0.32578658 0.06561700 0.15977172 0.10580559 0.08863221 0.03729452
0.11088433 0.00924103 0.00208434 0.00931850 0.05832601 0.36488202 0.13595205 0.32670247 0.06407238 0.15384680 0.09379528 0.08847215 0.04244093
0.10957592 0.01384921 0.00147616 0.01498322 0.04890008 0.36137302 0.13405260 0.32471083 0.05819078 0.15248242 0.10691764 0.08853535 0.04865365
0.10984269 0.01013246 0.00191683 0.01108998 0.04575662 0.36455032 0.13101158 0.32635637 0.05862971 0.14722101 0.10626427 0.08610531 0.04191426
0.11141333 0.00985575 0.00148503 0.00905211 0.03493678 0.36276950 0.13442547 0.32697547 0.06692209 0.14376369 0.10123848 0.08995502 0.04071954
0.11134713 0.00367742 0.00407847 0.00066052 0.00453573 0.36434476 0.13467223 0.32897182 0.06251956 0.13825638 0.11001785 0.08776612 0.03884665
0.11001427 0.00187125 0.00171819 0.00048898 0.00120016 0.36377285 0.14502093 0.32901003 0.06092143 0.13815028 0.09777493 0.08442075 0.03747930
0.10815124 0.00194832 0.00150722 0.00520597 0.00551555 0.36293457 0.13576062 0.32901264 0.05368594 0.13938938 0.11068779 0.08757363 0.04062759
0.10466076 0.00414846 0.00149792 0.00396642 0.00602551 0.36525814 0.13018553 0.32826568 0.06299770 0.13956944 0.10224970 0.08608549 0.05531443
0.10205922 0.00362095 0.00191437 0.00053737 0.00184813 0.36173515 0.13513708 0.32668558 0.06771392 0.14001770 0.10124179 0.08720166 0.03974976
0.09922236 0.00295497 0.00221501 0.00046659 0.00376886 0.36571654 0.13135978 0.32725638 0.05960425 0.14015405 0.11141006 0.08782627 0.03849909
0.09810162 0.00152444 0.00249976 0.00038257 0.00379055 0.36121034 0.14021769 0.32521716 0.05847102 0.13575808 0.10248984 0.08849887 0.03898805
0.08897964 0.00771977 0.00126270 0.01136864 0.03348185 0.36669679 0.13894783 0.32544265 0.05629829 0.13550944 0.10889315 0.08649331 0.03863749
0.08849310 0.00343466 0.00112636 0.00307372 0.00523589 0.36205353 0.13618658 0.32596695 0.06704913 0.13461029 0.10161690 0.08550449 0.04372369
0.08722970 0.00313548 0.00145219 0.00071716 0.00344545 0.36651388 0.13696216 0.32785830 0.07178145 0.13680552 0.10293969 0.08500882 0.03812489
0.08687537 0.00317317 0.00096051 0.00317077 0.02238242 0.36233700 0.12902824 0.32823952 0.05883667 0.13680896 0.11261283 0.08682438 0.03890323
0.08592364 0.01024276 0.00095928 0.01240081 0.04933267 0.36658830 0.13740044 0.33018132 0.05975019 0.13355944 0.10154482 0.08444416 0.03759489
0.08867735 0.00595671 0.00090788 0.00283986 0.03184632 0.36376388 0.13086601 0.32934944 0.06180963 0.13493002 0.10733097 0.08270116 0.04062677
0.08794286 0.00667855 0.00096573 0.00633221 0.04774996 0.36617541 0.12773652 0.32859889 0.07175282 0.13134351 0.10346775 0.08276184 0.04701799
0.08759768 0.00594394 0.00128213 0.00677121 0.04115805 0.36478450 0.13230910 0.32908766 0.06707348 0.13376953 0.10219448 0.08837222 0.03812495
0.08809536 0.01204201 0.00160099 0.01037279 0.03252236 0.36529035 0.12994459 0.32758396 0.06455958 0.13407890 0.10238970 0.08772864 0.04546349
0.08858826 0.00839824 0.00106148 0.00745410 0.04002803 0.36539742 0.12659051 0.32657347 0.06390204 0.13987793 0.10039024 0.08704704 0.05437406
0.08904586 0.00705005 0.00282774 0.00804541 0.04053536 0.36526215 0.12395030 0.32603537 0.06297974 0.13870778 0.10553033 0.08448091 0.03734036
0.09138470 0.00275222 0.00213473 0.00296102 0.00300465 0.36513762 0.12328030 0.32763982 0.06599227 0.13694178 0.09450972 0.08784573 0.04664892
0.09483997 0.00146254 0.00116832 0.00107571 0.00139603 0.36379971 0.13392781 0.32810569 0.05738382 0.13569231 0.10680880 0.08904986 0.03485851
0.09725550 0.00124701 0.00122951 0.00036313 0.00086467 0.36566526 0.13547413 0.32934929 0.05657159 0.13479255 0.09923900 0.08295828 0.03805915
0.09757954 0.00482590 0.00087427 0.00690194 0.02616708 0.36282828 0.12546320 0.32966446 0.05517196 0.12583328 0.10611807 0.08305044 0.03833195
0.09728182 0.00623776 0.00106957 0.00854206 0.02489004 0.36631276 0.13391674 0.33013453 0.05649652 0.12646334 0.09483155 0.08145549 0.03709306
0.09699186 0.00447063 0.00090849 0.00203959 0.02083470 0.36254294 0.12547109 0.32948033 0.05558642 0.12651041 0.09958209 0.08469548 0.03821058
0.09572555 0.00577262 0.00202635 0.00602798 0.03513636 0.36659211 0.12468946 0.32889497 0.05192801 0.13089611 0.10107096 0.08471893 0.03639315
0.09380630 0.00766292 0.00222858 0.00840827 0.04585529 0.36319621 0.11989049 0.32755666 0.05913124 0.13318730 0.09357771 0.08871823 0.03609592
0.09026960 0.00390356 0.00164424 0.00251624 0.01993444 0.36613971 0.12250432 0.32724356 0.05359979 0.13595751 0.09884303 0.08855802 0.03704729
0.08793122 0.00330913 0.00124604 0.00561168 0.02811436 0.36389785 0.12182907 0.32684932 0.05338833 0.13773408 0.10112916 0.08531750 0.03445069
0.08687960 0.00218385 0.00137832 0.00348712 0.04138594 0.36578777 0.12261162 0.32712835 0.05596460 0.13369791 0.09241415 0.08438745 0.03463655
0.08676921 0.00320949 0.00118627 0.00305725 0.02117977 0.36490839 0.12684300 0.33029965 0.05504442 0.13165020 0.09507514 0.08397400 0.03469234
0.08106353 0.00575835 0.00131072 0.00367629 0.02398585 0.36657250 0.11746334 0.33074156 0.05904480 0.13047381 0.09293579 0.08591880 0.03492338
0.08133434 0.00322562 0.00142815 0.00303437 0.03816203 0.36516138 0.11831390 0.33076880 0.05031981 0.13066722 0.09483934 0.08138991 0.03832473
0.08213157 0.00511002 0.00080987 0.00346009 0.02847384 0.36622145 0.11607385 0.33080668 0.05613376 0.12944928 0.09200084 0.08044143 0.03456170
0.08140727 0.00502989 0.00073361 0.00355975 0.02766901 0.36571579 0.11332555 0.33029244 0.06400554 0.12883702 0.09484609 0.08273058 0.03602852
0.08035727 0.01381478 0.00073577 0.01387930 0.02628997 0.36513300 0.12396059 0.32983790 0.05429920 0.12789273 0.09716882 0.08393954 0.03346931
0.08023639 0.00137323 0.00091559 0.00061230 0.00300148 0.36747740 0.11465031 0.32893529 0.05191527 0.12982137 0.09162907 0.08436000 0.03589034
0.08013233 0.00332024 0.00095712 0.00302024 0.03546370 0.36432407 0.12455338 0.32691416 0.05140532 0.12482674 0.08967429 0.08225198 0.03577296
0.07960070 0.00922489 0.00104706 0.01044404 0.03075560 0.36809707 0.11113218 0.32826100 0.06018723 0.12657573 0.09523961 0.08408848 0.04531154
0.07895151 0.00445910 0.00119166 0.00644048 0.03017470 0.36425336 0.11893701 0.32838185 0.05313708 0.12349092 0.08845640 0.08285410 0.05060357
0.07862797 0.00839260 0.00091277 0.01023757 0.03986479 0.36755035 0.11763769 0.33107319 0.05299077 0.12495181 0.09269691 0.08312254 0.04139426
0.07857250 0.00331672 0.00203391 0.00451117 0.00509627 0.36529487 0.12366242 0.33198350 0.06660483 0.12294484 0.08840039 0.08525583 0.04179849
0.07769058 0.00830256 0.00438893 0.00894177 0.01744122 0.36656913 0.12461315 0.33125745 0.04984392 0.11995375 0.09033215 0.08804976 0.05154603
0.07710049 0.00166049 0.00219217 0.00167466 0.00134006 0.36551328 0.12060052 0.33117053 0.04924706 0.12414905 0.09320807 0.08247569 0.03813747
0.07775418 0.00915181 0.00137719 0.00757678 0.01854001 0.36655412 0.11708232 0.33150244 0.05376218 0.12273362 0.08693169 0.08221223 0.04681210
0.07896540 0.00304697 0.00325630 0.00404270 0.03216712 0.36530042 0.11691787 0.32915821 0.05514048 0.12833730 0.09368811 0.08608918 0.03420208
0.08075961 0.00132806 0.00123162 0.00199642 0.00157613 0.36668032 0.11894165 0.32892620 0.05240695 0.12603624 0.08802724 0.08441860 0.04915363
0.08013760 0.00146404 0.00116312 0.00151518 0.00134373 0.36506966 0.12140296 0.32740556 0.04615916 0.12098855 0.09666861 0.08734864 0.03288553
0.08052842 0.00471520 0.00103248 0.00353883 0.02906818 0.36609081 0.11760282 0.32739400 0.05264637 0.11880293 0.08336463 0.08171651 0.03851610
0.08148147 0.00640895 0.00070239 0.00875815 0.03965874 0.36544358 0.11292139 0.32933229 0.04959965 0.11889489 0.08757078 0.08265151 0.04767578
0.08547609 0.00405428 0.00076585 0.00344170 0.04173344 0.36557374 0.11406835 0.33019181 0.05364875 0.11967568 0.08759734 0.08394770 0.03701279
0.08353662 0.00341398 0.00091383 0.00752293 0.02609140 0.36679813 0.11700762 0.33275979 0.04985731 0.12232116 0.08428408 0.07995032 0.04838326
0.08164175 0.00397879 0.00125190 0.00400933 0.03940206 0.36482207 0.11076613 0.33147056 0.05561774 0.12442351 0.09556073 0.07926155 0.03277851
0.08123869 0.00346887 0.00142066 0.00180308 0.00432365 0.36675493 0.11606538 0.33155440 0.05670572 0.12752694 0.08118316 0.07997512 0.04490596
0.08115692 0.00168267 0.00144847 0.00267110 0.00298169 0.36519589 0.10946498 0.33089879 0.05813801 0.13466034 0.08979994 0.08209584 0.03142690
0.07905091 0.00355383 0.00157545 0.00143318 0.00473196 0.36669032 0.11533873 0.32982006 0.05319292 0.13109320 0.08387060 0.08486961 0.04004420
0.08082870 0.00349843 0.00137883 0.00520664 0.02190149 0.36586335 0.11168658 0.32812171 0.05521272 0.13041071 0.09470110 0.08484123 0.03299070
0.07893344 0.00236741 0.00127277 0.00079831 0.00190489 0.36695414 0.11597578 0.32852477 0.05810670 0.12903462 0.09207712 0.08203695 0.03362831
0.08018776 0.00175998 0.00130792 0.00059409 0.00116481 0.36553497 0.11600671 0.32875096 0.05892487 0.12832436 0.09384667 0.08331023 0.03493667
0.07901623 0.00394169 0.00132062 0.00202902 0.02529349 0.36766559 0.11528879 0.33005432 0.05565754 0.12652249 0.09045984 0.08301245 0.03317566
0.07873211 0.00507169 0.00092336 0.00683966 0.03710251 0.36475222 0.12020112 0.33156161 0.04788046 0.12656332 0.08559761 0.08140491 0.03373986
0.07839111 0.00575185 0.00084820 0.00544986 0.02888727 0.36790325 0.11059462 0.33282582 0.04838526 0.12518893 0.09183522 0.08201747 0.03943172
0.08358457 0.00398819 0.00104699 0.00441978 0.02258148 0.36555319 0.11290198 0.33214236 0.05022553 0.12607168 0.09177794 0.07962449 0.03634118
0.08220392 0.00286606 0.00131771 0.00363792 0.03821624 0.36606692 0.11280620 0.33285778 0.05476698 0.12824668 0.08653022 0.08076778 0.05298290
0.08393724 0.00514521 0.00100454 0.00821838 0.04016221 0.36613024 0.11656630 0.33025423 0.04942605 0.13007758 0.09201251 0.08390048 0.03364829
0.07829606 0.01048484 0.00143297 0.00921339 0.03741901 0.36613959 0.12021534 0.33014948 0.04969798 0.13156052 0.08441718 0.08406909 0.04279085
0.07709784 0.00407911 0.00106796 0.00311398 0.02327830 0.36637232 0.11338705 0.32855856 0.05692110 0.13295510 0.08756857 0.08394423 0.03328409
0.07666335 0.00596765 0.00100188 0.00444058 0.03609911 0.36608994 0.11641338 0.32860670 0.05653750 0.12910735 0.08896544 0.08265126 0.03760456
0.07794210 0.00576898 0.00197904 0.00650220 0.04528594 0.36600237 0.11619592 0.32922984 0.06352106 0.12654715 0.08911985 0.08245636 0.03657778
0.07666540 0.00377702 0.00442249 0.00458171 0.04817471 0.36595807 0.11428374 0.33037620 0.04911384 0.12726532 0.09243892 0.08314953 0.03349833
0.07286731 0.01407407 0.00240485 0.01452893 0.04271168 0.36485289 0.10354485 0.33073575 0.05036448 0.12662040 0.09128163 0.08215025 0.03305715
0.07169585 0.01559296 0.00186028 0.01797666 0.05908528 0.36602773 0.10740169 0.33388160 0.05462524 0.12490073 0.07814512 0.08426804 0.03360702
0.07262647 0.00478477 0.00171037 0.00610424 0.04229683 0.36562089 0.10504801 0.33267871 0.05868850 0.12456742 0.08740291 0.07972225 0.03270724
0.07845065 0.00647947 0.00112648 0.00600413 0.05525234 0.36492551 0.10783893 0.33118611 0.06145208 0.12011305 0.08090910 0.08164906 0.03207861
0.07795734 0.01407179 0.00089516 0.01478621 0.04849623 0.36667235 0.10590949 0.33180507 0.05030842 0.11853446 0.09200823 0.08255048 0.03345622
0.07815729 0.00751366 0.00092546 0.01116813 0.03324008 0.36470825 0.10735426 0.32907598 0.04941405 0.11892472 0.08854703 0.08414328 0.04402523
0.07719563 0.00226075 0.00107863 0.00255324 0.02908821 0.36633435 0.11559924 0.32891893 0.05553284 0.11870679 0.07880421 0.08249539 0.03383905
0.06787593 0.00756599 0.00101310 0.01114272 0.04902191 0.36572617 0.10831559 0.32772971 0.04740757 0.11991392 0.08942003 0.08258427 0.03411235
0.06812285 0.00952785 0.00089937 0.01103776 0.04659785 0.36571467 0.10546717 0.32943178 0.05078653 0.12062296 0.07594954 0.08107110 0.03573374
0.07087486 0.00318388 0.00217103 0.00270337 0.04411172 0.36669234 0.10469541 0.33153739 0.04729962 0.11887915 0.09249469 0.08695488 0.03295232
0.07502771 0.00313562 0.00197278 0.00335220 0.04230412 0.36524098 0.10537254 0.33210165 0.05283846 0.12072436 0.08642439 0.08237590 0.03053090
0.07630118 0.00401046 0.00132670 0.00496200 0.04528999 0.36596912 0.10951401 0.33373673 0.05739023 0.12201564 0.08363519 0.07873289 0.03167542
0.07610039 0.00790807 0.00109701 0.00763703 0.01802811 0.36595248 0.10878942 0.33283087 0.05172812 0.12315198 0.09109660 0.07910932 0.03038278
0.07461581 0.00309535 0.00094164 0.00431184 0.02627379 0.36587603 0.11499631 0.33219390 0.05030065 0.12360180 0.07809790 0.07938233 0.03178090
0.07521130 0.00148558 0.00101222 0.00173001 0.01972768 0.36609569 0.10808399 0.33119600 0.04585510 0.11851371 0.09280254 0.08271287 0.03117432
0.07514053 0.00937316 0.00076930 0.01078189 0.03689251 0.36664108 0.11559051 0.33112997 0.05723802 0.11374351 0.07511314 0.08376957 0.03496297
0.07264179 0.00644975 0.00079073 0.00842229 0.03755512 0.36543696 0.10752404 0.32856265 0.05251083 0.10756536 0.09078340 0.08293105 0.03838858
0.07146927 0.00407904 0.00206596 0.00539770 0.04836030 0.36683373 0.10576258 0.32854615 0.04824740 0.10782617 0.08539991 0.08034647 0.04298981
0.06258495 0.00776569 0.00246718 0.01170337 0.02959037 0.36535399 0.10849044 0.32953544 0.04914053 0.11208783 0.08073505 0.08369404 0.03287982
0.06391230 0.00353847 0.00137145 0.00567003 0.04788751 0.36638709 0.10207996 0.33096017 0.04750792 0.11118911 0.09103850 0.08466009 0.03221999
0.06329204 0.00558956 0.00101351 0.00738120 0.04588219 0.36626045 0.11145053 0.33360991 0.05200468 0.10756917 0.06898350 0.08284107 0.03033899
0.06365561 0.00707289 0.00184070 0.01365446 0.04638124 0.36538282 0.10014025 0.33264421 0.04286973 0.10812038 0.09258896 0.07960398 0.03098715
0.06453031 0.00115719 0.00160304 0.00093455 0.00080279 0.36525194 0.10514449 0.33315817 0.04952506 0.11518490 0.07435216 0.07727124 0.04070284
0.06456580 0.00112745 0.00123751 0.00327871 0.00367195 0.36529013 0.10156238 0.33221520 0.04619023 0.11549967 0.08539313 0.07831084 0.03008675
0.06464450 0.01019298 0.00177423 0.00856690 0.01314812 0.36475580 0.09919456 0.33004379 0.04685412 0.11589255 0.08256504 0.08326641 0.03009451
0.06423730 0.00544978 0.00158125 0.00565847 0.03200453 0.36535891 0.10474606 0.32861065 0.04780891 0.11585159 0.07076438 0.08121154 0.02834391
0.06477198 0.00245466 0.00116262 0.00100548 0.02431469 0.36465300 0.09709349 0.32785730 0.04154591 0.11487959 0.09008507 0.08052135 0.03115369
0.06540774 0.00299007 0.00102452 0.00494793 0.02762189 0.36547463 0.10678264 0.32700697 0.05061511 0.11445788 0.06917331 0.08094534 0.02852325
0.06432797 0.00296661 0.00106713 0.00209128 0.02575803 0.36523744 0.09943947 0.32956911 0.04357948 0.11425318 0.09220872 0.07953750 0.03063366
0.06397593 0.00429416 0.00125424 0.00722070 0.02552335 0.36573942 0.10342910 0.33231820 0.04893853 0.11382645 0.07721488 0.08014970 0.02883725
0.06309366 0.00752630 0.00118851 0.00665090 0.02193176 0.36575069 0.10815242 0.33257880 0.04591753 0.10926768 0.07668234 0.08025686 0.02876338
0.06172396 0.00447699 0.00127056 0.00360868 0.03048958 0.36490159 0.10079136 0.33487242 0.04328511 0.10956355 0.08842989 0.07866626 0.02963914
0.06032798 0.00235796 0.00159539 0.00423996 0.00758696 0.36588297 0.10646313 0.33290827 0.05305110 0.10431768 0.07210381 0.08180094 0.03156770
0.05966531 0.00260132 0.00161216 0.00042440 0.00241294 0.36431469 0.09385336 0.33211734 0.04988461 0.10135544 0.09434718 0.08030464 0.03085249
0.06103740 0.00411582 0.00112754 0.00574235 0.03745996 0.36576760 0.10630752 0.33143582 0.05182927 0.10106331 0.07393169 0.08197066 0.02982233
0.06111581 0.00765576 0.00093137 0.00751251 0.03420022 0.36390953 0.10339147 0.32823819 0.04816441 0.10202566 0.08509564 0.08358778 0.02952287
0.06100132 0.00746885 0.00071596 0.01199482 0.04022097 0.36595702 0.10749328 0.32918826 0.05449606 0.09662966 0.08491301 0.08130416 0.02988377
0.06077103 0.00629309 0.00061440 0.00888678 0.04459111 0.36495737 0.09990064 0.32900936 0.05541894 0.09706518 0.08892870 0.08285622 0.03044266
0.05992138 0.00928834 0.00081201 0.01054287 0.04678160 0.36542747 0.09542442 0.33046810 0.05698320 0.10471109 0.08661269 0.08347400 0.04210195
0.05953453 0.00450363 0.00089839 0.00530729 0.03996023 0.36468642 0.10444774 0.33306052 0.06127521 0.10371837 0.08021919 0.08272838 0.02932231
0.05818830 0.00984481 0.00070770 0.01015095 0.02603209 0.36579089 0.10957476 0.33456104 0.04962393 0.10260057 0.10331946 0.08063656 0.03163707
0.05689979 0.00276688 0.00097287 0.00254661 0.02603840 0.36453562 0.11609472 0.33441286 0.05645517 0.10210048 0.08431889 0.07968698 0.03267977
0.05515254 0.00543580 0.00088793 0.00297429 0.00426274 0.36664665 0.10704938 0.33566969 0.05711343 0.10135827 0.09458651 0.07880759 0.04219245
0.05396819 0.00797104 0.00080200 0.01025036 0.02239838 0.36476517 0.11652106 0.33325741 0.05348369 0.10144351 0.08726256 0.08176965 0.03300057
0.05403093 0.00146520 0.00087631 0.00184693 0.00156304 0.36649939 0.11084238 0.33170486 0.05232101 0.10231671 0.08240765 0.08300054 0.03800525
0.05395330 0.00244421 0.00072618 0.00198414 0.03144738 0.36534807 0.10540829 0.33129752 0.04723979 0.10191359 0.09627771 0.08238463 0.03826258
0.05877372 0.00381011 0.00074599 0.00218600 0.02926302 0.36583585 0.10507973 0.32844946 0.06255861 0.10397083 0.08742302 0.08410552 0.03196903
0.05911120 0.00328621 0.00072611 0.00391457 0.02647084 0.36637759 0.10254810 0.33121206 0.05573800 0.10294564 0.09369135 0.08055717 0.03660636
0.05895263 0.01186167 0.00166227 0.01167505 0.01828368 0.36508564 0.10970641 0.33163308 0.05390866 0.10492995 0.08915267 0.08515258 0.02813520
0.05952371 0.00147801 0.00127726 0.00032961 0.00112866 0.36592772 0.10323538 0.33354915 0.05474643 0.10422973 0.09229336 0.08272340 0.03214540
0.05824398 0.00502507 0.00084247 0.00301226 0.02417080 0.36478653 0.10524570 0.33559599 0.05656099 0.10486312 0.08971331 0.08058560 0.02897871
0.05842692 0.00405981 0.00073117 0.00585736 0.02687897 0.36564268 0.10458028 0.33540623 0.05771335 0.10456877 0.08782261 0.07852783 0.03111757
0.05893599 0.00105861 0.00065442 0.00208307 0.00181461 0.36486896 0.10201745 0.33384756 0.05226518 0.10402728 0.09426101 0.07927241 0.04157261
0.05836211 0.00132101 0.00094333 0.00042576 0.00080771 0.36575676 0.11255166 0.33468770 0.05274982 0.11153558 0.08889705 0.08227327 0.02880677
0.05814465 0.00470477 0.00104361 0.00439772 0.04048876 0.36448292 0.10930769 0.33184315 0.05399886 0.10994156 0.08603852 0.08262046 0.03072490
0.05879480 0.00483326 0.00092853 0.00436679 0.02939372 0.36645943 0.10646324 0.33032962 0.05059611 0.10880394 0.09288154 0.08312158 0.03658243
0.05813851 0.00476883 0.00066632 0.00476778 0.02807160 0.36389533 0.10288122 0.33022980 0.05380936 0.10808034 0.08358145 0.08087033 0.03900439
0.05861089 0.00657442 0.00072245 0.00780400 0.05159415 0.36673908 0.09838942 0.33013767 0.04876624 0.10729060 0.09121956 0.08521741 0.04546738
0.05761455 0.00379928 0.00093392 0.00581513 0.04746161 0.36421210 0.10343838 0.33275842 0.05170330 0.10511239 0.07558156 0.08146410 0.04232076
0.06464449 0.00443740 0.00157368 0.00486805 0.02709109 0.36550094 0.09775307 0.33348364 0.04737211 0.10896138 0.09197452 0.08276879 0.04066133
0.06487002 0.00690143 0.00087761 0.01107350 0.01988556 0.36567298 0.11080672 0.33386059 0.05138879 0.10450612 0.07695273 0.08156667 0.03563469
0.06315046 0.00808274 0.00147246 0.00675038 0.03302994 0.36462103 0.10010456 0.33572502 0.05021282 0.10512784 0.08496327 0.07793979 0.04038418
0.06569155 0.00358137 0.00117607 0.00353919 0.03942075 0.36618633 0.10564727 0.33419164 0.04747373 0.10336746 0.08901499 0.08029458 0.03698220
0.06114891 0.00363974 0.00087235 0.00431591 0.05759275 0.36472472 0.10640536 0.33399932 0.04973763 0.10424938 0.08050465 0.08163774 0.03916058
0.06085754 0.00302886 0.00088281 0.00439370 0.01573558 0.36606171 0.10841105 0.33269970 0.04537570 0.10210788 0.09359140 0.08342653 0.03462712
0.06196177 0.01087421 0.00058905 0.01181696 0.04346513 0.36551923 0.10974069 0.33077622 0.05293117 0.10245048 0.07616407 0.08306114 0.04108761
0.05816941 0.00808330 0.00054803 0.00937658 0.04534831 0.36607058 0.10701064 0.33062885 0.05469079 0.09579227 0.08604764 0.08190021 0.03247189
0.05808025 0.00568952 0.00051319 0.00483461 0.03849085 0.36586860 0.10461246 0.33071320 0.04897373 0.09596315 0.09187588 0.08215397 0.03389537
0.05732741 0.00355598 0.00173967 0.00188666 0.03788905 0.36673675 0.10666344 0.33297529 0.05844017 0.08396767 0.07860473 0.08509496 0.03211531
0.05748724 0.00370781 0.00082861 0.00064113 0.00266376 0.36493706 0.10726032 0.33376560 0.05518396 0.08406016 0.08841357 0.08288843 0.03228653
0.05743728 0.00317400 0.00203269 0.00285524 0.00275190 0.36719021 0.10895060 0.33545190 0.05630680 0.07964854 0.08392076 0.08075697 0.04282225
0.05824711 0.00249631 0.00132913 0.00296110 0.03046815 0.36519880 0.11505002 0.33488361 0.05290166 0.07937418 0.09109149 0.07907459 0.03321890
0.05867565 0.00296039 0.00092780 0.00567019 0.00650596 0.36657555 0.11729208 0.33567484 0.04863199 0.08025139 0.08860331 0.08002190 0.05337290
0.06161076 0.00790313 0.00173500 0.00763065 0.01355511 0.36541070 0.11260422 0.33396019 0.04909176 0.07978732 0.08341085 0.08210743 0.03909539
0.06354789 0.00441635 0.00125370 0.00468824 0.03447647 0.36545554 0.10541489 0.33235209 0.05311370 0.08055904 0.08439413 0.08820324 0.05026520
0.06097920 0.00286467 0.00087571 0.00225210 0.00344340 0.36606534 0.10972284 0.33191398 0.05959657 0.07954475 0.08323932 0.08165202 0.03136185
0.05857974 0.01433183 0.00112676 0.01410432 0.02561758 0.36515837 0.10939106 0.33009277 0.04315345 0.08435745 0.08570111 0.08307239 0.03099229
0.05658217 0.00977599 0.00127012 0.01176599 0.03541563 0.36581652 0.10111055 0.33094266 0.04550032 0.08536544 0.08858831 0.08125195 0.04201684
0.05329639 0.00484354 0.00240507 0.00392292 0.02567793 0.36532364 0.11277833 0.33260202 0.06004020 0.08824027 0.06969247 0.08422058 0.04021704
0.04045380 0.01165737 0.00189492 0.01371793 0.04127706 0.36611393 0.10689383 0.33471045 0.04819793 0.07833750 0.08893878 0.08365607 0.03358155
0.04057869 0.00972245 0.00117286 0.00922163 0.04093291 0.36633666 0.11645954 0.33593384 0.04924486 0.07839645 0.07881363 0.08134835 0.04127655
0.04022264 0.01226932 0.00340721 0.01395966 0.05206706 0.36641580 0.11298177 0.33631665 0.04388486 0.08035389 0.08386206 0.07932598 0.03118568
0.04539750 0.00561273 0.00161569 0.00903372 0.04517568 0.36588171 0.10285018 0.33461359 0.04711152 0.07702112 0.08718519 0.08386992 0.04922302
0.04508663 0.00452458 0.00179699 0.00978370 0.03769643 0.36689066 0.11251330 0.33538517 0.05735803 0.08044635 0.07582655 0.08454284 0.03280809
0.04821852 0.00566705 0.00136715 0.00446590 0.04216793 0.36527656 0.10615984 0.33256124 0.05594641 0.07800471 0.08395642 0.08255444 0.04527938
0.04115042 0.00407080 0.00081263 0.00406006 0.02785037 0.36692531 0.11502820 0.33137533 0.04997895 0.07677302 0.07956891 0.08421084 0.03700675
0.04056024 0.00377418 0.00067251 0.00358302 0.04195408 0.36581368 0.11632429 0.33147023 0.04313742 0.07503462 0.08287507 0.07970416 0.03848493
0.03907306 0.00183879 0.00073385 0.00147460 0.00538736 0.36648229 0.11040698 0.33217893 0.04755844 0.07453787 0.09023455 0.08362304 0.03888574
0.04164650 0.00804585 0.00154521 0.00623113 0.01425636 0.36695009 0.11138864 0.33421145 0.04925923 0.07518203 0.08069461 0.08220317 0.03253275
0.04019556 0.00363607 0.00103751 0.00604755 0.02912301 0.36525543 0.10495593 0.33577020 0.04910688 0.07572346 0.09196642 0.08119737 0.03789713
0.03966520 0.00130589 0.00108797 0.00176139 0.01942075 0.36686453 0.11381225 0.33511115 0.04675433 0.07651018 0.08353790 0.07839245 0.03195742
0.04410308 0.00604003 0.00120859 0.00655586 0.02303780 0.36643850 0.11448571 0.33755971 0.04741459 0.07728399 0.08061524 0.07846077 0.03259486
0.04342913 0.00278015 0.00088015 0.00184297 0.02096873 0.36633298 0.11170343 0.33596109 0.04980931 0.07746503 0.08397057 0.08032749 0.03167537
0.04385493 0.00246665 0.00089817 0.00500030 0.02647739 0.36722317 0.10950484 0.33398084 0.04871161 0.07988386 0.08159547 0.08227673 0.03260645
0.04339547 0.00352224 0.00094768 0.00096000 0.01729533 0.36639563 0.10813312 0.33373577 0.05461584 0.07918997 0.08230264 0.08137081 0.03193476
0.03972615 0.00264864 0.00088856 0.00061049 0.00171789 0.36718142 0.11231996 0.33156057 0.05582043 0.08073389 0.08363794 0.08225037 0.03168902
0.03874379 0.00163002 0.00076412 0.00036979 0.00126800 0.36747646 0.11059456 0.33213026 0.04987218 0.07969450 0.08474162 0.08231586 0.03142879
0.03954015 0.00197380 0.00057557 0.00073592 0.02481319 0.36648253 0.11292822 0.33328893 0.05441111 0.07936269 0.08572905 0.08099263 0.03188311
0.05089092 0.00406158 0.00054515 0.00570712 0.02794478 0.36822253 0.11799864 0.33516586 0.04931936 0.07859976 0.08101007 0.08291661 0.03106753
0.05627482 0.00296105 0.00044347 0.00491812 0.03637423 0.36642511 0.11392635 0.33662481 0.04417348 0.07723635 0.08611658 0.08073807 0.03327352
0.05957992 0.00837698 0.00049855 0.00779927 0.03783330 0.36757991 0.11156345 0.33744390 0.04368498 0.07940491 0.08224038 0.07955918 0.03256544
0.05928062 0.00354834 0.00046690 0.00188018 0.02493139 0.36715835 0.11049658 0.33629737 0.05125483 0.07928626 0.08271296 0.07802828 0.03651906
0.05756999 0.00410653 0.00041440 0.00446208 0.02785627 0.36672864 0.11430408 0.33653234 0.04603977 0.08027353 0.08849283 0.07992119 0.03326951
0.05915602 0.00678648 0.00050500 0.00648201 0.02501909 0.36788665 0.11667781 0.33537123 0.04527732 0.08162391 0.08575474 0.08272851 0.03347906
0.05601701 0.00913544 0.00076540 0.01031274 0.02377815 0.36652700 0.11255401 0.33258163 0.05208615 0.08223627 0.07932649 0.08294757 0.03233763
0.05652440 0.00369470 0.00061903 0.00480459 0.03073466 0.36752322 0.10903250 0.33285519 0.05582246 0.08469078 0.07914055 0.08062334 0.04129130
0.05777643 0.00275294 0.00053041 0.00399062 0.00573728 0.36715288 0.10967813 0.33213603 0.04950960 0.08639802 0.08274234 0.08071783 0.03338770
0.05401364 0.00563267 0.00056969 0.00399318 0.04194834 0.36696157 0.11193985 0.33415230 0.04456070 0.08458287 0.08944165 0.08353119 0.04244055
0.05506020 0.00957894 0.00060748 0.00821767 0.03280138 0.36760069 0.10824369 0.33681774 0.05233055 0.08715577 0.08711734 0.08218030 0.03966723
0.04236322 0.00384702 0.00220993 0.00261498 0.02106462 0.36778502 0.12052864 0.33725764 0.05468165 0.08291454 0.07757669 0.08143489 0.03185975
0.04553331 0.00715854 0.00132586 0.00328959 0.02201398 0.36694772 0.10471059 0.33719918 0.06209595 0.08442328 0.08748047 0.07796425 0.03723956
0.04965922 0.00363992 0.00093082 0.00353974 0.02267730 0.36827806 0.11337571 0.33805621 0.05452698 0.08256713 0.07880694 0.07890858 0.03189407
0.05418130 0.00722046 0.00064497 0.00479825 0.01757436 0.36707832 0.11254786 0.33614237 0.04121036 0.08310747 0.09657240 0.08022329 0.03601796
0.05528544 0.01110997 0.00050580 0.01032001 0.05721933 0.36836066 0.10664616 0.33552084 0.04774520 0.08270405 0.08311130 0.08263896 0.03176452
0.05619670 0.00537017 0.00052225 0.00840714 0.03384347 0.36774709 0.10943838 0.33352151 0.05494709 0.08210458 0.08048093 0.08163477 0.03609335
0.05671479 0.00310083 0.00045181 0.00285701 0.00514388 0.36738720 0.10696884 0.33316994 0.05082965 0.07539964 0.08827855 0.08175619 0.03893474
0.05536081 0.00712779 0.00050715 0.00779110 0.02303738 0.36831899 0.11339892 0.33427218 0.05185678 0.07508509 0.08463002 0.08124528 0.03156812
0.05242308 0.00258711 0.00050764 0.00178016 0.02012871 0.36697243 0.10939052 0.33498681 0.04897645 0.07573343 0.09246130 0.08243712 0.03457360
0.04978179 0.00647408 0.00065399 0.00795572 0.04882632 0.36808598 0.11639085 0.33774566 0.04994293 0.07618840 0.08292536 0.08216870 0.03219328
0.04683900 0.00476199 0.00102737 0.00498364 0.04734690 0.36817606 0.11541300 0.33873161 0.04496640 0.06847951 0.08349282 0.08051648 0.03199912
0.04529089 0.00151158 0.00119330 0.00035989 0.00263336 0.36693687 0.10809393 0.33768278 0.04710074 0.06937781 0.08794796 0.07819296 0.03176627
0.04429476 0.00497456 0.00135915 0.00571031 0.01711146 0.36874086 0.11728227 0.33797464 0.05530189 0.06929933 0.07613074 0.07854707 0.03203998
0.04484320 0.00249558 0.00083551 0.00064889 0.00485423 0.36712586 0.10128325 0.33663043 0.04445357 0.06906009 0.09781843 0.08136903 0.03280881
0.04275942 0.00271855 0.00085285 0.00046774 0.00218192 0.36770139 0.11137918 0.33496207 0.05785696 0.07013199 0.07670433 0.08243130 0.03215259
0.04165562 0.00619021 0.00073577 0.00581750 0.01449133 0.36842884 0.10827524 0.33347736 0.04961304 0.06837401 0.09144440 0.08216384 0.03339506
0.04193389 0.00683681 0.00315532 0.00926381 0.02346462 0.36655006 0.10985671 0.33202729 0.05012900 0.07167451 0.08503836 0.08025606 0.03042456
0.04327384 0.00111955 0.00117847 0.00029961 0.00079645 0.36788939 0.11748334 0.33403773 0.04665143 0.07564020 0.07775844 0.08257346 0.03036950
0.04460492 0.00104251 0.00093643 0.00034846 0.00074100 0.36618405 0.10161903 0.33520678 0.04252440 0.07716812 0.09247635 0.08090969 0.03127553
0.04512501 0.00184552 0.00075890 0.00037581 0.00303883 0.36719687 0.11343525 0.33715270 0.05527549 0.07644841 0.06919046 0.08025005 0.03285947
0.04434652 0.00124318 0.00202055 0.00056529 0.00088415 0.36656982 0.10765756 0.33811636 0.03774565 0.07685864 0.09550615 0.07986634 0.03235213
0.04633474 0.00650973 0.00113033 0.00864756 0.02094924 0.36645325 0.11330132 0.33826323 0.04837196 0.07698229 0.07810397 0.07766461 0.03156888
0.04662962 0.00254936 0.00071112 0.00259783 0.02614625 0.36663043 0.11510144 0.33657714 0.04481918 0.07560105 0.08299653 0.07814624 0.03262762
0.04701825 0.01503292 0.00057508 0.01517681 0.02663145 0.36686299 0.10277031 0.33629420 0.04558364 0.07562050 0.08927608 0.08129634 0.03223885
0.04260675 0.00934622 0.00065498 0.00944744 0.03323982 0.36582416 0.11186460 0.33436667 0.04959524 0.07394974 0.07178901 0.08279061 0.03308156
0.04146471 0.00816822 0.00094224 0.00953685 0.05463729 0.36766008 0.10406085 0.33371414 0.04215502 0.07423388 0.08991196 0.08199319 0.03248593
0.03958521 0.00267128 0.00141516 0.00189354 0.02923358 0.36514032 0.11802866 0.33274877 0.04824810 0.07742619 0.07097181 0.08141068 0.03362822
0.03820254 0.00296162 0.00178996 0.00565608 0.02752777 0.36683152 0.11143906 0.33362054 0.04104642 0.09570844 0.08615756 0.08204241 0.03203524
0.03741746 0.00202853 0.00112626 0.00145787 0.01600723 0.36586650 0.10665702 0.33586349 0.04545778 0.09477996 0.08540468 0.08193458 0.03283988
0.03780752 0.00312729 0.00086288 0.00359503 0.02157506 0.36564017 0.10959742 0.33695683 0.04834217 0.09460818 0.07530804 0.08326005 0.03294739
0.04019083 0.00235726 0.00071358 0.00226897 0.01630676 0.36708130 0.10607767 0.33806639 0.03754889 0.09173641 0.09097895 0.07810854 0.03371509
0.03459762 0.00396766 0.00067889 0.00207826 0.02580637 0.36501920 0.11780776 0.33719995 0.04434327 0.09176723 0.06975852 0.07712230 0.03135851
0.03336594 0.00323142 0.00069054 0.00918617 0.04475508 0.36720598 0.10873530 0.33773263 0.03729553 0.08991177 0.08393221 0.07911641 0.03242089
0.03390776 0.00512934 0.00105791 0.00808203 0.03687645 0.36568882 0.10824296 0.33575276 0.04592773 0.08859065 0.07589418 0.08120940 0.04087355
0.03071080 0.00567875 0.00552214 0.00490732 0.03557418 0.36577245 0.10414244 0.33440890 0.04218874 0.09043146 0.07691957 0.08129027 0.03409999
0.03262289 0.00768456 0.00140931 0.00602752 0.03150529 0.36665303 0.10094871 0.33373836 0.04588878 0.08616083 0.08787808 0.08055125 0.03959102
0.03487202 0.00493750 0.00116077 0.00559892 0.03928791 0.36620758 0.11251911 0.33301819 0.05232312 0.08828949 0.07133548 0.08093487 0.03595054
0.03578104 0.01025274 0.00088831 0.01017135 0.02294994 0.36652031 0.10619755 0.33498460 0.04542166 0.08928840 0.09739478 0.08194565 0.03084849
0.03858524 0.00429934 0.00132833 0.00490476 0.04621450 0.36689849 0.11272225 0.33627949 0.05501389 0.08404688 0.07505719 0.08382892 0.03505067
0.06052314 0.00696337 0.00106743 0.00898326 0.03841370 0.36613659 0.10785029 0.33863094 0.06099690 0.07746145 0.08375013 0.08144038 0.03485199
0.06220469 0.00515489 0.00080260 0.00552928 0.04082104 0.36765984 0.10214379 0.33878435 0.06040517 0.07818108 0.08851474 0.07946341 0.03367084
0.07224435 0.00215040 0.00159820 0.00053202 0.00158234 0.36682445 0.11148655 0.33898410 0.06064448 0.08698561 0.08377687 0.07892001 0.02958069
0.06742479 0.00281982 0.00128133 0.00265881 0.01848109 0.36647927 0.09871116 0.33742420 0.04687969 0.08657717 0.10664548 0.08010283 0.03357726
0.06476829 0.00461185 0.00143040 0.00158162 0.00416849 0.36738182 0.11216754 0.33646270 0.05746739 0.08363333 0.07241308 0.08239432 0.03956946
0.06009905 0.00240915 0.00179711 0.00371832 0.00593086 0.36517019 0.11049315 0.33367007 0.04895395 0.08377032 0.08466135 0.08205346 0.03182926
0.05618576 0.00598484 0.00198571 0.00682626 0.02086974 0.36746209 0.10255712 0.33273871 0.05281398 0.08141991 0.08604592 0.08167387 0.02990563
0.05238773 0.00126897 0.00436668 0.00047339 0.03383272 0.36586801 0.11335454 0.33213976 0.04945762 0.08312822 0.06718292 0.08527758 0.02767560
0.04720674 0.00173044 0.00250245 0.00334777 0.02731263 0.36619507 0.09407873 0.33326950 0.03662430 0.08228813 0.10424475 0.08227549 0.03009086
0.04746477 0.00724473 0.00260791 0.00769726 0.03552517 0.36606653 0.10655946 0.33555972 0.05800116 0.08964658 0.05586401 0.08304046 0.02811947
0.04931104 0.00283239 0.00217332 0.00277064 0.02149183 0.36571059 0.09551498 0.33601654 0.04478440 0.09210989 0.08778532 0.07891173 0.02998980
0.05163767 0.00098124 0.00187550 0.00029837 0.00071343 0.36575292 0.10067453 0.33730315 0.04287228 0.09376844 0.07736079 0.07574699 0.02833244
0.05092441 0.00342004 0.00102914 0.00440027 0.04920527 0.36648639 0.10727125 0.33819274 0.04473110 0.08933117 0.06243900 0.07644703 0.02711865
0.05077580 0.00806200 0.00080284 0.00641639 0.04099259 0.36599949 0.08800166 0.33617394 0.03511730 0.08963260 0.09363333 0.07908531 0.03037050
0.05057926 0.00281741 0.00234783 0.00181944 0.02763254 0.36683794 0.10252166 0.33499911 0.05382986 0.09886677 0.04948305 0.08159166 0.02749611
0.04938128 0.00348066 0.00143406 0.00442707 0.02922108 0.36512726 0.09097031 0.33304255 0.03384174 0.09740346 0.08808673 0.07950211 0.02784271
0.04811141 0.00235956 0.00092197 0.00068500 0.02785435 0.36621071 0.09710130 0.33056593 0.04469547 0.09545560 0.06986944 0.08110729 0.02822296
0.04722845 0.00165513 0.00121421 0.00332422 0.02408109 0.36498772 0.10017002 0.33221351 0.04247326 0.09472985 0.06850683 0.07889062 0.02702607
0.04569952 0.00234914 0.00165073 0.00380835 0.02398680 0.36506596 0.08948891 0.33334083 0.03763557 0.09836234 0.08391835 0.08308178 0.02799517
0.04456093 0.00129771 0.00088612 0.00129473 0.00232178 0.36515416 0.10716574 0.33526677 0.04699691 0.09822788 0.05350514 0.08015890 0.02724978
0.04284439 0.00236880 0.00090393 0.00468524 0.00620663 0.36522590 0.09092879 0.33741453 0.03407443 0.10096726 0.08583099 0.07759924 0.02967886
0.04515842 0.00735052 0.00086073 0.00788345 0.00929181 0.36526972 0.09892810 0.33686770 0.04610332 0.10304791 0.05960247 0.07620683 0.03858294
0.04488892 0.00341383 0.00085045 0.00231224 0.00388943 0.36559877 0.10055888 0.33700149 0.04560696 0.10656037 0.07511568 0.07552236 0.03169091
0.04452513 0.00193026 0.00163049 0.00174784 0.00174221 0.36501470 0.09792417 0.33682745 0.05038786 0.10752219 0.07867822 0.08253143 0.03286885
0.04462142 0.00149303 0.00119431 0.00095205 0.03229310 0.36556221 0.10594356 0.33384875 0.04480082 0.10510515 0.06318048 0.08158879 0.03462347
0.04414744 0.00446279 0.00087565 0.00552797 0.02996938 0.36647225 0.09659874 0.33312469 0.04343448 0.10484981 0.09025219 0.08102805 0.02805636
0.04388714 0.00506358 0.00114145 0.00045451 0.00499545 0.36470078 0.10317542 0.33210680 0.05932860 0.10599294 0.06336413 0.07844273 0.02955159
0.04394450 0.00337743 0.00163175 0.00046871 0.00326879 0.36634887 0.09917451 0.33244436 0.06161776 0.10479269 0.08500382 0.08172622 0.02876470
0.04405548 0.00114391 0.00097083 0.00040544 0.00111398 0.36497221 0.09990125 0.33505023 0.04656050 0.10329448 0.08360200 0.08062251 0.03048029
0.04442382 0.00187820 0.00060826 0.00071343 0.00261523 0.36601247 0.10717695 0.33709386 0.04413409 0.10240145 0.07471388 0.08108342 0.02857513
0.04404588 0.00212574 0.00049398 0.00031871 0.00094111 0.36449570 0.09717726 0.33731332 0.04906470 0.10095344 0.08783467 0.07785106 0.02955011
0.04411136 0.00988933 0.00043372 0.00974304 0.02382207 0.36598127 0.10477539 0.33892383 0.05581583 0.10117085 0.07003743 0.07557044 0.02873501
0.04324132 0.00353551 0.00045814 0.00299981 0.01885407 0.36477211 0.10020937 0.33740090 0.04278238 0.10054633 0.09315402 0.07700707 0.02997408
0.04202110 0.00122080 0.00050404 0.00047325 0.00098713 0.36575312 0.10703128 0.33684657 0.04941156 0.10221432 0.07993138 0.07893925 0.02992222
0.04130622 0.00268312 0.00050349 0.00095612 0.03007079 0.36500943 0.09921644 0.33521729 0.05935474 0.09663277 0.08030751 0.08182054 0.02920048
0.04026556 0.00372572 0.00058752 0.00420678 0.03262340 0.36578442 0.10011183 0.33240525 0.04974165 0.09926984 0.07949144 0.08128947 0.02900035
0.04000501 0.00229673 0.00062633 0.00170467 0.02054436 0.36556625 0.10602212 0.33325075 0.04811292 0.09822293 0.07572413 0.07987011 0.02880583
0.03951458 0.00147678 0.00076788 0.00388528 0.02098671 0.36563974 0.09821576 0.33357818 0.04455266 0.10113193 0.09330352 0.08105241 0.02919295
0.03821128 0.00199256 0.00365287 0.00295084 0.01874745 0.36606439 0.10342771 0.33575609 0.05637750 0.10622508 0.07754918 0.08188578 0.02875584
0.03708719 0.00454049 0.00100595 0.00343484 0.01969699 0.36510839 0.09434270 0.33748568 0.05017478 0.10286699 0.08774268 0.07855364 0.03085044
0.03671247 0.00590792 0.00146089 0.00682192 0.04445106 0.36585479 0.10220915 0.33807424 0.04584560 0.10069673 0.07591792 0.07827991 0.02700862
0.03759838 0.00302813 0.00087271 0.00188502 0.02410404 0.36447719 0.09913849 0.33819844 0.04906064 0.10063203 0.07653157 0.07929774 0.02854636
0.03915683 0.00906671 0.00058716 0.00767111 0.03768960 0.36580461 0.09359328 0.33817802 0.05600075 0.09911979 0.08065267 0.07865125 0.02965432
0.03981830 0.00567764 0.00196274 0.00353045 0.03301313 0.36425045 0.10175792 0.33556447 0.05799699 0.09937378 0.07068993 0.08265700 0.02772922
0.04012985 0.00369383 0.00139846 0.00214750 0.02503904 0.36531883 0.09543840 0.33464680 0.04719149 0.09351605 0.08948210 0.08080339 0.02926141
0.03970614 0.00526500 0.00086197 0.00552654 0.03379539 0.36423986 0.10442866 0.33211664 0.04734539 0.09300006 0.07467824 0.08086491 0.03744432
0.04045209 0.00316146 0.00065439 0.00273358 0.00455074 0.36503477 0.08999606 0.33157305 0.05365227 0.09432668 0.08337438 0.08073115 0.02990483
0.04607753 0.00239972 0.00132939 0.00192195 0.00260023 0.36501604 0.09541389 0.33445530 0.05461118 0.08701519 0.07502681 0.08084235 0.03723582
0.04591683 0.00850503 0.00072176 0.01060840 0.01947898 0.36497667 0.09989406 0.33484311 0.04848144 0.08955217 0.07796688 0.08306747 0.02751706
0.03896563 0.01187259 0.00074641 0.01185716 0.02811563 0.36510695 0.09919519 0.33763449 0.04160740 0.08885064 0.08898312 0.08101812 0.03211692
0.03618548 0.00334938 0.00091448 0.00556624 0.02823925 0.36479893 0.09972085 0.33750599 0.04508000 0.09500887 0.06705190 0.07721067 0.04694298
0.03386754 0.00778493 0.00110771 0.00696113 0.02757163 0.36451749 0.09034112 0.33800053 0.03576215 0.09861938 0.07568439 0.07564515 0.03712451
0.03340165 0.00469380 0.00150460 0.00595664 0.02786843 0.36505821 0.09669952 0.33649672 0.04230109 0.10107323 0.05520911 0.08015098 0.04970005
0.03269373 0.00278047 0.00135006 0.00558120 0.02849923 0.36448012 0.08823096 0.33521735 0.03191020 0.10020570 0.06702071 0.08352461 0.04756459
0.04391724 0.00386145 0.00094689 0.00528208 0.05240206 0.36469667 0.09677941 0.33381843 0.03376465 0.09405253 0.06632556 0.07993991 0.03937263
0.04502568 0.00377212 0.00090666 0.00733627 0.04307065 0.36479664 0.09909035 0.33111624 0.03419797 0.09255280 0.06103623 0.07927322 0.03664699
0.04701119 0.00597531 0.00193678 0.00809336 0.04454036 0.36491846 0.08703433 0.33207622 0.03433288 0.09173933 0.07536154 0.08609261 0.03278814
0.05805567 0.00405860 0.00171439 0.00448027 0.03077506 0.36488604 0.10222232 0.33369632 0.04623541 0.09024815 0.05674579 0.08516165 0.02637324
0.05820014 0.00250104 0.00158996 0.00270399 0.00232391 0.36463009 0.08719546 0.33481109 0.03904425 0.08944040 0.07134975 0.08071989 0.04252180
0.05621793 0.00985020 0.00083506 0.00826764 0.01122985 0.36518048 0.09735127 0.33647165 0.03822035 0.08948398 0.06920913 0.07986062 0.03137766
0.05413601 0.00254723 0.00064608 0.00093455 0.00102805 0.36465740 0.09931452 0.33714572 0.04983429 0.08878501 0.06451177 0.07435187 0.03335926
0.05582620 0.00117339 0.00077362 0.00096660 0.00204980 0.36546822 0.09968133 0.33739897 0.03531272 0.09093965 0.08297719 0.07656959 0.02922306
0.05499614 0.00093489 0.00102253 0.00044309 0.00111476 0.36465288 0.10718224 0.33652881 0.03923766 0.08621011 0.06645044 0.07856306 0.02772988
0.05220293 0.00761312 0.00114816 0.01169352 0.01811019 0.36571123 0.08805395 0.33512430 0.04579999 0.08876550 0.07620834 0.08038993 0.02708703
0.05100513 0.00377905 0.00112398 0.00140311 0.02267488 0.36499988 0.09614815 0.33352399 0.05691291 0.08760717 0.06527346 0.08295347 0.02773302
0.04871404 0.00526654 0.00109903 0.00314661 0.02602721 0.36550027 0.09288669 0.33253544 0.04491069 0.08929817 0.06931377 0.07835821 0.02807183
0.04991795 0.00234246 0.00113684 0.00183764 0.02918311 0.36519114 0.09382021 0.33247735 0.03331472 0.09620400 0.08419561 0.07869915 0.02743499
0.04971151 0.00918478 0.00131226 0.00771605 0.03613279 0.36460517 0.09991000 0.33399888 0.04416473 0.09753956 0.06257117 0.08006037 0.02816134
0.04929184 0.00347874 0.00178774 0.00396867 0.02965070 0.36501818 0.08805819 0.33796201 0.03373031 0.09679282 0.07774183 0.08078417 0.02716936
0.04756012 0.00080071 0.00219715 0.00025084 0.00066308 0.36428894 0.09881333 0.33601603 0.03627196 0.09776228 0.06111160 0.07859637 0.02624927
0.04533825 0.00112608 0.00117910 0.00168714 0.00145605 0.36511452 0.09023331 0.33714964 0.03355461 0.09668523 0.06724109 0.07494329 0.02669639
0.04310043 0.00067066 0.00101413 0.00033176 0.00086974 0.36414550 0.10063544 0.33657035 0.02798424 0.09712494 0.07259405 0.07563082 0.02603781
0.03982409 0.00245668 0.00114662 0.00094008 0.02772488 0.36512610 0.09333702 0.33593577 0.03928778 0.09697118 0.06409785 0.08020120 0.02730797
0.03635138 0.00491060 0.00137342 0.00485953 0.04630080 0.36394128 0.08522855 0.33435078 0.03419387 0.09726657 0.07464899 0.07999539 0.02620943
0.03506011 0.01336068 0.00147648 0.01440992 0.04010759 0.36561359 0.09143849 0.33283244 0.05063631 0.09771319 0.05468612 0.07937869 0.02949230
0.03402462 0.00714986 0.00143686 0.00727222 0.03987412 0.36404249 0.08057422 0.33209924 0.04088595 0.09730696 0.07087072 0.07796056 0.02809156
0.03391812 0.00778429 0.00230596 0.01025344 0.01366312 0.36554584 0.08851223 0.33406079 0.03518620 0.09932487 0.05327464 0.07894680 0.02368962
0.03640985 0.00165633 0.00124408 0.00072675 0.02967320 0.36392661 0.08206358 0.33402220 0.02764786 0.09819720 0.07448321 0.08516372 0.02431469
0.03822486 0.00198280 0.00172035 0.00265758 0.02579330 0.36450501 0.08268478 0.33540929 0.03149936 0.10610463 0.06152581 0.07737836 0.02531973
0.03930769 0.00251458 0.00102838 0.00441614 0.05038763 0.36425505 0.08556277 0.33755478 0.03264579 0.10069580 0.05581353 0.07569683 0.02357825
0.04342815 0.00888399 0.00078410 0.01210533 0.03025420 0.36435272 0.07921812 0.33572733 0.03827177 0.10249180 0.06508968 0.07431990 0.02441662
0.04657253 0.00302896 0.00113150 0.00307813 0.03729207 0.36441337 0.08869968 0.33613064 0.03025246 0.10184932 0.04869395 0.07478738 0.02438350
0.04642750 0.00408338 0.00079862 0.00278574 0.03789395 0.36433391 0.07944373 0.33494672 0.02608340 0.10280636 0.06537730 0.07676756 0.02588625
0.04369949 0.00493147 0.00099344 0.00457519 0.02953992 0.36521668 0.08355848 0.33350160 0.03032428 0.10477766 0.05623036 0.07867186 0.02339768
0.04263115 0.00383647 0.00072708 0.00351113 0.03974712 0.36385048 0.08297349 0.33200363 0.02842780 0.10531153 0.06012393 0.07611480 0.02671688
0.04124866 0.00319622 0.00085452 0.00475311 0.03206251 0.36624757 0.08064536 0.33211073 0.02564483 0.10531487 0.06045372 0.07617492 0.02673054
0.03969040 0.00108986 0.00170781 0.00101484 0.00922575 0.36407282 0.08454997 0.33305016 0.03476285 0.10033139 0.05398480 0.07877492 0.02441257
0.03832097 0.00161699 0.00114647 0.00199517 0.01167087 0.36610175 0.08135020 0.33613288 0.02501445 0.10026613 0.06076139 0.07873901 0.02438548
0.03630410 0.00162279 0.00084494 0.00162635 0.02556446 0.36392560 0.08727467 0.33612657 0.03723713 0.10028015 0.05276733 0.07866236 0.02425889
0.03649390 0.00349856 0.00092584 0.00364092 0.03125581 0.36575601 0.08516619 0.33700362 0.03838092 0.09535791 0.06232424 0.07377445 0.02402693
0.03650549 0.00377127 0.00072063 0.00080108 0.02481134 0.36454025 0.08931587 0.33702951 0.03731387 0.09451385 0.06055875 0.07189013 0.02498197
0.03711661 0.00534367 0.00216431 0.00497620 0.05405391 0.36573988 0.08037090 0.33624110 0.03025122 0.09889798 0.06304636 0.07771855 0.02451041
0.03762325 0.00794516 0.00088508 0.00875664 0.00791489 0.36488444 0.08375974 0.33581064 0.03767747 0.09703348 0.05513720 0.07807806 0.02548565
0.03798668 0.00384244 0.00089999 0.00564225 0.02864434 0.36576875 0.08318822 0.33385280 0.03391573 0.09398834 0.05730898 0.07628864 0.02674615
0.03691318 0.00233550 0.00056763 0.00105730 0.02236351 0.36527151 0.08473392 0.33230531 0.02955520 0.09106292 0.06432259 0.07689451 0.02586033
0.03947192 0.00408743 0.00060314 0.00187708 0.02394497 0.36516675 0.09364455 0.33259928 0.03792557 0.09237539 0.05312199 0.07783665 0.02703620
0.04073724 0.00345465 0.00068457 0.00510924 0.02702411 0.36648592 0.08082178 0.33461794 0.03139995 0.08389448 0.06887007 0.07843994 0.02524095
0.03814400 0.00238903 0.00066325 0.00059234 0.00285259 0.36454422 0.08367157 0.33512120 0.03886219 0.08495547 0.05779195 0.07716214 0.02639572
0.03595702 0.00174889 0.00160231 0.00043770 0.00239275 0.36653222 0.08929041 0.33690082 0.03090276 0.08549266 0.06101425 0.07823708 0.02497391
0.03505741 0.00133046 0.00210941 0.00029384 0.00165339 0.36395408 0.08359920 0.33666721 0.02873890 0.09033901 0.06675095 0.07269540 0.02429123
0.03491033 0.00175909 0.00154992 0.00025884 0.00095798 0.36552447 0.08746902 0.33626033 0.04293477 0.09245744 0.05271830 0.07344848 0.02358760
0.03833263 0.00101362 0.00197370 0.00032297 0.00052701 0.36424580 0.08117898 0.33551106 0.03605971 0.09255131 0.06897471 0.07423382 0.02477247
0.04095350 0.00077770 0.00143942 0.00022737 0.00063258 0.36513541 0.08373888 0.33447387 0.03102259 0.09280666 0.05857797 0.07868237 0.02384191
0.04298563 0.00692029 0.00096101 0.00026199 0.00173026 0.36483454 0.08108346 0.33369683 0.04531429 0.09186561 0.05864451 0.07707044 0.02254788
0.04326496 0.00225815 0.00077727 0.00048230 0.00363142 0.36467895 0.07669516 0.33194943 0.03753578 0.09230137 0.05869816 0.07461495 0.02311306
0.04250302 0.00118973 0.00070856 0.00021794 0.00106769 0.36495290 0.08415517 0.33208055 0.03664000 0.09034500 0.05445011 0.07588811 0.02275565
0.04142417 0.00127762 0.00067061 0.00024532 0.00154287 0.36477501 0.07940957 0.33377080 0.03114179 0.09130183 0.06564193 0.07768332 0.02302065
0.03972106 0.00555337 0.00123951 0.00618251 0.03011385 0.36478899 0.07764628 0.33586188 0.04562451 0.08904862 0.05190171 0.07772890 0.02245439
0.03831345 0.00184191 0.00069668 0.00026125 0.00090026 0.36511449 0.07480557 0.33594114 0.04118025 0.09055264 0.06357670 0.07340281 0.02375971
0.03629253 0.00086975 0.00084904 0.00029456 0.00054972 0.36514647 0.08611736 0.33722649 0.03450531 0.08948788 0.05941925 0.07210619 0.02354044
0.03368971 0.01347466 0.00066616 0.01353637 0.01263359 0.36537965 0.08496399 0.33688883 0.03336253 0.09052874 0.05655135 0.07384148 0.02243662
0.03055059 0.00120828 0.00084983 0.00339849 0.00366861 0.36596738 0.07817471 0.33668418 0.03546909 0.08984383 0.06406685 0.07679667 0.03056533
0.02870428 0.00154006 0.00089685 0.00083628 0.03633670 0.36518957 0.08389834 0.33447352 0.03721304 0.09100886 0.04930331 0.07685525 0.02135277
0.02708133 0.00454430 0.00087991 0.00406456 0.02738018 0.36617285 0.06823744 0.33378853 0.04345484 0.08537288 0.06640109 0.07638270 0.02254818
0.02615159 0.00271912 0.00078083 0.00248513 0.01974317 0.36517615 0.07405818 0.33260360 0.05488585 0.08538067 0.04830858 0.07506837 0.02186094
0.02585076 0.00436459 0.00106469 0.00406881 0.03060496 0.36655407 0.07163991 0.33394103 0.03554612 0.09061715 0.05290456 0.07545524 0.02218528
0.02582919 0.00180723 0.00145933 0.00055567 0.00291608 0.36494047 0.07211034 0.33423733 0.02820949 0.09029535 0.05717055 0.07484141 0.02198772
0.02602824 0.00202300 0.00051829 0.00242540 0.02692339 0.36621924 0.08713236 0.33699136 0.02910350 0.08984656 0.05924652 0.07582795 0.02146577
0.02610591 0.00169611 0.00048275 0.00214644 0.02305546 0.36551448 0.07130234 0.33732600 0.04101864 0.08947505 0.06135184 0.07208841 0.02252077
0.02574352 0.00154757 0.00047061 0.00041005 0.00102332 0.36631339 0.07751712 0.33711927 0.04068125 0.09006392 0.06126685 0.07183797 0.02081267
0.02511158 0.00111727 0.00046088 0.00045786 0.00098938 0.36565542 0.07244991 0.33731809 0.03399703 0.08940367 0.05898759 0.07153821 0.02300168
0.03172310 0.00192588 0.00126841 0.00023620 0.00136347 0.36643670 0.07387723 0.33659795 0.03786749 0.09105502 0.05684113 0.07640248 0.02168177
0.03038175 0.00463027 0.00067736 0.00692277 0.02497390 0.36566147 0.07567180 0.33419737 0.03657576 0.08998791 0.05586391 0.07783970 0.02052418
0.02914312 0.00391119 0.00077498 0.00689289 0.03570662 0.36630266 0.06931992 0.33339846 0.03903858 0.08547211 0.05756186 0.07464438 0.02173406
0.02758981 0.00842930 0.00080846 0.00858432 0.04560072 0.36618428 0.07842816 0.33247374 0.03287928 0.08375461 0.05638081 0.07559918 0.02147569
0.02531936 0.00462955 0.00251927 0.00392499 0.03506161 0.36521837 0.06901538 0.33318401 0.02971910 0.08619900 0.06066421 0.07486190 0.02452779
0.02275232 0.00262407 0.00138570 0.00559477 0.02863726 0.36656707 0.07383384 0.33548229 0.03258151 0.08472298 0.04916891 0.08062815 0.02049844
0.02518596 0.00494621 0.00111673 0.00493150 0.03252397 0.36467495 0.07083578 0.33615630 0.03208133 0.08548088 0.05310128 0.07472720 0.02359754
0.02732733 0.00626673 0.00087480 0.00713857 0.05390953 0.36650994 0.07066026 0.33752181 0.03316582 0.08463926 0.05423281 0.07341129 0.02164476
0.02851205 0.00283261 0.00086266 0.00113717 0.02185465 0.36439140 0.07815383 0.33655221 0.03031831 0.08461260 0.05717495 0.07037342 0.02519388
0.02954103 0.00317704 0.00117127 0.00497754 0.02708957 0.36552063 0.06684703 0.33634379 0.02847353 0.08431016 0.06099844 0.07515453 0.02117640
0.02617442 0.00125488 0.00085661 0.00402641 0.00231972 0.36449653 0.07734979 0.33583003 0.03146276 0.08532624 0.04732290 0.07432786 0.02284733
0.02594647 0.00060571 0.00122561 0.00252320 0.00225674 0.36584494 0.06858514 0.33328102 0.02739350 0.08433149 0.05242846 0.07764289 0.04134673
0.02371836 0.00105650 0.00057242 0.00165058 0.00122419 0.36481571 0.07133200 0.33250903 0.02846051 0.08321241 0.05077832 0.07437759 0.02211726
0.02202474 0.00063601 0.00053454 0.00018982 0.00053028 0.36602099 0.07549335 0.33236165 0.05297488 0.08353911 0.04559482 0.07513128 0.02038898
0.02081623 0.00205536 0.00053388 0.00041171 0.00223042 0.36521160 0.06705613 0.33339242 0.03253445 0.08258755 0.06156241 0.07561755 0.02144070
0.02874393 0.00073484 0.00070496 0.00020199 0.00091485 0.36574965 0.08107813 0.33489352 0.03061988 0.08381213 0.05035368 0.07655032 0.02039951
0.03620329 0.00167870 0.00088674 0.00174204 0.02771510 0.36588285 0.06917314 0.33690049 0.03054850 0.07483811 0.05913271 0.07590990 0.02154207
0.03691771 0.00209389 0.00074594 0.00019779 0.00141539 0.36548381 0.07384136 0.33734981 0.03890393 0.07685846 0.04810279 0.07200682 0.02055828
0.03529574 0.00141950 0.00070490 0.00018857 0.00061320 0.36618983 0.07165899 0.33669240 0.03965550 0.07559261 0.04587115 0.07133128 0.02128239
0.02822566 0.00122030 0.00138388 0.00024985 0.00080574 0.36620438 0.06372458 0.33671711 0.02846087 0.07751890 0.06618283 0.07266641 0.02093452
0.02554411 0.00219783 0.00070976 0.00058492 0.00277837 0.36654349 0.07818889 0.33601263 0.03707031 0.07628462 0.05140948 0.07731386 0.02177505
0.02265109 0.00139881 0.00085294 0.00025159 0.00192481 0.36640113 0.06886545 0.33388049 0.03569734 0.07727980 0.06530198 0.07663778 0.02124402
0.02056774 0.00171110 0.00089095 0.00033170 0.00211051 0.36668401 0.07763380 0.33271941 0.03638853 0.07627820 0.05590693 0.07525720 0.01965896
0.01944451 0.00207888 0.00088993 0.00293015 0.00164947 0.36581938 0.07144789 0.33245895 0.04200875 0.07615727 0.05192391 0.07266302 0.03035649
0.01800961 0.00155360 0.00083305 0.00200029 0.00232748 0.36680844 0.06620046 0.33408705 0.03539788 0.07535823 0.06298500 0.07578731 0.02339823
0.01713836 0.00122474 0.00073484 0.00174097 0.00229697 0.36570480 0.07849730 0.33635162 0.03763594 0.07490887 0.04434597 0.07496312 0.02927568
0.01635874 0.00077160 0.00076193 0.00022685 0.00047290 0.36652863 0.06081255 0.33745560 0.03229855 0.07452861 0.06734037 0.07516171 0.02103116
0.01586613 0.00103555 0.00064331 0.00018889 0.00059148 0.36617609 0.07904125 0.33828151 0.03955109 0.07418994 0.04756328 0.07081759 0.01941990
0.01647538 0.00102271 0.00061907 0.00020755 0.00060605 0.36651428 0.06753941 0.33805895 0.03754859 0.07630477 0.05856282 0.07094137 0.02054140
0.01690729 0.00062291 0.00035898 0.00020142 0.00042774 0.36654396 0.07077569 0.33687386 0.03246551 0.07640689 0.05962057 0.07410078 0.02007957
0.01757384 0.00085398 0.00035800 0.00018364 0.00058806 0.36661201 0.07452276 0.33552664 0.03785524 0.07852703 0.04469317 0.07560689 0.01999708
0.01758303 0.00066636 0.00036178 0.00021321 0.00040557 0.36699941 0.06204341 0.33418025 0.03255490 0.07884556 0.06592105 0.07586311 0.02112509
0.01749031 0.00185200 0.00042813 0.00043374 0.00057726 0.36679463 0.08272455 0.33268035 0.03463738 0.08147599 0.04429578 0.07366928 0.02061161
0.01735964 0.00113875 0.00045337 0.00023514 0.00071554 0.36719854 0.06504792 0.33302619 0.03215006 0.08121509 0.06089490 0.07388687 0.02195431
0.01771844 0.00112474 0.00050922 0.00022448 0.00338064 0.36671776 0.07355338 0.33483412 0.02988212 0.08266187 0.05708212 0.07383143 0.02122039
0.01845298 0.00148819 0.00049178 0.00038519 0.00250054 0.36744018 0.07177205 0.33745320 0.03650436 0.08139680 0.04780442 0.07609935 0.02080153
0.03301367 0.00379246 0.00104634 0.00494372 0.02506847 0.36657679 0.07736546 0.33804171 0.03787913 0.07594029 0.05804993 0.07247493 0.02071340
0.03378117 0.00180775 0.00040375 0.00202686 0.00243061 0.36741347 0.07684299 0.33907581 0.04225367 0.07494137 0.05408708 0.07163828 0.04637834
0.04898671 0.00261902 0.00041140 0.00378767 0.00563174 0.36645295 0.06669227 0.33853041 0.03870915 0.07640966 0.06488069 0.07015247 0.02154547
0.05041679 0.00138954 0.00090025 0.00104773 0.00117848 0.36781756 0.07470028 0.33837214 0.03763251 0.06789216 0.06560033 0.07561237 0.03401420
0.05024756 0.00140483 0.00052914 0.00205974 0.00179316 0.36734640 0.07417742 0.33607277 0.04630468 0.07016878 0.05670793 0.07666307 0.02156689
0.04869090 0.00180924 0.00042578 0.00114411 0.00116050 0.36777382 0.07445404 0.33473110 0.03999345 0.06922177 0.06944380 0.07582820 0.02589181
0.04960009 0.00152517 0.00038438 0.00026730 0.00084046 0.36774103 0.08506101 0.33338779 0.04234919 0.06999055 0.05869215 0.07357908 0.02176935
0.05379975 0.00245754 0.00044257 0.00228252 0.03640186 0.36760974 0.07305845 0.33421628 0.03885598 0.06640776 0.06624685 0.07541987 0.02161458
0.05387302 0.00155581 0.00034752 0.00029878 0.00076072 0.36800751 0.08258423 0.33571400 0.04022923 0.06661133 0.06298894 0.07636203 0.02134263
0.05372855 0.00194663 0.00036578 0.00021950 0.00097649 0.36766350 0.07744669 0.33866367 0.04911731 0.06843514 0.05701597 0.07536685 0.02331170
0.05265916 0.00127556 0.00035488 0.00023942 0.00071927 0.36838240 0.07516644 0.33936198 0.03590413 0.06844339 0.07517451 0.07366338 0.02325413
0.05075372 0.00284445 0.00032043 0.00108461 0.02855341 0.36770831 0.08162990 0.33951978 0.04303974 0.06256793 0.05837807 0.07139475 0.02470239
0.05019390 0.00093004 0.00060153 0.00025591 0.00059834 0.36863898 0.07827321 0.33958826 0.03906423 0.06141384 0.06839537 0.07305521 0.02189119
0.05441300 0.00095613 0.00085396 0.00021011 0.00058652 0.36733028 0.08384995 0.33754266 0.04023065 0.06367463 0.06311641 0.07509714 0.02188141
0.05585386 0.00094437 0.00031982 0.00023159 0.00059575 0.36912971 0.08183489 0.33749169 0.04272327 0.06270151 0.06016138 0.07783540 0.02245710
0.05505584 0.00071412 0.00035853 0.00021399 0.00051510 0.36727387 0.07870862 0.33404246 0.03421712 0.06453117 0.07363572 0.07510443 0.02313824
0.05411684 0.00101091 0.00116680 0.00021166 0.00068251 0.36913310 0.08066301 0.33453061 0.04416145 0.06322660 0.05510721 0.07400897 0.02295279
0.05172890 0.00080573 0.00112695 0.00117772 0.03432309 0.36756822 0.07682586 0.33417547 0.03669310 0.06514116 0.07092262 0.07812455 0.02311555
0.05045228 0.00158351 0.00161922 0.00032509 0.00113270 0.36840667 0.08759311 0.33680815 0.04386099 0.06346059 0.06291451 0.07953972 0.02319618
0.04978904 0.00774982 0.00126468 0.00952922 0.02256655 0.36760508 0.08368459 0.33824147 0.04169513 0.06463721 0.06319605 0.07639536 0.02337605
0.04927882 0.00158405 0.00112420 0.00175045 0.02082173 0.36785873 0.08177947 0.33924861 0.03675017 0.06310419 0.07375180 0.07289521 0.02456527
0.04953652 0.00136574 0.00114823 0.00391241 0.00605552 0.36771349 0.08222610 0.33953793 0.04381656 0.07160127 0.05566113 0.07004150 0.02543856
0.04901958 0.00787801 0.00101728 0.01144338 0.01305171 0.36733193 0.07817467 0.33945263 0.03439545 0.07212799 0.08483762 0.07490907 0.04493333
0.04918706 0.00310899 0.00085781 0.00415676 0.02683982 0.36760459 0.08501737 0.33935879 0.04456189 0.07137797 0.05925485 0.07643874 0.02415984
0.04932618 0.00285399 0.00084184 0.00033983 0.00118325 0.36719117 0.07985141 0.33621859 0.04306870 0.07207653 0.07067415 0.07703737 0.02357320
0.04861873 0.00170510 0.00127387 0.00025157 0.00089265 0.36806535 0.08412277 0.33451752 0.03727820 0.08102330 0.06643736 0.07640682 0.02457468
0.04706317 0.00087236 0.00082429 0.00027290 0.00058344 0.36713161 0.08530272 0.33423019 0.03809830 0.08111532 0.06065456 0.07429969 0.02392743
0.05549488 0.00063251 0.00060268 0.00057524 0.00214008 0.36870736 0.09127296 0.33542331 0.03059324 0.07800605 0.07583208 0.07728442 0.02413591
0.05650147 0.00749806 0.00043768 0.00823872 0.00845303 0.36711643 0.08614788 0.33673780 0.04484951 0.07733284 0.06100499 0.07775814 0.02486318
0.04773225 0.00915216 0.00037414 0.01036219 0.04321309 0.36916222 0.08283355 0.33950488 0.04125872 0.07507228 0.06796330 0.07785706 0.02431014
0.04579619 0.00372811 0.00037609 0.00608271 0.05785844 0.36696403 0.08706082 0.33969119 0.03276930 0.07557339 0.06161949 0.07243886 0.02591735
0.04375066 0.00465478 0.00047036 0.00526267 0.04366943 0.36961748 0.08470416 0.34036896 0.03502228 0.07436480 0.06152688 0.07247057 0.02556119
0.04239892 0.00241709 0.00047270 0.00479217 0.04658178 0.36727207 0.08707722 0.34025558 0.03087161 0.07629949 0.06559267 0.07351068 0.02535863
0.04396342 0.00419750 0.00067021 0.00360452 0.03415233 0.36894112 0.08401017 0.33951923 0.03657276 0.07616212 0.06075370 0.07746965 0.02652716
0.04473794 0.00330254 0.00100450 0.00358630 0.02139174 0.36741111 0.09058753 0.33721967 0.03542477 0.07854944 0.06520515 0.07664207 0.03770103
0.04456000 0.00652876 0.00064783 0.00929350 0.03628744 0.36830807 0.08544973 0.33564139 0.03897895 0.07919269 0.06507308 0.07575187 0.02633168
0.04514893 0.00293999 0.00064957 0.00183612 0.04243022 0.36791255 0.09055488 0.33450614 0.04339771 0.08034290 0.05901166 0.07532806 0.02941758
0.04349915 0.00126532 0.00079900 0.00238347 0.00169501 0.36811190 0.09333816 0.33651135 0.02934554 0.08133026 0.07228618 0.07741693 0.02712526
0.04342765 0.00112258 0.00066332 0.00034403 0.00088942 0.36871690 0.09582812 0.33788031 0.03568051 0.08046680 0.05859733 0.07903874 0.02563929
0.04359705 0.00092808 0.00081013 0.00024929 0.00067104 0.36738874 0.09420879 0.33937453 0.02907636 0.08125178 0.06424943 0.07568781 0.02553115
0.05378508 0.00679244 0.00053408 0.00715200 0.01877877 0.36936690 0.08979293 0.34043824 0.03709365 0.07890831 0.06261291 0.07285828 0.02670914
0.05333989 0.00443823 0.00045824 0.00543259 0.02646525 0.36707093 0.09127213 0.34040969 0.04450191 0.07219130 0.05024511 0.07155408 0.02718840
0.05458323 0.00564336 0.00036105 0.00796141 0.05001360 0.36996686 0.08812948 0.34115671 0.02647983 0.06983685 0.07028001 0.07650411 0.02587510
0.05478246 0.00450513 0.00374190 0.00428068 0.03726559 0.36713195 0.08949572 0.33843524 0.03182337 0.07067778 0.06290161 0.08153863 0.02718322
0.05438331 0.00285763 0.00147610 0.00241401 0.04222274 0.36951233 0.09186077 0.33776198 0.03643865 0.06915607 0.05216605 0.07764961 0.02618470
0.05353603 0.00669918 0.00062122 0.00627024 0.04244937 0.36693552 0.08421201 0.33418567 0.03884515 0.07061387 0.05667257 0.07598183 0.02493542
0.05280537 0.00590063 0.00050717 0.00188818 0.03134370 0.36940230 0.08986678 0.33472237 0.03126908 0.06961372 0.04794025 0.07712514 0.03119986
0.05301625 0.00483070 0.00052823 0.00706109 0.03642969 0.36622467 0.08216469 0.33580623 0.02375497 0.07166597 0.07132938 0.07659439 0.02543850
0.05241846 0.00345563 0.00053443 0.00231793 0.01526613 0.36947395 0.08722588 0.33826436 0.04692994 0.07088037 0.04922499 0.07857201 0.02675030
0.05200807 0.00172965 0.00049077 0.00380410 0.01605096 0.36660465 0.10094833 0.33855712 0.03349866 0.07251441 0.05850187 0.07359200 0.02364335
0.05060803 0.00278247 0.00052892 0.00224521 0.02819125 0.36844539 0.08180829 0.34048294 0.02946591 0.07177844 0.05850275 0.07170192 0.02850107
0.04882070 0.00577930 0.00055036 0.00428123 0.05852550 0.36815216 0.07649744 0.34023937 0.03049685 0.07221012 0.05444322 0.07268372 0.02485934
0.04635300 0.00782905 0.00132485 0.00706383 0.03190788 0.36734672 0.08284126 0.33964401 0.03274452 0.07522837 0.05855859 0.07588784 0.02616560
0.04533714 0.00501144 0.00062029 0.00409797 0.04191254 0.36875038 0.09129219 0.33881942 0.03825873 0.07470679 0.04831036 0.07753488 0.02267264
0.04515591 0.00942391 0.00066884 0.01042550 0.03897245 0.36779160 0.09483862 0.33611287 0.02230196 0.07547884 0.05566157 0.07930144 0.02581007
0.04581148 0.00532699 0.00056000 0.00727566 0.03502644 0.36895312 0.07462112 0.33521043 0.03778668 0.07423762 0.05362131 0.07490372 0.02488507
0.04548059 0.00755254 0.00043082 0.00912929 0.03768919 0.36762430 0.08365373 0.33472919 0.02847536 0.07602396 0.05969557 0.07424363 0.02477772
0.04774791 0.00441456 0.00034862 0.00659949 0.05122749 0.37005659 0.06683246 0.33738044 0.02241283 0.06840034 0.05662793 0.07883543 0.03068075
0.04787359 0.00583808 0.00068958 0.00620407 0.03746453 0.36655676 0.08148799 0.33812067 0.02401585 0.07046761 0.04624519 0.07537471 0.03858848
0.04644420 0.00518089 0.00052615 0.00479922 0.03819173 0.37060918 0.08333030 0.34001662 0.02613681 0.06998268 0.05494237 0.07552487 0.03354291
0.04490575 0.00487381 0.00050561 0.00425504 0.03033816 0.36596412 0.08320154 0.33971834 0.02314071 0.07126860 0.05491992 0.06999798 0.03486041
0.04540646 0.00369278 0.00060060 0.00587983 0.02851076 0.37035501 0.08789488 0.34120066 0.02626773 0.07334728 0.05411187 0.07338766 0.03065192
0.04600259 0.00238725 0.00100192 0.00132532 0.00364769 0.36571683 0.07374585 0.33911201 0.02720235 0.07520062 0.06638584 0.07629051 0.02608913
0.05538315 0.00248712 0.00147452 0.00048811 0.00191827 0.37005381 0.08859474 0.33880709 0.03858570 0.07537587 0.04705880 0.07688423 0.02973163
0.05542763 0.00969306 0.00069096 0.00742177 0.03476422 0.36636495 0.08131619 0.33576536 0.03967111 0.07662800 0.05773150 0.07563092 0.02366044
0.05587845 0.00399793 0.00047622 0.00440989 0.03347895 0.36905020 0.08853238 0.33554212 0.02552638 0.07273322 0.05811030 0.07464193 0.02590447
0.05614004 0.00202697 0.00060983 0.00114243 0.02084203 0.36722591 0.08745354 0.33469713 0.02312336 0.07413064 0.06232296 0.07554945 0.02440577
0.05536469 0.00519397 0.00050395 0.00588096 0.01862233 0.36802280 0.07586169 0.33672245 0.03271737 0.07552125 0.06376658 0.07753365 0.02690231
0.05565310 0.00133423 0.00046510 0.00026612 0.00083687 0.36777059 0.08630367 0.33881057 0.03542575 0.07500615 0.05142913 0.08336689 0.02343535
0.05548085 0.00098826 0.00042602 0.00076089 0.00151373 0.36740423 0.08148751 0.33882522 0.02694491 0.07611047 0.06216351 0.07298040 0.02506267
0.05522094 0.00097651 0.00103660 0.00032341 0.00090637 0.36860000 0.09606157 0.34031037 0.02725034 0.07447723 0.05994985 0.07205476 0.02338445
0.05426345 0.00134136 0.00046340 0.00033166 0.00062909 0.36682752 0.08998972 0.33981046 0.04040451 0.07524147 0.05634790 0.07261870 0.02422776
0.05269754 0.00177618 0.00064604 0.00026014 0.00094482 0.36971506 0.08087177 0.34019353 0.03364607 0.07350011 0.06977105 0.07712337 0.02667181
0.05239938 0.00123364 0.00065733 0.00024154 0.00081956 0.36649737 0.08965302 0.33796780 0.03227300 0.07438480 0.05495547 0.07669261 0.02504230
0.05211217 0.00079724 0.00062062 0.00040124 0.00066748 0.37026470 0.07479350 0.33667100 0.03502090 0.07336054 0.06575060 0.07529581 0.02571477
0.05208513 0.00140137 0.00057563 0.00087359 0.00100472 0.36606221 0.08801452 0.33454295 0.04204618 0.07439884 0.05562158 0.07226870 0.02235720
0.05168124 0.00138427 0.00048197 0.00022751 0.00132133 0.37049979 0.08360134 0.33708486 0.03621777 0.07390576 0.05481045 0.07668868 0.02369364
0.05050720 0.00077611 0.00041845 0.00027826 0.00106855 0.36642219 0.08433175 0.33673541 0.02619579 0.07522720 0.07235783 0.07628002 0.02372007
0.05060128 0.00617315 0.00123728 0.00521412 0.02187433 0.36965128 0.08895972 0.33940549 0.03313427 0.07485383 0.05224049 0.07622469 0.02452929
0.05016223 0.00082238 0.00080501 0.00036037 0.00050048 0.36716950 0.07776942 0.33935154 0.02856755 0.07612919 0.06660124 0.07054764 0.02382515
0.05036974 0.00077711 0.00051271 0.00021815 0.00054875 0.36848318 0.09157421 0.33957114 0.02996996 0.07616843 0.05171794 0.07174354 0.02283707
0.05006963 0.00079753 0.00052906 0.00024640 0.00059557 0.36788577 0.07939518 0.34044852 0.03129571 0.07674983 0.05635851 0.07231633 0.02382235
0.04921640 0.00122795 0.00048821 0.00104830 0.02580185 0.36832501 0.07505736 0.33967855 0.02691991 0.07767657 0.06551090 0.07551636 0.02438304
0.04927245 0.00207055 0.00049465 0.00406196 0.02431386 0.36843104 0.08514927 0.33737576 0.03625850 0.07740051 0.04640581 0.07583705 0.02267166
0.05934622 0.00536209 0.00039145 0.00593668 0.05189632 0.36819101 0.07402937 0.33639299 0.02521933 0.07071944 0.07019714 0.07367872 0.02339055
0.05965860 0.00547983 0.00137378 0.00204651 0.02404775 0.36895152 0.08351336 0.33578518 0.03987521 0.08037586 0.05250343 0.07541476 0.02392982
0.05762180 0.00439298 0.00156258 0.00290357 0.02369589 0.36783634 0.07504966 0.33670518 0.04834064 0.08742217 0.05153440 0.07531128 0.02396349
0.05791550 0.00568416 0.00068290 0.00560754 0.04626654 0.37002843 0.07853957 0.33897270 0.03154986 0.08457484 0.06127002 0.07787547 0.02228247
0.05723470 0.00933263 0.00046766 0.00788535 0.02908112 0.36696035 0.07957057 0.33878015 0.03665629 0.08284325 0.04822236 0.07311323 0.02756319
0.05782635 0.00300018 0.00036635 0.00501216 0.02958333 0.37052699 0.07001930 0.34087728 0.03891039 0.08076516 0.06668059 0.07190612 0.04408198
0.05822256 0.00235850 0.00048576 0.00538629 0.02384608 0.36666737 0.08224660 0.34000541 0.04084778 0.08099042 0.04904423 0.06902483 0.02544394
0.05637391 0.00237336 0.00080453 0.00288479 0.03243056 0.37046474 0.06707219 0.34031482 0.03438733 0.08035640 0.05907307 0.07481662 0.03716561
0.06096149 0.00145043 0.00135504 0.00128905 0.00129219 0.36636101 0.07992512 0.33873129 0.03007618 0.08228753 0.05946726 0.07416559 0.02007826
0.06387906 0.00126007 0.00071899 0.00167133 0.00134180 0.36955142 0.07641445 0.33717566 0.03918648 0.08291696 0.04553929 0.07668867 0.04847802
0.06487674 0.00688805 0.00097475 0.00819729 0.03891897 0.36687264 0.06834026 0.33519345 0.02757635 0.09133170 0.06119539 0.07135782 0.02077481
0.06626352 0.00212660 0.00139837 0.00309505 0.03309129 0.36814908 0.07857382 0.33549669 0.03578941 0.09232143 0.03924023 0.07275948 0.02067401
0.06648803 0.00061128 0.00096251 0.00024815 0.00042985 0.36749578 0.06504743 0.33631891 0.02756532 0.09713334 0.06052420 0.07459128 0.02180682
0.06553422 0.00054775 0.00096053 0.00029582 0.00055552 0.36779325 0.07483073 0.33752468 0.02274902 0.09922852 0.04589620 0.07435408 0.01971642
0.06564599 0.00056176 0.00142048 0.00019087 0.00042166 0.36812523 0.06836542 0.33930626 0.02660971 0.10268933 0.04346632 0.07117496 0.02250406
0.06477041 0.00042847 0.00086592 0.00026327 0.00047959 0.36742244 0.06982385 0.33909452 0.01763520 0.10357681 0.05436515 0.06768142 0.02004199
0.06366950 0.00060027 0.00076358 0.00075210 0.00064198 0.36883023 0.07865388 0.34008125 0.02959667 0.10186282 0.03697231 0.06996655 0.02106140
0.06187330 0.00147170 0.00080883 0.00276537 0.03534595 0.36604226 0.06223108 0.33890594 0.02050124 0.10118825 0.05240092 0.07144881 0.02107495
0.05987123 0.00145382 0.00087165 0.00031708 0.00145317 0.37013924 0.07528463 0.33826738 0.02726717 0.10038967 0.03012134 0.07639021 0.02115037
0.05786100 0.00042379 0.00095101 0.00029655 0.00033118 0.36528888 0.06803905 0.33586014 0.01059870 0.10008255 0.05424858 0.07037757 0.02147966
0.05559220 0.00071063 0.00095071 0.00025571 0.00070402 0.37040591 0.07396940 0.33522955 0.01961173 0.09963662 0.03247900 0.07279270 0.01931180
0.05465785 0.00402727 0.00105317 0.00578110 0.01688056 0.36575991 0.06130137 0.33467913 0.02154260 0.10081024 0.04894471 0.07004923 0.01914268
0.05375263 0.00530376 0.00094288 0.00516326 0.03640782 0.36954755 0.06729522 0.33756066 0.01613165 0.10017828 0.04353392 0.07386880 0.01822077
0.05472194 0.00351863 0.00145592 0.00367295 0.02787653 0.36665688 0.06571755 0.33790692 0.02128804 0.11098978 0.03303410 0.07200981 0.01901685
0.05578596 0.00149509 0.00139325 0.00020753 0.00079032 0.36895758 0.05593198 0.33980743 0.01606990 0.10998786 0.05512497 0.07029704 0.01979132
0.06653270 0.00184502 0.00127330 0.00016284 0.00097457 0.36677803 0.06611065 0.33989206 0.03029886 0.11087961 0.02475323 0.06737808 0.01952125
0.06455056 0.00698935 0.00093576 0.00726179 0.03443650 0.36888303 0.04862175 0.34043979 0.01866566 0.11002909 0.04547656 0.06891725 0.01823882
0.06415354 0.00533412 0.00086286 0.00674535 0.02762664 0.36765540 0.05887172 0.33972128 0.02496971 0.10909609 0.03608320 0.07061580 0.01643545
0.06319122 0.00265638 0.00080394 0.00139379 0.02224962 0.36788569 0.06187900 0.33759306 0.03044309 0.10973073 0.02907851 0.07235911 0.01639175
0.06317221 0.00389399 0.00089759 0.00359904 0.04553817 0.36941205 0.04966303 0.33614196 0.01397553 0.11025129 0.04128638 0.07051377 0.01574211
0.06207551 0.00473247 0.00095732 0.00263416 0.02470367 0.36649972 0.05523057 0.33429535 0.01614390 0.10937990 0.03190182 0.06836840 0.01505932
0.06236646 0.00185804 0.00145295 0.00028215 0.00088504 0.37016849 0.04730634 0.33494970 0.02945819 0.10844018 0.04052061 0.07295438 0.01673190
0.06674609 0.00239867 0.00096361 0.00099952 0.02409715 0.36527217 0.05481322 0.33639403 0.03209131 0.10724770 0.03234072 0.07160081 0.01799762
0.06292780 0.00723117 0.00200744 0.00717570 0.03714420 0.37012506 0.05478616 0.33826546 0.01833869 0.10777662 0.03437982 0.07237212 0.01239195
0.05351444 0.00056239 0.00351689 0.00153768 0.00090763 0.36509381 0.03690440 0.33808671 0.01276871 0.10963825 0.03786871 0.07061433 0.04075984
0.05431589 0.00206066 0.00152629 0.00365567 0.00578319 0.36905730 0.04595374 0.33932607 0.02298584 0.10934069 0.02855971 0.06733469 0.01099503
0.05222225 0.00213094 0.00156338 0.00114985 0.00228235 0.36665393 0.03999486 0.33864820 0.02210071 0.11015362 0.04008650 0.06751818 0.03054992
0.05322633 0.00739936 0.00081296 0.00805219 0.02630579 0.36815204 0.04616589 0.33797958 0.02314398 0.11041936 0.02498041 0.07255356 0.01118581
0.05223813 0.00438365 0.00091428 0.00167909 0.02513419 0.36643566 0.03076707 0.33657329 0.03233991 0.11301042 0.03957185 0.07045489 0.01351959
0.05137115 0.00173976 0.00103935 0.00034491 0.00228404 0.36822747 0.03256209 0.33436118 0.03718687 0.10807830 0.03530434 0.07112463 0.00931046
0.05013395 0.00125927 0.00112633 0.00016294 0.00166121 0.36666113 0.03612918 0.33318242 0.02439095 0.11045426 0.04906477 0.06778001 0.00879885
0.04942529 0.00155798 0.00124377 0.00013604 0.00070040 0.36800565 0.02974588 0.33486437 0.03660426 0.11072429 0.04085471 0.07081160 0.00944642
0.04795380 0.00145545 0.00221411 0.00107329 0.00038354 0.36720236 0.05401297 0.33625350 0.02890050 0.12020713 0.02601947 0.07267064 0.00810965
0.04566378 0.00118708 0.00131016 0.00009268 0.00048097 0.36684099 0.03153302 0.33836705 0.02603960 0.12067414 0.04295175 0.07050717 0.01206570
0.04366034 0.00220634 0.00118035 0.00017435 0.00091200 0.36888273 0.03064176 0.33865118 0.03387424 0.11925589 0.02930239 0.06709073 0.01108393
0.05014526 0.00154805 0.00124516 0.00032747 0.00106731 0.36501188 0.02777912 0.33916020 0.03003173 0.11766415 0.04984784 0.06714225 0.01562747
0.04806064 0.00913778 0.00106927 0.01140833 0.03634289 0.37111391 0.03294699 0.34020991 0.02915316 0.11155490 0.04704820 0.07128586 0.01314607
0.04516660 0.00387775 0.00148191 0.00454376 0.02522977 0.36549601 0.05485748 0.33874139 0.02988359 0.11012810 0.03511316 0.07103364 0.03059649
0.04437555 0.00393268 0.00077699 0.00471247 0.02661938 0.37039010 0.04759293 0.33709751 0.04010163 0.10710511 0.05269102 0.07392876 0.02773673
0.04733142 0.00233176 0.00101354 0.00389251 0.03909168 0.36652995 0.03958318 0.33547198 0.03830900 0.10670193 0.03983375 0.06924965 0.01427492
0.04778187 0.00230482 0.00072258 0.00233038 0.02641033 0.37069625 0.03187212 0.33684763 0.02829605 0.10728828 0.05943166 0.07176262 0.01474189
0.04714749 0.00251146 0.00183272 0.00598516 0.03327673 0.36711333 0.03900979 0.33601655 0.03505490 0.11584517 0.04144952 0.07242471 0.01422886
0.04690364 0.00981128 0.00106070 0.00799629 0.01525335 0.37018561 0.04667738 0.33856802 0.02988908 0.11566564 0.05612932 0.07385344 0.01889125
0.04611277 0.00150422 0.00099278 0.00406059 0.00403371 0.36720960 0.05323558 0.33934050 0.03370588 0.11605023 0.05096091 0.06928615 0.02836359
0.04625958 0.00126036 0.00087703 0.00293271 0.00333680 0.37030436 0.06352054 0.34024681 0.03304232 0.11469927 0.04762671 0.06989370 0.01352814
0.04527467 0.00063141 0.00085284 0.00142621 0.00047812 0.36739373 0.04435720 0.34042750 0.02673570 0.11461586 0.05779158 0.06678826 0.03192533
0.04433676 0.00604854 0.00075118 0.00454448 0.01760572 0.36982824 0.04240509 0.34081753 0.03122605 0.11368380 0.03984666 0.07139550 0.02076367
0.04464041 0.00545455 0.00108720 0.00580890 0.04978282 0.36845650 0.04571310 0.33944935 0.02598871 0.10838389 0.05039398 0.07187274 0.01720902
0.04590349 0.00203240 0.00081991 0.00191283 0.02467323 0.36860134 0.05100823 0.33742448 0.02799830 0.10803395 0.04758031 0.07140037 0.02197320
0.04699297 0.00460385 0.00146481 0.00393078 0.02840027 0.37001160 0.06264647 0.33628561 0.02621724 0.10772400 0.04940308 0.07244215 0.01249688
0.04659063 0.00049101 0.00133777 0.00242622 0.00203351 0.36707500 0.05304493 0.33549737 0.02462370 0.10806731 0.05167695 0.07051777 0.02970685
0.04712558 0.00086558 0.00126178 0.00046068 0.00082462 0.37040803 0.05239357 0.33674756 0.02918691 0.10821069 0.04184732 0.07327736 0.01303480
0.04676090 0.00064384 0.00079478 0.00014907 0.00081038 0.36693212 0.05139128 0.33776424 0.02339308 0.10846594 0.04971673 0.07205823 0.02043083
0.04688120 0.00084930 0.00079371 0.00065632 0.00171496 0.37005907 0.04615006 0.33905336 0.02757913 0.10922103 0.05392063 0.06996646 0.01347138
0.04639956 0.00102974 0.00171002 0.00012690 0.00077872 0.36672925 0.05335392 0.33959380 0.03191847 0.10988779 0.04886864 0.06519495 0.01414714
0.04591711 0.00912682 0.00105946 0.00821649 0.02433363 0.37013143 0.04812649 0.34004364 0.02821711 0.10461535 0.05688709 0.07059279 0.01333786
0.04636388 0.00166557 0.00083565 0.00286732 0.00418093 0.36653774 0.05452020 0.33925641 0.02910347 0.10447760 0.04062888 0.07010918 0.04395565
0.04604340 0.00222163 0.00084064 0.00367170 0.00539775 0.37079612 0.04168372 0.33972293 0.02429853 0.10387386 0.05239459 0.07433146 0.02532612
0.04490964 0.00144291 0.00089921 0.00178633 0.00291533 0.36657822 0.05114327 0.33605325 0.02879211 0.10401472 0.04537928 0.07046788 0.02391043
0.04395494 0.00074869 0.00081549 0.00128351 0.00058842 0.37055907 0.06498440 0.33622237 0.02960808 0.10306893 0.04545389 0.06992573 0.01643650
0.04277358 0.00147722 0.00075720 0.00247464 0.02221375 0.36774895 0.04477523 0.33536480 0.02750969 0.10322439 0.05825615 0.07055815 0.01755983
0.04260443 0.00335061 0.00076712 0.00567904 0.02700381 0.36891871 0.05760286 0.33733912 0.03428447 0.10277691 0.04519134 0.07319381 0.01942459
0.04188822 0.00257734 0.00097387 0.00091299 0.01934835 0.36873142 0.03903739 0.33779811 0.03121801 0.10263533 0.05297258 0.07252200 0.01735784
0.04170710 0.00070012 0.00141367 0.00019865 0.00041642 0.36732385 0.05111029 0.33866988 0.02860137 0.10948230 0.04214035 0.07092765 0.01283499
0.04250316 0.00052593 0.00107246 0.00015517 0.00036252 0.36892426 0.05944323 0.33931596 0.02641156 0.10924612 0.04462476 0.06687117 0.01222928
0.04304017 0.00057931 0.00109034 0.00014733 0.00032444 0.36699694 0.04556831 0.33926433 0.02668394 0.10940700 0.05467269 0.06843044 0.01384093
0.04358575 0.00098387 0.00064632 0.00013035 0.00060545 0.36917246 0.05777098 0.33967062 0.03135894 0.10766696 0.06265257 0.07206917 0.01275036
0.04322165 0.00289161 0.00057139 0.00347075 0.03375377 0.36714337 0.03710568 0.33800267 0.02700050 0.10746058 0.06255599 0.07154150 0.01391531
0.04310820 0.00190555 0.00053983 0.00043397 0.00146196 0.36952723 0.05819800 0.33692477 0.03445144 0.10686411 0.04541123 0.07085198 0.01465484
0.04287343 0.00182518 0.00052060 0.00027130 0.00111350 0.36638590 0.05536940 0.33450458 0.02902492 0.10686085 0.05289129 0.06953884 0.01567068
0.04221535 0.00124624 0.00053707 0.00019491 0.00060216 0.37009345 0.04862733 0.33637646 0.02847844 0.10665848 0.05608822 0.07263908 0.01938294
0.04138073 0.00110330 0.00057969 0.00028901 0.00054991 0.36624383 0.05954863 0.33694456 0.02830847 0.10711189 0.04915751 0.07379271 0.01542356
0.04005578 0.00082165 0.00072835 0.00036749 0.00157956 0.36994590 0.06054881 0.33843838 0.02297057 0.11152425 0.04720295 0.07140300 0.01432933
0.03932466 0.00118825 0.00093352 0.00381808 0.00325498 0.36662167 0.04688020 0.33871831 0.02646525 0.11260667 0.04571262 0.06662691 0.03658354
0.03942339 0.00130839 0.00080135 0.00170217 0.00095892 0.36942242 0.04597295 0.34024019 0.03524592 0.11225923 0.04006947 0.06909963 0.01946884
0.03889854 0.00149770 0.00070436 0.00225704 0.00374174 0.36753406 0.04313414 0.33989189 0.02144935 0.11259117 0.05090342 0.06815961 0.02189275
0.03867235 0.00050334 0.00062915 0.00098990 0.00037529 0.36864295 0.05751198 0.33939287 0.02492707 0.11190742 0.03713183 0.07212847 0.01924948
0.05161566 0.00303074 0.00068144 0.00279187 0.02260815 0.36869492 0.06457858 0.33804380 0.02340663 0.10691048 0.04779741 0.07140154 0.01587428
0.04980211 0.00216952 0.00054876 0.00149498 0.03414604 0.36815752 0.05829280 0.33628891 0.02674237 0.10640836 0.04411356 0.06967276 0.01436208
0.04744142 0.00076044 0.00058509 0.00024219 0.00036698 0.36887317 0.05555701 0.33522936 0.02706200 0.10618092 0.04163483 0.06910528 0.01372277
0.04412785 0.00128765 0.00065010 0.00011595 0.00060988 0.36789379 0.04669412 0.33543435 0.02363679 0.10582377 0.04944370 0.07105146 0.01296686
0.04213757 0.00122899 0.00058894 0.00013169 0.00067761 0.36894629 0.04440689 0.33675067 0.02690425 0.10594812 0.03960517 0.07231856 0.01371259
0.04369467 0.00134588 0.00058093 0.00404165 0.00801108 0.36774017 0.04600784 0.33846735 0.02242774 0.10022643 0.04782328 0.06949513 0.02108168
0.04535664 0.00083212 0.00055355 0.00134718 0.00047027 0.36958904 0.05198534 0.33869659 0.02592311 0.10078418 0.04067795 0.06809306 0.02833560
0.04396967 0.00063394 0.00057127 0.00318566 0.00294696 0.36725460 0.05438165 0.33976295 0.02424517 0.10120571 0.04492987 0.06510753 0.01550665
0.04172130 0.00053053 0.00085882 0.00014506 0.00035465 0.37010828 0.05477007 0.34082630 0.02223265 0.10155851 0.04780649 0.07128495 0.01238108
0.03996020 0.00062788 0.00391209 0.00012032 0.00041516 0.36672112 0.04760409 0.33867990 0.02656766 0.10841096 0.03946946 0.07044548 0.01393777
0.04029015 0.00056629 0.00096374 0.00012868 0.00037423 0.36989619 0.04641669 0.33805164 0.02115365 0.10805071 0.04682287 0.07073510 0.01348851
0.04078653 0.00173405 0.00074745 0.00016382 0.00276175 0.36739968 0.04878541 0.33578690 0.03939099 0.10771226 0.03721485 0.06900391 0.01412227
0.04461318 0.01114864 0.00064121 0.01288890 0.01623037 0.36864979 0.06413477 0.33617383 0.02301211 0.10601741 0.04641461 0.07115003 0.01331848
0.04694885 0.00182540 0.00137958 0.00014759 0.00078001 0.36733078 0.05810124 0.33541483 0.02849474 0.10598777 0.04847741 0.07262241 0.01751836
0.04553475 0.00231680 0.00064306 0.00021495 0.00128233 0.36777463 0.05077638 0.33699871 0.03225268 0.10519771 0.04697386 0.07378360 0.01588910
0.04507787 0.00619836 0.00044594 0.00476932 0.00413953 0.36799339 0.05131644 0.33828892 0.04297083 0.09446204 0.05190746 0.07029636 0.04105173
0.04623419 0.00291642 0.00044848 0.00391216 0.00621997 0.36775651 0.06174709 0.33928275 0.03134508 0.09421345 0.04432956 0.06876538 0.01687976
0.04585980 0.00102967 0.00051238 0.00217462 0.03432532 0.36785093 0.06625148 0.33961245 0.02313189 0.09001166 0.05060173 0.07773975 0.03299800
0.04486389 0.00142563 0.00214270 0.00287803 0.00356004 0.36719774 0.06921218 0.33988239 0.02675298 0.09884937 0.04834929 0.07205539 0.01578610
0.04401800 0.00168660 0.00108231 0.00310404 0.00145155 0.36794818 0.05741507 0.33898059 0.03802969 0.09942854 0.05100954 0.07493514 0.02867230
0.04228917 0.00399287 0.00403214 0.00598007 0.01731119 0.36672395 0.05704651 0.33672286 0.03674820 0.09627233 0.05357153 0.07253074 0.02146385
0.04358162 0.00345344 0.00113816 0.00432747 0.02485956 0.36866785 0.05990241 0.33579221 0.02817858 0.09575534 0.05131697 0.07206577 0.02735455
0.04379195 0.00133869 0.00118532 0.00419156 0.00596448 0.36641257 0.06446217 0.33441099 0.02584691 0.09952738 0.04851303 0.07219648 0.01969318
0.04840145 0.00615080 0.00086324 0.00765235 0.05184036 0.36874887 0.06017319 0.33627191 0.02223782 0.09692321 0.04188058 0.07753761 0.02848000
0.04896657 0.01132878 0.00083753 0.01201560 0.04044331 0.36648749 0.05887339 0.33686346 0.03415752 0.08972889 0.04625458 0.07450135 0.02076318
0.05305786 0.01035024 0.00060851 0.00901977 0.04551113 0.36828702 0.06213546 0.33811224 0.02821347 0.09188089 0.05249009 0.07146209 0.02455711
0.05392238 0.00478390 0.00069702 0.00371396 0.03383429 0.36657183 0.06562754 0.33866155 0.02755476 0.09317632 0.04755604 0.06768213 0.02091559
0.05324022 0.00515204 0.00058547 0.00321073 0.02630770 0.36818384 0.07266419 0.34017471 0.02551315 0.09277358 0.05580415 0.07141109 0.02022640
0.05337118 0.00228172 0.00132827 0.00129400 0.01586046 0.36622779 0.06371161 0.33907968 0.02625779 0.09463890 0.04728277 0.07521367 0.02293472
0.05234041 0.00837508 0.00101230 0.00592204 0.01376468 0.36762891 0.06513511 0.33871242 0.03677163 0.09663300 0.04554241 0.07528315 0.02028677
0.04913656 0.00559894 0.00073593 0.00848482 0.03592519 0.36726896 0.08132577 0.33656781 0.05123702 0.09061096 0.04892410 0.07239999 0.01692448
0.04828070 0.00144136 0.00080954 0.00034605 0.00120866 0.36753560 0.06389693 0.33570588 0.02912121 0.09170187 0.06391859 0.07309006 0.02310180
0.04668585 0.00293451 0.00072986 0.00094598 0.00621493 0.36784850 0.09088489 0.33588240 0.03689831 0.08522277 0.06358032 0.07362143 0.01772065
0.04608644 0.00189781 0.00059289 0.00018605 0.00112013 0.36689413 0.06646524 0.33617857 0.03653861 0.08414664 0.05728333 0.07619095 0.02578715
0.04595178 0.00314752 0.00064980 0.00080129 0.00193863 0.36834624 0.06992447 0.33760254 0.04121925 0.08465593 0.05438805 0.07706740 0.02086882
0.04420034 0.00169915 0.00058724 0.00025374 0.00090521 0.36659966 0.07804208 0.33879689 0.03488436 0.08344080 0.05562195 0.07141813 0.02324792
0.04312778 0.00123964 0.00056206 0.00030713 0.00093568 0.36858393 0.06788363 0.33939910 0.03167292 0.08368899 0.06374473 0.07122631 0.02262329
0.04238999 0.00129025 0.00056495 0.00024112 0.00082270 0.36673474 0.08885499 0.34008047 0.03335615 0.08381719 0.05930434 0.07002485 0.02029248
0.04293448 0.00106739 0.00045236 0.00025096 0.00066357 0.36859017 0.06974371 0.34077409 0.03716673 0.08344818 0.06257766 0.07471162 0.02155519
0.04285816 0.00108289 0.00047979 0.00021185 0.00079891 0.36686829 0.08193547 0.33843907 0.03474126 0.08490944 0.05734844 0.07368222 0.02061943
0.04199424 0.00594998 0.00045917 0.00740841 0.02831681 0.36860518 0.07284214 0.33754760 0.02737348 0.08453074 0.05485481 0.07289101 0.02197924
0.04136833 0.00704835 0.00049161 0.00854333 0.04098993 0.36696071 0.06478713 0.33512655 0.02848464 0.08554121 0.05234127 0.07136710 0.02053716
0.04065553 0.00092367 0.00066191 0.00087130 0.02662934 0.36864319 0.08033806 0.33606734 0.02576531 0.08583583 0.05353198 0.07528672 0.02062759
0.04060233 0.00079564 0.00055376 0.00038219 0.00052560 0.36717762 0.08457242 0.33655434 0.02941756 0.08541220 0.05714117 0.07509112 0.02033541
0.03758923 0.00906868 0.00115200 0.00819613 0.02998050 0.36856549 0.06857753 0.33805126 0.03534894 0.08670821 0.05456815 0.07594659 0.01993027
0.03754114 0.00724220 0.00047361 0.00577255 0.01695442 0.36765482 0.06225674 0.33843346 0.04047265 0.08478365 0.05936091 0.07121420 0.04116892
0.03764091 0.00335373 0.00052716 0.00288630 0.00406987 0.36828702 0.06091269 0.34016926 0.03538634 0.08450291 0.05664743 0.06963288 0.03261082
0.03735286 0.00348663 0.00045655 0.00328729 0.00590982 0.36814649 0.06769335 0.34006626 0.04242065 0.08455519 0.05729194 0.07182092 0.02207722
0.03692847 0.00846018 0.00040101 0.00725182 0.03691882 0.36757781 0.06475522 0.34012052 0.03461425 0.08352317 0.07085206 0.07328320 0.01920748
0.03674865 0.00563581 0.00046419 0.00520425 0.03607270 0.36840688 0.06671267 0.33938791 0.04106755 0.08468867 0.05942646 0.07326773 0.02082173
0.03640458 0.00380069 0.00278988 0.00325857 0.02825205 0.36739412 0.06582821 0.33679576 0.03552379 0.09335873 0.06433488 0.07219004 0.01763755
0.03610458 0.00162731 0.00105169 0.00171675 0.01848333 0.36871144 0.06427895 0.33641360 0.04091770 0.09416181 0.05723196 0.07254827 0.02042063
0.03407530 0.00618433 0.00088042 0.00908026 0.03917998 0.36761506 0.06462698 0.33651880 0.03468684 0.08692351 0.05744545 0.07472003 0.01754768
0.03489531 0.00366286 0.00058810 0.00415050 0.02845959 0.36836128 0.07163545 0.33705655 0.03522505 0.07750276 0.06296263 0.07691023 0.01830205
0.03473688 0.00359127 0.00103421 0.00355636 0.02782978 0.36768691 0.06744929 0.33762201 0.03940562 0.07878700 0.05772416 0.07299019 0.01955560
0.03484421 0.00562612 0.00147273 0.00289637 0.03280739 0.36865525 0.06248198 0.33853887 0.03770060 0.06755464 0.06711304 0.07244041 0.02129874
0.03496828 0.00407222 0.00093404 0.00592569 0.02686504 0.36705726 0.06412484 0.33851204 0.03937049 0.06794668 0.05718086 0.06903987 0.01965579
0.03548133 0.00069063 0.00133064 0.00020215 0.00047365 0.36905891 0.06586563 0.33955838 0.03278711 0.06739198 0.06334180 0.07369441 0.01767706
0.03604559 0.00071175 0.00048148 0.00018040 0.00045054 0.36700431 0.06772956 0.33867474 0.03562127 0.06808734 0.05680551 0.07337241 0.01776856
0.03576382 0.00346823 0.00049397 0.00320711 0.03879304 0.36861104 0.06074441 0.33768446 0.03531620 0.06952251 0.05514386 0.07367061 0.01719183
0.03552933 0.00337329 0.00055730 0.00661178 0.02471107 0.36751598 0.05969751 0.33585640 0.03697745 0.07106106 0.06297580 0.06990128 0.01789665
0.03508858 0.00130592 0.00065314 0.00019625 0.03806986 0.36815849 0.06223389 0.33528128 0.03791185 0.07219349 0.05820788 0.07303205 0.01721457
0.03415855 0.00234876 0.00072900 0.00137120 0.03781286 0.36774937 0.05637267 0.33562545 0.03151722 0.07362608 0.06732818 0.07414970 0.01951372
0.03144333 0.00367103 0.00075327 0.00076641 0.02637761 0.36839378 0.06036913 0.33721137 0.03995720 0.07328464 0.05201917 0.07506043 0.01933739
0.03240852 0.00543460 0.00157581 0.00916085 0.03860202 0.36769985 0.06311116 0.33771014 0.03669000 0.07363819 0.05381273 0.07405884 0.01722707
0.04257307 0.00984915 0.00092149 0.01021450 0.02256413 0.36841845 0.06669266 0.33879171 0.03267756 0.07254653 0.06072217 0.06971146 0.01912578
0.04389992 0.00124629 0.00075152 0.00229327 0.02479495 0.36813961 0.08189421 0.33938018 0.03589378 0.07044613 0.05607601 0.07018039 0.01846969
0.04330108 0.00258238 0.00088251 0.00505251 0.04471372 0.36747477 0.06351172 0.33957419 0.03189037 0.07046484 0.06656350 0.07269773 0.02062901
0.04181177 0.00319380 0.00063233 0.00116817 0.01815610 0.36839588 0.06466754 0.33938031 0.04434814 0.06789208 0.05368673 0.07467201 0.02226114
0.04191314 0.00231216 0.00053257 0.00248375 0.00316791 0.36713205 0.06329527 0.33698462 0.03758211 0.06930303 0.06321750 0.07271760 0.02394754
0.04205213 0.00148875 0.00041296 0.00167955 0.00323797 0.36830729 0.06692599 0.33606403 0.03479888 0.06781971 0.06953292 0.07182387 0.03422497
0.04053295 0.00127355 0.00079359 0.00320654 0.00384397 0.36722933 0.07439216 0.33460677 0.03609338 0.06942953 0.05905332 0.07295159 0.02094670
0.04553489 0.00338573 0.00076550 0.00376734 0.01650143 0.36766944 0.07511994 0.33671516 0.03443623 0.06985589 0.06657224 0.07692149 0.01914104
0.04392567 0.00248608 0.00099977 0.00025764 0.00112045 0.36759588 0.07225776 0.33690708 0.04162782 0.07083635 0.05784498 0.07460424 0.02044562
0.04219049 0.00151089 0.00108299 0.00021804 0.00089639 0.36748135 0.06937093 0.33821760 0.03439982 0.07193257 0.06610752 0.07301735 0.02056902
0.03831466 0.00106642 0.00110900 0.00019809 0.00057191 0.36780474 0.06863973 0.33851281 0.03422632 0.07196475 0.06568610 0.07029102 0.02263901
0.03780729 0.00485722 0.00054730 0.00768190 0.02404039 0.36759109 0.07381373 0.33993897 0.03761516 0.07091471 0.05827020 0.07078140 0.01843519
0.03953042 0.00074030 0.00053048 0.00018664 0.00047841 0.36794041 0.07220761 0.33961638 0.03296949 0.07279539 0.06491588 0.07356137 0.01891984
0.04049189 0.00728002 0.00047877 0.00492432 0.01568712 0.36780107 0.07459164 0.33910190 0.03644230 0.07311577 0.05858845 0.07986755 0.02101124
0.04118949 0.00386312 0.00098015 0.00652686 0.02799418 0.36789582 0.07142566 0.33718935 0.03200731 0.07400952 0.06543860 0.07254948 0.01979103
0.04275243 0.00641809 0.00046657 0.00430476 0.01675514 0.36764120 0.06556578 0.33551702 0.03363953 0.07457726 0.05997197 0.07254374 0.02227309
0.04422298 0.01253452 0.00040404 0.01236809 0.03707403 0.36821530 0.06949893 0.33543322 0.03357350 0.07471510 0.05707553 0.07332656 0.01913154
0.04424835 0.00116193 0.00069273 0.00019651 0.00048342 0.36748149 0.07069927 0.33590841 0.03157405 0.07626506 0.06113295 0.07502649 0.02259776
0.04342180 0.00070489 0.00049447 0.00037958 0.00043882 0.36823894 0.08579149 0.33761566 0.03193253 0.07468619 0.05773033 0.07470433 0.01800675
0.04259286 0.00099965 0.00045023 0.00017727 0.00049644 0.36747226 0.07662112 0.33842404 0.03163384 0.07614935 0.05815889 0.07026349 0.01912154
0.04232808 0.00153673 0.00052080 0.00021489 0.00088212 0.36857749 0.06985380 0.33944617 0.03734602 0.07407811 0.05861729 0.06960605 0.01937720
0.04059545 0.00093609 0.00056385 0.00056126 0.03553805 0.36755029 0.06665120 0.34002608 0.03209741 0.07016958 0.06011552 0.07311214 0.02138613
0.03928265 0.00210465 0.00114890 0.00438263 0.02624192 0.36798530 0.06367031 0.34004928 0.03134174 0.06968616 0.06241706 0.07452976 0.02111698
0.03703622 0.00202119 0.00069984 0.00210247 0.02070493 0.36779373 0.06739678 0.33812846 0.04008143 0.06986204 0.05500588 0.07297302 0.01955305
0.04091466 0.00888212 0.00064688 0.01063013 0.03729473 0.36826497 0.06778314 0.33722692 0.04092567 0.06993203 0.05700491 0.07659026 0.01756778
0.04133103 0.00490306 0.00063138 0.00462676 0.02284022 0.36807667 0.07238700 0.33612080 0.03447100 0.06944427 0.05819138 0.07115462 0.02353193
0.04117353 0.00368758 0.00046578 0.00445430 0.02752905 0.36860451 0.06874376 0.33587296 0.03045439 0.06923020 0.06390058 0.07504779 0.03167171
0.03966715 0.00155939 0.00039201 0.00175861 0.00104431 0.36807725 0.06947160 0.33666362 0.03398616 0.06880199 0.06596642 0.07496692 0.02225628
0.04209388 0.00141839 0.00032570 0.00175351 0.00176138 0.36850896 0.07580710 0.33837443 0.04215412 0.06834197 0.05502932 0.07388217 0.03458803
0.04177861 0.00112094 0.00035284 0.00114351 0.00081520 0.36837363 0.07116642 0.33864447 0.03421219 0.06815193 0.06530588 0.07068359 0.01955066
0.03814030 0.00115520 0.00045946 0.00063084 0.00093174 0.36812203 0.07727078 0.33943489 0.03428384 0.06838658 0.05746685 0.06919802 0.02393187
0.03871340 0.00669357 0.00054824 0.00767648 0.02308124 0.36853812 0.07342214 0.34043062 0.03275011 0.06750500 0.06522308 0.07216237 0.02208058
0.03929005 0.00791590 0.00065936 0.00916366 0.02162744 0.36819779 0.07028220 0.34038446 0.03817197 0.06922868 0.06282793 0.07612919 0.02239807
0.03933448 0.00166541 0.00063344 0.00109293 0.00168896 0.36852250 0.07395453 0.33895414 0.03723871 0.06754736 0.06043947 0.07456894 0.03725708
0.03861911 0.00080651 0.00069915 0.00623553 0.00127314 0.36804060 0.07766130 0.33646468 0.03191301 0.07255389 0.06513347 0.07186199 0.04164680
0.03754412 0.00229073 0.00047012 0.00382649 0.00646203 0.36790666 0.07770225 0.33588305 0.03509628 0.07160669 0.05731090 0.07364673 0.02340976
0.03740530 0.00430707 0.00047461 0.00433416 0.02166163 0.36797141 0.06806043 0.33692969 0.03589502 0.08643037 0.06429591 0.07524224 0.03298784
0.03786642 0.00154303 0.00140270 0.00281295 0.00306561 0.36711408 0.07979901 0.33674724 0.04431887 0.08521790 0.05440723 0.07756575 0.02128248
0.03823453 0.00078483 0.00080141 0.00110222 0.00078725 0.36743880 0.07974097 0.33823278 0.03237020 0.09310330 0.06654218 0.07320026 0.02993747
0.03717326 0.00122361 0.00096379 0.00094565 0.00172217 0.36752401 0.07616775 0.33963093 0.03443458 0.09175083 0.06489079 0.07077175 0.02418958
0.03679902 0.00177580 0.00062254 0.00082749 0.00184623 0.36714255 0.07552099 0.33950176 0.03832734 0.08937029 0.05992811 0.06999721 0.02267978
0.03691492 0.00101625 0.00048889 0.00032918 0.00059099 0.36764669 0.07274688 0.34053708 0.03536234 0.08769538 0.06426703 0.07381628 0.02660552
0.03713319 0.00078501 0.00037928 0.00068582 0.00081900 0.36712095 0.08215381 0.33970565 0.03735556 0.08548346 0.05649607 0.07394534 0.02055284
0.03674235 0.00067323 0.00033396 0.00020749 0.00052765 0.36753724 0.08010449 0.33814127 0.03121612 0.08460877 0.06900676 0.07398116 0.02409433
0.03562364 0.00083328 0.00037111 0.00037690 0.00065439 0.36733985 0.08039640 0.33656655 0.03755948 0.08408578 0.06074497 0.07213487 0.02086310
0.03518601 0.00093144 0.00045834 0.00019324 0.00064375 0.36722778 0.07753655 0.33543279 0.03539653 0.08524542 0.05692264 0.07276253 0.02318516
0.03434715 0.00064521 0.00059314 0.00020924 0.00047696 0.36725390 0.06888716 0.33612178 0.03201717 0.07897615 0.06260906 0.07516098 0.02094700
0.03429470 0.00072084 0.00068330 0.00019266 0.00052207 0.36846672 0.07597606 0.33781060 0.03500632 0.08215435 0.05228234 0.07578229 0.02046191
0.03441575 0.00141593 0.00116522 0.00155356 0.03300195 0.36689922 0.07194384 0.33839766 0.03100871 0.09041514 0.06417388 0.07322352 0.02084639
0.03420417 0.00097974 0.00094307 0.00026967 0.00098624 0.36760411 0.07587001 0.33919798 0.03686894 0.09276851 0.05726527 0.07033389 0.02259334
0.03410739 0.00117668 0.00084809 0.00063695 0.00202920 0.36712707 0.07178767 0.34032161 0.03220820 0.09102134 0.06965291 0.06995109 0.01952152
0.03409019 0.00114492 0.00065756 0.00020072 0.00077179 0.36736838 0.06829995 0.34002030 0.03896299 0.09168892 0.05937242 0.07316063 0.02082915
0.03393409 0.00074682 0.00053952 0.00040369 0.00054547 0.36681614 0.07363415 0.33969436 0.03595318 0.09025484 0.05749183 0.07450555 0.01958825
0.03368615 0.00062574 0.00055384 0.00022053 0.00047763 0.36737083 0.06844775 0.33733733 0.03121966 0.08941916 0.06374014 0.07156142 0.02011855
0.03352312 0.00083286 0.00044620 0.00020815 0.00145768 0.36676499 0.07498728 0.33574951 0.03819735 0.08218954 0.05828531 0.07279895 0.02107182
0.03324069 0.00074228 0.00042659 0.00051879 0.00160211 0.36755292 0.07298213 0.33597764 0.03265032 0.08119869 0.06884285 0.07296282 0.02130742
0.03243601 0.00105679 0.00051646 0.00044606 0.00075383 0.36683671 0.07323633 0.33593263 0.04294949 0.08222460 0.05710960 0.07672005 0.02022258
0.03098704 0.00126643 0.00060017 0.00020990 0.00077349 0.36706441 0.07381700 0.33765391 0.03799064 0.08164574 0.06560323 0.07516832 0.02031688
0.03154739 0.00102671 0.00064081 0.00028445 0.00109070 0.36728744 0.07158319 0.33840326 0.03757403 0.08344787 0.06020433 0.07240861 0.02041768
0.03188960 0.00078722 0.00067200 0.00019788 0.00053931 0.36695104 0.07482313 0.33908619 0.03674663 0.08353697 0.06082898 0.07071713 0.02077779
0.04414012 0.00110324 0.00068778 0.00022190 0.00133786 0.36739274 0.07077626 0.34058902 0.03851758 0.08523860 0.07056749 0.07138333 0.02194543
0.04371370 0.00094662 0.00070922 0.00053153 0.00154983 0.36693900 0.07431550 0.34070536 0.03823814 0.08475192 0.05712498 0.07368279 0.02088416
0.04428471 0.00077971 0.00071453 0.00041935 0.00066309 0.36749241 0.07538953 0.33915733 0.03586676 0.08625529 0.06385862 0.07505653 0.02005603
0.04284664 0.00687721 0.00055085 0.00448844 0.01654119 0.36706639 0.07162997 0.33832343 0.03650524 0.08431962 0.05445395 0.07299159 0.02316600
0.05210259 0.00494929 0.00050204 0.00528887 0.03239063 0.36751666 0.07843730 0.33623663 0.03384941 0.08565925 0.06013159 0.07150949 0.02060570
0.05182664 0.00339016 0.00051987 0.00098745 0.00378516 0.36718258 0.07006254 0.33568027 0.04246520 0.08297701 0.05848475 0.07424104 0.02077331
0.05308986 0.00191347 0.00049103 0.00022350 0.00066207 0.36766452 0.07350451 0.33703796 0.05349230 0.08387909 0.05371270 0.07516015 0.02023934
0.05209696 0.00072871 0.00046680 0.00029487 0.00064646 0.36675650 0.07189754 0.33759968 0.02963530 0.08207807 0.07242217 0.07557133 0.02222724
0.05107975 0.00218409 0.00038392 0.00163638 0.02721491 0.36780860 0.07669859 0.33872869 0.03712695 0.08224200 0.05471793 0.07121471 0.02120119
0.05109194 0.00283646 0.00039072 0.00216576 0.02865001 0.36719502 0.07497524 0.34001101 0.03571113 0.08223285 0.06442152 0.06940502 0.02120555
0.05884430 0.00725480 0.00105154 0.00781682 0.02313316 0.36638225 0.07975549 0.34007525 0.04533466 0.08215784 0.05822026 0.07259486 0.02055253
0.05902152 0.00108010 0.00086370 0.00019355 0.00056661 0.36718234 0.07843139 0.34101105 0.03674845 0.08364873 0.05836424 0.07457462 0.02333848
0.05839488 0.00189396 0.00079586 0.00160857 0.03519281 0.36676350 0.06720523 0.33888358 0.02830298 0.08321549 0.07346804 0.07399095 0.02049982
0.06072208 0.00269438 0.00052172 0.00102185 0.02448575 0.36716650 0.07124896 0.33715200 0.03998803 0.08488673 0.04893994 0.07291509 0.02378717
0.06007043 0.00110721 0.00075763 0.00038143 0.00082912 0.36618655 0.07636088 0.33567530 0.03030812 0.08705237 0.06418140 0.07322317 0.02260008
0.06073898 0.00147185 0.00055890 0.00035030 0.00106675 0.36657241 0.08339566 0.33566087 0.03603864 0.08830386 0.05349041 0.07450120 0.02005590
0.06131342 0.00161380 0.00056563 0.00020746 0.00090808 0.36619569 0.07347135 0.33555582 0.03149908 0.08752388 0.05713740 0.07643616 0.02102077
0.06054297 0.00121968 0.00052639 0.00022167 0.00070079 0.36628841 0.06894011 0.33706268 0.03031833 0.08934997 0.06453747 0.07355461 0.02214489
0.05960063 0.00115653 0.00052643 0.00024758 0.00079279 0.36619424 0.07651804 0.33803954 0.03681140 0.08776471 0.05709839 0.07125172 0.02030579
0.05674038 0.00084559 0.00074924 0.00055957 0.00068731 0.36650599 0.06939457 0.33892314 0.03307651 0.08981285 0.06582686 0.06913046 0.01999074
0.05297564 0.00183004 0.00091430 0.00022265 0.00107073 0.36590977 0.07631237 0.34027007 0.04185299 0.08765974 0.05198861 0.07287645 0.01947891
0.04988080 0.01079471 0.00100668 0.01102938 0.01280913 0.36711590 0.07220482 0.34030737 0.03263767 0.08908080 0.06103344 0.07376640 0.02085319
0.04876821 0.00215614 0.00068702 0.00307642 0.03546863 0.36510470 0.07008421 0.33898565 0.03064334 0.09784953 0.06433501 0.07427712 0.02062428
0.04932449 0.00304769 0.00129714 0.00188965 0.02283357 0.36713056 0.07564091 0.33688570 0.04992564 0.09087205 0.05177932 0.07234929 0.02252028
0.04917786 0.00255944 0.00076084 0.00144479 0.00322968 0.36580595 0.06283233 0.33548418 0.05044547 0.08996735 0.07045926 0.07358982 0.02045263
0.04912100 0.00162026 0.00056179 0.00041333 0.00170810 0.36653586 0.07774959 0.33582709 0.04716893 0.08783011 0.05758217 0.07536793 0.01936165
0.04982645 0.00565264 0.00055822 0.00668971 0.01750296 0.36672378 0.06756541 0.33661125 0.03455810 0.08254300 0.07848851 0.07794423 0.02184873
0.04911741 0.00195929 0.00091022 0.00193583 0.03641041 0.36633751 0.07463314 0.33790620 0.05001280 0.07474141 0.06095575 0.07384305 0.01972895
0.04945830 0.00234290 0.00060199 0.00199432 0.02041822 0.36641531 0.07288130 0.33886641 0.04954665 0.07551671 0.06075298 0.07119945 0.02150090
0.04882321 0.00298430 0.00047966 0.00458758 0.02627868 0.36692929 0.06711141 0.34055861 0.03997398 0.07530638 0.07094243 0.07053336 0.02010382
0.04874139 0.01046197 0.00046949 0.00952648 0.03271537 0.36573544 0.07799236 0.34082422 0.03998263 0.07636674 0.05122368 0.07299364 0.02211724
0.04859450 0.00407332 0.00049909 0.00258111 0.04436782 0.36772991 0.06414806 0.34099596 0.03969061 0.07663231 0.07477044 0.07452963 0.02158054
0.05414310 0.00141009 0.00123870 0.00099224 0.02990457 0.36595611 0.07355489 0.33858721 0.04826455 0.07804932 0.05590088 0.07298201 0.02060292
0.05431538 0.00435087 0.00076479 0.00397280 0.02912807 0.36734772 0.06793079 0.33618369 0.03733630 0.07819528 0.07739217 0.07296695 0.01938455
0.05397152 0.00431103 0.00070369 0.00318716 0.02615139 0.36692514 0.06605744 0.33552879 0.05864310 0.07916149 0.06312149 0.07385610 0.02033825
0.05367971 0.00363618 0.00068831 0.00202037 0.02257437 0.36671065 0.06986918 0.33555079 0.04478805 0.07858199 0.05833125 0.07617267 0.02267278
0.05386439 0.00425520 0.00061152 0.00649068 0.00916176 0.36752930 0.06458912 0.33698510 0.04443019 0.07866854 0.06568081 0.07605926 0.03619817
0.05334433 0.00267429 0.00060929 0.00031147 0.00230047 0.36668382 0.07453542 0.33763803 0.04934512 0.07011057 0.05670606 0.07425232 0.01987925
0.05623397 0.00290851 0.00045686 0.00092178 0.00424266 0.36777002 0.07353997 0.33992991 0.05184376 0.06911870 0.06652014 0.07023341 0.01858434
0.05470298 0.00170116 0.00065839 0.00023704 0.00097798 0.36718766 0.06655171 0.34068400 0.04737504 0.06076241 0.07191404 0.07087492 0.02007287
0.05196996 0.00630962 0.00042709 0.00048613 0.00303965 0.36739217 0.06487110 0.34077991 0.05456234 0.05980124 0.06542316 0.07269871 0.02072690
0.05236792 0.00108933 0.00139033 0.00027838 0.00056846 0.36687000 0.06181642 0.34010132 0.04370194 0.06058721 0.06152598 0.07312747 0.01709607
0.05572208 0.00247127 0.00051176 0.00119702 0.04253230 0.36774511 0.06363449 0.33760543 0.04918938 0.04879939 0.05508792 0.07542819 0.01625067
0.05921651 0.00212625 0.00035282 0.00397144 0.00521845 0.36656632 0.06377959 0.33566045 0.04304140 0.04932039 0.07148306 0.07127805 0.02119062
0.05949224 0.00097307 0.00047409 0.00018373 0.00079666 0.36828862 0.06038041 0.33416801 0.04453247 0.06513036 0.06288364 0.07361399 0.01715507
0.05877183 0.00117227 0.00047799 0.00031981 0.00093478 0.36644921 0.05561954 0.33512991 0.04450282 0.05028914 0.06529789 0.07541922 0.01630598
0.06470472 0.00690251 0.00050669 0.00446087 0.01649768 0.36844273 0.05662093 0.33632645 0.04531796 0.05084268 0.05809097 0.07557107 0.02101577
0.06490975 0.00094033 0.00045496 0.00029899 0.00111797 0.36717405 0.06853816 0.33738116 0.04147806 0.05101936 0.06710691 0.07186442 0.01549993
0.06467781 0.00153728 0.00044400 0.00053608 0.00083645 0.36771154 0.06329057 0.33913789 0.05326017 0.05102909 0.05975385 0.06849442 0.01624816
0.06170732 0.00338001 0.00040096 0.00268033 0.02649538 0.36837278 0.06352356 0.34124721 0.04680758 0.05101583 0.07220950 0.07097414 0.01729155
0.06130008 0.00254368 0.00037130 0.00194587 0.02745236 0.36758999 0.06109592 0.34131886 0.04385592 0.05048047 0.07238926 0.07259133 0.02140556
0.06085082 0.00268429 0.00039716 0.00243899 0.03613475 0.36865829 0.06019349 0.34003175 0.04624677 0.05037055 0.06609863 0.07332108 0.01935520
0.06025747 0.00392753 0.00034385 0.00300923 0.02309813 0.36788012 0.06569050 0.33822513 0.04860620 0.04962317 0.05858912 0.07233518 0.02070939
0.06101198 0.00273549 0.00030296 0.00549642 0.02747144 0.36848386 0.06737228 0.33623657 0.04417837 0.04949241 0.06059042 0.07204561 0.01689785
0.06192728 0.00128520 0.00036148 0.00027321 0.00078494 0.36827406 0.07675322 0.33572357 0.04037154 0.04919796 0.07087285 0.07461397 0.01908159
0.06296991 0.00113987 0.00141530 0.00022026 0.00061098 0.36866140 0.06950762 0.33642737 0.04556716 0.04981549 0.07070634 0.07584607 0.01984006
0.06273426 0.00141283 0.00091005 0.00025678 0.00073076 0.36761836 0.06880474 0.33766624 0.04959739 0.04972384 0.06647484 0.07541780 0.01948008
0.06276669 0.00091163 0.00075281 0.00017566 0.00057181 0.36968638 0.07385878 0.33898787 0.03837965 0.04940962 0.06470012 0.07227573 0.01925771
0.06078009 0.00081986 0.00053739 0.00021450 0.00053577 0.36798775 0.06712433 0.34014623 0.03874601 0.04933900 0.06251782 0.06933396 0.01907030
0.06101751 0.00084639 0.00030642 0.00017364 0.00051466 0.36953383 0.07481290 0.34155613 0.03900095 0.04948843 0.06025372 0.07078283 0.01947958
0.06142734 0.00093826 0.00031533 0.00020675 0.00057873 0.36839169 0.06698735 0.34140796 0.04063691 0.04975275 0.06749561 0.07336976 0.01954708
0.05990109 0.00098900 0.00029902 0.00017972 0.00059930 0.36870798 0.07275440 0.33981501 0.04352303 0.04988737 0.06219888 0.07286042 0.01974675
0.05961818 0.00069300 0.00035364 0.00019211 0.00049407 0.36906491 0.07349905 0.33758126 0.03563748 0.04999984 0.07058771 0.07145652 0.01942527
0.06166317 0.00243068 0.00034019 0.00043886 0.00059748 0.36829349 0.07097535 0.33592798 0.04141122 0.04983164 0.05762722 0.07141197 0.02096707
0.06031369 0.00077526 0.00166472 0.00018310 0.00048893 0.36907184 0.07262285 0.33596550 0.03706131 0.05236632 0.05872370 0.07488798 0.01876355
0.06131434 0.00073720 0.00109280 0.00019441 0.00048614 0.36821348 0.06582820 0.33618503 0.03704396 0.05128194 0.06213029 0.07522240 0.01971260
0.06238189 0.00085605 0.00056768 0.00018069 0.00055713 0.36872641 0.07329232 0.33773889 0.03972342 0.05004597 0.05869135 0.07279268 0.01939971
0.06361458 0.00066058 0.00035487 0.00019328 0.00046845 0.36864593 0.07041322 0.33918883 0.03426460 0.04927375 0.06950508 0.06987660 0.01956582
0.06378885 0.00086311 0.00047534 0.00018808 0.00056519 0.36867632 0.07057572 0.34016586 0.04126335 0.03404505 0.05687928 0.06941418 0.01973245
0.06306987 0.00069264 0.00036022 0.00018941 0.00046593 0.36908783 0.07243257 0.34142043 0.03470838 0.03460726 0.06343780 0.07082367 0.01903848
0.06274597 0.00072004 0.00026035 0.00019180 0.00048519 0.36950825 0.06688007 0.34087613 0.03723926 0.03470636 0.05825662 0.07268141 0.01985520
0.06096665 0.00608046 0.00039654 0.00635980 0.03074376 0.36849365 0.07324338 0.33918346 0.03761547 0.03630422 0.05727488 0.07339359 0.01925415
0.05862478 0.00188555 0.00074804 0.00043720 0.00317424 0.36972908 0.06939422 0.33717516 0.04004087 0.03704516 0.06759066 0.07209589 0.02040281
0.05680943 0.00094470 0.00124015 0.00027359 0.00068704 0.36861897 0.07327434 0.33572898 0.04231871 0.01664123 0.06051838 0.07294662 0.02117641
0.05845236 0.00565047 0.00116998 0.00879981 0.04014878 0.36949919 0.07489901 0.33612419 0.03436670 0.01773921 0.06955022 0.07534402 0.01988744
0.05823237 0.00096274 0.00217632 0.00061557 0.00052951 0.36916702 0.08334166 0.33717207 0.03914167 0.04543978 0.05753462 0.07666216 0.02025395
0.06061286 0.00115633 0.00080654 0.00072475 0.03690134 0.36952697 0.07530632 0.33879929 0.03704794 0.04174204 0.06594562 0.07396064 0.02109662
0.06301507 0.00172712 0.00052736 0.00025628 0.00079625 0.36956447 0.07378494 0.34039541 0.03636386 0.03786037 0.06755170 0.07048514 0.02380177
0.07566507 0.00715713 0.00036579 0.00373290 0.03605247 0.36913355 0.08207869 0.34173194 0.04955210 0.03517321 0.05606361 0.06962886 0.02218120
0.07605253 0.00345954 0.00022195 0.00098470 0.02360830 0.36982824 0.07579555 0.34290197 0.03713850 0.03162742 0.07523131 0.07287204 0.02483128
0.07572572 0.00292907 0.00024282 0.00538757 0.02759634 0.36930970 0.08837464 0.34223227 0.04109707 0.03109446 0.05587369 0.07400209 0.02077291
0.07762393 0.00838937 0.00036178 0.01302544 0.03271098 0.36944626 0.07676774 0.34015546 0.03115857 0.03037584 0.06872746 0.07329347 0.02360312
0.07568152 0.00590384 0.00049850 0.00642176 0.04438106 0.36836578 0.07583037 0.33753423 0.04095695 0.03184740 0.05863817 0.07306646 0.03973513
0.07641831 0.00388847 0.00049777 0.00557565 0.02460742 0.36881749 0.07970277 0.33623822 0.04344436 0.03332588 0.05615157 0.07508301 0.03720561
0.07905710 0.00136879 0.00162140 0.00266386 0.00261685 0.36797613 0.07566836 0.33595606 0.02869678 0.04234316 0.07185248 0.07729785 0.02690295
0.08068115 0.00084761 0.00093561 0.00254972 0.00198876 0.36878531 0.08603805 0.33682054 0.03591587 0.04487372 0.05299814 0.07654712 0.04035336
0.06617347 0.00701554 0.00112725 0.00729155 0.04446360 0.36732202 0.07913211 0.33886465 0.03477434 0.05756056 0.06914563 0.07505717 0.02557599
0.06659858 0.00498580 0.00112772 0.00643548 0.05581965 0.36911560 0.08258097 0.34076739 0.03414867 0.05558797 0.05564154 0.07199207 0.03198483
0.06728906 0.00306205 0.00114199 0.00216906 0.02312782 0.36683370 0.07992444 0.34168023 0.03516987 0.06755014 0.07056842 0.07325273 0.02590670
0.06793296 0.00101510 0.00111427 0.00085449 0.00157751 0.36920406 0.07920724 0.34254484 0.04061836 0.06371115 0.06839279 0.07351336 0.02455916
0.06744928 0.00518307 0.00072756 0.00429211 0.02278613 0.36737871 0.08347222 0.34145685 0.03817569 0.05936780 0.05665049 0.07493559 0.02651005
0.07017785 0.00643080 0.00036536 0.00552173 0.03139723 0.36847708 0.07724195 0.33953762 0.04158175 0.05672007 0.07631884 0.07380207 0.02200352
0.07227583 0.00314687 0.00295664 0.00064595 0.00267415 0.36815269 0.08352422 0.33728163 0.05389823 0.06259360 0.05821186 0.07265589 0.02482451
0.07097517 0.00467446 0.00033708 0.00246683 0.02774420 0.36850089 0.07685037 0.33653170 0.04578494 0.05557639 0.07506175 0.07497359 0.02250731
0.06913492 0.00399285 0.00063527 0.00179445 0.02911300 0.36804820 0.07861517 0.33703643 0.05370979 0.05678860 0.06208720 0.07758653 0.02334099
0.06881283 0.00674409 0.00058046 0.00370144 0.01933327 0.36860498 0.07693085 0.33850244 0.04760498 0.05929944 0.07004278 0.07702430 0.02397116
0.07516623 0.00355120 0.00081643 0.00372486 0.03226270 0.36815203 0.07819487 0.34001666 0.04213821 0.06524248 0.07594030 0.07334692 0.02566333
0.07758690 0.00503842 0.00141926 0.00314853 0.02250490 0.36810731 0.08634063 0.34107621 0.04439748 0.06923318 0.06198845 0.07119884 0.02208194
0.07738357 0.00116866 0.00401415 0.00026831 0.00057341 0.36851791 0.07376314 0.34257780 0.04336263 0.07192320 0.07535068 0.07178868 0.02114602
0.07958478 0.00927056 0.00141752 0.00773968 0.01119323 0.36752071 0.08143944 0.34249660 0.04238679 0.07763394 0.05244098 0.07345562 0.02262957
0.08080710 0.00201478 0.00152504 0.00231318 0.01982275 0.36912750 0.07390261 0.34075341 0.03421899 0.07794018 0.06377179 0.07363444 0.02230724
0.08043685 0.00159158 0.00251748 0.00183212 0.02984138 0.36666039 0.07002675 0.33818847 0.03200705 0.09463326 0.06077680 0.07184183 0.02175359
0.08124183 0.00092942 0.00132612 0.00019965 0.00073183 0.36849861 0.07517293 0.33612728 0.03532607 0.09142190 0.05601246 0.07201008 0.01978605
0.08082699 0.00059819 0.00080778 0.00020236 0.00043196 0.36695350 0.06960091 0.33502037 0.03086815 0.08829487 0.06631315 0.07461258 0.02064735
0.08022322 0.00072513 0.00053679 0.00019927 0.00054367 0.36751737 0.07917512 0.33638826 0.03583503 0.08460936 0.05219810 0.07450430 0.01976086
0.07938501 0.00058524 0.00041701 0.00019712 0.00047872 0.36748765 0.07039494 0.33699144 0.02964928 0.08231055 0.06502141 0.07674139 0.02089446
0.08290172 0.00635161 0.00097337 0.00702377 0.04644581 0.36699039 0.07232581 0.33904958 0.02667806 0.08289829 0.06268097 0.07072484 0.02020826
0.08149427 0.00494944 0.00078129 0.00486181 0.03423186 0.36739460 0.07040186 0.34038699 0.03064540 0.08198975 0.05007951 0.06991782 0.02338415
0.08132821 0.00935625 0.00069170 0.00893470 0.03603555 0.36734136 0.06515994 0.34134457 0.03000040 0.08394977 0.06804125 0.06986657 0.01980477
0.08130595 0.00208015 0.00077784 0.00282578 0.03754295 0.36715876 0.07052688 0.34231088 0.04001898 0.08517058 0.04892864 0.07339198 0.02223476
0.08000024 0.00207332 0.00095070 0.00347197 0.02733056 0.36734795 0.06990877 0.34022087 0.03598047 0.08812306 0.06065739 0.07323981 0.02027452
0.07852457 0.00317976 0.00096121 0.00558588 0.03099391 0.36773123 0.07829580 0.33778311 0.02966992 0.09005913 0.05850903 0.07161521 0.02193712
0.07863139 0.00112203 0.00088204 0.00146557 0.00099798 0.36710756 0.07543174 0.33600336 0.03065675 0.08373553 0.05819315 0.07189388 0.02429388
0.08103047 0.00086827 0.00081062 0.00316344 0.00293426 0.36873623 0.07941659 0.33636365 0.02855833 0.08470216 0.06143402 0.07445048 0.03819539
0.08705155 0.00762775 0.00068127 0.00839815 0.02680769 0.36630635 0.07383234 0.33585271 0.02639990 0.08522814 0.05193408 0.07682994 0.02606072
0.08526522 0.00359094 0.00095980 0.00196486 0.02506292 0.36905299 0.08244589 0.33854495 0.02692566 0.08522276 0.05752938 0.07417635 0.02318323
0.08464482 0.00327642 0.00081460 0.00371191 0.02665701 0.36629709 0.07707997 0.33876955 0.02741219 0.08510698 0.05660006 0.07063926 0.02390123
0.08549117 0.00208120 0.00079019 0.00351450 0.02128897 0.36816331 0.07352735 0.34071193 0.03150247 0.08419381 0.05880617 0.06950252 0.02174279
0.08484841 0.00129235 0.00081834 0.00019948 0.00070019 0.36680501 0.07887923 0.34190394 0.02717899 0.08398806 0.05902696 0.07093740 0.02495448
0.08290415 0.00088115 0.00079057 0.00042241 0.00049401 0.36754821 0.07947909 0.34153465 0.02620822 0.08311768 0.05767299 0.07291576 0.02174160
0.07978059 0.00071137 0.00099707 0.00022979 0.00049818 0.36730502 0.08996388 0.34024605 0.02546986 0.08259612 0.05412937 0.07291833 0.02151180
0.07774867 0.00075740 0.00109400 0.00022420 0.00057310 0.36811254 0.07802541 0.33818036 0.02583216 0.08257698 0.06098793 0.07240900 0.02291351
0.07728963 0.00107094 0.00086402 0.00022854 0.00070803 0.36689684 0.07878123 0.33632698 0.02888812 0.08994434 0.05848969 0.07182702 0.02314738
0.07782645 0.00088367 0.00162316 0.00020461 0.00058223 0.36843076 0.07822890 0.33624527 0.02761004 0.08413637 0.05529505 0.07594198 0.02232213
0.07971304 0.00084741 0.00123175 0.00075634 0.00142302 0.36741113 0.07728134 0.33743446 0.02748421 0.08396450 0.05926777 0.07550525 0.02232689
0.08072883 0.00467498 0.00069349 0.00346867 0.03256954 0.36847577 0.08521137 0.33876901 0.02556676 0.08448732 0.05103333 0.07395173 0.02504473
0.08100717 0.00300020 0.00065160 0.00614531 0.02787013 0.36838138 0.07031241 0.34033507 0.02799438 0.08455075 0.06010863 0.06966319 0.02263195
0.08057373 0.00112888 0.00063804 0.00025610 0.00073464 0.36724218 0.07801122 0.34135957 0.02785286 0.08498279 0.05587661 0.06839730 0.02164564
0.08128904 0.00079036 0.00092930 0.00025097 0.00054046 0.36886968 0.07570657 0.34171491 0.02567779 0.08349735 0.05866326 0.07178867 0.02234912
0.08343181 0.00218889 0.00061143 0.00030249 0.00117782 0.36694281 0.07821814 0.34142239 0.02973142 0.08401637 0.05705929 0.07207709 0.02116021
0.08474336 0.00461794 0.00192304 0.00029320 0.00387955 0.36855482 0.07462580 0.33933736 0.03576505 0.08380656 0.05435348 0.07272987 0.02244857
0.08084001 0.00286347 0.00081986 0.00033167 0.00355654 0.36681983 0.07196658 0.33648830 0.03518059 0.08372034 0.05643376 0.07311318 0.02189882
0.07999812 0.00079400 0.00093053 0.00019680 0.00065374 0.36843340 0.07927642 0.33563084 0.02439368 0.08256780 0.05664571 0.07258937 0.01965215
0.07659047 0.00082444 0.00107841 0.00027304 0.00086707 0.36664219 0.06921520 0.33628456 0.02618674 0.08721127 0.05753009 0.07396028 0.02014799
0.07977389 0.00315488 0.00098305 0.00041366 0.00221458 0.36838199 0.06905805 0.33671784 0.03482673 0.08755303 0.05606242 0.07621974 0.01968275
0.07845417 0.00932611 0.00105386 0.00919207 0.02525640 0.36693557 0.07014040 0.33869584 0.03817636 0.08877900 0.05363438 0.07251171 0.01932528
0.07606417 0.00170961 0.00111109 0.00286254 0.00124850 0.36834202 0.06609872 0.33978275 0.03901446 0.08971420 0.05113054 0.06836229 0.03314182
0.07478228 0.00147622 0.00103028 0.00236550 0.00187710 0.36766580 0.07016263 0.34087927 0.02469093 0.08963045 0.05789133 0.07053587 0.02061203
0.07338717 0.00767101 0.00082569 0.00522297 0.01468096 0.36757314 0.06139345 0.34228514 0.03225762 0.08528018 0.06047033 0.07118811 0.02165663
0.07396221 0.00297557 0.00069716 0.00328091 0.03139564 0.36841441 0.08060945 0.34068890 0.03521573 0.08413343 0.04816541 0.07306287 0.01715459
0.07251345 0.00214292 0.00135549 0.00277637 0.00149888 0.36708717 0.05709651 0.33855686 0.03790904 0.08393321 0.05523817 0.07055653 0.03240497
0.07121371 0.00268366 0.00088546 0.00270013 0.00367689 0.36910740 0.05946687 0.33709301 0.03440615 0.08387062 0.05198371 0.07089725 0.02137433
0.07160350 0.00081582 0.00122383 0.00138152 0.00097996 0.36684333 0.06657429 0.33461758 0.03158663 0.08342823 0.05705161 0.07380788 0.01919583
0.08004928 0.00363365 0.00127493 0.00530818 0.04223474 0.36867747 0.06116883 0.33609761 0.03517385 0.08291520 0.05392884 0.07538875 0.01711731
0.07861154 0.00964491 0.00075443 0.00842605 0.05685559 0.36629363 0.06811204 0.33718945 0.03330775 0.08154493 0.05221333 0.07482142 0.01941788
0.07805230 0.00558238 0.00138486 0.00627274 0.03237565 0.36874786 0.05749760 0.33818579 0.04175076 0.08107905 0.06564949 0.07236607 0.01860538
0.07870209 0.00368553 0.00225868 0.00556582 0.03537632 0.36569644 0.06572354 0.33959335 0.03253903 0.07535819 0.05623710 0.06921164 0.02529118
0.07929407 0.00653539 0.00133589 0.00532158 0.03800353 0.36785536 0.07186581 0.34135099 0.02602509 0.07539944 0.05458935 0.07036138 0.01978127
0.07842583 0.00816447 0.00275470 0.00674909 0.02917346 0.36580302 0.07365854 0.34088845 0.02828904 0.07651959 0.04720391 0.07621452 0.02795518
0.07681130 0.00336747 0.00290198 0.00495969 0.02298854 0.36702263 0.08219046 0.33971338 0.02431879 0.07518867 0.05006960 0.07356344 0.03366805
0.07517535 0.00129864 0.00172556 0.00319738 0.00365854 0.36662054 0.06359001 0.33687169 0.02955080 0.07687265 0.05006953 0.07232148 0.03029519
0.07941773 0.00764973 0.00134240 0.00874292 0.00766901 0.36627580 0.06726483 0.33529217 0.02453818 0.07663461 0.05731424 0.07481929 0.02293432
0.07859485 0.00378842 0.00148324 0.00320255 0.03201382 0.36724754 0.06786712 0.33464591 0.02805416 0.07660821 0.05001354 0.07349944 0.02956388
0.07718153 0.00296262 0.00155113 0.00375303 0.02267974 0.36615107 0.07349912 0.33436539 0.02691658 0.06875276 0.05025852 0.07619721 0.01951824
0.07586890 0.00147057 0.00156416 0.00245726 0.02108141 0.36768882 0.07527357 0.33627810 0.02201006 0.06916040 0.05137514 0.07494854 0.02776939
0.07542749 0.00138895 0.00139473 0.00439105 0.02179902 0.36623543 0.06804574 0.33778783 0.02827442 0.06855705 0.05121417 0.07075745 0.01986127
0.06710388 0.00178277 0.00173244 0.00072577 0.01496662 0.36781802 0.07213492 0.33906582 0.02347568 0.06927276 0.05469824 0.06999811 0.02364806
0.06943326 0.00377372 0.00095176 0.00325944 0.02097091 0.36607615 0.06990730 0.34060930 0.02829162 0.07249278 0.05002431 0.07335781 0.02084657
0.06975586 0.00275586 0.00064975 0.00492936 0.03337271 0.36802808 0.07775762 0.34210723 0.02399630 0.07430457 0.05443708 0.07178956 0.02413567
0.06723546 0.00176267 0.00066206 0.00122239 0.00080724 0.36619522 0.07799663 0.33963710 0.02710359 0.07416348 0.05064267 0.07398125 0.04422390
0.05921162 0.00255886 0.00065820 0.00283044 0.00539811 0.36883701 0.06838719 0.33774778 0.02602471 0.07643934 0.05436701 0.07166988 0.02003727
0.06144007 0.00110119 0.00069064 0.00113888 0.00147066 0.36650940 0.06975227 0.33562983 0.02721614 0.07621389 0.05433405 0.07032618 0.03293020
0.06194110 0.01273297 0.00060110 0.01381053 0.01454207 0.36889228 0.06735060 0.33484669 0.04165111 0.07711853 0.04608903 0.07474940 0.01912946
0.05906155 0.00346802 0.00135505 0.00148721 0.02421071 0.36679122 0.07058381 0.33608183 0.01942884 0.07700437 0.05433269 0.07718082 0.02187162
0.05797358 0.00310827 0.00147624 0.00400403 0.02911947 0.36811252 0.07410295 0.33669478 0.02539958 0.07732476 0.04629863 0.07327724 0.01884124
0.05767509 0.00208560 0.00125201 0.00264804 0.02212243 0.36664553 0.06781547 0.33848299 0.02250025 0.07639524 0.05132970 0.07219634 0.02057813
0.06153202 0.00055760 0.00216591 0.00018563 0.00047523 0.36712381 0.07017073 0.33953606 0.02044906 0.07794378 0.04927906 0.06871006 0.01963786
0.06165346 0.00085457 0.00120004 0.00019149 0.00059694 0.36711845 0.06656873 0.34066247 0.02745048 0.07576004 0.04442349 0.06883424 0.02003527
0.06049659 0.00049102 0.00094413 0.00018851 0.00045006 0.36660687 0.07022017 0.34062183 0.01765918 0.06882197 0.05537567 0.07324564 0.01965736
0.05854016 0.00066545 0.00153556 0.00019707 0.00051589 0.36851019 0.07240404 0.33911703 0.02635078 0.06691429 0.04509822 0.07067408 0.01950901
0.05765231 0.00052688 0.00106129 0.00019352 0.00046356 0.36651746 0.06911018 0.33633547 0.02012899 0.06737259 0.05343252 0.06989006 0.02002958
0.05720004 0.00056331 0.00094264 0.00019346 0.00046549 0.36901654 0.07183451 0.33441251 0.02185821 0.06787428 0.04691266 0.07164800 0.01950494
0.05712339 0.00400352 0.00089808 0.00238084 0.02354494 0.36685191 0.06793365 0.33510629 0.02460629 0.06804087 0.04520916 0.07331797 0.02185643
0.05910502 0.00215073 0.00093575 0.00305014 0.03428298 0.36924867 0.07058400 0.33538035 0.01719099 0.06071846 0.05336086 0.07525910 0.01968580
0.05935078 0.00249069 0.00072602 0.00200424 0.02383002 0.36689320 0.07098600 0.33691978 0.02691560 0.06067207 0.04352786 0.07343245 0.02189592
0.05820108 0.00420192 0.00069148 0.00306981 0.02618771 0.36912875 0.06997292 0.33904116 0.01811030 0.06229082 0.05519065 0.06858447 0.02045062
0.05636409 0.00156539 0.00064635 0.00236482 0.02703099 0.36723232 0.07244974 0.33973048 0.02365361 0.06189051 0.04569165 0.06967215 0.02079524
0.05635016 0.00157424 0.00060110 0.00399199 0.03156604 0.36900001 0.06914367 0.34149952 0.02248913 0.06222278 0.04757454 0.06911404 0.02021835
0.05601872 0.00155971 0.00057391 0.00213487 0.03952143 0.36746952 0.07122968 0.34089084 0.01875928 0.06175256 0.05024012 0.07398643 0.02247775
0.05541454 0.00319863 0.00066454 0.00592638 0.02546767 0.36850717 0.07149443 0.33943250 0.02594910 0.06131397 0.04362166 0.07192877 0.02280709
0.05398366 0.00400760 0.00064879 0.00382222 0.02452375 0.36806155 0.07050690 0.33660725 0.01634698 0.06022226 0.05492725 0.07044085 0.04280718
0.05162206 0.00132181 0.00118762 0.00185854 0.00192428 0.36801206 0.07359871 0.33480734 0.02549631 0.07020291 0.04596906 0.07083668 0.02118979
0.05330864 0.00056905 0.00070319 0.00019658 0.00049859 0.36829790 0.07005795 0.33500509 0.01959518 0.06879393 0.05055226 0.07396390 0.02036002
0.05379292 0.00047535 0.00063494 0.00019645 0.00043956 0.36786496 0.07199322 0.33611143 0.01922361 0.06853504 0.04756730 0.07412723 0.01999731
0.05399712 0.00066071 0.00041722 0.00019409 0.00052886 0.36876984 0.07069485 0.33710808 0.02361518 0.06611625 0.04291442 0.07088772 0.02036308
0.05315676 0.00042168 0.00060644 0.00019854 0.00043671 0.36721967 0.07093644 0.33847493 0.01539340 0.06654220 0.05279622 0.06749844 0.02026248
0.05300887 0.00064537 0.00046964 0.00019499 0.00051319 0.36873914 0.07244304 0.34090571 0.02446533 0.06637258 0.04257109 0.06711606 0.02040754
0.05305144 0.00052342 0.00035705 0.00019855 0.00048748 0.36710779 0.07077919 0.34077047 0.01730869 0.06694518 0.05256954 0.06950990 0.02052866
0.05227392 0.00062019 0.00038832 0.00019825 0.00046959 0.36894165 0.07449438 0.34065533 0.01973037 0.06853785 0.04519921 0.07079829 0.02115534
0.05174931 0.00104876 0.00040548 0.00022091 0.00072958 0.36711684 0.07025718 0.33830786 0.01939629 0.06881570 0.04848430 0.06985251 0.02097569
0.05027631 0.00062100 0.00049548 0.00027127 0.00042260 0.36932231 0.07522527 0.33603889 0.01490721 0.07038854 0.04579724 0.06984774 0.02004066
0.04788866 0.00123505 0.00048377 0.00020700 0.00057475 0.36738468 0.07124404 0.33513833 0.02067084 0.07013535 0.04243516 0.07158376 0.02158579
0.05018195 0.00263427 0.00049986 0.00021928 0.00126438 0.36938341 0.06709758 0.33515943 0.02185265 0.07018554 0.04971288 0.07343098 0.02049523
0.04921165 0.00157359 0.00042125 0.00018471 0.00066763 0.36789698 0.06657809 0.33665703 0.02382126 0.06919120 0.04572019 0.07446042 0.02398141
0.06529117 0.00092471 0.00107681 0.00032678 0.00058108 0.36923891 0.07232082 0.33810525 0.01879347 0.06047872 0.04881537 0.06984101 0.02079385
0.07254565 0.00335686 0.00058677 0.00551449 0.03131548 0.36792834 0.08337922 0.33964039 0.01580349 0.06024589 0.04336824 0.06815090 0.01951952
0.07337825 0.00985686 0.00046864 0.00817714 0.01111211 0.36859782 0.07213729 0.34121478 0.01756265 0.06020300 0.04761483 0.06737580 0.02207360
0.07404694 0.00204966 0.00043729 0.00293219 0.02937952 0.36837640 0.07267498 0.34206700 0.02130117 0.05919398 0.04471198 0.07020539 0.02215878
0.07212087 0.00201813 0.00050056 0.00230275 0.02064735 0.36823865 0.06977548 0.34021097 0.02974251 0.06059091 0.04131536 0.07217994 0.02203258
0.07126760 0.00427790 0.00054782 0.00503704 0.02840210 0.36864398 0.06740999 0.33845957 0.02213332 0.05935682 0.04937685 0.06997834 0.02239609
0.06119804 0.00265884 0.00030907 0.00151539 0.01906796 0.36856574 0.07884160 0.33619171 0.02730230 0.06109217 0.04066030 0.06963635 0.02476677
0.06113786 0.00490158 0.00029014 0.00403198 0.02660100 0.36906661 0.07132536 0.33509555 0.01350523 0.06068741 0.05523160 0.07295616 0.02335326
0.06513466 0.00451783 0.00085967 0.00331208 0.00534163 0.36824239 0.08404247 0.33622680 0.01885995 0.06746285 0.04046849 0.07494777 0.02455925
0.06397583 0.00126254 0.00041075 0.00174770 0.00216210 0.36941950 0.07254807 0.33722281 0.01831937 0.06829576 0.05460492 0.07379932 0.03389107
0.06834325 0.00686854 0.00031453 0.00453435 0.01638397 0.36793212 0.07386192 0.33853806 0.02568115 0.06747416 0.04699860 0.07024988 0.02541176
0.06976916 0.00462122 0.00038054 0.00512860 0.03227156 0.36971178 0.08213699 0.34056262 0.01913833 0.06900908 0.04925430 0.06706139 0.02088910
0.06569804 0.00782512 0.00178707 0.00854386 0.00811491 0.36799727 0.06817902 0.34164334 0.03622171 0.07047334 0.04790119 0.07174004 0.02099174
0.07080122 0.00065916 0.00247371 0.00059447 0.00081412 0.36848037 0.07449332 0.34162794 0.02482533 0.08607420 0.03801380 0.07046376 0.02260131
0.07403628 0.00403754 0.00156851 0.00405068 0.01761143 0.36795682 0.06773988 0.33998557 0.02525727 0.08090580 0.04607410 0.07113475 0.02169122
0.08145270 0.00139744 0.00115653 0.00022522 0.00102049 0.36784257 0.07208584 0.33666839 0.02859398 0.07735875 0.04167693 0.07032677 0.02082018
0.07695111 0.00062750 0.00196034 0.00040852 0.00067738 0.36792245 0.06861966 0.33533399 0.02032698 0.07615646 0.05444235 0.07089828 0.02156686
0.07703562 0.00107209 0.00110772 0.00024390 0.00091411 0.36779641 0.07052119 0.33465895 0.02802859 0.07498945 0.04544316 0.07297888 0.02051931
0.07307482 0.00060672 0.00106908 0.00023835 0.00046224 0.36826433 0.07226977 0.33529358 0.02313990 0.07440504 0.04857510 0.07431651 0.02017882
0.07103948 0.00039872 0.00164927 0.00021041 0.00044410 0.36789951 0.06781961 0.33669339 0.01692085 0.08466224 0.04471983 0.07180735 0.02036039
0.08065309 0.00624858 0.00087735 0.00667677 0.01955809 0.36805310 0.06913544 0.33822801 0.01773358 0.08317296 0.03578104 0.06842634 0.01912033
0.08003991 0.00086542 0.00097568 0.00021108 0.00040654 0.36728334 0.06524146 0.33858298 0.01835416 0.07783946 0.04579417 0.06662727 0.02109602
0.07903220 0.00071734 0.00097197 0.00028548 0.00048241 0.36787436 0.07712422 0.34076047 0.02031394 0.07767611 0.04097325 0.06811523 0.01915478
0.07657570 0.00083446 0.00105943 0.00019655 0.00045316 0.36722695 0.07186798 0.34088567 0.01715022 0.07839855 0.04652946 0.07237155 0.01953508
0.06597418 0.00091866 0.00293027 0.00021400 0.00059073 0.36843576 0.06715305 0.33868288 0.02229166 0.08494015 0.04459630 0.07079994 0.01995438
0.06416302 0.00070372 0.00097730 0.00018261 0.00052519 0.36722964 0.07092820 0.33625631 0.01809546 0.08397693 0.04018718 0.06957370 0.02061782
0.05555159 0.00062447 0.00096867 0.00033427 0.00034421 0.36835327 0.07750986 0.33461556 0.01726460 0.08417396 0.04059893 0.07028000 0.01837940
0.05604185 0.00171800 0.00086814 0.00081961 0.00046612 0.36757732 0.08025887 0.33428070 0.01815462 0.08323493 0.03784028 0.07412835 0.01887238
0.05285592 0.00596267 0.00087776 0.00836248 0.02518935 0.36768061 0.05864141 0.33537650 0.01531433 0.08553224 0.04744291 0.07337331 0.01788232
0.05389279 0.00597218 0.00089018 0.00675590 0.02001617 0.36767803 0.05425816 0.33607155 0.02619657 0.08100169 0.04105920 0.07159258 0.01868811
0.05334912 0.00137948 0.00083021 0.00018228 0.00074813 0.36809700 0.05937006 0.33789840 0.02814471 0.08124472 0.03954909 0.06640347 0.02052535
0.06076790 0.00289517 0.00066096 0.00180172 0.02523751 0.36809397 0.05879471 0.34070082 0.02446898 0.08412615 0.04621410 0.06830160 0.01961327
0.06189576 0.00138250 0.00064918 0.00281584 0.00084308 0.36820692 0.08272705 0.34087490 0.01829812 0.08481312 0.03924016 0.06982087 0.03115926
0.06091972 0.00125810 0.00062457 0.00029093 0.00061358 0.36819549 0.06504883 0.34096751 0.02436011 0.08585103 0.05119291 0.07125349 0.01960924
0.06145866 0.00148398 0.00066629 0.00066347 0.00094907 0.36810930 0.06268032 0.33900606 0.03008951 0.08628760 0.05366911 0.07071460 0.01951947
0.06224900 0.00123149 0.00060310 0.00021081 0.00068353 0.36847579 0.06532429 0.33662621 0.03012148 0.08536072 0.04828731 0.07003874 0.02108998
0.06004329 0.00062618 0.00067099 0.00028645 0.00046352 0.36764751 0.05961664 0.33500198 0.02219718 0.08962727 0.05469123 0.07006335 0.01792316
0.05929043 0.00056607 0.00067917 0.00021236 0.00048802 0.36888016 0.07364395 0.33513154 0.02129972 0.08969351 0.04821258 0.07234313 0.01679295
0.05814713 0.00272026 0.00054717 0.00385149 0.03160462 0.36753399 0.06170675 0.33646943 0.02866947 0.08395566 0.04657781 0.07413264 0.01734107
0.06232622 0.00350690 0.00103131 0.00392305 0.04166494 0.37008393 0.06518785 0.33794927 0.02240521 0.08488570 0.04573287 0.07113806 0.01895561
0.06309582 0.00165310 0.00110017 0.00345280 0.04210393 0.36707664 0.05967437 0.33939464 0.02051566 0.08286755 0.04351465 0.06898784 0.02747335
0.06294087 0.00580045 0.00050660 0.00612775 0.03153575 0.36914809 0.05709289 0.34057226 0.02136268 0.08406298 0.04641871 0.06687073 0.03567488
0.06240255 0.00095314 0.00046718 0.00391195 0.04981746 0.36720598 0.06819889 0.34149247 0.01939520 0.08261509 0.04572149 0.07159282 0.02082581
0.06330648 0.00444884 0.00082276 0.00454281 0.02512597 0.36771059 0.06083050 0.34009053 0.03362651 0.08285604 0.04174585 0.07177577 0.01824120
0.06251350 0.00256043 0.00091247 0.00256425 0.02200434 0.36686862 0.07549952 0.33828881 0.01991959 0.08329615 0.04757194 0.07536216 0.01997211
0.06190896 0.00105175 0.00159522 0.00016884 0.00051848 0.36778692 0.06309998 0.33498343 0.02103014 0.07814367 0.04866848 0.06964817 0.02055332
0.06269218 0.00721845 0.00348522 0.01167887 0.01791598 0.36687047 0.06135358 0.33409909 0.02141754 0.08004303 0.04359393 0.07400503 0.01614931
0.06336663 0.00267417 0.00113422 0.00070801 0.00110676 0.36716165 0.06354421 0.33384992 0.02673555 0.08012546 0.04061035 0.07300741 0.01734841
0.06358217 0.00174439 0.00079025 0.00091010 0.00175740 0.36750886 0.05467677 0.33522433 0.02370934 0.08173284 0.04688937 0.07484982 0.01747985
0.05608927 0.00105760 0.00060834 0.00016898 0.00077587 0.36666596 0.06492256 0.33656878 0.02530188 0.08322415 0.04502981 0.06928154 0.01683438
0.05577564 0.00701722 0.00056192 0.00607902 0.01900936 0.36787680 0.05435246 0.33793083 0.03486433 0.08364209 0.03830324 0.06684114 0.01645388
0.05551637 0.00073995 0.00077365 0.00041067 0.02884437 0.36594525 0.05419835 0.33993355 0.02012862 0.08444074 0.05195201 0.06742146 0.01878324
0.05479919 0.00213469 0.00056123 0.00370521 0.02679297 0.36792027 0.06152878 0.34014546 0.02396818 0.08417285 0.04030329 0.06943757 0.01549582
0.06167389 0.00195544 0.00099447 0.00257359 0.02067918 0.36654216 0.05219798 0.33939794 0.02464883 0.09314843 0.04606942 0.07164459 0.01717117
0.06137692 0.00349147 0.00091292 0.00488825 0.02847144 0.36850355 0.06025521 0.33746199 0.02205816 0.09290484 0.04375629 0.06961834 0.01516456
0.06768801 0.00250136 0.00210531 0.00072312 0.01920301 0.36641923 0.05528225 0.33468066 0.02685198 0.08262832 0.03819979 0.08036470 0.01960096
0.06476039 0.00106065 0.00199321 0.00024425 0.00118365 0.36771152 0.06911322 0.33283013 0.02015951 0.08241505 0.05617282 0.07232027 0.01606824
0.06218704 0.00704862 0.00114533 0.00455685 0.01687041 0.36646280 0.06217189 0.33501865 0.03081257 0.08031564 0.04538888 0.07768607 0.01994196
0.06410461 0.00186666 0.00097900 0.00094708 0.00085017 0.36815462 0.06912314 0.33649404 0.02782107 0.08113465 0.05277178 0.07261324 0.01783179
0.06697131 0.00671180 0.00105311 0.00428046 0.01779720 0.36707860 0.05867820 0.33716791 0.02580046 0.07562019 0.05745303 0.07247637 0.02134933
0.06873845 0.00411488 0.00183426 0.00117043 0.00560375 0.36751642 0.05795293 0.33952936 0.04234223 0.07674953 0.04320941 0.06750266 0.01570834
0.06871416 0.00108968 0.00122744 0.00029838 0.00100372 0.36723996 0.06261645 0.34096768 0.02585816 0.08173064 0.06556540 0.06927363 0.01727245
0.06811082 0.00076535 0.00106795 0.00051578 0.00124317 0.36759480 0.06429449 0.34041000 0.02970097 0.07905529 0.04260202 0.07041668 0.01592928
0.06641095 0.00120860 0.00075043 0.00029891 0.00067356 0.36750162 0.05458130 0.33917783 0.03285644 0.07978688 0.05531494 0.07045824 0.01650708
0.05782474 0.00833720 0.00073490 0.00869365 0.01616307 0.36803044 0.05244192 0.33659818 0.02832042 0.07977002 0.04297760 0.06975879 0.01591095
0.05787248 0.00102806 0.00070299 0.00224627 0.02570414 0.36791414 0.05429165 0.33448894 0.02639210 0.07843262 0.04178246 0.06954973 0.01586498
0.04686509 0.00075254 0.00064500 0.00074323 0.00156171 0.36769993 0.05367837 0.33400833 0.02525152 0.07821262 0.05606003 0.07272874 0.01589192
0.04645954 0.00098073 0.00052681 0.00030220 0.00084040 0.36791678 0.05853957 0.33413631 0.03337461 0.07734662 0.03900655 0.07358925 0.01428014
0.04430943 0.00197309 0.00062545 0.00482909 0.00583427 0.36742870 0.05355412 0.33689736 0.02016118 0.07638528 0.05621449 0.07192690 0.02317950
0.04368970 0.00071889 0.00046436 0.00135698 0.00056545 0.36865680 0.05709799 0.33769231 0.02813550 0.07752035 0.04110810 0.06854862 0.02759618
0.04338045 0.00059347 0.00036070 0.00342878 0.00335849 0.36703808 0.05673040 0.33944786 0.02271173 0.07592719 0.04671385 0.06598428 0.01900816
0.04317353 0.00056102 0.00045658 0.00079732 0.00038611 0.36866963 0.05320358 0.34042907 0.02211679 0.07806864 0.04931010 0.06765985 0.03450716
0.04291487 0.00166764 0.00227951 0.00567041 0.00377114 0.36730985 0.05366569 0.34109987 0.03056591 0.08758758 0.03690231 0.07155975 0.03807462
0.04143399 0.00322632 0.00122351 0.00434201 0.02174881 0.36792458 0.05029611 0.33845634 0.01733086 0.08044947 0.05376561 0.07073628 0.02810749
0.04097993 0.00077589 0.00116524 0.00127208 0.00066820 0.36782714 0.06768802 0.33602263 0.02762491 0.07988945 0.03137909 0.06832799 0.03160547
0.04095241 0.00244281 0.00083339 0.00073021 0.00325806 0.36755251 0.05118515 0.33366043 0.02634408 0.07737034 0.04329319 0.06802302 0.01775203
0.04034181 0.00118445 0.00068611 0.00030162 0.00079063 0.36799021 0.04672172 0.33386970 0.02577204 0.07701034 0.03581880 0.07215875 0.01630378
0.03967676 0.00130556 0.00061063 0.00055032 0.04082233 0.36801235 0.04073442 0.33476826 0.02586476 0.07514707 0.03206369 0.07300827 0.01755034
0.03924502 0.00127468 0.00062397 0.00087275 0.00142867 0.36770612 0.04431268 0.33534551 0.02013597 0.07559144 0.04214742 0.06985217 0.01213957
0.05203231 0.00091358 0.00084841 0.00013003 0.00065272 0.36873170 0.05236150 0.33824319 0.02396511 0.07589254 0.03083028 0.06599943 0.01381468
0.05252996 0.00065448 0.00052385 0.00036042 0.00056227 0.36802540 0.03651637 0.33908262 0.01575337 0.07633425 0.05663899 0.06523699 0.01494269
0.05212223 0.00121498 0.00052708 0.00015916 0.00084433 0.36799678 0.05502669 0.34026543 0.03242767 0.07750466 0.01922773 0.06749892 0.01157605
0.05093592 0.00037810 0.00059192 0.00017982 0.00027297 0.36905316 0.03867977 0.33989454 0.01538117 0.07875092 0.05013279 0.06824251 0.01331804
0.04992367 0.00039208 0.00073966 0.00015315 0.00037338 0.36742400 0.05199951 0.33723455 0.01993987 0.07177549 0.03209408 0.06901041 0.01170083
0.04959166 0.00055751 0.00075533 0.00011879 0.00037785 0.36934316 0.04678965 0.33551293 0.02332289 0.07327109 0.03376180 0.06827457 0.01332686
0.04984147 0.00055080 0.00071839 0.00016569 0.00035712 0.36787369 0.03913661 0.33380614 0.01733604 0.07266595 0.05135410 0.06864316 0.01363548
0.04863751 0.00077699 0.00070499 0.00010844 0.00051225 0.36866070 0.05609097 0.33413862 0.02910493 0.07253958 0.02168762 0.07113818 0.01224367
0.04766608 0.00021313 0.00070565 0.00015611 0.00021273 0.36874914 0.03768076 0.33525809 0.01200455 0.07131388 0.05684916 0.07270645 0.01359641
0.04581103 0.00124648 0.00071348 0.00012102 0.00038600 0.36800560 0.04773075 0.33669310 0.04048083 0.06972242 0.02209400 0.06782848 0.01071333
0.04527231 0.00154831 0.00071986 0.00071418 0.02983183 0.36910435 0.03854528 0.33833330 0.02178627 0.06095857 0.04299248 0.06686035 0.01534510
0.04471930 0.00294435 0.00077712 0.00667728 0.02616194 0.36869040 0.04328995 0.34006837 0.02082457 0.05899456 0.04341597 0.06418985 0.01180693
0.04661383 0.00213914 0.00046210 0.00130823 0.02019509 0.36875225 0.05219876 0.34103593 0.02903639 0.05912205 0.02613244 0.06850756 0.01508775
0.04712588 0.00756437 0.00039355 0.00782134 0.01789684 0.36993619 0.03394324 0.34033010 0.01960800 0.05870744 0.05781926 0.06960579 0.01330744
0.04747543 0.00078178 0.00121286 0.00009934 0.00045473 0.36921017 0.05434638 0.33784417 0.03292527 0.07236192 0.01879184 0.06708004 0.01080739
0.04675493 0.00589189 0.00079810 0.00677217 0.02839773 0.36930305 0.03527005 0.33532611 0.01480041 0.07172393 0.04438393 0.06700050 0.01204410
0.04628547 0.00041581 0.00060122 0.00011088 0.00029141 0.36987578 0.04207414 0.33421459 0.01942665 0.07035308 0.03162553 0.06899486 0.01149752
0.04567291 0.00054633 0.00048789 0.00010531 0.00038291 0.36916111 0.04587932 0.33481282 0.02244494 0.06960560 0.02623694 0.07108733 0.01135129
0.04561443 0.00025856 0.00049480 0.00013091 0.00021609 0.37020868 0.03465489 0.33610027 0.01276533 0.06934139 0.05075306 0.07081399 0.01244344
0.04537831 0.00064236 0.00049504 0.00009822 0.00044597 0.36933237 0.05358381 0.33729588 0.02692340 0.06895981 0.01859367 0.06680992 0.01059501
0.04504094 0.00022412 0.00048190 0.00013223 0.00021143 0.36962091 0.03378630 0.33937683 0.01147479 0.06935857 0.05114044 0.06351066 0.01241525
0.04458376 0.00668978 0.00052183 0.00971650 0.02002200 0.36979885 0.04181656 0.34076672 0.02296732 0.06926603 0.01889603 0.06519482 0.00874308
0.04375803 0.00152496 0.00167563 0.00186100 0.02749637 0.36890317 0.03494839 0.34086619 0.01849525 0.06215273 0.03075843 0.06814203 0.01077705
0.04392346 0.00027152 0.00170533 0.00010980 0.00016806 0.36937487 0.02580227 0.33960296 0.01410526 0.06345122 0.04241367 0.06874721 0.01044574
0.04457667 0.00059435 0.00086144 0.00006781 0.00041928 0.36940162 0.04892519 0.33671926 0.02495736 0.06232127 0.00985645 0.06645907 0.00810862
0.04537061 0.00011300 0.00070861 0.00012421 0.00009608 0.36903521 0.01961933 0.33467247 0.00912152 0.06329418 0.05329453 0.06647090 0.01085306
0.04502552 0.00058188 0.00070988 0.00007206 0.00040533 0.37039171 0.04827992 0.33394313 0.02476004 0.06298345 0.00959108 0.06866832 0.00827038
0.05461492 0.00953270 0.00058590 0.01108272 0.01702001 0.36911073 0.02832105 0.33480233 0.01349021 0.06319466 0.04126348 0.07161590 0.01060517
0.05339269 0.00121886 0.00052112 0.00802365 0.00460817 0.37016242 0.03450379 0.33639808 0.01750519 0.06273037 0.03300068 0.07025983 0.01389393
0.05344899 0.00673735 0.00044930 0.00447418 0.01713566 0.36979157 0.04440749 0.33753344 0.02168023 0.06212527 0.01796827 0.06645477 0.01300334
0.05319013 0.00393019 0.00044780 0.00650899 0.02788839 0.36947421 0.02145321 0.33904657 0.00993809 0.06169001 0.05056987 0.06318270 0.01096103
0.06450961 0.00539519 0.00054678 0.00657520 0.03361232 0.37021428 0.04753605 0.34151371 0.02827672 0.06130882 0.00643780 0.06688014 0.01371485
0.06359248 0.00188791 0.00071528 0.00155305 0.00348472 0.36965125 0.04542021 0.34110396 0.01069165 0.06112370 0.04821421 0.06841401 0.02959306
0.06398322 0.00084210 0.00094544 0.00256689 0.00127741 0.36938339 0.04449849 0.33910266 0.01889542 0.06105511 0.03297505 0.06899727 0.01954936
0.06454082 0.00122201 0.00086002 0.00139903 0.00065053 0.37009181 0.04566313 0.33750380 0.01910926 0.06130914 0.03000810 0.06744693 0.02911236
0.06178126 0.00100109 0.00084928 0.00012768 0.00041790 0.36888877 0.03530400 0.33424162 0.01643369 0.06105027 0.03919714 0.06740095 0.01461237
0.05875300 0.00068760 0.00082598 0.00016871 0.00044762 0.37005071 0.05644598 0.33417106 0.02116188 0.06162481 0.02190484 0.07018153 0.01008286
0.05876894 0.00040550 0.00076675 0.00123278 0.00114254 0.36932955 0.04504464 0.33496115 0.01631735 0.06095469 0.05170512 0.07123246 0.01355495
0.05378880 0.00110752 0.00152913 0.00371030 0.00322644 0.36913405 0.05159534 0.33615729 0.02411299 0.05624528 0.03169500 0.07074284 0.01852101
0.05102291 0.00181720 0.00121796 0.00288274 0.00468321 0.36989480 0.04800377 0.33820655 0.01675810 0.05770889 0.03886370 0.06596729 0.02815945
0.04924124 0.00063876 0.00135696 0.00177591 0.00044401 0.36895645 0.04426654 0.33949828 0.01620416 0.05945514 0.05159374 0.06582895 0.01520635
0.04827138 0.00075427 0.00142116 0.00174768 0.00172497 0.36982833 0.05558298 0.34075560 0.02834827 0.05937027 0.02535813 0.06771684 0.03139510
0.04883318 0.00310568 0.00135740 0.00153567 0.03009680 0.36923431 0.04017278 0.34099158 0.01658969 0.06013401 0.05882099 0.06999843 0.01485581
0.04857604 0.00300345 0.00116226 0.00434663 0.03121254 0.36927449 0.05567788 0.33856578 0.03524389 0.05980289 0.02771427 0.06892482 0.01275875
0.04817816 0.00179656 0.00097389 0.00195826 0.02036032 0.36970329 0.04625526 0.33598811 0.02771561 0.05903930 0.04889957 0.06802403 0.01646320
0.04881700 0.00061458 0.00063355 0.00022844 0.00044257 0.36935341 0.05866416 0.33494264 0.02178438 0.05888800 0.04388338 0.06820843 0.01441403
0.04967975 0.00110207 0.00043202 0.00014452 0.00066074 0.36958488 0.05534781 0.33428660 0.02576301 0.05741648 0.04241128 0.07226333 0.01446003
0.05037045 0.00121934 0.00037270 0.00020963 0.00066282 0.36970583 0.04105566 0.33553080 0.02554763 0.05778688 0.05865192 0.07277771 0.01564948
0.04907176 0.00130766 0.00032306 0.00012045 0.00074383 0.36924040 0.05998088 0.33710684 0.03607166 0.05680774 0.02748687 0.06921207 0.01547898
0.04809538 0.00036623 0.00037391 0.00022618 0.00023421 0.36976767 0.04737054 0.33837585 0.01695084 0.05708089 0.06224363 0.06583981 0.01455664
0.04723820 0.00059539 0.00037955 0.00012179 0.00044714 0.36929191 0.06489286 0.34021940 0.02558692 0.05745689 0.03517315 0.06477115 0.01400344
0.04639206 0.00056606 0.00045434 0.00017620 0.00037074 0.36948780 0.05240318 0.34144031 0.02555311 0.05773671 0.04669356 0.06876529 0.01420245
0.04605262 0.00062097 0.00045766 0.00014592 0.00038272 0.36979385 0.04884595 0.34056878 0.02476972 0.05862432 0.05036518 0.06906142 0.01548547
0.04479260 0.00201594 0.00052795 0.00029022 0.00124648 0.36927988 0.05608897 0.33855675 0.02801122 0.05924549 0.03749895 0.06844911 0.01531466
0.04435064 0.00862102 0.00052319 0.00689125 0.01380854 0.37004595 0.04082485 0.33596933 0.02863360 0.05950498 0.05497706 0.06760484 0.01698714
0.03396305 0.00371015 0.00117426 0.00508475 0.03058586 0.36997324 0.05328907 0.33465538 0.03712687 0.06063349 0.01821690 0.06897214 0.01070593
0.03372077 0.00163334 0.00049272 0.00040629 0.00348935 0.36959295 0.03455115 0.33474842 0.01851602 0.06030457 0.06185656 0.07119176 0.01349496
0.04079759 0.00122584 0.00063345 0.00023360 0.00163323 0.37038667 0.04706411 0.33565021 0.02091983 0.06076651 0.03220060 0.07216265 0.01227924
0.04117639 0.00217843 0.00034922 0.00062989 0.00191287 0.36958423 0.04730368 0.33712763 0.04035726 0.06048570 0.02974679 0.06820457 0.01273743
0.04077842 0.01055539 0.00032770 0.01237398 0.01693167 0.37000518 0.02798641 0.33912185 0.03615480 0.05299744 0.04589841 0.06550188 0.01055641
0.04024281 0.00394519 0.00040350 0.00206113 0.02580751 0.36983857 0.05109293 0.34011911 0.02611627 0.05394765 0.03280943 0.06411502 0.01126621
0.03992502 0.00399061 0.00030413 0.00594952 0.02700117 0.36937395 0.02995401 0.34138344 0.01712398 0.05356851 0.06103218 0.06762736 0.01163956
0.03436189 0.00153435 0.00036070 0.00117437 0.01833447 0.37008555 0.04506445 0.34055440 0.03971216 0.05972525 0.03860273 0.06929276 0.01100277
0.03446880 0.00092262 0.00027440 0.00043689 0.04654535 0.36953488 0.03593514 0.33784970 0.02926039 0.05902475 0.03886004 0.06763294 0.01283629
0.03449541 0.00123762 0.00046173 0.00292874 0.02772540 0.36986621 0.03329475 0.33549938 0.02199605 0.06124644 0.04422349 0.06628076 0.01106111
0.04669642 0.00041817 0.00331632 0.00007950 0.00033500 0.36943391 0.04761405 0.33384547 0.02359259 0.06723945 0.02614504 0.07069080 0.00944874
0.05246028 0.00034706 0.00084158 0.00060592 0.00121165 0.36853861 0.03370480 0.33377444 0.02253325 0.06895804 0.05225856 0.07230478 0.01141204
0.05697440 0.00115170 0.00049629 0.00008659 0.00118982 0.36925383 0.04807997 0.33508883 0.03360664 0.07164601 0.03096650 0.07065679 0.01300998
0.05746643 0.01031014 0.00043090 0.01192755 0.03202417 0.36870248 0.03747500 0.33649750 0.02938378 0.07299061 0.03881799 0.06793033 0.01024836
0.05581141 0.00446977 0.00058090 0.00241426 0.02288735 0.36839068 0.03202551 0.33767423 0.02038396 0.07393404 0.05055319 0.06419558 0.01612827
0.05690914 0.00069922 0.00104479 0.00059661 0.02469990 0.36941796 0.04653556 0.34030762 0.02384289 0.07457301 0.03899226 0.06697085 0.01063001
0.05730783 0.00811037 0.00051724 0.00885913 0.00842439 0.36812645 0.02694569 0.34105840 0.03936148 0.07345307 0.04446387 0.06741318 0.01308395
0.05647297 0.00502091 0.00045565 0.00554377 0.02907931 0.36932824 0.04645477 0.33969773 0.03915091 0.07313381 0.02722521 0.07059830 0.01113788
0.05369453 0.00703325 0.00053969 0.00563898 0.03732159 0.36841244 0.05186701 0.33781598 0.01575939 0.07176033 0.04063838 0.06763729 0.01483556
0.04789709 0.00491839 0.00145663 0.00538413 0.03180697 0.36871855 0.03969030 0.33508208 0.01170970 0.07976960 0.03613896 0.06648703 0.01173202
0.04383703 0.00279458 0.00133680 0.00146435 0.02316791 0.36889088 0.04298222 0.33321690 0.02190584 0.08007018 0.01894393 0.06924424 0.01410990
0.04287050 0.00237947 0.00126532 0.00403811 0.02400209 0.36843679 0.02799873 0.33481020 0.01226414 0.07959097 0.04070467 0.07210514 0.01544666
0.04335149 0.00738995 0.00184325 0.00653374 0.02175023 0.36879040 0.04536612 0.33534358 0.01758986 0.08713950 0.02379049 0.07062487 0.01207501
0.04770201 0.00023907 0.00182439 0.00011758 0.00019216 0.36813359 0.04132939 0.33605423 0.01283586 0.08877856 0.03503306 0.06701629 0.01133904
0.04976576 0.00034328 0.00203808 0.00012369 0.00029345 0.36772395 0.04231280 0.33824955 0.01381571 0.08903544 0.03301519 0.06368899 0.01086961
0.05072746 0.00282134 0.00112176 0.00025912 0.00319139 0.36792073 0.04421011 0.33899721 0.02398728 0.08874491 0.01733025 0.06443284 0.00955833
0.05095152 0.00105072 0.00057520 0.00036853 0.00236176 0.36730306 0.03133978 0.33935977 0.00930631 0.08792716 0.04236489 0.06821106 0.01135194
0.05124696 0.00078012 0.00052638 0.00009601 0.00095930 0.36770663 0.03930470 0.33849608 0.01652362 0.08828934 0.03631936 0.06746493 0.00987900
0.05099571 0.00123365 0.00047622 0.00020329 0.00036915 0.36786056 0.03363707 0.33538108 0.03125566 0.08808595 0.02907065 0.06603017 0.01075714
0.05150053 0.00271234 0.00048306 0.00169747 0.00136777 0.36731951 0.03333064 0.33333243 0.02926985 0.08856458 0.03116212 0.06556181 0.00944458
0.05241591 0.01276445 0.00055054 0.01335618 0.01533626 0.36817661 0.03975564 0.33431703 0.02860947 0.08888412 0.02762578 0.07041260 0.00911702
0.05127005 0.00323804 0.00062966 0.00108687 0.02530448 0.36703599 0.03347872 0.33313270 0.01897246 0.08919060 0.03376661 0.07131136 0.01370177
0.04772875 0.00768119 0.00069186 0.00665652 0.01929281 0.36797896 0.04125644 0.33569425 0.03495380 0.08313231 0.03016284 0.07028815 0.01131104
0.04552942 0.00304971 0.00169188 0.00477939 0.02639589 0.36690164 0.03398928 0.33617665 0.01312506 0.08336352 0.03536956 0.06507448 0.01417256
0.04298945 0.00265794 0.00200327 0.00160061 0.01983896 0.36726880 0.03924809 0.33792060 0.02879621 0.08488112 0.02541087 0.06675934 0.01123113
0.04187130 0.00760872 0.00161722 0.00528793 0.03583269 0.36746010 0.03804750 0.33949370 0.01647403 0.08526127 0.02210330 0.06468826 0.01362666
0.05102890 0.00387354 0.00153991 0.00401029 0.04748104 0.36707120 0.03155186 0.33945292 0.01683103 0.08446873 0.02761463 0.06781505 0.01092024
0.05765782 0.01381576 0.00099307 0.01412407 0.03119620 0.36726287 0.04072405 0.33807816 0.01820875 0.09061431 0.01528463 0.07126092 0.01033147
0.06126561 0.00188256 0.00069068 0.00192585 0.00029584 0.36719266 0.04141941 0.33597861 0.01026705 0.09088912 0.03828931 0.06776151 0.03036726
0.06579171 0.00396277 0.00076619 0.00526912 0.02993185 0.36701752 0.04053057 0.33324589 0.01960135 0.09136510 0.02836846 0.06681395 0.01161774
0.06468188 0.00352406 0.00064850 0.00383788 0.02524311 0.36723660 0.03504897 0.33272732 0.01576624 0.09141828 0.03444231 0.06992365 0.01407371
0.04983986 0.00090071 0.00138279 0.00013237 0.00040024 0.36726199 0.03920831 0.33481454 0.01854385 0.10172583 0.02608595 0.07292950 0.01260850
0.05044094 0.00031687 0.00174143 0.00017899 0.00023362 0.36701047 0.04554691 0.33475530 0.01431434 0.10017357 0.02616533 0.06947639 0.01028749
0.06155424 0.00019576 0.00106958 0.00011148 0.00019809 0.36627551 0.04696641 0.33631420 0.00942229 0.09087828 0.03574763 0.06702446 0.01163620
0.07177895 0.00053650 0.00295367 0.00014324 0.00037003 0.36642230 0.04405569 0.33783443 0.01955351 0.09165369 0.02501486 0.06306698 0.01124051
0.07255641 0.01500405 0.00147825 0.01526991 0.01899941 0.36635641 0.03723003 0.33877364 0.01319722 0.08434056 0.03615597 0.06863002 0.01549820
0.07910812 0.00069363 0.00144844 0.00071521 0.03561486 0.36599663 0.04346274 0.33823641 0.02104635 0.08306220 0.02724337 0.06917548 0.01330313
0.07683400 0.00215614 0.00097409 0.00441904 0.02401080 0.36656539 0.04199234 0.33631115 0.01366254 0.08344948 0.05162261 0.06931018 0.01278370
0.07458010 0.00241742 0.00262006 0.00244723 0.02214215 0.36639997 0.04652058 0.33355248 0.02369579 0.08309581 0.03185731 0.06780600 0.01526380
0.07226771 0.00481606 0.00143731 0.00469045 0.03016304 0.36641840 0.04480247 0.33308782 0.02216467 0.08372582 0.03467182 0.07469831 0.01184721
0.06856305 0.00159004 0.00191425 0.00125677 0.02730374 0.36686882 0.04384916 0.33324752 0.01540498 0.08459057 0.04009277 0.07423320 0.01487006
0.06638254 0.00120905 0.00149202 0.00054147 0.00079590 0.36664199 0.04809248 0.33348679 0.02375973 0.08497237 0.03251238 0.07214812 0.01258996
0.06399993 0.00073443 0.00149747 0.00037815 0.00077050 0.36623349 0.04209862 0.33564886 0.01836110 0.08549521 0.04738266 0.07194598 0.01332403
0.06024938 0.00068359 0.00167821 0.00024418 0.00047193 0.36734413 0.04977103 0.33653176 0.02756471 0.08557184 0.02939133 0.06623787 0.01258228
0.05861872 0.00038918 0.00137824 0.00059267 0.00112661 0.36610799 0.04779946 0.33836468 0.02097350 0.07845854 0.05552368 0.06724520 0.01275301
0.05894059 0.00133358 0.00119353 0.00014938 0.00130875 0.36762621 0.04891221 0.33975536 0.03205275 0.07889213 0.03939410 0.06818203 0.01613096
0.06082308 0.00147373 0.00077308 0.00040616 0.00178330 0.36667424 0.04911131 0.33888149 0.03203138 0.07746865 0.03969414 0.07251834 0.01249797
0.06138652 0.00296048 0.00080349 0.00353800 0.03137569 0.36724818 0.04427605 0.33675842 0.01940407 0.07717309 0.05337270 0.06927817 0.01572274
0.05918730 0.00580420 0.00085184 0.00474434 0.03317802 0.36797259 0.04746015 0.33485995 0.02966318 0.07704956 0.02778646 0.06800704 0.01596251
0.05677972 0.00579973 0.00075794 0.00486545 0.03077541 0.36613458 0.04174284 0.33322200 0.02747356 0.07644669 0.05076680 0.07087054 0.01401849
0.05798171 0.00866503 0.00112948 0.00727198 0.04600640 0.36726308 0.04560815 0.33426788 0.03165313 0.07732985 0.03546251 0.07335687 0.01968045
0.05920850 0.00590306 0.00088895 0.00478581 0.03405889 0.36714273 0.04350670 0.33519055 0.02756897 0.07690835 0.04960920 0.07430089 0.01706987
0.05996798 0.00454696 0.00083082 0.00649020 0.03928905 0.36616571 0.04447715 0.33628888 0.02587042 0.07790351 0.04960451 0.06875868 0.01558325
0.05986736 0.01038751 0.00061988 0.01063859 0.03058809 0.36740127 0.04612672 0.33827879 0.02715769 0.07754499 0.03456473 0.06534214 0.04250311
0.05890341 0.00368587 0.00054927 0.00284072 0.00475949 0.36630404 0.05475349 0.33932217 0.03319503 0.07832976 0.05104525 0.06721381 0.01530108
0.05739390 0.00232850 0.00050973 0.00176073 0.00296176 0.36683899 0.05013544 0.34015152 0.04395777 0.07815064 0.03719952 0.06914228 0.02591944
0.06163317 0.00968980 0.00055017 0.00892541 0.02329532 0.36765725 0.05170734 0.33994165 0.02184624 0.07816213 0.05644379 0.07015710 0.01921147
0.06167363 0.00263393 0.00044542 0.00176142 0.02685891 0.36683633 0.06341846 0.33706533 0.03036713 0.07772841 0.03837258 0.06927974 0.02051968
0.06001711 0.00209319 0.00052060 0.00200296 0.00204886 0.36782642 0.06034651 0.33539600 0.02422187 0.07786782 0.04948515 0.06937619 0.03006539
0.05774228 0.00197942 0.00048806 0.00366595 0.00382277 0.36736312 0.06153930 0.33453646 0.02346536 0.07750531 0.05392890 0.07197426 0.01805919
0.06117602 0.00841528 0.00050577 0.01049522 0.02026697 0.36747032 0.06213693 0.33534871 0.04927337 0.07739788 0.03679008 0.07709300 0.03744600
0.06154384 0.01095315 0.00080963 0.00885244 0.02480310 0.36799788 0.05137922 0.33646864 0.02877386 0.07713254 0.05821779 0.07366268 0.02041653
0.06142651 0.00753678 0.00065335 0.01060338 0.02887693 0.36723106 0.06062855 0.33794809 0.02778425 0.07684125 0.03922929 0.06917674 0.02583613
0.06005398 0.00843775 0.00059131 0.00793884 0.02826940 0.36817897 0.05322244 0.34007462 0.02419422 0.07704574 0.05122927 0.06818662 0.02030864
0.05952424 0.00352274 0.00052324 0.00572293 0.02954702 0.36774997 0.05405851 0.34103250 0.02944700 0.07657544 0.05505118 0.06636362 0.02043809
0.05958912 0.00196750 0.00059840 0.00311082 0.00332907 0.36660818 0.06321196 0.34142830 0.03855964 0.08639880 0.03446631 0.07136560 0.02904084
0.06147355 0.00074686 0.00109891 0.00216287 0.03105452 0.36808806 0.06061301 0.34017012 0.01429719 0.08566120 0.05060745 0.07615895 0.03842845
0.06533777 0.00732913 0.00119953 0.00882530 0.05793434 0.36607572 0.07526221 0.33684444 0.02416152 0.08606681 0.03025166 0.06904198 0.01497943
0.06478438 0.00415269 0.00076734 0.00217140 0.03168174 0.36763131 0.05007296 0.33514927 0.02382777 0.08475350 0.05588107 0.06994904 0.02211515
0.06725875 0.00505257 0.00078072 0.00143551 0.00653195 0.36722645 0.05306017 0.33473116 0.02790420 0.07682224 0.04771835 0.07198937 0.02434460
0.06774284 0.00322825 0.00075969 0.00244495 0.00455813 0.36666723 0.06531524 0.33468630 0.02723123 0.07577265 0.03973381 0.07360729 0.03243808
0.06746049 0.00186448 0.00070190 0.00176954 0.00147802 0.36796563 0.06048703 0.33671834 0.02764114 0.07527540 0.05273559 0.07290450 0.02151261
0.06635796 0.00138826 0.00093825 0.00021630 0.00073282 0.36760373 0.07329219 0.33823848 0.02683715 0.07492832 0.03495330 0.06735439 0.01461927
0.06506821 0.00267371 0.00168725 0.00051604 0.00272966 0.36716285 0.04525018 0.33927388 0.02833313 0.07568329 0.05473254 0.07337534 0.01685136
0.06307797 0.00114320 0.00144035 0.00029125 0.00075869 0.36796455 0.05735498 0.34042352 0.03315677 0.07560086 0.03723079 0.06895931 0.01502002
0.06595482 0.00101841 0.00136274 0.00018926 0.00067266 0.36625593 0.05252844 0.33948900 0.02381617 0.07728986 0.05563864 0.07187188 0.01455350
0.06449489 0.00101288 0.00140932 0.00024724 0.00033976 0.36796856 0.05417218 0.33827378 0.03261024 0.07742762 0.04146001 0.06998511 0.01523390
0.05981025 0.00212071 0.00136359 0.00042998 0.00083433 0.36664727 0.05293251 0.33564696 0.03163032 0.07854280 0.04314187 0.07299251 0.01615824
0.05744216 0.00133007 0.00132986 0.00025705 0.00072035 0.36633636 0.05894953 0.33338203 0.02393961 0.07846746 0.05232168 0.07004544 0.01397267
0.07843392 0.00133913 0.00127774 0.00022588 0.00083824 0.36753733 0.05754449 0.33410715 0.03497082 0.07813329 0.03603682 0.07208729 0.01514271
0.07633537 0.00167031 0.00131183 0.00017373 0.00096190 0.36551765 0.04672851 0.33380288 0.02565469 0.07832515 0.05706084 0.07538892 0.01512167
0.07421180 0.00128781 0.00182095 0.00012382 0.00054684 0.36765440 0.05331009 0.33599011 0.03497558 0.07757598 0.03742681 0.07294242 0.01720298
0.07155147 0.00100267 0.00178086 0.00019645 0.00054780 0.36616493 0.04894214 0.33710216 0.02615930 0.07810464 0.04998799 0.06938717 0.01583624
0.07344871 0.00268924 0.00195713 0.00085532 0.00336278 0.36673763 0.05898946 0.33825788 0.03321421 0.07056964 0.04339195 0.06881812 0.01397924
0.07502310 0.00080911 0.00184201 0.00025657 0.00091966 0.36717448 0.05879727 0.34006995 0.03062945 0.07097079 0.05017611 0.07538535 0.01622016
0.07518263 0.00078103 0.00148912 0.00052692 0.03571302 0.36655008 0.05824762 0.33947193 0.02698966 0.06999776 0.05558812 0.07247818 0.01629920
0.07568505 0.00286936 0.00188580 0.00449775 0.02473607 0.36637160 0.05812197 0.33748500 0.04080742 0.07220376 0.04027403 0.07199392 0.01697972
0.07440586 0.00239674 0.00130952 0.00237646 0.02170453 0.36672791 0.04875497 0.33533581 0.03269845 0.07093901 0.05874078 0.06928045 0.01893680
0.07384534 0.00480162 0.00092590 0.00478355 0.03006300 0.36539663 0.06234556 0.33370479 0.03291572 0.07866332 0.04334488 0.07034739 0.01521187
0.07981840 0.00265548 0.00086272 0.00148135 0.02287958 0.36726925 0.05516613 0.33411354 0.03554903 0.07826541 0.05564062 0.07477620 0.01842606
0.07775637 0.00993857 0.00084748 0.01149682 0.05024426 0.36530768 0.05947926 0.33493064 0.03185078 0.07856288 0.05131010 0.07355368 0.01617887
0.07481320 0.00424127 0.00092506 0.00505614 0.03783303 0.36659447 0.05755946 0.33622458 0.03386229 0.07723626 0.04573937 0.07179711 0.01758547
0.07205159 0.00426694 0.00110419 0.00619907 0.03180423 0.36655397 0.05794894 0.33807797 0.02651795 0.07086595 0.05702262 0.06999235 0.02982873
0.06945376 0.00867463 0.00059612 0.00871403 0.04345196 0.36631450 0.06548345 0.34036760 0.03546212 0.06923489 0.04642181 0.06916192 0.02128753
0.06825434 0.00483394 0.00065099 0.00569355 0.02219893 0.36770123 0.05690214 0.34116740 0.03841659 0.06914911 0.06033376 0.07183076 0.02793904
0.07087897 0.00296420 0.00080544 0.00247601 0.00498358 0.36576963 0.06104259 0.34094221 0.03823381 0.06967906 0.06144180 0.07442172 0.02737070
0.06909366 0.00252570 0.00096186 0.00164371 0.00186741 0.36838358 0.06451903 0.33916441 0.04549605 0.06915753 0.04972101 0.07059290 0.02301256
0.06848769 0.00149139 0.00093785 0.00275181 0.00250567 0.36659058 0.06258836 0.33635892 0.04167452 0.07036313 0.05336647 0.06967678 0.01977828
0.06701108 0.00095456 0.00097785 0.00061371 0.00060856 0.36757029 0.06034005 0.33449046 0.03240425 0.06118645 0.05819674 0.07170326 0.02911246
0.06620535 0.00103526 0.00134124 0.00016592 0.00068889 0.36790235 0.05491575 0.33528300 0.03443948 0.06261802 0.05549908 0.07366988 0.01770523
0.06592882 0.00109677 0.00073703 0.00017252 0.00069294 0.36730703 0.05715296 0.33544265 0.03350434 0.06132242 0.05426789 0.07312061 0.01572716
0.06515877 0.00115001 0.00068884 0.00015584 0.00062353 0.36739706 0.05847643 0.33690258 0.03742048 0.06228481 0.05175668 0.07098922 0.01584052
0.06397381 0.00067657 0.00058018 0.00017016 0.00044612 0.36825976 0.06108800 0.33842052 0.03000941 0.06102385 0.05760579 0.06677207 0.01568372
0.06159379 0.00269003 0.00066453 0.00339413 0.03292955 0.36711531 0.06006772 0.33983495 0.02841326 0.05122303 0.04798757 0.06700211 0.02019818
0.05902501 0.00138945 0.00070497 0.00282741 0.00281732 0.36858083 0.05394211 0.34164035 0.02647916 0.05066740 0.05254364 0.07238173 0.04076912
0.06836759 0.00108724 0.00124571 0.00304011 0.00382797 0.36736804 0.05989613 0.34034172 0.03629309 0.05022998 0.04028794 0.07284629 0.03137833
0.06735454 0.00115196 0.00148488 0.00199457 0.00236306 0.36804450 0.05481481 0.33845662 0.02757693 0.05011858 0.06551522 0.07723282 0.01667121
0.06755878 0.00121107 0.00116440 0.00106357 0.00146936 0.36741088 0.06865222 0.33594901 0.03888478 0.04968981 0.05608666 0.07001090 0.01804183
0.06726012 0.00216700 0.00066131 0.00049587 0.00203740 0.36752422 0.06194510 0.33512542 0.04288571 0.04981066 0.05388540 0.07343743 0.01787256
0.06752424 0.00226181 0.00053931 0.00048901 0.00211975 0.36779716 0.05405399 0.33498850 0.03930125 0.04999730 0.05856601 0.07429479 0.01660918
0.06960025 0.00227229 0.00049510 0.00126847 0.00286896 0.36757859 0.06203505 0.33596098 0.03647359 0.05057342 0.05276372 0.07463644 0.01901515
0.07100987 0.00164665 0.00053938 0.00028365 0.00205397 0.36755238 0.05236417 0.33710422 0.03408526 0.05057518 0.05779278 0.06951694 0.01493196
0.06920127 0.00505310 0.00049403 0.00386750 0.02000806 0.36857694 0.06131304 0.33914601 0.04447960 0.05142671 0.05614302 0.06984288 0.01683569
0.06801736 0.00240214 0.00041409 0.00388701 0.02539325 0.36780819 0.05818174 0.34075287 0.04549905 0.05047566 0.05290801 0.06766808 0.01478425
0.06891063 0.00273333 0.00065664 0.00180665 0.00126261 0.36823997 0.05275384 0.34168330 0.03668504 0.05170092 0.06634234 0.07088433 0.01568004
0.06708875 0.00189699 0.00075403 0.00042582 0.00205910 0.36739485 0.06001948 0.34014520 0.04484556 0.05271822 0.05489859 0.07354303 0.01504841
0.06707875 0.00187660 0.00143420 0.00016989 0.00186047 0.36745899 0.04944714 0.33795581 0.04374483 0.05266028 0.06098879 0.07048825 0.01549358
0.06556528 0.00115368 0.00088482 0.00018223 0.00100162 0.36790328 0.06154126 0.33568081 0.03972888 0.05120419 0.05949036 0.07314940 0.01473981
0.06776160 0.00095434 0.00125922 0.00016479 0.00066207 0.36733576 0.05686075 0.33496519 0.03816648 0.05057183 0.06399047 0.07161931 0.01469605
0.06860939 0.00113995 0.00056410 0.00017606 0.00047424 0.36831710 0.05622352 0.33547500 0.04382143 0.05011249 0.06676593 0.07562610 0.01527956
0.06839797 0.00257705 0.00048070 0.00254243 0.03823676 0.36753780 0.06037928 0.33599305 0.04256079 0.04939615 0.05172195 0.07431655 0.01441682
0.06754494 0.00769884 0.00038847 0.00235871 0.02765279 0.36834161 0.04759705 0.33809626 0.04278317 0.04975477 0.06168076 0.06961795 0.01725428
0.06798163 0.00383392 0.00034835 0.00022513 0.00339737 0.36788734 0.06388140 0.33936282 0.04338899 0.04957123 0.05107237 0.06683494 0.01976376
0.06735370 0.00321678 0.00037790 0.00037665 0.00383654 0.36846465 0.05966428 0.34162816 0.04452258 0.05013064 0.06036613 0.07088372 0.01639588
0.06622775 0.00138144 0.00047602 0.00038650 0.00061660 0.36800028 0.06877337 0.34194645 0.04053072 0.05063747 0.05546413 0.07064026 0.01760608
0.06959481 0.00163892 0.00056413 0.00022885 0.00092501 0.36871663 0.06479824 0.34095733 0.03794510 0.05124066 0.06392019 0.07162502 0.01836999
0.06888570 0.00218954 0.00125539 0.00227663 0.03253034 0.36741028 0.06447086 0.33773832 0.03619464 0.05149999 0.06137639 0.06914761 0.01756334
0.06943032 0.00666327 0.00077570 0.00811812 0.03372791 0.36873832 0.05897349 0.33616836 0.03748314 0.05208799 0.05243294 0.07226703 0.01656361
0.08461576 0.00474111 0.00096775 0.00412722 0.03030798 0.36778013 0.06075535 0.33504566 0.03517354 0.05155528 0.05585631 0.07255039 0.01714625
0.08449162 0.00335071 0.00065414 0.00543456 0.03160702 0.36786264 0.05881065 0.33532157 0.03741121 0.05217705 0.05565805 0.07566485 0.02153282
0.08214030 0.00095977 0.00114518 0.00289353 0.00250944 0.36845730 0.05941130 0.33654948 0.03501244 0.05069253 0.06085658 0.07265188 0.03508953
0.08839722 0.00299701 0.00050641 0.00333233 0.03367815 0.36708975 0.06710772 0.33781686 0.03708120 0.05111838 0.04905187 0.06973902 0.02058272
0.08911004 0.00156555 0.00151046 0.00127194 0.00187029 0.36823334 0.05653954 0.33997342 0.03621380 0.05254034 0.05998764 0.06732570 0.02051327
0.08763134 0.00292812 0.00146362 0.00106842 0.00316550 0.36674411 0.06714781 0.34004981 0.04094654 0.05161167 0.05363914 0.06852206 0.02226137
0.07388823 0.00173381 0.00103850 0.00085065 0.00113989 0.36771771 0.06326684 0.34093209 0.04220868 0.05337174 0.05077101 0.07388270 0.01733203
0.07340957 0.00080273 0.00156253 0.00032132 0.00060609 0.36699427 0.05770147 0.33913465 0.03156533 0.05131930 0.06418316 0.07276359 0.02374113
0.06992572 0.00368530 0.00118566 0.00122768 0.00415349 0.36780788 0.06400490 0.33735894 0.04289976 0.04997254 0.05201970 0.07476487 0.01724304
0.06792548 0.00089567 0.00180289 0.00022226 0.00041550 0.36695937 0.05614670 0.33442133 0.03886517 0.05010843 0.05958176 0.07195032 0.02017590
0.06608210 0.00104719 0.00246780 0.00037092 0.00107234 0.36730741 0.06324129 0.33427536 0.03943913 0.05094407 0.05284436 0.07482043 0.01409864
0.06496360 0.00102107 0.00153655 0.00015027 0.00054195 0.36695266 0.05241220 0.33452860 0.03850013 0.05099153 0.05794071 0.07602776 0.01622385
0.06531185 0.00365344 0.00113405 0.00654638 0.02745522 0.36736129 0.05356382 0.33610891 0.03980299 0.05109489 0.05721746 0.07319657 0.01342064
0.06744756 0.00268735 0.00212760 0.00032146 0.00276004 0.36745048 0.05737402 0.33756472 0.04334507 0.06582185 0.05346022 0.06782939 0.01368408
0.06681084 0.00150953 0.00103046 0.00038669 0.00240634 0.36762035 0.05128121 0.33955237 0.03660899 0.06542365 0.06383839 0.06950136 0.01587867
0.06702696 0.00139963 0.00095265 0.00019511 0.03237186 0.36771899 0.05911167 0.34115706 0.03949121 0.06239802 0.05680569 0.07022533 0.01392641
0.06749675 0.00287100 0.00097563 0.00593773 0.02826879 0.36719122 0.03924194 0.34040585 0.04599936 0.04980018 0.06336399 0.07081940 0.01755368
0.06748902 0.00532011 0.00097910 0.00172810 0.00423356 0.36762209 0.05699729 0.33737114 0.04737597 0.05776685 0.04716667 0.07130747 0.01249320
0.06606972 0.00574734 0.00085305 0.00499506 0.03457885 0.36699047 0.04945922 0.33625483 0.03751959 0.05750494 0.04808043 0.06861034 0.01483297
0.06477724 0.00184811 0.00062439 0.00286454 0.00456591 0.36785342 0.05670492 0.33362261 0.02940979 0.05741514 0.05504021 0.07253397 0.01983798
0.06365407 0.00111563 0.00053634 0.00016880 0.00093281 0.36709525 0.06029311 0.33360962 0.03426357 0.05853904 0.04729435 0.07325153 0.01709450
0.06262224 0.00128910 0.00058704 0.00027780 0.00040316 0.36790665 0.05290752 0.33513648 0.03878851 0.05829730 0.05931999 0.07399975 0.01577532
0.06802036 0.00148350 0.00068041 0.00017666 0.00072252 0.36724136 0.06298862 0.33561880 0.04363804 0.05991040 0.03918315 0.07125095 0.01392453
0.06752909 0.00099012 0.00074052 0.00015282 0.00051891 0.36756305 0.05266362 0.33818308 0.03272587 0.05990938 0.05992509 0.06807739 0.01559282
0.06646323 0.00077867 0.00072795 0.00015481 0.00053674 0.36773717 0.05731217 0.33951734 0.03291415 0.06065061 0.05378585 0.06669883 0.01602738
0.06418403 0.00093964 0.00075944 0.00014037 0.00050581 0.36715989 0.05631277 0.34061427 0.03784468 0.06027112 0.04777521 0.07201639 0.01661246
0.06223942 0.00098137 0.00088997 0.00017093 0.00051599 0.36788704 0.05059559 0.33919582 0.03340363 0.06345422 0.05344717 0.07194547 0.01588619
0.06082447 0.00064939 0.00109595 0.00014028 0.00043006 0.36701479 0.06203812 0.33776837 0.03280897 0.06440587 0.03917454 0.06950016 0.01477615
0.05996890 0.00361167 0.00121343 0.00572205 0.01797359 0.36775902 0.05415499 0.33453735 0.02799659 0.06558662 0.05791086 0.06933839 0.01649741
0.05980790 0.00135251 0.00201189 0.00024587 0.00161515 0.36678314 0.05666010 0.33371415 0.03753952 0.06757324 0.04353866 0.07039094 0.01416397
0.05970154 0.00277400 0.00138162 0.00032554 0.00328411 0.36755781 0.05003150 0.33340314 0.04307679 0.06814745 0.04792474 0.07293864 0.01470105
0.06015984 0.00154258 0.00096300 0.00014205 0.00133418 0.36673298 0.04962858 0.33425259 0.03334190 0.06724761 0.05434555 0.07301797 0.01540121
0.06071051 0.00060937 0.00069879 0.00022361 0.00060400 0.36751790 0.06035711 0.33627520 0.03253615 0.06668965 0.04169810 0.06928290 0.01382344
0.06010655 0.00304012 0.00300994 0.00039380 0.00216320 0.36638493 0.04710417 0.33711679 0.02703301 0.06683798 0.05869335 0.06869140 0.01615188
0.06022547 0.00161181 0.00118668 0.00076474 0.00199821 0.36696060 0.05845314 0.33925726 0.04005396 0.06602169 0.03665706 0.06789152 0.01387490
0.06010679 0.00120657 0.00079659 0.00026855 0.00029383 0.36641922 0.04735601 0.33960796 0.04146883 0.06685768 0.05291094 0.06917044 0.01499262
0.05969221 0.00351455 0.00051742 0.00338559 0.03155792 0.36688989 0.05209378 0.33880150 0.03253300 0.06580587 0.04648004 0.07183164 0.01412428
0.05942049 0.00245590 0.00070841 0.00220293 0.02211365 0.36632561 0.04941403 0.33625277 0.03048540 0.07924637 0.05056157 0.06935256 0.01741720
0.06345141 0.00127069 0.00110397 0.00015203 0.00078477 0.36640585 0.04844223 0.33441666 0.03461411 0.08252287 0.05253400 0.06960981 0.01703953
0.06390163 0.00131313 0.00098110 0.00023556 0.00075559 0.36691848 0.06074785 0.33294973 0.03976404 0.07725552 0.03779217 0.07039148 0.01386059
0.06335752 0.00064289 0.00096273 0.00020711 0.00026936 0.36643330 0.05139207 0.33400745 0.03080819 0.07634533 0.05353309 0.07332494 0.01462686
0.06331888 0.00113664 0.00090015 0.00060003 0.02998085 0.36663748 0.05091362 0.33477580 0.03319891 0.07501591 0.04745093 0.07237994 0.01399087
0.06305318 0.00307305 0.00128088 0.00269864 0.02921147 0.36636718 0.04193855 0.33548908 0.03798247 0.07431331 0.05067735 0.06921803 0.01333265
0.07134212 0.00222458 0.00076492 0.00040737 0.00118371 0.36595876 0.05178828 0.33789888 0.04728657 0.07328854 0.04739035 0.06545618 0.01185656
0.07029336 0.00175945 0.00073056 0.00020583 0.03395916 0.36716162 0.04457968 0.33935569 0.03841639 0.06509127 0.04493732 0.06989528 0.01337059
0.07767591 0.00357913 0.00129770 0.00490362 0.02394971 0.36611732 0.04137501 0.33988601 0.03768627 0.06676375 0.05872983 0.07185244 0.01331439
0.07823893 0.00172169 0.00139002 0.00093254 0.00182468 0.36625606 0.04784557 0.33803324 0.05513044 0.06773377 0.04612611 0.07035901 0.01245438
0.07842806 0.00160136 0.00083872 0.00088463 0.00313479 0.36717619 0.04369066 0.33608530 0.04513010 0.06761042 0.06107245 0.07076531 0.01326954
0.07693338 0.00198891 0.00090761 0.00036884 0.00225540 0.36702909 0.05329128 0.33412075 0.04638584 0.06125462 0.05487789 0.06970875 0.01254040
0.07480781 0.00200119 0.00096028 0.00022890 0.00201529 0.36699724 0.04629588 0.33365476 0.04218496 0.06069610 0.06514341 0.07295389 0.01212774
0.07214425 0.00301665 0.00110075 0.00017671 0.00113638 0.36733272 0.04722492 0.33445944 0.05024898 0.06256154 0.05644600 0.07502710 0.01505410
0.06991341 0.00284197 0.00135388 0.00309381 0.02117919 0.36630954 0.04682705 0.33612489 0.04834626 0.06126692 0.05636967 0.07320024 0.01428442
0.06669189 0.00286116 0.00165156 0.00528021 0.02688192 0.36719821 0.04030838 0.33692034 0.03086780 0.06191787 0.05605722 0.06925739 0.01523961
0.06577992 0.00231938 0.00162339 0.00090284 0.01978593 0.36695968 0.05401048 0.33876820 0.03472394 0.06087493 0.04773234 0.06684064 0.01294689
0.06519132 0.00531413 0.00162247 0.00415077 0.02889376 0.36686809 0.04321061 0.33932710 0.03713382 0.06053597 0.05032477 0.06759652 0.01205602
0.06605910 0.00215796 0.00157973 0.00215196 0.03907267 0.36701102 0.05459851 0.33949578 0.03295384 0.06055929 0.04809172 0.07105157 0.01288521
0.06608438 0.00125025 0.00117138 0.00104750 0.00066576 0.36650013 0.05661626 0.33742215 0.03213896 0.05893453 0.05729892 0.06959646 0.03179844
0.06558211 0.00230328 0.00086851 0.00407556 0.00560564 0.36758357 0.04867642 0.33502207 0.04269647 0.05901438 0.04929732 0.06972220 0.01961997
0.06505550 0.00149688 0.00072058 0.00036511 0.00099779 0.36647119 0.04842830 0.33302403 0.03614339 0.05889254 0.05115374 0.06900491 0.01554610
0.06553284 0.01051616 0.00053827 0.01201152 0.02886112 0.36727569 0.04751205 0.33357842 0.03247843 0.05942620 0.04575596 0.07231530 0.01649222
0.06498551 0.00371436 0.00055119 0.00507834 0.02277502 0.36734815 0.05525591 0.33448332 0.02999090 0.05963557 0.05259115 0.07371812 0.01926059
0.06420819 0.00101043 0.00116638 0.00321329 0.00311501 0.36692012 0.05024553 0.33556358 0.03521722 0.06051448 0.04267665 0.07067486 0.03470181
0.06270901 0.00118841 0.00066965 0.00139800 0.02415659 0.36762753 0.05065957 0.33806342 0.03096647 0.06016742 0.04942157 0.06749739 0.01397637
0.06181457 0.00562121 0.00064359 0.00647002 0.02941238 0.36703922 0.05023319 0.33871930 0.03171216 0.06140318 0.04840708 0.06584847 0.01442835
0.05964326 0.00087885 0.00073204 0.00024380 0.00040443 0.36747224 0.05277246 0.34123438 0.03291523 0.05974339 0.04882268 0.06913550 0.01572289
0.05930056 0.00056576 0.00076649 0.00023596 0.00040121 0.36717330 0.06514425 0.33883720 0.02319079 0.06112832 0.04830799 0.06995744 0.01412469
0.05954302 0.00086050 0.00043338 0.00014902 0.00045730 0.36781121 0.05205794 0.33734297 0.03083171 0.05937117 0.04166535 0.07065063 0.01540092
0.06276372 0.00765119 0.00042391 0.01111693 0.01616603 0.36747931 0.05486515 0.33463869 0.02325840 0.06017867 0.03827017 0.06716667 0.01446496
0.06231725 0.00424133 0.00042780 0.00652748 0.04433264 0.36782093 0.04699388 0.33322077 0.02098764 0.05922968 0.04038640 0.07098885 0.02149319
0.06158766 0.00245530 0.00050626 0.00191936 0.02042316 0.36680828 0.04762628 0.33324789 0.02993344 0.05929030 0.03792139 0.07144825 0.01809586
0.06006075 0.00177436 0.00101173 0.00495793 0.02512522 0.36850685 0.05042165 0.33492507 0.01869458 0.05962706 0.04341405 0.07225653 0.01256393
0.05812511 0.00047079 0.00070428 0.00016375 0.00042519 0.36583577 0.04786629 0.33515087 0.02297463 0.05911543 0.03380293 0.06769371 0.01326123
0.05421076 0.00067346 0.00100654 0.00038173 0.00079736 0.36852067 0.04816725 0.33735424 0.01948317 0.04978247 0.04757842 0.06545330 0.01215518
0.05443666 0.00123193 0.00136056 0.00069248 0.00287136 0.36686110 0.04246387 0.33883972 0.02894784 0.05010019 0.05391391 0.06545669 0.01415752
0.04510373 0.00073901 0.00168921 0.00038635 0.00077770 0.36737774 0.04752379 0.33904783 0.02579143 0.05006736 0.04246306 0.06940982 0.01587186
0.04206115 0.00121721 0.00207113 0.00034800 0.00110116 0.36769642 0.04761229 0.33878793 0.02484472 0.05108356 0.04463245 0.07019518 0.01297214
0.03745374 0.00203230 0.00198488 0.00461502 0.03154352 0.36716817 0.04675088 0.33573416 0.02524615 0.05206308 0.03451819 0.06967986 0.01250065
0.03885851 0.00111224 0.00096165 0.00192515 0.02439115 0.36780279 0.04877449 0.33347195 0.02037992 0.05225852 0.04538206 0.06891178 0.01393499
0.03975296 0.00303571 0.00082318 0.00578239 0.03807927 0.36678509 0.04568144 0.33288095 0.02874830 0.03707902 0.03578767 0.06886280 0.01331169
0.04085157 0.00271844 0.00047959 0.00392288 0.02388628 0.36782010 0.03963815 0.33266021 0.02892021 0.03679825 0.05903109 0.07356191 0.01308744
0.04126746 0.00369202 0.00060848 0.00112755 0.01963959 0.36677605 0.04176205 0.33472238 0.03111723 0.04725198 0.03762133 0.07084078 0.01426744
0.04023296 0.00250320 0.00045772 0.00189238 0.00195807 0.36812763 0.04082346 0.33653988 0.03481870 0.04527488 0.03719694 0.06793122 0.03000685
0.03887454 0.00115169 0.00034508 0.00011618 0.00102760 0.36627122 0.04200807 0.33673797 0.02308022 0.04673255 0.04585008 0.06930188 0.01116325
0.04079531 0.00061043 0.00120451 0.00011942 0.00040640 0.36865151 0.04564269 0.33891395 0.02731977 0.04656974 0.03569318 0.06607688 0.01087043
0.04292572 0.00052930 0.00070042 0.00011590 0.00036071 0.36584818 0.03958903 0.33825682 0.02058099 0.04789808 0.05390057 0.06776312 0.01158742
0.04320565 0.00103855 0.00073044 0.00011459 0.00045405 0.36904986 0.04300683 0.33748853 0.03682199 0.04928236 0.03243269 0.07070181 0.01127394
0.04283507 0.00063747 0.00084362 0.00011890 0.00032125 0.36622912 0.04009062 0.33464979 0.02608643 0.05031124 0.04673933 0.06595330 0.01131320
0.04222613 0.00050979 0.00087954 0.00010887 0.00036784 0.36853554 0.04306989 0.33278957 0.02287251 0.05099856 0.04322979 0.06840565 0.01134169
0.04182098 0.00793042 0.00091895 0.00944374 0.00915533 0.36678046 0.04348541 0.33202069 0.03021326 0.05183765 0.03602666 0.07057348 0.01202421
0.04067945 0.00092294 0.00070069 0.00018062 0.00083839 0.36728156 0.05016322 0.33385079 0.02395608 0.05043907 0.05292661 0.07215436 0.01576025
0.03860552 0.00173201 0.00076081 0.00051396 0.00152891 0.36646633 0.04777910 0.33393166 0.03718150 0.05167423 0.04357155 0.07233561 0.01297698
0.03559013 0.00149682 0.00069395 0.00021846 0.00139015 0.36665330 0.04368920 0.33675951 0.03094777 0.04969519 0.05464445 0.07062564 0.01519672
0.03361340 0.00070953 0.00074586 0.00020767 0.00049552 0.36635091 0.04593991 0.33756226 0.02846911 0.05056604 0.05095271 0.06565437 0.01573561
0.03349646 0.00227150 0.00060331 0.00134770 0.02783477 0.36671557 0.05128766 0.33852855 0.02565531 0.04977109 0.04174473 0.06899447 0.01470621
0.05567547 0.00302214 0.00113166 0.00418645 0.02658660 0.36668446 0.04802511 0.33931297 0.02369423 0.05717383 0.04575353 0.07032996 0.01344876
0.05630337 0.00094975 0.00107573 0.00030709 0.00044733 0.36568353 0.05819240 0.33637890 0.03118459 0.05863812 0.04040571 0.06972900 0.01203367
0.05651748 0.00115848 0.00051431 0.00036337 0.03393089 0.36713254 0.05229332 0.33454399 0.02556153 0.05685572 0.05485701 0.07119547 0.01664734
0.06682616 0.00713279 0.00051138 0.00741383 0.01111010 0.36579055 0.04942001 0.33309504 0.03131685 0.05899718 0.05753972 0.06762438 0.01638916
0.06635472 0.00406432 0.00052907 0.00654605 0.02700710 0.36756849 0.05177086 0.33236776 0.02678286 0.05954340 0.04964029 0.07257199 0.01891023
0.06504153 0.00658927 0.00059883 0.00427558 0.02894681 0.36556209 0.05285781 0.33404004 0.03088678 0.05966798 0.04660259 0.07387937 0.01814147
0.05606683 0.00499300 0.00064759 0.00384114 0.05166959 0.36727436 0.05644854 0.33702624 0.03677944 0.06133679 0.04526049 0.07336885 0.01601455
0.05601934 0.00569650 0.00058364 0.00310624 0.03244629 0.36587852 0.06128859 0.33704507 0.03042536 0.06066705 0.05500093 0.06833591 0.01950255
0.05669863 0.00331765 0.00058278 0.00565240 0.03121394 0.36687658 0.05549535 0.34002465 0.03232107 0.06138687 0.05961889 0.06699852 0.02088903
0.05884921 0.00125951 0.00097758 0.00306881 0.01435237 0.36607455 0.06557059 0.33989508 0.03199677 0.06114048 0.05325411 0.06848500 0.01575383
0.05556108 0.00081159 0.00130699 0.00014242 0.00052442 0.36633125 0.05321522 0.33832824 0.02946226 0.06987524 0.04835793 0.07199738 0.01467486
0.05528452 0.00078735 0.00078282 0.00016250 0.00047804 0.36610441 0.05338859 0.33758495 0.02909754 0.07034320 0.04658715 0.07067042 0.01439682
0.06134564 0.00052733 0.00099768 0.00148980 0.00140308 0.36615581 0.06078706 0.33423331 0.02883552 0.06598735 0.04896881 0.06993221 0.01549161
0.06052308 0.00112110 0.00104807 0.00015346 0.00064925 0.36625896 0.04969462 0.33181291 0.03330252 0.07206726 0.04924877 0.07084679 0.01757568
0.05897364 0.00142462 0.00108811 0.00039751 0.00194351 0.36573675 0.05984923 0.33264302 0.03020425 0.07150082 0.05110992 0.07083802 0.01437292
0.05800852 0.00060540 0.00122417 0.00015941 0.00047896 0.36681701 0.05310735 0.33422582 0.02776093 0.07238825 0.05547581 0.07491676 0.01709135
0.05622598 0.00070204 0.00134653 0.00019077 0.00077081 0.36501103 0.05774947 0.33487137 0.02756274 0.07572120 0.03987798 0.06999977 0.01410369
0.05319650 0.00141125 0.00177728 0.00028562 0.00177739 0.36734207 0.05357419 0.33873719 0.03099773 0.07724569 0.04609168 0.06929915 0.01515751
0.05317983 0.00070425 0.00073146 0.00053072 0.00139622 0.36537940 0.04906865 0.33841544 0.02683237 0.07601984 0.05698296 0.06496019 0.01600826
0.05283299 0.00089232 0.00084497 0.00038126 0.00061950 0.36685821 0.06725784 0.34022457 0.02665818 0.07735128 0.03722741 0.07342106 0.01567602
0.05380311 0.00110955 0.00083745 0.00032751 0.00092871 0.36528924 0.05663907 0.33854716 0.02248149 0.06905634 0.06028289 0.06962509 0.01753493
0.05381247 0.00099024 0.00088441 0.00023204 0.00056670 0.36721280 0.06777962 0.33632850 0.03125897 0.07078775 0.03543479 0.07598114 0.01441176
0.05440426 0.00226875 0.00203512 0.00076520 0.00351909 0.36508765 0.04934406 0.33385932 0.02058842 0.07292037 0.05786316 0.06971115 0.01588782
0.05517252 0.00140377 0.00113480 0.00013542 0.00157568 0.36659714 0.06039811 0.33213131 0.02651359 0.07530769 0.03678258 0.06991198 0.01697395
0.05500805 0.00312615 0.00054804 0.00137348 0.02352818 0.36479235 0.05618350 0.33268403 0.04017495 0.06720688 0.04878745 0.07324270 0.01695421
0.05475509 0.00226218 0.00055337 0.00437789 0.02842042 0.36720139 0.05802497 0.33575565 0.03321888 0.06794471 0.05073725 0.07390086 0.01988803
0.05348848 0.00170791 0.00054988 0.00244675 0.02012539 0.36501138 0.06682635 0.33626840 0.02726218 0.06779134 0.04623952 0.07062980 0.01521421
0.05311806 0.00181403 0.00057468 0.00041222 0.00139689 0.36618575 0.04974700 0.33796502 0.03608909 0.06780411 0.05895684 0.06632038 0.01598081
0.05323749 0.01040542 0.00057374 0.01060470 0.01332477 0.36593331 0.05251564 0.33986440 0.04729789 0.06756808 0.04026110 0.06619810 0.01489149
0.05251882 0.00110596 0.00053623 0.00015400 0.00070086 0.36629517 0.05071937 0.33923096 0.03233086 0.06743437 0.05373583 0.06850761 0.01545177
0.05137238 0.00052473 0.00068322 0.00015917 0.00038473 0.36624997 0.05447946 0.33887245 0.02644736 0.06751255 0.05493951 0.07239370 0.01486226
0.05404118 0.00479800 0.00076082 0.00474370 0.01863124 0.36602778 0.05869047 0.33603178 0.03214323 0.06782195 0.04695518 0.07022417 0.01616978
0.05242892 0.00724442 0.00089279 0.00876392 0.04499411 0.36682510 0.04424877 0.33383173 0.02762320 0.06841134 0.05092553 0.07191119 0.01654011
0.05150664 0.00336512 0.00080347 0.00388625 0.05111152 0.36586261 0.05471290 0.33333220 0.02892227 0.06844272 0.03463331 0.07018820 0.01583508
0.05222212 0.00828046 0.00209508 0.01279546 0.04042450 0.36746070 0.04833009 0.33447790 0.02175245 0.06947526 0.04992455 0.07461168 0.01516451
0.05380618 0.00216957 0.00127524 0.00237315 0.02709098 0.36563248 0.04816792 0.33549125 0.02896934 0.06956170 0.04618610 0.07144531 0.01757377
0.05399670 0.00183440 0.00080729 0.00469051 0.03627042 0.36758754 0.05553536 0.33785152 0.02943432 0.06937604 0.03683997 0.06976440 0.01590183
0.05362574 0.00111897 0.00077378 0.00068053 0.01280745 0.36510004 0.04541284 0.33761748 0.02427134 0.06919358 0.05198894 0.06494340 0.01638303
0.06045670 0.00415900 0.00159168 0.00289976 0.02774299 0.36816215 0.05772524 0.33994796 0.02780258 0.06191489 0.03368243 0.06828502 0.01604356
0.05885486 0.00042646 0.00142895 0.00014401 0.00033244 0.36472765 0.04631659 0.33871313 0.02124705 0.07423351 0.05081044 0.06838787 0.01463386
0.06535755 0.00058759 0.00118976 0.00013783 0.00039629 0.36796866 0.05165840 0.33747063 0.02746671 0.07500650 0.03907617 0.07142242 0.01425115
0.06720065 0.00075081 0.00099155 0.00065753 0.00126464 0.36492495 0.05310208 0.33433670 0.02953192 0.07350163 0.04520672 0.07166389 0.01412814
0.06653333 0.00104302 0.00130747 0.00087595 0.00080977 0.36740776 0.04645362 0.33255503 0.03655149 0.07561878 0.03884335 0.07026635 0.01425562
0.06464942 0.00322943 0.00102758 0.00094228 0.00416478 0.36569659 0.05551099 0.33205480 0.02825572 0.07405823 0.03104751 0.07214646 0.01343046
0.06426363 0.00120051 0.00262617 0.00062474 0.00110149 0.36644369 0.04630608 0.33335611 0.03200672 0.06956060 0.04827274 0.07141608 0.01477116
0.06218889 0.00107254 0.00150985 0.00034571 0.00111281 0.36666469 0.05511030 0.33569995 0.02310433 0.07046033 0.04015440 0.07605712 0.01374151
0.06376753 0.00130095 0.00146518 0.00016083 0.00076276 0.36588716 0.04970374 0.33718406 0.03034333 0.07200730 0.04308445 0.06563573 0.01435304
0.06587923 0.00122388 0.00125821 0.00022862 0.00101002 0.36704135 0.04749594 0.33936705 0.02659881 0.07392467 0.04555679 0.06550507 0.01421337
0.06651392 0.00152326 0.00113763 0.00013097 0.00094015 0.36574125 0.05434184 0.33887376 0.03293235 0.07529208 0.03347209 0.06562770 0.01369425
0.06873624 0.00225583 0.00189519 0.00291463 0.03338581 0.36727641 0.04700747 0.33969483 0.03111155 0.06152892 0.05228200 0.07183332 0.01468994
0.07091269 0.00091109 0.00109232 0.00096880 0.02056716 0.36571618 0.05646888 0.33713872 0.03018762 0.06126023 0.04576728 0.07017007 0.01805369
0.07307449 0.00263733 0.00367184 0.00509997 0.02728318 0.36795918 0.04691963 0.33429432 0.02741654 0.06572231 0.04661357 0.07045378 0.01458781
0.07477126 0.00196180 0.00192372 0.00135651 0.01874851 0.36529631 0.05090046 0.33247779 0.02833975 0.06557464 0.04419986 0.06928869 0.01684493
0.07534404 0.00212331 0.00316830 0.00250442 0.03735601 0.36788812 0.05255548 0.33282013 0.02983653 0.06461965 0.03615223 0.07861238 0.01639385
0.07668068 0.00403973 0.00125573 0.00552134 0.03842859 0.36428301 0.04562705 0.33287874 0.02349319 0.06515794 0.05209845 0.07290333 0.01567875
0.08111050 0.00290286 0.00082177 0.00577139 0.04942400 0.36746473 0.05621404 0.33636130 0.03145887 0.06589404 0.03397788 0.07445670 0.01465382
0.08099804 0.00242762 0.00075060 0.00558635 0.02815443 0.36472581 0.04624917 0.33774175 0.02680607 0.06687502 0.04975977 0.06845027 0.04223354
0.07862610 0.00147470 0.00116103 0.00403127 0.00521891 0.36629770 0.05569515 0.33824017 0.02723017 0.07122649 0.04129554 0.06846907 0.01819771
0.07508451 0.00059075 0.00116995 0.00164036 0.00080912 0.36528326 0.05224831 0.33983350 0.02805315 0.07218640 0.04001795 0.06998070 0.02842575
0.07079333 0.00128274 0.00137080 0.00171470 0.00250446 0.36592410 0.05397439 0.33823956 0.01950913 0.07464780 0.04281000 0.07059173 0.02647335
0.06586020 0.00128504 0.00157740 0.00144523 0.00220158 0.36570028 0.06257479 0.33596093 0.02255623 0.07585211 0.03180296 0.07045171 0.01330560
0.06415361 0.00052430 0.00167766 0.00043228 0.00033634 0.36620683 0.04782126 0.33297271 0.01851544 0.07111375 0.04487616 0.06851430 0.02591671
0.06321626 0.00138256 0.00128875 0.00035053 0.00354742 0.36588219 0.05426294 0.33153815 0.02527315 0.07193578 0.03753763 0.07141336 0.01428844
0.06099559 0.00137687 0.00165694 0.00013188 0.00147789 0.36603024 0.04651037 0.33283492 0.02585558 0.08232481 0.04210962 0.07108725 0.01611762
0.05962189 0.00261909 0.00109822 0.00020897 0.00287859 0.36681780 0.05004510 0.33461761 0.03069757 0.08120368 0.04222258 0.07576816 0.01366348
0.06162711 0.00652008 0.00088565 0.00667729 0.03013232 0.36525846 0.05533647 0.33593852 0.03439000 0.07775015 0.03159916 0.06905397 0.01364859
0.06001330 0.00104558 0.00078769 0.00026179 0.00051925 0.36790032 0.04659134 0.33876239 0.02458690 0.07526611 0.05573094 0.06688705 0.01498085
0.06181683 0.00103460 0.00066821 0.00041245 0.00095845 0.36489359 0.05783442 0.33917523 0.02673783 0.07364663 0.03844370 0.06400766 0.01558516
0.06167991 0.00110258 0.00062046 0.00026470 0.00032221 0.36767787 0.05023570 0.33986712 0.03587381 0.07282674 0.04453555 0.06750991 0.01156033
0.05938594 0.00233755 0.00144647 0.00011330 0.00166461 0.36565552 0.04138537 0.33840903 0.03575799 0.07887908 0.04056901 0.06743878 0.01141193
0.05936634 0.00139134 0.00074210 0.00012115 0.00083248 0.36686052 0.04575588 0.33600394 0.03436959 0.08080697 0.02837709 0.06877334 0.01064922
0.05904287 0.00082630 0.00076084 0.00042017 0.00035731 0.36650047 0.04240081 0.33373702 0.01378866 0.08284776 0.05228515 0.06842470 0.01385843
0.05776057 0.00100374 0.00075908 0.00015285 0.00064016 0.36672536 0.05690260 0.33259275 0.03026890 0.08462946 0.02667871 0.06882713 0.01288290
0.05662141 0.00098614 0.00072751 0.00014712 0.00035589 0.36648138 0.04337669 0.33296432 0.02960415 0.08556228 0.04156374 0.07177592 0.01273519
0.05632717 0.00232087 0.00071771 0.00288888 0.03554509 0.36705334 0.04290114 0.33545701 0.02325533 0.08629324 0.02967367 0.07035883 0.01323850
0.06191619 0.00278926 0.00278928 0.00174300 0.02336009 0.36592214 0.04766129 0.33613173 0.01998522 0.08514942 0.02694698 0.06910768 0.01725585
0.06749975 0.00493959 0.00093121 0.00352662 0.02722235 0.36706688 0.03922575 0.33894227 0.02185577 0.08452692 0.04051205 0.06758719 0.01268525
0.07809885 0.00568105 0.00094106 0.00626902 0.02945389 0.36711272 0.04471630 0.34017144 0.02947234 0.08383773 0.01621433 0.06525526 0.01957719
0.07805514 0.00391457 0.00063304 0.00363742 0.02552136 0.36612484 0.03394288 0.33934720 0.01676211 0.08197312 0.03990444 0.06570000 0.02878075
0.07677089 0.00365103 0.00063795 0.00374968 0.02582319 0.36762853 0.05503528 0.33856397 0.01984024 0.08161050 0.02188913 0.06954862 0.01909798
0.07616809 0.00276473 0.00059584 0.00406323 0.02346130 0.36580526 0.05352590 0.33518515 0.01948649 0.08155118 0.03047779 0.06819090 0.01169572
0.08290573 0.00114145 0.00123760 0.00108138 0.01367868 0.36864131 0.03984502 0.33378262 0.01980336 0.08178379 0.03809147 0.06967792 0.01592233
0.08348239 0.00185675 0.00079849 0.00408999 0.04453410 0.36603544 0.04044304 0.33196176 0.02712067 0.07640075 0.01948690 0.06985232 0.01104930
0.08174780 0.00627659 0.00085412 0.00603354 0.02926614 0.36790734 0.02985195 0.33369630 0.02050936 0.07722069 0.03878107 0.07273514 0.01900439
0.07588038 0.00343881 0.00128908 0.00289797 0.00353532 0.36730690 0.04402687 0.33594418 0.02846022 0.07887066 0.03122187 0.07192334 0.03917298
0.06645980 0.00434855 0.00147856 0.00475071 0.02056589 0.36687257 0.04775162 0.33776120 0.03814743 0.09038492 0.03143737 0.06878674 0.01785265
0.06666661 0.00317022 0.00092039 0.00273820 0.03349313 0.36727015 0.03916825 0.33954291 0.01813500 0.09116133 0.04434135 0.06537868 0.02693224
0.07079240 0.00431231 0.00088668 0.00491128 0.03670025 0.36733103 0.05163952 0.34105543 0.02535587 0.08426637 0.02833252 0.06636278 0.01315377
0.07071299 0.00253956 0.00192449 0.00116270 0.00342084 0.36574640 0.03930453 0.34013239 0.03246509 0.08687799 0.04824599 0.06956233 0.03093120
0.07101327 0.00173917 0.00122264 0.00101870 0.00179191 0.36693219 0.05969493 0.33802541 0.04064212 0.08643999 0.04471409 0.07022562 0.01494693
0.06796769 0.00150297 0.00175477 0.00048840 0.00238817 0.36521483 0.05486254 0.33520591 0.03380897 0.09453708 0.04899786 0.07017415 0.01565108
0.06609464 0.00165806 0.00143845 0.00080797 0.00101425 0.36634030 0.05688243 0.33389507 0.03192137 0.09298678 0.04115750 0.07107990 0.01609916
0.06457100 0.00296947 0.00147736 0.00287017 0.01797917 0.36582166 0.06082883 0.33237499 0.04082271 0.09160694 0.03618945 0.07123544 0.01333173
0.06350819 0.00864019 0.00145095 0.00822600 0.03309018 0.36603389 0.04646129 0.33421788 0.03305186 0.08297754 0.04652815 0.07341676 0.01489251
0.06212240 0.00234149 0.00319516 0.00208363 0.04047670 0.36612346 0.05395165 0.33606828 0.03126538 0.08636479 0.04960942 0.07223540 0.01392282
0.06088372 0.00197263 0.00126207 0.00307789 0.02842172 0.36615667 0.04491331 0.33763890 0.02950655 0.08600040 0.05376301 0.06790553 0.01560346
0.05852776 0.00257540 0.00120738 0.00142799 0.00362601 0.36554830 0.05044682 0.33895009 0.04164419 0.08525700 0.03700650 0.06570067 0.01294299
0.05663096 0.00416749 0.00101168 0.00686422 0.02655410 0.36667473 0.04927745 0.34089508 0.03003958 0.08614823 0.04497512 0.06845858 0.01325739
0.05509909 0.00723428 0.00138959 0.00480314 0.01642164 0.36579160 0.05140575 0.34040866 0.02790198 0.08732086 0.04577600 0.07087625 0.01921106
0.05806866 0.00350108 0.00080063 0.00386984 0.03066682 0.36547065 0.06207886 0.33767715 0.02264540 0.08859356 0.06373675 0.07165461 0.01276744
0.05832441 0.00311396 0.00071477 0.00261585 0.02555097 0.36621412 0.05339462 0.33552165 0.03717753 0.09050228 0.04647809 0.07062278 0.01593904
0.05598665 0.00203293 0.00072219 0.00044014 0.00212198 0.36515594 0.05482596 0.33353495 0.03533795 0.09270729 0.05994096 0.07104267 0.01339666
0.05665849 0.00115695 0.00079012 0.00013981 0.00166146 0.36664779 0.05449657 0.33335713 0.03089682 0.09365127 0.05281676 0.07339866 0.01630993
0.05676353 0.00150680 0.00078326 0.00034969 0.00203192 0.36501855 0.05264072 0.33420924 0.02999186 0.09467749 0.05732105 0.07302197 0.01469094
0.05548451 0.00061783 0.00101148 0.00015429 0.00044449 0.36694693 0.05372437 0.33687083 0.02774251 0.09358767 0.05332237 0.07118787 0.01419308
0.05299161 0.00085768 0.00077674 0.00016098 0.00046137 0.36529871 0.05377892 0.33834928 0.03641894 0.09345924 0.04386921 0.06717142 0.01418735
0.05015659 0.00069316 0.00074729 0.00133112 0.00047659 0.36585169 0.05714799 0.34057917 0.02704177 0.09165765 0.06222400 0.06915212 0.03013993
0.04897911 0.00187725 0.00086882 0.00388240 0.00427687 0.36599655 0.05730911 0.34120442 0.03270361 0.08479028 0.05347591 0.06827300 0.01967125
0.04804952 0.00100663 0.00072324 0.00127534 0.00048029 0.36568243 0.05840004 0.34043041 0.03065732 0.08387803 0.05387162 0.07327292 0.03827183
0.04720111 0.00078479 0.00083977 0.00025659 0.00044816 0.36630214 0.05715464 0.33821073 0.02984357 0.08354235 0.05068878 0.07160214 0.01494748
0.04680601 0.00072848 0.00056716 0.00015234 0.00042428 0.36602232 0.06469279 0.33436494 0.03315863 0.08364512 0.04321237 0.06954520 0.01497075
0.05083868 0.00336532 0.00044904 0.00254096 0.03052233 0.36617342 0.05689502 0.33335221 0.02323769 0.08362748 0.05964632 0.07126249 0.01654480
0.05325450 0.01221203 0.00044227 0.01220804 0.01745507 0.36624474 0.05219057 0.33334911 0.03210737 0.08456463 0.04786917 0.07294051 0.01881132
0.05536702 0.00096292 0.00047331 0.00036883 0.00051500 0.36609240 0.06433301 0.33482678 0.02759265 0.08500119 0.05245574 0.07414365 0.01599076
0.06614190 0.00070639 0.00060116 0.00025231 0.00041093 0.36584567 0.06666882 0.33687010 0.02679379 0.08606071 0.04844144 0.06958970 0.01510914
0.06285145 0.00246757 0.00418744 0.00015236 0.00107462 0.36634698 0.06942265 0.33933163 0.02721677 0.09457494 0.04156256 0.06762568 0.01591916
0.06068214 0.00196163 0.00091571 0.00404010 0.00372654 0.36464378 0.05520382 0.34039913 0.02732798 0.09577460 0.04888028 0.06593058 0.03252697
0.06170185 0.00113811 0.00115321 0.00168624 0.00067363 0.36685658 0.05593507 0.34120456 0.02830197 0.09739131 0.04327758 0.06815816 0.01921979
0.06262072 0.00077731 0.00072286 0.00170267 0.00216987 0.36443384 0.05669160 0.33957699 0.02075100 0.09731490 0.05127714 0.06970185 0.03059945
0.06106020 0.00090555 0.00066056 0.00018075 0.00056354 0.36640043 0.06023928 0.33736610 0.02589894 0.09622789 0.04373385 0.06969839 0.01672297
0.05869042 0.01085941 0.00063361 0.01070300 0.02161039 0.36517525 0.06012242 0.33457073 0.02899593 0.09590322 0.04113975 0.07025969 0.01568257
0.05815222 0.00341239 0.00062627 0.00293652 0.01874523 0.36536399 0.05590516 0.33298826 0.03433286 0.09524441 0.04593954 0.07046496 0.01909191
0.05825597 0.00245528 0.00066325 0.00546849 0.02907009 0.36600995 0.05928525 0.33383087 0.02623069 0.09518156 0.04700150 0.07366175 0.01775207
0.05675797 0.00100181 0.00059929 0.00155902 0.01857421 0.36537619 0.05836828 0.33514902 0.02474029 0.09522888 0.05228225 0.07240918 0.01902379
0.06156074 0.00210255 0.00404693 0.00169701 0.00323847 0.36566591 0.05811868 0.33757012 0.03018812 0.09663984 0.05505262 0.07081790 0.01661344
0.07898202 0.00088336 0.00306762 0.00019055 0.00091659 0.36554694 0.06170516 0.33975043 0.02757289 0.09788147 0.04809278 0.06702269 0.01788732
0.07944753 0.00318417 0.00136995 0.00451976 0.01991779 0.36515475 0.05904084 0.34115226 0.02975167 0.09828657 0.04773669 0.06710317 0.01689710
0.07778872 0.00838174 0.00118673 0.01032182 0.02070988 0.36581787 0.06105160 0.34146123 0.02930660 0.09263966 0.04904728 0.06991843 0.01675386
0.07587702 0.00138670 0.00107686 0.00021614 0.00118094 0.36564021 0.06358216 0.33929302 0.03120164 0.08328647 0.06023037 0.07111796 0.01980252
0.07434405 0.00191537 0.00128300 0.00087467 0.00165809 0.36428894 0.06054582 0.33622987 0.03718128 0.08625676 0.04804757 0.07191974 0.01785143
0.07055927 0.00776390 0.00161318 0.00693060 0.01395824 0.36554201 0.05536514 0.33340798 0.04099976 0.08174318 0.05855122 0.07172739 0.01750008
0.06714961 0.00303401 0.00171836 0.00487053 0.03082344 0.36407773 0.05566686 0.33173847 0.03682016 0.08323831 0.04837195 0.07320132 0.01790841
0.06138992 0.00179484 0.00158199 0.00088098 0.00321298 0.36564134 0.06550009 0.33311320 0.03289056 0.08361667 0.05376176 0.07518044 0.01919986
0.05786204 0.00208170 0.00148023 0.00365244 0.03209088 0.36475425 0.06906986 0.33534842 0.03000882 0.07775401 0.06162031 0.07593104 0.01802129
0.05668690 0.00189612 0.00138453 0.00027757 0.00106396 0.36504012 0.06353948 0.33705820 0.05121229 0.07778692 0.05240135 0.07013981 0.01856399
0.05640957 0.00787084 0.00114189 0.00628470 0.01514531 0.36533270 0.05727212 0.33942164 0.03597637 0.07859185 0.06218463 0.06805644 0.02046138
0.05676410 0.00104377 0.00085827 0.00024958 0.00057135 0.36458751 0.06535610 0.34034082 0.03742660 0.07702474 0.05122222 0.06783846 0.01545467
0.05662800 0.00375011 0.00063982 0.00230545 0.02544389 0.36587471 0.06346249 0.34083263 0.03172923 0.07702615 0.05727694 0.07067424 0.01757996
0.05655033 0.00448896 0.00051715 0.00623301 0.02728910 0.36512059 0.05394679 0.33849223 0.03590484 0.07538587 0.05978623 0.07057837 0.01546120
0.05610627 0.00167421 0.00058286 0.00233225 0.02124346 0.36568021 0.06081301 0.33570034 0.04166232 0.07548463 0.04701038 0.07154210 0.01727158
0.05409866 0.00169861 0.00058482 0.00323137 0.02168877 0.36566628 0.05055819 0.33328797 0.03145694 0.07474166 0.06959376 0.07058470 0.01648463
0.05374647 0.00251885 0.00050431 0.00357459 0.02241480 0.36572685 0.06286687 0.33243870 0.03754831 0.07491799 0.04753235 0.07297201 0.01708521
0.05302357 0.00271294 0.00048333 0.00095730 0.01630761 0.36538110 0.05895803 0.33339291 0.03217281 0.07531832 0.06231654 0.07460466 0.01779246
0.04586482 0.00110098 0.00058429 0.00019052 0.00063760 0.36598392 0.05737310 0.33578335 0.03553579 0.07583310 0.05870734 0.07362293 0.01860001
0.04521591 0.00093055 0.00059911 0.00022782 0.00052172 0.36481364 0.06914556 0.33715778 0.03560361 0.07679167 0.05131857 0.06879486 0.01576410
0.04281983 0.00111965 0.00059881 0.00034031 0.00045258 0.36573092 0.06243803 0.33925128 0.02764477 0.07728893 0.06338337 0.06644458 0.01699821
0.04206194 0.00138130 0.00061986 0.00014966 0.00076081 0.36518209 0.07343479 0.34052614 0.03613773 0.07796764 0.04422750 0.06842060 0.01705306
0.04152868 0.00646841 0.00061705 0.00759635 0.01777665 0.36541136 0.05559427 0.34009341 0.02283724 0.07822494 0.06674572 0.07074914 0.01871414
0.04050827 0.00219348 0.00054692 0.00303306 0.03318571 0.36577091 0.06397818 0.33841528 0.03076407 0.07037821 0.05100104 0.07202448 0.02185893
0.04002721 0.00272104 0.00045973 0.00098702 0.02235216 0.36540898 0.07005336 0.33499558 0.03233337 0.06974582 0.05442315 0.07106851 0.01919652
0.03908043 0.00142089 0.00066910 0.00150627 0.00205433 0.36633906 0.05833126 0.33307359 0.03352071 0.06246451 0.06279634 0.07219896 0.01779892
0.05838259 0.00092947 0.00163957 0.00063497 0.00072541 0.36631424 0.07288515 0.33289408 0.03759017 0.06188191 0.04482703 0.07417859 0.01684327
0.06069861 0.00207583 0.00121289 0.00024908 0.00156995 0.36625113 0.05721539 0.33398269 0.03549679 0.06337725 0.06626105 0.07415583 0.01762686
0.06273014 0.00183596 0.00080938 0.00019920 0.00196199 0.36638323 0.06756381 0.33574334 0.03754497 0.06063706 0.04396672 0.07198267 0.01710464
0.03666830 0.00351559 0.00030060 0.00415157 0.01615297 0.36644811 0.06153402 0.33832720 0.02919493 0.06087692 0.06615191 0.06869131 0.01941655
0.03611243 0.00325089 0.00030150 0.00375000 0.02808170 0.36650159 0.06124084 0.34038859 0.03388420 0.06018342 0.05706385 0.06698253 0.01778704
0.03661585 0.00356044 0.00027478 0.00303927 0.02668270 0.36668102 0.07018647 0.34103879 0.03842997 0.05990145 0.05318871 0.06898248 0.01818561
0.03575216 0.00065926 0.00163545 0.00018621 0.00040948 0.36607097 0.05718518 0.34008100 0.03002579 0.06518510 0.06629398 0.07030957 0.01788472
0.03555782 0.00082410 0.00098731 0.00016057 0.00059533 0.36688764 0.07088206 0.33821992 0.03472002 0.06522953 0.04536640 0.07418150 0.01675055
0.03973480 0.00081769 0.00060159 0.00400211 0.00583683 0.36647773 0.06046718 0.33551307 0.02702830 0.06718824 0.06824019 0.07018404 0.02072436
0.04157787 0.00086955 0.00039235 0.00171653 0.00099736 0.36701947 0.06537638 0.33382682 0.03671798 0.06751530 0.05039978 0.07185478 0.04134179
0.05450529 0.00164536 0.00090738 0.00220465 0.00280445 0.36624770 0.06877298 0.33302009 0.03258656 0.06849068 0.06066309 0.07358400 0.01757628
0.05465218 0.00224052 0.00064522 0.00185820 0.03266390 0.36642288 0.05934811 0.33488001 0.02855541 0.06829400 0.06353643 0.07506973 0.01881802
0.05531459 0.00099766 0.00167883 0.00016260 0.00060460 0.36561485 0.07331842 0.33640947 0.03218955 0.07014456 0.04423600 0.07407795 0.01974323
0.06494114 0.00051866 0.00141324 0.00028624 0.00040929 0.36512533 0.06169913 0.33752241 0.02195854 0.06864818 0.06626767 0.06886522 0.01864892
0.06433070 0.00070098 0.00111196 0.00016927 0.00052085 0.36541632 0.07887592 0.33941169 0.03011088 0.06812278 0.04393173 0.06632238 0.01779422
0.06231417 0.00063471 0.00129568 0.00019764 0.00048019 0.36535911 0.06743030 0.34038051 0.02398617 0.06603493 0.06085829 0.06928914 0.01835505
0.06053195 0.00066663 0.00146313 0.00018856 0.00049544 0.36541993 0.06575010 0.33904894 0.02797407 0.06708397 0.05595862 0.07223838 0.01930352
0.05962820 0.00066268 0.00239886 0.00015828 0.00052799 0.36527603 0.07050773 0.33698181 0.02796734 0.07713957 0.04843957 0.07044580 0.01763759
0.05802290 0.00055704 0.00170313 0.00019169 0.00044769 0.36568391 0.05511315 0.33418144 0.02257450 0.07637683 0.06510536 0.07158002 0.01898299
0.05896745 0.00291774 0.00139860 0.00016015 0.00108796 0.36439016 0.07316871 0.33169648 0.03092126 0.07552348 0.04070109 0.07145238 0.01759756
0.05797679 0.00146299 0.00110920 0.00019334 0.00078390 0.36586818 0.05946460 0.33311457 0.02419133 0.07393275 0.05841281 0.07421885 0.01954515
0.05626319 0.00059706 0.00100163 0.00018323 0.00043915 0.36463537 0.06885788 0.33396815 0.02525694 0.07544429 0.04982620 0.07508788 0.01951071
0.05374613 0.00135328 0.00110428 0.00159377 0.03751688 0.36495645 0.07622607 0.33625173 0.02258778 0.07452293 0.05189297 0.07224475 0.01750944
0.05255308 0.00349504 0.00096970 0.00169963 0.02524010 0.36522661 0.06152967 0.33877885 0.02931771 0.07692305 0.05848533 0.06774760 0.02140690
0.05043368 0.00533166 0.00133053 0.00383567 0.02827868 0.36443528 0.07480322 0.33997625 0.02884916 0.07042536 0.03493163 0.07422949 0.01934769
0.04981036 0.00213475 0.00101410 0.00200950 0.02940701 0.36534836 0.05947052 0.34039750 0.01733864 0.07277471 0.06020445 0.06892023 0.02010634
0.04970596 0.00277836 0.00139522 0.00202871 0.02830262 0.36457687 0.07723011 0.33897077 0.03735485 0.07120865 0.03960793 0.07132103 0.01883535
0.05000007 0.00287561 0.00085157 0.00458006 0.03578597 0.36491442 0.06531837 0.33600540 0.02105601 0.07061142 0.05176900 0.07137011 0.02108309
0.05053303 0.00259276 0.00092149 0.00019407 0.00114986 0.36486798 0.06280065 0.33354545 0.02324143 0.06886516 0.05219829 0.06981201 0.02166317
0.05693735 0.00146236 0.00094486 0.00022469 0.00061108 0.36521912 0.07778650 0.33241639 0.02323921 0.07342049 0.03765035 0.07134788 0.02071185
0.05639357 0.00646359 0.00074137 0.00421235 0.01813288 0.36478357 0.06182728 0.33310955 0.01092314 0.07180043 0.05253241 0.07496401 0.02190452
0.05686424 0.00600145 0.00092899 0.00786621 0.04516898 0.36610055 0.07798596 0.33532944 0.01830564 0.06581606 0.03147980 0.07343334 0.01731792
0.05558004 0.00099860 0.00101750 0.00183177 0.02012426 0.36424987 0.06362516 0.33634945 0.01698114 0.08405373 0.04831727 0.07005039 0.02028426
0.05452733 0.00204920 0.00144800 0.00351467 0.02266527 0.36550362 0.05952259 0.33883814 0.01994455 0.08252821 0.04024387 0.06636854 0.01888460
0.06104653 0.00474669 0.00108015 0.00446155 0.03263839 0.36432779 0.06314473 0.33983908 0.01809585 0.08275053 0.03454205 0.06734515 0.02178067
0.05975786 0.00273385 0.00101894 0.00111467 0.01656297 0.36508669 0.05548120 0.33970935 0.01141400 0.07971398 0.05795069 0.07039407 0.01968877
0.06392835 0.00644099 0.00117815 0.00872497 0.03013128 0.36472077 0.07402765 0.33828791 0.02929032 0.08138850 0.02789577 0.07054803 0.01694723
0.06156644 0.00362179 0.00118790 0.00309987 0.04181719 0.36528758 0.05515562 0.33561665 0.02769967 0.08009897 0.04721441 0.07101506 0.01967492
0.06038194 0.00305207 0.00318781 0.00483250 0.02567917 0.36480202 0.06563278 0.33293344 0.04221557 0.07507520 0.03729874 0.07028449 0.01773209
0.05729711 0.00388612 0.00133970 0.00028029 0.00335853 0.36556206 0.06349706 0.33270046 0.02980208 0.08255808 0.04313430 0.07492766 0.01957918
0.05951578 0.00202660 0.00181254 0.00034333 0.00205602 0.36458606 0.05550070 0.33350397 0.02242429 0.08361794 0.04878403 0.07272393 0.01822983
0.05902612 0.00048954 0.00109210 0.00015395 0.00048209 0.36543813 0.06753120 0.33448299 0.01641361 0.08614035 0.03110623 0.07240137 0.01610347
0.08054963 0.00766826 0.00106173 0.00689272 0.01349925 0.36484929 0.05195438 0.33736755 0.01228054 0.08594894 0.06309237 0.06830081 0.01981483
0.08366575 0.00667942 0.00096270 0.00696277 0.02657318 0.36529997 0.06704492 0.33842179 0.03224584 0.08668197 0.03137810 0.07109194 0.01935561
0.08616758 0.00291334 0.00137797 0.00017136 0.00116866 0.36517089 0.05645409 0.33931293 0.02953459 0.09334677 0.04757306 0.06691775 0.01810278
0.08790384 0.00118577 0.00096908 0.00016412 0.00066034 0.36497275 0.06061945 0.33914548 0.02003424 0.09245241 0.04543230 0.07042078 0.01976952
0.08466680 0.00519493 0.00084377 0.00437733 0.02255749 0.36504351 0.06661063 0.33677934 0.01849197 0.08428358 0.03982564 0.07171742 0.01941103
0.08399077 0.00065433 0.00120845 0.00020041 0.00038197 0.36441092 0.06498286 0.33445639 0.01962786 0.08379918 0.04808764 0.06897705 0.01770872
0.08268150 0.00074246 0.00132272 0.00015924 0.00048468 0.36507092 0.06957997 0.33297790 0.02609047 0.07459282 0.03217538 0.07045236 0.01725098
0.07771560 0.00063557 0.00132894 0.00019790 0.00047223 0.36431856 0.05842868 0.33194200 0.01924897 0.07657562 0.05076882 0.07164922 0.01855706
0.07091705 0.00049044 0.00189716 0.00015991 0.00044999 0.36494518 0.06550781 0.33349375 0.01974334 0.07008647 0.04221544 0.07543613 0.01909312
0.06511803 0.00045327 0.00215517 0.00016556 0.00037976 0.36396530 0.06095475 0.33463212 0.02094575 0.07488278 0.03974236 0.07037320 0.01713283
0.06066625 0.00049101 0.00226103 0.00017216 0.00035042 0.36573214 0.05600022 0.33636855 0.01950044 0.07556067 0.04571750 0.06929640 0.01750584
0.05703289 0.00411531 0.00178389 0.00456155 0.02372536 0.36422101 0.06626783 0.33856507 0.02225566 0.07730876 0.02930563 0.06754850 0.01704480
0.05704615 0.00028156 0.00151247 0.00017830 0.00028763 0.36595485 0.05329897 0.33853107 0.01573562 0.08680328 0.05026858 0.06788008 0.01788444
0.05757994 0.00056020 0.00138800 0.00015546 0.00046959 0.36424781 0.06540645 0.33819730 0.02242414 0.08453780 0.03423126 0.07024558 0.01699148
0.05778680 0.00050521 0.00126806 0.00033898 0.00035460 0.36580656 0.05627259 0.33737870 0.02361452 0.09407935 0.04407547 0.07020939 0.01679713
0.05762517 0.00149008 0.00082527 0.00035098 0.00114361 0.36479471 0.05612507 0.33406834 0.02308587 0.09116913 0.04496877 0.06884691 0.01715023
0.05702316 0.00161134 0.00062070 0.00015127 0.00062101 0.36533998 0.06012376 0.33324734 0.02637903 0.08882943 0.03286096 0.06971318 0.01800762
0.05638940 0.00252855 0.00119350 0.00091119 0.00389694 0.36523059 0.06131527 0.33373278 0.02765843 0.09150511 0.04695575 0.07257598 0.01735284
0.05689554 0.00113430 0.00063287 0.00030226 0.00145359 0.36456980 0.07163867 0.33419147 0.02585818 0.08917337 0.04690037 0.07308228 0.01900402
0.05642248 0.00094033 0.00061085 0.00031042 0.00091520 0.36529302 0.06114996 0.33646108 0.03220056 0.08988845 0.04926065 0.07086604 0.01803937
0.05500379 0.00108513 0.00056987 0.00029426 0.00068583 0.36480471 0.06183052 0.33772341 0.02821212 0.09064233 0.05228073 0.06699379 0.01949030
0.05495503 0.00095182 0.00081326 0.00017696 0.00056564 0.36486245 0.06341540 0.33866304 0.02883099 0.09184850 0.04294219 0.06778847 0.01823201
0.05441693 0.00130557 0.00075152 0.00120612 0.00058483 0.36497810 0.07033493 0.34057082 0.02482002 0.09507395 0.04835996 0.06937007 0.01685580
0.05409178 0.00087688 0.00070093 0.00016451 0.00044267 0.36532510 0.06651424 0.33896365 0.02435958 0.09581953 0.04908296 0.07071887 0.01874883
0.05344971 0.00159719 0.00081515 0.00021382 0.00094962 0.36472187 0.06101034 0.33710817 0.03332838 0.09895184 0.04407830 0.06999619 0.01734055
0.05257463 0.00107559 0.00080700 0.00015726 0.00058325 0.36604147 0.05974320 0.33535407 0.02566240 0.09920382 0.05651889 0.07008341 0.02010118
0.05312825 0.00785511 0.00075954 0.00561644 0.01398693 0.36423572 0.06869141 0.33370357 0.03015566 0.09430826 0.04488658 0.07146066 0.02159643
0.05277626 0.00366979 0.00076194 0.00625918 0.02863256 0.36596855 0.06732193 0.33469470 0.02416996 0.09435788 0.05596553 0.07423033 0.01845355
0.05280109 0.00168464 0.00064518 0.00028849 0.00111156 0.36446319 0.06660303 0.33550183 0.03215507 0.09252052 0.05095775 0.07264056 0.02115005
0.07020837 0.00250183 0.00061818 0.00046516 0.00304345 0.36521177 0.06924732 0.33712356 0.03803071 0.09178884 0.04805564 0.07189328 0.02033253
0.06899230 0.00091802 0.00064362 0.00042789 0.00119099 0.36540384 0.06767412 0.33938860 0.02360412 0.09029552 0.06844023 0.06801368 0.02243357
0.06943920 0.00078153 0.00060771 0.00020140 0.00079844 0.36467475 0.07531528 0.34061848 0.03167981 0.08864443 0.04447935 0.06839871 0.01980343
0.07008286 0.00663837 0.00157377 0.00661363 0.02639592 0.36520982 0.06093035 0.33981535 0.02758202 0.09210531 0.05888224 0.07127013 0.01838970
0.07068500 0.00230612 0.00087429 0.00281025 0.02135831 0.36492758 0.06580748 0.33976747 0.03263350 0.09037489 0.04427178 0.07126587 0.01921758
0.07074508 0.00185354 0.00068394 0.00418141 0.02378875 0.36471744 0.06338009 0.33670907 0.02895411 0.08968157 0.04612154 0.07094669 0.02297089
0.07021392 0.00582426 0.00065730 0.01009754 0.02825328 0.36536657 0.06351659 0.33465645 0.02530322 0.08894433 0.05599838 0.07066850 0.01924249
0.07092999 0.00659272 0.00060653 0.00490700 0.02934141 0.36496368 0.06501248 0.33422838 0.03884916 0.08125919 0.04667211 0.07230518 0.01965889
0.07025835 0.00174451 0.00235832 0.00508035 0.00427432 0.36513984 0.05910842 0.33429101 0.02516668 0.08412107 0.05663556 0.07489861 0.02217938
0.06819683 0.00477019 0.00116138 0.00743457 0.02417440 0.36525995 0.06663991 0.33542067 0.02914409 0.08378884 0.04128529 0.07364365 0.03379191
0.07082450 0.00078724 0.00076312 0.00068865 0.00105933 0.36458880 0.07170095 0.33717407 0.02957707 0.07770867 0.04795964 0.06989772 0.01843345
0.07248551 0.00090595 0.00068507 0.00023792 0.00060704 0.36554185 0.06971598 0.33800054 0.02439151 0.07842459 0.06814627 0.06812778 0.01904717
0.07306528 0.00120372 0.00068254 0.00031283 0.00069008 0.36474707 0.06464436 0.33948727 0.03823116 0.07108825 0.04955090 0.06906620 0.02061190
0.07239863 0.00133556 0.00056726 0.00025986 0.00061193 0.36541927 0.06218652 0.33961622 0.03072896 0.07069848 0.06050063 0.07075148 0.02117093
0.07949518 0.00087724 0.00205868 0.00023634 0.00056448 0.36513333 0.07043318 0.33795850 0.03094543 0.07031188 0.04729641 0.07832486 0.01816311
0.07836719 0.00049909 0.00137655 0.00019392 0.00034145 0.36492194 0.06629882 0.33552776 0.02741024 0.07297011 0.05156357 0.07030664 0.01775659
0.07721670 0.00060570 0.00115912 0.00020785 0.00043822 0.36490436 0.06919512 0.33367579 0.02640487 0.07393367 0.05547308 0.07175023 0.01710268
0.07644181 0.00100561 0.00128658 0.00017801 0.00055081 0.36522158 0.06298078 0.33302904 0.03693335 0.07408331 0.04591025 0.07410054 0.01877810
0.07626348 0.00090220 0.00069798 0.00031640 0.00165369 0.36486142 0.06491247 0.33418857 0.02641576 0.07516215 0.06298376 0.07353794 0.01947930
0.07750483 0.00447960 0.00062513 0.00229201 0.02807049 0.36551587 0.06773862 0.33636800 0.04080948 0.06838077 0.04935843 0.07361348 0.02056492
0.07485394 0.00248132 0.00105282 0.00188248 0.02936899 0.36460613 0.06460922 0.33659933 0.04169082 0.06932008 0.05633711 0.07039504 0.02008987
0.07520455 0.00316582 0.00052810 0.00426748 0.02715239 0.36501577 0.06997527 0.33955009 0.03052437 0.06934892 0.06031044 0.06915965 0.01897154
0.07327557 0.00077086 0.00062412 0.00019773 0.00050899 0.36544017 0.06966282 0.33906883 0.03567369 0.06955836 0.05012747 0.06887256 0.01893560
0.06958581 0.00127384 0.00068683 0.00243393 0.03694422 0.36483111 0.06498859 0.33926101 0.02715359 0.06119255 0.06645247 0.07314825 0.01873189
0.06779805 0.00188143 0.00064903 0.00034959 0.00071983 0.36563350 0.07232395 0.33812844 0.04110046 0.06051416 0.04483006 0.07223279 0.02007602
0.06883766 0.00103832 0.00049602 0.00024184 0.00068318 0.36457210 0.06395573 0.33425009 0.02741115 0.06092354 0.06749640 0.07362043 0.01958168
0.06830405 0.00370534 0.00034859 0.00407126 0.01913762 0.36614670 0.06818506 0.33475958 0.03438113 0.06081238 0.05733963 0.07179165 0.02562236
0.07579697 0.00677121 0.00030507 0.00654575 0.03757919 0.36527648 0.06717209 0.33395035 0.03617632 0.06066804 0.05050481 0.07480136 0.03276111
0.07484657 0.00818066 0.00042430 0.00825364 0.03304196 0.36617889 0.07065661 0.33583012 0.03100054 0.06108747 0.06465374 0.07697261 0.02102127
0.07405688 0.00225197 0.00052456 0.00415305 0.00258227 0.36616025 0.07511309 0.33755615 0.04500146 0.06112416 0.04621132 0.07264237 0.04525921
0.07249303 0.00203049 0.00081706 0.00253882 0.00276705 0.36569235 0.06474883 0.33879727 0.03980577 0.06099080 0.06960438 0.06947840 0.02547594
0.07355070 0.00175602 0.00055656 0.00016823 0.00174695 0.36658833 0.07061584 0.33965723 0.03838817 0.06179871 0.05655387 0.06790729 0.02009906
0.07405238 0.01209924 0.00045218 0.01356522 0.01500821 0.36569612 0.06370914 0.34092765 0.03230592 0.06050515 0.05848577 0.07050725 0.01913302
0.07347428 0.00384475 0.00124943 0.00174420 0.02379743 0.36587780 0.06692062 0.33967512 0.02946522 0.06178853 0.06517073 0.07313119 0.02115473
0.07299029 0.00334603 0.00050725 0.00386987 0.02879967 0.36528331 0.07069020 0.33738238 0.04587823 0.06047025 0.04458434 0.07344804 0.01878861
0.07180930 0.00198068 0.00104143 0.00024671 0.00243689 0.36521605 0.06398688 0.33499906 0.04226309 0.06197060 0.07036637 0.07151853 0.01939890
0.07085606 0.00331464 0.00084590 0.00076091 0.00411612 0.36424822 0.07265399 0.33294086 0.04790348 0.06144184 0.04918369 0.07358780 0.01832678
0.07134403 0.00202549 0.00169088 0.00018634 0.00176799 0.36528751 0.05859364 0.33400721 0.03710685 0.07310739 0.06698751 0.07577524 0.02153616
0.06961337 0.00169720 0.00085614 0.00041181 0.00199064 0.36405591 0.06635213 0.33453332 0.04091707 0.07246172 0.05943029 0.07535091 0.01822937
0.06951921 0.00138685 0.00061692 0.00023597 0.00064840 0.36544401 0.07209322 0.33687765 0.04693589 0.06972686 0.05467083 0.07461813 0.01907769
0.06761167 0.00750958 0.00210686 0.01192038 0.01767440 0.36347549 0.06346868 0.33784613 0.03668335 0.07151758 0.06659574 0.07121663 0.01759257
0.06760968 0.00208139 0.00163890 0.00160369 0.02216457 0.36420061 0.06707526 0.33910949 0.04170562 0.07051514 0.04991480 0.07009011 0.01958121
0.06858189 0.00707094 0.00129382 0.00946917 0.03702785 0.36374210 0.05851198 0.33915102 0.02802451 0.07183920 0.06023565 0.07057734 0.01907071
0.07607103 0.00481730 0.00184838 0.00290304 0.02688936 0.36434814 0.06152561 0.33859294 0.03330234 0.08193876 0.05215675 0.07224000 0.02107379
0.07466473 0.00163876 0.00142735 0.00191849 0.03250978 0.36390398 0.07269680 0.33559738 0.03006665 0.07612090 0.04177755 0.07188363 0.01727414
0.06479223 0.00567128 0.00124785 0.00917859 0.03199546 0.36428291 0.06295358 0.33377185 0.02457934 0.07827629 0.05230142 0.07182127 0.01885862
0.06465191 0.00352642 0.00114953 0.00331568 0.02219538 0.36447722 0.05377654 0.33274478 0.03188500 0.07971037 0.03919804 0.07085815 0.03210210
0.06487770 0.00409954 0.00090777 0.00723819 0.03513393 0.36416656 0.04986844 0.33278062 0.02513838 0.07996809 0.05303252 0.07380426 0.04812763
0.06434888 0.00321484 0.00088112 0.00450432 0.02115847 0.36428419 0.05230733 0.33435340 0.04156137 0.08085465 0.04479398 0.07352660 0.02020330
0.07165231 0.00217245 0.00078845 0.00268060 0.00518938 0.36415884 0.05272617 0.33610522 0.04196270 0.07935936 0.04816738 0.07235065 0.04203181
0.07765309 0.00285147 0.00229627 0.00307368 0.00290844 0.36445584 0.06522751 0.33791566 0.03286683 0.07880218 0.05943361 0.07466047 0.02130675
0.07611400 0.00842341 0.00125874 0.01033560 0.02076377 0.36413015 0.05830580 0.33922727 0.03184388 0.07828458 0.04460118 0.06866415 0.03091810
0.07832234 0.00495920 0.00107235 0.00294004 0.02263873 0.36471629 0.04342922 0.33884458 0.03118301 0.07664396 0.05955189 0.07148997 0.02518987
0.07818905 0.00153410 0.00106900 0.00230642 0.03640730 0.36474015 0.05923859 0.33795873 0.03929666 0.07789045 0.03903770 0.07279890 0.02019001
0.07731293 0.00070144 0.00086761 0.00041317 0.00041114 0.36444406 0.05499710 0.33516663 0.03019662 0.07609732 0.05346952 0.07060759 0.02269262
0.07593769 0.00064419 0.00083248 0.00063660 0.00068251 0.36498559 0.07086839 0.33285102 0.02884523 0.07737034 0.05335485 0.07106934 0.01426737
0.07599122 0.00690381 0.00068883 0.00756842 0.02674832 0.36432894 0.06233014 0.33261285 0.03378228 0.07714970 0.04541803 0.07194648 0.02002625
0.07435757 0.00388652 0.00066880 0.00236530 0.02539594 0.36461481 0.05081830 0.33361765 0.03275945 0.07746644 0.05627608 0.07282293 0.01915716
0.07212132 0.00292729 0.00078260 0.00368416 0.03334635 0.36435082 0.06170566 0.33511297 0.03421977 0.07931026 0.04400918 0.07320617 0.01683552
0.06781526 0.00114385 0.00094639 0.00030907 0.00071753 0.36469014 0.05092897 0.33737174 0.03320074 0.07893159 0.06211320 0.07274557 0.01972024
0.06397477 0.00220427 0.00112563 0.00032947 0.00164006 0.36410945 0.07329086 0.33849364 0.04403722 0.08043787 0.04751401 0.06725841 0.01486514
0.06273636 0.00126714 0.00104443 0.00017273 0.00079331 0.36487828 0.06013060 0.33937065 0.03600728 0.08048211 0.05557918 0.06907162 0.01687615
0.06359636 0.00116364 0.00072561 0.00020633 0.00068668 0.36430894 0.06197085 0.33958796 0.03222944 0.07980027 0.05775527 0.07128551 0.01615452
0.06648397 0.00087452 0.00063368 0.00014451 0.00057276 0.36472493 0.06161814 0.33753710 0.03552828 0.08026744 0.04832206 0.07127912 0.01823838
0.06338504 0.00781081 0.00050508 0.00602278 0.02027323 0.36483497 0.05158451 0.33558269 0.03499494 0.07881814 0.06058128 0.07223238 0.01946141
0.06066626 0.00104417 0.00140169 0.00015774 0.00060912 0.36427889 0.06774456 0.33270785 0.03918986 0.07931261 0.04489151 0.06941472 0.01615589
0.05936536 0.00062659 0.00095477 0.00018448 0.00040460 0.36485044 0.05677548 0.33252894 0.03217294 0.07936270 0.06303152 0.07310098 0.01713408
0.05948561 0.00086138 0.00061612 0.00022056 0.00053506 0.36426728 0.06873556 0.33379809 0.03853059 0.07764169 0.05452993 0.07423416 0.01769006
0.06061794 0.00075688 0.00051623 0.00062826 0.00051940 0.36455378 0.06100730 0.33593812 0.03883420 0.07916204 0.05699916 0.07325501 0.01774480
0.06146055 0.00574519 0.00033946 0.00967696 0.01839729 0.36436467 0.05644488 0.33705055 0.03696392 0.06969676 0.06077401 0.07005123 0.01683343
0.06132522 0.00075319 0.00048798 0.00020126 0.00105604 0.36440557 0.06874107 0.33848546 0.03607841 0.07141617 0.04977488 0.06707976 0.01597924
0.06001237 0.00136160 0.00045606 0.00036550 0.00159317 0.36431332 0.05159635 0.33905579 0.03558487 0.07082422 0.07189610 0.06960615 0.01694335
0.05756402 0.00248864 0.00042582 0.00015159 0.00189951 0.36424597 0.06537496 0.33873347 0.05076898 0.07090126 0.05065145 0.07197570 0.01631165
0.05657733 0.00139023 0.00049305 0.00053908 0.00402222 0.36436244 0.05707932 0.33688125 0.03445556 0.07233267 0.06782493 0.07208849 0.01756908
0.05921024 0.00192734 0.00112340 0.00053182 0.00225355 0.36389709 0.06209546 0.33356975 0.03703629 0.06307534 0.05329597 0.07020587 0.01664027
0.06030570 0.00114696 0.00066855 0.00033045 0.00051369 0.36489265 0.06372164 0.33264709 0.04336473 0.05321987 0.05034729 0.07225593 0.01582262
0.06132194 0.00105368 0.00121251 0.00019584 0.00050810 0.36443282 0.05309615 0.33158976 0.03795722 0.03898908 0.06528295 0.07432407 0.01713475
0.05863900 0.00111963 0.00141308 0.00018813 0.00069720 0.36463947 0.06786967 0.33444973 0.04313084 0.05785969 0.05256827 0.07699640 0.01605575
0.05820797 0.00376667 0.00130863 0.00393022 0.03538834 0.36383819 0.05316637 0.33454967 0.02905925 0.05568009 0.07314593 0.07401667 0.01724184
0.05913349 0.00739672 0.00110980 0.00674387 0.02513807 0.36447798 0.05881264 0.33634833 0.03943770 0.05382102 0.04999909 0.07122373 0.01681312
0.06759252 0.00781848 0.00081934 0.00675726 0.04490105 0.36484242 0.06666630 0.33869695 0.03741477 0.05077357 0.05521891 0.06790920 0.02156603
0.06982396 0.00343558 0.00248966 0.00211256 0.02230007 0.36322878 0.05825889 0.33894428 0.03877408 0.05188405 0.06136531 0.07076175 0.02232066
0.07339576 0.00420318 0.00077479 0.00505103 0.02557503 0.36479485 0.07216162 0.33818090 0.04177652 0.04950372 0.04984015 0.07367020 0.01810139
0.07356149 0.00259141 0.00049054 0.00093360 0.01369765 0.36352776 0.06464491 0.33608452 0.04401621 0.04983956 0.06829531 0.07478470 0.02335821
0.07214808 0.00258810 0.00063453 0.00080392 0.00074179 0.36435650 0.07713993 0.33327911 0.03524052 0.04982066 0.04005862 0.07064618 0.01896695
0.06991031 0.00149476 0.00066837 0.00027707 0.00092607 0.36446046 0.06816207 0.33174922 0.02151776 0.05101424 0.06406664 0.07125023 0.01897085
0.06833506 0.00176904 0.00106778 0.00020739 0.00087086 0.36364298 0.05989086 0.33219592 0.03616137 0.06679805 0.04881577 0.07351461 0.01935952
0.06772748 0.00141443 0.00096789 0.00061886 0.00182702 0.36478879 0.06923774 0.33409627 0.03188857 0.06673092 0.03997714 0.07544396 0.01916524
0.07018810 0.00078788 0.00273660 0.00040728 0.00114599 0.36380871 0.05646652 0.33590357 0.02018902 0.06575117 0.06377657 0.07691661 0.01835196
0.06911018 0.00120476 0.00126715 0.00018957 0.00061187 0.36356420 0.07318894 0.33637595 0.03713972 0.06481131 0.03224432 0.06786105 0.01617951
0.06134847 0.01117263 0.00129490 0.01102761 0.02066586 0.36437893 0.05555648 0.33850290 0.03490936 0.05513988 0.06236887 0.06758725 0.01727459
0.05453044 0.00330720 0.00105682 0.00321894 0.01890401 0.36452251 0.06401337 0.33949624 0.03193859 0.05236905 0.04264565 0.06921420 0.02126728
0.05427823 0.00429952 0.00122332 0.00451211 0.03411093 0.36399864 0.06407115 0.33801544 0.02113040 0.05277701 0.04786817 0.07283711 0.01716464
0.05436460 0.00265740 0.00093973 0.00181926 0.02074641 0.36633987 0.05644014 0.33562625 0.02355864 0.05007274 0.05282681 0.07161778 0.02087415
0.05463360 0.00208098 0.00082155 0.00499692 0.02529438 0.36313561 0.07029537 0.33331998 0.03859111 0.05123422 0.04627334 0.07292846 0.01635735
0.05321113 0.00272976 0.00065458 0.00330659 0.01946038 0.36678148 0.05546805 0.33219891 0.03108076 0.05031415 0.05877262 0.07334040 0.03242156
0.05187877 0.00596084 0.00061050 0.00672126 0.03168430 0.36340259 0.06167045 0.33241528 0.03288319 0.05206681 0.04870118 0.07366443 0.03158172
0.05095528 0.00377108 0.00063745 0.00199212 0.03908535 0.36559350 0.05642201 0.33457250 0.03310124 0.05241310 0.05552861 0.07391176 0.02266708
0.05088752 0.00319198 0.00063597 0.00235482 0.02577710 0.36438799 0.07507587 0.33674270 0.03743744 0.05384679 0.04345916 0.07200578 0.01825434
0.05074743 0.00131431 0.00093436 0.00290148 0.00050904 0.36504043 0.06901833 0.33834247 0.03026753 0.05385430 0.04711567 0.06816388 0.03192723
0.04953828 0.00215850 0.00060853 0.00021431 0.00097369 0.36441384 0.06830101 0.33901347 0.03086734 0.05441106 0.05147714 0.06811823 0.02072264
0.04762773 0.00253914 0.00237501 0.00047914 0.00275254 0.36452122 0.07346313 0.33908571 0.03047066 0.05607492 0.05245054 0.07060322 0.01982642
0.04784742 0.00151471 0.00121271 0.00042409 0.00238952 0.36392698 0.05863360 0.33793779 0.02833875 0.05490927 0.06201535 0.07372166 0.02137288
0.04802395 0.00409264 0.00083273 0.00583899 0.01815970 0.36469927 0.07028512 0.33528612 0.03707385 0.05381088 0.04327471 0.07305761 0.01683420
0.05762443 0.00350662 0.00052309 0.00529030 0.02419604 0.36412670 0.05881727 0.33273348 0.03700931 0.05232093 0.05821926 0.07075484 0.02216638
0.05563350 0.00389965 0.00058652 0.00392322 0.02787559 0.36416831 0.06742221 0.33250658 0.04915806 0.05214021 0.04930911 0.07269088 0.01838609
0.05688136 0.00439342 0.00092782 0.00206895 0.02115695 0.36432781 0.06282645 0.33308431 0.04021665 0.05105030 0.05410669 0.07593466 0.02247752
0.05752576 0.00498764 0.00085903 0.00524129 0.02627117 0.36269487 0.06141912 0.33471440 0.02945962 0.05175860 0.06221705 0.07523394 0.03768661
0.05810810 0.00199208 0.00048298 0.00062474 0.01085960 0.36528837 0.07717756 0.33679597 0.03890218 0.05071245 0.04786351 0.07075024 0.01893759
0.06278296 0.00713794 0.00046176 0.00431631 0.01794202 0.36300944 0.04945723 0.33820572 0.04517532 0.05123065 0.05671503 0.06955875 0.02055200
0.06188571 0.00194849 0.00064808 0.00017789 0.00188791 0.36476419 0.06677407 0.33861973 0.04255255 0.03663478 0.05555997 0.06897094 0.01848711
0.06556280 0.00165681 0.00099405 0.00074381 0.00246920 0.36394342 0.05646768 0.33895620 0.03351452 0.03739636 0.06762266 0.07280501 0.02200509
0.06571510 0.00284324 0.00087769 0.00204381 0.03191671 0.36453461 0.07320380 0.33745378 0.04582022 0.03857236 0.05381334 0.07253974 0.01726292
0.06299740 0.01108817 0.00082342 0.01025873 0.03486034 0.36445229 0.06560554 0.33483698 0.04537038 0.03873736 0.05421833 0.07469654 0.01689339
0.06399008 0.00479714 0.00081707 0.00518389 0.04349997 0.36440130 0.05866946 0.33281013 0.03947771 0.04011620 0.05263563 0.07291305 0.03822348
0.06240071 0.00576398 0.00058310 0.00956261 0.03790707 0.36383453 0.06314735 0.33281109 0.03722678 0.03899261 0.05946665 0.07701519 0.02734080
0.06143756 0.01334282 0.00066524 0.01402031 0.02892555 0.36497057 0.04860361 0.33379291 0.03882003 0.03953377 0.05636442 0.07503666 0.03854925
0.06200450 0.00238958 0.00053237 0.00328739 0.02157770 0.36359605 0.06528631 0.33553409 0.04259455 0.03812843 0.05364576 0.07456084 0.03473859
0.06025354 0.00225940 0.00149174 0.00510405 0.02939530 0.36426100 0.06634870 0.33705865 0.03560709 0.03793881 0.05889446 0.07173441 0.02206157
0.05819333 0.00795614 0.00071806 0.01159748 0.01413030 0.36401547 0.06575969 0.33790845 0.03609141 0.03689088 0.05541089 0.06736482 0.01790295
0.05974838 0.00268085 0.00041796 0.00320968 0.04646646 0.36342667 0.06353005 0.33928030 0.03786481 0.03624231 0.05442869 0.06960233 0.01648686
0.06053292 0.00326482 0.00041447 0.00181407 0.02519062 0.36550011 0.05529029 0.33833676 0.04044372 0.03586074 0.05520742 0.07345733 0.02323419
0.05949227 0.00499930 0.00034083 0.00452901 0.02952124 0.36318242 0.06193016 0.33598129 0.03901724 0.03602072 0.05733857 0.07356280 0.01613676
0.06783580 0.00250778 0.00112814 0.00076087 0.01777729 0.36570213 0.06122559 0.33410816 0.03581671 0.03646796 0.05709283 0.07108898 0.02515148
0.06669566 0.00200629 0.00059116 0.00441139 0.02041815 0.36384423 0.06254339 0.33181802 0.03739012 0.03768902 0.05780663 0.07411932 0.01735073
0.06680612 0.00088005 0.00084105 0.00118837 0.00945283 0.36463743 0.06951464 0.33193019 0.03960999 0.03812535 0.05183457 0.07310117 0.01672555
0.06576608 0.00159153 0.00068681 0.00093412 0.03210158 0.36451625 0.05678077 0.33363677 0.03747824 0.03857116 0.05567560 0.07468287 0.01666118
0.06391201 0.00231179 0.00106749 0.00473743 0.02626660 0.36407451 0.06299646 0.33492836 0.03529060 0.04210324 0.05571878 0.07176155 0.01712877
0.06288445 0.00081707 0.00199606 0.00014962 0.00048184 0.36435738 0.05774853 0.33771173 0.03619227 0.04052524 0.05299881 0.07178268 0.01782057
0.06242392 0.00078910 0.00116910 0.00018039 0.00047486 0.36446380 0.05628363 0.33812444 0.03548251 0.04072986 0.05567326 0.06714436 0.01668145
0.06245225 0.00078751 0.00094129 0.00014506 0.00049385 0.36405232 0.06520433 0.33832085 0.03591127 0.03842701 0.05087242 0.06893531 0.01625735
0.06206270 0.00070053 0.00124253 0.00019212 0.00040435 0.36504670 0.05724307 0.33823698 0.03568630 0.03826611 0.05670581 0.07160489 0.01653983
0.06108134 0.00077415 0.00060840 0.00014662 0.00049986 0.36443016 0.06585263 0.33494414 0.03440133 0.03712964 0.05457688 0.07260642 0.01680823
0.06130109 0.00077774 0.00045717 0.00017129 0.00045735 0.36427789 0.05765782 0.33275226 0.03625511 0.03665651 0.05384830 0.07081262 0.01733006
0.06153538 0.00072594 0.00034604 0.00015805 0.00045827 0.36545869 0.05965821 0.33170600 0.03389081 0.03659809 0.05471541 0.07036856 0.01706131
0.06780501 0.00088012 0.00028251 0.00038035 0.00049926 0.36383115 0.06342945 0.33189024 0.03851088 0.03623475 0.05163308 0.07475683 0.01705981
0.06660299 0.00075027 0.00037954 0.00038332 0.00082597 0.36600518 0.05772918 0.33471143 0.03444165 0.03711804 0.06806897 0.07453460 0.01698624
0.06561600 0.00080627 0.00072819 0.00023206 0.00051845 0.36490137 0.06723617 0.33685396 0.03812683 0.03691468 0.05374543 0.07083128 0.01782232
0.06429074 0.00092387 0.00068417 0.00023060 0.00055872 0.36548709 0.05824715 0.33758278 0.03802687 0.03826943 0.05921881 0.06755465 0.01751964
0.06260909 0.00077934 0.00068952 0.00016155 0.00050317 0.36556890 0.06436938 0.34015790 0.03487304 0.03833465 0.05690932 0.06844544 0.01718402
0.06258924 0.00075272 0.00078999 0.00017091 0.00046748 0.36526208 0.06351870 0.33913966 0.03714461 0.03936159 0.05160628 0.06966161 0.01692440
0.06218026 0.00064060 0.00066556 0.00017301 0.00040575 0.36578091 0.05940780 0.33785615 0.03355047 0.01584759 0.06261143 0.07318798 0.01741696
0.06113453 0.00096718 0.00054708 0.00015848 0.00056432 0.36582772 0.06637316 0.33578709 0.04001587 0.01604485 0.05180258 0.07075865 0.01695560
0.06376154 0.00099892 0.00080620 0.00032493 0.00042263 0.36509887 0.06029196 0.33261172 0.03573402 0.02749361 0.05990917 0.07229485 0.01742255
0.06371245 0.00067806 0.00046332 0.00023421 0.00043971 0.36632315 0.07313672 0.33262293 0.03382595 0.03079413 0.05667550 0.07165102 0.01611130
0.06477680 0.00083429 0.00038117 0.00016055 0.00046645 0.36512320 0.06162246 0.33332185 0.03746787 0.03241314 0.05273854 0.07309962 0.01716857
0.06477583 0.00122612 0.00032711 0.00018217 0.00066654 0.36608101 0.05991484 0.33499517 0.03509582 0.03433348 0.05973764 0.07362123 0.01669121
0.06454337 0.00106799 0.00030795 0.00015101 0.00061249 0.36577164 0.06124144 0.33785126 0.03915681 0.03455354 0.05121483 0.07120876 0.01864720
0.07234480 0.00322888 0.00025082 0.00077684 0.00379547 0.36567495 0.05777421 0.33886559 0.03570279 0.03370058 0.06273895 0.06732957 0.01751447
0.07524904 0.00173427 0.00024765 0.00070131 0.00189235 0.36649047 0.06766633 0.33975865 0.04578570 0.03272570 0.05466186 0.06742615 0.01765093
0.07433931 0.00160855 0.00026370 0.00073185 0.00220827 0.36601897 0.06016509 0.34029300 0.03951101 0.03086690 0.06267128 0.07030797 0.01616971
0.07818934 0.00187937 0.00028443 0.00101231 0.00245699 0.36613954 0.06445754 0.33865498 0.05299670 0.03010811 0.06087149 0.07324451 0.01674439
0.07793388 0.00295052 0.00038119 0.00052509 0.00298914 0.36687153 0.05911059 0.33615649 0.04383690 0.02996596 0.06052285 0.07404003 0.01904954
0.07713936 0.00178956 0.00067923 0.00027423 0.00148967 0.36611794 0.06209641 0.33384457 0.04381734 0.02941724 0.05739849 0.06991009 0.01670281
0.07761972 0.00223541 0.00040900 0.00119304 0.03087406 0.36679611 0.06119081 0.33340397 0.03750755 0.03099291 0.06570020 0.07421148 0.01886727
0.07714749 0.00827319 0.00033240 0.00856965 0.01637964 0.36647990 0.05536727 0.33493831 0.04410858 0.03090006 0.06386692 0.07410390 0.01763421
0.07554886 0.00142197 0.00024760 0.00233268 0.02590456 0.36608496 0.06572517 0.33721902 0.04297616 0.03195600 0.05883868 0.07342065 0.01632134
0.07626096 0.00128369 0.00025567 0.00041831 0.00150277 0.36694894 0.05867433 0.33842208 0.04750798 0.03311998 0.06507886 0.07039669 0.01725044
0.07576514 0.00203240 0.00024577 0.00023411 0.00150541 0.36603706 0.06206006 0.34045616 0.04924726 0.03319115 0.06122974 0.06778242 0.01690314
0.07433522 0.00147224 0.00026351 0.00018700 0.00099810 0.36672252 0.06034652 0.34113130 0.04864265 0.03496908 0.06333793 0.06920483 0.01670229
0.07211627 0.00165873 0.00082056 0.00056899 0.00479670 0.36648645 0.05004030 0.33966507 0.03939266 0.03480582 0.07408111 0.07069310 0.01723253
0.06942104 0.00360874 0.00078017 0.00183915 0.02786690 0.36608767 0.06452448 0.33807201 0.04679890 0.03567721 0.04872520 0.07230239 0.01619424
0.06764374 0.00133660 0.00081861 0.00248642 0.00070320 0.36694827 0.04805105 0.33562376 0.04650014 0.03520877 0.06550966 0.07284386 0.02750548
0.06439544 0.00154824 0.00121202 0.00097019 0.03144560 0.36615484 0.06610392 0.33321523 0.03802396 0.03509321 0.04519334 0.07355231 0.01727913
0.06180198 0.00426132 0.00126953 0.00504263 0.02808663 0.36707630 0.05321721 0.33346424 0.03085836 0.03489888 0.06227112 0.07189358 0.01639989
0.06081202 0.00217386 0.00137274 0.00308732 0.02247299 0.36661275 0.05225088 0.33443160 0.03864006 0.03409118 0.05875740 0.07344281 0.01855071
0.05960459 0.00195993 0.00140428 0.00273933 0.02021899 0.36679889 0.06154529 0.33693779 0.04635920 0.03348565 0.04334527 0.07520442 0.01589751
0.05360848 0.00073825 0.00092397 0.00021572 0.00037763 0.36661678 0.05044289 0.33944667 0.03267996 0.03394388 0.06857383 0.06869650 0.01582605
0.05303279 0.00072394 0.00066750 0.00013496 0.00048232 0.36658775 0.07133867 0.33836266 0.03737233 0.03288300 0.04136287 0.06674010 0.01478723
0.05453710 0.00063144 0.00091971 0.00019277 0.00035983 0.36575216 0.05027892 0.34030740 0.03293130 0.03864965 0.06517684 0.06730863 0.01654366
0.05601514 0.00162999 0.00104043 0.00038340 0.00118825 0.36697063 0.05720974 0.33913035 0.04123937 0.03560765 0.04904826 0.07127256 0.01731556
0.05759409 0.00106568 0.00056805 0.00025438 0.00075329 0.36586275 0.05650385 0.33600449 0.03821632 0.03631850 0.05256994 0.07253033 0.01626269
0.05763022 0.00064751 0.00043842 0.00046790 0.00093023 0.36680308 0.05459274 0.33404034 0.03190866 0.03568828 0.06318343 0.07096379 0.01641588
0.05622200 0.00121051 0.00063119 0.00014718 0.00056866 0.36614425 0.06673219 0.33217486 0.04251341 0.03614226 0.04020894 0.07117979 0.01481380
0.05545071 0.00211698 0.00044451 0.00018109 0.00169141 0.36585292 0.04793533 0.33276118 0.04165534 0.03671677 0.06353162 0.07371407 0.01654599
0.05525995 0.00123194 0.00060760 0.00014016 0.00074595 0.36660521 0.06308970 0.33537620 0.04275206 0.03662637 0.04298784 0.07282415 0.01564605
0.05470449 0.00058038 0.00054692 0.00016172 0.00040796 0.36658129 0.05341404 0.33673275 0.03253302 0.03727700 0.06233649 0.07064693 0.01670006
0.05370165 0.00089005 0.00055382 0.00015699 0.00053164 0.36608899 0.05526714 0.33862365 0.03889508 0.03695936 0.05587877 0.06978016 0.01617203
0.05087427 0.00110088 0.00087146 0.00014884 0.00051212 0.36682836 0.06300210 0.34094721 0.04383792 0.03715533 0.04401773 0.06687711 0.01522911
0.05943403 0.00135107 0.00102553 0.00026031 0.00139467 0.36616119 0.04789120 0.33926062 0.03641137 0.03735713 0.06597499 0.06879673 0.01651851
0.06986797 0.00244358 0.00128337 0.00068615 0.03685235 0.36627867 0.06349645 0.33864484 0.04356682 0.03795851 0.03745537 0.07033839 0.01540012
0.07129667 0.00236597 0.00102301 0.00025069 0.03151440 0.36648053 0.04222275 0.33544722 0.03294319 0.03733150 0.05897017 0.07131958 0.01608048
0.07078726 0.00115447 0.00067730 0.00031312 0.00152629 0.36576679 0.06015386 0.33274879 0.03705748 0.03803435 0.04864035 0.07254293 0.01400983
0.07965871 0.00173621 0.00107779 0.00033143 0.00103150 0.36685980 0.05156401 0.33232674 0.04261171 0.05202498 0.05233573 0.07024965 0.01407107
0.08018401 0.00171838 0.00073405 0.00018892 0.00078174 0.36574127 0.04095875 0.33230286 0.03874703 0.05253000 0.05581206 0.07112985 0.01503480
0.08062100 0.00439353 0.00043002 0.00393862 0.03268942 0.36694448 0.04632083 0.33445266 0.04465076 0.04887429 0.03729334 0.07364503 0.01153939
0.07989841 0.00374031 0.00042714 0.00329898 0.02244192 0.36589250 0.03712150 0.33696405 0.02766887 0.04847216 0.06087163 0.06941905 0.01440830
0.07261877 0.00342314 0.00045138 0.00517661 0.02712195 0.36680733 0.04357268 0.33841367 0.04177111 0.03738325 0.05316665 0.06634403 0.01491745
0.07416638 0.00242668 0.00050927 0.00452912 0.00319878 0.36598935 0.04652509 0.33978227 0.04944665 0.03721407 0.04943067 0.06756701 0.03596218
0.07382698 0.00200127 0.00180872 0.00036627 0.00157657 0.36636781 0.04770056 0.33990866 0.04339035 0.03976656 0.05393701 0.06967316 0.01272974
0.07412601 0.00112058 0.00097093 0.00022200 0.00052687 0.36607167 0.05373892 0.33758685 0.03865456 0.03834977 0.05399894 0.07126317 0.01129034
0.07363429 0.00132431 0.00065448 0.00017590 0.00076713 0.36656885 0.04998633 0.33529447 0.04228688 0.03762300 0.06026903 0.07071467 0.01264052
0.07515093 0.00120300 0.00075028 0.00018650 0.00095897 0.36650123 0.05084292 0.33338742 0.04425740 0.03740856 0.06019857 0.07072954 0.01604357
0.07105470 0.00239804 0.00065564 0.00398080 0.03442586 0.36663367 0.04415409 0.33241306 0.04550964 0.03521914 0.06150191 0.07300573 0.01447860
0.06997624 0.00393790 0.00074851 0.00189191 0.02094071 0.36681989 0.04682591 0.33391364 0.04534015 0.03659663 0.05705088 0.07366056 0.01679449
0.06842212 0.00088494 0.00076421 0.00028095 0.00047484 0.36660407 0.05544226 0.33513969 0.04036612 0.03576783 0.06229951 0.07336452 0.01397834
0.06454497 0.00631246 0.00082920 0.00571520 0.01571025 0.36677418 0.05724270 0.33742438 0.04372612 0.03711420 0.05740848 0.07065191 0.01596088
0.06798337 0.00686705 0.00150099 0.00718938 0.02920349 0.36653727 0.05152216 0.33959000 0.04189063 0.04980630 0.06239313 0.06737418 0.01481948
0.06745870 0.00272439 0.00111142 0.00115406 0.02470879 0.36666925 0.04668427 0.34031359 0.04155993 0.05216162 0.06172997 0.06683578 0.02012313
0.06784516 0.00319486 0.00102948 0.00452893 0.02757986 0.36680115 0.05697332 0.34006904 0.04272638 0.05194505 0.05587404 0.06974485 0.01367011
0.06773129 0.00121216 0.00091575 0.00272491 0.01896790 0.36669249 0.04948215 0.33879251 0.04045485 0.05022003 0.06385161 0.07157431 0.01564514
0.06730414 0.00672867 0.00121945 0.00880302 0.01420287 0.36739717 0.06060990 0.33685950 0.04304852 0.04726967 0.05532210 0.07322553 0.01378697
0.06697845 0.00300784 0.00036261 0.00492639 0.02523886 0.36772734 0.04935328 0.33382586 0.04087961 0.04599824 0.06363259 0.07054553 0.01446492
0.06697566 0.00187488 0.00024395 0.00072901 0.00170036 0.36740150 0.04825433 0.33314473 0.04348969 0.04549597 0.07148193 0.07166621 0.01522267
0.06694509 0.00127828 0.00026391 0.00054356 0.00107081 0.36766250 0.05332949 0.33442205 0.04465879 0.04571888 0.05925707 0.07338764 0.01613752
0.06646375 0.00129213 0.00026263 0.00035824 0.00078375 0.36737997 0.04545609 0.33699218 0.04434307 0.04588114 0.06807987 0.07386484 0.01193619
0.06554154 0.00109233 0.00031990 0.00044602 0.00103329 0.36742101 0.06337523 0.33844089 0.04463314 0.04727972 0.05707222 0.06947600 0.01085452
0.06462108 0.00466004 0.00037870 0.00388244 0.02142566 0.36725499 0.04282357 0.34045349 0.04558049 0.04762936 0.06853342 0.06671707 0.01406579
0.06432758 0.00430421 0.00037369 0.00700851 0.02469401 0.36698554 0.05028961 0.34146311 0.04985077 0.04817638 0.06475085 0.06779057 0.01407505
0.06431188 0.00253413 0.00049779 0.00212659 0.02255504 0.36757485 0.04805678 0.34088110 0.05118274 0.04858892 0.05972766 0.07033845 0.01406174
0.06406503 0.00349705 0.00034611 0.00295393 0.02546757 0.36673180 0.04548299 0.33886203 0.04084367 0.04742370 0.07341135 0.07199662 0.01422797
0.06397060 0.00484756 0.00031914 0.00857129 0.02291045 0.36748726 0.06186660 0.33629217 0.04773110 0.04782662 0.05567900 0.07090450 0.01098233
0.06360610 0.00136858 0.00025084 0.00103523 0.03594129 0.36732431 0.04151632 0.33431822 0.04626099 0.04698774 0.06944191 0.07207165 0.01356292
0.06339895 0.00098087 0.00023946 0.00052653 0.04010201 0.36742872 0.05577201 0.33357209 0.04601932 0.04743555 0.06060467 0.07226008 0.01230886
0.06336416 0.00091837 0.00062101 0.00012961 0.00049821 0.36716923 0.04674813 0.33486719 0.04630981 0.04773162 0.06338724 0.07324608 0.01339056
0.06457942 0.00072683 0.00083432 0.00012674 0.00039970 0.36765844 0.04846515 0.33716438 0.04154430 0.05115128 0.07106988 0.07285153 0.01320876
0.06473547 0.00145994 0.00034087 0.00091452 0.00120282 0.36712796 0.05028820 0.33940685 0.04942567 0.05332788 0.06808947 0.07011097 0.01093044
0.06508845 0.00231129 0.00044709 0.00052518 0.00149602 0.36780818 0.04107913 0.34077060 0.04524211 0.05516050 0.06765214 0.06588090 0.01446527
0.06540795 0.00151791 0.00039879 0.00022283 0.00079404 0.36710455 0.05254930 0.34123251 0.04505235 0.05724452 0.06040861 0.06705003 0.01427652
0.06603841 0.00679758 0.00036271 0.01007232 0.02041449 0.36748690 0.04693264 0.34100611 0.04471153 0.05827742 0.06220013 0.06990980 0.01342840
0.07366974 0.00169399 0.00038279 0.00097867 0.02339005 0.36686549 0.06275650 0.33897201 0.03991614 0.05839385 0.06601444 0.07191147 0.01475230
0.07413559 0.00097241 0.00041278 0.00258464 0.00050389 0.36766809 0.05231493 0.33602842 0.04619210 0.05806528 0.06313702 0.07167175 0.04388901
0.07386161 0.00175265 0.00033820 0.00424541 0.02582320 0.36733820 0.04825300 0.33431001 0.04000354 0.05602065 0.06840335 0.07038081 0.01643919
0.07285561 0.00222410 0.00028859 0.00515899 0.02832637 0.36765695 0.05466946 0.33448656 0.04225446 0.05514682 0.05486633 0.07265835 0.03279914
0.07134808 0.00080547 0.00036041 0.00256866 0.00235896 0.36707542 0.05027093 0.33544270 0.03844408 0.05420124 0.07322397 0.07415740 0.01633024
0.07074512 0.00251704 0.00035260 0.00146284 0.00164573 0.36801508 0.06021403 0.33854024 0.04354182 0.05371481 0.05947590 0.07101985 0.02265458
0.07111874 0.00372931 0.00049299 0.00080690 0.00206649 0.36683033 0.05064460 0.33969949 0.05677576 0.04878654 0.05339953 0.06810476 0.02283285
0.07102765 0.00277069 0.00048657 0.00096743 0.00389790 0.36872988 0.05959105 0.34175764 0.03874939 0.04901830 0.06653726 0.06775986 0.01461928
0.06984391 0.00094630 0.00054799 0.00023354 0.00122003 0.36700216 0.06970958 0.34198632 0.03749373 0.05014122 0.05750036 0.06760810 0.02225375
0.06887415 0.00119353 0.00056358 0.00062924 0.00126793 0.36812359 0.05593610 0.34079503 0.03612784 0.05015208 0.06974089 0.07087707 0.01533216
0.06849569 0.00168958 0.00066629 0.00018724 0.00081259 0.36772659 0.06347471 0.33854025 0.05081902 0.05029496 0.05078238 0.07047821 0.01865887
0.06813061 0.00109484 0.00050177 0.00033279 0.00057457 0.36725702 0.05291278 0.33556992 0.04210374 0.04956277 0.05834373 0.07185516 0.01649238
0.06849281 0.00057701 0.00051609 0.00016410 0.00048114 0.36894948 0.06233629 0.33442642 0.03226255 0.04919579 0.06382035 0.07114009 0.01721542
0.06791829 0.00068414 0.00040221 0.00106572 0.00245354 0.36746007 0.06418321 0.33463081 0.03400787 0.04823729 0.05864054 0.07193061 0.01626217
0.06796268 0.00206054 0.00052219 0.00394642 0.00773208 0.36845075 0.05678632 0.33641986 0.03834621 0.04856308 0.05668149 0.07253035 0.02153985
0.06725639 0.00072579 0.00094755 0.00013932 0.00045965 0.36806496 0.06353596 0.33836078 0.03440107 0.04776186 0.05070201 0.07074507 0.01598700
0.06710501 0.00062894 0.00050735 0.00018683 0.00039933 0.36810889 0.05341423 0.34017004 0.03437941 0.04889792 0.05646116 0.06650885 0.01656135
0.06721414 0.00215180 0.00037927 0.00012983 0.00096816 0.36812460 0.05720116 0.34138205 0.03267779 0.04818108 0.05879208 0.06526805 0.01624113
0.06710986 0.00132277 0.00028927 0.00016495 0.00054674 0.36862443 0.05712433 0.34146825 0.03878164 0.04943511 0.05297166 0.06796774 0.01722625
0.06629644 0.00094953 0.00029349 0.00027305 0.00045793 0.36768874 0.05759682 0.34045745 0.03590039 0.04904554 0.05866494 0.06947259 0.01539339
0.06625967 0.00072017 0.00055523 0.00033998 0.02862547 0.36936435 0.05955057 0.33765799 0.03291668 0.04989316 0.05142405 0.07196258 0.01616743
0.06711840 0.00591282 0.00043099 0.00700537 0.04077795 0.36732065 0.05072393 0.33580501 0.03979063 0.04992502 0.05326159 0.06994505 0.01650608
0.06864974 0.00241264 0.00039961 0.00362281 0.02051594 0.36918831 0.05734228 0.33488426 0.03217148 0.04994731 0.06536669 0.07281981 0.03201668
0.06813435 0.00736900 0.00057819 0.00949461 0.03842819 0.36853932 0.04838229 0.33592423 0.03764608 0.05012575 0.05173132 0.07354893 0.03253424
0.06818469 0.00825588 0.00042540 0.00877617 0.03585376 0.36836372 0.05413327 0.33767554 0.03616352 0.04960608 0.05327338 0.07222079 0.03405035
0.06773448 0.00347058 0.00045447 0.00336333 0.02453599 0.36932412 0.05006210 0.33971520 0.04452089 0.04916395 0.05472121 0.06992945 0.03942430
0.06761452 0.00150769 0.00039273 0.00159289 0.00114610 0.36776486 0.05567739 0.34147096 0.03712864 0.04893082 0.05640432 0.06707917 0.01825635
0.06724366 0.00087529 0.00049943 0.00130614 0.00164284 0.36957674 0.06865106 0.34268943 0.03173902 0.04853975 0.05618847 0.06648376 0.02808675
0.06648413 0.00111061 0.00045696 0.00117967 0.00076726 0.36862132 0.06458533 0.34288880 0.03904576 0.04859689 0.05320687 0.06847987 0.01697318
0.06645636 0.00139419 0.00052777 0.00059914 0.00079040 0.36850199 0.05941628 0.34026767 0.03662596 0.04907375 0.05491216 0.07001276 0.02070848
0.06635363 0.00090510 0.00038204 0.00051298 0.00087204 0.36973304 0.05539661 0.33859082 0.03367430 0.04897148 0.05596201 0.07009993 0.01881440
0.06645789 0.00302427 0.00033610 0.00427574 0.03329252 0.36877559 0.04956990 0.33565611 0.03630036 0.05008867 0.05216703 0.06963090 0.01723542
0.06605705 0.00303688 0.00048958 0.00153363 0.02171623 0.36905751 0.05550671 0.33467393 0.03204783 0.04938340 0.05455405 0.07080907 0.02022718
0.06524394 0.00113441 0.00049092 0.00263555 0.00215174 0.36998316 0.05545578 0.33614894 0.03734614 0.05050552 0.05080396 0.07172544 0.02734936
0.06443782 0.00107206 0.00046414 0.00222460 0.00244621 0.36826816 0.05864117 0.33780390 0.03248166 0.04950551 0.05651338 0.07214451 0.03661053
0.06391669 0.00197172 0.00041606 0.00255280 0.00374753 0.37048447 0.05837023 0.34022041 0.03556638 0.04995411 0.05350746 0.06879584 0.01465252
0.06431831 0.00098357 0.00035227 0.00112748 0.00156821 0.36858022 0.05867082 0.34200930 0.03531816 0.04923292 0.05354870 0.06557650 0.03218578
0.06421309 0.00052390 0.00080908 0.00200615 0.00176030 0.36947919 0.06215061 0.34267132 0.02838692 0.05283472 0.05261662 0.06542148 0.01484899
0.06353227 0.00075401 0.00043772 0.00038379 0.00048058 0.36958890 0.05736717 0.34241145 0.03385710 0.05431094 0.04690069 0.06865906 0.02421743
0.06354632 0.00427435 0.00032859 0.00417421 0.03629147 0.36902090 0.06009113 0.34103017 0.03045355 0.05609393 0.05309161 0.07050346 0.01587436
0.06317771 0.00101797 0.00035686 0.00034460 0.00071496 0.37018698 0.06094797 0.33799575 0.03187230 0.05730001 0.05273690 0.06964862 0.01964017
0.06299285 0.00152293 0.00035257 0.00025986 0.00086670 0.36942988 0.06137327 0.33595310 0.03543451 0.05885464 0.04738553 0.06970394 0.01972692
0.06237102 0.00115293 0.00034270 0.00032828 0.00072599 0.36946206 0.06136657 0.33533233 0.02969181 0.05881762 0.05467701 0.07054311 0.01819433
0.06224350 0.00251417 0.00048020 0.00019460 0.00112741 0.36966332 0.06082968 0.33656990 0.03822555 0.06112136 0.04603543 0.07321877 0.01933725
0.07301306 0.00185963 0.00030047 0.00116097 0.00177629 0.36885548 0.06231030 0.33902939 0.03633786 0.06152976 0.05701266 0.07046835 0.01750132
0.07163371 0.00121809 0.00031795 0.00022776 0.00078039 0.36920642 0.06285910 0.34122532 0.03367688 0.06156769 0.05609061 0.06842198 0.02064087
0.07142242 0.00085208 0.00265097 0.00042536 0.00102344 0.36990871 0.07133882 0.34278932 0.03219496 0.06228260 0.06231898 0.06549260 0.01542929
0.07173467 0.00093793 0.00045695 0.00020851 0.04467540 0.36818803 0.05781260 0.34323090 0.02985627 0.06196959 0.06302518 0.06557051 0.01703907
0.07219508 0.00347652 0.00043311 0.00194290 0.02386939 0.37089578 0.06069997 0.34279759 0.04191805 0.06261340 0.04393543 0.06927457 0.01958959
0.07252142 0.00316443 0.00033732 0.00509718 0.02702986 0.36820914 0.05589994 0.34031812 0.03191927 0.06217437 0.06029278 0.06997762 0.01856667
0.07198548 0.00148580 0.00029648 0.00290273 0.02136571 0.37054535 0.06185054 0.33814820 0.03435188 0.06198036 0.05349488 0.07081326 0.01829047
0.07199615 0.00169409 0.00034038 0.00018075 0.00072358 0.36933440 0.06581158 0.33588388 0.03337706 0.06340462 0.05739973 0.06964010 0.01865924
0.07171697 0.00106346 0.00028505 0.00024145 0.00044482 0.36963596 0.06502206 0.33592112 0.03316285 0.06300602 0.05889782 0.07107715 0.01768221
0.07271079 0.00129247 0.00042593 0.00097699 0.00155529 0.36950685 0.07251506 0.33783718 0.03970211 0.06475932 0.04883908 0.07298168 0.01743335
0.07267074 0.00312614 0.00040429 0.00037974 0.00184802 0.36953477 0.05709458 0.33985814 0.04873074 0.06526208 0.06070143 0.07181700 0.01888314
0.07208228 0.00191038 0.00050609 0.00032558 0.00143430 0.36924877 0.06662566 0.34193622 0.04172604 0.06579651 0.05393365 0.06731233 0.01901202
0.07163774 0.00073312 0.00053544 0.00024452 0.00061227 0.36992594 0.07331542 0.34341264 0.03060501 0.06700348 0.06153795 0.06604294 0.01922521
0.07082875 0.00103957 0.00046097 0.00146933 0.00087544 0.36907952 0.06399577 0.34352725 0.03143841 0.06666676 0.06005368 0.06693636 0.04427809
0.06929692 0.00594584 0.00089479 0.00568035 0.02954146 0.36982798 0.06139611 0.34295715 0.03765489 0.06776539 0.04818549 0.06946200 0.01808963
0.07545106 0.00089075 0.00132312 0.00018515 0.00045135 0.36938059 0.05801025 0.33990747 0.03096809 0.07632317 0.05604710 0.06927550 0.01845225
0.07733743 0.00778990 0.00087505 0.00612036 0.01517242 0.36867009 0.06459462 0.33770026 0.03037616 0.07580134 0.05369016 0.06969208 0.01862448
0.07794947 0.00063415 0.00064693 0.00017246 0.00039655 0.37084777 0.06866316 0.33657241 0.02681360 0.07574996 0.05998469 0.07062513 0.01903457
0.07564399 0.00723139 0.00078868 0.00908741 0.01854589 0.36751870 0.06657446 0.33589037 0.03330128 0.07408677 0.04755497 0.07126355 0.01774333
0.07249811 0.00207112 0.00082796 0.00311141 0.02665659 0.37061894 0.06268649 0.33767221 0.02397413 0.07491999 0.05419594 0.07329281 0.02264908
0.07000976 0.00133020 0.00104304 0.00219124 0.02117212 0.36760707 0.07239865 0.33965028 0.02508125 0.07411275 0.06007603 0.07267766 0.02066515
0.06912249 0.00165191 0.00127576 0.00207010 0.00315702 0.37009417 0.06954972 0.34181140 0.04743685 0.07445596 0.04816142 0.06792217 0.01680688
0.06702895 0.01008791 0.00137141 0.00925971 0.02232210 0.36785259 0.05946909 0.34294166 0.02746770 0.07585203 0.05303038 0.06765243 0.01961818
0.06600419 0.00205876 0.00169710 0.00073965 0.02672930 0.37004385 0.07157276 0.34379091 0.02699195 0.07563903 0.03821214 0.06783795 0.01924327
0.06409770 0.00318457 0.00137562 0.00473713 0.02959382 0.36788683 0.05700745 0.34137748 0.01815653 0.07885906 0.06449180 0.07005665 0.02001659
0.06639119 0.00523554 0.00093696 0.00503861 0.02959666 0.36996965 0.06475853 0.34030872 0.03268922 0.07840759 0.04229722 0.07097540 0.01935276
0.06754010 0.00199401 0.00075286 0.00346396 0.01860787 0.36839932 0.06343580 0.33712234 0.02728369 0.07779811 0.06188177 0.06911957 0.01766264
0.06706340 0.00195967 0.00062615 0.00291933 0.01814280 0.36993946 0.06303958 0.33619247 0.02530445 0.07723282 0.05053899 0.07107585 0.02231130
0.06542965 0.00106218 0.00099321 0.00057849 0.00131652 0.36847597 0.07303446 0.33530616 0.02955021 0.07564035 0.04132371 0.07163113 0.01681387
0.06964692 0.00067442 0.00172494 0.00021234 0.00040520 0.36920793 0.05751014 0.33772067 0.02588174 0.07659844 0.06154873 0.07365818 0.01960698
0.07247009 0.00089119 0.00113841 0.00021654 0.00074733 0.36879001 0.07121477 0.33944537 0.03370263 0.07551544 0.03971418 0.06971806 0.01742299
0.07379521 0.00740955 0.00076890 0.00492429 0.03073677 0.36753354 0.05609899 0.34099504 0.03304025 0.07459115 0.06522093 0.06739178 0.01859261
0.07400932 0.00337060 0.00064522 0.00061414 0.02720210 0.36916298 0.06122073 0.34307291 0.04106805 0.07525472 0.04671275 0.06597560 0.01925191
0.07285673 0.00421612 0.00060625 0.00588241 0.02323061 0.36713432 0.06642184 0.34242998 0.02942402 0.07460574 0.05346494 0.06873147 0.01698308
0.07187188 0.00249344 0.00065989 0.00305601 0.02683706 0.36953689 0.05479904 0.34211654 0.02580601 0.07597804 0.06045875 0.07012369 0.01858973
0.06731151 0.00773042 0.00159173 0.01105109 0.01291401 0.36794495 0.07051667 0.33868982 0.03991842 0.07801500 0.03702716 0.06966620 0.01618151
0.06685713 0.00613516 0.00089015 0.00725543 0.02261556 0.36911640 0.05416495 0.33639581 0.03157972 0.07754263 0.06556834 0.07060675 0.01783701
0.06433137 0.00137885 0.00084704 0.00758244 0.02105042 0.36822941 0.06259313 0.33572073 0.03680786 0.07728517 0.04289920 0.07042284 0.03276541
0.05971546 0.00155850 0.00044083 0.00274332 0.00291401 0.36945672 0.05972040 0.33622789 0.02743206 0.07486969 0.06410245 0.07288933 0.02262496
0.06097263 0.00139607 0.00122431 0.00196965 0.00280923 0.36862857 0.05290671 0.33704350 0.03480656 0.07602207 0.04731305 0.07097552 0.02945816
0.06594427 0.00137088 0.00066172 0.00071894 0.00202578 0.36910436 0.06010150 0.33971890 0.03806335 0.07481485 0.04766164 0.06946988 0.01686579
0.06633315 0.00199898 0.00051970 0.00093073 0.00066866 0.36906830 0.05541333 0.34179380 0.03326321 0.07586445 0.06013726 0.06496659 0.01603153
0.06560742 0.00268668 0.00065765 0.00199255 0.02139559 0.36908967 0.06097079 0.34318072 0.04628046 0.07673058 0.04573531 0.06561589 0.01599130
0.06317328 0.00336797 0.00084084 0.00524821 0.02582892 0.36891022 0.05683333 0.34302888 0.03393186 0.07692376 0.06010033 0.07027555 0.01703003
0.06100964 0.00307021 0.00101656 0.00238687 0.02307414 0.36848091 0.05893394 0.34163500 0.03734612 0.07895491 0.05296169 0.07021717 0.01899326
0.06056003 0.00589950 0.00101182 0.00666855 0.03512169 0.36916482 0.06050031 0.33872738 0.03244669 0.07851877 0.05535043 0.07216083 0.01638385
0.05811870 0.00328578 0.00089443 0.00360514 0.05233347 0.36795592 0.06761742 0.33665659 0.03553767 0.07978898 0.05596348 0.07065467 0.01933242
0.05476618 0.00132942 0.00117303 0.00026586 0.00072765 0.36923946 0.06948585 0.33612350 0.03719639 0.07965208 0.05170645 0.07333613 0.01743314
0.05141779 0.00146983 0.00137875 0.00024267 0.00079763 0.36845469 0.06965932 0.33696569 0.03179806 0.07917130 0.06249824 0.07265984 0.01882979
0.04886921 0.00457881 0.00134665 0.00337854 0.01956176 0.36916823 0.06775862 0.33856865 0.03419720 0.07941681 0.04533068 0.07212180 0.02058491
0.04948515 0.01119994 0.00112738 0.00991499 0.03246105 0.36865096 0.05819355 0.34080351 0.02585423 0.07801245 0.05142933 0.06828613 0.01760635
0.05066566 0.00279794 0.00076076 0.00167686 0.02325144 0.36955600 0.06018226 0.34240764 0.02799536 0.07770326 0.04660886 0.06486830 0.01835897
0.05210107 0.00206377 0.00051533 0.00041603 0.00055379 0.36831415 0.06281285 0.34265321 0.03034865 0.07739803 0.04375543 0.06531513 0.01698252
0.05229839 0.00075204 0.00088392 0.00015310 0.00044720 0.36916566 0.05379351 0.34233058 0.02707896 0.08279676 0.05005490 0.06689130 0.01680723
0.05090557 0.00076496 0.00063751 0.00015789 0.00052500 0.36853929 0.05974486 0.34027668 0.02919535 0.08462098 0.04236194 0.06782320 0.01610949
0.05057371 0.00055732 0.00074690 0.00016376 0.00039046 0.36901857 0.05647269 0.33794159 0.02524389 0.08334692 0.05263124 0.06941951 0.01632082
0.04978150 0.00076532 0.00054952 0.00015616 0.00050317 0.36975701 0.05990839 0.33574651 0.02946045 0.08419367 0.04338866 0.06856692 0.01626897
0.04925241 0.00487569 0.00050617 0.00423941 0.03008745 0.36875064 0.05764466 0.33519746 0.02210674 0.08391016 0.03840462 0.06956403 0.01621883
0.04857303 0.00270341 0.00051012 0.00335619 0.02221016 0.37011328 0.05614587 0.33654313 0.02078043 0.08311308 0.04420781 0.07160350 0.01680366
0.04776858 0.00633573 0.00056632 0.00675899 0.01866625 0.36854137 0.05879105 0.33887929 0.02267578 0.08389061 0.03805928 0.07024283 0.01710181
0.04800055 0.00194706 0.00050220 0.00025105 0.00139464 0.37018597 0.05900383 0.34106870 0.02195350 0.08256329 0.04674110 0.06625074 0.01693548
0.04717931 0.00075504 0.00052119 0.00043219 0.00173243 0.36868211 0.06175058 0.34254357 0.02203168 0.08302146 0.04568171 0.06393877 0.01651478
0.04670886 0.00334742 0.00051679 0.00061018 0.00416968 0.37024684 0.06057733 0.34412657 0.02505179 0.07785168 0.04805339 0.06557059 0.01853349
0.05312179 0.00125725 0.00128147 0.00175227 0.00163318 0.36961209 0.06126019 0.34315374 0.02308460 0.07729818 0.04774624 0.07415735 0.01737091
0.05110503 0.00125940 0.00127188 0.00017202 0.00051808 0.36926376 0.05889064 0.34036546 0.03029357 0.07781666 0.04336072 0.06969290 0.02078431
0.05242404 0.00161208 0.00082978 0.00039830 0.00189768 0.36982026 0.06346136 0.33785727 0.02840247 0.07686379 0.04429062 0.06958181 0.01734477
0.05299403 0.00071218 0.00052429 0.00021393 0.00055858 0.36944026 0.06387556 0.33571386 0.02239918 0.07713667 0.05236314 0.06949684 0.01858943
0.05424299 0.00086396 0.00042283 0.00019888 0.00080061 0.36970964 0.06769990 0.33581367 0.02642121 0.07726092 0.04488926 0.07089890 0.01769004
0.05430636 0.00088021 0.00055814 0.00020266 0.00063666 0.36957866 0.06229832 0.33748322 0.02610825 0.07684394 0.04689196 0.07108101 0.01799972
0.05377858 0.00074794 0.00040970 0.00016797 0.00045998 0.36946326 0.06065395 0.33938381 0.02525129 0.07777094 0.04393648 0.06902012 0.01862766
0.05382932 0.00072751 0.00060898 0.00018538 0.00058286 0.36909636 0.06462224 0.34167981 0.02461644 0.07708620 0.04206402 0.06644218 0.01769734
0.05279971 0.00060289 0.00048700 0.00017112 0.00045060 0.36946989 0.06244941 0.34270132 0.02236622 0.07770250 0.05215999 0.06446267 0.01842883
0.05222771 0.00083329 0.00044253 0.00018163 0.00058157 0.36866735 0.06722088 0.34297709 0.02873745 0.07800929 0.04484089 0.06618843 0.01765103
0.05096052 0.00066334 0.00045887 0.00017354 0.00048218 0.36993961 0.06333844 0.34226050 0.02374599 0.07726942 0.04939733 0.06816625 0.01845617
0.05065694 0.00059246 0.00054098 0.00017870 0.00043794 0.36880046 0.06300647 0.33989620 0.02334181 0.07854411 0.04590746 0.07288487 0.01812477
0.05069087 0.00057447 0.00056253 0.00016971 0.00046790 0.36981676 0.06490725 0.33707931 0.02409591 0.07718349 0.04083034 0.06916657 0.01809166
0.05029543 0.00056635 0.00063041 0.00018003 0.00041831 0.36951094 0.06190662 0.33565430 0.02165321 0.07013578 0.05007822 0.06927727 0.01830851
0.05088941 0.00068133 0.00046306 0.00017622 0.00049919 0.36980692 0.06689368 0.33580777 0.02689414 0.06994752 0.04280109 0.07055257 0.01795392
0.04981236 0.00060675 0.00044441 0.00017793 0.00047103 0.36989124 0.06370935 0.33806939 0.02234432 0.06880706 0.05136578 0.07165847 0.01858991
0.04990763 0.00059287 0.00040515 0.00018034 0.00044310 0.36957346 0.06465557 0.33988443 0.02368335 0.06944315 0.04678211 0.06803889 0.01828851
0.04959685 0.00056473 0.00075988 0.00016086 0.00045211 0.36940654 0.06354793 0.34136448 0.02381819 0.06834262 0.03731510 0.06479300 0.01725093
0.04908127 0.00048315 0.00069876 0.00017783 0.00035964 0.37053225 0.05700964 0.34298826 0.01912417 0.06890690 0.04862335 0.06386196 0.01767614
0.05121161 0.00059324 0.00279401 0.00016241 0.00046130 0.36862462 0.06544433 0.34269841 0.02505837 0.06590039 0.03491621 0.06700310 0.01717756
0.05071584 0.00056432 0.00124940 0.00017468 0.00043932 0.37117142 0.05885343 0.34152668 0.02022696 0.06409888 0.05054721 0.07133517 0.01805706
0.05134799 0.00058911 0.00075786 0.00017200 0.00043311 0.36896247 0.06327373 0.33831070 0.02343769 0.06164812 0.04401482 0.06863035 0.01749295
0.05160177 0.00056575 0.00109738 0.00016579 0.00045792 0.36991109 0.06346120 0.33538851 0.02316916 0.06058163 0.04107992 0.06874752 0.01752825
0.05123568 0.00044418 0.00052012 0.00017850 0.00034525 0.36934071 0.05852033 0.33448529 0.01868589 0.05829524 0.04870945 0.06944588 0.01771609
0.05118474 0.00052448 0.00106514 0.00015301 0.00040981 0.36900478 0.05951379 0.33492562 0.02368617 0.06675899 0.03221232 0.06988203 0.01610966
0.05014516 0.00050393 0.00074670 0.00016203 0.00039155 0.36930733 0.05491557 0.33677099 0.01830320 0.06617140 0.04674660 0.06963952 0.01674323
0.04933537 0.00126325 0.00066095 0.00019620 0.00075484 0.36858947 0.06016668 0.33863924 0.02776328 0.06877591 0.03076601 0.06787799 0.01599519
0.04798928 0.00061851 0.00085730 0.00070353 0.00200094 0.36932163 0.05407641 0.34185589 0.01900718 0.06861853 0.05712081 0.06375503 0.01830144
0.04833178 0.00187672 0.00075319 0.00126062 0.02345541 0.36943684 0.05929544 0.34236966 0.02539404 0.06994199 0.03707285 0.06583186 0.01864243
0.06749877 0.00845010 0.00084869 0.01190399 0.04830720 0.36923240 0.06042160 0.34327142 0.02601216 0.07044407 0.04071562 0.06787729 0.01716052
0.06673439 0.00836507 0.00083980 0.00859582 0.05136783 0.36938922 0.06427180 0.34273286 0.02210574 0.06944523 0.04221536 0.07120320 0.02434089
0.06229730 0.00520299 0.00067210 0.00570758 0.03813719 0.36970025 0.06926817 0.33891423 0.03289035 0.07005348 0.03588754 0.07155084 0.04283258
0.06563185 0.00426087 0.00059337 0.00552185 0.04525239 0.36882152 0.05588012 0.33713082 0.04332146 0.06876804 0.05451979 0.06939186 0.01855804
0.06494569 0.00337518 0.00049262 0.00201549 0.03409487 0.37056057 0.05586054 0.33605779 0.03401662 0.06866119 0.06003237 0.07068696 0.02290519
0.06423588 0.00147036 0.00075041 0.00049738 0.00120864 0.36858521 0.07334751 0.33651094 0.03168004 0.06760434 0.05370909 0.07269202 0.01927409
0.06440961 0.00155268 0.00050875 0.00027747 0.00074192 0.37081202 0.06533574 0.33972352 0.03762319 0.06753248 0.05308845 0.07176299 0.01745030
0.05882579 0.00260709 0.00051138 0.00016772 0.00148887 0.36986169 0.06565533 0.34096254 0.03992197 0.06702015 0.03478177 0.06739322 0.01614503
0.05226129 0.00193418 0.00045411 0.00063807 0.00127305 0.36997761 0.05509742 0.34254663 0.03239166 0.06797648 0.04848643 0.06384982 0.02079722
0.05637180 0.00230136 0.00046193 0.00027020 0.00191389 0.37006537 0.06603944 0.34415724 0.03824527 0.06710573 0.04597895 0.06428337 0.01712422
0.05689314 0.00266521 0.00045239 0.00036302 0.00373293 0.36957320 0.06618396 0.34334351 0.03368141 0.06916250 0.05221548 0.06871745 0.01679623
0.05461547 0.00198770 0.00395032 0.00032609 0.00236969 0.36950883 0.05800301 0.34148401 0.03571692 0.06787383 0.05283057 0.07496673 0.01958024
0.06108656 0.00181709 0.00377968 0.00024621 0.00151059 0.36958347 0.06321636 0.33888473 0.03893971 0.06999757 0.04146085 0.07682667 0.01714641
0.06601436 0.00136097 0.00122471 0.00022434 0.00068075 0.36861989 0.05416515 0.33538801 0.03050750 0.07939893 0.05535267 0.07049731 0.01970700
0.06946566 0.00146077 0.00083193 0.00031178 0.00209673 0.36975840 0.06985756 0.33598686 0.03619624 0.07891685 0.03831512 0.07058943 0.01698386
0.06937880 0.00079278 0.00060259 0.00052786 0.00130572 0.36861847 0.06003439 0.33678210 0.02465238 0.07795065 0.06210908 0.07181808 0.01804126
0.06740225 0.00099223 0.00054953 0.00018585 0.00071668 0.36943912 0.06386764 0.33890053 0.03260213 0.07642380 0.04944556 0.07130462 0.01825318
0.06688010 0.00143032 0.00050839 0.00029677 0.00114492 0.36920679 0.06466648 0.34117307 0.03709956 0.07647884 0.04694326 0.06834940 0.01715143
0.06629296 0.00077363 0.00050712 0.00016944 0.00041973 0.36894515 0.05738865 0.34286748 0.02938205 0.07528625 0.05836294 0.06449297 0.01883966
0.06615441 0.00078291 0.00056296 0.00018926 0.00064312 0.36919302 0.06949940 0.34269717 0.03306543 0.07551844 0.03889755 0.06703947 0.01701494
0.06530500 0.00065743 0.00381347 0.00017591 0.00044852 0.36832200 0.05745291 0.34313384 0.02564159 0.07692543 0.06211980 0.07013883 0.01838563
0.06469072 0.00104147 0.00129882 0.00017190 0.00063089 0.36839374 0.06727628 0.33960555 0.03698350 0.06932441 0.04566198 0.06965737 0.01688585
0.06465695 0.00208631 0.00064688 0.00211428 0.03924521 0.36901353 0.06295552 0.33759152 0.03218527 0.06932802 0.05430710 0.07294929 0.01772926
0.06386049 0.00280388 0.00105334 0.00188021 0.02310780 0.36904226 0.06087296 0.33621592 0.02843976 0.07037237 0.05662138 0.06911374 0.01954322
0.07026310 0.00201091 0.00076563 0.00424437 0.02399433 0.36941230 0.06713637 0.33572564 0.03394241 0.07104202 0.04179904 0.07155934 0.01756450
0.07077644 0.00568405 0.00078422 0.00615161 0.02677117 0.37009126 0.06598720 0.33844792 0.02790309 0.07229414 0.06082329 0.07331044 0.01795931
0.06979553 0.00194375 0.00066813 0.00160004 0.01683040 0.36928410 0.07174416 0.33999812 0.03658931 0.07138036 0.04565755 0.07065241 0.01947575
0.07480543 0.00430321 0.00121783 0.00386492 0.02248756 0.37008536 0.07070986 0.34256484 0.03137954 0.07211727 0.05866983 0.06754976 0.01745868
0.07388096 0.00104644 0.00063680 0.00016093 0.00057950 0.36941586 0.06340808 0.34312803 0.03149755 0.07062086 0.05561742 0.06535473 0.01999666
0.07333254 0.00112005 0.00067344 0.00021477 0.00066418 0.36948836 0.06524796 0.34416245 0.03444276 0.07028598 0.05041743 0.06691827 0.01823370
0.07680072 0.00196804 0.00076810 0.00033155 0.00179822 0.36984128 0.06415795 0.34292320 0.04190181 0.06959286 0.05922825 0.06980360 0.01989124
0.07109245 0.00087964 0.00133428 0.00025210 0.00056779 0.36925164 0.06958109 0.34147733 0.03499858 0.07387348 0.05498657 0.06994640 0.01979433
0.07108430 0.00075143 0.00085687 0.00041061 0.00277926 0.37047902 0.07194898 0.33868708 0.02980734 0.05625616 0.07252672 0.07039824 0.01831066
0.06983116 0.00093272 0.00077068 0.00051800 0.00096351 0.36933662 0.07006893 0.33617720 0.03752908 0.05596576 0.05503215 0.07067774 0.02031372
0.06986154 0.00135071 0.00079783 0.00032636 0.00103910 0.37099520 0.06839845 0.33770744 0.03742924 0.04505649 0.05904387 0.07211325 0.01890429
0.06682075 0.00095888 0.00037455 0.00026769 0.00067806 0.36963997 0.06804873 0.33807903 0.03587376 0.04580059 0.05923855 0.07424584 0.01970418
0.07052162 0.00077382 0.00206807 0.00019834 0.00050614 0.36986164 0.07091519 0.34057589 0.03500671 0.04743759 0.06098945 0.07149083 0.01919789
0.07065959 0.00082413 0.00104474 0.00020617 0.00058951 0.37016026 0.06943477 0.34205974 0.03337023 0.04845171 0.06708918 0.07107413 0.01923346
0.07062270 0.00158607 0.00068102 0.00080738 0.00089280 0.36897812 0.07061946 0.34305563 0.04310032 0.04927367 0.05905982 0.06587381 0.02069095
0.07102949 0.00080524 0.00052353 0.00045583 0.00115546 0.36993594 0.07276787 0.34420658 0.03405691 0.04935606 0.06509006 0.06794612 0.01935598
0.07100737 0.00211128 0.00056741 0.00065317 0.00199382 0.36872487 0.07403672 0.34279576 0.04568984 0.05039510 0.05765052 0.07274368 0.01978677
0.07066069 0.00125512 0.00056134 0.00022455 0.00114708 0.37003910 0.06998744 0.34068498 0.03843362 0.04990824 0.06950888 0.07217789 0.02164654
0.07016543 0.00111765 0.00154080 0.00036232 0.00098699 0.36929911 0.07455848 0.33790855 0.04163839 0.05078421 0.05447001 0.07149759 0.01909449
0.06919166 0.00087386 0.00219527 0.00019117 0.00054082 0.36964653 0.06760914 0.33624660 0.03598843 0.05172807 0.06525905 0.07352044 0.01999623
0.06884799 0.00076484 0.00127232 0.00019299 0.00055682 0.36900091 0.07193223 0.33637877 0.03425439 0.05063219 0.06175313 0.07303661 0.01905557
0.07857118 0.00081900 0.00083712 0.00018151 0.00054363 0.37031523 0.07171721 0.33933366 0.03692580 0.05045963 0.05579773 0.07253836 0.01947340
0.08458972 0.00075396 0.00076344 0.00020153 0.00048524 0.36902504 0.06759077 0.34045038 0.03332640 0.05010419 0.06566664 0.07030628 0.01948440
0.09038714 0.00081755 0.00088587 0.00017792 0.00057131 0.37085528 0.07355404 0.34291512 0.03667521 0.04983100 0.05174016 0.06736361 0.01912669
0.08992585 0.00274993 0.00081445 0.00154583 0.02562886 0.36852041 0.06687041 0.34366464 0.03352698 0.04969156 0.06632335 0.06721594 0.02174418
0.09496964 0.00081431 0.00089033 0.00019220 0.04137592 0.36989240 0.07258572 0.34343277 0.03558570 0.04959417 0.05765094 0.07053650 0.01927327
0.09368913 0.00287235 0.00069144 0.00143391 0.02441892 0.36964284 0.07102492 0.34296559 0.03595150 0.04981380 0.05941389 0.07158769 0.02146686
0.09294050 0.00335956 0.00067920 0.00373016 0.01804394 0.36948440 0.06940438 0.33983710 0.03321620 0.04990761 0.06590983 0.07436077 0.02049502
0.09620861 0.00778705 0.00137390 0.01241694 0.03544281 0.37052797 0.07665925 0.33825955 0.03653422 0.03619516 0.05564057 0.07258730 0.01947822
0.09483097 0.00750636 0.00079026 0.00926938 0.03220688 0.36915930 0.06843524 0.33774018 0.03609827 0.03639832 0.06694476 0.07256052 0.02171827
0.09352781 0.00559714 0.00084950 0.00433847 0.03037861 0.37019886 0.07409885 0.33878584 0.05790180 0.03647165 0.05499530 0.07503575 0.01953315
0.09291323 0.00499764 0.00075830 0.00249935 0.02520489 0.36921862 0.07097764 0.34100117 0.06070652 0.03672471 0.06347834 0.07559914 0.02388207
0.09223740 0.00285427 0.00064658 0.00118347 0.02921366 0.37034762 0.07666637 0.34337713 0.03793646 0.03697423 0.07492081 0.07182557 0.02444952
0.08908039 0.00796156 0.00061276 0.00548915 0.01466479 0.36864235 0.08097518 0.34388454 0.04483230 0.03735977 0.07245525 0.06904846 0.02291056
0.08800456 0.01335420 0.00069709 0.01333509 0.01371801 0.37068135 0.06889641 0.34493114 0.04620565 0.03808999 0.07525380 0.06890727 0.02122607
0.09438350 0.00287737 0.00080554 0.00323934 0.01638236 0.36867739 0.07759227 0.34458344 0.04639878 0.03788257 0.06415104 0.07182123 0.02108615
0.09266688 0.00320004 0.00065242 0.00072788 0.00325929 0.37092160 0.07355711 0.34257326 0.04321812 0.03770446 0.07915515 0.07523996 0.02038689
0.09112470 0.00346570 0.00082163 0.00039074 0.00369897 0.36909291 0.07239793 0.34015473 0.05252124 0.03765874 0.07494752 0.07238681 0.02056169
0.08826695 0.00173039 0.00078274 0.00026094 0.00115919 0.37022129 0.07477526 0.33795805 0.05022126 0.03734135 0.06760148 0.07300811 0.02003226
0.08820393 0.00085013 0.00115510 0.00031099 0.00054578 0.36914786 0.06618331 0.33747369 0.03802508 0.05631751 0.08076481 0.07299993 0.01964897
0.08596000 0.00496132 0.00103216 0.00457519 0.02053747 0.36962828 0.07568846 0.33995652 0.04292020 0.05495565 0.06007660 0.07444340 0.02190221
0.08842405 0.00153147 0.00101215 0.00230409 0.03317676 0.36901622 0.06064976 0.34063304 0.04548167 0.05235173 0.06821570 0.07435240 0.03221436
0.08721546 0.00712881 0.00089213 0.00501807 0.01706002 0.36917653 0.06667558 0.34270919 0.04317748 0.05037443 0.06619811 0.07085179 0.03537989
0.09137692 0.00753159 0.00095686 0.00854981 0.03817946 0.36882290 0.06101433 0.34410529 0.04726427 0.04835212 0.06338761 0.06697653 0.02668604
0.09659730 0.00341463 0.00236895 0.00201640 0.04672912 0.36970271 0.06004698 0.34430752 0.04646658 0.04840199 0.07189527 0.06958266 0.02233965
0.09206192 0.00336180 0.00173602 0.00698499 0.04666678 0.36874673 0.06533205 0.34356088 0.04651123 0.04880875 0.05672666 0.07745158 0.01698090
0.09510968 0.00104568 0.00168019 0.00295754 0.01689137 0.36942143 0.05656515 0.34195567 0.04651787 0.04898316 0.07251177 0.07395582 0.01882327
0.10431498 0.00211111 0.00117301 0.00191845 0.01607847 0.36857843 0.06536366 0.33779180 0.04651727 0.05027806 0.06350894 0.07375774 0.01782569
0.10327393 0.00334624 0.00135030 0.00475718 0.03285296 0.36924309 0.06056380 0.33689680 0.04411401 0.05159596 0.06768562 0.07310402 0.01805820
0.10468928 0.00083231 0.00420081 0.00057313 0.00089706 0.36894326 0.06635944 0.33662578 0.04095084 0.05326296 0.06820932 0.07921432 0.01643205
0.10636036 0.00170538 0.00130567 0.00070658 0.00152883 0.36812065 0.06619087 0.33740693 0.04366235 0.05534001 0.07066730 0.07500559 0.01923334
0.10672791 0.00111917 0.00124897 0.00054514 0.00127786 0.36913143 0.06288287 0.34040686 0.04446569 0.05608508 0.07461394 0.07381129 0.01739191
0.10620125 0.00115447 0.00133915 0.00018310 0.00074223 0.36713745 0.06909969 0.34136639 0.04708236 0.06026271 0.06395366 0.06866250 0.01728282
0.10551229 0.00128046 0.00128589 0.00028766 0.00110018 0.36871894 0.05935345 0.34276442 0.04345664 0.06112070 0.07527774 0.06676293 0.01746487
0.10282118 0.00108315 0.00127370 0.00017723 0.00058297 0.36730503 0.06966393 0.34401010 0.04804383 0.06161448 0.06286682 0.06891353 0.01655742
0.10194442 0.00069897 0.00113130 0.00068481 0.00052966 0.36861189 0.06246086 0.34283562 0.04375107 0.06162668 0.07599890 0.07301423 0.01815991
0.10072461 0.00159616 0.00218130 0.00079644 0.00115563 0.36782569 0.06462028 0.34049685 0.05190030 0.07129163 0.06875123 0.07229571 0.01701674
0.09839849 0.00651804 0.00092609 0.00994206 0.03762424 0.36881391 0.06705774 0.33892861 0.04288976 0.07157261 0.06510080 0.07231692 0.01698312
0.09691393 0.00314690 0.00085682 0.00099936 0.00398840 0.36822718 0.06026842 0.33704926 0.04387066 0.07055218 0.08299076 0.07386499 0.01714640
0.09667959 0.00286055 0.00096760 0.00180616 0.00112414 0.36910106 0.06968954 0.33780923 0.06086564 0.07210923 0.05617462 0.07341981 0.01675736
0.09539595 0.01121372 0.00084016 0.01039416 0.02047242 0.36801803 0.05918389 0.33932428 0.05106313 0.07242548 0.07816330 0.07528684 0.01779620
0.09575218 0.00279434 0.00070364 0.00072407 0.02649642 0.36879025 0.06959927 0.34161985 0.04843146 0.07355004 0.06793060 0.07266519 0.01947611
0.09539362 0.00767308 0.00056400 0.00703086 0.02233726 0.36833630 0.07029656 0.34382689 0.04392503 0.07452128 0.07456887 0.06997917 0.03416204
0.09533317 0.00320633 0.00065894 0.00322474 0.00350948 0.36887061 0.05554274 0.34444920 0.05082901 0.07536776 0.08182749 0.06734624 0.02770520
0.09461817 0.00255426 0.00083426 0.00150625 0.00336088 0.36879454 0.06841205 0.34471271 0.05838510 0.07821975 0.05736277 0.06963631 0.01946403
0.09236685 0.00165654 0.00081721 0.00148900 0.00221953 0.36812826 0.05890228 0.34366000 0.04101712 0.07989190 0.08090592 0.07226032 0.02793690
0.09089575 0.00477894 0.00077240 0.00592926 0.02667031 0.36903337 0.07878770 0.34100260 0.04756814 0.08028779 0.05939085 0.07350729 0.01532823
0.09411282 0.01161982 0.00105725 0.01155716 0.01936065 0.36836881 0.06715684 0.33874456 0.03859733 0.08255119 0.06927354 0.07068541 0.02701687
0.09609078 0.00359437 0.00072090 0.00303455 0.01897784 0.36943194 0.06042483 0.33813631 0.04664321 0.08270070 0.06955815 0.07283344 0.02260269
0.09424422 0.00538888 0.00069220 0.00799554 0.02379943 0.36863988 0.07079836 0.33844311 0.04524341 0.08376764 0.06007847 0.07388275 0.02173722
0.08466762 0.00164776 0.00068459 0.00229644 0.02571182 0.36971548 0.05902031 0.34080674 0.03558387 0.08362087 0.08254996 0.07498940 0.02157650
0.08480417 0.00921533 0.00062516 0.00750370 0.01175761 0.36809279 0.08299654 0.34208485 0.05570672 0.08322068 0.04433502 0.07047918 0.01789476
0.08297584 0.00182353 0.00090190 0.00019748 0.00081311 0.36976163 0.06171918 0.34352884 0.04827922 0.08375089 0.07201430 0.06750281 0.01853039
0.08160810 0.00167424 0.00096035 0.00026115 0.00117464 0.36778425 0.06955422 0.34469794 0.04329411 0.08236026 0.06802213 0.07129573 0.01690699
0.08549453 0.01242676 0.00061955 0.01241902 0.01681157 0.36957250 0.06653574 0.34458045 0.04269063 0.08257838 0.06476040 0.07008481 0.02057368
0.08613461 0.00704679 0.00049241 0.00792158 0.03884223 0.36798112 0.05820677 0.34321276 0.04511221 0.08208470 0.07955559 0.07245335 0.02176103
0.09203181 0.00182619 0.00051741 0.00079333 0.00165104 0.36808860 0.08045258 0.34053086 0.05384027 0.08233097 0.05239537 0.07245127 0.01869138
0.08764398 0.00313305 0.00073642 0.00049417 0.00579309 0.36861992 0.06328921 0.33837151 0.04412976 0.08277687 0.07853763 0.07323432 0.01861367
0.09082480 0.00316804 0.00072219 0.00063604 0.04017093 0.36734159 0.06946717 0.33766748 0.05705782 0.08299262 0.06248747 0.07208560 0.01701302
0.09225918 0.00473508 0.00254166 0.00371510 0.02202850 0.36852838 0.06504427 0.33874292 0.06104276 0.08342946 0.07049588 0.07540859 0.01881972
0.08736344 0.00113644 0.00229295 0.00028671 0.00094314 0.36758227 0.06193474 0.34014625 0.04365225 0.08888093 0.08066737 0.07721060 0.01889339
0.08543283 0.00139431 0.00177915 0.00017163 0.00072671 0.36791754 0.07178168 0.34183038 0.05150210 0.08986275 0.05808737 0.07157457 0.01631909
0.08481963 0.00350584 0.00175035 0.00386617 0.02186259 0.36792834 0.05535828 0.34269501 0.03864350 0.09190191 0.07019549 0.06705688 0.01914879
0.08467502 0.00177997 0.00167796 0.00369796 0.03174224 0.36818374 0.06858046 0.34357850 0.04567773 0.09119458 0.05284212 0.06923168 0.01615836
0.08427921 0.00082757 0.00206830 0.00017424 0.00047527 0.36682912 0.06099294 0.34306753 0.04185668 0.08643323 0.06555553 0.07190115 0.01747134
0.08300028 0.00076223 0.00145227 0.00016834 0.00049468 0.36901753 0.06405807 0.34164984 0.03864791 0.08582833 0.07280778 0.07810561 0.01728439
0.08169329 0.01001163 0.00080210 0.00845099 0.01402829 0.36676405 0.06810527 0.33908980 0.04501314 0.08563296 0.05926104 0.07033195 0.01814739
0.08055257 0.00327294 0.00074597 0.00531060 0.02423636 0.36920439 0.05686808 0.33745148 0.04032513 0.08558058 0.07178589 0.07044230 0.01837056
0.07980854 0.00084049 0.00101969 0.00015942 0.00051841 0.36712185 0.06958775 0.33598010 0.04267485 0.08486012 0.05290471 0.07180615 0.01631649
0.07818473 0.00071398 0.00099256 0.00017548 0.00043533 0.36810547 0.05789321 0.33874276 0.03866302 0.08504644 0.06698810 0.07573851 0.01786055
0.07749197 0.00078637 0.00088788 0.00016810 0.00050556 0.36789055 0.06660066 0.33950789 0.04020564 0.08497356 0.06495352 0.07319526 0.01691134
0.07667412 0.00102930 0.00087472 0.00043968 0.00190324 0.36729738 0.06790256 0.34127080 0.04493212 0.07843583 0.06308246 0.06841022 0.01851769
0.06980111 0.00600667 0.00072276 0.00569114 0.02695786 0.36869289 0.06072199 0.34292792 0.04248622 0.07859180 0.07391833 0.06817530 0.01903751
0.06782047 0.00190674 0.00080003 0.00016095 0.03239193 0.36776628 0.07066650 0.34367834 0.04560400 0.07865853 0.05503888 0.06826813 0.02011574
0.06641601 0.00566155 0.00093513 0.00485100 0.02743444 0.36828806 0.05998538 0.34295681 0.03848086 0.07896870 0.06943390 0.07134777 0.01932184
0.06460668 0.00137478 0.00089675 0.00023419 0.00067649 0.36827357 0.08047916 0.34150760 0.04352744 0.07943124 0.05814352 0.07263587 0.01891625
0.06500073 0.00206924 0.00081321 0.00105039 0.00286139 0.36776085 0.06278670 0.33862840 0.04486644 0.07856722 0.07018945 0.07255065 0.01787243
0.06445384 0.00224137 0.00067052 0.00030351 0.00239021 0.36864595 0.06371104 0.33711138 0.04846959 0.07960555 0.07193010 0.07430967 0.02044716
0.07533314 0.00210074 0.00060974 0.00032748 0.03195155 0.36835704 0.07153933 0.33785698 0.04671126 0.07863638 0.06149472 0.07362357 0.01936344
0.07581983 0.00790276 0.00069712 0.00920001 0.03890111 0.36793512 0.05961886 0.33802756 0.03938023 0.07130664 0.07138256 0.07424951 0.01734416
0.07539953 0.00825892 0.00065399 0.00643090 0.03126481 0.36914054 0.06472198 0.34078153 0.04313894 0.07107547 0.06235703 0.07593258 0.02078508
0.07437092 0.00172058 0.00220503 0.00396438 0.02091006 0.36749250 0.05668038 0.34194422 0.04193491 0.08329357 0.06632008 0.06945246 0.01961283
0.07271509 0.00131328 0.00092645 0.00043503 0.00052725 0.36863816 0.07530925 0.34258239 0.04065528 0.09316700 0.06441332 0.06739607 0.01661726
0.08286772 0.00117942 0.00091148 0.00056445 0.02892246 0.36729342 0.07775851 0.34387095 0.04339220 0.08415785 0.06430891 0.06893588 0.01846786
0.08280693 0.00119224 0.00260945 0.00056925 0.00100414 0.36687255 0.06660119 0.34239347 0.04254917 0.08947437 0.07050789 0.07231249 0.01878285
0.07558066 0.00125683 0.00095101 0.00020877 0.00070650 0.36785053 0.07069855 0.34026095 0.04147507 0.09444572 0.05393284 0.07226110 0.01850776
0.07506861 0.00125816 0.00088842 0.00024626 0.00064989 0.36675224 0.05597518 0.33771649 0.03751804 0.09317830 0.07383527 0.07042099 0.02140648
0.07416604 0.00103771 0.00094048 0.00020900 0.00060047 0.36770978 0.07175590 0.33659191 0.04277509 0.09760947 0.05936881 0.07145513 0.01808183
0.07485460 0.00091418 0.00094878 0.00019310 0.00053962 0.36731274 0.06694411 0.33593364 0.04009455 0.09983699 0.06356672 0.07299969 0.01697919
0.07391210 0.00111063 0.00078451 0.00084117 0.00117179 0.36676072 0.06683112 0.33806093 0.03682680 0.10037374 0.07900614 0.07464930 0.01694081
0.07210656 0.00224212 0.00076837 0.00194327 0.00260878 0.36724154 0.07248546 0.33963936 0.04230214 0.09761073 0.06478729 0.07138041 0.01852432
0.07190725 0.00146632 0.00074840 0.00133362 0.02453318 0.36733962 0.05784481 0.34166779 0.03990077 0.09432681 0.07330519 0.07068351 0.02128307
0.06911341 0.01107218 0.00077175 0.01061453 0.02532641 0.36683257 0.06982347 0.34334076 0.04431642 0.09674068 0.05146891 0.06718328 0.02278756
0.06836463 0.00683270 0.00155439 0.00763708 0.03590906 0.36768678 0.05920703 0.34366291 0.03701181 0.10075269 0.06911661 0.07162010 0.03255596
0.06775368 0.00361825 0.00101816 0.00408969 0.02683389 0.36628530 0.07349769 0.34263864 0.04179225 0.10067413 0.06521373 0.07188864 0.01822219
0.06749313 0.00134444 0.00119916 0.00124952 0.00226839 0.36767419 0.06807705 0.34077498 0.04042270 0.10430496 0.05832693 0.07533209 0.03288845
0.07322968 0.00565117 0.00146658 0.00691283 0.01812344 0.36584748 0.06295903 0.33738887 0.03502043 0.09879059 0.07670758 0.07261899 0.02040879
0.07432772 0.00160242 0.00090478 0.00057560 0.00069554 0.36698581 0.07147504 0.33650390 0.05093081 0.09734487 0.05343967 0.07256651 0.02098965
0.08261594 0.00665409 0.00080346 0.00885282 0.02260881 0.36652397 0.05789316 0.33646306 0.05014001 0.09710546 0.07184595 0.07471990 0.02195839
0.08042560 0.00752996 0.00067335 0.00958182 0.03282838 0.36614151 0.07398264 0.33824357 0.04083836 0.09527686 0.06220177 0.07459268 0.01985506
0.07958046 0.00139287 0.00071111 0.00171565 0.03554884 0.36595401 0.06147482 0.33975952 0.04023253 0.10031875 0.06546921 0.07190047 0.02093808
0.07800774 0.00114892 0.00119177 0.00035702 0.00081038 0.36595911 0.06418548 0.34080350 0.04025425 0.10209379 0.06645096 0.06737897 0.01591388
0.07672995 0.00124096 0.00115439 0.00016577 0.00060206 0.36573169 0.06312377 0.34208213 0.04724825 0.10333959 0.05409031 0.06861727 0.01938144
0.07428519 0.00431098 0.00147034 0.00318741 0.03414159 0.36640228 0.05870840 0.34287786 0.03705222 0.10582543 0.07097732 0.07121975 0.01704141
0.07197771 0.00198543 0.00166786 0.00070368 0.02680383 0.36596545 0.07090872 0.34212577 0.04271969 0.10649912 0.05937138 0.07261070 0.02063837
0.07009522 0.00332528 0.00175412 0.00529588 0.02900880 0.36558993 0.06031708 0.33959385 0.04028182 0.10890385 0.07796310 0.07509884 0.01733458
0.06903031 0.00721245 0.00171217 0.00909111 0.02258974 0.36694145 0.06665860 0.33782999 0.04221978 0.11191112 0.06303398 0.07261796 0.01790240
0.07554851 0.00495645 0.00203698 0.00304186 0.04111057 0.36455607 0.06154720 0.33568366 0.04112029 0.11322694 0.05706572 0.07264304 0.02045449
0.07876674 0.00844453 0.00112273 0.00960968 0.03209758 0.36755085 0.05936126 0.33785928 0.03497232 0.11199231 0.06977258 0.07555767 0.02055011
0.08588069 0.00463722 0.00102436 0.00384605 0.03174613 0.36410407 0.06819234 0.33816783 0.04773612 0.11139384 0.04902346 0.07320532 0.02079141
0.08576207 0.00205619 0.00145166 0.00157083 0.00091973 0.36643288 0.06327936 0.34028105 0.03973691 0.11060583 0.06786747 0.07232362 0.03537798
0.08514319 0.00496570 0.00090311 0.00683350 0.04175936 0.36477671 0.07347807 0.34185261 0.04042704 0.10939632 0.05835194 0.06715038 0.01818991
0.08442410 0.00103694 0.00084698 0.00020014 0.00054227 0.36530899 0.07048087 0.34184432 0.03617557 0.10933072 0.05524590 0.06828489 0.01976664
0.08096268 0.00127901 0.00104643 0.00023153 0.00065124 0.36576940 0.06531524 0.34243035 0.03268248 0.10991428 0.06484318 0.06880050 0.01828679
0.08043799 0.00124096 0.00088272 0.00018454 0.00070282 0.36555819 0.06798154 0.34102894 0.04096361 0.10957168 0.04511863 0.07120710 0.01843055
0.07913056 0.00071867 0.00096251 0.00019999 0.00048006 0.36537029 0.06498990 0.33876699 0.03064146 0.11045959 0.06623967 0.07083517 0.01892366
0.07220525 0.00095711 0.00058885 0.00108811 0.03720506 0.36576475 0.07284955 0.33713359 0.03768808 0.10506292 0.05436117 0.07044913 0.01857862
0.08087420 0.00462345 0.00058456 0.00383063 0.01699887 0.36588275 0.06980805 0.33681665 0.04523718 0.10539864 0.05170380 0.07183841 0.02420149
0.07820783 0.00264946 0.00080382 0.00096774 0.03631814 0.36626192 0.06541522 0.33728678 0.03366257 0.10760176 0.06691551 0.07373810 0.01968708
0.07487352 0.00147394 0.00123315 0.00024436 0.00079280 0.36612363 0.06823361 0.33987204 0.03691980 0.10644681 0.05921671 0.07426924 0.02427330
0.07496333 0.00698476 0.00158276 0.00468358 0.03615465 0.36670751 0.06598322 0.34075555 0.03097927 0.10895458 0.07013907 0.06988037 0.02080996
0.06978027 0.00970734 0.00061924 0.01014779 0.06142747 0.36700216 0.06745378 0.34324921 0.04792360 0.10713731 0.04533111 0.06941318 0.01788957
0.06927003 0.00307749 0.00072480 0.00393862 0.03496205 0.36624930 0.06513920 0.34402099 0.03550794 0.10803725 0.06094844 0.06698620 0.02229462
0.06756175 0.00369914 0.00071246 0.00804754 0.04216436 0.36751037 0.06726273 0.34385246 0.03168266 0.10818910 0.05612634 0.07286004 0.01887194
0.06753869 0.00472983 0.00064802 0.00311210 0.03066938 0.36700007 0.06402515 0.34197868 0.03767654 0.10775153 0.05453369 0.07108257 0.02389465
0.06754136 0.00514409 0.00089692 0.00205994 0.04307076 0.36680421 0.06196970 0.33970363 0.03744126 0.11075001 0.05964347 0.07137386 0.02007099
0.07050395 0.00316881 0.00060721 0.00378088 0.01984475 0.36757342 0.06785256 0.33752149 0.03996860 0.11086630 0.04978620 0.07115308 0.01853172
0.07281729 0.00194946 0.00058377 0.00113115 0.03292244 0.36690952 0.06348102 0.33738053 0.02629672 0.11106695 0.06802065 0.07206939 0.02020603
0.07083807 0.00307764 0.00059357 0.00235327 0.00837808 0.36718482 0.06886114 0.33840950 0.03926488 0.11212418 0.05576581 0.07326846 0.01632764
0.07190967 0.00454060 0.00054666 0.00496773 0.00666210 0.36767853 0.05985432 0.34019624 0.05022393 0.10642048 0.06488193 0.07275957 0.02928867
0.07129323 0.00175819 0.00061148 0.00181298 0.00123564 0.36710011 0.06691438 0.34246557 0.04190759 0.10756430 0.06372549 0.07044671 0.02208901
0.07025236 0.00095428 0.00060280 0.00247075 0.00199658 0.36793773 0.06870573 0.34338410 0.03647148 0.10688361 0.06079872 0.06668803 0.03515980
0.07041094 0.00111891 0.00063764 0.00034236 0.00059994 0.36717471 0.06206002 0.34406506 0.03847026 0.10666474 0.07451893 0.06844757 0.01851770
0.06948604 0.00249535 0.00064245 0.00035693 0.00174888 0.36725051 0.06900327 0.34368846 0.05777188 0.10742851 0.05245226 0.07008329 0.01670833
0.06486711 0.00394760 0.00062102 0.00204924 0.02849232 0.36785953 0.05936511 0.34241407 0.04320744 0.10628900 0.07174263 0.07358650 0.01958116
0.06475543 0.00237654 0.00421341 0.00185762 0.02941029 0.36639730 0.07076017 0.33883991 0.03838829 0.10871187 0.06909460 0.07121159 0.01796088
0.06472970 0.00154723 0.00139100 0.00041912 0.00078191 0.36716103 0.07383317 0.33798285 0.04082489 0.10810690 0.06460937 0.07639629 0.01841069
0.06632643 0.00156321 0.00101594 0.00019583 0.00077735 0.36659110 0.06434366 0.33703458 0.04334213 0.10915751 0.07596402 0.07319878 0.01906930
0.06621692 0.00556821 0.00063928 0.00499545 0.05151837 0.36700291 0.06287714 0.33904639 0.04665708 0.09853421 0.05738333 0.07545873 0.01956694
0.06526329 0.00462693 0.00057458 0.00893448 0.04602151 0.36711124 0.06102431 0.34057314 0.03710217 0.09807757 0.07461752 0.07282451 0.02343821
0.06531582 0.00326820 0.00119174 0.00325775 0.03021438 0.36682383 0.07131194 0.34187183 0.03955286 0.09301774 0.05742159 0.07189962 0.03665915
0.06578562 0.00487911 0.00105295 0.00547067 0.03064918 0.36705812 0.06490415 0.34310208 0.04006204 0.09240016 0.06940074 0.06681366 0.02488308
0.06594291 0.00458496 0.00065993 0.00169131 0.02106297 0.36710253 0.06916098 0.34332369 0.04750302 0.09139136 0.05856969 0.06993647 0.02252364
0.06587487 0.00318822 0.00114603 0.00330608 0.02061295 0.36647142 0.06156200 0.34191524 0.04100185 0.09163809 0.06054615 0.07045306 0.02098997
0.06781755 0.00430429 0.00134114 0.00656852 0.02522609 0.36754571 0.06254712 0.34081893 0.03563249 0.09651404 0.06915409 0.07135353 0.01785080
0.06813719 0.00107736 0.00082932 0.00179695 0.03694630 0.36690424 0.06888987 0.33802909 0.04145524 0.09678488 0.05790744 0.07200510 0.01989666
0.06755307 0.00789306 0.00074128 0.00931661 0.02422837 0.36731509 0.06583087 0.33723062 0.04236231 0.09612281 0.07161151 0.07268701 0.01752317
0.06601827 0.00525141 0.00089309 0.00477399 0.02097402 0.36817345 0.08685295 0.33742263 0.04107253 0.09847358 0.04580756 0.07449067 0.01772366
0.06595147 0.00070164 0.00103016 0.00054615 0.00216541 0.36694770 0.06171272 0.33794933 0.03047657 0.10061265 0.06122430 0.07290915 0.02015350
0.07368559 0.00154107 0.00154354 0.00019598 0.00084219 0.36957913 0.06421243 0.34131020 0.03620336 0.10028442 0.06144978 0.07686950 0.01793824
0.07350701 0.00170712 0.00163024 0.00032207 0.00109760 0.36672426 0.06582268 0.34166266 0.04526984 0.10312219 0.05039200 0.06677022 0.01972514
0.07514495 0.00067593 0.00124210 0.00021237 0.00047650 0.36919711 0.05976144 0.34315927 0.02842010 0.10284691 0.07561808 0.06794965 0.01965880
0.07818496 0.00314887 0.00105576 0.00346770 0.03356668 0.36718399 0.07430049 0.34338470 0.03618033 0.10395457 0.04537494 0.06709019 0.01623589
0.07864141 0.00113400 0.00090978 0.00088054 0.03256572 0.36789992 0.05869109 0.34279597 0.03152030 0.10421382 0.06447860 0.07287749 0.02049507
0.07930630 0.00121868 0.00077553 0.00081006 0.05678132 0.36740403 0.06678023 0.34029736 0.03406550 0.10388826 0.06544362 0.07085212 0.01647732
0.07938241 0.00425206 0.00118948 0.00532282 0.03812824 0.36719107 0.06119853 0.33745987 0.03740420 0.09869986 0.05399518 0.07080199 0.01953483
0.07743566 0.00472564 0.00083307 0.00407584 0.04537008 0.36757208 0.06006072 0.33699529 0.02836879 0.09869476 0.07207021 0.07177926 0.01811363
0.07430365 0.00351402 0.00143278 0.00284206 0.02440195 0.36690568 0.07486346 0.33729888 0.03902820 0.10465914 0.04764185 0.07377827 0.01714381
0.07183322 0.00141619 0.00116754 0.00182335 0.01757676 0.36687652 0.06546100 0.33849433 0.03025199 0.10652163 0.06886428 0.07459906 0.02054758
0.06600727 0.00671431 0.00084740 0.00444320 0.01654371 0.36638486 0.07196339 0.34022653 0.03765095 0.09896689 0.05549218 0.07052192 0.02271891
0.06564869 0.00483352 0.00220975 0.00538763 0.03191426 0.36701362 0.05984658 0.34111555 0.03244832 0.10554531 0.05807939 0.06962055 0.01755670
0.06100648 0.00230166 0.00090210 0.00127513 0.02209345 0.36540883 0.06627057 0.34262698 0.02930732 0.10532490 0.06076850 0.07163830 0.01998677
0.06157112 0.00076677 0.00066913 0.00185941 0.00084017 0.36883554 0.06345716 0.34288175 0.03458090 0.10531606 0.04911607 0.06973624 0.03366967
0.06220938 0.00360531 0.00056442 0.00384802 0.02464859 0.36548306 0.05124867 0.34037924 0.02750048 0.10690637 0.06403359 0.06971835 0.02929158
0.06224095 0.00198400 0.00055503 0.00172475 0.02862822 0.36818777 0.06790901 0.33951358 0.03227545 0.10568437 0.04474707 0.07209220 0.01812370
0.07270001 0.00444469 0.00064702 0.00384811 0.02893105 0.36701699 0.05215104 0.33672427 0.02941815 0.10774711 0.05800261 0.07012953 0.02897793
0.07238688 0.00158622 0.00068156 0.00262119 0.00383573 0.36686366 0.06940884 0.33583923 0.02901808 0.10660536 0.05432055 0.07141766 0.02151028
0.07205705 0.00185890 0.00075644 0.00254979 0.00417460 0.36733180 0.06082110 0.33706929 0.03248713 0.10795427 0.04950123 0.07205870 0.03273526
0.07094805 0.00189789 0.00089950 0.00076983 0.00091451 0.36651112 0.06119350 0.33863794 0.03090748 0.10787980 0.06411193 0.07363629 0.01812596
0.06950810 0.00137468 0.00094060 0.00021566 0.00089745 0.36694030 0.06835015 0.34002519 0.03257376 0.10828579 0.04849689 0.07032154 0.02145094
0.06853034 0.00067025 0.00096337 0.00038580 0.00043381 0.36662938 0.05535475 0.34176870 0.02813292 0.10859113 0.06406158 0.06685918 0.02122721
0.06745206 0.00089148 0.00135388 0.00026092 0.00056442 0.36760993 0.07578195 0.34232438 0.03083921 0.10322452 0.04805644 0.06702727 0.01697441
0.06700526 0.00311848 0.00081818 0.00305489 0.03858204 0.36671965 0.06021544 0.34318865 0.03201289 0.10335141 0.05735392 0.06995513 0.01722904
0.06593643 0.00328835 0.00084292 0.00243638 0.00400932 0.36839069 0.06335786 0.34143857 0.03603147 0.10347108 0.05874032 0.07259148 0.01682883
0.06552374 0.00136407 0.00081765 0.00059987 0.00098864 0.36613823 0.06431032 0.33848353 0.04190957 0.10483637 0.04356325 0.06992027 0.01726092
0.06519135 0.00064291 0.00077615 0.00050012 0.00071865 0.36869558 0.05441384 0.33732277 0.02771553 0.10563333 0.06236092 0.07060219 0.01826884
0.06540517 0.00075008 0.00059441 0.00015452 0.00057312 0.36627373 0.06910973 0.33570315 0.02926121 0.10648317 0.04879501 0.07013930 0.01617605
0.06632196 0.00115585 0.00052455 0.00025948 0.00077635 0.36835931 0.05534640 0.33774503 0.03391834 0.10617075 0.05648133 0.07323413 0.01745717
0.07014514 0.00802918 0.00054419 0.00638750 0.01303076 0.36723724 0.06566957 0.33877106 0.03813886 0.10788872 0.05220504 0.07045561 0.01884898
0.07011124 0.00293133 0.00064790 0.00570074 0.02968179 0.36760079 0.06168603 0.34158630 0.03209344 0.10752535 0.05190462 0.07077448 0.01724328
0.06976555 0.00094214 0.00103526 0.00132933 0.01969346 0.36774572 0.05195026 0.34182631 0.02907400 0.10896688 0.06086837 0.06484111 0.01880361
0.06900495 0.00272670 0.00079155 0.00454026 0.02586302 0.36748975 0.06493486 0.34323635 0.03351620 0.10622863 0.04395710 0.06734985 0.01515369
0.06832346 0.00286674 0.00061785 0.00227032 0.02108128 0.36797724 0.04822821 0.34236501 0.03330098 0.10625509 0.05857646 0.06777997 0.02076175
0.06823046 0.00284114 0.00115239 0.00123225 0.03823095 0.36680634 0.06858732 0.34106292 0.03471820 0.10535941 0.04744287 0.07324580 0.01640096
0.06691987 0.00571321 0.00280126 0.00837753 0.03486548 0.36730576 0.05496814 0.33829855 0.03030131 0.09936657 0.05985993 0.07053027 0.01955990
0.06606725 0.00362379 0.00110300 0.00605195 0.03857345 0.36677757 0.05656017 0.33638605 0.03281850 0.09931536 0.05087132 0.07195216 0.01854242
0.06960794 0.00205398 0.00111023 0.00473679 0.01811071 0.36772997 0.06315520 0.33619180 0.03336832 0.09972921 0.04681002 0.07086678 0.02112553
0.06460577 0.00156434 0.00067317 0.00441319 0.02116028 0.36662473 0.05297889 0.33710323 0.03081141 0.10247454 0.05689696 0.07230846 0.03415677
0.06423624 0.00122038 0.00179128 0.00261574 0.00318565 0.36786969 0.07400184 0.33921349 0.03154171 0.10383817 0.04327516 0.07282014 0.02329524
0.06360205 0.00096288 0.00121245 0.00106991 0.00057874 0.36508026 0.05307629 0.33990852 0.02822658 0.10718075 0.06111914 0.07154615 0.01888421
0.06411535 0.00102542 0.00083225 0.00484213 0.00067056 0.36735524 0.06260536 0.34152525 0.03489913 0.10886313 0.04677202 0.06728055 0.02047826
0.06466869 0.00162222 0.00085655 0.00015996 0.00070776 0.36493076 0.05857174 0.34150528 0.02607797 0.11023891 0.04710853 0.06695431 0.01913962
0.06511990 0.00689529 0.00096977 0.00706978 0.02568719 0.36642256 0.05151662 0.34106314 0.02281424 0.11107569 0.04754138 0.07188553 0.01659847
0.06459263 0.00076886 0.00075713 0.00184657 0.03435405 0.36589104 0.06574822 0.33917264 0.02613950 0.11243541 0.03714868 0.06988178 0.01463708
0.06371458 0.00078345 0.00086583 0.00115277 0.02069803 0.36603867 0.04805800 0.33663155 0.02448685 0.11133522 0.05248810 0.06887893 0.01734413
0.06281456 0.00071111 0.00097998 0.00188103 0.00051088 0.36631480 0.06442931 0.33479289 0.02692457 0.11253858 0.03794235 0.06871144 0.03107574
0.06194744 0.00089273 0.00099006 0.00301402 0.00388051 0.36589408 0.04699825 0.33510255 0.02321731 0.11054827 0.04210306 0.07097718 0.03064169
0.06135705 0.00117200 0.00090094 0.00173382 0.00139082 0.36646671 0.05015516 0.33647411 0.02344868 0.11119694 0.04507121 0.07090337 0.01600982
0.06096231 0.00084425 0.00073151 0.00125662 0.00130757 0.36569310 0.06130776 0.33826968 0.02860011 0.10996608 0.03618087 0.06985989 0.02802104
0.06103409 0.01108924 0.00072532 0.01059000 0.02001101 0.36634593 0.05050060 0.33973504 0.02222084 0.10444986 0.06196924 0.06622891 0.01475389
0.05984209 0.00103438 0.00096144 0.00030090 0.00048813 0.36648335 0.06102825 0.34098606 0.03122691 0.10482582 0.03309671 0.06850246 0.01658742
0.05815994 0.00160250 0.00082149 0.00041820 0.00112320 0.36655519 0.05538520 0.34102884 0.02401397 0.10498832 0.05279409 0.06559976 0.01457191
0.05626741 0.00154520 0.00114504 0.00012516 0.00058177 0.36627125 0.05531147 0.33995883 0.02808787 0.09636004 0.03489955 0.07001273 0.01706355
0.05485025 0.00115612 0.00095524 0.00029526 0.00062398 0.36693335 0.05835159 0.33828098 0.02652558 0.09668769 0.03555232 0.07018613 0.01375550
0.05420487 0.00065135 0.00090407 0.00015046 0.00037386 0.36573808 0.05469475 0.33538293 0.01869192 0.09743029 0.05349298 0.06869328 0.01730887
0.05224627 0.00089194 0.00107364 0.00016723 0.00052318 0.36730957 0.06216613 0.33458481 0.03206976 0.09736450 0.03284020 0.06865341 0.01483775
0.05890157 0.00177085 0.00119623 0.00031998 0.00122471 0.36543360 0.04833264 0.33450450 0.02657003 0.09738875 0.05773042 0.07099995 0.01763094
0.05680670 0.00191399 0.00150247 0.00014655 0.00082537 0.36622089 0.05997468 0.33598561 0.03290538 0.09078088 0.03341611 0.07377772 0.01828930
0.05404028 0.00085782 0.00134108 0.00024993 0.00039050 0.36614548 0.05941693 0.33829048 0.02298931 0.09080372 0.04631361 0.07101377 0.01613810
0.05561420 0.00635352 0.00115533 0.00622287 0.02714966 0.36597891 0.06681022 0.33913381 0.01784255 0.08959001 0.04125433 0.06697036 0.01640387
0.05507797 0.00292908 0.00050138 0.00433657 0.03605794 0.36672042 0.06184802 0.34034493 0.02632601 0.09033212 0.03558985 0.06450329 0.01631496
0.05391541 0.00812805 0.00055778 0.00785045 0.03061139 0.36636003 0.05234538 0.34130136 0.02122734 0.09126938 0.03906528 0.06791761 0.01784751
0.05404015 0.00249941 0.00046479 0.00423452 0.03575606 0.36727181 0.05482426 0.34003275 0.02346122 0.09307066 0.03471399 0.06888882 0.01870091
0.05535439 0.00243987 0.00298234 0.00097188 0.01690813 0.36664002 0.05510385 0.33781513 0.02253499 0.09193521 0.04520939 0.06952276 0.01794842
0.05510089 0.00486111 0.00056779 0.00363043 0.02371741 0.36736988 0.06049523 0.33611500 0.02466168 0.09349092 0.03740820 0.06757349 0.01635623
0.05441895 0.00136008 0.00054350 0.00037292 0.00971695 0.36665471 0.06027715 0.33483104 0.02484282 0.09410327 0.03949568 0.06901637 0.01689188
0.05391058 0.00163661 0.00048281 0.00184983 0.01050107 0.36773039 0.05719432 0.33600585 0.01745034 0.09427195 0.05630012 0.07137981 0.01917914
0.06592086 0.00106281 0.00396706 0.00074997 0.00356317 0.36652845 0.05969656 0.33792329 0.03877158 0.09507478 0.03451359 0.07682513 0.01689179
0.06571793 0.00082892 0.00116738 0.00034968 0.00239494 0.36807042 0.05421074 0.33852383 0.02454434 0.08927291 0.05022703 0.07031623 0.01810534
0.06483236 0.00078437 0.00092790 0.00050511 0.00247693 0.36624931 0.06470321 0.34046058 0.02383586 0.08999276 0.03705536 0.06683711 0.01654714
0.06202785 0.00053135 0.00092611 0.00017135 0.00053995 0.36807864 0.06212479 0.34076654 0.02367867 0.09023624 0.04224870 0.06702680 0.01686143
0.05471708 0.00124585 0.00050146 0.00104729 0.03183379 0.36673848 0.05886564 0.34086376 0.02156670 0.09049444 0.05059644 0.06818740 0.01783807
0.04809046 0.00612301 0.00076412 0.00593139 0.03241316 0.36696035 0.05910221 0.33994124 0.03431633 0.09228029 0.02888371 0.07025843 0.01701634
0.04819578 0.00112811 0.00061832 0.00055544 0.00141211 0.36711294 0.05632884 0.33688566 0.02416361 0.09369465 0.05794959 0.06991237 0.01689134
0.04843976 0.00532253 0.00058813 0.00340127 0.02269952 0.36667378 0.06462618 0.33549565 0.02612596 0.08770749 0.03787002 0.06823065 0.01652965
0.04768463 0.00344078 0.00146143 0.00359414 0.01690466 0.36756452 0.05364039 0.33432334 0.02967509 0.08998045 0.04087417 0.07034823 0.01694705
0.04711097 0.01103335 0.00100486 0.01133366 0.03198575 0.36639518 0.04630174 0.33591367 0.03301792 0.08951872 0.03995629 0.07247143 0.01390963
0.05813523 0.00653056 0.00075142 0.00093227 0.02969189 0.36738049 0.05283983 0.33717974 0.04889846 0.09132164 0.02140464 0.07120456 0.01443875
0.06041760 0.00228970 0.00056882 0.00462999 0.00495986 0.36668012 0.04062769 0.33919848 0.01874573 0.08957461 0.05986164 0.06939913 0.01914053
0.06000206 0.00088097 0.00051091 0.00248973 0.03288468 0.36740730 0.05875606 0.33932585 0.02177345 0.08958124 0.02444357 0.06393807 0.04300602
0.05952413 0.00347284 0.00050431 0.00559444 0.02904188 0.36667217 0.03616487 0.34074186 0.02226289 0.08838736 0.04709458 0.06690149 0.01804700
0.05872409 0.00202373 0.00047670 0.00151801 0.00166452 0.36772597 0.06714035 0.34006399 0.03185677 0.08719579 0.02973019 0.06956851 0.02770035
0.05706319 0.00174472 0.00048019 0.00026048 0.00101024 0.36651709 0.05225421 0.33819500 0.03641790 0.08739334 0.03135871 0.06998258 0.01683730
0.06088926 0.00188909 0.00085368 0.00026730 0.00107885 0.36776725 0.03791518 0.33616516 0.02434939 0.07936669 0.06229926 0.06842803 0.01510988
0.06000202 0.00140494 0.00059939 0.00015044 0.00083412 0.36596003 0.05606133 0.33402538 0.03605396 0.08068844 0.02864640 0.07080419 0.01867320
0.05698898 0.00113983 0.00064670 0.00023541 0.00050097 0.36733899 0.04552226 0.33444849 0.02575404 0.08028602 0.06165653 0.06983146 0.01583746
0.06832986 0.00265247 0.00128335 0.00277061 0.03656385 0.36674151 0.06700172 0.33557156 0.02887659 0.08239041 0.03073697 0.07177856 0.01249703
0.06891662 0.00249915 0.00092391 0.00111759 0.02351153 0.36657773 0.05444385 0.33826347 0.02560020 0.08226321 0.04188873 0.07398511 0.01877741
0.06998933 0.00313007 0.00066308 0.00543468 0.02778471 0.36716365 0.05046856 0.33891375 0.02219523 0.08413848 0.05344698 0.06671950 0.01514023
0.06946026 0.00359648 0.00058972 0.00595042 0.03498745 0.36647075 0.05257554 0.33973985 0.03555845 0.08381076 0.02556054 0.06482462 0.01603282
0.06923054 0.00262868 0.00060453 0.00442192 0.03670612 0.36698355 0.03477154 0.34034428 0.02262485 0.08487268 0.06293413 0.06511304 0.01531045
0.07035414 0.00727166 0.00065477 0.01080015 0.03548100 0.36667411 0.06107650 0.34034612 0.03536011 0.08395149 0.02989660 0.07085174 0.01239889
0.06859828 0.00059555 0.00129523 0.00048697 0.00111187 0.36659349 0.04422262 0.33819391 0.02394317 0.09160962 0.05946657 0.07033422 0.01465182
0.06820959 0.00366428 0.00078327 0.00369966 0.00651188 0.36678540 0.05168831 0.33649356 0.02492354 0.09214130 0.04357153 0.06841812 0.01899106
0.06727635 0.00101473 0.00086498 0.00158009 0.00094896 0.36743716 0.05051159 0.33457727 0.02147353 0.09277446 0.02990354 0.06664467 0.02737776
0.06733658 0.00124284 0.00051781 0.00291690 0.00254135 0.36636876 0.03956801 0.33483966 0.01747211 0.09305216 0.05233242 0.07180102 0.01619588
0.06753080 0.00118573 0.00049525 0.00128914 0.00096820 0.36806889 0.05735968 0.33671369 0.02792706 0.09209120 0.01961088 0.07194791 0.03333005
0.06606561 0.00140055 0.00050310 0.00128709 0.00146905 0.36633631 0.03405388 0.33766680 0.01589138 0.09240375 0.05953125 0.06918432 0.01490836
0.06515158 0.00096300 0.00050516 0.00068796 0.00129640 0.36756242 0.06340204 0.33921882 0.02277611 0.09071915 0.02060881 0.06594732 0.02282702
0.06460343 0.00518805 0.00048359 0.00731142 0.02533705 0.36651918 0.05114790 0.33983415 0.01791502 0.09144247 0.04089796 0.06342937 0.01425304
0.06310310 0.00226155 0.00043196 0.00257490 0.00171098 0.36649109 0.04386513 0.34054696 0.02396136 0.09011052 0.04472189 0.06655962 0.02533887
0.06399034 0.00266079 0.00080640 0.00287152 0.00515229 0.36656504 0.05539843 0.33922978 0.03016509 0.09297031 0.01838111 0.06904130 0.02078765
0.06168753 0.00066147 0.00075412 0.00107680 0.00027238 0.36566015 0.03758668 0.33721016 0.01097172 0.09321136 0.05769975 0.06904410 0.02431539
0.05245675 0.00743102 0.00082432 0.00909505 0.04214506 0.36671309 0.06672992 0.33595497 0.02488940 0.09263115 0.01533175 0.06839976 0.01212667
0.05032423 0.00534315 0.00099210 0.00660580 0.02056732 0.36593362 0.03816591 0.33494412 0.03746609 0.09218654 0.04671939 0.06888992 0.02652031
0.04104106 0.00704095 0.00048303 0.00531375 0.03989325 0.36632295 0.04823430 0.33561357 0.02970954 0.09365345 0.05202748 0.07044398 0.01407552
0.03836390 0.00513429 0.00048406 0.00869909 0.03634521 0.36682252 0.04862826 0.33796206 0.02712684 0.09276851 0.02935510 0.07214244 0.03710142
0.03852780 0.00252854 0.00134218 0.00190152 0.00329184 0.36716334 0.03418827 0.33878172 0.01898401 0.09405300 0.06370448 0.06852536 0.01657425
0.03942788 0.00195710 0.00070558 0.00223192 0.00360675 0.36592532 0.05999492 0.33945606 0.03676227 0.09584858 0.02122210 0.06667026 0.02657354
0.03930924 0.00103125 0.00051976 0.00213771 0.00161036 0.36711304 0.04294563 0.33984827 0.03111083 0.09686719 0.05593299 0.06384636 0.01319777
0.03840387 0.00065566 0.00050368 0.00086491 0.00065104 0.36564408 0.05571114 0.34040286 0.02388692 0.09735028 0.04237744 0.06675700 0.02883803
0.03699958 0.00124687 0.00056967 0.00122069 0.00186662 0.36702643 0.04692352 0.33950021 0.02746047 0.09757144 0.04635315 0.06922009 0.01373301
0.03569231 0.00094361 0.00066627 0.00036842 0.00055937 0.36599859 0.04045598 0.33708183 0.02414000 0.09895589 0.05610215 0.07271854 0.01818623
0.03471034 0.00077105 0.00069446 0.00338040 0.00392295 0.36665574 0.06153904 0.33565447 0.02664044 0.09842187 0.02145142 0.06695175 0.02482996
0.03389977 0.00050113 0.00066697 0.00173925 0.00160865 0.36656790 0.04373578 0.33482749 0.01496328 0.09956504 0.05695231 0.07053179 0.03829316
0.03197246 0.00606927 0.00060019 0.00811810 0.02553587 0.36638083 0.06053091 0.33604074 0.02377160 0.09873283 0.02947836 0.07107780 0.01556043
0.03143241 0.00506816 0.00054632 0.00326781 0.02245419 0.36664444 0.04508719 0.33782660 0.01982148 0.09923874 0.04316381 0.07079779 0.03170428
0.03121093 0.00429776 0.00063889 0.00385718 0.02687958 0.36649404 0.05435596 0.33857445 0.02046836 0.09323536 0.04081538 0.06757570 0.01763175
0.03081341 0.00151767 0.00063656 0.00045308 0.00077050 0.36641640 0.05544188 0.33897722 0.02421709 0.09406084 0.02567463 0.06368534 0.02384213
0.03037800 0.00066046 0.00052641 0.00063630 0.00102530 0.36657580 0.04887752 0.34048038 0.01096831 0.09309645 0.04664355 0.06587649 0.01718568
0.03032691 0.00067981 0.00045296 0.00037698 0.00078907 0.36669873 0.07046163 0.33930447 0.01812374 0.09413344 0.02402767 0.06912118 0.01557345
0.02995849 0.00041113 0.00041662 0.00022920 0.00030900 0.36644612 0.04979786 0.33889069 0.01464815 0.09299892 0.04384892 0.06900985 0.01917648
0.02990829 0.00077305 0.00043147 0.00034173 0.00061863 0.36731014 0.06216216 0.33625047 0.01682702 0.09414000 0.03553183 0.06840182 0.01530274
0.02968844 0.00053360 0.00042222 0.00014362 0.00040218 0.36621662 0.05575201 0.33445506 0.01873218 0.09341512 0.03343341 0.06820142 0.01890279
0.02936002 0.00183817 0.00040284 0.00332995 0.02832529 0.36763843 0.05289849 0.33523622 0.01181409 0.08763037 0.04544163 0.06783568 0.01638963
0.02921078 0.00054014 0.00100563 0.00543225 0.00590719 0.36573198 0.06562624 0.33538286 0.01910613 0.08754703 0.02194732 0.07201060 0.03221861
0.02887766 0.00349114 0.00040031 0.00505051 0.02794108 0.36696015 0.05043640 0.33781938 0.01404695 0.08734561 0.04900619 0.07099084 0.02006881
0.02935581 0.00118370 0.00236730 0.00232113 0.00340751 0.36639400 0.06684317 0.33950509 0.01610202 0.09799243 0.03007376 0.06681920 0.02981643
0.03118521 0.00323554 0.00174983 0.00189772 0.02519479 0.36701192 0.05399769 0.33978764 0.01665380 0.09205535 0.03971603 0.06342610 0.01907222
0.03381842 0.00357597 0.00078642 0.00096447 0.00484761 0.36611002 0.06478580 0.33959946 0.02087149 0.09075694 0.04740882 0.06587744 0.01746464
0.04564032 0.00275707 0.00053279 0.00017492 0.00241122 0.36624100 0.05976339 0.34023584 0.03230188 0.08962100 0.03696466 0.06955037 0.01867045
0.04505074 0.00149691 0.00058697 0.00043448 0.00079232 0.36591292 0.04963880 0.33742257 0.02739358 0.08904833 0.05139960 0.07127687 0.02056449
0.05749454 0.00153049 0.00052240 0.00094596 0.03646117 0.36639430 0.07247292 0.33613115 0.02126359 0.08873745 0.02864376 0.06898149 0.02006293
0.06728970 0.00847841 0.00062606 0.01183672 0.02985291 0.36624304 0.05721724 0.33454845 0.01873969 0.08903801 0.05340340 0.06861441 0.01821387
0.06597851 0.00214008 0.00098381 0.00568682 0.01995591 0.36637961 0.07501956 0.33503307 0.02489934 0.08923961 0.02067323 0.07087380 0.03659648
0.06125326 0.00174893 0.00059054 0.00558278 0.02401383 0.36685434 0.06194642 0.33728091 0.01473432 0.09013144 0.05171634 0.07279680 0.02171141
0.06043448 0.00154726 0.00081433 0.00186776 0.01450195 0.36585162 0.07144726 0.33818648 0.01931184 0.09017104 0.03805248 0.07162385 0.03423762
0.05983439 0.00207515 0.00098489 0.00263414 0.00517448 0.36712771 0.07213209 0.33969990 0.01862204 0.09180134 0.04384353 0.06710348 0.01945350
0.05894618 0.00267181 0.00114032 0.00117238 0.00260552 0.36552715 0.05659047 0.34107971 0.02954294 0.09194769 0.06903480 0.06656454 0.03149411
0.05748369 0.00389689 0.00118353 0.00230932 0.02689613 0.36604330 0.07875129 0.34077083 0.02716400 0.09286943 0.02872272 0.07556078 0.02242383
0.06541970 0.00603178 0.00130844 0.00583739 0.03952019 0.36646412 0.05558752 0.33946290 0.01567287 0.08705148 0.06178461 0.07158641 0.02112755
0.06634409 0.00107065 0.00127175 0.00217098 0.02289047 0.36526007 0.07323558 0.33647586 0.02328656 0.08654863 0.03314562 0.07282567 0.02186677
0.06627748 0.00201966 0.00077229 0.00216411 0.00097559 0.36577943 0.06892554 0.33621351 0.01949754 0.09323543 0.04466685 0.07182307 0.02276517
0.06598551 0.00168725 0.00089188 0.00300266 0.00566046 0.36514951 0.06249991 0.33367494 0.01421694 0.09117412 0.05801070 0.06956024 0.03213636
0.05844043 0.00092234 0.00064771 0.00019142 0.00049410 0.36506733 0.07574886 0.33405061 0.02843268 0.09025353 0.02881145 0.07082569 0.01879980
0.05824070 0.00272806 0.00048587 0.00526984 0.02967355 0.36531428 0.06531741 0.33643099 0.01244547 0.08928472 0.06361037 0.07167931 0.01897214
0.05746419 0.00211251 0.00043551 0.00192704 0.01907389 0.36478925 0.07715133 0.33789157 0.02428920 0.08826633 0.02764638 0.07127453 0.01972461
0.05757504 0.00383598 0.00053429 0.00523905 0.02938226 0.36546534 0.05998959 0.33879553 0.02249107 0.08889874 0.04899817 0.06684383 0.01877329
0.05563343 0.00378496 0.00125953 0.00193318 0.02303075 0.36438976 0.05949828 0.33954117 0.02240752 0.08974373 0.05004218 0.06822229 0.02378408
0.05445518 0.00540388 0.00133144 0.00804980 0.02559766 0.36457850 0.07926688 0.33944280 0.02568245 0.09082430 0.03506764 0.06888191 0.01739556
0.05481624 0.00176646 0.00086378 0.00029449 0.00114525 0.36474928 0.05841915 0.33889555 0.02310270 0.09124118 0.06476660 0.07645575 0.02157689
0.05480376 0.00245216 0.00081098 0.00022056 0.00129408 0.36493713 0.07053946 0.33673591 0.03250935 0.09184025 0.03553369 0.07093140 0.01950408
0.05512433 0.00155164 0.00075063 0.00019567 0.00061181 0.36500791 0.05799337 0.33429072 0.02424379 0.09308321 0.05539057 0.06888878 0.02336544
0.05536378 0.00059459 0.00073328 0.00030604 0.00046720 0.36536499 0.07681390 0.33459177 0.01902253 0.09288908 0.04572348 0.07133753 0.01776938
0.05479510 0.00066344 0.00066224 0.00017630 0.00046313 0.36484630 0.07928939 0.33492567 0.02265337 0.08621394 0.04021895 0.07202889 0.01907969
0.06092021 0.00074024 0.00067890 0.00024376 0.00050809 0.36627895 0.06675873 0.33636943 0.01699971 0.08583007 0.05955094 0.07444898 0.01938642
0.05964918 0.00098767 0.00063454 0.00017392 0.00062542 0.36394021 0.07507819 0.33738337 0.02765766 0.08568947 0.03599306 0.06956151 0.02048130
0.05837428 0.00068977 0.00069587 0.00019787 0.00051465 0.36590549 0.06014723 0.33916931 0.01667214 0.08560018 0.05974157 0.07027708 0.02146600
0.05805956 0.00059837 0.00070908 0.00018482 0.00052255 0.36416793 0.07456950 0.33911838 0.02181721 0.08437442 0.04063208 0.06615938 0.01944475
0.05755279 0.00057411 0.00074667 0.00019864 0.00045854 0.36500278 0.06990120 0.33932249 0.02201081 0.08418479 0.04597395 0.06891545 0.01999458
0.05668797 0.00043296 0.00074893 0.00021463 0.00042622 0.36383062 0.07074129 0.33810637 0.01611766 0.08510455 0.05424561 0.07110077 0.01964981
0.05815102 0.00823256 0.00063347 0.00821588 0.02736379 0.36375539 0.07670513 0.33624037 0.02518149 0.08527808 0.03852872 0.07300492 0.01992763
0.05727100 0.00341418 0.00064930 0.00282165 0.01876908 0.36389973 0.06351430 0.33513373 0.01646190 0.08683236 0.05992144 0.06953184 0.02368528
0.05586401 0.00074427 0.00072114 0.00066359 0.00061430 0.36369359 0.07282956 0.33336285 0.03961399 0.08736711 0.03242829 0.06960609 0.01844450
0.05629974 0.00155658 0.00075058 0.00025395 0.00154471 0.36483962 0.07110400 0.33470283 0.02488378 0.08911306 0.04769146 0.07245661 0.01862220
0.05566884 0.00067878 0.00149105 0.00027607 0.00105354 0.36376563 0.06709437 0.33698045 0.01677488 0.09008511 0.05856658 0.07270647 0.01943615
0.05560794 0.00180010 0.00080723 0.00019263 0.00119029 0.36533881 0.07158280 0.33784652 0.03276224 0.09004272 0.03749039 0.07163732 0.01878031
0.05648254 0.00185014 0.00059649 0.00021414 0.00121968 0.36381755 0.05863487 0.33842534 0.02987606 0.09105377 0.05880510 0.06621964 0.02109135
0.05884915 0.00112717 0.00046897 0.00026366 0.00050486 0.36555451 0.07608402 0.34032745 0.02836304 0.08274813 0.04056770 0.06856944 0.02023931
0.05848924 0.00053610 0.00055806 0.00029023 0.00042467 0.36402047 0.07773338 0.33883219 0.02032755 0.07482320 0.05239324 0.07061139 0.01962591
0.05613993 0.00084476 0.00047991 0.00020222 0.00047493 0.36537630 0.07235532 0.33843233 0.02285152 0.07314117 0.05174212 0.07146853 0.01977639
0.05550274 0.00148317 0.00048591 0.00020901 0.00082293 0.36412261 0.07255391 0.33511061 0.03728532 0.07346740 0.04049911 0.06949912 0.01968660
0.05438306 0.00083797 0.00056697 0.00019389 0.00053111 0.36465279 0.06392848 0.33367517 0.02331956 0.07277903 0.06173650 0.07097739 0.02225952
0.05376053 0.00065635 0.00099213 0.00019265 0.00054443 0.36391883 0.07575903 0.33332026 0.02658654 0.06626738 0.04337906 0.07157528 0.02035708
0.05222199 0.00065757 0.00062365 0.00020172 0.00047278 0.36497016 0.06952478 0.33504812 0.02407384 0.06614153 0.05465531 0.07325158 0.02052092
0.05126771 0.00072468 0.00047940 0.00020521 0.00049293 0.36448291 0.07358035 0.33587333 0.02623751 0.06702980 0.04808497 0.07164693 0.01970223
0.05124603 0.00353563 0.00036211 0.00510209 0.02027521 0.36408907 0.07423093 0.33834529 0.03102275 0.06782330 0.04458660 0.06963796 0.02036821
0.05037447 0.00050828 0.00044072 0.00019979 0.00044376 0.36440998 0.06793018 0.33860630 0.02094403 0.07359827 0.05989043 0.06731626 0.02109868
0.04985632 0.00074359 0.00054870 0.00018982 0.00056896 0.36390183 0.07546186 0.33900651 0.02879744 0.07472101 0.04097039 0.06824528 0.02039846
0.05008186 0.00067025 0.00049685 0.00020271 0.00047198 0.36473965 0.06737673 0.33934588 0.02463064 0.07634128 0.05614800 0.06989767 0.02108298
0.04996393 0.00065213 0.00045293 0.00019991 0.00049706 0.36418208 0.07496569 0.33731623 0.02646687 0.07669410 0.04645684 0.07231541 0.02012535
0.05047486 0.00064508 0.00043091 0.00019995 0.00049792 0.36489573 0.07257626 0.33572601 0.02717558 0.07621242 0.04804528 0.07061250 0.02062456
0.04936866 0.00056934 0.00042072 0.00020402 0.00046782 0.36430658 0.07053956 0.33377566 0.02256483 0.07605852 0.05537615 0.06892407 0.02068849
0.04908597 0.00076123 0.00057634 0.00019322 0.00055844 0.36462836 0.07488523 0.33395343 0.02938779 0.07414824 0.04123477 0.07170287 0.02052206
0.04861772 0.00059644 0.00052396 0.00020546 0.00045248 0.36466976 0.06813307 0.33516954 0.02320412 0.06608906 0.05634040 0.07272502 0.02117821
0.04813932 0.00199002 0.00144841 0.00021271 0.00110772 0.36518822 0.06950963 0.33721577 0.02528956 0.07984662 0.04591462 0.07295415 0.01964864
0.04810444 0.00120849 0.00100663 0.00018788 0.00056030 0.36432732 0.06836571 0.33765090 0.02820685 0.08007372 0.04141237 0.06712987 0.02156439
0.04732056 0.00056658 0.00062887 0.00030547 0.00041997 0.36503355 0.06909484 0.33954964 0.02028535 0.07793151 0.05289975 0.06629059 0.01950000
0.04740487 0.00071041 0.00044814 0.00018308 0.00052546 0.36434901 0.07971711 0.33908126 0.02713222 0.07810157 0.03604980 0.06746461 0.01953547
0.05540792 0.00125532 0.00061279 0.00060835 0.03317471 0.36450501 0.06675075 0.33970022 0.02116419 0.08635723 0.05705224 0.07079997 0.02281394
0.05669944 0.00215348 0.00082038 0.00423759 0.02606446 0.36465911 0.08123442 0.33830288 0.03045319 0.08062509 0.04264523 0.07154955 0.02113594
0.05709057 0.00231025 0.00064868 0.00375955 0.02356990 0.36474021 0.07185949 0.33566404 0.02654375 0.08143862 0.05049844 0.07184323 0.02223071
0.04598106 0.00185480 0.00054772 0.00147891 0.00300732 0.36493026 0.07804728 0.33510923 0.02492030 0.08155790 0.05277743 0.07137655 0.02560844
0.04489982 0.00095996 0.00054654 0.00051615 0.03202609 0.36475544 0.07946716 0.33558819 0.02448535 0.08195064 0.05519544 0.07231777 0.02265061
0.04584650 0.00889653 0.00052357 0.00923130 0.01531244 0.36521643 0.07173819 0.33668177 0.02920608 0.08217684 0.05449292 0.07255609 0.02299244
0.04651635 0.00159629 0.00061322 0.00238194 0.00352472 0.36457276 0.07674975 0.33872551 0.02965029 0.08205574 0.05276239 0.07133248 0.02682196
0.04667224 0.00093616 0.00068022 0.00068389 0.00123038 0.36560122 0.07092800 0.33937558 0.03360418 0.08277378 0.05010619 0.06998407 0.02108226
0.04566028 0.00622689 0.00068539 0.00879001 0.04118976 0.36426723 0.06323301 0.33986625 0.03591691 0.08258713 0.05393111 0.06620884 0.01978994
0.04461687 0.00570730 0.00061749 0.00631216 0.04337006 0.36599067 0.06866534 0.34116850 0.03273725 0.07707702 0.04575915 0.06898370 0.01906131
0.04313398 0.00239023 0.00101146 0.00439579 0.03203557 0.36481963 0.06045516 0.33927538 0.02859908 0.07661458 0.06028607 0.07170244 0.02094413
0.05087061 0.00346692 0.00050345 0.00726891 0.03315986 0.36569663 0.07547086 0.33811716 0.03288326 0.07537326 0.03606144 0.07181793 0.02991026
0.04888419 0.00183939 0.00083886 0.00277414 0.00245149 0.36512809 0.05613095 0.33578478 0.02864107 0.07567846 0.05370574 0.06842377 0.03926772
0.04692631 0.00456634 0.00059249 0.00666822 0.03485366 0.36536160 0.05588499 0.33450414 0.03025355 0.07462463 0.05230824 0.07080187 0.02769780
0.04652312 0.00639107 0.00062474 0.00915848 0.05968202 0.36557511 0.06620839 0.33698813 0.03209831 0.07525320 0.03747860 0.07215287 0.02190479
0.04664235 0.00306322 0.00050632 0.00596667 0.03997343 0.36546696 0.05014682 0.33868724 0.02971075 0.07524243 0.06363785 0.07341213 0.04311311
0.04659314 0.00530684 0.00052858 0.00683753 0.04247407 0.36557799 0.07467335 0.33867441 0.04418293 0.07586384 0.03188332 0.07087982 0.01830440
0.04570055 0.00473391 0.00048458 0.00447624 0.03538420 0.36572785 0.05815565 0.34106278 0.02441942 0.07669094 0.06589194 0.06696219 0.02966876
0.04506590 0.00280985 0.00046241 0.00110862 0.01367416 0.36557337 0.07481435 0.34095373 0.03644342 0.07698746 0.04609023 0.06737892 0.02601733
0.05281069 0.00211326 0.00055564 0.00110118 0.00230551 0.36589128 0.06933944 0.34125452 0.04173167 0.07770332 0.05533237 0.07099830 0.02495675
0.05151471 0.00159347 0.00051023 0.00074887 0.00218061 0.36608192 0.05784504 0.34041545 0.02914661 0.07784679 0.07745718 0.07171563 0.02734325
0.05202345 0.00175240 0.00052976 0.00056842 0.00140729 0.36567045 0.08709539 0.33807370 0.04461785 0.07782263 0.03376195 0.07262828 0.01835245
0.05164199 0.00066843 0.00050352 0.00038559 0.00056637 0.36677775 0.06056350 0.33649270 0.02664478 0.07784977 0.07724296 0.07068643 0.01974525
0.05152238 0.00221289 0.00053253 0.00184545 0.00158429 0.36514766 0.07850356 0.33568142 0.03783132 0.07726134 0.04758713 0.06975567 0.03197363
0.05228548 0.00070071 0.00071713 0.00309598 0.00222464 0.36668215 0.06531348 0.33667376 0.03405090 0.07673009 0.06188812 0.07296475 0.02090641
0.05114156 0.00087156 0.00046822 0.00252654 0.00154743 0.36545208 0.06139455 0.33855122 0.03603094 0.06887554 0.07073618 0.07260341 0.03911281
0.05200229 0.00138046 0.00037015 0.00150793 0.00141769 0.36654247 0.07706298 0.34045529 0.04224259 0.06857406 0.04654664 0.07104404 0.01820058
0.05137575 0.01112626 0.00043463 0.01011249 0.02092881 0.36561559 0.05724138 0.33995195 0.02542903 0.06904989 0.07944207 0.06801264 0.02017334
0.05047677 0.00238544 0.00039623 0.00101481 0.02656405 0.36612855 0.08009891 0.34173990 0.04395516 0.06860152 0.04072122 0.06669752 0.01988512
0.04967792 0.00329325 0.00043301 0.00462469 0.02961367 0.36603532 0.06057750 0.34072820 0.04221060 0.06923913 0.06792456 0.07096723 0.01940377
0.04890191 0.00693551 0.00043187 0.00737823 0.02568421 0.36603151 0.06998786 0.34013696 0.03550236 0.06916316 0.06311349 0.07413998 0.04080586
0.04929120 0.00260500 0.00039580 0.00425080 0.02170463 0.36632598 0.07233503 0.33851925 0.03962888 0.06917000 0.05800297 0.07117696 0.01980285
0.05137977 0.00165033 0.00050222 0.00311216 0.02228484 0.36616862 0.06005010 0.33607885 0.03328164 0.06959749 0.07503834 0.07118427 0.03485472
0.05072153 0.00206238 0.00052072 0.00240342 0.00275170 0.36656720 0.08461323 0.33630788 0.04679647 0.06904839 0.04132403 0.07218295 0.01829900
0.05040125 0.00065884 0.00053575 0.00071157 0.00172112 0.36617427 0.06218739 0.33793952 0.03184241 0.06954988 0.07699129 0.07409369 0.02915697
0.04939371 0.00142525 0.00053900 0.00085883 0.00153824 0.36677915 0.07822048 0.33869160 0.04387926 0.06902725 0.05831639 0.07332632 0.01994293
0.04893475 0.00178067 0.00057423 0.00053135 0.00120578 0.36550910 0.06612973 0.34007981 0.04912300 0.06896144 0.06155363 0.06945403 0.02047206
0.04744514 0.00115957 0.00064587 0.00097436 0.03969905 0.36832837 0.06304024 0.34155121 0.03683780 0.06042895 0.06805855 0.06822029 0.02178699
0.04731192 0.00085809 0.00071145 0.00043939 0.00070851 0.36539589 0.07682996 0.34062950 0.04017352 0.06804293 0.04870985 0.06925451 0.01702607
0.04688064 0.00559259 0.00049538 0.00961414 0.01939261 0.36803211 0.05751689 0.34185114 0.03390268 0.05986988 0.07266439 0.07035283 0.02158428
0.05796546 0.00209248 0.00054917 0.00314613 0.00734070 0.36584111 0.07820502 0.33911296 0.04415938 0.05951124 0.04933665 0.07170092 0.02170710
0.05844279 0.00073612 0.00075335 0.00177330 0.00044903 0.36718897 0.05721197 0.33735665 0.03588308 0.06423872 0.06757162 0.07167390 0.03376756
0.05549875 0.00164686 0.00054248 0.00240227 0.00336087 0.36658166 0.06925972 0.33678475 0.05401759 0.06483951 0.05566948 0.06937999 0.02948159
0.05398580 0.00239083 0.00070088 0.00160143 0.00305470 0.36657719 0.06859457 0.33528950 0.03843264 0.06514493 0.05568237 0.07111173 0.01960504
0.05190587 0.00071861 0.00094640 0.00072185 0.00094530 0.36728103 0.06551038 0.33710513 0.03209717 0.06670039 0.06457452 0.07256788 0.02986431
0.04279639 0.00909687 0.00122700 0.00722374 0.02425524 0.36635923 0.07773426 0.33903853 0.04321967 0.06796013 0.04196557 0.07240570 0.01610791
0.03670152 0.00777494 0.00093158 0.00861811 0.04244798 0.36735559 0.04670805 0.34011417 0.04755972 0.07046661 0.06472187 0.07004945 0.02269764
0.03739575 0.00278380 0.00119352 0.00608607 0.04221784 0.36688727 0.07393535 0.34116870 0.03101502 0.07244360 0.04131056 0.06636161 0.01493104
0.03690185 0.00272520 0.00048286 0.00133106 0.02808604 0.36741512 0.06693742 0.34154648 0.02431010 0.07269201 0.05726997 0.06808551 0.02124249
0.03646716 0.00740345 0.00048608 0.01010227 0.03467842 0.36637231 0.05862276 0.34073441 0.03702847 0.07420062 0.05749110 0.07084450 0.01695284
0.03612604 0.00343881 0.00078990 0.00018129 0.00144701 0.36815771 0.06464748 0.33969064 0.04860615 0.07969351 0.04036115 0.07093273 0.01926768
0.03653121 0.00163188 0.00098964 0.00027679 0.00094568 0.36615265 0.04833747 0.33723280 0.03042495 0.07865316 0.07114397 0.06962867 0.02032461
0.03706277 0.00071691 0.00063954 0.00018732 0.00056163 0.36888961 0.07395872 0.33574593 0.03267409 0.07739521 0.04720577 0.07091658 0.01913162
0.03691459 0.00079197 0.00044769 0.00025097 0.00043975 0.36607223 0.06693333 0.33668541 0.03146603 0.07472067 0.06107191 0.07025588 0.01792190
0.03590706 0.00094324 0.00041610 0.00021612 0.00043734 0.36848853 0.06809034 0.33711457 0.03704156 0.07393145 0.05055818 0.07275273 0.01730264
0.03594580 0.00091046 0.00038062 0.00017734 0.00061114 0.36665753 0.06979005 0.33875219 0.03641537 0.07231860 0.04716857 0.07014121 0.01801103
0.03564988 0.00049326 0.00036409 0.00019865 0.00038155 0.36786388 0.05508301 0.34099412 0.02786577 0.07234218 0.06918826 0.06689107 0.02002979
0.03475915 0.00093335 0.00045010 0.00015355 0.00063206 0.36665940 0.07314359 0.34006732 0.03826451 0.07313687 0.04214915 0.06700787 0.01850947
0.03431007 0.00798774 0.00251259 0.00569404 0.02872863 0.36707223 0.04255503 0.34139670 0.04699200 0.07364718 0.06066911 0.06660378 0.01517297
0.03326117 0.00418900 0.00098751 0.00173042 0.02712946 0.36671733 0.06105296 0.34030919 0.03929612 0.07583575 0.04149848 0.07334192 0.01486892
0.03431500 0.00313589 0.00078827 0.00034942 0.04103217 0.36703522 0.05375688 0.33836112 0.04223499 0.07668997 0.05338981 0.07192679 0.01595543
0.03517349 0.00459075 0.00068217 0.00171353 0.02485674 0.36660817 0.04696007 0.33673443 0.05564842 0.07829696 0.05872449 0.06888894 0.01753642
0.03544098 0.00272260 0.00224435 0.00239104 0.02533826 0.36628845 0.05709162 0.33526805 0.04485134 0.07958524 0.06030449 0.07181197 0.01876609
0.03463154 0.00251352 0.00137392 0.00061572 0.00242090 0.36634048 0.04966915 0.33551456 0.05399027 0.07948911 0.05944465 0.07136977 0.01647241
0.03483426 0.00207123 0.00095024 0.00039922 0.00205374 0.36521322 0.06354404 0.33759863 0.04824729 0.07964247 0.05683897 0.07248063 0.01668559
0.03573565 0.00175277 0.00058859 0.00041317 0.00232052 0.36698738 0.05812564 0.33820261 0.03380562 0.07822688 0.06230122 0.07063256 0.01548265
0.03597109 0.00097109 0.00097369 0.00015693 0.00064923 0.36476973 0.05964027 0.33916429 0.03442371 0.07922116 0.05204612 0.06606261 0.01528483
0.03563512 0.00137872 0.00046165 0.00149957 0.00176022 0.36631562 0.05316916 0.34074332 0.03891964 0.07914547 0.05790332 0.06638558 0.01443227
0.03562546 0.00220919 0.00052111 0.00486515 0.00596724 0.36458793 0.04826667 0.33911454 0.04456244 0.07875437 0.05418709 0.06891466 0.02250058
0.04773130 0.00804104 0.00141320 0.00883674 0.03537171 0.36634477 0.05488498 0.34050449 0.04661449 0.08363936 0.05318321 0.07002700 0.01614519
0.04985926 0.00344722 0.00093173 0.00283383 0.02959485 0.36533258 0.05171854 0.33792249 0.03353933 0.08287275 0.06196866 0.06990770 0.01420907
0.05093637 0.00288743 0.00072690 0.00394907 0.02487640 0.36679069 0.05460779 0.33510384 0.03330254 0.08179797 0.05324532 0.07028034 0.01737991
0.05186551 0.00121962 0.00050513 0.00188530 0.01741575 0.36557852 0.05750039 0.33513603 0.04170969 0.08089715 0.04867268 0.06831323 0.01416253
0.05207034 0.00175295 0.00044137 0.00078573 0.03400152 0.36686431 0.05050550 0.33570223 0.04691555 0.07982390 0.05103860 0.07122199 0.01502765
0.05142498 0.00126949 0.00037882 0.00063534 0.00062331 0.36597006 0.06235586 0.33688750 0.04974420 0.08010921 0.04820770 0.07128816 0.01502633
0.05150972 0.00201287 0.00037029 0.00017898 0.00172397 0.36630203 0.05229987 0.33977877 0.03457994 0.07969990 0.06225949 0.06870955 0.01603344
0.05048096 0.00115675 0.00044055 0.00027003 0.00138277 0.36665480 0.05328775 0.33980825 0.03580684 0.08074947 0.05855401 0.06583688 0.01796863
0.05072518 0.00146537 0.00372030 0.00015652 0.00107580 0.36574338 0.05314877 0.34096735 0.03975110 0.08444818 0.05483701 0.06491436 0.01698307
0.05253830 0.00156774 0.00079206 0.00020859 0.00107150 0.36749109 0.06001669 0.34167182 0.04145023 0.08373941 0.05421315 0.06845248 0.01474373
0.05386964 0.00084977 0.00084574 0.00015147 0.00044905 0.36536630 0.06310891 0.33896311 0.03838061 0.09215951 0.05244611 0.07127813 0.01510534
0.05897676 0.00271710 0.00104151 0.00312628 0.02680735 0.36736492 0.05822632 0.33819116 0.02971531 0.08904892 0.05902233 0.06958189 0.01613223
0.06025625 0.00590420 0.00065346 0.00611289 0.04299040 0.36569918 0.05731154 0.33590223 0.03497007 0.08932876 0.05381030 0.06868078 0.01718790
0.07085418 0.00434664 0.00046214 0.00267159 0.01912005 0.36708208 0.05420715 0.33549132 0.04200624 0.08912069 0.05863041 0.07156840 0.02091004
0.07203855 0.00286302 0.00040981 0.00566815 0.02820304 0.36596163 0.06226286 0.33774075 0.03628776 0.09011933 0.05799509 0.07164735 0.01751542
0.07255826 0.00254811 0.00061018 0.00210831 0.01964642 0.36639350 0.06594262 0.33840996 0.03914905 0.08801869 0.05166246 0.07281406 0.01793371
0.07147024 0.00071310 0.00246669 0.00025617 0.00056646 0.36553225 0.06784597 0.33892266 0.03085633 0.09111078 0.06667061 0.06806071 0.01887623
0.07136242 0.00808276 0.00117298 0.00703372 0.01241782 0.36636042 0.06780288 0.34189394 0.03412866 0.09418362 0.04913143 0.06971962 0.01907647
0.07041352 0.00104863 0.00112844 0.00017857 0.00061871 0.36544874 0.05705748 0.34076549 0.02847977 0.09652997 0.05864361 0.06991674 0.01900641
0.07127561 0.00088244 0.00080246 0.00024928 0.00052337 0.36593114 0.06312187 0.34109279 0.03161491 0.09664029 0.04948873 0.06859021 0.01727481
0.07177761 0.00078328 0.00140063 0.00017599 0.00054865 0.36682463 0.06225604 0.33967695 0.03202741 0.09655433 0.05169452 0.07048169 0.01796217
0.07159992 0.00052218 0.00072217 0.00019007 0.00036051 0.36523775 0.06641023 0.33625964 0.02657350 0.09540314 0.06285725 0.07083742 0.01734503
0.07162299 0.00076471 0.00070993 0.00017611 0.00052401 0.36692014 0.06836329 0.33597994 0.03408595 0.09399841 0.04784460 0.06903954 0.01692922
0.06769665 0.00114507 0.00068120 0.00078761 0.03585974 0.36529596 0.05590226 0.33486603 0.02694859 0.09328007 0.06045714 0.06959488 0.01737969
0.07721949 0.00366677 0.00380023 0.00415692 0.02754431 0.36607223 0.06238084 0.33665071 0.03100295 0.09845894 0.05673084 0.07265670 0.01642359
0.07715575 0.00076455 0.00082283 0.00018701 0.00074310 0.36517491 0.06468295 0.33930876 0.03145733 0.09945138 0.05141720 0.07104786 0.02064508
0.07607068 0.00106087 0.00068997 0.00056027 0.00141835 0.36565283 0.07103210 0.34022115 0.02996328 0.09761086 0.06069709 0.06828635 0.01676473
0.07460286 0.00172801 0.00071469 0.00240209 0.03393936 0.36529888 0.06235165 0.34050189 0.03281356 0.09861525 0.04605246 0.06458272 0.01675281
0.07436099 0.00328804 0.00079980 0.00368909 0.02557581 0.36583134 0.05988589 0.34221360 0.02867173 0.09853302 0.05650960 0.06751137 0.01717831
0.07432880 0.00083617 0.00067349 0.00196981 0.02811053 0.36655194 0.06294556 0.34150620 0.03011681 0.09942975 0.05342269 0.06936302 0.01769080
0.07467988 0.00376701 0.00059512 0.00461416 0.02682279 0.36639040 0.05826580 0.33982393 0.03447759 0.09494038 0.05503370 0.07005936 0.01706405
0.07397066 0.00273249 0.00326482 0.00016656 0.00305078 0.36599865 0.05588484 0.33727289 0.03830766 0.09631066 0.04966592 0.07279537 0.01537682
0.07392712 0.00130027 0.00190761 0.00027355 0.00080210 0.36637574 0.05499592 0.33487709 0.03695430 0.09737606 0.04905364 0.06890688 0.01590215
0.07527359 0.00066176 0.00137205 0.00026697 0.00041444 0.36628184 0.06255318 0.33600743 0.02893677 0.09792205 0.05085104 0.07126763 0.01558073
0.07570154 0.00063119 0.00097433 0.00019513 0.00042376 0.36627780 0.06868994 0.33679827 0.02897659 0.09762694 0.05216135 0.07163779 0.01581829
0.07553778 0.00106067 0.00084182 0.00015761 0.00055397 0.36658966 0.05977504 0.33822124 0.03227262 0.09777048 0.05210212 0.06981309 0.01621675
0.07503852 0.00132863 0.00075142 0.00017379 0.00072133 0.36611453 0.05771808 0.34051638 0.03153280 0.09725786 0.05223610 0.06644314 0.01673639
0.07542458 0.00176940 0.00073757 0.00021644 0.00306356 0.36642578 0.05774779 0.34053332 0.02772761 0.09702219 0.04848533 0.06554943 0.01854317
0.07502384 0.00062150 0.00064992 0.00304818 0.00399336 0.36640884 0.05664423 0.34133959 0.02671160 0.09677940 0.04992963 0.06627508 0.03687026
0.07417109 0.00080354 0.00057346 0.00161463 0.00054640 0.36611238 0.06393798 0.34105888 0.02783288 0.09570685 0.04677176 0.06924987 0.02191640
0.07348142 0.00156881 0.00154507 0.00223100 0.00362976 0.36625093 0.05397912 0.33824233 0.02723842 0.10428335 0.04965412 0.07114052 0.01983024
0.07222966 0.00068533 0.00102027 0.00102064 0.00055153 0.36610849 0.05887073 0.33682734 0.02819468 0.10320283 0.04562014 0.06764589 0.02145685
0.07212634 0.00057186 0.00085451 0.00134891 0.00073697 0.36634441 0.05723339 0.33604103 0.02624142 0.10277620 0.04901799 0.07199316 0.01624961
0.07145568 0.00069994 0.00079953 0.00042006 0.00047988 0.36634406 0.05395719 0.33555925 0.02780106 0.10154818 0.04565930 0.07028247 0.02355584
0.06719291 0.00075106 0.00194062 0.00062742 0.00067958 0.36600947 0.05707041 0.33777654 0.02502970 0.10519422 0.04206010 0.06977197 0.01442660
0.06729195 0.00047874 0.00068980 0.00018943 0.00031281 0.36661389 0.05190859 0.33891954 0.02185623 0.10639706 0.04726350 0.06795048 0.02122151
0.06840796 0.00070873 0.00058629 0.00129859 0.00120466 0.36610203 0.06241255 0.34013421 0.03002489 0.10192561 0.04010392 0.06434205 0.01466457
0.06922087 0.01077393 0.00051704 0.01258569 0.01668948 0.36688679 0.05605190 0.34170321 0.02212578 0.10346695 0.04864323 0.06384215 0.01627108
0.06874140 0.00626675 0.00274716 0.00018489 0.00099951 0.36664708 0.05956949 0.34170158 0.04702430 0.11101026 0.03620104 0.06736384 0.01557901
0.06877726 0.00226595 0.00094548 0.00044490 0.00355446 0.36701951 0.05107373 0.34108889 0.02799589 0.11163675 0.04981108 0.06878960 0.01696222
0.06937097 0.00739295 0.00079676 0.00803769 0.02630237 0.36687829 0.05411678 0.33926088 0.01555073 0.11145686 0.04572539 0.06826974 0.01885840
0.07995677 0.00359819 0.00149729 0.00166146 0.02472035 0.36682819 0.06133529 0.33626552 0.02470567 0.11096121 0.03503972 0.06943254 0.01783268
0.08280096 0.00169438 0.00112741 0.00014619 0.00085988 0.36636510 0.05550797 0.33643957 0.03143367 0.11015804 0.04340268 0.06775491 0.01657829
0.08636061 0.00990018 0.00124371 0.01097968 0.01634477 0.36739422 0.06641761 0.33666852 0.03000951 0.10410303 0.03469438 0.07001726 0.01329058
0.08552951 0.00077244 0.00089534 0.00168634 0.00039774 0.36644137 0.05133839 0.33734474 0.01874298 0.10358336 0.04685356 0.07022581 0.02626088
0.08766426 0.00826114 0.00086236 0.00943894 0.02365497 0.36718421 0.05438974 0.34002557 0.02590622 0.10372967 0.03479033 0.06659495 0.01948308
0.08643477 0.00339757 0.00101615 0.00266964 0.03052610 0.36631332 0.04900538 0.34005357 0.02764329 0.10384439 0.03846091 0.06537239 0.02675167
0.08511374 0.00259988 0.00148823 0.00270534 0.02528884 0.36640344 0.05917787 0.34103236 0.02556298 0.10187223 0.03812420 0.06482594 0.01831971
0.08022053 0.00343683 0.00177273 0.00476912 0.02765492 0.36684918 0.05932692 0.34213609 0.02298011 0.10226249 0.03850918 0.07017648 0.02626917
0.07553622 0.00130611 0.00215797 0.00128481 0.01426365 0.36638713 0.05443615 0.33982480 0.02795157 0.10364236 0.04709634 0.06939952 0.01714006
0.07132933 0.01253531 0.00239574 0.01291417 0.03427563 0.36706128 0.05348888 0.33856379 0.02805709 0.10413820 0.03287042 0.07160031 0.02188787
0.06710620 0.00331698 0.00227494 0.00395048 0.03133934 0.36695893 0.05034137 0.33732203 0.02599188 0.10544836 0.05699826 0.06931082 0.01575067
0.06452230 0.00392331 0.00193605 0.00277171 0.02488944 0.36719754 0.05056881 0.33579975 0.03720587 0.10455372 0.04639269 0.06936727 0.01769371
0.07031828 0.00547239 0.00146788 0.00490000 0.03152995 0.36704309 0.04925601 0.33760372 0.04782007 0.10221657 0.03870245 0.07155349 0.01509002
0.08211973 0.00162320 0.00104320 0.00064663 0.00115779 0.36741699 0.05279519 0.33919357 0.03644035 0.10134834 0.06085992 0.07052983 0.01640716
0.08288637 0.00319237 0.00064329 0.00448732 0.02007843 0.36677249 0.07040681 0.33991382 0.03440297 0.09977027 0.03866812 0.06728344 0.01454762
0.08289685 0.00425952 0.00056006 0.00466885 0.02699005 0.36773740 0.04937317 0.34193097 0.02910235 0.09988053 0.05562348 0.06356732 0.01662393
0.08457975 0.00210365 0.00056417 0.00267016 0.00218631 0.36672818 0.05879708 0.34181984 0.04182244 0.10003018 0.03340955 0.06611920 0.01970748
0.08271475 0.00200947 0.00062340 0.00033066 0.00119295 0.36688077 0.05003011 0.34153875 0.03910286 0.10322984 0.05464599 0.06859514 0.01705196
0.08300145 0.00234838 0.00078887 0.00196480 0.00304114 0.36682491 0.05937812 0.34094627 0.03109174 0.10430766 0.06213788 0.06963360 0.01530746
0.07922641 0.00117509 0.00190860 0.00025494 0.00098795 0.36647176 0.05830588 0.33779419 0.03732944 0.10713366 0.04845365 0.07059100 0.01567886
0.07785436 0.00138780 0.00197155 0.00067349 0.00335187 0.36682252 0.05291673 0.33654132 0.03275295 0.10841828 0.06593399 0.06823722 0.01462762
0.07352567 0.00254991 0.00141509 0.00021156 0.00223760 0.36661067 0.05446784 0.33712233 0.04511322 0.11116896 0.03904688 0.06999631 0.01530752
0.07233514 0.00198211 0.00112074 0.00028556 0.00210604 0.36671971 0.04788340 0.33788055 0.03499202 0.11176586 0.05879646 0.07200546 0.01591305
0.07138203 0.00186467 0.00103966 0.00080169 0.00243192 0.36696554 0.05639236 0.34000116 0.03264497 0.11269504 0.05200085 0.06967869 0.01548783
0.07285550 0.00143081 0.00081616 0.00019034 0.00225308 0.36660683 0.05643547 0.34094408 0.03970905 0.11237060 0.04510368 0.06684405 0.01456318
0.07271348 0.00268531 0.00070897 0.00019969 0.00261450 0.36690281 0.05346652 0.34182015 0.03902307 0.11169409 0.06287620 0.06427928 0.01454199
0.07402121 0.00260958 0.00058772 0.00098825 0.02444200 0.36710979 0.05755569 0.34307528 0.04014917 0.11126533 0.04338592 0.06602714 0.01775408
0.07325462 0.00090304 0.00112177 0.00016646 0.00041120 0.36644922 0.05477294 0.34175299 0.02884726 0.10974775 0.06143905 0.07443409 0.01690130
0.07693006 0.00075711 0.00120313 0.00030763 0.00329248 0.36747733 0.06226821 0.33984172 0.03361141 0.10973130 0.04137934 0.06975995 0.01472315
0.07912808 0.00208108 0.00069656 0.00044424 0.00313248 0.36637712 0.06269474 0.33812156 0.03772742 0.10350059 0.04944394 0.06934790 0.01596028
0.07802262 0.00300261 0.00080092 0.00043496 0.00326033 0.36739863 0.05548500 0.33647987 0.03853447 0.09792817 0.06360774 0.06867924 0.01629821
0.07736306 0.00772508 0.00160829 0.00738225 0.01806092 0.36683946 0.05966065 0.33731269 0.04510939 0.09394466 0.04014673 0.07241280 0.01836826
0.07715260 0.00445344 0.00130276 0.00333031 0.00531067 0.36680618 0.05229083 0.33794993 0.02960365 0.09447284 0.06812872 0.07105835 0.02006985
0.07755067 0.00326484 0.00089714 0.00177162 0.00270942 0.36688549 0.05638487 0.33957689 0.03788611 0.09466517 0.04294329 0.06980354 0.03216496
0.07867701 0.00139353 0.00075021 0.00257800 0.00250817 0.36679523 0.06144852 0.34057393 0.03576639 0.09537241 0.05428890 0.06653531 0.01581392
0.07789683 0.00681535 0.00067792 0.00528397 0.02282096 0.36697695 0.05262386 0.34144576 0.04324664 0.08416046 0.05471753 0.06560026 0.03367529
0.06856018 0.00263480 0.00240916 0.00170741 0.00373814 0.36699592 0.05332664 0.34110036 0.04442766 0.08844717 0.05582249 0.06775598 0.01654472
0.06373576 0.00166139 0.00141378 0.00075895 0.00147681 0.36689919 0.05079949 0.34039802 0.03987509 0.08761984 0.06335780 0.07063204 0.02419762
0.06342202 0.00124566 0.00087904 0.00074397 0.00096476 0.36734717 0.06029291 0.33862610 0.04601853 0.08668714 0.04120133 0.07088270 0.01456410
0.06266526 0.00068958 0.00065371 0.00042544 0.00066000 0.36716494 0.05670329 0.33639101 0.02891412 0.08465951 0.06848068 0.06858108 0.01668300
0.06176156 0.00082704 0.00105348 0.00019767 0.00061285 0.36734144 0.05800571 0.33524949 0.03239806 0.08321005 0.04788270 0.07156903 0.01639147
0.06115666 0.00106782 0.00082532 0.00030755 0.00076430 0.36735313 0.05305521 0.33627279 0.03716324 0.08299279 0.05162479 0.07001295 0.01437108
0.05958536 0.00113411 0.00076301 0.00012787 0.00064247 0.36724417 0.05475621 0.33691797 0.03528403 0.08185263 0.05749736 0.07119336 0.01788213
0.05870830 0.00078672 0.00083946 0.00024106 0.00056071 0.36726545 0.05839718 0.33891051 0.03514804 0.08303878 0.04882926 0.06806773 0.01436108
0.05917264 0.00048544 0.00123327 0.00013215 0.00033474 0.36768203 0.05606974 0.34042559 0.02682683 0.08301469 0.06179723 0.06563223 0.01657712
0.06283190 0.00790228 0.00077821 0.00892791 0.02704852 0.36759016 0.05878662 0.34142049 0.03688598 0.08461952 0.04426381 0.06622063 0.03875840
0.06205377 0.00271281 0.00069727 0.00379704 0.02742722 0.36788754 0.05470605 0.34248682 0.03370361 0.08526465 0.05608442 0.06857000 0.02026492
0.06044593 0.00322678 0.00079432 0.00514574 0.02951590 0.36788952 0.05865891 0.34085789 0.03240167 0.08644716 0.05346228 0.07017123 0.03021713
0.06048555 0.00197672 0.00071491 0.00167469 0.01885234 0.36776992 0.05599423 0.33897944 0.03741414 0.08704554 0.05365600 0.06944387 0.02108510
0.05938134 0.00484188 0.00088032 0.00496752 0.03207500 0.36774407 0.06058584 0.33678955 0.03079207 0.08758891 0.06073779 0.07008333 0.01582646
0.05961093 0.00321373 0.00066350 0.00228094 0.02803605 0.36770187 0.06217877 0.33691895 0.03863336 0.08677495 0.04977669 0.06956166 0.01917891
0.05823584 0.00297575 0.00112534 0.00047935 0.00341971 0.36780889 0.05958941 0.33718849 0.03166541 0.08666810 0.06344013 0.07173712 0.01615984
0.05891187 0.00291795 0.00056428 0.00025329 0.00337006 0.36779285 0.06198498 0.33864213 0.04256407 0.08531729 0.04978937 0.07122712 0.01610620
0.05927144 0.00152637 0.00061189 0.00026035 0.00112795 0.36717848 0.05454891 0.34036633 0.04018468 0.08734209 0.06009630 0.06814730 0.01675907
0.05894368 0.00092499 0.00051860 0.00025517 0.00051696 0.36776098 0.06243159 0.34128573 0.03867434 0.08803942 0.05951659 0.06554055 0.01578663
0.05916443 0.00065102 0.00043710 0.00015599 0.00044830 0.36721153 0.06053715 0.34213366 0.03524286 0.08797792 0.06056647 0.06664888 0.01692292
0.05962781 0.00075775 0.00139748 0.00021575 0.00041576 0.36730621 0.05942704 0.34105323 0.03668162 0.08957124 0.06379747 0.06906127 0.01570272
0.05882614 0.00113606 0.00142112 0.00080251 0.00091880 0.36707725 0.05721979 0.34086127 0.04612195 0.09286266 0.04978847 0.07035579 0.01629428
0.06110605 0.00150976 0.00065346 0.00084035 0.03007608 0.36735068 0.05014633 0.33833289 0.03484891 0.09544462 0.07018364 0.07029634 0.01840679
0.05932928 0.00070814 0.00222385 0.00069844 0.00139049 0.36696798 0.06172980 0.33729530 0.03688479 0.09638003 0.05484015 0.07102454 0.01548746
0.06250187 0.00266891 0.00107516 0.00033298 0.00045319 0.36673525 0.05609866 0.33636713 0.05753839 0.09612298 0.06101220 0.07030814 0.01498085
0.06337342 0.00245028 0.00164740 0.00033166 0.00301205 0.36644278 0.05485183 0.33837632 0.04384152 0.09803859 0.06489018 0.07507311 0.01567401
0.06124326 0.00107361 0.00087351 0.00022040 0.00125520 0.36718354 0.06434013 0.33948696 0.03925692 0.09839646 0.05111762 0.07036906 0.01447377
0.05992061 0.00466608 0.00074505 0.00351640 0.01954795 0.36578394 0.05182282 0.34022747 0.03103934 0.09782168 0.07322471 0.06747021 0.01909695
0.05846270 0.00305933 0.00082621 0.00242456 0.03698998 0.36661882 0.05869950 0.34107113 0.04667319 0.09809042 0.04511319 0.06507892 0.01394083
0.05529784 0.00241858 0.00094914 0.00117181 0.02277638 0.36588516 0.05136748 0.34191071 0.03837217 0.09788681 0.06131826 0.06813559 0.02061988
0.05650187 0.00563103 0.00095173 0.00660146 0.03767158 0.36634241 0.07097742 0.34125123 0.03301191 0.09858334 0.04892026 0.07173895 0.01630085
0.05651493 0.00081418 0.00086510 0.00148427 0.01641891 0.36637840 0.08240476 0.33975964 0.03112528 0.09872537 0.05377356 0.07013999 0.01794368
0.05506735 0.00158594 0.00095497 0.00021934 0.00066123 0.36596967 0.06673415 0.33682931 0.03084226 0.08791039 0.06108037 0.07066503 0.01903274
0.06052642 0.00594722 0.00081475 0.00615783 0.02298913 0.36716706 0.07182645 0.33741184 0.04152740 0.08876471 0.04715003 0.07085511 0.01805539
0.05944687 0.00223992 0.00075171 0.00290539 0.03293871 0.36593889 0.06554548 0.33665699 0.02899893 0.09312761 0.06291891 0.07053537 0.01925367
0.05828259 0.00908091 0.00090147 0.00758751 0.01147019 0.36638474 0.07438855 0.33845856 0.03543542 0.09420608 0.05097138 0.07233090 0.01978077
0.05858834 0.00254109 0.00091490 0.00469581 0.02806479 0.36526027 0.06613411 0.33980665 0.03309851 0.09314992 0.06000987 0.07064841 0.01946491
0.05638872 0.00966037 0.00064951 0.00771709 0.03130302 0.36557985 0.06310016 0.34128207 0.03458999 0.09457344 0.06048009 0.06836243 0.02185794
0.05691913 0.00148060 0.00123592 0.00287991 0.02583170 0.36493883 0.06839962 0.34150683 0.03508669 0.09415179 0.05063046 0.06627112 0.03224411
0.05608678 0.00412595 0.00119837 0.00534579 0.03348214 0.36635331 0.06327714 0.34180831 0.02716193 0.09489803 0.06396957 0.06738626 0.02396691
0.06020706 0.00347130 0.00104955 0.00177002 0.02356582 0.36479827 0.06723466 0.34087936 0.03408937 0.09537791 0.04760038 0.07071305 0.02153066
0.05853377 0.00381653 0.00098313 0.00406001 0.03186385 0.36675287 0.06330246 0.33878875 0.02861239 0.09537262 0.05278981 0.07226003 0.01805995
0.05785581 0.00368543 0.00084004 0.00345890 0.02255737 0.36473398 0.06054679 0.33650121 0.02662917 0.09567984 0.05643806 0.06932151 0.01929950
0.05788913 0.00239047 0.00072157 0.00521344 0.02685393 0.36650351 0.06801854 0.33546880 0.03205554 0.09591832 0.04235061 0.06899286 0.01754160
0.05734362 0.00496160 0.00155144 0.00886248 0.02215317 0.36447381 0.05848346 0.33639145 0.02469818 0.10365959 0.06304857 0.07403442 0.01822166
0.05621515 0.00533905 0.00108241 0.00422793 0.03050051 0.36525437 0.06485595 0.33868863 0.04483932 0.10377697 0.04145054 0.07205553 0.01652121
0.05071934 0.00746784 0.00095201 0.00456361 0.01684268 0.36502689 0.05858387 0.33883092 0.03187531 0.09670415 0.05769034 0.07030884 0.02009006
0.04971145 0.00066175 0.00099796 0.00031593 0.04120782 0.36553380 0.06259588 0.34012058 0.02894017 0.09045000 0.05169774 0.06531415 0.01697178
0.04830177 0.00084838 0.00079996 0.00019831 0.00107073 0.36555465 0.06359748 0.34063074 0.02958198 0.08929818 0.04898541 0.06634095 0.01674744
0.04885136 0.00274433 0.00057805 0.00117922 0.00237868 0.36540755 0.05599262 0.34105519 0.04472683 0.08861146 0.06356881 0.06975279 0.02160572
0.04954476 0.00131742 0.00051600 0.00097138 0.00164222 0.36545987 0.06670865 0.33950797 0.04057782 0.08910805 0.04390286 0.06947036 0.01862473
0.05052989 0.00907001 0.00054492 0.00903597 0.02548093 0.36566653 0.05488263 0.33735454 0.03236935 0.08865996 0.06181128 0.06952334 0.01679696
0.05088599 0.00496303 0.00048469 0.00388005 0.03557525 0.36605279 0.05569039 0.33609997 0.04899398 0.08983092 0.04924917 0.07000239 0.01507359
0.04980550 0.00302397 0.00050936 0.00169345 0.02026331 0.36518790 0.05762111 0.33572156 0.05036057 0.08974834 0.05076492 0.07033575 0.01717305
0.05264826 0.00232459 0.00097091 0.00493735 0.04088728 0.36706103 0.05313994 0.33670783 0.03451271 0.08416951 0.06222667 0.07118915 0.01687764
0.05290478 0.00257784 0.00070025 0.00347717 0.03171258 0.36496673 0.06531586 0.33822603 0.03284270 0.08406089 0.04681873 0.07114871 0.01518124
0.05282165 0.00271504 0.00068976 0.00232979 0.02487599 0.36791505 0.05196358 0.34043522 0.03352123 0.08513412 0.06191880 0.06902677 0.01759025
0.05091220 0.00344487 0.00083329 0.00027429 0.00339497 0.36518994 0.05495617 0.34038789 0.05385452 0.08450989 0.04398602 0.06582357 0.01337666
0.04796634 0.00066410 0.00186068 0.00013698 0.00034999 0.36793247 0.04936174 0.34097388 0.03445140 0.09146437 0.05159780 0.06555835 0.01401868
0.05288233 0.00589759 0.00115255 0.00826609 0.04442200 0.36562554 0.04935818 0.34077485 0.03124856 0.08402536 0.05769825 0.06816432 0.01404619
0.04911312 0.00201576 0.00068739 0.00115318 0.02414513 0.36748825 0.06100109 0.33968894 0.03640859 0.08406976 0.04508755 0.07207426 0.01730214
0.05121234 0.00518596 0.00068743 0.00515906 0.03137483 0.36685834 0.05892603 0.33785364 0.03483739 0.08326904 0.05586674 0.06889068 0.01419964
0.04755156 0.00526018 0.00062618 0.00817598 0.03746321 0.36752136 0.05620242 0.33579846 0.03642136 0.08337917 0.04052353 0.06826002 0.01490971
0.04601516 0.00268112 0.00076431 0.00240467 0.03882037 0.36683698 0.04815748 0.33592137 0.03059903 0.08323765 0.05244126 0.06881815 0.01682432
0.06608307 0.00289251 0.00076014 0.00193716 0.02241364 0.36726115 0.05428380 0.33689479 0.02837440 0.08351528 0.05398315 0.07041332 0.01980124
0.07127900 0.00665143 0.00115863 0.00640844 0.02654530 0.36618077 0.05426688 0.33753849 0.03609332 0.08403796 0.04554370 0.06973444 0.01564752
0.07103372 0.01217026 0.00064602 0.01360140 0.01490826 0.36646472 0.05450947 0.33925023 0.03401500 0.08434755 0.05031132 0.06610019 0.01529705
0.06861556 0.00373137 0.00201361 0.00171805 0.02385360 0.36610926 0.05395020 0.34005863 0.02601477 0.09112248 0.03811456 0.06377592 0.01685592
0.06924916 0.00094101 0.00072984 0.00085855 0.02848192 0.36494710 0.05121797 0.33985055 0.02620734 0.09107396 0.04482543 0.06586763 0.01784861
0.07165500 0.00130291 0.00058519 0.00273023 0.02382403 0.36650857 0.05324233 0.33974936 0.02780383 0.09290392 0.05183784 0.06727741 0.01503203
0.07236172 0.00214014 0.00104221 0.00423784 0.02452762 0.36496174 0.04957640 0.33801632 0.02459814 0.09348194 0.04389518 0.06811582 0.01541062
0.06902668 0.00250473 0.00072251 0.00098111 0.01894370 0.36709060 0.05323610 0.33648244 0.02656877 0.09554314 0.04065260 0.06883517 0.01605602
0.06277235 0.00434430 0.00123353 0.00397706 0.02527874 0.36549324 0.05349411 0.33563093 0.02484004 0.10448304 0.04130269 0.06823523 0.01444626
0.05977870 0.00191042 0.00148281 0.00039073 0.01256458 0.36671893 0.05067817 0.33540888 0.02550006 0.10431025 0.04537778 0.06766609 0.01552541
0.05075485 0.00148647 0.00078959 0.00231907 0.01106910 0.36609816 0.05443668 0.33730231 0.03212187 0.10201181 0.03928100 0.07027897 0.02091789
0.04896720 0.00057565 0.00062525 0.00129450 0.00514868 0.36662633 0.05445958 0.33935960 0.02505290 0.10063352 0.05382736 0.06846473 0.01527140
0.04774515 0.00063353 0.00052060 0.00042588 0.00323571 0.36591079 0.06085094 0.33995543 0.02719892 0.09868148 0.04193724 0.06599619 0.01601966
0.04638914 0.00093025 0.00053732 0.00077172 0.00289100 0.36691363 0.05569584 0.34078986 0.02790498 0.09826437 0.05296404 0.06269211 0.01510870
0.04691516 0.00111516 0.00052433 0.00427846 0.00136990 0.36590896 0.05206698 0.34101177 0.03417406 0.09834731 0.04228831 0.06506786 0.04268111
0.04681996 0.00294725 0.00072055 0.00281454 0.02015896 0.36624698 0.05718155 0.34031170 0.02772821 0.09920590 0.05206955 0.06943065 0.01660395
0.04583304 0.00206493 0.00072240 0.00406855 0.02676799 0.36555182 0.05051059 0.33830503 0.02976708 0.09492029 0.05466475 0.06986223 0.01624925
0.04626229 0.00146950 0.00063493 0.00335647 0.02193588 0.36602490 0.05697157 0.33652268 0.03980390 0.09610914 0.03958672 0.06759506 0.01525599
0.04641119 0.00287245 0.00065634 0.00179184 0.02087653 0.36633328 0.05063776 0.33530898 0.02676574 0.09817838 0.06113188 0.06886475 0.01803877
0.04601313 0.00452470 0.00073371 0.00414917 0.02567282 0.36554229 0.06016529 0.33642302 0.03345670 0.09868761 0.04157076 0.06941836 0.01483512
0.04548456 0.01303711 0.00074445 0.01239141 0.01850428 0.36666284 0.05510964 0.33752886 0.02898243 0.09966004 0.04662564 0.06988664 0.02226902
0.04636000 0.00411333 0.00079919 0.00397504 0.02809847 0.36515582 0.05036815 0.33860068 0.03819176 0.09888459 0.04184878 0.06941968 0.01814752
0.04640635 0.00206744 0.00069712 0.00501842 0.02952706 0.36595977 0.05716522 0.34018560 0.02868066 0.09840960 0.04522412 0.06550942 0.01648285
0.04998217 0.00893922 0.00056407 0.00739635 0.04282380 0.36485643 0.05690584 0.34067234 0.02143495 0.09676993 0.05468548 0.06582027 0.02044617
0.05232770 0.00811897 0.00051067 0.00884641 0.04211325 0.36591296 0.06194612 0.34102898 0.03541690 0.09626994 0.03862725 0.06654849 0.01785250
0.05236759 0.00806031 0.00051994 0.00883544 0.04663078 0.36498455 0.05414161 0.34030360 0.02835300 0.09512952 0.04558074 0.06896263 0.01875483
0.05245309 0.00382251 0.00055774 0.00393834 0.02966724 0.36635882 0.05617961 0.33781166 0.02825716 0.09736251 0.03874491 0.07007545 0.02095844
0.05217193 0.00790418 0.00059224 0.00920759 0.02958658 0.36528569 0.04631289 0.33620852 0.01966844 0.09810991 0.05225637 0.06784510 0.01831182
0.05263384 0.00173926 0.00053899 0.00414301 0.03140076 0.36617706 0.05674248 0.33504748 0.02846638 0.09997036 0.02870493 0.06612436 0.01389981
0.05217078 0.00171955 0.00055279 0.00213722 0.02030642 0.36563519 0.04833979 0.33581274 0.02928949 0.10158180 0.04575514 0.06951471 0.01762346
0.05872873 0.00170423 0.00091130 0.00098698 0.00215349 0.36587339 0.05353836 0.33859556 0.02971259 0.11064124 0.04800401 0.07060281 0.01288572
0.05721119 0.00087289 0.00127717 0.00055136 0.00125279 0.36569830 0.05451397 0.33954201 0.02904763 0.11050322 0.04770934 0.06726351 0.01353045
0.05669144 0.00241489 0.00100941 0.00495209 0.03101391 0.36509820 0.04595063 0.34021875 0.03188489 0.10327611 0.06514206 0.06694821 0.01371639
0.05559161 0.00223473 0.00129780 0.00022419 0.00182538 0.36690148 0.05398128 0.34132476 0.04281757 0.10282851 0.04571244 0.06416637 0.01598556
0.05461007 0.00146919 0.00089252 0.00050499 0.00168971 0.36473451 0.04076220 0.34008057 0.03455461 0.10034596 0.05984575 0.06816529 0.01448196
0.05023927 0.00291963 0.00083324 0.00052070 0.00390814 0.36733122 0.06484143 0.33943878 0.03163373 0.09656939 0.04135755 0.06928988 0.01541524
0.05196318 0.00152241 0.00073585 0.00065309 0.00269711 0.36517673 0.05325825 0.33782468 0.02896596 0.09533273 0.06257549 0.06836630 0.01337768
0.05069758 0.00106019 0.00098480 0.00022027 0.00035866 0.36719202 0.05791202 0.33563516 0.03833479 0.10451061 0.04876094 0.06808963 0.01474959
0.05062358 0.00093653 0.00102645 0.00038442 0.00052497 0.36531106 0.05443586 0.33598384 0.03712214 0.10354262 0.04449362 0.06843319 0.01381648
0.05038304 0.00036646 0.00079997 0.00014393 0.00025741 0.36733904 0.04320052 0.33686656 0.02275695 0.10321736 0.06017640 0.06834900 0.01355997
0.05046778 0.00068713 0.00069773 0.00016035 0.00042060 0.36577624 0.05634867 0.33797785 0.03300468 0.10240464 0.03439418 0.06902773 0.01228463
0.05151817 0.00070533 0.00147604 0.00014359 0.00037169 0.36762162 0.03903314 0.34018949 0.02974739 0.10558671 0.05007920 0.06598596 0.01251993
0.04718909 0.00082065 0.00080842 0.00012322 0.00039645 0.36570501 0.04414759 0.34019858 0.03409281 0.10020701 0.04290856 0.06343705 0.01186287
0.04545495 0.00062797 0.00123879 0.00013012 0.00042160 0.36795005 0.04732980 0.34070512 0.03115706 0.09597123 0.04301624 0.06359650 0.01187808
0.04436316 0.00039254 0.00193906 0.00013213 0.00022544 0.36565080 0.04008412 0.34036697 0.02559997 0.09718079 0.05560006 0.06726627 0.01249245
0.04869513 0.00068997 0.00134845 0.00011680 0.00041193 0.36644956 0.05042101 0.33849708 0.02987865 0.10069037 0.02881449 0.06879316 0.01131283
0.04763335 0.00163933 0.00084632 0.00018358 0.00141309 0.36614685 0.03803581 0.33637685 0.02960463 0.10110992 0.04865366 0.06691540 0.01430006
0.04907714 0.00059262 0.00070381 0.00055800 0.00046983 0.36543163 0.04862197 0.33547898 0.03037467 0.10084254 0.03839420 0.06493983 0.01268516
0.04923573 0.00202919 0.00068485 0.00219922 0.03367147 0.36781935 0.04696740 0.33535243 0.02511699 0.10144166 0.04622697 0.06829191 0.01253678
0.04880040 0.00180837 0.00056802 0.00267563 0.02299103 0.36436244 0.04218308 0.33690156 0.02677620 0.09937173 0.05744868 0.07034158 0.02836776
0.04454745 0.00692125 0.00055637 0.00864374 0.03038106 0.36829316 0.04255154 0.33919520 0.03488855 0.09950455 0.04520727 0.06931042 0.01433560
0.04440696 0.00336128 0.00083931 0.00412765 0.02729851 0.36402942 0.03248021 0.33921291 0.03595669 0.10567035 0.04971749 0.06570946 0.03421790
0.04433191 0.00395385 0.00081745 0.00186780 0.02273001 0.36801672 0.04227612 0.34114462 0.03482721 0.10482290 0.04798450 0.06288200 0.01326808
0.04312203 0.00512526 0.00061948 0.00447856 0.02839343 0.36431030 0.04050574 0.34118051 0.03256544 0.10306933 0.04319433 0.06587007 0.01934672
0.04132235 0.00111035 0.00246550 0.00055247 0.04285449 0.36744250 0.03797269 0.33991696 0.02705836 0.09789358 0.04954269 0.06751326 0.01113895
0.05472435 0.00789269 0.00098609 0.01104935 0.03803529 0.36506141 0.04362614 0.33927431 0.03749322 0.09896797 0.04101601 0.07188498 0.00988783
0.05528632 0.00189833 0.00091922 0.00171371 0.02542739 0.36727241 0.03444145 0.33678964 0.03543521 0.09938934 0.05514873 0.06835071 0.01362236
0.05854186 0.00437862 0.00073721 0.00363551 0.02761355 0.36528931 0.04876638 0.33538277 0.03984867 0.09541604 0.04482980 0.06812476 0.01185977
0.05818808 0.00375545 0.00072096 0.00305186 0.02518891 0.36702315 0.03630790 0.33600292 0.03299317 0.09601761 0.06493996 0.06806628 0.01208669
0.05687157 0.00922055 0.00070054 0.00894724 0.02552276 0.36508436 0.04928640 0.33634419 0.03219517 0.09714189 0.04898677 0.07089145 0.01789048
0.05843084 0.00396011 0.00074504 0.00075869 0.02702241 0.36546756 0.04644101 0.33884588 0.04427090 0.09134645 0.04697688 0.07117406 0.01667779
0.05765138 0.00356467 0.00078593 0.00481341 0.02953904 0.36619676 0.03591140 0.34021367 0.03442204 0.09194942 0.06928641 0.06735468 0.01803492
0.06058240 0.00755089 0.00082380 0.00854790 0.04809590 0.36461003 0.05061723 0.33994651 0.04119877 0.09157488 0.04065016 0.06547421 0.01360293
0.05922758 0.00654545 0.00064809 0.00557724 0.03334796 0.36804586 0.04118912 0.34158560 0.03281946 0.08298234 0.06476315 0.06741351 0.01718585
0.05781552 0.00195984 0.00180693 0.00292168 0.01825179 0.36402205 0.07102830 0.33975018 0.03508586 0.08221091 0.04489477 0.07222820 0.01457698
0.06715929 0.01060535 0.00105806 0.00915838 0.01505260 0.36784442 0.04366484 0.33826445 0.04729872 0.08269170 0.05489646 0.07082867 0.01530076
0.06118666 0.00369790 0.00158392 0.00165942 0.00511903 0.36424346 0.03741201 0.33529904 0.03970237 0.08198227 0.05560010 0.06729435 0.01357643
0.06374798 0.00294472 0.00082529 0.00064874 0.00133568 0.36710573 0.05420439 0.33499284 0.04476602 0.08264217 0.03407179 0.06964782 0.01470083
0.06594481 0.00171785 0.00051412 0.00046680 0.00182003 0.36465707 0.04008762 0.33451699 0.02552085 0.08300296 0.06739462 0.07014559 0.01403609
0.06490317 0.00167882 0.00072457 0.00011537 0.00080666 0.36697311 0.05935339 0.33774740 0.04194046 0.08674257 0.03845869 0.06969913 0.01523584
0.06792924 0.00168201 0.00069059 0.00027798 0.00089143 0.36495226 0.04439813 0.33750767 0.04090592 0.08826890 0.05715128 0.06766948 0.01286422
0.06354673 0.00539653 0.00064632 0.00323661 0.02172834 0.36652251 0.04555999 0.33927122 0.03951286 0.08825384 0.04833510 0.06552671 0.01497258
0.06422267 0.00789090 0.00062317 0.01024592 0.03128821 0.36491460 0.03904577 0.34024061 0.03382545 0.09004628 0.04744403 0.06425485 0.01319686
0.06223184 0.00428021 0.00058641 0.00420523 0.03803025 0.36631700 0.03609554 0.34032118 0.03229666 0.08968929 0.05506200 0.06969566 0.01397481
0.06037174 0.00728923 0.00064750 0.00909564 0.05771994 0.36554570 0.04461155 0.33947055 0.03799596 0.09088451 0.02909346 0.06872466 0.01232995
0.05904991 0.01001625 0.00066147 0.00507973 0.03519840 0.36516328 0.03245913 0.33802038 0.03751591 0.09013536 0.05386535 0.07271223 0.03105565
0.06037725 0.00320082 0.00136933 0.00269896 0.00379655 0.36615449 0.04679960 0.33522434 0.04264652 0.09291614 0.04421612 0.06815395 0.01565704
0.06049232 0.00587791 0.00073859 0.00952079 0.01814725 0.36387874 0.04070844 0.33529717 0.03659819 0.09294715 0.04866535 0.06846831 0.03273489
0.05770226 0.00281249 0.00068194 0.00273050 0.02240510 0.36591958 0.04328182 0.33583691 0.03119662 0.09408547 0.05800417 0.07222373 0.01901477
0.05722103 0.00419312 0.00082757 0.00577698 0.04501244 0.36365453 0.05663551 0.33681527 0.03439786 0.09550957 0.03185469 0.07073411 0.01060659
0.05801201 0.00508265 0.00060813 0.00261653 0.03219137 0.36504721 0.03822606 0.33833527 0.02677495 0.09710764 0.05625858 0.06695778 0.02153763
0.05710171 0.00575851 0.00060282 0.00485404 0.03094002 0.36347549 0.05141398 0.33888774 0.04473995 0.09754527 0.03843535 0.06414213 0.01371568
0.05560540 0.00356533 0.00053820 0.00096388 0.01971800 0.36540422 0.04205912 0.33976737 0.03707373 0.09900136 0.05059632 0.06410928 0.01843630
0.05349647 0.00181279 0.00219179 0.00025627 0.00081004 0.36236637 0.05017547 0.33903623 0.03365607 0.09981040 0.04436872 0.06711807 0.01487526
0.05519642 0.00345581 0.00086352 0.00440237 0.03014643 0.36610598 0.05715089 0.33882310 0.03099085 0.09440407 0.04093751 0.07414516 0.01395821
0.05629974 0.00241780 0.00069155 0.00219770 0.02559005 0.36260608 0.04159913 0.33595281 0.02599570 0.09459528 0.05765338 0.06777306 0.01921673
0.05541289 0.00287978 0.00058713 0.00193835 0.02813897 0.36573959 0.06140528 0.33477278 0.03411232 0.09378788 0.03160115 0.06786895 0.01631403
0.05474457 0.00457817 0.00057512 0.00563571 0.02738856 0.36335470 0.04631691 0.33394606 0.02857381 0.09419012 0.05403666 0.06794873 0.01463087
0.05401278 0.00103737 0.00050847 0.00045922 0.00107014 0.36495180 0.05803366 0.33607500 0.03130032 0.09267312 0.04219029 0.07004820 0.03312582
0.05391075 0.00054624 0.00079412 0.00014170 0.00035632 0.36426069 0.05604119 0.33590931 0.02906610 0.09329981 0.04555854 0.06928506 0.01489982
0.05276893 0.00072241 0.00053859 0.00015268 0.00044246 0.36413881 0.04502058 0.33796197 0.02758900 0.09257247 0.05263355 0.06666491 0.01597634
0.05316352 0.00203981 0.00058056 0.00050864 0.00209987 0.36494677 0.05530594 0.33838947 0.04342054 0.08854074 0.03042131 0.06501270 0.01296335
0.04678031 0.00777241 0.00059451 0.00821469 0.02691092 0.36299209 0.04098229 0.33899306 0.02824152 0.08987540 0.05672682 0.06667982 0.01630459
0.05632628 0.00924924 0.00175000 0.00763102 0.03425466 0.36503847 0.05183152 0.33924003 0.03359001 0.09179358 0.03616757 0.06964782 0.02088502
0.05837706 0.00680666 0.00115012 0.00805250 0.03674602 0.36240201 0.04449309 0.33698820 0.02955077 0.09407061 0.04853227 0.06890909 0.01317459
0.05992802 0.01032297 0.00090386 0.00910851 0.02928689 0.36497837 0.03609925 0.33567222 0.03358157 0.09538821 0.05075985 0.06951647 0.01449576
0.06279329 0.00392438 0.00084347 0.00523587 0.03417693 0.36272260 0.04612432 0.33365494 0.04116310 0.09695137 0.03318265 0.06672296 0.01495428
0.06325410 0.00477766 0.00079068 0.00366003 0.03712859 0.36527304 0.03506593 0.33464722 0.03759565 0.09138286 0.05813051 0.06911778 0.01494427
0.06396294 0.00349004 0.00142530 0.00533013 0.03517993 0.36298413 0.03698079 0.33487819 0.04438799 0.09750974 0.04604774 0.06954008 0.01252699
0.07194188 0.00560354 0.00070285 0.00720199 0.03890715 0.36560408 0.03790085 0.33800047 0.03617183 0.09596361 0.05129690 0.07096145 0.01218828
0.07130070 0.00465482 0.00066700 0.00786518 0.03585167 0.36340280 0.03384715 0.33773071 0.03730593 0.09409589 0.04634694 0.06527744 0.01234396
0.06943160 0.00511050 0.00063633 0.00431450 0.03365828 0.36503598 0.03860053 0.33873620 0.03545823 0.09207758 0.04454273 0.06418723 0.01389900
0.06619197 0.00678376 0.00083959 0.00754848 0.03436333 0.36437556 0.03917621 0.33910985 0.03214952 0.09246773 0.05220064 0.06409508 0.01162762
0.06402664 0.00467003 0.00073881 0.00793561 0.02584788 0.36422159 0.04403860 0.33869799 0.03718688 0.09115849 0.04212455 0.07259388 0.03039553
0.06452151 0.00213648 0.00076292 0.00243239 0.01578350 0.36538597 0.04912827 0.33743179 0.03541730 0.09357069 0.05240932 0.06822381 0.01827036
0.06583486 0.00164655 0.00063910 0.00428069 0.01650681 0.36366202 0.04044657 0.33527625 0.03475790 0.09391644 0.05214280 0.06828845 0.02822093
0.05596248 0.00500108 0.00057884 0.00492750 0.03182017 0.36587983 0.05244931 0.33513461 0.03594549 0.09547667 0.04643634 0.06766649 0.01373418
0.05568777 0.00340775 0.00067747 0.00227399 0.02818956 0.36396998 0.04705579 0.33530800 0.03589467 0.09738933 0.05401977 0.06835886 0.01470611
0.05513834 0.00220115 0.00087062 0.00288974 0.02271101 0.36619581 0.04635176 0.33707086 0.04436310 0.09197293 0.04718518 0.07085532 0.01488205
0.05406017 0.00209281 0.00073999 0.00469237 0.02408404 0.36422025 0.04765857 0.33770826 0.03241763 0.09422782 0.06197532 0.06852247 0.01632486
0.05447958 0.00117566 0.00066198 0.00106828 0.01438422 0.36604338 0.05112980 0.33921363 0.03933396 0.09315031 0.04979547 0.06595151 0.01585784
0.05264857 0.00172352 0.00058328 0.00023164 0.00066375 0.36429207 0.05151044 0.33946277 0.03877119 0.09356937 0.05327391 0.06423360 0.01544988
0.05224401 0.00670827 0.00055478 0.00653152 0.01270385 0.36613585 0.04032207 0.33993740 0.03621434 0.09228736 0.05778000 0.06651243 0.01371348
0.05349675 0.00417072 0.00045885 0.00700239 0.02572109 0.36455921 0.04687426 0.33913063 0.03853773 0.09105017 0.04681512 0.06778292 0.01526695
0.05347808 0.00240381 0.00044263 0.00185267 0.02238497 0.36598996 0.06433843 0.33780469 0.02841012 0.09004605 0.05797958 0.07131378 0.01397648
0.05199386 0.00447400 0.00043447 0.00346199 0.02706483 0.36520652 0.04937991 0.33582541 0.03866356 0.08902630 0.04756779 0.06684920 0.01360580
0.05900430 0.00486752 0.00041632 0.00273899 0.02488717 0.36566144 0.05578406 0.33539395 0.03522398 0.08827183 0.04954656 0.06748723 0.01525688
0.06063461 0.00440320 0.00039364 0.00303623 0.03131416 0.36604668 0.04375169 0.33564142 0.03043936 0.08899028 0.05591422 0.06876694 0.01808689
0.06127927 0.00257993 0.00040786 0.00385403 0.03275397 0.36509076 0.06029984 0.33778915 0.03450463 0.08857264 0.03862372 0.06978703 0.01322566
0.05959927 0.00570940 0.00049051 0.00502436 0.03718415 0.36634608 0.04135397 0.33865459 0.02701190 0.09049296 0.05894160 0.06803713 0.01468530
0.05845046 0.00250162 0.00052377 0.00139083 0.01644574 0.36482329 0.05135513 0.33921468 0.04905466 0.09107144 0.04004041 0.06486942 0.01369081
0.05845005 0.00180889 0.00052528 0.00466830 0.02251468 0.36613522 0.04967270 0.34012679 0.03231426 0.09223285 0.05876234 0.06375062 0.01443748
0.05803506 0.00133272 0.00059108 0.00409492 0.00814804 0.36472392 0.04682457 0.34010109 0.02986162 0.09364027 0.06161700 0.06764203 0.01969792
0.05775278 0.00127330 0.00069233 0.00135678 0.00066598 0.36572083 0.05730469 0.33929883 0.03977866 0.09294749 0.04111609 0.06902442 0.02921718
0.05520236 0.00188847 0.00068847 0.00265556 0.00116638 0.36486181 0.04172235 0.33764527 0.03596487 0.09403052 0.06045964 0.06891013 0.03028425
0.05445497 0.00111311 0.00205635 0.00012942 0.00050298 0.36569104 0.05623786 0.33587605 0.03412387 0.10001541 0.04238417 0.06788555 0.01607546
0.05499079 0.00056634 0.00094624 0.00025427 0.00039657 0.36435428 0.05855726 0.33514536 0.02494644 0.09993533 0.05630848 0.06757236 0.01381929
0.05426456 0.00081886 0.00078020 0.00015959 0.00040543 0.36600010 0.05357304 0.33599563 0.03144941 0.09769687 0.05098644 0.06991738 0.01412091
0.05427990 0.00133397 0.00053231 0.00013163 0.00061513 0.36439917 0.05949414 0.33685127 0.03836192 0.09560832 0.04475561 0.06884727 0.01335587
0.05405802 0.00079177 0.00050086 0.00015367 0.00049978 0.36570060 0.04487017 0.33891162 0.02885082 0.09435604 0.05801152 0.06735077 0.01577215
0.05368654 0.00064921 0.00050292 0.00012383 0.00042515 0.36494118 0.05784293 0.33868925 0.03144662 0.09367853 0.04169521 0.06454120 0.01503206
0.05261649 0.00103004 0.00052029 0.00018853 0.00049666 0.36523985 0.05077157 0.33970108 0.02853185 0.09342007 0.05230029 0.06493727 0.01565153
0.05138851 0.00306062 0.00057358 0.00382492 0.03157120 0.36498821 0.06354714 0.33946205 0.02728751 0.09509391 0.04722761 0.06648091 0.01557060
0.05984882 0.00247380 0.00072036 0.00223920 0.02523584 0.36449786 0.06625585 0.33857197 0.02532369 0.09532488 0.04733625 0.07118774 0.01633467
0.05900300 0.00407502 0.00084404 0.00252911 0.02525424 0.36494001 0.05438469 0.33679772 0.02840649 0.09781830 0.04974942 0.06880172 0.01565663
0.05751247 0.00407590 0.00152159 0.00357829 0.02532777 0.36432415 0.06276170 0.33556091 0.02711367 0.10624550 0.04288403 0.06773550 0.01673528
0.05523054 0.00081527 0.00122711 0.00083819 0.01230676 0.36390990 0.05014902 0.33531768 0.02643801 0.10668718 0.05332594 0.07011510 0.01720594
0.06699054 0.00176657 0.00130343 0.00036469 0.00090847 0.36408276 0.05710917 0.33664124 0.03156587 0.10595943 0.04857525 0.07012714 0.01761294
0.06741333 0.00217480 0.00132141 0.00036341 0.00169535 0.36444121 0.06198812 0.33772461 0.04025650 0.10397235 0.04582117 0.07057089 0.01750363
0.06457378 0.00130960 0.00135587 0.00028770 0.00131372 0.36350476 0.06119202 0.33878150 0.02573326 0.10312321 0.05446674 0.06871972 0.01660321
0.06412335 0.00062316 0.00153124 0.00348997 0.00441176 0.36456337 0.06344594 0.33925199 0.02224035 0.10106195 0.04850157 0.06569592 0.01825239
0.07618267 0.00167785 0.00134690 0.00261790 0.00373481 0.36283629 0.04601846 0.33910561 0.02411275 0.10230719 0.05029479 0.06758172 0.03038654
0.07933594 0.00231369 0.00072300 0.00125514 0.02785081 0.36428076 0.05353072 0.33911364 0.03115957 0.10234882 0.03945632 0.06794433 0.01657852
0.08104453 0.00294838 0.00054258 0.00419102 0.02658418 0.36338947 0.05054217 0.33764794 0.02735359 0.10359701 0.04630713 0.06729224 0.01511391
0.08022590 0.00160815 0.00056532 0.00220522 0.02710031 0.36402976 0.05222076 0.33583065 0.02361908 0.10561424 0.05379875 0.06910080 0.01483217
0.08546210 0.00106649 0.00067413 0.00204489 0.02283121 0.36387679 0.05966060 0.33486930 0.02753085 0.10734728 0.04841107 0.06656431 0.01298090
0.08518504 0.00206439 0.00073452 0.00472210 0.02539438 0.36411157 0.05588811 0.33517067 0.02840443 0.10829591 0.04952282 0.06792698 0.01416354
0.08380134 0.00216547 0.00075766 0.00078064 0.01785701 0.36369634 0.05622447 0.33595031 0.02585268 0.10940631 0.04551976 0.06971227 0.01495255
0.08400017 0.00440267 0.00071520 0.00398396 0.02521800 0.36437145 0.04445502 0.33810697 0.02593012 0.10830904 0.04727525 0.06949356 0.01546409
0.08261797 0.00276579 0.00069780 0.00178849 0.00113154 0.36354012 0.05233547 0.33910599 0.03083383 0.10860829 0.04782155 0.06920254 0.01511441
0.08131529 0.00063720 0.00097606 0.00016202 0.00039426 0.36406706 0.05275282 0.33872593 0.02721926 0.10641683 0.05031722 0.06440195 0.01372702
0.08213433 0.00058083 0.00073664 0.00013887 0.00039817 0.36401585 0.05676386 0.33987117 0.02699591 0.10678403 0.04955909 0.06448768 0.01428589
0.08415374 0.00043400 0.00151699 0.00012190 0.00033932 0.36230642 0.05451502 0.33761943 0.02381223 0.10720156 0.04573896 0.06976568 0.01234061
0.08394655 0.00050749 0.00338259 0.00013142 0.00035967 0.36398663 0.04266104 0.33667503 0.02543050 0.10708013 0.04521065 0.07125716 0.01385236
0.08286347 0.00042128 0.00128409 0.00012308 0.00032595 0.36230943 0.05088932 0.33482964 0.02328882 0.10725603 0.04236488 0.06786476 0.01256161
0.09170746 0.00050342 0.00199800 0.00012903 0.00033637 0.36375205 0.04731007 0.33267112 0.02596448 0.10579007 0.04293870 0.06682581 0.01310910
0.09894322 0.00797041 0.00114889 0.00944734 0.00862963 0.36255606 0.04910342 0.33392484 0.02876446 0.10024757 0.05047861 0.06800697 0.01451047
0.09573056 0.00277186 0.00051427 0.00410807 0.03141884 0.36363792 0.05484385 0.33644418 0.02825571 0.09966302 0.04955314 0.07014646 0.01313406
0.09526961 0.00091851 0.00053206 0.00035551 0.00042722 0.36363236 0.05377085 0.33669326 0.02996237 0.09982895 0.04904002 0.06874246 0.01428133
0.08986398 0.00042515 0.00064804 0.00021878 0.00035838 0.36349462 0.05262511 0.33817819 0.02268473 0.10044800 0.05742295 0.06487152 0.01302974
0.08887314 0.00080594 0.00080058 0.00058078 0.00075699 0.36292068 0.04739119 0.33789810 0.03771368 0.10145671 0.04299137 0.06351384 0.01782812
0.08717121 0.00095894 0.00144671 0.00046959 0.00043365 0.36420445 0.05436102 0.33889003 0.05214983 0.09812520 0.04666195 0.06962087 0.01256125
0.08719629 0.00180950 0.00100007 0.00035150 0.00218212 0.36295496 0.05948936 0.33822488 0.02775020 0.09906552 0.05261157 0.06894733 0.01425879
0.09145837 0.00078591 0.00120193 0.00018710 0.00085792 0.36452760 0.05689206 0.33659997 0.03041219 0.09789692 0.04515621 0.07065191 0.01437657
0.08916660 0.00161646 0.00131787 0.00014105 0.00133348 0.36339683 0.05004792 0.33492814 0.02738870 0.09856787 0.05896791 0.06851670 0.01549711
0.08666390 0.00234999 0.00117634 0.00082620 0.00204895 0.36314278 0.05500397 0.33435698 0.04409243 0.09141191 0.03844084 0.06761007 0.01581900
0.08668800 0.00148875 0.00112008 0.00017413 0.00081076 0.36384081 0.04898374 0.33431482 0.03615894 0.08681468 0.05794985 0.07045559 0.01703920
0.08776970 0.00117395 0.00112849 0.00026536 0.00045216 0.36193243 0.05754385 0.33552193 0.03687351 0.08694487 0.05463611 0.06979647 0.01394233
0.08772814 0.00101439 0.00063446 0.00022382 0.00051659 0.36418040 0.05657986 0.33728782 0.03595567 0.08673401 0.05079793 0.06875855 0.01527737
0.08642068 0.00109440 0.00048058 0.00016072 0.00040792 0.36255467 0.05989963 0.33734465 0.03384001 0.08826719 0.05996560 0.06610714 0.01392935
0.08674677 0.00098654 0.00183356 0.00015669 0.00058629 0.36371774 0.05436955 0.33913837 0.03939715 0.09768252 0.04641751 0.06449219 0.01518970
0.08567559 0.00077587 0.00110576 0.00014684 0.00044412 0.36341817 0.05079023 0.33862222 0.02912335 0.09873367 0.06041125 0.06806418 0.01630662
0.08494689 0.00090240 0.00090323 0.00015255 0.00050305 0.36340236 0.05483666 0.33821690 0.03535047 0.09767903 0.04879872 0.07107393 0.01449812
0.08259819 0.00161140 0.00067523 0.00295351 0.02977013 0.36352526 0.05296239 0.33645476 0.03383328 0.09709837 0.05064160 0.06856081 0.01572157
0.08255625 0.00119548 0.00053536 0.00103003 0.00033720 0.36391338 0.07333397 0.33491752 0.02921785 0.09545152 0.05437817 0.06860940 0.01407120
0.08217029 0.00113164 0.00049161 0.00014575 0.00053606 0.36347815 0.05794252 0.33400328 0.03298455 0.09566430 0.04979496 0.06689516 0.01696769
0.07695835 0.00064875 0.00378163 0.00014809 0.00042873 0.36436773 0.05382723 0.33603503 0.02697396 0.09399049 0.05402255 0.07499001 0.01501250
0.07650638 0.00075424 0.00111611 0.00014128 0.00044125 0.36337169 0.05412460 0.33565671 0.03156398 0.09571899 0.04351985 0.07027470 0.01507864
0.08057464 0.00190991 0.00064380 0.00167571 0.00065152 0.36366405 0.04858345 0.33768331 0.03400517 0.09407697 0.05061848 0.06806706 0.01496292
0.08632989 0.00055958 0.00102244 0.00014099 0.00035793 0.36450125 0.05756510 0.33825285 0.02789277 0.09643290 0.04552384 0.06329998 0.01364255
0.08506140 0.00066938 0.00337746 0.00014791 0.00043644 0.36268516 0.05047020 0.33812548 0.02994974 0.09643562 0.04915955 0.06517005 0.01478653
0.08727212 0.00063204 0.00110123 0.00014179 0.00041238 0.36536649 0.05568770 0.33873132 0.02751238 0.09183630 0.04983749 0.06667576 0.01415509
0.08227871 0.00068211 0.00130619 0.00014001 0.00041059 0.36263259 0.05193113 0.33704921 0.02983965 0.09199468 0.04385809 0.07688549 0.01478819
0.08268089 0.00059897 0.00148723 0.00014247 0.00040605 0.36491870 0.04972739 0.33520350 0.02699041 0.08573537 0.04698275 0.07085068 0.01489159
0.08152455 0.00056548 0.00098660 0.00013910 0.00036070 0.36380295 0.05546858 0.33432134 0.02758444 0.08624331 0.04264744 0.06867914 0.01406609
0.08192331 0.00066859 0.00079013 0.00014824 0.00043003 0.36344411 0.04991911 0.33274323 0.02927018 0.08507726 0.04858141 0.06903591 0.01496735
0.08179376 0.00060390 0.00061848 0.00014188 0.00040305 0.36456772 0.05745344 0.33441303 0.02776567 0.08526730 0.04849839 0.06883808 0.01415283
0.08150427 0.00066604 0.00055088 0.00014597 0.00041909 0.36347520 0.05172596 0.33580322 0.02925020 0.08410806 0.04760597 0.06936525 0.01501769
0.08002179 0.00060740 0.00064467 0.00014211 0.00042026 0.36408512 0.05247592 0.33646555 0.02701051 0.08424406 0.04632358 0.06695797 0.01481986
0.07909152 0.00053418 0.00116820 0.00013914 0.00034479 0.36448046 0.05284832 0.33788316 0.02475053 0.08383345 0.03758594 0.06372161 0.01425848
0.07651006 0.00056380 0.00153462 0.00014563 0.00038141 0.36398720 0.04726821 0.33747085 0.02364855 0.08441413 0.04516843 0.06343840 0.01497122
0.07491425 0.00056371 0.00143542 0.00013711 0.00038639 0.36382370 0.05730718 0.33802991 0.02626798 0.08425024 0.03586444 0.06962024 0.01393361
0.07638993 0.00095674 0.00106636 0.00091889 0.00083015 0.36466362 0.04898912 0.33671130 0.02713759 0.07763169 0.05177442 0.06802621 0.01532532
0.07788600 0.00083698 0.00074310 0.00025778 0.00081779 0.36348465 0.05655499 0.33502165 0.02730897 0.07656562 0.04277958 0.07039068 0.01466101
0.07750277 0.00616882 0.00140663 0.00422666 0.03889881 0.36631157 0.05512486 0.33414158 0.02588052 0.06123511 0.04368183 0.06764641 0.01720719
0.07618436 0.00331343 0.00061153 0.00383927 0.03792007 0.36411324 0.04895874 0.33436522 0.02601190 0.06089580 0.05571842 0.06955128 0.01652732
0.07454473 0.00414949 0.00070605 0.00584393 0.03730844 0.36607596 0.05784552 0.33523646 0.03351378 0.06101481 0.03489452 0.07065448 0.01519974
0.07356493 0.00215982 0.00114096 0.00053338 0.00327814 0.36462296 0.04901662 0.33642018 0.03329613 0.06306697 0.05561624 0.07123839 0.01566416
0.07283177 0.00549078 0.00122943 0.00542176 0.03039565 0.36511843 0.05165301 0.33782894 0.03020622 0.06151251 0.04543647 0.06676967 0.01567953
0.07490088 0.00053985 0.00074824 0.00046934 0.00067927 0.36508095 0.05451188 0.33728476 0.02736218 0.06171211 0.04657764 0.06457953 0.01314414
0.07705275 0.00061139 0.00117360 0.00013175 0.00039942 0.36525744 0.04831967 0.33799618 0.02671403 0.04961661 0.05078584 0.06428755 0.01451573
0.07849773 0.00079108 0.00115166 0.00024503 0.00047036 0.36469855 0.05265467 0.33700163 0.03323560 0.05174968 0.04185174 0.06745551 0.01299647
0.07734433 0.00080369 0.00066121 0.00013744 0.00050819 0.36501847 0.04674755 0.33580596 0.03005840 0.04995858 0.05310479 0.06969779 0.01438713
0.07637132 0.00061647 0.00055811 0.00016112 0.00041697 0.36485580 0.05247617 0.33386927 0.02972817 0.05098849 0.04911855 0.06674804 0.01360038
0.07411281 0.00062349 0.00060141 0.00014083 0.00040040 0.36467919 0.05239233 0.33262183 0.02947151 0.04952225 0.04819205 0.06645498 0.01367707
0.07324578 0.00089818 0.00058394 0.00095639 0.02615178 0.36512587 0.04867262 0.33288639 0.02934241 0.05012380 0.05086803 0.06906776 0.01467777
0.07204071 0.00197480 0.00072739 0.00409239 0.02479624 0.36367392 0.05359362 0.33458306 0.03224882 0.04936928 0.04119970 0.06949556 0.01348468
0.07885238 0.00239899 0.00119137 0.00328093 0.02353069 0.36560507 0.04781390 0.33619152 0.02742962 0.05016098 0.05229412 0.07134789 0.01494212
0.07920637 0.00736746 0.00178678 0.00922188 0.02243190 0.36290004 0.05336458 0.33697042 0.03187886 0.05062443 0.05017144 0.06733140 0.01504718
0.08149849 0.00506631 0.00132112 0.00304007 0.02266673 0.36485190 0.05580660 0.33788365 0.03411381 0.03960968 0.05273706 0.06474993 0.01858219
0.08461422 0.00716741 0.00110736 0.00471670 0.01698257 0.36356959 0.05858133 0.33765832 0.02911142 0.04041726 0.05499443 0.06859315 0.01890621
0.08559077 0.00446905 0.00080464 0.00490144 0.03306740 0.36411999 0.07696193 0.33756140 0.03045641 0.03966647 0.04267732 0.06961676 0.01446290
0.08792132 0.00227091 0.00088388 0.00117205 0.02172358 0.36400213 0.05472126 0.33572047 0.02011955 0.04019698 0.05468522 0.07034594 0.01921468
0.08859527 0.00822108 0.00064331 0.00767340 0.02765166 0.36453652 0.05502308 0.33330887 0.02665102 0.03945891 0.03883979 0.06843857 0.01955972
0.08707196 0.00310848 0.00226924 0.00646424 0.03359451 0.36377910 0.05351005 0.33286394 0.02809339 0.04948531 0.03439573 0.06716393 0.01550917
0.08349517 0.00239904 0.00086148 0.00227654 0.02568196 0.36467129 0.04794151 0.33308378 0.01980087 0.04923759 0.05155267 0.06872531 0.01928331
0.08128344 0.00253910 0.00085994 0.00309308 0.01633566 0.36367160 0.06974801 0.33409227 0.02635006 0.04904691 0.02930835 0.07084673 0.01425399
0.07736819 0.00287247 0.00061774 0.00169059 0.00945818 0.36470645 0.05277283 0.33665085 0.01671726 0.04748837 0.06390648 0.06917485 0.02392209
0.07771477 0.00312195 0.00070684 0.00182320 0.00994392 0.36445106 0.07227126 0.33721254 0.02997228 0.04821427 0.03343477 0.06861585 0.01783023
0.07541742 0.00188085 0.00088774 0.00049120 0.00350636 0.36387018 0.05580967 0.33771240 0.02408127 0.04803388 0.04782842 0.06424425 0.01596715
0.07293955 0.00145753 0.00115776 0.00023152 0.00149307 0.36551721 0.05220191 0.33841264 0.02601913 0.04976902 0.04917502 0.06634602 0.01687530
0.07127451 0.00134146 0.00108106 0.00253070 0.00230202 0.36358186 0.06037413 0.33710770 0.03605954 0.04983887 0.03160030 0.07056586 0.02680014
0.07135251 0.00226307 0.00101242 0.00385255 0.00545627 0.36548382 0.05300428 0.33588894 0.03137302 0.05158493 0.04838033 0.06863118 0.02251958
0.07142676 0.00106514 0.00075750 0.00128306 0.00094488 0.36406797 0.05810513 0.33368699 0.02525812 0.05153095 0.04022197 0.06685409 0.02799878
0.07375573 0.00178816 0.00047918 0.00293230 0.02742475 0.36488116 0.05799310 0.33287715 0.02351453 0.03901248 0.04778498 0.06730419 0.01962683
0.07352201 0.00586960 0.00046656 0.00577681 0.03150103 0.36534153 0.05223380 0.33480624 0.02956662 0.03804260 0.04188462 0.06977837 0.01641773
0.07918816 0.00262838 0.00046745 0.00057506 0.00095640 0.36432945 0.07172956 0.33506585 0.03869181 0.03892820 0.03495597 0.07046477 0.01499142
0.07824503 0.00155596 0.00046145 0.00041453 0.00096487 0.36525958 0.05017332 0.33661546 0.02379635 0.03814443 0.06677832 0.06785411 0.01772688
0.07897322 0.00157072 0.00049028 0.00021422 0.00079573 0.36473235 0.05816664 0.33781666 0.03601061 0.03804300 0.04218363 0.06369706 0.01963020
0.07800387 0.00157627 0.00050765 0.00020531 0.00080806 0.36478688 0.04766619 0.33748405 0.03181666 0.03791223 0.05173541 0.06495262 0.01765565
0.08724558 0.00084932 0.00077572 0.00020188 0.00044454 0.36562232 0.04739727 0.33783561 0.03142885 0.03762156 0.04419339 0.06713739 0.01447581
0.08678857 0.00067029 0.00196585 0.00014284 0.00043431 0.36523815 0.06347073 0.33689657 0.02922084 0.03796836 0.03768473 0.06872307 0.01303234
0.08406850 0.00062699 0.00089073 0.00018532 0.00034105 0.36435207 0.04679952 0.33506408 0.02452026 0.03698443 0.05602150 0.07296608 0.01450551
0.08220628 0.00112086 0.00087696 0.00013294 0.00056960 0.36569893 0.05668871 0.33315761 0.03713971 0.03730863 0.03380155 0.06648032 0.01430221
0.08041776 0.00083007 0.00094213 0.00013796 0.00048570 0.36364639 0.04590104 0.33218201 0.02709677 0.03684929 0.05231464 0.06707823 0.01533468
0.08021338 0.00067362 0.00101085 0.00014294 0.00039474 0.36505951 0.04906605 0.33341495 0.03027438 0.03780041 0.04061206 0.07050488 0.01478438
0.07992207 0.00070019 0.00099901 0.00013152 0.00046630 0.36385109 0.05708963 0.33532709 0.02902850 0.03736241 0.03964995 0.07337876 0.01394342
0.08177944 0.00069917 0.00141114 0.00016668 0.00035239 0.36474423 0.04540745 0.33710484 0.02727139 0.05349355 0.05291259 0.06706994 0.01480978
0.08166772 0.00086103 0.00114489 0.00012793 0.00053300 0.36451147 0.06071998 0.33703271 0.03405629 0.05311214 0.03481105 0.06360748 0.01383075
0.08094340 0.00059347 0.00104552 0.00015224 0.00037178 0.36363296 0.04602026 0.33748558 0.02499663 0.05326137 0.05549429 0.06350785 0.01531050
0.07958706 0.00074729 0.00106039 0.00013812 0.00044425 0.36550157 0.05331343 0.33802172 0.03146371 0.05105025 0.03686912 0.06935755 0.01451407
0.07999025 0.00069355 0.00087357 0.00013515 0.00045232 0.36383701 0.05310534 0.33641027 0.02786255 0.05580126 0.04235180 0.06976488 0.01445967
0.07975302 0.00067703 0.00089256 0.00015902 0.00035167 0.36508229 0.04599487 0.33505139 0.02794965 0.05622375 0.04882637 0.06661097 0.01506670
0.07914843 0.00087805 0.00071763 0.00143982 0.03397309 0.36498027 0.06081478 0.33353258 0.03194609 0.05644336 0.03628242 0.06678927 0.01406595
0.07826738 0.00263881 0.00066386 0.00226146 0.00433952 0.36435496 0.04414985 0.33369239 0.04053407 0.05730985 0.05738677 0.06801509 0.01634584
0.07813438 0.00580812 0.00055299 0.00677446 0.01718369 0.36515676 0.05742542 0.33532315 0.03287922 0.05672021 0.03406395 0.07075641 0.01616678
0.07238963 0.00331668 0.00058918 0.00146263 0.03769007 0.36506822 0.05280028 0.33629834 0.02721735 0.05747977 0.04151533 0.07004224 0.01509935
0.07237092 0.00364546 0.00087378 0.00214833 0.00434093 0.36367143 0.04932974 0.33705787 0.04140422 0.06135549 0.04442375 0.06724268 0.01476539
0.07075034 0.00218314 0.00068981 0.00295034 0.00169658 0.36500034 0.05145494 0.33776244 0.03328759 0.06147491 0.04191284 0.06293314 0.01778631
0.07085786 0.00427815 0.00071590 0.00542373 0.02219181 0.36364794 0.04097550 0.33800440 0.03204684 0.06282917 0.04320413 0.06611433 0.02237326
0.07070476 0.00309168 0.00061390 0.00339125 0.02682454 0.36484802 0.05228087 0.33795509 0.03245548 0.06374067 0.03128562 0.06762174 0.02340114
0.07073991 0.00108311 0.00060600 0.00121918 0.00054662 0.36428288 0.05551091 0.33696911 0.02101063 0.06497349 0.04386374 0.07024779 0.02245769
0.05837949 0.00675216 0.00052182 0.00665104 0.04251645 0.36440417 0.05269903 0.33451718 0.02359562 0.06608069 0.03794790 0.06709025 0.01615800
0.05773124 0.00285581 0.00095710 0.00137153 0.02275809 0.36492033 0.04980301 0.33322222 0.02493174 0.06611895 0.04056331 0.06575729 0.01772925
0.05664977 0.00736642 0.00054553 0.00874022 0.01344512 0.36431708 0.04191881 0.33349312 0.03196213 0.06696405 0.04305246 0.06724882 0.01762988
0.05765037 0.00224660 0.00282369 0.00330067 0.03278324 0.36427891 0.05666711 0.33435730 0.02664262 0.05904725 0.03598853 0.07156309 0.01350458
0.07041321 0.00307270 0.00138271 0.00181786 0.00352527 0.36433401 0.04851517 0.33599767 0.03005601 0.05888502 0.04784521 0.06885967 0.01480284
0.07099252 0.00138033 0.00095091 0.00066666 0.00080814 0.36391111 0.05907648 0.33635396 0.03988905 0.05885446 0.03610857 0.06441622 0.01419648
0.07049107 0.00060431 0.00060913 0.00046251 0.00072589 0.36487389 0.05242316 0.33678450 0.02607807 0.05783694 0.04611075 0.06222842 0.01491337
0.06943414 0.00077592 0.00054880 0.00014629 0.00051390 0.36377095 0.05032243 0.33719576 0.02665925 0.05824359 0.04360826 0.06613288 0.01561385
0.06833863 0.00156366 0.00053597 0.00396324 0.00542493 0.36441111 0.05176480 0.33664666 0.02902911 0.05830973 0.04197562 0.07009244 0.02088443
0.06845001 0.00364533 0.00053878 0.00047432 0.00441161 0.36437402 0.04503988 0.33558506 0.03729225 0.05834760 0.04474006 0.06855124 0.01445465
0.06815911 0.00438469 0.00117327 0.00372771 0.02365746 0.36453022 0.04511684 0.33389876 0.03091002 0.05944214 0.04329167 0.06684736 0.01480266
0.06693894 0.00699651 0.00079741 0.01038054 0.03121266 0.36430432 0.04856016 0.33369015 0.02777568 0.06417635 0.03128370 0.06595832 0.01579216
0.06481885 0.00078554 0.00147885 0.00299932 0.00283240 0.36386841 0.04949588 0.33394107 0.02247643 0.07554341 0.03822684 0.06714006 0.02688231
0.06291969 0.00109346 0.00112273 0.00160140 0.00097349 0.36406540 0.06833136 0.33495308 0.02117157 0.07395442 0.03451502 0.06958559 0.01533512
0.06262274 0.00073668 0.00111158 0.00466188 0.00288729 0.36440079 0.04177058 0.33648951 0.02400113 0.07411029 0.04106591 0.06807729 0.03235756
0.06304489 0.00782236 0.00359131 0.00937629 0.00809353 0.36410762 0.04466362 0.33630996 0.02589433 0.06774163 0.03332250 0.06437666 0.02331777
0.06606156 0.00360513 0.00124127 0.00603853 0.02915651 0.36453152 0.03886658 0.33645817 0.02239296 0.06858452 0.03532346 0.06346333 0.01915038
0.06802129 0.00324672 0.00084412 0.00153011 0.02164148 0.36492706 0.04373118 0.33726838 0.03226201 0.06752706 0.03697572 0.06510223 0.01274964
0.06905720 0.00293092 0.00100144 0.00463827 0.02554032 0.36387851 0.04733188 0.33615838 0.04055783 0.05981883 0.03233037 0.06950604 0.01293372
0.06778852 0.00148163 0.00092470 0.00191974 0.01859773 0.36545337 0.03868304 0.33442505 0.02271838 0.05970339 0.03982345 0.06758124 0.01411994
0.06817279 0.00383784 0.00062461 0.00206384 0.02137412 0.36363237 0.04840750 0.33289343 0.02086713 0.06089219 0.03407969 0.06513638 0.01205663
0.06841514 0.00327060 0.00065179 0.00244433 0.01860595 0.36501634 0.03672859 0.33198775 0.02953593 0.06186688 0.03538752 0.06482937 0.01304330
0.06466995 0.00128757 0.00173725 0.00011512 0.00088641 0.36401058 0.04279789 0.33280213 0.03009136 0.06356977 0.03279168 0.06982503 0.01175895
0.06338878 0.00051209 0.00140742 0.00011033 0.00034946 0.36408093 0.04264781 0.33415373 0.02415364 0.05520872 0.03349973 0.06964917 0.01200892
0.06562191 0.00033935 0.00110078 0.00013059 0.00024119 0.36587397 0.03904409 0.33548240 0.02031864 0.05473015 0.04344838 0.06616117 0.01203633
0.06691529 0.00076354 0.00087921 0.00010321 0.00043962 0.36409836 0.04751091 0.33553667 0.02830898 0.05513687 0.03068540 0.06205261 0.01134071
0.05924775 0.00053654 0.00070513 0.00012707 0.00024480 0.36566883 0.03574841 0.33617031 0.02665520 0.05363585 0.03934805 0.06273476 0.01251244
0.05842701 0.00047233 0.00063916 0.00010618 0.00032150 0.36485580 0.04575652 0.33638637 0.02445014 0.05252154 0.03347074 0.06620369 0.01156819
0.05764519 0.00040876 0.00060550 0.00011661 0.00028818 0.36491454 0.03964800 0.33555272 0.02353091 0.05137022 0.03564907 0.06961461 0.01230431
0.05593596 0.00040607 0.00075212 0.00011976 0.00024893 0.36582807 0.04090176 0.33418691 0.02302912 0.05055450 0.04014007 0.06673869 0.01199779
0.05346083 0.00067601 0.00070050 0.00010771 0.00038348 0.36497797 0.04587656 0.33230005 0.02887622 0.04983252 0.03037783 0.06321520 0.01161399
0.05122230 0.00034943 0.00073920 0.00012743 0.00022632 0.36511735 0.03667715 0.33230102 0.02297307 0.05594660 0.04266092 0.06516749 0.01249030
0.04945766 0.00044744 0.00085091 0.00010500 0.00031984 0.36523359 0.04757338 0.33386446 0.02476780 0.05675529 0.03216170 0.06847902 0.01141089
0.03796648 0.00045330 0.00271706 0.00053668 0.00211544 0.36496704 0.04265296 0.33483221 0.02495861 0.06061968 0.03898738 0.06935915 0.01417827
0.03688661 0.00081377 0.00076418 0.00012176 0.00026761 0.36464975 0.04334656 0.33569514 0.02830985 0.05962262 0.04360001 0.06512418 0.01253642
0.03638524 0.00138500 0.00053689 0.00033031 0.00113045 0.36563980 0.04490477 0.33583128 0.03822946 0.06025192 0.03124940 0.06287574 0.01222698
0.03483792 0.00046393 0.00060616 0.00013161 0.00034815 0.36379227 0.03829703 0.33606428 0.02321324 0.06120645 0.05129960 0.06256873 0.01418771
0.03412622 0.00052922 0.00053397 0.00018080 0.00038974 0.36641410 0.05230661 0.33679413 0.02848848 0.06032764 0.03290563 0.06858039 0.01148019
0.03391488 0.00051662 0.00047509 0.00012574 0.00032316 0.36346878 0.03867137 0.33505424 0.02685048 0.06078873 0.04328995 0.06803621 0.01310801
0.03377859 0.00283520 0.00096690 0.00574973 0.02929008 0.36467732 0.04625584 0.33336606 0.02808564 0.05904338 0.04056898 0.06762294 0.01181471
0.03423025 0.00113169 0.00045589 0.00194874 0.02483244 0.36297821 0.04436159 0.33227556 0.03207228 0.05860161 0.03374105 0.06491363 0.01379156
0.03411801 0.00162627 0.00032933 0.00299315 0.02277649 0.36397658 0.04046487 0.33194040 0.02343882 0.05729932 0.05359273 0.06673147 0.01296216
0.03311639 0.00490990 0.00115137 0.00466781 0.02952857 0.36410377 0.04750776 0.33414156 0.03258039 0.05701397 0.02939251 0.06956511 0.02027088
0.03225980 0.00102812 0.00059063 0.00185390 0.00219052 0.36370830 0.04337783 0.33445625 0.02323277 0.05660275 0.04456150 0.06883839 0.02831914
0.03306495 0.00405265 0.00052230 0.00459958 0.01687013 0.36374078 0.04949389 0.33497738 0.03330722 0.05678989 0.03317668 0.06616525 0.01530047
0.03170909 0.00181612 0.00061490 0.00154969 0.00215112 0.36334683 0.03742200 0.33553304 0.03354725 0.05712756 0.05595070 0.06160730 0.03265018
0.03024395 0.00200014 0.00043136 0.00181301 0.03180170 0.36358006 0.04426713 0.33585926 0.03433396 0.04788495 0.05419902 0.06706530 0.01332310
0.02738371 0.00545967 0.00116826 0.00526086 0.04548669 0.36423296 0.04530150 0.33715829 0.04537709 0.04815600 0.04363239 0.06889134 0.02295059
0.02793512 0.00256771 0.00097382 0.00074072 0.00343151 0.36441238 0.05158031 0.33704694 0.03322585 0.04936650 0.06587758 0.07973969 0.01728884
0.02786824 0.00159839 0.00183716 0.00050420 0.00100197 0.36366238 0.06047009 0.33337782 0.03558267 0.05002356 0.04234415 0.06734767 0.01608598
0.03024081 0.00099990 0.00090995 0.00028609 0.00068429 0.36470007 0.04504276 0.33332813 0.03036822 0.05044700 0.06192511 0.06956864 0.01862444
0.03140831 0.00118464 0.00102063 0.00030922 0.00087318 0.36301577 0.05855236 0.33326989 0.03360104 0.05103064 0.04245526 0.06645675 0.01332666
0.03262541 0.00089655 0.00058132 0.00016945 0.00037043 0.36527985 0.05405024 0.33427296 0.03597383 0.05017980 0.04890842 0.07111638 0.01693053
0.04946775 0.00054527 0.00069394 0.00023173 0.00042478 0.36277218 0.05852785 0.33545508 0.02519552 0.05622594 0.06329892 0.06983915 0.01469592
0.05152797 0.00088137 0.00058404 0.00014264 0.00048067 0.36525170 0.05891821 0.33620351 0.03797428 0.05708224 0.03892418 0.06662797 0.01585956
0.05205766 0.00059486 0.00048239 0.00018251 0.00037928 0.36314884 0.04680160 0.33569223 0.02613552 0.05721634 0.05918707 0.06457993 0.01587618
0.06358442 0.00074474 0.00046562 0.00014237 0.00048162 0.36490662 0.05924119 0.33660664 0.03283234 0.05713876 0.03602342 0.06580813 0.01475421
0.06285688 0.00056025 0.00043594 0.00015853 0.00035123 0.36360572 0.05098507 0.33699027 0.03001316 0.05634254 0.05209426 0.07095789 0.01566749
0.06114877 0.00055824 0.00047268 0.00015416 0.00040503 0.36451950 0.05978209 0.33519711 0.02768264 0.05591967 0.05732587 0.06795247 0.01476387
0.05796380 0.00083948 0.00070544 0.00014565 0.00050885 0.36393842 0.05829191 0.33441640 0.03694359 0.05551982 0.04371054 0.06756101 0.01539159
0.05468405 0.00047304 0.00098937 0.00016073 0.00036661 0.36440510 0.05162181 0.33260171 0.02422968 0.05552297 0.06278796 0.06485243 0.01569985
0.05063482 0.00069123 0.00137297 0.00013459 0.00046001 0.36490132 0.06056489 0.33396567 0.03384861 0.04518707 0.03353037 0.06969311 0.01495229
0.04786855 0.00047261 0.00148668 0.00016043 0.00032082 0.36458278 0.04856880 0.33515839 0.02648316 0.04546808 0.05449426 0.07009099 0.01585426
