0.00000032 0.00000000 0.00000000 0.00000000 0.00000000 0.00000000 0.00000000 0.00000000 0.00000007 0.00000000 0.00000000 0.00000000 0.00000000
0.06890530 0.02415375 0.00541906 0.02970828 0.11270721 0.14230404 0.09931183 0.05874845 0.11442385 0.09491896 0.12507215 0.06196596 0.06117869
0.13276248 0.02207295 0.00588728 0.02521696 0.12194111 0.15534103 0.14689668 0.07839902 0.07383998 0.14381220 0.18461440 0.06865994 0.06820162
0.12821421 0.02526781 0.00568848 0.03200741 0.13172813 0.18977055 0.14806246 0.09639327 0.19545426 0.14341903 0.11437642 0.08098302 0.07057514
0.15221882 0.02455463 0.00603344 0.02582869 0.13833351 0.17187252 0.13344834 0.10344344 0.22896866 0.15464795 0.15451291 0.09633039 0.09118073
0.23985153 0.02286348 0.00800583 0.02899564 0.13863159 0.15756937 0.15810755 0.11469406 0.17350933 0.16441382 0.15272971 0.11488090 0.06625639
0.25212011 0.02667389 0.00837107 0.02985451 0.14951546 0.14454756 0.16536446 0.12408746 0.12151616 0.17698850 0.23488912 0.11793371 0.06025576
0.29142281 0.02748354 0.01152484 0.03106936 0.12453228 0.15200826 0.15388580 0.14365636 0.15449520 0.19132853 0.24809908 0.13235787 0.07550178
0.34049209 0.02071557 0.00869056 0.02540605 0.13622104 0.15090237 0.16050175 0.14850937 0.23142268 0.20333566 0.15516565 0.13095555 0.08822078
0.38498134 0.02368098 0.00869706 0.02485776 0.12112815 0.15009443 0.14342020 0.15595006 0.15247946 0.20747674 0.24466834 0.12800283 0.07373719
0.40262640 0.01870006 0.00949307 0.02133747 0.13282475 0.15003219 0.15292861 0.14533354 0.13590835 0.21326354 0.24402103 0.12410043 0.06902164
0.45728729 0.02240315 0.01003655 0.02244367 0.12373849 0.17401334 0.16712803 0.14799207 0.16393502 0.21714974 0.19278742 0.12284483 0.05594558
0.48540290 0.02175163 0.00948893 0.02309550 0.11361695 0.19108954 0.14369720 0.13622082 0.17505097 0.21626181 0.24065775 0.11324826 0.05905818
0.50947103 0.02104963 0.00826421 0.02215846 0.11178610 0.19487390 0.16653054 0.13120126 0.17094757 0.21533099 0.19962801 0.12782417 0.06003463
0.51960812 0.02197943 0.00822058 0.02300663 0.10892234 0.18769765 0.16857522 0.15253409 0.14595793 0.21948802 0.22903608 0.11271928 0.06061056
0.55176386 0.01515884 0.00816258 0.01786774 0.11007157 0.19765645 0.15644092 0.15907635 0.16109259 0.22398698 0.25281991 0.11875635 0.05735294
0.57898797 0.01811844 0.00951091 0.01941081 0.12510742 0.17060211 0.17270741 0.15545823 0.18732734 0.23916169 0.19048196 0.12765930 0.05232873
0.59302395 0.01975451 0.00919650 0.02625540 0.12582442 0.17317137 0.15683814 0.16637909 0.17369121 0.23407354 0.23221739 0.13060404 0.06153550
0.62553676 0.01935201 0.01030125 0.02056491 0.08827356 0.16460367 0.15926996 0.15952426 0.16723198 0.23692937 0.22815449 0.13825821 0.06734484
0.65849977 0.02405453 0.01027955 0.02623675 0.09292901 0.16915802 0.16888297 0.17052618 0.18301534 0.23538417 0.19245158 0.13087136 0.05914642
0.66247391 0.01918621 0.00964712 0.02119592 0.09618033 0.17902896 0.14919350 0.16278737 0.18672392 0.23502900 0.23214596 0.13733784 0.05518574
0.71359004 0.01680802 0.00891755 0.01712831 0.11144485 0.16802498 0.16705672 0.17851398 0.19298575 0.23962426 0.20154991 0.13343400 0.06298348
0.72586006 0.01307062 0.00861592 0.01387982 0.09858730 0.19247224 0.15201502 0.17133410 0.19526560 0.23958847 0.20461978 0.12061228 0.05714839
0.74994143 0.01681775 0.00878714 0.01578949 0.09319436 0.20388924 0.15321394 0.16022980 0.18614434 0.24819826 0.22789052 0.12268721 0.07140233
0.76920235 0.02048545 0.00847093 0.02146265 0.08766267 0.19425440 0.16150418 0.16553490 0.20647814 0.24833074 0.19197790 0.12561313 0.04844927
0.78593272 0.02456977 0.00898542 0.02595661 0.10244242 0.19930491 0.15514429 0.14609237 0.19780409 0.25058477 0.21143342 0.12830282 0.06186557
0.80434490 0.01559658 0.00853215 0.01780749 0.11551244 0.17769958 0.15696486 0.16091729 0.18885417 0.25875543 0.21592618 0.12779364 0.06313719
0.82549089 0.02484298 0.00839091 0.02506508 0.11502693 0.18725795 0.14605797 0.16630250 0.20261081 0.25828945 0.18866469 0.12103901 0.07115820
0.84023283 0.01690537 0.00872006 0.01952973 0.12318072 0.16880883 0.14625694 0.16399939 0.18484779 0.26087269 0.22092711 0.13312819 0.06697297
0.85058734 0.01939952 0.00877589 0.01899802 0.11105023 0.16923940 0.15262453 0.15831567 0.18569820 0.26515937 0.20993139 0.13124221 0.07459896
0.86109457 0.02106242 0.00978040 0.02440118 0.12346691 0.17578579 0.16251487 0.16214215 0.19317305 0.26376579 0.19666620 0.13110066 0.06269491
0.88392142 0.02279240 0.00829151 0.02727280 0.12680032 0.18346324 0.14413611 0.16391829 0.17679358 0.26446622 0.22842002 0.13137185 0.07595179
0.90022983 0.01980598 0.00767052 0.02456217 0.11756991 0.20570388 0.15395396 0.15454278 0.18288952 0.26524818 0.19951062 0.12129608 0.06232699
0.92820271 0.02206443 0.00817842 0.02451303 0.12648959 0.18286862 0.14469046 0.15148036 0.17581443 0.27349229 0.21215482 0.12895066 0.09269826
0.95403384 0.01683710 0.00886402 0.01754822 0.10919357 0.20868865 0.16160581 0.15007954 0.16609202 0.28200773 0.22722880 0.12556600 0.07643312
0.96443187 0.02094842 0.00848513 0.02372606 0.10080456 0.19739466 0.15896176 0.14783933 0.18071214 0.28571561 0.19284629 0.13243130 0.07341874
0.97859894 0.01876847 0.00830935 0.01876108 0.09988194 0.19046717 0.15480694 0.14833464 0.17095017 0.28370799 0.22287004 0.12623376 0.06558743
0.99957654 0.01592710 0.00913845 0.01927895 0.10376223 0.19150905 0.17260462 0.15714506 0.17259783 0.28134871 0.21462418 0.12375628 0.05005965
1.00274207 0.01769298 0.00883763 0.01815588 0.11223613 0.17505999 0.16393138 0.16045969 0.17012186 0.27812769 0.20695889 0.13395007 0.07594818
1.00804342 0.02077060 0.00812638 0.02193337 0.11266901 0.17917881 0.15555985 0.15804109 0.16492528 0.27690895 0.22907290 0.13175404 0.04714105
1.02306019 0.01719949 0.01007945 0.01684791 0.11563054 0.17679233 0.15003194 0.17082640 0.17746865 0.28152987 0.20441229 0.12850078 0.07601561
1.04784491 0.02320232 0.00974895 0.02455119 0.13681726 0.17912041 0.15555522 0.16099832 0.17142087 0.29171373 0.20937355 0.14552248 0.06050966
1.06393113 0.02025165 0.00860833 0.02125673 0.12731375 0.18271400 0.14686797 0.15293770 0.16909386 0.29659961 0.21712524 0.12537281 0.05431143
1.07441156 0.02566844 0.01078553 0.02481691 0.11085150 0.16725947 0.16556743 0.16002883 0.17771829 0.29739521 0.20175758 0.13348943 0.06763530
1.07927697 0.02378840 0.00963766 0.02466942 0.11142558 0.17545212 0.16840352 0.16378152 0.17037412 0.29729875 0.21633666 0.12776914 0.06035468
1.09971062 0.02003166 0.00824722 0.02327840 0.12910726 0.18169705 0.15739141 0.15486182 0.17836098 0.29443104 0.20918251 0.11878321 0.05134856
1.10103773 0.02525817 0.00860924 0.02868686 0.10025291 0.18649458 0.16051347 0.15086799 0.17720294 0.29285076 0.19998354 0.13192475 0.06440083
1.09885677 0.01564085 0.00975442 0.01540859 0.09945117 0.17975815 0.14286033 0.16209860 0.17617013 0.29316292 0.21750118 0.13090759 0.07097999
1.11116906 0.01506451 0.00794187 0.01786480 0.09103899 0.18145687 0.16087243 0.15226817 0.18165411 0.29656025 0.20343863 0.12231429 0.05465155
1.12854407 0.02263225 0.00758688 0.02256523 0.10902440 0.17441982 0.14903663 0.17299685 0.17586869 0.29402482 0.21349136 0.12843765 0.08539134
1.14106520 0.01606234 0.00866581 0.01821578 0.09782397 0.17878835 0.15159631 0.16754078 0.17498558 0.30038677 0.21423416 0.12058076 0.06492320
1.15713782 0.02025480 0.00777682 0.02177969 0.10382778 0.17668611 0.16774708 0.16787489 0.17633684 0.30186398 0.20618973 0.12144336 0.06372301
1.16497848 0.02004427 0.00875680 0.02082791 0.08902131 0.18514159 0.14950838 0.15652458 0.18098217 0.30492508 0.20658913 0.12061696 0.05584707
1.17471904 0.02092681 0.00841064 0.02375130 0.09325516 0.17502586 0.16262790 0.15716607 0.17882166 0.30547300 0.20565415 0.12288225 0.06253262
1.18904948 0.01891808 0.00753762 0.02105884 0.10567012 0.17761404 0.15083077 0.16220944 0.17448256 0.30596923 0.20642568 0.12343263 0.05886750
1.19196671 0.01466477 0.00788145 0.01335979 0.09647464 0.17389984 0.15297882 0.15071371 0.17505396 0.31113948 0.21009886 0.11304370 0.06586556
1.21397644 0.01467884 0.00820335 0.01618173 0.09416823 0.17788732 0.15290812 0.15258901 0.17428507 0.30725286 0.20748076 0.13446928 0.06599921
1.23454491 0.02239256 0.00967629 0.02321786 0.09670323 0.18562651 0.15615237 0.15915904 0.17285238 0.30611704 0.20917550 0.12349839 0.04997191
1.24309604 0.02399726 0.00824729 0.02810232 0.11234101 0.17532013 0.15711600 0.14557034 0.16666696 0.31178423 0.21110309 0.12615535 0.05682590
1.25096341 0.02081821 0.00781458 0.02226840 0.08651141 0.18362272 0.16109384 0.15254832 0.17450476 0.30912627 0.21357059 0.11267657 0.06042378
1.26403941 0.01766458 0.00740622 0.01825930 0.10847924 0.18323220 0.16051693 0.15617408 0.18298047 0.31792461 0.19735196 0.11881937 0.06424545
1.26798421 0.01737610 0.00685624 0.01917642 0.09038376 0.19441439 0.15582542 0.16478799 0.16830464 0.31266305 0.21232856 0.11611002 0.05778058
1.27427217 0.01637527 0.00709939 0.01803893 0.10440341 0.20484326 0.15665302 0.14980951 0.16650375 0.31163257 0.20905048 0.11093121 0.04872840
1.28057555 0.02008011 0.00760573 0.02173517 0.10836155 0.18696784 0.16694170 0.14852740 0.17000467 0.31231969 0.19973726 0.13077537 0.06684526
1.29350961 0.01761159 0.00830304 0.01922681 0.08934141 0.20498675 0.15337167 0.15417558 0.16547798 0.31276547 0.21251450 0.11325888 0.06727143
1.29706616 0.01953163 0.00795995 0.02083579 0.10725363 0.19125170 0.17505017 0.13836855 0.16401822 0.31634242 0.19124661 0.12911502 0.06602221
1.30228862 0.01652682 0.00810333 0.01853325 0.09382262 0.19982210 0.17247668 0.14697319 0.16308564 0.31500132 0.20603809 0.12822673 0.05734050
1.30393365 0.01971044 0.00830047 0.01867495 0.10820034 0.19603537 0.16768309 0.14804060 0.16728172 0.31287806 0.20439300 0.12173870 0.05521322
1.31153065 0.01904370 0.01163011 0.01930186 0.10046155 0.17837102 0.16870582 0.15278503 0.16884556 0.32129909 0.19262475 0.13636817 0.06419648
1.31356864 0.02052001 0.00767598 0.02180842 0.09195159 0.19941741 0.15487049 0.15819580 0.16273233 0.32021432 0.20908156 0.12268902 0.05388596
1.31610614 0.01839458 0.00745478 0.02241000 0.10547730 0.19795893 0.17263973 0.14410444 0.16403913 0.32044936 0.19359150 0.12030654 0.06761455
1.31644332 0.02798344 0.00920760 0.03045752 0.11219373 0.18996085 0.17363327 0.15160798 0.15541534 0.31741737 0.20399442 0.12900453 0.05396974
1.32206993 0.02493785 0.00764632 0.02980109 0.12334554 0.20975045 0.17797992 0.14088202 0.15735634 0.31866177 0.20216528 0.12402641 0.06202408
1.33434172 0.01388068 0.00841015 0.01254526 0.11395692 0.20515199 0.17754474 0.16508828 0.16169294 0.32069186 0.19067488 0.12885327 0.06073595
1.34656927 0.01395866 0.00827757 0.01741074 0.09080521 0.20923277 0.17075555 0.15248445 0.15932992 0.31798919 0.20142154 0.12903921 0.05450624
1.34655430 0.01725862 0.00732310 0.01726979 0.09770053 0.21437799 0.17609644 0.14977759 0.16298061 0.32131089 0.20083017 0.12280597 0.05504200
1.34900655 0.01774996 0.00913351 0.01855005 0.09347044 0.19592637 0.17002692 0.16469011 0.16411159 0.31847690 0.19552441 0.12776545 0.06191441
1.35090627 0.02158623 0.00824612 0.02148041 0.09597645 0.21093017 0.17223898 0.14821452 0.15886370 0.31969015 0.19999472 0.12893133 0.06688603
1.36001093 0.01751735 0.00750883 0.01601580 0.10363671 0.20322173 0.17088840 0.15649160 0.16216324 0.31778010 0.18812992 0.12368576 0.06974541
1.36477642 0.01283860 0.00830351 0.01396110 0.07438934 0.20956207 0.16606405 0.16091480 0.16382038 0.31681730 0.19517039 0.12660263 0.06310600
1.37376347 0.01284034 0.00730104 0.00993470 0.07316379 0.21049073 0.17266186 0.16387341 0.16042466 0.32040745 0.20011805 0.12382151 0.04947236
1.38898771 0.01336395 0.00684175 0.01212642 0.05855517 0.19653883 0.16254144 0.16563472 0.16625537 0.32018717 0.19611477 0.11856676 0.07117512
1.39409260 0.02187222 0.00715168 0.02351827 0.07211134 0.22075687 0.15812102 0.15952429 0.16012521 0.32284074 0.20191037 0.11719521 0.04679083
1.39987971 0.01547868 0.00782145 0.01875144 0.08879934 0.20599932 0.16628539 0.15866709 0.16195322 0.32261060 0.19636550 0.12324525 0.05992927
1.40474211 0.02213628 0.00839656 0.02257297 0.07097014 0.21470679 0.16179849 0.15855187 0.16751034 0.32196787 0.19213661 0.12144192 0.05013684
1.41159768 0.01957955 0.00815311 0.02204119 0.09005104 0.21495446 0.17516166 0.17076816 0.15284926 0.32498255 0.19351818 0.11492011 0.05039480
1.41129841 0.01802000 0.00809818 0.01560545 0.10531021 0.20392623 0.17071637 0.15307966 0.15470442 0.31801634 0.19373938 0.13168349 0.04936909
1.41137601 0.01942957 0.00673235 0.01828097 0.09973162 0.21062537 0.16940156 0.17595110 0.16026993 0.31795617 0.19429319 0.11257445 0.05526333
1.41170827 0.01085000 0.00963191 0.00879727 0.07240266 0.21257916 0.16114868 0.16818810 0.16556430 0.31960229 0.18576805 0.12503006 0.05173602
1.41899989 0.01680004 0.00823199 0.01763127 0.07532836 0.20958269 0.15937999 0.17107332 0.15520177 0.31942596 0.19139091 0.12289869 0.06839758
1.42239589 0.01096461 0.00818597 0.01101845 0.09969477 0.21865581 0.17555904 0.17431186 0.14651068 0.32122524 0.19445626 0.12325878 0.05014054
1.42485304 0.02573149 0.00734026 0.02557714 0.10413545 0.21378981 0.16851240 0.15707010 0.15646021 0.31630682 0.18590593 0.11334485 0.04993702
1.43591979 0.01173160 0.00782703 0.00909866 0.07759788 0.22201374 0.16407991 0.17314342 0.15670267 0.31659743 0.19386262 0.12757984 0.05680432
1.43598857 0.01709633 0.00750200 0.01834182 0.08891516 0.20944556 0.17118309 0.17073263 0.15119974 0.31273851 0.18511291 0.12299462 0.05972180
1.43707684 0.02081885 0.00777104 0.02340151 0.08565908 0.21897755 0.15850400 0.17495437 0.14684485 0.31147819 0.19009502 0.12176814 0.06211107
1.44165978 0.02016951 0.00769408 0.02093919 0.08881215 0.22347463 0.16248396 0.17554673 0.15391564 0.31453337 0.18579033 0.12351114 0.05711225
1.44362366 0.02068973 0.00740891 0.02452105 0.10937164 0.22263357 0.16373817 0.17039673 0.15065397 0.31825419 0.17831124 0.12238289 0.06016570
1.44816980 0.02085750 0.00786162 0.02160059 0.10695671 0.22144245 0.15194333 0.17683463 0.14502607 0.31766694 0.19220949 0.11958481 0.07960759
1.45065794 0.02131161 0.00783360 0.02244971 0.10028136 0.22287583 0.16505091 0.17109316 0.15109805 0.31771961 0.18143322 0.11730576 0.04936733
1.45618244 0.01365257 0.00862553 0.01440221 0.10737115 0.21634104 0.14610888 0.16539979 0.15838150 0.31695565 0.19389928 0.12051762 0.06674063
1.46048294 0.01558645 0.00837640 0.01631473 0.11957576 0.22706615 0.16178242 0.18475838 0.16315714 0.31505000 0.18496980 0.12221012 0.06109624
1.46478039 0.01841008 0.00747987 0.02131094 0.10138622 0.21769402 0.15745526 0.16948852 0.16226650 0.31347713 0.18398476 0.12201827 0.05415999
1.46842998 0.01498278 0.00708758 0.01510842 0.09997692 0.22609861 0.15042977 0.16921869 0.15030556 0.31487106 0.19304754 0.12169010 0.04901279
1.46851552 0.01736722 0.00735989 0.01766209 0.10035378 0.23681739 0.15975530 0.17225280 0.15774638 0.31426183 0.18190993 0.11539742 0.07205365
1.46658442 0.01314749 0.00725956 0.01597890 0.10510744 0.22080136 0.15446016 0.17539352 0.15303701 0.31636943 0.18969233 0.12123836 0.05095238
1.46821424 0.01645792 0.00719865 0.01812733 0.10935893 0.23557627 0.15959966 0.17717114 0.15528043 0.32025154 0.18878116 0.10963910 0.05918416
1.47392497 0.02520296 0.00668270 0.02565290 0.11644927 0.21506032 0.16196101 0.18030249 0.15096510 0.32041824 0.18358678 0.11901374 0.05290472
1.46877176 0.02287352 0.00878760 0.02146979 0.10843874 0.22992687 0.14794127 0.19022714 0.14996550 0.31867806 0.19375720 0.11259092 0.04850751
1.46993349 0.01884151 0.00758062 0.02212144 0.12573463 0.22087843 0.16419689 0.17582557 0.15370831 0.31493075 0.17403733 0.11967262 0.04979638
1.47291515 0.01706466 0.00741568 0.01706837 0.10979261 0.22935013 0.15924374 0.17531834 0.14445866 0.31640386 0.18740070 0.11861907 0.05976682
1.47952723 0.01952802 0.00782599 0.02092930 0.11216657 0.21883551 0.16470351 0.18432645 0.14158315 0.31805130 0.17829830 0.12192816 0.06167946
1.48240962 0.01838976 0.00677940 0.02205858 0.11812149 0.22677393 0.16142413 0.18639403 0.14763068 0.31837324 0.17285204 0.12485111 0.05001041
1.48657867 0.02033146 0.00686913 0.02308098 0.10824596 0.21846152 0.15014317 0.19268844 0.13924973 0.31927355 0.18527733 0.11823373 0.05528234
1.48624630 0.01661055 0.00692404 0.01964265 0.10648499 0.23171950 0.16179355 0.19041832 0.13893286 0.31595548 0.17821889 0.11533274 0.05509935
1.48809615 0.01664605 0.00767616 0.01824319 0.09838050 0.21828834 0.15258546 0.18890912 0.14288594 0.31683731 0.18730651 0.11635185 0.06634362
1.48452366 0.02099995 0.00865116 0.02698630 0.08035937 0.22285049 0.16155628 0.18332732 0.14571228 0.31905757 0.17562160 0.12048411 0.07657647
1.48758693 0.02599798 0.00721389 0.02625508 0.07455792 0.23577468 0.15322029 0.19172481 0.14253577 0.31818481 0.17993412 0.11053671 0.07738752
1.49173315 0.01896144 0.00659671 0.01922427 0.10373986 0.22422453 0.16282639 0.19335190 0.13535839 0.32083073 0.18362594 0.11300273 0.08303685
1.49454701 0.01804497 0.00620167 0.01870004 0.09162769 0.23414204 0.16093577 0.18721644 0.14114649 0.32179607 0.17739289 0.11237832 0.07452861
1.49734034 0.01793254 0.00639406 0.01893281 0.08878979 0.23616452 0.15682228 0.20032334 0.13938502 0.32025961 0.18472900 0.11756286 0.07222631
1.49579996 0.01582884 0.00817371 0.01486723 0.09359967 0.23724552 0.16795407 0.19064984 0.14096388 0.31890069 0.16709336 0.12436995 0.06778101
1.49765108 0.01405679 0.00753441 0.01638899 0.09215910 0.23589919 0.15255174 0.20075456 0.13670275 0.31832637 0.17783308 0.11206835 0.07752900
1.50079945 0.02222913 0.00665079 0.02220018 0.08506332 0.23573241 0.16875763 0.18711891 0.13779208 0.31955960 0.17552641 0.11177565 0.05826571
1.50401024 0.01405940 0.00738547 0.01344861 0.09511196 0.23548315 0.15805265 0.19889320 0.13687015 0.31924008 0.17543420 0.11658773 0.06665090
1.50413080 0.01795666 0.00773615 0.01857332 0.08964973 0.23631239 0.18346312 0.19125912 0.14002682 0.32169997 0.17319314 0.11203169 0.05021349
1.50923486 0.01093149 0.00718368 0.01078549 0.09982074 0.23511645 0.17310817 0.18943152 0.13594902 0.32242384 0.17422258 0.12145838 0.06070127
1.51204260 0.01190969 0.00745148 0.01211265 0.08603019 0.24137918 0.16235400 0.19880610 0.13497047 0.31937480 0.17390498 0.11483357 0.06695401
1.51136351 0.01897228 0.00728699 0.02043852 0.09703864 0.23730986 0.16345211 0.19569761 0.13789876 0.32342402 0.16784219 0.11772172 0.07125591
1.51113135 0.01584215 0.00608640 0.01663518 0.08491716 0.24316096 0.15633719 0.19220192 0.13576266 0.32108756 0.17857330 0.11753520 0.07128885
1.50955384 0.01894230 0.00656310 0.02100041 0.09024320 0.24549587 0.17471142 0.19326288 0.13731715 0.32465688 0.17207615 0.11543685 0.06859287
1.50697990 0.01453801 0.00642042 0.01367249 0.09168152 0.23432386 0.16228602 0.19544815 0.13388010 0.32607514 0.17745508 0.11047329 0.06401987
1.50320216 0.01726139 0.00722152 0.01955635 0.08434184 0.24888739 0.15638167 0.19818836 0.13600889 0.32587268 0.17110083 0.11033541 0.05754845
1.50232564 0.01801340 0.00597475 0.02122234 0.10083168 0.24195879 0.17253711 0.20144951 0.12778015 0.32529837 0.16657459 0.10841826 0.06503563
1.50490264 0.01305289 0.00640337 0.01544047 0.10861472 0.24582940 0.16015813 0.20181918 0.13467891 0.32121985 0.17951820 0.11389463 0.06148115
1.50750713 0.01396952 0.00669303 0.01687287 0.08930456 0.23962855 0.16824966 0.20728861 0.13634460 0.32131537 0.17535152 0.10856593 0.06555812
1.50837587 0.01728511 0.00714375 0.01986484 0.07737886 0.24275527 0.15777502 0.19946176 0.13663998 0.32295496 0.17600078 0.12014317 0.06965485
1.50696310 0.01540495 0.00654600 0.01758542 0.07932943 0.24377348 0.16721972 0.21404917 0.14084810 0.32128790 0.17352302 0.11577272 0.06593482
1.50857712 0.01653468 0.00686051 0.01813851 0.07523551 0.24963904 0.16519475 0.20051978 0.13195239 0.32457059 0.16818718 0.11952671 0.05797949
1.50625509 0.01215292 0.00641832 0.01162164 0.07104533 0.24490412 0.16222706 0.19906587 0.13531033 0.32363135 0.17088933 0.11925491 0.05829030
1.50924710 0.01368309 0.00837686 0.01453833 0.07206544 0.26329860 0.17717807 0.20077590 0.12762159 0.32606492 0.17152281 0.10841503 0.05608949
1.51629957 0.01378923 0.00665561 0.01545582 0.08317683 0.24765739 0.15838836 0.21139165 0.12764109 0.32284021 0.17107094 0.10910156 0.05850475
1.52058299 0.01392985 0.00613781 0.01650537 0.05796811 0.25722328 0.16824221 0.21097959 0.13046642 0.32058159 0.16168594 0.10776275 0.05486021
1.51775594 0.01238102 0.00574411 0.01088928 0.06753404 0.25214752 0.16119369 0.20378769 0.12881956 0.31975967 0.16543014 0.10883112 0.05882053
1.51121889 0.01461768 0.00594642 0.01553505 0.09221336 0.25464871 0.15747139 0.20952385 0.13210162 0.32055388 0.16046342 0.10770341 0.06409962
1.50491030 0.01360773 0.00648142 0.01439047 0.08133816 0.24989549 0.16760482 0.21227674 0.12657591 0.31992318 0.16824338 0.10836871 0.05839349
1.50620079 0.01510963 0.00695921 0.01704608 0.09786690 0.25303052 0.16099099 0.21313771 0.12481654 0.32032742 0.17114764 0.12178462 0.05938665
1.50880014 0.01478832 0.00720092 0.01445004 0.07679881 0.24602598 0.16993599 0.20889928 0.13395387 0.31903708 0.15873606 0.12656969 0.05277249
1.50555494 0.02079126 0.00665638 0.02008532 0.09384221 0.25561785 0.16479146 0.21739883 0.13038563 0.32207082 0.16426766 0.10759082 0.05569751
1.50632853 0.01426974 0.00593477 0.01794166 0.09234325 0.25052346 0.17016949 0.21742553 0.12547800 0.31999677 0.16520487 0.11012294 0.07123345
1.50858704 0.01710768 0.00578511 0.02023037 0.09321377 0.26076221 0.16873218 0.21707616 0.12875673 0.32293796 0.17564319 0.10470656 0.05479352
1.50281061 0.01143266 0.00641768 0.01129766 0.07238059 0.26135127 0.15953712 0.21376011 0.13474074 0.31995041 0.16681160 0.10385502 0.07266778
1.50415203 0.01940277 0.00827345 0.02191482 0.07242432 0.26158438 0.16474640 0.21251496 0.13084418 0.31777538 0.16601059 0.11611285 0.06261762
1.50502148 0.01390973 0.00574861 0.01029869 0.08250272 0.26780182 0.16445425 0.21247556 0.12681877 0.32243412 0.16805521 0.10562430 0.07497848
1.50363205 0.01584288 0.00571469 0.01850143 0.09779977 0.25924543 0.17125998 0.21374216 0.12577046 0.32300952 0.16530668 0.11371945 0.07117908
1.50112648 0.01178888 0.00587532 0.01384811 0.10064360 0.26816035 0.16258861 0.22257785 0.13082902 0.32040427 0.16268503 0.11083005 0.07042560
1.50567281 0.01138994 0.00599477 0.01310202 0.07455562 0.26750895 0.16728772 0.22275326 0.13026220 0.32020009 0.15908299 0.11015975 0.07628586
1.50253918 0.01779961 0.00593073 0.01993433 0.07427214 0.26979129 0.16835436 0.21926863 0.11876174 0.31936035 0.16732519 0.11584111 0.06239541
1.50444192 0.01369655 0.00617536 0.01414156 0.07898409 0.26757533 0.17251989 0.22146432 0.12329305 0.32141989 0.16371858 0.10150981 0.06724612
1.50245187 0.01384070 0.00629012 0.01407763 0.08511431 0.26975934 0.17204565 0.21635094 0.13089052 0.31809357 0.16951682 0.11810766 0.06705416
1.50233561 0.01489842 0.00588883 0.01519330 0.07647122 0.26400136 0.16884721 0.22619158 0.13535877 0.31666621 0.16697184 0.10379058 0.05916952
1.50249097 0.01650376 0.00518305 0.01799082 0.08445288 0.27173026 0.17089609 0.22239335 0.13377664 0.31613746 0.16878126 0.10345194 0.07708683
1.50052729 0.01408589 0.00536133 0.01530243 0.08120374 0.26701855 0.16637784 0.21947406 0.12333458 0.31447713 0.17819255 0.10928692 0.07090081
1.50024837 0.01153945 0.00637457 0.01273972 0.09699880 0.27163337 0.16114691 0.22435796 0.13011842 0.31990874 0.16892568 0.10953387 0.07343211
1.49749081 0.01766574 0.00587000 0.01854839 0.08603390 0.26935583 0.16242064 0.22471473 0.13330181 0.31619024 0.16759822 0.10323956 0.06612109
1.49743667 0.01358976 0.00695058 0.01854079 0.09931505 0.26952695 0.16721376 0.23561876 0.12678936 0.31306279 0.16878302 0.11416802 0.05910124
1.49296199 0.01420187 0.00728123 0.01465384 0.07949179 0.27530599 0.17416103 0.23246613 0.12758349 0.31499717 0.16081477 0.10286896 0.06395369
1.49127299 0.01608227 0.00614331 0.01779727 0.10593270 0.26484537 0.17425943 0.23049201 0.12384408 0.31145899 0.17100573 0.10909213 0.05835839
1.49042381 0.02446601 0.00675317 0.02349634 0.09153569 0.27747667 0.16332291 0.23169975 0.12278681 0.31325859 0.17320762 0.10896494 0.06935402
1.49015717 0.01376329 0.00680225 0.01756353 0.09205971 0.26900906 0.16789990 0.23492641 0.13574882 0.30946929 0.16314853 0.12033850 0.05868684
1.49145885 0.01109554 0.00626644 0.01206815 0.08592970 0.27803941 0.16222275 0.22861443 0.13386732 0.30851874 0.16590841 0.11286741 0.07117722
1.49086505 0.01471511 0.00647948 0.01459215 0.05494275 0.26934943 0.17139372 0.23471828 0.12100195 0.31120356 0.16724826 0.11889149 0.05659263
1.48446083 0.01658265 0.00661979 0.01781277 0.05788014 0.28213002 0.17313595 0.23018995 0.12286944 0.30919241 0.17090873 0.10963999 0.05246706
1.47507026 0.01922966 0.00627580 0.01885866 0.07545619 0.27032515 0.17601916 0.22723450 0.13159896 0.31010032 0.16382408 0.12287471 0.05889653
1.47336676 0.01633784 0.00646579 0.01705662 0.10495126 0.27863590 0.16465565 0.23475578 0.12479952 0.30875348 0.16366503 0.09878225 0.05140657
1.46629325 0.01451158 0.00587508 0.01153307 0.09529256 0.27602693 0.16425692 0.23597624 0.12360529 0.30874530 0.16774834 0.11579270 0.05556849
1.46603682 0.01601240 0.00559538 0.01870429 0.08303121 0.28140265 0.16649248 0.23866514 0.12278517 0.30932544 0.16759273 0.10316626 0.05084831
1.46434823 0.00740160 0.00525054 0.00349026 0.05515128 0.27695246 0.17365895 0.24279566 0.13411614 0.30740085 0.16399520 0.10941240 0.04723769
1.46462321 0.00859508 0.00571218 0.00830999 0.06359793 0.28115099 0.17206184 0.24618278 0.12050028 0.31059574 0.17703809 0.10796757 0.05045138
1.45466119 0.01731156 0.00585692 0.01660991 0.05914447 0.27927926 0.17412034 0.23878046 0.12607764 0.30590782 0.16460169 0.11015421 0.05774574
1.44658592 0.01255195 0.00590160 0.01108560 0.06850678 0.28011790 0.16605672 0.23863959 0.12771048 0.30453604 0.17486837 0.11294542 0.05534038
1.44519679 0.01973935 0.00553937 0.02229433 0.06830864 0.28165118 0.15815934 0.24164898 0.12975180 0.30599050 0.17146017 0.10936737 0.05329428
1.44866565 0.02046377 0.00584503 0.02058640 0.06812750 0.28000170 0.17060592 0.23522134 0.11829664 0.30242976 0.17097314 0.11151161 0.05588935
1.44066068 0.00858807 0.00757584 0.00858584 0.05937193 0.28466958 0.16544599 0.23562433 0.12539359 0.30568587 0.16596347 0.11647350 0.05993803
1.43920529 0.01151928 0.00616588 0.01154286 0.08901928 0.27813199 0.16787335 0.24288351 0.12760190 0.30146143 0.16764257 0.11194544 0.05744819
1.43872513 0.01878756 0.00646384 0.02166466 0.08329189 0.28524720 0.16737119 0.24855347 0.12938646 0.30306664 0.17099423 0.10855974 0.05189622
1.43334846 0.01710893 0.00561321 0.01823484 0.09456428 0.28031535 0.17086200 0.24638142 0.12631743 0.30137039 0.16694041 0.11278978 0.05943245
1.42798970 0.01264523 0.00477512 0.01662919 0.10070967 0.28898305 0.16740258 0.24940948 0.12154373 0.29630212 0.18336766 0.09907857 0.05725739
1.41956455 0.01520469 0.00512169 0.01537060 0.08197414 0.28419005 0.16088014 0.25041903 0.14045171 0.29781220 0.16581493 0.10870334 0.05501840
1.41700894 0.01173057 0.00507019 0.00767181 0.05756522 0.28606837 0.16177556 0.25163175 0.14042336 0.29757231 0.17137851 0.10126354 0.04984860
1.40624711 0.01315873 0.00588459 0.01551885 0.07790208 0.28195834 0.16189124 0.25161927 0.12278822 0.30304535 0.17294336 0.10712693 0.05368204
1.40226978 0.01378573 0.00567887 0.01325659 0.05407610 0.29289336 0.15979721 0.24523808 0.13076931 0.30603161 0.16774120 0.10033383 0.05432667
1.39618686 0.01574996 0.00455041 0.01585979 0.09968721 0.28481198 0.16170618 0.24673521 0.13509875 0.30390318 0.17019878 0.10685998 0.04480527
1.38500205 0.01377237 0.00478247 0.00919352 0.05637973 0.29451098 0.15484058 0.24893731 0.13890093 0.30500298 0.16644226 0.10255250 0.07182844
1.37837654 0.01323743 0.00509821 0.01571778 0.08003998 0.28826507 0.15552552 0.25083302 0.12929277 0.29778829 0.18052577 0.11192197 0.04377478
1.36445887 0.01301707 0.00605841 0.01299002 0.07326129 0.28882287 0.15194612 0.25050307 0.13874330 0.29657407 0.17033132 0.10579992 0.04825721
1.35972522 0.02078294 0.00657017 0.02132143 0.08148284 0.29075362 0.15722619 0.25305233 0.13532491 0.29596568 0.16759422 0.10966793 0.04861822
1.35376107 0.01133330 0.00635227 0.00895825 0.06815247 0.28893308 0.15079066 0.24654578 0.13402637 0.29207880 0.17529037 0.10433775 0.04653985
1.34674133 0.01454006 0.00671512 0.01629936 0.08578010 0.29707234 0.15045428 0.25213512 0.12626470 0.29449642 0.16421146 0.12530185 0.06079515
1.34284011 0.01168941 0.00676213 0.01535904 0.07883133 0.29368719 0.15741604 0.25323947 0.12585613 0.29130943 0.16764630 0.11001954 0.05634711
1.34033253 0.01028078 0.00641126 0.01157943 0.08038365 0.30012776 0.14661719 0.24774217 0.12260801 0.29271545 0.16289241 0.10686768 0.06888929
1.33827976 0.01426788 0.00532120 0.01587285 0.09463200 0.29497506 0.15582765 0.24964535 0.12578787 0.29476043 0.16055109 0.11049870 0.05271565
1.32953315 0.02046605 0.00548756 0.02115421 0.08874084 0.29954654 0.15358122 0.24580652 0.12636157 0.29208496 0.17283031 0.10134816 0.06196066
1.32587671 0.01807731 0.00577964 0.02196324 0.10068481 0.29698461 0.15029902 0.25029281 0.12582023 0.29354133 0.16726273 0.11239491 0.05487774
1.31918848 0.01180790 0.00604831 0.01071154 0.10273834 0.29901005 0.15918197 0.25064079 0.12480983 0.29274024 0.16890874 0.11087994 0.05882179
1.31401206 0.01661510 0.00563437 0.01786313 0.07884261 0.30022170 0.15972358 0.25549635 0.12028076 0.28741549 0.16425995 0.10925102 0.04964922
1.31292141 0.00886998 0.00527771 0.01069931 0.06155590 0.29997054 0.15825993 0.26087808 0.12117201 0.28819050 0.15974731 0.10944126 0.06071087
1.30268995 0.01666955 0.00504917 0.01731303 0.04290621 0.29673412 0.16551704 0.25723344 0.12565366 0.28611852 0.17020898 0.09995878 0.05381263
1.30528064 0.01264192 0.00468545 0.01678470 0.08170689 0.29603121 0.16573045 0.25108462 0.13082944 0.29036245 0.16808217 0.10938892 0.06908757
1.29585495 0.01220429 0.00550324 0.01408786 0.08026565 0.29809101 0.17473381 0.25663028 0.12524841 0.29027282 0.17216808 0.10726265 0.06207612
1.28740224 0.01091878 0.00629620 0.01015955 0.07852801 0.29789915 0.16658432 0.25254688 0.12505975 0.29360237 0.16699552 0.11019599 0.05886553
1.28129982 0.01073025 0.00710129 0.01231493 0.06623492 0.29995842 0.15920356 0.25080723 0.12877385 0.29468370 0.16168241 0.11031349 0.06115793
1.28004417 0.01012282 0.00621427 0.00960566 0.04733480 0.29685340 0.16779502 0.25381012 0.12318942 0.29237859 0.17366682 0.10607614 0.05536669
1.27636401 0.01619726 0.00642986 0.01311242 0.08634024 0.29876846 0.15779352 0.25099805 0.13131134 0.29138406 0.16668540 0.10463973 0.06052448
1.26870145 0.01270089 0.00512745 0.01415536 0.07397843 0.29900840 0.17889765 0.26242066 0.12622050 0.29133283 0.16460997 0.10446291 0.05285251
1.26716511 0.00909773 0.00637087 0.00286338 0.05530093 0.30249541 0.17206122 0.25735434 0.12772441 0.29524007 0.17233529 0.10540203 0.05066099
1.25857473 0.01032054 0.00508537 0.01125494 0.06344169 0.29991514 0.17129952 0.26252253 0.11856143 0.29126294 0.16207709 0.10886585 0.05231625
1.25001334 0.01395585 0.00556549 0.01287805 0.05300513 0.30217976 0.17844177 0.26817499 0.12344212 0.28922447 0.16842526 0.09502549 0.04715799
1.25370230 0.01725632 0.00528309 0.01758233 0.06632312 0.30108903 0.15668904 0.25843178 0.13433684 0.29296446 0.16963310 0.10628274 0.04646604
1.24936742 0.01074194 0.00566054 0.00839151 0.05036891 0.29715002 0.16970470 0.26209755 0.13550233 0.29041637 0.16306853 0.10567155 0.05176326
1.23871839 0.00902030 0.00663753 0.00806883 0.07342028 0.30249153 0.15998326 0.25783182 0.12030195 0.29141655 0.17883076 0.10821675 0.04830406
1.23170834 0.01184416 0.00677059 0.01197416 0.07079392 0.30205561 0.17201633 0.25910557 0.12209153 0.29181969 0.16186567 0.11668836 0.04948419
1.22969360 0.01726416 0.00578738 0.01741079 0.06785953 0.30169096 0.16804824 0.26001895 0.12392946 0.28545484 0.16534613 0.10859850 0.05243901
1.22507697 0.01436986 0.00515381 0.01503738 0.06350035 0.30264047 0.15639723 0.26063387 0.12220331 0.28784914 0.17432688 0.11011411 0.04926207
1.20777559 0.01730134 0.00563316 0.01819290 0.09132391 0.30215300 0.17094305 0.26421920 0.12059454 0.28454905 0.15474743 0.10935434 0.06481603
1.20222157 0.02074840 0.00688265 0.02207583 0.10070288 0.30287098 0.15576892 0.26103143 0.11446077 0.28586522 0.16959225 0.11029291 0.04654291
1.20119849 0.01192935 0.00578478 0.01165857 0.08108100 0.31015649 0.15899784 0.26775608 0.11935102 0.28617524 0.16642598 0.10441558 0.05347789
1.20428975 0.00840899 0.00442765 0.00958238 0.08423097 0.30887022 0.16211474 0.26995270 0.11705864 0.28517997 0.15991162 0.10650928 0.05836377
1.20144924 0.01507384 0.00456401 0.01709586 0.05238871 0.31118231 0.15317121 0.26785470 0.12529449 0.28740991 0.16446622 0.10302425 0.05729720
1.19802747 0.01151168 0.00473504 0.01464078 0.06617225 0.30943972 0.17230854 0.26329997 0.12026376 0.28558578 0.14876343 0.10804196 0.06143585
1.19132475 0.02114178 0.00525652 0.02058445 0.07461870 0.31488124 0.15571787 0.26060532 0.11839984 0.28756831 0.16300915 0.10427696 0.05593588
1.18265145 0.01277001 0.00505960 0.01139640 0.06365654 0.30862412 0.16114767 0.26661283 0.12678524 0.28571703 0.15908574 0.10963505 0.04933556
1.17301461 0.01015495 0.00464082 0.00982783 0.08520055 0.31582898 0.15787905 0.26042298 0.11708708 0.28386185 0.15819074 0.11261223 0.04886236
1.17447190 0.01658498 0.00476910 0.01682277 0.06166639 0.31131166 0.16106674 0.26953509 0.12582877 0.27887770 0.16068792 0.11403372 0.04978601
1.15973618 0.01134079 0.00589623 0.01069088 0.06938104 0.31551475 0.17341383 0.27014743 0.11924700 0.27708398 0.15034380 0.10638454 0.06080126
1.15207281 0.02150204 0.00524829 0.02444667 0.06881682 0.31156393 0.15966528 0.26832041 0.10985038 0.27833460 0.15887457 0.11006720 0.04783309
1.14971107 0.00930734 0.00570946 0.01093802 0.08195215 0.31718798 0.16105938 0.27480677 0.11232859 0.27791538 0.14755092 0.10909691 0.05787757
1.14657362 0.00844423 0.00519496 0.00915279 0.08839139 0.31151656 0.15324496 0.27566596 0.10855293 0.28105319 0.15301578 0.10862436 0.06019043
1.13473122 0.01510187 0.00630157 0.01433596 0.08532306 0.31469592 0.15364153 0.27132477 0.10735856 0.28484542 0.15777977 0.10880070 0.06279741
1.13448252 0.01295100 0.00517873 0.01428199 0.08042972 0.31159416 0.16116615 0.27255258 0.11492270 0.28094504 0.14405370 0.11027609 0.07030981
1.13177473 0.01180376 0.00623156 0.01769285 0.06940609 0.31542754 0.15311520 0.26916178 0.10675048 0.28148835 0.16194288 0.10838398 0.05707718
1.12773376 0.01408825 0.00520814 0.01336451 0.06201346 0.31368574 0.16786650 0.26719823 0.11090310 0.27763407 0.14388424 0.10662720 0.07766636
1.11504606 0.01421392 0.00532275 0.01618323 0.07546605 0.31639743 0.16625483 0.27395099 0.11372523 0.27325378 0.14422543 0.11746128 0.05004727
1.10644434 0.00903199 0.00502635 0.00978071 0.06356760 0.31714680 0.15954167 0.26962912 0.10551107 0.27363723 0.15595580 0.11167756 0.05755325
1.09985886 0.01489518 0.00614927 0.01754800 0.06841104 0.31815655 0.16011731 0.27467659 0.11304194 0.27702509 0.14286967 0.11033191 0.05474343
1.09775107 0.01284101 0.00506092 0.01345143 0.07797804 0.31467304 0.15496095 0.28102436 0.11026213 0.27805330 0.15897037 0.09689278 0.06220606
1.08418188 0.01201784 0.00456132 0.01425866 0.06536595 0.32000497 0.15986119 0.27591055 0.11368735 0.28070190 0.14450160 0.10181619 0.05766730
1.07925481 0.01821548 0.00440692 0.01584565 0.07079867 0.31995335 0.15817421 0.27873907 0.11074031 0.28028839 0.15095313 0.09809413 0.05810560
1.07609511 0.01131986 0.00426737 0.01383683 0.06370804 0.31902811 0.16497607 0.27594185 0.10980399 0.28133497 0.15003948 0.10704753 0.06619375
1.07359604 0.01797800 0.00429039 0.01978188 0.07001780 0.32170255 0.15974362 0.27370600 0.12149418 0.27691956 0.15088823 0.10118513 0.04879175
1.06248763 0.01170238 0.00412534 0.01418044 0.07516059 0.31781088 0.16016801 0.27554604 0.11377486 0.27391278 0.15264322 0.10658297 0.05843361
1.05782189 0.01719183 0.00433900 0.01673146 0.08099154 0.32223444 0.16065666 0.27526297 0.12407419 0.27327316 0.15003297 0.10260495 0.05497733
1.04992437 0.01163851 0.00414523 0.01434923 0.08219984 0.31720840 0.15644907 0.27328904 0.11485529 0.27579418 0.15257833 0.10793820 0.05667642
1.04241537 0.01484016 0.00469647 0.01620275 0.06499425 0.32213079 0.17061249 0.27571821 0.12127137 0.27146325 0.15432427 0.10406777 0.05464890
1.03506538 0.00917412 0.00478955 0.00872198 0.06706883 0.32172462 0.16283523 0.27837057 0.12360071 0.27071789 0.15222458 0.10258880 0.05752761
1.03220052 0.00969423 0.00577891 0.01332238 0.04656422 0.32258115 0.16206938 0.27652631 0.11566495 0.26390089 0.15887231 0.11695866 0.06987991
1.02794496 0.01342725 0.00490990 0.01269336 0.05090935 0.32300421 0.17309907 0.27952011 0.11639889 0.26558120 0.15290800 0.09983491 0.05189673
1.02506129 0.01517898 0.00480269 0.01574029 0.04507433 0.32343342 0.15585818 0.27714389 0.12478355 0.26410008 0.15477298 0.11061499 0.06652285
1.02105305 0.00930278 0.00621941 0.01292042 0.05939328 0.32376960 0.17481777 0.27926827 0.11661539 0.26483235 0.15418669 0.09927801 0.05381862
1.01034845 0.01355800 0.00465275 0.01222302 0.06069813 0.32333846 0.16560338 0.28402964 0.10916108 0.26663913 0.15559927 0.10572396 0.05439801
1.00340467 0.01366472 0.00479523 0.01807649 0.06129202 0.32151452 0.16162463 0.27743600 0.11283730 0.26356668 0.16064383 0.10229738 0.05986431
0.99356326 0.00972702 0.00478088 0.01102066 0.03419998 0.32613120 0.17631355 0.27963746 0.11591898 0.26213991 0.15051718 0.11157389 0.05096222
0.98811465 0.01424606 0.00464928 0.01334040 0.05232056 0.32082665 0.15710228 0.27983652 0.11266569 0.25915638 0.15753859 0.10891848 0.05780838
0.98228918 0.01243325 0.00448945 0.00954382 0.05820473 0.32445896 0.16715763 0.27773732 0.11646466 0.25794938 0.14952508 0.10795121 0.04612217
0.96791709 0.01140647 0.00504505 0.01379570 0.05357664 0.32307849 0.15802537 0.28301308 0.11558224 0.25948993 0.15778280 0.11101305 0.04903507
0.96264526 0.01175521 0.00500156 0.01046463 0.03741472 0.32172224 0.15717834 0.28280206 0.10600297 0.26037622 0.16446419 0.10482440 0.05447439
0.96474754 0.01397407 0.00500856 0.01357138 0.05921596 0.32633085 0.17404421 0.28493990 0.11606424 0.25466757 0.14079649 0.11501532 0.05155864
0.95850044 0.01153319 0.00466231 0.01447350 0.07213352 0.32008895 0.15166131 0.29037968 0.11409111 0.25198515 0.15761204 0.10769687 0.05624598
0.94526638 0.01020140 0.00447954 0.01310934 0.08140054 0.32692504 0.16940390 0.28510447 0.11126866 0.25313042 0.14066478 0.10452730 0.04561677
0.93685548 0.01647457 0.00417300 0.01494106 0.07137167 0.32112305 0.15649053 0.28524501 0.11493146 0.25798412 0.15344244 0.10504326 0.05669612
0.92922256 0.01174182 0.00493503 0.01196087 0.06727857 0.32583390 0.16190748 0.28157338 0.11009000 0.25628016 0.15765234 0.10676807 0.06057930
0.92765392 0.00849541 0.00460446 0.00786412 0.06198553 0.32494889 0.16676249 0.27949737 0.11045521 0.25166871 0.14955179 0.10999186 0.05709482
0.91384564 0.01049937 0.00483857 0.01176454 0.06560540 0.32378328 0.16004464 0.28243319 0.10520795 0.24901054 0.15870732 0.10754300 0.05618747
0.91267137 0.01067632 0.00566096 0.01209741 0.06342073 0.32643365 0.17438852 0.28171412 0.11537395 0.24910904 0.13786377 0.10213535 0.05301519
0.91125537 0.01141944 0.00458372 0.01210390 0.05415769 0.32683649 0.15035208 0.28354878 0.11104781 0.25046608 0.16380640 0.10764891 0.06013033
0.90549896 0.00792067 0.00499781 0.00573561 0.06775774 0.32693378 0.17664099 0.29227252 0.10923369 0.25241764 0.14348006 0.09977969 0.05063431
0.89733057 0.01510814 0.00401313 0.01367069 0.06074891 0.32892731 0.16340530 0.29296712 0.10723698 0.25076234 0.15245155 0.09804962 0.05108777
0.89169671 0.01209639 0.00386599 0.01334302 0.06693154 0.32416309 0.15514563 0.28811260 0.11281875 0.25094872 0.15571964 0.10807140 0.06484942
0.88466427 0.01527724 0.00377039 0.01762719 0.06143174 0.32846799 0.17086255 0.29473629 0.11059063 0.25189986 0.13956855 0.09520296 0.05339221
0.87969786 0.02223643 0.00341373 0.02264321 0.07667350 0.32845217 0.15958413 0.28894157 0.09913550 0.25270559 0.15604790 0.10352188 0.05357134
0.87930228 0.01031029 0.00365043 0.00705790 0.06067796 0.32449451 0.17366103 0.28707239 0.10840532 0.25439099 0.14245242 0.10476345 0.05372738
0.87303816 0.01643043 0.00427990 0.01889978 0.06870148 0.32890250 0.16118581 0.28712978 0.10993186 0.25328323 0.14680454 0.10162604 0.04810579
0.86480384 0.01262455 0.00499452 0.01296154 0.05635811 0.32556242 0.15550640 0.28605603 0.10164496 0.25245649 0.15677904 0.11305494 0.05687785
0.86173624 0.00773136 0.00469329 0.00836863 0.08357351 0.32902087 0.17372559 0.29075350 0.10597291 0.25089281 0.13923510 0.10299451 0.05014761
0.85799517 0.01325642 0.00449897 0.01486331 0.09416005 0.32687844 0.15352102 0.29403867 0.09839288 0.25226013 0.15213799 0.09553973 0.05174441
0.85353448 0.01368250 0.00395055 0.01471971 0.10444018 0.32775298 0.16724374 0.29555544 0.10531979 0.25095581 0.13988210 0.09582945 0.06486863
0.85370359 0.01949468 0.00354397 0.02149882 0.07873819 0.32909444 0.16176077 0.30079201 0.09772595 0.25049655 0.14690230 0.09639105 0.05839638
0.84806873 0.01150625 0.00329053 0.01372198 0.07721670 0.32656499 0.16436582 0.30008190 0.10592872 0.24659236 0.14737685 0.10024472 0.07703519
0.84676576 0.01036108 0.00365747 0.01387550 0.07477635 0.33090526 0.16831171 0.29409618 0.10775482 0.25017177 0.13743586 0.10438906 0.05982741
0.84554099 0.01203588 0.00379169 0.01514289 0.06783246 0.32669144 0.15761884 0.29765184 0.09956856 0.25045781 0.15007326 0.10146400 0.07632966
0.83491638 0.00682522 0.00377168 0.00749901 0.03988252 0.33077881 0.17473105 0.29031631 0.09997887 0.24954472 0.13713099 0.10564315 0.05415993
0.82833609 0.00969160 0.00531943 0.00978010 0.06683873 0.32762975 0.15620682 0.29026805 0.10590287 0.25385071 0.14414349 0.10458236 0.07495469
0.82967797 0.01269574 0.00388249 0.01608925 0.05631382 0.33075889 0.16006624 0.29610336 0.10588198 0.25158950 0.13788890 0.09837863 0.05652863
0.82955718 0.00690446 0.00407425 0.00811239 0.07044018 0.32894921 0.16118675 0.29443958 0.10426359 0.25065588 0.14500814 0.10692178 0.06370924
0.82491522 0.01589329 0.00359311 0.01750834 0.08847761 0.33282764 0.15933911 0.30245650 0.09503680 0.24809399 0.14635043 0.10047238 0.05556967
0.82034421 0.01130508 0.00383341 0.01423587 0.09130226 0.32952211 0.16917968 0.30343378 0.10025415 0.25045081 0.13354435 0.09895938 0.05230455
0.81782358 0.00841469 0.00543710 0.00788395 0.05715486 0.33275491 0.14664087 0.30349605 0.09503919 0.25571294 0.14777109 0.09771319 0.07294079
0.81166973 0.01357561 0.00431985 0.01498875 0.05422944 0.32950924 0.16089694 0.30189810 0.09972616 0.25669644 0.13423300 0.09562859 0.04480499
0.80476435 0.01067040 0.00400746 0.00931303 0.05162505 0.33097127 0.15264736 0.29896230 0.10502247 0.25816051 0.14240566 0.10287708 0.05401080
0.80019918 0.01664677 0.00318458 0.01975936 0.06542980 0.33092362 0.15844229 0.29720390 0.09991995 0.25810099 0.14271207 0.09970325 0.05129420
0.79727724 0.02199982 0.00618115 0.02333004 0.06817199 0.33107897 0.16365471 0.29462437 0.09481463 0.25540619 0.13636341 0.10121774 0.04580322
0.79167215 0.01608595 0.00545383 0.01653213 0.08454247 0.33462936 0.14567329 0.29431446 0.09344856 0.25471510 0.14557945 0.10608572 0.05024006
0.78682418 0.00836090 0.00414917 0.00905584 0.07832637 0.33179783 0.16926479 0.29794468 0.10515384 0.25095775 0.13490096 0.09980658 0.05102987
0.78483064 0.00980923 0.00359876 0.01181500 0.07924713 0.33454746 0.14568752 0.30446564 0.10423546 0.24935101 0.14931643 0.09828587 0.05503984
0.79195684 0.00864444 0.00329334 0.01087973 0.04649981 0.33308517 0.16866422 0.30116837 0.10329656 0.24828246 0.14121202 0.09615106 0.05260195
0.78789082 0.01102411 0.00480310 0.01141532 0.07410260 0.33484713 0.15886526 0.30676057 0.10274173 0.24448235 0.13940631 0.10010944 0.05949590
0.78149606 0.00925541 0.00381175 0.01142925 0.09091191 0.33265649 0.15395429 0.30749068 0.10520353 0.24358391 0.14104088 0.09484508 0.05488729
0.77989460 0.01340526 0.00342036 0.01683821 0.07152880 0.33923557 0.16460055 0.30265858 0.09598720 0.23677944 0.14247932 0.10489947 0.05370998
0.78422498 0.00754620 0.00335551 0.01074346 0.06435075 0.33483543 0.15480607 0.30600502 0.10169761 0.23777130 0.14679712 0.09873887 0.06520208
0.78356914 0.01736207 0.00315649 0.01889989 0.08420051 0.33865822 0.16336532 0.30208716 0.09404347 0.23759821 0.13889201 0.10671438 0.05774955
0.78272599 0.01295794 0.00324571 0.01588698 0.08566334 0.33589074 0.16148989 0.30214646 0.10618733 0.23457897 0.13858343 0.10022331 0.06188863
0.77729606 0.01500217 0.00364337 0.01552303 0.07325042 0.33651319 0.15978391 0.29980756 0.09914364 0.23556595 0.14201246 0.10217676 0.05467730
0.76152895 0.00762016 0.00420447 0.01100879 0.09114820 0.34078119 0.16683263 0.30356778 0.10071564 0.23170268 0.14378576 0.09723847 0.05403930
0.75046905 0.01106750 0.00318782 0.01159194 0.06367379 0.33810995 0.15546056 0.30720515 0.10117899 0.22952038 0.14313126 0.10476700 0.06553745
0.74178508 0.01774215 0.00295001 0.01861626 0.07868629 0.34090743 0.16551658 0.31070777 0.09098353 0.22648215 0.14168208 0.09480514 0.06302208
0.73302408 0.01565192 0.00300638 0.01757812 0.08464065 0.34156473 0.16459706 0.31030442 0.10035932 0.22407604 0.14595445 0.10033332 0.05135388
0.72827459 0.00614485 0.00355369 0.00692679 0.06561568 0.34013596 0.16281270 0.31057066 0.10645676 0.22722443 0.13857560 0.10368990 0.05448927
0.72625866 0.01387741 0.00437711 0.01203060 0.05716857 0.34124563 0.16627954 0.31222527 0.08910479 0.22683508 0.14962877 0.09713263 0.05081096
0.71994448 0.01025398 0.00362518 0.01237129 0.06704848 0.33918042 0.16038209 0.30412859 0.09794035 0.22880779 0.14810450 0.10462068 0.04792361
0.71854589 0.00688464 0.00361394 0.00649335 0.05008017 0.33838806 0.16289062 0.30542254 0.10714272 0.22891003 0.14424545 0.09535236 0.04900917
0.71279076 0.01174967 0.00399500 0.01200352 0.07437109 0.34216434 0.15924688 0.30245680 0.10217187 0.22771645 0.14759765 0.10367961 0.04659887
0.69621451 0.01650632 0.00360423 0.01740134 0.07269342 0.33794558 0.16404127 0.30406243 0.09536763 0.23089008 0.13626459 0.10257450 0.04724890
0.69290202 0.01279267 0.00367105 0.01282999 0.06941888 0.34432601 0.15546640 0.30693279 0.09760078 0.23276892 0.14634800 0.09853428 0.05393757
0.69062562 0.01396774 0.00283850 0.01857616 0.08422506 0.34115930 0.15759272 0.30775362 0.09703750 0.23057664 0.14062697 0.09736141 0.05701879
0.68764895 0.00969270 0.00281566 0.01034641 0.07234799 0.34431656 0.16571914 0.31222390 0.10184467 0.22628760 0.14539268 0.09479680 0.04892668
0.68982936 0.00754497 0.00359228 0.00712632 0.05084353 0.34528995 0.16002253 0.31551741 0.10497197 0.22748149 0.14687471 0.09258919 0.04663838
0.68915719 0.00822460 0.00324983 0.00723191 0.02330669 0.34275551 0.15882871 0.31794433 0.10840896 0.22271015 0.14131289 0.09753523 0.05383674
0.67452773 0.00521945 0.00308742 0.00473967 0.04577694 0.34389423 0.15096123 0.31475460 0.09741250 0.22184794 0.14967471 0.10268728 0.04873861
0.67214855 0.00703182 0.00328098 0.00805610 0.06258648 0.34455259 0.15696067 0.31351748 0.09814437 0.22186480 0.13830444 0.09753797 0.05137338
0.66443695 0.00962753 0.00366723 0.00991868 0.05817567 0.34227372 0.15673481 0.30641710 0.10008847 0.22114506 0.14577688 0.10354228 0.04384011
0.66461532 0.01003940 0.00445291 0.00650975 0.04193306 0.34608583 0.15983772 0.30845093 0.09912008 0.22162506 0.14606525 0.09841696 0.05219926
0.65685115 0.01020840 0.00455759 0.00512278 0.04696279 0.34206464 0.16197228 0.31031152 0.10295480 0.21937158 0.13807298 0.10321270 0.04354807
0.64194740 0.00722711 0.00460857 0.00557461 0.05604482 0.34587112 0.15971460 0.30881395 0.09679149 0.22197925 0.14397713 0.10098950 0.04813722
0.64882961 0.00558406 0.00447217 0.00570119 0.04863312 0.34470085 0.15562916 0.31429877 0.09901678 0.22214941 0.13719180 0.09696700 0.04533205
0.65075369 0.01077849 0.00365556 0.01385603 0.05293643 0.34341811 0.15723953 0.31450423 0.08559065 0.22212265 0.14359208 0.09483829 0.04598429
0.65127920 0.00997595 0.00361074 0.01278147 0.04611454 0.34854097 0.16194409 0.31773669 0.09236041 0.22278009 0.13988247 0.09486683 0.04673981
0.65493794 0.00741648 0.00347081 0.00817052 0.05385538 0.34529333 0.16548153 0.31745624 0.10091122 0.22558531 0.13841152 0.09240482 0.04207692
0.65652581 0.00497459 0.00268224 0.00241180 0.03070824 0.34760118 0.16080336 0.31391727 0.08888409 0.22686315 0.14229922 0.09628029 0.04720356
0.65317940 0.00650456 0.00256423 0.00639285 0.05847381 0.34750393 0.16189993 0.31271282 0.09246936 0.22370383 0.13804451 0.09543149 0.04372108
0.64913328 0.01542589 0.00278710 0.01557134 0.03821261 0.34823792 0.15630572 0.31181016 0.08535703 0.22741227 0.13952574 0.09533039 0.04731792
0.64591873 0.00847582 0.00382952 0.00747549 0.04793823 0.34758019 0.16677028 0.30996502 0.08915513 0.23125278 0.13611530 0.09908752 0.04525833
0.63971985 0.01451955 0.00321879 0.01393881 0.05613471 0.34995395 0.15660971 0.31262587 0.09130752 0.22998991 0.13820106 0.09653925 0.05353139
0.63802109 0.00786703 0.00477552 0.00753500 0.06589521 0.34709135 0.16177386 0.31420864 0.08590018 0.22578011 0.13949418 0.10058958 0.04969775
0.63675608 0.01324007 0.00286379 0.01189067 0.04836363 0.35120220 0.16152683 0.31427665 0.09001538 0.22487695 0.13245751 0.09291971 0.04624727
0.63118734 0.00570721 0.00550504 0.00328525 0.03768797 0.34878729 0.15177001 0.31879209 0.10093007 0.21983904 0.13149801 0.09133383 0.05644067
0.62763524 0.00573475 0.00310307 0.00765987 0.04678513 0.35054832 0.16040234 0.31853874 0.09185193 0.22147799 0.13260506 0.09627153 0.04967058
0.61559707 0.00911075 0.00299365 0.00750752 0.04405021 0.34891513 0.14879635 0.31727019 0.08120216 0.22166884 0.14896583 0.09182146 0.05654202
0.61873696 0.00848053 0.00379523 0.01119179 0.06590754 0.34914281 0.15807101 0.31838705 0.08913653 0.22295135 0.12854444 0.09135845 0.06384304
0.61845067 0.01256795 0.00442156 0.01331903 0.05117540 0.34860180 0.14811149 0.31316337 0.09017821 0.22018560 0.12919308 0.09484964 0.06235170
0.61066607 0.00471075 0.00314834 0.00736011 0.02819862 0.34993090 0.15997123 0.31057658 0.08370534 0.22375668 0.12913809 0.09515315 0.04769366
0.60389830 0.00439230 0.00293766 0.00376502 0.02467842 0.34851331 0.16028818 0.31215728 0.07748824 0.22381425 0.12439939 0.09569972 0.05122217
0.59185006 0.00380354 0.00346841 0.00228506 0.02525085 0.35012185 0.15863415 0.31187312 0.08174948 0.22541515 0.13271133 0.10163007 0.04296533
0.58995306 0.00442773 0.00307862 0.00546258 0.04483748 0.34985833 0.16461204 0.31540907 0.09082959 0.22726467 0.12566033 0.09402158 0.04501651
0.58872552 0.00604086 0.00303831 0.00864507 0.03429793 0.34725546 0.15405878 0.31818877 0.08650883 0.22797178 0.12681066 0.09886326 0.04547662
0.58771320 0.00614090 0.00287184 0.00459960 0.04446817 0.35078449 0.15262998 0.32034410 0.07952241 0.22688799 0.12602682 0.09104617 0.04810145
0.58463090 0.00827916 0.00264466 0.00846499 0.05289755 0.34742677 0.14691931 0.32287041 0.08259435 0.22737548 0.12202104 0.09210954 0.04797720
0.58204149 0.01182744 0.00267019 0.01147402 0.03705331 0.35039422 0.15296070 0.32053164 0.08215510 0.22744121 0.12632359 0.09073001 0.04825120
0.57949615 0.01447858 0.00514273 0.01436081 0.04156200 0.35066041 0.15529531 0.31826499 0.08404060 0.22198476 0.12205843 0.09707928 0.04481134
0.57912479 0.00527052 0.00454898 0.00474884 0.05746499 0.34972962 0.14852779 0.31637234 0.08053370 0.22045609 0.12770059 0.09993288 0.04844424
0.57597822 0.00671790 0.00321905 0.01027845 0.03848143 0.35197112 0.15679715 0.31331584 0.07518405 0.22158242 0.11926189 0.09707643 0.04202100
0.57052060 0.00530540 0.00399148 0.00655742 0.04864189 0.35048008 0.14445885 0.31423664 0.08087640 0.22518975 0.12277095 0.09912614 0.04661480
0.56919104 0.00688716 0.00231486 0.00968797 0.03717021 0.35115359 0.15430361 0.31594768 0.08430213 0.22337531 0.11996184 0.09918864 0.04327186
0.56863183 0.00944496 0.00279129 0.00775327 0.03693725 0.35191427 0.14861032 0.31671659 0.08731065 0.22419487 0.11532422 0.09300984 0.04486345
0.56794879 0.00729177 0.00266249 0.00735138 0.04917109 0.35114654 0.14195809 0.32245048 0.08451761 0.22434958 0.12629947 0.09061681 0.04480135
0.56630965 0.00586544 0.00300957 0.00482114 0.03533162 0.35274636 0.15573630 0.32203308 0.07895396 0.22272068 0.12117658 0.09510695 0.04347278
0.56652335 0.00494139 0.00357549 0.00462026 0.03093829 0.35124638 0.13735279 0.32349010 0.08201637 0.21876973 0.13437950 0.09039258 0.04539073
0.56462682 0.00921065 0.00258811 0.00926021 0.00932496 0.35305106 0.15463301 0.32490579 0.09118074 0.22045954 0.11489306 0.09246106 0.04076818
0.55941882 0.00556206 0.00196725 0.00766131 0.03119468 0.35304050 0.14108275 0.32258195 0.08527506 0.21294751 0.13342596 0.09198411 0.05254718
0.55653007 0.00584896 0.00220861 0.00731069 0.02623368 0.35390217 0.14394078 0.32001814 0.08483337 0.20520612 0.12625338 0.09437625 0.04918063
0.54599172 0.00550387 0.00363508 0.00861410 0.03189038 0.35320967 0.15120924 0.31832521 0.08188712 0.21028720 0.12413527 0.09584476 0.04035381
0.54337631 0.01013542 0.00243783 0.01091341 0.04431071 0.35425613 0.13190582 0.31725555 0.08150312 0.20946111 0.12566652 0.09613105 0.05134932
0.54466350 0.00452146 0.00239070 0.00543572 0.06095561 0.35270725 0.14891774 0.31955882 0.08376745 0.20686629 0.11159748 0.09458337 0.03739386
0.54054645 0.00973741 0.00251519 0.00859459 0.04761737 0.35587860 0.13312508 0.32185481 0.08150244 0.20789917 0.12927481 0.09175413 0.04627404
0.52978931 0.00878502 0.00393405 0.01087455 0.04892913 0.35450452 0.14294335 0.32470043 0.08329418 0.20631716 0.11094901 0.09568072 0.04767087
0.52813139 0.00882440 0.00276260 0.01036716 0.03872377 0.35440202 0.13721472 0.32841122 0.07984417 0.20650130 0.12397423 0.08877945 0.04152643
0.51945870 0.00989500 0.00252089 0.00897221 0.04832666 0.35645223 0.13337828 0.32559962 0.08342496 0.20180461 0.11768663 0.09218809 0.04156269
0.51557510 0.00615162 0.00227530 0.00704743 0.05050295 0.35509318 0.15215793 0.32869646 0.08364335 0.20287398 0.11097732 0.08849180 0.03703437
0.51554889 0.00833653 0.00212476 0.01046899 0.04166664 0.35753005 0.13387222 0.32494634 0.07468954 0.20146516 0.13243319 0.08986104 0.04205863
0.50969831 0.00602916 0.00225772 0.00683971 0.07071266 0.35611449 0.14965094 0.32071847 0.08448489 0.20137808 0.11228744 0.09192417 0.03944683
0.51068120 0.01313908 0.00208988 0.01254661 0.04808180 0.35741863 0.13517311 0.32033161 0.08841968 0.19964771 0.12372335 0.09358404 0.04937548
0.51339418 0.00641388 0.00313060 0.00751417 0.04073688 0.35772976 0.13624507 0.32100331 0.08362087 0.19898371 0.11330386 0.09156689 0.04894504
0.50691644 0.00806917 0.00258186 0.01040929 0.03649380 0.35681855 0.14433219 0.32123088 0.08150883 0.19133497 0.12063382 0.09538652 0.03896897
0.50327371 0.00586038 0.00381437 0.00907056 0.05567224 0.35700273 0.13732483 0.32440142 0.07504519 0.18713363 0.11856469 0.09512124 0.04265106
0.50291544 0.00580828 0.00250700 0.00570730 0.05069719 0.35705098 0.14650036 0.32772947 0.08741836 0.18417428 0.11635853 0.09121624 0.04147854
0.50254210 0.00748322 0.00259550 0.00648213 0.05183033 0.35558286 0.13712758 0.32928280 0.07408993 0.18725542 0.12160581 0.09186106 0.04333226
0.49457226 0.01336181 0.00266822 0.01317485 0.06422225 0.35743888 0.14565848 0.33132971 0.07328372 0.18451033 0.11770857 0.08898460 0.04146360
0.49327682 0.00976587 0.00199876 0.01144734 0.07081788 0.35804748 0.15096916 0.32710347 0.07315522 0.18250006 0.10804559 0.09185769 0.04206836
0.48589700 0.00825248 0.00211745 0.00962374 0.04863482 0.35791304 0.13245302 0.32588381 0.07397227 0.18295324 0.13168913 0.09156889 0.04328389
0.48972773 0.01061592 0.00207857 0.01237906 0.05573281 0.35864899 0.14280887 0.32276530 0.08496573 0.17536156 0.10953902 0.09068788 0.05272277
0.48857277 0.00734863 0.00273223 0.00816125 0.05522143 0.35817097 0.13346453 0.32146092 0.07939961 0.17642066 0.11785893 0.10274977 0.05893930
0.48815083 0.00623487 0.00222262 0.00769970 0.02888588 0.35941800 0.14435668 0.32285391 0.07304476 0.17504514 0.12151312 0.09372879 0.05765067
0.48389525 0.00582746 0.00221088 0.00653401 0.03469147 0.35723206 0.14592506 0.32425199 0.07679223 0.17308320 0.11077907 0.09348951 0.05345975
0.48006020 0.00464394 0.00224619 0.00356059 0.02011529 0.35876137 0.13767712 0.32741922 0.07860540 0.17513758 0.11260582 0.09216383 0.04825008
0.47989341 0.00697424 0.00219013 0.00835612 0.03697372 0.35869843 0.16124148 0.32979529 0.07493485 0.17910894 0.10825565 0.08740212 0.04915483
0.47382405 0.00545275 0.00204551 0.00531478 0.05856348 0.35845857 0.13550036 0.33183648 0.07341032 0.17780197 0.12595864 0.08769688 0.04412786
0.47099013 0.00509374 0.00235096 0.00641850 0.03571766 0.35973717 0.14517496 0.33122796 0.07108877 0.17975268 0.12183004 0.08662066 0.04823855
0.46475826 0.00892572 0.00199944 0.00851130 0.02344058 0.35856146 0.14628778 0.32866232 0.08232394 0.18142303 0.11418732 0.08896675 0.04641195
0.46144202 0.00440095 0.00234938 0.00676733 0.02398365 0.35986488 0.13799559 0.32564864 0.08327624 0.18325412 0.11404744 0.09128533 0.06342962
0.46433419 0.00347700 0.00282298 0.00452102 0.03460569 0.35957959 0.15117544 0.32306691 0.07155013 0.18104457 0.11716937 0.09034634 0.04064743
0.46613662 0.00277991 0.00213864 0.00225773 0.02326568 0.35883545 0.13347198 0.32240123 0.07087392 0.18122216 0.12134254 0.09504245 0.05031273
0.46142193 0.00445748 0.00207388 0.00349092 0.02325558 0.35944364 0.14454577 0.32271558 0.07458781 0.17875270 0.11866247 0.09246458 0.04064573
0.46172943 0.00588225 0.00205801 0.00576297 0.03780339 0.36105530 0.14733002 0.32625042 0.07599048 0.17741507 0.11179450 0.08931345 0.04119923
0.46133985 0.00488201 0.00205216 0.00571412 0.03646852 0.35884478 0.14026682 0.32763194 0.07076194 0.17936471 0.11446584 0.08893451 0.04036036
0.45839336 0.01571340 0.00184581 0.01613806 0.01443753 0.36209816 0.15429353 0.32981482 0.06590756 0.17510399 0.11218134 0.08583922 0.03907543
0.45465373 0.01091252 0.00408718 0.01108452 0.04613678 0.35684321 0.13321192 0.33093308 0.06196494 0.17563036 0.10877778 0.08444104 0.04309395
0.45441869 0.00719698 0.00248376 0.00880883 0.07039270 0.36070813 0.14044970 0.32947913 0.06660772 0.16824945 0.10236482 0.08896700 0.04068099
0.45116456 0.00685604 0.00297720 0.00844455 0.05807985 0.35819745 0.13063086 0.32698540 0.06661801 0.16792875 0.10727684 0.08556773 0.04862393
0.44900757 0.00666645 0.00276605 0.00789938 0.05255777 0.35883658 0.14225186 0.32545047 0.07242372 0.17033152 0.10397427 0.08967447 0.04381124
0.44952751 0.00660372 0.00268905 0.00931670 0.04184895 0.36006918 0.14737459 0.32220261 0.06613611 0.17425315 0.11197980 0.09063211 0.03914681
0.44348816 0.00882151 0.00282344 0.01136526 0.04712764 0.35935489 0.13410275 0.32308614 0.06505356 0.17741725 0.10238080 0.09298011 0.05440084
0.44398786 0.00744291 0.00399244 0.00395977 0.02967621 0.36005608 0.14613748 0.32304406 0.06700734 0.17686549 0.10390884 0.09280098 0.03874788
0.44180673 0.00416866 0.00231702 0.00371044 0.02479564 0.36012625 0.13309440 0.32605516 0.06696824 0.17318229 0.10769802 0.09054111 0.05130197
0.43801522 0.00474751 0.00317646 0.00414871 0.05895128 0.35998540 0.13583775 0.32955920 0.06242850 0.17806537 0.10312061 0.08570635 0.03900917
0.43644473 0.00416348 0.00246719 0.00270494 0.02969376 0.35983479 0.13306425 0.33038145 0.06466229 0.17523778 0.11110622 0.08626146 0.03918096
0.43848105 0.00889179 0.00195757 0.01254402 0.03002460 0.36104623 0.13412774 0.33168873 0.06885176 0.17371682 0.10456481 0.08449303 0.03877625
0.43682707 0.00446388 0.00175315 0.00354253 0.03530918 0.35915171 0.13982570 0.32979692 0.06716968 0.17310519 0.10359785 0.08590636 0.03915381
0.44382871 0.00571881 0.00181718 0.00330275 0.03270749 0.36155513 0.13345205 0.32605049 0.06210110 0.17230847 0.10230432 0.08853012 0.03877522
0.44276562 0.00795653 0.00209525 0.01010740 0.05044837 0.35878935 0.13520659 0.32577287 0.06662101 0.17235717 0.09114185 0.08617981 0.03747404
0.43828505 0.00491186 0.00215633 0.00222184 0.02860935 0.36194366 0.12484109 0.32446140 0.06200968 0.17238352 0.10917646 0.09039182 0.03809111
0.43255995 0.00523937 0.00214200 0.00479302 0.02991454 0.35952311 0.13363971 0.32337896 0.06722514 0.17143899 0.09677416 0.09018732 0.03881648
0.41986395 0.00484841 0.00223406 0.00367875 0.02671754 0.36118650 0.13188590 0.32559919 0.05946271 0.17529859 0.10619611 0.08861606 0.04129505
0.41997945 0.00551332 0.00212792 0.00795163 0.03386218 0.36031785 0.13975254 0.32776820 0.06252168 0.17405186 0.09831493 0.08648394 0.03677123
0.41909005 0.01152621 0.00197912 0.01320535 0.04432972 0.36166523 0.12930651 0.33182829 0.05940881 0.17411839 0.10189168 0.08736120 0.03830671
0.41711032 0.00629777 0.00194955 0.00558311 0.03523061 0.35994860 0.12515626 0.33237702 0.06150994 0.17334170 0.10637405 0.08676798 0.05680392
0.41661700 0.00390817 0.00200469 0.00576937 0.00778395 0.36159538 0.13184958 0.33255620 0.06314000 0.17484033 0.09808721 0.08860080 0.04397218
0.41615397 0.00169617 0.00189149 0.00181878 0.00168824 0.36026381 0.12700555 0.33228573 0.05573428 0.17169130 0.11163882 0.08712431 0.03938169
0.40929761 0.00302434 0.00171419 0.00243585 0.00221438 0.36222725 0.14370520 0.32971163 0.06090835 0.17161294 0.09249463 0.08731940 0.04777541
0.40551132 0.00745026 0.00192708 0.00685994 0.01650948 0.36129712 0.12490531 0.32571480 0.05647262 0.17302358 0.10365773 0.08548360 0.03750296
0.40491838 0.00328298 0.00171014 0.00096364 0.00308469 0.36143078 0.12660995 0.32470668 0.05769642 0.16929967 0.10140947 0.08865186 0.04022226
0.40115129 0.00733383 0.00193640 0.00797219 0.02410405 0.36352945 0.13140259 0.32682614 0.05779269 0.17006660 0.09527661 0.08671097 0.03812745
0.40132708 0.00281940 0.00226480 0.00258182 0.00432592 0.36104288 0.12833700 0.32557398 0.05832952 0.16990843 0.10521664 0.08885057 0.04585110
0.39904968 0.00338821 0.00216371 0.00185762 0.03632826 0.36358243 0.13715674 0.33049333 0.06483126 0.16834708 0.08861104 0.08446636 0.03719007
0.38807639 0.01409383 0.00232200 0.01451809 0.02909853 0.36242247 0.12256780 0.33150738 0.05444750 0.16641594 0.10240145 0.08329651 0.04363941
0.38801023 0.00561398 0.00208153 0.00601598 0.02748118 0.36223692 0.13177237 0.33250006 0.05072566 0.16439865 0.09596614 0.08640865 0.04591670
0.38790670 0.00306888 0.00219899 0.00368311 0.02381270 0.36317283 0.12882805 0.33418441 0.05836173 0.16272964 0.09239847 0.08282600 0.04863970
0.38425759 0.00571892 0.00200256 0.00551583 0.03040156 0.36151517 0.12163862 0.32972160 0.06342244 0.16258101 0.10002391 0.08513731 0.03852010
0.38314131 0.00803770 0.00191029 0.00741752 0.04462481 0.36295456 0.12987772 0.32851791 0.05741883 0.16656704 0.08732189 0.08406247 0.04106938
0.38124263 0.00575542 0.00266736 0.00790161 0.04080560 0.36305946 0.11625639 0.32634089 0.05075859 0.16804521 0.10614079 0.08985702 0.03618827
0.38106414 0.00244164 0.00224105 0.00213128 0.02497125 0.36135222 0.12956470 0.32403615 0.05676230 0.16690138 0.09051360 0.08626435 0.03919255
0.38067079 0.00270019 0.00209800 0.00325057 0.02272193 0.36400292 0.12213920 0.32652688 0.06014317 0.16726747 0.09889915 0.08655089 0.03568136
0.38003885 0.00668549 0.00185364 0.00544177 0.04861705 0.36089211 0.11849724 0.32766054 0.05704049 0.16748084 0.09738323 0.08535560 0.03602533
0.37815503 0.00393612 0.00140580 0.00278431 0.04501696 0.36458461 0.12695687 0.33002706 0.05386337 0.16601356 0.09929067 0.08507752 0.03720083
0.37912164 0.00339682 0.00148503 0.00398758 0.05128197 0.36253029 0.11972551 0.33219649 0.06464514 0.16452177 0.10008118 0.08048912 0.03702100
0.37373977 0.00287011 0.00167540 0.00538599 0.04484336 0.36389359 0.12939404 0.33352180 0.05515625 0.16012831 0.09868645 0.08374709 0.04382835
0.37111071 0.00429914 0.00165142 0.00227011 0.02406120 0.36374075 0.12195162 0.33315434 0.06168349 0.15816423 0.10105605 0.08335029 0.03573473
0.36688531 0.00467870 0.00162486 0.00526103 0.03871605 0.36359483 0.12743894 0.33190012 0.06697062 0.15826225 0.09352577 0.08403300 0.03614668
0.35651280 0.00942227 0.00137597 0.00892772 0.03309972 0.36379373 0.12294084 0.32872834 0.06240761 0.15520058 0.11420970 0.08623899 0.03728704
0.35435539 0.00265111 0.00221114 0.00205416 0.01654196 0.36437534 0.12714446 0.32658305 0.06505311 0.15817754 0.10301569 0.08543046 0.03702983
0.35235503 0.00861479 0.00153978 0.00717763 0.01929811 0.36352313 0.13008593 0.32690943 0.05683412 0.15863636 0.10722805 0.08856983 0.03629425
0.35039423 0.00365124 0.00141417 0.00276842 0.03548967 0.36494192 0.12769414 0.32634748 0.06328000 0.15921639 0.10444195 0.08697002 0.03747557
0.34860099 0.00406273 0.00157554 0.00401638 0.02403570 0.36418413 0.12708845 0.32987665 0.06514303 0.15687470 0.09533855 0.08496929 0.03482154
0.35088194 0.00821736 0.00131748 0.00581184 0.04588176 0.36434043 0.12292430 0.33220429 0.05985799 0.15566329 0.10111757 0.08502124 0.03715875
0.35215222 0.00312568 0.00126249 0.00319055 0.04053717 0.36488548 0.12183592 0.33270187 0.05926939 0.15722010 0.09626603 0.08304656 0.04614284
0.35093706 0.00891339 0.00114397 0.00859531 0.04710540 0.36389984 0.13574479 0.33463430 0.04851863 0.15749040 0.10112071 0.08170394 0.03493056
0.35165985 0.00709062 0.00107847 0.00616204 0.03514391 0.36565241 0.12003441 0.33339382 0.06365386 0.15851748 0.09725271 0.08255291 0.04505961
0.34970811 0.00399460 0.00105609 0.00451626 0.02255852 0.36366537 0.12520712 0.33036752 0.06583060 0.15885767 0.09068642 0.08322589 0.03495274
0.34673707 0.00512856 0.00141576 0.00693516 0.05773421 0.36555249 0.12336739 0.32962332 0.04675204 0.15888419 0.09554700 0.08409803 0.03649606
0.34193212 0.00341779 0.00129449 0.00271845 0.04517613 0.36471532 0.12383205 0.32716372 0.05137267 0.15985764 0.09484777 0.08385901 0.03787643
0.34316443 0.00272531 0.00208032 0.00483292 0.04146289 0.36464266 0.13313858 0.32630971 0.05211209 0.15941071 0.08766634 0.08864643 0.03480076
0.34375398 0.00352049 0.00193776 0.00436759 0.02477837 0.36477211 0.12071996 0.32909116 0.05203034 0.16211767 0.09573281 0.08302965 0.03940695
0.34591753 0.00394931 0.00330863 0.00113679 0.01993992 0.36451009 0.13035875 0.32975331 0.05003682 0.15759187 0.08912026 0.08829937 0.03566542
0.34615928 0.00159456 0.00208362 0.00033857 0.00090494 0.36440747 0.12316877 0.33186280 0.04496985 0.15764341 0.10002523 0.07998403 0.03769948
0.34742362 0.00148565 0.00153833 0.00084679 0.00111337 0.36445579 0.13027884 0.33400975 0.05341871 0.15360626 0.08927755 0.08075496 0.03584023
0.34745800 0.00261784 0.00135975 0.00042399 0.00176898 0.36506759 0.13061194 0.33311504 0.04975216 0.15446193 0.08744963 0.08524108 0.03723191
0.34617627 0.00339364 0.00137630 0.00351024 0.02313616 0.36429597 0.12622091 0.33311543 0.05103190 0.15447890 0.09197103 0.08353431 0.03669672
0.34561035 0.00145514 0.00198914 0.00040070 0.00096405 0.36523098 0.13322717 0.32998816 0.04318071 0.15606273 0.09404425 0.08359310 0.03874021
0.34326127 0.00973648 0.00168154 0.00980957 0.01498698 0.36409000 0.12723907 0.32880069 0.04721015 0.15171336 0.09572428 0.08358201 0.03716242
0.34038031 0.00688704 0.00217587 0.00405536 0.01889248 0.36572884 0.12718496 0.32863853 0.05998962 0.15361757 0.08519254 0.08585337 0.03618298
0.33662477 0.00577983 0.00186013 0.00568669 0.03080132 0.36301551 0.12414395 0.32676126 0.05506367 0.15234732 0.09212713 0.08339497 0.03656648
0.33379243 0.00781921 0.00160435 0.00619705 0.04677145 0.36638983 0.12395659 0.32971087 0.05475575 0.15307053 0.08695778 0.08619743 0.03788078
0.33016745 0.01168350 0.00202201 0.01235481 0.05405239 0.36407018 0.12048874 0.33250502 0.05079798 0.14948492 0.08790138 0.08312975 0.03812997
0.31699756 0.00800577 0.00170537 0.00544314 0.03678823 0.36562816 0.11933883 0.33255103 0.05866322 0.15263547 0.08905780 0.08350647 0.03482977
0.31731373 0.00386883 0.00139203 0.00145928 0.02011945 0.36450313 0.12716848 0.33447745 0.06069964 0.15211884 0.08039833 0.07909076 0.03701677
0.31742829 0.00705247 0.00112184 0.00872309 0.04709921 0.36505075 0.12406295 0.33469505 0.05003385 0.15140526 0.08524010 0.08410800 0.03515256
0.31371325 0.00682445 0.00256410 0.00762638 0.02688886 0.36391462 0.11605285 0.33176019 0.05378706 0.15559546 0.08823510 0.08199755 0.03523262
0.30996647 0.00564195 0.00335201 0.00638952 0.02137246 0.36409713 0.11674934 0.33086865 0.04874590 0.15941898 0.08609887 0.08320825 0.03994362
0.30393580 0.00760130 0.00257224 0.00865003 0.02434185 0.36399415 0.12080161 0.32811666 0.05123056 0.15727960 0.09212809 0.08170704 0.05427470
0.30064324 0.00280860 0.00222975 0.00404585 0.03336080 0.36452709 0.12233188 0.32753159 0.05369480 0.15710118 0.08468034 0.08322696 0.03600666
0.30441027 0.00505876 0.00154988 0.00329253 0.02170793 0.36575132 0.11796290 0.32968462 0.05953637 0.15488600 0.08362038 0.08468854 0.03892877
0.30257693 0.00357867 0.00137014 0.00058227 0.00354114 0.36359527 0.11694737 0.33031663 0.05064337 0.15495892 0.08656566 0.08424769 0.03670496
0.29636440 0.00298994 0.00137790 0.00060436 0.00282257 0.36650496 0.11721044 0.33302750 0.05203386 0.15673120 0.08597158 0.08049754 0.03530166
0.29612094 0.00889657 0.00128633 0.01133557 0.06056051 0.36277973 0.12004718 0.33370707 0.05290812 0.15510119 0.08693284 0.07904462 0.03432406
0.30247394 0.00671412 0.00182011 0.00713014 0.04699250 0.36613093 0.12037439 0.33447546 0.05493087 0.16107128 0.08651841 0.08154721 0.03457542
0.30117911 0.00957952 0.00242161 0.01267532 0.04269507 0.36309907 0.11986243 0.33421284 0.04299259 0.15691042 0.08126635 0.08283455 0.03571312
0.30163839 0.00695339 0.00138708 0.00668711 0.04409464 0.36482585 0.11184955 0.33278585 0.05075990 0.15468247 0.07873104 0.08712208 0.03522097
0.30179544 0.00665202 0.00131481 0.00770821 0.04078776 0.36376148 0.11276434 0.33151023 0.05239918 0.15473857 0.07676486 0.08263683 0.03486887
0.30001409 0.00372834 0.00130977 0.00189966 0.02550329 0.36451731 0.11596232 0.32944060 0.05215990 0.15559746 0.08539996 0.08428285 0.03565570
0.29893889 0.01240502 0.00142908 0.01239726 0.01133789 0.36439667 0.12549074 0.32882368 0.05760162 0.15605843 0.08011935 0.08213358 0.03252452
0.29808814 0.00321795 0.00127487 0.00295492 0.02346743 0.36426258 0.11729971 0.33071936 0.05560089 0.15659195 0.08867808 0.08264648 0.03365043
0.29732301 0.01297685 0.00116542 0.01432801 0.01549208 0.36458063 0.11810334 0.33160081 0.05018245 0.15557062 0.08111581 0.08320367 0.03610663
0.29518618 0.00387382 0.00118253 0.00611306 0.04393134 0.36472097 0.11041749 0.33452026 0.05065007 0.14878186 0.08139226 0.08173709 0.05281270
0.28878906 0.00480338 0.00400166 0.00430385 0.03860528 0.36490459 0.11151170 0.33442228 0.04861596 0.15143843 0.08033362 0.07984538 0.04109314
0.28496972 0.00747170 0.00111641 0.00935565 0.05794736 0.36491313 0.11569693 0.33568637 0.04823510 0.15294381 0.07484518 0.08257577 0.05164605
0.28450492 0.00527871 0.00129477 0.00768867 0.05526487 0.36662706 0.10577558 0.33491864 0.04778965 0.15209881 0.08683206 0.08136494 0.04558624
0.28461156 0.00473127 0.00132561 0.00909436 0.03130463 0.36449916 0.12550688 0.33409013 0.05045783 0.14913470 0.07667856 0.08350006 0.04051618
0.28381037 0.00491584 0.00149765 0.00521519 0.02972058 0.36577078 0.10924214 0.33105167 0.04783825 0.15330191 0.08721042 0.08414377 0.03655106
0.28219035 0.00215507 0.00165176 0.00163050 0.00210260 0.36396654 0.11600885 0.33119996 0.05165897 0.14889146 0.07638061 0.08366681 0.03434756
0.28171537 0.00146356 0.00141185 0.00046306 0.00093491 0.36603970 0.11431200 0.33087371 0.04652630 0.15080343 0.08321365 0.08364667 0.03863076
0.27693508 0.00288235 0.00199786 0.00090413 0.00146476 0.36486195 0.10613701 0.33127866 0.05066048 0.14889518 0.08999827 0.08257387 0.03385953
0.27689213 0.00748002 0.00135804 0.00469304 0.01649608 0.36545026 0.12593365 0.33310647 0.05391984 0.14689957 0.07887441 0.08480899 0.03616332
0.27377226 0.00792735 0.00157562 0.00909786 0.01528066 0.36491580 0.10754756 0.33589486 0.06008208 0.14179063 0.09259431 0.08094837 0.03502822
0.27315670 0.00991919 0.00143167 0.01029528 0.04349461 0.36521755 0.12413358 0.33506912 0.05125445 0.14243577 0.06831501 0.08085048 0.03663806
0.27163183 0.00522726 0.00118237 0.00477227 0.04042081 0.36398031 0.11855165 0.33535755 0.04474539 0.14180922 0.07939189 0.07756606 0.03547639
0.26793861 0.00423364 0.00228242 0.00529930 0.02725933 0.36596465 0.10464139 0.33515543 0.04064051 0.14749417 0.09298909 0.08324615 0.03588715
0.26445815 0.00839298 0.00328433 0.00061847 0.00736628 0.36392860 0.12611803 0.33326529 0.06201172 0.14738002 0.06526875 0.08713032 0.03177706
0.26076432 0.00530368 0.00252406 0.00432222 0.03599019 0.36510470 0.10393399 0.33244038 0.05236077 0.15216987 0.08592787 0.08329572 0.03313285
0.25172418 0.00334185 0.00233583 0.00064784 0.00473977 0.36399626 0.12197948 0.32923886 0.04523549 0.15236710 0.07290646 0.08315663 0.03170784
0.25019429 0.00143199 0.00187988 0.00257996 0.00229099 0.36402167 0.10879883 0.32910340 0.03877375 0.15215956 0.08530415 0.08327026 0.03212887
0.24980088 0.01096623 0.00384967 0.01270362 0.01653618 0.36445690 0.10563051 0.33153345 0.04423170 0.14806527 0.08550555 0.08821202 0.03209594
0.25013759 0.00529446 0.00187169 0.00293726 0.03488110 0.36297196 0.11554480 0.33249649 0.05373114 0.14573201 0.06691640 0.08199149 0.03312594
0.25025494 0.00487835 0.00244933 0.00788310 0.03806528 0.36477184 0.09725645 0.33334422 0.04457978 0.14296160 0.09248432 0.08321518 0.03467799
0.24956819 0.00760089 0.00192290 0.01026966 0.02684262 0.36269238 0.11783565 0.33593836 0.04398005 0.14403747 0.06302641 0.07650411 0.03911317
0.24870491 0.00437031 0.00175495 0.00658684 0.03511764 0.36510677 0.09755613 0.33427034 0.04314031 0.14490456 0.08462940 0.08088147 0.03585205
0.24755365 0.00456957 0.00163296 0.00577714 0.03906546 0.36298849 0.10592693 0.33347444 0.04509950 0.14445524 0.08204173 0.07979478 0.03484592
0.24638870 0.00602340 0.00156714 0.00499047 0.03755333 0.36472985 0.10519593 0.33329988 0.05611189 0.14551917 0.06720938 0.08090393 0.04232606
0.24482937 0.00355362 0.00141414 0.00228506 0.03647212 0.36316931 0.09410386 0.32961360 0.04741236 0.14426844 0.09346980 0.08362584 0.03434793
0.24371886 0.00492451 0.00131951 0.00435885 0.03440952 0.36473182 0.11478715 0.33026677 0.05281582 0.13598261 0.06516671 0.08231029 0.03783924
0.24175981 0.00836932 0.00147854 0.00701438 0.02688618 0.36353346 0.10360513 0.32999255 0.04971476 0.13567571 0.09098201 0.08116859 0.03195161
0.24118558 0.00334483 0.00203400 0.00332147 0.03418876 0.36511430 0.11633880 0.33106562 0.04346506 0.13653030 0.07231098 0.08317897 0.03313333
0.23895756 0.00394911 0.00203084 0.00543016 0.04938635 0.36344287 0.10320780 0.33400597 0.04690865 0.13529309 0.07188245 0.08534657 0.03216364
0.24110825 0.00372666 0.00168222 0.00425297 0.04845890 0.36472596 0.09719798 0.33394526 0.04182692 0.13391713 0.08362211 0.07990485 0.03125703
0.24471076 0.01050244 0.00102372 0.01009267 0.05753421 0.36568653 0.10798262 0.33540521 0.05093566 0.12809609 0.06171036 0.07984113 0.03179024
0.24380889 0.00788856 0.00115888 0.00669575 0.04752752 0.36387547 0.09858926 0.33691659 0.04046705 0.12289509 0.09080518 0.07809633 0.03414842
0.24280982 0.00783985 0.00132390 0.00459508 0.04095598 0.36649536 0.10442113 0.33420365 0.05308885 0.12173189 0.06972580 0.08321927 0.03272072
0.24163403 0.00519479 0.00259061 0.00729341 0.03347380 0.36190061 0.10724898 0.33135884 0.05780998 0.12024305 0.06984838 0.08232719 0.02958735
0.24331435 0.00412810 0.00183230 0.00518018 0.05235030 0.36735494 0.10214683 0.33130029 0.04381130 0.11997591 0.07817206 0.08038590 0.03069534
0.23843199 0.00715333 0.00178538 0.00587136 0.03251215 0.36172562 0.10441209 0.32782733 0.04419218 0.11643257 0.06912107 0.08090921 0.03002189
0.23341447 0.01230304 0.00140817 0.01363742 0.03027819 0.36647134 0.09157232 0.33100891 0.05547777 0.11611850 0.08856719 0.08277205 0.03065775
0.23299754 0.00828397 0.00137062 0.00644301 0.03798419 0.36327768 0.09869774 0.33276259 0.05450003 0.11555819 0.06357092 0.07959031 0.03042101
0.23207445 0.01134135 0.00128769 0.01439441 0.04978776 0.36470795 0.09387868 0.33247384 0.03821901 0.11459320 0.08704693 0.07924488 0.02749003
0.22740631 0.01100122 0.00270106 0.01071978 0.02617760 0.36297755 0.09485370 0.33528770 0.05367625 0.10831911 0.07023777 0.07778974 0.02820326
0.21951784 0.00954627 0.00204590 0.00922254 0.04329425 0.36500579 0.09339208 0.33562163 0.06344217 0.10729324 0.06214799 0.08057091 0.02727293
0.21321324 0.00572194 0.00272409 0.00737493 0.05704702 0.36270547 0.08672185 0.33379772 0.04124118 0.10286717 0.09004084 0.08196942 0.02708975
0.21454527 0.00372240 0.00213136 0.00380081 0.03197512 0.36588617 0.10482442 0.33546851 0.05949842 0.10225369 0.06257258 0.07976142 0.02504202
0.21508170 0.00499976 0.00171366 0.00479337 0.04313873 0.36440480 0.08728305 0.33112513 0.05202986 0.09795025 0.08133892 0.08310992 0.02965079
0.21635674 0.00714162 0.00112304 0.00811349 0.05675694 0.36492869 0.08794244 0.33119002 0.05495158 0.09903124 0.06973726 0.08036773 0.03589541
0.21504188 0.00376582 0.00127931 0.00539587 0.05488842 0.36625872 0.09149789 0.33094619 0.05100475 0.09806980 0.06746538 0.07929703 0.02691498
0.21259437 0.00235733 0.00151184 0.00335098 0.02283024 0.36316295 0.08487793 0.32970267 0.04129115 0.10018991 0.09084326 0.07973115 0.03962677
0.21126466 0.00302490 0.00103658 0.00390146 0.02314538 0.36754499 0.10462883 0.33431457 0.05224483 0.09909227 0.05740518 0.08158748 0.02646813
0.20504076 0.00451113 0.00130432 0.00416500 0.02597893 0.36241073 0.09022175 0.33412608 0.04221738 0.10063635 0.08481457 0.07822909 0.02683313
0.20448451 0.00594758 0.00138046 0.00690963 0.01735515 0.36682022 0.09261329 0.33590933 0.04844829 0.09425725 0.07109455 0.07751195 0.02721823
0.20081992 0.00198981 0.00132145 0.00418116 0.04363708 0.36408938 0.09097382 0.33588202 0.03797510 0.09418030 0.07548720 0.08164817 0.02693820
0.19784038 0.00826721 0.00145701 0.00729755 0.03992800 0.36569393 0.08498298 0.33568940 0.04275135 0.09368750 0.07197985 0.07857953 0.02920760
0.19457467 0.00859035 0.00121722 0.01273159 0.04436177 0.36379075 0.09620927 0.33416776 0.04519378 0.09547012 0.05398147 0.07911744 0.02532427
0.20080867 0.00396331 0.00115852 0.00258711 0.03335017 0.36477119 0.08582738 0.33211660 0.03147560 0.09536009 0.08289105 0.08107740 0.02836588
0.19980404 0.00332472 0.00145892 0.00539395 0.03867615 0.36332207 0.09400337 0.33012741 0.04386762 0.09732623 0.05643842 0.07838079 0.02623654
0.19611055 0.00424725 0.00306744 0.00447508 0.03205430 0.36535277 0.08602629 0.33043495 0.04056095 0.10183005 0.07381077 0.07935513 0.02843080
0.19358647 0.00216929 0.00178546 0.00307619 0.01794533 0.36407774 0.09035010 0.33112136 0.04050046 0.10307991 0.06250541 0.08172779 0.03602995
0.19441256 0.00266546 0.00176144 0.00189262 0.02721559 0.36491120 0.09859437 0.33332442 0.03763545 0.10376504 0.05937990 0.08006587 0.03915382
0.19305428 0.01185088 0.00118714 0.01229830 0.04336418 0.36457730 0.08558183 0.33557023 0.03064146 0.10337596 0.07772622 0.08063588 0.02751734
0.19304685 0.00335685 0.00232335 0.00184118 0.05074924 0.36354834 0.09638086 0.33647131 0.04151465 0.10542920 0.06233066 0.07651019 0.03047885
0.19449726 0.00505940 0.00171092 0.00582343 0.03670032 0.36578524 0.08389833 0.33623853 0.03721595 0.11327436 0.07209609 0.07488363 0.03686623
0.19413526 0.00203562 0.00434662 0.00320788 0.02946691 0.36270053 0.08589644 0.33510877 0.03737435 0.11944270 0.06361422 0.07493832 0.02794008
0.18848940 0.00293173 0.00137422 0.00338002 0.02868659 0.36654439 0.09261627 0.33497080 0.03626672 0.11893110 0.06074864 0.08936698 0.03177395
0.19026677 0.00979910 0.00147805 0.01038778 0.03145741 0.36288966 0.07776777 0.33165409 0.04165429 0.11757822 0.07689324 0.07826220 0.02550530
0.19015090 0.00318529 0.00106318 0.00415127 0.04908947 0.36615838 0.09061368 0.33102686 0.04353464 0.11687069 0.06128964 0.07889024 0.02394612
0.18845825 0.00300582 0.00103478 0.00197087 0.00769312 0.36337256 0.07484049 0.32898780 0.03719713 0.11524453 0.08593333 0.07687074 0.03611291
0.18707936 0.00257880 0.00117252 0.00268422 0.02487455 0.36514178 0.08913362 0.33290749 0.05490621 0.11638680 0.07337759 0.08062014 0.02509910
0.18595159 0.01012338 0.00105261 0.00964223 0.03107772 0.36374372 0.08562988 0.33450488 0.05007178 0.11266064 0.07051192 0.07958498 0.03901574
0.18514140 0.00431116 0.00096048 0.00540885 0.02352266 0.36529467 0.09185514 0.33593072 0.05183627 0.11368350 0.08189102 0.07822628 0.02624845
0.18380729 0.00168398 0.00098566 0.00087818 0.00125185 0.36380470 0.09293774 0.33679726 0.04981250 0.11481309 0.06641033 0.07406216 0.02645817
0.18354117 0.00157498 0.00099667 0.00101147 0.00122058 0.36521879 0.08582921 0.33688946 0.04826370 0.11527221 0.08354658 0.07642011 0.02907866
0.18304437 0.00194368 0.00104449 0.00127942 0.00167278 0.36452498 0.10160129 0.33692387 0.04416815 0.11610984 0.08235127 0.08032951 0.02410248
0.18386686 0.00314970 0.00114832 0.00368261 0.04684017 0.36500789 0.08586422 0.33472459 0.04782548 0.11665842 0.07441900 0.07881709 0.02721228
0.18426575 0.00431342 0.00184757 0.00262128 0.04270083 0.36590775 0.08970760 0.33341362 0.04725273 0.11565849 0.07975594 0.08340374 0.02520251
0.18267243 0.00527784 0.00146392 0.00466521 0.03019503 0.36417738 0.09236979 0.33202137 0.04925080 0.11917050 0.06932441 0.08092965 0.02669786
0.18698183 0.00567845 0.00160398 0.00582348 0.03646429 0.36686889 0.08885385 0.33180121 0.04178217 0.11284560 0.08251572 0.08116572 0.02655664
0.18673662 0.00610836 0.00103017 0.00830572 0.02556628 0.36375699 0.08639362 0.33350716 0.04311405 0.11301562 0.07951770 0.07925076 0.02802941
0.18721852 0.00186173 0.00072913 0.00195566 0.00158034 0.36669350 0.09121519 0.33556679 0.05301520 0.11038414 0.06643515 0.07923911 0.03902549
0.18616990 0.00161567 0.00078009 0.00490681 0.04138201 0.36400387 0.08722717 0.33620425 0.04061669 0.10473904 0.08503446 0.07746227 0.04652326
0.18223425 0.00363493 0.00117123 0.00394363 0.00510662 0.36622006 0.09457457 0.33742561 0.04950479 0.10467305 0.07193390 0.07862877 0.02789920
0.19233774 0.00374170 0.00198446 0.00082131 0.00473476 0.36414005 0.09924306 0.33644613 0.05535616 0.09814880 0.07833861 0.07506555 0.02630061
0.18941129 0.00152253 0.00208225 0.00054922 0.00150864 0.36581396 0.08795102 0.33611367 0.04424497 0.10117224 0.09147842 0.08098601 0.02928474
0.18934090 0.00290820 0.00225224 0.00066586 0.00489771 0.36457224 0.10349018 0.33486752 0.04729957 0.10034075 0.06916749 0.08886359 0.02738163
0.19013081 0.00358792 0.00236575 0.00104425 0.00421235 0.36572189 0.09319720 0.33245324 0.05700576 0.10143738 0.08166720 0.07979643 0.02672030
0.18592532 0.00638326 0.00068878 0.00388992 0.03650197 0.36460983 0.09127656 0.33174052 0.05852575 0.10212979 0.06976256 0.07795589 0.02810810
0.18723598 0.00236574 0.00067521 0.00150025 0.00414618 0.36691012 0.09420162 0.33313464 0.04766712 0.10141724 0.08247178 0.08173330 0.03614218
0.18517665 0.00210962 0.00075223 0.00067010 0.03945952 0.36520490 0.08635409 0.33445830 0.04482858 0.10239452 0.09287204 0.08264410 0.02845339
0.18423113 0.00915150 0.00074258 0.01326821 0.02677103 0.36602479 0.09922496 0.33619498 0.05432329 0.10187938 0.07074982 0.07889637 0.02815385
0.18423790 0.00281490 0.00077950 0.00426475 0.02684522 0.36610037 0.08945377 0.33652520 0.05017262 0.10076550 0.08508909 0.07627595 0.03515375
0.18087066 0.00898916 0.00073123 0.00751648 0.03047456 0.36473201 0.08979069 0.33753262 0.06045853 0.10200281 0.06743991 0.07523512 0.02337250
0.18116150 0.00562305 0.00076717 0.00481225 0.04106973 0.36695831 0.08305262 0.33771805 0.04789611 0.09933914 0.08021082 0.07977812 0.02548766
0.17998750 0.00456407 0.00132976 0.00487940 0.03081022 0.36386451 0.08934809 0.33509251 0.05770440 0.09782659 0.07927458 0.07809801 0.02302383
0.18114919 0.00419558 0.00113664 0.00201860 0.02371643 0.36728895 0.08733188 0.33419397 0.05415124 0.09138930 0.07641330 0.08111072 0.02564295
0.18175997 0.00269878 0.00126360 0.00326770 0.02144343 0.36457560 0.08099357 0.33232443 0.04584220 0.09309788 0.09081655 0.07783315 0.02595375
0.18185581 0.00141958 0.00410043 0.00032508 0.00106109 0.36764797 0.08877498 0.33220901 0.05441034 0.09504203 0.07139487 0.07991885 0.02185044
0.18035002 0.00103060 0.00123749 0.00262978 0.00184661 0.36441928 0.08226782 0.33230482 0.04548008 0.09574096 0.08839348 0.07802531 0.02415098
0.17973250 0.00159724 0.00155241 0.00165922 0.02320136 0.36817396 0.08608148 0.33478403 0.05231131 0.08990147 0.07442369 0.08085787 0.02296802
0.17990702 0.00305825 0.00070534 0.00560283 0.02577463 0.36425506 0.08428263 0.33541386 0.05025058 0.08783033 0.07965439 0.07928975 0.02592033
0.18095092 0.00304598 0.00120895 0.00219127 0.00236376 0.36796958 0.08231849 0.33764090 0.04505939 0.08967408 0.08818800 0.07596485 0.03776141
0.18236588 0.00207689 0.00079380 0.00083625 0.00332072 0.36471339 0.08899032 0.33667400 0.05545300 0.08834827 0.07258398 0.07361004 0.02510585
0.18202399 0.00134509 0.00067285 0.00058433 0.00081254 0.36702968 0.08128873 0.33731295 0.05424993 0.08456377 0.08782193 0.07694053 0.02305889
0.18022482 0.00120961 0.00074230 0.00028373 0.00119930 0.36588623 0.08950560 0.33667696 0.05108733 0.08429457 0.07194266 0.07968009 0.02282424
0.18161508 0.00357972 0.00105871 0.00418854 0.03243753 0.36571696 0.08082678 0.33356812 0.05000399 0.08128880 0.09283481 0.08068461 0.02399089
0.18175141 0.00632597 0.00184570 0.00888427 0.02213547 0.36722094 0.08530871 0.33258602 0.05412745 0.08188013 0.08237018 0.07895401 0.02442151
0.17860695 0.00917658 0.00135067 0.00772501 0.01148434 0.36471892 0.08860804 0.33222019 0.05353178 0.08474354 0.07630145 0.07841809 0.02462693
0.17836592 0.00213127 0.00150661 0.00417330 0.02877321 0.36825707 0.08335933 0.33364040 0.04532071 0.09077441 0.08683075 0.08183478 0.02410534
0.17336030 0.00191645 0.00225391 0.00049780 0.00156994 0.36478234 0.08531976 0.33504572 0.05377685 0.10167234 0.06937810 0.07923416 0.02190217
0.17527474 0.00244126 0.00114600 0.00025848 0.00148762 0.36851314 0.07649559 0.33721305 0.05517688 0.09912026 0.08533158 0.07794104 0.02487986
0.17309982 0.00169366 0.00090648 0.00029337 0.00114905 0.36500751 0.08254036 0.33681744 0.05382461 0.09672607 0.07472039 0.07430623 0.02153356
0.17326952 0.00117199 0.00072517 0.00032694 0.00083513 0.36815226 0.08625048 0.33851914 0.05206020 0.09448125 0.08092743 0.07557090 0.02138402
0.17123209 0.00132829 0.00063487 0.00084718 0.00089870 0.36504303 0.08078915 0.33639465 0.05446365 0.09188174 0.08277369 0.07564908 0.02146744
0.17050446 0.00621357 0.00114735 0.00539633 0.01600538 0.36821637 0.07526499 0.33648310 0.05223146 0.10157638 0.06625099 0.07806507 0.02042579
0.16563171 0.00142857 0.00223825 0.00274959 0.00190567 0.36469658 0.06728080 0.33363916 0.04688450 0.09772795 0.07855307 0.07837554 0.03204932
0.16422618 0.00225746 0.00170409 0.00390766 0.00554933 0.36768771 0.07720873 0.33219103 0.04868725 0.09807940 0.06833360 0.07760987 0.02434169
0.16284574 0.00244147 0.00326212 0.00019326 0.00219732 0.36485116 0.07595658 0.33160209 0.05336792 0.09857087 0.07420103 0.07864439 0.01938250
0.16327657 0.00206281 0.00190619 0.00060844 0.00260800 0.36657734 0.07291054 0.33298271 0.05067326 0.09515316 0.08788866 0.07962695 0.01931187
0.16707913 0.00118123 0.00119411 0.00057384 0.00084991 0.36575886 0.07584573 0.33456013 0.05103807 0.09657049 0.07446923 0.07973932 0.02189419
0.16701801 0.00862602 0.00120048 0.00983268 0.02811630 0.36609956 0.06791280 0.33696660 0.04836038 0.09731750 0.07632609 0.07498701 0.02154737
0.16375132 0.00300225 0.00162948 0.00429148 0.00513045 0.36707866 0.07388899 0.33757752 0.05175462 0.09885804 0.06718786 0.07299367 0.02400666
0.16997171 0.00328872 0.00106603 0.00380335 0.03017104 0.36544770 0.06862257 0.33744274 0.04501128 0.10038031 0.07610834 0.07418753 0.02972232
0.16965024 0.00340657 0.00155047 0.00424918 0.03064227 0.36748745 0.07451852 0.33784755 0.04993049 0.10170191 0.07392566 0.07856636 0.02560204
0.16875455 0.01220876 0.00093581 0.01216696 0.05227055 0.36546847 0.06208900 0.33555843 0.05212494 0.10055698 0.07574797 0.07696496 0.02332023
0.16779653 0.00289732 0.00122320 0.00129090 0.03578426 0.36775465 0.07133509 0.33378723 0.05888260 0.10084088 0.06741433 0.07773517 0.01755689
0.16459900 0.00305032 0.00142453 0.00104847 0.02431291 0.36503191 0.06917668 0.33165672 0.04842474 0.09463161 0.06763212 0.07914823 0.02120890
0.16562361 0.00546348 0.00103943 0.00527032 0.04155840 0.36823802 0.06527106 0.33341034 0.04732047 0.09445643 0.07537453 0.07879305 0.01887217
0.16404257 0.00223759 0.00096233 0.00586297 0.02459058 0.36515039 0.06920990 0.33345888 0.04624452 0.09490925 0.07541501 0.07911606 0.02386824
0.16454997 0.00301687 0.00077743 0.00426941 0.02400115 0.36800761 0.06681628 0.33600223 0.05654134 0.09540209 0.06656790 0.07687734 0.03974276
0.16349476 0.00334954 0.00075324 0.00214235 0.02058053 0.36549605 0.07044529 0.33665111 0.04776530 0.09593623 0.07350925 0.07749476 0.02017616
0.15557840 0.00500963 0.00073708 0.00430451 0.05206754 0.36772624 0.07329489 0.33818808 0.04147737 0.08971431 0.06758339 0.07364387 0.02698337
0.15647758 0.00565891 0.00071244 0.00769001 0.04215526 0.36584051 0.06938281 0.33750369 0.04319977 0.09460934 0.07345131 0.07321338 0.02575936
0.15932139 0.00351157 0.00070863 0.00507337 0.03151378 0.36690197 0.07467764 0.33667605 0.04735986 0.09400516 0.06879741 0.07681249 0.03474196
0.15770307 0.00791018 0.00077073 0.00905848 0.00813289 0.36661211 0.07316154 0.33611139 0.04832806 0.09445771 0.07630550 0.07879387 0.02471246
0.15699802 0.00278313 0.00076304 0.00086409 0.00214360 0.36579230 0.07847230 0.33393376 0.05045126 0.09421232 0.07658886 0.07767607 0.02013396
0.15118153 0.00690751 0.00075787 0.00434176 0.01768709 0.36692223 0.07414258 0.33216640 0.05553888 0.09412058 0.08046120 0.07650822 0.02623111
0.15324702 0.01010344 0.00125059 0.01004448 0.02309937 0.36571448 0.07419263 0.33291823 0.05084490 0.09474409 0.07793616 0.07704855 0.01967190
0.15215435 0.00344727 0.00058579 0.00289377 0.01870075 0.36707562 0.08121259 0.33450705 0.04443203 0.09746173 0.07297396 0.08003492 0.02413990
0.15387806 0.00882675 0.00235163 0.01206693 0.03963348 0.36518322 0.06436551 0.33604164 0.04845344 0.10016557 0.06030538 0.07812311 0.01824707
0.15435939 0.00333378 0.00130255 0.00099499 0.02426072 0.36692498 0.07250131 0.33619420 0.05056577 0.10054975 0.06094524 0.07393413 0.02370664
0.15471469 0.00908289 0.00085851 0.00964585 0.02980219 0.36533568 0.07214671 0.33707646 0.04224218 0.10187549 0.07073394 0.07287436 0.02361168
0.15435328 0.00659512 0.00078848 0.00792107 0.03670362 0.36714704 0.08288304 0.33827628 0.04147907 0.10220209 0.06768662 0.07601555 0.01983266
0.15477532 0.00157853 0.00077222 0.00117217 0.00199442 0.36430307 0.08463076 0.33649023 0.04510583 0.10241311 0.06711437 0.07597084 0.03144403
0.15327434 0.00971572 0.00075604 0.01175191 0.01880392 0.36676153 0.06202714 0.33451336 0.05149025 0.10239414 0.06342386 0.07738065 0.02371192
0.15427727 0.00140982 0.00130006 0.00024141 0.00081044 0.36500337 0.07167421 0.33319515 0.04465710 0.10197921 0.06350417 0.07438213 0.02024872
0.15280527 0.00116210 0.00081244 0.00023311 0.00059763 0.36613643 0.07036235 0.33282002 0.03993422 0.10095464 0.06846592 0.07606560 0.02039664
0.15021479 0.00108186 0.00107338 0.00028826 0.00055960 0.36552722 0.07061929 0.33214048 0.04351496 0.10102308 0.06571220 0.07637678 0.01898125
0.14781747 0.00117993 0.00110395 0.00018212 0.00062446 0.36543973 0.07947249 0.33452973 0.04711161 0.09960888 0.06144381 0.07652230 0.01906519
0.14899905 0.00108792 0.00116108 0.00023281 0.00058980 0.36624939 0.06427314 0.33649749 0.04449385 0.10026925 0.07163792 0.07579746 0.02015741
0.14882941 0.00188687 0.00086517 0.00146706 0.00358316 0.36518360 0.07526741 0.33670762 0.04103382 0.09983144 0.07041971 0.07438797 0.02063161
0.14547295 0.00389971 0.00091270 0.00381971 0.01789755 0.36593238 0.06400030 0.33783067 0.04421579 0.09998557 0.06625779 0.07202886 0.02313499
0.15048479 0.00560290 0.00103608 0.00735522 0.03684206 0.36585591 0.07183612 0.33689264 0.04052171 0.10138665 0.05670867 0.07282335 0.01935614
0.15336172 0.00599422 0.00074154 0.00592154 0.04859840 0.36563900 0.07293842 0.33686278 0.03920023 0.10073197 0.05803027 0.07716440 0.02085856
0.15226149 0.00143672 0.00102236 0.00130367 0.01829945 0.36572724 0.07357587 0.33497120 0.04089963 0.10274071 0.06097929 0.07618963 0.02119241
0.15204893 0.00166880 0.00076484 0.00020936 0.00094480 0.36620585 0.08266832 0.33306448 0.03744882 0.10206090 0.06812671 0.07596652 0.02056090
0.15065964 0.00174718 0.00096336 0.00018572 0.00085713 0.36527366 0.06613525 0.33221186 0.04439576 0.10339484 0.06195386 0.07436116 0.02472609
0.15258358 0.00107369 0.00117872 0.00030559 0.00066318 0.36679967 0.07828568 0.33401334 0.03758980 0.10339977 0.06392115 0.08410741 0.02077390
0.15278298 0.00176945 0.00136970 0.00037551 0.00123921 0.36516314 0.08058711 0.33433512 0.03973263 0.10343146 0.06430429 0.07887753 0.02334919
0.14929879 0.00188795 0.00078612 0.00089899 0.03140510 0.36688053 0.08565177 0.33666301 0.04004646 0.09787075 0.06570214 0.07706366 0.02183916
0.14470583 0.00248796 0.00249888 0.00035867 0.00238258 0.36535858 0.08257877 0.33689260 0.04014674 0.09782896 0.06700104 0.07188574 0.02226920
0.13999886 0.00262359 0.00124251 0.00068478 0.00249453 0.36590646 0.08046504 0.33783868 0.04680758 0.09709171 0.05719581 0.07676158 0.02107659
0.14221340 0.00385261 0.00071707 0.00264256 0.03512190 0.36549891 0.07324528 0.33786644 0.03551862 0.09712831 0.07187561 0.07492160 0.02236704
0.14205499 0.00213486 0.00062208 0.00033020 0.00300810 0.36578624 0.07456982 0.33640593 0.03978008 0.08981904 0.06697968 0.07552680 0.02280031
0.13956432 0.00153429 0.00058804 0.00030035 0.00147231 0.36565224 0.07623516 0.33398695 0.04471124 0.09038026 0.06740856 0.07674221 0.02205041
0.13671374 0.00277896 0.00101369 0.00233695 0.03579729 0.36608547 0.07732191 0.33330207 0.04896178 0.09017310 0.06931954 0.07690343 0.02057899
0.12540382 0.00245960 0.00192092 0.00233147 0.04631153 0.36480266 0.08209081 0.33170581 0.05033505 0.09109160 0.05586628 0.07873133 0.02107124
0.12421940 0.00184755 0.00111319 0.00373494 0.02754932 0.36520886 0.07568041 0.33383686 0.03181470 0.09171468 0.07627790 0.07864402 0.03151750
0.12233703 0.00288044 0.00100147 0.00565858 0.03854413 0.36522824 0.07748432 0.33471422 0.03859066 0.09043463 0.05541090 0.08126199 0.03968558
0.12165227 0.01023950 0.00113652 0.01106810 0.01620327 0.36435665 0.07323218 0.33599522 0.03770748 0.09209006 0.06115135 0.07689435 0.02983403
0.12286677 0.00498462 0.00094034 0.00554016 0.03293929 0.36588049 0.07435994 0.33784479 0.03908927 0.08516386 0.06133241 0.07330315 0.02463196
0.12143529 0.00237473 0.00092466 0.00420641 0.03101635 0.36418805 0.08313049 0.33648862 0.03894162 0.08586193 0.06072865 0.07239770 0.04394949
0.11995486 0.00676392 0.00074519 0.00476276 0.02892197 0.36622522 0.07261673 0.33737706 0.03876612 0.08540963 0.07356507 0.07789317 0.02465859
0.13835330 0.00783732 0.00059938 0.00882617 0.03359791 0.36477670 0.08187150 0.33664628 0.04661115 0.08522426 0.05856479 0.07789073 0.02274720
0.13526844 0.00543346 0.00061754 0.00476241 0.03932675 0.36668327 0.08091361 0.33434014 0.04414022 0.08530785 0.07099309 0.07767440 0.02513312
0.13347940 0.00478828 0.00091100 0.00583691 0.03161474 0.36508740 0.07847074 0.33354956 0.04752017 0.08497091 0.06543055 0.07546358 0.02426012
0.13028784 0.00721388 0.00096956 0.00909948 0.03235953 0.36612926 0.08176841 0.33280195 0.03499721 0.08506790 0.06501529 0.07775219 0.02419654
0.14311714 0.00108443 0.00109062 0.00023584 0.00066441 0.36506972 0.08498848 0.33306339 0.03424770 0.08514324 0.06274240 0.07745640 0.02174253
0.14175560 0.00198587 0.00108209 0.00386920 0.03190141 0.36646894 0.07606928 0.33589822 0.03603262 0.08489783 0.05933604 0.07703505 0.02177159
0.13697529 0.00138594 0.00110011 0.00102049 0.02098505 0.36438460 0.08405756 0.33537710 0.03462249 0.08515820 0.06269752 0.07512786 0.02267632
0.12108064 0.00293156 0.00121116 0.00492244 0.02717790 0.36616256 0.07516866 0.33647581 0.03231034 0.08489596 0.06389332 0.07501942 0.02315248
0.11721525 0.00194002 0.00240175 0.00025756 0.00084045 0.36500023 0.08092003 0.33797610 0.03783410 0.08581728 0.05258934 0.07363123 0.02204575
0.11734297 0.00124553 0.00173800 0.00031750 0.00068017 0.36479436 0.07617397 0.33535562 0.03033736 0.08785721 0.06045343 0.07580984 0.02214581
0.11965088 0.00079556 0.00133918 0.00020489 0.00052908 0.36602328 0.07936017 0.33553745 0.03097448 0.08851855 0.05895705 0.07854427 0.02343332
0.11753573 0.00089349 0.00096144 0.00024558 0.00060226 0.36423768 0.08666104 0.33383750 0.03197898 0.08957317 0.05632292 0.07611473 0.02089042
0.11443276 0.00123086 0.00073007 0.00021522 0.00063248 0.36655979 0.07066343 0.33139515 0.02934905 0.08988347 0.06407591 0.07646814 0.02414925
0.11527493 0.00111542 0.00067623 0.00021835 0.00068634 0.36453444 0.08556186 0.33240673 0.03522444 0.09076597 0.04577795 0.07485067 0.02130698
0.11523513 0.00060567 0.00056216 0.00021411 0.00047349 0.36629028 0.07300023 0.33405741 0.02660572 0.09077093 0.06483959 0.07738756 0.02321733
0.11723341 0.00074998 0.00054755 0.00021625 0.00057534 0.36510575 0.08119481 0.33501499 0.03113594 0.09049261 0.05239486 0.07600913 0.02236520
0.11562344 0.00078758 0.00066370 0.00021665 0.00056286 0.36588739 0.08321651 0.33659162 0.03096767 0.09028883 0.05650307 0.07254574 0.02177940
0.11663832 0.00079339 0.00084821 0.00022475 0.00056035 0.36483117 0.07254111 0.33610887 0.02866727 0.09044219 0.06407916 0.07184651 0.02358463
0.11760404 0.00555804 0.00120648 0.00672778 0.01826643 0.36593831 0.08480724 0.33668359 0.04420970 0.08958029 0.04678380 0.07480104 0.02172763
0.11709903 0.00175372 0.00134384 0.00408608 0.03136680 0.36431737 0.06782304 0.33664397 0.02552278 0.09829665 0.06581551 0.07582119 0.02250956
0.11699557 0.00368658 0.00104516 0.00146624 0.00822566 0.36598242 0.08082254 0.33434029 0.03917508 0.09688319 0.04396765 0.07589726 0.02096076
0.11556898 0.00204654 0.00087902 0.00022664 0.00165396 0.36450981 0.07442400 0.33280408 0.03789457 0.09598881 0.05869035 0.07442507 0.02216233
0.11456527 0.00155429 0.00074372 0.00383560 0.03333475 0.36549849 0.07338613 0.33316996 0.02860964 0.09458556 0.05753596 0.07572347 0.02229389
0.11410345 0.00236721 0.00121676 0.00077347 0.00306209 0.36555019 0.08385647 0.33188549 0.03910837 0.09044826 0.04974381 0.07691443 0.02124873
0.11276454 0.00074167 0.00127162 0.00023131 0.00064803 0.36472235 0.06901993 0.33424214 0.02730207 0.09004635 0.06932508 0.07607040 0.02414018
0.11242538 0.00590420 0.00069227 0.00654601 0.02785975 0.36598623 0.08337091 0.33578004 0.03272648 0.08987602 0.04229007 0.07528676 0.01984537
0.11054975 0.00076198 0.00088796 0.00023105 0.00046005 0.36454546 0.07285527 0.33579590 0.02771619 0.09106047 0.06272969 0.07347570 0.02266130
0.10894814 0.00073164 0.00096202 0.00033702 0.00056217 0.36608968 0.08298463 0.33764860 0.03056654 0.09116082 0.05715784 0.07221477 0.02119084
0.11139066 0.00101958 0.00134126 0.00019799 0.00061281 0.36485571 0.08247373 0.33655579 0.03576063 0.10083178 0.05146529 0.07340606 0.02147223
0.11939463 0.00704693 0.00085036 0.00758809 0.02541598 0.36627559 0.07070995 0.33665126 0.02815225 0.09945680 0.07045763 0.07603769 0.02243007
0.11837270 0.00205084 0.00080958 0.00251342 0.02091081 0.36523014 0.08376622 0.33535670 0.03309578 0.09895639 0.04360766 0.07563823 0.02256254
0.11858843 0.00153513 0.00077312 0.00324240 0.02302410 0.36664603 0.06792375 0.33326822 0.02519330 0.09806962 0.06586172 0.07526129 0.02264201
0.11696430 0.00138137 0.00072563 0.00365753 0.02116885 0.36528367 0.08096769 0.33265802 0.03140954 0.09708935 0.04491037 0.07312745 0.02164919
0.11760333 0.00271699 0.00090200 0.00100230 0.01738915 0.36651218 0.07746170 0.33395836 0.02913007 0.09890764 0.05538248 0.07669961 0.02194197
0.11671053 0.00436223 0.00165864 0.00328321 0.02221293 0.36446417 0.07445821 0.33407152 0.02695969 0.09496708 0.06239954 0.07749525 0.02242721
0.11757193 0.00140357 0.00094650 0.00141519 0.00866137 0.36597880 0.08612236 0.33600045 0.03243696 0.09633094 0.04037603 0.07444778 0.02476976
0.11630178 0.00376309 0.00074309 0.00196770 0.03231288 0.36480961 0.05868454 0.33632881 0.02848055 0.09815074 0.06458456 0.07111241 0.02373861
0.11237439 0.00302606 0.00087695 0.00292476 0.02626418 0.36517840 0.07210451 0.33641308 0.03831341 0.10021890 0.03255433 0.07151864 0.02198608
0.11041782 0.00256309 0.00085829 0.00442274 0.02550445 0.36569536 0.06846221 0.33767847 0.02201095 0.10211298 0.05423066 0.07532415 0.02114815
0.10607423 0.00090118 0.00102746 0.00140225 0.01533087 0.36525797 0.07781442 0.33514941 0.02728123 0.10222331 0.04925154 0.07509379 0.02158659
0.10594592 0.00789034 0.00082206 0.00971120 0.02498347 0.36557333 0.07957246 0.33411849 0.02796713 0.09634584 0.04242739 0.07454650 0.02029508
0.10528762 0.00722427 0.00067851 0.00773601 0.02091355 0.36528456 0.06025203 0.33268852 0.03522509 0.09468845 0.06025345 0.07436106 0.02400711
0.10408185 0.00348161 0.00096155 0.00087427 0.03928758 0.36575492 0.07319774 0.33236808 0.03921953 0.09412968 0.03238927 0.07485295 0.01975818
0.09957401 0.00212689 0.00102748 0.00093102 0.02619238 0.36475614 0.06155158 0.33341349 0.01749159 0.09340480 0.06422458 0.07494505 0.02314070
0.09804776 0.00141005 0.00129353 0.00141100 0.03311718 0.36633813 0.07277263 0.33467383 0.03231529 0.09328354 0.04559618 0.07531178 0.02006304
0.09673704 0.00204312 0.00337795 0.00036966 0.00182021 0.36419833 0.07363829 0.33512196 0.03999227 0.09529839 0.05187221 0.07381819 0.01953868
0.09738522 0.00122445 0.00156633 0.00056331 0.00098458 0.36652793 0.06862086 0.33652033 0.03571461 0.09469968 0.06117118 0.07168680 0.02083276
0.10163655 0.00083722 0.00100380 0.00042728 0.00085001 0.36417626 0.07762449 0.33608427 0.03227247 0.09542113 0.05680718 0.07066663 0.01940536
0.10471566 0.00245667 0.00068174 0.00411773 0.04700267 0.36609052 0.06006994 0.33666196 0.03706837 0.09583277 0.07168483 0.07449301 0.01966568
0.10559812 0.00294057 0.00204308 0.00355040 0.01976178 0.36453427 0.07430435 0.33622835 0.04921967 0.09389922 0.04669957 0.07685593 0.03549243
0.10223313 0.00258646 0.00186305 0.00258404 0.00416205 0.36571103 0.06498070 0.33396528 0.03200314 0.09509805 0.06397914 0.07767119 0.02080820
0.10094035 0.01149481 0.00115076 0.01176015 0.01289929 0.36422659 0.06130209 0.33218074 0.04048302 0.09423854 0.05275535 0.07275670 0.03086760
0.10248125 0.00283236 0.00079466 0.00170176 0.00180258 0.36493130 0.06730781 0.33238752 0.03780000 0.09443838 0.06091894 0.07646071 0.01970620
0.10244849 0.00143333 0.00080203 0.00121060 0.00133649 0.36529661 0.05659303 0.33398679 0.03423821 0.09510461 0.07064076 0.07689466 0.03343943
0.10318086 0.00205975 0.00195059 0.00101453 0.00146996 0.36479819 0.06374512 0.33525994 0.04760854 0.10350622 0.05573487 0.07715011 0.01885134
0.09875026 0.00164553 0.00156390 0.00044267 0.00094108 0.36580426 0.06788658 0.33576712 0.03451076 0.10354550 0.06495278 0.07375790 0.02295030
0.09530952 0.00754322 0.00230900 0.01029951 0.01368576 0.36385483 0.06272189 0.33555950 0.03697726 0.09683015 0.05547032 0.07324807 0.01597480
0.09572760 0.00279995 0.00137364 0.00409889 0.02556974 0.36588792 0.06981675 0.33670695 0.03405237 0.09747268 0.06001397 0.07525250 0.01693854
0.09435419 0.00241205 0.00106803 0.00307120 0.03590908 0.36374423 0.06478268 0.33586188 0.04489531 0.09749666 0.06265215 0.07435090 0.01850194
0.09431555 0.00386422 0.00085795 0.00197415 0.02119358 0.36673320 0.06249921 0.33532524 0.04967300 0.09714042 0.05768914 0.07504459 0.02039740
0.09303350 0.00504930 0.00079678 0.00466145 0.03030847 0.36393366 0.06543726 0.33403717 0.03281173 0.09739662 0.06955886 0.07567780 0.01995986
0.09203327 0.01409216 0.00079689 0.01367811 0.03332612 0.36706115 0.05484627 0.33339384 0.03777598 0.09664019 0.05689058 0.07491536 0.02101407
0.10306114 0.01347131 0.00130973 0.01511254 0.02390574 0.36394863 0.06265370 0.33288266 0.04092127 0.10258862 0.05733240 0.07424720 0.01615860
0.10187479 0.00329990 0.00091685 0.00431260 0.03325003 0.36657000 0.05710465 0.33456472 0.03649871 0.10134631 0.05519868 0.07523308 0.01686288
0.09959637 0.00398751 0.00062050 0.00376004 0.04069437 0.36468272 0.06012850 0.33521070 0.04613435 0.10036017 0.05516087 0.07471079 0.01988954
0.09888615 0.00532036 0.00057843 0.00389984 0.02006049 0.36610187 0.06560723 0.33627977 0.03620505 0.10053853 0.05385279 0.07508011 0.01836302
0.09903338 0.00227465 0.00065482 0.00627988 0.02641252 0.36540077 0.06575266 0.33590191 0.03129982 0.10018193 0.04455670 0.07090219 0.02183888
0.09523900 0.00155530 0.00075345 0.00389886 0.02296994 0.36569963 0.08016115 0.33624825 0.02639058 0.10099661 0.05324062 0.07291587 0.01614309
0.09097796 0.00285631 0.00082939 0.00248878 0.03498491 0.36591161 0.05991204 0.33646512 0.02998523 0.10174670 0.05427446 0.07527444 0.02267558
0.08836209 0.00576547 0.00087084 0.00313838 0.00628652 0.36499789 0.06209336 0.33463763 0.03553176 0.10370974 0.04876203 0.07528445 0.02155172
0.08768631 0.00311609 0.00084609 0.00221423 0.00414764 0.36598731 0.05616291 0.33372409 0.03576068 0.10563419 0.05463933 0.07263619 0.03268778
0.08728444 0.00166065 0.00140672 0.00035701 0.00155358 0.36450315 0.06351795 0.33369776 0.03664663 0.10591173 0.04922774 0.07252435 0.01746649
0.08519945 0.00055018 0.00089504 0.00018764 0.00034055 0.36697215 0.07181001 0.33354785 0.02406713 0.10754513 0.05401409 0.07479923 0.01552132
0.08252913 0.00143150 0.00079693 0.00284256 0.03342372 0.36397238 0.05805466 0.33471894 0.03059478 0.10211547 0.05450433 0.07524499 0.01721962
0.08247355 0.00139338 0.00081255 0.00104783 0.02102672 0.36759724 0.06379881 0.33598619 0.03891616 0.10216219 0.04757966 0.07381985 0.01748731
0.08224169 0.00696403 0.00074216 0.00844976 0.04014970 0.36393564 0.05798718 0.33548220 0.03278949 0.10237312 0.04959220 0.07320739 0.01772272
0.08468968 0.00074765 0.00139259 0.00068105 0.03664701 0.36665579 0.05740855 0.33682310 0.02696469 0.10570581 0.04926202 0.07116708 0.01644111
0.08509014 0.00108075 0.00077944 0.00214038 0.00389892 0.36404189 0.05935080 0.33588754 0.02524744 0.10645590 0.04862085 0.07124879 0.03968270
0.08431593 0.00191015 0.00074981 0.00375532 0.00411796 0.36603774 0.05529354 0.33536403 0.03162796 0.10712637 0.04663347 0.07272970 0.01768953
0.08330287 0.00113386 0.00082730 0.00110292 0.00065534 0.36537209 0.05827730 0.33643769 0.03100224 0.10770109 0.04685655 0.07248768 0.02968977
0.08134749 0.00108258 0.00084453 0.00290000 0.00343954 0.36575872 0.06123143 0.33351274 0.02889157 0.10863942 0.04817788 0.07338862 0.01681150
0.07998799 0.00083226 0.00089940 0.00083649 0.00050939 0.36617798 0.06431642 0.33315247 0.02710088 0.10440285 0.05125205 0.07133487 0.02862789
0.07804378 0.00141490 0.00092675 0.00115955 0.00227550 0.36587090 0.07064474 0.33487730 0.02878326 0.10367174 0.04968847 0.07445889 0.01899922
0.07663198 0.00147519 0.00109308 0.00065071 0.00139045 0.36623011 0.05940427 0.33385819 0.03113903 0.10814685 0.05180299 0.07697201 0.01946436
0.07545289 0.00106733 0.00090175 0.00040353 0.00061838 0.36518967 0.06243605 0.33563216 0.02920745 0.10203684 0.04947702 0.07408396 0.02252312
0.08008517 0.00188849 0.00092444 0.00151098 0.03060464 0.36764553 0.06404525 0.33599391 0.02760164 0.10285442 0.04656440 0.07108762 0.01894345
0.08072189 0.00164287 0.00106253 0.00459228 0.00450022 0.36481053 0.06473080 0.33567153 0.02666486 0.10266645 0.04707537 0.07398607 0.02642396
0.08248197 0.00182617 0.00149683 0.00191656 0.00351063 0.36746859 0.06540279 0.33732178 0.02437176 0.09883023 0.04656408 0.07375673 0.03911527
0.08208721 0.00101069 0.00092659 0.00287565 0.00239030 0.36448601 0.05946711 0.33472436 0.02864803 0.09995198 0.04528218 0.07365452 0.01923609
0.08138433 0.00117777 0.00090740 0.00147159 0.00153898 0.36722015 0.06055721 0.33485861 0.02494030 0.10008213 0.04733707 0.07232573 0.03081902
0.07789527 0.00139951 0.00099353 0.00031790 0.00052479 0.36499935 0.06163017 0.33357056 0.03041466 0.10228612 0.04207134 0.07123716 0.01985659
0.07621946 0.00081077 0.00106937 0.00179977 0.03697442 0.36633539 0.05578893 0.33348502 0.02171778 0.09673716 0.05138210 0.07415503 0.01794835
0.07469297 0.01241699 0.00124653 0.01262660 0.01118723 0.36613040 0.06697299 0.33404797 0.02235795 0.09783030 0.03923147 0.07342251 0.01692081
0.07270908 0.00532011 0.00120718 0.00549767 0.03220112 0.36571630 0.05750201 0.33513297 0.03109737 0.09653665 0.04487827 0.07500086 0.01965675
0.07054541 0.00322416 0.00120573 0.00330636 0.02309331 0.36641568 0.06212264 0.33514505 0.03810496 0.09647028 0.04671830 0.07298138 0.01845263
0.06833129 0.00305434 0.00112829 0.00476326 0.02498286 0.36593660 0.06131251 0.33616112 0.04399344 0.09616423 0.03725308 0.07404314 0.01713320
0.06585272 0.00150462 0.00231906 0.00017094 0.00149381 0.36618179 0.05596448 0.33598396 0.02317766 0.09570888 0.05915696 0.07126764 0.01830269
0.06330765 0.00122164 0.00165146 0.00021968 0.00074602 0.36606300 0.06801174 0.33593660 0.02353883 0.09575444 0.04196541 0.07773830 0.01940969
0.06313131 0.00084912 0.00099651 0.00027762 0.00065715 0.36628911 0.06606311 0.33618368 0.02133827 0.09640795 0.05125380 0.07402820 0.01812533
0.06364860 0.00184377 0.00067288 0.00103598 0.00142953 0.36539511 0.06822175 0.33551433 0.03253438 0.09617097 0.05066190 0.07308623 0.01838714
0.05826186 0.00748002 0.00066655 0.00569364 0.02620357 0.36651148 0.06662960 0.33324733 0.03255836 0.09793157 0.03826718 0.07216468 0.02164085
0.05406589 0.00133568 0.00094493 0.00164947 0.00071563 0.36459668 0.05610028 0.33348082 0.02601301 0.10225924 0.05883834 0.07209817 0.03423492
0.05369387 0.00165327 0.00087074 0.00398587 0.00535113 0.36639123 0.06510168 0.33408277 0.03193807 0.10406561 0.04099735 0.07662539 0.02222636
0.05427614 0.00148134 0.00077384 0.00296691 0.03081861 0.36474571 0.05855783 0.33454090 0.02662138 0.09831405 0.05176559 0.07517366 0.02852720
0.05309947 0.00116110 0.00080519 0.00163508 0.00244124 0.36611356 0.05986111 0.33464489 0.02826667 0.09757742 0.04546765 0.07261304 0.02709227
0.05215012 0.00461824 0.00070431 0.00812872 0.02436581 0.36455624 0.06538901 0.33515523 0.02762031 0.09818768 0.04952156 0.07029643 0.01615472
0.04883285 0.00111234 0.00067696 0.00409043 0.00378589 0.36586936 0.05590044 0.33608471 0.02895587 0.09589443 0.05480393 0.07199649 0.03855121
0.05038280 0.00101856 0.00070827 0.00206603 0.00168646 0.36523424 0.06856884 0.33637192 0.02520887 0.09652989 0.05603649 0.07341936 0.01800765
0.05109229 0.00365788 0.00064161 0.00455403 0.01639102 0.36533547 0.06194320 0.33616529 0.02604038 0.09534640 0.05075061 0.07497340 0.03560002
0.05664712 0.00435422 0.00095182 0.00513048 0.02573503 0.36550369 0.07114367 0.33386731 0.02516201 0.09527851 0.04092025 0.07266750 0.01643233
0.05482523 0.00802927 0.00135814 0.00554506 0.02798779 0.36476313 0.06785177 0.33469723 0.04414268 0.09986091 0.04422627 0.07668076 0.01738794
0.05719270 0.00315897 0.00093182 0.00304288 0.02178832 0.36667396 0.05786589 0.33330102 0.02967643 0.09875366 0.05242590 0.07413353 0.01846334
0.05910526 0.00193802 0.00063710 0.00298380 0.02208321 0.36482731 0.06659835 0.33401995 0.02673648 0.09771334 0.04873385 0.07428970 0.01778946
0.05842464 0.00181995 0.00052735 0.00150699 0.00154154 0.36628767 0.06647917 0.33484130 0.03436175 0.09084205 0.05259688 0.07431209 0.02123448
0.05532033 0.00220796 0.00050389 0.00055031 0.00135346 0.36528351 0.06978690 0.33485309 0.03630619 0.09000339 0.05029599 0.07456582 0.01804167
0.05688079 0.00268224 0.00049860 0.00029108 0.00087944 0.36615150 0.07229349 0.33604670 0.03688718 0.09062420 0.04901427 0.07123417 0.02070621
0.05785161 0.00183739 0.00055763 0.00023566 0.00099779 0.36538483 0.06282200 0.33574793 0.02876355 0.09061574 0.05928393 0.07107764 0.02045699
0.05471848 0.00102714 0.00143713 0.00022452 0.00058072 0.36584732 0.06688366 0.33577128 0.02866252 0.09114166 0.05025781 0.07368629 0.02040001
0.05301229 0.00126211 0.00109932 0.00022291 0.00063096 0.36483740 0.06990545 0.33577331 0.03332005 0.09228063 0.04841569 0.07371873 0.01888533
0.06337853 0.00086227 0.00086690 0.00022793 0.00046773 0.36580456 0.06621662 0.33457527 0.02882354 0.09565480 0.05288083 0.07407693 0.01796484
0.06409709 0.00082558 0.00431733 0.00016854 0.00053035 0.36532381 0.07456278 0.33343863 0.02772862 0.09113695 0.04367037 0.07788048 0.01859951
0.06624606 0.00221075 0.00106566 0.00110526 0.03673981 0.36544779 0.05990797 0.33405083 0.03044878 0.08983558 0.05842805 0.07516062 0.02039533
0.06824138 0.00322324 0.00085237 0.00165443 0.02377517 0.36578566 0.07037143 0.33364994 0.03473447 0.09135650 0.04636612 0.07714010 0.02368755
0.06946342 0.00560289 0.00061668 0.00526480 0.03191908 0.36517470 0.06750046 0.33451209 0.03039437 0.09046316 0.05322499 0.07477540 0.02068913
0.06939528 0.00277881 0.00060096 0.00100121 0.02028697 0.36604216 0.08278100 0.33520670 0.02654337 0.09161724 0.05310317 0.07238893 0.02162143
0.06910924 0.00317369 0.00110328 0.00281547 0.02992689 0.36461339 0.07636903 0.33561211 0.02809697 0.09166820 0.04792558 0.07391126 0.01983619
0.07706125 0.00344559 0.00142845 0.00063045 0.00428827 0.36574731 0.06288967 0.33642945 0.04041210 0.09216451 0.05442599 0.07311889 0.02076738
0.08079768 0.00269950 0.00094770 0.00025920 0.03168470 0.36464419 0.07089697 0.33637738 0.03241358 0.09126860 0.04679641 0.07490876 0.02258434
0.07305392 0.00736593 0.00085248 0.00568195 0.02156075 0.36624662 0.06637367 0.33569289 0.02376805 0.09157962 0.05299600 0.07347739 0.02249216
0.06717348 0.00233086 0.00104856 0.00019558 0.00110556 0.36400558 0.07660147 0.33454944 0.03005702 0.09814113 0.04723905 0.07288494 0.01981644
0.06493998 0.00676583 0.00089702 0.00982192 0.02102232 0.36620453 0.07227475 0.33381379 0.02700882 0.09965526 0.05096223 0.07423503 0.02149057
0.06567864 0.00059790 0.00128148 0.00021627 0.00046766 0.36371836 0.07204921 0.33316592 0.02287201 0.10444784 0.05448076 0.07670917 0.02166468
0.06542491 0.00071190 0.00116065 0.00019756 0.00057052 0.36642724 0.07907376 0.33452910 0.02285338 0.11294041 0.04697567 0.07511184 0.02069514
0.06329870 0.00070827 0.00109460 0.00021848 0.00046242 0.36421697 0.06713023 0.33402083 0.02285568 0.10803263 0.05088292 0.07568966 0.02149482
0.06171845 0.00131008 0.00104581 0.00091435 0.03591603 0.36641018 0.07915941 0.33610622 0.02315228 0.10246078 0.04437516 0.07281856 0.02063218
0.05947827 0.00057441 0.00147106 0.00020806 0.00047926 0.36458203 0.06892016 0.33603626 0.02271223 0.10464812 0.04995487 0.07043905 0.02033282
0.06738123 0.00145813 0.00107194 0.00028745 0.00051225 0.36509480 0.07549269 0.33641162 0.04090014 0.10362035 0.05042299 0.07414963 0.02108580
0.06752429 0.00067275 0.00100584 0.00063875 0.00093749 0.36485049 0.07374858 0.33693189 0.02628913 0.10381629 0.05908892 0.07488759 0.02226879
0.06642636 0.00053320 0.00179490 0.00026354 0.00047539 0.36490026 0.07179763 0.33527810 0.02522496 0.10591231 0.05384007 0.07314254 0.02112680
0.06626666 0.00120473 0.00075578 0.00208760 0.00156539 0.36527572 0.07846614 0.33366019 0.02508663 0.10012301 0.04719066 0.07357894 0.03251306
0.06496464 0.00176575 0.00069947 0.00350779 0.03392659 0.36546508 0.05924089 0.33401481 0.02799161 0.10008536 0.06677892 0.07406472 0.03713651
0.06552414 0.00169450 0.00069389 0.00199050 0.02061938 0.36611484 0.07333771 0.33358219 0.04091377 0.10111965 0.04420040 0.07578642 0.03041576
0.06516274 0.00320298 0.00068676 0.00580762 0.02794412 0.36489799 0.06535287 0.33457962 0.02598563 0.10120958 0.06872251 0.07552004 0.02320952
0.06392559 0.00205109 0.00081065 0.00192255 0.01878381 0.36681830 0.07165145 0.33560352 0.03025458 0.10265609 0.05091958 0.07336378 0.03010278
0.06305892 0.00192341 0.00076978 0.00369746 0.02824563 0.36448360 0.07760683 0.33608757 0.02763396 0.10264544 0.05141662 0.07304193 0.01920222
0.06526531 0.00192342 0.00084322 0.00257245 0.02077594 0.36703292 0.06121553 0.33773162 0.02962893 0.10393236 0.06129742 0.07339142 0.03089436
0.06411678 0.00104377 0.00206755 0.00072244 0.00082342 0.36439295 0.07858893 0.33760603 0.03374207 0.10391396 0.03645645 0.07262674 0.01798992
0.06491848 0.00037573 0.00147446 0.00029560 0.00039161 0.36634569 0.05975289 0.33657053 0.01821888 0.10289458 0.07090893 0.07400702 0.02577510
0.06642478 0.00197286 0.00112032 0.00103126 0.00247945 0.36421797 0.07770778 0.33513419 0.04199536 0.09681076 0.03784713 0.07605629 0.01897297
0.06804495 0.00048181 0.00188006 0.00023045 0.00040845 0.36593927 0.07144051 0.33353912 0.02303891 0.09543757 0.05770596 0.07317379 0.02038653
0.06899425 0.00101109 0.00090321 0.00286868 0.03713136 0.36406894 0.06690304 0.33238999 0.02753308 0.08329013 0.05390358 0.07388890 0.03052907
0.06995798 0.00196083 0.00049378 0.00451418 0.00560641 0.36639505 0.08007828 0.33314775 0.03368546 0.08287257 0.04271374 0.07579804 0.02506126
0.06910318 0.00174694 0.00051181 0.00078427 0.00156501 0.36415129 0.06534827 0.33338084 0.02270991 0.08338163 0.06268023 0.07566194 0.02221716
0.06924145 0.00248701 0.00062906 0.00049903 0.00246764 0.36616800 0.07988474 0.33483101 0.03981535 0.08408340 0.04019893 0.07431891 0.02000821
0.06851938 0.00267666 0.00089460 0.00048748 0.00367747 0.36510180 0.06686155 0.33691767 0.03462232 0.08496587 0.06350737 0.07127205 0.02061039
0.07311465 0.00200728 0.00069157 0.00030111 0.00156831 0.36597773 0.06913557 0.33694550 0.04366988 0.08473540 0.05178273 0.07396940 0.02111886
0.07470516 0.00120649 0.00216030 0.00028233 0.00125701 0.36576964 0.07615757 0.33703769 0.02753664 0.08581978 0.05604220 0.07371399 0.02002132
0.07485871 0.00117338 0.00085815 0.00025337 0.00066156 0.36516227 0.06523757 0.33643613 0.03231183 0.08484160 0.06089198 0.07709344 0.02089396
0.07393988 0.00581168 0.00172594 0.00639001 0.02798670 0.36680277 0.07477208 0.33367018 0.03468617 0.08541004 0.03535658 0.07479470 0.01774498
0.06994104 0.00159494 0.00188778 0.00520582 0.00475669 0.36401293 0.05886628 0.33240856 0.02734311 0.08655387 0.05424275 0.07461082 0.02207951
0.06699259 0.00075339 0.00158769 0.00170990 0.00148440 0.36640328 0.06331892 0.33255695 0.02927443 0.08620241 0.04361867 0.07529743 0.04196954
0.07004875 0.00236779 0.00175788 0.00489658 0.00664193 0.36394636 0.06217281 0.33236416 0.02870319 0.08790655 0.05501820 0.07774001 0.02942822
0.06994717 0.00103735 0.00159742 0.00165336 0.00076940 0.36627196 0.05955590 0.33427237 0.03027179 0.08727416 0.04970479 0.07352540 0.02940926
0.07146914 0.00080435 0.00170361 0.00407240 0.00590138 0.36447018 0.07012522 0.33566207 0.02778204 0.09903237 0.04132998 0.07499551 0.02820598
0.06948912 0.00040852 0.00115632 0.00207368 0.00090035 0.36686690 0.06051923 0.33702385 0.02522159 0.09990370 0.05160443 0.07090849 0.04235215
0.06700086 0.00285561 0.00119055 0.00231050 0.00327461 0.36512034 0.07141880 0.33749023 0.02725366 0.09376564 0.03752003 0.07110461 0.02639805
0.06683137 0.00128034 0.00071460 0.00321071 0.00243094 0.36721369 0.06309076 0.33711997 0.02495263 0.09186108 0.05267807 0.07327626 0.03478855
0.06646674 0.00090381 0.00152925 0.00253953 0.00181338 0.36585299 0.06220427 0.33650667 0.02319040 0.09961053 0.05090060 0.07438417 0.03126729
0.06412235 0.00132400 0.00096781 0.00144596 0.00113938 0.36732316 0.07432677 0.33520930 0.02495489 0.09902884 0.04141523 0.07271532 0.02097076
0.06327036 0.00048835 0.00102679 0.00023584 0.00032330 0.36607806 0.05947900 0.33295303 0.02167378 0.09935297 0.04642824 0.07222999 0.01817331
0.06279197 0.00072681 0.00075721 0.00118395 0.00105424 0.36679146 0.07305655 0.33342633 0.02698829 0.09845105 0.03721692 0.07347484 0.01808156
0.06320333 0.00078937 0.00066910 0.00030320 0.00072361 0.36677837 0.06140586 0.33451173 0.02354578 0.09915955 0.05155749 0.07383270 0.01844544
0.06609577 0.00541851 0.00069016 0.00617967 0.01738922 0.36633570 0.06508291 0.33553794 0.02546941 0.09914291 0.04560570 0.07448847 0.02115821
0.06653259 0.00177742 0.00118830 0.00126134 0.00233973 0.36772168 0.06349743 0.33675460 0.03839220 0.10021752 0.05433356 0.07091516 0.01658958
0.06663553 0.00090861 0.00084436 0.00019672 0.00039517 0.36593703 0.05657475 0.33745760 0.03390699 0.10124224 0.05076989 0.06948483 0.01892596
0.06589996 0.00975397 0.00082690 0.00811682 0.01108829 0.36780511 0.06842590 0.33857520 0.02461887 0.10141249 0.05416282 0.07090013 0.01832998
0.06753909 0.00103287 0.00080670 0.00026669 0.00066919 0.36560218 0.05851130 0.33755493 0.03264201 0.10224325 0.05991745 0.07296009 0.01809186
0.06663666 0.00175200 0.00151387 0.00050244 0.00128399 0.36737417 0.06387080 0.33740728 0.03999385 0.10449207 0.04585040 0.07339514 0.01762427
0.06605243 0.00194529 0.00122372 0.00018241 0.00122390 0.36589759 0.06220680 0.33477868 0.03926351 0.10375506 0.05326640 0.07363505 0.01775168
0.06605916 0.00218482 0.00097145 0.00044631 0.00330099 0.36777010 0.06207442 0.33494751 0.04003491 0.10225615 0.05354025 0.07302222 0.01852496
0.06579702 0.00069583 0.00080266 0.00024432 0.00052283 0.36641653 0.06803497 0.33438918 0.03112744 0.10117644 0.06220413 0.07339852 0.01861582
0.06548243 0.00109411 0.00102880 0.00046994 0.00078726 0.36799032 0.06107578 0.33549110 0.04029432 0.08753926 0.05587552 0.07671539 0.01816373
0.06462918 0.00102886 0.00088373 0.00016418 0.00051676 0.36639591 0.06665379 0.33691049 0.03901000 0.09022638 0.04652638 0.07258880 0.01757956
0.06401978 0.00079718 0.00094912 0.00026229 0.00044261 0.36726454 0.05719287 0.33706742 0.03308009 0.09677543 0.05596281 0.07261160 0.01637711
0.07180875 0.00157817 0.00086023 0.00168551 0.03311327 0.36761295 0.05889560 0.33808501 0.03549515 0.09920746 0.04975366 0.06914783 0.01717196
0.07436526 0.00416188 0.00069201 0.00399890 0.02794682 0.36631684 0.06150744 0.33860052 0.03490950 0.09346154 0.05945140 0.07113686 0.02064423
0.07444196 0.00352109 0.00069806 0.00181940 0.02316753 0.36961186 0.05935211 0.33814458 0.03941339 0.09599821 0.05084191 0.07343250 0.01943271
0.07456591 0.00076715 0.00104954 0.00028421 0.00097693 0.36568474 0.06372210 0.33644629 0.03472798 0.10377798 0.05078249 0.07385945 0.01684781
0.07566286 0.00412904 0.00099088 0.00270643 0.03949082 0.37033564 0.05531489 0.33591529 0.03575341 0.10392467 0.05947545 0.07331780 0.02003727
0.07629139 0.00697314 0.00086695 0.00877015 0.04860743 0.36568673 0.06078762 0.33462525 0.03610436 0.10097770 0.04694159 0.07369850 0.01677777
0.07542171 0.00326650 0.00079720 0.00299323 0.03459575 0.36916366 0.05986579 0.33515403 0.03317079 0.10201107 0.05811924 0.07474747 0.01996694
0.07560607 0.00719021 0.00073304 0.00627662 0.03945044 0.36635480 0.05819061 0.33609068 0.03730634 0.10056121 0.04950123 0.07373283 0.01838218
0.07590772 0.00386485 0.00071560 0.00163752 0.02314838 0.36844582 0.06139142 0.33704516 0.03193722 0.10139217 0.05289807 0.07207871 0.01941164
0.07471646 0.00197464 0.00080975 0.00351637 0.02112689 0.36624498 0.05509079 0.33833404 0.03464438 0.09781399 0.05189536 0.07002762 0.01955820
0.07269936 0.00325860 0.00095834 0.00027684 0.00129441 0.36894174 0.06365052 0.33875454 0.03838726 0.09854347 0.04061471 0.07160190 0.01918057
0.07001594 0.00216993 0.00130283 0.00019533 0.00113383 0.36612174 0.05124969 0.33816352 0.03186116 0.09922531 0.05807344 0.07353715 0.01864697
0.06855837 0.00129592 0.00185198 0.00022157 0.00055273 0.36844082 0.06259224 0.33799571 0.04588784 0.09526655 0.04798109 0.07276239 0.01938632
0.06802864 0.00899855 0.00185251 0.00792567 0.02872969 0.36711055 0.07321197 0.33604589 0.02976460 0.09038561 0.05227309 0.07384937 0.01993944
0.06601129 0.00608389 0.00200168 0.00580052 0.03700109 0.36724337 0.05987810 0.33515136 0.02822778 0.09094527 0.05183799 0.07296931 0.01857602
0.06481287 0.00831906 0.00199254 0.00739071 0.04377774 0.36857335 0.05868894 0.33468872 0.03710408 0.09206042 0.03746169 0.07415111 0.01811334
0.06243106 0.00461881 0.00181978 0.00474524 0.04400719 0.36611670 0.04976172 0.33463582 0.02425293 0.10069243 0.04981539 0.07488477 0.02222295
0.06247224 0.00456914 0.00187461 0.00510738 0.02968587 0.36957211 0.05945052 0.33601248 0.03582091 0.10046589 0.05283224 0.07633812 0.01665978
0.05984196 0.00379081 0.00106215 0.00205938 0.03061562 0.36611062 0.06136200 0.33729531 0.04247008 0.09870729 0.04292542 0.07226455 0.01948246
0.06115530 0.00197606 0.00080946 0.00368697 0.02010116 0.36931821 0.05506873 0.33854471 0.03657687 0.09747788 0.06117652 0.07050696 0.01958273
0.06203892 0.00115192 0.00084579 0.00032539 0.00106787 0.36644208 0.07328876 0.33845110 0.03181306 0.10215888 0.03922285 0.07071731 0.01449348
0.06292617 0.00113981 0.00079949 0.00020828 0.00042479 0.36899789 0.05213870 0.33940072 0.03359751 0.10145065 0.05904280 0.07129209 0.01663058
0.06245732 0.00423504 0.00078508 0.00397319 0.02836946 0.36680393 0.06125519 0.33777787 0.03520603 0.10119624 0.03665123 0.07436727 0.01544803
0.06091626 0.00346523 0.00075321 0.00276524 0.02232894 0.36918230 0.05450872 0.33667931 0.03038267 0.10084594 0.05089825 0.07161631 0.02167017
0.06165434 0.00191661 0.00152219 0.00531403 0.02594082 0.36681304 0.05454362 0.33493944 0.02882292 0.10290151 0.05425368 0.07275709 0.01521104
0.06524818 0.00115946 0.00163607 0.00023101 0.00121675 0.36925191 0.06078756 0.33495332 0.03657379 0.10251534 0.03709360 0.07343327 0.01496840
0.06433557 0.00319208 0.00081998 0.00421696 0.03398712 0.36690338 0.04488876 0.33486494 0.03241528 0.10102194 0.05038771 0.07207850 0.01517869
0.06379729 0.00312348 0.00098582 0.00148584 0.02194272 0.36823142 0.05604725 0.33609374 0.03522586 0.09577992 0.03495721 0.07284461 0.01801995
0.06230573 0.00445501 0.00091094 0.00422349 0.02866257 0.36735477 0.05353858 0.33655458 0.02614551 0.09574691 0.05265331 0.07262110 0.01703399
0.05911421 0.00223837 0.00256005 0.00227032 0.01997126 0.36689385 0.06753801 0.33771771 0.03236793 0.09668091 0.04581136 0.06983798 0.01540657
0.05880412 0.00091400 0.00128571 0.00019440 0.00050075 0.36861125 0.07260033 0.33854340 0.03416235 0.09721542 0.04261926 0.07388610 0.01625389
0.05796612 0.00126676 0.00129460 0.00019390 0.00062585 0.36575103 0.05375300 0.33747787 0.03069143 0.08975557 0.05594937 0.07111938 0.01799287
0.05804241 0.00214697 0.00110370 0.00152681 0.02211678 0.36902871 0.06026760 0.33700354 0.03674377 0.08515190 0.03896404 0.07437706 0.01925673
0.05883898 0.00194462 0.00077828 0.00414274 0.02787785 0.36648200 0.05085714 0.33525247 0.02930501 0.08524656 0.05699369 0.07292831 0.01958426
0.05918880 0.00284357 0.00072069 0.00564302 0.00350404 0.36900718 0.06587002 0.33498745 0.03331753 0.08650862 0.04533912 0.07244691 0.02348748
0.05895281 0.00195671 0.00065451 0.00258558 0.00431192 0.36713811 0.06735018 0.33404772 0.04486582 0.08559855 0.04830945 0.07354279 0.02600840
0.05899639 0.00199636 0.00056750 0.00030651 0.00329490 0.36916225 0.06116954 0.33553785 0.03106229 0.08575992 0.06301759 0.07433201 0.01954970
0.05791032 0.00103082 0.00055485 0.00026178 0.00136934 0.36742016 0.06987856 0.33629686 0.03566644 0.08417527 0.04606395 0.07240186 0.01787779
0.05749382 0.00070458 0.00067278 0.00018136 0.00056402 0.36920371 0.05490275 0.33728026 0.02924346 0.08456200 0.05871541 0.07027634 0.01895601
0.05621031 0.00105877 0.00062925 0.00016738 0.00060983 0.36740380 0.06502763 0.33856950 0.03701513 0.08314638 0.04413345 0.07009018 0.01727222
0.05528608 0.00078195 0.00079211 0.00018455 0.00042085 0.36873476 0.06154925 0.33904801 0.03518291 0.08414357 0.05186767 0.07047481 0.01768272
0.05403490 0.00070111 0.00075351 0.00018270 0.00045552 0.36796739 0.06348730 0.33826034 0.03028686 0.08314021 0.06043662 0.07411761 0.01776147
0.05613713 0.00081242 0.00087187 0.00016550 0.00052889 0.36797894 0.06724189 0.33703705 0.03477270 0.08441459 0.04110753 0.07084423 0.01723706
0.05580488 0.00059349 0.00065459 0.00017771 0.00037193 0.36931997 0.05635339 0.33565045 0.02719509 0.08382535 0.05707349 0.07134036 0.01815259
0.05508122 0.00075597 0.00069905 0.00016458 0.00051259 0.36751507 0.06431422 0.33437373 0.03161931 0.08438873 0.04003959 0.07158792 0.01725805
0.05394190 0.00058160 0.00067213 0.00017554 0.00037594 0.36987392 0.05887214 0.33549940 0.02971725 0.08731042 0.04608674 0.07342735 0.01775990
0.05334196 0.00067964 0.00068184 0.00070750 0.02428613 0.36701916 0.05956185 0.33482537 0.02382699 0.08755043 0.05376785 0.07436459 0.01822394
0.05299824 0.00083029 0.00071642 0.00016059 0.00052905 0.36970935 0.06504774 0.33669928 0.03447160 0.08852960 0.03286450 0.07198476 0.01694790
0.05287532 0.00036457 0.00064443 0.00018183 0.00028195 0.36712063 0.05464353 0.33731212 0.02067628 0.08850729 0.05997245 0.06997799 0.01776830
0.04580179 0.00069512 0.00127281 0.00053730 0.00221357 0.36980230 0.06790184 0.33853098 0.02690540 0.08927717 0.02946786 0.06962096 0.01796856
0.04545185 0.00930529 0.00076064 0.00811573 0.01694113 0.36732006 0.05431673 0.33897865 0.02524461 0.08942790 0.04999131 0.07125851 0.01902416
0.04714241 0.00233842 0.00114069 0.00090365 0.00299602 0.36952745 0.06362640 0.33808329 0.04096024 0.09090863 0.03881023 0.07346310 0.01729901
0.04866299 0.00240661 0.00117346 0.00229296 0.03474235 0.36709057 0.06082083 0.33663006 0.02887209 0.09039724 0.06305711 0.07406923 0.02049631
0.04975859 0.00048897 0.00122257 0.00043578 0.00090982 0.36838396 0.06428323 0.33547493 0.02406011 0.09078273 0.05108021 0.07317550 0.01838737
0.05025782 0.00097454 0.00127097 0.00041097 0.00106600 0.36736343 0.06306806 0.33333239 0.03266024 0.09007994 0.04064923 0.07221905 0.01673254
0.05545609 0.00181758 0.00079412 0.00168482 0.04972425 0.36759970 0.05052418 0.33386628 0.03051931 0.08265619 0.05857705 0.07418058 0.01643795
0.05592786 0.00282052 0.00052092 0.00485194 0.04001682 0.36861335 0.06222704 0.33578842 0.04145697 0.08210537 0.03385721 0.07399087 0.01882736
0.06227265 0.00617472 0.00045183 0.00634257 0.03474715 0.36698699 0.05008442 0.33639454 0.03243156 0.08228051 0.07032847 0.07272233 0.02083805
0.06225752 0.00654532 0.00052105 0.00754255 0.04210092 0.36905297 0.06383495 0.33851840 0.03392788 0.08222035 0.05065603 0.07139373 0.01938912
0.06170897 0.00470295 0.00075063 0.00448512 0.04470971 0.36659190 0.05754160 0.33920019 0.02927101 0.08278695 0.04816213 0.06963455 0.02003708
0.06181621 0.00277590 0.00101226 0.00181128 0.02096131 0.36921197 0.05858091 0.33880434 0.02803734 0.08358364 0.05207833 0.07405638 0.01723455
0.06055018 0.00194857 0.00175799 0.00021055 0.00133641 0.36648098 0.06269525 0.33858266 0.04337259 0.08392145 0.03362149 0.07335236 0.01512896
0.05873586 0.00493433 0.00138064 0.00448510 0.02016986 0.36884583 0.04745402 0.33545104 0.02488740 0.08527175 0.06375649 0.07463720 0.01764100
0.05820799 0.00137110 0.00113606 0.00221878 0.00278265 0.36667997 0.06174091 0.33347894 0.03524073 0.08444803 0.04834147 0.07143476 0.02448210
0.05779530 0.00201419 0.00089761 0.00279942 0.00499335 0.36901376 0.05157622 0.33367044 0.02896128 0.08527367 0.05952440 0.07302757 0.02333826
0.05690219 0.00227723 0.00093886 0.00016580 0.00186989 0.36654980 0.05813458 0.33300882 0.03589049 0.08448933 0.04287248 0.07366507 0.01487791
0.05672781 0.00129680 0.00080462 0.00018197 0.00073818 0.36928472 0.05662479 0.33576346 0.03476306 0.08374880 0.04044798 0.07297266 0.01505954
0.05633050 0.00051099 0.00055235 0.00016639 0.00032602 0.36662645 0.05054816 0.33699315 0.02432481 0.08350681 0.05524945 0.07085058 0.01550125
0.05632058 0.00066437 0.00050439 0.00014093 0.00045203 0.36933299 0.06225819 0.33779000 0.03192619 0.08299843 0.04117395 0.07039781 0.01494286
0.06041051 0.00302616 0.00126053 0.00016933 0.00118742 0.36705138 0.04843489 0.33887774 0.03912506 0.08320262 0.06185326 0.07095124 0.01698759
0.05839737 0.00218270 0.00395038 0.00014135 0.00097864 0.36861955 0.06129563 0.33950698 0.04027255 0.09164918 0.04485008 0.07402151 0.01709293
0.05919086 0.00082307 0.00097897 0.00020780 0.00041972 0.36791074 0.05764069 0.33726404 0.02882601 0.09227164 0.05332706 0.07404774 0.01646063
0.06092765 0.00050370 0.00146383 0.00019465 0.00034769 0.36777768 0.06532987 0.33629057 0.02719771 0.08505053 0.05015234 0.07113926 0.01566792
0.06124645 0.00085992 0.00072833 0.00015394 0.00046984 0.36876962 0.06357114 0.33429539 0.03371571 0.08385535 0.04173683 0.07153170 0.01576327
0.06044436 0.00112461 0.00093580 0.00018378 0.00054458 0.36742648 0.05244299 0.33380601 0.03326133 0.08311011 0.05758884 0.07267466 0.01695110
0.06133549 0.00095469 0.00067524 0.00014084 0.00057265 0.36898889 0.06442855 0.33494213 0.03365234 0.08282730 0.04696409 0.07322775 0.01701635
0.06021079 0.00306614 0.00059683 0.00316857 0.03606609 0.36704182 0.04835897 0.33504591 0.02938249 0.08179405 0.05913362 0.07254437 0.01548447
0.06014757 0.00229784 0.00051401 0.00100619 0.02349138 0.36948240 0.05885370 0.33731290 0.03183950 0.08326014 0.04526810 0.07053170 0.01871072
0.05864943 0.00269278 0.00049541 0.00548100 0.02749180 0.36669116 0.05450786 0.33805749 0.03189097 0.08213718 0.04608434 0.06854949 0.01451818
0.06519251 0.00219913 0.00060698 0.00496285 0.01775203 0.37018707 0.05305836 0.33930046 0.03058210 0.08415589 0.05174934 0.07565807 0.02186879
0.06493254 0.00311396 0.00071534 0.00465124 0.02218260 0.36675406 0.06181483 0.33919371 0.03169688 0.08399874 0.04559733 0.07046588 0.01895526
0.06373502 0.00176555 0.00077652 0.00174481 0.00349027 0.37017906 0.04891617 0.33789765 0.03026484 0.08543850 0.06616653 0.07269803 0.03120864
0.06301603 0.00184181 0.00128192 0.00278114 0.00363304 0.36730414 0.06258513 0.33606696 0.03487512 0.07607992 0.04742278 0.07235603 0.03813728
0.06223965 0.00233360 0.00086542 0.00218998 0.00305896 0.36927921 0.05219623 0.33517797 0.03824666 0.07602269 0.05494436 0.07215757 0.02138096
0.06195109 0.00289645 0.00086356 0.00262520 0.00529562 0.36804615 0.05650551 0.33395929 0.03620594 0.07666791 0.04666189 0.07316966 0.02408672
0.06135612 0.00196675 0.00096224 0.00282796 0.02673861 0.36875037 0.06343932 0.33506857 0.02835470 0.07677879 0.04107188 0.07411394 0.02210423
0.06154710 0.00092270 0.00092876 0.00287390 0.02270572 0.36859699 0.05344163 0.33598661 0.02491375 0.07711958 0.06187225 0.07260092 0.01932871
0.05985695 0.00229630 0.00080085 0.00060330 0.00062754 0.36820241 0.07356678 0.33711538 0.03984924 0.07690567 0.03646439 0.07104852 0.01586723
0.05731484 0.01266007 0.00088130 0.01293176 0.01595666 0.36839386 0.05289533 0.33832305 0.03222160 0.07701729 0.05940624 0.07052420 0.01672477
0.05657364 0.00296335 0.00091729 0.00283378 0.00140199 0.36779469 0.05989202 0.33907305 0.04382665 0.07652311 0.03863565 0.07051624 0.03209498
0.05729482 0.00589176 0.00156597 0.00415858 0.02196454 0.36849318 0.05125771 0.33827861 0.02987390 0.07734733 0.04694468 0.07288274 0.02297895
0.05627129 0.00176548 0.00263012 0.00107619 0.02891624 0.36632251 0.05115405 0.33670247 0.02049824 0.07896511 0.05168462 0.07651939 0.01569304
0.05671439 0.00187028 0.00153309 0.00439774 0.00546608 0.36874849 0.05997544 0.33529618 0.02665134 0.07626194 0.02564203 0.07326542 0.01990667
0.05751322 0.00212045 0.00124659 0.00022224 0.00119099 0.36585934 0.04500392 0.33204503 0.02020366 0.08601344 0.05522261 0.07055343 0.01421533
0.05929182 0.00203017 0.00073671 0.00025830 0.00167311 0.36893834 0.05677524 0.33382119 0.03399218 0.08675547 0.02786034 0.07264110 0.01662405
0.06004307 0.00633578 0.00051762 0.00906349 0.03741386 0.36600180 0.04579799 0.33389885 0.01741829 0.08641371 0.04791093 0.07328716 0.01539913
0.06463795 0.00347335 0.00075077 0.00415743 0.03091625 0.36839172 0.06018167 0.33492596 0.02165485 0.09638708 0.03382553 0.07245478 0.01410904
0.06428550 0.00326645 0.00074042 0.00108799 0.02199646 0.36612365 0.05457554 0.33631660 0.02294357 0.09725115 0.03489166 0.06837793 0.01731652
0.06466186 0.00418615 0.00071141 0.00489660 0.02728874 0.36799482 0.04873876 0.33758803 0.03186674 0.09861382 0.05062797 0.07010795 0.01517414
0.06371495 0.00126815 0.00076901 0.00094964 0.01441963 0.36629988 0.05964288 0.33803580 0.03016481 0.09816238 0.03549622 0.06980129 0.01651812
0.06157133 0.00046037 0.00094747 0.00133880 0.00042447 0.36767630 0.04512771 0.33794884 0.01460361 0.09880453 0.06348007 0.07179394 0.02784674
0.06269115 0.00198585 0.00144489 0.00279051 0.00410692 0.36685965 0.06509625 0.33627445 0.03372028 0.09425062 0.02652648 0.07212413 0.01884631
0.06222582 0.00152408 0.00094104 0.00134110 0.00131299 0.36762390 0.06056369 0.33531418 0.02840241 0.09378579 0.04333102 0.07094400 0.02607625
0.05452458 0.01197141 0.00214969 0.01362569 0.01490274 0.36769581 0.06209677 0.33361478 0.02214740 0.09691190 0.04482423 0.07340639 0.01632800
0.05278100 0.00706606 0.00140550 0.01137356 0.01846065 0.36683976 0.05829846 0.33414627 0.02834777 0.09337413 0.04505843 0.07453889 0.02995280
0.05304531 0.00126669 0.00095821 0.00388060 0.00456116 0.36818405 0.05191178 0.33531088 0.02330533 0.09373301 0.06740274 0.07416857 0.03491844
0.05294544 0.00453902 0.00126702 0.00362700 0.00569789 0.36703744 0.05925910 0.33633375 0.04315302 0.09212363 0.03222451 0.07310422 0.01932224
0.05319451 0.00238254 0.00054443 0.00654085 0.00529131 0.36818084 0.05188198 0.33751459 0.03568813 0.09299390 0.05477633 0.07134991 0.03190025
0.05253415 0.00706706 0.00048377 0.00529788 0.01704479 0.36645535 0.06010290 0.33854256 0.02812341 0.09230985 0.03954459 0.06879567 0.03341548
0.05177257 0.00140454 0.00042999 0.00300862 0.00090189 0.36832367 0.06251229 0.33885869 0.02785187 0.09339832 0.04589861 0.07288339 0.03630467
0.05315937 0.00235144 0.00042028 0.00149500 0.00134867 0.36652164 0.06586843 0.33858786 0.03016755 0.08765498 0.06152000 0.07246625 0.01624443
0.05305322 0.00274462 0.00043014 0.00070324 0.00279729 0.36846455 0.06107303 0.33672079 0.04601448 0.08875011 0.04238928 0.07170119 0.02694711
0.06029272 0.00214956 0.00093301 0.00065832 0.00146715 0.36675245 0.05352246 0.33505382 0.03824255 0.09775758 0.07150437 0.07159854 0.01772231
0.05783832 0.00131016 0.00050103 0.00064545 0.00076700 0.36822214 0.06407539 0.33517604 0.03749978 0.08934043 0.06347746 0.07320805 0.01959305
0.05653194 0.00177006 0.00062550 0.00065191 0.00114432 0.36711416 0.06262575 0.33510931 0.04108447 0.08915351 0.04726842 0.07457033 0.01771245
0.05568820 0.00152865 0.00057656 0.00042999 0.00111801 0.36786105 0.05558763 0.33530121 0.03547655 0.08906600 0.05457236 0.07366570 0.01550379
0.05513634 0.00101082 0.00047492 0.00040705 0.00116194 0.36724006 0.05955756 0.33658180 0.03262820 0.08812124 0.05593829 0.07110027 0.01856249
0.05540327 0.00113546 0.00042915 0.00042842 0.00121485 0.36773276 0.05465296 0.33779757 0.03230703 0.08799537 0.06271865 0.07108411 0.01602261
0.05498973 0.00242176 0.00039804 0.00064476 0.00270941 0.36778123 0.06545155 0.33891944 0.04848187 0.08745821 0.04770926 0.07154352 0.01759740
0.05628084 0.00149451 0.00071830 0.00022639 0.00109253 0.36812018 0.05787957 0.33931279 0.03871810 0.08733536 0.05972841 0.07027462 0.01572288
0.05930263 0.00114797 0.00067253 0.00031627 0.00099113 0.36835904 0.05948311 0.33808909 0.03794505 0.08015481 0.05256372 0.07262277 0.01625985
0.05769057 0.00321581 0.00052323 0.00088489 0.00392581 0.36762925 0.05411455 0.33659991 0.03810112 0.07963826 0.05833347 0.07135790 0.01592099
0.06720934 0.00705792 0.00059251 0.00449897 0.01644336 0.36885975 0.05294926 0.33594642 0.05300233 0.08118862 0.05203114 0.07225181 0.01784529
0.06702302 0.00109375 0.00051938 0.00021557 0.00061298 0.36716034 0.05604796 0.33426707 0.04079863 0.08169094 0.05708120 0.07431671 0.01555095
0.06567833 0.00077503 0.00169509 0.00019035 0.00049183 0.36844898 0.05592617 0.33515800 0.03411500 0.08346662 0.06354064 0.07370593 0.01472699
0.06818285 0.00119171 0.00119427 0.00014453 0.00056599 0.36761612 0.05759548 0.33590947 0.04235776 0.08469819 0.05175586 0.07343396 0.01500278
0.07021692 0.00440138 0.00099974 0.00486496 0.03809310 0.36807822 0.05428312 0.33682364 0.04118847 0.08487794 0.06280003 0.07304273 0.01714176
0.07067974 0.00203760 0.00091138 0.00403696 0.02864800 0.36810281 0.05707244 0.33830476 0.04180022 0.08594450 0.05394281 0.07038464 0.01842328
0.07056189 0.00176134 0.00074671 0.00180375 0.02029945 0.36809298 0.06658307 0.33906995 0.03722961 0.08482414 0.06249029 0.07393519 0.01735289
0.07015058 0.00893478 0.00098790 0.01028117 0.03038797 0.36837300 0.05832588 0.33961665 0.04038870 0.08859761 0.06044062 0.07436935 0.01684633
0.06887454 0.00331906 0.00098258 0.00084086 0.01948159 0.36905117 0.06338541 0.33896079 0.04417173 0.08837675 0.05295294 0.07203677 0.02360018
0.06778883 0.00361637 0.00073470 0.00384682 0.02260552 0.36821870 0.05637876 0.33666411 0.03690461 0.08886671 0.06817453 0.07117789 0.01739996
0.06525681 0.00146255 0.00092310 0.00067561 0.02624881 0.36952201 0.05883440 0.33683444 0.04061092 0.08421390 0.05294975 0.07306381 0.01948478
0.06615991 0.00440994 0.00146151 0.00489872 0.04170248 0.36902194 0.07175118 0.33660269 0.03119991 0.08115006 0.05040419 0.07417418 0.01759581
0.06356519 0.00422207 0.00331918 0.00185200 0.02363592 0.36791233 0.05832371 0.33558735 0.03371573 0.08010576 0.05835822 0.07373201 0.02419257
0.06538299 0.00407075 0.00144269 0.00362267 0.02562098 0.36961758 0.06812135 0.33717222 0.03615394 0.08053639 0.04994498 0.07298504 0.01818237
0.06519901 0.00261455 0.00051122 0.00322949 0.03186876 0.36767970 0.05510135 0.33780663 0.03129752 0.08043071 0.06332504 0.07051125 0.03776034
0.06342983 0.00300773 0.00052714 0.00554902 0.04793630 0.36969975 0.06279467 0.33886627 0.03835923 0.08187948 0.04826896 0.07152401 0.01803092
0.06422976 0.00298758 0.00067740 0.00394192 0.03308826 0.36839463 0.06839905 0.33957503 0.02970049 0.08273661 0.05297354 0.07049766 0.02031997
0.06334395 0.00486732 0.00071221 0.00642818 0.03721596 0.36913208 0.05594783 0.33966476 0.03207084 0.08336965 0.05596680 0.07321701 0.02178031
0.06315079 0.00505367 0.00064413 0.00340252 0.02499190 0.36875515 0.06661073 0.33825610 0.03435436 0.08404373 0.05237474 0.07255536 0.01615680
0.06296502 0.00396225 0.00065173 0.00103405 0.01526842 0.36905930 0.05153778 0.33741745 0.03789300 0.08303421 0.06230332 0.07170414 0.02511988
0.06502680 0.00379047 0.00115349 0.00534266 0.03575460 0.36831735 0.06008808 0.33610079 0.04466744 0.08439457 0.04537300 0.07183576 0.01611828
0.06437756 0.00776242 0.00093043 0.00800511 0.02284369 0.36903781 0.06342473 0.33668306 0.03932591 0.08248708 0.05870238 0.07430900 0.02480042
0.06487069 0.00179961 0.00117710 0.00135868 0.00122793 0.36739970 0.04700016 0.33601352 0.02685641 0.08669700 0.05595570 0.07912169 0.03159333
0.06480137 0.00910042 0.00110130 0.00995383 0.02552274 0.36920047 0.06112337 0.33733880 0.02623902 0.09136926 0.03977623 0.07177026 0.01698948
0.06497699 0.00557646 0.00073224 0.00645883 0.04077299 0.36820338 0.04354803 0.33767050 0.03052802 0.09286415 0.05198226 0.06844593 0.01578865
0.06517018 0.00617231 0.00075215 0.00883282 0.02605218 0.36785477 0.05568983 0.33879361 0.03780213 0.09384861 0.04052370 0.06955483 0.02065136
0.06346499 0.00083262 0.00171893 0.00117916 0.02086797 0.36893994 0.05582385 0.33914255 0.02562947 0.09452368 0.06268690 0.07401740 0.01530739
0.06121809 0.00220079 0.00099057 0.00108628 0.00338039 0.36775868 0.05177605 0.33939102 0.04017771 0.09536029 0.05092114 0.07395044 0.01697871
0.05979216 0.00118896 0.00240136 0.00060995 0.00086028 0.36911178 0.06267233 0.33774694 0.03928182 0.09591954 0.05018291 0.07135781 0.01606828
0.05934535 0.00100282 0.00123837 0.00049419 0.00081304 0.36807356 0.05082424 0.33599290 0.03611846 0.09623355 0.05714509 0.07329524 0.01595047
0.06075116 0.00060956 0.00115148 0.00028553 0.00059358 0.36860121 0.05877219 0.33610705 0.03188894 0.09645948 0.05330132 0.07169568 0.01480620
0.06049493 0.00083039 0.00112444 0.00026246 0.00045156 0.36791487 0.04982205 0.33463612 0.03227904 0.09984392 0.05728836 0.07282023 0.01456100
0.06135618 0.00092812 0.00147645 0.00016712 0.00062384 0.36840836 0.04060172 0.33592269 0.03275970 0.10732957 0.04479608 0.07151015 0.01271507
0.06067441 0.00047938 0.00116172 0.00011630 0.00026636 0.36766726 0.05230289 0.33609700 0.02775568 0.10760271 0.04447094 0.06916336 0.01130568
0.05973915 0.00294473 0.00161314 0.00031300 0.00312757 0.36802975 0.04102920 0.33714224 0.02975521 0.10670202 0.05839200 0.06978738 0.01398099
0.06237422 0.00259110 0.00167666 0.00046763 0.00103491 0.36752217 0.05248902 0.33795688 0.02884493 0.10679971 0.04177814 0.06764121 0.01681697
0.06087775 0.00214872 0.00117606 0.00034852 0.00135091 0.36739305 0.04628135 0.33819599 0.03315409 0.10436808 0.04609073 0.07230366 0.01348901
0.06088810 0.00314959 0.00157479 0.00335306 0.02205214 0.36817501 0.04410206 0.33890237 0.02870362 0.10424943 0.05097082 0.07253142 0.01767368
0.06114345 0.00251368 0.00165066 0.00024023 0.00068456 0.36644776 0.06084079 0.33661308 0.02847942 0.10297091 0.03767086 0.07039510 0.01450512
0.06023999 0.00266724 0.00127065 0.00121107 0.00407196 0.36851662 0.04523332 0.33625100 0.03303748 0.10948011 0.05282730 0.07218120 0.01578355
0.05838323 0.00083412 0.00097571 0.00045232 0.00082716 0.36658379 0.06263355 0.33473125 0.02768591 0.10968567 0.04390088 0.07138422 0.01651565
0.05913377 0.00753319 0.00085846 0.00518995 0.01502229 0.36848901 0.05201013 0.33613126 0.03074993 0.11108716 0.04750802 0.07391990 0.01767821
0.05962785 0.00382448 0.00079258 0.00641173 0.02819430 0.36666744 0.05134212 0.33540965 0.02963740 0.11177049 0.04995974 0.07225189 0.01647351
0.05674186 0.00311411 0.00087582 0.00163378 0.01973822 0.36850158 0.05306670 0.33691624 0.03750014 0.11208632 0.04771471 0.06991634 0.01488805
0.05560636 0.00132657 0.00095487 0.00033322 0.00359133 0.36685246 0.04468891 0.33752169 0.03647947 0.11291752 0.06145843 0.06830046 0.01610105
0.05489752 0.00676758 0.00098995 0.00472547 0.01987458 0.36828768 0.06974205 0.33885129 0.03049525 0.11248699 0.04749455 0.07073341 0.01432865
0.05418604 0.00168868 0.00094114 0.00237496 0.00227854 0.36722213 0.04502322 0.33917613 0.03043943 0.11314149 0.05396394 0.07099726 0.02310907
0.05389298 0.00256373 0.00080307 0.00272135 0.00514675 0.36799633 0.05357150 0.33844449 0.02971856 0.11233885 0.04968676 0.07224580 0.02167056
0.05295787 0.00107542 0.00070947 0.00108783 0.00055538 0.36769333 0.05590872 0.33741691 0.03196767 0.11287623 0.04548266 0.06995034 0.02370298
0.05195293 0.00066418 0.00064698 0.00205439 0.00174508 0.36766878 0.05295117 0.33610618 0.02898061 0.11235400 0.05847676 0.07076633 0.01710782
0.05129077 0.00071681 0.00076299 0.00046813 0.00046731 0.36800846 0.06859423 0.33567874 0.02763144 0.11287552 0.04712153 0.07187197 0.02464852
0.05833775 0.00231046 0.00063525 0.00113018 0.00422389 0.36756031 0.04841083 0.33609954 0.03484364 0.11233931 0.05647645 0.07325345 0.01503739
0.06672870 0.00076597 0.00126362 0.00054236 0.00488535 0.36836012 0.06132980 0.33660136 0.02774663 0.11362550 0.05004535 0.07368756 0.01750309
0.06818572 0.00215712 0.00074073 0.00043536 0.00273077 0.36714790 0.04970531 0.33655932 0.03282690 0.11720902 0.04935157 0.06928495 0.01592715
0.06921758 0.00134115 0.00070206 0.00040092 0.00074771 0.36866088 0.05190790 0.33826179 0.04115467 0.11800699 0.04734843 0.07006941 0.01469273
0.07020801 0.00078582 0.00060487 0.00013707 0.00052172 0.36710939 0.06368220 0.33892385 0.03066724 0.11698019 0.05230148 0.06902094 0.01413924
0.07347441 0.00757767 0.00056478 0.00948336 0.02227132 0.36872196 0.04989196 0.33940288 0.03097138 0.11248575 0.06370855 0.07283070 0.01567008
0.07474944 0.00105778 0.00065342 0.00012428 0.00056408 0.36725321 0.06446826 0.33851550 0.03582248 0.11127768 0.05270193 0.07010628 0.01464143
0.07649024 0.00122475 0.00307901 0.00045571 0.03546047 0.36855748 0.04760013 0.33756818 0.03720103 0.11249816 0.05450281 0.07022020 0.01594897
0.07520830 0.00216409 0.00132235 0.00122130 0.03070660 0.36774727 0.05606710 0.33631998 0.03206888 0.11236996 0.04792734 0.06999364 0.01654917
0.07435706 0.00242014 0.00145481 0.00278318 0.02601772 0.36762659 0.05845153 0.33588455 0.02845262 0.11203066 0.05217716 0.07444134 0.01616934
0.07370365 0.00060536 0.00183973 0.00015730 0.00041068 0.36725955 0.05101934 0.33555169 0.03013064 0.11751639 0.05141519 0.07403753 0.01545509
0.07410182 0.00061977 0.00093603 0.00013499 0.00042472 0.36702066 0.06439811 0.33660213 0.02761401 0.11763563 0.05331411 0.07107403 0.01403361
0.07456346 0.00066870 0.00081296 0.00015660 0.00043311 0.36691306 0.04897986 0.33682199 0.03104627 0.11864713 0.05303019 0.07004625 0.01594173
0.07326617 0.00062585 0.00080956 0.00013591 0.00043615 0.36783184 0.05898359 0.33788514 0.02766088 0.11885094 0.04647800 0.06944888 0.01442084
0.07172568 0.00052668 0.00141315 0.00014658 0.00036972 0.36702630 0.05237542 0.33851542 0.02652664 0.11330237 0.04756760 0.07345679 0.01507186
0.07037058 0.00062314 0.00090683 0.00015004 0.00041264 0.36739891 0.05271288 0.33878811 0.02952335 0.11164669 0.04593454 0.07121071 0.01526229
0.06923518 0.00058603 0.00079773 0.00014157 0.00040469 0.36737543 0.06196026 0.33715142 0.02674438 0.11077643 0.05252642 0.07187038 0.01439417
0.06833507 0.00061565 0.00101524 0.00015838 0.00041600 0.36673392 0.05103856 0.33629590 0.03034993 0.11010130 0.05314123 0.06823270 0.01611116
0.06720542 0.00064358 0.00130500 0.00013904 0.00045331 0.36801580 0.06219868 0.33585721 0.02722562 0.10804769 0.04971651 0.07578650 0.01436115
0.06746287 0.00056409 0.00097453 0.00015246 0.00037274 0.36679016 0.05037808 0.33472077 0.02753284 0.10815627 0.04871356 0.07226011 0.01566596
0.06721173 0.00266057 0.00148367 0.00227856 0.02013939 0.36758944 0.05070684 0.33668199 0.02934485 0.11012472 0.03995333 0.07347909 0.01618207
0.07010403 0.00359689 0.00080575 0.00422338 0.03782490 0.36741037 0.06142316 0.33575495 0.02719727 0.10677010 0.04973711 0.07403948 0.01515244
0.06824233 0.00541296 0.00070063 0.00787821 0.04081734 0.36733458 0.04721825 0.33750480 0.02761211 0.10773054 0.05206405 0.07004924 0.01921484
0.06639704 0.00461764 0.00064794 0.00356399 0.03291483 0.36773046 0.06427129 0.33808561 0.04108459 0.10187099 0.03691363 0.06976296 0.01941284
0.06508707 0.00144630 0.00070833 0.00035165 0.00089632 0.36742959 0.05597771 0.33868968 0.02355430 0.10161326 0.05898562 0.07279640 0.02068507
0.06461885 0.00116948 0.00079860 0.00026123 0.00069389 0.36748297 0.06232265 0.33874707 0.02365824 0.10201709 0.04642878 0.07156994 0.01823434
0.06365715 0.00125203 0.00078473 0.00019111 0.00066977 0.36767086 0.06596934 0.33765499 0.02666997 0.10074216 0.04007001 0.07050123 0.01756322
0.06212845 0.00245347 0.00083189 0.00027917 0.00122628 0.36734899 0.05173661 0.33616686 0.03015197 0.10154647 0.05099867 0.07090253 0.01792733
0.06030668 0.00149699 0.00096132 0.00075933 0.02999391 0.36782759 0.07234355 0.33608098 0.03133243 0.09567369 0.03834218 0.07134769 0.01868534
0.05968787 0.00399454 0.00059582 0.00490595 0.04604421 0.36799723 0.06061405 0.33626548 0.01811196 0.08924343 0.06568802 0.07464382 0.01839108
0.05994713 0.00115391 0.00056759 0.00179768 0.02195518 0.36804518 0.07514588 0.33643610 0.02971537 0.08857979 0.03852154 0.07314803 0.01736036
0.06342550 0.00192985 0.00062675 0.00507492 0.05580100 0.36858761 0.05312853 0.33751907 0.02735942 0.08926418 0.05183709 0.07204125 0.01825789
0.06299236 0.00563262 0.00060465 0.00650021 0.04447546 0.36881710 0.05875495 0.33760665 0.02511384 0.08273902 0.04820375 0.07002978 0.01851277
0.05733995 0.00549746 0.00071064 0.00439898 0.03407236 0.36848771 0.07309510 0.33958669 0.02914269 0.08339554 0.04673651 0.07287214 0.02091944
0.05594788 0.00432585 0.00054930 0.00085551 0.00396288 0.36870895 0.06585757 0.34011186 0.02970391 0.08397009 0.08081578 0.07219275 0.01940884
0.05842275 0.00292370 0.00044127 0.00086871 0.02477025 0.36843308 0.07624480 0.33926273 0.04463579 0.08417531 0.04252689 0.07479000 0.01833852
0.05917766 0.00330374 0.00042030 0.00565093 0.02769882 0.36911935 0.05253486 0.33856886 0.03584614 0.08489829 0.06866940 0.07049487 0.02063975
0.05664637 0.00180607 0.00054907 0.00029061 0.00151956 0.36822538 0.07427780 0.33712375 0.03618537 0.08456912 0.04609615 0.07276564 0.01971499
0.05597663 0.00111648 0.00070268 0.00028978 0.00041002 0.36875479 0.07749526 0.33691441 0.03466789 0.08533073 0.05941526 0.07388545 0.01884421
0.05713463 0.00111836 0.00050352 0.00020848 0.00077801 0.36808669 0.06937383 0.33677402 0.03254805 0.08435091 0.06641733 0.07462461 0.01958761
0.05626532 0.00274061 0.00047900 0.00040580 0.00086896 0.36848428 0.07594164 0.33641616 0.04412828 0.08490123 0.04690566 0.07397277 0.01921341
0.05476493 0.00165356 0.00044502 0.00021411 0.00089420 0.36856475 0.05841824 0.33767419 0.03007085 0.08378200 0.07511697 0.07129206 0.02180049
0.06185065 0.00183628 0.00157389 0.00100957 0.02948038 0.36840443 0.07315325 0.33856263 0.03455748 0.09100859 0.04839505 0.07070060 0.02201997
0.06324196 0.00368188 0.00068687 0.00421593 0.03286613 0.36868924 0.06724833 0.33930123 0.02856860 0.09072946 0.06259867 0.07222522 0.01983653
0.06061097 0.00179197 0.00041019 0.00084254 0.00344151 0.36855261 0.07194065 0.34034690 0.02895301 0.09353660 0.05689726 0.07449982 0.02067561
0.06661149 0.00202987 0.00144862 0.00047504 0.00188416 0.36832569 0.07398310 0.34033290 0.03996990 0.09199245 0.05873889 0.07734384 0.01807266
0.06742495 0.00344699 0.00123989 0.00189468 0.00328521 0.36908875 0.06329529 0.33793689 0.05065457 0.09124789 0.05749159 0.07406586 0.03184573
0.07052079 0.00233662 0.00276782 0.00052440 0.00372675 0.36783010 0.06780117 0.33670628 0.04127863 0.09061896 0.05756443 0.07109030 0.01871024
0.07722177 0.00489948 0.00132452 0.00362349 0.02063045 0.36849459 0.05560157 0.33676921 0.04577244 0.09464104 0.06576630 0.07820441 0.01874807
0.07863648 0.00605390 0.00133141 0.00548151 0.03160286 0.36834976 0.05551086 0.33604570 0.05141371 0.10266613 0.06230447 0.07552384 0.01938133
0.07977714 0.00321585 0.00076210 0.00514817 0.02887284 0.36804076 0.06438949 0.33761902 0.03225171 0.10231954 0.05566698 0.07387103 0.02663885
0.07997384 0.00120752 0.00100352 0.00156229 0.00174543 0.36825012 0.06435199 0.33601692 0.03112460 0.10190321 0.06185390 0.07171353 0.02880230
0.07781459 0.00676627 0.00082911 0.00036486 0.00459232 0.36803791 0.06507667 0.33868055 0.05831581 0.10103534 0.04652714 0.07102259 0.01668808
0.08246573 0.01124992 0.00077172 0.01273502 0.01703933 0.36791098 0.05531538 0.33948378 0.04130472 0.10166183 0.06498398 0.07165233 0.01622038
0.07941010 0.00455786 0.00076456 0.00493745 0.05251288 0.36862832 0.06395790 0.33978158 0.03713400 0.09680481 0.05837326 0.07748265 0.02117330
0.07754582 0.00625723 0.00101743 0.00660656 0.03944367 0.36767006 0.05797116 0.33947466 0.04183445 0.09825143 0.06273492 0.07109179 0.01849902
0.07688807 0.00477320 0.00103489 0.00133151 0.02262120 0.36866027 0.05879146 0.33839988 0.04380323 0.09850682 0.06306308 0.07684406 0.02326517
0.07759578 0.00369020 0.00108409 0.00443982 0.02664982 0.36814836 0.06967807 0.33727163 0.03968164 0.09954646 0.05189654 0.07398048 0.01721222
0.07729882 0.00157036 0.00111454 0.00244650 0.01797345 0.36842190 0.05838759 0.33717423 0.03159882 0.09941097 0.07375534 0.07533166 0.01811874
0.07499844 0.00211427 0.00112111 0.00135872 0.03113649 0.36902751 0.07202811 0.33695801 0.05546864 0.09943213 0.05138076 0.07563491 0.01765397
0.07391561 0.00494174 0.00091785 0.00365129 0.04215699 0.36845552 0.05944447 0.33701394 0.04979455 0.09827671 0.06626220 0.07372213 0.01880997
0.07609946 0.00434528 0.00064756 0.00382867 0.02797740 0.36893324 0.06278567 0.33852942 0.03771222 0.09644720 0.07264007 0.07298209 0.01884126
0.07605906 0.00332881 0.00104088 0.00174932 0.02210801 0.36901781 0.06801627 0.33875355 0.04435872 0.09168864 0.05688343 0.07195953 0.02191765
0.07359998 0.00227442 0.00120724 0.00249786 0.00150505 0.36875925 0.06210039 0.33991071 0.04343046 0.08824393 0.06715162 0.07299175 0.02665919
0.07483146 0.00306442 0.00088442 0.00018765 0.00118234 0.36867309 0.07310828 0.34024904 0.05148662 0.08903087 0.05016511 0.07180486 0.01924874
0.08409842 0.00208623 0.00060140 0.00126006 0.04219436 0.36877366 0.06059812 0.33948265 0.03865411 0.08947017 0.07012104 0.07430060 0.02035903
0.08491198 0.00242623 0.00129079 0.00016873 0.00108955 0.36957550 0.06398370 0.33821438 0.03940433 0.09133474 0.06377047 0.07055098 0.02273419
0.08395137 0.00794328 0.00063189 0.01114675 0.01293867 0.36816356 0.07307149 0.33752362 0.04099514 0.09194639 0.05798853 0.07435273 0.01823816
0.07886638 0.00336789 0.00068271 0.00054160 0.03996299 0.36895234 0.06223168 0.33623406 0.04335251 0.09347884 0.06551759 0.07613622 0.02005797
0.07897150 0.00247768 0.00078275 0.00181972 0.02378389 0.36863622 0.07915285 0.33773754 0.04144984 0.09386828 0.05058925 0.07515977 0.01803094
0.07780814 0.00486517 0.00084410 0.00406264 0.02891765 0.36808573 0.05997342 0.33644650 0.03296226 0.09421891 0.07449381 0.07365590 0.01928053
0.07472550 0.00808258 0.00092792 0.01119234 0.03139393 0.36841340 0.06989409 0.33769881 0.04340764 0.09501917 0.05225480 0.07373462 0.01866202
0.07452499 0.00223189 0.00096423 0.00090045 0.02374656 0.36744716 0.06291821 0.33938282 0.04203827 0.09544798 0.05966015 0.07224393 0.02127675
0.07371832 0.00441926 0.00098832 0.00449452 0.03119993 0.36891785 0.06436754 0.33967107 0.03432214 0.09472913 0.06388897 0.07565122 0.01908417
0.07235577 0.00417323 0.00413101 0.00210189 0.02454864 0.36756913 0.07463185 0.34001411 0.03525808 0.10326001 0.05243185 0.07409657 0.01978978
0.07098246 0.00330935 0.00122671 0.00291548 0.02433644 0.36862779 0.06030643 0.33947142 0.03422035 0.10360076 0.06629423 0.07200556 0.01978946
0.07102745 0.00536326 0.00098338 0.00577642 0.04878385 0.36726097 0.06680986 0.33754751 0.04375375 0.10300671 0.05259789 0.07287429 0.01710702
0.06789361 0.00832594 0.00081810 0.00654457 0.02862161 0.36832763 0.05925399 0.33739964 0.04349626 0.10212012 0.06074758 0.07305046 0.02280752
0.06823905 0.00259639 0.00083266 0.00359823 0.03144228 0.36772391 0.06472484 0.33657868 0.04012477 0.09596727 0.06213448 0.07555691 0.02289137
0.07499227 0.00299778 0.00095437 0.00323852 0.03493385 0.36830983 0.07108210 0.33640253 0.04470952 0.09517107 0.05787824 0.07748469 0.03085970
0.07850949 0.00198837 0.00103295 0.00359658 0.02029066 0.36766967 0.05965620 0.33640085 0.03742910 0.09457781 0.06960864 0.07348208 0.03329811
0.07932502 0.00189608 0.00053327 0.00332808 0.00505081 0.36813145 0.07717364 0.33763958 0.03963026 0.09513817 0.05203307 0.07103876 0.02403412
0.07887066 0.00113528 0.00057701 0.00206093 0.00154393 0.36766978 0.07023361 0.33851005 0.03616216 0.09508644 0.06358257 0.07374586 0.02855944
0.07682607 0.00183341 0.00079102 0.00139442 0.00210590 0.36803271 0.06668289 0.34071342 0.04085783 0.09643906 0.05917084 0.07301123 0.03075846
0.07486276 0.00207281 0.00111801 0.00164847 0.00287053 0.36785988 0.07245733 0.33958606 0.04194141 0.09676607 0.05789852 0.07526766 0.01996196
0.07164436 0.00099839 0.00213895 0.00061439 0.00150752 0.36802117 0.06873736 0.33834455 0.03591489 0.09257140 0.07304532 0.07194751 0.03048854
0.07090974 0.00438336 0.00181370 0.00437625 0.01686364 0.36732693 0.08244465 0.33871038 0.04636781 0.09235548 0.06549884 0.07388526 0.02079527
0.06933201 0.00505873 0.00148063 0.00425168 0.03034774 0.36779667 0.06788017 0.33643450 0.04664128 0.09306296 0.06989041 0.07852786 0.02518905
0.06784697 0.00431945 0.00144400 0.00500919 0.01583242 0.36802261 0.07001426 0.33809374 0.05028340 0.09266964 0.06376250 0.07889511 0.02139011
0.06854087 0.00316509 0.00130829 0.00095045 0.00319017 0.36767471 0.08188056 0.33670250 0.05189436 0.09316678 0.05739403 0.07688699 0.02320129
0.07200813 0.00197627 0.00087507 0.00034811 0.00127390 0.36797258 0.07034515 0.33712476 0.03547132 0.09242593 0.08339561 0.07474050 0.02522481
0.07375874 0.00168097 0.00072773 0.00048754 0.00102948 0.36781884 0.08938490 0.33881612 0.04668706 0.09227621 0.06290840 0.07309690 0.02368725
0.07335104 0.00246306 0.00057934 0.00163602 0.00122333 0.36807414 0.07874148 0.34013801 0.04954207 0.09117724 0.07220081 0.07355801 0.02228605
0.07951391 0.00783706 0.00070168 0.00560765 0.01525649 0.36783957 0.07617764 0.34001170 0.04179531 0.09223718 0.07181857 0.07622636 0.02183317
0.07622877 0.00855618 0.00100977 0.00853457 0.03581293 0.36772625 0.07988042 0.34074604 0.03955732 0.08600821 0.05683517 0.07428181 0.02388809
0.08346419 0.00819648 0.00091012 0.01118389 0.04544393 0.36772906 0.06583387 0.33845487 0.03427137 0.09342058 0.06435501 0.07394517 0.02108576
0.08334317 0.00116610 0.00104292 0.00119677 0.01903790 0.36844998 0.07683821 0.33671058 0.03708659 0.09403179 0.04820322 0.07224640 0.02215817
0.08305176 0.00149031 0.00098785 0.00076395 0.00228609 0.36735212 0.06845198 0.33751788 0.03419644 0.09417605 0.06928414 0.07812651 0.02040216
0.08150742 0.00337518 0.00126852 0.00112050 0.00398080 0.36828539 0.08163137 0.33499059 0.04017352 0.09526988 0.05420241 0.07716486 0.02174970
0.07942259 0.00344921 0.00171675 0.00127377 0.00477141 0.36770004 0.07684037 0.33704983 0.05624248 0.09584494 0.05130001 0.07475748 0.02140603
0.07748839 0.00293714 0.00160890 0.00050826 0.00369548 0.36731109 0.06726828 0.33706077 0.03373867 0.09685316 0.06781102 0.07422302 0.02329523
0.07877894 0.00141996 0.00142747 0.00081463 0.00183451 0.36804128 0.08275467 0.33825255 0.03572724 0.09145995 0.05014980 0.07282079 0.02221933
0.07819516 0.00194354 0.00118107 0.00032258 0.03826260 0.36786294 0.06931043 0.34068612 0.03102866 0.09129935 0.06667010 0.07370158 0.02198272
0.07094059 0.00798332 0.00206495 0.00816604 0.03840160 0.36748599 0.07080576 0.33996367 0.04708540 0.09032401 0.05591994 0.07399944 0.02016721
0.07098689 0.01112782 0.00092956 0.01092704 0.03424804 0.36819565 0.06873037 0.34021316 0.04980920 0.08986044 0.05471725 0.07678805 0.02395031
0.07190595 0.00947103 0.00068823 0.00895698 0.03617196 0.36717432 0.07053110 0.33859507 0.03157745 0.08164083 0.06726706 0.07184705 0.02583795
0.07109727 0.00424331 0.00219792 0.00465891 0.03177294 0.36887575 0.07753662 0.33734052 0.02991509 0.09082261 0.04748644 0.07376644 0.01939957
0.07062694 0.00172039 0.00101791 0.00105884 0.01759906 0.36776536 0.07029591 0.33656991 0.03091266 0.09092521 0.06307739 0.07456489 0.02125398
0.06771010 0.00291084 0.00181349 0.00029202 0.00310233 0.36820776 0.07392214 0.33694156 0.03451657 0.10741090 0.04180901 0.07476581 0.01969564
0.05975093 0.00467626 0.00140963 0.00026580 0.00395488 0.36825147 0.06346428 0.33609314 0.03554481 0.10537231 0.05088845 0.07374872 0.02127996
0.05983078 0.00279656 0.00092337 0.00067635 0.04029120 0.36725814 0.05982459 0.33729817 0.03455644 0.10340946 0.05656642 0.07162820 0.01894643
0.05901033 0.00566430 0.00070843 0.00609616 0.03629432 0.36854861 0.06812642 0.33875608 0.02773880 0.10122169 0.03892110 0.06990088 0.02042858
0.05881912 0.00348568 0.00131765 0.00099163 0.00339106 0.36674735 0.06183749 0.33819537 0.03857876 0.10110978 0.05964187 0.07375311 0.01828490
0.05843380 0.00183295 0.00114049 0.00016412 0.00096079 0.36710227 0.06895203 0.33996555 0.03858720 0.10056887 0.04293434 0.07145641 0.02175993
0.05823947 0.00126326 0.00091563 0.00067951 0.00118450 0.36751645 0.06959819 0.33854440 0.02376935 0.10009596 0.05446208 0.07213719 0.01861973
0.05728383 0.00095418 0.00094415 0.00277752 0.00071665 0.36673097 0.08354612 0.33722309 0.02210642 0.10172397 0.05011685 0.07898324 0.02341568
0.05625345 0.00478532 0.00131150 0.00563724 0.03331950 0.36662958 0.06854814 0.33721343 0.02901148 0.10175442 0.05364417 0.07222354 0.03658550
0.05628635 0.00234252 0.00097750 0.00220524 0.00245751 0.36743922 0.06608977 0.33651336 0.04367590 0.10436047 0.05559997 0.07607434 0.02520579
0.05688255 0.00465936 0.00093750 0.00579241 0.03136611 0.36596327 0.07267252 0.33616102 0.02974182 0.10456799 0.05055756 0.07538376 0.02389807
0.05638315 0.00332376 0.00104125 0.00173753 0.02179006 0.36863189 0.06681425 0.33766085 0.02612482 0.10664248 0.06144686 0.07352430 0.02703789
0.06400646 0.00314369 0.00178065 0.00087955 0.00349281 0.36580926 0.08163644 0.33691021 0.03786518 0.10787853 0.04573742 0.07154139 0.01852748
0.06357141 0.00356679 0.00102650 0.00296271 0.02432398 0.36806653 0.06489910 0.33959059 0.03321285 0.10695536 0.05676380 0.07253977 0.02605864
0.06242443 0.00341378 0.00103217 0.00674147 0.02499906 0.36715731 0.07413268 0.34041777 0.02784508 0.10635683 0.05550227 0.07257834 0.01922245
0.05955772 0.00230636 0.00106958 0.00129116 0.02111447 0.36680521 0.07049449 0.33931197 0.02797424 0.10532299 0.05622355 0.07458238 0.02598357
0.05694310 0.00473016 0.00116144 0.00502342 0.04550482 0.36803124 0.06804082 0.33925270 0.03297752 0.10440065 0.05531571 0.07189856 0.01940053
0.06077910 0.00360358 0.00133977 0.00198844 0.02904738 0.36651262 0.07357347 0.33691140 0.03429388 0.10355992 0.04635061 0.07176310 0.02382530
0.05988235 0.00541037 0.00131499 0.00682675 0.03327523 0.36710966 0.06627857 0.33659540 0.02726249 0.10266549 0.05838192 0.07865683 0.03184113
0.05739748 0.00128581 0.00108185 0.00186060 0.00167569 0.36723580 0.07521683 0.33732057 0.03789160 0.10900912 0.05600331 0.07519261 0.02502163
0.05535818 0.00247149 0.00089813 0.00316254 0.03186533 0.36677481 0.07171650 0.33657475 0.04649943 0.10906721 0.05614007 0.07554855 0.03117743
0.05164516 0.00608107 0.00142041 0.01054405 0.03450926 0.36758559 0.07725230 0.33795405 0.03365836 0.10854961 0.06082362 0.07429404 0.02145851
0.05010799 0.00488483 0.00136689 0.00534031 0.03017712 0.36728501 0.07526992 0.33897905 0.03339170 0.10379023 0.06161081 0.07224703 0.03366036
0.05124141 0.00518399 0.00154587 0.00510395 0.02933218 0.36661653 0.06956135 0.33961353 0.03626022 0.11051634 0.06932302 0.07365006 0.02150009
0.05011049 0.00327787 0.00149270 0.00331587 0.04492447 0.36850332 0.07454400 0.34131869 0.04057985 0.10533519 0.06014550 0.07537289 0.02875057
0.04887930 0.00221077 0.00404954 0.00039481 0.00126437 0.36593261 0.07073631 0.34003954 0.04070325 0.10852861 0.05866214 0.07462452 0.02237311
0.05007177 0.00201617 0.00164844 0.00021609 0.00111132 0.36811203 0.07562154 0.33866922 0.03171219 0.11604183 0.05950497 0.07242935 0.02097675
0.05178048 0.00092084 0.00116819 0.00021965 0.00057278 0.36642252 0.07014236 0.33757114 0.03116125 0.11370441 0.05710700 0.07160646 0.02323395
0.05257990 0.00093001 0.00078365 0.00034159 0.00163799 0.36702219 0.08274712 0.33635078 0.03316413 0.10720176 0.05576248 0.07416548 0.02190491
0.04918020 0.00185767 0.00101727 0.00035788 0.00176772 0.36734887 0.07144481 0.33610723 0.03470078 0.10893497 0.06147154 0.07562106 0.02137841
0.04972642 0.00138847 0.00095224 0.00022850 0.00067804 0.36642699 0.07316467 0.33695295 0.04323670 0.10933418 0.05356336 0.07386802 0.02056909
0.04919165 0.00703049 0.00127790 0.00723803 0.02568734 0.36679436 0.06751493 0.33672802 0.02779937 0.11058758 0.06659241 0.07200833 0.03360071
0.04801716 0.00287864 0.00110746 0.00439320 0.02216615 0.36659946 0.06627735 0.33854513 0.04053087 0.11205482 0.05331985 0.07131588 0.02443066
0.04705845 0.00211385 0.00122038 0.00357457 0.03409632 0.36636148 0.07160251 0.34013449 0.03208480 0.11015135 0.05522731 0.07241962 0.02962310
0.04594554 0.00407587 0.00142892 0.00463924 0.04026801 0.36737808 0.06483478 0.34039234 0.03257029 0.11211711 0.05422661 0.07443607 0.01970983
0.04595815 0.00353482 0.00093205 0.00190664 0.02377220 0.36636473 0.07383467 0.34010142 0.03285455 0.11364019 0.05776446 0.07213149 0.02199852
0.04480037 0.00379311 0.00099815 0.00350470 0.02529193 0.36698008 0.06957300 0.33916745 0.03577063 0.11451591 0.06073710 0.07162558 0.02109694
0.04392549 0.00330436 0.00096550 0.00432203 0.02091120 0.36677768 0.06050112 0.33702914 0.03911535 0.11625293 0.05850941 0.07197843 0.03319892
0.04294249 0.00193170 0.00101592 0.00282672 0.01175200 0.36679532 0.06812227 0.33734067 0.03699196 0.11022816 0.05565145 0.07424137 0.02369471
0.04321476 0.00556131 0.00075194 0.00722728 0.02351523 0.36741204 0.06386636 0.33629071 0.03298310 0.10512115 0.05691377 0.07655232 0.03126713
0.04291369 0.00235171 0.00064853 0.00165812 0.00608863 0.36623486 0.08030781 0.33671821 0.03617107 0.10102154 0.05813039 0.07384994 0.02341871
0.04265549 0.00214229 0.00067471 0.00120308 0.00133604 0.36701201 0.06208928 0.33757769 0.03779388 0.10069421 0.06075385 0.07166139 0.03396900
0.04310333 0.00256447 0.00215162 0.00201461 0.00106991 0.36709465 0.07121983 0.33880943 0.03918485 0.10047668 0.06214361 0.07220211 0.01819902
0.05403264 0.00794200 0.00124223 0.00882543 0.02483711 0.36612497 0.06966822 0.33957111 0.03994741 0.09955035 0.05734673 0.07249749 0.02320407
0.05371682 0.00258353 0.00110564 0.00075710 0.03444889 0.36656719 0.06946548 0.34021520 0.04984030 0.09838538 0.05304769 0.07306797 0.01916269
0.05528918 0.00373869 0.00104314 0.00372722 0.02882608 0.36597443 0.07422927 0.33841204 0.04265331 0.09806013 0.05653412 0.07403137 0.01779182
0.05820714 0.00138450 0.00057789 0.00018984 0.00125424 0.36584554 0.06402972 0.33708614 0.03544200 0.09797448 0.05633716 0.07002940 0.02064435
0.05760262 0.00143310 0.00054267 0.00032334 0.00120174 0.36679979 0.06737372 0.33642823 0.03626196 0.09877248 0.05965569 0.07158385 0.01742725
0.05670720 0.00130217 0.00076319 0.00016515 0.00094073 0.36529461 0.06307970 0.33528556 0.03569755 0.09962714 0.06357439 0.07883655 0.02176088
0.05687106 0.00137731 0.00130809 0.00026584 0.00070663 0.36620438 0.06942203 0.33570401 0.04338077 0.10099601 0.05711276 0.07580347 0.01758289
0.05643758 0.00084817 0.00084625 0.00017928 0.00047365 0.36569149 0.06938433 0.33560416 0.03619455 0.10261835 0.05936464 0.07397794 0.01908882
0.05596194 0.00073619 0.00078141 0.00021697 0.00048398 0.36557930 0.06640988 0.33636220 0.03474698 0.10300778 0.05677476 0.07097653 0.01818681
0.05541130 0.00076019 0.00098777 0.00017999 0.00052170 0.36639738 0.06907467 0.33816120 0.03507652 0.10469493 0.05722548 0.07198495 0.01891078
0.05382287 0.00098547 0.00101613 0.00018368 0.00055531 0.36494022 0.06481541 0.33864150 0.03872314 0.10519690 0.05987905 0.07456137 0.01953612
0.05422788 0.00088624 0.00104497 0.00018979 0.00056698 0.36614759 0.06909595 0.33954840 0.03874894 0.10680931 0.05800653 0.07459384 0.01878865
0.05006201 0.00187998 0.00103491 0.00037153 0.00316290 0.36576573 0.07754265 0.33842977 0.03390324 0.10567744 0.06233028 0.07371873 0.02130778
0.04790448 0.00107187 0.00081303 0.00034710 0.00058610 0.36521208 0.07473875 0.33667746 0.03664183 0.10638465 0.04898650 0.07037705 0.01807024
0.04591519 0.00148594 0.00065658 0.00019359 0.00068838 0.36648932 0.06272004 0.33659121 0.02807104 0.10555732 0.05762573 0.07271473 0.02143836
0.04664793 0.00105638 0.00065155 0.00028163 0.00056765 0.36557186 0.07188425 0.33507584 0.03238413 0.10537651 0.04723150 0.07445919 0.02042250
0.04755877 0.00088611 0.00057351 0.00022365 0.00052002 0.36576604 0.07120702 0.33610036 0.02849214 0.10497153 0.05512782 0.07707916 0.01894485
0.04601468 0.00101227 0.00057465 0.00019127 0.00062041 0.36648115 0.07086535 0.33624981 0.03176776 0.10469423 0.05447517 0.07322442 0.01946111
0.04489881 0.00406206 0.00050122 0.00233511 0.02921588 0.36526270 0.07461542 0.33618834 0.04391365 0.09898209 0.05049085 0.07051670 0.01911138
0.04461968 0.00841842 0.00050684 0.00780557 0.04094836 0.36683235 0.06159713 0.33860286 0.03374035 0.09955282 0.05080103 0.07199735 0.01906202
0.04550583 0.00304829 0.00123861 0.00219338 0.02805683 0.36538752 0.06425972 0.33886309 0.03012658 0.10207596 0.04687358 0.07196826 0.01885991
0.04534098 0.00194792 0.00091913 0.00282943 0.02269576 0.36631329 0.06355688 0.33869776 0.02777713 0.10260265 0.05486676 0.07388197 0.02020926
0.05466141 0.00214007 0.00104240 0.00466491 0.02374727 0.36605766 0.06273194 0.33857963 0.04041324 0.10516729 0.05247405 0.07041065 0.01825683
0.05651387 0.00348140 0.00064084 0.00446933 0.03672323 0.36572039 0.06754916 0.33674133 0.04058816 0.10436283 0.05381418 0.07290970 0.02046361
0.05785462 0.00477857 0.00058872 0.00449238 0.03118968 0.36576591 0.06300845 0.33578751 0.03069327 0.10519744 0.05867927 0.07215501 0.02103940
0.06164916 0.00823410 0.00057646 0.00869068 0.03869169 0.36598114 0.06588496 0.33656217 0.03129034 0.10416123 0.04921909 0.07432844 0.02354722
0.06213173 0.00314665 0.00111725 0.00298620 0.02279943 0.36500272 0.06263406 0.33529892 0.03393865 0.10006780 0.05395050 0.07484529 0.02052949
0.06239488 0.00194191 0.00097777 0.00233566 0.01605209 0.36619313 0.06458274 0.33593818 0.03883446 0.09980744 0.05091773 0.07256195 0.01878486
0.06316249 0.00125354 0.00109494 0.00294239 0.01541476 0.36409551 0.06806242 0.33708098 0.03309316 0.09981329 0.05752287 0.07192340 0.02140769
0.06291775 0.00102144 0.00061402 0.00088612 0.00686490 0.36543763 0.06730289 0.33736112 0.03689564 0.10006690 0.05976716 0.07257827 0.01881362
0.06141444 0.00321942 0.00064559 0.00138643 0.01066859 0.36481787 0.07048980 0.33934852 0.03532249 0.09929683 0.05306580 0.07515826 0.01981995
0.05975995 0.00118783 0.00080310 0.00039694 0.00323834 0.36462329 0.06760657 0.33777096 0.03352075 0.10046793 0.05872835 0.07222631 0.01875378
0.06436377 0.00535759 0.00084798 0.00483128 0.01803271 0.36556232 0.06939316 0.33716515 0.03637260 0.10031308 0.04899176 0.07305304 0.02054840
0.06585859 0.00079154 0.00088575 0.00026002 0.00102176 0.36451740 0.07015996 0.33629924 0.03115965 0.10148672 0.06365922 0.07277543 0.02077994
0.06292113 0.00180138 0.00089065 0.00021536 0.00093872 0.36519371 0.07155208 0.33581838 0.04229512 0.10219707 0.05584054 0.07444514 0.01994778
0.06131634 0.00150604 0.00088082 0.00019560 0.00080672 0.36464929 0.07125964 0.33483396 0.03622200 0.10255407 0.06208327 0.07587106 0.02189888
0.06195919 0.00076314 0.00091891 0.00021562 0.00051652 0.36452801 0.07197608 0.33692925 0.03328337 0.10335088 0.06144515 0.07469836 0.02055907
0.06206898 0.00075124 0.00084237 0.00019516 0.00054006 0.36491220 0.07706527 0.33574609 0.03529935 0.10332964 0.05032871 0.07331636 0.02008956
0.06122220 0.00065162 0.00082001 0.00021742 0.00041997 0.36493112 0.07035355 0.33731569 0.03111333 0.10269358 0.06232062 0.07203296 0.02002105
0.05999641 0.00099212 0.00070820 0.00019617 0.00060026 0.36439555 0.07679754 0.33833710 0.03798249 0.10284232 0.05090730 0.07209359 0.02037162
0.05997238 0.00074765 0.00091175 0.00020354 0.00048726 0.36615471 0.07129444 0.33865007 0.03236156 0.10108979 0.06603430 0.07577946 0.02111329
0.06055178 0.00080145 0.00059723 0.00019567 0.00056734 0.36309505 0.07397536 0.33803625 0.03508422 0.10149140 0.05848610 0.07348609 0.02078972
0.06477045 0.00079852 0.00266015 0.00019630 0.00054034 0.36564370 0.07421725 0.33688155 0.03487379 0.10792652 0.05550717 0.07317540 0.02058475
0.06492549 0.00057336 0.00090280 0.00021019 0.00041637 0.36353819 0.07062773 0.33530859 0.02761855 0.10997068 0.05807448 0.07229430 0.02043686
0.07349152 0.00208223 0.00070147 0.00038061 0.00304000 0.36440963 0.07355296 0.33540137 0.03273760 0.10956929 0.04846640 0.07329222 0.02240248
0.06941507 0.00314129 0.00112524 0.00269011 0.02931021 0.36439255 0.07322003 0.33533550 0.02907484 0.10385555 0.05566718 0.07669090 0.02102627
0.07066957 0.00606800 0.00059196 0.00498088 0.03841143 0.36357873 0.07330457 0.33545420 0.02976521 0.10600326 0.05494234 0.07451622 0.02219249
0.07183098 0.00445394 0.00073991 0.00651205 0.02724135 0.36403850 0.07263041 0.33645609 0.03393348 0.10639853 0.05592415 0.07307611 0.02001817
0.07244301 0.00141880 0.00059917 0.00212673 0.02065286 0.36350216 0.06976781 0.33706996 0.03680046 0.10802218 0.05777675 0.07102847 0.02152768
0.07181024 0.00129487 0.00070804 0.00028593 0.00058130 0.36360566 0.07756079 0.33771976 0.03281022 0.10272782 0.05568237 0.07514411 0.02156060
0.07158118 0.01213236 0.00066026 0.01306779 0.03284201 0.36351962 0.06869929 0.33881651 0.03405356 0.10279056 0.05538416 0.07401941 0.01886738
0.06346008 0.00213331 0.00079036 0.00220915 0.04728601 0.36303817 0.06413953 0.33662932 0.03860975 0.10218989 0.05485647 0.07506863 0.02004524
0.06385528 0.00244528 0.00199616 0.00295953 0.02262858 0.36276838 0.05947714 0.33481583 0.04806318 0.10187037 0.05022819 0.07011277 0.01700755
0.06293674 0.00358480 0.00096204 0.00425241 0.02538687 0.36339272 0.04678416 0.33460085 0.03283682 0.10044416 0.07354679 0.07787802 0.01764671
0.06248010 0.01364730 0.00077454 0.01350780 0.02446521 0.36189378 0.06536071 0.33329867 0.04538639 0.10074326 0.03805186 0.07511149 0.01750967
0.06398130 0.00435668 0.00062930 0.00394064 0.02204624 0.36364582 0.04955661 0.33480279 0.03660069 0.09936730 0.06212357 0.07764686 0.01724410
0.06207334 0.00591207 0.00052977 0.00317769 0.02511086 0.36230028 0.06526362 0.33479075 0.03261010 0.10038688 0.06296700 0.07468321 0.01920005
0.06075132 0.00201102 0.00048664 0.00288265 0.02882758 0.36291563 0.06031909 0.33540499 0.03194856 0.10006013 0.05746222 0.07212455 0.02039314
0.05933822 0.00722229 0.00126980 0.00474580 0.01736568 0.36340398 0.05779601 0.33736147 0.04114966 0.09412474 0.07476145 0.07380048 0.02167685
0.06043674 0.00878938 0.00080867 0.00952548 0.03594300 0.36250863 0.06825985 0.33715779 0.04954784 0.09703513 0.04931582 0.07329552 0.01594835
0.05908184 0.00150681 0.00073739 0.00176287 0.02004199 0.36312229 0.06081209 0.33768606 0.03559220 0.10129817 0.07108277 0.07502455 0.01930191
0.05942950 0.00255266 0.00097073 0.00018692 0.00145177 0.36272331 0.07118309 0.33617960 0.03825160 0.09893783 0.04677775 0.07196683 0.01704540
0.05864199 0.00288590 0.00108850 0.00058986 0.00232275 0.36222628 0.05298358 0.33474649 0.03421618 0.09805840 0.05207485 0.07542582 0.01692091
0.05663227 0.00189595 0.00080486 0.00326445 0.03170090 0.36427359 0.05588077 0.33429629 0.03304962 0.09950932 0.05212808 0.07154220 0.01605542
0.05757626 0.00546857 0.00165103 0.00675131 0.01816648 0.36305267 0.06061432 0.33425761 0.03004758 0.09838565 0.04796874 0.07934643 0.01678300
0.05695204 0.00313165 0.00128583 0.00541915 0.02473429 0.36327543 0.05944913 0.33336781 0.02415625 0.09828073 0.05977622 0.07420902 0.01615663
0.05636118 0.00105677 0.00075581 0.00018657 0.00050619 0.36394542 0.06574293 0.33476204 0.03030872 0.09700236 0.04309924 0.07255966 0.01743319
0.05545692 0.00075640 0.00049973 0.00027053 0.00040229 0.36216065 0.06719139 0.33430415 0.02260491 0.09650052 0.05124537 0.06862420 0.01639157
0.05434093 0.00114412 0.00044534 0.00015229 0.00046866 0.36430540 0.06271301 0.33618994 0.02622662 0.09519598 0.04175705 0.07094471 0.01653989
0.05649151 0.00113173 0.00044117 0.00018362 0.00069031 0.36229255 0.06040263 0.33713483 0.02974123 0.09574129 0.04627971 0.07126261 0.01709442
0.05540108 0.00071876 0.00042724 0.00016409 0.00046330 0.36380027 0.06045223 0.33663824 0.02440699 0.09499267 0.05830567 0.07223379 0.01869900
0.05302429 0.00093183 0.00047127 0.00016542 0.00060879 0.36354471 0.06453805 0.33594507 0.03024033 0.09624160 0.04963565 0.07066599 0.01764439
0.05581706 0.00600270 0.00269756 0.00545613 0.02893711 0.36261557 0.06481076 0.33479695 0.03226241 0.09092416 0.05454215 0.07122347 0.03039329
0.05532163 0.00291859 0.00083050 0.00346646 0.02490489 0.36373477 0.06592563 0.33511708 0.02801003 0.09079476 0.05548589 0.07839504 0.02231099
0.05581254 0.00365557 0.00049138 0.00514805 0.02840433 0.36339833 0.06432157 0.33515172 0.03530468 0.09306657 0.04933483 0.07416160 0.03551223
0.05488954 0.00204649 0.00060481 0.00230849 0.01453004 0.36354860 0.06120032 0.33589251 0.04320896 0.09231539 0.05721899 0.07822430 0.02334655
0.06881041 0.00157763 0.00073655 0.00090145 0.00140152 0.36410268 0.07145944 0.33563282 0.03608646 0.09668396 0.06407734 0.07317199 0.02404785
0.06959945 0.00602779 0.00082535 0.00511506 0.03098442 0.36252544 0.07083422 0.33627602 0.02767578 0.08968896 0.06345975 0.07246873 0.04716867
0.07075211 0.00247799 0.00137344 0.00350894 0.00538112 0.36373214 0.07308229 0.33702011 0.03122939 0.09386257 0.04940028 0.07608215 0.01947630
0.07215914 0.00152483 0.00105848 0.00136511 0.00179102 0.36296027 0.06888345 0.33732339 0.02548206 0.09371172 0.05965415 0.07513175 0.03350666
0.07404852 0.00075954 0.00056648 0.00186526 0.00133115 0.36256177 0.07029050 0.33685474 0.02990451 0.09502720 0.05251117 0.07206276 0.02029894
0.07457552 0.00282739 0.00056863 0.00582459 0.00294638 0.36396656 0.07379260 0.33586396 0.03267102 0.09457349 0.04272423 0.07299503 0.02858708
0.07531257 0.00232729 0.00254493 0.00263097 0.00486730 0.36241889 0.06462241 0.33512593 0.02550918 0.09472656 0.06175809 0.07611418 0.02863324
0.07670780 0.00355003 0.00097724 0.00073402 0.00333426 0.36377750 0.06932558 0.33519005 0.03641675 0.09266497 0.04955103 0.07334829 0.02198818
0.07878500 0.00125678 0.00090606 0.00074605 0.00082828 0.36278371 0.07391253 0.33391404 0.03455933 0.08857060 0.05316966 0.07623569 0.01881149
0.07777817 0.00096691 0.00064125 0.00030922 0.00079906 0.36302415 0.07393172 0.33413477 0.02662475 0.08750351 0.04639504 0.07287542 0.01950830
0.08223941 0.00200274 0.00073787 0.00226741 0.04801392 0.36328230 0.07388005 0.33472856 0.02032786 0.08905420 0.04834572 0.07245490 0.02013187
0.08020881 0.00114578 0.00226674 0.00040775 0.00048513 0.36357956 0.06726816 0.33505089 0.01708589 0.09382078 0.04867482 0.07180010 0.02116518
0.07857690 0.00107157 0.00194809 0.00021161 0.00060602 0.36233153 0.07815386 0.33583569 0.02155968 0.08644218 0.03799255 0.07365264 0.02058514
0.07758473 0.00092744 0.00131907 0.00029086 0.00053680 0.36389414 0.07995832 0.33679870 0.01476205 0.08915239 0.04994841 0.07482203 0.01916171
0.07904828 0.00667367 0.00106806 0.00722818 0.02718263 0.36149414 0.07365929 0.33601054 0.02171488 0.08807710 0.04210434 0.07355396 0.02119949
0.07761953 0.00390244 0.00091797 0.00229934 0.04553288 0.36381890 0.06659727 0.33571723 0.01940820 0.09114453 0.04668514 0.07412424 0.02307702
0.07556553 0.00368537 0.00080583 0.00412456 0.02777611 0.36267713 0.06466820 0.33450582 0.02419007 0.08927955 0.04935502 0.07268856 0.02064969
0.07547842 0.00369707 0.00068185 0.00460478 0.02409566 0.36295782 0.07668259 0.33443326 0.01834523 0.09069864 0.03469252 0.07554074 0.02569556
0.07497150 0.00071925 0.00098562 0.00138959 0.00066428 0.36378790 0.05992856 0.33469442 0.01877790 0.08890893 0.05474769 0.07593131 0.04337371
0.07082168 0.00277786 0.00067891 0.00321425 0.00570150 0.36244677 0.07454398 0.33371458 0.04350794 0.08227257 0.03460310 0.07341267 0.01846816
0.06697773 0.00757191 0.00070892 0.00695429 0.01307069 0.36449761 0.06362698 0.33448657 0.01658186 0.07409186 0.05556412 0.07197601 0.02201817
0.06614774 0.00247433 0.00070980 0.00595731 0.03062428 0.36294411 0.06524097 0.33498512 0.02101820 0.07438539 0.03900581 0.07175599 0.03030446
0.06669839 0.00129010 0.00066625 0.00209674 0.01959979 0.36396702 0.06649206 0.33581275 0.02188565 0.07330807 0.04125619 0.07305132 0.02302873
0.07294178 0.01059893 0.00059253 0.01185851 0.04022781 0.36408205 0.05864908 0.33768500 0.02013360 0.07385301 0.04921743 0.07462774 0.02240099
0.07267767 0.00324115 0.00085650 0.00323472 0.02075087 0.36418680 0.07965100 0.33661525 0.02455990 0.07330462 0.03026382 0.07356321 0.04160908
0.07125251 0.00444100 0.00092261 0.00309929 0.03411376 0.36443848 0.06316046 0.33524125 0.01588080 0.06085643 0.06135580 0.07029029 0.02329419
0.06997666 0.00367966 0.00119488 0.00253160 0.01733835 0.36472412 0.06875907 0.33479005 0.02911671 0.06082180 0.05333717 0.07203163 0.01981976
0.06769238 0.00213013 0.00114481 0.00245905 0.03373609 0.36343965 0.06475074 0.33422171 0.03339466 0.05050286 0.05056573 0.07820104 0.02226491
0.06724591 0.00214544 0.00097652 0.00347998 0.02973885 0.36567717 0.06542064 0.33521341 0.02695110 0.05139933 0.05741713 0.07574421 0.02329901
0.07136581 0.00986546 0.00110915 0.01102370 0.02978906 0.36423015 0.07891453 0.33502860 0.02281546 0.05103695 0.03827871 0.07348893 0.01938973
0.06889595 0.00442069 0.00101374 0.00394420 0.03376490 0.36523145 0.05906830 0.33449865 0.01729868 0.05196615 0.05836319 0.07137330 0.03545903
0.06826798 0.00555101 0.00098791 0.00468860 0.02407257 0.36490517 0.07378177 0.33617478 0.03190150 0.05104285 0.04595307 0.07267281 0.01968792
0.06693454 0.00362018 0.00070251 0.00396460 0.05045003 0.36445763 0.05956724 0.33615876 0.03144043 0.05082418 0.05583913 0.07385058 0.01849422
0.06390281 0.00313560 0.00191879 0.00107069 0.01998866 0.36566816 0.05774838 0.33713086 0.03880475 0.06461617 0.05644413 0.07416966 0.01963033
0.06068842 0.00660380 0.00124555 0.00695995 0.01899804 0.36428805 0.06673631 0.33618375 0.03819518 0.06251176 0.04074801 0.07266301 0.02025855
0.05843313 0.00216256 0.00117978 0.00242838 0.01935607 0.36508822 0.05294110 0.33520992 0.03159113 0.06422537 0.05588032 0.07187962 0.01814679
0.05988350 0.00236754 0.00099489 0.00385229 0.00735957 0.36481490 0.07045372 0.33448661 0.02810868 0.06315531 0.04021116 0.07049774 0.02159386
0.05990277 0.00067985 0.00090794 0.00149541 0.00054105 0.36455991 0.05846967 0.33441788 0.02517300 0.06354344 0.05753714 0.07536015 0.03108382
0.05777518 0.00106425 0.00083993 0.00297505 0.00227131 0.36519826 0.06580367 0.33473537 0.03202847 0.06536816 0.04876636 0.07478203 0.02007294
0.05806061 0.00250281 0.00066531 0.00194739 0.00334047 0.36508611 0.06443968 0.33462059 0.03643444 0.06592412 0.04441807 0.07208109 0.03441103
0.05714120 0.00195921 0.00063765 0.00040236 0.00198351 0.36525808 0.05848511 0.33565067 0.03364716 0.06824803 0.05785382 0.07057986 0.01955755
0.05628396 0.00298759 0.00052506 0.00033438 0.00303158 0.36586790 0.06629888 0.33646450 0.04196379 0.06868935 0.04474376 0.07173375 0.01645147
0.05561861 0.00145117 0.00063000 0.00024441 0.00056115 0.36470071 0.05177461 0.33749924 0.04061492 0.07200179 0.06307153 0.07262431 0.01777191
0.05564507 0.00105058 0.00062803 0.00018379 0.00070630 0.36594053 0.06261252 0.33757142 0.03654578 0.07445356 0.05363363 0.07207237 0.01658455
0.05656867 0.01068021 0.00061326 0.01066058 0.04386536 0.36537344 0.06032274 0.33647244 0.03554467 0.06653967 0.05197664 0.07153963 0.01603551
0.05581500 0.00210676 0.00229346 0.00122925 0.03113067 0.36530096 0.05759282 0.33573250 0.03638003 0.06916489 0.05511229 0.07016060 0.01685581
0.05467258 0.00300162 0.00116679 0.00289329 0.02609564 0.36608164 0.06847370 0.33517435 0.03987375 0.06840804 0.03959329 0.07688099 0.01638306
0.05451929 0.00365719 0.00080952 0.00446911 0.04045504 0.36490745 0.04360532 0.33483469 0.03412036 0.06758371 0.06097987 0.07336177 0.01613456
0.05566694 0.00286094 0.00067914 0.00099569 0.00296917 0.36657963 0.05482266 0.33492860 0.04355847 0.06692910 0.05362936 0.07357544 0.01724887
0.05872558 0.00213663 0.00206566 0.00046277 0.00256315 0.36497191 0.05577859 0.33514480 0.03672159 0.07910450 0.05486625 0.07128966 0.01538062
0.05887654 0.00289698 0.00077330 0.00045278 0.00361684 0.36542034 0.05498296 0.33663264 0.04238893 0.07930113 0.05828567 0.07047061 0.01326649
0.05696628 0.00635554 0.00049260 0.00703217 0.02285469 0.36576514 0.06116636 0.33700749 0.04447231 0.07281424 0.05056300 0.07216484 0.01471396
0.05624674 0.01226147 0.00046016 0.01421717 0.02690098 0.36499040 0.04488070 0.33742449 0.03819067 0.07207202 0.05070190 0.07231459 0.01496844
0.05591053 0.00464030 0.00051689 0.00363151 0.04044725 0.36595002 0.05396421 0.33762094 0.03163706 0.07246756 0.05025804 0.07230435 0.01828869
0.05533883 0.00273343 0.00053139 0.00107814 0.02226592 0.36560862 0.05494529 0.33616021 0.03143369 0.07205022 0.05159554 0.07093850 0.01847407
0.05447256 0.00112366 0.00062821 0.00028794 0.00041940 0.36538757 0.07286962 0.33540329 0.03144386 0.07433585 0.05212524 0.06925698 0.01607454
0.06491564 0.00806814 0.00077878 0.00927585 0.00777473 0.36615789 0.06284552 0.33581371 0.03423033 0.07183813 0.05381653 0.07164559 0.01732772
0.06344619 0.00732693 0.00076748 0.01058735 0.01690575 0.36540021 0.05234059 0.33556273 0.03632456 0.07389697 0.05285695 0.07515781 0.01797899
0.06256685 0.00217117 0.00090279 0.00244460 0.02805866 0.36557275 0.05500731 0.33596420 0.03538698 0.07623338 0.05334860 0.07289175 0.01823072
0.06220408 0.00487332 0.00257442 0.00531421 0.03232246 0.36572729 0.04707580 0.33531167 0.04080864 0.07579606 0.05258764 0.07070051 0.01629552
0.06266792 0.00801833 0.00069482 0.00978609 0.03537157 0.36500992 0.07581878 0.33665505 0.03626167 0.07690313 0.04971400 0.07041458 0.02017447
0.06247512 0.01540193 0.00053013 0.01427659 0.02427581 0.36669882 0.04950465 0.33822186 0.03667314 0.07525946 0.06030020 0.07396875 0.02374991
0.06023883 0.00265709 0.00076301 0.00258552 0.02380727 0.36414507 0.06459890 0.33728528 0.03597551 0.07472660 0.05306689 0.07318961 0.01670491
0.05957985 0.00254862 0.00068511 0.00491143 0.02914702 0.36632274 0.05396500 0.33736711 0.04028593 0.07399687 0.05515953 0.07174049 0.01557516
0.05336837 0.00375544 0.00101492 0.00397484 0.02562672 0.36441487 0.05312064 0.33619572 0.03557614 0.07252309 0.05822747 0.07524255 0.01939113
0.05067818 0.00574648 0.00126183 0.00650972 0.04151071 0.36519753 0.06234747 0.33527667 0.04119806 0.07310732 0.04782927 0.07500219 0.01470615
0.04917655 0.00713951 0.00119417 0.01041625 0.02456211 0.36429673 0.04419225 0.33484365 0.03178202 0.07298194 0.06124663 0.07228020 0.01971618
0.05924270 0.00555864 0.00133445 0.00515672 0.03543153 0.36566013 0.06627765 0.33518563 0.03622549 0.07349719 0.04422851 0.07520727 0.01913529
0.05828182 0.00573257 0.00147477 0.00620341 0.03037648 0.36383433 0.04804503 0.33496291 0.03434942 0.07512308 0.06112908 0.07366825 0.03233177
0.05663384 0.00426478 0.00130517 0.00493722 0.02923918 0.36619188 0.07071942 0.33639305 0.03177950 0.07473787 0.04799406 0.07214721 0.03257226
0.05679981 0.00162267 0.00149330 0.00217774 0.02185368 0.36306052 0.05810232 0.33475320 0.03282992 0.06834884 0.05213269 0.07155387 0.01559150
0.05735686 0.00110677 0.00106026 0.00016138 0.00077109 0.36542611 0.04542882 0.33649720 0.03522811 0.06828745 0.05508172 0.07198474 0.01759931
0.05664992 0.00758721 0.00081887 0.00812528 0.02655258 0.36369775 0.06570107 0.33656854 0.03713657 0.06909280 0.04431538 0.07340200 0.01493242
0.05456601 0.00704520 0.00199121 0.00911333 0.03460979 0.36354011 0.03783770 0.33504470 0.03045213 0.07127005 0.06622149 0.07603161 0.02004159
0.05549963 0.00331052 0.00362152 0.00382649 0.02672253 0.36413710 0.07693488 0.33488751 0.03431501 0.08238926 0.04314794 0.07045809 0.01314057
0.05655078 0.00178027 0.00141240 0.00347377 0.02116121 0.36316138 0.04679890 0.33388111 0.03427368 0.08075275 0.05777533 0.07807538 0.01702807
0.05563662 0.00801238 0.00100804 0.00936678 0.01717744 0.36386714 0.05287544 0.33427359 0.03675217 0.08191453 0.05237137 0.07409618 0.01713972
0.05577542 0.00786149 0.00067261 0.00673578 0.01532567 0.36348412 0.05596458 0.33496086 0.03541952 0.08145485 0.04787563 0.07318159 0.03994764
0.05452765 0.01125764 0.00052988 0.01215927 0.03014120 0.36344168 0.03811305 0.33428837 0.03537851 0.08056593 0.06616554 0.07124223 0.01555615
0.05476072 0.00253701 0.00049341 0.00393776 0.02251430 0.36328922 0.06697093 0.33517747 0.04518868 0.08058185 0.04286456 0.07109009 0.04131562
0.05385388 0.00186807 0.00055942 0.00637315 0.02576192 0.36407165 0.04497057 0.33637227 0.03399859 0.08073091 0.06539709 0.07155709 0.02930091
0.05238694 0.00162040 0.00067894 0.00190877 0.01689166 0.36236524 0.06012526 0.33568061 0.03601209 0.08137590 0.04825283 0.07156029 0.02731489
0.06254535 0.00431718 0.00075006 0.00475634 0.02580692 0.36518242 0.05155337 0.33625852 0.03579084 0.08180211 0.05066453 0.07377880 0.02875400
0.06089799 0.00094221 0.00083577 0.00156571 0.00123470 0.36207369 0.05108571 0.33520163 0.03444176 0.08341627 0.06293448 0.07066226 0.01681265
0.06707550 0.00093040 0.00098895 0.00094322 0.03966163 0.36517637 0.06620480 0.33487175 0.03824328 0.08604065 0.04357108 0.07446819 0.01690831
0.06741355 0.00705098 0.00104453 0.00606299 0.02155037 0.36302647 0.04565442 0.33440360 0.03267400 0.08497903 0.07164627 0.07137147 0.01852422
0.06797240 0.00477189 0.00100459 0.00409620 0.03054971 0.36425176 0.07261996 0.33488951 0.03776471 0.08587795 0.04494439 0.07349918 0.01651315
0.06700654 0.00076061 0.00124062 0.00031238 0.00052698 0.36351017 0.05385182 0.33403857 0.03220519 0.08714441 0.05229514 0.07308203 0.01470263
0.06622461 0.00220218 0.00090553 0.00014067 0.00075052 0.36399198 0.05598792 0.33575510 0.03314445 0.08681063 0.05212553 0.07196034 0.01832809
0.06650006 0.00076382 0.00123190 0.00018584 0.00056705 0.36362654 0.05807159 0.33466713 0.03261370 0.08709421 0.04567001 0.06903594 0.01410506
0.07112366 0.00096364 0.00167308 0.00081894 0.00191988 0.36364818 0.04221649 0.33575430 0.03140976 0.08641276 0.05889043 0.07000156 0.01592149
0.07054273 0.00079439 0.00123401 0.00031881 0.00093400 0.36327750 0.06025834 0.33683567 0.03328613 0.08539829 0.04880699 0.07547972 0.01208609
0.07195570 0.00106186 0.00125496 0.00024233 0.00058896 0.36288341 0.04324466 0.33464114 0.03682113 0.09542256 0.05570878 0.07361791 0.01367200
0.07333669 0.00215098 0.00111780 0.00113592 0.00256531 0.36339221 0.04472299 0.33412883 0.04013277 0.09494560 0.04873894 0.07038384 0.01183643
0.06443359 0.00297565 0.00124928 0.00205331 0.03421979 0.36319001 0.04532477 0.33433098 0.03674512 0.09483530 0.04532173 0.07237083 0.01435959
0.06338974 0.00223127 0.00073124 0.00198853 0.03464552 0.36511912 0.03877748 0.33477733 0.03463524 0.09368065 0.05331684 0.07383713 0.01055041
0.06357046 0.00257804 0.00057771 0.00120748 0.03102974 0.36278673 0.04315418 0.33397771 0.03994723 0.09382257 0.05613368 0.07076595 0.01383568
0.06249703 0.00326913 0.00075251 0.00283401 0.02617760 0.36495558 0.03970993 0.33549718 0.04316770 0.09315647 0.04508458 0.07506366 0.01226521
0.06160580 0.00333486 0.00074271 0.00431276 0.02543120 0.36310431 0.04217130 0.33518034 0.03479052 0.09473365 0.04897846 0.07042091 0.00992419
0.06096895 0.00081416 0.00151301 0.00127923 0.01481174 0.36465511 0.03851909 0.33625045 0.03472732 0.09421368 0.05831084 0.07125268 0.01556178
0.05360368 0.00143816 0.00404105 0.00073488 0.00298352 0.36282970 0.04142611 0.33534966 0.04057065 0.10371733 0.06258878 0.06965134 0.01117796
0.05486458 0.00292204 0.00132175 0.00322452 0.02982468 0.36305407 0.04414686 0.33585276 0.04765034 0.09782315 0.06220031 0.07159314 0.01162190
0.05891721 0.00182986 0.00100699 0.00021364 0.00103489 0.36322148 0.04527945 0.33651076 0.04688057 0.09371110 0.05282648 0.07252324 0.01853102
0.06770254 0.01172561 0.00074546 0.01233333 0.03897608 0.36309418 0.06205212 0.33456164 0.03173404 0.09242822 0.05301931 0.07593262 0.01294342
0.06825402 0.00354265 0.00183445 0.00545248 0.03381380 0.36282342 0.04795753 0.33430100 0.03498221 0.09495152 0.04859668 0.07000442 0.01552270
0.06494852 0.00611371 0.00075847 0.00910616 0.03476840 0.36293928 0.04835172 0.33427913 0.03751332 0.09371678 0.04944274 0.07198146 0.01156874
0.06468021 0.00196718 0.00059816 0.00230503 0.03340205 0.36282000 0.04560457 0.33457177 0.03432117 0.09298724 0.05999093 0.07351605 0.01729432
0.06471231 0.00493072 0.00048652 0.00564837 0.03712659 0.36286260 0.04563700 0.33538853 0.03747477 0.09275542 0.05751496 0.07192464 0.01496807
0.06336131 0.00321115 0.00048486 0.00062831 0.01701710 0.36325664 0.06264031 0.33541836 0.03320588 0.09344722 0.05797574 0.07078710 0.02152683
0.06102396 0.00167659 0.00123388 0.00259841 0.00438890 0.36223149 0.04661965 0.33523217 0.03554851 0.09429195 0.05164898 0.06880436 0.03120486
0.06023670 0.00203473 0.00084413 0.00083846 0.00279987 0.36367981 0.05520719 0.33607515 0.03926453 0.09585263 0.05038498 0.07271611 0.01169065
0.06119779 0.00064894 0.00093302 0.00011917 0.00050976 0.36238731 0.04630830 0.33549079 0.03273502 0.09712212 0.06125635 0.07168567 0.01571100
0.06196179 0.00444327 0.00089991 0.00454136 0.03028581 0.36370181 0.05205002 0.33533511 0.03741846 0.09230445 0.05432577 0.07245449 0.01328198
0.06244066 0.00661303 0.00085374 0.00410858 0.01776701 0.36276851 0.05848402 0.33473638 0.03349865 0.09240455 0.06348605 0.07216026 0.01716590
0.06166215 0.00604592 0.00081936 0.00596009 0.03039994 0.36279452 0.05032351 0.33366704 0.05196923 0.09268176 0.05354654 0.07474543 0.01375862
0.05800031 0.00079715 0.00073640 0.00053824 0.02494782 0.36272196 0.05406982 0.33404945 0.03329378 0.09248901 0.05964102 0.07139954 0.01580168
0.05830298 0.00240619 0.00065708 0.00543895 0.02747708 0.36271061 0.05982040 0.33467896 0.03254226 0.09184155 0.04664349 0.07179377 0.01402443
0.05766965 0.00768792 0.00061241 0.00966893 0.02892572 0.36231350 0.05176758 0.33474293 0.03362373 0.09173288 0.05328042 0.07279803 0.01631423
0.06555953 0.00182922 0.00075850 0.00164176 0.02065709 0.36281582 0.05804959 0.33642384 0.03473428 0.09117099 0.06002151 0.07110956 0.01594534
0.06696940 0.00160765 0.00066202 0.00139722 0.03423908 0.36229433 0.06287209 0.33604026 0.04333424 0.09067504 0.05182760 0.07378725 0.01780712
0.06609594 0.00243540 0.00071520 0.00453049 0.02349343 0.36284135 0.05940001 0.33599160 0.02870844 0.09074029 0.06834984 0.07133563 0.01510967
0.06462036 0.00422298 0.00065853 0.00381352 0.03410742 0.36288131 0.05354291 0.33653108 0.03839145 0.09012949 0.05389905 0.07401935 0.01897589
0.06419119 0.00892430 0.00067893 0.00863417 0.03033217 0.36236580 0.05302327 0.33621027 0.03960632 0.09074005 0.05800121 0.07381535 0.01903168
0.06407666 0.00564537 0.00076978 0.00541617 0.04514993 0.36313302 0.06019514 0.33528109 0.03965049 0.09272934 0.05228704 0.07216293 0.01434904
0.06429725 0.00839144 0.00106949 0.00682102 0.02555632 0.36090989 0.06268959 0.33415481 0.04055977 0.09399253 0.04978428 0.07087199 0.01801807
0.06305395 0.01124796 0.00082331 0.01167789 0.03332046 0.36355138 0.06104798 0.33492745 0.03902780 0.09522000 0.06241341 0.07446240 0.01408018
0.06362131 0.00289840 0.00122452 0.00108446 0.01862134 0.36207243 0.05359876 0.33539576 0.03796338 0.09620568 0.05951528 0.07255669 0.01672030
0.06411847 0.00270119 0.00063362 0.00022077 0.00078760 0.36267011 0.05020490 0.33612968 0.04013573 0.09746114 0.05594422 0.07247874 0.01692876
0.06520803 0.00164521 0.00060760 0.00018548 0.00094073 0.36364327 0.04762312 0.33598770 0.03854642 0.09782863 0.05749400 0.07087604 0.01457869
0.06544235 0.00117446 0.00053981 0.00012881 0.00064005 0.36220857 0.05447473 0.33657047 0.03715548 0.09792340 0.05344329 0.06987427 0.01684308
0.06432973 0.00085816 0.00058262 0.00021837 0.00043102 0.36360065 0.06192649 0.33644357 0.03372001 0.09770285 0.06037780 0.07124283 0.01276781
0.06326200 0.00096846 0.00065845 0.00015119 0.00053644 0.36231561 0.05227133 0.33551448 0.03633377 0.09823126 0.05742355 0.07209799 0.01430161
0.06957175 0.00862856 0.00059548 0.01062329 0.01979205 0.36265062 0.05146691 0.33526105 0.03599414 0.09832616 0.05303990 0.07217868 0.01265042
0.06981831 0.00094490 0.00066890 0.00020935 0.00047398 0.36318463 0.05188745 0.33467473 0.03478086 0.09827700 0.05417257 0.07223509 0.01423980
0.06803592 0.00135640 0.00062260 0.00012138 0.00066430 0.36259212 0.05060301 0.33476780 0.03518600 0.09883810 0.05033175 0.07332192 0.01502494
0.06596763 0.00122037 0.00083279 0.00016222 0.00067390 0.36312941 0.05258094 0.33489199 0.03367487 0.09410917 0.05317202 0.07124793 0.01357747
0.06614400 0.00099475 0.00078094 0.00013114 0.00054373 0.36320109 0.04844889 0.33531160 0.03542919 0.09440070 0.05661982 0.07253326 0.01658729
0.07301037 0.00136332 0.00080221 0.00026402 0.00328196 0.36234403 0.06032665 0.33635844 0.03794738 0.09608406 0.05459367 0.07099120 0.01731057
0.07157740 0.00731266 0.00071392 0.00482512 0.01609285 0.36397286 0.05450456 0.33663049 0.03213823 0.09602583 0.05405439 0.07114600 0.01755566
0.07129156 0.00359348 0.00066234 0.00388155 0.03060036 0.36235001 0.06108618 0.33583833 0.03028341 0.09660163 0.04915060 0.07011292 0.01486421
0.07484182 0.00305261 0.00096687 0.00272339 0.02531015 0.36398500 0.05517887 0.33669178 0.03509834 0.09242316 0.05359674 0.07207989 0.01479153
0.07557311 0.00200208 0.00064439 0.00233098 0.01874793 0.36320862 0.05298800 0.33585375 0.04566100 0.08303276 0.05933340 0.07409145 0.01969948
0.07516626 0.00254866 0.00062460 0.00209989 0.03618252 0.36320650 0.06377787 0.33533707 0.03830453 0.08332334 0.05994722 0.07398517 0.01679084
0.07395244 0.00202911 0.00053131 0.00202935 0.02009387 0.36385267 0.05511851 0.33553055 0.03832528 0.08233482 0.06825621 0.07161689 0.02155020
0.07346681 0.00120888 0.00125943 0.00195861 0.03672257 0.36281174 0.06747381 0.33502025 0.04016756 0.07508919 0.05578825 0.07309391 0.01658534
0.07269170 0.00152917 0.00054685 0.00191488 0.02226250 0.36308088 0.06812762 0.33535433 0.03799537 0.07515475 0.05934825 0.07280272 0.01687165
0.07292994 0.00124971 0.00045950 0.00384708 0.00748582 0.36355124 0.06161098 0.33634460 0.03636960 0.07559904 0.06128117 0.07457025 0.02177247
0.07265640 0.00609318 0.00051550 0.00646744 0.02003567 0.36248614 0.06629747 0.33633651 0.03742101 0.06995960 0.05592612 0.07274679 0.01637944
0.07194091 0.00360968 0.00048383 0.00510804 0.02036370 0.36407674 0.05401411 0.33612918 0.03804760 0.06964573 0.06778595 0.07262658 0.01912468
0.07121181 0.00280422 0.00040822 0.00425959 0.02693131 0.36290538 0.06799485 0.33626942 0.04006508 0.07010918 0.05729128 0.07203916 0.01667106
0.07084295 0.00270027 0.00043219 0.00105334 0.02098216 0.36320092 0.06337428 0.33575689 0.03511206 0.07062376 0.06622895 0.07246124 0.01855809
0.06927782 0.00588966 0.00041831 0.00520882 0.03936317 0.36379134 0.06073136 0.33570347 0.03607384 0.07013421 0.05930607 0.07417135 0.01577305
0.06796295 0.00114585 0.00059213 0.00357190 0.00189471 0.36212614 0.06479355 0.33510849 0.03642340 0.07084656 0.05471753 0.07377879 0.01841148
0.06742875 0.00082002 0.00145185 0.00277009 0.00218629 0.36307855 0.05193698 0.33375135 0.03560307 0.07005937 0.06444587 0.07333826 0.03837030
0.06169368 0.00167096 0.00101432 0.00112373 0.00074275 0.36292911 0.07542009 0.33485385 0.05007525 0.07010974 0.04792112 0.07542613 0.01557320
0.06213949 0.00163423 0.00065306 0.00016596 0.00115416 0.36221576 0.05767997 0.33477405 0.03491277 0.06997316 0.07102313 0.07283647 0.01812364
0.06231955 0.00197347 0.00040679 0.00034551 0.00159599 0.36369077 0.06289568 0.33510569 0.03749072 0.06926134 0.06469644 0.07378377 0.01655250
0.06270890 0.00164081 0.00036952 0.00015127 0.00097958 0.36197104 0.06420316 0.33558609 0.03989796 0.06969466 0.05473731 0.07270984 0.01841421
0.06305711 0.00175125 0.00038012 0.00043055 0.00117738 0.36308989 0.05928665 0.33565943 0.03770438 0.06923849 0.06469778 0.07087781 0.01662400
0.06099178 0.00087137 0.00037239 0.00014948 0.00226344 0.36307386 0.08225756 0.33506783 0.03134745 0.06950540 0.04643747 0.07226191 0.01681238
0.06077273 0.00098634 0.00038188 0.00079559 0.00093726 0.36199210 0.05949688 0.33531608 0.03361866 0.06995927 0.06528523 0.07227377 0.01784128
0.06030748 0.00123817 0.00043406 0.00059505 0.00093889 0.36369942 0.06523420 0.33495462 0.03793567 0.06063071 0.05641502 0.07432157 0.02163139
0.06023172 0.00098678 0.00051038 0.00088547 0.00135009 0.36161173 0.06755912 0.33337218 0.03395377 0.06109076 0.05708361 0.07339051 0.01847760
0.05833870 0.00197274 0.00045475 0.00026806 0.00116615 0.36326154 0.05933577 0.33441074 0.03077545 0.06099321 0.06645117 0.07241896 0.01875299
0.05755422 0.00177302 0.00050722 0.00020931 0.00094499 0.36249142 0.07539126 0.33377184 0.03409774 0.06084359 0.04669633 0.07226239 0.01960486
0.05609331 0.00150222 0.00056289 0.00033156 0.00048937 0.36236844 0.05991162 0.33423588 0.03100382 0.06136194 0.06311882 0.07343110 0.01866886
0.05411900 0.00116787 0.00351670 0.00027243 0.00057651 0.36233638 0.07711578 0.33452325 0.03227999 0.06080816 0.04731575 0.07541426 0.01617173
0.05552737 0.00083859 0.00100196 0.00044081 0.00184235 0.36202178 0.06999943 0.33389883 0.02992792 0.05059566 0.06201924 0.07274738 0.01864709
0.05698612 0.00104757 0.00069681 0.00041820 0.00094197 0.36182979 0.06125844 0.33434211 0.03138177 0.05053429 0.07219597 0.07205051 0.01867931
0.05366372 0.00120193 0.00191626 0.00018511 0.00062639 0.36339620 0.06814127 0.33508151 0.03565711 0.06516137 0.04619469 0.07222961 0.01944942
0.05343903 0.00134282 0.00108991 0.00041354 0.00126991 0.36190008 0.05085582 0.33376607 0.02900740 0.06508252 0.05972136 0.07243936 0.01717794
0.05346386 0.00075623 0.00069110 0.00060217 0.00092818 0.36325094 0.06624788 0.33436956 0.02715943 0.06246756 0.04806061 0.07265823 0.01628805
0.05393942 0.01337407 0.00052861 0.01349933 0.01115188 0.36210651 0.06571473 0.33401696 0.02861800 0.06102697 0.04907431 0.07344396 0.01651134
0.05310949 0.00198259 0.00039353 0.00290464 0.02134656 0.36200135 0.05800097 0.33246046 0.02409383 0.05932629 0.07096151 0.07134239 0.01930017
0.05187533 0.00227866 0.00033915 0.00503843 0.02946968 0.36299305 0.06885115 0.33394471 0.03796235 0.05817912 0.03979655 0.07175973 0.01687978
0.05197553 0.00113411 0.00038728 0.00121781 0.01803389 0.36182938 0.05255655 0.33343548 0.02589660 0.05079458 0.06715698 0.07247987 0.02048850
0.05181366 0.00415598 0.00032639 0.00438583 0.02663335 0.36301444 0.06927406 0.33423010 0.02788921 0.04938716 0.04224989 0.07334204 0.01669483
0.05184272 0.00158428 0.00033034 0.00120549 0.02746153 0.36245833 0.05968743 0.33450097 0.02826672 0.05013662 0.05181375 0.07112663 0.01865433
0.05234762 0.00090010 0.00044119 0.00023895 0.00048099 0.36244868 0.06496614 0.33392115 0.02519041 0.04959251 0.06137379 0.07056377 0.01844896
0.05193274 0.00086630 0.00117534 0.00025859 0.00057151 0.36307067 0.07715828 0.33522528 0.03475375 0.06519789 0.04049346 0.07137140 0.01520143
0.05205770 0.00170350 0.00067982 0.00333707 0.02923509 0.36198764 0.05453465 0.33444860 0.02235634 0.06485548 0.07053488 0.07387679 0.01876187
0.05117690 0.00193503 0.00055895 0.00381429 0.02977483 0.36192907 0.06933406 0.33425510 0.03282972 0.06478976 0.03867712 0.07261191 0.01611924
0.05562598 0.00762245 0.00053623 0.01083249 0.04213631 0.36381049 0.04725075 0.33382475 0.02604640 0.06521057 0.04857780 0.07187474 0.01687203
0.05403297 0.00264716 0.00100687 0.00419575 0.02577434 0.36144580 0.04885234 0.33294662 0.02222268 0.07159059 0.04888308 0.07159685 0.01443464
0.05522324 0.00069969 0.00065589 0.00012666 0.00049980 0.36387657 0.05941963 0.33302235 0.02980199 0.07144337 0.03173968 0.07092985 0.01356909
0.05619079 0.00043648 0.00051798 0.00015422 0.00033241 0.36145400 0.04295661 0.33319820 0.01618501 0.07227107 0.06545501 0.07165027 0.01540505
0.05685185 0.00067093 0.00058149 0.00012437 0.00048411 0.36280754 0.06327534 0.33372835 0.03063626 0.07212830 0.02750593 0.07009212 0.01321198
0.05724015 0.00046149 0.00056526 0.00014971 0.00033786 0.36182926 0.04490206 0.33292933 0.01931813 0.07321184 0.05654336 0.07046162 0.01471776
0.05595100 0.00049729 0.00064858 0.00013599 0.00038195 0.36215397 0.05429446 0.33378767 0.02403843 0.07536133 0.03838432 0.06894145 0.01375493
0.05581841 0.00724935 0.00084159 0.00605906 0.03391110 0.36240263 0.04786856 0.33325932 0.02260260 0.06739283 0.03179113 0.06951142 0.01671867
0.05549763 0.00313078 0.00063516 0.00458298 0.02674797 0.36224972 0.03932641 0.33212370 0.01537069 0.06556132 0.05044701 0.07141406 0.01361739
0.05498012 0.00168704 0.00047269 0.00325227 0.02226864 0.36202405 0.05496969 0.33319826 0.02588842 0.06349110 0.02691541 0.07088458 0.01298769
0.05422033 0.00114489 0.00047529 0.00200245 0.01727339 0.36265994 0.03971505 0.33174906 0.02061032 0.06340775 0.05291698 0.07141202 0.01459692
0.05281718 0.00333032 0.00042323 0.00583973 0.02892942 0.36205129 0.05150035 0.33157272 0.02260796 0.06332821 0.02883440 0.06856448 0.01184672
0.05219775 0.00207673 0.00067567 0.00227415 0.02464234 0.36242521 0.04388641 0.33217918 0.01905322 0.06494718 0.03881110 0.07027725 0.01510221
0.05121871 0.00591417 0.00054735 0.00551484 0.02966564 0.36305243 0.04389780 0.33267110 0.02029087 0.06675805 0.03806396 0.07166756 0.01480275
0.05359364 0.00129274 0.00170196 0.00015850 0.03793086 0.36172052 0.04996306 0.33380344 0.02065178 0.06971393 0.03481139 0.07016550 0.01326944
0.05689797 0.00453807 0.00105109 0.00576924 0.03098727 0.36389671 0.04129703 0.33355676 0.01463092 0.07166370 0.04789616 0.06943250 0.01697138
0.05914352 0.00081137 0.00075070 0.00018572 0.00046287 0.36122651 0.05609313 0.33266165 0.02096251 0.07238700 0.02759611 0.06810734 0.01235223
0.05990349 0.00051942 0.00082614 0.00014956 0.00033014 0.36383882 0.04682780 0.33344365 0.01503820 0.07298612 0.03890245 0.07023840 0.01339150
0.05331361 0.00046172 0.00087092 0.00011986 0.00034090 0.36179092 0.04992407 0.33221532 0.01662371 0.07324339 0.02644280 0.07024864 0.01154239
0.05273226 0.00034048 0.00076978 0.00012663 0.00029850 0.36321924 0.04433088 0.33208349 0.01556507 0.07137068 0.03377254 0.06977904 0.01270258
0.05257141 0.00060969 0.00062629 0.00011864 0.00039496 0.36253665 0.03857807 0.33146269 0.01599716 0.07082716 0.04114523 0.06873044 0.01389133
0.06187369 0.00063572 0.00053005 0.00011091 0.00045717 0.36268882 0.04870637 0.33128331 0.01786157 0.07088499 0.01956608 0.06923186 0.01145721
0.06175679 0.00013067 0.00052297 0.00012665 0.00016918 0.36243562 0.03644771 0.33196867 0.00498487 0.07175127 0.04056921 0.06937266 0.01280621
0.06096490 0.00032056 0.00079786 0.00011538 0.00032050 0.36306459 0.05014324 0.33249664 0.01344937 0.07300929 0.01706423 0.06798340 0.01112081
0.05947442 0.00022060 0.00104646 0.00012121 0.00022420 0.36188692 0.03991541 0.33246630 0.00962599 0.07463261 0.02979001 0.06793703 0.01223690
0.05829292 0.00040700 0.00111452 0.00011841 0.00032574 0.36280526 0.04072040 0.33358512 0.01014683 0.07679485 0.03191015 0.06828772 0.01235566
0.05805241 0.00042556 0.00091287 0.00010773 0.00036274 0.36247501 0.04759030 0.33229323 0.01535918 0.07714872 0.02232849 0.06775582 0.01206122
0.05841983 0.00614016 0.00068806 0.00447545 0.02133826 0.36248779 0.03703554 0.33280800 0.00521125 0.07724799 0.04193553 0.06834026 0.01526413
0.05844250 0.00362919 0.00060264 0.00414398 0.03345576 0.36326464 0.05083987 0.33291513 0.01552155 0.08355711 0.01636617 0.07011826 0.01152937
0.05770159 0.00172950 0.00077055 0.00103420 0.02026288 0.36140923 0.03745946 0.33158200 0.00795458 0.08286149 0.03539691 0.06975098 0.01558456
0.05358262 0.00184711 0.00086964 0.00495862 0.02454076 0.36347571 0.04506671 0.33142035 0.01226787 0.07531818 0.02410700 0.06898207 0.01248867
0.05198570 0.00182124 0.00063151 0.00288194 0.01530081 0.36131697 0.04504716 0.33200979 0.01907717 0.07472086 0.02512673 0.06861087 0.03777068
0.05156989 0.00301161 0.00064924 0.00373017 0.01870871 0.36253327 0.04161009 0.33195606 0.00873549 0.07437382 0.04084110 0.06968041 0.01688772
0.05133373 0.00602295 0.00084959 0.00727618 0.02301716 0.36128856 0.05371957 0.33322870 0.01692329 0.07495476 0.01945887 0.07089375 0.03259151
0.05044285 0.00407236 0.00073722 0.00689314 0.03238920 0.36177879 0.04353812 0.33360555 0.00987641 0.07391573 0.04054458 0.06893610 0.01522953
0.04973001 0.00239277 0.00083039 0.00149681 0.02226373 0.36181025 0.05118972 0.33289637 0.01307302 0.07525136 0.01832447 0.06880137 0.02883899
0.04824052 0.00500421 0.00081175 0.00564916 0.04532193 0.36211577 0.03937208 0.33332085 0.01107639 0.07420939 0.02666569 0.06803253 0.01395986
0.04746228 0.00491284 0.00274067 0.00865677 0.02672519 0.36104631 0.03503030 0.33173284 0.00678733 0.07631922 0.03264801 0.06871358 0.01961491
0.04652814 0.00172538 0.00150592 0.00139220 0.00383822 0.36255026 0.04501776 0.33171947 0.01426363 0.07549057 0.03036095 0.07112044 0.03946614
0.04704615 0.00240587 0.00107976 0.00303318 0.00547724 0.36122319 0.03687600 0.33123658 0.01054673 0.07535817 0.04220949 0.06877320 0.01285849
0.04782183 0.00151306 0.00065076 0.00068218 0.00133826 0.36217551 0.04571526 0.33072220 0.02661090 0.07472282 0.01889830 0.06907952 0.02829430
0.04825081 0.00107617 0.00075348 0.00176635 0.00149619 0.36183907 0.04511899 0.33116266 0.02664371 0.07579090 0.02935478 0.06777889 0.01132985
0.04827407 0.00150384 0.00058893 0.00175888 0.03021953 0.36150114 0.03748688 0.33222708 0.01399616 0.07536842 0.02934125 0.06935928 0.01831436
0.04839486 0.00371233 0.00067201 0.00420132 0.03039446 0.36200372 0.04040937 0.33234897 0.01465022 0.07715260 0.03394954 0.06886841 0.01254354
0.04825801 0.00347761 0.00044464 0.00127351 0.02226765 0.36122199 0.02729339 0.33294058 0.02491377 0.07638442 0.03844801 0.06858653 0.01622735
0.04800960 0.00367282 0.00046068 0.00492222 0.02714300 0.36163979 0.04518390 0.33263610 0.02400705 0.07796698 0.02420471 0.06697869 0.01444644
0.04675535 0.00070489 0.00052766 0.00046237 0.00046618 0.36168943 0.04480826 0.33192487 0.01628872 0.07762643 0.03793906 0.06770676 0.00962801
0.05309540 0.00952446 0.00095739 0.00849661 0.03140351 0.36119693 0.05104116 0.33242760 0.01126731 0.08677790 0.01705327 0.06926579 0.01617070
0.05313861 0.00508365 0.00091831 0.00441620 0.03600453 0.36154670 0.04228927 0.33179560 0.00981805 0.08649265 0.02960269 0.07131186 0.01557938
0.05345443 0.00384382 0.00079520 0.00338523 0.02852971 0.36161657 0.03876809 0.33108185 0.00915533 0.08432919 0.03819025 0.06964486 0.01722752
0.05361932 0.00120703 0.00083099 0.00026235 0.00249027 0.36085177 0.05361367 0.33127841 0.01696683 0.08571601 0.02248236 0.06782785 0.01182546
0.05301571 0.00372817 0.00078629 0.00334022 0.02992101 0.36189775 0.03655616 0.33126592 0.02515548 0.07769041 0.04207686 0.06926321 0.01335477
0.05303058 0.00254842 0.00053143 0.00497809 0.03168827 0.36065669 0.05717801 0.33267422 0.01215435 0.07864538 0.01820290 0.06960072 0.01589221
0.05340332 0.00305420 0.00041333 0.00204918 0.02228785 0.36145630 0.04105966 0.33298646 0.00717627 0.07947007 0.03196206 0.06886384 0.03160684
0.05773837 0.00606264 0.00040162 0.00816278 0.03750334 0.36173243 0.04548389 0.33314829 0.01110453 0.08116119 0.02864844 0.06873815 0.01584427
0.06257564 0.00226705 0.00050766 0.00159612 0.03577768 0.36193070 0.04968067 0.33370962 0.01315431 0.08193816 0.02414627 0.06905507 0.02881450
0.06066328 0.00123138 0.00063247 0.00145481 0.00239000 0.36243766 0.04440075 0.33268231 0.00676309 0.08329223 0.04197543 0.07002075 0.02127866
0.05928004 0.00129586 0.00068138 0.00096312 0.00151681 0.36106532 0.06107116 0.33227244 0.01741984 0.08290333 0.02324864 0.06978315 0.01438737
0.05732716 0.00061925 0.00054246 0.00041954 0.00044741 0.36240834 0.04601798 0.33221767 0.00653103 0.08298074 0.03955079 0.06944330 0.02324488
0.05492367 0.00071226 0.00048758 0.00081779 0.00077532 0.36168027 0.05661435 0.33163142 0.01105499 0.08173821 0.03116731 0.06998572 0.01599151
0.05516943 0.00051528 0.00046534 0.00015210 0.00038207 0.36181180 0.05895453 0.33162508 0.01135967 0.08108255 0.02504527 0.06838456 0.01944403
0.05532838 0.00043127 0.00044342 0.00039399 0.00065369 0.36154054 0.04955746 0.33261110 0.00633459 0.08032418 0.04044851 0.06818296 0.01566403
0.05530890 0.00039945 0.00044758 0.00015250 0.00039533 0.36208312 0.06508500 0.33301350 0.01374506 0.07988971 0.02118729 0.06857806 0.01721849
0.05338726 0.00029515 0.00049978 0.00021784 0.00036288 0.36110636 0.04945031 0.33363555 0.00501213 0.08061195 0.04238226 0.06918432 0.01666650
0.05241230 0.00057397 0.00052709 0.00016329 0.00047637 0.36235152 0.05865540 0.33402997 0.01286899 0.08070712 0.02633225 0.06789672 0.01602342
0.05200349 0.00032998 0.00064893 0.00015187 0.00032354 0.36135169 0.05591345 0.33302148 0.00906316 0.08215139 0.03112659 0.06716339 0.01644611
0.05122794 0.00032648 0.00057234 0.00018316 0.00035248 0.36196187 0.05181008 0.33315636 0.00749791 0.08268738 0.03693006 0.06825764 0.01645557
0.05074591 0.00034725 0.00060607 0.00013598 0.00036247 0.36245735 0.06349632 0.33277791 0.01208026 0.08378565 0.02246539 0.07060623 0.01591229
0.05082391 0.00340127 0.00142171 0.00472934 0.02803864 0.36129804 0.04982677 0.33231367 0.00625593 0.07722901 0.04225548 0.07523284 0.01650995
0.05160804 0.00229813 0.00122529 0.00248508 0.02602271 0.36248150 0.06131478 0.33204337 0.01405191 0.07767792 0.02399953 0.06974304 0.01719751
0.05222051 0.00367544 0.00073715 0.00205185 0.02440276 0.36152267 0.05430237 0.33187937 0.00682337 0.07690644 0.03625039 0.06971973 0.01738496
0.05188978 0.00307344 0.00051166 0.00096880 0.00355607 0.36204942 0.05467615 0.33267988 0.02293342 0.07660126 0.03468649 0.06907825 0.01675761
0.05231602 0.00155269 0.00038600 0.00015660 0.00040760 0.36191273 0.06071104 0.33377106 0.03754615 0.07549528 0.02546067 0.06969946 0.01578364
0.05760288 0.00760281 0.00032362 0.00688194 0.02454206 0.36181420 0.05916445 0.33389618 0.01220158 0.06704971 0.04237549 0.06957044 0.01882680
0.05722215 0.00415097 0.00031505 0.00286044 0.02995835 0.36199875 0.06476443 0.33412851 0.01745450 0.06735457 0.03443414 0.06876465 0.01748415
0.06706171 0.00363514 0.00060955 0.00052077 0.00337869 0.36196873 0.05422859 0.33366673 0.03226680 0.06680559 0.04686204 0.06895329 0.01895772
0.07025362 0.00159894 0.00173068 0.00017603 0.00070961 0.36119360 0.06174186 0.33291193 0.03224178 0.06933462 0.02989314 0.07300173 0.01775874
0.07175101 0.00046285 0.00149865 0.00021405 0.00034103 0.36217802 0.06144684 0.33222216 0.01071070 0.06944742 0.04563827 0.07177088 0.01701189
0.07400582 0.01108351 0.00092368 0.01074654 0.01986217 0.36107134 0.06471658 0.33184619 0.01451959 0.06931716 0.03903257 0.07110164 0.01734385
0.07357285 0.00308422 0.00069569 0.00315980 0.03598758 0.36197420 0.06401361 0.33198036 0.02444003 0.06993964 0.03457084 0.07384377 0.01688967
0.07528254 0.00232708 0.00070676 0.00068930 0.00376247 0.36161285 0.05703822 0.33281973 0.02815049 0.07025024 0.06050389 0.07055071 0.01842512
0.08352540 0.00094681 0.00059596 0.00065563 0.00148576 0.36243359 0.06517496 0.33346447 0.02572227 0.07054345 0.04598911 0.07074798 0.02069836
0.08215695 0.00111924 0.00072307 0.00030017 0.00096715 0.36216341 0.06171593 0.33488023 0.02266559 0.07096751 0.05410550 0.07137792 0.01878857
0.07965473 0.00335342 0.00082947 0.00362453 0.01928167 0.36177108 0.06283053 0.33517566 0.03144993 0.07063732 0.03800068 0.07133657 0.01723885
0.07626488 0.00123528 0.00122778 0.00024703 0.00039980 0.36207369 0.06580206 0.33455812 0.02760165 0.07110373 0.04376777 0.06925261 0.01815124
0.07247256 0.00100510 0.00141143 0.00024003 0.00077143 0.36174278 0.06152198 0.33454389 0.02239482 0.07057302 0.05436221 0.07025927 0.01785356
0.06706306 0.00236406 0.00138456 0.00130775 0.00239525 0.36168577 0.07129918 0.33361208 0.03006132 0.07062896 0.04639707 0.07039441 0.01699080
0.06720021 0.00106940 0.00125996 0.00016942 0.00063529 0.36225507 0.05289458 0.33323654 0.02766086 0.07081621 0.05535246 0.07257447 0.01764043
0.06794741 0.00196767 0.00124286 0.00016423 0.00099768 0.36203933 0.06133044 0.33323036 0.03261151 0.07864096 0.03861563 0.07026195 0.01644194
0.06829167 0.00145258 0.00092063 0.00016463 0.00059369 0.36201062 0.05319427 0.33306033 0.02689266 0.07890753 0.04877435 0.06947429 0.01880900
0.06513848 0.00048120 0.00080924 0.00021159 0.00035117 0.36286485 0.05421889 0.33343730 0.02397224 0.08108297 0.04447943 0.06990678 0.01512866
0.06376197 0.00067316 0.00073526 0.00013996 0.00043805 0.36127268 0.06324811 0.33434637 0.02781453 0.08103580 0.04138739 0.07006523 0.01503422
0.06123224 0.00207202 0.00058422 0.00388281 0.03262125 0.36340094 0.05328759 0.33500052 0.02595366 0.07667516 0.05107576 0.06981522 0.01543205
0.06142272 0.00698534 0.00072991 0.00831784 0.01482388 0.36141705 0.05573637 0.33472592 0.02504121 0.07621781 0.04032790 0.06883065 0.01582047
0.06174458 0.00206953 0.00066400 0.00321686 0.03295671 0.36349820 0.05087556 0.33513148 0.02059508 0.07595676 0.04380033 0.06909053 0.01626498
0.06198316 0.00235328 0.00085640 0.00095264 0.02218392 0.36172738 0.05376843 0.33360056 0.02242189 0.07632477 0.03689778 0.06977242 0.01803729
0.06098946 0.00471998 0.00061208 0.00463702 0.02965858 0.36248695 0.05472977 0.33360590 0.02048158 0.07640896 0.04090983 0.07033102 0.01542530
0.05886605 0.00287761 0.00063801 0.00127824 0.01950169 0.36230532 0.05339768 0.33305711 0.02332178 0.07743970 0.03949163 0.07066825 0.01578779
0.05724057 0.00326050 0.00066639 0.00544203 0.03468304 0.36226746 0.05142285 0.33287362 0.02412868 0.07738108 0.04163405 0.07154615 0.01622043
0.05569389 0.00039617 0.00085740 0.00014284 0.00032340 0.36207267 0.04931184 0.33301796 0.02124300 0.07857376 0.04036116 0.06820959 0.01449355
0.05317658 0.00677766 0.00079699 0.00579416 0.02148457 0.36296077 0.05234218 0.33334808 0.02201771 0.07819527 0.03442506 0.06852557 0.01540651
0.05296874 0.00410772 0.00075543 0.00308994 0.02889744 0.36168785 0.04792550 0.33400592 0.01789080 0.07875168 0.04111672 0.06875987 0.01580439
0.05219903 0.00312338 0.00066577 0.00435015 0.03644607 0.36330526 0.04466323 0.33531972 0.02320119 0.07792112 0.02881812 0.06962282 0.01584732
0.05269825 0.00387441 0.00052395 0.00567112 0.03516983 0.36238414 0.04420963 0.33497083 0.01983065 0.07764113 0.03983115 0.06846960 0.01324766
0.05232286 0.00330468 0.00065309 0.00778323 0.02809622 0.36216621 0.04343205 0.33384729 0.02186598 0.07732939 0.03659884 0.06779856 0.03933024
0.05317343 0.00316045 0.00064444 0.00387242 0.02028950 0.36263160 0.04879300 0.33434063 0.02152086 0.07735548 0.03722813 0.06938706 0.01788084
0.05250506 0.00054884 0.00185501 0.00094928 0.00029605 0.36064570 0.04279416 0.33222676 0.01898883 0.08062481 0.04017183 0.07039631 0.03192776
0.06800844 0.00630004 0.00214015 0.00620966 0.01353373 0.36269705 0.04733159 0.33251153 0.02889909 0.08149492 0.02993624 0.07247794 0.01514817
0.07018351 0.00409591 0.00123834 0.00714863 0.02547123 0.36083133 0.04237693 0.33140286 0.01763402 0.07914167 0.03927122 0.06899776 0.01270192
0.06485458 0.00357493 0.00111359 0.00030990 0.00352112 0.36166354 0.03956911 0.33106045 0.03657138 0.07789410 0.03166128 0.06887771 0.01226156
0.06362844 0.00162715 0.00080721 0.00033760 0.00112643 0.36168264 0.04067666 0.33234772 0.02625187 0.07638597 0.04306378 0.07026104 0.01364814
0.06197970 0.01202277 0.00126945 0.01205074 0.01789103 0.36178575 0.03150242 0.33246138 0.01295359 0.07591739 0.04877732 0.06919133 0.01039822
0.06060452 0.00299051 0.00064385 0.00302830 0.01899420 0.36188847 0.03827603 0.33338308 0.03425851 0.07610813 0.01922615 0.06856929 0.01422748
0.06048973 0.00353877 0.00057052 0.00406237 0.01647937 0.36222218 0.04220240 0.33389467 0.01582226 0.07645912 0.03574854 0.06766612 0.01312383
0.05899283 0.00088126 0.00068211 0.00034439 0.04030809 0.36117002 0.04934344 0.33290104 0.01793977 0.07721106 0.02362526 0.06825069 0.01145881
0.05644157 0.00089753 0.00079714 0.00301649 0.00301299 0.36259646 0.04123915 0.33291897 0.01589114 0.07796176 0.03348771 0.06788239 0.02406326
0.05600818 0.00107553 0.00142082 0.00199482 0.00202747 0.36139784 0.03315405 0.33263093 0.01758691 0.06889376 0.03509379 0.07062866 0.03742182
0.05263395 0.00177324 0.00112223 0.00280451 0.00409783 0.36227324 0.06033745 0.33127654 0.01320382 0.06959241 0.02050166 0.07070648 0.01257239
0.05168994 0.00062595 0.00110271 0.00058044 0.00026231 0.36198906 0.04289993 0.33156005 0.00397201 0.06976006 0.03099454 0.06952147 0.03141205
0.05148971 0.00130443 0.00115586 0.00018253 0.00069508 0.36189761 0.05465879 0.33119697 0.01473681 0.07025592 0.02257427 0.06718099 0.01324382
0.04724523 0.00330774 0.00176955 0.00343092 0.03375251 0.36263885 0.04363347 0.33244527 0.01571518 0.08065448 0.02436886 0.06833212 0.01301224
0.04776452 0.00375590 0.00091199 0.00322456 0.02277581 0.36222765 0.03941863 0.33385579 0.01205877 0.08096644 0.02902087 0.06976701 0.01662735
0.04819279 0.00043502 0.00069772 0.00011485 0.00034108 0.36277265 0.04305176 0.33381583 0.00778134 0.08024072 0.02749350 0.06852978 0.01523781
0.04679679 0.00045040 0.00055155 0.00015975 0.00034587 0.36290539 0.04655867 0.33388958 0.00881370 0.07877983 0.02613606 0.06704505 0.01298133
0.05134887 0.00273176 0.00050483 0.00440493 0.00564892 0.36258983 0.04932409 0.33361072 0.00811855 0.07727426 0.02210454 0.06652472 0.02770334
0.05059084 0.00042352 0.00050458 0.00185488 0.00047204 0.36306839 0.05082286 0.33317789 0.00874491 0.07649752 0.02920706 0.07001081 0.01593985
0.04958603 0.00278217 0.00047837 0.00012882 0.00105385 0.36283164 0.04553072 0.33274858 0.01993979 0.07543608 0.02930251 0.06960721 0.01553462
0.04770873 0.00181685 0.00049384 0.00012993 0.00085520 0.36243580 0.04498063 0.33220682 0.01770629 0.07525314 0.02913030 0.06919887 0.01575795
0.04632316 0.00153166 0.00052645 0.00378468 0.03342311 0.36283249 0.04646790 0.33201069 0.00994153 0.07516226 0.03127327 0.06864729 0.01614030
0.04569643 0.00100766 0.00052423 0.00190264 0.02377551 0.36214514 0.05985772 0.33253922 0.01045787 0.07549520 0.02514924 0.06853166 0.01459417
0.04613569 0.00206098 0.00062832 0.00354559 0.02403892 0.36272334 0.05220480 0.33341699 0.00967185 0.07672719 0.03064019 0.06853112 0.01463895
0.04515672 0.00083272 0.00112040 0.00055407 0.02869303 0.36315669 0.05609735 0.33409107 0.01504758 0.07357071 0.02959613 0.06978677 0.01797317
0.04555125 0.00159587 0.00094510 0.00852313 0.00568264 0.36219641 0.04308979 0.33419066 0.01029967 0.06486279 0.04922374 0.06966765 0.03099812
0.04621701 0.00089777 0.00070215 0.00197287 0.00058319 0.36375046 0.04261918 0.33465575 0.02142387 0.06319357 0.03104443 0.06953038 0.05179337
0.04722350 0.00190664 0.00081470 0.00480745 0.00635124 0.36171319 0.05265498 0.33292959 0.01635314 0.06136017 0.03835864 0.06789852 0.01733034
0.04759165 0.00407411 0.00058171 0.00500343 0.02205435 0.36316334 0.04793830 0.33257382 0.01234025 0.06021050 0.03504362 0.07020746 0.02982649
0.04776576 0.00031391 0.00154050 0.00188065 0.00134068 0.36182741 0.05917010 0.33182192 0.01314696 0.05948636 0.03014840 0.07088634 0.01432655
0.04820951 0.00703255 0.00072619 0.00846048 0.01520711 0.36208993 0.04781799 0.33133881 0.01427237 0.05910202 0.04182205 0.07063684 0.02088571
0.05415007 0.00078774 0.00256327 0.00049541 0.00074583 0.36190167 0.05031684 0.33091788 0.02123619 0.07292563 0.02898231 0.07112816 0.01864943
0.04013418 0.00182047 0.00127600 0.00076989 0.00217557 0.36179145 0.05084783 0.33198914 0.02260075 0.07241019 0.04412120 0.07129202 0.01535374
0.04268642 0.00041039 0.00096001 0.00046480 0.00038418 0.36130819 0.05081033 0.33221330 0.02049727 0.07216906 0.03855994 0.06961174 0.02100558
0.04598196 0.00032341 0.00078751 0.00039318 0.00055238 0.36185986 0.05490949 0.33268371 0.01593852 0.07121587 0.03435564 0.06974699 0.01292346
0.04654478 0.00030118 0.00075737 0.00014144 0.00029046 0.36105508 0.04764961 0.33298929 0.01499710 0.07088557 0.04028984 0.06940777 0.01435751
0.04683352 0.00057121 0.00076065 0.00026292 0.00048525 0.36200928 0.05065209 0.33212691 0.02073536 0.07116881 0.03886287 0.06784404 0.01334338
0.04641438 0.00799194 0.00123390 0.00821139 0.02702725 0.36165285 0.05032093 0.33277193 0.03349750 0.05883092 0.04080346 0.07351490 0.01424024
0.04417732 0.00045305 0.00103305 0.00018477 0.00034633 0.36048307 0.04769199 0.33105822 0.02006279 0.05998987 0.05186814 0.07020440 0.01668222
0.04107540 0.00047311 0.00077849 0.00035528 0.00094854 0.36256564 0.05729560 0.33143448 0.02054587 0.06082452 0.03588462 0.07150029 0.01398788
0.03807200 0.00049102 0.00082545 0.00018949 0.00031169 0.36067322 0.04785510 0.33069955 0.02305227 0.06201575 0.04188176 0.06972663 0.01443548
0.03574149 0.00080863 0.00083660 0.00014797 0.00060404 0.36247348 0.05276721 0.33170177 0.02502733 0.06311440 0.03762701 0.06965920 0.01399261
0.03454910 0.00061166 0.00137882 0.00014726 0.00055966 0.36211402 0.04515608 0.33135832 0.02377360 0.06384586 0.04029045 0.07029850 0.01275009
0.03355854 0.00059648 0.00073527 0.00015350 0.00106005 0.36196349 0.04570749 0.33266456 0.02209089 0.06430423 0.05613736 0.06864819 0.01579671
0.03287032 0.00152828 0.00063634 0.00037503 0.00123243 0.36170977 0.05196494 0.33309772 0.03016820 0.06434264 0.04027528 0.06914417 0.01336623
0.03061505 0.00112264 0.00060255 0.00013561 0.00044432 0.36188848 0.04244714 0.33293952 0.02413914 0.06328814 0.04657037 0.06931750 0.01674344
0.02998295 0.00052522 0.00056954 0.00026080 0.00037717 0.36158477 0.05630298 0.33289298 0.02264152 0.06307016 0.03453519 0.06798984 0.01244382
0.02940369 0.00036505 0.00042011 0.00013820 0.00029091 0.36200460 0.05742705 0.33200773 0.02052041 0.06106249 0.04016376 0.06885244 0.01363115
0.02997033 0.00093766 0.00037103 0.00047870 0.00035761 0.36156377 0.05763564 0.33157683 0.01906018 0.06117730 0.04075012 0.06967014 0.01324218
0.04161756 0.00138574 0.00163080 0.00112826 0.00046765 0.36170640 0.06962371 0.33127114 0.02156345 0.05001766 0.03762971 0.07201141 0.01391362
0.04379940 0.00376669 0.00071517 0.00312603 0.00548280 0.36182570 0.04628430 0.33039121 0.01834809 0.04988151 0.04420098 0.06914591 0.01986083
0.04410960 0.00347117 0.00061760 0.00184424 0.02869485 0.36149772 0.04562312 0.33119536 0.02038775 0.05570770 0.03756400 0.06809573 0.01652123
0.04494687 0.00107078 0.00032169 0.00028500 0.00040432 0.36247039 0.05713807 0.33226940 0.02065634 0.05584265 0.03440090 0.06882995 0.01430958
0.04676325 0.00222884 0.00036503 0.00054379 0.00270642 0.36134633 0.05593381 0.33264871 0.02195370 0.05817948 0.03426361 0.06950282 0.01433309
0.05375364 0.00105857 0.00038444 0.00038881 0.00202154 0.36255457 0.05819052 0.33371009 0.02007095 0.05986005 0.04734210 0.07020876 0.01879094
0.05233451 0.00151280 0.00045081 0.00090863 0.00238826 0.36169539 0.05401147 0.33329063 0.02086644 0.06152570 0.04654178 0.06808646 0.01706972
0.05092863 0.00167148 0.00055149 0.00028510 0.00113386 0.36234221 0.05419413 0.33277304 0.02662029 0.06326890 0.03997034 0.07034126 0.01782808
0.04881410 0.00167828 0.00062676 0.00035880 0.00096310 0.36241107 0.04536928 0.33250142 0.02310762 0.06261520 0.04440340 0.06972396 0.01539498
0.04828975 0.00836741 0.00076937 0.01036740 0.01982596 0.36217187 0.05637010 0.33184320 0.02571152 0.06275749 0.02367983 0.07078541 0.01377618
0.04740739 0.00423472 0.00077758 0.00205412 0.02156254 0.36238489 0.04129225 0.33161046 0.01824455 0.06145508 0.04854507 0.07124561 0.01659706
0.04516913 0.00435785 0.00083400 0.00475210 0.03138779 0.36243413 0.04987577 0.33202182 0.02180278 0.06014603 0.02870374 0.07004889 0.01538348
0.04489118 0.00452299 0.00078027 0.00677800 0.03115608 0.36209645 0.04156167 0.33166576 0.01527358 0.06021781 0.04180917 0.06824645 0.01633576
0.04555032 0.00428464 0.00059385 0.00595993 0.03522956 0.36259668 0.05370552 0.33267301 0.01724656 0.05863148 0.02710239 0.06814804 0.01469837
0.04685185 0.00298396 0.00109101 0.00331569 0.02577714 0.36189704 0.05031587 0.33295468 0.01306395 0.06430394 0.03175101 0.06850019 0.01433745
0.04488952 0.00031151 0.00056047 0.00015505 0.00027381 0.36219095 0.04910383 0.33288144 0.01209392 0.06391154 0.03224625 0.06878718 0.01318580
0.04487762 0.00052326 0.00045314 0.00011239 0.00040884 0.36220520 0.04966397 0.33239955 0.01549791 0.06634635 0.02600870 0.06796489 0.01449479
0.04385207 0.00036356 0.00050637 0.00014047 0.00033482 0.36202189 0.04236751 0.33186795 0.00933652 0.06802101 0.03941894 0.06685635 0.01461690
0.04231697 0.00042792 0.00054301 0.00012394 0.00036180 0.36199236 0.05213719 0.33147250 0.01670995 0.07524776 0.02395535 0.07104723 0.01375904
0.04038330 0.00037605 0.00085940 0.00014330 0.00033526 0.36160917 0.04672169 0.33132077 0.01065397 0.07599309 0.03787390 0.06995288 0.01396274
0.03940838 0.00028328 0.00077401 0.00013987 0.00026956 0.36189768 0.05174931 0.33086782 0.01345308 0.07613683 0.02887318 0.07122854 0.01342500
0.03853046 0.00043382 0.00079039 0.00012779 0.00037533 0.36233366 0.04938563 0.33122000 0.01331710 0.07562807 0.02917243 0.06883301 0.01407949
0.03866996 0.00029116 0.00069303 0.00014215 0.00028421 0.36213014 0.04473655 0.33168875 0.01010931 0.07598079 0.03578064 0.06727456 0.01435895
0.03835974 0.00040937 0.00060025 0.00012416 0.00036172 0.36226021 0.05244695 0.33239074 0.01564363 0.07489490 0.02270713 0.06816306 0.01388104
0.03807576 0.00031640 0.00059792 0.00014393 0.00030658 0.36187950 0.04501692 0.33321701 0.00887775 0.07557463 0.03963075 0.06851734 0.01440902
0.03744232 0.00034489 0.00062743 0.00013400 0.00031276 0.36207899 0.05322432 0.33308809 0.01506999 0.07531739 0.02584118 0.06719201 0.01356542
0.04022800 0.00049228 0.00075002 0.00013726 0.00080481 0.36249361 0.05087565 0.33305262 0.01225537 0.06632200 0.03570070 0.06868427 0.01728068
0.04041060 0.00078039 0.00050117 0.00070510 0.00175010 0.36217910 0.04764833 0.33264829 0.01261160 0.06710662 0.04653569 0.06760284 0.01428058
0.03899366 0.00105278 0.00050850 0.00013419 0.00089506 0.36273644 0.05340084 0.33198984 0.02458368 0.06687834 0.02424343 0.07007435 0.01524969
0.03546854 0.00033368 0.00069597 0.00034357 0.00034685 0.36213473 0.04471795 0.33132240 0.01329850 0.06861384 0.04711243 0.06943444 0.01502797
0.03090368 0.00037245 0.00095877 0.00018146 0.00037017 0.36276777 0.05778604 0.33167131 0.01763796 0.06880761 0.02741566 0.07131510 0.01370586
0.02592305 0.00035918 0.00129504 0.00015494 0.00034569 0.36237260 0.04894490 0.33147117 0.01320107 0.07053312 0.04094186 0.06841027 0.01486073
0.03228556 0.00037734 0.00288777 0.00019427 0.00032643 0.36232629 0.05087439 0.33181220 0.01662368 0.07097284 0.03888618 0.06851340 0.01426752
0.03131925 0.00063849 0.00164005 0.00013198 0.00046521 0.36187114 0.05343807 0.33344375 0.02187143 0.07117059 0.02799075 0.07211437 0.01465123
0.03107373 0.00024923 0.00138635 0.00017258 0.00027557 0.36208088 0.04564569 0.33304710 0.01036256 0.07096146 0.04904997 0.06932920 0.01497275
0.03120631 0.00041162 0.00114846 0.00013042 0.00036783 0.36198733 0.05837454 0.33361466 0.02007151 0.07024079 0.02301851 0.06884961 0.01395513
0.03696721 0.00993437 0.00127989 0.00994161 0.02332824 0.36189578 0.04155780 0.33236800 0.01303480 0.06957106 0.04192515 0.06711469 0.01316761
0.03582542 0.00324127 0.00092583 0.00290471 0.01865970 0.36205066 0.04839686 0.33189197 0.01917358 0.06894835 0.03051790 0.07008445 0.01647038
0.03515397 0.00246496 0.00132540 0.00551092 0.02895438 0.36179625 0.04588721 0.33128019 0.01772376 0.06828265 0.03215321 0.07027117 0.01309734
0.04925912 0.00581463 0.00085507 0.00823777 0.02511746 0.36178871 0.04402429 0.33131567 0.01286470 0.06855435 0.04327321 0.07158651 0.01863164
0.04832616 0.00198773 0.00089278 0.00260396 0.02446578 0.36183723 0.04733695 0.33078974 0.02321913 0.06840228 0.02664959 0.06959839 0.03001288
0.04503979 0.00071309 0.00070356 0.00443551 0.00405779 0.36234080 0.04601832 0.33196092 0.01384025 0.06885901 0.04182209 0.06952453 0.03737927
0.04373709 0.00136938 0.00067563 0.00249820 0.00225642 0.36156461 0.04320113 0.33247303 0.02082413 0.06984191 0.03478067 0.06838643 0.03352355
0.04117255 0.00444188 0.00069152 0.00239034 0.00504087 0.36270723 0.03431217 0.33329294 0.03579084 0.07013842 0.04415958 0.06906521 0.02037132
0.04063930 0.00242378 0.00069353 0.00142582 0.03274374 0.36155347 0.03805988 0.33386263 0.02770760 0.06191507 0.04321261 0.06975790 0.02604345
0.04165693 0.00213900 0.00084076 0.00440160 0.02647281 0.36270356 0.05192548 0.33350014 0.02364082 0.06678911 0.03524916 0.06955599 0.01580680
0.04343338 0.00225109 0.00069980 0.00351979 0.02341933 0.36183793 0.05678958 0.33273186 0.01402826 0.06872259 0.04180613 0.06800446 0.01274652
0.05249405 0.00557672 0.00056925 0.00598205 0.02965414 0.36256682 0.06009727 0.33259427 0.01985365 0.06893500 0.02689679 0.06896039 0.01697790
0.05109840 0.00138011 0.00062189 0.00030093 0.00068654 0.36208004 0.04940037 0.33137027 0.02342336 0.06893247 0.04197071 0.07032858 0.01482912
0.05013550 0.00266242 0.00067363 0.00231459 0.02102825 0.36194316 0.04845864 0.33197079 0.02338547 0.06825722 0.04318133 0.07271887 0.02398992
0.04956813 0.01216971 0.00120421 0.01363537 0.01477674 0.36119723 0.07408063 0.33155273 0.01833112 0.07015480 0.02362955 0.06984707 0.01306162
0.04858281 0.00112298 0.00077200 0.00326705 0.00175818 0.36125001 0.05422560 0.33139666 0.01112640 0.06990326 0.04596136 0.07029189 0.03232718
0.04711555 0.00246712 0.00093392 0.00031683 0.00082296 0.36071170 0.07037409 0.33226930 0.02632857 0.07021209 0.02395551 0.06907544 0.01528516
0.04533668 0.00133830 0.00089578 0.00019145 0.00082210 0.36082827 0.05052739 0.33340865 0.01405161 0.07112998 0.05089801 0.06954133 0.01990199
0.04377038 0.00091629 0.00087900 0.00016215 0.00179237 0.36097316 0.05336184 0.33313639 0.01323917 0.07251209 0.05229716 0.07338044 0.01785214
0.04216560 0.00104001 0.00075223 0.00030893 0.00063619 0.36075953 0.06146358 0.33288433 0.03008146 0.07380392 0.02761354 0.06860412 0.01608222
0.04244662 0.00097799 0.00061820 0.00036517 0.00030093 0.36135154 0.05026427 0.33257307 0.02779039 0.07469682 0.04914135 0.06963733 0.01701064
0.04241694 0.00084285 0.00054047 0.00017097 0.00072841 0.36055448 0.07264374 0.33124557 0.02133995 0.07553106 0.02971548 0.07082094 0.01439659
0.05454207 0.00060840 0.00145971 0.00017281 0.00090152 0.36158553 0.05039575 0.33244187 0.01521856 0.07492656 0.05449423 0.07827611 0.01877385
0.06902158 0.00235443 0.00086565 0.00112230 0.00200499 0.36046435 0.06212133 0.33119416 0.02449429 0.07564096 0.03319520 0.07051692 0.03041174
0.07586269 0.00240746 0.00063005 0.00398539 0.03109394 0.36141996 0.05703395 0.33198197 0.01643065 0.07785758 0.03325322 0.07116426 0.02337663
0.07725436 0.00061886 0.00068449 0.00118213 0.00036459 0.36087760 0.05304208 0.33287357 0.00984797 0.07915782 0.04434690 0.06883682 0.02740124
0.07779055 0.00053252 0.00073573 0.00273883 0.00236022 0.36134724 0.07153781 0.33268851 0.01797151 0.07965882 0.02320896 0.06937562 0.01725798
0.07749230 0.00032498 0.00057244 0.00081621 0.00036168 0.36118890 0.04998758 0.33355363 0.00874356 0.08014083 0.05186484 0.06940939 0.03074945
0.07631162 0.00133461 0.00055612 0.00119176 0.00161788 0.36132180 0.06802035 0.33423705 0.01887203 0.08128018 0.03496050 0.06890894 0.01578485
0.07555915 0.00256292 0.00047603 0.00093472 0.00257256 0.36078568 0.05636508 0.33279305 0.01715938 0.08170711 0.04448327 0.07082042 0.02762531
0.06730052 0.00098586 0.00057128 0.00047769 0.03127225 0.36104910 0.06138872 0.33336754 0.01618241 0.08192392 0.03834729 0.06880489 0.01634345
0.06197125 0.00303100 0.00082182 0.00706262 0.02719021 0.36056028 0.06725376 0.33320418 0.02585991 0.08222880 0.02755931 0.07339862 0.02219449
0.05371475 0.00282350 0.00369645 0.00167061 0.02019025 0.36062515 0.04855472 0.33193854 0.01758969 0.08285846 0.05877075 0.07175850 0.01994257
0.05655572 0.00318185 0.00116986 0.00039832 0.04411477 0.36090235 0.06851857 0.33314490 0.03344839 0.08331114 0.02987128 0.07229521 0.01855256
0.05777890 0.00582428 0.00137589 0.00904851 0.01798286 0.36015377 0.05084360 0.33180938 0.02709177 0.08282255 0.05702838 0.06993432 0.01783275
0.05869294 0.00262775 0.00068840 0.00189912 0.02258001 0.36069467 0.06383370 0.33268390 0.02727240 0.08289667 0.04061842 0.07044334 0.01870985
0.05805578 0.00405053 0.00059037 0.00498409 0.03138903 0.36008835 0.06713692 0.33345446 0.01797916 0.08341074 0.04760500 0.07084671 0.01613558
0.05820870 0.00352414 0.00056993 0.00095159 0.02176932 0.36082433 0.05198202 0.33385719 0.02676092 0.07572999 0.05197095 0.07062293 0.02338775
0.05860211 0.00368039 0.00050906 0.00444227 0.02496665 0.36077687 0.06949674 0.33362813 0.03126933 0.07740957 0.02956269 0.06977653 0.01627238
0.05750440 0.00095358 0.00050802 0.00194284 0.01444194 0.36059970 0.04929680 0.33345249 0.01962474 0.07669806 0.06302416 0.07015722 0.01980446
0.05530261 0.00059449 0.00110713 0.00012809 0.00043123 0.36073140 0.05963029 0.33237858 0.02702188 0.07775520 0.02914685 0.07030773 0.01363668
0.05121164 0.00125492 0.00084197 0.00244147 0.00314895 0.36167481 0.04841392 0.33207395 0.02095082 0.06872100 0.05229737 0.07000999 0.01840231
0.04961275 0.00483698 0.00094760 0.00670058 0.01963013 0.36103544 0.04852316 0.33167617 0.02805756 0.06891142 0.03937640 0.07009056 0.01506950
0.04899294 0.00302511 0.00092376 0.00201575 0.02437154 0.36172485 0.05836352 0.33231232 0.02693623 0.06101363 0.03773425 0.07181750 0.01781620
0.04799394 0.00411526 0.00071831 0.00493544 0.03082077 0.36115476 0.04698242 0.33210338 0.02034473 0.05995794 0.05689728 0.07053881 0.01568677
0.04792289 0.00403509 0.00059805 0.00152629 0.02128475 0.36179663 0.06683059 0.33203958 0.02458813 0.06083016 0.03664948 0.06957068 0.02171270
0.05174337 0.00995578 0.00087675 0.00918520 0.02767793 0.36112832 0.04788254 0.33342937 0.02379425 0.07197911 0.04515347 0.07031742 0.01862648
0.05103148 0.00258840 0.00106068 0.00477254 0.03679678 0.36113573 0.05150039 0.33289507 0.04035116 0.06071625 0.03077175 0.07069463 0.01545175
0.05164989 0.00235162 0.00064576 0.00560971 0.03740977 0.36084751 0.05168340 0.33294692 0.02271002 0.06052523 0.04613783 0.07005917 0.01862743
0.04847570 0.00217996 0.00115084 0.00053284 0.00237274 0.36089197 0.05883878 0.33310500 0.02930213 0.06051440 0.03967515 0.06894906 0.01463801
0.04827807 0.00162771 0.00052011 0.00012186 0.00166360 0.36101046 0.06220164 0.33187954 0.02662189 0.06077573 0.04752760 0.07037208 0.01690199
0.04898218 0.00190901 0.00039633 0.00035194 0.00225302 0.36083041 0.04838030 0.33205414 0.03034931 0.06094189 0.05202177 0.07053501 0.01620102
0.04956302 0.00219751 0.00037637 0.00014222 0.00153713 0.36126309 0.05725666 0.33162341 0.03983734 0.06049297 0.03916440 0.07113364 0.01798845
0.04830576 0.00121027 0.00035864 0.00027538 0.00061057 0.36105345 0.05502489 0.33128544 0.02992531 0.06116638 0.05498804 0.06977040 0.01569419
0.04731131 0.00085513 0.00032311 0.00084062 0.03506630 0.36125644 0.05772406 0.33182393 0.03040612 0.04934859 0.04242457 0.07118841 0.01554144
0.04908738 0.00699188 0.00029958 0.00629357 0.01922098 0.36130386 0.06334359 0.33228084 0.02515895 0.04992549 0.05050061 0.07020604 0.01606215
0.05183127 0.00098429 0.00101525 0.00018509 0.00052168 0.36098586 0.05126895 0.33188475 0.03442761 0.04985122 0.04875726 0.07029680 0.01647507
0.05403954 0.00107561 0.00083010 0.00013619 0.00060718 0.36091852 0.06060138 0.33283871 0.03304355 0.05001021 0.04262668 0.07015587 0.01599517
0.05689740 0.00175953 0.00065876 0.00039298 0.00254849 0.36084976 0.05385345 0.33284909 0.03178656 0.05052513 0.05722264 0.06947330 0.01682944
0.03259184 0.00086631 0.00030433 0.00109051 0.00234004 0.36082170 0.06178458 0.33311316 0.03934799 0.04943130 0.04939151 0.07112777 0.01758345
0.03232868 0.00090043 0.00029833 0.00066784 0.00085882 0.36166319 0.06359979 0.33387222 0.03445069 0.04994991 0.06716486 0.07103376 0.01668022
0.03121450 0.00277060 0.00024939 0.00254019 0.03479685 0.36053019 0.05968986 0.33300636 0.04285690 0.04926110 0.05468387 0.07280088 0.01983992
0.03022983 0.00260467 0.00029733 0.00183940 0.02238142 0.36120162 0.06595665 0.33270781 0.03347572 0.03985221 0.06033225 0.07267187 0.02071546
0.03072229 0.00246612 0.00212035 0.00570021 0.02682214 0.36099141 0.05623464 0.33280637 0.03836788 0.04856443 0.05320268 0.07149389 0.01768150
0.03809484 0.00124140 0.00083903 0.00023643 0.00094557 0.36082361 0.06000691 0.33222437 0.03332624 0.05419165 0.05568424 0.07116839 0.01868836
0.04087999 0.00109981 0.00023805 0.00032749 0.00128977 0.36096118 0.07209126 0.33336466 0.03097186 0.05709480 0.05701366 0.07009779 0.01568599
0.04200446 0.00102996 0.00023797 0.00043241 0.00051734 0.36094499 0.05656523 0.33327961 0.03846187 0.06077656 0.05501721 0.07019843 0.01882214
0.04230790 0.00173143 0.00028349 0.00026169 0.00096164 0.36102277 0.06754947 0.33383408 0.04063493 0.06322564 0.04933291 0.07008976 0.01621855
0.04211104 0.00281172 0.00039036 0.00274580 0.02517707 0.36112970 0.05341536 0.33383004 0.03316794 0.06628678 0.05154621 0.06987412 0.01928687
0.04186143 0.00119085 0.00040194 0.00059124 0.02958001 0.36106443 0.06347722 0.33331246 0.02788043 0.06592409 0.05041009 0.07001810 0.01811729
0.05528935 0.00101808 0.00401628 0.00043367 0.00053898 0.36105391 0.06678234 0.33344057 0.02892130 0.06591229 0.05439900 0.07626680 0.01676407
0.06586073 0.00121854 0.00085235 0.00094177 0.00236495 0.36089106 0.06428503 0.33313800 0.04092546 0.06383871 0.04425412 0.07174634 0.01630077
0.06827258 0.00097500 0.00069659 0.00033599 0.00057701 0.36129646 0.06287694 0.33251965 0.03226582 0.06252475 0.05972486 0.07160170 0.01701999
0.06824523 0.00122760 0.00067677 0.00023096 0.00093774 0.36128404 0.05603286 0.33265202 0.03537052 0.06200277 0.05099268 0.07060600 0.01911029
0.06726028 0.00084494 0.00069364 0.00025696 0.00062812 0.36114898 0.06176908 0.33313530 0.03024989 0.06139240 0.06092635 0.07000518 0.01797661
0.05148020 0.00093197 0.00042822 0.00017682 0.00060733 0.36143207 0.05957336 0.33365500 0.03580033 0.06551016 0.05318896 0.07073110 0.01729258
0.05160813 0.00086413 0.00029451 0.00019960 0.00061717 0.36141886 0.06615810 0.33433259 0.03647468 0.06177889 0.04838366 0.07001593 0.01616211
0.05198502 0.00398646 0.00024619 0.00430044 0.02784570 0.36155470 0.06356525 0.33468199 0.02730378 0.06125027 0.06127903 0.07004237 0.01674973
0.05249895 0.00215410 0.00029585 0.00308000 0.03253576 0.36161698 0.06094397 0.33457430 0.03486105 0.06502553 0.04536023 0.07016530 0.01804006
0.05227859 0.00377370 0.00034505 0.00130084 0.02236496 0.36183131 0.06279100 0.33463873 0.03168728 0.06713546 0.06070317 0.07033585 0.01904626
0.05233883 0.00202160 0.00045005 0.00231655 0.00241022 0.36148480 0.05907653 0.33385179 0.04124428 0.06949483 0.04439878 0.07125928 0.03164979
0.05222402 0.00113674 0.00044823 0.00295769 0.00391671 0.36216945 0.06045744 0.33379718 0.02571975 0.06944011 0.06190233 0.07189784 0.03159764
0.05176289 0.00191176 0.00039307 0.00185228 0.00224663 0.36141831 0.06099466 0.33363406 0.03175696 0.06847842 0.06220443 0.07182026 0.01660052
0.05378530 0.00249468 0.00037986 0.00100539 0.00211023 0.36217035 0.06017353 0.33375760 0.05124975 0.06731457 0.04546660 0.07176436 0.03138360
0.05255211 0.00676519 0.00028867 0.01002317 0.02090341 0.36128569 0.06632059 0.33420718 0.03877137 0.06513041 0.07006239 0.07132646 0.01570779
0.05275206 0.00281246 0.00027401 0.00055197 0.00375864 0.36143080 0.05991238 0.33520706 0.05389158 0.06450999 0.05862210 0.07120487 0.02655460
0.05150345 0.01174224 0.00212172 0.01330693 0.01554513 0.36191791 0.06389010 0.33492168 0.02994504 0.06462951 0.06125837 0.07143335 0.01673279
0.05220007 0.00309000 0.00068822 0.00283148 0.04924542 0.36078881 0.05813591 0.33566989 0.04238318 0.05850913 0.04974355 0.07084765 0.01643382
0.05254790 0.00450118 0.00058180 0.00491650 0.03679286 0.36198186 0.05430922 0.33514458 0.05013034 0.05852759 0.04656989 0.07129844 0.01795312
0.05241104 0.00326691 0.00082519 0.00579065 0.03379108 0.36122415 0.05453371 0.33360985 0.04106445 0.05882297 0.05897005 0.07100525 0.01623839
0.05178003 0.00360530 0.00044693 0.00381656 0.05389426 0.36152242 0.04843167 0.33417923 0.03599196 0.04964072 0.05976734 0.07187493 0.01735835
0.05128797 0.00522207 0.00092883 0.00548262 0.04588835 0.36080837 0.05037883 0.33215283 0.04568685 0.05034721 0.05987035 0.07268146 0.01667859
0.05072639 0.01176349 0.00044709 0.01308359 0.03953081 0.36124475 0.04272841 0.33260356 0.04731631 0.04993052 0.05246856 0.07278264 0.02147608
0.05062070 0.00590341 0.00040063 0.00311605 0.02907447 0.36046088 0.05520384 0.33260048 0.04067150 0.05062275 0.05252229 0.07149290 0.01933624
0.04936455 0.00930970 0.00044212 0.01101262 0.02251259 0.36157755 0.06252298 0.33284503 0.03683466 0.04911942 0.05421772 0.07186700 0.01828274
0.04744020 0.00475525 0.00044194 0.00273978 0.02341715 0.36033411 0.05647697 0.33407203 0.03547431 0.04958207 0.05985793 0.07113077 0.02037919
0.04570359 0.00391438 0.00045536 0.00374964 0.02782341 0.36137239 0.06001157 0.33464923 0.04079738 0.04840836 0.05764832 0.07086664 0.01739954
0.04686023 0.00311685 0.00044538 0.00328531 0.02472379 0.36137350 0.05315187 0.33408883 0.03978937 0.04831691 0.05790369 0.07007526 0.01668513
0.04810370 0.00118754 0.00033398 0.00162415 0.01555740 0.36117575 0.05046239 0.33492664 0.03554821 0.04864963 0.06323888 0.07002679 0.01676642
0.04241515 0.00165533 0.00033802 0.00415650 0.01859967 0.36199772 0.05935064 0.33396091 0.03920354 0.04812874 0.05287483 0.07110186 0.01861948
0.05533821 0.00133610 0.00400009 0.00056034 0.01027282 0.36122434 0.05520347 0.33323716 0.03443832 0.04953383 0.06182687 0.07851999 0.01671955
0.05958694 0.00213097 0.00108855 0.00213902 0.01225499 0.36180925 0.07126296 0.33340546 0.03832689 0.04937378 0.04966723 0.07210970 0.01528101
0.06418567 0.00176054 0.00048105 0.00035705 0.00640052 0.36103940 0.05634734 0.33152234 0.03428625 0.05416574 0.05516386 0.07127280 0.01649699
0.06515774 0.00104460 0.00198875 0.00062651 0.00316789 0.36120636 0.05920271 0.33212105 0.03349861 0.05678902 0.05564049 0.07284039 0.01665419
0.06538106 0.00086454 0.00114699 0.00039312 0.00124692 0.35966231 0.05971947 0.33221367 0.03545483 0.05891105 0.04244448 0.06970706 0.01634423
0.06491457 0.00047794 0.00122782 0.00016611 0.00050197 0.36151907 0.04959259 0.33286860 0.02830497 0.06250649 0.06377141 0.07148572 0.01657804
0.06504605 0.00071419 0.00060675 0.00018413 0.00051118 0.35900893 0.06864053 0.33333785 0.03295424 0.06437207 0.04281338 0.06979849 0.01595260
0.06483806 0.00596144 0.00066389 0.00411351 0.01723821 0.36139237 0.05338260 0.33400199 0.03023826 0.06493378 0.05608194 0.07032126 0.01902833
0.06251396 0.00060530 0.00080936 0.00014039 0.00040260 0.35890584 0.06417760 0.33312401 0.02989107 0.06668384 0.05128507 0.06984749 0.01605164
0.05701952 0.00072285 0.00091105 0.00015965 0.00049217 0.36053859 0.06037251 0.33332953 0.03307799 0.06585580 0.04641723 0.07185498 0.01627518
0.05242674 0.00049002 0.00135264 0.00016124 0.00029253 0.35922456 0.05301850 0.33167690 0.02769676 0.06710756 0.05885553 0.07154560 0.01743234
0.04884362 0.00085638 0.00124179 0.00013950 0.00055611 0.35945846 0.06640862 0.33127324 0.03408298 0.06538073 0.04088729 0.07283402 0.01602243
0.04914699 0.00763604 0.00108233 0.01001852 0.02120478 0.36033841 0.05033139 0.33215559 0.02921263 0.05717269 0.05843406 0.07331647 0.01737873
0.05161113 0.00411311 0.00077105 0.00201935 0.02121788 0.35905698 0.06826360 0.33115531 0.03090518 0.05730982 0.04728303 0.07131173 0.01813287
0.05275196 0.00156027 0.00076187 0.00019765 0.00071975 0.36081911 0.05751552 0.33240329 0.03237267 0.05709940 0.05514776 0.07199133 0.01856180
0.05235141 0.00102938 0.00079652 0.00019212 0.00040934 0.35916509 0.06247972 0.33353249 0.03052781 0.05983286 0.05498261 0.07000805 0.01801740
0.04713220 0.00286471 0.00047731 0.00360150 0.02557693 0.36058609 0.06968268 0.33432083 0.03587578 0.05802184 0.04713146 0.07113843 0.01693379
0.04776369 0.00131125 0.00046430 0.00048412 0.00090035 0.35950774 0.06316393 0.33457035 0.03084316 0.06012101 0.06407359 0.06994403 0.02103669
0.04827142 0.00083242 0.00400210 0.00029898 0.00058558 0.36008606 0.08089545 0.33451179 0.03417575 0.06041585 0.05014877 0.07640129 0.01718313
0.04678594 0.00167971 0.00090902 0.00064435 0.00168165 0.35817101 0.06005185 0.33269002 0.03450356 0.06122264 0.06943144 0.07188381 0.02219538
0.04731689 0.00192249 0.00065705 0.00354759 0.04732621 0.36071336 0.07399460 0.33390501 0.05666841 0.06151946 0.04468946 0.07479485 0.01856453
0.04778322 0.00271447 0.00122148 0.00506235 0.00720466 0.35778545 0.06678064 0.33224441 0.03551187 0.07354152 0.05789798 0.07415211 0.03100195
0.04743820 0.00172311 0.00082933 0.00231359 0.00225104 0.35990549 0.06463481 0.33258711 0.03066558 0.07217798 0.05826235 0.07266417 0.05489994
0.04740215 0.00267627 0.00057840 0.00256982 0.00419576 0.35863464 0.07376953 0.33294468 0.03730397 0.07065820 0.04697171 0.07248707 0.01992282
0.04657192 0.00216140 0.00196616 0.00042875 0.00129311 0.35891860 0.07219485 0.33326318 0.03773528 0.07907328 0.06486129 0.07220091 0.01992384
0.04755110 0.00128431 0.00079632 0.00024001 0.00058022 0.35863373 0.08613066 0.33426792 0.04309747 0.07832057 0.04353156 0.07105407 0.01835103
0.05927978 0.00117562 0.00069102 0.00021265 0.00068501 0.35876911 0.06523091 0.33521567 0.03161948 0.07450912 0.06800125 0.07069159 0.02048046
0.05908484 0.00146410 0.00060375 0.00030553 0.02849700 0.35898155 0.07057217 0.33518606 0.03737644 0.07374931 0.05509340 0.07212936 0.02247302
0.06295378 0.00774711 0.00043781 0.00914459 0.00984806 0.35806273 0.07399827 0.33477619 0.04188323 0.07286296 0.05453261 0.07118341 0.02246104
0.06655240 0.00302305 0.00047507 0.00406854 0.03198914 0.35932409 0.07183382 0.33467413 0.03440147 0.07339993 0.06371176 0.07622450 0.02280370
0.06230996 0.00355760 0.00064652 0.00467240 0.03311977 0.35763117 0.07893962 0.33314986 0.05263723 0.07524630 0.04728282 0.07446577 0.03157440
0.05938275 0.00351843 0.00079513 0.00197636 0.00379868 0.35889876 0.06142820 0.33356601 0.04553821 0.07670863 0.07001925 0.07468792 0.02500692
0.05838111 0.00241083 0.00237389 0.00523048 0.00343164 0.35872700 0.07142285 0.33289699 0.04031804 0.08397388 0.05242768 0.07350973 0.03858362
0.05586367 0.00479151 0.00086790 0.00577979 0.02949905 0.35904063 0.06479856 0.33379068 0.03933127 0.08611045 0.05163745 0.07190673 0.02212029
0.05534927 0.00274170 0.00086685 0.00408964 0.03315833 0.35808449 0.06094281 0.33475408 0.03122254 0.08617104 0.05523716 0.07159132 0.03467686
0.05572369 0.00213176 0.00124139 0.00266324 0.00339617 0.36014747 0.07874467 0.33482664 0.03770874 0.08669143 0.04161531 0.07200480 0.01696397
0.05506658 0.00113292 0.00094922 0.00074224 0.00070593 0.35746630 0.05706823 0.33528369 0.02887068 0.08610109 0.05860607 0.07150073 0.03113149
0.04550235 0.00168099 0.00075073 0.00253485 0.03527071 0.35901454 0.06540923 0.33504953 0.03202737 0.08555323 0.05913641 0.07073745 0.02287319
0.04633576 0.00333653 0.00171300 0.00359928 0.02370161 0.35814406 0.05919016 0.33440024 0.03850783 0.09097946 0.04914135 0.07056105 0.03326920
0.04603520 0.00770675 0.00078871 0.00677374 0.01298676 0.35854162 0.06048844 0.33412151 0.02860085 0.09089411 0.06037161 0.07166090 0.02493261
0.04531468 0.00152383 0.00066982 0.00248677 0.00483965 0.35843383 0.07791607 0.33304015 0.03171640 0.09072379 0.04001397 0.07354221 0.04587254
0.04485468 0.00166788 0.00069282 0.00390783 0.00438732 0.35835109 0.05885550 0.33218289 0.02839565 0.09195211 0.05766357 0.07222991 0.02140341
0.04252580 0.00140214 0.00060933 0.00033696 0.00081471 0.35836206 0.07121908 0.33278691 0.03167906 0.09256739 0.05447967 0.07160036 0.01934992
0.04214564 0.00084420 0.00086776 0.00017036 0.00053766 0.35873381 0.05977570 0.33312829 0.03380035 0.10059076 0.05268114 0.07026785 0.02084954
0.04205715 0.00281068 0.00094953 0.00280722 0.03146932 0.35865761 0.06353918 0.33414464 0.02782458 0.09090475 0.05974296 0.07038899 0.01822952
0.04186451 0.00089361 0.00074384 0.00290259 0.00050224 0.35893374 0.07202102 0.33572969 0.03368500 0.09165303 0.04425832 0.07045842 0.02169328
0.04226320 0.00054776 0.00062756 0.00301731 0.00276748 0.35917582 0.05871900 0.33495512 0.02755436 0.09230140 0.05667779 0.07155425 0.03616315
0.04177136 0.00091211 0.00058135 0.00035544 0.00049197 0.35853676 0.07734047 0.33519991 0.03173272 0.09095587 0.04572986 0.07008541 0.01735860
0.04197542 0.00071662 0.00056246 0.00018728 0.00044875 0.35967165 0.06820496 0.33437762 0.03089657 0.09113345 0.05513897 0.07134503 0.02030335
0.04445927 0.00543983 0.00051673 0.00621276 0.02747070 0.35819476 0.06962605 0.33291064 0.02660667 0.08881118 0.05289950 0.07163503 0.01903256
0.04446764 0.00413173 0.00049253 0.00276364 0.02566044 0.35971150 0.06570001 0.33305241 0.02910946 0.08886532 0.04895724 0.07190460 0.02234531
0.04398179 0.00359367 0.00044725 0.00288329 0.02567580 0.35845790 0.06299638 0.33249715 0.02698209 0.08714856 0.05157701 0.07244046 0.02064526
0.04220727 0.00059049 0.00052772 0.00019444 0.00045275 0.35918934 0.07407858 0.33195153 0.02765505 0.08735790 0.04352162 0.07057028 0.01817663
0.04161671 0.00046810 0.00055182 0.00019636 0.00037266 0.35878957 0.06578826 0.33364675 0.02494320 0.08745308 0.05432584 0.07057552 0.01985146
0.04015700 0.00059430 0.00057254 0.00019563 0.00047849 0.35888938 0.07316067 0.33391813 0.02692200 0.08813332 0.04782687 0.06955869 0.01892634
0.03742162 0.00073465 0.00072142 0.00018471 0.00050211 0.35889753 0.06500986 0.33481113 0.02771800 0.08922765 0.05171428 0.07172358 0.02037291
0.03644494 0.00056478 0.00121792 0.00019234 0.00046874 0.35927457 0.06692106 0.33635736 0.02567550 0.09033285 0.05049802 0.07672614 0.01961666
0.03468059 0.00206105 0.00100063 0.00064106 0.00303235 0.35920854 0.07256426 0.33496950 0.03429902 0.09120191 0.04476740 0.07327197 0.01942254
0.03720259 0.00082919 0.00107501 0.00036014 0.02728890 0.35949921 0.06412200 0.33487057 0.02698244 0.09219781 0.05826735 0.07062805 0.02279328
0.03643444 0.00577004 0.00219427 0.00399393 0.02138171 0.36005538 0.07711808 0.33402440 0.02801807 0.07866640 0.04670339 0.07451908 0.02006819
0.03757780 0.00767248 0.00133390 0.00040679 0.00646499 0.35933076 0.06687663 0.33251499 0.03694144 0.07883784 0.05586217 0.07317025 0.02073646
0.04014024 0.00254385 0.00087627 0.00026587 0.00308387 0.36025321 0.06836337 0.33295914 0.03458754 0.07857161 0.05385837 0.07145047 0.01936589
0.04182349 0.00076575 0.00055817 0.00041217 0.00110236 0.35962629 0.07221518 0.33274258 0.03184887 0.07751814 0.04816895 0.07109006 0.01870674
0.04184480 0.00060811 0.00385176 0.00021195 0.00067169 0.35983060 0.06277599 0.33337040 0.02468848 0.07971955 0.06443724 0.07021135 0.01929955
0.03960449 0.00131191 0.00122070 0.00019924 0.00049686 0.35846366 0.07452732 0.33467324 0.03814389 0.08054040 0.04294387 0.07048428 0.01805800
0.04173885 0.00135364 0.00089696 0.00020604 0.00078150 0.35901862 0.05872500 0.33472118 0.03735450 0.08150206 0.05787287 0.07009166 0.01999130
0.05314147 0.00444934 0.00045506 0.00710329 0.02500752 0.35873966 0.07156058 0.33505755 0.02951470 0.08017225 0.05598859 0.07012695 0.01872639
0.05219259 0.00062789 0.00052046 0.00018704 0.00046998 0.35865799 0.06801735 0.33459226 0.03087899 0.08154962 0.05273046 0.06932422 0.01906202
0.05661211 0.00084026 0.00062369 0.00019298 0.00050137 0.35918832 0.06497780 0.33369404 0.03071735 0.08228812 0.06052394 0.07326907 0.01911638
0.05557443 0.00085922 0.00066464 0.00018122 0.00050023 0.35977764 0.07350679 0.33307337 0.03615944 0.08303639 0.04487712 0.07157966 0.01827586
0.05458694 0.00054425 0.00115217 0.00019764 0.00039523 0.35868835 0.05970156 0.33296484 0.02927741 0.08430569 0.06000059 0.07277536 0.01998884
0.05365468 0.00061662 0.00098896 0.00017206 0.00049905 0.36006639 0.07361044 0.33214953 0.03021625 0.08422852 0.05054125 0.07207924 0.01860231
0.05295752 0.00072657 0.00073493 0.00019221 0.00044403 0.35862658 0.06380432 0.33376594 0.03308113 0.08459254 0.05485596 0.07095113 0.01958650
0.05211335 0.00094469 0.00077664 0.00064728 0.00048473 0.35916160 0.08028847 0.33453539 0.03128607 0.08455201 0.05663153 0.07076118 0.01898188
0.05112631 0.00087854 0.00091031 0.00018194 0.00051282 0.35901321 0.07395483 0.33529248 0.03378053 0.08434243 0.05083862 0.07085971 0.02029102
0.06033747 0.00422998 0.00119926 0.00697291 0.02623817 0.35856445 0.06270041 0.33646739 0.03256022 0.08705158 0.06133162 0.07143538 0.02058772
0.05924128 0.00168347 0.00081459 0.00239234 0.02538563 0.36034564 0.07526347 0.33603893 0.03789887 0.07624427 0.04981270 0.07161834 0.02182331
0.06350754 0.00218041 0.00061085 0.00300504 0.05354454 0.35858666 0.06378122 0.33590263 0.03817183 0.07601561 0.06028682 0.07203929 0.02310450
0.06230583 0.01105654 0.00056226 0.01400180 0.04729698 0.35874145 0.06755690 0.33462440 0.03044387 0.08932590 0.05108169 0.07286979 0.01964289
0.06425544 0.00296649 0.00109555 0.00302098 0.05251453 0.35706992 0.06975324 0.33285270 0.02886539 0.08956026 0.05816842 0.07300780 0.02361070
0.06596811 0.00323696 0.00102285 0.00168464 0.03292675 0.35781010 0.06654924 0.33305572 0.03232383 0.09295448 0.06153745 0.07763992 0.02178480
0.06779488 0.00234534 0.00079160 0.00098417 0.00414210 0.35714152 0.07722087 0.33330164 0.03489614 0.09474800 0.04304115 0.07232051 0.04259404
0.06542557 0.00503640 0.00068328 0.00500434 0.03983082 0.35738768 0.07184008 0.33294141 0.02368950 0.09228324 0.05836657 0.07287545 0.02433332
0.06599183 0.00145724 0.00349013 0.00161672 0.00288391 0.35525584 0.08254536 0.33407805 0.03737373 0.09699067 0.05647747 0.07306963 0.01890369
0.06596105 0.00154502 0.00163839 0.00030530 0.00090320 0.35591846 0.06887261 0.33507556 0.03706958 0.09763598 0.06114646 0.07271816 0.02274626
0.06704459 0.00157515 0.00105245 0.00170941 0.00402231 0.35449619 0.06886084 0.33417363 0.03183123 0.09846426 0.07018951 0.07251659 0.02332098
0.06645402 0.00129458 0.00072331 0.00331737 0.00375133 0.35606479 0.07449906 0.33518054 0.04093848 0.09813390 0.05251303 0.07068975 0.02845359
0.06500609 0.00603151 0.00120732 0.00463542 0.03609746 0.35434155 0.06336670 0.33225608 0.02785616 0.09906178 0.06050900 0.07155463 0.02167128
0.06343395 0.00210990 0.00146302 0.00405099 0.02885238 0.35577968 0.08189293 0.33299311 0.03459105 0.09864493 0.04805663 0.07358201 0.01767872
0.06242422 0.00109043 0.00144740 0.00032175 0.00068767 0.35544515 0.06564589 0.33188181 0.03654621 0.09771214 0.05240435 0.07380922 0.01963099
0.06225821 0.00280899 0.00088242 0.00195876 0.00186795 0.35467069 0.06598004 0.33085773 0.04259164 0.09748193 0.05881603 0.07400514 0.03260119
0.06218552 0.00158655 0.00079013 0.00303756 0.00233913 0.35552674 0.07093009 0.33202743 0.03376173 0.09780154 0.05468431 0.07242436 0.02272600
0.05984360 0.00444439 0.00077071 0.00409529 0.02497959 0.35397764 0.06634833 0.33301415 0.02502345 0.10079854 0.06691390 0.07494854 0.03892637
0.05952881 0.00655926 0.00075748 0.00919225 0.02379412 0.35529456 0.07282451 0.33380290 0.03701536 0.10315377 0.05756259 0.07178271 0.01778789
0.05839574 0.00288545 0.00093008 0.00109050 0.00298307 0.35406536 0.06432468 0.33433968 0.04750980 0.10437541 0.05448176 0.07147481 0.02559097
0.05834659 0.00184201 0.00154922 0.00078897 0.00172059 0.35482073 0.07224625 0.33493933 0.03766043 0.10561513 0.05945875 0.07189460 0.01900546
0.05812899 0.00066948 0.00102549 0.00069171 0.00060692 0.35431174 0.07013944 0.33401172 0.03163368 0.10548611 0.06170766 0.07084360 0.02090970
0.05569162 0.00653971 0.00079842 0.00666782 0.01509037 0.35458585 0.06875366 0.33415517 0.03524667 0.10589458 0.06622564 0.07231197 0.02348014
0.05555501 0.00237870 0.00101835 0.00455422 0.03115411 0.35453962 0.07125080 0.33296684 0.04377020 0.10586283 0.06680581 0.07345129 0.01879422
0.05535501 0.00113699 0.00086022 0.00118575 0.01867995 0.35481789 0.06838788 0.33230454 0.04212956 0.10490328 0.06158818 0.07483342 0.02424882
0.05509062 0.00302745 0.00087377 0.00459721 0.02583985 0.35434641 0.07461237 0.33235944 0.03529139 0.10492841 0.06438872 0.07353890 0.01813244
0.05458568 0.00071790 0.00140283 0.00018592 0.00047099 0.35523587 0.07051023 0.33225606 0.03701378 0.11188187 0.06126061 0.07356170 0.02093055
0.05375721 0.00677251 0.00086022 0.00695560 0.01119964 0.35428210 0.07216420 0.33336629 0.03801415 0.11086401 0.06029655 0.07158132 0.01984004
0.05349683 0.00172474 0.00072534 0.00105842 0.00190865 0.35464367 0.06888639 0.33485168 0.04228173 0.10967000 0.06825799 0.07334587 0.02256077
0.05272280 0.00089972 0.00075663 0.00049869 0.00120126 0.35406997 0.07556039 0.33486269 0.03916208 0.10918412 0.06288297 0.07230012 0.01995417
0.05248988 0.00083700 0.00091064 0.00101329 0.00177021 0.35338317 0.07858005 0.33563412 0.03602674 0.10977957 0.06717023 0.07098551 0.02059179
0.05214159 0.00102576 0.00105050 0.00028569 0.00075416 0.35445030 0.06753587 0.33437098 0.03842905 0.11077191 0.06922365 0.07152970 0.02034572
0.05295489 0.00140670 0.00097695 0.00045807 0.03683706 0.35428184 0.07128848 0.33379621 0.04512367 0.11139329 0.05770281 0.07322140 0.01972723
0.05282433 0.00329238 0.00084009 0.00414271 0.02851629 0.35475993 0.06892427 0.33317733 0.03561080 0.11303929 0.06489514 0.07360896 0.02117866
0.05381392 0.00078067 0.00127897 0.00134936 0.03011507 0.35512875 0.07161194 0.33233343 0.03195753 0.10844039 0.06214593 0.07364360 0.02043166
0.05415787 0.00100547 0.00082973 0.00170033 0.00056399 0.35560284 0.07531707 0.33247326 0.03286405 0.10962717 0.05200069 0.07338695 0.04610443
0.05358787 0.00234381 0.00085091 0.00350902 0.00558935 0.35547884 0.07608881 0.33370498 0.03057366 0.10991819 0.06457797 0.07368259 0.02072903
0.05326170 0.00129991 0.00084143 0.00118010 0.00149869 0.35534455 0.07909281 0.33379487 0.03559237 0.11020403 0.04991430 0.07212914 0.03065813
0.05785163 0.00801988 0.00080102 0.00944660 0.04240970 0.35573421 0.07414408 0.33561930 0.02801652 0.10995057 0.06302917 0.07248303 0.02320253
0.05850456 0.00591565 0.00125498 0.00722369 0.04199601 0.35583226 0.07307756 0.33651189 0.03126195 0.10431541 0.05900716 0.07309686 0.04357262
0.05894203 0.00470792 0.00066637 0.00268539 0.02456953 0.35504660 0.07296464 0.33553511 0.03958448 0.10944199 0.05307319 0.07190450 0.02318313
0.06235588 0.00200065 0.00271117 0.00033172 0.00124350 0.35557336 0.07327781 0.33530787 0.03077970 0.10377534 0.06273660 0.07243932 0.02090514
0.06635532 0.00218067 0.00103799 0.00092864 0.03140042 0.35516332 0.07028453 0.33343989 0.03973210 0.09584127 0.06443743 0.07329423 0.02511036
0.06799293 0.00355475 0.00335693 0.00031654 0.00367322 0.35483094 0.08125048 0.33242276 0.03573470 0.09491635 0.05547730 0.07537044 0.02237942
0.07125997 0.00122555 0.00122271 0.00112681 0.02328213 0.35575701 0.07570876 0.33192878 0.02683925 0.09507794 0.05936230 0.07445989 0.02195099
0.07156649 0.00092770 0.00094070 0.00022436 0.00077000 0.35447112 0.08290823 0.33077898 0.03064928 0.09523170 0.04756323 0.07261181 0.02049913
0.06812712 0.00373896 0.00059481 0.00208153 0.00413092 0.35611825 0.07385575 0.33164578 0.03797128 0.09597473 0.06069853 0.07190770 0.02194207
0.07007413 0.00270875 0.00058948 0.00019800 0.00338286 0.35485836 0.07224944 0.33304390 0.03301513 0.09739878 0.05081927 0.07354921 0.02256861
0.06945867 0.00348608 0.00058809 0.00264384 0.02588412 0.35612928 0.07798880 0.33396091 0.02603207 0.09262165 0.05410441 0.07223150 0.02164242
0.06665337 0.00339731 0.00079339 0.00662315 0.02497104 0.35535587 0.07277385 0.33476251 0.02600979 0.09391507 0.06046074 0.07196487 0.02197696
0.06591301 0.00309332 0.00102333 0.00255973 0.02266057 0.35546661 0.08477304 0.33463862 0.02659119 0.09505518 0.05013161 0.07148694 0.02216247
0.06305369 0.00365344 0.00113295 0.00272260 0.02463521 0.35532330 0.07459028 0.33424622 0.02898762 0.09480741 0.06127231 0.07318628 0.02300112
0.06058273 0.00780596 0.00129844 0.00758888 0.03318312 0.35582900 0.07222145 0.33294801 0.03044690 0.08820187 0.05056374 0.07302709 0.02194531
0.06026508 0.00205916 0.00109490 0.00098808 0.01567520 0.35506601 0.07428252 0.33166408 0.02382482 0.08661986 0.05570881 0.07400425 0.02413844
0.06033016 0.00058569 0.00112614 0.00020317 0.00048327 0.35576018 0.07069062 0.33030854 0.02517899 0.08684343 0.05390773 0.07745135 0.02121331
0.06108825 0.00067509 0.00089863 0.00031296 0.00056466 0.35528266 0.07745732 0.33055469 0.02643362 0.08528683 0.05573901 0.07186580 0.01999219
0.06175943 0.00078381 0.00088691 0.00020820 0.00056222 0.35533489 0.07091023 0.33062540 0.02852932 0.08498688 0.05942601 0.07259102 0.02101792
0.07014600 0.00769866 0.00072031 0.01120893 0.01641889 0.35551723 0.07593788 0.33189865 0.02826076 0.08462862 0.05574588 0.07236231 0.02032387
0.07061179 0.00165305 0.00092023 0.00204732 0.02736375 0.35484402 0.07350544 0.33376768 0.02280254 0.08870808 0.05772409 0.07367151 0.02110057
0.06921392 0.00066432 0.00125863 0.00020617 0.00051624 0.35613909 0.07152341 0.33334626 0.02769772 0.08776503 0.04986378 0.07161825 0.02102472
0.06798398 0.00091275 0.00123536 0.00055021 0.00478469 0.35435155 0.07602635 0.33257662 0.02404662 0.08665038 0.06325163 0.07069701 0.02070838
0.06835568 0.00064451 0.00073570 0.00021424 0.00078149 0.35477733 0.07380398 0.33233538 0.02804047 0.08553231 0.05709518 0.07272777 0.02306914
0.06823033 0.00409945 0.00060359 0.00525037 0.03229942 0.35447236 0.07871666 0.33160192 0.02915908 0.07792965 0.05866821 0.07626124 0.02048918
0.07741845 0.00271861 0.00071542 0.00244181 0.03097070 0.35473079 0.07376650 0.33059235 0.02858880 0.07735816 0.06027087 0.07445070 0.02207575
0.07633244 0.00126362 0.00074156 0.00086417 0.00295755 0.35413568 0.07639437 0.32999622 0.03314574 0.07780330 0.05330124 0.07277242 0.02114788
0.06885729 0.00787318 0.00090843 0.00466995 0.01656948 0.35500867 0.07466346 0.33004815 0.03802487 0.07824737 0.05195199 0.07531436 0.02410646
0.07404182 0.00617948 0.00104516 0.00586816 0.02682004 0.35383783 0.07098145 0.33123849 0.03474798 0.07860858 0.05429683 0.07390060 0.02212190
0.07118680 0.00142282 0.00133041 0.00453537 0.00449801 0.35503555 0.08005625 0.33200993 0.02453157 0.07994132 0.06002523 0.07385727 0.02789027
0.06234418 0.00107085 0.00410685 0.00030821 0.00085963 0.35415708 0.07746039 0.33200135 0.02696443 0.07113153 0.06293758 0.07932153 0.02211256
0.05967191 0.00079841 0.00246808 0.00028967 0.00058036 0.35434135 0.08292594 0.33225091 0.02872478 0.07488575 0.04681053 0.07327275 0.01992413
0.05752492 0.00065616 0.00197636 0.00020105 0.00048870 0.35484224 0.07270831 0.33138161 0.02225431 0.07476329 0.05639265 0.07601323 0.02112547
0.05444824 0.00122861 0.00202176 0.00022375 0.00073090 0.35379766 0.07349755 0.33089025 0.02882555 0.07546912 0.04503315 0.07387055 0.02076713
0.05466874 0.00100627 0.00186874 0.00019058 0.00061063 0.35533030 0.07283549 0.33046065 0.02363660 0.07595803 0.05675951 0.07189646 0.02229436
0.05527134 0.00079427 0.00161125 0.00022172 0.00061614 0.35464758 0.07244473 0.32927144 0.02824130 0.07628909 0.05627478 0.07480274 0.02112171
0.05678713 0.00076163 0.00138555 0.00019563 0.00059266 0.35583318 0.07895815 0.33013762 0.02674753 0.07796110 0.05256203 0.07415468 0.02093602
0.05601808 0.00056215 0.00114442 0.00022455 0.00046463 0.35489915 0.07341647 0.32921052 0.02227859 0.07742660 0.05806129 0.07171036 0.02092162
0.05565550 0.00078146 0.00081912 0.00020206 0.00056132 0.35553482 0.07707704 0.33025364 0.02689283 0.07900478 0.04443793 0.07201077 0.02099888
0.04914466 0.00196854 0.00063694 0.00232153 0.03617806 0.35455010 0.07066775 0.33222409 0.01993638 0.07828319 0.05421315 0.07413327 0.02054281
0.05043740 0.00344406 0.00098098 0.00296575 0.02313635 0.35559011 0.06410099 0.33212839 0.02694005 0.08581394 0.04368685 0.07494959 0.01977284
0.04881585 0.00277167 0.00151171 0.00571246 0.02748783 0.35397387 0.06421174 0.33154221 0.02115717 0.08603509 0.05061949 0.07275655 0.03125667
0.04853680 0.00127700 0.00117586 0.00311790 0.01809825 0.35568946 0.06349758 0.33217474 0.02346463 0.08712185 0.04656293 0.06978536 0.03558811
0.04875420 0.00269700 0.00101118 0.00529814 0.02419853 0.35470054 0.06255511 0.33035478 0.02322306 0.08862326 0.04678575 0.07250234 0.01833238
0.04967633 0.00299739 0.00089059 0.00137381 0.01753121 0.35531502 0.06373088 0.33053009 0.01943818 0.08938390 0.04266525 0.07396692 0.03545058
0.04900371 0.01267004 0.00085155 0.01451487 0.02022156 0.35584508 0.06080374 0.32973852 0.02333753 0.07775474 0.03969154 0.07143287 0.01848818
0.04812822 0.00465628 0.00157408 0.00439885 0.03293758 0.35466861 0.06346324 0.32819032 0.01902196 0.08606619 0.04848262 0.07160956 0.02051196
0.04775024 0.00387354 0.00071345 0.00590510 0.04402490 0.35541539 0.06392159 0.33024307 0.02427686 0.08494679 0.04470552 0.07123249 0.01769507
0.04622376 0.00063622 0.00068298 0.00022773 0.00050483 0.35519664 0.06599682 0.32983650 0.02294766 0.08429289 0.04914103 0.07134297 0.01845589
0.04469238 0.00167672 0.00050970 0.00219877 0.00343596 0.35527603 0.05982968 0.33064809 0.02403657 0.08349787 0.04666801 0.07137116 0.02186214
0.04377957 0.00117955 0.00055568 0.00165542 0.00188820 0.35529764 0.06040657 0.33196182 0.02973002 0.08284991 0.03770488 0.07006651 0.03450785
0.04232364 0.00129488 0.00058709 0.00335789 0.03613236 0.35556196 0.06149193 0.33126328 0.01495166 0.08399283 0.04735411 0.07265703 0.01985171
0.04416817 0.00404442 0.00076738 0.00423723 0.02825628 0.35495279 0.05028547 0.33079430 0.01634270 0.08315183 0.04962406 0.06993193 0.02987075
0.05603848 0.00251627 0.00091478 0.00233658 0.01974208 0.35673572 0.05708769 0.33032017 0.03088066 0.08595709 0.03825583 0.06985487 0.02044758
0.05450561 0.00103328 0.00142212 0.00084746 0.00071304 0.35450759 0.05405342 0.32890627 0.02895600 0.09417234 0.04595575 0.07220446 0.01733235
0.05242971 0.00060270 0.00126598 0.00048156 0.00067757 0.35715948 0.05728298 0.32978122 0.01854833 0.09562771 0.04044653 0.07253255 0.02212262
0.05001740 0.00042875 0.00114084 0.00066099 0.00069438 0.35419263 0.06201993 0.32845342 0.01472839 0.09406727 0.04038010 0.07009345 0.01470986
0.04654296 0.00485827 0.00144735 0.00484614 0.03472987 0.35700872 0.05160596 0.32849297 0.01312245 0.09359745 0.03151962 0.06932756 0.01911329
0.04423745 0.00360933 0.00150229 0.00261278 0.01933308 0.35540290 0.05553238 0.33054416 0.01382407 0.09256099 0.03427189 0.07098151 0.01793617
0.04339675 0.00286456 0.00155357 0.00572551 0.04785578 0.35643878 0.05435165 0.33094608 0.01503194 0.08328272 0.03273390 0.07114442 0.01798089
0.04261326 0.00219537 0.00142333 0.00263619 0.03145486 0.35577821 0.05245067 0.33103929 0.01471532 0.08273952 0.03726661 0.06907893 0.01916579
0.04193638 0.00889952 0.00142963 0.01019537 0.03159883 0.35505593 0.04960259 0.33111448 0.01287857 0.08537274 0.02862613 0.06961684 0.03409440
0.04278591 0.00273167 0.00215234 0.00341770 0.03629419 0.35555666 0.04648855 0.32989585 0.01125085 0.08480435 0.02897762 0.07007415 0.02357380
0.04992424 0.00440662 0.00122592 0.00732275 0.03867745 0.35480914 0.06704409 0.32936237 0.01247081 0.08586959 0.02195898 0.07179354 0.01690557
0.06626086 0.00190940 0.00075366 0.00292533 0.03964781 0.35591671 0.05065053 0.32925635 0.01321685 0.08631040 0.03454842 0.06980265 0.03570866
0.06678832 0.00233211 0.00160386 0.00186322 0.04182105 0.35478669 0.06374474 0.32799472 0.01907445 0.07848338 0.04158249 0.07284784 0.01461167
0.06723426 0.00192577 0.00094555 0.00069741 0.03688065 0.35680316 0.05752089 0.32905158 0.02217064 0.07983829 0.03745128 0.07110645 0.01801152
0.07672719 0.00482676 0.00053932 0.00145988 0.02439566 0.35434645 0.05259550 0.32904702 0.04406206 0.07828873 0.03072088 0.07019684 0.01926822
0.07703841 0.00515580 0.00094251 0.00515876 0.03088914 0.35715724 0.05728457 0.32938566 0.02078248 0.07999719 0.03849582 0.07046679 0.01678824
0.07536631 0.00153670 0.00070651 0.00074863 0.00344839 0.35425706 0.05159100 0.32983967 0.00832288 0.07809459 0.04682017 0.06805908 0.01485315
0.07200357 0.00074354 0.00110679 0.00014420 0.00060199 0.35678008 0.05797089 0.33038906 0.01644364 0.07925924 0.02784175 0.07093422 0.01420840
0.07120605 0.00091247 0.00094927 0.00016230 0.00030480 0.35484761 0.04530568 0.32974507 0.02546919 0.07858062 0.03879840 0.06847199 0.01622953
0.06862832 0.00064223 0.00106843 0.00013063 0.00038104 0.35600588 0.04953062 0.32862248 0.02284514 0.07871089 0.02379049 0.07064105 0.01359501
0.06762321 0.00023344 0.00115158 0.00013273 0.00027419 0.35609989 0.04548574 0.32758532 0.01070102 0.07779762 0.03988589 0.06937219 0.01380031
0.06658116 0.00132810 0.00068393 0.00114295 0.00404394 0.35600762 0.04806049 0.32813343 0.01672620 0.07753732 0.04420104 0.07398151 0.01366162
0.06611986 0.00060240 0.00083992 0.00014489 0.00076495 0.35605382 0.05188357 0.32760270 0.02116598 0.07761230 0.03051561 0.06883781 0.01606300
0.06071486 0.00071928 0.00071526 0.00059959 0.00109935 0.35581743 0.04581286 0.32733460 0.02325327 0.07827315 0.03827828 0.06855617 0.01403410
0.05890938 0.00045431 0.00075793 0.00014756 0.00034773 0.35575982 0.05121401 0.32898623 0.02251052 0.07782109 0.03010981 0.06918695 0.01476257
0.05648128 0.00148751 0.00093022 0.00390427 0.03327959 0.35540815 0.04831706 0.32991360 0.01923393 0.07101143 0.04073518 0.07012485 0.01401177
0.06019966 0.00161561 0.00089061 0.00225403 0.02362059 0.35670327 0.04966887 0.33050499 0.02257516 0.07014863 0.05692516 0.07086746 0.01571143
0.05970336 0.00074734 0.00091485 0.00120193 0.00159808 0.35510672 0.05362157 0.33083991 0.03165549 0.07014487 0.03803246 0.06839801 0.01689658
0.05950349 0.01091250 0.00067736 0.00895264 0.02631242 0.35686433 0.04714742 0.33047379 0.02479409 0.07013737 0.04519029 0.07204004 0.01743041
0.05975517 0.00302015 0.00113870 0.00365195 0.03235371 0.35420030 0.05355099 0.32911055 0.02405532 0.06871849 0.03477128 0.07109547 0.01461825
0.05970872 0.00080533 0.00071771 0.00043186 0.00092157 0.35663757 0.05171405 0.32910392 0.02887263 0.07044084 0.04457781 0.07528343 0.01470315
0.05956127 0.00682752 0.00059002 0.00882293 0.01875132 0.35487015 0.05108934 0.32752466 0.02339186 0.05875014 0.04991404 0.07109428 0.01536560
0.05919353 0.00176607 0.00089807 0.00029149 0.00108269 0.35725275 0.05352067 0.32810815 0.03603181 0.06094266 0.03919579 0.07100397 0.01546502
0.05946434 0.00110985 0.00060554 0.00015057 0.00064045 0.35514027 0.04981840 0.32756304 0.02577198 0.05938635 0.05004783 0.06991381 0.01717093
0.05829740 0.00705293 0.00050962 0.01143664 0.04405250 0.35619950 0.05629475 0.32961134 0.02389322 0.06044148 0.04128466 0.06939596 0.01677835
0.05723667 0.00241330 0.00131815 0.00174993 0.02352670 0.35481431 0.06134234 0.32984714 0.02523442 0.06075029 0.04051714 0.06920631 0.01676385
0.05601246 0.00477773 0.00063610 0.00420608 0.02889579 0.35560774 0.05619846 0.33024728 0.02323283 0.06044790 0.04669790 0.07135243 0.01579486
0.05706035 0.00317404 0.00055703 0.00257630 0.02350892 0.35522311 0.05811886 0.33021593 0.02984711 0.06145372 0.03979086 0.06860905 0.01541268
0.05648586 0.00125069 0.00059664 0.00195995 0.01773292 0.35524538 0.05403163 0.32988060 0.02341716 0.06081444 0.05303770 0.06901981 0.01905175
0.05631470 0.00101620 0.00051247 0.00390827 0.01750902 0.35642658 0.05605191 0.32931923 0.02726272 0.06121424 0.04218464 0.07013336 0.01643374
0.05404073 0.00279164 0.00063968 0.00047074 0.00208182 0.35451876 0.05899865 0.32861515 0.02076821 0.06908639 0.03695724 0.07373533 0.01884273
0.05513693 0.00280655 0.00048051 0.00236756 0.02111291 0.35612434 0.05419983 0.32851649 0.02691174 0.06205518 0.04808644 0.07200703 0.01750997
0.05440178 0.00355908 0.00171573 0.00384521 0.03167594 0.35335279 0.05429610 0.32704496 0.04123481 0.06623974 0.03822776 0.06986722 0.01631075
0.05439813 0.00694517 0.00090916 0.00254684 0.02508382 0.35514259 0.05166716 0.32843744 0.04341869 0.06960366 0.04311817 0.07291456 0.01732939
0.05493956 0.00225974 0.00081233 0.00050429 0.00368980 0.35339272 0.04603009 0.32857978 0.02466299 0.07020920 0.05383838 0.06971162 0.01547217
0.05476537 0.00826407 0.00050342 0.00696016 0.01268698 0.35591134 0.05681809 0.33026004 0.02356183 0.07377136 0.03278400 0.07363792 0.01665548
0.05453897 0.00239875 0.00170460 0.00455172 0.02913653 0.35441934 0.05974618 0.32995364 0.01617225 0.07388391 0.04139740 0.06821572 0.01461823
0.05530814 0.00446026 0.00125833 0.00537651 0.02299557 0.35521661 0.04985121 0.32970045 0.03828838 0.07505231 0.03100883 0.07200759 0.01731025
0.05587041 0.00201936 0.00086301 0.00022377 0.00106465 0.35440733 0.04325426 0.32924718 0.03323397 0.07244654 0.04682942 0.06780086 0.01495812
0.06422838 0.00456624 0.00056501 0.00816787 0.02340678 0.35531407 0.04624656 0.32897767 0.02181984 0.07232463 0.04537785 0.07076923 0.01901217
0.06864131 0.00340880 0.00054958 0.00319085 0.04069677 0.35389002 0.04939868 0.32788828 0.02233576 0.07057543 0.03596533 0.07031771 0.03076780
0.06800882 0.00557211 0.00064153 0.00733464 0.04219929 0.35555852 0.04071883 0.32880458 0.03143147 0.07042436 0.03549255 0.07287955 0.03140263
0.08136829 0.00491981 0.00133353 0.00241929 0.02247639 0.35427874 0.05474828 0.32969996 0.03786927 0.07041211 0.03350196 0.07168426 0.02116425
0.08014250 0.00172039 0.00103459 0.00110695 0.00207473 0.35479811 0.06035542 0.32950439 0.02766507 0.08266657 0.05636920 0.07021155 0.02884551
0.08049419 0.00106503 0.00123099 0.00175644 0.00164693 0.35494004 0.05944684 0.33077066 0.02633759 0.08234210 0.05148094 0.06996587 0.01586297
0.08014726 0.00156559 0.00100611 0.00040288 0.00103480 0.35448026 0.05480687 0.33160940 0.03771933 0.08121575 0.04274098 0.06975993 0.02408986
0.07890360 0.00114578 0.00098920 0.00076369 0.00124726 0.35505918 0.04477508 0.33088007 0.03427850 0.08122049 0.04695718 0.07258027 0.01390991
0.07503409 0.00239702 0.00113723 0.00028402 0.00129269 0.35462717 0.05593479 0.33070298 0.03516818 0.07565264 0.03697759 0.06836967 0.01755937
0.07713409 0.00215823 0.00155643 0.00048952 0.00089309 0.35476312 0.05369579 0.32930489 0.02827690 0.07797752 0.05023052 0.07049189 0.01742515
0.08244078 0.00117358 0.00170184 0.00028891 0.00060947 0.35489139 0.06351332 0.32916594 0.03135877 0.07697321 0.04684923 0.07505750 0.01578090
0.08724339 0.00155547 0.00187180 0.00031504 0.00145312 0.35491977 0.06508660 0.32996506 0.03659993 0.07902664 0.04410912 0.07401968 0.01668700
0.08115595 0.00761412 0.00140625 0.00830885 0.03417184 0.35457270 0.05182745 0.32873640 0.02666753 0.07601908 0.05510610 0.07394823 0.01808905
0.07949745 0.00280357 0.00150063 0.00580183 0.02491302 0.35569966 0.06161014 0.32978148 0.03344291 0.07734531 0.03459810 0.07240304 0.02105729
0.07924288 0.00234500 0.00146859 0.00348072 0.00766783 0.35388407 0.05247007 0.33047827 0.02468923 0.07495171 0.05508123 0.07180654 0.03471246
0.07259318 0.00177538 0.00144407 0.00361746 0.00357307 0.35624556 0.07125230 0.33111931 0.03239848 0.07549044 0.03939888 0.07257390 0.03256222
0.07152011 0.00262988 0.00127830 0.00277131 0.00384407 0.35404443 0.05490652 0.33156934 0.04092723 0.07463469 0.04504817 0.06915784 0.03886492
0.07396490 0.00559875 0.00132288 0.00572369 0.03160969 0.35570547 0.05118123 0.33163964 0.02131543 0.07502495 0.05241414 0.07073887 0.04085285
0.07252819 0.00240258 0.00091003 0.00369781 0.01974291 0.35481378 0.05979710 0.33117721 0.03108978 0.07522017 0.03369940 0.07109153 0.02017566
0.07035120 0.00188424 0.00077216 0.00496300 0.02572632 0.35481770 0.06075953 0.33031378 0.02282942 0.07533344 0.05133927 0.07228659 0.01739631
0.06718460 0.00131912 0.00162962 0.00014967 0.00070452 0.35553724 0.06988016 0.32878625 0.02523479 0.07621022 0.03956942 0.07027404 0.01668301
0.06741818 0.00505618 0.00125115 0.00432837 0.01958209 0.35423088 0.05362777 0.32842608 0.02612805 0.07652637 0.05013831 0.07374894 0.01861411
0.06182582 0.00127104 0.00281754 0.00030112 0.00053759 0.35498330 0.06842644 0.32939254 0.02594104 0.07930180 0.04652096 0.07169111 0.01982073
0.06511578 0.00106216 0.00140174 0.00037966 0.02883926 0.35362154 0.06197816 0.32865844 0.02897553 0.07867123 0.04573366 0.07100833 0.02012640
0.06394813 0.00562234 0.00082239 0.00633143 0.03558509 0.35499407 0.06535611 0.33080138 0.02284611 0.07911816 0.05558578 0.07142996 0.02073138
0.06437552 0.00652339 0.00055424 0.00756631 0.03283906 0.35390133 0.06971084 0.33139537 0.03107407 0.07662585 0.03685840 0.07115519 0.01927919
0.06398886 0.00317216 0.00260844 0.00443440 0.02286063 0.35395354 0.06050570 0.33125805 0.02362440 0.08791544 0.05296305 0.07353355 0.02389657
0.06241683 0.00109556 0.00178743 0.00192154 0.00241522 0.35283466 0.07532407 0.33114664 0.02887682 0.08524485 0.04386309 0.07154831 0.03209654
0.05902693 0.00080087 0.00112528 0.00217733 0.00179238 0.35511942 0.05890481 0.33130744 0.03118829 0.07719682 0.05030861 0.07184035 0.05029366
0.05689665 0.00222612 0.00223858 0.00188267 0.00181239 0.35254768 0.06846714 0.32820110 0.02514616 0.06915159 0.04082356 0.07462416 0.02276437
0.05688597 0.00148408 0.00183370 0.00059204 0.00120424 0.35454565 0.05882251 0.32908271 0.02356184 0.06920944 0.04356415 0.07356376 0.02655802
0.06249775 0.00684500 0.00111993 0.00898024 0.01910071 0.35338237 0.05953538 0.32768310 0.01699195 0.06801009 0.04831562 0.07476330 0.02031575
0.06232278 0.00168664 0.00083162 0.00294583 0.02617305 0.35408027 0.07100954 0.32778778 0.02226284 0.06866675 0.03234630 0.07161381 0.02460635
0.05991915 0.00109472 0.00098906 0.00201540 0.02046605 0.35407657 0.05992980 0.32836666 0.01968991 0.06888929 0.04907244 0.07113733 0.01808962
0.05361267 0.00073672 0.00144892 0.00737451 0.00443986 0.35307785 0.07527092 0.32803490 0.01941312 0.06982928 0.03436978 0.07297886 0.03446963
0.04978216 0.00095700 0.00190651 0.00209362 0.00089435 0.35409403 0.05874116 0.32908039 0.02050500 0.07012398 0.04791047 0.07311033 0.02158006
0.04584951 0.00517986 0.00205269 0.00719449 0.01983597 0.35258800 0.05994375 0.32936949 0.01782471 0.06893571 0.05208637 0.07169279 0.01889987
0.04275109 0.00079224 0.00189071 0.00016994 0.00084132 0.35299079 0.06658485 0.32759525 0.02333754 0.06971263 0.03226979 0.07276354 0.01931818
0.04157495 0.00057660 0.00194110 0.00066543 0.00114915 0.35244688 0.05472277 0.32829881 0.02085305 0.06774993 0.05041157 0.07440500 0.01809679
0.04108967 0.00067187 0.00162188 0.00015645 0.00049589 0.35347482 0.07209031 0.32756298 0.02482158 0.06957762 0.03433538 0.07408074 0.01724723
0.04094040 0.00066811 0.00142215 0.00024001 0.00080319 0.35163223 0.05317847 0.32501674 0.02336544 0.06700513 0.04299215 0.07221551 0.01726214
0.04139807 0.00063824 0.00126354 0.00015881 0.03418924 0.35424331 0.05606259 0.32651340 0.01685284 0.06981200 0.04823703 0.07135605 0.01690709
0.04191723 0.00078633 0.00215572 0.00014514 0.00061485 0.35138498 0.05302928 0.32540504 0.02750309 0.07906169 0.03212475 0.07243528 0.01516033
0.04234152 0.00658477 0.00126536 0.00699007 0.01511138 0.35429460 0.04895892 0.32650217 0.01926700 0.08085567 0.04716539 0.07107153 0.01706727
0.04114409 0.00199411 0.00222275 0.00447628 0.03096651 0.35195900 0.05991438 0.32810154 0.02264605 0.08444348 0.03171549 0.06879810 0.01445012
0.04194939 0.00788348 0.00217669 0.01144260 0.03459711 0.35381671 0.04695000 0.33000003 0.02213405 0.09410374 0.04318948 0.07487686 0.01574454
0.04145669 0.00139013 0.00150836 0.00151067 0.02696457 0.35321394 0.05896251 0.32973522 0.01865328 0.09557360 0.04414427 0.06971633 0.01598435
0.04125521 0.00619798 0.00110758 0.00421265 0.01695872 0.35300891 0.05135207 0.32919277 0.02711964 0.09515347 0.03556328 0.06901479 0.01836556
0.03984752 0.00157466 0.00096722 0.00203260 0.03655203 0.35343863 0.05302031 0.32798392 0.01615214 0.09098460 0.04919729 0.07047313 0.01507377
0.03764767 0.00613148 0.00100076 0.00435590 0.02393000 0.35314598 0.06045900 0.32874495 0.02280923 0.08045888 0.03895482 0.07210258 0.01785518
0.03618208 0.00676413 0.00091221 0.00687553 0.02671346 0.35407271 0.06141554 0.32714784 0.01819308 0.07910307 0.04164781 0.07225896 0.01740141
0.03569521 0.00277323 0.00119392 0.00143680 0.02249655 0.35331429 0.06345460 0.32633598 0.02260938 0.07002023 0.03948529 0.07166334 0.01939332
0.03467037 0.00409007 0.00059644 0.00507918 0.05093927 0.35442178 0.04746307 0.32779108 0.02782355 0.07018021 0.04215508 0.07005011 0.01845581
0.03372821 0.00281883 0.00046049 0.00370205 0.02575667 0.35323684 0.06179482 0.32820177 0.02561759 0.06967265 0.03940394 0.07319169 0.02281642
0.03311002 0.00338735 0.00068929 0.00636191 0.02832446 0.35535941 0.05576275 0.33000068 0.02098918 0.07188683 0.04766038 0.07107115 0.03095328
0.03142898 0.00070111 0.00400714 0.00195391 0.00074919 0.35316959 0.06459699 0.33010742 0.02440504 0.07160776 0.04132100 0.07515345 0.01750116
0.02983980 0.00084351 0.00073652 0.00268861 0.00206629 0.35577405 0.06267960 0.33063118 0.02223016 0.07454400 0.04314752 0.07201202 0.03522306
0.02887339 0.00065479 0.00151316 0.00302519 0.00261622 0.35347097 0.05235353 0.32993853 0.02446675 0.08199832 0.04211540 0.06858960 0.03799523
0.02715921 0.00126318 0.00086665 0.00173972 0.02362927 0.35537985 0.06481081 0.33014101 0.02252716 0.08300266 0.04210737 0.07072947 0.01979626
0.03213579 0.00182688 0.00129527 0.00162439 0.00282982 0.35453159 0.05068195 0.32909445 0.02839645 0.09105665 0.04627951 0.07072259 0.02329754
0.03296817 0.00123009 0.00119290 0.00085408 0.00067287 0.35465986 0.05689158 0.32917288 0.02685054 0.09898461 0.03894295 0.07115109 0.02038460
0.03166239 0.00062953 0.00111168 0.00095419 0.00063655 0.35490285 0.05947054 0.32828181 0.01953760 0.09543025 0.04623743 0.07002326 0.01678025
0.03012058 0.00056270 0.00072402 0.00027601 0.00040749 0.35436606 0.04987408 0.32825480 0.02336233 0.09563693 0.03743260 0.06943313 0.02081046
0.02988017 0.00771410 0.00052112 0.00811382 0.01714178 0.35470363 0.05669654 0.32924567 0.01964972 0.08926250 0.04179123 0.06856847 0.01424793
0.03021793 0.00091036 0.00046144 0.00200332 0.02598477 0.35468584 0.04790466 0.32968974 0.02353135 0.08918850 0.03983467 0.07034902 0.02175291
0.03033123 0.00731995 0.00049305 0.00961776 0.02201623 0.35494010 0.05877498 0.33053303 0.02204846 0.09136205 0.03790418 0.06931395 0.01373132
0.02994009 0.00418872 0.00119088 0.00220722 0.04787244 0.35385855 0.05465908 0.33023936 0.01991180 0.08642951 0.04313756 0.06885257 0.01905984
0.02897549 0.00410365 0.00067535 0.00233927 0.02200549 0.35538517 0.05771647 0.33001199 0.03628969 0.08893743 0.03933897 0.07035712 0.01913045
0.02815635 0.00297261 0.00099141 0.00544496 0.02743635 0.35381538 0.05699691 0.32977589 0.01771775 0.09025687 0.05974353 0.07046141 0.01771956
0.02746255 0.00129189 0.00086988 0.00253445 0.02059692 0.35615056 0.05410032 0.32967073 0.03139990 0.09170370 0.03645303 0.07254722 0.01909595
0.02600693 0.00201316 0.00092347 0.00276071 0.02011053 0.35367376 0.05766928 0.32864286 0.02705197 0.09181504 0.04672919 0.07073399 0.01567402
0.02518690 0.00439591 0.00088772 0.00367249 0.02427559 0.35623817 0.05553993 0.32914781 0.02728739 0.09233791 0.03660400 0.07080285 0.01754566
0.02610497 0.00243233 0.00083648 0.00462367 0.01385541 0.35407362 0.05436053 0.32906983 0.02454382 0.09087126 0.03819062 0.06969137 0.03375659
0.02588319 0.00395123 0.00075991 0.00417522 0.01718662 0.35577394 0.05277749 0.33027678 0.02043567 0.09076912 0.05280843 0.07087990 0.01818087
0.02589710 0.00154744 0.00060765 0.00149615 0.03404253 0.35390598 0.05482023 0.33079507 0.03568181 0.08866989 0.03232789 0.06931295 0.03422112
0.02497440 0.00158310 0.00057643 0.00362804 0.02786030 0.35492158 0.05070414 0.33070667 0.02069828 0.09067952 0.05451696 0.07031710 0.02094598
0.04272508 0.00243583 0.00062061 0.00418901 0.02446309 0.35387842 0.05526502 0.33119484 0.02878755 0.09053519 0.03439858 0.06883875 0.01704317
0.04212881 0.00361062 0.00064062 0.00534136 0.02035658 0.35525352 0.05579500 0.33106531 0.02276494 0.09172570 0.04235485 0.06990601 0.02230128
0.02615530 0.00054344 0.00042056 0.00118194 0.05053524 0.35411294 0.05774461 0.32946109 0.02326050 0.09306156 0.04590838 0.06992885 0.01612442
0.02607791 0.00283022 0.00046390 0.00157020 0.02398585 0.35487323 0.05891496 0.33001872 0.03565504 0.09342808 0.03421784 0.07180700 0.02425412
0.02580283 0.01161481 0.00049525 0.01150236 0.04227546 0.35496265 0.05506065 0.32944529 0.02496002 0.08942545 0.05585005 0.07311127 0.01597904
0.02590947 0.00338591 0.00051084 0.00833716 0.01974341 0.35430791 0.05931857 0.32922251 0.03010788 0.08859988 0.03748073 0.07159254 0.02572213
0.02556643 0.00233411 0.00382950 0.00550357 0.02903186 0.35503063 0.06323242 0.33006910 0.01907265 0.09046836 0.04862260 0.07013275 0.03204718
0.02488695 0.00086780 0.00220592 0.00309984 0.00327183 0.35304427 0.07054279 0.33018863 0.02349014 0.09729781 0.04734796 0.07036109 0.01962920
0.02572221 0.00084762 0.00122319 0.00182356 0.00118716 0.35525530 0.06262986 0.33148910 0.03006843 0.09579752 0.04170451 0.07139925 0.02700800
0.02739338 0.00181107 0.00072695 0.00107024 0.00168852 0.35296179 0.05937350 0.33099111 0.01635462 0.09329112 0.05651410 0.06874225 0.02755268
0.02841558 0.00138624 0.00047850 0.00129318 0.00217313 0.35499984 0.06750936 0.33064382 0.02409766 0.09162920 0.03903278 0.06974296 0.01964765
0.02830570 0.00147913 0.00037905 0.00141186 0.03480337 0.35326036 0.06039339 0.33037889 0.01586532 0.09025386 0.04555904 0.07011171 0.02575129
0.03023556 0.00350451 0.00053139 0.00402309 0.02934532 0.35527018 0.07121590 0.33018500 0.02140267 0.09032957 0.03623491 0.07175974 0.01714462
0.02950599 0.00243318 0.00036640 0.00114159 0.02861529 0.35378634 0.05393305 0.32868044 0.02729175 0.09045982 0.04118317 0.06962355 0.01768449
0.02980788 0.00114878 0.00109466 0.00017175 0.00053695 0.35543638 0.05274915 0.32906540 0.02956688 0.09247996 0.05090186 0.07224275 0.01758698
0.04103223 0.00090034 0.00117347 0.00095767 0.02647379 0.35375375 0.05557396 0.32885700 0.02577179 0.09385615 0.03870032 0.06981750 0.01690254
0.04099229 0.00200329 0.00087832 0.00429043 0.02505423 0.35500866 0.04936399 0.32966616 0.01981947 0.09480201 0.04781370 0.07091274 0.01519542
0.04144738 0.00065324 0.00096452 0.00432856 0.00346144 0.35413510 0.05658294 0.33047113 0.02490442 0.09796173 0.03002464 0.06835367 0.03338611
0.04170204 0.00088736 0.00095360 0.00191267 0.00078736 0.35449402 0.04956926 0.33088593 0.02359999 0.09940430 0.04295094 0.06972977 0.02188113
0.04126656 0.00166561 0.00102005 0.00182005 0.00264405 0.35458277 0.05779528 0.33070132 0.02514809 0.09593141 0.04630000 0.07000892 0.01903618
0.04385932 0.00670701 0.00110739 0.00802718 0.03283848 0.35348950 0.04759853 0.32970155 0.02516364 0.08977343 0.05772296 0.07000639 0.01631157
0.04281821 0.00315125 0.00087811 0.00363635 0.03242764 0.35537124 0.05317757 0.32895652 0.02745289 0.09063528 0.03808814 0.07062155 0.01617045
0.04213449 0.00109465 0.00065320 0.00030003 0.00043610 0.35358318 0.06497673 0.32817389 0.02401124 0.08884566 0.04082231 0.07189029 0.01552637
0.04051329 0.00505371 0.00059863 0.00429682 0.04336369 0.35500819 0.06321535 0.32931283 0.01829282 0.08766879 0.04223327 0.07433959 0.03009337
0.03950576 0.00300433 0.00059762 0.00509853 0.00681616 0.35340832 0.06066906 0.32809463 0.02921164 0.08515680 0.03329884 0.07082793 0.03338990
0.03823045 0.00959870 0.00057915 0.01129680 0.03725964 0.35497358 0.04935282 0.32933684 0.03268207 0.08437930 0.04706966 0.07163278 0.01899164
0.03642910 0.00437757 0.00175837 0.00451468 0.04270896 0.35318548 0.05862736 0.33008328 0.02096252 0.07617155 0.04483848 0.07115642 0.03304408
0.03628199 0.00445665 0.00105969 0.00201167 0.02349950 0.35428309 0.05902960 0.33138581 0.04621370 0.07751499 0.04494079 0.07569216 0.02298801
0.03521541 0.00325311 0.00076714 0.00089376 0.00319060 0.35300346 0.06529394 0.33152219 0.04017847 0.07684716 0.05022427 0.06945740 0.02090827
0.05390118 0.00489039 0.00074083 0.00294417 0.03221026 0.35371247 0.06294534 0.33171973 0.03564812 0.07913593 0.04433908 0.07101991 0.03052713
0.06267826 0.00294425 0.00071007 0.00312858 0.00547429 0.35318959 0.06488906 0.33159650 0.03258729 0.08270704 0.05964065 0.07017826 0.02280460
0.06552697 0.00228526 0.00071197 0.00169447 0.03313567 0.35385347 0.05586968 0.33121528 0.04804841 0.08509896 0.05133874 0.07210133 0.01717289
0.06617916 0.00454675 0.00136135 0.00558568 0.02395122 0.35330105 0.06707847 0.32965492 0.04596207 0.08814636 0.05475162 0.07567910 0.01785199
0.07166706 0.00706805 0.00168234 0.00768730 0.02536233 0.35390263 0.05867048 0.32959757 0.03894031 0.08950122 0.05933396 0.07367742 0.01916408
0.06810229 0.00446606 0.00148345 0.00504689 0.03653409 0.35436102 0.06354300 0.33057216 0.03214063 0.09030987 0.06567426 0.07816155 0.01939838
0.06822277 0.00450351 0.00129637 0.00308763 0.02378788 0.35316015 0.06898890 0.33016270 0.03577295 0.08966098 0.05648449 0.07441997 0.02237685
0.06816735 0.00651342 0.00113710 0.00571738 0.03763983 0.35402356 0.06239334 0.33134714 0.04232802 0.08175253 0.05091380 0.07282664 0.01783344
0.06653411 0.00245101 0.00110312 0.00099957 0.01894692 0.35349748 0.07061004 0.33201451 0.03733960 0.07682313 0.05515641 0.07278068 0.02373569
0.05947258 0.01045190 0.00050801 0.01038613 0.03121654 0.35470205 0.06308738 0.33350221 0.04057804 0.07400278 0.05919922 0.07402328 0.02094417
0.05898640 0.00234344 0.00062197 0.00134451 0.02959504 0.35405302 0.07222156 0.33357664 0.03548212 0.07409790 0.06584791 0.07115013 0.02393195
0.05888217 0.00165133 0.00055004 0.00276001 0.01328055 0.35438448 0.07242689 0.33243658 0.04115944 0.07295471 0.05759935 0.07234267 0.04508278
0.05835129 0.00251240 0.00059048 0.00152474 0.01059744 0.35400712 0.08103615 0.33142365 0.03487581 0.07372661 0.06209868 0.07228144 0.02099213
0.06123463 0.00204477 0.00067310 0.00050550 0.00635838 0.35462628 0.07731820 0.33158270 0.03336233 0.07510953 0.06534115 0.07553520 0.02446756
0.06064180 0.00931298 0.00064387 0.01125320 0.01957327 0.35381253 0.06959695 0.33098471 0.03989812 0.07577624 0.06050897 0.07425095 0.01972389
0.06009555 0.00717439 0.00073727 0.01012698 0.01925445 0.35510058 0.07800108 0.33091759 0.03273986 0.07873762 0.06711699 0.07454650 0.02229004
0.06868601 0.00208630 0.00134868 0.00195440 0.02741602 0.35462035 0.06688782 0.33142468 0.03832910 0.08322982 0.05306453 0.07183602 0.02030597
0.06634302 0.00313299 0.00098484 0.00551882 0.03029097 0.35445272 0.06957178 0.33204412 0.02760291 0.08680024 0.06070469 0.07439077 0.04093243
0.06571658 0.00325127 0.00109486 0.00444556 0.02609833 0.35565928 0.07068649 0.33305743 0.02306484 0.08843438 0.05387427 0.07187646 0.02198274
0.07084983 0.01109399 0.00108252 0.01337513 0.03197884 0.35356755 0.07324328 0.33271171 0.03249756 0.08996349 0.04995700 0.07230670 0.01954025
0.06982291 0.00301684 0.00102048 0.00697649 0.03324022 0.35625977 0.07175237 0.33355150 0.03802924 0.09045506 0.05326604 0.07272906 0.04182104
0.06934070 0.00167789 0.00089101 0.00213902 0.00135262 0.35366627 0.06941318 0.33301939 0.02989679 0.09022295 0.06097989 0.07212003 0.03633132
0.06753659 0.00097916 0.00080718 0.00312498 0.00384131 0.35566805 0.08392259 0.33246004 0.02499110 0.08855053 0.06055857 0.07489519 0.03398772
0.06010097 0.00148715 0.00061244 0.00191723 0.02461078 0.35425949 0.07690334 0.33188932 0.03401787 0.08814665 0.05510324 0.07395581 0.02199832
0.05931980 0.00350219 0.00043359 0.00259075 0.03463504 0.35525010 0.07042525 0.33261755 0.05347332 0.08554745 0.05322603 0.07563157 0.03273997
0.05829861 0.00235672 0.00043745 0.00191777 0.00199422 0.35421821 0.08566204 0.33247963 0.03780971 0.08640815 0.06546861 0.07428930 0.02262022
0.05679915 0.00160890 0.00042865 0.00058394 0.00167944 0.35479180 0.07425728 0.33306783 0.04064401 0.08497922 0.07199470 0.07406580 0.03010058
0.05380430 0.00428304 0.00255664 0.00555718 0.04968208 0.35394044 0.07436121 0.33341940 0.05410026 0.08376754 0.06314171 0.07186785 0.02227840
0.05588388 0.00483029 0.00081478 0.00204550 0.02434302 0.35546851 0.09122346 0.33522360 0.04512108 0.07301868 0.05247679 0.07844529 0.02692845
0.05957301 0.00224197 0.00055544 0.00404429 0.02374708 0.35478188 0.08171275 0.33509251 0.02898262 0.07318353 0.06906613 0.07320165 0.02651711
0.05949166 0.00253728 0.00047507 0.00371489 0.02157038 0.35607721 0.08675859 0.33509276 0.03358276 0.07541315 0.06568070 0.07340905 0.02285375
0.06943422 0.00428564 0.00061867 0.00502727 0.03440330 0.35668193 0.07679709 0.33503382 0.05563226 0.07534572 0.05604503 0.07390486 0.02719933
0.06866839 0.00670067 0.00054990 0.00387378 0.02450709 0.35519207 0.08110023 0.33483695 0.04712352 0.07702587 0.07224985 0.07527596 0.02437993
0.06928411 0.00443144 0.00050850 0.00327358 0.04656581 0.35685684 0.09025288 0.33409727 0.04112653 0.07751259 0.06086407 0.07642491 0.02418982
0.06907525 0.00361607 0.00103558 0.00348516 0.02626637 0.35554994 0.08153469 0.33333564 0.02998191 0.07755761 0.07645505 0.07562872 0.02432692
0.06775877 0.00212177 0.00068750 0.00116089 0.01527993 0.35598801 0.08433917 0.33356550 0.04155266 0.07774345 0.06565483 0.07491016 0.02435287
0.06784697 0.00230363 0.00074047 0.00412589 0.01784002 0.35564357 0.08274168 0.33371946 0.05163308 0.07727189 0.05957408 0.07625019 0.02385645
0.06420684 0.00197297 0.00104476 0.00084466 0.00397689 0.35558186 0.08358923 0.33476928 0.03000783 0.07615827 0.06782028 0.07363815 0.04358141
0.06264180 0.00233196 0.00077748 0.00327266 0.00322661 0.35613570 0.08442093 0.33575172 0.04809138 0.07671352 0.05984278 0.07432963 0.02501148
0.06207020 0.00153301 0.00058052 0.00138487 0.00156049 0.35619474 0.08038259 0.33576563 0.03563954 0.07447691 0.07119947 0.07290608 0.03589856
0.06273433 0.00099458 0.00165146 0.00025619 0.00065750 0.35503446 0.08775802 0.33512606 0.03878530 0.07785114 0.06088204 0.07336747 0.02413608
0.06389217 0.00103771 0.00151145 0.00033730 0.00072544 0.35674281 0.08967150 0.33450187 0.03508773 0.07628057 0.05775545 0.07400760 0.02303461
0.06698894 0.00302113 0.00103151 0.00022654 0.00116055 0.35476762 0.08471470 0.33363844 0.03585980 0.07651659 0.06851522 0.07290138 0.02414257
0.07030630 0.00352437 0.00150305 0.00563650 0.02924950 0.35649987 0.08469612 0.33334600 0.04244414 0.07289939 0.05979011 0.07561504 0.02445940
0.07098119 0.00219228 0.00053815 0.00200911 0.01935497 0.35479465 0.08197057 0.33269416 0.03210886 0.07252135 0.07454662 0.07429351 0.02849233
0.07093567 0.00371253 0.00075749 0.00567915 0.01757320 0.35608276 0.08579667 0.33311240 0.03734249 0.08403854 0.05879746 0.07503759 0.02373930
0.07124053 0.00319524 0.00125992 0.00375217 0.02391687 0.35460568 0.08586207 0.33375083 0.03808181 0.08693638 0.05796772 0.07345664 0.02404969
0.06959579 0.00620977 0.00084141 0.00829270 0.03454438 0.35416737 0.08626240 0.33481787 0.03490569 0.08765911 0.06834865 0.07532886 0.02373342
0.06573360 0.00574204 0.00097562 0.00144575 0.00942354 0.35367705 0.08624533 0.33527045 0.04750236 0.08178970 0.07235555 0.07490715 0.02475654
0.06236280 0.00325154 0.00119279 0.00054926 0.00274282 0.35388374 0.08578081 0.33538880 0.04484654 0.08254697 0.07611013 0.07384014 0.02497901
0.06094410 0.00119168 0.00107619 0.00097714 0.00128470 0.35386606 0.08515175 0.33499301 0.04802172 0.08404282 0.06112694 0.07311596 0.02435455
0.06492829 0.00110068 0.00058880 0.00035302 0.00115322 0.35515594 0.08574982 0.33430470 0.03249462 0.07731137 0.07523122 0.07445666 0.02356082
0.06457423 0.00784800 0.00051931 0.00824786 0.02671064 0.35441420 0.08834456 0.33379344 0.04479964 0.07476343 0.06322367 0.07563166 0.02380728
0.06349940 0.00293019 0.00053398 0.00438078 0.03112442 0.35449448 0.08340751 0.33350174 0.04594853 0.07465149 0.07095544 0.07592507 0.02613395
0.06361943 0.00155934 0.00053677 0.00034578 0.00091788 0.35494258 0.09277946 0.33304550 0.04347606 0.07349418 0.06868684 0.07528120 0.02400203
0.06299269 0.00429986 0.00089098 0.00572878 0.02401233 0.35481590 0.08062821 0.33325264 0.04113068 0.07466097 0.06568903 0.07362385 0.02317185
0.06207992 0.00121679 0.00060177 0.00021896 0.00069321 0.35565469 0.08044224 0.33387367 0.03788480 0.07336984 0.06921347 0.07385342 0.02134501
0.06460691 0.00121066 0.00073659 0.00021823 0.00069797 0.35566807 0.07746204 0.33447265 0.04509542 0.06645978 0.06180324 0.07204742 0.02249011
0.06332950 0.00100047 0.00069218 0.00021975 0.00057814 0.35652190 0.07458197 0.33501072 0.04109124 0.06657880 0.06843978 0.07234948 0.02256989
0.06230541 0.00099518 0.00071548 0.00021208 0.00067776 0.35584984 0.08113431 0.33518994 0.04089723 0.06707933 0.06309476 0.07261201 0.02145025
0.06016048 0.00230352 0.00078813 0.00022552 0.00116167 0.35662478 0.07094561 0.33478260 0.04279965 0.06841740 0.06960812 0.07240696 0.02195414
0.06097797 0.00156012 0.00071589 0.00020682 0.00066603 0.35640186 0.08135655 0.33362725 0.04037961 0.06805903 0.06291151 0.07289334 0.02198303
0.06216748 0.00758112 0.00059019 0.01098759 0.01706669 0.35758687 0.07976334 0.33351632 0.03916902 0.06097535 0.05992971 0.07405048 0.02259777
0.06351668 0.00663039 0.00049230 0.00574358 0.01670199 0.35642208 0.07994980 0.33277733 0.04234575 0.05998332 0.05831096 0.07466748 0.02349016
0.06318980 0.00265011 0.00096174 0.00312999 0.02961075 0.35751661 0.07217689 0.33303561 0.03171938 0.06207737 0.06956288 0.07431677 0.02101161
0.06247549 0.00240932 0.00058841 0.00249222 0.02125080 0.35590035 0.06796217 0.33284794 0.04160561 0.06308566 0.05590380 0.07205582 0.02344080
0.06032222 0.00791505 0.00056987 0.00560620 0.01372611 0.35783150 0.07678889 0.33468715 0.03976920 0.06369031 0.06371083 0.07276748 0.02292263
0.06053015 0.00381594 0.00066065 0.00614790 0.02867131 0.35720250 0.07096906 0.33541426 0.04457998 0.06565621 0.05359740 0.07168317 0.02045117
0.06062799 0.00061320 0.00084707 0.00089931 0.00167164 0.35795383 0.07490176 0.33477839 0.02975468 0.06728545 0.06017775 0.07041949 0.01947849
0.06146472 0.00083367 0.00065841 0.00025710 0.00065051 0.35853987 0.07188999 0.33512339 0.03319296 0.06777511 0.05271003 0.07004068 0.01923974
0.06035090 0.00085209 0.00067049 0.00033232 0.00073659 0.35776474 0.06720025 0.33432073 0.03263337 0.06910849 0.05220879 0.07010084 0.02083639
0.05903414 0.00085703 0.00062269 0.00024785 0.00067266 0.35862032 0.07102489 0.33373791 0.02757738 0.06819579 0.06363922 0.07232707 0.01968237
0.05712387 0.00102253 0.00191127 0.00019339 0.00057064 0.35781908 0.06544484 0.33266334 0.04071867 0.06912171 0.04577953 0.07164539 0.01969795
0.05761624 0.00460776 0.00093612 0.00051847 0.00347750 0.35830985 0.06600683 0.33224866 0.02712054 0.06848401 0.06490535 0.07131230 0.01774610
0.05982790 0.00228072 0.00059026 0.00049107 0.03579380 0.35872628 0.06706481 0.33298858 0.04000454 0.06619013 0.04643591 0.07086347 0.01802984
0.06000384 0.00469404 0.00056551 0.00697274 0.05244004 0.35837703 0.06043513 0.33373155 0.02994729 0.06720031 0.05528738 0.07145403 0.01884624
0.06002365 0.00481320 0.00092081 0.00426321 0.03552846 0.35853686 0.06649151 0.33376789 0.02862638 0.05662306 0.04447029 0.07102643 0.02013572
0.05929507 0.00491240 0.00063317 0.00532204 0.04329820 0.35948855 0.05773604 0.33564866 0.03222725 0.05705482 0.04594857 0.07086074 0.01847952
0.05847722 0.00363126 0.00054143 0.00240731 0.02946061 0.35795200 0.06739519 0.33513645 0.03204097 0.05746183 0.05520171 0.07112532 0.02068479
0.06270082 0.00484315 0.00063991 0.00514402 0.04004467 0.35953039 0.06361889 0.33528685 0.03781282 0.05770175 0.04727002 0.06943578 0.01993174
0.06291828 0.00980943 0.00065982 0.01104988 0.03263832 0.35844561 0.05943410 0.33454086 0.02964433 0.05965602 0.06128906 0.07021861 0.01818015
0.06032245 0.00137671 0.00135531 0.00062792 0.00054831 0.35908686 0.07965315 0.33384526 0.03116264 0.07214789 0.04448070 0.07156807 0.01894831
0.05827246 0.00108977 0.00119543 0.00033797 0.00056952 0.35947218 0.06798024 0.33343677 0.03002704 0.07300228 0.05595080 0.07313463 0.01939044
0.05480564 0.00190104 0.00118683 0.00020425 0.00101752 0.35869976 0.07591665 0.33271148 0.03438046 0.06197201 0.05131581 0.07193985 0.01799099
0.05398831 0.00142398 0.00174322 0.00023580 0.00066691 0.36021925 0.05710383 0.33271607 0.03384961 0.06516503 0.05618828 0.07385211 0.02021329
0.05227334 0.00720338 0.00106967 0.00573224 0.03813739 0.35887364 0.06724573 0.33390247 0.02718208 0.06451994 0.05442089 0.07078205 0.02084479
0.05248365 0.00726096 0.00094830 0.00839103 0.01528260 0.35924113 0.06945428 0.33471770 0.03445981 0.06523874 0.04982395 0.07151214 0.01947814
0.06473415 0.00319056 0.00096914 0.00173735 0.03135597 0.35939950 0.06242715 0.33627081 0.03535737 0.07120336 0.05813281 0.07059888 0.02238389
0.06690007 0.00323937 0.00054546 0.00242841 0.02568943 0.35914676 0.07949856 0.33703703 0.03557868 0.07258890 0.05037396 0.07032695 0.02293432
0.05557773 0.01140228 0.00138099 0.01150537 0.01968222 0.35901516 0.07484295 0.33647941 0.03118326 0.07184535 0.06207611 0.07121112 0.03315713
0.05433636 0.00766513 0.00117605 0.01088310 0.01304907 0.35964906 0.08167328 0.33612272 0.03425878 0.07404676 0.05643353 0.07164223 0.01857290
0.05264081 0.00302883 0.00069048 0.00385635 0.02613816 0.35852810 0.06743849 0.33471579 0.03837390 0.07298145 0.05195586 0.07212831 0.02019983
0.05383180 0.00507861 0.00060486 0.00601581 0.03061941 0.36106588 0.06367323 0.33404112 0.03363876 0.07449200 0.05471568 0.07279485 0.01993121
0.05335431 0.00091223 0.00075915 0.00021928 0.00049070 0.35881239 0.07210974 0.33289194 0.02744770 0.07433990 0.05460241 0.07129892 0.02001741
0.05132439 0.00086060 0.00145710 0.00020128 0.00057226 0.35974191 0.06020531 0.33304311 0.03241360 0.07496645 0.05337007 0.07571651 0.01893113
0.06121008 0.00160702 0.00143924 0.00080159 0.00111127 0.35926876 0.07269525 0.33423866 0.02997272 0.08342575 0.05603045 0.07391043 0.01899663
0.06079083 0.00237919 0.00097990 0.00198962 0.04241457 0.35815954 0.06265079 0.33463570 0.03486606 0.08344626 0.04658448 0.07145031 0.02029500
0.06294221 0.00517033 0.00069224 0.00886164 0.03904414 0.35894616 0.06580392 0.33551192 0.02335233 0.08374818 0.05890682 0.07070958 0.01842627
0.06293296 0.00936445 0.00213114 0.00772829 0.03855767 0.35832446 0.06874205 0.33568496 0.03086763 0.06927505 0.04556725 0.07092999 0.02093548
0.06159543 0.00416167 0.00187318 0.00657413 0.03747584 0.35815588 0.05807546 0.33511647 0.03342247 0.07898162 0.05482837 0.07136337 0.02443876
0.07024253 0.00211559 0.00195878 0.00264830 0.03489395 0.35760355 0.07643042 0.33445061 0.02550793 0.07846350 0.04830789 0.07556839 0.03386705
0.07569607 0.00285919 0.00091457 0.00351152 0.01769945 0.35815428 0.07270404 0.33284494 0.02965111 0.07703132 0.05009047 0.07253514 0.02046653
0.07930701 0.00226275 0.00067241 0.00442231 0.01556352 0.35700260 0.07221371 0.33233710 0.02164771 0.07525509 0.05864221 0.07235260 0.02179056
0.07784563 0.00331687 0.00069136 0.00326849 0.05320602 0.35904832 0.06416091 0.33180932 0.02993614 0.07460900 0.04341301 0.07268293 0.01950675
0.07476768 0.00370634 0.00076380 0.00270048 0.02111424 0.35778986 0.05967432 0.33204380 0.03095335 0.07361116 0.04907821 0.07136948 0.02310287
0.07038865 0.00357105 0.00083491 0.00582002 0.03824540 0.35902069 0.07217082 0.33311028 0.02458582 0.07491924 0.04349387 0.07275765 0.01833977
0.06877195 0.00611090 0.00079719 0.00647380 0.04895615 0.35810681 0.06626237 0.33403674 0.02906481 0.07453694 0.03835385 0.07045129 0.02137075
0.06684846 0.00414213 0.00080312 0.00322335 0.02155762 0.35899692 0.06182823 0.33449999 0.03917768 0.06948055 0.05691410 0.07080087 0.01712665
0.06439734 0.00491445 0.00095644 0.00345974 0.02410882 0.35881631 0.05786281 0.33539141 0.04883414 0.07003763 0.04556049 0.07158935 0.02096770
0.06743298 0.00251982 0.00123187 0.00102640 0.01404653 0.35871385 0.05037327 0.33518311 0.02722738 0.08244758 0.05717281 0.07232426 0.02589227
0.06375791 0.00356060 0.00198800 0.00306500 0.01662572 0.35964080 0.06106717 0.33426359 0.02810743 0.08269798 0.04683717 0.07153316 0.01660793
0.06147647 0.00154631 0.00295226 0.00109171 0.03471922 0.35884966 0.06426607 0.33375781 0.03119760 0.08136618 0.04528948 0.07706049 0.01923761
0.07148654 0.00316892 0.00371874 0.00076447 0.00223705 0.35890774 0.06455244 0.33288302 0.04137239 0.08307926 0.05679621 0.07534484 0.01803397
0.07259215 0.00238064 0.00140643 0.00028091 0.00108853 0.35835938 0.06302592 0.33219847 0.03856590 0.08146419 0.05446521 0.07156398 0.01950488
0.07293292 0.00104822 0.00098161 0.00040407 0.00074191 0.35848082 0.06463285 0.33217952 0.02574246 0.07919817 0.05950123 0.07203900 0.01867655
0.07199702 0.00083655 0.00078661 0.00026786 0.00053241 0.35830563 0.07654299 0.33307909 0.03046109 0.07776021 0.05471285 0.07050463 0.01716952
0.07009519 0.00103930 0.00080657 0.00021725 0.00054222 0.35884278 0.06334725 0.33399334 0.03625619 0.07591171 0.05482188 0.07118617 0.01863191
0.06766848 0.00118582 0.00106627 0.00024556 0.00059931 0.35796936 0.06739072 0.33414238 0.03312216 0.07665779 0.05519673 0.06988596 0.01872582
0.06615916 0.00104611 0.00110748 0.00017989 0.00063810 0.35931702 0.06495270 0.33464854 0.03154843 0.07659505 0.05665125 0.06957271 0.01957523
0.06283610 0.00152795 0.00100993 0.00061307 0.00084873 0.35694037 0.06669095 0.33451961 0.04664691 0.07775902 0.06227844 0.07096955 0.02112204
0.06119779 0.00091566 0.00102489 0.00094274 0.00142789 0.35920785 0.07473421 0.33458496 0.03626730 0.07911190 0.05814127 0.07226021 0.02008293
0.05977146 0.00084936 0.00216302 0.00024787 0.00057895 0.35725273 0.06949152 0.33324091 0.03416535 0.08149112 0.05961513 0.07366275 0.01962305
0.05842285 0.00087063 0.00164357 0.00042146 0.00083306 0.35817894 0.07227078 0.33259724 0.03351462 0.08321496 0.06198361 0.07247861 0.01872039
0.05824847 0.00646625 0.00109949 0.00584083 0.01542397 0.35818544 0.06622062 0.33323910 0.04107919 0.07327602 0.05903549 0.07473012 0.02185489
0.05911839 0.00139502 0.00087799 0.00323141 0.00425359 0.35896630 0.07783205 0.33318996 0.03169530 0.07338151 0.06552424 0.07366538 0.03699888
0.05918234 0.00097807 0.00262326 0.00019535 0.00058834 0.35885250 0.07408356 0.33399318 0.03499101 0.07270188 0.05674097 0.07239403 0.02027460
0.05935069 0.00151031 0.00095346 0.00022703 0.00089711 0.35886553 0.06677640 0.33494670 0.03455197 0.07178838 0.06296648 0.07374869 0.02006058
0.05880739 0.00123579 0.00064860 0.00020096 0.00062739 0.35873365 0.07300639 0.33485334 0.03457164 0.07171852 0.05651533 0.07012009 0.02114509
0.05869204 0.00089249 0.00046976 0.00022825 0.00056012 0.35888289 0.06664259 0.33497552 0.03539462 0.07066758 0.05597110 0.07057683 0.01897609
0.05929319 0.01125115 0.00054710 0.01387622 0.02679996 0.35905374 0.07483720 0.33516589 0.03082723 0.07106770 0.06227357 0.07150271 0.01865938
0.05871678 0.00422318 0.00056107 0.00277096 0.03100257 0.35775153 0.06995446 0.33420687 0.03514176 0.07069897 0.05692372 0.07338423 0.02214663
0.05841835 0.00552715 0.00061841 0.00685767 0.04367006 0.36023546 0.06904352 0.33385506 0.03288412 0.07071074 0.06123829 0.07299238 0.01920079
0.05740273 0.00155421 0.00068280 0.00104035 0.01740403 0.35751590 0.07092045 0.33343861 0.03434888 0.07136601 0.05886968 0.07339004 0.02259923
0.05638653 0.00140342 0.00097718 0.00412731 0.02070734 0.36047568 0.07580268 0.33315901 0.03368730 0.06293541 0.05715278 0.07373377 0.02001043
0.05557611 0.00109670 0.00083736 0.00178786 0.01357308 0.35766168 0.07573366 0.33313312 0.03276812 0.06385097 0.05863382 0.07134243 0.01995584
0.05472253 0.00234257 0.00074888 0.00122466 0.01267970 0.36039123 0.07259829 0.33493628 0.03761597 0.06386021 0.05684910 0.07228095 0.01994341
0.05450931 0.00083115 0.00098947 0.00018870 0.00058923 0.35864522 0.07299397 0.33459703 0.03157407 0.06298044 0.06453647 0.07212475 0.02116419
0.05419721 0.00073967 0.00067011 0.00019591 0.00054507 0.35965913 0.07206856 0.33524579 0.03310145 0.06398863 0.05927188 0.07110306 0.02110805
0.05451580 0.00096097 0.00048110 0.00019653 0.00063153 0.35924331 0.07163074 0.33487831 0.03353108 0.06237183 0.05794998 0.07019596 0.02046456
0.05477544 0.00062980 0.00043381 0.00019861 0.00047025 0.35941886 0.07374263 0.33470547 0.03016332 0.06296038 0.05632028 0.07238796 0.01991477
0.05456635 0.00128187 0.00038385 0.00172557 0.02747529 0.35947014 0.06771898 0.33431026 0.03290619 0.06216772 0.05503064 0.07188411 0.02084262
0.05548613 0.00140538 0.00032466 0.00029877 0.00107351 0.35939163 0.07275361 0.33300911 0.03471035 0.05029724 0.06261219 0.07288551 0.01938490
0.05516237 0.00258987 0.00093699 0.00034883 0.00299558 0.36072729 0.07115585 0.33274350 0.04506147 0.05096216 0.05732680 0.07150746 0.01963948
0.05433259 0.00162006 0.00042891 0.00018853 0.00143731 0.35932003 0.06975420 0.33354160 0.03454486 0.04936603 0.06325951 0.07224174 0.02024424
0.05279413 0.00161336 0.00092541 0.00167225 0.03487658 0.36171123 0.06333654 0.33355854 0.03040678 0.05078296 0.05547601 0.07230740 0.01771703
0.05208757 0.00717784 0.00057300 0.01158391 0.01808987 0.35885806 0.06383494 0.33383640 0.03517036 0.03799518 0.05644679 0.07071776 0.01757881
0.04595641 0.00591860 0.00052057 0.00546804 0.03580642 0.36273116 0.06579870 0.33606348 0.03864370 0.03817027 0.05749972 0.07325551 0.01977959
0.05466583 0.00874585 0.00056038 0.00954177 0.04680835 0.35890882 0.06689985 0.33580439 0.03854377 0.03880930 0.05720323 0.07144712 0.01844447
0.05217240 0.00833316 0.00044977 0.01054971 0.04168275 0.36217464 0.06420501 0.33608202 0.02820689 0.03842125 0.07609169 0.07094301 0.02425532
0.05098582 0.00449538 0.00048123 0.00627673 0.03686585 0.35975357 0.07048059 0.33530295 0.04137366 0.03855709 0.06383313 0.07098371 0.01960545
0.05004530 0.00712519 0.00056003 0.00665235 0.02352959 0.36111376 0.06456307 0.33484755 0.03491493 0.03839435 0.06702135 0.07283087 0.02071984
0.04838268 0.00235716 0.00091666 0.00191246 0.00329010 0.36057115 0.06799143 0.33445116 0.03868751 0.03738162 0.05128541 0.07270864 0.04434058
0.04741983 0.00246497 0.00053433 0.00273411 0.00443808 0.36120277 0.06497522 0.33371349 0.03512613 0.03799612 0.06142578 0.07189490 0.02164672
0.04836217 0.00202783 0.00038560 0.00181334 0.00344185 0.36069511 0.07299745 0.33412145 0.03824974 0.03605728 0.06474964 0.07092915 0.02778875
0.04808403 0.00693896 0.00041318 0.00024584 0.00173587 0.36131694 0.07014953 0.33496387 0.05019195 0.03701652 0.06624364 0.07227510 0.02057844
0.04698943 0.00220848 0.00033170 0.00049042 0.00362092 0.36088665 0.07083302 0.33525125 0.03938636 0.03606338 0.06465548 0.07118099 0.01847176
0.04618320 0.00113229 0.00036062 0.00017154 0.00102054 0.36101649 0.06876125 0.33540505 0.03640782 0.03626830 0.05573243 0.07008170 0.01972491
0.05500194 0.00135076 0.00073512 0.00022124 0.00157621 0.36187081 0.06554254 0.33553882 0.03309528 0.03697433 0.05945916 0.06981258 0.01885324
0.05459020 0.00168570 0.00062017 0.00017517 0.00083329 0.36013979 0.07050435 0.33489043 0.04345551 0.03666121 0.05487004 0.07193014 0.01872890
0.05008190 0.00113905 0.00067992 0.00019817 0.00049346 0.36189902 0.06748925 0.33445468 0.04313945 0.04495413 0.06552858 0.07134445 0.01936410
0.04788846 0.00084238 0.00125521 0.00018862 0.00058111 0.35994947 0.07260936 0.33356896 0.03658927 0.04678862 0.06972926 0.07150206 0.01858563
0.04592241 0.00082664 0.00127769 0.00018019 0.00054951 0.36183951 0.06890448 0.33423653 0.03844028 0.04804326 0.06182112 0.07606344 0.01941566
0.04672238 0.00346035 0.00134352 0.00555145 0.01920937 0.35988832 0.06453966 0.33297337 0.03583502 0.04963009 0.06126175 0.07214967 0.01912472
0.05876904 0.00306062 0.00192864 0.00017037 0.00113197 0.36113582 0.06769958 0.33419552 0.04249143 0.05961137 0.05086808 0.07415697 0.01958810
0.05684652 0.00754828 0.00117042 0.01198167 0.01763697 0.36079063 0.06391905 0.33439457 0.03396301 0.04892927 0.06057628 0.07049913 0.01940420
0.05509593 0.00873466 0.00049213 0.00776231 0.04404911 0.36113885 0.06933775 0.33561835 0.03271790 0.04806610 0.05796875 0.07302710 0.02209703
0.05526695 0.00808849 0.00044151 0.01175293 0.04822221 0.36041840 0.07239483 0.33588930 0.03883597 0.04587037 0.05388123 0.07224521 0.02081781
0.05474903 0.00661458 0.00045125 0.00587835 0.04365140 0.36041701 0.06920634 0.33538635 0.02915733 0.04596207 0.06016091 0.07158347 0.02212920
0.05383526 0.00340521 0.00052973 0.00499388 0.03442276 0.36121975 0.06677796 0.33447167 0.03690883 0.04422795 0.04634496 0.07104376 0.01908273
0.05248532 0.00436909 0.00044279 0.00551195 0.03585961 0.36028768 0.05981768 0.33423033 0.03115206 0.04437664 0.05649716 0.07342217 0.02340712
0.05013710 0.00214555 0.00054459 0.00149108 0.03131557 0.36113698 0.06632450 0.33384873 0.03800115 0.04505088 0.05050175 0.07231954 0.02117455
0.04592351 0.00227421 0.00079973 0.00520957 0.02800914 0.36028410 0.06713865 0.33239482 0.03427687 0.04496142 0.05876255 0.07217581 0.01934275
0.04391886 0.00083814 0.00109971 0.00405335 0.00350480 0.36094298 0.06947785 0.33376740 0.02886573 0.04707229 0.06206765 0.07171006 0.03898232
0.04322720 0.00137449 0.00120846 0.00186427 0.00114594 0.36076858 0.06970609 0.33361721 0.03836809 0.04724534 0.04643861 0.07320204 0.02365129
0.04171101 0.00297938 0.00128410 0.00041877 0.00202882 0.36062573 0.07029448 0.33334029 0.04165314 0.04900724 0.04319147 0.07137912 0.01933940
0.04256831 0.00254503 0.00113468 0.00041002 0.00351747 0.36127649 0.06732332 0.33447000 0.03119418 0.04959000 0.05520093 0.06994185 0.01894247
0.04238854 0.00114879 0.00088463 0.00018237 0.00077290 0.36058627 0.07040620 0.33352943 0.03031822 0.04970964 0.04608756 0.07028095 0.02034333
0.04257260 0.00121897 0.00063110 0.00024290 0.00075694 0.36199048 0.06273306 0.33454282 0.03064055 0.05033248 0.05328793 0.06959922 0.01926840
0.04223979 0.00154065 0.00068611 0.00061826 0.00095044 0.36076543 0.06620634 0.33372235 0.03329197 0.05019800 0.04941469 0.07071880 0.02040622
0.04159273 0.00191987 0.00043267 0.00062025 0.00197833 0.36081373 0.06515677 0.33369493 0.03007111 0.04936815 0.05469087 0.07151295 0.02271739
0.04159052 0.00167251 0.00040968 0.00165008 0.03317099 0.36090926 0.07398624 0.33363254 0.03153859 0.04941691 0.04693504 0.07165013 0.02060452
0.04082231 0.00148584 0.00043329 0.00170000 0.02041321 0.36099742 0.07572984 0.33290624 0.02654485 0.04754778 0.04449253 0.07119965 0.01931909
0.04008696 0.00557870 0.00055145 0.00789851 0.03667052 0.36118469 0.07258342 0.33291395 0.02311764 0.04810580 0.04036800 0.07006483 0.01729623
0.03900859 0.00374082 0.00033141 0.00377007 0.01906337 0.36153171 0.05814976 0.33328381 0.02133214 0.04700739 0.04924540 0.06860347 0.02999922
0.05261021 0.00535896 0.00041148 0.00421920 0.02635916 0.36127175 0.06218073 0.33449456 0.02882288 0.04724594 0.03933673 0.07114125 0.02925246
0.04659674 0.00275866 0.00052979 0.00331511 0.00369288 0.36148839 0.06285211 0.33427806 0.02420428 0.04832291 0.04928231 0.06975429 0.02509459
0.04516910 0.00171288 0.00050569 0.00079072 0.00125579 0.36211526 0.06524088 0.33468643 0.02687465 0.04766802 0.04239644 0.06949463 0.03595560
0.04409826 0.00547950 0.00081155 0.00465690 0.02298115 0.36148328 0.07175368 0.33401143 0.02340936 0.04978593 0.04977877 0.06932942 0.02142310
0.05884571 0.00552525 0.00075718 0.00506376 0.03086980 0.36149829 0.06943648 0.33493522 0.02602652 0.04913235 0.04165162 0.07754517 0.02967607
0.06005049 0.00076773 0.00082945 0.00096493 0.00166178 0.36171847 0.07174575 0.33352984 0.02355571 0.05068340 0.04693937 0.07115099 0.01984585
0.05895050 0.00063465 0.00052862 0.00053348 0.00136017 0.36142362 0.06730258 0.33356935 0.02007588 0.05049774 0.04839441 0.07090343 0.02410456
0.06387363 0.00101427 0.00359666 0.00057045 0.00092838 0.36128435 0.06817656 0.33371366 0.03149025 0.05067951 0.03996666 0.07424731 0.01936136
0.06430136 0.00564792 0.00137755 0.00525258 0.01697611 0.36081263 0.06922475 0.33280399 0.02562424 0.05080055 0.04849308 0.07063089 0.02211335
0.06587585 0.00168957 0.00111442 0.00393500 0.03095102 0.36147567 0.06790172 0.33410546 0.02927061 0.05034758 0.04422428 0.07219656 0.02101054
0.06787571 0.00423764 0.00079524 0.00354477 0.04501049 0.36087273 0.06900207 0.33425182 0.02174018 0.04952538 0.05054887 0.06993685 0.01986029
0.06915995 0.00461207 0.00065046 0.00659245 0.04519606 0.36122412 0.06356333 0.33517193 0.02845625 0.04974695 0.04711061 0.07115643 0.02164379
0.05835712 0.00406966 0.00071945 0.00370456 0.03298665 0.36094043 0.06647143 0.33523744 0.03473833 0.04806278 0.04527373 0.06884064 0.02245141
0.05828886 0.00138066 0.00202347 0.00090953 0.00147021 0.36065415 0.06881272 0.33518945 0.02702543 0.05811723 0.06142927 0.07224697 0.02169750
0.05650062 0.00117577 0.00110235 0.00041165 0.00125154 0.36068358 0.07102012 0.33491083 0.03340244 0.05896759 0.04788378 0.07212440 0.02033051
0.05689463 0.00206328 0.00074493 0.00027976 0.00150743 0.36027453 0.07903714 0.33408277 0.03562589 0.05895263 0.05736816 0.07313983 0.01914396
0.05037020 0.00209974 0.00039286 0.00025517 0.00155693 0.36079319 0.06954914 0.33370895 0.04447564 0.06003059 0.05326652 0.07168647 0.02092558
0.05115649 0.00083298 0.00030385 0.00060031 0.00060801 0.36061936 0.07272447 0.33347791 0.03250737 0.05815917 0.06143479 0.07198162 0.02078228
0.05107292 0.00071333 0.00034480 0.00035477 0.00063749 0.36062761 0.07043508 0.33385441 0.02961406 0.05970982 0.06049023 0.07123953 0.02089381
0.05021592 0.00117675 0.00065624 0.00021851 0.00059113 0.36010801 0.07075208 0.33377398 0.04115043 0.05796431 0.04973740 0.07229780 0.02044694
0.04921582 0.00100285 0.00090332 0.00029254 0.00061591 0.35981934 0.07455497 0.33492810 0.03211133 0.05831014 0.06507409 0.07535742 0.01973854
0.04983155 0.00165579 0.00049703 0.00029846 0.00138536 0.35939979 0.07303600 0.33497010 0.05020108 0.05728723 0.05355289 0.07073974 0.02070302
0.05025799 0.00314453 0.00040539 0.00458305 0.01989844 0.35958191 0.07559102 0.33503883 0.02997330 0.05719861 0.06865139 0.07271927 0.02047495
0.04913194 0.00284829 0.00043295 0.00463228 0.02691701 0.35857310 0.07311241 0.33497150 0.03831123 0.05739516 0.05667504 0.07128955 0.02169634
0.04861289 0.00263390 0.00048086 0.00277661 0.02476269 0.35965151 0.07110285 0.33495541 0.03767971 0.05776313 0.06574617 0.07293871 0.02081464
0.04804204 0.00323569 0.00044042 0.00423039 0.03134383 0.35870391 0.07350270 0.33429034 0.03610834 0.05800824 0.06166415 0.07305341 0.02127924
0.04857944 0.00326196 0.00043786 0.00096036 0.02177908 0.35903873 0.07271214 0.33384642 0.04089164 0.06179321 0.05736702 0.07324966 0.02324360
0.04920392 0.00394721 0.00038505 0.00463785 0.02723763 0.35859646 0.07775125 0.33338438 0.03102354 0.06319889 0.07006655 0.07131405 0.02046489
0.04859234 0.00203658 0.00050634 0.00118263 0.01537792 0.35819072 0.07532412 0.33411709 0.04170925 0.06535752 0.06117908 0.07276825 0.02235007
0.04779078 0.00551040 0.00028795 0.00300671 0.02328290 0.35855522 0.07345304 0.33489968 0.03867168 0.06942159 0.06467772 0.07236812 0.02270177
0.04724855 0.00496105 0.00034767 0.00630993 0.03888251 0.35846334 0.07350884 0.33540561 0.03935375 0.07150716 0.05525642 0.07283185 0.02237168
0.04721651 0.00763342 0.00050870 0.00919782 0.02456242 0.35821759 0.06583621 0.33536268 0.03773729 0.07707161 0.06087948 0.07121516 0.02206282
0.05573426 0.00308500 0.00049395 0.00326483 0.03278605 0.35868868 0.07451231 0.33549095 0.03247750 0.07791670 0.06512318 0.07159262 0.02228729
0.06775310 0.00261968 0.00113454 0.00096927 0.02199462 0.35830121 0.07025990 0.33499814 0.03944146 0.08034988 0.05546991 0.07153396 0.02298490
0.06727803 0.00797683 0.00057236 0.00966253 0.03267638 0.35851471 0.07273637 0.33494778 0.03125714 0.07948464 0.06194734 0.07309623 0.01842168
0.06483268 0.00119504 0.00103307 0.00018240 0.00070499 0.35835120 0.07394026 0.33369428 0.03455281 0.08473203 0.05304476 0.07186141 0.01857930
0.06276168 0.00153752 0.00095078 0.00021136 0.00083758 0.35872945 0.06220140 0.33304227 0.03419762 0.08266049 0.06033066 0.07176143 0.01938501
0.04844068 0.00672783 0.00173834 0.00633920 0.02713552 0.35796571 0.06325564 0.33292325 0.03456482 0.08262232 0.05319449 0.07075041 0.01961444
0.04526251 0.00234036 0.00105968 0.00497003 0.03105971 0.35839175 0.06097173 0.33377668 0.03568382 0.09413089 0.05497263 0.07120606 0.01822037
0.04589938 0.00108758 0.00089308 0.00191860 0.02439348 0.35836138 0.07208214 0.33471735 0.02958662 0.09431176 0.06057433 0.07201318 0.01812368
0.04557329 0.00326523 0.00063542 0.00101359 0.00377092 0.35825874 0.06847284 0.33488061 0.04049399 0.09448035 0.05245554 0.06997593 0.01734966
0.04540984 0.00177904 0.00049891 0.00019305 0.00064522 0.35835881 0.06181687 0.33525130 0.04730786 0.09473213 0.05913822 0.06990803 0.01834959
0.04494584 0.00087027 0.00054529 0.00027041 0.00070166 0.35838742 0.06679332 0.33567268 0.03379579 0.09763029 0.05653811 0.06947648 0.01877084
0.04419432 0.00075972 0.00064940 0.00019677 0.00049087 0.35854934 0.06260971 0.33546138 0.03336961 0.09881749 0.06007664 0.07153818 0.01905766
0.04451705 0.00108986 0.00069304 0.00017129 0.00067438 0.35822598 0.07043747 0.33448802 0.03495081 0.09408561 0.05884786 0.07124534 0.01795002
0.04466295 0.00141527 0.00066973 0.00019272 0.00092039 0.35906987 0.06588039 0.33486962 0.04150707 0.09569003 0.05373075 0.07154346 0.01799156
0.04444338 0.00378845 0.00058514 0.00539047 0.03481767 0.35786064 0.06755038 0.33410576 0.03453097 0.09280366 0.06035896 0.07119498 0.02037437
0.04414901 0.00362980 0.00058879 0.00387546 0.03283919 0.35900943 0.07523010 0.33451291 0.04388174 0.09366320 0.05833952 0.07136376 0.01743724
0.04339995 0.00261377 0.00063589 0.00040846 0.00319011 0.35804676 0.06309377 0.33492748 0.03874056 0.09454371 0.06707423 0.07166764 0.02108111
0.04354745 0.00327452 0.00068129 0.00038004 0.00347659 0.35902056 0.07168009 0.33558960 0.04669390 0.09483457 0.05762667 0.07189783 0.01786964
0.04259560 0.00155505 0.00070854 0.00024573 0.00099575 0.35761735 0.06255907 0.33560784 0.04439784 0.09501164 0.06083100 0.07283200 0.02063716
0.04242019 0.00098508 0.00125314 0.00029783 0.00084647 0.35918456 0.07085485 0.33606776 0.03523556 0.09761757 0.06758674 0.07054868 0.01840817
0.04198373 0.00090045 0.00271681 0.00018469 0.00059826 0.35824233 0.07238791 0.33633720 0.03990918 0.09672405 0.06064249 0.07622267 0.01828715
0.04150519 0.00108505 0.00119548 0.00023270 0.00053721 0.35876277 0.06450184 0.33573469 0.04217233 0.09484873 0.07052403 0.07141484 0.01939155
0.04246209 0.00186128 0.00076364 0.00032581 0.00275180 0.35781135 0.07496977 0.33578008 0.04763175 0.09353937 0.05824872 0.07481349 0.01838245
0.04280475 0.00081594 0.00052986 0.00049267 0.00122312 0.35811574 0.06280486 0.33471331 0.03777047 0.09277689 0.07650525 0.07196429 0.02070385
0.04369124 0.00087976 0.00045147 0.00019472 0.00078510 0.35791740 0.07429512 0.33467691 0.03927896 0.09279289 0.06372626 0.07131161 0.01934062
0.04349257 0.00108407 0.00043096 0.00032878 0.00088829 0.35792463 0.06942984 0.33431037 0.04378605 0.09321876 0.06264833 0.07144458 0.01899636
0.04288738 0.00091703 0.00045466 0.00019873 0.00050142 0.35833183 0.06750991 0.33512129 0.04149597 0.09446685 0.07171850 0.07295023 0.01949873
0.04293861 0.00090868 0.00047885 0.00020629 0.00072402 0.35756999 0.07727596 0.33579869 0.04310482 0.09534448 0.05898021 0.07174795 0.01865574
0.04905242 0.00097504 0.00070594 0.00029710 0.00045426 0.35952476 0.06735922 0.33615403 0.03582741 0.09071304 0.07611848 0.07159784 0.02046625
0.04673783 0.00795824 0.00064839 0.00578891 0.01508943 0.35709978 0.07676988 0.33599784 0.04102670 0.09144377 0.05333986 0.07089863 0.02278043
0.03610902 0.00401095 0.00079902 0.00485051 0.02906861 0.35947983 0.07415507 0.33707457 0.03472716 0.09502880 0.06508571 0.07104832 0.01884428
0.03806035 0.00296607 0.00073863 0.00303204 0.00450340 0.35787797 0.07529604 0.33672701 0.03915244 0.09579956 0.06080799 0.07486004 0.03720369
0.03726697 0.00291094 0.00070109 0.00175311 0.00220998 0.35919765 0.06844586 0.33598923 0.04624749 0.09616630 0.05739288 0.07229525 0.02507304
0.03773507 0.00632618 0.00064381 0.00583754 0.02858864 0.35904914 0.06069457 0.33548075 0.03372271 0.09609192 0.06364005 0.07178419 0.02400346
0.04890461 0.01024849 0.00052157 0.00860973 0.01142913 0.35912709 0.07950904 0.33519170 0.03418621 0.09526294 0.05263945 0.07095813 0.03733394
0.04708835 0.00211107 0.00049885 0.00438857 0.00488792 0.35872269 0.07225135 0.33575235 0.03184651 0.09814890 0.06600584 0.07145086 0.04176985
0.04585536 0.00589602 0.00116761 0.00699465 0.01789645 0.35893341 0.07948257 0.33575724 0.03086182 0.09202561 0.05438196 0.07206180 0.04153787
0.04883802 0.00251576 0.00085626 0.00062404 0.00224253 0.35882175 0.06931970 0.33593256 0.03617488 0.09221667 0.06234141 0.07247073 0.02220429
0.04756094 0.00739194 0.00059304 0.01025495 0.02064032 0.35912087 0.06613986 0.33661005 0.04280768 0.09433236 0.05848067 0.06979331 0.01959570
0.04614747 0.00278763 0.00046545 0.00262117 0.02106976 0.35923178 0.06829164 0.33637781 0.04989518 0.09572719 0.05201605 0.07052132 0.02223699
0.04548241 0.01323580 0.00069119 0.01326421 0.01393824 0.35853517 0.06661989 0.33618917 0.03218905 0.09104831 0.06717967 0.07050195 0.01897645
0.04552177 0.00168396 0.00056740 0.00298585 0.03013201 0.35992138 0.07553965 0.33701042 0.03600341 0.09333229 0.05578857 0.07268478 0.01899878
0.04436336 0.00750794 0.00057990 0.00775320 0.03842368 0.35832541 0.06843909 0.33551195 0.03719447 0.09070634 0.06795076 0.07314356 0.01925034
0.04303619 0.00586123 0.00065829 0.00381729 0.02200025 0.36048766 0.07456392 0.33609005 0.04538885 0.09137506 0.05815919 0.07145003 0.02088634
0.04247450 0.00144143 0.00062386 0.00022722 0.04114554 0.35868990 0.07059130 0.33525435 0.03777957 0.09073220 0.06163567 0.07189770 0.02032111
0.04271194 0.00112535 0.00060819 0.00093388 0.03639607 0.36013174 0.06762608 0.33598520 0.03260184 0.08949984 0.06905216 0.07195017 0.02109911
0.04258640 0.00108916 0.00058829 0.00046777 0.00058009 0.35942656 0.07866847 0.33647239 0.03960172 0.08840834 0.05788282 0.07167953 0.02095637
0.04122107 0.00275528 0.00050162 0.00177290 0.00115561 0.35968613 0.07427396 0.33644947 0.04043940 0.08690042 0.07056896 0.07105184 0.01948400
0.04101006 0.00176336 0.00049740 0.00045428 0.00187650 0.35969286 0.07648491 0.33698829 0.04715071 0.08642669 0.05874266 0.07083583 0.01981659
0.04072672 0.00158396 0.00042384 0.00021455 0.00173694 0.35982136 0.07553710 0.33691808 0.03591373 0.08613204 0.06825764 0.06952927 0.01992754
0.04012155 0.00087565 0.00103933 0.00023057 0.00100633 0.35879695 0.07287192 0.33664906 0.03648683 0.09126901 0.06814697 0.07131713 0.02094767
0.03908814 0.01346116 0.00050298 0.01356465 0.01127019 0.35966698 0.07429301 0.33660588 0.03944826 0.09237675 0.05630070 0.07222747 0.02049879
0.03898981 0.00068998 0.00061995 0.00020292 0.00046651 0.35883115 0.07083225 0.33622138 0.03401430 0.09341912 0.06935168 0.07178399 0.02049110
0.03945012 0.00080117 0.00051016 0.00019541 0.00057325 0.35993978 0.07698567 0.33521385 0.03890642 0.09486963 0.05654866 0.07106267 0.02002060
0.03441279 0.00059684 0.00163542 0.00019858 0.00042930 0.35952249 0.06999972 0.33550904 0.03295632 0.09635630 0.06838295 0.07039406 0.01947123
0.03574800 0.00253972 0.00060407 0.00437032 0.02915304 0.35894021 0.06781994 0.33577615 0.03559696 0.09865349 0.06027051 0.07041420 0.01978190
0.03596655 0.00406911 0.00075948 0.00288829 0.02364571 0.36054327 0.06876634 0.33586436 0.03006309 0.09974272 0.04704859 0.07151382 0.02035534
0.03522243 0.00519467 0.00062429 0.00484586 0.03136535 0.35966770 0.06977696 0.33656611 0.02822964 0.09460566 0.05120244 0.06935833 0.01914268
0.03481638 0.00578800 0.00062764 0.00754931 0.02525791 0.36003106 0.07323834 0.33602666 0.02730685 0.09436121 0.06157896 0.06880111 0.01876266
0.03446638 0.00123574 0.00063091 0.00030356 0.00058413 0.35985578 0.07010043 0.33578410 0.03412579 0.09452512 0.05540817 0.06959907 0.02186672
0.03526051 0.00104139 0.00056663 0.00038677 0.00058690 0.35940150 0.07744273 0.33620588 0.03132878 0.09328024 0.05882035 0.07002611 0.02055401
0.03469085 0.01089572 0.00061134 0.01269218 0.01645421 0.36032660 0.07279776 0.33533188 0.02849088 0.09347572 0.04597799 0.07105847 0.02085823
0.03371806 0.00148357 0.00175003 0.00023881 0.00095970 0.35982696 0.06661090 0.33510474 0.02280679 0.10080615 0.06433804 0.07042625 0.02000222
0.03236654 0.01185659 0.00088991 0.01340575 0.01521706 0.35932060 0.06357574 0.33477166 0.03255703 0.10069468 0.04339735 0.06941693 0.02154515
0.03223237 0.00596827 0.00070280 0.00865921 0.02196305 0.35951781 0.07291734 0.33471257 0.03305614 0.09912461 0.05097312 0.07038973 0.02024072
0.03206722 0.00651704 0.00062917 0.00443618 0.02299595 0.35883168 0.06870600 0.33524880 0.02564365 0.10419071 0.05084448 0.07006376 0.01984265
0.03128662 0.00712560 0.00083796 0.00801342 0.03547408 0.35925751 0.06679032 0.33627008 0.02575040 0.09866121 0.04836216 0.07065139 0.03238722
0.03191104 0.00428310 0.00158651 0.00518040 0.02765239 0.35981941 0.05996723 0.33576752 0.02483175 0.10456177 0.05433601 0.06925745 0.02068945
0.03248456 0.00103385 0.00372100 0.00225663 0.00181995 0.35872801 0.06027280 0.33538879 0.03548746 0.10076788 0.03758126 0.07024349 0.03494642
0.04061662 0.00189401 0.00106058 0.00193579 0.00268256 0.36005861 0.06090485 0.33496895 0.02718953 0.10150568 0.05510416 0.06845488 0.01751209
0.04284726 0.00804693 0.00090280 0.00985561 0.02195835 0.35869938 0.05693511 0.33456455 0.02813468 0.10172182 0.03655676 0.06965876 0.01556266
0.04329554 0.00148855 0.00072576 0.00055272 0.00237056 0.35970604 0.05968350 0.33414372 0.02572703 0.10203660 0.04587821 0.06962370 0.01644037
0.04117106 0.00093519 0.00074263 0.00015592 0.00144143 0.35901921 0.05712877 0.33275692 0.01919136 0.10199133 0.05736806 0.07123945 0.01673218
0.03835675 0.00174139 0.00090126 0.00049625 0.00193082 0.35934195 0.05286895 0.33370688 0.04101667 0.10175820 0.04356995 0.06786530 0.01538863
0.03876476 0.00218773 0.00110633 0.00035354 0.00171465 0.35923660 0.05195533 0.33245165 0.03283579 0.10145468 0.05846630 0.07138087 0.01473417
0.04010015 0.00094996 0.00102997 0.00028823 0.00045944 0.35906201 0.05213312 0.33323671 0.03443219 0.10078459 0.03962963 0.06993886 0.01565100
0.04125750 0.00076455 0.00092493 0.00021286 0.00051155 0.35924448 0.05579435 0.33413240 0.02337124 0.10080550 0.04905506 0.06824613 0.01417754
0.04042539 0.00047658 0.00085319 0.00015696 0.00035004 0.35908609 0.05131522 0.33375499 0.02568663 0.10028414 0.04604460 0.06743282 0.01530655
0.03844890 0.00186597 0.00211521 0.00112094 0.00376631 0.35924986 0.05290412 0.33438337 0.02962268 0.09592830 0.03943716 0.06885617 0.03921859
0.03770447 0.00088464 0.00138853 0.00014079 0.00052892 0.35910999 0.05076068 0.33421067 0.02763063 0.09580733 0.04416670 0.07000928 0.01473994
0.03866825 0.00047220 0.00088178 0.00014962 0.00034881 0.35940402 0.05117367 0.33263062 0.02435796 0.09663768 0.04419389 0.06885905 0.01458385
0.04099686 0.00265470 0.00226860 0.00322489 0.01678336 0.35878435 0.05612319 0.33338580 0.01751764 0.09667194 0.04451051 0.07365353 0.01627855
0.03936939 0.00075196 0.00140014 0.00437720 0.00358477 0.35949819 0.05031118 0.33284567 0.02727898 0.09767894 0.03749783 0.06886584 0.03357707
0.03858551 0.00436847 0.00124142 0.00655462 0.02921444 0.35880607 0.05394853 0.33128318 0.03488929 0.09174240 0.03574480 0.06935824 0.01458444
0.03842893 0.00126092 0.00147989 0.00021839 0.00069776 0.35935386 0.04992477 0.33188398 0.01717691 0.09241140 0.04666202 0.07178646 0.01679976
0.03993429 0.00778215 0.00088998 0.01136804 0.01549456 0.35877100 0.05340849 0.33214433 0.02200707 0.09225259 0.03301499 0.06836000 0.02822674
0.04135557 0.00188412 0.00060484 0.00468637 0.02750978 0.35921314 0.05367766 0.33214503 0.01580037 0.09159993 0.04204149 0.06948981 0.02018081
0.04081567 0.00317262 0.00061292 0.00215548 0.02554224 0.35894979 0.05005300 0.33406559 0.02048473 0.09131395 0.03393717 0.06779220 0.03861895
0.03915783 0.00250927 0.00076324 0.00239006 0.00416226 0.35909130 0.05530058 0.33258619 0.02420074 0.09060852 0.04389283 0.06612810 0.01551042
0.04455710 0.01008897 0.00096884 0.01106883 0.01618100 0.35902081 0.04999905 0.33299067 0.02327305 0.09030246 0.03942724 0.06816323 0.01810908
0.04292298 0.00051310 0.00089281 0.00021923 0.00035312 0.35908899 0.05766047 0.33410695 0.01990993 0.09007065 0.03723308 0.07012649 0.01554515
0.04053374 0.00034656 0.00086349 0.00017239 0.00033872 0.35875219 0.06445419 0.33097637 0.01523000 0.09007432 0.04132103 0.06958167 0.01516192
0.03776793 0.00047765 0.00106003 0.00016071 0.00034805 0.35899497 0.05494583 0.33121335 0.02044267 0.08357898 0.03695953 0.06801972 0.01598302
0.03520880 0.00073786 0.00133869 0.00016040 0.00049480 0.35828072 0.05748508 0.33053309 0.01891881 0.08442061 0.03870148 0.07171881 0.01585564
0.03376430 0.00049366 0.00129698 0.00014977 0.00038227 0.35846784 0.05143834 0.32999609 0.01897965 0.08455255 0.03909337 0.06986577 0.01758457
0.03380424 0.00040833 0.00131237 0.00016307 0.00037557 0.35868032 0.05732528 0.33126679 0.01817151 0.08556813 0.03870137 0.06800365 0.01595727
0.03357104 0.00038260 0.00114833 0.00015223 0.00035549 0.35828390 0.05852444 0.33100762 0.01703528 0.08559408 0.04005236 0.06854301 0.01606993
0.03335477 0.00041797 0.00089420 0.00017612 0.00034882 0.35882971 0.05591786 0.33125914 0.01990803 0.08603258 0.03775700 0.06716757 0.01597981
0.04747219 0.00679722 0.00077334 0.00711177 0.01775900 0.35855420 0.06134063 0.33336894 0.01972369 0.08573599 0.04345484 0.06797623 0.01706998
0.04803386 0.00175865 0.00054785 0.00072814 0.00366864 0.35826136 0.05201349 0.33208271 0.01868167 0.08550942 0.04885674 0.07345542 0.01737580
0.05074007 0.00109839 0.00082253 0.00018659 0.00145732 0.35869981 0.06130310 0.33237198 0.02081235 0.09503876 0.03322960 0.06902233 0.01717242
0.05214378 0.00248864 0.00086134 0.00031576 0.00204927 0.35788694 0.05533830 0.33323517 0.02653053 0.09283109 0.05523429 0.07080158 0.01807918
0.06460339 0.00139304 0.00132518 0.00020753 0.00053732 0.35785896 0.06242129 0.33102856 0.03339645 0.09212462 0.03655487 0.07127348 0.01856050
0.05981764 0.00330233 0.00056293 0.00167931 0.02213693 0.35829410 0.06440794 0.33199158 0.02427515 0.08904095 0.04466818 0.06833210 0.01910951
0.05786255 0.00198921 0.00063083 0.00039051 0.00076419 0.35802424 0.06531379 0.33225674 0.02536138 0.08845103 0.03931194 0.06944314 0.01995082
0.05715582 0.00252108 0.00145382 0.00028564 0.00124529 0.35842240 0.06558453 0.33211972 0.01852876 0.09348758 0.04051120 0.07094939 0.01800784
0.05864262 0.00131553 0.00048648 0.00018589 0.00062088 0.35711539 0.06884594 0.33318099 0.01700508 0.09514030 0.03692646 0.06764832 0.02132573
0.05889164 0.00058383 0.00048803 0.00151733 0.00071591 0.35881068 0.06631836 0.33326152 0.02243972 0.09170400 0.04351465 0.06849229 0.02011559
0.05606042 0.00101150 0.00058541 0.00050329 0.00090625 0.35747708 0.07559558 0.33279499 0.01752997 0.09414297 0.04194926 0.06745685 0.01902460
0.05423827 0.00188399 0.00066141 0.00021988 0.00090518 0.35851612 0.06856271 0.33411299 0.01627169 0.09584307 0.04584230 0.06942357 0.02050482
0.05455152 0.00110470 0.00162452 0.00039967 0.00090823 0.35745789 0.06565252 0.33332663 0.01801849 0.09825033 0.05184268 0.07101411 0.01973419
0.05475340 0.00099326 0.00068621 0.00028654 0.00096650 0.35808582 0.07320294 0.33294851 0.02578911 0.09688107 0.03748214 0.07105743 0.02202064
0.05352319 0.00405716 0.00061705 0.00450401 0.02397529 0.35749515 0.06999688 0.33319833 0.01346859 0.09592332 0.05232745 0.06825314 0.01969657
0.05327625 0.00829571 0.00053944 0.01180543 0.02938137 0.35857054 0.07083566 0.33297686 0.02592438 0.09431318 0.04156420 0.07101191 0.02054896
0.05251961 0.00328617 0.00063391 0.00419101 0.03139789 0.35743312 0.06595509 0.33323776 0.01715100 0.09248485 0.04986013 0.06960596 0.02101637
0.06445786 0.00524709 0.00082969 0.00454686 0.03062686 0.35981693 0.07054642 0.33474900 0.01771975 0.08662679 0.03900836 0.07016866 0.02374855
0.06378586 0.00511193 0.00043924 0.00779366 0.03675161 0.35818800 0.06405767 0.33385660 0.01743590 0.08616088 0.05353122 0.06998459 0.01903002
0.06406189 0.00278793 0.00039983 0.00165954 0.02617492 0.35902514 0.06903579 0.33524352 0.02798453 0.07983760 0.05101669 0.06849410 0.02371735
0.06367960 0.00914487 0.00034935 0.00794247 0.03617223 0.35953274 0.07155578 0.33518242 0.02558493 0.08013940 0.04593283 0.06876626 0.02060457
0.06222027 0.00244281 0.00152705 0.00478912 0.02734448 0.35810541 0.06980001 0.33386086 0.02150718 0.07540038 0.05482617 0.06963338 0.02673778
0.05821689 0.00595672 0.00054580 0.00626478 0.03107942 0.36003030 0.07279786 0.33528515 0.02952006 0.07539598 0.03918050 0.07449725 0.02906181
0.05848943 0.00211903 0.00038424 0.00220801 0.00222405 0.35831446 0.06570455 0.33360130 0.02660402 0.07658785 0.04991129 0.07000703 0.04067961
0.05639575 0.00175088 0.00058878 0.00242455 0.03243069 0.35971079 0.06857154 0.33293415 0.01769044 0.07639900 0.05347585 0.06999930 0.02032478
0.05731947 0.00472107 0.00092560 0.00433811 0.01993538 0.35925108 0.06962991 0.33340562 0.02636534 0.08315365 0.03794930 0.06829544 0.01992820
0.05935412 0.00160836 0.00053754 0.00171508 0.03563664 0.35929672 0.06498401 0.33346369 0.02055960 0.08366750 0.05802809 0.07099303 0.02080867
0.06010886 0.00170568 0.00044314 0.00022857 0.00147925 0.35839645 0.07400725 0.33366400 0.02927421 0.08299589 0.04482496 0.07074538 0.02119430
0.06672318 0.00793071 0.00045982 0.00603313 0.01291780 0.35967340 0.07165069 0.33492389 0.02000036 0.08282169 0.05320261 0.06872413 0.02218605
0.06827332 0.00854391 0.00096096 0.00767725 0.01948902 0.35796181 0.07384070 0.33363655 0.03042460 0.08224141 0.04654267 0.06975870 0.01953868
0.06693083 0.00401926 0.00055887 0.00481775 0.02282510 0.36054419 0.06849366 0.33562273 0.03816480 0.08112243 0.04114109 0.07172848 0.01957785
0.06503732 0.00629088 0.00061106 0.00891506 0.02402698 0.35784661 0.06494420 0.33490336 0.02360126 0.07967741 0.05728750 0.07050530 0.02177624
0.06950549 0.00190359 0.00099733 0.00118035 0.02071764 0.35914086 0.07337592 0.33407990 0.03306373 0.08049277 0.04518094 0.07101021 0.02085931
0.06617166 0.00337380 0.00087490 0.00357741 0.01684689 0.35855175 0.06361411 0.33456863 0.03022174 0.08704283 0.05808982 0.07152414 0.02252939
0.06640425 0.00614471 0.00145462 0.00979089 0.02057448 0.35831021 0.07583587 0.33352986 0.03103330 0.08620429 0.04831391 0.07012325 0.02037976
0.06485093 0.00725605 0.00116695 0.00573399 0.03050815 0.35909047 0.07103612 0.33353695 0.02968928 0.08489853 0.04534313 0.07110356 0.02089051
0.05014096 0.00694335 0.00227740 0.00979420 0.03862624 0.35779210 0.06952424 0.33431516 0.02183746 0.07644162 0.05203308 0.07801542 0.02100698
0.04004401 0.00745759 0.00156131 0.00802741 0.03744875 0.35759871 0.08040843 0.33372018 0.02862762 0.08007389 0.03860521 0.07197170 0.02148462
0.04020574 0.00962130 0.00130039 0.00847834 0.04609159 0.35732969 0.05447000 0.33424621 0.02630219 0.08261612 0.05680358 0.07356265 0.02187627
0.04198014 0.00552348 0.00112352 0.00600181 0.03499359 0.35804356 0.06898315 0.33397159 0.02604787 0.08407731 0.04272513 0.06868887 0.02080071
0.04357487 0.00173978 0.00132694 0.00427956 0.02583910 0.35719221 0.05914152 0.33281435 0.02315910 0.08796246 0.04766052 0.06896868 0.01802800
0.04450686 0.00113236 0.00111247 0.00131600 0.01826221 0.35800012 0.06277551 0.33277843 0.02301890 0.08915767 0.04412298 0.07068243 0.01895036
0.04563065 0.00090296 0.00067723 0.00019222 0.00072984 0.35665533 0.06730867 0.33200147 0.03027192 0.08980377 0.03951420 0.06915549 0.01873624
0.04607546 0.00060250 0.00062015 0.00064786 0.00053022 0.35744740 0.05558814 0.33073291 0.02670191 0.08976995 0.05406388 0.06943488 0.01903203
0.04884008 0.00176093 0.00054365 0.00249006 0.02627268 0.35682740 0.07114411 0.33143531 0.02467672 0.08863619 0.04223602 0.06815643 0.01843149
0.04507511 0.00681281 0.00052625 0.01061491 0.03700546 0.35777348 0.05895867 0.33174959 0.01482767 0.08760587 0.05092701 0.07194583 0.01859588
0.04186389 0.00258174 0.00061365 0.00195383 0.02727389 0.35749149 0.06981364 0.33276166 0.02251093 0.08583973 0.04552129 0.07062475 0.01977133
0.04055748 0.00452075 0.00054383 0.00304213 0.03312828 0.35752206 0.06575206 0.33405182 0.02627602 0.08530790 0.04475717 0.07213693 0.02211831
0.04046154 0.00119527 0.00054931 0.00032049 0.00065917 0.35805356 0.06486877 0.33351934 0.01534137 0.08438522 0.06211916 0.06915631 0.02321922
0.03949970 0.00120233 0.00052146 0.00326472 0.00363814 0.35731909 0.08691738 0.33393975 0.02451143 0.08530012 0.02656841 0.06809569 0.02689844
0.03767164 0.00093316 0.00053512 0.00177871 0.00175812 0.35826750 0.06363577 0.33473180 0.01457434 0.08534801 0.05796874 0.07006237 0.04010971
0.03736142 0.00217111 0.00061903 0.00288501 0.00448765 0.35801288 0.07954451 0.33377398 0.02554349 0.08047102 0.04040783 0.06980006 0.01931908
0.03845832 0.00094670 0.00111305 0.00058004 0.00059345 0.35884162 0.06714431 0.33393329 0.02248530 0.08076792 0.05051646 0.07065103 0.03447431
0.03885630 0.00087164 0.00046171 0.00199578 0.03723847 0.35823023 0.06625808 0.33307268 0.01710618 0.08273234 0.05498616 0.06926318 0.02137003
0.03908258 0.00444875 0.00042263 0.00426553 0.02532660 0.35925414 0.07604537 0.33269467 0.02522306 0.08317749 0.03009178 0.07003787 0.02642649
0.04044934 0.00355316 0.00102320 0.00260724 0.02418873 0.35747676 0.05615173 0.33330113 0.01262530 0.08423613 0.05869989 0.06910390 0.02097516
0.03944375 0.00375177 0.00063310 0.00423757 0.02784753 0.35929789 0.07996540 0.33291622 0.02178463 0.08403440 0.02947487 0.07196527 0.01869368
0.03809124 0.00094908 0.00062640 0.00083748 0.01515256 0.35747937 0.06091286 0.33315137 0.01819209 0.08396220 0.05482529 0.06922810 0.02222505
0.03646915 0.00055986 0.00089552 0.00034978 0.00058176 0.35881847 0.07088315 0.33356721 0.01820368 0.08307269 0.04591055 0.06960810 0.01868419
0.03483962 0.00058953 0.00107102 0.00016497 0.00050559 0.35751326 0.07103150 0.33251313 0.02181462 0.08246940 0.03693231 0.07065032 0.02076597
0.03413967 0.00189311 0.00049638 0.00130998 0.00172696 0.35862164 0.06010852 0.33412459 0.01376174 0.08166942 0.06292363 0.06916307 0.02070610
0.03440338 0.00053724 0.00043486 0.00040083 0.00088726 0.35799899 0.08170674 0.33358543 0.02262999 0.08114817 0.02737660 0.06993815 0.02069088
0.03424669 0.00049815 0.00045756 0.00066248 0.00084695 0.35860466 0.06057885 0.33258944 0.01966802 0.08141544 0.05809345 0.06971991 0.02016087
0.04179390 0.00230935 0.00064058 0.00024237 0.00122829 0.35816305 0.06615457 0.33286296 0.02501268 0.08739568 0.04401653 0.06786316 0.01971251
0.04350976 0.00081244 0.00104902 0.00027311 0.00105277 0.35854925 0.06729270 0.33218654 0.02306627 0.09718732 0.03567023 0.06906354 0.01830421
0.04460695 0.00032342 0.00300788 0.00018900 0.00037138 0.35843594 0.05839190 0.33255708 0.01075294 0.09522039 0.05825278 0.06955049 0.02020242
0.04462344 0.00796201 0.00041131 0.01150811 0.01431852 0.35785036 0.07390734 0.33337103 0.02586456 0.08853663 0.03327307 0.06988053 0.01987783
0.04353570 0.00065402 0.00047900 0.00025193 0.00039989 0.35837517 0.07613495 0.33334829 0.01829625 0.08133338 0.05112272 0.07244507 0.01956637
0.04246017 0.00071492 0.00058569 0.00023202 0.00045561 0.35853262 0.07586102 0.33325191 0.01918459 0.08319980 0.04007715 0.06784253 0.02015630
0.04187775 0.00134577 0.00056563 0.00021673 0.00080396 0.35806993 0.07238082 0.33352415 0.02417436 0.08220055 0.04179036 0.06991283 0.01999884
0.04116569 0.00111743 0.00066735 0.00020179 0.00063367 0.35736423 0.06388144 0.33326542 0.01785818 0.08377751 0.05855026 0.06968166 0.02283783
0.05557250 0.00777461 0.00055781 0.00815443 0.01703536 0.35823125 0.07596592 0.33397617 0.02668210 0.08259418 0.03749552 0.07109693 0.02117433
0.05597949 0.00133560 0.00128551 0.00045725 0.00082269 0.35657049 0.07079357 0.33302207 0.03230959 0.08472252 0.05621867 0.07040417 0.02060409
0.05754664 0.00042727 0.00180967 0.00019024 0.00041886 0.35741596 0.07303523 0.33127887 0.02052517 0.09345124 0.03745325 0.07059798 0.01830533
0.06053821 0.00047817 0.00111931 0.00019626 0.00039949 0.35631505 0.07032260 0.33190465 0.01888307 0.09107056 0.04341082 0.06999678 0.01902195
0.06213189 0.00054148 0.00072862 0.00018280 0.00046586 0.35744004 0.06350532 0.33161648 0.01644387 0.08946177 0.05225488 0.07073399 0.02056863
0.06325049 0.00055680 0.00050531 0.00018111 0.00048749 0.35655031 0.07231765 0.33174600 0.02389644 0.08765954 0.03587302 0.06982817 0.01925444
0.06968604 0.00076797 0.00046696 0.00058148 0.02809623 0.35752994 0.06268697 0.33285390 0.01512726 0.08749682 0.05676260 0.06882966 0.02159559
0.06958070 0.00048955 0.00092708 0.00019035 0.00044726 0.35670492 0.07408362 0.33232660 0.02277990 0.08804034 0.03592219 0.06845885 0.01864524
0.06847834 0.00033077 0.00067669 0.00019252 0.00036086 0.35799370 0.06815904 0.33314290 0.01580875 0.08840699 0.04851584 0.06851659 0.01953080
0.07652923 0.00279998 0.00097936 0.00303289 0.03688624 0.35686852 0.06711899 0.33288427 0.01821431 0.08307142 0.04595096 0.07029445 0.01996007
0.07918912 0.00263597 0.00080216 0.00187067 0.02515173 0.35758546 0.07185574 0.33269247 0.02147664 0.08448511 0.03777015 0.07146052 0.02039574
0.07872401 0.00197065 0.00096964 0.00344756 0.02341854 0.35735679 0.06323137 0.33263703 0.01535972 0.08517803 0.05495608 0.07180254 0.02200763
0.07201030 0.00301991 0.00174769 0.00040959 0.00220139 0.35711655 0.07637896 0.33184220 0.02355830 0.08695924 0.03808748 0.07003615 0.01975995
0.05590337 0.00155754 0.00142444 0.00080327 0.00212041 0.35737500 0.06668117 0.33137549 0.02401974 0.08468009 0.05342039 0.07076805 0.02000482
0.05869447 0.00101507 0.00084923 0.00028903 0.00048875 0.35682114 0.07030792 0.33262011 0.03387956 0.08395427 0.04174155 0.07105431 0.01977791
0.05896685 0.00080062 0.00061625 0.00021790 0.00089606 0.35742512 0.07198206 0.33247531 0.02129074 0.08159829 0.04439199 0.07083127 0.01978305
0.05761432 0.00047829 0.00054719 0.00021560 0.00051908 0.35660728 0.06505617 0.33190554 0.01618921 0.08100473 0.05880526 0.06891917 0.02072698
0.05668402 0.00281882 0.00064744 0.00348383 0.02573052 0.35748126 0.07064379 0.33287761 0.03016315 0.08061395 0.03639321 0.06879704 0.01839267
0.05582901 0.00212451 0.00079299 0.00019304 0.00102043 0.35677115 0.06138426 0.33233800 0.02710788 0.08074412 0.05937138 0.06865270 0.02045682
0.05550201 0.00114344 0.00080469 0.00020087 0.00052754 0.35805713 0.07409029 0.33292063 0.02849221 0.08163227 0.03862883 0.07215609 0.01966976
0.05452142 0.00055328 0.00074916 0.00029314 0.00035179 0.35633739 0.06811386 0.33248186 0.01784251 0.08221056 0.05177842 0.07024499 0.01938381
0.05329841 0.00065515 0.00069045 0.00017790 0.00047337 0.35781749 0.07420600 0.33178428 0.02326490 0.08307368 0.04678414 0.06976220 0.01964231
0.05307675 0.00069308 0.00072750 0.00021581 0.00048766 0.35672609 0.07014181 0.33173097 0.02902735 0.08386362 0.04402431 0.06884392 0.01936646
0.05224136 0.00077376 0.00080982 0.00018849 0.00051125 0.35740042 0.06387136 0.33230449 0.02188333 0.08372309 0.05678408 0.07082017 0.02120082
0.05229370 0.00081780 0.00082961 0.00018967 0.00058603 0.35712136 0.07393996 0.33120687 0.02779570 0.07622456 0.03949495 0.07152776 0.01949155
0.05282262 0.00035193 0.00066167 0.00020312 0.00035347 0.35730327 0.06484419 0.33229453 0.01936229 0.07533039 0.05700970 0.06934122 0.02044850
0.05298195 0.00068108 0.00049108 0.00018529 0.00051644 0.35742928 0.07568718 0.33200207 0.02645253 0.07405865 0.04121403 0.07023105 0.01953672
0.05252910 0.00042552 0.00038708 0.00020585 0.00037334 0.35701919 0.06821159 0.33182922 0.02381256 0.06598102 0.04720512 0.06728333 0.01996206
0.05162361 0.00056212 0.00055063 0.00018848 0.00048405 0.35823262 0.06827941 0.33267243 0.02130520 0.06400296 0.05217817 0.07064073 0.02027786
0.05047825 0.00062664 0.00047067 0.00019028 0.00050740 0.35676934 0.07331744 0.33171213 0.02748472 0.06563201 0.04021273 0.06957042 0.01974708
0.05041735 0.00121015 0.00047755 0.00159975 0.03808839 0.35788185 0.06501159 0.33244137 0.01949452 0.06455496 0.05801425 0.07182771 0.02097840
0.06173193 0.00332638 0.00059192 0.00244659 0.02336276 0.35616106 0.07558246 0.33172385 0.02795664 0.07371206 0.03859448 0.06990020 0.02151836
0.06343958 0.00274080 0.00062757 0.00556464 0.02746102 0.35793338 0.06619869 0.33190735 0.02102695 0.07328393 0.05212143 0.07031850 0.02052805
0.06446572 0.00091093 0.00051261 0.00111705 0.01731388 0.35637145 0.07196799 0.33132851 0.02398218 0.07233497 0.04655220 0.06959192 0.02145908
0.06482529 0.00228791 0.00048211 0.00473242 0.02360049 0.35785402 0.07134512 0.33242631 0.02703871 0.07322610 0.04281661 0.07118773 0.02002560
0.06399960 0.00407450 0.00048065 0.00225879 0.02581375 0.35665528 0.06695445 0.33183831 0.01935352 0.07249501 0.05589719 0.07066850 0.02168354
0.06332308 0.00319435 0.00055064 0.00240698 0.00396132 0.35762379 0.07255334 0.33199150 0.03187094 0.07345358 0.03828011 0.06754690 0.01988318
0.06334589 0.00122866 0.00062164 0.00070321 0.00132890 0.35686905 0.06823708 0.33188996 0.01207592 0.07310080 0.05464438 0.06901132 0.02214270
0.06184870 0.00239047 0.00050380 0.00451660 0.00762239 0.35770081 0.08432787 0.33287031 0.03032537 0.06618810 0.03438020 0.07031298 0.02687191
0.06010747 0.00214085 0.00051607 0.00131646 0.00094828 0.35729650 0.06987727 0.33361868 0.02604535 0.06550014 0.05080738 0.07167282 0.03214795
0.06710600 0.01153678 0.00059874 0.01163245 0.01938124 0.35693546 0.07468875 0.33168697 0.01752923 0.06687357 0.04430170 0.07126941 0.02419122
0.06785284 0.00090244 0.00062436 0.00114485 0.00189367 0.35687572 0.08300474 0.33179160 0.02161602 0.06521438 0.03833558 0.07167424 0.03790600
0.06957834 0.00785226 0.00077953 0.00922021 0.00824522 0.35730324 0.07405618 0.33259288 0.01537480 0.06707009 0.05884297 0.07074406 0.02280565
0.06738567 0.00357192 0.00078968 0.00071102 0.00183482 0.35728649 0.08110722 0.33200052 0.04442589 0.06464644 0.03950855 0.07206662 0.03090088
0.06643289 0.00824283 0.00259828 0.01301135 0.03122457 0.35614506 0.07441941 0.33187665 0.01750698 0.06697089 0.04925997 0.07160659 0.02356885
0.06775591 0.00454496 0.00118491 0.00427653 0.02407788 0.35714514 0.08263316 0.33332646 0.01549561 0.06525362 0.04134836 0.07397549 0.02821507
0.06764848 0.00050400 0.00400184 0.00210987 0.00087200 0.35599387 0.08336502 0.33228680 0.01439067 0.06643456 0.04308921 0.07528190 0.03730338
0.06612363 0.00507862 0.00155537 0.00841132 0.02376369 0.35714817 0.07640083 0.33309128 0.01315742 0.06615850 0.05001956 0.06986028 0.02826577
0.06494630 0.01304675 0.00099593 0.01376538 0.02569509 0.35630038 0.07634307 0.33279268 0.02644302 0.06569660 0.04042179 0.07073063 0.02380042
0.06485912 0.00665985 0.00120550 0.00733520 0.02728405 0.35770885 0.06898964 0.33274727 0.01092376 0.06574825 0.04777374 0.07280851 0.02837886
0.07498159 0.00653433 0.00054595 0.00747898 0.04758265 0.35652995 0.07512737 0.33298550 0.01678789 0.06498453 0.03788500 0.07127199 0.02937206
0.07335611 0.00511416 0.00078006 0.00768266 0.03915336 0.35833181 0.07482874 0.33181122 0.01469190 0.06529719 0.04280436 0.07029567 0.02766941
0.07257657 0.00245412 0.00074527 0.00182531 0.02737290 0.35674585 0.07301210 0.33139465 0.01791952 0.06491014 0.04150679 0.06907449 0.02422360
0.07229352 0.00506102 0.00084957 0.00945860 0.02854465 0.35852950 0.07300307 0.33226567 0.02093484 0.06572348 0.03664780 0.07090355 0.02091123
0.07177331 0.00255227 0.00086656 0.00213805 0.02064699 0.35682634 0.07026951 0.33190563 0.00903215 0.06501997 0.06087257 0.07296357 0.02337202
0.06533231 0.00636204 0.00161020 0.00816475 0.03805627 0.35730303 0.07006562 0.33196822 0.01973104 0.06668032 0.03780856 0.07062558 0.02130956
0.07062110 0.00809397 0.00113659 0.00713439 0.03911253 0.35638451 0.06412593 0.33311427 0.02678784 0.06493219 0.04711594 0.07183277 0.02480825
0.07042492 0.00287845 0.00060286 0.00191480 0.05276976 0.35710601 0.07055953 0.33319653 0.04625668 0.06605791 0.04001882 0.06942609 0.02104157
0.07184945 0.00342928 0.00042749 0.00115435 0.02468013 0.35701028 0.06876439 0.33383217 0.03512968 0.06397146 0.05180010 0.07109658 0.02181394
0.07016385 0.00163451 0.00092029 0.00367240 0.00424334 0.35668118 0.06683966 0.33259750 0.02579810 0.06539022 0.07571355 0.07100730 0.03316880
0.07061493 0.00528049 0.00052349 0.01100013 0.02014857 0.35762262 0.07113763 0.33341963 0.03922055 0.06377674 0.03890226 0.07281775 0.02277949
0.07055826 0.00170608 0.00072607 0.00103284 0.00086908 0.35573794 0.06390721 0.33066939 0.03934267 0.06428803 0.05800197 0.07025006 0.03317276
0.07118111 0.00097612 0.00086611 0.00048435 0.02493976 0.35721695 0.07163606 0.33075112 0.03489057 0.06359653 0.04390212 0.07522878 0.01998874
0.07084331 0.00884329 0.00061929 0.00755529 0.01847680 0.35615076 0.07194628 0.33175378 0.02577877 0.06322300 0.05213263 0.07062652 0.02192936
0.06900998 0.00792726 0.00039430 0.01172980 0.03940576 0.35770195 0.06630512 0.33299086 0.02536378 0.05427724 0.07268833 0.07482931 0.02000416
0.06881526 0.01067560 0.00033430 0.01225141 0.04234475 0.35626961 0.07043485 0.33261677 0.04010148 0.05343210 0.03349487 0.07249764 0.02285774
0.06893929 0.00567328 0.00034721 0.00749516 0.05525130 0.35772860 0.06411007 0.33338321 0.01939708 0.05417086 0.06413948 0.06961799 0.02211408
0.06925970 0.00353381 0.00043204 0.00266551 0.02633471 0.35625527 0.07736160 0.33314860 0.02469162 0.05811108 0.03940660 0.07073646 0.04571809
0.07770901 0.00525900 0.00049079 0.00527724 0.02894198 0.35785781 0.07032419 0.33375986 0.02731965 0.05925989 0.05143079 0.07151887 0.02083652
0.07737767 0.00163769 0.00106273 0.00150524 0.00216198 0.35651699 0.06661008 0.33351279 0.02301461 0.07193403 0.05912319 0.07265500 0.03309057
0.07677706 0.00343386 0.00042259 0.00362964 0.03590012 0.35749889 0.07376400 0.33221893 0.03437399 0.06158275 0.04299579 0.07050509 0.02375130
0.07640889 0.00493972 0.00157797 0.00489470 0.02449395 0.35695266 0.07033884 0.33179836 0.01499950 0.07388704 0.06767801 0.07019669 0.02355130
0.07610055 0.01081446 0.00092543 0.01561884 0.02420217 0.35683350 0.06999898 0.33166681 0.02961301 0.07500552 0.03897025 0.07129467 0.02167032
0.07557409 0.00199215 0.00146415 0.00134359 0.00321647 0.35734510 0.06616283 0.33221731 0.05251856 0.07253764 0.05498111 0.07298609 0.01770605
0.07508507 0.00305561 0.00088643 0.00121522 0.00396955 0.35661200 0.06044394 0.33245159 0.04304089 0.07079513 0.05329046 0.07284359 0.02445783
0.07523420 0.00209924 0.00058880 0.00059780 0.00274061 0.35734660 0.06889083 0.33303022 0.03743930 0.06941770 0.05123850 0.07094418 0.01672511
0.07451790 0.00219574 0.00061708 0.00027621 0.00179205 0.35685143 0.06072263 0.33274708 0.03604653 0.06780039 0.07405293 0.06982302 0.02244401
0.07377005 0.00243731 0.00061182 0.00039856 0.00160864 0.35748598 0.07078885 0.33385268 0.05288551 0.06820836 0.04111211 0.07065180 0.01683241
0.07168429 0.00212047 0.00076638 0.00018339 0.00111435 0.35700184 0.06133992 0.33345807 0.04253068 0.06806806 0.06432502 0.06969170 0.01933246
0.07047005 0.00109574 0.00058815 0.00028822 0.00057901 0.35770565 0.06960122 0.33317847 0.03496391 0.06893487 0.05726557 0.07156938 0.01668685
0.07043141 0.00793545 0.00057268 0.01146087 0.01369692 0.35693788 0.06521915 0.33277907 0.03646534 0.07025304 0.04931478 0.06968859 0.01674162
0.07090466 0.00168603 0.00055222 0.00257154 0.03331326 0.35842265 0.06206503 0.33201295 0.03540485 0.07106221 0.06527471 0.07080694 0.01786593
0.08175192 0.00705733 0.00063915 0.00886901 0.04140521 0.35697618 0.06115735 0.33241257 0.04382876 0.06889896 0.04800662 0.07207875 0.02061369
0.07505767 0.00680938 0.00144827 0.00538905 0.03746173 0.35838369 0.06061262 0.33282180 0.03199630 0.04701045 0.06423557 0.07473741 0.02060975
0.07413401 0.00518344 0.00163706 0.00480494 0.04629068 0.35671474 0.06130204 0.33212612 0.03581244 0.04650692 0.04927548 0.07320983 0.02137250
0.07106940 0.00300577 0.00110948 0.00503082 0.02984404 0.35741736 0.05791901 0.33184266 0.03687676 0.04827531 0.05367025 0.06931715 0.01740597
0.06460190 0.00326022 0.00061964 0.00454550 0.03122914 0.35807844 0.05663312 0.33262345 0.04359561 0.04638222 0.05645957 0.06933740 0.01871206
0.06507935 0.00640167 0.00045221 0.00726726 0.04399578 0.35617165 0.07031934 0.33219068 0.04458380 0.04840502 0.04918694 0.07127635 0.01739095
0.06485778 0.00115880 0.00108058 0.00019921 0.00055798 0.35723216 0.06565013 0.33229504 0.02716113 0.04709086 0.06417467 0.07270785 0.01853379
0.06499525 0.00190362 0.00046288 0.00020027 0.00106596 0.35749045 0.06371708 0.33114703 0.03876229 0.04834894 0.04881658 0.06999151 0.01869893
0.06456547 0.00246841 0.00030749 0.00170914 0.00087333 0.35712789 0.06053067 0.33115434 0.04112136 0.04721373 0.05675934 0.07038448 0.02036983
0.06402210 0.00193008 0.00183765 0.00057278 0.00170170 0.35721513 0.06259552 0.33113736 0.04451285 0.04987861 0.05509048 0.07096977 0.01937750
0.06387554 0.00178459 0.00131115 0.00197044 0.03473749 0.35627184 0.07616100 0.33084014 0.03579885 0.04941174 0.05228214 0.07281381 0.01770557
0.06352973 0.00357739 0.00077384 0.00291892 0.00818813 0.35606078 0.06754068 0.33109985 0.03806717 0.04792996 0.06448517 0.07181965 0.01829925
0.06355904 0.00228519 0.00045444 0.00031164 0.00176120 0.35678959 0.07200135 0.33186605 0.04903138 0.04709708 0.04861105 0.07173699 0.01937230
0.06273386 0.00263381 0.00059076 0.00058382 0.00255835 0.35524468 0.06446795 0.33099566 0.04363161 0.04630343 0.06316920 0.07003971 0.01955596
0.06160138 0.00193808 0.00051189 0.00019696 0.00181301 0.35712919 0.06715901 0.33212628 0.04037506 0.04639212 0.05579446 0.06899574 0.01928112
0.06115774 0.00174836 0.00049177 0.00035197 0.00062337 0.35524395 0.07084321 0.33202513 0.04031169 0.04606638 0.06132922 0.07030751 0.01897768
0.06145527 0.00199854 0.00048602 0.00036991 0.00121556 0.35675235 0.05985159 0.33160102 0.04572742 0.04714230 0.06404091 0.07261330 0.01831570
0.05993606 0.00112606 0.00047408 0.00024522 0.00058238 0.35655979 0.07839050 0.33179922 0.04370932 0.04625033 0.05526332 0.07141643 0.01562457
0.05930014 0.00095996 0.00078788 0.00016289 0.00049776 0.35621307 0.05738917 0.33015773 0.03817775 0.04842322 0.06393181 0.07004270 0.01651055
0.05850605 0.00137286 0.00057411 0.00017387 0.00077045 0.35775760 0.05929470 0.33078882 0.04206623 0.04663833 0.05276225 0.07069772 0.01618738
0.05841219 0.00110166 0.00064488 0.00015578 0.00050437 0.35674898 0.05513687 0.33064100 0.04015914 0.04899195 0.06179188 0.07041900 0.01793443
0.05826064 0.00102843 0.00070394 0.00018168 0.00057610 0.35749913 0.05546212 0.33095987 0.04410625 0.04711860 0.05409517 0.07171580 0.01650986
0.05804650 0.00079439 0.00061154 0.00014976 0.00048346 0.35706361 0.06688368 0.33090931 0.03783912 0.04819791 0.06017763 0.06909938 0.01549626
0.05771110 0.00078463 0.00038221 0.00018806 0.00041283 0.35755311 0.05684814 0.33194585 0.04029620 0.04548913 0.06155195 0.06857644 0.01619930
0.05699683 0.01271583 0.00027748 0.01381018 0.01449951 0.35749680 0.06509024 0.33227900 0.04130193 0.04570488 0.05520260 0.06879526 0.01614042
0.05701124 0.00340438 0.00022101 0.00142826 0.02436680 0.35760644 0.05574362 0.33270326 0.03881319 0.04542551 0.06380424 0.07092452 0.01970349
0.05676870 0.00316130 0.00022072 0.00401775 0.02917581 0.35709907 0.05869491 0.33245226 0.04218894 0.04525626 0.05071253 0.06982869 0.01692516
0.05692170 0.00073228 0.00123757 0.00015334 0.00046813 0.35834878 0.06173009 0.33145439 0.03423071 0.05629235 0.05406651 0.07088269 0.01608129
0.05636425 0.00148836 0.00069767 0.00080557 0.02949315 0.35726720 0.05428917 0.33089220 0.03260528 0.05765267 0.05408666 0.06881026 0.01806284
0.05625261 0.00215657 0.00054775 0.00130807 0.03080191 0.35764086 0.06668141 0.33062334 0.03060213 0.05788034 0.04821186 0.07000312 0.01662008
0.05543501 0.00294673 0.00041777 0.00521835 0.02585406 0.35834053 0.05868210 0.33152422 0.03420050 0.05699719 0.04935151 0.07128570 0.01721753
0.05535287 0.00259628 0.00045228 0.00312235 0.02308505 0.35756481 0.05676717 0.33175896 0.03026834 0.05677779 0.05060652 0.06880172 0.01865661
0.06014812 0.00629687 0.00028538 0.00561288 0.02855135 0.35921577 0.05943785 0.33252376 0.03062881 0.05443844 0.04704753 0.07033003 0.02079619
0.06035094 0.00401345 0.00068351 0.00734646 0.02481304 0.35802255 0.05956473 0.33233148 0.03245658 0.05540532 0.04682812 0.06731308 0.01680335
0.05906274 0.00311825 0.00044927 0.00341869 0.00634327 0.35891786 0.06531475 0.33276843 0.02857875 0.05276336 0.04921057 0.06856322 0.02937161
0.06008187 0.00080273 0.00035605 0.00041351 0.00041675 0.35847671 0.06866823 0.33239754 0.03159570 0.05447418 0.05116996 0.06921580 0.01695205
0.05987567 0.00075426 0.00059942 0.00016596 0.00051170 0.35807843 0.07122878 0.33234788 0.02896312 0.05275739 0.05200565 0.07061847 0.01866928
0.05875119 0.00085960 0.00040820 0.00018883 0.00051703 0.35791071 0.06287283 0.33155543 0.02993947 0.05453161 0.05009153 0.06780388 0.01817297
0.05817870 0.00136453 0.00039174 0.00017462 0.00071831 0.35857450 0.05941617 0.33100640 0.03303878 0.05424961 0.04680458 0.06919171 0.01923232
0.06274224 0.00122348 0.00038398 0.00314345 0.03381419 0.35751121 0.06507181 0.33121230 0.02613425 0.05530925 0.04416400 0.06890841 0.03293856
0.06232597 0.00228710 0.00058868 0.00343707 0.00585137 0.35892200 0.06601471 0.33278311 0.03117878 0.05638028 0.05151412 0.07161000 0.02305042
0.06122684 0.00084128 0.00066154 0.00198462 0.00174255 0.35679936 0.07261666 0.33120756 0.02623290 0.05635567 0.05419564 0.07069804 0.02929778
0.06046300 0.00118604 0.00062162 0.00144555 0.00212023 0.35760299 0.06610228 0.33300465 0.02756617 0.05694343 0.05080354 0.06893814 0.03028528
0.06059295 0.00177942 0.00043437 0.00162857 0.00279310 0.35764276 0.06685439 0.33203889 0.03239081 0.05634743 0.04418556 0.06815014 0.01907847
0.06075203 0.00069731 0.00039975 0.00037340 0.00046237 0.35669420 0.06719415 0.33229863 0.02686574 0.05646592 0.04803181 0.06792154 0.02882584
0.05995977 0.00075512 0.00035951 0.00112484 0.00123888 0.35862449 0.07157361 0.33341302 0.02917968 0.05563571 0.04806676 0.07004974 0.01917659
0.05906750 0.00075419 0.00034608 0.00018846 0.00054740 0.35649914 0.07298374 0.33137559 0.02612040 0.05602588 0.05428304 0.07165067 0.02456305
0.05816401 0.00099568 0.00043198 0.00046690 0.00092891 0.35881182 0.06895612 0.33202945 0.03203374 0.05454058 0.05329037 0.06964559 0.01914364
0.05774473 0.00083195 0.00044409 0.00020082 0.00063839 0.35697700 0.07139372 0.33086085 0.02900488 0.05607385 0.04837318 0.06874977 0.02151458
0.05697882 0.00058706 0.00131858 0.00024051 0.00046492 0.35839963 0.06811514 0.33096823 0.02482321 0.06654067 0.04591120 0.07086392 0.01976799
0.05646210 0.00072457 0.00086280 0.00023032 0.00055679 0.35737618 0.06909450 0.33180653 0.02760541 0.06843213 0.04104361 0.06981183 0.01965072
0.05598720 0.00143634 0.00058771 0.00040248 0.00319525 0.35829082 0.06781676 0.33261959 0.02620975 0.06571267 0.04991874 0.07005189 0.01944277
0.05655082 0.00289213 0.00041130 0.00022916 0.00250908 0.35743512 0.06416684 0.33177683 0.03691344 0.06547821 0.04413137 0.06743972 0.01867311
0.05659405 0.00173732 0.00034307 0.00029186 0.00188834 0.35839841 0.06809781 0.33323534 0.03000653 0.06352856 0.05080499 0.06762103 0.01936294
0.06709788 0.00536745 0.00027992 0.00395959 0.02326318 0.35741988 0.06603942 0.33318321 0.02750663 0.06281095 0.04870288 0.06858747 0.01997139
0.06701001 0.00353120 0.00103458 0.00397976 0.03346895 0.35947045 0.06567547 0.33312549 0.02680364 0.05750340 0.05220396 0.07087888 0.01928762
0.06645790 0.00252107 0.00028957 0.00115726 0.02104762 0.35797298 0.06585473 0.33272696 0.03549068 0.05697509 0.04774181 0.06919892 0.02186299
0.07465283 0.00098963 0.00126599 0.00017713 0.00053464 0.35857777 0.06284678 0.33109185 0.03409191 0.06455439 0.04252244 0.06917778 0.01784436
0.07464479 0.00056725 0.00081981 0.00016876 0.00046552 0.35924937 0.06382668 0.33138584 0.02308699 0.06724904 0.05405009 0.06863798 0.01804562
0.07452441 0.00416538 0.00065593 0.00690189 0.02736169 0.35751525 0.05925052 0.33111353 0.02504095 0.06714712 0.04472729 0.06799279 0.01776967
0.07487633 0.00090209 0.00071037 0.00095512 0.02078275 0.35965072 0.06349405 0.33146759 0.02926524 0.06908661 0.04297701 0.07077064 0.01833274
0.07482818 0.00212893 0.00061478 0.00447199 0.02612750 0.35733778 0.05931460 0.33214721 0.02969159 0.06823959 0.04421610 0.06793486 0.01789430
0.07427462 0.00080273 0.00059902 0.00048568 0.00126981 0.35935658 0.06278074 0.33264013 0.02790918 0.06846084 0.04786013 0.06768086 0.01786259
0.07275045 0.00088853 0.00107218 0.00051480 0.00102397 0.35714507 0.06345965 0.33221199 0.02756498 0.06799051 0.04695215 0.06672682 0.01808532
0.07100568 0.00060365 0.00071009 0.00021081 0.00038356 0.35904995 0.06169620 0.33361776 0.02972668 0.06675895 0.04536563 0.06916381 0.01801451
0.07249743 0.00107398 0.00221312 0.00024841 0.00071743 0.35760717 0.06477642 0.33317040 0.02677934 0.06828554 0.04802122 0.07082046 0.01925801
0.07167153 0.00083729 0.00163380 0.00020757 0.00045506 0.35907794 0.06379483 0.33228328 0.02794632 0.06777358 0.04488885 0.06958378 0.01919380
0.07302001 0.00060093 0.00115567 0.00023651 0.03233802 0.35753294 0.06376409 0.33143779 0.02504659 0.06693986 0.04429341 0.06649496 0.01884141
0.07590829 0.00095182 0.00071634 0.00017299 0.00051712 0.35965650 0.06259394 0.33134340 0.02564543 0.06745553 0.04838487 0.06893020 0.02085089
0.07790830 0.00067091 0.00096760 0.00028479 0.00040889 0.35705356 0.06970973 0.33067522 0.02716056 0.06614276 0.04344205 0.06942884 0.01802036
0.07894813 0.00129298 0.00048935 0.00183279 0.00500021 0.35929353 0.06484366 0.33206962 0.02509718 0.06741628 0.04494009 0.06956261 0.02107996
0.07893218 0.00069257 0.00040819 0.00152699 0.00071946 0.35777377 0.05926700 0.33142400 0.02602580 0.06693354 0.04509162 0.06824786 0.03506059
0.07704749 0.00105545 0.00043560 0.00341802 0.00400116 0.35821555 0.06692697 0.33250065 0.02483025 0.06759201 0.04536714 0.06656097 0.01867153
0.07450405 0.00179636 0.00059084 0.00111737 0.00210905 0.35797366 0.06130513 0.33299387 0.03380713 0.06881622 0.04487050 0.06719316 0.03092272
0.06842926 0.00539734 0.00071258 0.00539099 0.01776954 0.35695419 0.05530882 0.33234348 0.02714778 0.06856483 0.05552892 0.06925671 0.02412555
0.06734065 0.00265785 0.00075765 0.00093153 0.00144668 0.35820441 0.06305403 0.33332566 0.03349000 0.07035271 0.04640346 0.06931607 0.01989164
0.06678091 0.00215526 0.00068936 0.00180214 0.00191913 0.35662517 0.06293415 0.33199088 0.03569478 0.06954631 0.04841865 0.06928218 0.02441789
0.06406253 0.00117836 0.00060894 0.00074913 0.00090627 0.35818503 0.06372616 0.33161932 0.03312421 0.06917649 0.05089141 0.06913156 0.01927908
0.06323771 0.00128951 0.00057329 0.00040237 0.00178644 0.35795258 0.06240618 0.33208038 0.03303651 0.06884288 0.04790723 0.06794615 0.02274912
0.06281608 0.00076928 0.00053202 0.00042041 0.00083496 0.35827257 0.06595172 0.33192057 0.02717558 0.06791221 0.06045598 0.07046516 0.01854216
0.06228183 0.00100833 0.00050823 0.00018359 0.00083455 0.35744610 0.06142990 0.33190170 0.03587564 0.06784408 0.04398361 0.06912316 0.01923722
0.06246278 0.00075128 0.00041910 0.00024552 0.00059676 0.35958403 0.05807295 0.33294348 0.03028463 0.06696172 0.05206459 0.06806395 0.01697690
0.06259533 0.00060246 0.00032247 0.00016903 0.00045309 0.35744015 0.06314242 0.33201202 0.03010030 0.06667621 0.04663070 0.06589567 0.01706588
0.06263466 0.00058657 0.00047326 0.00016601 0.00046717 0.35926456 0.05718136 0.33315677 0.03070644 0.07542503 0.04445550 0.06747223 0.01569630
0.06179366 0.00053342 0.00055054 0.00016932 0.00040007 0.35833227 0.05572754 0.33283982 0.02653808 0.07407635 0.05673437 0.06749699 0.01588297
0.06097440 0.00776278 0.00049592 0.01103979 0.01290306 0.35833714 0.05849736 0.33253854 0.03682609 0.06893570 0.04198227 0.07028023 0.01636049
0.06886965 0.00523985 0.00057618 0.00598561 0.02287035 0.35956718 0.05344064 0.33290901 0.02712706 0.06886338 0.05740230 0.06821910 0.01601709
0.06862697 0.00064187 0.00074948 0.00014156 0.00045345 0.35743754 0.05951503 0.33111233 0.03141434 0.06982218 0.04320031 0.06684920 0.01565598
0.06887874 0.00227710 0.00094906 0.00088213 0.03011703 0.36014925 0.04643230 0.33194557 0.02764516 0.07051703 0.04797460 0.07304537 0.01517062
0.07142027 0.00183061 0.00063691 0.00050693 0.00248777 0.35786026 0.05701816 0.33204897 0.02570467 0.06939690 0.04890432 0.06814475 0.01616823
0.08281696 0.00171452 0.00063816 0.00162368 0.00181398 0.35989825 0.06532259 0.33252414 0.03547036 0.07048653 0.04919715 0.07022994 0.01790423
0.08313250 0.00175743 0.00063938 0.00047060 0.00116443 0.35856335 0.05767642 0.33270790 0.03584890 0.06909858 0.05622310 0.06701913 0.01573604
0.08389230 0.00144088 0.00063390 0.00031271 0.00079787 0.35976671 0.06927096 0.33349877 0.03861935 0.06942502 0.03618126 0.06691750 0.01551691
0.08331811 0.00172815 0.00055464 0.00058791 0.00379096 0.35852685 0.04850993 0.33306135 0.02196887 0.06881826 0.06464635 0.06750021 0.01813855
0.08200388 0.00140568 0.00063952 0.00017253 0.00163887 0.35993498 0.06035559 0.33402895 0.03442371 0.06810028 0.04109825 0.06897071 0.01770362
0.07880900 0.00165595 0.00076941 0.00041005 0.00129688 0.35842794 0.05818322 0.33320799 0.03707032 0.06877740 0.05014857 0.06798670 0.01697583
0.07660053 0.00113134 0.00092906 0.00019256 0.00037592 0.35991296 0.05725250 0.33251063 0.03449558 0.06869417 0.05615835 0.06800616 0.01624753
0.08168555 0.00089536 0.00104419 0.00018024 0.00074893 0.35956974 0.06977616 0.33295009 0.03394033 0.06933449 0.03711109 0.06883714 0.01554678
0.08148627 0.00050079 0.00079314 0.00019957 0.00030168 0.35926513 0.05022506 0.33222127 0.02262111 0.07038209 0.06687875 0.06874805 0.01747117
0.08356709 0.00124143 0.00060461 0.00014504 0.00077346 0.36017129 0.06536877 0.33274574 0.04088311 0.06994506 0.03112421 0.07014084 0.01619114
0.08381231 0.00098879 0.00051055 0.00017226 0.00054236 0.35874232 0.05349528 0.33317773 0.03136506 0.07156694 0.05730864 0.06834081 0.01728767
0.08343496 0.00071465 0.00051054 0.00017357 0.04103019 0.36050987 0.05948491 0.33391297 0.03024457 0.07077435 0.05073953 0.06856676 0.01689549
0.08171837 0.00075746 0.00078844 0.00015667 0.00051280 0.35905227 0.06607858 0.33403996 0.03404556 0.07610588 0.04145023 0.06608590 0.01614896
0.08036870 0.00405137 0.00076999 0.00407141 0.02179971 0.36010746 0.04939169 0.33504672 0.02658916 0.07712278 0.06240185 0.06887101 0.01685371
0.08037038 0.00344374 0.00073780 0.00657503 0.02483190 0.35941111 0.06497142 0.33446200 0.04028331 0.07620315 0.02698803 0.06868713 0.01456693
0.08275191 0.00229291 0.00117243 0.00127077 0.02137993 0.35986936 0.04646932 0.33445118 0.02266508 0.08627038 0.05619899 0.06827189 0.01887195
0.08502940 0.00475454 0.00072293 0.00482632 0.03062142 0.35911528 0.05832053 0.33364885 0.02818930 0.08554967 0.03657811 0.06672451 0.01499829
0.08638636 0.00127443 0.00123454 0.00038913 0.00109155 0.36032429 0.05556975 0.33266417 0.03015191 0.08568652 0.04663456 0.06789778 0.01556317
0.08690145 0.00047828 0.00085110 0.00015630 0.00031870 0.35934812 0.05183188 0.33311088 0.02438162 0.08707250 0.05347812 0.06645325 0.01560211
0.08651755 0.00073778 0.00064849 0.00013858 0.00048742 0.36077605 0.06177012 0.33313532 0.03332320 0.08686265 0.02991832 0.06861405 0.01469923
0.08569192 0.00032584 0.00122656 0.00016252 0.00026412 0.35910258 0.04671968 0.33264909 0.02016848 0.08775088 0.05912895 0.06726052 0.01614348
0.09358850 0.01080041 0.00078463 0.01079947 0.02121309 0.36010248 0.06087738 0.33409117 0.03138322 0.08638359 0.02885501 0.06693636 0.01486868
0.09058236 0.00050085 0.00381676 0.00015449 0.00033300 0.35868004 0.05042142 0.33299960 0.02534418 0.08900817 0.04890013 0.06629724 0.01591258
0.09457974 0.00048331 0.00152183 0.00015075 0.00034621 0.35908588 0.05485697 0.33356888 0.02535926 0.08787893 0.04634324 0.06751925 0.01544920
0.09709167 0.00424745 0.00087791 0.00350472 0.03167928 0.35924667 0.05816627 0.33348086 0.03089769 0.08623061 0.02780585 0.06764794 0.01438207
0.09772186 0.00204112 0.00077330 0.00133277 0.00246736 0.35862084 0.04757586 0.33237798 0.01835188 0.09429849 0.05208983 0.06763145 0.01516991
0.09758325 0.00143960 0.00139376 0.00013359 0.00185285 0.35889327 0.05787380 0.33221164 0.02978068 0.10110504 0.02662740 0.06647985 0.01416728
0.09777912 0.00125610 0.00084110 0.00071159 0.02913439 0.35820910 0.04464418 0.33166162 0.01977948 0.09931348 0.04675343 0.06627480 0.01576770
0.09820875 0.00242182 0.00057105 0.00060916 0.00305525 0.35873933 0.05115829 0.33197029 0.03152972 0.09794423 0.03447709 0.06823455 0.01419402
0.09700915 0.00155515 0.00062072 0.00014541 0.00034335 0.35843102 0.05077720 0.33245465 0.04352912 0.09731705 0.03319882 0.06703172 0.01418071
0.09388993 0.00051219 0.00082472 0.00023927 0.00059238 0.35896560 0.04508934 0.33302568 0.02094384 0.09867986 0.05365390 0.06709176 0.01548328
0.08343530 0.00061753 0.00271080 0.00013117 0.00041951 0.35736877 0.05930180 0.33249973 0.02888260 0.09970761 0.02868908 0.06493184 0.01377279
0.08064621 0.00152720 0.00113626 0.00017093 0.00081361 0.35987439 0.04649588 0.33468994 0.02926359 0.10070173 0.05339609 0.06647205 0.01530692
0.08341619 0.00127460 0.00062155 0.00088609 0.00259326 0.35899766 0.05805744 0.33456849 0.03390087 0.09579278 0.04886043 0.06766230 0.01545003
0.08381959 0.00146251 0.00075214 0.00021060 0.00041228 0.36002943 0.05362472 0.33477581 0.04490189 0.09161616 0.04838496 0.06942380 0.01667334
0.08421135 0.00125229 0.00081633 0.00045431 0.00130534 0.35926032 0.05038892 0.33427387 0.03676944 0.09318060 0.06065476 0.06776069 0.01731707
0.08226826 0.00079822 0.00093180 0.00019916 0.00048485 0.35965539 0.06090363 0.33332588 0.03704628 0.09387630 0.04505529 0.06841056 0.01590909
0.08112817 0.00073317 0.00093507 0.00020126 0.00043538 0.35956147 0.05422544 0.33327721 0.03182239 0.09422328 0.05872879 0.06934484 0.01530052
0.08091444 0.00097783 0.00087913 0.00014664 0.00065675 0.35940486 0.05899208 0.33390399 0.03673475 0.09384734 0.05033989 0.06932488 0.01534821
0.08096011 0.00082503 0.00077712 0.00017262 0.00042418 0.35953690 0.05476421 0.33362971 0.03705719 0.09335569 0.05527265 0.07086034 0.01512914
0.08099980 0.00578070 0.00180717 0.00503793 0.02726758 0.35904796 0.05471157 0.33477110 0.03289015 0.08443520 0.06026052 0.07353255 0.01647961
0.07994435 0.00253601 0.00113758 0.00160015 0.02394518 0.35872113 0.05882487 0.33387245 0.03796918 0.08447486 0.04997627 0.06740804 0.01792564
0.08692995 0.00690959 0.00079730 0.00753410 0.02690585 0.35918203 0.05177087 0.33395836 0.02889022 0.08347572 0.05373464 0.06851441 0.01543439
0.08786318 0.00073891 0.00054027 0.00025227 0.00046130 0.35886102 0.05843470 0.33436453 0.03416340 0.08377083 0.04422315 0.06829455 0.04678398
0.08686857 0.00150799 0.00059088 0.00056975 0.03250248 0.35910501 0.05308290 0.33350975 0.02924486 0.07742833 0.05669314 0.06902303 0.01671686
0.08990623 0.00495293 0.00105333 0.00333983 0.03931887 0.36097655 0.05783084 0.33377658 0.03069420 0.07711587 0.03963648 0.07153764 0.01671700
0.08702689 0.00732736 0.00118668 0.01176093 0.01763637 0.35842136 0.05269467 0.33269849 0.02912750 0.08715499 0.05013016 0.06701785 0.01506301
0.08502586 0.00316811 0.00134792 0.00245697 0.00397752 0.36098536 0.05168863 0.33268470 0.03453594 0.08687648 0.04905486 0.07260731 0.01537403
0.08406046 0.00137956 0.00124803 0.00093365 0.00179903 0.35844705 0.06779115 0.33289346 0.04274535 0.08638237 0.03721352 0.06887670 0.01410487
0.08423687 0.00062126 0.00107102 0.00049669 0.03445960 0.35993532 0.05280400 0.33351554 0.02349942 0.08542571 0.05820685 0.06972494 0.01636860
0.08370208 0.00129167 0.00093712 0.00236837 0.00085562 0.35887874 0.05822843 0.33311813 0.03560446 0.08494364 0.04115067 0.06793326 0.02579290
0.08013158 0.00224375 0.00088121 0.00055376 0.00199399 0.35923418 0.04931899 0.33480213 0.04371310 0.08429740 0.05826928 0.07082632 0.01683335
0.08299224 0.01294144 0.00099147 0.01301850 0.01102554 0.35957236 0.05252595 0.33502347 0.04026951 0.08447843 0.05206464 0.06740531 0.01769642
0.08255165 0.00174664 0.00086030 0.00246914 0.02255894 0.35951841 0.06140597 0.33487159 0.03497557 0.08362853 0.04950945 0.06979518 0.01709365
0.07711919 0.00092068 0.00217107 0.00076387 0.04318121 0.35904156 0.05304487 0.33482188 0.02648014 0.08556788 0.05967367 0.06802452 0.01524019
0.07773024 0.00104682 0.00167966 0.00016387 0.00052114 0.35978167 0.06077348 0.33286223 0.04029277 0.08476320 0.04130676 0.06867843 0.01437437
0.07880714 0.00086551 0.00121279 0.00016069 0.00040975 0.35903421 0.05153080 0.33293341 0.03566196 0.08606058 0.06254107 0.06737330 0.01604725
0.07984609 0.00071145 0.00077341 0.00014943 0.00047767 0.35966120 0.05685954 0.33256289 0.03559871 0.08484408 0.05244881 0.06814351 0.01549641
0.07856690 0.00319161 0.00068227 0.00291047 0.02227203 0.35979502 0.05687183 0.33296499 0.03469322 0.08556936 0.05411263 0.07063179 0.01748985
0.07725166 0.00565587 0.00075778 0.00573995 0.02990645 0.35935876 0.05109930 0.33403625 0.03182693 0.08502961 0.05730494 0.06861488 0.01543647
0.08687199 0.00092870 0.00120010 0.00228706 0.00053438 0.36030805 0.06134793 0.33502976 0.03987202 0.08554057 0.03990356 0.06765341 0.03240865
0.08663472 0.00091866 0.00094228 0.00317883 0.00365194 0.35890437 0.05130535 0.33385539 0.02993875 0.08533434 0.06525046 0.06791637 0.02850216
0.08597183 0.00438459 0.00089437 0.00358502 0.02663627 0.36026734 0.06039502 0.33573671 0.03662956 0.08537559 0.04695992 0.06788029 0.01642477
0.07383956 0.00787115 0.00101491 0.00937451 0.00925373 0.35911928 0.05494744 0.33518230 0.03556579 0.08549443 0.05810253 0.06993910 0.01620402
0.07372191 0.00283292 0.00088355 0.00409760 0.03139987 0.36061685 0.05254761 0.33393707 0.03154802 0.08564384 0.04968783 0.06928637 0.01532560
0.07307774 0.00123716 0.00140131 0.00015287 0.00070315 0.35961351 0.05784397 0.33391468 0.03398222 0.08657011 0.04604627 0.06844045 0.01735565
0.07233086 0.00205237 0.00141898 0.00029432 0.00118655 0.36035297 0.05614356 0.33330900 0.03288267 0.08599161 0.05834909 0.06889985 0.01720110
0.07302053 0.00119984 0.00096631 0.00026471 0.03166580 0.35966321 0.06406845 0.33337404 0.03439660 0.08567898 0.04255977 0.06810519 0.01644771
0.07473737 0.00101973 0.00108350 0.00021373 0.00040662 0.36045002 0.06363590 0.33391457 0.02742828 0.08794385 0.05762382 0.06945841 0.01723279
0.07588322 0.00062206 0.00088373 0.00028545 0.00044108 0.36009171 0.06977697 0.33356141 0.03047180 0.08696192 0.04684778 0.06844782 0.01616434
0.07029674 0.00085518 0.00190366 0.00014265 0.00049440 0.36049462 0.05917644 0.33471579 0.03003129 0.08519723 0.04782817 0.06840804 0.01876539
0.06949632 0.00651384 0.00049904 0.00020049 0.00113949 0.35987769 0.05405376 0.33475243 0.04653914 0.08405082 0.04777265 0.06605468 0.01675469
0.07019152 0.00220017 0.00039025 0.00038978 0.00344189 0.36067101 0.06154825 0.33491719 0.03485735 0.08250201 0.03960344 0.06757707 0.01845859
0.06932827 0.00058765 0.00041169 0.00019177 0.00082969 0.36044265 0.06319636 0.33539465 0.02106195 0.08358760 0.06126664 0.06751518 0.01715908
0.06852652 0.00130548 0.00070579 0.00017540 0.00149550 0.36036504 0.06777983 0.33424867 0.03260912 0.07712438 0.03689791 0.06854395 0.01667492
0.06725308 0.00182308 0.00066906 0.00017752 0.00094474 0.36069035 0.05713865 0.33318890 0.03608443 0.07834528 0.05332011 0.06814400 0.01711280
0.06628652 0.00105729 0.00067018 0.00482265 0.00056025 0.36045148 0.05327607 0.33296271 0.03733750 0.07770449 0.04337396 0.06773051 0.04254149
0.06675634 0.00795467 0.00088548 0.00956690 0.02245697 0.36055092 0.05803579 0.33310775 0.03010938 0.07847138 0.04746797 0.06928636 0.01671413
0.07266579 0.00125047 0.00095206 0.00041342 0.00203778 0.36078167 0.05914137 0.33364548 0.02814371 0.07841013 0.05299154 0.06986306 0.01930372
0.07224981 0.00099391 0.00074285 0.00020960 0.00048853 0.36039855 0.06042088 0.33436233 0.03224867 0.07793791 0.04086804 0.06735241 0.01701136
0.07126405 0.00080091 0.00071233 0.00018156 0.00042660 0.36139807 0.06755817 0.33389143 0.02871162 0.07801071 0.04461093 0.06578332 0.01606311
0.06991977 0.00059825 0.00094704 0.00016301 0.00036386 0.36110065 0.05754294 0.33486990 0.02726250 0.07729147 0.04422528 0.06698542 0.01718183
0.06918022 0.00071709 0.00093166 0.00017334 0.00050172 0.36020479 0.06175332 0.33460079 0.02798505 0.07739914 0.04362148 0.06734212 0.01670632
0.06699148 0.00792252 0.00106104 0.00920109 0.00774124 0.36147964 0.04993219 0.33474376 0.03120111 0.07674841 0.04864416 0.07022234 0.01814077
0.06317413 0.00342214 0.00112902 0.00503714 0.02977667 0.36026804 0.06024762 0.33377568 0.02620530 0.07692658 0.04001274 0.06677607 0.01592851
0.06451124 0.00210688 0.00149502 0.00092506 0.02235530 0.36069419 0.06241978 0.33300504 0.02444654 0.07668974 0.04066986 0.06747116 0.01867930
0.06271152 0.00094407 0.00204286 0.00029476 0.00044529 0.36032656 0.06161413 0.33265839 0.02529691 0.08024941 0.04240952 0.06960421 0.01706182
0.06087825 0.00188991 0.00107774 0.00140718 0.03090210 0.36007720 0.06165160 0.33333575 0.02789937 0.07918503 0.04313779 0.06910914 0.01971638
0.06095779 0.00146905 0.00077365 0.00022565 0.00073316 0.36021236 0.06277290 0.33314660 0.02983365 0.07820077 0.04502875 0.06884831 0.01913896
0.06204186 0.00166135 0.00052842 0.00016552 0.00087406 0.36033786 0.06113617 0.33378673 0.02844417 0.07640766 0.04740711 0.06837086 0.02062841
0.06184382 0.00110008 0.00044015 0.00021433 0.00067156 0.36008734 0.06992689 0.33427975 0.02754209 0.07655330 0.04304455 0.06619515 0.01883279
0.06097019 0.00061675 0.00042069 0.00018259 0.00040669 0.36073436 0.06306839 0.33426396 0.02501489 0.07581317 0.04817467 0.06657035 0.02020508
0.06071826 0.00085565 0.00043166 0.00020481 0.00054471 0.36001418 0.07397080 0.33447776 0.02661490 0.07638806 0.04063944 0.06784355 0.01794725
0.06009431 0.00067110 0.00048697 0.00018141 0.00042454 0.36057282 0.06346842 0.33484589 0.02687083 0.07680807 0.04650407 0.06947293 0.01950991
0.05959835 0.00066776 0.00062912 0.00018364 0.00052978 0.35995674 0.06736135 0.33328940 0.02477036 0.07763696 0.04597882 0.06867563 0.01943793
0.05903304 0.00296451 0.00068265 0.00107884 0.00444042 0.35953729 0.06282980 0.33239966 0.04455928 0.07844457 0.04244237 0.06641265 0.01852060
0.05411478 0.00194537 0.00177969 0.00460587 0.00631042 0.36040772 0.05847804 0.33270071 0.02485101 0.08389817 0.04237310 0.06856193 0.01941909
0.05420407 0.00139579 0.00080557 0.00178178 0.03434700 0.35877619 0.06206081 0.33258078 0.02613925 0.08452893 0.03845475 0.06920121 0.02899148
0.05440580 0.00072912 0.00168370 0.00215289 0.00185952 0.35956771 0.05999600 0.33331176 0.02521224 0.08569830 0.04303028 0.06931782 0.02026373
0.05499818 0.00051253 0.00118115 0.00160898 0.00133666 0.35897320 0.06630822 0.33285347 0.02373331 0.08504748 0.03878764 0.06704107 0.02342269
0.05534105 0.00097239 0.00094116 0.00061569 0.00090443 0.35916466 0.05612404 0.33318770 0.02667449 0.08498806 0.04395311 0.06682073 0.02413102
0.06955070 0.00328499 0.00054667 0.00553002 0.02166360 0.35938340 0.06037527 0.33445626 0.02871053 0.08463484 0.04379486 0.06710502 0.01773215
0.06997223 0.00107742 0.00056160 0.00034980 0.00063566 0.35914293 0.06544253 0.33374623 0.02827851 0.07640125 0.04420071 0.06881477 0.01739806
0.07076132 0.00061589 0.00050158 0.00032911 0.00056479 0.35940859 0.06903434 0.33330731 0.02640991 0.07750714 0.04440497 0.06768763 0.01806508
0.07022060 0.00166561 0.00046426 0.00295791 0.02954512 0.35903891 0.06543483 0.33286510 0.02562253 0.07619805 0.05415939 0.06935148 0.01809086
0.07602884 0.00186495 0.00410562 0.00316872 0.00318944 0.35850534 0.05357051 0.33171859 0.03512903 0.08834874 0.04535391 0.06928001 0.02175477
0.07493919 0.00295785 0.00129965 0.00387401 0.03073427 0.35900186 0.05893036 0.33189117 0.02953070 0.08659636 0.04571656 0.06797266 0.01731367
0.07614129 0.00237568 0.00086263 0.00228640 0.02532359 0.35890782 0.05701521 0.33228945 0.02840378 0.08578197 0.04572145 0.07056262 0.01822517
0.07668532 0.00235920 0.00087107 0.00062706 0.00288110 0.35882505 0.06522642 0.33317149 0.03077660 0.08502799 0.04910709 0.06936879 0.01918954
0.07616909 0.00119934 0.00090113 0.00025846 0.00187240 0.35955635 0.06757509 0.33391331 0.02853426 0.08392662 0.05237207 0.06736171 0.01751825
0.07559528 0.00177400 0.00096185 0.00033814 0.00208725 0.35853124 0.06236355 0.33375937 0.03447322 0.08441936 0.05112410 0.06611002 0.01767095
0.07546585 0.00576968 0.00092409 0.00946959 0.01945183 0.35969019 0.06344028 0.33449833 0.03880752 0.08491147 0.04767917 0.06858987 0.01670213
0.07553359 0.00332414 0.00113260 0.00199649 0.00715222 0.35875032 0.05300912 0.33430709 0.04322548 0.08470195 0.04538086 0.06885054 0.01613654
0.07434012 0.00191773 0.00082433 0.00033687 0.00143965 0.35916880 0.05956281 0.33375443 0.03855847 0.08613529 0.04498630 0.07229134 0.01693755
0.07452989 0.00066407 0.00096859 0.00069476 0.00103450 0.35912872 0.05179703 0.33183222 0.02680715 0.08530597 0.06244314 0.06678769 0.01408146
0.07550925 0.00101830 0.00076119 0.00021375 0.00051833 0.35842761 0.05630281 0.33187579 0.03801366 0.08651852 0.04306594 0.07209103 0.01525361
0.07460211 0.00203370 0.00139666 0.00083584 0.00109516 0.35796346 0.04895125 0.33083156 0.04194606 0.08639539 0.05640685 0.07013996 0.01641280
0.07537293 0.00166490 0.00080893 0.00043302 0.00147923 0.35803935 0.05473906 0.33186626 0.04247916 0.08577510 0.04652427 0.07129532 0.01500557
0.07537657 0.00071521 0.00066408 0.00016635 0.00049605 0.35774059 0.05693536 0.33142322 0.03308016 0.08604099 0.05178372 0.06812909 0.01470265
0.07464141 0.00128805 0.00053914 0.00018566 0.00112129 0.35810445 0.04984922 0.33223155 0.03625056 0.08443408 0.05880469 0.06683941 0.01534839
0.07496351 0.00126709 0.00056661 0.00014391 0.00061724 0.35775022 0.05801794 0.33296486 0.04622409 0.08531621 0.04250140 0.06630787 0.01424194
0.07029137 0.00475789 0.00083711 0.00761452 0.03791167 0.35858896 0.04874265 0.33371230 0.02776040 0.08495367 0.05599264 0.06831068 0.01584943
0.06942377 0.00230138 0.00049040 0.00340281 0.03184633 0.35890222 0.06492529 0.33506447 0.03569066 0.08434277 0.04188357 0.06876504 0.01571087
0.07685547 0.00372038 0.00169324 0.00717523 0.03733675 0.35940978 0.05218817 0.33411625 0.02897897 0.08578013 0.04155552 0.07005525 0.01641206
0.08308679 0.00264802 0.00086332 0.00083679 0.01786947 0.35962425 0.05422106 0.33285560 0.02925689 0.07883022 0.04998346 0.06798579 0.01721313
0.08478555 0.00146309 0.00074126 0.00013131 0.00067478 0.35879017 0.06176672 0.33145686 0.05542368 0.07863124 0.03076046 0.06699343 0.01829695
0.08394711 0.00310204 0.00071238 0.00114990 0.00340915 0.35907694 0.05229326 0.33243504 0.02936918 0.07877334 0.06512295 0.07269206 0.01951961
0.08231408 0.01013642 0.00088802 0.01061234 0.02857897 0.35806932 0.07207225 0.33212407 0.03338525 0.07746909 0.04084716 0.07002599 0.01617268
0.08069483 0.00182102 0.00110904 0.00294393 0.03748042 0.35789251 0.05697741 0.33246540 0.03242330 0.07847470 0.05069720 0.07056548 0.01816993
0.07913101 0.00283935 0.00165207 0.00484248 0.02863610 0.35777933 0.05350077 0.33292805 0.04100893 0.08793670 0.05061659 0.06675754 0.01598767
0.08696041 0.00176125 0.00174214 0.00120397 0.01828198 0.35752306 0.06047408 0.33433895 0.04785821 0.08734925 0.03565482 0.06917161 0.02042980
0.08327429 0.00065574 0.00180981 0.00308675 0.00380588 0.35713939 0.04943522 0.33499789 0.02714808 0.08619150 0.07403739 0.06990371 0.03741413
0.08090452 0.00161717 0.00184756 0.00279205 0.00293975 0.35797340 0.06941396 0.33426133 0.03978758 0.08480324 0.04514774 0.06892471 0.01610557
0.07870583 0.00270428 0.00179932 0.00408467 0.02570838 0.35665906 0.05751998 0.33346203 0.04060367 0.08539850 0.05990953 0.06847977 0.01783601
0.07873132 0.00235741 0.00143497 0.00291773 0.02138940 0.35773197 0.06010474 0.33295014 0.03956060 0.08410673 0.06299829 0.06983691 0.01702570
0.08069447 0.00360053 0.00105096 0.00474478 0.02858603 0.35679149 0.06449900 0.33190055 0.04060979 0.08442660 0.04575568 0.07045416 0.01681156
0.08184643 0.00070427 0.00183506 0.00076870 0.04008784 0.35655077 0.05387779 0.33210060 0.02877847 0.08568809 0.07364727 0.07102403 0.01742679
0.08259381 0.00320314 0.00111376 0.00198285 0.02405808 0.35696533 0.06691999 0.33211656 0.04421805 0.08516593 0.04740910 0.07024305 0.01816227
0.08258244 0.00287392 0.00075265 0.00571469 0.02756305 0.35560580 0.05623541 0.33240067 0.03775607 0.08824782 0.06613928 0.06932537 0.01725005
0.08121550 0.00076510 0.00098095 0.00020306 0.00047245 0.35627698 0.06429842 0.33243389 0.03695776 0.08614882 0.06229453 0.06788730 0.01613281
0.08145143 0.00073306 0.00083625 0.00015926 0.00049193 0.35665315 0.06388884 0.33340300 0.03904187 0.08706694 0.05047055 0.06794680 0.01656841
0.08077069 0.00065367 0.00079942 0.00018277 0.00037725 0.35651116 0.05566265 0.33424648 0.03194624 0.08724818 0.06951889 0.06991305 0.01695959
0.08109929 0.00096629 0.00076339 0.00015303 0.00058448 0.35676331 0.06615149 0.33343770 0.04355216 0.08665565 0.04199605 0.06961501 0.01631422
0.07983801 0.00061269 0.00077116 0.00017706 0.00039192 0.35646453 0.05557553 0.33263254 0.03322126 0.08728531 0.06892359 0.06921461 0.01724629
0.07782498 0.00081450 0.00082330 0.00015990 0.00051210 0.35670168 0.06635569 0.33148965 0.03871615 0.08570470 0.05789117 0.06737917 0.01636774
0.07704370 0.00072913 0.00087138 0.00016745 0.00047143 0.35639467 0.06231736 0.33155940 0.03850705 0.08587136 0.05654787 0.06996480 0.01686368
0.07519270 0.00068388 0.00092103 0.00017124 0.00041002 0.35681460 0.05919514 0.33136165 0.03328889 0.08558208 0.06676172 0.07032632 0.01686524
0.07537320 0.00183527 0.00091327 0.00055743 0.00053943 0.35639248 0.07078383 0.33193649 0.03716246 0.08460352 0.04094970 0.06985392 0.01740461
0.07836304 0.00094396 0.00104674 0.00018649 0.00058234 0.35744058 0.05623891 0.33198562 0.02618926 0.08581002 0.06229411 0.06681871 0.01833026
0.07793634 0.00092694 0.00076290 0.00016917 0.00059804 0.35648328 0.06604783 0.33268983 0.03296207 0.08452932 0.05027115 0.06787176 0.01844212
0.07705812 0.00103609 0.00071879 0.00018165 0.00053849 0.35701757 0.06071066 0.33344177 0.03244644 0.08546472 0.05760856 0.06823921 0.01879249
0.07647018 0.00065697 0.00100947 0.00019612 0.00039577 0.35639980 0.05526090 0.33212313 0.02901770 0.08563818 0.05516373 0.06877175 0.01398408
0.07874704 0.00195562 0.00069666 0.00019058 0.00234296 0.35669787 0.06227728 0.33201099 0.04023299 0.08507251 0.03736471 0.06800884 0.01473255
0.07970715 0.00481605 0.00067317 0.00085956 0.00541974 0.35653077 0.04351335 0.33091913 0.04508721 0.08652719 0.05022324 0.06691868 0.01308818
0.07884107 0.00257856 0.00065960 0.00043738 0.00374150 0.35646608 0.05065024 0.33063647 0.03082190 0.08550791 0.04880264 0.06973713 0.01481982
0.07831005 0.00117605 0.00077454 0.00017742 0.00144792 0.35614073 0.05239907 0.32975229 0.02821923 0.08659364 0.05177511 0.06754743 0.01400571
0.07706943 0.00148639 0.00079995 0.00020606 0.00149577 0.35659743 0.05171109 0.33029213 0.03540167 0.08594509 0.05578100 0.07064900 0.01336526
0.07648265 0.00167164 0.00079548 0.00013055 0.00059325 0.35640263 0.05523091 0.33034898 0.04370355 0.08520938 0.04462549 0.06700673 0.01276937
0.07683297 0.00292149 0.00075097 0.00318721 0.03441289 0.35628697 0.04536595 0.33111581 0.03561325 0.08549122 0.04757804 0.06704740 0.01344540
0.07628521 0.00055006 0.00079254 0.00011640 0.00038941 0.35718484 0.05081450 0.33148660 0.02583250 0.07751763 0.05236977 0.06706969 0.01296071
0.07620627 0.00101904 0.00109753 0.00013282 0.00059695 0.35799870 0.04276022 0.33195081 0.03109690 0.06997737 0.04600908 0.06662608 0.01350026
0.07495757 0.01287067 0.00095241 0.01303831 0.01098342 0.35796634 0.04594576 0.33224556 0.02546667 0.06967216 0.04398921 0.07111177 0.01265545
0.07308967 0.00233065 0.00390798 0.00336448 0.04283185 0.35656744 0.04800455 0.33149486 0.02587549 0.07108077 0.03617292 0.06717874 0.01494576
0.07027200 0.00259776 0.00165113 0.00522285 0.03867545 0.35781913 0.04079517 0.33021398 0.02243035 0.07172940 0.04454934 0.06473074 0.01463537
0.06900891 0.00455661 0.00153171 0.00378337 0.03328553 0.35613433 0.04935253 0.33015133 0.02662084 0.07124734 0.03567321 0.06953843 0.01627215
0.06783450 0.00566844 0.00079367 0.00553365 0.03708149 0.35735179 0.04079522 0.32926194 0.02866598 0.07113338 0.04122498 0.06857892 0.01327062
0.06808671 0.00055267 0.00094889 0.00493180 0.00064559 0.35597476 0.04903883 0.32868693 0.02315575 0.07138901 0.04580902 0.06735871 0.01650894
0.06848169 0.00141061 0.00059614 0.00214512 0.00316181 0.35707290 0.04681995 0.32932970 0.02528657 0.07751737 0.03859900 0.06721582 0.02952372
0.06901936 0.00099559 0.00077259 0.00278238 0.00301505 0.35590291 0.05165033 0.32984948 0.02422952 0.07173943 0.04564926 0.06505534 0.01682229
0.06928411 0.00271914 0.00102912 0.00294025 0.02262714 0.35748259 0.04594217 0.33136885 0.02592170 0.08172019 0.04163961 0.06684587 0.01316217
0.06791718 0.00162869 0.00127987 0.00030249 0.00158472 0.35632077 0.05119005 0.33122779 0.03391251 0.08151493 0.03810055 0.06603454 0.01441150
0.06853591 0.00081104 0.00236918 0.00017670 0.00055236 0.35632811 0.05065213 0.33103036 0.02234338 0.06997612 0.04788120 0.07353713 0.01476490
0.06583891 0.00115081 0.00145320 0.00025029 0.00067324 0.35657386 0.04588296 0.33050367 0.02529354 0.06982199 0.04367331 0.06619738 0.01514159
0.06371505 0.00130323 0.00141532 0.00013115 0.00054736 0.35557689 0.04962608 0.32936790 0.02821467 0.07028104 0.03801205 0.06925178 0.01512029
0.06821886 0.00069260 0.00167848 0.00023765 0.00033711 0.35784792 0.06539881 0.32990151 0.02481507 0.06952284 0.04493621 0.06642465 0.01306628
0.07069155 0.00066876 0.00096029 0.00012302 0.00038946 0.35546619 0.05308443 0.32894445 0.02729207 0.07325101 0.03246221 0.07054587 0.01365289
0.06815885 0.00028731 0.00194052 0.00018692 0.00025281 0.35743508 0.04860237 0.32844614 0.01701261 0.07459832 0.04923528 0.06822649 0.01268164
0.06959087 0.00085142 0.00350951 0.00011989 0.00045247 0.35413208 0.04759309 0.32790340 0.02800320 0.07778227 0.02817491 0.06638818 0.01411671
0.07171393 0.00078605 0.00167064 0.00013897 0.00045952 0.35591001 0.04445419 0.32789708 0.02194307 0.07882724 0.04117454 0.06500265 0.01381335
0.06094019 0.00049232 0.00099931 0.00013255 0.00032117 0.35426591 0.04696024 0.32889291 0.02318177 0.07785354 0.03590360 0.06483939 0.01383437
0.06978723 0.00059422 0.00117446 0.00013087 0.00041080 0.35673166 0.04939704 0.33061095 0.02527502 0.07823521 0.03389504 0.06695030 0.01372958
0.07034282 0.00035848 0.00060334 0.00015061 0.00027088 0.35431416 0.04822954 0.32970741 0.01875384 0.07790042 0.04588745 0.06660362 0.01314562
0.06902871 0.00186404 0.00055555 0.00188243 0.03437435 0.35626758 0.05020416 0.32975486 0.02868520 0.07643447 0.02922505 0.06673707 0.01369082
0.06843744 0.00045093 0.00066816 0.00013995 0.00031689 0.35397326 0.04666518 0.32802476 0.01902697 0.07650231 0.04430909 0.06379896 0.01369538
0.06702559 0.00051330 0.00060658 0.00012652 0.00034591 0.35556412 0.04785523 0.32756596 0.02420457 0.07457912 0.03139803 0.06855971 0.01397223
0.06672360 0.00063861 0.00064792 0.00013158 0.00043229 0.35460330 0.04722813 0.32780235 0.02383446 0.07503193 0.03571528 0.06720205 0.01388513
0.06537684 0.00225753 0.00084654 0.00015746 0.00098787 0.35373988 0.04786925 0.32710768 0.02266091 0.07454998 0.04679761 0.06823488 0.01468001
0.05162728 0.00165091 0.00129417 0.00292947 0.03445770 0.35347516 0.05135311 0.32711949 0.03126844 0.07483866 0.02746022 0.06805040 0.01991758
0.06121694 0.00358737 0.00092996 0.00394306 0.02905969 0.35341061 0.04613411 0.32937137 0.02151464 0.07523767 0.05122262 0.06679073 0.02995954
0.06023270 0.00262042 0.00105226 0.00465686 0.02382304 0.35468872 0.06265612 0.33008026 0.02906051 0.07723649 0.03097586 0.06775392 0.01515464
0.05828893 0.00233615 0.00076274 0.00251896 0.02571639 0.35319779 0.04727939 0.33078867 0.02442428 0.07904520 0.04482682 0.06781766 0.03235253
0.05732354 0.00664531 0.00102132 0.00906344 0.03320151 0.35490059 0.04363255 0.33042871 0.02477928 0.08112034 0.03736105 0.06668908 0.01548375
0.06709167 0.00338872 0.00085448 0.00638038 0.03217176 0.35302710 0.04896602 0.32984628 0.02933999 0.08829016 0.03032473 0.06733942 0.01488596
0.06883602 0.00036385 0.00122023 0.00015459 0.00025244 0.35507207 0.04208526 0.32857325 0.01834512 0.09238568 0.04868586 0.06521673 0.01385559
0.07611999 0.00084847 0.00067594 0.00079898 0.03232224 0.35291218 0.05731236 0.32858576 0.02700727 0.09171653 0.02332254 0.06753539 0.01326541
0.08414811 0.00498156 0.00083473 0.00668382 0.02588039 0.35511810 0.04753784 0.32851057 0.02265822 0.09236356 0.04432132 0.07088608 0.01459349
0.08140689 0.00745524 0.00080402 0.00803936 0.00873107 0.35354405 0.06004698 0.32950234 0.03286420 0.09129136 0.03934713 0.07013484 0.01809653
0.07971236 0.01064131 0.00076953 0.01020579 0.03019513 0.35489905 0.05525297 0.33061554 0.03081098 0.09049275 0.03604168 0.06742631 0.01671470
0.08091818 0.00323371 0.00107720 0.00510967 0.03459904 0.35339873 0.04629008 0.32990415 0.02831834 0.09084159 0.05355498 0.06873658 0.01814298
0.08777769 0.00439406 0.00067735 0.00431585 0.02791559 0.35404041 0.05419833 0.33296442 0.03953826 0.08948848 0.04106295 0.06816364 0.01907621
0.08673455 0.00384066 0.00053293 0.00349802 0.03657551 0.35385026 0.05460952 0.33269857 0.03645095 0.08468629 0.05586672 0.06920097 0.01647348
0.08623935 0.00356172 0.00195528 0.00385714 0.01708449 0.35361645 0.06414107 0.33241424 0.03166382 0.08549838 0.05651716 0.07003001 0.01926659
0.08865236 0.00353056 0.00173443 0.00396539 0.02979330 0.35360870 0.06482222 0.33167353 0.03415839 0.07404880 0.05303540 0.06700827 0.01574549
0.09900886 0.00415402 0.00090688 0.00385408 0.03592323 0.35399564 0.05584769 0.33093889 0.03857700 0.07382740 0.05790395 0.07079226 0.04802843
0.10019952 0.00582833 0.00113291 0.00707951 0.03040614 0.35519029 0.05958011 0.33138911 0.03873135 0.07551346 0.04907733 0.06944614 0.01897175
0.09884627 0.00694111 0.00136701 0.00124006 0.00221310 0.35341847 0.05382479 0.33008284 0.04669321 0.08349875 0.05609422 0.06996842 0.03309943
0.09847972 0.00363808 0.00077234 0.00513876 0.02168842 0.35564214 0.05647050 0.32997299 0.03716644 0.08447370 0.05733536 0.06957324 0.01626826
0.09895867 0.00270826 0.00125283 0.00173991 0.03441126 0.35340398 0.06335788 0.33117096 0.03812716 0.08769748 0.05220330 0.06867763 0.01497659
0.09861700 0.00148857 0.00094205 0.00020297 0.00170503 0.35504568 0.05237101 0.33224765 0.03675017 0.08863086 0.06013754 0.06750392 0.01521417
0.09512086 0.00424866 0.00108577 0.00506261 0.02874890 0.35410083 0.05495173 0.33207877 0.04371722 0.08912000 0.04790228 0.06848549 0.01288944
0.08981155 0.00177906 0.00137653 0.00075823 0.02439703 0.35481068 0.04421544 0.33438110 0.04171164 0.08897145 0.05786490 0.07115351 0.01717189
0.08698656 0.00482356 0.00165555 0.00482329 0.03166662 0.35388523 0.05312755 0.33298247 0.03535730 0.08361129 0.05768737 0.07515023 0.01347996
0.08607962 0.01222153 0.00123018 0.01173671 0.03006491 0.35485890 0.05296240 0.33172051 0.03800226 0.08050887 0.05494218 0.06832350 0.01667939
0.08872960 0.00423785 0.00095235 0.00286706 0.01916504 0.35349312 0.05033694 0.33174302 0.04736292 0.08034443 0.06046763 0.06811579 0.01908763
0.08914635 0.00156973 0.00159081 0.00066943 0.00081013 0.35406682 0.05683835 0.33033223 0.04407447 0.07991082 0.05527210 0.07293628 0.01624265
0.09068801 0.00084979 0.00098328 0.00023496 0.00044531 0.35332262 0.05104870 0.33015607 0.03787623 0.08076086 0.06412140 0.06985616 0.01555081
0.08983948 0.00098793 0.00084041 0.00052002 0.03129208 0.35341610 0.06831451 0.33008946 0.03528228 0.07937275 0.05332935 0.06939011 0.01514081
0.08964520 0.00168356 0.00080509 0.00054735 0.00057301 0.35452086 0.04985458 0.33024466 0.04984060 0.08089061 0.06568945 0.06790051 0.01517569
0.08905603 0.00241263 0.00204532 0.00021225 0.00264479 0.35220244 0.05930235 0.33098830 0.04786481 0.07396218 0.05038862 0.06765191 0.01438359
0.09037869 0.00084694 0.00080849 0.00032460 0.00044680 0.35454693 0.05864743 0.33269553 0.03410454 0.07478210 0.06507766 0.07319772 0.01587219
0.08825633 0.00173789 0.00081728 0.00031841 0.00273629 0.35340861 0.06326194 0.33218854 0.04265596 0.06863590 0.05516383 0.07007198 0.01640122
0.08905184 0.00093635 0.00098756 0.00048806 0.00140439 0.35422051 0.05982963 0.33181107 0.03095028 0.06919882 0.07105667 0.06716820 0.01616401
0.08737879 0.00098459 0.00167345 0.00054130 0.00080919 0.35531567 0.04868779 0.33176354 0.04093743 0.06882451 0.05560639 0.07224940 0.01611006
0.08456619 0.00344298 0.00138393 0.00125740 0.00419976 0.35402348 0.06125092 0.32987080 0.04816450 0.07135798 0.04343296 0.07018508 0.01373896
0.08287640 0.00170784 0.00144619 0.00069475 0.00125160 0.35378198 0.04941783 0.32982152 0.04349568 0.07248781 0.06249162 0.06928888 0.01578330
0.08177658 0.00314633 0.00126182 0.00039555 0.00131823 0.35443648 0.05907447 0.32952093 0.04077996 0.07312261 0.04549716 0.06975850 0.01574467
0.08239642 0.00093781 0.00100585 0.00190406 0.00480362 0.35324609 0.05689436 0.32923993 0.04254803 0.07482608 0.05357252 0.06710946 0.01732859
0.07845713 0.00822549 0.00096701 0.00980747 0.02174864 0.35512970 0.04092564 0.33057758 0.04266486 0.07453067 0.05188130 0.06754031 0.01390889
0.07853634 0.00455699 0.00091462 0.00204089 0.02126191 0.35357336 0.05339131 0.33030924 0.04493974 0.07651367 0.04655952 0.06753586 0.01552123
0.07746672 0.00108514 0.00163779 0.00021533 0.00124779 0.35455287 0.04606941 0.33221018 0.03277457 0.07611775 0.05639569 0.06823994 0.01376359
0.07880731 0.00142762 0.00101702 0.00024012 0.00054967 0.35438301 0.04997508 0.33109865 0.04064354 0.07712608 0.04897213 0.06781281 0.01238135
0.07921799 0.00120740 0.00067444 0.00014800 0.00046057 0.35385169 0.04857210 0.33068895 0.04122282 0.07456342 0.05010768 0.06600714 0.01272455
0.07849120 0.00109453 0.00056290 0.00019759 0.00047336 0.35535698 0.04217613 0.33053860 0.04057498 0.07516204 0.05702849 0.06563720 0.01323341
0.07733979 0.00081224 0.00064892 0.00011178 0.00047896 0.35383966 0.05361759 0.32921254 0.03539376 0.07313883 0.04281362 0.06768650 0.01247471
0.07536928 0.00079975 0.00077380 0.00015125 0.00039884 0.35585109 0.04177927 0.32917146 0.03024641 0.07416608 0.05941562 0.06823162 0.01309648
0.07356125 0.01172173 0.00074523 0.01193929 0.01171510 0.35350728 0.05025642 0.32906456 0.03847468 0.07262458 0.03924406 0.06716633 0.01288557
0.07727801 0.00092077 0.00090129 0.00069559 0.00083970 0.35550910 0.06425840 0.32976072 0.03525877 0.06603474 0.05029550 0.06713782 0.01348892
0.07546220 0.00098916 0.00077066 0.00036665 0.00065260 0.35492419 0.04951507 0.33103434 0.03563359 0.06553153 0.06873655 0.06714069 0.01641056
0.07257641 0.00661796 0.00066207 0.00411108 0.03842407 0.35488722 0.05800386 0.33313887 0.04138541 0.06641131 0.06014848 0.06852816 0.01821304
0.07119684 0.00241281 0.00125734 0.00108470 0.02877758 0.35476448 0.04234691 0.33243056 0.03572457 0.06716654 0.06408176 0.06847781 0.01694401
0.07104848 0.00137650 0.00063806 0.00042228 0.00247493 0.35453444 0.05500809 0.33158501 0.03338745 0.07349054 0.04632659 0.06631126 0.01281989
0.07067094 0.00087282 0.00068683 0.00104304 0.02575400 0.35468111 0.05314972 0.33072714 0.02946572 0.07408819 0.04700800 0.06565334 0.01274002
0.07079176 0.00180334 0.00050955 0.00013430 0.00072348 0.35468050 0.04571465 0.33025992 0.02970268 0.07342720 0.05837651 0.06810875 0.01523293
0.07062477 0.00787493 0.00046125 0.00561686 0.01488502 0.35512711 0.05914921 0.32963934 0.03822197 0.06668843 0.02722614 0.06900716 0.03950608
0.06964276 0.00103079 0.00051310 0.00033875 0.00030467 0.35441368 0.04716007 0.32806207 0.02312424 0.06569305 0.06283623 0.06902710 0.01565063
0.07009968 0.00591475 0.00048796 0.00817591 0.04161679 0.35582587 0.05341071 0.32805964 0.03338061 0.06749193 0.02927967 0.06825736 0.01241794
0.06956352 0.00409073 0.00044961 0.00196077 0.02613898 0.35402373 0.04299366 0.32911132 0.03421367 0.06600704 0.04931669 0.06735083 0.01470652
0.06841616 0.00274555 0.00048716 0.00357162 0.02327477 0.35630821 0.04484451 0.32977838 0.04388370 0.06746850 0.04721654 0.06731762 0.01480233
0.06746682 0.00161274 0.00047088 0.00408958 0.02239197 0.35396545 0.05517035 0.33046089 0.03380017 0.06603821 0.04158210 0.06605196 0.01284859
0.06601492 0.00052032 0.00071901 0.00019246 0.00034955 0.35602775 0.04056870 0.33134470 0.02346531 0.06718148 0.06213125 0.06633981 0.01394489
0.06591596 0.00113914 0.00059147 0.00011009 0.00050343 0.35437367 0.05559747 0.33091355 0.04031475 0.06617527 0.02792724 0.06658313 0.01175742
0.06519836 0.00126692 0.00052797 0.00013543 0.00085435 0.35568540 0.03977900 0.32974648 0.03359041 0.06731621 0.05388773 0.06532349 0.01322266
0.06421353 0.00078416 0.00053322 0.00012073 0.00046230 0.35492411 0.04890716 0.32918897 0.03369031 0.06707868 0.04387545 0.06592022 0.01268720
0.07214669 0.00061237 0.00048289 0.00012177 0.00036739 0.35551689 0.05148221 0.32890632 0.03113238 0.07741779 0.04784148 0.06876270 0.01264755
0.07137770 0.00083458 0.00088248 0.00013319 0.00043754 0.35513309 0.04078209 0.32855703 0.03133094 0.07560084 0.05806628 0.06788523 0.01379735
0.07372478 0.00086567 0.00053653 0.00011482 0.00044695 0.35550145 0.05582191 0.32794545 0.03871135 0.07538435 0.03253530 0.06739739 0.01187760
0.07376618 0.00050152 0.00047025 0.00013637 0.00028555 0.35548456 0.03965375 0.32876724 0.02780277 0.07476160 0.05738252 0.06636653 0.01338692
0.07594810 0.00937221 0.00395769 0.00936475 0.02470571 0.35511391 0.04944362 0.33067540 0.02983801 0.07399983 0.03781521 0.06981093 0.01221243
0.07429259 0.00331799 0.00451129 0.00285830 0.01873652 0.35635639 0.04157008 0.33118952 0.02917728 0.08406865 0.04339776 0.06704223 0.01500608
0.07399584 0.00266855 0.00084274 0.00560910 0.02910849 0.35509245 0.03437811 0.33240951 0.03528204 0.08432193 0.05020645 0.06521422 0.01366358
0.07453462 0.00217794 0.00090483 0.00582527 0.00263665 0.35753726 0.05069753 0.33217960 0.03210331 0.07755979 0.04089754 0.06497486 0.02058829
0.07429703 0.00582384 0.00066198 0.00723123 0.02093417 0.35471708 0.03922587 0.33120313 0.02578893 0.07557434 0.05315583 0.06653022 0.02406355
0.07348378 0.00164889 0.00063497 0.00278962 0.00387309 0.35681298 0.04648927 0.33071529 0.03256541 0.07556498 0.04755986 0.06738356 0.02733740
0.07179197 0.00185255 0.00074346 0.00374035 0.00463930 0.35509662 0.04641755 0.33007575 0.03513576 0.07725066 0.04534680 0.06831235 0.02535623
0.06995698 0.00073872 0.00068378 0.00143772 0.00048313 0.35647126 0.04242000 0.32965044 0.03096927 0.07898116 0.05464774 0.06811656 0.03184974
0.07028116 0.00092972 0.00067968 0.00250094 0.00288446 0.35557397 0.05959136 0.33018507 0.02772189 0.07980641 0.04524712 0.06723286 0.01470678
0.06953940 0.00106614 0.00068295 0.00049534 0.00110946 0.35650342 0.04170527 0.33031036 0.03009254 0.08223803 0.04888842 0.06624175 0.03300012
0.06968916 0.00153410 0.00066095 0.00086843 0.00183570 0.35563643 0.05901073 0.33183213 0.03274813 0.08247973 0.04428987 0.06634815 0.01040767
0.06895726 0.00072269 0.00073744 0.00020080 0.00038512 0.35683870 0.05949272 0.33310877 0.02961070 0.08418255 0.04900160 0.06735230 0.01824990
0.06856769 0.00087464 0.00070108 0.00031186 0.00086349 0.35587120 0.05055678 0.33269744 0.02835140 0.08367869 0.05632568 0.06671287 0.01424448
0.06838547 0.00100887 0.00069754 0.00019470 0.00054649 0.35653090 0.05437726 0.33308316 0.03247020 0.08358516 0.04527571 0.06468491 0.01588397
0.06702075 0.00526815 0.00042275 0.00563846 0.02154264 0.35657458 0.04637659 0.33202069 0.03168897 0.07262589 0.05183138 0.06563311 0.01726047
0.06684590 0.00098759 0.00039253 0.00299668 0.00286612 0.35581337 0.05815645 0.33103273 0.02922521 0.07152055 0.04672702 0.06800841 0.02465161
0.06661656 0.00200535 0.00043152 0.00034732 0.00255349 0.35743348 0.05909284 0.33118423 0.02874366 0.07174953 0.05933429 0.06896880 0.01533820
0.06607092 0.00136688 0.00038413 0.00025667 0.00091689 0.35555984 0.05292564 0.32998674 0.03864737 0.07086066 0.05339748 0.06779092 0.01436845
0.06524681 0.00082414 0.00043148 0.00050323 0.03334748 0.35750729 0.05741523 0.33034114 0.03192485 0.07237117 0.04630832 0.06680767 0.01563922
0.06438832 0.00134604 0.00044585 0.00271777 0.02759382 0.35584896 0.04907821 0.33160092 0.02958842 0.07181196 0.05402985 0.06662369 0.01612661
0.06484532 0.00052032 0.00046766 0.00013497 0.00035701 0.35724961 0.05727844 0.33218959 0.02909717 0.07379195 0.04592195 0.06688153 0.01480100
0.07384646 0.00061169 0.00071457 0.00014708 0.00040206 0.35718932 0.05479754 0.33370631 0.02942289 0.07376803 0.04916108 0.06621236 0.01471023
0.07360722 0.00062670 0.00054406 0.00015378 0.00043687 0.35755946 0.05316988 0.33368719 0.02924170 0.07533325 0.05011108 0.06525025 0.01492874
0.07272037 0.00062895 0.00051555 0.00014023 0.00040215 0.35730100 0.05926212 0.33296381 0.03058119 0.07490078 0.04726477 0.06562882 0.01454728
0.07112137 0.00067631 0.00100506 0.00015031 0.00048042 0.35722771 0.05049473 0.33236577 0.02852065 0.07558052 0.05461439 0.06663258 0.01587374
0.06291123 0.00057072 0.00054053 0.00014152 0.00038006 0.35618991 0.05855635 0.33057781 0.02970263 0.07461038 0.04560781 0.06803336 0.01468581
0.07262898 0.00145068 0.00122578 0.00043354 0.00264651 0.35716114 0.05538949 0.33034269 0.02700510 0.07456748 0.04725032 0.06885957 0.01562568
0.07485247 0.00266809 0.00039079 0.00072798 0.00322169 0.35596682 0.05468128 0.32949325 0.02232902 0.07347157 0.04629912 0.06780658 0.01643281
0.07115537 0.00247103 0.00051672 0.00065039 0.00247797 0.35625248 0.05951901 0.32936648 0.03778302 0.07295239 0.03215973 0.06717576 0.01674300
0.06775232 0.00133444 0.00079511 0.00028196 0.00039550 0.35614648 0.06648493 0.33026590 0.03245283 0.07145315 0.05095085 0.06625619 0.01589042
0.06491805 0.00093180 0.00084131 0.00017611 0.00056409 0.35545984 0.07211183 0.33126571 0.02779072 0.07107836 0.03884672 0.06780481 0.01695256
0.06380523 0.00132196 0.00100308 0.00021066 0.00083114 0.35631167 0.05296727 0.33174383 0.01741199 0.07213496 0.05664463 0.06778843 0.01685207
0.06332606 0.00122258 0.00111123 0.00015345 0.00063051 0.35523451 0.05528464 0.33215916 0.02937905 0.07159549 0.04034589 0.06468629 0.01924106
0.06151740 0.00110945 0.00115679 0.00020018 0.00058085 0.35644210 0.06253735 0.33162171 0.02788471 0.07322371 0.03730757 0.06745725 0.01677922
0.06044070 0.00057457 0.00111438 0.00019826 0.00039638 0.35543975 0.05402659 0.33082885 0.02068054 0.07263298 0.05267972 0.06678859 0.01726148
0.05943119 0.00056349 0.00061778 0.00015311 0.00042073 0.35670189 0.07493446 0.33079373 0.02485222 0.07410088 0.03975138 0.06840903 0.01539913
0.05924726 0.00570644 0.00066277 0.00946887 0.01811294 0.35644466 0.05215196 0.32956572 0.02279270 0.07329291 0.04970821 0.06857764 0.01745543
0.05909770 0.00659906 0.00054129 0.00681751 0.01499455 0.35659679 0.06017822 0.32932079 0.02540348 0.07383852 0.03581972 0.06691850 0.01905565
0.05856581 0.00208395 0.00052695 0.00455452 0.03103267 0.35663081 0.05788868 0.33016362 0.01948138 0.07324017 0.04087736 0.06680707 0.01678551
0.05850561 0.00076543 0.00049204 0.00118002 0.01886881 0.35673729 0.05357565 0.33062986 0.02215661 0.07351318 0.04420760 0.06786690 0.01967112
0.05811652 0.00043489 0.00052761 0.00016179 0.00037522 0.35746100 0.06896346 0.33215292 0.02090278 0.07330243 0.03686706 0.06610111 0.01557053
0.05750763 0.00366649 0.00050776 0.00286416 0.03241177 0.35678450 0.04871078 0.33274693 0.02196724 0.07333471 0.04616399 0.06548636 0.01687800
0.05778732 0.00076343 0.00104927 0.00380478 0.00427095 0.35776202 0.05918308 0.33236650 0.02171295 0.07358429 0.03596869 0.06508415 0.03355072
0.05750350 0.00037015 0.00054582 0.00014682 0.00034740 0.35604783 0.05319992 0.33128362 0.01769283 0.07321775 0.04004426 0.06406852 0.01590598
0.05776741 0.00044576 0.00041832 0.00015421 0.00036973 0.35788885 0.05137052 0.33065590 0.02061610 0.07356827 0.03842520 0.06529760 0.01616323
0.05713063 0.00041010 0.00037051 0.00014595 0.00034678 0.35611316 0.06130124 0.32958637 0.01996574 0.07269962 0.03535392 0.06697429 0.01495384
0.05674305 0.00052199 0.00035055 0.00015986 0.00040195 0.35776018 0.04846988 0.32922170 0.02050732 0.07325288 0.04627542 0.06772392 0.01678450
0.05678278 0.00044409 0.00034645 0.00014702 0.00037512 0.35638907 0.06228014 0.32873700 0.02103868 0.07212681 0.03584786 0.06591386 0.01492141
0.05669768 0.00039450 0.00034626 0.00015299 0.00034360 0.35755889 0.05137945 0.32897730 0.01836483 0.07311794 0.04290524 0.06463083 0.01623265
0.05674844 0.00045749 0.00071742 0.00015267 0.00037567 0.35703587 0.05442566 0.33077701 0.02123977 0.07188352 0.03501725 0.06621413 0.01582970
0.05614908 0.00033332 0.00048921 0.00013495 0.00028779 0.35653461 0.05344991 0.33087504 0.01802595 0.07317368 0.03485272 0.06584263 0.01404647
0.05570951 0.00049834 0.00042176 0.00014267 0.00039188 0.35762468 0.04576482 0.33172021 0.02005990 0.07228432 0.03993300 0.06470059 0.01536215
0.05572232 0.00040621 0.00037814 0.00013694 0.00032316 0.35658878 0.05630000 0.33129509 0.01979968 0.07351345 0.03509868 0.06266913 0.01382517
0.05554503 0.00043000 0.00039131 0.00014126 0.00034970 0.35771868 0.04721056 0.33084417 0.01869404 0.07294163 0.04052890 0.06466782 0.01498193
0.05997775 0.00041838 0.00046468 0.00013996 0.00033783 0.35681934 0.05196895 0.32983831 0.02075302 0.07375676 0.03242841 0.06563848 0.01424783
0.05967872 0.00031093 0.00053545 0.00013659 0.00028317 0.35768767 0.05195406 0.32909206 0.01743515 0.07336605 0.03526296 0.06692520 0.01429472
0.05941170 0.00063460 0.00046537 0.00013195 0.00033201 0.35687986 0.04351683 0.32805151 0.01949585 0.07327516 0.03952713 0.06621448 0.01567014
0.05833460 0.00137655 0.00046380 0.00063748 0.00114278 0.35778077 0.05078136 0.32851593 0.02372367 0.07297257 0.03296954 0.06558489 0.01396525
0.05676726 0.00116467 0.00057556 0.00032447 0.00071082 0.35667852 0.03674881 0.32906726 0.02331889 0.07223589 0.04731558 0.06494611 0.01549744
0.05610570 0.00128571 0.00070688 0.00030098 0.00136830 0.35783169 0.04525370 0.33014952 0.03053050 0.07230418 0.03531902 0.06681886 0.01356417
0.05526988 0.00043095 0.00081763 0.00015132 0.00034410 0.35610299 0.05268323 0.33161237 0.01942969 0.07158432 0.04214327 0.06488483 0.01276257
0.05483659 0.00042694 0.00072815 0.00022954 0.00038395 0.35762713 0.04393556 0.33174448 0.02175734 0.07210089 0.03863969 0.06613796 0.01307277
0.05436214 0.00047259 0.00190490 0.00012685 0.00033127 0.35743579 0.05521986 0.33189548 0.02161046 0.07441494 0.03315452 0.06386696 0.01181994
0.06160661 0.00227701 0.00087014 0.00277239 0.03127576 0.35712641 0.03726438 0.33149723 0.02174489 0.07892655 0.04734982 0.06379508 0.01472273
0.06221191 0.00426665 0.00061154 0.00387463 0.02673485 0.35732829 0.05002751 0.32992481 0.02651325 0.06857286 0.03206792 0.06681242 0.01433718
0.06223512 0.00360928 0.00047789 0.00206924 0.02400972 0.35724748 0.04636518 0.32940555 0.01877488 0.07115920 0.04784897 0.06764708 0.01533526
0.06234331 0.00048589 0.00317235 0.00014087 0.00033133 0.35697821 0.04432577 0.32785631 0.02478788 0.07232966 0.03703671 0.06636135 0.01319898
0.06608099 0.00037871 0.00091017 0.00012254 0.00028033 0.35662104 0.05489622 0.32804859 0.02094608 0.07251652 0.03618237 0.06527331 0.01195777
0.06948731 0.00132842 0.00056108 0.00144719 0.02228893 0.35696427 0.03796150 0.32935579 0.02192165 0.07104624 0.04572421 0.06543998 0.01562516
0.07174981 0.01341151 0.00038783 0.01398136 0.03096525 0.35642469 0.04807356 0.33046262 0.02123541 0.07042489 0.02907195 0.06568327 0.01246529
0.07774088 0.00273860 0.00035847 0.00398207 0.02880931 0.35707923 0.04320438 0.33158346 0.02499416 0.06910173 0.04343585 0.06595192 0.01696958
0.07885191 0.00337410 0.00089535 0.00516530 0.02983172 0.35559787 0.04436513 0.33202520 0.03702250 0.06829151 0.03662901 0.07234815 0.01400447
0.07979129 0.00237839 0.00110822 0.00404808 0.00477952 0.35708512 0.05164403 0.33079203 0.02823083 0.05932682 0.04178904 0.06455122 0.03166595
0.07843212 0.00166198 0.00066768 0.00194880 0.00161021 0.35603122 0.04450103 0.32995088 0.02327701 0.06010620 0.04897489 0.06679057 0.01670919
0.07513941 0.00081942 0.00076899 0.00177827 0.00167215 0.35728802 0.05836876 0.33060331 0.02500507 0.06045442 0.03063534 0.06647138 0.03089331
0.07799872 0.00242742 0.00123797 0.00207587 0.00521483 0.35708833 0.05349224 0.32915451 0.02354957 0.06195415 0.04598970 0.06783354 0.01570092
0.07517223 0.00269087 0.00114883 0.00056167 0.00283029 0.35677880 0.05961505 0.32921190 0.03739180 0.07212486 0.03073793 0.06666006 0.02756920
0.07457318 0.00118863 0.00081468 0.00104852 0.00150298 0.35794293 0.05537823 0.32986175 0.02914940 0.07141138 0.04747891 0.06651374 0.01584686
0.07842507 0.00630904 0.00295804 0.00912879 0.02160072 0.35659105 0.04420729 0.33033468 0.01116047 0.07921846 0.03986765 0.06613846 0.02065413
0.07499065 0.00764450 0.00137680 0.00882911 0.00805077 0.35767734 0.05731296 0.33199387 0.01362214 0.07636733 0.02184789 0.06554431 0.02945656
0.07419597 0.00736594 0.00103031 0.01166620 0.02042758 0.35738162 0.04921415 0.33313978 0.01347921 0.06895028 0.03946976 0.07162839 0.02384664
0.07394972 0.00061285 0.00069568 0.00023389 0.00031466 0.35842882 0.06772146 0.33259020 0.01111991 0.06663293 0.02585408 0.06463238 0.01746008
0.07327506 0.00044921 0.00073491 0.00037041 0.00082815 0.35688317 0.06681429 0.33132034 0.01013767 0.06800900 0.02922636 0.06683544 0.01341370
0.07241387 0.00088997 0.00079357 0.00012773 0.00056480 0.35882001 0.04910070 0.33078137 0.01627047 0.06832459 0.03716500 0.06647618 0.01787367
0.06731318 0.00114486 0.00094480 0.00021748 0.00062601 0.35636172 0.05483291 0.32883835 0.02623296 0.06935213 0.02397034 0.06759429 0.01442053
0.06613152 0.00109894 0.00063749 0.00080566 0.00043163 0.35865779 0.06095406 0.32971104 0.01165424 0.06992313 0.04467212 0.06737346 0.01880810
0.06543568 0.00076715 0.00058597 0.00019109 0.00040558 0.35589500 0.06146396 0.32839442 0.01593489 0.07092519 0.03246694 0.06536679 0.01656749
0.06480131 0.00151216 0.00079994 0.00017137 0.00081916 0.35741096 0.04976040 0.32921190 0.02004227 0.07479128 0.03577941 0.06558673 0.01542644
0.06388217 0.00102306 0.00070590 0.00014439 0.00052762 0.35590610 0.05136741 0.32995752 0.01770627 0.07653146 0.03216851 0.06548180 0.01749405
0.06351214 0.00038796 0.00061144 0.00017815 0.00031819 0.35659503 0.05595009 0.33085830 0.01561279 0.07675192 0.03227017 0.06538448 0.01518027
0.06283000 0.00028505 0.00067739 0.00015114 0.00029750 0.35673154 0.05648172 0.33161856 0.00830916 0.07737846 0.04189990 0.06452323 0.01559196
0.06241257 0.00052972 0.00060723 0.00015681 0.00038930 0.35640454 0.05831782 0.33145773 0.01895591 0.07783389 0.02592482 0.06467850 0.01473348
0.06307710 0.00064942 0.00060288 0.00038710 0.00069861 0.35682648 0.05258719 0.33103769 0.02143988 0.07675177 0.04125571 0.06440073 0.01964802
0.06259780 0.00231380 0.00053719 0.00032647 0.00273867 0.35670431 0.05578167 0.33050535 0.02124725 0.07832229 0.03269774 0.06557760 0.01658846
0.06268827 0.00113943 0.00044078 0.00039488 0.00235180 0.35681372 0.05677485 0.32970677 0.01421868 0.07589593 0.03791312 0.06775471 0.01574010
0.06231438 0.00076861 0.00051729 0.00030313 0.04037707 0.35586313 0.05358124 0.32882663 0.01151299 0.08116566 0.03723458 0.06737795 0.01599019
0.06163199 0.00046944 0.00098361 0.00014521 0.00034144 0.35644892 0.05062098 0.32800744 0.01784941 0.07903895 0.02742392 0.06457322 0.01349763
0.06117502 0.00025090 0.00061505 0.00013527 0.00028033 0.35510365 0.04944487 0.32744113 0.00954092 0.08107491 0.03929903 0.06371834 0.01418498
0.06051762 0.00041126 0.00051861 0.00013147 0.00034830 0.35719493 0.05122975 0.33016904 0.01573065 0.08030744 0.02741863 0.06555250 0.01405962
0.07225080 0.00396730 0.00044217 0.00573845 0.02101646 0.35490425 0.04748937 0.33079176 0.01327981 0.08209428 0.03437817 0.06736151 0.01441741
0.07184732 0.00035471 0.00149856 0.00012998 0.00033073 0.35725101 0.04952346 0.33161031 0.01233202 0.08935597 0.02952749 0.06442032 0.01398000
0.07338798 0.00038649 0.00072240 0.00013790 0.00030764 0.35550699 0.04943730 0.33077811 0.01567383 0.08996374 0.02863236 0.06382748 0.01388821
0.08543626 0.00189923 0.00126993 0.00038039 0.00130582 0.35584125 0.05138365 0.33153652 0.01532304 0.08555897 0.04712135 0.06394464 0.01653194
0.08290098 0.00097467 0.00108660 0.00042691 0.00123351 0.35654174 0.05267659 0.33008344 0.02113068 0.08802338 0.03090710 0.06592618 0.01441794
0.08235950 0.00058192 0.00056221 0.00057808 0.00081276 0.35572934 0.05174154 0.32959340 0.02259331 0.08296738 0.04091778 0.06704495 0.01766776
0.08221304 0.00038330 0.00060790 0.00020195 0.00034528 0.35703031 0.05045826 0.32881720 0.01378907 0.08464693 0.04597428 0.06643162 0.01439897
0.08630487 0.00194925 0.00054446 0.00134623 0.00468455 0.35666237 0.04851037 0.32871000 0.03787401 0.08413291 0.02966978 0.06587460 0.01407576
0.08708793 0.00247710 0.00059458 0.00036071 0.00335332 0.35692540 0.04973936 0.33028627 0.01934658 0.08456693 0.03715651 0.06490990 0.01481544
0.08664185 0.00147061 0.00066124 0.00029795 0.00130970 0.35699433 0.05083674 0.33087581 0.02541164 0.08546357 0.03049800 0.06593865 0.01404427
0.08567313 0.00149347 0.00064097 0.00017859 0.00163389 0.35683933 0.04385251 0.33230603 0.01618778 0.08415132 0.04392779 0.06525007 0.01531115
0.08336928 0.00145254 0.00070844 0.00013021 0.00048579 0.35701041 0.04908827 0.33287561 0.03003596 0.08606000 0.03329132 0.06512701 0.01555135
0.08718086 0.00111087 0.00054940 0.00062725 0.00045846 0.35741155 0.05678771 0.33224895 0.03170394 0.08408346 0.03298663 0.06462192 0.01351984
0.08736248 0.00282873 0.00051341 0.00155486 0.02683510 0.35663678 0.04830158 0.33163551 0.02212072 0.08572641 0.03890444 0.06458681 0.01670619
0.08808919 0.00156949 0.00067963 0.00027907 0.00146212 0.35798530 0.05061334 0.33107558 0.02983881 0.08438334 0.03114767 0.06626444 0.01276589
0.09117022 0.00133608 0.00049061 0.00165071 0.02735035 0.35649610 0.04584378 0.32975553 0.02424971 0.08542355 0.04132972 0.06798853 0.01833872
0.09065458 0.00547818 0.00053421 0.00492322 0.02906646 0.35727231 0.04840110 0.33017624 0.03573077 0.08494996 0.03637428 0.06707026 0.01449516
0.09050789 0.00400846 0.00064652 0.00293574 0.02644146 0.35602180 0.04989355 0.32980496 0.02681858 0.08592045 0.04097044 0.06633623 0.01810496
0.08969106 0.00299231 0.00051049 0.00243545 0.02298234 0.35663494 0.05093574 0.33075175 0.02323532 0.08505108 0.04337900 0.06610064 0.01767682
0.09049498 0.00185827 0.00049695 0.00474570 0.02192871 0.35692416 0.05499490 0.33247040 0.03320370 0.08654931 0.03182055 0.06754471 0.01347106
0.09091115 0.00110219 0.00043539 0.00082586 0.01236430 0.35618782 0.04845879 0.33292832 0.02761200 0.08487651 0.04664509 0.06613514 0.01829463
0.09128097 0.00173898 0.00049512 0.00372613 0.01592675 0.35721097 0.05262964 0.33335532 0.03090976 0.08662637 0.03662657 0.06462569 0.01410868
0.09007797 0.00162450 0.00045283 0.00055659 0.00783537 0.35575690 0.04959090 0.33283618 0.02609083 0.08994404 0.04676892 0.06393628 0.02182405
0.09009179 0.00407436 0.00066771 0.00490694 0.01284929 0.35618749 0.04506133 0.33160138 0.03155634 0.09021746 0.04143705 0.06581670 0.02118843
0.09189415 0.00114399 0.00051912 0.00136360 0.00401132 0.35624141 0.04792190 0.33132835 0.03037810 0.09019758 0.03929733 0.06729097 0.02769876
0.09165874 0.00089582 0.00044077 0.00347798 0.00420835 0.35625519 0.05153720 0.33029872 0.02507847 0.08959013 0.04499457 0.06736634 0.01679672
0.09029143 0.00087740 0.00050782 0.00099181 0.00156803 0.35614118 0.04916395 0.32935955 0.03060563 0.09109572 0.03586054 0.06768684 0.03400636
0.09743871 0.00173632 0.00139142 0.00178232 0.03737348 0.35675403 0.04735918 0.33047729 0.02941850 0.08406008 0.04881218 0.06623870 0.01432190
0.09899903 0.00434937 0.00050133 0.00413083 0.03708597 0.35549290 0.04813064 0.33123491 0.02946900 0.08497158 0.03798098 0.06929999 0.02712149
0.10124133 0.00884386 0.00051860 0.00612573 0.04467408 0.35634374 0.05271356 0.33213265 0.03790329 0.09060756 0.04410529 0.06669334 0.01461675
0.10001206 0.00491077 0.00048123 0.00449833 0.03809932 0.35497925 0.05450963 0.33331966 0.03005768 0.08520996 0.02929542 0.06768718 0.02411209
0.10051164 0.00493499 0.00054922 0.00648350 0.04186473 0.35599717 0.05060672 0.33315766 0.02083997 0.08519112 0.03865296 0.06554112 0.02813912
0.10060461 0.00226248 0.00057453 0.00278452 0.01721786 0.35573078 0.06679943 0.33296996 0.01865730 0.08533722 0.04864346 0.06570042 0.02083167
0.09809425 0.00148208 0.00086666 0.00453761 0.01761506 0.35532550 0.05010199 0.33136347 0.03726916 0.08520534 0.03626260 0.06698008 0.02535992
0.09686151 0.00202391 0.00196981 0.00087809 0.00136666 0.35585294 0.05406323 0.33046466 0.03150964 0.07999352 0.04088377 0.07212804 0.02488432
0.09911588 0.00193563 0.00108537 0.00141818 0.00269387 0.35523391 0.05195594 0.32904773 0.02497436 0.07934278 0.04131238 0.06794865 0.01850866
0.10001942 0.00152605 0.00083825 0.00101886 0.00295844 0.35568501 0.05776745 0.32883453 0.02105649 0.07167259 0.04526214 0.07061030 0.02598686
0.10553026 0.00092875 0.00107658 0.00090840 0.00103562 0.35563342 0.06990666 0.32879452 0.02479223 0.07100273 0.03814045 0.06721065 0.01546701
0.10427983 0.00121431 0.00106860 0.00026663 0.00094798 0.35516802 0.05757845 0.32975073 0.03318725 0.07027811 0.03909141 0.06787824 0.02035039
0.10268417 0.00107226 0.00122269 0.00036238 0.00078766 0.35579815 0.06374625 0.33070331 0.02602442 0.06938706 0.04631668 0.06830211 0.01583067
0.09448145 0.00162510 0.00139152 0.00190367 0.00781548 0.35509151 0.05576203 0.33058984 0.03287630 0.06933225 0.04330032 0.06695732 0.02445983
0.09194366 0.00099019 0.00153403 0.00230718 0.00165402 0.35458955 0.06037983 0.33138240 0.02350259 0.06963733 0.05301920 0.06619764 0.03076471
0.08571999 0.00094350 0.00254880 0.00244259 0.00218489 0.35557866 0.06559105 0.33099307 0.02951038 0.07916528 0.03790103 0.06700276 0.02238497
0.08483953 0.00074061 0.00180856 0.00227436 0.00183582 0.35452304 0.05902901 0.33016120 0.02782665 0.07970045 0.04493695 0.06797234 0.02370817
0.08363865 0.00133644 0.00168446 0.00086802 0.00159023 0.35528584 0.06220620 0.32938595 0.02842141 0.07807204 0.04673799 0.06800610 0.02652135
0.08238053 0.00130827 0.00159214 0.00141854 0.00242081 0.35510099 0.05770763 0.32902251 0.03024595 0.07723132 0.04785446 0.07009144 0.01732599
0.08235591 0.00470307 0.00126480 0.00027335 0.00495800 0.35491534 0.06133541 0.32866721 0.03610619 0.07581417 0.04238319 0.06653526 0.02535889
0.08097881 0.00364707 0.00046120 0.00085810 0.00392114 0.35577221 0.06043892 0.32971267 0.04847428 0.07608308 0.04299752 0.06825678 0.01646789
0.08071657 0.00125116 0.00043804 0.00053847 0.00161678 0.35509290 0.05841776 0.33093608 0.03397631 0.07567376 0.05952597 0.06698890 0.02124849
