0.00000131 0.00000000 0.00000000 0.00000000 0.00000000 0.00000000 0.00000000 0.00000000 0.00000006 0.00000000 0.00000000 0.00000000 0.00000000
0.12936275 0.02619044 0.00679087 0.02825390 0.11657166 0.10257572 0.10210364 0.08285723 0.10626266 0.06638756 0.11143971 0.07084817 0.04964529
0.16889903 0.02071540 0.00636227 0.02411432 0.13586136 0.10904132 0.11319403 0.09085331 0.07836221 0.06851968 0.19351888 0.07870583 0.05819997
0.19811778 0.02808552 0.00778224 0.03225832 0.15818226 0.15078253 0.12944220 0.11854366 0.15943956 0.10521341 0.11167005 0.08266944 0.07438557
0.29863440 0.02495183 0.00720013 0.03127218 0.14890249 0.13600211 0.12257963 0.12312381 0.12610169 0.11446377 0.12940234 0.09561521 0.06728553
0.32400950 0.02746103 0.00754900 0.03007277 0.13479539 0.14172153 0.12635202 0.15406393 0.09847850 0.13404180 0.13625230 0.09247531 0.07948980
0.33911468 0.02836492 0.00746723 0.03151181 0.14517888 0.14074758 0.15683519 0.13979299 0.11765258 0.16605189 0.11778031 0.10076186 0.07067422
0.42561295 0.02694650 0.00758514 0.02803179 0.14751583 0.14075795 0.13071695 0.14271670 0.11113231 0.19396909 0.10300787 0.10342002 0.08225978
0.43963540 0.02145132 0.00788209 0.02367836 0.15083082 0.15030316 0.12943501 0.14871936 0.11779756 0.20270108 0.10417320 0.10193389 0.05962242
0.45558188 0.02106098 0.00755195 0.02337437 0.12584510 0.14355095 0.13788100 0.16308826 0.11726969 0.21025846 0.11459989 0.09946311 0.06561757
0.50776471 0.02620711 0.00722168 0.02689104 0.10779347 0.14015806 0.11868137 0.15497886 0.09499576 0.21130087 0.11307244 0.09048860 0.06000895
0.53362585 0.02419609 0.00890822 0.02528971 0.11775158 0.14808278 0.14925817 0.15630762 0.09920102 0.19924284 0.10898162 0.09292646 0.07301254
0.55731842 0.01644632 0.00663776 0.01963138 0.10424351 0.15272870 0.13609121 0.16596141 0.11080791 0.18266144 0.11190055 0.08866356 0.07278090
0.56389921 0.01802005 0.00662103 0.01827920 0.09824937 0.16419048 0.13546683 0.15877122 0.11590808 0.15513745 0.10735736 0.08677362 0.08304355
0.58478468 0.02065120 0.00814992 0.02149899 0.09224969 0.16197865 0.13106672 0.17888439 0.09825389 0.14311516 0.15504031 0.09653073 0.05959127
0.61088869 0.01823069 0.00730916 0.02026532 0.11469591 0.17037992 0.12986468 0.16904736 0.10857031 0.13419278 0.18127808 0.09182498 0.06153496
0.62363302 0.02069120 0.00774707 0.02488829 0.12819103 0.18613941 0.13033006 0.16871587 0.14047310 0.15058932 0.15800062 0.10809902 0.05602017
0.62945359 0.02562651 0.00714927 0.02646695 0.12017492 0.16934419 0.12122623 0.17397618 0.17810115 0.16453372 0.16563866 0.10315019 0.06662460
0.64359972 0.01820996 0.00681207 0.01970825 0.11542545 0.16832904 0.12703648 0.19419885 0.16687832 0.17759581 0.18789350 0.09213892 0.05650246
0.66703608 0.02158260 0.00848694 0.02464825 0.12456819 0.16429815 0.14039379 0.18550371 0.16574786 0.17725383 0.16831543 0.12134575 0.05172293
0.69866733 0.01739258 0.00743293 0.02086030 0.11986717 0.17950176 0.12950547 0.18231494 0.18055962 0.16609934 0.15293832 0.09816401 0.05475188
0.72382527 0.02307427 0.00717326 0.02558638 0.13615163 0.17007350 0.13236281 0.19426740 0.14564159 0.16588615 0.15682753 0.09841687 0.06229400
0.75837546 0.01809521 0.00899891 0.01756121 0.12555572 0.16900280 0.12520614 0.17863342 0.13803244 0.18160219 0.13741368 0.09222651 0.04686819
0.77954752 0.02070334 0.00627146 0.02085180 0.11054410 0.17244951 0.11946641 0.18588929 0.12120468 0.19725892 0.14323397 0.09011130 0.05151120
0.78956137 0.02452546 0.00749919 0.02613265 0.12079514 0.16864246 0.12566147 0.17859029 0.11996140 0.21222620 0.12905246 0.10148578 0.04755423
0.82355408 0.02423544 0.00719968 0.02526474 0.13282453 0.17846065 0.12729053 0.19061889 0.12778233 0.22915415 0.13195786 0.08500442 0.05316352
0.84888415 0.01956393 0.00701934 0.02008135 0.10958467 0.16672205 0.12260744 0.18086775 0.11348249 0.23345153 0.13073029 0.10974179 0.05906685
0.86074622 0.02442961 0.00691813 0.02889428 0.11338487 0.16834135 0.11419356 0.18941489 0.11750650 0.23332682 0.13089292 0.09124339 0.05208080
0.88336494 0.01912118 0.00730303 0.02213052 0.12526424 0.16224231 0.12462290 0.20321997 0.11489130 0.22892626 0.12589286 0.10238908 0.05234026
0.90583923 0.01808606 0.00816795 0.01975189 0.11186677 0.16753746 0.11679036 0.18828827 0.12331020 0.21596907 0.12738395 0.09407872 0.09270156
0.94522532 0.02088564 0.00762650 0.02173461 0.11594511 0.18093976 0.11189632 0.19330804 0.11633533 0.20207221 0.12434711 0.08705457 0.06015332
0.95503741 0.01848969 0.00716573 0.01791823 0.09577163 0.17626009 0.12832685 0.18933842 0.12504624 0.18664369 0.13201455 0.09840959 0.06507069
0.96100040 0.02324773 0.00732344 0.02400443 0.10677669 0.18256077 0.12148428 0.19734446 0.12281617 0.17964237 0.13902178 0.08704475 0.06517649
0.97945284 0.02103904 0.00705205 0.01927360 0.10592611 0.17827219 0.11457755 0.19579311 0.13857332 0.18065899 0.15876726 0.10141335 0.06363079
0.98632101 0.01621567 0.00710027 0.01688643 0.10375640 0.17165101 0.10927446 0.19544316 0.13541783 0.18636876 0.17159160 0.09946458 0.06189958
1.00346579 0.02092785 0.00751903 0.02118733 0.09113739 0.16944059 0.11725754 0.21010167 0.15458959 0.19046299 0.17005182 0.10431900 0.05483211
1.02104325 0.01684993 0.00790356 0.01561631 0.09741636 0.17814816 0.11992764 0.19628693 0.14786179 0.19273704 0.16735701 0.10515148 0.05431593
1.06310119 0.01917968 0.00805706 0.02106500 0.09302140 0.18384918 0.12273965 0.20119835 0.15401535 0.18475340 0.16805550 0.10027301 0.05878492
1.08121724 0.02352545 0.00845788 0.02343043 0.11853694 0.17752242 0.13314704 0.20637496 0.14580328 0.18138646 0.15964191 0.09498118 0.05791752
1.09276302 0.02502012 0.00719486 0.02472626 0.10014246 0.16956742 0.11677648 0.20917856 0.14273564 0.18819614 0.15714657 0.10679872 0.04629454
1.10110897 0.02371218 0.00839076 0.02419398 0.11834402 0.17442275 0.12318599 0.19554591 0.13634831 0.19822709 0.15081888 0.10523718 0.04611643
1.10804375 0.02437240 0.00722916 0.02498344 0.11211104 0.18978518 0.11911142 0.18714256 0.14398579 0.21090367 0.14110264 0.09987496 0.04689762
1.12417927 0.01907201 0.00699178 0.01957453 0.10078476 0.17632137 0.11458074 0.20505000 0.12942563 0.21921117 0.14409286 0.10311974 0.05032606
1.13953420 0.02353065 0.00676794 0.02701033 0.11537781 0.17805505 0.13023816 0.20601909 0.12631044 0.21705899 0.14005558 0.09710221 0.04515882
1.16147731 0.02327925 0.00715918 0.02487248 0.12152553 0.16182544 0.13097625 0.19302309 0.12777129 0.21883764 0.13829437 0.09373136 0.05338093
1.17455838 0.02032560 0.00683171 0.02268102 0.11661846 0.17377493 0.12660175 0.20572932 0.12082243 0.21880897 0.13929481 0.09536571 0.06419201
1.20051080 0.01914149 0.00723660 0.02054507 0.11324405 0.16892383 0.12378753 0.19712665 0.12226453 0.21194126 0.13434285 0.09954291 0.03993979
1.23338848 0.02077631 0.00746685 0.02223260 0.10356893 0.17473819 0.12046429 0.20135510 0.12069793 0.21604314 0.13432330 0.09684210 0.05151857
1.24598644 0.01771540 0.00742632 0.01819874 0.08936647 0.16809530 0.12791797 0.20393115 0.12551567 0.21444818 0.13088098 0.10748840 0.03993141
1.27005983 0.02199037 0.00773980 0.02214357 0.09875153 0.16780541 0.12255861 0.19940755 0.11673875 0.19950793 0.13980869 0.08578403 0.05420358
1.28356594 0.02110470 0.00781428 0.02236088 0.10924766 0.17887125 0.11339902 0.19484375 0.13245630 0.19657262 0.14357723 0.09475866 0.05657209
1.29228182 0.02515124 0.00697778 0.02961825 0.11010740 0.17580170 0.12093503 0.19674556 0.13014703 0.19355118 0.14450504 0.09009579 0.06058325
1.30743081 0.01900184 0.00818738 0.01723164 0.11301852 0.17011993 0.11235462 0.20837912 0.13621397 0.19430348 0.14956630 0.10011729 0.05419786
1.32705788 0.02484613 0.00785643 0.02830687 0.12213642 0.16143199 0.10735835 0.20569004 0.13342030 0.19880958 0.14997683 0.10016707 0.06763142
1.34366773 0.01894178 0.00813812 0.01979715 0.11121948 0.18306392 0.10284342 0.19993218 0.13294122 0.20705212 0.15905662 0.10134731 0.05781240
1.38010923 0.02022829 0.00717233 0.01985506 0.12398812 0.17733244 0.11554926 0.20509758 0.13959174 0.19908341 0.15252988 0.10462587 0.05551268
1.39554913 0.01778630 0.00850315 0.02077647 0.11553771 0.17693945 0.11895142 0.20627039 0.13022508 0.19693641 0.15372471 0.09725011 0.05850654
1.40178246 0.02024133 0.00744841 0.02311445 0.10900253 0.16552823 0.11487114 0.20273828 0.13390655 0.19755816 0.15705505 0.10317007 0.06040897
1.41994993 0.01493168 0.00765480 0.01716308 0.09622629 0.16956378 0.13029083 0.20571270 0.13662256 0.20532010 0.14447782 0.10233587 0.04869474
1.43559597 0.02038871 0.00893668 0.02012488 0.11665477 0.17897244 0.12289996 0.20086609 0.13000211 0.20843841 0.14803792 0.10923423 0.04168577
1.45196861 0.01857610 0.00734712 0.01811380 0.12122478 0.17079180 0.11394443 0.20274790 0.12800677 0.21334818 0.14392537 0.09471378 0.04934428
1.47387743 0.02091072 0.00784457 0.02038638 0.11471677 0.17520243 0.12592368 0.20725638 0.13745130 0.21443859 0.13650031 0.09868743 0.04619801
1.49598645 0.02369959 0.00668894 0.02559436 0.10889834 0.17683319 0.12319492 0.20010091 0.12424757 0.21685145 0.14244899 0.09999877 0.06002790
1.49751379 0.02159822 0.00661438 0.02408638 0.11513845 0.17788587 0.12164005 0.20143662 0.13056168 0.21397450 0.13838492 0.09375313 0.05431170
1.50776394 0.02305425 0.00682359 0.02413757 0.10082081 0.17335028 0.11538722 0.20845868 0.12535360 0.20662183 0.14496639 0.10328301 0.06301075
1.51794766 0.01982641 0.00780174 0.02228175 0.09794743 0.17634006 0.11931041 0.21052011 0.12477194 0.20659991 0.14371770 0.09819754 0.05811271
1.54350927 0.02203670 0.00999202 0.02130494 0.09416687 0.17275245 0.11574035 0.20516273 0.13236737 0.20462927 0.13730147 0.11176196 0.05524327
1.54529243 0.01858025 0.00801045 0.01700221 0.08533314 0.17515561 0.12026148 0.20371917 0.13595543 0.19547160 0.14529802 0.10307389 0.06639894
1.55918204 0.02248785 0.00756302 0.02451153 0.07471156 0.18216453 0.11960447 0.21259497 0.13008872 0.19746555 0.14336039 0.10485865 0.06137390
1.57028392 0.01601798 0.00691724 0.01507545 0.08369861 0.18272046 0.12429884 0.21546977 0.13673536 0.19820461 0.14283757 0.10052764 0.05393740
1.59330380 0.01871222 0.00741183 0.01767997 0.10770096 0.19005839 0.12336593 0.19985225 0.13228566 0.20141175 0.14198430 0.09954768 0.05978202
1.60691848 0.01996290 0.00782743 0.02113404 0.10539635 0.18094024 0.11842293 0.19790805 0.12608622 0.20923492 0.14876138 0.09210799 0.06258762
1.62052282 0.02176370 0.00729634 0.02163365 0.10911876 0.18189878 0.12636515 0.20412066 0.13473884 0.21329278 0.14797695 0.08981768 0.05108735
1.62443114 0.01855677 0.00690304 0.02009970 0.10846199 0.16667458 0.12108600 0.21376683 0.12831319 0.22014034 0.15185130 0.10515966 0.05179857
1.63604366 0.02048094 0.00753954 0.02439686 0.12782027 0.16290886 0.10080149 0.21175448 0.13296020 0.22253586 0.14959277 0.10158868 0.05164412
1.66543882 0.01897273 0.00752281 0.01995288 0.12087853 0.16651258 0.11552117 0.20432068 0.12792101 0.22035301 0.14971664 0.10209776 0.05540898
1.67446394 0.01894160 0.00749970 0.02272642 0.12899318 0.17501903 0.10678197 0.20762858 0.12756527 0.21901356 0.13638464 0.10175648 0.06306945
1.69391903 0.01626993 0.00735976 0.01785271 0.10851011 0.17184996 0.10037775 0.19811760 0.13133772 0.21947679 0.13625542 0.10568417 0.06640635
1.69245220 0.02301750 0.00679389 0.02488845 0.11215548 0.17678339 0.10761795 0.20796874 0.12687930 0.21821301 0.13991448 0.09508660 0.05655474
1.70427960 0.01947843 0.00821545 0.01986712 0.11481322 0.17989271 0.10879849 0.19499161 0.13021146 0.22140154 0.13921075 0.10422107 0.06064646
1.71136338 0.01851872 0.00733746 0.01774974 0.10665323 0.18176166 0.10716083 0.20869341 0.12988403 0.21794686 0.15005589 0.09243279 0.05714352
1.72939334 0.01884816 0.00809649 0.02157596 0.11969006 0.17200160 0.11742819 0.19824197 0.13509866 0.21237302 0.13902998 0.10483911 0.05544074
1.73551003 0.01979411 0.00809368 0.02187058 0.10352433 0.17673118 0.11109525 0.20692167 0.11888602 0.20712697 0.14501178 0.10641306 0.05518008
1.74818907 0.01833186 0.00763985 0.02170322 0.10491034 0.18221418 0.11486120 0.20536987 0.11864673 0.20650635 0.14467713 0.09693807 0.07019954
1.76439281 0.01678900 0.00742626 0.01864852 0.13114303 0.16545846 0.09455677 0.20533576 0.12580694 0.19943577 0.13737302 0.10737656 0.06560745
1.78134929 0.01664293 0.00836321 0.01972746 0.10755368 0.16887404 0.13388592 0.21132223 0.12841524 0.20368450 0.13600289 0.09944160 0.05503001
1.78717174 0.01557349 0.00823135 0.01527040 0.10092741 0.17674380 0.10919593 0.20481281 0.12819958 0.20151931 0.13945607 0.11636508 0.05065898
1.78965283 0.01862457 0.00762568 0.02022037 0.08179843 0.18102148 0.11729542 0.20194915 0.12112710 0.19839818 0.14748673 0.09616759 0.06093899
1.80092270 0.01706987 0.00669658 0.01582902 0.11837424 0.18974147 0.11523345 0.20243287 0.12701521 0.20714375 0.13582356 0.09258842 0.05020680
1.81179097 0.01280979 0.00696821 0.01584565 0.10463125 0.18412109 0.09274750 0.20840691 0.13275976 0.20838617 0.14975146 0.09889160 0.05262903
1.82700978 0.01794342 0.00713365 0.02002634 0.12101810 0.19324453 0.10004495 0.20998946 0.13052404 0.20836554 0.14274251 0.09847946 0.05126340
1.83773386 0.01884808 0.00759560 0.02196269 0.11641293 0.19570853 0.10192145 0.20184534 0.12402918 0.20917994 0.13942756 0.11417704 0.06689207
1.85628979 0.01632845 0.00790396 0.01494189 0.10644704 0.17875918 0.11017718 0.20016276 0.12098431 0.21086779 0.14693778 0.11438375 0.05419178
1.86789810 0.01614223 0.00751950 0.01743446 0.10873527 0.17783845 0.12568559 0.21172648 0.12396922 0.21166807 0.13774483 0.10069170 0.04684585
1.88273493 0.01751212 0.00868594 0.01690735 0.09467352 0.16986762 0.13034351 0.20885020 0.12110708 0.21582327 0.13594919 0.11420776 0.05239585
1.88843372 0.02567600 0.00806817 0.02530507 0.08852983 0.17961294 0.11824552 0.20069087 0.13130325 0.21456809 0.13643028 0.10459957 0.05446262
1.89748616 0.02221370 0.00756005 0.02576937 0.10792545 0.17371217 0.12566881 0.20781505 0.12191532 0.21136250 0.15003261 0.11467192 0.06756250
1.91322299 0.02019326 0.00816214 0.01962564 0.11212558 0.18397246 0.12801033 0.20870146 0.12012295 0.21686719 0.13530897 0.10283825 0.04978004
1.91826489 0.01989404 0.00839218 0.02086498 0.09967445 0.18660002 0.12519167 0.20283322 0.12596030 0.21875362 0.13833599 0.10727461 0.05006801
1.92395113 0.01959079 0.00942203 0.02015626 0.11312849 0.18425014 0.11696252 0.20415971 0.12263669 0.21313993 0.13802686 0.10110085 0.04422390
1.93949117 0.02035272 0.00757733 0.02189129 0.11171657 0.18088637 0.13233735 0.21318590 0.11394641 0.21180367 0.13280411 0.10561810 0.05564234
1.96482628 0.02074832 0.00744465 0.02240722 0.10125822 0.18593498 0.12171374 0.20430028 0.12264517 0.21270830 0.13148173 0.10794156 0.04680209
1.97820067 0.02001863 0.00799607 0.02112653 0.11273654 0.16931717 0.10924088 0.20274869 0.12259971 0.21256286 0.13406729 0.10622745 0.06242943
1.99629197 0.02206471 0.00804007 0.02493977 0.10794455 0.16668431 0.12227365 0.20758417 0.11885337 0.21257031 0.14013429 0.11088458 0.05409491
2.02059492 0.01979452 0.00889540 0.01790895 0.09204473 0.17084005 0.12464513 0.20162686 0.11977781 0.21090587 0.13341251 0.12015369 0.05080961
2.04157227 0.02028631 0.00787470 0.02223542 0.10736105 0.17098981 0.12838096 0.20445216 0.12446981 0.21022467 0.13101720 0.10615028 0.05583628
2.06505828 0.01736638 0.00792790 0.01625073 0.11785611 0.18643106 0.11307747 0.20017743 0.11395346 0.20588620 0.14385938 0.10442376 0.07295106
2.05719083 0.01947952 0.00729033 0.02027247 0.11593463 0.18371837 0.12012834 0.21099817 0.12709815 0.20040405 0.13540120 0.09627620 0.04680914
2.07250506 0.02028897 0.00715077 0.02313513 0.10737814 0.18118399 0.12337259 0.19620280 0.12863454 0.19975373 0.13585855 0.11014071 0.07391920
2.07783009 0.01704710 0.00777039 0.01847062 0.09649456 0.18222487 0.12598676 0.19248618 0.11630759 0.20279703 0.14773322 0.09176137 0.07932679
2.08990255 0.01817561 0.00752713 0.01934641 0.13706085 0.18830010 0.13216394 0.20092545 0.12199315 0.20405137 0.13300692 0.09963819 0.07529591
2.09679772 0.01526765 0.00754796 0.02016670 0.12067604 0.16677813 0.13721735 0.20547237 0.11895716 0.21056300 0.13912920 0.11563392 0.07670961
2.11734311 0.01747583 0.00732367 0.02018262 0.13139474 0.16962153 0.12384173 0.20574631 0.12130702 0.20954162 0.13945168 0.09985918 0.06002942
2.12840624 0.01938969 0.00749294 0.02088902 0.13402139 0.16582060 0.13572733 0.19256053 0.11989293 0.21101568 0.13787314 0.12424998 0.06511280
2.14638484 0.02255560 0.00824420 0.02685624 0.11562488 0.17442917 0.13541324 0.19487810 0.11962807 0.21822128 0.14054832 0.11289969 0.06197018
2.15079744 0.01701842 0.00776684 0.01955240 0.11921806 0.17978852 0.12780152 0.19099281 0.12655650 0.22405632 0.13914278 0.09819666 0.08367576
2.15144788 0.02354963 0.00776145 0.02454298 0.10599419 0.17074594 0.13244357 0.19598439 0.13388159 0.22453249 0.14300106 0.09972800 0.05812645
2.15518647 0.01723981 0.00683048 0.02018637 0.10596728 0.17817417 0.11870223 0.19054294 0.13010268 0.22302286 0.13606146 0.09789331 0.06813288
2.15414413 0.01535342 0.00721689 0.01483455 0.10127811 0.18294077 0.12350095 0.19656919 0.12046039 0.21661340 0.14652064 0.10777795 0.07562993
2.15952587 0.01854522 0.00694960 0.02194794 0.10467856 0.17724539 0.13729200 0.19410306 0.12115876 0.21156140 0.13122722 0.10175958 0.06073504
2.15902086 0.01897464 0.00743815 0.02229960 0.10042015 0.18545210 0.13323235 0.18674647 0.11240002 0.20856242 0.14068468 0.09952794 0.06475198
2.16613407 0.02080460 0.00754595 0.02475033 0.10183575 0.15785374 0.14624425 0.19808733 0.12083820 0.21186376 0.13057766 0.10729321 0.07056439
2.16963432 0.01807004 0.00719044 0.01874837 0.08684510 0.16616892 0.13591102 0.19701682 0.12418302 0.21471167 0.13743876 0.09297186 0.06739380
2.18604318 0.01618943 0.00805912 0.01692911 0.10073526 0.18306829 0.13188375 0.19801363 0.13094004 0.21778536 0.13841116 0.10286411 0.06942027
2.19538959 0.02156562 0.00691896 0.02393229 0.10377625 0.17744246 0.14359990 0.19526333 0.11796975 0.21530935 0.13693130 0.10344112 0.06019213
2.19276130 0.01878422 0.00797246 0.02120084 0.09871609 0.18425176 0.12357713 0.20127608 0.12563255 0.21026922 0.14012237 0.09920908 0.06685525
2.19242150 0.01991951 0.00703816 0.02011984 0.09806052 0.17394837 0.15133412 0.19793855 0.12105582 0.20778723 0.13237326 0.10424840 0.05328820
2.19103116 0.01891559 0.00721198 0.01900009 0.11059358 0.18570122 0.11795844 0.19521584 0.12239495 0.20908575 0.13240369 0.09191230 0.05514974
2.19232749 0.01646002 0.00886812 0.01843495 0.11586081 0.18251287 0.12885168 0.19597531 0.11698811 0.20560615 0.13363956 0.11346340 0.05565591
2.20460463 0.01767216 0.00718626 0.01839810 0.11595264 0.17304051 0.12823379 0.19497634 0.11370547 0.21228050 0.13713449 0.10641407 0.06504089
2.21045376 0.02627285 0.00787828 0.02942255 0.10441003 0.17182566 0.10981217 0.19608905 0.12888270 0.21171797 0.14019538 0.09805754 0.05400591
2.22166946 0.01452833 0.00762283 0.01636173 0.10592573 0.16462962 0.13540151 0.19277066 0.12823213 0.21337963 0.14065842 0.11048386 0.04481270
2.22346730 0.01849150 0.00735465 0.02055558 0.11577090 0.16541509 0.12267266 0.20504678 0.12403826 0.20885399 0.14034591 0.10389155 0.05228667
2.23443720 0.02014426 0.00709474 0.02178911 0.12444559 0.16764470 0.11793867 0.19351375 0.12050908 0.20594510 0.14005919 0.10496031 0.04601574
2.25120407 0.02581159 0.00762991 0.02715371 0.12260192 0.17998934 0.10956663 0.19362609 0.12473952 0.20030246 0.13728440 0.10423691 0.06143372
2.24630261 0.02212773 0.00755221 0.02440507 0.08222777 0.18672803 0.12702093 0.19654017 0.12247831 0.20896345 0.14582930 0.10023422 0.07058635
2.25421422 0.01672709 0.00668808 0.01724536 0.09541667 0.17889125 0.13592787 0.20029693 0.12569263 0.20784259 0.13356887 0.09171793 0.06385393
2.25774540 0.01569709 0.00731911 0.01395167 0.07298748 0.19221396 0.11300622 0.19729488 0.13042734 0.21191348 0.14565719 0.10358034 0.06411413
2.26528632 0.01646828 0.00816624 0.01522639 0.06507078 0.17947828 0.15244749 0.19337035 0.12381311 0.21530898 0.14367117 0.10449835 0.04289124
2.26492281 0.01222941 0.00773228 0.01112105 0.10076477 0.17543956 0.12961076 0.19954881 0.12396462 0.21779194 0.14038993 0.10996338 0.04949110
2.26639886 0.01680364 0.00970174 0.01697160 0.07937856 0.17537781 0.10409499 0.19623272 0.12129141 0.21925259 0.14467151 0.11932902 0.06120527
2.27823077 0.01327037 0.00732713 0.01414421 0.10438269 0.17994114 0.11623726 0.20174972 0.11753969 0.22047118 0.13245452 0.10962555 0.06532245
2.28279692 0.01809002 0.00704370 0.01846645 0.11139560 0.17499203 0.10879340 0.20871359 0.12004016 0.22119170 0.13934022 0.10465220 0.05947707
2.28565637 0.02061036 0.00816478 0.02159329 0.11507825 0.18593925 0.12219741 0.18943187 0.12830131 0.22016952 0.12520930 0.10829361 0.06487090
2.28982744 0.01587631 0.00786548 0.01809300 0.10881019 0.18858984 0.12244313 0.19085285 0.12122075 0.22317197 0.12944237 0.10174910 0.05594400
2.28644905 0.01699036 0.00764068 0.01738764 0.08331045 0.18968281 0.13455582 0.19626458 0.11073406 0.21465239 0.12871119 0.10481614 0.06530204
2.29089871 0.01515268 0.00699309 0.01694246 0.10397539 0.17788603 0.12959706 0.19615871 0.11031142 0.21727247 0.13618827 0.11810273 0.04575396
2.31024429 0.01954066 0.00781701 0.02186465 0.10861389 0.18078061 0.11182116 0.19323185 0.11687945 0.21633737 0.13179009 0.11166600 0.04881071
2.31733721 0.01937771 0.00751742 0.02188773 0.11816472 0.18541413 0.12687938 0.19951301 0.12569745 0.21881560 0.13274956 0.10250467 0.04861409
2.31857345 0.01650334 0.00738595 0.01739199 0.09968538 0.18450990 0.12811376 0.19171151 0.12339755 0.21129138 0.14129818 0.11708096 0.05011128
2.33039135 0.01956377 0.00775539 0.02109368 0.11313768 0.17482177 0.13360702 0.20542377 0.11994572 0.20551175 0.15133726 0.10178180 0.04190045
2.33876072 0.01810533 0.00745673 0.01800355 0.10292643 0.17083810 0.13488489 0.19790337 0.12666471 0.20080858 0.13623705 0.10523754 0.05665744
2.35093093 0.02098519 0.00859911 0.02222965 0.11176978 0.17610218 0.12528393 0.18720825 0.12819072 0.19839404 0.14170781 0.11326036 0.05446889
2.35547140 0.02439215 0.00833831 0.02548237 0.11336846 0.18286128 0.13141178 0.20098361 0.12712456 0.20094628 0.15014665 0.09557244 0.05736342
2.35297624 0.01945095 0.00794578 0.02081309 0.10656729 0.17275746 0.14666765 0.18645155 0.12525297 0.20217107 0.14499149 0.10848492 0.07379366
2.35962273 0.01975484 0.00897178 0.02382061 0.08960874 0.17518365 0.14920713 0.19960099 0.12187850 0.20639219 0.14322889 0.08972385 0.05483452
2.35952611 0.02296929 0.00683645 0.02459966 0.13656618 0.17809818 0.14101975 0.18299116 0.11977469 0.21365620 0.14021889 0.10524898 0.05832440
2.36398034 0.02356647 0.00743982 0.02596504 0.10971996 0.16939942 0.14940113 0.18765485 0.11971955 0.21721193 0.14301399 0.10944055 0.06485456
2.35845667 0.02380141 0.00735051 0.02526446 0.12298248 0.16867212 0.14166236 0.19286445 0.12311562 0.21585909 0.13170772 0.10513612 0.06174639
2.36012854 0.02268217 0.00867827 0.02237654 0.13001188 0.16682464 0.13177112 0.18560769 0.11276073 0.22131853 0.13750717 0.11535369 0.05347756
2.36077598 0.02305570 0.00851977 0.02302520 0.10782380 0.17457101 0.13243192 0.19326660 0.11724844 0.21949041 0.13728582 0.10503028 0.05657702
2.36810066 0.02066151 0.00775743 0.02101243 0.10471454 0.18761643 0.12941867 0.18012082 0.12067681 0.21770317 0.13512424 0.10083605 0.05516087
2.37904114 0.02081743 0.00662892 0.02134316 0.10101772 0.17959631 0.14403541 0.19124409 0.11583855 0.21988379 0.13348990 0.11054044 0.05754454
2.38344822 0.01734594 0.00671209 0.01812765 0.10446154 0.19349693 0.14749940 0.19096344 0.11580184 0.21413628 0.13171715 0.09319161 0.06457800
2.39765499 0.02241129 0.00770815 0.02289468 0.10761649 0.16443808 0.13456499 0.20107815 0.11563950 0.21431051 0.14313931 0.11428848 0.06171136
2.41625313 0.01830222 0.00755603 0.01949486 0.13132066 0.17099841 0.14087927 0.19379476 0.12117688 0.21666580 0.13253065 0.10080179 0.07871111
2.42202121 0.02109033 0.00769851 0.02284488 0.10999745 0.17383143 0.14168510 0.19360550 0.11345493 0.21527757 0.14361632 0.11717375 0.05893079
2.43148583 0.01991582 0.00899453 0.02015669 0.10968098 0.15598612 0.13885774 0.20077870 0.11993179 0.20944030 0.14455806 0.11640806 0.06758469
2.43654979 0.01833167 0.00780097 0.01996305 0.11560503 0.17976130 0.13922552 0.20032661 0.12505150 0.20876011 0.13799430 0.10487172 0.07948029
2.43278788 0.01743138 0.00728735 0.01980156 0.10233958 0.17155361 0.14677524 0.20948313 0.12108513 0.20284672 0.14091693 0.10703773 0.06762297
2.43695845 0.01822823 0.00800994 0.01724047 0.09281075 0.17967051 0.14833175 0.18892843 0.12209801 0.19939651 0.14429185 0.10246635 0.07003752
2.43663202 0.01731482 0.00764199 0.01809237 0.08583473 0.18556489 0.15289208 0.18892408 0.12558567 0.20125043 0.14355480 0.09532955 0.05297365
2.44439462 0.02149818 0.00735652 0.02486027 0.09893076 0.18291631 0.13498537 0.19108281 0.12331503 0.20411872 0.14516111 0.09825945 0.07644382
2.45566398 0.01845289 0.00797806 0.01825463 0.08498997 0.18214906 0.14610930 0.19855108 0.12565108 0.20530135 0.15188134 0.10406686 0.06293957
2.45768963 0.02056691 0.00756687 0.02322707 0.11467676 0.17299298 0.14978526 0.19346807 0.13113315 0.20253926 0.14015177 0.09604363 0.05850489
2.45137198 0.02511824 0.00848841 0.02802118 0.08993997 0.17496297 0.14359540 0.18723989 0.12817989 0.20622268 0.14489918 0.12056904 0.07219139
2.44952796 0.02235425 0.00829095 0.02774839 0.12149534 0.17959286 0.14571048 0.18347910 0.11257111 0.21425683 0.14181612 0.11009900 0.06376734
2.46165496 0.01841772 0.00788583 0.01939273 0.10122719 0.17121159 0.12768331 0.18705780 0.11778197 0.21700917 0.13750814 0.11403269 0.06401305
2.46780242 0.02026797 0.00757731 0.02202648 0.10588095 0.18117114 0.13554588 0.19110710 0.12276896 0.21809325 0.13601001 0.10835952 0.06424546
2.47039662 0.01936800 0.00809865 0.02345838 0.09814272 0.16820043 0.12536105 0.19993867 0.11620612 0.22011611 0.14256088 0.10206766 0.06559503
2.47619688 0.02027960 0.00770316 0.02108482 0.08885237 0.17671776 0.13862277 0.18340407 0.11161716 0.21888333 0.13394891 0.11288613 0.06716381
2.48349003 0.01635354 0.00801027 0.01567708 0.08780988 0.18625667 0.14249799 0.19318063 0.12506772 0.21570042 0.13377204 0.10715324 0.05792446
2.49159929 0.01915455 0.00834870 0.02157710 0.09706086 0.18060720 0.13267006 0.18900009 0.12588204 0.21604362 0.13516945 0.11149913 0.05169109
2.49639993 0.01938550 0.00754085 0.01902057 0.09685919 0.16674213 0.13614067 0.19591378 0.11891770 0.21245349 0.13645394 0.10607600 0.04882894
2.50312540 0.02094614 0.00643036 0.02038959 0.09213145 0.18480459 0.13416234 0.19868990 0.12024023 0.21137897 0.14331573 0.10862598 0.04138621
2.50614946 0.02201701 0.00750597 0.02234331 0.10559564 0.17292627 0.12758459 0.20359071 0.11811713 0.21001364 0.13530878 0.11109343 0.04900275
2.51391311 0.01665778 0.00772916 0.01825321 0.10063928 0.17933815 0.11982408 0.18924942 0.11896956 0.20795520 0.13923907 0.10697929 0.05207627
2.52074263 0.01805525 0.00833708 0.02044502 0.10517073 0.17408333 0.11770279 0.19259652 0.12702490 0.21165306 0.13930768 0.11126469 0.04918502
2.52967032 0.01686977 0.00891210 0.01910034 0.10229242 0.16918404 0.11965641 0.19184798 0.12107337 0.21736742 0.13888156 0.11685298 0.06480442
2.52583742 0.01977410 0.00793658 0.02331192 0.10574107 0.16945682 0.11043723 0.19617834 0.12190336 0.21528847 0.14274847 0.11899330 0.05340987
2.53042516 0.02186442 0.00703579 0.02479225 0.11153883 0.16467184 0.12952164 0.20433783 0.12143152 0.21136404 0.13668144 0.09420467 0.06267939
2.52180892 0.02057289 0.00746168 0.02134232 0.11559257 0.18355454 0.13164230 0.19094555 0.11882940 0.21186727 0.13775227 0.10659390 0.04561108
2.51745280 0.02236489 0.00787343 0.02623953 0.12138995 0.19259083 0.12987593 0.18283551 0.12014051 0.21269613 0.13724814 0.10713620 0.05405112
2.51305874 0.01456057 0.00753307 0.01432924 0.10176146 0.17811956 0.15494887 0.19181965 0.11530910 0.21601595 0.14045226 0.10570901 0.04695693
2.51856982 0.02194235 0.00820629 0.02388344 0.10535483 0.17844747 0.13728229 0.19679402 0.12406685 0.21828896 0.14892586 0.09549690 0.05718855
2.51410443 0.02516304 0.00721469 0.02529736 0.09657922 0.16510259 0.12908975 0.20623297 0.13447758 0.21663139 0.14726071 0.10163355 0.05963549
2.50492658 0.02270825 0.00770885 0.02421720 0.11479608 0.17479560 0.13284840 0.18756005 0.12748817 0.21836676 0.14472746 0.11160830 0.05791485
2.52039715 0.01797777 0.00915829 0.01975724 0.10945008 0.18196910 0.14321591 0.18832980 0.12288264 0.21588190 0.14328008 0.10612846 0.06986368
2.51320322 0.01960569 0.00901806 0.02050859 0.10181316 0.17310356 0.13610213 0.19114155 0.12445161 0.21558819 0.13525464 0.11346286 0.05426099
2.52050709 0.02270248 0.00768957 0.02357027 0.11761092 0.18273679 0.13832235 0.18390213 0.12618837 0.20737715 0.13982639 0.10801008 0.06035258
2.52461085 0.02726072 0.00721551 0.02893339 0.10158648 0.17595240 0.14167009 0.19286483 0.11869375 0.21229429 0.14047703 0.10791227 0.06859252
2.51771078 0.02032114 0.00752638 0.02434516 0.10599993 0.19075391 0.12826147 0.18612724 0.11858574 0.21645079 0.12925868 0.11222801 0.05626680
2.52974877 0.01542416 0.00737311 0.01929425 0.10250485 0.19163530 0.13479225 0.18354093 0.12334808 0.21226511 0.13647064 0.10543719 0.05884995
2.52867375 0.01114670 0.00786463 0.01199149 0.08410326 0.17728362 0.14757055 0.18540997 0.12162183 0.21430983 0.14297123 0.11637515 0.06718432
2.53479827 0.01708293 0.00770813 0.02069448 0.08702070 0.18070039 0.13215464 0.18894871 0.11738143 0.21589474 0.13784130 0.11182591 0.06176463
2.54311483 0.01794098 0.00882440 0.01783413 0.07524590 0.19610661 0.13286216 0.19312780 0.12639906 0.21076165 0.13479878 0.10998463 0.05884687
2.54896986 0.02264348 0.00836682 0.02152176 0.09737279 0.18890563 0.13057289 0.19167215 0.12327052 0.21126076 0.13719185 0.11322944 0.06516743
2.53615075 0.01372407 0.00728302 0.01258911 0.11209747 0.18723790 0.13930468 0.19348612 0.12066072 0.21099642 0.13554439 0.11465182 0.06054923
2.54187860 0.02883258 0.00733803 0.02994842 0.10666809 0.18494915 0.12969365 0.19401115 0.11832145 0.21231789 0.14054516 0.10776910 0.05563684
2.54511137 0.02395565 0.00847582 0.02471640 0.09654868 0.18760171 0.12619878 0.18563097 0.12771710 0.22174356 0.14706207 0.12388600 0.04997767
2.55102414 0.01950491 0.00937581 0.02070627 0.10570166 0.18752205 0.12799179 0.18908545 0.12515110 0.21275140 0.14491498 0.12084776 0.06229602
2.54930587 0.02114057 0.00827227 0.02280079 0.10963181 0.18067706 0.13203956 0.19418006 0.12507924 0.20822747 0.13996755 0.11148513 0.05896982
2.53806693 0.01737967 0.00900610 0.01729402 0.10901104 0.18509449 0.12648187 0.18711255 0.13117686 0.20837411 0.13963160 0.11206215 0.04470073
2.53382929 0.02063820 0.00753809 0.02415432 0.11660631 0.18268132 0.13404984 0.18607557 0.12411468 0.20661938 0.14481821 0.11220887 0.04227257
2.54050854 0.01195890 0.00837676 0.01200231 0.09435686 0.17863411 0.12189277 0.18613763 0.12477266 0.20937336 0.15166355 0.11081191 0.05524835
2.55262522 0.01944586 0.00719997 0.02265790 0.12273483 0.18569645 0.13151180 0.18224566 0.13373111 0.21494426 0.13903926 0.10392461 0.05565518
2.54770409 0.01797685 0.00750572 0.01891364 0.12069519 0.18238939 0.12546210 0.18389656 0.12887475 0.21858389 0.14579394 0.10761327 0.04615437
2.54725297 0.01758771 0.00761541 0.01839479 0.10860413 0.19016114 0.13517271 0.18866580 0.12640714 0.21833754 0.13615077 0.10328990 0.05438521
2.54864483 0.01985304 0.00762320 0.02121348 0.11058396 0.18731898 0.11898504 0.18040464 0.13119476 0.22485944 0.13910404 0.10145817 0.06122406
2.53869654 0.02024273 0.00731669 0.01932238 0.10528447 0.18463713 0.12644951 0.18269434 0.12386672 0.22390233 0.13756126 0.10749006 0.05977672
2.53336374 0.02013064 0.00767521 0.02093077 0.08549934 0.18761176 0.13488893 0.18225177 0.11935426 0.22484530 0.13680691 0.10548126 0.06517391
2.53071749 0.02437846 0.00802645 0.02241800 0.09005843 0.17342649 0.13551597 0.19390794 0.11763388 0.22082283 0.13753761 0.10631248 0.04821706
2.53968145 0.01641553 0.00853128 0.01811366 0.09915519 0.17744027 0.13598352 0.17525652 0.12471242 0.22011359 0.13480614 0.11349708 0.05117997
2.54310238 0.01737804 0.00837207 0.01848968 0.09984320 0.17419686 0.13882273 0.18610183 0.11653443 0.21653768 0.14171069 0.10726892 0.05665330
2.54369686 0.01958360 0.00775616 0.02528087 0.11565479 0.17841439 0.13293801 0.17493293 0.11899448 0.22023468 0.14114947 0.10459099 0.04618178
2.54582066 0.01894914 0.00740560 0.01837969 0.10646234 0.18321990 0.14589907 0.17678480 0.12412412 0.21256717 0.13686865 0.10579490 0.06156705
2.55855737 0.01747624 0.00698633 0.02083667 0.10305029 0.18786233 0.12889709 0.18620890 0.12549350 0.20737783 0.14408622 0.10575351 0.04922178
2.55196502 0.01659496 0.00776160 0.02051263 0.11219384 0.19129549 0.13912452 0.17226123 0.12427796 0.20495336 0.14760570 0.11229139 0.05257444
2.55535555 0.01452738 0.00694580 0.01351712 0.09988271 0.18878164 0.13043364 0.18769890 0.12335310 0.19911211 0.14663170 0.10612778 0.06011602
2.55914352 0.02387314 0.00764441 0.02488013 0.12545215 0.18722889 0.12475357 0.16957915 0.12560977 0.19615382 0.14073028 0.12127469 0.06776435
2.56292259 0.02610749 0.00688039 0.02582168 0.12798232 0.19321760 0.13269701 0.18668619 0.11910553 0.19571153 0.14525820 0.10811891 0.06021591
2.57236187 0.01558123 0.00831710 0.01552872 0.11223184 0.18652806 0.13141469 0.18399895 0.12174345 0.19917163 0.14503577 0.12137700 0.05897494
2.56295712 0.02108489 0.00791825 0.02374750 0.10524796 0.19770909 0.14080637 0.17700647 0.12931839 0.20716416 0.15360502 0.10743508 0.05844116
2.57058007 0.01555493 0.00759792 0.01415172 0.08110532 0.19893132 0.13767087 0.19253622 0.12497565 0.21024126 0.14344147 0.11267444 0.06578419
2.57287860 0.01792814 0.00826508 0.01902332 0.09846527 0.19259835 0.13645839 0.18228742 0.12249351 0.21825730 0.14465144 0.12387086 0.07291722
2.57170801 0.01754739 0.00787872 0.01751619 0.08769464 0.19601832 0.14609271 0.18158364 0.13154087 0.21890846 0.15032733 0.10059495 0.05392034
2.57198493 0.01434046 0.00751945 0.01908252 0.07449780 0.20068241 0.13733521 0.17398507 0.12988247 0.22538070 0.14295719 0.11380211 0.07141056
2.56965147 0.02046321 0.00786232 0.02383404 0.08989179 0.19293853 0.14535979 0.19106740 0.11808741 0.22630114 0.13989535 0.11175995 0.06526942
2.56494770 0.02287722 0.00771464 0.02627437 0.11382789 0.18766902 0.13504094 0.18202029 0.11655421 0.22045960 0.14008559 0.11508214 0.06486699
2.56776220 0.01890969 0.00744846 0.01847811 0.10170426 0.18251087 0.14568114 0.17970871 0.11636661 0.22252541 0.13006484 0.11261225 0.06665188
2.56140298 0.01913899 0.00751527 0.02088514 0.10204066 0.18250156 0.13775883 0.19018221 0.12086904 0.22906289 0.12905919 0.10370211 0.06525322
2.55621209 0.01543757 0.00702568 0.01880622 0.11596580 0.19510887 0.15509279 0.18537243 0.10718237 0.22161734 0.13621353 0.10745836 0.07058615
2.56045794 0.02251223 0.00687667 0.02523813 0.09375356 0.18762609 0.15056084 0.18492760 0.11510033 0.22340412 0.13308548 0.11210461 0.06156166
2.56738495 0.01735608 0.00807293 0.01905918 0.10525249 0.20261182 0.13832867 0.17939343 0.12319961 0.21482044 0.13378027 0.11021651 0.05991805
2.56781970 0.02099408 0.00689509 0.02228730 0.09967000 0.19855175 0.13980284 0.18353830 0.12487750 0.20647551 0.13731081 0.10726132 0.05570802
2.56615777 0.01955028 0.00653905 0.02004489 0.09539371 0.20164320 0.15111550 0.18571412 0.12095591 0.19592566 0.15262540 0.10019354 0.06230198
2.57130967 0.01181778 0.00698573 0.01275763 0.09716502 0.20397008 0.15008503 0.18339536 0.12132591 0.19213687 0.14237996 0.10303703 0.07051726
2.56830277 0.02002235 0.00752600 0.02328725 0.09616197 0.20070387 0.14714919 0.18711734 0.12447753 0.19311039 0.14277612 0.10587468 0.04816945
2.56630306 0.02458973 0.00675918 0.02536332 0.09044777 0.18435764 0.14697178 0.19214265 0.12067123 0.19937648 0.14076998 0.10988919 0.04937085
2.56661041 0.02052850 0.00722159 0.02101138 0.10187817 0.18657976 0.14375064 0.19552614 0.12103081 0.20062062 0.14593035 0.10841725 0.06541885
2.56484364 0.02140739 0.00732685 0.02349074 0.11235239 0.19973172 0.15457837 0.18460299 0.11931791 0.21086592 0.14476817 0.11472782 0.05554213
2.55976667 0.02177227 0.00884521 0.02152547 0.10039206 0.19496435 0.14783861 0.17568971 0.12217497 0.21724850 0.14416291 0.11296816 0.05968661
2.56567204 0.01710899 0.00832752 0.01998860 0.09742980 0.19641643 0.16416068 0.17989436 0.12602061 0.22040814 0.14092559 0.10998862 0.05844157
2.56186474 0.01567522 0.00729185 0.01334491 0.09114456 0.19699586 0.15273945 0.18470771 0.12907917 0.21704059 0.14114299 0.10920511 0.05460502
2.55947493 0.01469491 0.00661136 0.01392600 0.08584888 0.20330621 0.16201625 0.18710373 0.11755287 0.21653226 0.14354051 0.10820766 0.04866497
2.55303937 0.01720619 0.00686008 0.01770945 0.07640397 0.19819535 0.14000577 0.18704197 0.11840153 0.22170654 0.14086003 0.10678555 0.05704534
2.54879132 0.02187143 0.00749974 0.02457340 0.11073515 0.20042373 0.15779529 0.18009663 0.12424707 0.21701852 0.13444710 0.10798118 0.05827988
2.55180100 0.02218903 0.00733305 0.02289254 0.08843933 0.20308564 0.14848845 0.18919660 0.11516924 0.21940435 0.13232313 0.09463220 0.05319575
2.55362942 0.01558583 0.00633965 0.01211781 0.09034443 0.20629068 0.15554597 0.19098554 0.11221332 0.21444347 0.13815779 0.10587643 0.06977972
2.54797610 0.02318093 0.00767601 0.02444388 0.11727256 0.20830962 0.14889073 0.18736209 0.11633792 0.21846808 0.13989903 0.10966260 0.04353048
2.53976582 0.01511261 0.00668812 0.01299248 0.07713039 0.19633083 0.14196109 0.19814262 0.11277802 0.21717302 0.13838185 0.10596572 0.06292651
2.54139769 0.02040084 0.00761833 0.02301149 0.09570050 0.20810990 0.14184311 0.18556603 0.11767805 0.21250623 0.14073028 0.11838026 0.06008484
2.54196071 0.01719550 0.00742135 0.01665360 0.10750222 0.19680826 0.15389051 0.17770340 0.12280338 0.20842451 0.13374135 0.11438057 0.05104830
2.54777376 0.01238040 0.00809332 0.01026561 0.09860498 0.20879287 0.14571530 0.19058391 0.10820286 0.20212231 0.13777540 0.11740287 0.05148591
2.54690280 0.01610890 0.00704291 0.01907437 0.11209108 0.20830905 0.14362899 0.18957927 0.11615985 0.20284140 0.14208777 0.10408814 0.06223138
2.54337919 0.01665431 0.00743898 0.01756533 0.09273356 0.20723885 0.13944831 0.19355967 0.12054959 0.19749673 0.13672683 0.10916628 0.07004317
2.55305581 0.01318032 0.00627609 0.01484386 0.08640186 0.21570420 0.14623749 0.18224402 0.11596736 0.19849924 0.14740682 0.10767047 0.05815382
2.54888415 0.01239761 0.00735828 0.01358557 0.07685244 0.20034547 0.14409209 0.18803538 0.12180798 0.20626612 0.14232008 0.10599136 0.07304751
2.53974357 0.01131748 0.00738191 0.01193839 0.08801570 0.20660012 0.14617561 0.18296558 0.11812471 0.21158444 0.13845807 0.11290335 0.07905664
2.53399863 0.01811399 0.00705327 0.02136695 0.09551658 0.20614893 0.14965430 0.18517900 0.11792842 0.21614716 0.14681794 0.10871700 0.06687411
2.52910783 0.01834323 0.00731587 0.02135803 0.09248820 0.21581454 0.15049137 0.18674328 0.11808742 0.22233892 0.13685551 0.10990263 0.06152283
2.52399096 0.01943551 0.00667941 0.02092370 0.09438707 0.21089802 0.15336955 0.18853103 0.11912174 0.22657080 0.13874423 0.11007986 0.06827196
2.52113032 0.01989877 0.00658838 0.02012056 0.09603654 0.20712599 0.14661107 0.17936994 0.11885174 0.22350141 0.13866186 0.11004544 0.06846344
2.50623038 0.02087500 0.00783863 0.02116201 0.09328459 0.21682497 0.16393247 0.17904831 0.11082506 0.22014407 0.13837304 0.11072013 0.07522584
2.49836950 0.01645633 0.00764559 0.01582399 0.09327649 0.20555088 0.14822579 0.19235560 0.11741741 0.21844386 0.13542910 0.10975245 0.05661871
2.49029821 0.02469336 0.00772147 0.02440240 0.08652153 0.20579635 0.15113641 0.18809181 0.11954622 0.21865707 0.13670922 0.10721256 0.06049749
2.48642540 0.02157809 0.00742412 0.02365362 0.09825959 0.20666503 0.14794116 0.18280551 0.10885808 0.21738626 0.13167275 0.11464116 0.06942000
2.47487836 0.01580419 0.00701652 0.01854360 0.08557664 0.20434838 0.14620294 0.19020527 0.10593424 0.21601448 0.13592796 0.10866950 0.05921434
2.47459589 0.01700620 0.00746272 0.01604891 0.08169587 0.21094013 0.16702479 0.19482981 0.11695284 0.20808303 0.12736497 0.09872937 0.05531802
2.46393468 0.01791757 0.00678728 0.01816121 0.07896230 0.20809474 0.15932706 0.18757448 0.11075183 0.20711486 0.14342866 0.11198488 0.05099872
2.47328020 0.01943131 0.00666568 0.02094657 0.10778515 0.21233221 0.14906737 0.19816002 0.11886394 0.20266985 0.13647087 0.10493609 0.05567996
2.47291049 0.01374784 0.00635465 0.01815108 0.10149286 0.21998437 0.14933136 0.18834963 0.11033199 0.20799541 0.13768747 0.10693457 0.04709376
2.46702888 0.01559982 0.00664241 0.01685833 0.10671514 0.20741174 0.14257234 0.18955559 0.11718382 0.20379150 0.13787938 0.10890677 0.05571455
2.46793986 0.01951971 0.00838247 0.02026721 0.07719988 0.21848464 0.15513559 0.18863151 0.11443325 0.20945641 0.14078954 0.10306192 0.05029483
2.46786387 0.01879460 0.00791770 0.01851276 0.08397455 0.20779657 0.15654968 0.18388199 0.11458514 0.20799770 0.14514638 0.11390151 0.05803350
2.45905506 0.00961226 0.00683511 0.00920898 0.09076929 0.20938309 0.15204319 0.19675034 0.11369469 0.21563632 0.13749310 0.09998182 0.06341723
2.45107275 0.01674130 0.00602382 0.01772999 0.08134741 0.20826421 0.15060205 0.18913231 0.11866717 0.21315667 0.14607718 0.10656263 0.06042986
2.43870522 0.01386553 0.00677040 0.01464758 0.08682542 0.20179151 0.14032062 0.20016012 0.12037827 0.21248163 0.13995800 0.10522598 0.05760094
2.42343299 0.02141408 0.00652403 0.02536118 0.10839983 0.20823742 0.15282279 0.20320591 0.12003040 0.21190673 0.13897913 0.11504033 0.05310864
2.42004027 0.01614380 0.00651500 0.02038973 0.11851210 0.20369698 0.15628311 0.18984434 0.11279230 0.21663988 0.14170410 0.11136775 0.05377949
2.41511003 0.02698977 0.00698495 0.03053165 0.11674178 0.21489051 0.13906460 0.19342038 0.11537466 0.21684764 0.13606858 0.10591349 0.05784720
2.41155152 0.01645068 0.00769055 0.01928817 0.12278147 0.21833997 0.14609338 0.18235788 0.11844610 0.21416863 0.13527760 0.10996644 0.04747597
2.41447296 0.01720351 0.00802336 0.01836917 0.10195842 0.20574585 0.14822055 0.19260803 0.10914918 0.21915903 0.14547609 0.10907231 0.05421092
2.41050376 0.02292975 0.00579631 0.02382366 0.12485649 0.21694436 0.13701523 0.19900891 0.11969895 0.21971878 0.12880195 0.08975543 0.05998945
2.39613689 0.01797361 0.00659206 0.01702584 0.11282543 0.20968086 0.13788429 0.19362661 0.11922403 0.21757659 0.13516021 0.11761328 0.04799257
2.37864784 0.01876218 0.00773601 0.01922435 0.08216056 0.21867315 0.14540064 0.20167584 0.12262056 0.21384800 0.13679640 0.10776084 0.04487756
2.38515023 0.01948607 0.00657748 0.02136364 0.08922803 0.21153171 0.14186396 0.20328663 0.12475468 0.21216228 0.13182578 0.11481914 0.05437210
2.37595640 0.02184811 0.00662614 0.02024448 0.09783711 0.22408072 0.15704263 0.18552990 0.10721472 0.21132013 0.14239764 0.11192693 0.04923831
2.37154370 0.01577556 0.00683644 0.01670683 0.07930507 0.21258883 0.13341219 0.19742049 0.11339711 0.21274457 0.13480685 0.10650352 0.06088384
2.36832089 0.02000688 0.00840212 0.02081818 0.07148176 0.22349344 0.13782600 0.18566491 0.12131816 0.21364515 0.14190204 0.10739872 0.05747865
2.35845617 0.01921335 0.00830752 0.02135998 0.09314415 0.22412204 0.13309052 0.18874429 0.11572377 0.21139079 0.14627296 0.12285404 0.04241754
2.35906227 0.01229266 0.00709609 0.01361130 0.08706539 0.21960362 0.14416270 0.20172900 0.11862137 0.20973549 0.14319766 0.11480084 0.05799767
2.35712256 0.01605556 0.00682892 0.01846742 0.11802155 0.21550965 0.13182144 0.19631660 0.12074717 0.20987049 0.14376101 0.11053833 0.05022719
2.35769280 0.01272706 0.00784315 0.00976719 0.09813115 0.21845955 0.14360937 0.19788308 0.11732519 0.21749219 0.14572050 0.11183327 0.04692709
2.34893049 0.01758646 0.00798276 0.01920146 0.08735425 0.21261138 0.14364026 0.20486948 0.12265255 0.21237638 0.14322016 0.11366859 0.06371549
2.35053800 0.01717076 0.00808699 0.01795906 0.09189749 0.22043969 0.14381040 0.20735177 0.11480623 0.21160081 0.14844526 0.10086897 0.04693949
2.34178502 0.01667440 0.00706637 0.01824838 0.09066394 0.22841315 0.13533566 0.20402786 0.11818594 0.21282019 0.14455331 0.10758753 0.05071519
2.34922071 0.01778159 0.00634289 0.01797780 0.09454636 0.22915288 0.13770549 0.21073324 0.11805685 0.21269224 0.14553824 0.10671838 0.04647344
2.34959987 0.01620628 0.00664188 0.01967371 0.09898243 0.21917581 0.13606083 0.21741094 0.11274623 0.21280495 0.13618661 0.10623495 0.07165422
2.34747866 0.01435354 0.00660516 0.01409813 0.09142974 0.22700014 0.13676454 0.19776561 0.12015408 0.21306479 0.13637150 0.10793702 0.05419837
2.34216665 0.01010808 0.00665829 0.00895744 0.09178546 0.22518960 0.13845949 0.21338430 0.11019721 0.21520298 0.13810982 0.10751856 0.05024660
2.34279473 0.01696170 0.00685288 0.02020916 0.07735817 0.22853966 0.13824377 0.20342145 0.11078084 0.22184728 0.13957869 0.10669567 0.06458215
2.34463344 0.01498851 0.00766864 0.01656061 0.09782319 0.22142034 0.14852519 0.20526828 0.11591115 0.22332289 0.13657741 0.10100090 0.05513942
2.34196675 0.02120671 0.00762666 0.02129829 0.12133469 0.22538463 0.13222452 0.20726833 0.11696808 0.21939818 0.13174839 0.10760165 0.05963278
2.34189975 0.02051350 0.00693442 0.02332347 0.11093511 0.23113253 0.14039129 0.19493814 0.11019034 0.21480814 0.13863775 0.10966625 0.06142212
2.33688706 0.02231432 0.00686337 0.02718989 0.11735671 0.23205220 0.13791031 0.21004028 0.10954653 0.21401692 0.13350260 0.09604130 0.07480470
2.32832205 0.01813024 0.00652448 0.01819151 0.10293548 0.22655252 0.14942931 0.20687867 0.11642584 0.21174787 0.13646384 0.10948650 0.05346839
2.32513327 0.01659442 0.00588206 0.01421844 0.10777581 0.22988797 0.13323294 0.20922851 0.12366665 0.20856616 0.13407214 0.10709464 0.05413521
2.31963450 0.02198499 0.00577284 0.02149088 0.11708158 0.22704419 0.13258968 0.21311759 0.11685812 0.21047366 0.13428120 0.10549404 0.06241649
2.31122784 0.01545261 0.00690741 0.01983134 0.11551624 0.22647753 0.13535252 0.20960753 0.11362226 0.20878246 0.14658336 0.11634973 0.06606672
2.31082028 0.01698490 0.00676026 0.02066778 0.08845976 0.22943020 0.14370193 0.21506951 0.12432361 0.21302271 0.13761248 0.11358631 0.06570552
2.30774907 0.01852580 0.00641749 0.02155616 0.09079211 0.23280683 0.14737543 0.20727295 0.11627738 0.21755072 0.14074497 0.10716753 0.05058839
2.31004071 0.01924590 0.00601596 0.02215539 0.10575027 0.23368036 0.13497895 0.20862683 0.12196014 0.20963003 0.13773445 0.11246217 0.06481006
2.30983894 0.01716722 0.00609589 0.01816986 0.10541449 0.24233999 0.14189547 0.20620813 0.11375611 0.21014128 0.13355266 0.10694570 0.05566922
2.30737080 0.01319584 0.00677980 0.01592090 0.13237550 0.23281265 0.12577764 0.20948996 0.10871392 0.20629098 0.14087135 0.11456640 0.06825751
2.30282210 0.02072382 0.00731025 0.02072508 0.11456628 0.24635623 0.14632128 0.20902158 0.12108769 0.21379193 0.13348762 0.09897321 0.04120109
2.29807944 0.01608414 0.00550783 0.01800252 0.10140860 0.24362136 0.12924325 0.20712848 0.12227190 0.21660096 0.13308099 0.10596732 0.06639051
2.29561340 0.01907286 0.00596226 0.01851472 0.10039052 0.23330208 0.13469884 0.21255919 0.12712921 0.21881102 0.14334698 0.10546959 0.05455558
2.29602352 0.01896780 0.00645341 0.02049123 0.08267720 0.24591759 0.13783615 0.21483983 0.11622061 0.21863884 0.13906853 0.09966759 0.06817853
2.29944000 0.01266548 0.00625493 0.01493850 0.07965414 0.22266530 0.12160705 0.21169571 0.10990758 0.21908235 0.14039855 0.11092809 0.07304220
2.29390654 0.01402563 0.00577590 0.01810943 0.06841230 0.24000568 0.12953588 0.21203954 0.12471689 0.21501813 0.13453812 0.10969628 0.05763401
2.28322651 0.01566232 0.00668845 0.01556152 0.07697513 0.22804522 0.13942698 0.21202473 0.11074651 0.21522542 0.13207292 0.10828538 0.06754471
2.27877442 0.01437005 0.00743227 0.01569718 0.08291515 0.22945409 0.14146150 0.21461757 0.10394331 0.21935438 0.13895868 0.10804574 0.04990998
2.27620058 0.01389082 0.00760837 0.01348595 0.08330612 0.23544783 0.14256551 0.22050168 0.12069376 0.22096863 0.12673558 0.09500930 0.04719797
2.27481540 0.01449780 0.00616193 0.01555441 0.07566194 0.23065732 0.13788983 0.21760352 0.11263420 0.21306900 0.13978174 0.11120392 0.04422899
2.27465515 0.01404173 0.00686328 0.01665805 0.10522001 0.23564979 0.13926489 0.21790786 0.10845723 0.21019233 0.13401856 0.10876015 0.04844145
2.26294161 0.02171889 0.00627346 0.02223023 0.10102678 0.23560978 0.13614273 0.21890976 0.11411980 0.21422289 0.13283424 0.10626991 0.04929786
2.26392705 0.02122090 0.00553669 0.02107356 0.10012929 0.23443376 0.13527181 0.21607862 0.11368175 0.21683633 0.13803979 0.11034771 0.06055918
2.26555042 0.01286044 0.00544336 0.01842154 0.10637392 0.25039337 0.14241882 0.21645263 0.11373682 0.22253575 0.14448069 0.09423433 0.05321245
2.26017423 0.01921916 0.00587406 0.02079664 0.08857807 0.23799825 0.14869850 0.20782261 0.11890202 0.21650651 0.13473225 0.10721591 0.05840733
2.25271004 0.02061809 0.00537513 0.02678672 0.12123470 0.24226854 0.13218855 0.22347031 0.11793296 0.21461567 0.13873344 0.10060722 0.04561275
2.25384514 0.02403327 0.00548404 0.02837205 0.12607574 0.24492577 0.13234028 0.21975110 0.11318958 0.21522546 0.14004311 0.09567060 0.06346079
2.22655189 0.01603383 0.00588169 0.01721656 0.09639505 0.23539894 0.13391950 0.21648172 0.11761649 0.21503074 0.13857647 0.12205617 0.06050653
2.22359860 0.01776727 0.00625277 0.01868091 0.09591438 0.25839942 0.14011503 0.22750356 0.11842510 0.21450021 0.14146380 0.08886093 0.07235573
2.22018664 0.01756362 0.00732852 0.01981987 0.08630901 0.22905851 0.13240230 0.22039368 0.11951190 0.21286546 0.14191522 0.11043118 0.06812934
2.21245352 0.01190244 0.00636365 0.01460912 0.08368720 0.25046936 0.13492092 0.22206177 0.11804453 0.21224406 0.15175917 0.10828970 0.05123523
2.19747303 0.01951704 0.00750780 0.02056597 0.08374124 0.24902000 0.13373467 0.22582356 0.13011829 0.21286693 0.12856327 0.10714192 0.05010453
2.19860654 0.01867426 0.00661327 0.01862539 0.07491551 0.24772145 0.12721168 0.22706910 0.11151887 0.21190067 0.13591731 0.11466417 0.04705288
2.20494218 0.01950182 0.00651662 0.02065068 0.09616263 0.25112026 0.13829543 0.22159417 0.10638260 0.21024560 0.12861039 0.10450187 0.04732905
2.19392118 0.01510735 0.00612752 0.01489002 0.10545725 0.24459605 0.12737589 0.22160410 0.10187852 0.21157645 0.12512459 0.10517819 0.04595405
2.19596495 0.01360860 0.00599179 0.01695400 0.09821544 0.24761329 0.13523453 0.23488306 0.10374001 0.21091214 0.12855294 0.10550476 0.05490802
2.19201070 0.02098140 0.00594154 0.02069907 0.07084527 0.25342995 0.13125314 0.22655421 0.10523356 0.21701981 0.13028173 0.10299013 0.04842149
2.18653484 0.01693755 0.00656019 0.02021640 0.07497614 0.24398996 0.13944290 0.23031924 0.11170941 0.21656855 0.13422771 0.11904252 0.04579076
2.18211787 0.02217779 0.00629816 0.02304682 0.07235537 0.25712097 0.12642601 0.23413787 0.10553489 0.21792912 0.13400792 0.10038516 0.04492876
2.18516533 0.01158736 0.00740610 0.01339318 0.06537898 0.24794499 0.13328902 0.22421490 0.11109727 0.21211509 0.13928694 0.10658928 0.06081032
2.17104400 0.01465188 0.00711473 0.01543711 0.07715963 0.25509810 0.14300711 0.23011373 0.11958759 0.21204563 0.13212852 0.10404815 0.05206698
2.16675905 0.01320664 0.00539627 0.01039525 0.11419621 0.25374418 0.13201574 0.23445585 0.11957877 0.21151979 0.13531222 0.10022159 0.05748500
2.15825471 0.01274768 0.00537865 0.01381149 0.08117504 0.24637033 0.13406887 0.22850001 0.10979971 0.21108754 0.14136226 0.10715274 0.05205385
2.15569078 0.01728288 0.00611864 0.01489630 0.06845283 0.25164456 0.13843077 0.23456614 0.11238314 0.21997536 0.13571827 0.10164117 0.06142933
2.15235957 0.01142941 0.00629168 0.01356194 0.08304703 0.24644983 0.14415698 0.22649370 0.11324416 0.22250421 0.13881712 0.10722714 0.04003380
2.14957254 0.01375414 0.00692253 0.01286593 0.07246680 0.24745193 0.14006942 0.23299876 0.11273176 0.22669164 0.14169540 0.11074783 0.04349699
2.15386210 0.01335566 0.00686674 0.01164871 0.10010621 0.25571456 0.14449621 0.23331650 0.11401548 0.22457901 0.13439852 0.10073281 0.05097555
2.15412648 0.01551937 0.00640584 0.01998152 0.09877830 0.24461653 0.13464330 0.22994844 0.11319108 0.22145357 0.13235254 0.11221632 0.05405747
2.15351015 0.01657198 0.00545678 0.01936718 0.08038249 0.25463477 0.13374417 0.23847453 0.11551993 0.21428671 0.13709795 0.10021400 0.04289693
2.15071556 0.01450898 0.00542911 0.01747704 0.06332738 0.24616665 0.13642377 0.23906772 0.10834421 0.20871336 0.13039683 0.10330099 0.04307899
2.14999217 0.00692540 0.00549764 0.00705396 0.07123784 0.25523324 0.14038900 0.23279276 0.11155877 0.20381176 0.14213454 0.10265416 0.04776086
2.14883595 0.01357777 0.00543402 0.01746815 0.05968322 0.25775487 0.13320690 0.24348337 0.10856826 0.20241979 0.13248367 0.09743400 0.04306948
2.14304687 0.01722267 0.00685657 0.01792997 0.06569737 0.25415572 0.12446745 0.24385761 0.11708333 0.20106537 0.13501043 0.09705883 0.05920763
2.13343354 0.01104343 0.00761082 0.01100013 0.05836209 0.25784626 0.14400380 0.23448870 0.10886721 0.19953662 0.13830047 0.10797550 0.04328741
2.13109845 0.01623175 0.00609431 0.01574163 0.07371957 0.25927486 0.14408571 0.23982083 0.10411985 0.19957359 0.13871254 0.09911840 0.05304232
2.12149993 0.01482974 0.00589772 0.01835917 0.08232495 0.25777201 0.13683092 0.23471043 0.10871630 0.20003182 0.13330851 0.10490518 0.05222785
2.12242938 0.01948661 0.00653561 0.02036373 0.09810832 0.26359367 0.12285763 0.23967144 0.11414863 0.20361031 0.12867639 0.09514868 0.04967291
2.11548854 0.01866906 0.00570002 0.02005180 0.08460595 0.25360498 0.12784841 0.24009567 0.10202247 0.20636500 0.13588975 0.10980535 0.06093183
2.10795161 0.01212984 0.00687991 0.01107253 0.08775694 0.26082482 0.13980023 0.24169612 0.10993977 0.20869140 0.12921894 0.10291807 0.05292623
2.10449164 0.01874326 0.00566712 0.02007537 0.08385672 0.26033412 0.13930933 0.24353489 0.11092691 0.20867432 0.12865222 0.10800640 0.05542629
2.09188473 0.01483591 0.00798834 0.01530046 0.08111431 0.25017869 0.13988725 0.24008884 0.11019180 0.21910389 0.13049909 0.11443506 0.05987726
2.09084323 0.01775458 0.00757645 0.02015371 0.07041423 0.26007065 0.13338540 0.24536999 0.11167131 0.22300077 0.13170834 0.10546646 0.07505196
2.09488308 0.01496905 0.00616493 0.01655354 0.10061430 0.25436197 0.14337436 0.23655433 0.10968247 0.22347663 0.13276530 0.11086384 0.06798526
2.08562563 0.01779206 0.00548988 0.01876631 0.09225006 0.26309245 0.14889754 0.24434862 0.10649173 0.22311631 0.13543842 0.10158622 0.06777333
2.08620937 0.01455277 0.00564472 0.01473966 0.08311167 0.26061890 0.14367194 0.23906960 0.11126738 0.21550854 0.13455458 0.10150082 0.05495332
2.08449939 0.01325197 0.00528633 0.01318815 0.06638130 0.26092040 0.14234648 0.24153295 0.11111762 0.21414824 0.13230234 0.10051217 0.06994585
2.07650896 0.01768732 0.00569426 0.01815023 0.08087063 0.26103054 0.13300776 0.24261860 0.10673313 0.20800252 0.12999668 0.09988577 0.05093994
2.06932607 0.01615791 0.00578565 0.01937749 0.09490954 0.26306055 0.13382273 0.24158921 0.11125100 0.20799267 0.13199505 0.10277090 0.05530224
2.06571264 0.01847589 0.00618572 0.02085572 0.08393221 0.26234405 0.14437327 0.24740581 0.10683379 0.19804924 0.13143960 0.09844220 0.05831476
2.06240486 0.01521561 0.00667304 0.01627411 0.09299728 0.26721800 0.13535572 0.24069795 0.11220470 0.19504501 0.12752539 0.11182100 0.04642546
2.05918689 0.01489189 0.00547189 0.01097760 0.07741187 0.26265378 0.13536186 0.25013873 0.11045215 0.19021316 0.12958381 0.09772664 0.05532389
2.05754008 0.01241957 0.00542442 0.01404413 0.08136659 0.26717598 0.13789846 0.24183331 0.11188506 0.19127900 0.13248996 0.10306606 0.06612261
2.04093185 0.01262093 0.00757686 0.01297931 0.05508371 0.26249142 0.14258779 0.24441754 0.10744696 0.19676469 0.13081668 0.11112381 0.05519714
2.03351954 0.01126640 0.00650627 0.01172374 0.08633218 0.26545303 0.14347702 0.24972672 0.11048998 0.20392398 0.13064984 0.09365681 0.06281368
2.03117203 0.01671413 0.00533968 0.01615721 0.07249827 0.26612874 0.14075874 0.24850705 0.11121912 0.20934719 0.12946486 0.10749055 0.05101380
2.03794526 0.02034407 0.00484070 0.02087615 0.07591838 0.26034326 0.14726022 0.24920321 0.10402840 0.21290556 0.13228091 0.10133146 0.04636695
2.03269273 0.01220369 0.00561005 0.01366920 0.05173882 0.26518056 0.14161849 0.25805033 0.11214945 0.21325757 0.12568142 0.09183846 0.04570809
2.02732319 0.00946546 0.00511199 0.00902145 0.06574333 0.26439370 0.13721420 0.24752260 0.11123956 0.21559685 0.13335903 0.10660093 0.04768656
2.02265971 0.02305605 0.00524909 0.02632759 0.06544090 0.26747550 0.14160744 0.25319956 0.10208718 0.21652646 0.12792608 0.09186002 0.04192118
2.02607690 0.01341884 0.00446191 0.01525578 0.08416999 0.27145914 0.15137080 0.25279601 0.10161287 0.21134518 0.12833743 0.10366354 0.05685323
2.01912926 0.00892454 0.00588457 0.00868625 0.07359214 0.26340413 0.14554766 0.24915081 0.09924279 0.21336805 0.13182902 0.10428525 0.04445064
2.01180575 0.01071492 0.00477496 0.01267352 0.06242159 0.26518000 0.15971784 0.25561765 0.10248698 0.21510373 0.12517996 0.10961984 0.05774399
2.01054233 0.01273596 0.00514405 0.01364799 0.06397117 0.27198909 0.14275022 0.25084005 0.11806142 0.21056239 0.13670127 0.09932603 0.04713367
2.01242640 0.00779210 0.00467838 0.00529482 0.05307153 0.26833721 0.13816885 0.24958862 0.11480575 0.20568184 0.13303175 0.10413337 0.05077378
2.00198519 0.01542714 0.00594147 0.01572392 0.07505178 0.26808969 0.14293900 0.25735069 0.10930294 0.20027165 0.13335192 0.10201744 0.04360906
1.99620184 0.01711998 0.00412731 0.01856668 0.08353794 0.26909069 0.13599867 0.25305593 0.10954098 0.19283494 0.13324021 0.09941659 0.04509964
1.98623177 0.00853929 0.00475122 0.00896334 0.05675477 0.27293013 0.15166105 0.25524095 0.10399470 0.19088645 0.13550954 0.09831906 0.04563548
1.97651393 0.01355589 0.00626903 0.01574354 0.05464588 0.27051791 0.14470650 0.25635032 0.10510950 0.19067238 0.13194471 0.10556627 0.04739932
1.96960300 0.01027433 0.00543798 0.01111429 0.08358754 0.26875637 0.13907443 0.25255417 0.11033206 0.19116151 0.12676274 0.09938554 0.05172532
1.97323533 0.01808419 0.00399277 0.02027653 0.08151160 0.26975913 0.14016802 0.25582399 0.10248699 0.19713724 0.13675200 0.10150295 0.05419262
1.98036451 0.01465053 0.00452074 0.01662811 0.07690047 0.27007630 0.14157473 0.25409882 0.10987077 0.19623866 0.12757377 0.10839951 0.05285961
1.96881842 0.01504854 0.00543193 0.01333917 0.08046180 0.27473452 0.15083625 0.25472950 0.10759561 0.19744884 0.12459049 0.09629232 0.05763513
1.96176297 0.01110788 0.00703480 0.01138706 0.04334479 0.27276575 0.14137524 0.25552834 0.10150569 0.20595751 0.13000938 0.11027842 0.05959916
1.95079972 0.00673273 0.00513850 0.00795583 0.07216459 0.27855158 0.14360853 0.25783601 0.10034410 0.20941726 0.12451979 0.09792679 0.05348487
1.94254953 0.00975419 0.00506224 0.01227139 0.07717605 0.27339937 0.14230297 0.25716418 0.09616822 0.20423674 0.12899532 0.10988776 0.06237483
1.93220767 0.01021455 0.00537926 0.01173586 0.06493942 0.27954653 0.13911003 0.25879229 0.09901338 0.20877009 0.13412527 0.09827651 0.05639533
1.93340991 0.01152010 0.00480343 0.01182206 0.06947732 0.27700400 0.14546079 0.25733633 0.10690689 0.20717122 0.12221118 0.09931522 0.04983622
1.92660241 0.00702385 0.00539665 0.00718015 0.06913826 0.27777999 0.13194011 0.26022578 0.10260282 0.20768580 0.13349434 0.10374297 0.06228044
1.91903575 0.01678923 0.00519610 0.01754491 0.06807888 0.28124581 0.14369841 0.25962965 0.11003853 0.20985592 0.13295904 0.10012642 0.04440935
1.91211936 0.01602903 0.00598828 0.01511252 0.09688248 0.27873691 0.13841090 0.26047322 0.11463784 0.20498936 0.13558672 0.10022518 0.05402441
1.90415335 0.01304137 0.00532855 0.01461904 0.07713600 0.27783792 0.14018961 0.26034306 0.10961880 0.20221447 0.14456389 0.09995062 0.05867790
1.89734236 0.01909482 0.00498050 0.02108638 0.09240876 0.27706352 0.14248137 0.25962866 0.10677560 0.19833115 0.13398380 0.10469223 0.05151335
1.89413233 0.01353487 0.00492985 0.01319991 0.07805095 0.28113198 0.14457175 0.26629623 0.10882187 0.19132778 0.13175578 0.10474436 0.04187755
1.88159616 0.01402823 0.00559371 0.01523089 0.07102335 0.27872790 0.13969557 0.26173910 0.10495295 0.19113240 0.13100268 0.09730772 0.06337423
1.88552482 0.02283409 0.00484891 0.02323846 0.08495548 0.27869833 0.13408004 0.26633255 0.10781730 0.18563571 0.13589752 0.10338710 0.04440493
1.88883098 0.01221228 0.00446446 0.01233949 0.07785677 0.28283521 0.13170123 0.26783903 0.10565504 0.18541672 0.13427283 0.09162648 0.05728482
1.88937258 0.01803023 0.00428671 0.01872868 0.07578043 0.27949160 0.13985612 0.26376486 0.11309391 0.18602516 0.12250104 0.09505718 0.05839923
1.88439113 0.01347773 0.00576807 0.01510192 0.07900261 0.28704273 0.13985899 0.26631209 0.10028362 0.18993899 0.13483161 0.09871024 0.05793107
1.88160043 0.01256642 0.00435313 0.01394185 0.10119114 0.27870975 0.14845762 0.26414740 0.10683834 0.19152410 0.12078369 0.09946337 0.05699689
1.87644604 0.01212816 0.00649862 0.01713081 0.09715649 0.28622637 0.13006627 0.26403942 0.09964707 0.19457196 0.12927284 0.10348288 0.06067038
1.86602269 0.01378643 0.00563995 0.01456571 0.07715822 0.27830017 0.13193221 0.26625636 0.10419094 0.20249461 0.12498881 0.10018235 0.06503131
1.86146859 0.01674721 0.00618182 0.02093596 0.09417484 0.28384582 0.13537716 0.26307440 0.10348188 0.20323197 0.11797305 0.09720175 0.06155001
1.86252397 0.01617134 0.00488835 0.01569660 0.08932472 0.27775216 0.13898986 0.26533704 0.09800404 0.20171970 0.13193914 0.10760078 0.06554630
1.85817085 0.01396939 0.00637463 0.01874474 0.10514834 0.27860075 0.14850105 0.26617825 0.10257703 0.20092342 0.11650953 0.09900291 0.05167129
1.85342625 0.01339458 0.00585545 0.01459557 0.08176276 0.28157444 0.14335640 0.27434252 0.10900225 0.20141286 0.12548901 0.10827753 0.05655025
1.84509442 0.00944177 0.00650379 0.01082821 0.06132314 0.28050374 0.15025252 0.26788302 0.10568721 0.20389086 0.13148802 0.10850094 0.05351719
1.83322464 0.00983052 0.00561599 0.00883645 0.06560635 0.28331087 0.15157601 0.26957754 0.10367643 0.19949161 0.12752645 0.09802642 0.04487882
1.83146596 0.01271984 0.00515533 0.01354560 0.05869288 0.28472878 0.13723088 0.26858445 0.11256714 0.19857487 0.13593044 0.11124633 0.04467760
1.83316407 0.01329713 0.00518960 0.01504509 0.08374902 0.28301350 0.14313117 0.26880939 0.10814173 0.19228677 0.12956456 0.09868282 0.04312139
1.83316294 0.00955372 0.00575027 0.00934930 0.09339381 0.28457024 0.14544530 0.27101114 0.10807936 0.18222388 0.12585203 0.10259549 0.04617069
1.82105832 0.00988670 0.00514221 0.01170378 0.08296572 0.28512527 0.14471618 0.27221487 0.10165657 0.17717732 0.13176584 0.09691443 0.05448892
1.81393132 0.01407456 0.00481968 0.01632953 0.06467594 0.28251695 0.14419596 0.27658751 0.10855783 0.17338780 0.12261040 0.10550239 0.05477166
1.81333162 0.01039041 0.00563356 0.00854293 0.06797413 0.28380137 0.13346583 0.27390027 0.10683589 0.17910188 0.13392238 0.10059676 0.04441746
1.80367063 0.01209070 0.00562219 0.01066606 0.05662421 0.27879583 0.13730762 0.27612912 0.10182593 0.17854783 0.13120281 0.10715603 0.05696808
1.80445466 0.01507658 0.00590550 0.01860626 0.09144415 0.28540977 0.15630386 0.27303787 0.10281743 0.17983712 0.12519037 0.09863608 0.04473215
1.80658720 0.01175339 0.00565938 0.00878781 0.07806481 0.28516607 0.14376540 0.27213310 0.10978248 0.18554047 0.13085783 0.10442813 0.05969637
1.79874296 0.01756490 0.00612118 0.01806001 0.06324491 0.28789151 0.14715103 0.27802130 0.10718539 0.19206487 0.11648106 0.09623856 0.04692484
1.79641333 0.00963431 0.00492470 0.00946992 0.05960546 0.29132725 0.13914807 0.27557676 0.09843738 0.19883000 0.13501802 0.09860596 0.04566774
1.77320780 0.01398323 0.00467392 0.01570801 0.06820745 0.28747322 0.14263845 0.27728393 0.10501401 0.20267227 0.13137220 0.09692537 0.04533393
1.77008021 0.01214597 0.00559988 0.01381015 0.06103510 0.28784917 0.15908650 0.27646265 0.09898090 0.20191401 0.12422539 0.09717818 0.06163968
1.76821788 0.01017850 0.00490870 0.01088748 0.06797890 0.28974854 0.15814284 0.27683536 0.10135448 0.19580037 0.12722520 0.10584436 0.04683711
1.75832899 0.01599635 0.00587452 0.01625216 0.06792194 0.28816224 0.14831866 0.27712070 0.10089922 0.19239916 0.12838099 0.10293421 0.06001457
1.75114193 0.01325378 0.00561010 0.01176876 0.08967898 0.28510506 0.13912764 0.27624214 0.10397654 0.19215016 0.12616733 0.09876760 0.05148265
1.75359436 0.01008086 0.00670368 0.01074367 0.08634635 0.28389441 0.14184788 0.27849064 0.10587332 0.19052017 0.13780833 0.09912446 0.06128615
1.74996573 0.01912081 0.00518051 0.01937269 0.07039043 0.29284046 0.14663037 0.28275932 0.11118810 0.18611474 0.13402786 0.09672329 0.04241417
1.74773451 0.01507234 0.00600105 0.01524628 0.07988962 0.28725716 0.15273270 0.27956306 0.11312458 0.18032687 0.13705261 0.10600925 0.04188952
1.74330958 0.00943470 0.00463387 0.00975452 0.05258334 0.29105455 0.14572485 0.28078534 0.11124666 0.17393273 0.13590289 0.09775582 0.05026070
1.72621887 0.01289887 0.00472058 0.01296722 0.05605445 0.28291308 0.14945457 0.28306330 0.11375763 0.17039531 0.13971332 0.10547972 0.04516005
1.71824313 0.00746667 0.00468316 0.00551154 0.06826530 0.28678386 0.15081091 0.27718371 0.10607620 0.16982689 0.13340827 0.10458139 0.04550864
1.72101720 0.01359822 0.00503038 0.01333818 0.05577924 0.28292829 0.15016999 0.28127253 0.10358885 0.16900739 0.13103735 0.10126494 0.05283746
1.71244460 0.00777247 0.00554733 0.00600791 0.04278456 0.28450850 0.14600577 0.27817679 0.09942268 0.17366432 0.13463049 0.11343307 0.04807690
1.71273627 0.01195744 0.00523100 0.01289464 0.06446282 0.28687634 0.15916306 0.28413990 0.11046999 0.18008328 0.11859914 0.10383113 0.05222043
1.70148319 0.00805976 0.00497765 0.00661379 0.05375012 0.28453769 0.15170970 0.28309395 0.10158779 0.19133474 0.13500522 0.09796716 0.05569500
1.70432147 0.01183950 0.00480570 0.01516272 0.06823558 0.28809598 0.14412650 0.28210791 0.09673261 0.19904299 0.12516515 0.09512909 0.05309771
1.70306487 0.00866360 0.00418465 0.00353711 0.03795600 0.28697232 0.15440215 0.28377300 0.09467010 0.19968033 0.12734310 0.09413604 0.04884135
1.69445898 0.01495693 0.00358256 0.01589220 0.08049309 0.28837344 0.14386934 0.28423201 0.09332659 0.20241975 0.11988808 0.09161114 0.05240664
1.68574841 0.02238779 0.00377375 0.02257037 0.08984889 0.29390926 0.14364231 0.28355942 0.09557032 0.20210507 0.11568689 0.09625862 0.04573334
1.67935904 0.01121674 0.00411160 0.01329267 0.09497675 0.28598492 0.14373339 0.28363113 0.09500145 0.19590302 0.12394503 0.09636107 0.04489397
1.66750745 0.01411765 0.00422085 0.01489690 0.07600217 0.29366023 0.13464813 0.29097977 0.10636665 0.19947949 0.12134382 0.09232722 0.04635226
1.66408037 0.01261763 0.00430984 0.01031333 0.06295205 0.28769935 0.14896782 0.28225947 0.10037016 0.19681107 0.12201578 0.10390462 0.05689115
1.65977031 0.01142147 0.00457991 0.01645905 0.06263386 0.29201652 0.14178820 0.28868369 0.10204276 0.19096894 0.13151091 0.10028372 0.04880746
1.65737302 0.01823196 0.00435196 0.01815217 0.04881694 0.29195863 0.14369060 0.28942293 0.10468413 0.19047000 0.12697431 0.09865436 0.04607667
1.65780525 0.01906923 0.00434742 0.01954353 0.06208982 0.28947849 0.13702020 0.28804090 0.10374130 0.18812971 0.13519335 0.09689944 0.05517886
1.65542423 0.01550770 0.00486182 0.01708876 0.05611842 0.29074108 0.13821356 0.29019327 0.10581947 0.17946219 0.13162777 0.09408002 0.04636208
1.63909473 0.01464498 0.00634545 0.01488687 0.08734015 0.29132519 0.14081878 0.28906589 0.10775708 0.18114056 0.13082833 0.10664256 0.04357030
1.62910415 0.01574300 0.00487299 0.01595293 0.08026093 0.29071771 0.13463377 0.29247598 0.10728295 0.18127865 0.13602584 0.09471974 0.04263764
1.61737695 0.00978270 0.00565364 0.01132892 0.07663365 0.28812678 0.13789106 0.28790783 0.10624830 0.17663549 0.13081460 0.10594001 0.05175421
1.61631115 0.00612421 0.00622348 0.00580555 0.04538243 0.28822033 0.13171020 0.29164315 0.11336011 0.18356331 0.13039808 0.09478105 0.04947684
1.61247811 0.01568196 0.00454709 0.01693970 0.06373299 0.28971106 0.13830944 0.28981903 0.09839465 0.18408960 0.12834833 0.09485920 0.05028246
1.61021134 0.01747032 0.00533644 0.01696049 0.06804158 0.29100546 0.14771725 0.29037807 0.09322405 0.19361399 0.12394435 0.09146118 0.04202525
1.61113789 0.01176517 0.00446024 0.01285091 0.07595216 0.29417452 0.14432082 0.29183909 0.09611235 0.20083217 0.11684012 0.09738295 0.05345985
1.59585234 0.01828304 0.00578294 0.02039787 0.07119220 0.29379161 0.14321468 0.29176890 0.09874397 0.20278216 0.12301537 0.09202291 0.04397971
1.59337789 0.01603220 0.00344257 0.01445391 0.07457788 0.29398054 0.14195628 0.29424844 0.09223517 0.19762324 0.12515870 0.09158866 0.05764786
1.59228185 0.00645766 0.00311207 0.00689342 0.06585030 0.29595995 0.14389056 0.29275486 0.08746002 0.19449349 0.12663331 0.09171614 0.04525426
1.58597441 0.00898990 0.00353050 0.00821071 0.05228126 0.29499914 0.14461917 0.29671327 0.09556570 0.18948829 0.12441702 0.09262035 0.04764246
1.58415417 0.01400352 0.00426988 0.01619018 0.08083383 0.29359528 0.13867146 0.29269517 0.09822527 0.18777591 0.11920001 0.09544047 0.04706221
1.57576117 0.01373766 0.00454985 0.01384269 0.06889937 0.29419851 0.13655890 0.29859720 0.09834950 0.18394680 0.12806684 0.09502423 0.04764293
1.56912816 0.00906109 0.00517243 0.00951557 0.07524029 0.29630755 0.14165707 0.29331509 0.10327607 0.18235299 0.12064513 0.09710321 0.04328848
1.55198491 0.01117640 0.00524040 0.01161085 0.06304117 0.29308796 0.13621945 0.29226497 0.10441911 0.17950211 0.12887663 0.10493691 0.04190256
1.55342885 0.00863295 0.00448585 0.00774072 0.07353748 0.29845296 0.14751474 0.29676968 0.10372590 0.17578981 0.13262891 0.09477293 0.04095535
1.54992644 0.01224055 0.00522442 0.01349726 0.05897728 0.29535236 0.14803828 0.29179186 0.10709087 0.17273595 0.13057091 0.10525220 0.04140051
1.53741499 0.01712217 0.00482811 0.01711358 0.09107010 0.29498839 0.14226408 0.29466982 0.10051433 0.18038497 0.13709880 0.10042564 0.04098123
1.53967296 0.01570321 0.00493215 0.01786378 0.08577643 0.29858995 0.14242655 0.29425568 0.10366181 0.18224206 0.12943801 0.09270432 0.03916108
1.51775050 0.01469994 0.00405633 0.01836574 0.10342722 0.29598253 0.14221958 0.29731004 0.09703511 0.17414963 0.12680151 0.10022126 0.06260174
1.50120058 0.01316786 0.00605342 0.01473822 0.10192801 0.30226095 0.14605225 0.29950420 0.09137224 0.18181332 0.13045894 0.09184288 0.04585671
1.50161564 0.01117350 0.00437300 0.01451595 0.07414820 0.30015627 0.15017490 0.29552806 0.09581042 0.18160520 0.12226145 0.10569687 0.06219728
1.49848296 0.00917429 0.00495577 0.01083206 0.06385288 0.30145928 0.14501830 0.30076934 0.08696358 0.18096097 0.12445749 0.09585192 0.06755847
1.48568765 0.00817467 0.00508453 0.01288903 0.07689172 0.30077993 0.14619613 0.29604654 0.08403743 0.17925070 0.12910311 0.10018428 0.06843204
1.47427952 0.01410071 0.00602674 0.01615839 0.07685252 0.29907124 0.14097682 0.29533002 0.09303152 0.18043765 0.11654880 0.10308095 0.07023942
1.46922887 0.01443879 0.00515600 0.01411395 0.08981418 0.30158123 0.14684912 0.29557383 0.08804728 0.17556711 0.12557071 0.09923518 0.06127622
1.47157288 0.01247598 0.00446626 0.01414441 0.07128335 0.30005795 0.14316223 0.29692657 0.09599340 0.16709002 0.12265142 0.09989145 0.05580396
1.45121990 0.01411296 0.00519298 0.01518738 0.07072173 0.29960477 0.14589538 0.29915573 0.09446824 0.16292737 0.11591463 0.10336332 0.05958942
1.43981159 0.01448946 0.00507232 0.01454801 0.06357955 0.30030105 0.14671000 0.30010811 0.09290490 0.16504381 0.11895141 0.09943871 0.05413728
1.43901785 0.01032012 0.00483955 0.00795185 0.07994304 0.29756152 0.13560917 0.30102342 0.09942511 0.16703712 0.12224199 0.10055384 0.04857908
1.42549687 0.01491445 0.00424805 0.01692923 0.08427826 0.30225908 0.14236335 0.30073432 0.08931737 0.16415383 0.11828653 0.09591320 0.05557037
1.40855245 0.01443479 0.00442979 0.01480868 0.06198597 0.30275718 0.13687334 0.30113582 0.08927934 0.16648605 0.11668632 0.09369769 0.05228940
1.40242523 0.00733828 0.00447696 0.00833663 0.05135085 0.30083821 0.14239641 0.30173733 0.08791037 0.16295518 0.11486866 0.10242761 0.05286035
1.40307735 0.00748506 0.00441745 0.01070957 0.06160873 0.30492993 0.14245242 0.30308603 0.09010168 0.16223357 0.11434261 0.09525294 0.05108937
1.39417947 0.00706182 0.00439403 0.00745834 0.04886002 0.29893844 0.13843664 0.29632904 0.09088156 0.16081292 0.11690510 0.10745907 0.06050878
1.38882399 0.01039035 0.00468234 0.01126999 0.04355574 0.30265898 0.14600288 0.29777243 0.08961797 0.16461433 0.11877124 0.09511014 0.04663260
1.38857559 0.01211076 0.00446222 0.01260841 0.07681211 0.30101671 0.14331746 0.29888918 0.09208342 0.16685540 0.11384830 0.10090741 0.04703998
1.37654251 0.01220178 0.00457071 0.01136657 0.08037166 0.29916541 0.14224550 0.29821807 0.08724012 0.16761423 0.11724754 0.09727536 0.04977287
1.36527552 0.01191266 0.00533772 0.01284513 0.06170876 0.30319462 0.14279247 0.30100887 0.08933023 0.16842885 0.11976357 0.09851537 0.04913976
1.36571982 0.00985283 0.00406681 0.01277367 0.07291686 0.30096331 0.14542249 0.30238153 0.08494405 0.16603158 0.11477395 0.09932765 0.04505983
1.36368371 0.01557265 0.00442006 0.01646986 0.08563836 0.30281855 0.13737606 0.30394323 0.08898138 0.17259385 0.11780915 0.09545548 0.04141470
1.34973174 0.00916017 0.00443979 0.00961860 0.08927416 0.30509489 0.13793028 0.30231958 0.09071853 0.17759884 0.11417941 0.09897989 0.05208815
1.34062481 0.01383664 0.00416618 0.01993739 0.08574163 0.30247664 0.14342556 0.30181237 0.09164079 0.18445231 0.10884308 0.09611295 0.05506763
1.33217124 0.01505725 0.00385017 0.01843477 0.09551530 0.30813039 0.14651302 0.30124186 0.08316999 0.17984913 0.11033185 0.09391383 0.06040819
1.33284291 0.01265532 0.00380942 0.01181131 0.08086511 0.30452328 0.14160373 0.30432641 0.08760829 0.17465507 0.11035834 0.09599091 0.04678422
1.33619681 0.01012680 0.00385537 0.01122634 0.08231447 0.30655460 0.13696578 0.30211258 0.08707754 0.17500285 0.11465517 0.10089886 0.05769911
1.31420339 0.01347920 0.00355231 0.01316124 0.08304828 0.30840499 0.13725540 0.30218696 0.08555687 0.17413590 0.11880323 0.09532773 0.04876495
1.30995435 0.01120080 0.00358775 0.01258572 0.06990301 0.30603460 0.14449670 0.30287046 0.09262617 0.16917267 0.11470450 0.09551835 0.07716393
1.28826486 0.01213208 0.00506973 0.01256367 0.07147248 0.31056593 0.14071938 0.30277729 0.09290812 0.16376617 0.11882548 0.09827130 0.04645707
1.28386331 0.01071101 0.00386923 0.01304874 0.06475108 0.30675237 0.13905076 0.30569156 0.09166726 0.15595344 0.11898984 0.09664385 0.06789816
1.27645185 0.00847709 0.00394879 0.01056710 0.05974538 0.30848450 0.14230745 0.30321737 0.10295425 0.14929725 0.11893646 0.09604108 0.04648772
1.27032658 0.01207596 0.00547034 0.01435027 0.05018885 0.30837222 0.14201234 0.30715981 0.08755166 0.14804977 0.12170375 0.10118409 0.06060763
1.25440182 0.00863509 0.00382268 0.01146696 0.05402922 0.30697019 0.14289361 0.30524081 0.08858411 0.15026137 0.12102896 0.09580257 0.05504893
1.24855968 0.01586970 0.00331625 0.01537790 0.05397597 0.30863947 0.15151104 0.30484317 0.08257432 0.15058521 0.12163882 0.09641404 0.05000587
1.21883886 0.01557319 0.00355044 0.01480258 0.07023354 0.30819158 0.15174378 0.30658970 0.09238991 0.14786985 0.12409757 0.09620664 0.05006579
1.21247011 0.01333441 0.00348364 0.01622392 0.08203112 0.30662077 0.15118320 0.30572321 0.08474832 0.15577279 0.11232573 0.09934433 0.04685580
1.21316704 0.01301149 0.00408247 0.01540768 0.06758318 0.31113871 0.14357408 0.30867809 0.08221691 0.16348074 0.11194183 0.09263310 0.05190168
1.21088038 0.01274875 0.00387712 0.01310629 0.06307591 0.30537151 0.14815610 0.30582644 0.08429702 0.17067277 0.11310490 0.09637271 0.05401262
1.20440400 0.01436521 0.00385065 0.01836152 0.05383964 0.30934509 0.14705687 0.30874572 0.07858799 0.17231369 0.11362394 0.09760059 0.04918947
1.20115157 0.01057261 0.00526698 0.01213999 0.06374423 0.30560597 0.15878504 0.30669513 0.07596846 0.17746334 0.10671527 0.09246758 0.06526691
1.18990183 0.01361764 0.00325183 0.01492953 0.07667154 0.30648617 0.15846513 0.30907659 0.07211420 0.17655987 0.11910549 0.09411016 0.05507364
1.18656488 0.00813092 0.00349131 0.00691753 0.07003080 0.30498789 0.14535385 0.31010907 0.07835196 0.18064076 0.10923987 0.09280402 0.05821577
1.17848050 0.00887491 0.00478528 0.00852633 0.07893514 0.30613245 0.14183614 0.31141047 0.08109282 0.17821043 0.10719886 0.09339500 0.06522973
1.16098518 0.00624141 0.00325075 0.00966356 0.06448363 0.30661780 0.14123350 0.30820584 0.07737788 0.17614300 0.11771470 0.09910237 0.05917738
1.15628455 0.00979506 0.00330948 0.01237566 0.05815269 0.30499929 0.15409660 0.30737922 0.07824079 0.16980965 0.11409764 0.09348196 0.04474746
1.14184867 0.01383546 0.00333705 0.01556151 0.06089693 0.30678403 0.15532016 0.31065833 0.08429788 0.16309520 0.11352340 0.09511584 0.05665135
1.12770478 0.00775283 0.00359319 0.00680152 0.05432354 0.30643786 0.14906251 0.30821763 0.08333516 0.15784701 0.11554122 0.09504100 0.04782070
1.12796323 0.00566316 0.00435192 0.00663201 0.08258062 0.30851444 0.15107473 0.31066629 0.08850858 0.15686208 0.11818869 0.10426887 0.04266277
1.11111941 0.00791316 0.00323685 0.00990197 0.05102403 0.30753857 0.14163643 0.31290150 0.09377898 0.15208128 0.12780405 0.09545300 0.04668117
1.11066484 0.00874522 0.00359710 0.00845821 0.06243091 0.30910568 0.14354523 0.31092336 0.10413070 0.14972852 0.12072751 0.09663906 0.04503851
1.10591939 0.00932442 0.00378130 0.00644743 0.05654775 0.30625035 0.14240263 0.31181443 0.09127183 0.14505054 0.12248167 0.09335174 0.04646142
1.10315908 0.01258529 0.00362342 0.01538460 0.05980864 0.30920821 0.14795181 0.31270247 0.09590286 0.15154724 0.12460482 0.09062349 0.04573383
1.09570087 0.01173860 0.00378905 0.01304780 0.06847824 0.30757473 0.15364653 0.31183076 0.10287817 0.15115295 0.11351297 0.09532073 0.04720647
1.09807305 0.00695185 0.00412964 0.00803170 0.05104728 0.30843893 0.14507761 0.31191399 0.08073417 0.15792889 0.12480909 0.09517499 0.04493443
1.09960898 0.00757488 0.00411894 0.00684594 0.04812557 0.30947181 0.14616266 0.31083879 0.08203438 0.16435467 0.11629921 0.09228837 0.05615478
1.09722774 0.01784410 0.00380050 0.01848695 0.03859688 0.30766685 0.14115258 0.31004122 0.08449110 0.17148973 0.10915143 0.09600809 0.04925257
1.09173931 0.00774210 0.00497403 0.00624465 0.04284657 0.30932464 0.13979429 0.30832394 0.08386803 0.18224482 0.11471648 0.09950267 0.05230242
1.08640973 0.01041928 0.00533572 0.00872083 0.03889639 0.30616379 0.14649030 0.31043145 0.08033897 0.18435301 0.10510588 0.09591515 0.05113783
1.08002364 0.01157094 0.00545041 0.01320053 0.05095303 0.30964288 0.13540968 0.30924532 0.07985558 0.17949734 0.11190279 0.09667312 0.06325054
1.08283480 0.00745711 0.00465354 0.01047471 0.04345242 0.30583182 0.14094025 0.30994564 0.08463206 0.17645372 0.09688481 0.09422131 0.06203300
1.07859500 0.01109139 0.00306491 0.01335205 0.03972106 0.30894161 0.13268826 0.31094489 0.07705249 0.17351524 0.11067095 0.09035104 0.07343905
1.07767098 0.01902819 0.00343708 0.02025650 0.03899119 0.30771669 0.14593067 0.31160413 0.07733797 0.16557433 0.11020410 0.08980357 0.06061932
1.07534791 0.00550559 0.00512656 0.00781425 0.01710217 0.30783321 0.14602384 0.31388373 0.08720128 0.16606364 0.11482898 0.09885866 0.06423850
1.07021869 0.01047540 0.00514309 0.01081192 0.06385522 0.30747983 0.14367529 0.31337608 0.08178613 0.15647442 0.11590214 0.10075136 0.04925481
1.06592952 0.01400540 0.00378798 0.01442731 0.05281534 0.30989572 0.14654895 0.31203223 0.08992563 0.15322232 0.10796113 0.10074963 0.05666321
1.05968663 0.01417522 0.00381721 0.01578620 0.07441475 0.30770394 0.14559285 0.31312289 0.09094618 0.14388396 0.11966078 0.09631727 0.05409750
1.05516743 0.01080755 0.00334264 0.01510546 0.07226647 0.31135180 0.14441994 0.31493566 0.08333655 0.13949441 0.11578168 0.10513573 0.06226300
1.05930288 0.01430924 0.00297344 0.01301416 0.06004530 0.30999393 0.14112570 0.31306328 0.09225323 0.13782707 0.12101883 0.09983318 0.05839489
1.05380578 0.01037045 0.00433530 0.00988677 0.06719461 0.31069238 0.14247340 0.31597655 0.09637201 0.14013293 0.11337579 0.09910901 0.05559175
1.05605869 0.00955194 0.00579486 0.01068955 0.07334258 0.31193981 0.13902750 0.31369422 0.10144381 0.14604368 0.11531612 0.09807541 0.04083371
1.05627621 0.01177798 0.00496917 0.01411098 0.06976305 0.31204685 0.13919880 0.31581811 0.08310043 0.14894370 0.12087597 0.09533783 0.05992358
1.04300627 0.00777647 0.00426082 0.00727850 0.06385037 0.31235647 0.14611716 0.31519475 0.08816801 0.14388787 0.12001616 0.09439466 0.04245222
1.04110522 0.00923701 0.00332989 0.01215995 0.07224015 0.31436378 0.13725964 0.31608166 0.08753298 0.14877168 0.10845725 0.09351151 0.05755218
1.03889433 0.01260021 0.00344853 0.01178167 0.05181485 0.31027623 0.13848523 0.31530465 0.09170089 0.15236703 0.10708779 0.09120003 0.05024286
1.03530734 0.01744783 0.00464724 0.01717457 0.05418912 0.31234609 0.13785060 0.31404686 0.07917194 0.16529135 0.11463869 0.09115644 0.04251180
1.02349886 0.01245512 0.00342759 0.01194527 0.07105046 0.31072164 0.13285308 0.31421360 0.08026235 0.16283427 0.11051901 0.10268279 0.04756670
1.01933363 0.01272496 0.00380627 0.01472211 0.08367991 0.30919185 0.14079001 0.31499174 0.07089416 0.15887892 0.10910449 0.09368723 0.04086063
1.01971013 0.01400848 0.00359828 0.01324794 0.07025286 0.31140990 0.14157701 0.31515545 0.07656327 0.15869364 0.10199986 0.09807451 0.04448852
1.00846585 0.01774865 0.00357878 0.01672363 0.04491893 0.30815443 0.13546544 0.31586127 0.07744205 0.15641344 0.10522186 0.09476204 0.04472284
1.00220246 0.00968480 0.00364163 0.01188157 0.04790357 0.31531337 0.13872101 0.31905173 0.07544783 0.15126170 0.10890368 0.09092008 0.04971880
1.00321288 0.00846428 0.00379770 0.00871963 0.02739911 0.30998330 0.13478844 0.31696726 0.08715572 0.14526889 0.10595619 0.09904144 0.05599642
0.99796334 0.01550029 0.00396642 0.01584203 0.06191564 0.31481115 0.13887270 0.31941553 0.07832562 0.14323393 0.10623826 0.09606572 0.04065072
0.99074628 0.01435738 0.00546846 0.01290648 0.07153749 0.31052942 0.13300074 0.31908522 0.08821713 0.14263890 0.11142056 0.09810392 0.04745234
0.99120743 0.01334209 0.00426568 0.01395715 0.07661119 0.31100772 0.13422063 0.31568552 0.08361698 0.13509887 0.11322801 0.09278423 0.03949926
0.98917258 0.00855075 0.00393614 0.00676765 0.05371154 0.31382232 0.13937337 0.31977215 0.09311726 0.13402274 0.12002349 0.09896448 0.04098332
0.97331243 0.00886403 0.00396624 0.00864750 0.07395767 0.31152807 0.13532952 0.31584637 0.09148160 0.12853069 0.12128216 0.09403190 0.04053939
0.97525557 0.00984274 0.00567724 0.00844266 0.05222183 0.31444491 0.14211095 0.31724901 0.08836563 0.13005778 0.11759271 0.10512180 0.04841795
0.96593845 0.01420241 0.00435218 0.01585266 0.05126685 0.31713072 0.13303237 0.31629246 0.08231673 0.13152656 0.11623768 0.09369473 0.04491021
0.96478971 0.01085710 0.00377135 0.01134496 0.05582218 0.31586309 0.14064650 0.31674467 0.08712644 0.12943537 0.10744942 0.09544003 0.06111868
0.95917354 0.01071676 0.00552930 0.01029247 0.05518951 0.31771012 0.14608913 0.31946359 0.08319944 0.13021207 0.10636832 0.09688855 0.03951585
0.95636768 0.00683126 0.00371252 0.00732295 0.05274464 0.31378597 0.13731786 0.31726984 0.07317420 0.13631324 0.11418863 0.10257862 0.04423438
0.94555497 0.01419100 0.00374800 0.01398344 0.06796359 0.31607392 0.13910073 0.32157616 0.08292502 0.14289776 0.10615240 0.09077003 0.04409549
0.93532299 0.01081699 0.00365574 0.01153308 0.06179647 0.31485822 0.12392656 0.31841696 0.07720053 0.14833722 0.10847403 0.09374616 0.05112115
0.92723400 0.01116195 0.00406268 0.01330515 0.05060149 0.31719524 0.13235614 0.31768838 0.07646785 0.14608867 0.10524319 0.08941916 0.04914000
0.91923351 0.00725891 0.00402244 0.01056564 0.07360507 0.31480327 0.13188719 0.31547095 0.07645804 0.14637851 0.10324278 0.09313674 0.04644995
0.90410814 0.00957433 0.00442811 0.00934318 0.08142650 0.31526718 0.12972265 0.31520477 0.07330816 0.14388801 0.10558252 0.09216926 0.04898438
0.90723644 0.00856865 0.00373543 0.01215793 0.06241739 0.31317167 0.13412479 0.31421773 0.06858584 0.14432433 0.10000427 0.09686293 0.06475429
0.90578882 0.01143484 0.00342575 0.01408457 0.05862581 0.31520260 0.13496308 0.31879209 0.07901704 0.13863532 0.10190185 0.09213726 0.05522185
0.89190507 0.01695848 0.00343230 0.01768459 0.06401233 0.31309500 0.13992881 0.31749210 0.08176403 0.13906109 0.10081336 0.08842694 0.05161831
0.88845837 0.01165762 0.00409187 0.01022698 0.07455055 0.31391175 0.13892424 0.31888305 0.07580045 0.13112727 0.10625147 0.09554080 0.05096612
0.89027681 0.01559360 0.00356379 0.01618833 0.08246504 0.31523385 0.12878040 0.32094361 0.07716361 0.13543232 0.11389911 0.09067858 0.06828773
0.88758906 0.00813386 0.00334484 0.00700461 0.04533034 0.31659598 0.13760328 0.31934112 0.09041398 0.13527749 0.10946991 0.09201477 0.04800956
0.86857881 0.01043601 0.00298755 0.00928282 0.03617999 0.31722936 0.13609126 0.32251591 0.08977992 0.13472172 0.11897739 0.09379087 0.06015958
0.87176637 0.00611297 0.00324107 0.00737503 0.04092843 0.31808670 0.14958460 0.31887433 0.08171538 0.13748377 0.11476368 0.09162240 0.04083938
0.87335558 0.01006667 0.00315927 0.01166517 0.04892762 0.31952184 0.14354693 0.31714935 0.07768244 0.13673187 0.10942703 0.09225372 0.04566907
0.86562990 0.00788402 0.00332837 0.00785775 0.06168083 0.31863189 0.13387089 0.31697126 0.07279183 0.14353468 0.11154279 0.09377602 0.04548025
0.86048613 0.00630573 0.00325179 0.00596686 0.05891560 0.31859665 0.14762129 0.31562484 0.08350917 0.14701302 0.10018504 0.09235942 0.03899745
0.83812101 0.00587714 0.00286502 0.00745019 0.03673992 0.31774804 0.13027300 0.32072109 0.06779238 0.14996747 0.11328229 0.08868764 0.07283882
0.83606236 0.00590956 0.00271302 0.00639581 0.04313215 0.31787983 0.13728362 0.31825117 0.07391537 0.14893551 0.11250013 0.09056479 0.03979256
0.82784198 0.01097874 0.00317253 0.01095175 0.02284478 0.31728960 0.13482527 0.31994034 0.07355742 0.14833015 0.10359513 0.08836213 0.05384289
0.82385691 0.00841287 0.00316664 0.00897757 0.02624899 0.31792858 0.13020283 0.32121124 0.07738504 0.14563511 0.10720895 0.09043366 0.03920964
0.82654118 0.00629449 0.00341635 0.00863282 0.03942664 0.31738655 0.13750168 0.31815759 0.07377220 0.14132464 0.10501411 0.08950110 0.04334235
0.81302149 0.01179926 0.00328157 0.01227063 0.02519815 0.31821065 0.12915967 0.31793105 0.08038762 0.14037252 0.11154895 0.09743499 0.03957099
0.80666065 0.00796280 0.00335589 0.00912086 0.04901387 0.31653181 0.13579380 0.31898684 0.07819231 0.13973031 0.10245929 0.08864220 0.03732124
0.80788726 0.00847743 0.00281769 0.00701499 0.08397811 0.31933102 0.12932098 0.31681719 0.07956849 0.13468740 0.10312885 0.09264517 0.03824217
0.80228539 0.01199867 0.00253806 0.00993473 0.04915550 0.31996272 0.13319085 0.32058094 0.09288942 0.12780384 0.11088299 0.09152491 0.04047066
0.79493453 0.01013139 0.00288386 0.01080418 0.03795604 0.32021824 0.14935476 0.32034227 0.07722258 0.12985446 0.10646705 0.09163951 0.04970463
0.79449190 0.00468985 0.00262548 0.00758494 0.04887985 0.31960081 0.13110404 0.31983910 0.07651829 0.12892429 0.11628250 0.09024769 0.05885427
0.78645218 0.00723389 0.00295518 0.00715764 0.04322678 0.32038849 0.14147011 0.32242588 0.07452136 0.13447497 0.10555977 0.09033475 0.04215879
0.77847803 0.00486286 0.00345211 0.00454016 0.04295160 0.32200800 0.12677007 0.32192348 0.08108769 0.13406516 0.10923320 0.08796680 0.04614544
0.77450967 0.00398852 0.00342020 0.00341791 0.04632491 0.32008164 0.13258645 0.32212980 0.07877428 0.13025883 0.11040558 0.09448256 0.03753747
0.77178790 0.00437269 0.00397656 0.00101441 0.00418243 0.32121248 0.13690539 0.32175545 0.08463815 0.13048346 0.10550692 0.09087051 0.03655086
0.77002351 0.00798938 0.00304750 0.00695362 0.07540041 0.32292565 0.12560596 0.31956903 0.07596774 0.12623365 0.11742282 0.09056565 0.03930766
0.76839264 0.00863955 0.00259066 0.00852161 0.06050009 0.32267264 0.13447023 0.32067609 0.08438616 0.12812404 0.10762194 0.09200505 0.03794407
0.76627176 0.01873753 0.00263779 0.02150977 0.06606857 0.32333562 0.12823202 0.32064332 0.07898962 0.13384968 0.10253168 0.09282090 0.03899947
0.75610288 0.00865734 0.00269876 0.00858416 0.04520341 0.32154470 0.14566455 0.32121718 0.07701517 0.14088266 0.10664260 0.09145557 0.04204528
0.75099193 0.00795598 0.00346708 0.00728697 0.04618930 0.32326790 0.12765074 0.32239280 0.07375037 0.14756223 0.10950199 0.08962731 0.04412766
0.74784616 0.01053181 0.00289108 0.01338954 0.05664468 0.32202472 0.12579244 0.32064119 0.07941223 0.14409618 0.10718404 0.08843819 0.04467159
0.75224487 0.00705641 0.00322275 0.00718615 0.06300755 0.32506464 0.13450957 0.32452307 0.07186455 0.14632468 0.10673346 0.08948626 0.05561685
0.74388329 0.01246052 0.00269396 0.01459018 0.06038592 0.32312525 0.13999684 0.32282685 0.06743449 0.14519270 0.09686932 0.09069416 0.03930221
0.73506942 0.01131560 0.00296891 0.01246134 0.07151281 0.32336994 0.13865095 0.32292518 0.06212063 0.14620506 0.09595888 0.09066447 0.05000095
0.72334669 0.01386502 0.00284808 0.01645161 0.05966643 0.32549378 0.13416036 0.32298165 0.06428254 0.14639551 0.09492253 0.09328259 0.05466255
0.71954660 0.00837941 0.00249957 0.00990373 0.06166980 0.32545316 0.12323616 0.32154356 0.07248784 0.13880706 0.09909199 0.09034450 0.05332350
0.71958677 0.00521438 0.00273171 0.00698700 0.04517975 0.32513964 0.13489832 0.32181961 0.07264615 0.13053810 0.10297285 0.08901662 0.04132738
0.70799461 0.00401498 0.00253486 0.00393202 0.02779222 0.32435024 0.12888983 0.32436943 0.07405660 0.12191327 0.10319302 0.09085308 0.05210988
0.70430798 0.00560569 0.00230180 0.00453734 0.04959052 0.32569549 0.13859801 0.32192791 0.07650904 0.11879434 0.10412971 0.08965693 0.04172556
0.69887307 0.00583152 0.00239137 0.00529580 0.04618538 0.32319080 0.13597599 0.32339621 0.08338850 0.11331055 0.10604127 0.09400693 0.03857819
0.69057830 0.00626445 0.00292661 0.00822736 0.03248717 0.32438422 0.12799357 0.32459911 0.07558290 0.12259764 0.10952486 0.08840294 0.03946841
0.69652561 0.00443031 0.00236526 0.00309807 0.04472945 0.32282987 0.13643983 0.32414253 0.07844743 0.12380771 0.10504295 0.09249594 0.03840923
0.69640424 0.00505529 0.00322228 0.00535240 0.04330621 0.32315500 0.12325896 0.32684105 0.07340128 0.13379196 0.10169896 0.08591580 0.03796661
0.69251859 0.00383859 0.00250534 0.00603288 0.02708315 0.32384220 0.12731631 0.32647853 0.07193648 0.13534414 0.11021822 0.08760636 0.05371053
0.68889486 0.00706829 0.00239679 0.00667332 0.01981644 0.32346878 0.12780706 0.32564322 0.07050984 0.13387395 0.09429249 0.08791080 0.04063229
0.68441252 0.00741409 0.00210953 0.00616564 0.05879928 0.32315595 0.12413052 0.32560854 0.07315792 0.13228130 0.10218608 0.09920512 0.04198808
0.66729905 0.00423289 0.00258366 0.00608414 0.05173644 0.32252485 0.13534100 0.32557664 0.06776697 0.13445253 0.10779828 0.08864378 0.03666676
0.66856699 0.00418669 0.00220352 0.00556340 0.04721797 0.32245675 0.13631535 0.32407948 0.07173396 0.13561000 0.10104079 0.09198575 0.03640888
0.66176074 0.00450021 0.00233716 0.00757281 0.03825538 0.32402237 0.13538983 0.32535666 0.08153422 0.13943592 0.10346584 0.08931986 0.03995049
0.65846838 0.01234023 0.00233566 0.01217621 0.04211011 0.32258002 0.12601382 0.32534372 0.07180357 0.13761477 0.10470822 0.08798850 0.03880751
0.65310846 0.01124105 0.00165544 0.01157291 0.06039025 0.32352105 0.12770787 0.32770008 0.07742716 0.13832041 0.09950874 0.08936170 0.04005325
0.64442190 0.00526905 0.00195811 0.00627924 0.04913857 0.32428861 0.13394460 0.32807495 0.07037039 0.13466211 0.10228406 0.08792930 0.03669037
0.63871550 0.01768328 0.00184108 0.01687347 0.05128184 0.32506330 0.13235421 0.32792749 0.07322652 0.12978776 0.09891236 0.08823716 0.03759244
0.62843049 0.01754398 0.00200747 0.01650418 0.06786182 0.32440445 0.13022866 0.32853122 0.06657303 0.12924823 0.09732694 0.08714263 0.04628261
0.63886486 0.01186360 0.00195711 0.01369308 0.07811703 0.32441014 0.13100518 0.32663470 0.06769137 0.12569404 0.10409582 0.09105206 0.04935574
0.64092310 0.00817676 0.00183236 0.01032607 0.06511959 0.32549678 0.12601343 0.32830872 0.07297090 0.12077299 0.09823332 0.08915646 0.04000574
0.63517049 0.01032721 0.00185041 0.01153306 0.07723049 0.32414667 0.12945369 0.32775373 0.06907837 0.11741381 0.09533223 0.09025933 0.04859681
0.62867743 0.01683225 0.00181187 0.01738496 0.05563957 0.32772435 0.13098378 0.32758174 0.07247944 0.11884889 0.09796663 0.09056080 0.03846693
0.62660043 0.00768586 0.00203919 0.00989875 0.05713290 0.32553835 0.13096519 0.32832144 0.08098019 0.12118333 0.10028464 0.08727841 0.04803283
0.61941518 0.00936703 0.00219134 0.01166752 0.07595716 0.32591825 0.13061145 0.32778533 0.06717540 0.11572669 0.09656984 0.08842952 0.04906066
0.61021693 0.01534083 0.00149655 0.01889616 0.07559167 0.32610684 0.12491318 0.32984482 0.06460939 0.12148974 0.09540689 0.08704394 0.04801166
0.60526144 0.01185099 0.00184228 0.01484631 0.07146650 0.32706399 0.13639579 0.33010644 0.07768553 0.12002349 0.08908190 0.08899093 0.04395238
0.60510811 0.00729737 0.00187631 0.01200333 0.06376881 0.32740701 0.13324876 0.32925364 0.06529871 0.12518026 0.10031873 0.08790693 0.04894853
0.59853623 0.00894576 0.00216318 0.01087631 0.05258744 0.32684180 0.14308340 0.33014801 0.06342136 0.13087212 0.09868788 0.08640677 0.04440306
0.58992197 0.01352771 0.00203823 0.01615339 0.06063311 0.32618448 0.13593180 0.32790540 0.06298069 0.12856372 0.09928665 0.08858530 0.04787579
0.58996479 0.00874701 0.00253861 0.01049248 0.07039183 0.32691242 0.13055408 0.32915998 0.06849693 0.12438153 0.09758619 0.09014440 0.04183625
0.58564615 0.01264483 0.00297873 0.01253031 0.06772851 0.32568190 0.12535256 0.32847078 0.07856014 0.12399686 0.10219112 0.09340923 0.05031934
0.57664276 0.01044710 0.00249320 0.01386226 0.07539411 0.32608073 0.12811733 0.32762223 0.07311666 0.12083862 0.10296681 0.08941574 0.04383216
0.57909251 0.00528374 0.00161437 0.00461564 0.05130864 0.32683487 0.13170962 0.32845635 0.06902285 0.11878945 0.10282401 0.09004635 0.04043567
0.57517328 0.01342179 0.00263639 0.01373101 0.05891493 0.32524360 0.13027970 0.33037197 0.06352725 0.12065482 0.10238776 0.08874480 0.03587446
0.56349723 0.00363092 0.00480990 0.00382644 0.05137860 0.32671744 0.12244442 0.32948754 0.06985196 0.12163524 0.09386230 0.09423932 0.03742878
0.55587489 0.00846719 0.00287922 0.01215946 0.04956665 0.32605198 0.12540685 0.33091405 0.06348803 0.12555159 0.09938115 0.08951084 0.04560998
0.55604367 0.01180027 0.00252230 0.01344873 0.04669883 0.32857749 0.12675042 0.33077508 0.06171668 0.12301220 0.09052188 0.08569740 0.03567818
0.55375941 0.01327280 0.00156897 0.01107866 0.04347066 0.32543170 0.12044021 0.32821963 0.06187359 0.12096141 0.09329540 0.08458059 0.04092503
0.56291528 0.01167098 0.00223912 0.01231268 0.06851973 0.32964512 0.13063790 0.33004203 0.05812626 0.12360864 0.08791291 0.08541730 0.04517662
0.55291194 0.00973407 0.00184422 0.00887088 0.05078618 0.32510417 0.11765746 0.32740977 0.06500311 0.12587573 0.10404931 0.08721850 0.03851159
0.53293987 0.00705015 0.00341032 0.00802834 0.06923453 0.32787017 0.12178486 0.32783966 0.07022065 0.13432528 0.08405424 0.08815202 0.03959985
0.53117211 0.01310622 0.00346698 0.01577041 0.05227354 0.32606533 0.12017084 0.32820338 0.06118740 0.13215851 0.09025049 0.08770706 0.04428006
0.54150459 0.00857633 0.00285527 0.00721419 0.06024465 0.32764575 0.11903390 0.32818984 0.05967857 0.13206178 0.09450242 0.08801646 0.04305869
0.54144269 0.00606713 0.00290190 0.00839691 0.06024222 0.32605285 0.13020844 0.33166635 0.06028305 0.13334817 0.09364935 0.08585894 0.04575038
0.53972209 0.00553554 0.00194916 0.00613950 0.06869990 0.32687519 0.11611545 0.33216971 0.06169968 0.12964362 0.09653011 0.09575232 0.04211085
0.53937307 0.00702205 0.00309427 0.00893410 0.04836586 0.32479373 0.12257114 0.32951208 0.07382165 0.12476509 0.10188024 0.08700552 0.03874734
0.53342376 0.00636169 0.00238639 0.00737764 0.03630840 0.32680838 0.12066435 0.33125471 0.06987275 0.12002446 0.09655621 0.09014744 0.04924483
0.53193506 0.00450782 0.00239827 0.00416515 0.03455312 0.32576041 0.12334383 0.33028106 0.06495313 0.11648064 0.10260767 0.08525687 0.04992380
0.53667800 0.00404527 0.00253427 0.00580845 0.04410085 0.32697252 0.13546002 0.32878528 0.06493353 0.11933678 0.09643218 0.08773618 0.03834869
0.53464278 0.01384741 0.00214545 0.01485510 0.02925837 0.32798626 0.12764471 0.32983734 0.06721772 0.11892798 0.09706636 0.08678675 0.04825225
0.53023226 0.01471850 0.00152264 0.01418135 0.05940639 0.32775897 0.13041543 0.32864263 0.07665554 0.11795462 0.09342864 0.08803693 0.05624461
0.52313742 0.01148642 0.00211321 0.01509572 0.06645537 0.32891275 0.12810091 0.33074996 0.06264833 0.11658180 0.09937870 0.08699147 0.04586717
0.51385579 0.00835823 0.00183219 0.00709303 0.08844197 0.32802045 0.12446947 0.33097137 0.05864881 0.12446408 0.09923866 0.08949386 0.03900380
0.50873864 0.00742155 0.00213406 0.00892989 0.06043049 0.32744924 0.12836516 0.33144522 0.07017311 0.12116177 0.08822782 0.09025948 0.04220942
0.50710084 0.00876453 0.00388799 0.00616319 0.03715194 0.32821891 0.12765311 0.33196086 0.06964644 0.12629052 0.09283239 0.08800765 0.03740973
0.51944846 0.01345963 0.00253290 0.01146039 0.05499492 0.32851045 0.12652255 0.33085881 0.06205113 0.12177763 0.09536419 0.08613023 0.03864893
0.51775023 0.00984605 0.00194178 0.01127809 0.07036133 0.32762591 0.12528419 0.33014302 0.06179367 0.11930657 0.09568319 0.08552152 0.05573071
0.51744784 0.00527916 0.00175901 0.00790982 0.05316083 0.33148792 0.12530612 0.33119213 0.06492391 0.11822121 0.09943937 0.08718281 0.03606867
0.51289720 0.01938380 0.00171866 0.02002806 0.06354912 0.32694003 0.13472421 0.33059506 0.06984888 0.11267820 0.08358409 0.08857991 0.04941820
0.50680552 0.00674325 0.00198974 0.00901228 0.06165656 0.33196979 0.12062799 0.33101411 0.06409882 0.11250771 0.09969975 0.08759194 0.03772856
0.50299982 0.00775508 0.00192836 0.00664460 0.04866123 0.32832659 0.12826118 0.33016934 0.06474248 0.11245663 0.09388353 0.08653165 0.05448236
0.49711440 0.00968062 0.00427185 0.01048527 0.04314974 0.33019947 0.11852012 0.33018064 0.07292493 0.11484424 0.09714610 0.08567856 0.03770541
0.49772033 0.00546129 0.00242142 0.00719610 0.04122620 0.32829740 0.11994686 0.33068827 0.07255654 0.11613918 0.09986044 0.08669093 0.04532466
0.50393753 0.00916091 0.00224699 0.01267633 0.04343058 0.32923582 0.12750905 0.33157972 0.06631036 0.11680218 0.09333446 0.08887967 0.03797278
0.49854645 0.00912645 0.00190486 0.01108425 0.05585646 0.33001645 0.11876293 0.33292622 0.06172357 0.11288585 0.09944316 0.08594930 0.04308756
0.49736114 0.00397663 0.00446780 0.00761886 0.03720224 0.33010984 0.12736736 0.33160574 0.06155428 0.11411137 0.08551139 0.08875847 0.03874519
0.49322330 0.01000097 0.00175210 0.00977481 0.03305954 0.32810941 0.12163695 0.33026247 0.06653069 0.11620340 0.09082515 0.08913661 0.04607602
0.49174849 0.00453194 0.00305277 0.00562973 0.03385439 0.33061625 0.12894803 0.33257723 0.05661787 0.12538047 0.09166051 0.08467762 0.03669308
0.49165807 0.00564624 0.00166983 0.00439452 0.03266900 0.32774552 0.12550138 0.33039630 0.05404073 0.12681261 0.08871201 0.08851118 0.04786163
0.48907540 0.00735774 0.00359649 0.00734428 0.04124549 0.32949037 0.11726087 0.33117213 0.06249996 0.12866216 0.08911411 0.08574857 0.03540339
0.49072427 0.00655065 0.00187417 0.00437632 0.03093431 0.32843816 0.12010889 0.33121250 0.06446389 0.12509408 0.09699384 0.08643922 0.04337171
0.49162362 0.01125974 0.00144479 0.01491316 0.03979189 0.32871568 0.12773903 0.33116584 0.06780781 0.11782739 0.08861120 0.08581096 0.03475826
0.49096698 0.00388372 0.00316411 0.00541224 0.02742163 0.32994430 0.12631962 0.33195397 0.06910586 0.11351736 0.08872359 0.08737689 0.04495849
0.48961283 0.00387833 0.00185260 0.00233751 0.04377676 0.32843311 0.13016678 0.33252795 0.05447726 0.11505443 0.09720103 0.08540746 0.03568148
0.48724178 0.00384971 0.00253437 0.00404494 0.02796353 0.32871174 0.12139048 0.33150226 0.05565259 0.11436339 0.09165675 0.08650548 0.03514421
0.48448870 0.00858472 0.00226797 0.00857633 0.05122859 0.32827664 0.11991013 0.33182832 0.05754565 0.11378001 0.09126040 0.08300177 0.03809372
0.48431477 0.00291603 0.00189844 0.00235546 0.04373234 0.32728147 0.11879018 0.33076622 0.05695367 0.12194451 0.09274547 0.08407051 0.05057796
0.48273155 0.00388962 0.00173088 0.00234672 0.03409723 0.32846835 0.11595384 0.33153206 0.07009087 0.12346194 0.09090687 0.08591086 0.03361582
0.48165367 0.00497099 0.00175377 0.00557817 0.04010642 0.32716934 0.12413672 0.33070632 0.05886161 0.12276853 0.09252064 0.08628170 0.03342865
0.48507153 0.00243070 0.00196130 0.00280139 0.05602225 0.32768842 0.11929687 0.33085117 0.05465321 0.12027967 0.09093646 0.09087039 0.03323037
0.46612185 0.00600297 0.00177979 0.00951002 0.02225486 0.32869303 0.12867539 0.33340308 0.05315441 0.12042873 0.09187706 0.08533774 0.03720077
0.45105576 0.00338567 0.00194454 0.00211204 0.02427497 0.32818558 0.12687221 0.33179449 0.05879346 0.11983082 0.08505185 0.08527653 0.04379964
0.45147119 0.00841816 0.00172634 0.00930888 0.04053340 0.33163481 0.11754693 0.33321538 0.05583209 0.11855434 0.08850263 0.08583118 0.03743025
0.44549086 0.00916944 0.00166820 0.00711998 0.04779739 0.32939574 0.12053049 0.33395074 0.06035356 0.11340799 0.08681215 0.08719050 0.03521991
0.44010981 0.00865346 0.00165519 0.00556207 0.03168319 0.33095242 0.12299602 0.33289203 0.06479040 0.10851600 0.08592050 0.08422588 0.04279851
0.44141431 0.00843728 0.00157262 0.01071479 0.05829216 0.33072531 0.12414497 0.33370770 0.05586967 0.10228501 0.09417089 0.08554229 0.03664391
0.43482926 0.00538599 0.00214148 0.00603740 0.04407461 0.33110123 0.12837834 0.33368135 0.05507127 0.10424927 0.08937791 0.08626195 0.04864327
0.43183184 0.00523772 0.00146169 0.00755436 0.03719242 0.33020939 0.11753730 0.33336222 0.05970555 0.10122282 0.09341903 0.08884792 0.03491158
0.42005095 0.01099890 0.00221560 0.01329784 0.03838704 0.33224913 0.12162557 0.33375990 0.06694128 0.10116431 0.08471791 0.08796755 0.04034615
0.41209363 0.00894583 0.00390327 0.01030175 0.05057066 0.32921012 0.11483813 0.33238888 0.05395670 0.10230196 0.09027509 0.08842921 0.04757865
0.41689036 0.00502995 0.00363069 0.00453433 0.04642243 0.33347049 0.12246598 0.33283855 0.05851796 0.11922528 0.08601310 0.08625798 0.03626240
0.42206372 0.00773321 0.00245686 0.00617947 0.03582436 0.32886553 0.12262732 0.33401306 0.06575852 0.12000786 0.09287874 0.08640042 0.04468589
0.41990684 0.00956253 0.00267547 0.00883176 0.05447499 0.33170554 0.11888573 0.33445256 0.06373624 0.11696516 0.08828044 0.08718639 0.03732640
0.42026857 0.01024612 0.00175414 0.01272500 0.03530341 0.33074482 0.13338996 0.33364800 0.05720982 0.10917536 0.09686615 0.09044994 0.04051360
0.41400285 0.00634328 0.00145641 0.00696807 0.04056877 0.33081677 0.12609034 0.33465118 0.05519890 0.10364497 0.09524873 0.08321894 0.03960479
0.40821188 0.00453718 0.00144233 0.00214858 0.02158651 0.33034750 0.12536996 0.33287584 0.06500741 0.10402879 0.08465189 0.08531901 0.04962566
0.41013568 0.00653612 0.00166014 0.00435974 0.02408576 0.33144192 0.11386456 0.33363873 0.07040728 0.10151504 0.09089715 0.08649521 0.03798166
0.40961768 0.01123958 0.00172546 0.01236514 0.05262747 0.32986907 0.10990038 0.33346355 0.07051434 0.10145453 0.08817477 0.08712571 0.03754813
0.39887412 0.01090754 0.00233372 0.00922345 0.04038771 0.33354238 0.11445780 0.33351820 0.06784848 0.10152089 0.09089635 0.08689565 0.03955057
0.40286184 0.00532168 0.00202935 0.00521223 0.03384453 0.32938843 0.10673100 0.33387856 0.06618420 0.10190688 0.09136040 0.08383651 0.03229336
0.39906575 0.00326386 0.00172681 0.00512035 0.02671306 0.33399185 0.11594997 0.33260744 0.06506675 0.10272615 0.08608552 0.08376216 0.03061311
0.39472242 0.00347378 0.00200566 0.00181048 0.01761935 0.32967299 0.10488252 0.33351326 0.06285825 0.10281519 0.08768506 0.08360089 0.05363119
0.39128625 0.00795386 0.00316856 0.00887008 0.03825634 0.33207354 0.10725952 0.33370839 0.05936083 0.11233635 0.08139162 0.08417520 0.03295834
0.38721953 0.00858663 0.00403574 0.01159652 0.04972465 0.33070056 0.11239234 0.33352192 0.06204933 0.11322357 0.07934848 0.08161098 0.05098835
0.38729350 0.00379485 0.00349822 0.00736892 0.04680655 0.33247408 0.10961608 0.33240513 0.05367102 0.11295629 0.08130102 0.08540595 0.03453775
0.37452488 0.00689037 0.00330496 0.00998435 0.04805884 0.33006679 0.11443343 0.33225065 0.04988701 0.11372564 0.08469532 0.08382317 0.04295878
0.37483376 0.00352276 0.00220671 0.00472728 0.02986521 0.33213532 0.10847275 0.33238147 0.05159886 0.11547773 0.08457913 0.08736582 0.04283262
0.37674069 0.00363355 0.00451836 0.00518967 0.02553249 0.32981079 0.10513524 0.33127233 0.05738736 0.11490388 0.08224135 0.08753012 0.05009997
0.37784677 0.01007586 0.00266473 0.00909445 0.02414717 0.33292961 0.11027327 0.33304877 0.06010220 0.12426143 0.08459493 0.08241817 0.05683407
0.37448301 0.00775443 0.00277984 0.00835989 0.03480409 0.33148782 0.10708756 0.33203704 0.05880923 0.12068389 0.08877658 0.08535990 0.03059097
0.37407026 0.00891185 0.00250623 0.00705676 0.02869649 0.33214648 0.11120279 0.33484388 0.05726465 0.11972865 0.07636152 0.08665849 0.03944687
0.36756182 0.00889961 0.00119227 0.00880006 0.05357040 0.33353977 0.10099667 0.33405835 0.05334434 0.11471869 0.09371247 0.08594767 0.03074034
0.36804116 0.00885236 0.00138894 0.01048679 0.07399527 0.33049006 0.10289323 0.33451550 0.05709375 0.11225963 0.08626054 0.08368513 0.03218759
0.36632194 0.00766874 0.00146477 0.00655095 0.05318447 0.33317531 0.10745860 0.33382990 0.06340944 0.10942650 0.08461474 0.08200559 0.03057796
0.36271293 0.01017830 0.00187318 0.00709456 0.05099297 0.32972152 0.10268272 0.33256948 0.06684191 0.10668681 0.09239719 0.08230399 0.03075062
0.35708508 0.00642483 0.00196394 0.00754973 0.04788223 0.33153627 0.10750191 0.33377110 0.06614017 0.11144011 0.08062731 0.08483764 0.03329902
0.36317552 0.00546993 0.00142520 0.00770152 0.02972024 0.33171438 0.09729619 0.33315560 0.06075076 0.10979481 0.09305195 0.08347839 0.03295676
0.35769695 0.00596153 0.00182359 0.00825928 0.03476967 0.33100451 0.10691215 0.33490768 0.06295237 0.11477783 0.08191999 0.08295947 0.03011371
0.35416876 0.00905798 0.00166818 0.01268680 0.04232341 0.33206828 0.10633489 0.33268300 0.05909616 0.11113767 0.08737333 0.08127939 0.03108033
0.34980699 0.00855980 0.00224981 0.00973031 0.03440519 0.33279864 0.09877321 0.33480687 0.05855020 0.11147172 0.08382346 0.08303143 0.04754920
0.34925026 0.00726059 0.00204318 0.01079890 0.07796242 0.33282625 0.11076262 0.33457356 0.05801707 0.11279237 0.07736946 0.08279190 0.04684593
0.34624953 0.01327760 0.00100714 0.01034938 0.05415021 0.33487211 0.09839364 0.33586846 0.05299683 0.11272983 0.08617018 0.08673217 0.04575183
0.34395708 0.01534464 0.00168602 0.01866205 0.05873625 0.33260337 0.12135518 0.33460782 0.05722954 0.11792362 0.07606395 0.08188141 0.02829457
0.34175117 0.00408766 0.00190515 0.00588420 0.03863001 0.33345511 0.12146488 0.33349291 0.05696909 0.12413767 0.08175534 0.08230240 0.03634669
0.34093792 0.00529051 0.00358778 0.00602457 0.04136268 0.33135640 0.10847836 0.33408451 0.05360999 0.12672328 0.08608407 0.08733411 0.03271177
0.34133151 0.00552051 0.00150256 0.00476035 0.04379446 0.33270770 0.10522819 0.33304719 0.05369119 0.13000961 0.08780602 0.08679661 0.03238880
0.33706741 0.00722389 0.00137006 0.00641397 0.02693431 0.33167913 0.11038335 0.33355875 0.06262026 0.12729414 0.08456870 0.08604560 0.03234006
0.33424146 0.00344103 0.00140751 0.00315089 0.03315960 0.33244065 0.11007043 0.33361215 0.06373451 0.12537829 0.08513662 0.08425189 0.03102601
0.33416967 0.00328082 0.00156218 0.00644439 0.03558125 0.33167036 0.10917620 0.33420552 0.05389053 0.12705381 0.08477881 0.08128812 0.03209834
0.33482970 0.00747179 0.00202500 0.00860717 0.04085957 0.33296492 0.10544240 0.33414832 0.05460816 0.12080266 0.08625838 0.08353563 0.03223402
0.33493508 0.00586949 0.00211032 0.00469468 0.02742142 0.33112463 0.11339160 0.33529940 0.05889434 0.11919589 0.07561222 0.08392408 0.04063284
0.33629934 0.00264742 0.00162192 0.00501166 0.03091035 0.33351603 0.10565454 0.33621062 0.05295259 0.11550931 0.08865796 0.08318928 0.03173686
0.33731014 0.00169324 0.00098511 0.00192869 0.02435277 0.33093108 0.10856360 0.33330883 0.05599282 0.11245302 0.08286279 0.08025560 0.03194944
0.33707353 0.00691646 0.00112904 0.00036729 0.00809826 0.33288987 0.10575781 0.33573192 0.06223809 0.10947012 0.07777884 0.08457250 0.03022268
0.33763053 0.00434744 0.00104378 0.00326637 0.00434198 0.33245134 0.09941236 0.33346802 0.05964749 0.11013072 0.08918210 0.08374105 0.03828377
0.33657362 0.00144605 0.00142239 0.00104901 0.04455372 0.33352240 0.11066442 0.33432336 0.05919118 0.10755509 0.07326682 0.08546112 0.02932177
0.33721224 0.00612339 0.00132416 0.00652362 0.04522620 0.33238232 0.09595292 0.33410575 0.05289649 0.10529271 0.08794145 0.08313071 0.03065138
0.33616438 0.00497585 0.00111643 0.00698370 0.04471599 0.33385174 0.10165065 0.33359585 0.06508515 0.10303697 0.07933392 0.08062626 0.02943542
0.33458466 0.00417599 0.00162142 0.00596431 0.03371565 0.33171423 0.09726716 0.33424896 0.06018207 0.10248497 0.07738743 0.08332286 0.02868602
0.33311293 0.00462591 0.00124731 0.00265087 0.01964533 0.33477657 0.10119467 0.33534800 0.06198313 0.10691291 0.08934140 0.08192709 0.03174305
0.33140859 0.00551609 0.00126538 0.00411377 0.02425526 0.33243975 0.10720856 0.33499118 0.06851276 0.11204396 0.08101177 0.08484048 0.02811209
0.33149732 0.00352291 0.00124964 0.00090902 0.03937042 0.33342984 0.09749432 0.33488421 0.06216897 0.11632474 0.08568090 0.08070173 0.03483384
0.32945952 0.00385198 0.00140355 0.00390044 0.02896525 0.33323218 0.10122391 0.33547308 0.05494905 0.11931817 0.08658497 0.07979777 0.02990733
0.32781615 0.00500375 0.00135776 0.00287220 0.04324006 0.33390067 0.10197058 0.33373269 0.05676303 0.11512371 0.08970138 0.08044889 0.03156123
0.32429788 0.00185092 0.00241589 0.00487265 0.00420424 0.33403316 0.10413697 0.33500274 0.05402197 0.11512745 0.08205031 0.08310808 0.04525757
0.32320439 0.00373333 0.00167184 0.00269393 0.00385504 0.33268032 0.10973016 0.33455834 0.05785018 0.11361972 0.08221641 0.08700119 0.03149629
0.32355793 0.00286909 0.00217100 0.00272796 0.04087502 0.33381206 0.10193091 0.33368973 0.06076053 0.11770123 0.09072393 0.08231484 0.03687332
0.32517824 0.00620950 0.00217790 0.00570532 0.02732619 0.33312977 0.09929562 0.33417603 0.05442402 0.11823801 0.08284460 0.07867703 0.03179626
0.32672538 0.00817768 0.00163648 0.00936064 0.06045987 0.33335718 0.10145094 0.33541176 0.05558547 0.11352165 0.07768481 0.08176047 0.02918765
0.32673892 0.00501139 0.00147788 0.00630424 0.05263754 0.33304618 0.09229808 0.33543939 0.05321658 0.11321470 0.08249872 0.08342890 0.02927759
0.32531347 0.00421019 0.00163600 0.00438689 0.03127230 0.33506912 0.09857255 0.33702866 0.05660859 0.11208631 0.08182354 0.08229493 0.02879155
0.32402860 0.00305369 0.00106899 0.00172802 0.03730835 0.33338204 0.10204986 0.33479895 0.05835914 0.11079374 0.08515322 0.07996963 0.02835387
0.32266526 0.00242149 0.00112189 0.00174859 0.02528403 0.33559473 0.09852933 0.33505105 0.05739266 0.10926311 0.08965092 0.08018309 0.02955939
0.32044088 0.00537183 0.00282016 0.00364400 0.02825182 0.33390655 0.11191274 0.33438020 0.06822863 0.10685625 0.07510063 0.08453250 0.02770488
0.31696096 0.00709006 0.00149139 0.00650750 0.03922905 0.33487922 0.10117299 0.33416421 0.05697363 0.10517322 0.08904725 0.08497276 0.03092257
0.31911867 0.00519848 0.00210656 0.00539238 0.05357815 0.33536186 0.10223458 0.33398343 0.05647887 0.10368578 0.08669478 0.08568364 0.02998337
0.31750456 0.00210738 0.00247375 0.00135145 0.03007761 0.33300277 0.09990505 0.33315860 0.05866999 0.10919622 0.08171780 0.08051591 0.03044661
0.31050616 0.00239833 0.00178467 0.00206178 0.03292488 0.33524112 0.10389255 0.33479950 0.05764078 0.11143051 0.08454600 0.08030629 0.02902802
0.31197520 0.00420271 0.00121186 0.00061056 0.00297768 0.33360560 0.10537517 0.33526532 0.05737116 0.11349626 0.08573856 0.08166806 0.02917675
0.31303502 0.00812388 0.00200850 0.01088002 0.01964896 0.33409664 0.10329966 0.33636217 0.05968955 0.11096558 0.08007363 0.08278631 0.02864397
0.31152630 0.00611414 0.00112996 0.00488247 0.02491152 0.33444891 0.09939356 0.33562959 0.05766777 0.11271288 0.08785253 0.08174566 0.03286126
0.30779500 0.00458783 0.00120841 0.00471068 0.04549632 0.33342441 0.10933487 0.33489363 0.05442533 0.11299089 0.08182979 0.08289520 0.02998783
0.30560502 0.00397149 0.00156024 0.00518637 0.05208402 0.33504251 0.10213045 0.33447036 0.05513085 0.11154000 0.08480320 0.08257634 0.02910503
0.30264205 0.00597249 0.00242753 0.00584183 0.05207327 0.33423872 0.09872391 0.33448384 0.06144017 0.11538849 0.08628634 0.08734195 0.02891559
0.30149160 0.00931083 0.00225178 0.00842891 0.03550080 0.33462129 0.09901070 0.33500402 0.07198466 0.11628198 0.08137272 0.08521209 0.03000182
0.30062345 0.01276916 0.00291290 0.01305593 0.03042924 0.33573810 0.09757407 0.33456357 0.05220204 0.11645550 0.08152742 0.08336075 0.02964173
0.30195254 0.00321262 0.00160893 0.00444916 0.03123554 0.33520017 0.10729030 0.33532365 0.05575799 0.10752007 0.07651711 0.07979580 0.02949967
0.30249864 0.00196971 0.00176541 0.00048014 0.00102889 0.33519747 0.10212462 0.33515530 0.06737505 0.09912303 0.08134763 0.08289434 0.03018623
0.30126075 0.00622663 0.00421567 0.00884100 0.05385890 0.33655765 0.09877515 0.33675217 0.05421994 0.09799438 0.08240405 0.09029080 0.02866344
0.30181612 0.00450907 0.00166797 0.00224763 0.03874815 0.33426388 0.10164740 0.33603298 0.05926863 0.08690406 0.07916471 0.08109433 0.03083220
0.30523400 0.01165218 0.00162518 0.01031539 0.05416468 0.33708271 0.09670400 0.33504205 0.05957302 0.08614169 0.08537322 0.08072212 0.02941596
0.30610090 0.00770558 0.00125104 0.01040026 0.05458994 0.33465310 0.10385963 0.33361399 0.05484178 0.08456727 0.07615127 0.08010239 0.03368369
0.30476229 0.00682232 0.00226612 0.00912248 0.05729988 0.33622659 0.09627259 0.33415365 0.05501992 0.09041898 0.07510112 0.08459570 0.02777688
0.30500138 0.00548691 0.00212390 0.00817165 0.05295193 0.33461039 0.09639978 0.33265599 0.05358519 0.09392029 0.07909831 0.08464409 0.02822108
0.30609621 0.00824294 0.00178385 0.01044539 0.05216466 0.33519825 0.09204556 0.33256632 0.05243595 0.09821789 0.07230476 0.08399016 0.03023922
0.30675744 0.00624225 0.00144264 0.00732586 0.05235925 0.33478348 0.09361503 0.33523960 0.04332327 0.10167942 0.07287930 0.08102692 0.03113668
0.30445101 0.00615018 0.00143367 0.00431465 0.03424257 0.33418203 0.09218357 0.33392132 0.04980350 0.10402004 0.07208889 0.07906184 0.02911589
0.30376252 0.00935352 0.00159472 0.00946190 0.01837943 0.33423029 0.09885189 0.33600505 0.04460722 0.10635145 0.06587431 0.08018407 0.04211474
0.30281335 0.00277467 0.00164078 0.00389573 0.03416270 0.33327955 0.09761360 0.33535777 0.03806433 0.10380718 0.07974069 0.08176752 0.03921726
0.30064351 0.00196888 0.00161376 0.00349600 0.00476270 0.33520364 0.09686138 0.33520974 0.05050965 0.10585213 0.06647897 0.08037050 0.05035288
0.29825805 0.00203676 0.00162920 0.00255095 0.00275651 0.33268386 0.09493387 0.33427136 0.04479223 0.10331372 0.07938678 0.07857644 0.02789670
0.29437296 0.00328764 0.00165684 0.00087663 0.00295795 0.33535155 0.09660096 0.33385933 0.05039118 0.09792015 0.07679788 0.08241079 0.03580701
0.28558168 0.00256165 0.00072841 0.00169754 0.00334017 0.33352565 0.10611261 0.33404194 0.05964958 0.09330575 0.07890648 0.08506303 0.02804806
0.28390854 0.00295202 0.00078682 0.00100540 0.00257645 0.33533406 0.09670314 0.33511921 0.06199203 0.08908282 0.08616101 0.08381205 0.02918578
0.28472179 0.00462237 0.00109470 0.00076760 0.00582050 0.33444384 0.09947123 0.33485867 0.06144209 0.08334683 0.07869876 0.08709960 0.02758565
0.28454673 0.00278745 0.00126768 0.00102617 0.00336674 0.33493392 0.09454751 0.33450822 0.05402941 0.07914766 0.08156153 0.07945587 0.02798232
0.28311107 0.00357683 0.00078046 0.00365717 0.01885694 0.33540972 0.09347957 0.33630453 0.05276803 0.07418000 0.08942887 0.08093013 0.02788325
0.28267849 0.00350051 0.00069705 0.00457062 0.03114591 0.33461504 0.09677113 0.33649462 0.05782635 0.07773636 0.07226581 0.07978143 0.02639668
0.28231010 0.00825000 0.00218367 0.00814669 0.04440779 0.33535938 0.08972918 0.33751775 0.05328001 0.07682648 0.07655697 0.08225252 0.04391474
0.28107067 0.00373342 0.00132979 0.00634161 0.03558104 0.33473322 0.09375463 0.33609879 0.05066270 0.08575111 0.07010240 0.07961105 0.03736812
0.28022020 0.00429662 0.00096120 0.00333722 0.03109631 0.33499644 0.09190302 0.33500491 0.04836375 0.09101465 0.07773704 0.07860417 0.03429197
0.27969715 0.00450380 0.00086403 0.00668850 0.02717914 0.33532586 0.10225715 0.33460067 0.04524553 0.09329872 0.07397306 0.07866119 0.03362456
0.27955849 0.00184552 0.00113301 0.00254737 0.02098182 0.33504228 0.09820503 0.33446252 0.04885560 0.10335190 0.06993730 0.08268137 0.03352182
0.27934526 0.01317081 0.00124733 0.01308655 0.03541584 0.33589674 0.09611786 0.33463950 0.04666133 0.10233686 0.07358118 0.08184446 0.03184595
0.27877644 0.00666640 0.00160876 0.00586426 0.04185554 0.33580576 0.09686813 0.33457223 0.04315741 0.10033307 0.07045935 0.08100791 0.03169213
0.27844266 0.00740011 0.00123407 0.00677653 0.03426452 0.33633533 0.10542370 0.33403481 0.04458990 0.10016090 0.06860169 0.07961633 0.03107901
0.27831025 0.00513898 0.00086280 0.00499913 0.03558099 0.33622386 0.09643028 0.33552935 0.04348740 0.09745307 0.07666621 0.08050199 0.02977180
0.27809942 0.00192429 0.00075357 0.00308184 0.02233154 0.33631319 0.10252325 0.33571574 0.04644277 0.09419799 0.07183833 0.08182249 0.02783972
0.27487786 0.00634811 0.00122564 0.00552266 0.01567436 0.33655094 0.10060164 0.33480193 0.04823684 0.09112861 0.07634653 0.07907828 0.03008565
0.27471274 0.00143407 0.00180108 0.00033173 0.00100372 0.33604095 0.10075201 0.33434981 0.04365399 0.08880149 0.07486631 0.08014710 0.02758255
0.27410381 0.00691973 0.00405912 0.00735499 0.01924388 0.33658202 0.09652005 0.33328116 0.04899419 0.07532644 0.07345136 0.08217554 0.04537323
0.27356238 0.00392273 0.00134933 0.00427889 0.02427932 0.33672073 0.09404167 0.33289440 0.04889483 0.07056975 0.07995755 0.08199656 0.02870599
0.27317406 0.00140709 0.00120809 0.00147292 0.00127027 0.33484011 0.09812759 0.33240006 0.05260485 0.06895608 0.07083920 0.08291958 0.03901604
0.27131792 0.00515072 0.00093195 0.00426545 0.02587058 0.33754012 0.09701812 0.33356442 0.04593794 0.06689132 0.07692044 0.08086784 0.02726781
0.27353981 0.00420020 0.00083264 0.00545462 0.02410581 0.33471252 0.09857029 0.33335177 0.05093043 0.06513965 0.07105956 0.08036620 0.03437434
0.27156185 0.00702092 0.00064551 0.00945104 0.03857816 0.33721336 0.09024848 0.33552139 0.04727876 0.06675412 0.07582002 0.07841781 0.02996233
0.26599545 0.01021718 0.00059613 0.00971318 0.04628252 0.33439859 0.09432088 0.33605525 0.04911581 0.06969152 0.07561625 0.08023921 0.03574317
0.26565902 0.00444134 0.00064629 0.00421811 0.03564174 0.33631419 0.09294535 0.33594834 0.05055159 0.07559588 0.06959753 0.08143049 0.03199630
0.26635458 0.00615098 0.00075284 0.00610154 0.04934397 0.33414811 0.10216222 0.33547072 0.04466301 0.08162005 0.06999993 0.07857893 0.02608914
0.25814437 0.00981245 0.00445608 0.00779317 0.03876699 0.33628655 0.09371644 0.33432325 0.05884369 0.08969639 0.06245657 0.07857671 0.02949858
0.25314035 0.00638001 0.00206870 0.00982351 0.01930057 0.33423401 0.09199006 0.33388476 0.04011115 0.09496260 0.07545678 0.07982327 0.02749293
0.25542924 0.00678810 0.00169800 0.00590613 0.03723977 0.33485881 0.09243374 0.33489110 0.03927897 0.09856528 0.06834054 0.08219868 0.02990062
0.25138547 0.00370806 0.00121939 0.00607819 0.04804258 0.33491472 0.09626891 0.33507267 0.04072865 0.09972770 0.06225862 0.08121312 0.03803920
0.25106060 0.00492417 0.00085456 0.00371986 0.04012639 0.33450793 0.09914419 0.33506303 0.04012068 0.09737907 0.06932742 0.07914490 0.03070504
0.26182783 0.00278831 0.00078302 0.00183744 0.02925469 0.33433542 0.11787062 0.33582007 0.03944485 0.09527641 0.06423265 0.07846197 0.02729253
0.26202485 0.00314269 0.00056345 0.00567544 0.02547318 0.33440336 0.09835695 0.33664061 0.04083269 0.09045607 0.07116214 0.07983016 0.03022891
0.26419270 0.00405967 0.00086969 0.00388795 0.02354504 0.33429232 0.09680394 0.33698446 0.04624095 0.09188322 0.07611001 0.08152161 0.02870452
0.26053430 0.00348302 0.00091687 0.00245883 0.02379880 0.33451835 0.10323012 0.33666742 0.04802217 0.08729065 0.06594622 0.07925170 0.03096629
0.25435794 0.00478816 0.00079771 0.00613020 0.02708878 0.33411775 0.09650537 0.33606109 0.04044305 0.08169288 0.08628204 0.07908743 0.02772164
0.25237993 0.00344372 0.00083812 0.00118314 0.00133860 0.33538143 0.11781965 0.33563285 0.05265494 0.07674660 0.06667462 0.07871228 0.02887990
0.25036016 0.00261957 0.00093936 0.00049759 0.00127788 0.33427276 0.10371966 0.33571750 0.05537770 0.06670613 0.07639034 0.07985995 0.03132273
0.24761476 0.00331436 0.00137094 0.00172932 0.02684233 0.33528107 0.10723857 0.33620953 0.04585911 0.06280194 0.08081139 0.08229136 0.03113450
0.24360646 0.00813909 0.00127076 0.00579922 0.01377774 0.33536629 0.09795635 0.33518995 0.05355542 0.05897394 0.08441719 0.08445628 0.03337204
0.23660652 0.00206567 0.00157108 0.00390016 0.00234555 0.33487844 0.10188572 0.33567967 0.04900063 0.06095945 0.08040812 0.08167728 0.03194978
0.22669841 0.00429841 0.00154128 0.00479421 0.02933188 0.33526403 0.10429475 0.33557041 0.05592775 0.06422435 0.07004526 0.08512770 0.03879022
0.22593466 0.00459228 0.00144797 0.00518648 0.02219707 0.33504815 0.11030052 0.33754953 0.05643909 0.07011163 0.07197152 0.08093444 0.02997483
0.23277543 0.00515812 0.00083150 0.00645764 0.03207058 0.33605565 0.10445978 0.33695023 0.05367429 0.07478980 0.07324893 0.08379924 0.03882230
0.23590510 0.00667031 0.00123467 0.00654811 0.04015548 0.33558158 0.09725845 0.33733072 0.04798942 0.07991636 0.07477067 0.07890751 0.03741570
0.23628093 0.00448456 0.00064493 0.00288720 0.02894806 0.33595926 0.10141315 0.33720739 0.04303947 0.08362990 0.07361766 0.07754556 0.04193575
0.23617187 0.00535828 0.00091880 0.00535530 0.02872749 0.33643425 0.10324818 0.33540377 0.04134879 0.08749130 0.06570506 0.07889048 0.03502661
0.23758477 0.01004375 0.00066827 0.00932074 0.04510390 0.33617560 0.11340202 0.33716368 0.04781375 0.08659210 0.06287601 0.08079680 0.02885576
0.23510231 0.00855602 0.00095648 0.01282542 0.05348484 0.33806315 0.10753232 0.33590734 0.03028381 0.09463684 0.07075179 0.08178446 0.03515233
0.22943868 0.00649421 0.00140993 0.01089680 0.05271596 0.33582167 0.10517383 0.33562064 0.03854996 0.09524030 0.06022458 0.08318350 0.05482491
0.22683961 0.00623362 0.00121849 0.00732608 0.04662278 0.33688369 0.10442881 0.33580515 0.03313631 0.09244915 0.07817260 0.07967878 0.04829924
0.22271219 0.01314487 0.00115491 0.01364580 0.03330612 0.33642083 0.10568069 0.33576417 0.04101224 0.08733183 0.06363578 0.08168448 0.04701503
0.21157496 0.01355453 0.00126365 0.01404735 0.03490157 0.33612576 0.10315807 0.33606406 0.04115147 0.08053226 0.07298649 0.08061451 0.04819936
0.20763463 0.00444508 0.00134165 0.00573576 0.03257276 0.33717737 0.10542262 0.33705470 0.04000070 0.07021318 0.07330734 0.08045772 0.04699411
0.20702231 0.00457636 0.00126500 0.00417762 0.03946441 0.33605724 0.10716486 0.33576095 0.04587064 0.06160943 0.06805529 0.08153204 0.04644039
0.20772888 0.00325085 0.00109896 0.00478254 0.03692233 0.33695304 0.09955485 0.33548373 0.04456968 0.05352725 0.07982168 0.07836847 0.03378336
0.21104407 0.00470636 0.00074008 0.00733253 0.03124341 0.33530287 0.10154502 0.33514137 0.04949438 0.04786083 0.07129094 0.08067450 0.03387426
0.21226731 0.00628093 0.00076832 0.00656751 0.04367449 0.33679000 0.09552425 0.33473641 0.04392072 0.04695637 0.07966572 0.08298733 0.04921136
0.21466905 0.00724349 0.00133306 0.00876618 0.05018367 0.33405030 0.10927739 0.33619323 0.04770984 0.04901654 0.07077573 0.08452794 0.02720458
0.21503532 0.00601114 0.00449055 0.00533274 0.04767219 0.33579303 0.09746110 0.33467842 0.04482369 0.06691905 0.07541866 0.08046290 0.04216132
0.21299250 0.01094649 0.00195838 0.01103135 0.05628700 0.33215916 0.10084502 0.33481767 0.04994440 0.07128897 0.06640210 0.08104497 0.02709635
0.21160491 0.00470625 0.00471951 0.00382605 0.03063816 0.33490948 0.09135428 0.33611448 0.05204857 0.08278882 0.07865802 0.08757838 0.03091321
0.21111639 0.00297454 0.00171284 0.00185481 0.02196063 0.33320119 0.09728508 0.33521693 0.04589175 0.08528834 0.06735561 0.08046622 0.03078557
0.20858749 0.00742455 0.00104013 0.00707384 0.03781291 0.33403338 0.09796412 0.33504239 0.03812452 0.08209474 0.07174588 0.07888388 0.02785767
0.20787791 0.00127693 0.00114945 0.00059629 0.00084328 0.33451755 0.10665345 0.33425522 0.03306828 0.08497066 0.06203227 0.07808236 0.02678079
0.20617440 0.00140766 0.00097078 0.00050350 0.03238026 0.33370608 0.10856395 0.33342431 0.03106004 0.08560891 0.06555343 0.07767971 0.02751677
0.20778544 0.00333480 0.00084757 0.00425122 0.03259483 0.33348795 0.09865543 0.33450326 0.03872664 0.08628919 0.06139664 0.08087037 0.02951819
0.20740530 0.00233933 0.00094734 0.00194914 0.02384401 0.33370259 0.10272163 0.33366083 0.03920121 0.08516393 0.06676665 0.08188549 0.03079808
0.20425610 0.01447956 0.00225180 0.01344988 0.02214877 0.33262810 0.09695816 0.33408425 0.03411692 0.08649219 0.06659152 0.08041665 0.03243148
0.20410172 0.00396862 0.00158909 0.00619975 0.02882864 0.33356749 0.10817264 0.33589369 0.04378256 0.08197894 0.05980277 0.07822456 0.02979630
0.19669400 0.00376949 0.00139333 0.00121940 0.00237680 0.33286467 0.10578778 0.33459423 0.04104272 0.07347382 0.07436715 0.07800446 0.02863302
0.19591038 0.00314508 0.00120404 0.00028194 0.00140759 0.33390807 0.10876892 0.33740025 0.04726927 0.07583176 0.05719358 0.08025716 0.03140034
0.19246708 0.00223080 0.00111946 0.00036251 0.00126608 0.33246348 0.09515793 0.33637626 0.04066509 0.06865351 0.08019148 0.07992041 0.03091366
0.19103358 0.00485344 0.00094409 0.00777552 0.02438369 0.33419497 0.11159714 0.33690326 0.04410892 0.06088502 0.06389662 0.07950979 0.03095197
0.18827362 0.00106232 0.00173667 0.00043116 0.00088195 0.33297708 0.10251812 0.33587844 0.03932050 0.06524791 0.08659738 0.07777557 0.02907317
0.18739878 0.00744621 0.00112387 0.00784398 0.02776340 0.33453633 0.10789084 0.33590267 0.04583567 0.06583594 0.06698297 0.08153614 0.02900398
0.18826580 0.00331406 0.00180589 0.00499311 0.04030648 0.33359118 0.10436997 0.33696332 0.04325431 0.06799083 0.07106899 0.08348354 0.02851620
0.18977646 0.00460842 0.00132810 0.00498219 0.02913876 0.33586478 0.10273577 0.33590755 0.04298974 0.07123991 0.07569199 0.08272808 0.02976711
0.19148973 0.00661696 0.00090267 0.00398227 0.03271421 0.33437049 0.10612708 0.33595516 0.04590722 0.07389238 0.07055979 0.07931818 0.02879733
0.15948234 0.00452194 0.00321933 0.00364184 0.03073400 0.33684314 0.09533362 0.33636296 0.04455373 0.07754948 0.08643291 0.08279475 0.03050314
0.16184942 0.00418077 0.00091154 0.00238610 0.02212852 0.33501083 0.10814088 0.33607272 0.05428433 0.07936107 0.05997438 0.07972819 0.03141799
0.16453735 0.00248572 0.00069209 0.00548044 0.02617050 0.33616760 0.10420362 0.33600861 0.03452252 0.08270247 0.07613330 0.07985740 0.02889074
0.16228547 0.00146483 0.00089492 0.00058992 0.00122437 0.33489460 0.11096884 0.33783069 0.03557936 0.08378325 0.06608820 0.07940571 0.03050971
0.15307007 0.00158623 0.00095550 0.00162837 0.03383963 0.33538833 0.10967478 0.33589327 0.03747408 0.08584258 0.06928196 0.07829187 0.02961434
0.15265163 0.00155448 0.00212652 0.00423838 0.00350515 0.33475351 0.10618694 0.33705389 0.03677376 0.09015619 0.06369492 0.07826906 0.03781422
0.15243545 0.00266261 0.00208774 0.00397087 0.00661737 0.33551848 0.09914877 0.33595617 0.03196664 0.09051156 0.07400904 0.08048532 0.04068456
0.14900015 0.00257372 0.00154363 0.00259674 0.02710843 0.33547339 0.10667089 0.33560519 0.03501253 0.08450772 0.05868792 0.08121687 0.03635367
0.14547497 0.01117437 0.00107017 0.01117447 0.04147058 0.33545721 0.10339976 0.33667977 0.04728843 0.07349166 0.06810870 0.08289861 0.04096359
0.14277392 0.00872238 0.00124492 0.00918302 0.04131367 0.33593289 0.10730588 0.33628036 0.04396632 0.06661472 0.06775741 0.07997629 0.03699066
0.14262519 0.00515728 0.00121257 0.00490776 0.02491396 0.33592508 0.11159647 0.33632864 0.04146497 0.06051118 0.07341490 0.08073943 0.03456524
0.14206956 0.00186114 0.00132502 0.00136670 0.00175815 0.33700969 0.10927907 0.33762420 0.03851390 0.05463315 0.07844475 0.08350011 0.03719785
0.14089046 0.00816337 0.00109371 0.01006734 0.00849085 0.33557985 0.11106691 0.33617943 0.04506556 0.05152289 0.06898319 0.08123178 0.03002236
0.13961754 0.00340976 0.00133631 0.00257552 0.00325065 0.33633032 0.09429042 0.33638119 0.04883652 0.05147925 0.08279709 0.07965616 0.04797597
0.13816921 0.00657313 0.00157299 0.00911832 0.02026550 0.33490401 0.10948092 0.33591176 0.04667590 0.05463446 0.06512283 0.07811383 0.02835237
0.13766464 0.00294570 0.00115853 0.00029793 0.00127482 0.33643159 0.09704579 0.33551915 0.04065995 0.05875545 0.08406115 0.08112873 0.02962674
0.14028056 0.00191115 0.00112476 0.00026998 0.00100119 0.33515205 0.10317127 0.33459509 0.04397551 0.06387327 0.06490195 0.08029501 0.02870712
0.14081168 0.00492060 0.00118096 0.00439099 0.05009917 0.33575076 0.10365030 0.33602073 0.03439679 0.06776589 0.06538661 0.08325392 0.03006158
0.13888932 0.00317128 0.00178447 0.00377012 0.02459358 0.33439485 0.10389840 0.33519362 0.03663460 0.07394615 0.06790199 0.08339551 0.02942407
0.13590066 0.00344676 0.00417117 0.00151357 0.03458134 0.33463421 0.10234368 0.33466156 0.03830787 0.06988199 0.06458688 0.08514614 0.02968453
0.13390864 0.00406851 0.00153946 0.00396970 0.02162753 0.33383947 0.10200808 0.33586649 0.03362385 0.07253244 0.06860350 0.07915428 0.03362026
0.13072876 0.00107034 0.00134418 0.00156920 0.00099630 0.33414287 0.10373280 0.33646423 0.02688055 0.07390190 0.06324806 0.08005893 0.03839360
0.12834514 0.00153178 0.00138159 0.00034644 0.00234915 0.33248621 0.09925022 0.33536727 0.03218375 0.07306941 0.05830845 0.07813310 0.02671629
0.12449261 0.01292467 0.00125711 0.01259505 0.01171593 0.33414932 0.10545332 0.33539063 0.04329830 0.07222961 0.05675551 0.07850917 0.02871311
0.11150799 0.00263927 0.00298685 0.00279240 0.01897132 0.33238872 0.09606993 0.33448680 0.03547590 0.07477415 0.06839628 0.07646714 0.02860581
0.11043521 0.00324720 0.00226633 0.00419250 0.00255633 0.33537130 0.09645521 0.33501855 0.03740541 0.07185759 0.06536810 0.08046343 0.02936477
0.11308240 0.00156942 0.00145359 0.00076418 0.00188588 0.33315980 0.09137736 0.33397818 0.04005858 0.06615709 0.06956409 0.08080343 0.02818889
0.11420698 0.00196342 0.00476686 0.00041466 0.00094359 0.33357244 0.09740345 0.33466603 0.04904273 0.06113309 0.06779057 0.08475697 0.02600379
0.11399266 0.00206518 0.00159025 0.00046041 0.00194709 0.33413610 0.09478174 0.33358758 0.04994084 0.05544287 0.06935477 0.08139709 0.02685989
0.11320037 0.00282888 0.00132023 0.00141231 0.04852034 0.33366068 0.09748372 0.33545618 0.04040491 0.05408388 0.07199856 0.08213337 0.02797633
0.11400611 0.00468761 0.00094345 0.00463487 0.03969767 0.33477852 0.09569448 0.33603286 0.03894298 0.05192267 0.08025891 0.08078864 0.02728337
0.11295782 0.00368110 0.00081145 0.00237086 0.02376976 0.33410700 0.09487471 0.33562207 0.04548741 0.05431479 0.07139562 0.07904810 0.02906818
0.11174335 0.00550483 0.00071168 0.00444059 0.02843686 0.33400069 0.10324866 0.33645344 0.04982096 0.05707232 0.06623102 0.07762120 0.02673010
0.10495178 0.00971350 0.00063786 0.01014197 0.05664689 0.33410835 0.09237151 0.33537329 0.03933578 0.06057463 0.07696565 0.07828242 0.03018339
0.10340957 0.00668112 0.00115551 0.00902032 0.05791553 0.33469580 0.10347305 0.33537717 0.04244696 0.07422212 0.06522353 0.08026282 0.02660445
0.10047912 0.00584891 0.00110636 0.00264302 0.04260362 0.33451322 0.09151664 0.33484590 0.04534090 0.07639249 0.07180554 0.07937679 0.03202728
0.09750324 0.00943298 0.00109294 0.01252965 0.02837171 0.33602023 0.09095070 0.33512028 0.05255495 0.07365320 0.06416525 0.08237377 0.02689503
0.09538056 0.00778699 0.00116273 0.00614876 0.04180641 0.33720905 0.09062616 0.33462647 0.04004660 0.07519361 0.06701098 0.08193110 0.03507831
0.09574492 0.00920183 0.00143530 0.00981501 0.05359473 0.33692213 0.09501696 0.33481512 0.04492458 0.07355930 0.05990351 0.07901025 0.03352412
0.09542691 0.00413378 0.00131761 0.00488819 0.03751788 0.33687231 0.10263080 0.33531331 0.03956913 0.07362463 0.06823615 0.08070791 0.03034031
0.09647608 0.00384909 0.00096071 0.00594027 0.03535836 0.33731287 0.10082156 0.33573233 0.04175861 0.07474602 0.06512476 0.07882168 0.03840025
0.09565198 0.00343799 0.00095677 0.00254667 0.02819603 0.33625627 0.09354439 0.33552846 0.03709357 0.06546661 0.06289406 0.07843935 0.02790843
0.09468559 0.00542686 0.00176422 0.00574660 0.02739392 0.33989904 0.09501531 0.33654284 0.03814551 0.06217935 0.06493608 0.07791774 0.03310813
0.09044088 0.00208190 0.00117400 0.00441974 0.02274412 0.33617310 0.08973093 0.33483207 0.03804163 0.06306118 0.06181854 0.07571940 0.02942094
0.08989337 0.00794955 0.00105790 0.00721337 0.02882918 0.33851285 0.08678893 0.33392224 0.03331196 0.05948397 0.06134921 0.07748184 0.03874258
0.08786947 0.00334974 0.00078964 0.00566835 0.02823471 0.33711539 0.09063962 0.33492995 0.03469953 0.05780003 0.05371351 0.07954531 0.03144575
0.08639020 0.00463923 0.00080498 0.00524219 0.03051209 0.33728818 0.08145443 0.33392075 0.03219940 0.05742331 0.06658076 0.08047862 0.04848497
0.08450176 0.00681903 0.00088817 0.00710267 0.03175266 0.33717319 0.09274096 0.33483567 0.03409708 0.05772780 0.05971035 0.07853643 0.03241869
0.08304554 0.00252901 0.00085429 0.00624946 0.00670604 0.33610536 0.08509494 0.33456368 0.03787402 0.06044340 0.07035233 0.07789598 0.04311962
0.08100698 0.00795213 0.00097790 0.00982361 0.00997411 0.33748391 0.09726330 0.33569862 0.04179348 0.05605184 0.05932089 0.07764327 0.04230101
0.07966991 0.00294050 0.00079300 0.00432282 0.00575107 0.33617469 0.08976152 0.33574046 0.04078452 0.05834766 0.06354248 0.07768116 0.05269141
0.07814474 0.00210343 0.00073357 0.00315601 0.00336424 0.33754672 0.08767212 0.33636485 0.04178445 0.05877881 0.06712089 0.08004800 0.02788005
0.07582734 0.00282675 0.00077643 0.00200684 0.00346576 0.33618888 0.09109890 0.33616960 0.04001529 0.06481062 0.07340023 0.07630092 0.03290228
0.09851309 0.00448498 0.00075828 0.00457777 0.03419780 0.33743387 0.08991614 0.33603593 0.03884908 0.06472429 0.07220183 0.07871673 0.02720022
0.09618959 0.00192898 0.00077090 0.00144728 0.03107725 0.33657774 0.09665315 0.33595324 0.04059813 0.06619104 0.06212016 0.07759728 0.03110945
0.09645626 0.00381478 0.00071008 0.00225368 0.02830596 0.33672532 0.09267679 0.33566895 0.04112740 0.06843313 0.07214277 0.07918604 0.02539396
0.09470105 0.00310591 0.00143193 0.00443927 0.02545952 0.33559635 0.09199247 0.33544360 0.04266738 0.07116748 0.05649663 0.07859596 0.02982665
0.09168605 0.00219507 0.00105156 0.00158816 0.02016770 0.33590338 0.09508994 0.33545931 0.03016516 0.07352790 0.07125334 0.07635602 0.02809838
0.08649640 0.00533405 0.00095840 0.00463436 0.02935248 0.33555758 0.09500251 0.33609976 0.03719999 0.07478925 0.05646256 0.07858118 0.02597413
0.08455633 0.00312500 0.00095361 0.00065179 0.01695689 0.33589258 0.09011358 0.33619766 0.03375987 0.07480575 0.06584703 0.07727744 0.03009260
0.08387209 0.00513739 0.00079505 0.00537290 0.02706702 0.33497387 0.09451891 0.33735991 0.03370508 0.07272322 0.06200616 0.07679199 0.02718669
0.08626197 0.00186006 0.00172038 0.00178803 0.03615535 0.33606585 0.09442666 0.33683484 0.03984026 0.07047688 0.06029212 0.07557102 0.02708856
0.08720546 0.00376219 0.00089865 0.00417780 0.02969704 0.33519562 0.09622190 0.33617343 0.03739669 0.06693997 0.06289701 0.07672417 0.02610082
0.05556774 0.00197730 0.00064589 0.00158880 0.03102776 0.33650633 0.09794126 0.33666315 0.03665531 0.06317312 0.06441059 0.07742868 0.02708376
0.05531566 0.00187032 0.00057455 0.00049766 0.00297381 0.33657466 0.09503832 0.33557443 0.04460262 0.06312946 0.06183563 0.07917366 0.02991750
0.05470227 0.00543509 0.00067515 0.00931137 0.02086537 0.33614269 0.09333673 0.33526564 0.03616559 0.06313759 0.06914047 0.07966046 0.02745276
0.05362050 0.00264714 0.00066651 0.00193894 0.02018089 0.33679087 0.09268519 0.33568364 0.04053323 0.06568901 0.06727276 0.07890692 0.03026307
0.05279497 0.00399205 0.00113871 0.00509083 0.03064520 0.33620100 0.10280321 0.33624396 0.03823120 0.06667088 0.06420108 0.07732844 0.02597321
0.05118281 0.00351127 0.00085731 0.00123564 0.02225514 0.33766341 0.09386365 0.33580871 0.03622961 0.06922217 0.07836743 0.07819972 0.03077951
0.04870132 0.00180897 0.00072151 0.00060430 0.04001013 0.33628927 0.10165304 0.33743825 0.04141485 0.06847443 0.06349570 0.07843389 0.02655741
0.04609255 0.00115828 0.00073286 0.00365558 0.00268784 0.33748009 0.09603433 0.33746149 0.03291339 0.06839791 0.07641119 0.07738180 0.03898919
0.04456085 0.00130568 0.00069491 0.00237220 0.00169229 0.33683841 0.09572807 0.33625244 0.04207871 0.06670770 0.05956229 0.07612644 0.03344296
0.04433194 0.00771040 0.00075749 0.01186896 0.01838365 0.33798270 0.10163283 0.33690627 0.03595187 0.06581678 0.07587754 0.07789059 0.02788726
0.04415039 0.00385259 0.00068515 0.00464377 0.05045297 0.33709442 0.10106638 0.33681837 0.04616811 0.06492217 0.06813777 0.08090812 0.03655251
0.04370431 0.00597473 0.00058608 0.00611463 0.04085990 0.33795446 0.10339821 0.33621970 0.04757086 0.06532844 0.06760819 0.08148407 0.03520358
0.04318875 0.00428905 0.00241977 0.00675465 0.03361123 0.33767401 0.08974224 0.33622453 0.03957063 0.06983398 0.07710245 0.08150863 0.03260672
0.04642070 0.00401839 0.00100117 0.00461459 0.04456961 0.33727891 0.08993835 0.33612395 0.04792513 0.07241645 0.07447560 0.07967456 0.02763921
0.04731765 0.00422770 0.00056394 0.00522118 0.02987301 0.33695688 0.09307266 0.33698689 0.04370976 0.07295469 0.07372494 0.07861732 0.04058948
0.04786961 0.00841075 0.00042438 0.00595001 0.03720968 0.33677745 0.09175228 0.33759524 0.05939470 0.07355802 0.07153186 0.07917818 0.02740387
0.04607474 0.00389101 0.00039375 0.00410842 0.04775208 0.33605603 0.09460182 0.33744193 0.04983404 0.06917236 0.06864751 0.07910963 0.03840926
0.04557511 0.00852074 0.00035338 0.01236125 0.07401229 0.33610721 0.09671232 0.33930207 0.04268105 0.06811529 0.06694489 0.07898564 0.03650742
0.04514263 0.00627148 0.00058617 0.00767360 0.04040479 0.33486489 0.08959242 0.33828343 0.04800348 0.07031827 0.08272878 0.07801388 0.02818514
0.04549293 0.00320158 0.00054587 0.00470278 0.03894574 0.33542815 0.09422807 0.33789449 0.04992136 0.07355164 0.06944060 0.07822546 0.04843280
0.04417856 0.00455197 0.00078840 0.00344375 0.03045008 0.33430303 0.08431372 0.33720571 0.05521560 0.07774619 0.07471443 0.07946892 0.03495510
0.04173780 0.00395402 0.00098369 0.00267207 0.02400975 0.33424846 0.09746282 0.33731105 0.04502974 0.08086315 0.06915765 0.08338535 0.02807066
0.03989012 0.00634295 0.00065390 0.00611526 0.03011931 0.33367057 0.08730763 0.33715999 0.04213083 0.08472920 0.08118516 0.07981356 0.03372119
0.04026028 0.00847047 0.00058580 0.00714227 0.03396087 0.33411290 0.09184623 0.33696210 0.05329595 0.08573900 0.06904851 0.08085782 0.02827819
0.04007459 0.01322119 0.00061471 0.01487574 0.03127318 0.33272677 0.10600429 0.33688774 0.05350057 0.08679403 0.06934800 0.07940066 0.02503388
0.03940660 0.00587905 0.00073536 0.00502635 0.03661291 0.33345253 0.08697010 0.33872839 0.04415068 0.08635937 0.08415319 0.08295147 0.02736687
0.03889885 0.00472451 0.00140575 0.00542292 0.04022188 0.33245106 0.09027703 0.33764759 0.04955814 0.08555785 0.07576011 0.07844625 0.02923998
0.04095343 0.01013375 0.00081048 0.01013972 0.02399340 0.33301898 0.08211921 0.33772466 0.05452342 0.08315040 0.07711756 0.07831464 0.02806473
0.04177434 0.00675173 0.00229266 0.01061348 0.03590580 0.33137151 0.09225958 0.33747944 0.04952135 0.07933715 0.07189458 0.08679580 0.02397889
0.04153702 0.00321746 0.00062069 0.00134792 0.03794405 0.33357577 0.09617380 0.33764171 0.04596454 0.07816638 0.07713093 0.07889079 0.02848366
0.04146159 0.00269103 0.00069070 0.00034253 0.04087778 0.33082643 0.08633077 0.33650724 0.05308061 0.07767876 0.07785983 0.08128610 0.02475495
0.04139580 0.00327459 0.00055812 0.00116776 0.02550637 0.33287378 0.09069717 0.33627252 0.05277781 0.07749964 0.07328203 0.07948331 0.02749480
0.04155113 0.00138829 0.00055878 0.00033105 0.00092616 0.33347019 0.08933601 0.33599183 0.04942861 0.07647976 0.07461985 0.08050726 0.02515906
0.04088611 0.00397320 0.00047909 0.00563123 0.01993423 0.33269896 0.09928508 0.33586733 0.05611133 0.07523791 0.07451461 0.07935183 0.02359178
0.03951519 0.00329471 0.00052498 0.00365482 0.02326629 0.33441610 0.09523238 0.33667127 0.05096051 0.07468324 0.07133793 0.07954129 0.02436997
0.03822175 0.00385370 0.00151546 0.00414902 0.02836417 0.33394105 0.08130676 0.33771122 0.04654517 0.08335953 0.08331529 0.07864366 0.02531979
0.03691035 0.00403414 0.00118395 0.00114471 0.02043918 0.33427274 0.09099477 0.33753395 0.04855041 0.08134771 0.07024950 0.07991421 0.02780124
0.03680116 0.00583656 0.00117111 0.00673969 0.03239119 0.33449522 0.09073624 0.33874479 0.05170150 0.07934638 0.07148324 0.07733672 0.02484871
0.04168928 0.01609037 0.00117612 0.01574233 0.05054928 0.33354733 0.09283398 0.33743374 0.03856067 0.08161401 0.07218945 0.08063686 0.02659517
0.04298959 0.00705175 0.00065182 0.00975990 0.03812207 0.33430258 0.10221451 0.33712422 0.03961038 0.08296720 0.06644032 0.07917251 0.03042542
0.04429031 0.00393156 0.00054944 0.00201649 0.02418482 0.33496760 0.09228597 0.33673674 0.04906326 0.08434274 0.07598565 0.08014852 0.02832151
0.04442502 0.00461084 0.00050624 0.00309236 0.02601205 0.33441628 0.09683787 0.33516710 0.05220690 0.08526530 0.06866922 0.07900069 0.02768885
0.04413462 0.00384443 0.00108501 0.00303312 0.02379544 0.33559037 0.09222984 0.33573788 0.04330560 0.08563130 0.07746767 0.07879912 0.02771507
0.04407438 0.00105745 0.00052990 0.00030179 0.00065840 0.33480025 0.09639022 0.33528770 0.04421469 0.08159596 0.07262232 0.07953842 0.02682549
0.04453168 0.00103865 0.00364380 0.00026409 0.00070258 0.33620786 0.09968235 0.33682498 0.04460289 0.08815864 0.06914632 0.07862784 0.02559551
0.04329103 0.00104712 0.00074795 0.00027076 0.00066572 0.33516475 0.09187805 0.33707787 0.04342602 0.08640317 0.07722407 0.07634713 0.02645335
0.03567150 0.00202418 0.00068826 0.00051891 0.02493502 0.33612743 0.09630613 0.33780394 0.04686411 0.08366595 0.07170776 0.07918428 0.02843283
0.03470025 0.00199088 0.00074256 0.00281358 0.00436023 0.33536273 0.09828895 0.33774674 0.04337132 0.08084376 0.07543286 0.07676162 0.02977054
0.03393829 0.00100494 0.00112147 0.00031574 0.00064068 0.33594218 0.09665984 0.33692595 0.04249983 0.07869238 0.07016019 0.07702874 0.02589009
0.03311833 0.00123803 0.00095599 0.00026183 0.00075088 0.33502387 0.09697647 0.33606849 0.04451030 0.08196852 0.06465851 0.08006273 0.02577648
0.04151996 0.00292806 0.00084911 0.00037754 0.00111447 0.33581590 0.09164606 0.33643130 0.05102605 0.08379165 0.07095353 0.07936488 0.02685940
0.04429843 0.00287440 0.00062167 0.00223713 0.00543690 0.33476225 0.09037813 0.33528412 0.05803307 0.08269347 0.07180820 0.07882819 0.02636446
0.04605783 0.00311832 0.00044736 0.00028697 0.00370153 0.33544567 0.09179432 0.33585605 0.04873702 0.08109088 0.07402276 0.07785102 0.02611216
0.04627536 0.00126848 0.00109220 0.00032197 0.00150446 0.33564354 0.09208416 0.33660937 0.04227460 0.07603233 0.07660330 0.07804010 0.02539476
0.04590826 0.00196545 0.00139948 0.00033391 0.00145222 0.33444009 0.09385205 0.33663858 0.04816086 0.07399997 0.06871946 0.08070172 0.02572988
0.04598003 0.00143123 0.00119421 0.00026351 0.00058315 0.33501436 0.09149450 0.33753777 0.04640662 0.07078606 0.07274004 0.07688562 0.02585255
0.04638289 0.00123683 0.00068573 0.00032535 0.00067188 0.33409550 0.09267004 0.33700183 0.04720919 0.06989038 0.06712361 0.07639244 0.02501384
0.04547612 0.00800091 0.00070544 0.01162688 0.03833935 0.33501225 0.09495291 0.33772045 0.04152490 0.06624277 0.07286763 0.07721021 0.02524617
0.04516813 0.00437461 0.00057840 0.00471385 0.01947481 0.33514297 0.09026708 0.33793347 0.04701495 0.06783324 0.07180755 0.08551144 0.02946282
0.04413961 0.00255048 0.00115265 0.00487379 0.02588710 0.33402874 0.09266384 0.33675842 0.04455972 0.06971797 0.07308226 0.07926548 0.04191579
0.04255370 0.00573000 0.00067478 0.00722385 0.03636348 0.33560370 0.09544069 0.33669090 0.04187713 0.07489685 0.07409186 0.07875389 0.02744952
0.04178717 0.00421150 0.00069957 0.00263082 0.02535671 0.33402127 0.10550811 0.33658570 0.04103721 0.07968594 0.06860799 0.07985560 0.02865918
0.04101318 0.00332095 0.00095261 0.00306306 0.02546367 0.33502667 0.09860149 0.33665773 0.03688295 0.08396005 0.07439862 0.07777052 0.02715671
0.04103898 0.00305296 0.00070999 0.00405828 0.02329292 0.33423405 0.09451685 0.33791250 0.04497260 0.08623804 0.06078674 0.07979332 0.02709684
0.03984755 0.00753580 0.00081771 0.00561221 0.02125324 0.33479396 0.09415605 0.33747480 0.03386537 0.08819318 0.06461352 0.07704313 0.02791218
0.03957222 0.00304108 0.00066221 0.00490304 0.00631875 0.33537749 0.09150449 0.33863046 0.03592665 0.08687237 0.06912255 0.07838159 0.03600951
0.03909661 0.00793672 0.00066943 0.01156771 0.03927153 0.33466116 0.09986094 0.33821664 0.03258423 0.09436563 0.05579768 0.07444802 0.02632366
0.03910802 0.00303068 0.00061195 0.00028625 0.00126184 0.33579555 0.09213245 0.33754977 0.03469407 0.09269231 0.06981780 0.07643684 0.02832488
0.03936195 0.00190784 0.00046538 0.00030895 0.00109377 0.33518323 0.09861645 0.33762455 0.03668209 0.08997846 0.06180709 0.07719387 0.02814919
0.03946073 0.00104092 0.00040177 0.00032666 0.00062455 0.33586378 0.09597218 0.33681031 0.03486199 0.08640526 0.06617917 0.07795297 0.02867780
0.03916145 0.00093274 0.00039357 0.00030470 0.00067378 0.33580783 0.10488960 0.33634146 0.03690322 0.08084379 0.06180745 0.07773514 0.02720712
0.04457897 0.00780453 0.00194887 0.00894691 0.00767784 0.33544967 0.09861217 0.33654991 0.03858342 0.07365453 0.07152502 0.07832337 0.02853904
0.04699205 0.00103628 0.00396859 0.00027603 0.00073902 0.33497767 0.10281276 0.33718734 0.04157123 0.06712568 0.06795217 0.08139608 0.02839597
0.05000235 0.00096062 0.00120159 0.00027877 0.00068975 0.33543647 0.09657833 0.33737245 0.04245780 0.06044248 0.07482375 0.07881962 0.02916574
0.05026347 0.00181020 0.00085706 0.00032956 0.00450204 0.33519602 0.10095783 0.33814592 0.04555486 0.05568820 0.07257296 0.07668982 0.02794011
0.04970427 0.00358526 0.00059925 0.00086714 0.02858026 0.33586181 0.09804832 0.33863826 0.05088711 0.05400888 0.07831509 0.07908859 0.02828781
0.04869672 0.00515873 0.00064438 0.00331858 0.02549648 0.33533972 0.09666125 0.33869410 0.05864816 0.05849447 0.07515145 0.07743777 0.02845514
0.04796982 0.00367090 0.00082500 0.00669121 0.00286731 0.33603734 0.09895685 0.33856941 0.05781876 0.06889450 0.07654541 0.08038906 0.04602448
0.04662170 0.00305319 0.00079941 0.00421108 0.03884499 0.33512371 0.09298110 0.33758625 0.05251143 0.07684499 0.08413544 0.07967940 0.02839893
0.04482691 0.00211441 0.00087737 0.00118985 0.03665901 0.33593725 0.09968941 0.33817947 0.04765014 0.08488548 0.07020924 0.07992497 0.04135307
0.04243990 0.00902038 0.00092488 0.00691820 0.02877789 0.33495573 0.09277170 0.33738069 0.04390816 0.09164174 0.07588817 0.07994774 0.03084957
0.04032017 0.00187883 0.00189464 0.00145357 0.00331902 0.33601676 0.10656238 0.33768206 0.04797765 0.09837553 0.06013805 0.07888219 0.02760479
0.03836265 0.00174827 0.00193634 0.00041499 0.00277988 0.33455511 0.10004560 0.33746029 0.02973408 0.09774725 0.07370983 0.07887157 0.02823426
0.03809908 0.00266530 0.00226328 0.00045206 0.00245638 0.33683557 0.10067391 0.33815874 0.04197651 0.09801293 0.05746700 0.07908681 0.02499423
0.04007846 0.00264352 0.00128227 0.00026293 0.00179648 0.33463719 0.09289767 0.33751988 0.04634926 0.09832110 0.05971131 0.07561987 0.02808264
0.04272558 0.00179657 0.00071105 0.00038894 0.00105123 0.33655728 0.09391824 0.33760358 0.03235391 0.09449377 0.06709975 0.07510597 0.02796579
0.04393942 0.00496136 0.00066843 0.01106983 0.03670561 0.33614518 0.09958928 0.33771912 0.03084581 0.08726028 0.05773657 0.07610697 0.02824922
0.04418954 0.01324698 0.00043111 0.01251709 0.04124467 0.33558506 0.08752879 0.33789699 0.04030909 0.08607416 0.06800236 0.07851099 0.03991551
0.04386291 0.00878391 0.00061818 0.01346619 0.04420252 0.33622339 0.09660441 0.33702979 0.04771425 0.08108176 0.05846399 0.07932053 0.02962858
0.04348121 0.00551343 0.00140356 0.00470672 0.03081417 0.33485416 0.08693046 0.33510724 0.03949619 0.07120108 0.06775477 0.07933586 0.04006556
0.04337341 0.00528489 0.00092466 0.00439598 0.02574692 0.33653216 0.09609171 0.33658400 0.04142827 0.06954474 0.06452656 0.08074237 0.03738553
0.04377955 0.00254424 0.00103233 0.00054860 0.01335217 0.33598777 0.09589455 0.33553098 0.04193500 0.06690014 0.06412361 0.07885620 0.02871225
0.04193807 0.00323771 0.00069631 0.00055798 0.00477865 0.33634858 0.09379107 0.33759799 0.05666268 0.06352201 0.06875616 0.07873637 0.02558597
0.04167066 0.01318988 0.00224503 0.01313113 0.01445875 0.33663058 0.09400213 0.33754499 0.04928609 0.06590644 0.06928956 0.07646128 0.02755895
0.04068842 0.00281688 0.00138908 0.00295870 0.01972594 0.33489580 0.09202936 0.33806023 0.03939326 0.06842624 0.06908264 0.07796364 0.02784729
0.04047002 0.00346086 0.00097487 0.00587205 0.04414445 0.33574734 0.09094471 0.33767915 0.03864025 0.06595505 0.06747819 0.07482108 0.02611973
0.04108520 0.00139118 0.00396779 0.00057704 0.00139826 0.33454491 0.10369700 0.33666377 0.03987433 0.07044054 0.06000878 0.08348275 0.02632378
0.04185732 0.00119788 0.00152182 0.00057059 0.00155518 0.33527736 0.08632554 0.33610649 0.03517829 0.07443304 0.07791338 0.07668725 0.02521898
0.04280115 0.00735486 0.00088674 0.00669454 0.02658009 0.33464111 0.08616947 0.33541866 0.04534786 0.07741468 0.06162973 0.08174788 0.02574669
0.04375947 0.00293239 0.00071936 0.00597046 0.02264028 0.33500404 0.08708529 0.33508526 0.05059287 0.08102405 0.06175670 0.07842070 0.02760277
0.04385311 0.00202926 0.00144042 0.00048706 0.00300273 0.33401507 0.08851075 0.33603120 0.03083211 0.08374408 0.07684379 0.07816443 0.02512790
0.04366532 0.00147608 0.00096297 0.00064126 0.00245855 0.33446259 0.10309564 0.33575529 0.03946668 0.08504712 0.05366216 0.07899859 0.02352145
0.05421743 0.00238431 0.00163273 0.00062906 0.00287553 0.33326778 0.08171574 0.33672437 0.04452563 0.08626184 0.07540049 0.07705702 0.02628375
0.05357175 0.00207200 0.00121646 0.00090803 0.00194458 0.33485051 0.09285396 0.33791332 0.05137234 0.08313833 0.05714774 0.07632740 0.02564839
0.05272781 0.01032210 0.00080890 0.00848747 0.01501085 0.33418180 0.08299310 0.33691248 0.04675304 0.08146853 0.06597107 0.07498933 0.02728225
0.05089457 0.00361653 0.00072678 0.00526717 0.02408073 0.33490602 0.09049898 0.33812783 0.04102501 0.07858589 0.06858300 0.07557886 0.02593077
0.05061154 0.00198057 0.00141818 0.00188468 0.00191591 0.33455021 0.09466692 0.33669173 0.04730677 0.07302066 0.06515413 0.07757521 0.03536158
0.05008699 0.00230200 0.00107280 0.00408393 0.03619151 0.33459047 0.08957015 0.33608064 0.04318112 0.07741690 0.07149645 0.08171849 0.02737226
0.04898260 0.01076606 0.00138054 0.01102925 0.03922248 0.33416732 0.08976730 0.33624145 0.04409535 0.07424504 0.06778859 0.07916042 0.02662840
0.04946423 0.01049007 0.00090545 0.01347081 0.04967597 0.33385107 0.08937331 0.33470370 0.04069056 0.07012502 0.07353279 0.08022323 0.02551866
0.05012875 0.00702786 0.00080126 0.00656218 0.04458864 0.33491513 0.08462298 0.33629288 0.04889759 0.06718755 0.07105821 0.08014813 0.02766669
0.05096288 0.00480446 0.00049270 0.00373262 0.03534550 0.33335313 0.09291187 0.33664895 0.05055724 0.06534573 0.06944035 0.07865193 0.02776936
0.05098923 0.00499252 0.00048442 0.00749374 0.02572017 0.33445363 0.10128136 0.33790939 0.05212824 0.06501679 0.07163386 0.08020078 0.02504644
0.05141611 0.00338844 0.00048106 0.00154044 0.03078881 0.33289552 0.10059562 0.33784324 0.04572713 0.06567776 0.07012339 0.07654327 0.03735676
0.05108120 0.01305880 0.00059470 0.01388378 0.03773003 0.33462980 0.09739986 0.33787717 0.04392897 0.06166044 0.07027013 0.07724685 0.04836373
0.05024159 0.01177232 0.00058730 0.01339501 0.03068974 0.33299718 0.08813440 0.33762751 0.04427568 0.06754455 0.07701341 0.07788741 0.03419773
0.05106411 0.00378023 0.00110277 0.00510857 0.05132299 0.33453942 0.09798340 0.33746908 0.04591086 0.07854083 0.05937242 0.07865680 0.04166108
0.05073781 0.00464905 0.00139052 0.00421134 0.04503317 0.33320938 0.08856282 0.33558081 0.03755142 0.08494600 0.07119058 0.07928436 0.03231155
0.05030616 0.00534619 0.00108755 0.00631663 0.03948669 0.33373765 0.09799416 0.33514696 0.04615549 0.08678902 0.05690576 0.07845077 0.03325068
0.05398148 0.00409031 0.00088710 0.00539371 0.02098488 0.33388809 0.09053427 0.33528655 0.03167866 0.09084606 0.06876942 0.07846603 0.03458503
0.05844814 0.00240048 0.00198969 0.00146839 0.00302699 0.33195769 0.09516666 0.33516434 0.03779769 0.09342667 0.07101555 0.08093050 0.02724093
0.06365149 0.00147644 0.00081240 0.00071214 0.00120581 0.33362872 0.09536988 0.33616408 0.04603642 0.09212291 0.05892128 0.07958985 0.03188780
0.06623692 0.00297654 0.00058709 0.00470854 0.02809624 0.33102076 0.09054108 0.33650678 0.03470775 0.09041620 0.07043793 0.07675903 0.02623978
0.06549593 0.00446761 0.00055340 0.00545391 0.02417446 0.33370046 0.09527656 0.33751040 0.03843152 0.08653292 0.06150759 0.07552494 0.03223063
0.06426690 0.00586078 0.00051057 0.00587626 0.04963029 0.33150892 0.08713029 0.33742366 0.03937930 0.08169708 0.06815614 0.07602283 0.03222136
0.06341127 0.00998305 0.00107576 0.01092833 0.04271782 0.33326408 0.09271811 0.33709228 0.04381956 0.07667635 0.06685809 0.07867339 0.02687108
0.06230341 0.00541910 0.00073858 0.00491637 0.02806404 0.33231204 0.09684600 0.33660675 0.04556431 0.07209890 0.07064799 0.07788439 0.02723979
0.05921495 0.00394475 0.00089814 0.00537948 0.03989478 0.33305018 0.09126568 0.33596755 0.04461475 0.06639248 0.07215241 0.07943256 0.02598043
0.05584002 0.00255758 0.00177935 0.00201888 0.00514288 0.33178342 0.08765329 0.33408237 0.06469044 0.07010463 0.06979769 0.07885515 0.02530742
0.05326091 0.00404067 0.00155779 0.00225368 0.02578057 0.33217101 0.08916409 0.33511885 0.04844968 0.06769800 0.06867898 0.07923238 0.02638013
0.05226049 0.00705969 0.00142052 0.01114252 0.01858482 0.33310081 0.08189985 0.33600233 0.04555638 0.06855783 0.07522100 0.07985980 0.02589097
0.05329334 0.00267286 0.00116718 0.00225351 0.02130158 0.33235856 0.09225063 0.33635477 0.04551941 0.07191951 0.05949806 0.07891737 0.02594264
0.05361951 0.00406011 0.00090377 0.00352463 0.02785829 0.33229354 0.08348789 0.33729007 0.04338612 0.07678395 0.07142530 0.07476544 0.02597839
0.05413594 0.00109647 0.00084169 0.00057006 0.00172968 0.33258602 0.09314476 0.33694697 0.04084755 0.08351815 0.06342229 0.07457567 0.02349939
0.05423833 0.00117330 0.00055362 0.00029695 0.00063611 0.33215531 0.09099434 0.33722290 0.04323193 0.08893509 0.06399800 0.07501130 0.02392829
0.06506042 0.00116944 0.00160663 0.00093064 0.00054901 0.33321090 0.08972348 0.33695371 0.03660618 0.09995883 0.07567350 0.07737993 0.02486417
0.07389435 0.01006240 0.00138302 0.01075847 0.03776114 0.33228501 0.09559060 0.33603970 0.04440263 0.09213646 0.05448664 0.07714149 0.02688673
0.07484261 0.00445545 0.00096160 0.00197990 0.02344153 0.33346705 0.08020345 0.33584819 0.03779928 0.09532064 0.07430290 0.07783355 0.02711820
0.07559651 0.00423256 0.00080025 0.00451247 0.04511248 0.33227689 0.09043491 0.33468597 0.03939112 0.09525839 0.05207362 0.08281596 0.02695097
0.07515121 0.00527418 0.00186129 0.00584052 0.02935286 0.33334628 0.08495579 0.33495245 0.03397894 0.10194196 0.06471216 0.07843839 0.02428564
0.07107836 0.00363627 0.00200407 0.00501447 0.03853988 0.33235556 0.09334405 0.33613964 0.03479795 0.10001732 0.06339060 0.08013522 0.02476964
0.07398607 0.00146196 0.00170011 0.00174230 0.01332117 0.33323499 0.08811025 0.33661405 0.04296018 0.10498969 0.05872886 0.07745721 0.02404237
0.07803100 0.00247569 0.00121754 0.00132419 0.01180895 0.33210317 0.07921858 0.33672009 0.05678174 0.10187762 0.06612017 0.07504266 0.02469777
0.07475568 0.00426692 0.00086913 0.00103212 0.00447089 0.33382716 0.08326858 0.33661244 0.04839609 0.09603333 0.06759787 0.07511788 0.02454269
0.07509524 0.00251851 0.00063946 0.00089891 0.00279238 0.33180003 0.08185066 0.33658222 0.05533239 0.08882665 0.07286685 0.07750232 0.02426845
0.07667534 0.00163580 0.00078494 0.00047336 0.00131601 0.33471200 0.08763723 0.33708739 0.04827610 0.08250631 0.07936200 0.07933229 0.02280325
0.07493452 0.00688623 0.00055260 0.00977236 0.02099550 0.33205756 0.08420672 0.33501180 0.05926213 0.07608663 0.06848990 0.08006269 0.02348629
0.07201902 0.01303226 0.00065708 0.01365585 0.01501327 0.33268706 0.08678686 0.33610484 0.05296936 0.07358532 0.07454709 0.07753491 0.02297844
0.07006638 0.00660605 0.00085260 0.00666848 0.02804283 0.33193560 0.07909207 0.33449222 0.05420968 0.07240126 0.07531288 0.07887788 0.03385929
0.06667881 0.00810285 0.00059633 0.00730049 0.04331424 0.33175054 0.08258666 0.33650088 0.05451082 0.07703773 0.06880596 0.08101057 0.02711505
0.06596779 0.00830534 0.00062724 0.00863523 0.05281526 0.33128939 0.07743464 0.33697810 0.04531085 0.08060883 0.07935561 0.07817063 0.03475725
0.06594278 0.00392700 0.00190494 0.00414839 0.03932985 0.33032940 0.09650672 0.33674095 0.05087995 0.08363907 0.05915482 0.07688465 0.03861999
0.06618049 0.00370994 0.00217727 0.00278738 0.04170814 0.33174613 0.09100850 0.33676657 0.04089988 0.08196606 0.07104733 0.08028639 0.02889209
0.06368024 0.00691146 0.00326345 0.00858974 0.03987446 0.33157335 0.09146025 0.33721013 0.04184482 0.08942229 0.06063370 0.07623947 0.03441285
0.06488722 0.00489148 0.00202271 0.00184055 0.01825161 0.33195835 0.09170413 0.33556334 0.04481990 0.10052641 0.07065415 0.07870279 0.02613525
0.06614932 0.00144067 0.00111836 0.00378707 0.04041134 0.33119856 0.08452725 0.33510622 0.04236186 0.10425309 0.06198345 0.07779736 0.03531914
0.06658108 0.00274324 0.00081961 0.00235964 0.03886661 0.33254173 0.08907101 0.33467992 0.03972429 0.10372252 0.06388955 0.07909676 0.02459500
0.06471592 0.00757712 0.00102009 0.01102104 0.04265575 0.32949533 0.08386683 0.33278423 0.03913727 0.10088552 0.06147379 0.07684173 0.02348780
0.06374479 0.00329666 0.00165058 0.00434266 0.02613066 0.33265016 0.08186806 0.33489730 0.03878684 0.09720344 0.06924284 0.07861943 0.02341236
0.06469984 0.00296935 0.00150697 0.00105205 0.01965795 0.32927360 0.08404247 0.33364592 0.04120440 0.09152459 0.06400057 0.07900882 0.02498820
0.06717479 0.01078340 0.00127577 0.01092113 0.04362094 0.33252733 0.07922356 0.33510375 0.04476567 0.08644553 0.06195232 0.07904040 0.02414662
0.06603314 0.00239161 0.00156771 0.00252572 0.03241372 0.33087023 0.07956152 0.33540235 0.04611273 0.08528249 0.06834035 0.07302309 0.02397671
0.06821079 0.00097644 0.00152932 0.00023007 0.00075040 0.33117211 0.08266156 0.33462465 0.04666123 0.08011186 0.06283974 0.07823690 0.02179630
0.06845783 0.00547322 0.00138996 0.00055338 0.00329631 0.33225097 0.07467611 0.33523543 0.05481580 0.07489613 0.07541539 0.07647459 0.02151052
0.06881299 0.00324146 0.00095575 0.00170111 0.03559973 0.33113956 0.08502771 0.33537469 0.05185261 0.06176721 0.05975404 0.07943412 0.02218575
0.06883464 0.00487316 0.00107450 0.00427597 0.02444433 0.33159822 0.07288395 0.33303583 0.04512396 0.06004688 0.08004735 0.07673200 0.02256459
0.06829650 0.00394301 0.00086966 0.00291498 0.02503911 0.33270954 0.08073434 0.33309776 0.04582967 0.06072316 0.06671390 0.07857160 0.02401600
0.06621076 0.00541955 0.00081328 0.00450117 0.02020628 0.33094441 0.07349102 0.33288482 0.05454583 0.06690392 0.06851430 0.07897526 0.02342770
0.06297949 0.01032437 0.00107973 0.01089526 0.06581987 0.33282934 0.07049570 0.33380687 0.05010641 0.07528366 0.06469136 0.08027800 0.02401072
0.05921604 0.00787560 0.00125200 0.00703385 0.05814242 0.33133017 0.08429325 0.33382381 0.03930283 0.08359512 0.05572304 0.07880938 0.02372239
0.05863233 0.00615143 0.00371082 0.00492859 0.04166265 0.33479509 0.06919452 0.33518791 0.03346806 0.09508109 0.05971613 0.07610598 0.02694877
0.05630142 0.01176006 0.00159230 0.01315791 0.05246684 0.33292214 0.06980372 0.33528624 0.03143874 0.09969162 0.05129673 0.07462086 0.02429020
0.05653780 0.00636061 0.00168706 0.00603061 0.04973135 0.33478635 0.07530726 0.33564927 0.03706741 0.10604297 0.04778853 0.07293571 0.02351968
0.05762622 0.01018775 0.00099872 0.00985042 0.06088547 0.33393174 0.07255207 0.33461662 0.03707411 0.10703367 0.04779997 0.07546839 0.02118730
0.05865279 0.00770247 0.00080899 0.00780804 0.05303328 0.33488306 0.06539453 0.33466590 0.03454329 0.10466365 0.05419166 0.07593055 0.02371383
0.06001121 0.00399392 0.00137923 0.00543321 0.04846315 0.33418814 0.07109120 0.33370486 0.04455988 0.09684496 0.04836772 0.07552018 0.02010626
0.06216576 0.00316926 0.00093320 0.00265951 0.03172664 0.33581428 0.06418746 0.33304956 0.04396596 0.09114854 0.04821383 0.07407900 0.02116770
0.06368063 0.00309840 0.00103789 0.00423781 0.02093894 0.33389237 0.07175919 0.33337493 0.04006527 0.09024902 0.04907367 0.07369316 0.01900317
0.07546831 0.01150922 0.00074820 0.01142548 0.02388067 0.33599968 0.06395019 0.33453303 0.03704313 0.08629238 0.06622818 0.07590608 0.02325942
0.07707507 0.00415274 0.00148721 0.00347264 0.03793623 0.33452599 0.06604249 0.33569111 0.04738132 0.08762348 0.05671448 0.07452295 0.02002363
0.07766336 0.00361969 0.00141258 0.00161400 0.04214628 0.33466868 0.06602037 0.33475423 0.04752001 0.08174412 0.06189103 0.07332191 0.02262203
0.07789704 0.00280181 0.00098878 0.00549836 0.02776283 0.33559251 0.06497950 0.33549167 0.04482977 0.07566835 0.06492729 0.07466164 0.01825656
0.07629122 0.00104448 0.00201259 0.00185075 0.01677936 0.33438554 0.07507258 0.33477706 0.04856278 0.07167793 0.05818015 0.07365826 0.01944070
0.07345211 0.00395492 0.00117520 0.00421078 0.02885087 0.33579022 0.06130422 0.33418677 0.04189833 0.06738433 0.07290308 0.07938085 0.02018990
0.07165168 0.00337804 0.00107938 0.00490273 0.03236938 0.33545580 0.07268624 0.33368574 0.04770117 0.06767434 0.05764439 0.07494903 0.02071701
0.07074589 0.00350168 0.00132672 0.00352057 0.04439647 0.33587814 0.06350975 0.33466711 0.05765815 0.07042370 0.07012049 0.07833219 0.02392436
0.06868305 0.00718208 0.00110397 0.00944072 0.03480794 0.33503085 0.06756648 0.33415576 0.04533388 0.08200181 0.06482604 0.07553173 0.02275531
0.06738753 0.00791432 0.00230088 0.00813235 0.03367479 0.33474728 0.07537792 0.33449531 0.04725276 0.08106877 0.06030993 0.07591590 0.02612740
0.06337421 0.00416897 0.00112827 0.00579519 0.02986622 0.33474568 0.06625447 0.33560082 0.04559273 0.08725726 0.06611717 0.07644500 0.04006457
0.06087271 0.00752048 0.00120722 0.00965266 0.04339700 0.33495591 0.07082796 0.33723668 0.04119198 0.09659891 0.06232563 0.07626546 0.03075648
0.07250214 0.00420993 0.00168614 0.00321201 0.02082567 0.33550337 0.07706605 0.33638264 0.03862877 0.10280786 0.05854997 0.07248869 0.02591011
0.07175263 0.00507051 0.00126127 0.00482849 0.03082302 0.33625487 0.07050538 0.33595764 0.03940057 0.10751881 0.05830347 0.07510443 0.02999380
0.06988716 0.00300629 0.00142868 0.00233255 0.04132157 0.33556861 0.07398494 0.33641295 0.03917158 0.10924613 0.04715682 0.07563689 0.02235404
0.06889199 0.00329694 0.00155152 0.00470906 0.00648451 0.33597416 0.07495321 0.33506662 0.02753819 0.10821672 0.05514043 0.07850872 0.03051172
0.06829078 0.00199858 0.00128819 0.00237081 0.00307154 0.33574277 0.08224502 0.33335184 0.03125804 0.10509180 0.05140443 0.07472831 0.02949290
0.06787386 0.01467833 0.00145075 0.01395460 0.02528099 0.33476585 0.07325996 0.33459213 0.04525990 0.10007494 0.04984207 0.07535211 0.03630425
0.06684065 0.00844663 0.00278297 0.00962582 0.02686469 0.33469208 0.06493417 0.33269074 0.05994647 0.09460993 0.05715982 0.07620723 0.02094010
0.06532915 0.00429062 0.00138820 0.00597415 0.04929123 0.33422832 0.07621954 0.33565004 0.04469498 0.08792237 0.05563469 0.08322328 0.02252250
0.06256484 0.01441146 0.00112377 0.01531380 0.04015966 0.33493132 0.06515882 0.33572694 0.03983768 0.07969466 0.07148617 0.07472220 0.02198993
0.06256014 0.00730431 0.00111747 0.00745890 0.03767445 0.33545856 0.07413905 0.33638525 0.04754925 0.07358034 0.06085533 0.07588686 0.02472437
0.06319388 0.00482197 0.00097130 0.00475751 0.02567321 0.33443213 0.07792619 0.33719874 0.04726605 0.06772438 0.07088948 0.07379842 0.02410570
0.06405031 0.00447621 0.00075705 0.00371495 0.02962548 0.33694359 0.08044533 0.33750325 0.04596501 0.06584146 0.07664006 0.07665672 0.02280287
0.06463715 0.00586824 0.00060802 0.00175156 0.00479816 0.33512880 0.09728355 0.33675041 0.06208806 0.06622064 0.06272619 0.07753873 0.02108194
0.05288135 0.00382237 0.00056261 0.00244645 0.02487904 0.33661334 0.07955772 0.33707726 0.06132442 0.06978071 0.07611002 0.07796495 0.02399563
0.05145411 0.00950154 0.00059194 0.00893263 0.01219829 0.33567269 0.07844875 0.33508345 0.04802917 0.07518650 0.07486640 0.07621400 0.02638006
0.05148744 0.00273642 0.00063704 0.00154694 0.03771331 0.33588909 0.07598821 0.33433383 0.04003076 0.08234528 0.07160738 0.07558517 0.02751245
0.05039946 0.00679887 0.00075601 0.00515737 0.02801362 0.33577817 0.07121726 0.33606295 0.04779695 0.08934882 0.06657841 0.07657039 0.02360505
0.05211124 0.00491817 0.00101896 0.00341502 0.04319094 0.33627584 0.07955538 0.33560453 0.06440901 0.09366991 0.05155324 0.07726363 0.02283578
0.05533186 0.00463564 0.00147823 0.00498800 0.02905013 0.33456732 0.08026599 0.33625794 0.04928578 0.09863277 0.05230252 0.07366655 0.01932288
0.05396269 0.00423844 0.00108265 0.00659889 0.03266381 0.33777180 0.07036960 0.33649775 0.03169669 0.10193702 0.06828802 0.07374351 0.02380752
0.05131322 0.00516895 0.00138237 0.00486126 0.02925449 0.33336411 0.07278018 0.33617431 0.03315634 0.10754004 0.04799197 0.07234976 0.02393935
0.04999507 0.00188736 0.00141787 0.00090738 0.00250630 0.33709885 0.06798072 0.33622009 0.03794724 0.10722505 0.04992536 0.07401566 0.03239537
0.05225627 0.00284849 0.00076389 0.00407825 0.00606336 0.33295639 0.07698063 0.33491985 0.03205752 0.10302042 0.04987756 0.07351812 0.02586313
0.05341403 0.00085020 0.00097956 0.00121969 0.00097631 0.33529761 0.08843286 0.33554734 0.02771685 0.09720210 0.04859709 0.07676436 0.02954368
0.05347821 0.00086486 0.00471624 0.00251475 0.00176751 0.33303493 0.07688415 0.33436911 0.03069671 0.09305170 0.05812570 0.08078363 0.02290230
0.05294407 0.00133224 0.00120066 0.00304069 0.00076949 0.33385676 0.07757046 0.33490061 0.03953485 0.08163472 0.05538649 0.07714933 0.03523929
0.05334736 0.00464768 0.00093559 0.00529956 0.02041330 0.33324510 0.07215397 0.33465037 0.04274728 0.07141892 0.06518356 0.07709625 0.02300520
0.05413045 0.00483827 0.00058973 0.00420902 0.04798022 0.33308923 0.07649456 0.33598269 0.04698810 0.06403191 0.06282444 0.07531850 0.02759701
0.05456659 0.00332508 0.00057985 0.00375549 0.02972523 0.33247345 0.08199429 0.33547326 0.04674001 0.05859141 0.06857669 0.07490661 0.02094301
0.05342472 0.00742799 0.00043540 0.00689125 0.02606372 0.33339341 0.07953599 0.33551176 0.04494847 0.05741351 0.07069803 0.07443862 0.02310074
0.05204443 0.00302782 0.00107551 0.00355981 0.04753541 0.33283630 0.07547067 0.33567122 0.05077269 0.06158617 0.07058045 0.07465137 0.02082963
0.05101589 0.00350310 0.00102676 0.00094687 0.03017345 0.33307817 0.07271921 0.33400300 0.05524832 0.06688590 0.06355061 0.07786407 0.02207302
0.05101628 0.00291392 0.00090795 0.00151155 0.03597747 0.33351282 0.07425528 0.33489791 0.05890764 0.07176744 0.07164280 0.07812450 0.02200177
0.05197669 0.00373119 0.00055451 0.00190057 0.02399660 0.33270016 0.07903378 0.33311918 0.04872245 0.07781147 0.06863066 0.07592369 0.02414230
0.05223764 0.00126274 0.00314180 0.00442995 0.00737499 0.33440372 0.07712340 0.33398554 0.04074534 0.08182179 0.07484628 0.07646814 0.02579929
0.05136921 0.00319231 0.00081476 0.00367547 0.00371938 0.33297115 0.07863388 0.33402443 0.04654770 0.08583547 0.05852945 0.07631465 0.02919521
0.05059770 0.00809802 0.00078949 0.00658578 0.01326864 0.33459602 0.07560779 0.33621263 0.04194476 0.08689766 0.07143326 0.07702899 0.03164955
0.04995717 0.00446297 0.00143470 0.00330381 0.00548162 0.33356839 0.07310476 0.33573253 0.04663115 0.09365275 0.06550246 0.07631063 0.02498679
0.05037802 0.00223466 0.00131640 0.00082172 0.00134347 0.33461999 0.07498316 0.33584541 0.04644338 0.09553597 0.05543268 0.07325476 0.03816564
0.05061023 0.00595120 0.00081173 0.00982959 0.04052588 0.33409296 0.08072629 0.33571806 0.03865600 0.09833048 0.07118748 0.07351978 0.02089862
0.05050043 0.00364188 0.00067894 0.00331922 0.04101279 0.33566638 0.09179123 0.33547291 0.04064069 0.09806909 0.04520811 0.08517191 0.02136576
0.05012985 0.00383683 0.00221483 0.00570293 0.03354296 0.33410988 0.07085013 0.33438345 0.03354467 0.10320059 0.05924658 0.07447576 0.02058843
0.04991320 0.00443886 0.00148931 0.00653996 0.04767685 0.33658658 0.07519156 0.33359403 0.03459758 0.09824444 0.04925402 0.08431545 0.02423213
0.04967017 0.00393553 0.00148607 0.00149139 0.02169179 0.33389803 0.06887431 0.33218215 0.03502334 0.09005945 0.05787575 0.07504883 0.04517356
0.04954551 0.00477915 0.00082832 0.00546407 0.04829569 0.33732615 0.06469110 0.33355354 0.03774258 0.08277774 0.05930341 0.07692215 0.02186183
0.04903419 0.00390550 0.00393347 0.00229147 0.02379657 0.33530750 0.07461694 0.33279241 0.04998504 0.07148900 0.05570400 0.07621090 0.03204632
0.04900135 0.00357215 0.00098691 0.00590379 0.04768448 0.33771646 0.08062540 0.33426409 0.04337553 0.06265115 0.06409223 0.07936150 0.01935313
0.05047638 0.00182508 0.00065165 0.00136973 0.01734770 0.33648748 0.07463853 0.33432720 0.04731809 0.06106672 0.06815952 0.07401584 0.02548531
0.05155778 0.00362512 0.00045230 0.00531334 0.04590650 0.33736757 0.07369838 0.33526335 0.04947775 0.06071680 0.07236463 0.07587799 0.02333897
0.04994240 0.00453804 0.00050376 0.00287970 0.04083702 0.33670088 0.07339946 0.33531083 0.04927564 0.06229942 0.06903406 0.07489319 0.02630635
0.05007942 0.00480521 0.00041090 0.00735672 0.03902943 0.33736520 0.08365188 0.33516877 0.04746462 0.06518122 0.06428150 0.07631797 0.02319806
0.05041320 0.00569786 0.00042697 0.00760832 0.04362194 0.33574904 0.07684156 0.33421747 0.04149973 0.07328202 0.06460542 0.07528689 0.02176488
0.05057406 0.01055399 0.00172815 0.01056031 0.02795146 0.33650325 0.07516665 0.33376459 0.04665361 0.07773357 0.06780039 0.07635026 0.02696059
0.05034009 0.00616506 0.00078626 0.00689225 0.04921272 0.33487640 0.08030565 0.33348408 0.04247741 0.08010815 0.05635609 0.07661119 0.02506892
0.05034860 0.00404234 0.00056376 0.00466074 0.03417465 0.33573405 0.07060128 0.33382226 0.03547061 0.08344510 0.07002070 0.07628464 0.02705019
0.04991130 0.00239436 0.00364232 0.00447782 0.02421306 0.33498285 0.09248550 0.33397440 0.03761215 0.08369729 0.04390353 0.07732938 0.02084558
0.04921482 0.00070699 0.00138700 0.00022035 0.00044088 0.33432745 0.08689880 0.33412859 0.02995317 0.08912777 0.05956645 0.07364833 0.02195293
0.04980015 0.00113091 0.00080873 0.00066565 0.00145509 0.33429093 0.08275029 0.33494756 0.03313753 0.08802140 0.06198746 0.07418738 0.02282818
0.05080964 0.00178066 0.00070148 0.00022671 0.00133412 0.33334916 0.08072328 0.33409355 0.04170337 0.08332358 0.05149328 0.07293228 0.02487027
0.05086604 0.00163939 0.00060556 0.00043065 0.00178692 0.33408453 0.07239639 0.33407736 0.03787462 0.08009247 0.06642414 0.07447391 0.02515714
0.05049368 0.00930055 0.00052271 0.00839687 0.02397086 0.33348882 0.08771351 0.33400652 0.03684656 0.07480510 0.05780604 0.07541921 0.02337459
0.04955052 0.00257271 0.00070999 0.00088209 0.00254990 0.33317321 0.08429922 0.33404780 0.03853453 0.07080941 0.06435591 0.07730209 0.02505675
0.04892369 0.00350489 0.00080111 0.00389452 0.02152400 0.33491357 0.08239087 0.33364350 0.03928757 0.06777897 0.06051362 0.07589933 0.02353851
0.04890939 0.00163992 0.00116335 0.00372112 0.03166715 0.33223526 0.08693392 0.33423200 0.04170611 0.06452269 0.05930168 0.07740476 0.02319757
0.04809690 0.00143181 0.00074405 0.00238296 0.02143056 0.33521096 0.08252216 0.33547726 0.04149754 0.06803098 0.06865258 0.07712649 0.02533526
0.04746767 0.00213824 0.00063970 0.00221099 0.02888447 0.33237356 0.08790356 0.33605879 0.04336327 0.07112496 0.06476086 0.07749361 0.02496286
0.04715174 0.00129872 0.00074583 0.00251757 0.02829383 0.33380136 0.08241933 0.33662657 0.03974179 0.07259474 0.07307656 0.07463890 0.02500273
0.04700063 0.00889949 0.00069191 0.00175492 0.00828740 0.33307740 0.08651997 0.33632483 0.05598603 0.07799563 0.05934559 0.07570790 0.02509484
0.04731578 0.00421700 0.00066397 0.00116691 0.00463871 0.33452494 0.08235409 0.33645510 0.05269792 0.07847709 0.07735427 0.07562832 0.02746737
0.04729442 0.00243576 0.00054943 0.00300315 0.00515072 0.33387292 0.08297281 0.33541808 0.04629394 0.07984268 0.06974753 0.07732777 0.03496986
0.04669991 0.00290056 0.00046389 0.00153044 0.00229437 0.33454411 0.09224783 0.33493476 0.05130803 0.08141510 0.06884939 0.07674532 0.02417650
0.04643440 0.00542585 0.00332472 0.00497756 0.02227779 0.33436877 0.08546391 0.33418282 0.04427751 0.09154499 0.06683826 0.07730725 0.02273416
0.04645089 0.00306857 0.00093064 0.00083115 0.00275814 0.33561362 0.08529907 0.33513346 0.05748251 0.09299159 0.05957459 0.07643042 0.02126769
0.04647961 0.00228628 0.00063598 0.00048042 0.00195954 0.33520548 0.08585237 0.33505181 0.04570808 0.08695584 0.07076384 0.07637333 0.02213788
0.04651281 0.00119227 0.00082670 0.00059925 0.00154477 0.33491014 0.07560241 0.33596045 0.03855582 0.08809297 0.07867916 0.07562196 0.02285620
0.04612236 0.00153380 0.00111462 0.00023799 0.00088832 0.33675177 0.07496177 0.33649372 0.04221514 0.08780194 0.06427915 0.07778590 0.02173288
0.04623159 0.00258066 0.00152911 0.00040379 0.00120949 0.33470267 0.07577907 0.33639870 0.04348338 0.08670315 0.06121635 0.07332703 0.02138253
0.04654395 0.00103550 0.00092988 0.00029444 0.03766153 0.33712803 0.08040875 0.33659765 0.03757712 0.08556133 0.05761847 0.07503479 0.02024422
0.04721267 0.00123814 0.00070347 0.00027754 0.00069071 0.33435068 0.07762789 0.33590683 0.04220919 0.08493112 0.06180232 0.07309704 0.02191222
0.04746383 0.00103771 0.00064026 0.00077846 0.00125874 0.33616995 0.07097243 0.33564932 0.03992636 0.08427947 0.07315789 0.07661083 0.02273566
0.04727508 0.00260714 0.00086138 0.00510288 0.00518675 0.33489586 0.07806402 0.33431953 0.04180488 0.08028100 0.06566273 0.07588216 0.02884762
0.04707890 0.00316194 0.00062200 0.00039759 0.00271662 0.33520524 0.06994244 0.33441305 0.05225771 0.07792970 0.07063348 0.07684358 0.02437562
0.04699978 0.00678345 0.00055457 0.00701417 0.01902300 0.33443006 0.08505045 0.33500436 0.04602447 0.07784664 0.06542226 0.07717152 0.02163833
0.04655295 0.00655820 0.00046709 0.00665561 0.01848028 0.33518701 0.07992925 0.33560198 0.04415355 0.07497622 0.07108148 0.07703570 0.02324169
0.04582000 0.00643357 0.00060663 0.00614550 0.04847722 0.33382419 0.08250567 0.33549908 0.04552794 0.06875417 0.06593439 0.07616465 0.02240487
0.04500992 0.00355585 0.00051199 0.00245672 0.02916184 0.33530518 0.07881524 0.33702198 0.04426703 0.07164904 0.07020298 0.07610995 0.02311513
0.05725379 0.00131517 0.00139772 0.00045716 0.00130932 0.33330058 0.08682544 0.33668627 0.03780374 0.08651287 0.06729658 0.07568880 0.02259349
0.05763296 0.00107739 0.00090836 0.00058325 0.00107470 0.33522697 0.08265506 0.33619603 0.03907094 0.08810496 0.06220603 0.07540688 0.02216408
0.05517159 0.00092413 0.00084812 0.00020964 0.00061739 0.33281264 0.08399330 0.33519689 0.03582871 0.09280205 0.06034399 0.07531357 0.02288345
0.05702295 0.00200819 0.00064197 0.00108676 0.02959734 0.33391490 0.07896635 0.33523490 0.03398749 0.09156793 0.06429869 0.07583619 0.02375680
0.05813986 0.00295695 0.00045346 0.00368777 0.02637441 0.33410178 0.08723155 0.33428577 0.03775846 0.08800370 0.05703183 0.07687902 0.02306000
0.05876285 0.00298931 0.00113243 0.00074916 0.00408517 0.33231636 0.08153453 0.33351956 0.03368452 0.08901223 0.06255895 0.07728567 0.02382594
0.05894747 0.00265524 0.00096659 0.00037951 0.00297784 0.33410390 0.07637865 0.33518754 0.04196727 0.08631635 0.06582323 0.07697705 0.02146439
0.05943923 0.00191730 0.00078190 0.00060872 0.00164699 0.33236821 0.08157027 0.33466532 0.04732073 0.08228423 0.05713533 0.07577668 0.02172144
0.05999061 0.00082996 0.00149983 0.00029179 0.00056581 0.33226137 0.08480749 0.33545030 0.03654705 0.07738972 0.06705006 0.07461743 0.02205263
0.06044339 0.00340063 0.00185752 0.00232609 0.03590157 0.33271912 0.07679405 0.33527907 0.03887049 0.07073540 0.06449577 0.07336087 0.02121200
0.06055026 0.00302697 0.00103330 0.00101497 0.03324785 0.33101396 0.07529262 0.33476673 0.05975572 0.06784902 0.06134678 0.07495519 0.02291444
0.06048086 0.00647663 0.00069151 0.00662526 0.02762887 0.33154473 0.07685858 0.33482823 0.04676253 0.06696123 0.07241848 0.07559616 0.02510025
0.06041256 0.00289650 0.00059568 0.00086666 0.00190463 0.33130829 0.07987067 0.33432786 0.05927644 0.06927376 0.07817164 0.07823286 0.02251284
0.05999533 0.00219624 0.00059980 0.00138810 0.00228246 0.33033752 0.09666513 0.33364369 0.04728153 0.07363558 0.07605259 0.07654430 0.02307113
0.05934654 0.01027831 0.00055881 0.00850844 0.01220526 0.33107218 0.07950674 0.33501758 0.04806081 0.07748090 0.07660385 0.07947891 0.02636465
0.05856880 0.00326843 0.00063865 0.00046952 0.00205899 0.33045670 0.08489113 0.33442361 0.05452739 0.08194512 0.07503596 0.07685223 0.02273244
0.05726230 0.00351859 0.00085341 0.00058644 0.00207749 0.33139940 0.08064672 0.33541146 0.04912830 0.08590379 0.06973914 0.07730663 0.02482599
0.05653480 0.00530287 0.00076980 0.00656881 0.03038609 0.33141501 0.07773622 0.33642903 0.05515974 0.08349709 0.06790159 0.07559916 0.02396554
0.05607399 0.00427931 0.00204466 0.00259131 0.04063201 0.33230824 0.08495874 0.33670209 0.04355544 0.09570600 0.06347116 0.07711232 0.03713433
0.05564290 0.00498247 0.00096842 0.00745414 0.04351376 0.33214337 0.07815263 0.33622732 0.03912777 0.09882089 0.06387391 0.07360707 0.02158392
0.05610158 0.00419859 0.00200492 0.00196850 0.02082028 0.33313382 0.08831493 0.33562637 0.03851901 0.10176687 0.05544709 0.07588629 0.02272524
0.05571201 0.00558425 0.00092191 0.00497135 0.03066513 0.33164333 0.07662360 0.33454166 0.04701725 0.10603573 0.06584212 0.07542300 0.02331880
0.05580756 0.00524046 0.00086444 0.00613735 0.04467657 0.33378654 0.07300434 0.33486339 0.04152310 0.10014356 0.07329925 0.07772934 0.02431870
0.05999498 0.00797251 0.00107083 0.00664626 0.05756283 0.33297075 0.07169040 0.33385891 0.04820103 0.09179347 0.06796628 0.07719880 0.02686458
0.06075283 0.00656284 0.00128646 0.00630477 0.05217514 0.33368301 0.08116687 0.33441351 0.05424152 0.09551137 0.06091118 0.07893462 0.02079598
0.06185983 0.00162240 0.00176547 0.00076095 0.04016440 0.33443648 0.08434646 0.33405977 0.04598023 0.09595126 0.05889135 0.07613615 0.02083242
0.06256595 0.00276983 0.00094593 0.00204994 0.02330185 0.33418684 0.08022022 0.33496514 0.03867447 0.08207875 0.06755022 0.07609126 0.01944568
0.06276838 0.01008214 0.00052539 0.00858332 0.03118442 0.33450755 0.07179664 0.33582072 0.04186919 0.08014744 0.06469488 0.07399263 0.02274849
0.06165144 0.00344810 0.00048142 0.00263933 0.02381425 0.33448154 0.06315011 0.33596334 0.04567480 0.07747326 0.06719708 0.07360851 0.02010041
0.06101554 0.00734423 0.00055130 0.00440607 0.01739916 0.33435019 0.06187045 0.33571250 0.05561999 0.07836368 0.06430634 0.07400720 0.02176145
0.06004115 0.00579144 0.00054720 0.00660412 0.02779767 0.33477646 0.07363471 0.33545300 0.05213687 0.07122971 0.06297384 0.07506254 0.02037632
0.05989253 0.00996077 0.00053594 0.00809319 0.02972689 0.33412590 0.06701774 0.33501383 0.04494829 0.07426955 0.07496870 0.07542081 0.02365429
0.05900877 0.00401112 0.00063284 0.00501961 0.02716878 0.33418548 0.08251859 0.33436632 0.04825231 0.07680532 0.06477953 0.07670816 0.02116242
0.05827051 0.00187080 0.00175035 0.00043444 0.00246002 0.33371264 0.07692548 0.33371124 0.04555165 0.08149257 0.06943408 0.07856120 0.02051607
0.05762337 0.00118575 0.00128475 0.00313994 0.00395165 0.33370005 0.07304539 0.33403324 0.04477111 0.08587098 0.06085183 0.07463696 0.02779708
0.05807449 0.00101460 0.00090838 0.00026401 0.00068435 0.33364289 0.07843981 0.33452732 0.04157149 0.09016785 0.06475034 0.07468986 0.02036301
0.05826961 0.00093572 0.00078967 0.00066521 0.00136604 0.33289698 0.07324244 0.33518745 0.03912650 0.09460360 0.06384968 0.07378652 0.02077763
0.05854717 0.00140847 0.00074580 0.00039632 0.00210972 0.33285197 0.07297522 0.33625951 0.03884379 0.10527161 0.07014384 0.07393279 0.02195192
0.05830147 0.00451720 0.00093126 0.00681281 0.02798682 0.33258533 0.08059192 0.33647952 0.04011409 0.10621933 0.06686449 0.07338434 0.02007152
0.05837281 0.00266475 0.00065270 0.00095483 0.02464707 0.33223424 0.07284192 0.33543246 0.04600432 0.10142290 0.05966732 0.07379809 0.02301938
0.05777529 0.00143082 0.00099393 0.00065314 0.00129894 0.33163065 0.09122911 0.33571232 0.03903623 0.10773832 0.06375602 0.07587476 0.01985633
0.06295500 0.00224402 0.00107164 0.00109239 0.00273843 0.33022412 0.08128555 0.33415210 0.04300805 0.09996614 0.07615234 0.07677736 0.02450644
0.06193821 0.00365761 0.00069605 0.00276581 0.03492714 0.33109227 0.07766314 0.33534334 0.04586212 0.09279367 0.06708139 0.07925213 0.02612751
0.05582802 0.00204245 0.00087659 0.00023277 0.00084695 0.33283187 0.07866426 0.33448758 0.04295014 0.09316366 0.06781157 0.07674843 0.02691775
0.05495876 0.00702046 0.00099341 0.00622328 0.01437083 0.33053185 0.07731967 0.33431105 0.04072389 0.08568440 0.07153800 0.07753910 0.02387511
0.05413550 0.00242362 0.00084355 0.00420261 0.03004566 0.33314865 0.08428801 0.33590343 0.04375418 0.08008831 0.06308115 0.07632294 0.02282320
0.05383538 0.00133710 0.00059385 0.00026554 0.00060382 0.33063334 0.08842999 0.33526912 0.04158109 0.07507974 0.07213529 0.07510557 0.02305129
0.05398103 0.00264299 0.00066247 0.00033804 0.00125117 0.33272201 0.08179097 0.33606559 0.04956322 0.07390828 0.06590679 0.07625446 0.02231477
0.04660199 0.00187251 0.00077199 0.00020660 0.00094978 0.32981886 0.08460279 0.33523648 0.04539704 0.07462222 0.07169094 0.07371645 0.02483508
0.04592392 0.00129657 0.00057865 0.00027136 0.00069152 0.33199289 0.07838533 0.33524228 0.04677403 0.07454984 0.07031113 0.07541985 0.02404078
0.04565508 0.00101295 0.00056913 0.00026822 0.00059973 0.33044984 0.08797348 0.33450763 0.04528452 0.07658972 0.06594811 0.07653060 0.02316691
0.04575488 0.00110146 0.00057916 0.00025198 0.00059985 0.33146284 0.08743702 0.33422203 0.04037452 0.07862370 0.07005997 0.07692922 0.02334817
0.04564496 0.00155411 0.00146519 0.00025072 0.00088300 0.33061632 0.08673871 0.33365127 0.04532157 0.08208949 0.05981812 0.07671781 0.02309602
0.04581934 0.00104642 0.00400883 0.00022622 0.00068523 0.33094096 0.08052971 0.33347868 0.03625453 0.08521009 0.07361014 0.08169838 0.02412440
0.04623317 0.00279207 0.00076875 0.00171711 0.00175129 0.33055416 0.08447449 0.33395200 0.04649534 0.08641574 0.06126876 0.07585033 0.02445899
0.05037831 0.00811499 0.00180610 0.00790442 0.04298835 0.33194870 0.08379764 0.33564958 0.04090403 0.08844605 0.06921996 0.07655672 0.02523665
0.05100555 0.00427108 0.00071418 0.00210823 0.03383804 0.33116516 0.08567168 0.33622502 0.04026376 0.08913983 0.06518669 0.07490459 0.02696393
0.05138229 0.00582840 0.00063506 0.00540365 0.03986140 0.33116644 0.09194281 0.33591855 0.03860225 0.08984349 0.06758582 0.07629225 0.02375788
0.05087006 0.00296909 0.00060072 0.00318968 0.03993965 0.33061464 0.08861895 0.33644986 0.03924612 0.08914436 0.06723957 0.07495631 0.04657178
0.05065404 0.00409776 0.00054606 0.00494730 0.04322200 0.33032163 0.08327261 0.33555773 0.04013546 0.08716277 0.07068204 0.07647320 0.02529727
0.05102056 0.00521306 0.00059864 0.00538371 0.03826604 0.33088718 0.08370272 0.33472381 0.04004707 0.08646766 0.06626700 0.07670086 0.03682030
0.05090163 0.00398475 0.00063538 0.00663006 0.03113344 0.33043479 0.08675663 0.33510636 0.03906523 0.08327530 0.06827170 0.07964490 0.03445090
0.05013368 0.00375067 0.00077656 0.00658744 0.03261574 0.33122751 0.08484350 0.33423238 0.04095567 0.07954449 0.06575308 0.07779616 0.03397383
0.06070374 0.00251883 0.00078376 0.00382029 0.01388683 0.32996174 0.08955089 0.33486774 0.04172326 0.07761244 0.05819196 0.07899690 0.04405745
0.05981193 0.00604832 0.00086378 0.00878889 0.02660519 0.33165478 0.08098127 0.33502131 0.03679504 0.07819028 0.07319960 0.07600697 0.02598136
0.05991184 0.00770099 0.00277850 0.00536269 0.03030252 0.33001387 0.09093402 0.33585248 0.04196865 0.07762663 0.05501596 0.07636467 0.02912930
0.05723881 0.00466799 0.00152325 0.00657033 0.02869729 0.33135520 0.09142929 0.33577787 0.03683703 0.07823780 0.07054397 0.07466038 0.02756779
0.05523633 0.00206889 0.00131829 0.00120605 0.00495860 0.33000154 0.08956018 0.33599311 0.03952943 0.07637572 0.06691815 0.07489947 0.02924259
0.05362827 0.00151342 0.00147282 0.00056858 0.00165735 0.33136194 0.09663556 0.33528488 0.03814082 0.07665219 0.06763568 0.07612609 0.02530931
0.05077669 0.00124529 0.00143496 0.00040357 0.00142268 0.33047517 0.09020086 0.33542191 0.03979670 0.07757345 0.06412568 0.07695079 0.02704228
0.03443220 0.00489532 0.00182676 0.00349566 0.01969676 0.33078582 0.09015791 0.33520551 0.04357433 0.08577269 0.07168166 0.07712691 0.02504047
0.03632481 0.00539963 0.00060139 0.00686538 0.05217183 0.33265870 0.08827065 0.33504802 0.06723732 0.07021570 0.06408427 0.07918434 0.02611808
0.03787774 0.00862989 0.00097594 0.00852193 0.02573058 0.33098597 0.08729697 0.33529996 0.05090714 0.08212238 0.06885127 0.08317143 0.02574769
0.03828720 0.00796333 0.00136974 0.00852344 0.04362374 0.33127070 0.09186391 0.33536018 0.04733271 0.08016380 0.07376069 0.07930270 0.02624124
0.03744348 0.01426131 0.00073587 0.01428751 0.04633887 0.32995725 0.08887688 0.33576815 0.04782852 0.07887914 0.06455749 0.07876409 0.02519069
0.03705143 0.01114879 0.00068374 0.01161670 0.03411492 0.33053220 0.08210709 0.33655256 0.03507463 0.07583465 0.07557716 0.07851843 0.03623150
0.02629079 0.01148676 0.00081303 0.01178708 0.04660602 0.33055185 0.09256025 0.33672828 0.04222253 0.07581723 0.05506717 0.07742347 0.04497946
0.02750351 0.00305424 0.00058859 0.00502637 0.02325391 0.33045466 0.08582158 0.33719743 0.03468896 0.07490169 0.06760169 0.07536761 0.04826239
0.02717999 0.00319768 0.00052132 0.00700053 0.02744205 0.33045213 0.09514579 0.33604119 0.04117336 0.07684414 0.05822489 0.07582361 0.03159959
0.02689492 0.00421776 0.00118957 0.00557125 0.02268896 0.32976623 0.09300269 0.33542101 0.04285253 0.06955783 0.06718637 0.07783938 0.04409076
0.02665887 0.00485141 0.00111220 0.00612411 0.03545902 0.33013550 0.09633346 0.33570212 0.05432900 0.06540795 0.06927330 0.08136654 0.02821412
0.02964007 0.00399304 0.00084877 0.00454691 0.06241129 0.32964139 0.09839519 0.33416069 0.03943803 0.05805797 0.05971033 0.07820365 0.05259576
0.03085570 0.01285577 0.00105195 0.01224135 0.03176390 0.33102580 0.08725175 0.33430032 0.03932447 0.06369329 0.07241084 0.07801742 0.03154561
0.02749318 0.00552548 0.00070871 0.00475026 0.03322372 0.33072014 0.10369157 0.33500091 0.03908940 0.06418653 0.06220676 0.07841013 0.02940307
0.02766985 0.00392702 0.00110186 0.00292872 0.02234942 0.33072920 0.10315842 0.33515916 0.04362696 0.06375320 0.06234365 0.07861963 0.02567844
0.02832597 0.00114607 0.00086806 0.00167554 0.01336706 0.33144383 0.09390527 0.33521500 0.04788439 0.06482915 0.06718033 0.07635411 0.02589563
0.02855006 0.00212629 0.00054104 0.00354013 0.01608054 0.33072135 0.09266161 0.33556374 0.03971317 0.06588626 0.06721560 0.07536598 0.02610525
0.02776232 0.00234597 0.00044119 0.00032925 0.00669411 0.33140966 0.08740116 0.33535874 0.04083101 0.06812824 0.07030099 0.07469738 0.02640737
0.02554528 0.00282065 0.00134062 0.00152987 0.03349392 0.33047327 0.08996960 0.33486114 0.03742374 0.06372254 0.06824515 0.07801533 0.02650077
0.02541385 0.00435425 0.00103313 0.00667757 0.05053214 0.33103679 0.09277065 0.33407396 0.04105311 0.06409876 0.05140392 0.07703357 0.02588712
0.02711791 0.00609457 0.00175470 0.00566140 0.03989080 0.33007223 0.08464620 0.33344718 0.02810540 0.07561604 0.07143489 0.07944110 0.02913616
0.02858254 0.00796923 0.00129231 0.00897188 0.03485199 0.32980938 0.09241872 0.33229141 0.03320102 0.07488481 0.05021912 0.07666730 0.04725436
0.02972512 0.01288371 0.00228744 0.01436355 0.03525698 0.32902835 0.08194495 0.33317774 0.02876583 0.07260640 0.06839914 0.07868233 0.03115035
0.03075031 0.00235032 0.00102635 0.00329973 0.03532280 0.32919290 0.09950639 0.33358282 0.03748869 0.06713216 0.05345243 0.08040199 0.02444410
0.03258067 0.00342224 0.00063739 0.00725833 0.02667430 0.32929802 0.09021640 0.33418792 0.04565856 0.06519161 0.05354349 0.07751354 0.04081250
0.03320152 0.00340225 0.00045784 0.00341459 0.03739983 0.32921346 0.08255827 0.33448612 0.02969389 0.06518775 0.07368198 0.07491945 0.02951159
0.03231586 0.00303299 0.00041897 0.00185749 0.02114364 0.32911099 0.09145404 0.33408121 0.04901585 0.06243442 0.05498104 0.07513178 0.02763828
0.03064564 0.00305693 0.00046712 0.00509915 0.05229986 0.32964346 0.08301834 0.33448605 0.03314098 0.06139210 0.06663006 0.07589641 0.02585270
0.02873119 0.00495060 0.00130424 0.00596234 0.04143703 0.32906836 0.09088216 0.33415223 0.04660692 0.07071253 0.05793301 0.07928595 0.02369249
0.02697244 0.00371584 0.00116599 0.00395199 0.03184510 0.32900109 0.08887637 0.33263251 0.03786005 0.06682810 0.06299671 0.07877787 0.03895321
0.05048337 0.00805145 0.00091628 0.01062147 0.04228961 0.32917618 0.08640360 0.33325551 0.03738583 0.05972884 0.06740885 0.07876358 0.03279312
0.04867345 0.00295914 0.00170911 0.00433087 0.02808806 0.33156598 0.08848658 0.33330563 0.03941706 0.05533141 0.06769513 0.07757768 0.02633751
0.04775530 0.00224328 0.00075170 0.00399739 0.02417644 0.32984486 0.08282623 0.33334431 0.04233265 0.05959401 0.06371878 0.07708594 0.03532492
0.04723233 0.00405331 0.00083018 0.00520630 0.03344300 0.33094438 0.09038181 0.33439105 0.03366894 0.05790703 0.06643215 0.07680441 0.03465233
0.04632063 0.00892622 0.00059504 0.00861267 0.03197877 0.32934557 0.09209766 0.33485018 0.03723619 0.05857012 0.05823296 0.07616239 0.03177824
0.04661949 0.00451103 0.00066149 0.00412537 0.02893162 0.32985669 0.08545093 0.33562640 0.04628124 0.06191717 0.07076257 0.07655670 0.02481230
0.04624973 0.00302343 0.00168959 0.00029155 0.00350867 0.32916346 0.09177583 0.33521109 0.04508957 0.06592232 0.06546387 0.07520448 0.02720922
0.04638473 0.00321639 0.00326976 0.00388798 0.00421394 0.32980357 0.08954668 0.33469055 0.05253526 0.06428914 0.06514866 0.07824271 0.03590701
0.04737356 0.00404106 0.00160693 0.00375535 0.04350092 0.32913650 0.08316300 0.33392718 0.03414298 0.06773985 0.07008857 0.07964149 0.02545136
0.04943286 0.00218456 0.00194782 0.00026059 0.00152123 0.33077506 0.08420708 0.33294261 0.04319990 0.08150876 0.05553247 0.07813720 0.02560396
0.05138905 0.00109863 0.00171000 0.00054957 0.00054711 0.32917156 0.09388403 0.33113627 0.03643701 0.07732810 0.05554574 0.07633800 0.02248619
0.05379365 0.00078496 0.00145325 0.00023516 0.00051963 0.33027284 0.08555122 0.33112523 0.02655460 0.07244474 0.05445641 0.07575262 0.02321427
0.05683523 0.00435886 0.00082359 0.00585830 0.02876331 0.33004008 0.08433095 0.33157978 0.02882528 0.06956557 0.05247118 0.07465878 0.02296668
0.05815976 0.00114498 0.00054899 0.00361217 0.00214659 0.33098274 0.08142312 0.33261808 0.02796903 0.06850731 0.05690687 0.07617367 0.04403453
0.05679721 0.00265529 0.00065865 0.00208422 0.00187775 0.32977826 0.08734333 0.33259818 0.04489236 0.06963953 0.06022970 0.07387173 0.02617980
0.05376314 0.00273660 0.00113304 0.00211657 0.00474251 0.33109027 0.08674217 0.33347867 0.03606626 0.07332991 0.05469103 0.07544192 0.02878189
0.04983209 0.00119403 0.00099539 0.00103382 0.00143183 0.32971234 0.08677692 0.33319278 0.03216171 0.07392980 0.06374942 0.07369108 0.02636592
0.03142717 0.00401379 0.00095641 0.00262694 0.00505474 0.33096803 0.08556728 0.33355719 0.04565483 0.06577679 0.05859113 0.07778611 0.02557715
0.02940121 0.00174183 0.00222201 0.00070330 0.00135179 0.33001236 0.08387550 0.33306815 0.04755887 0.06337602 0.06587229 0.08072909 0.02531323
0.02704301 0.00426624 0.00097473 0.00155483 0.03030961 0.33059040 0.08499768 0.33289298 0.04552963 0.06098744 0.06014834 0.08015227 0.02600053
0.02702341 0.01049915 0.00172843 0.01202254 0.03489665 0.33116007 0.08450727 0.33252608 0.04832048 0.05999611 0.05910557 0.07724021 0.02381638
0.02860937 0.00429602 0.00114523 0.00592005 0.02834766 0.33024121 0.07852854 0.33296941 0.03343909 0.06794413 0.06760078 0.07621712 0.02461271
0.02965079 0.00781562 0.00364776 0.01117242 0.01291299 0.33069431 0.08355742 0.33175932 0.03832866 0.06739427 0.05314346 0.07576314 0.02320042
0.03011126 0.00410049 0.00228144 0.00030693 0.00356958 0.32979540 0.08193341 0.33264629 0.04249291 0.06795950 0.06251869 0.07597849 0.02284781
0.03153006 0.00532917 0.00191303 0.00927662 0.03925273 0.32934888 0.08098298 0.33272217 0.03756277 0.06338727 0.05849832 0.07467332 0.02283159
0.03425388 0.00355681 0.00086546 0.00518790 0.02742409 0.33002817 0.08385963 0.33151871 0.04147386 0.06074145 0.05924942 0.07391875 0.02236579
0.03843951 0.00269923 0.00127365 0.00365074 0.02368018 0.32971664 0.07613026 0.33242090 0.04131790 0.06149321 0.06210056 0.07477322 0.02332184
0.03825111 0.00081450 0.00085061 0.00057737 0.00084616 0.33045437 0.09045611 0.33078660 0.03445246 0.06274089 0.05167785 0.07643456 0.02208618
0.03691932 0.00089519 0.00081801 0.00021648 0.00057099 0.32949754 0.08140239 0.33013397 0.02568584 0.06336600 0.06200827 0.07667772 0.02342898
0.03536103 0.01354800 0.00107692 0.01354694 0.01228684 0.33034142 0.07647729 0.32998897 0.03213405 0.06216694 0.05293869 0.07550590 0.02267113
0.03516651 0.00184121 0.00094933 0.00224969 0.03275358 0.33000311 0.08040544 0.32978676 0.03278187 0.06255484 0.04757911 0.07477827 0.03134775
0.03269067 0.00448597 0.00097854 0.00475835 0.04081525 0.32993798 0.08461519 0.33068044 0.02332807 0.06270837 0.05682583 0.07521630 0.02309332
0.02967621 0.00225388 0.00118533 0.00320056 0.04098058 0.32975686 0.08684981 0.33244713 0.02923786 0.06312997 0.05022881 0.07692199 0.02461746
0.02679044 0.00433557 0.00112903 0.00229997 0.00564241 0.32979569 0.08326743 0.33193046 0.03302211 0.06296893 0.05605488 0.07414724 0.03461585
0.02483106 0.00295235 0.00109718 0.00225939 0.00275214 0.33016376 0.07826094 0.33310027 0.03747998 0.06142408 0.05977428 0.07492105 0.02699076
0.02402257 0.00166590 0.00132674 0.00035227 0.00168738 0.32972151 0.08272638 0.33190816 0.03728812 0.06019693 0.05626985 0.07317610 0.02445747
0.02307918 0.00568902 0.00133244 0.00812948 0.02570245 0.33075562 0.08775885 0.33223166 0.03122170 0.05674635 0.06245108 0.07567907 0.02277204
0.02321117 0.00234004 0.00052519 0.00154850 0.03472628 0.32960425 0.08379101 0.33162993 0.03450121 0.05425715 0.06036967 0.07702173 0.02329377
0.02472189 0.00334474 0.00213825 0.00389750 0.02436716 0.33017306 0.08766255 0.33109661 0.03827693 0.05820100 0.05886580 0.07675104 0.02296856
0.02534560 0.00147211 0.00144782 0.00058379 0.00129214 0.32952601 0.07833812 0.33025853 0.03488607 0.05743613 0.07060233 0.07497379 0.02495767
0.02668537 0.00239160 0.00079966 0.00078051 0.03708357 0.32931859 0.08947433 0.33089893 0.03970882 0.05825238 0.05724776 0.07642920 0.02491510
0.02854314 0.00153937 0.00044473 0.00036014 0.00076395 0.32887044 0.08661449 0.33046386 0.03570965 0.05838467 0.06501235 0.07622868 0.02522191
0.02970266 0.00187295 0.00122461 0.00036720 0.00328099 0.33032928 0.09042368 0.33189382 0.03634917 0.06035745 0.06340488 0.07584200 0.02337529
0.02995824 0.00122300 0.00143404 0.00052561 0.00147368 0.32868378 0.10091818 0.33249069 0.03236449 0.05874222 0.06344331 0.07562202 0.02455520
0.02984552 0.00646838 0.00089375 0.00686364 0.02817228 0.32992151 0.08185614 0.33200752 0.04068523 0.05836038 0.05890541 0.07358187 0.02538599
0.03067808 0.00176271 0.00060665 0.00025193 0.00089391 0.32851251 0.08321217 0.33212263 0.04022849 0.05656508 0.05784367 0.07494663 0.02426914
0.03040417 0.00118771 0.00045637 0.00024122 0.00091783 0.33019751 0.08404413 0.33086842 0.03234970 0.05806235 0.05660181 0.07418155 0.02543357
0.02954798 0.00211006 0.00069992 0.00030587 0.00070135 0.32786853 0.08478284 0.33021647 0.03302611 0.05867518 0.05720790 0.07565178 0.02441422
0.02842412 0.00157480 0.00051504 0.00024803 0.00100484 0.32902093 0.08908150 0.32989753 0.03362424 0.06111163 0.05776882 0.07564549 0.02449540
0.02733667 0.00095399 0.00064870 0.00022733 0.00061678 0.32773942 0.08149557 0.32980360 0.03118320 0.06232736 0.06055147 0.07601570 0.02546462
0.02665283 0.00088409 0.00373095 0.00026106 0.00059311 0.32896978 0.08499196 0.33062913 0.03140486 0.06160024 0.05698502 0.08029550 0.02343878
0.02582699 0.00121084 0.00285376 0.00250011 0.00077773 0.32686664 0.08443355 0.32903417 0.03041599 0.07000070 0.04994643 0.07595723 0.05381431
0.02663095 0.00220967 0.00087638 0.00351436 0.00310476 0.32797486 0.08108693 0.33033690 0.02502024 0.06978212 0.06033991 0.07609025 0.04332183
0.02834518 0.00273401 0.00071558 0.00283601 0.00333517 0.32705628 0.08396152 0.32993154 0.03162642 0.06799166 0.05126481 0.07281486 0.02809320
0.02964208 0.00765876 0.00057600 0.00640979 0.02167106 0.32779288 0.07414711 0.33000259 0.03990589 0.06525070 0.06591953 0.07429446 0.04013310
0.03015981 0.00370775 0.00069813 0.00556547 0.02627379 0.32687949 0.08731687 0.33010430 0.04991561 0.06293379 0.05440873 0.07465071 0.02214545
0.02962597 0.00226248 0.00053939 0.00214383 0.03584065 0.32743930 0.07820105 0.32947967 0.03772045 0.05985284 0.06369952 0.07632456 0.03809610
0.02688192 0.00707354 0.00048049 0.00686855 0.04316839 0.32614106 0.08950921 0.32885065 0.03436971 0.05626510 0.05822140 0.07750684 0.02408849
0.02644443 0.00419133 0.00079135 0.00099478 0.01739171 0.32727895 0.08344876 0.32874044 0.04070836 0.05604565 0.05554387 0.07541528 0.02759381
0.02701621 0.00163188 0.00057460 0.00077147 0.00147138 0.32674010 0.08375613 0.32941820 0.03684125 0.05615715 0.06084297 0.08202223 0.02365974
0.02687809 0.00314993 0.00149206 0.00288870 0.01856823 0.32656656 0.08254112 0.32830782 0.03627165 0.05713600 0.06343711 0.07636531 0.02450008
0.02657592 0.00964796 0.00120987 0.01308869 0.04108966 0.32532254 0.07783697 0.33043948 0.03865095 0.05819342 0.05956214 0.07938571 0.02520583
0.02764253 0.00287639 0.00080186 0.00308803 0.02478666 0.32568606 0.08146853 0.32899306 0.03630080 0.06702369 0.04844932 0.07423175 0.02700280
0.02965867 0.00470717 0.00071374 0.00602243 0.03169179 0.32508672 0.07946091 0.32948278 0.02828264 0.06507099 0.06095259 0.07375557 0.03482545
0.03103675 0.00811274 0.00107923 0.00513448 0.03030426 0.32434551 0.08316762 0.33068126 0.03117120 0.07471131 0.05514253 0.07506646 0.02723976
0.03151395 0.00765081 0.00093085 0.00742693 0.02782171 0.32502460 0.08345691 0.32935318 0.03760568 0.06875980 0.05387039 0.07700270 0.02642559
0.03170915 0.00444549 0.00126642 0.00478788 0.02425225 0.32464821 0.08232751 0.33041319 0.04146265 0.07231496 0.05343933 0.07747944 0.04353984
0.03118871 0.00233613 0.00073238 0.00349930 0.00369918 0.32717957 0.08525518 0.32935636 0.04030464 0.06895954 0.05408300 0.07645944 0.02563690
0.02959018 0.01028418 0.00100926 0.01149624 0.01970472 0.32328951 0.08201655 0.32940206 0.05303073 0.06741720 0.06161031 0.07681257 0.02466971
0.02754854 0.00349381 0.00053574 0.00229666 0.03822257 0.32594983 0.08307541 0.32978149 0.04238500 0.06664065 0.06338215 0.07793018 0.02783193
0.02534406 0.00175235 0.00103255 0.00065654 0.00163428 0.32412829 0.09111889 0.33019607 0.03598582 0.06630410 0.05734055 0.07770357 0.02341830
0.02375785 0.00143163 0.00087568 0.00087960 0.00165477 0.32677525 0.08334854 0.33128377 0.04305314 0.06628545 0.06467393 0.07746645 0.02385808
0.02306690 0.00261940 0.00094192 0.00118433 0.02847898 0.32367344 0.08878521 0.33075386 0.04297220 0.06576128 0.05677442 0.07487749 0.02435737
0.02263564 0.00357430 0.00081403 0.00392065 0.03284732 0.32629590 0.08186330 0.33088866 0.04120378 0.06451970 0.06465596 0.07486354 0.02374074
0.02204909 0.00426959 0.00054191 0.00201434 0.02139615 0.32515204 0.08283484 0.33115073 0.04221012 0.06292397 0.06278203 0.07607969 0.02450341
0.02259130 0.00526971 0.00113253 0.00701428 0.03462445 0.32675216 0.08555413 0.33190004 0.04046373 0.06406292 0.05755567 0.07727220 0.02358112
0.02007752 0.00590473 0.00100969 0.00607515 0.03511866 0.32475162 0.07809703 0.32932431 0.03495165 0.06408419 0.06686201 0.07792122 0.02431161
0.02013405 0.00588388 0.00068737 0.00778333 0.04217457 0.32574800 0.08366052 0.33025448 0.04071891 0.06541275 0.06065091 0.07587600 0.02578922
0.02321926 0.00701748 0.00120809 0.00583861 0.03875114 0.32408092 0.09491616 0.32987872 0.04067373 0.07269327 0.06322464 0.07704464 0.02521160
0.02201517 0.00774919 0.00082637 0.01096425 0.01289260 0.32603653 0.08987732 0.33035514 0.03571771 0.07166668 0.06400727 0.07693606 0.03543864
0.02040737 0.01029913 0.00119175 0.01098247 0.01594552 0.32488314 0.08576454 0.33074397 0.03611157 0.07911173 0.05833164 0.07645176 0.02561563
0.02157194 0.00483659 0.00074483 0.00395067 0.03047942 0.32664553 0.08237039 0.33090428 0.03518350 0.07792065 0.06531779 0.07547602 0.02528116
0.02154683 0.00376531 0.00058410 0.00388463 0.03225846 0.32473372 0.08235211 0.33121241 0.04924025 0.07462804 0.05597571 0.07417518 0.02249931
0.02023984 0.01056406 0.00044718 0.01026648 0.01592535 0.32694783 0.08792989 0.33057358 0.04847439 0.07103578 0.05383950 0.07490057 0.02269368
0.01991688 0.00780675 0.00052258 0.00683816 0.02457191 0.32428922 0.07804950 0.33030311 0.03470627 0.06812515 0.06309739 0.07471312 0.02256957
0.02040905 0.00153772 0.00042684 0.00058131 0.00240294 0.32834075 0.08765565 0.33007485 0.03512363 0.06648046 0.05798051 0.07684266 0.02116144
0.02074068 0.00091298 0.00038410 0.00024471 0.03803116 0.32494450 0.08048751 0.32972458 0.03715051 0.06564013 0.06486926 0.07545156 0.02225365
0.01946543 0.00593126 0.00140415 0.00602789 0.04076133 0.32702167 0.07934909 0.32938741 0.04104832 0.06576880 0.05966304 0.07562315 0.02238547
0.01991412 0.00558054 0.00070696 0.00278034 0.04393083 0.32484901 0.07773762 0.32963265 0.05711390 0.06566758 0.05994311 0.07593958 0.02610028
0.02204599 0.00466853 0.00038150 0.00399832 0.03015879 0.32670102 0.08147335 0.33180151 0.04429680 0.06437325 0.06587119 0.07695433 0.04721368
0.02501756 0.00722998 0.00372708 0.00502167 0.01685962 0.32536235 0.08899412 0.33139039 0.04520711 0.06615875 0.06055066 0.07870450 0.03545151
0.03150322 0.00149241 0.00106218 0.00228345 0.00189319 0.32672410 0.07704636 0.33116764 0.03952659 0.07075610 0.07050272 0.07396368 0.02458668
0.03310306 0.00217892 0.00068683 0.00177214 0.00254447 0.32600026 0.07849847 0.33189864 0.04656956 0.06784070 0.06845038 0.07373430 0.03634091
0.03423421 0.00195565 0.00047398 0.00106339 0.00133514 0.32654266 0.07583340 0.33078141 0.04868477 0.06501851 0.06636551 0.07513957 0.02259740
0.03442892 0.00108109 0.00057291 0.00075709 0.00121423 0.32550081 0.07884210 0.33008154 0.03997077 0.06726938 0.06565280 0.07598950 0.02651693
0.03748782 0.00074707 0.00190821 0.00060160 0.00053339 0.32678268 0.08379519 0.33013249 0.03832860 0.07301773 0.05472165 0.07655731 0.02171628
0.03702651 0.00119345 0.00130717 0.00052531 0.00140860 0.32566982 0.08056250 0.32958998 0.04011706 0.07226114 0.06347873 0.07608487 0.02241594
0.03919741 0.00239695 0.00139585 0.00077256 0.00212180 0.32737996 0.07940189 0.32987558 0.05113666 0.07247626 0.06280375 0.07609598 0.02310721
0.03053289 0.00720431 0.00096486 0.00973161 0.01382316 0.32613446 0.07565207 0.33071693 0.04778665 0.07067584 0.06355636 0.07571944 0.02118816
0.03000050 0.00322035 0.00072965 0.00441983 0.02541293 0.32828772 0.07218739 0.33165310 0.04697484 0.06735413 0.07018225 0.07632678 0.02298513
0.02877206 0.00120264 0.00097883 0.00045581 0.00076023 0.32712045 0.08168580 0.33192966 0.04004820 0.06622538 0.05730894 0.07299124 0.02063420
0.02848975 0.00092480 0.00073560 0.00025105 0.00105709 0.32851595 0.08306492 0.33204530 0.03877326 0.06204168 0.06393119 0.07326299 0.02155843
0.02826601 0.00112855 0.00060201 0.00060694 0.00115402 0.32863211 0.08010417 0.33201473 0.03937259 0.05946031 0.06618075 0.07248997 0.02070056
0.02769382 0.00151035 0.00054164 0.00030621 0.00072542 0.32806451 0.08305998 0.33213811 0.04917335 0.05788683 0.05709010 0.07501704 0.02131974
0.02898108 0.00526702 0.00120924 0.00775767 0.03787100 0.32869663 0.07043203 0.33136527 0.04332603 0.07139151 0.06620172 0.07660499 0.02167667
0.02898204 0.00283409 0.00226887 0.00334118 0.02110266 0.32789971 0.07166065 0.33040111 0.04470534 0.07934912 0.06251336 0.07449351 0.02202670
0.03392375 0.01039329 0.00076695 0.01104946 0.05081418 0.33040894 0.06946992 0.33110489 0.04063633 0.07551809 0.06344681 0.07540483 0.02149360
0.03425337 0.00747156 0.00125820 0.01152895 0.05012362 0.32758332 0.06650528 0.33062554 0.04145897 0.08285498 0.06155293 0.07537598 0.02354019
0.03521178 0.00407376 0.00098848 0.00511110 0.04635342 0.32974732 0.06788689 0.33141677 0.04183256 0.07998844 0.05527941 0.07569101 0.03512641
0.03398781 0.01430201 0.00059038 0.01539427 0.02897425 0.32716818 0.06963720 0.33194406 0.03798921 0.07591258 0.06629741 0.07352283 0.02163702
0.03614712 0.00675633 0.00049523 0.00507634 0.02942035 0.32800629 0.07033416 0.33239398 0.06192069 0.07416821 0.05338181 0.07343671 0.02199922
0.03684406 0.00803913 0.00045727 0.01015263 0.04337792 0.32725033 0.06942480 0.33346005 0.04370101 0.07247227 0.06985076 0.07408982 0.02229330
0.03426996 0.00354903 0.00049301 0.00523392 0.04343473 0.32632047 0.07885952 0.33276424 0.05039734 0.07243736 0.05934341 0.07455590 0.02115070
0.03361572 0.00536993 0.00047952 0.00537258 0.04379573 0.32708338 0.07568005 0.33288551 0.04598173 0.07290405 0.06525880 0.07560720 0.02134673
0.04087979 0.00316624 0.00115071 0.00377965 0.02263084 0.32681476 0.07999974 0.33257755 0.04856064 0.07396041 0.06007336 0.07522565 0.02167362
0.04108961 0.00180572 0.00092340 0.00274303 0.02139138 0.32664528 0.07375260 0.33175932 0.04384809 0.07447897 0.06348865 0.07977271 0.02166361
0.04308353 0.00202593 0.00073710 0.00435929 0.02272032 0.32724931 0.06586243 0.33160113 0.04306371 0.07516056 0.06879916 0.07423513 0.02258753
0.04400462 0.01012496 0.00074786 0.01031613 0.02468536 0.32534204 0.07460605 0.33097866 0.05187669 0.07597683 0.05416293 0.07573641 0.01999764
0.04511818 0.00358619 0.00362474 0.00447201 0.03166324 0.32653818 0.07079682 0.33230441 0.04479124 0.08625614 0.06128313 0.07469354 0.01966861
0.04551762 0.00304528 0.00100525 0.00087129 0.02177904 0.32554916 0.07139558 0.33208012 0.04045313 0.08727837 0.06257416 0.07414960 0.02224920
0.04530945 0.00773297 0.00141628 0.00684560 0.02268928 0.32674466 0.06661419 0.33182532 0.04406345 0.08564882 0.06113004 0.07308364 0.02091995
0.05991670 0.00503813 0.00353930 0.00440149 0.04722838 0.32591948 0.06586957 0.33195562 0.04187920 0.09334598 0.05886827 0.07355447 0.02047222
0.05750672 0.01016041 0.00137528 0.00833322 0.03386691 0.32645676 0.06773141 0.33175244 0.04209260 0.09308959 0.06326077 0.07557627 0.02566613
0.05456631 0.00369537 0.00176853 0.00753106 0.03846483 0.32695454 0.07561071 0.33048927 0.04253209 0.09197026 0.05525945 0.07584402 0.03037225
0.05051484 0.00229812 0.00140613 0.00427854 0.02453965 0.32672553 0.06750638 0.33034347 0.04474260 0.08871317 0.06748941 0.07518040 0.02644405
0.04732064 0.00367833 0.00166558 0.00024490 0.00141044 0.32729943 0.06977351 0.32983943 0.05935470 0.08583460 0.06101488 0.07725666 0.02061835
0.04586184 0.00190884 0.00173827 0.00032034 0.00125655 0.32694099 0.06396731 0.32988812 0.04675762 0.08012260 0.07681196 0.07514245 0.02364249
0.04610449 0.00119702 0.00217866 0.00054818 0.00135279 0.32701694 0.07546241 0.33064717 0.05075174 0.07480635 0.06738358 0.07659163 0.02015766
0.04631756 0.00220758 0.00190807 0.00054927 0.00165613 0.32697745 0.07643245 0.33057444 0.04742518 0.06855137 0.06829351 0.07408071 0.01860625
0.04065914 0.00110103 0.00134036 0.00061873 0.03030567 0.32753636 0.07604617 0.33211659 0.04619247 0.06235796 0.06662975 0.07348034 0.01916288
0.03896839 0.00209410 0.00066330 0.00155059 0.02232610 0.32763576 0.08017116 0.33162616 0.05062896 0.05748441 0.06801097 0.07511485 0.02029717
0.03782008 0.00263567 0.00063620 0.00426999 0.02789238 0.32742780 0.06916578 0.33124876 0.05423910 0.05878445 0.06773077 0.07444187 0.02208812
0.03634445 0.00723290 0.00066758 0.00298378 0.02128656 0.32834629 0.06406053 0.33042453 0.05506773 0.06070841 0.06278036 0.07477444 0.02051744
0.03710765 0.00436071 0.00069039 0.00221198 0.02256376 0.32780754 0.06531394 0.32969386 0.04676235 0.06735185 0.06449903 0.07594483 0.02341334
0.03699048 0.00095658 0.00373437 0.00040650 0.00105358 0.32846202 0.07531436 0.32925930 0.04169477 0.07337672 0.06042470 0.07500184 0.01773950
0.03624638 0.00721508 0.00108523 0.00482530 0.03918330 0.32775446 0.07444481 0.32863853 0.04209960 0.07619794 0.05511342 0.07430216 0.02121072
0.03751230 0.00503642 0.00078102 0.00982982 0.03788904 0.32805845 0.07190782 0.33029824 0.04026747 0.07819323 0.06170749 0.07539409 0.02569986
0.03867927 0.00541053 0.00141370 0.00449829 0.04071270 0.32773735 0.06899053 0.33178944 0.04678351 0.08811431 0.05146930 0.07469792 0.02925570
0.03908885 0.00666147 0.00073261 0.00667668 0.04840912 0.32642795 0.06829748 0.33123196 0.03239805 0.08729930 0.05325611 0.07427171 0.02944244
0.03907560 0.01399152 0.00056872 0.01495011 0.03897065 0.32779521 0.06819488 0.33180946 0.04307715 0.08638574 0.04988633 0.07243641 0.02232810
0.03849315 0.00215901 0.00047161 0.00181641 0.01819288 0.32771654 0.07680463 0.33260235 0.03507754 0.08582961 0.06658022 0.07304319 0.02329537
0.03822980 0.00744184 0.00074012 0.00052644 0.00786231 0.32681610 0.06846019 0.33064558 0.05441521 0.08452819 0.05835714 0.07349771 0.02024213
0.03752199 0.00280224 0.00101925 0.00020675 0.00280994 0.32821150 0.07010070 0.33067298 0.04488635 0.08409648 0.05765823 0.07684305 0.01958371
0.03574133 0.00114752 0.00067410 0.00046611 0.00100313 0.32652448 0.06617940 0.32977232 0.04022926 0.08125185 0.06522309 0.07382222 0.02118545
0.03513481 0.00478047 0.00073211 0.00855537 0.02266457 0.32923657 0.07255022 0.32953932 0.04293245 0.07818417 0.06049689 0.07555353 0.01870018
0.03724381 0.00262126 0.00125264 0.00065238 0.00304749 0.32601054 0.06846468 0.32920792 0.04666098 0.06577189 0.07907189 0.07446204 0.01857937
0.03684974 0.00209517 0.00093953 0.00148560 0.03025665 0.32607359 0.08352613 0.32918890 0.04798783 0.06159065 0.06311827 0.07687840 0.02321695
0.03630105 0.00768669 0.00077901 0.00687258 0.02274234 0.32565357 0.07361286 0.32961160 0.04633301 0.05827756 0.06743502 0.07547763 0.02048863
0.03544556 0.00736214 0.00095258 0.00637254 0.01403085 0.32541090 0.07385447 0.33033017 0.05445969 0.05414853 0.06604580 0.07599925 0.02115758
0.04620573 0.00854399 0.00145226 0.00890611 0.04408126 0.33014049 0.06959580 0.33194033 0.04656387 0.05914000 0.06358784 0.07483092 0.02267004
0.04041251 0.00927390 0.00082132 0.01260026 0.05017376 0.32548877 0.07015271 0.33173523 0.04167077 0.06535659 0.06001576 0.07413499 0.03189504
0.04129063 0.01006709 0.00122332 0.01040326 0.07114423 0.32876623 0.07217893 0.33297903 0.03240908 0.08057576 0.06035199 0.07553509 0.03916345
0.04000105 0.00796575 0.00162660 0.00822677 0.05645536 0.32679148 0.06963411 0.33215479 0.04164260 0.08713521 0.04640084 0.07536794 0.02375819
0.04094616 0.00568877 0.00332858 0.00324429 0.03591278 0.32957363 0.08081422 0.33115768 0.03376242 0.08706902 0.05142288 0.07582940 0.02902440
0.04234710 0.00291660 0.00151744 0.00526009 0.04579509 0.32775974 0.06977703 0.32967645 0.02869544 0.08451790 0.04469564 0.07359831 0.02114019
0.04428962 0.00168331 0.00114256 0.00024123 0.00213135 0.33019325 0.06656039 0.33095832 0.02556857 0.07923417 0.05069121 0.07355745 0.02129891
0.04285887 0.00186800 0.00122861 0.00093209 0.00207840 0.32958118 0.07472298 0.32995276 0.02848354 0.07192409 0.06344189 0.07242874 0.02009002
0.04399025 0.00185516 0.00060670 0.00051625 0.00136141 0.33043129 0.06826177 0.33098312 0.03648092 0.06582686 0.05019931 0.07191992 0.02058182
0.04333484 0.00137485 0.00053062 0.00034085 0.00070258 0.33049238 0.07269345 0.33089263 0.03550482 0.06281255 0.05176997 0.07146543 0.01775552
0.04171663 0.00091106 0.00058083 0.00023470 0.00069758 0.33020998 0.06841272 0.33014526 0.03331479 0.05942655 0.05256802 0.07160377 0.01937407
0.04033207 0.00725200 0.00063457 0.00785011 0.00914086 0.33121947 0.06564359 0.33057539 0.03361223 0.05736397 0.05918157 0.07165514 0.01891632
0.04011227 0.00167674 0.00272635 0.00336078 0.03254049 0.33000847 0.06523491 0.32987027 0.03905005 0.05597550 0.05499971 0.07333972 0.01801464
0.04021213 0.00092222 0.00101679 0.00017572 0.00053615 0.33087573 0.06495378 0.33014115 0.03914774 0.07173166 0.06049712 0.07627659 0.01774921
0.04017965 0.00073654 0.00099347 0.00249280 0.00144088 0.32942807 0.06826285 0.32976515 0.03756002 0.06836084 0.06351587 0.07403236 0.01770446
0.03855116 0.00092814 0.00074875 0.00027079 0.00076303 0.32965031 0.06814726 0.32973964 0.04189163 0.06479458 0.05484885 0.07225351 0.01809560
0.03576699 0.00672684 0.00063081 0.00696642 0.02700220 0.33055651 0.06517963 0.33076151 0.03469724 0.05685616 0.06308586 0.07268553 0.01905786
0.03442272 0.00189183 0.00062955 0.00057055 0.00216685 0.32903635 0.06743497 0.33155272 0.03984368 0.05816878 0.05630647 0.07214879 0.01799922
0.03417781 0.00130829 0.00054615 0.00034144 0.00055882 0.33120701 0.06309771 0.33124461 0.04626667 0.05867603 0.05353273 0.07256605 0.01816769
0.03398095 0.00228098 0.00046852 0.00039468 0.00267742 0.32941670 0.06532298 0.33195381 0.03322449 0.06252111 0.06406651 0.06972170 0.01779706
0.03415596 0.00122453 0.00058710 0.00024077 0.00073783 0.33157427 0.06321084 0.33196863 0.04161610 0.06770939 0.05179878 0.07087091 0.01723866
0.03222205 0.00102237 0.00056704 0.00042953 0.00044631 0.33086613 0.06045413 0.33078084 0.04419474 0.07181420 0.05278575 0.07096834 0.01742501
0.03293241 0.00259076 0.00052000 0.00203294 0.00265148 0.33075464 0.06477346 0.33086423 0.03385125 0.07492314 0.05379848 0.07131938 0.02823679
0.03198748 0.00111317 0.00059709 0.00241177 0.00167026 0.33073840 0.06833952 0.32933589 0.03649430 0.07426254 0.04877928 0.07243456 0.02586234
0.03071399 0.00299248 0.00058802 0.00476684 0.02409558 0.33087292 0.06350913 0.32911238 0.03593947 0.07327621 0.05005969 0.07194746 0.02054977
0.02933631 0.00083688 0.00062506 0.00106602 0.02845207 0.33065071 0.06475308 0.32938804 0.03280318 0.07096541 0.05145958 0.07118353 0.01780234
0.02847553 0.00212485 0.00071875 0.00164326 0.02739129 0.33234650 0.06597819 0.32958126 0.03122998 0.06955582 0.04453740 0.07169963 0.01894743
0.02801564 0.00260468 0.00071782 0.00212266 0.02845105 0.33106769 0.06164498 0.33049430 0.02807743 0.06886922 0.05133056 0.07171032 0.01759731
0.02730639 0.00244235 0.00069990 0.00406800 0.02587177 0.33250932 0.06002531 0.33136997 0.03405403 0.07067610 0.04559303 0.06988887 0.01765273
0.02607783 0.00229995 0.00061388 0.00343503 0.03900928 0.33160624 0.06098988 0.33076460 0.02911700 0.07232510 0.05224979 0.06981799 0.01774556
0.02492224 0.00361108 0.00063290 0.00475977 0.02841199 0.33225071 0.06943938 0.33190462 0.03205893 0.07461414 0.04732963 0.06968134 0.01771604
0.02396885 0.00309898 0.00099400 0.00455475 0.02803609 0.33282139 0.06712041 0.33150304 0.02792110 0.08208687 0.05247822 0.07165343 0.02057360
0.02376969 0.00626781 0.00069965 0.00946832 0.05367608 0.33207677 0.07100100 0.33054295 0.02963583 0.08096587 0.04470376 0.07240734 0.01767013
0.02423722 0.00376201 0.00051581 0.00232802 0.02384369 0.33281404 0.06246690 0.33090687 0.03580386 0.07582406 0.05479743 0.07089250 0.02097486
0.02450966 0.00455099 0.00036152 0.00312302 0.00765246 0.33219438 0.06352179 0.32965856 0.05074102 0.07001488 0.04891586 0.07207512 0.02118523
0.02459894 0.00713225 0.00034298 0.00839005 0.03604787 0.33277144 0.06094416 0.33055428 0.03564185 0.06271329 0.05235168 0.07135139 0.02974483
0.02316451 0.01497992 0.00032079 0.01793477 0.03771219 0.33078126 0.06803589 0.33093786 0.03353657 0.05744875 0.05875228 0.07360931 0.03009946
0.02163628 0.00461647 0.00035355 0.00532379 0.03366116 0.33183580 0.06558938 0.33113068 0.03753561 0.05432741 0.06217087 0.07338017 0.03851421
0.02171635 0.00320632 0.00032831 0.00403251 0.02128280 0.33057803 0.05942874 0.33165329 0.04653088 0.05057192 0.05627147 0.07145143 0.03954764
0.02135574 0.00325026 0.00043518 0.00308441 0.00595367 0.33210964 0.06927627 0.33082296 0.04320866 0.05434787 0.05976253 0.07241020 0.03042260
0.02147503 0.00210244 0.00038143 0.00280420 0.00235626 0.33009422 0.06662396 0.33044020 0.04961677 0.06151686 0.05799107 0.07150588 0.02786812
0.02035636 0.00202060 0.00103114 0.00177177 0.00428159 0.33203391 0.06678604 0.33118044 0.04117227 0.06669804 0.05137434 0.07298771 0.03010685
0.01999147 0.00343084 0.00072198 0.00431526 0.00473870 0.32999385 0.06290472 0.32963725 0.04035241 0.07071951 0.06857300 0.07340718 0.02743773
0.02031336 0.00111077 0.00124351 0.00350902 0.00459717 0.33134227 0.05632368 0.33024243 0.03829014 0.07162387 0.04953770 0.07168710 0.02642148
0.02014385 0.00211565 0.00058987 0.00311834 0.03543792 0.33017784 0.06248865 0.32942952 0.02935650 0.07346265 0.04889389 0.07024463 0.01527684
0.02033171 0.00171452 0.00049783 0.00112924 0.02420703 0.33014236 0.05709064 0.33001354 0.02680195 0.07397312 0.04750352 0.07184731 0.04116148
0.02049663 0.00209300 0.00046955 0.00571772 0.02849819 0.32976921 0.06136748 0.33057106 0.03039507 0.07644568 0.04356132 0.07044065 0.01724933
0.02191166 0.00429247 0.00039801 0.00585354 0.02885100 0.32955000 0.05890274 0.33119187 0.03422630 0.07779969 0.05606979 0.07263034 0.03302762
0.02193557 0.00385107 0.00038755 0.00444674 0.02298517 0.32896807 0.05938102 0.33078714 0.04597280 0.07927975 0.05676755 0.07020989 0.01808630
0.02168960 0.00372447 0.00038005 0.00435998 0.02863364 0.32988719 0.06226328 0.33132558 0.04251043 0.07910395 0.05559079 0.07171140 0.02790052
0.02142594 0.00246804 0.00059378 0.00149132 0.00291747 0.32859428 0.05975903 0.32979666 0.04617932 0.07631441 0.06147401 0.07198516 0.01905385
0.02088072 0.00858262 0.00052801 0.00819675 0.02772000 0.33016753 0.06572363 0.32995621 0.03770474 0.07354040 0.06007565 0.07311107 0.01749971
0.02084237 0.00150326 0.00043381 0.00047600 0.00175631 0.32888235 0.07449217 0.32910576 0.03525415 0.06755873 0.05097098 0.07187391 0.02072973
0.02064627 0.00146512 0.00044991 0.00306781 0.00154556 0.33052087 0.06403233 0.32903827 0.03088270 0.06260560 0.06228249 0.07218213 0.02134287
0.02086295 0.00161103 0.00202352 0.00292999 0.00475682 0.32942509 0.06346181 0.32968281 0.04021365 0.06253614 0.04785488 0.07095819 0.03264162
0.02112323 0.00210714 0.00037093 0.00180513 0.00154783 0.33029171 0.06498328 0.33017934 0.04685644 0.06047383 0.05770385 0.07225346 0.01802943
0.02053006 0.00171293 0.00066803 0.00178284 0.00245214 0.33003352 0.06302674 0.33110080 0.04080076 0.05990597 0.06149715 0.07107417 0.03353995
0.02080801 0.00110442 0.00034578 0.00124500 0.00136534 0.33025812 0.07366977 0.33142119 0.03821908 0.06020828 0.06600178 0.07140634 0.01894189
0.02088688 0.00085228 0.00037731 0.00079141 0.00091749 0.33016733 0.07373571 0.33117811 0.04258072 0.05994114 0.06017660 0.07070413 0.02281979
0.01964369 0.00233773 0.00037186 0.00297018 0.02499454 0.32988385 0.07078590 0.33175108 0.04156487 0.05966294 0.06028691 0.07163835 0.02167378
0.01856367 0.00430463 0.00038040 0.00433720 0.02972797 0.32978090 0.06920820 0.33088359 0.04185399 0.05828937 0.06119718 0.07312672 0.02096029
0.01820064 0.01061802 0.00039334 0.01234993 0.01707922 0.32930687 0.06943518 0.33051771 0.04250581 0.05907088 0.05983262 0.07400950 0.02327603
0.01837368 0.00289401 0.00059315 0.00193784 0.02786465 0.33049083 0.07674887 0.33053097 0.03244050 0.06112205 0.06247257 0.07295717 0.02072495
0.01795138 0.00439515 0.00058182 0.00568189 0.02729242 0.32922899 0.08125467 0.32960964 0.03309276 0.06720159 0.05554305 0.07267538 0.02166570
0.01773475 0.00188624 0.00060263 0.00398530 0.02153416 0.33018942 0.07620432 0.33116761 0.03742280 0.07313071 0.05546278 0.07321965 0.03334415
0.01789290 0.00212128 0.00130106 0.00429565 0.02068018 0.33025444 0.07326622 0.33194011 0.03708191 0.07447632 0.05666282 0.07312416 0.02512291
0.01791070 0.00092674 0.00061765 0.00202189 0.00153478 0.33128248 0.07504061 0.33144636 0.03319962 0.07860421 0.05976581 0.07244699 0.03030571
0.01767410 0.00131061 0.00060934 0.00144665 0.00197704 0.32977051 0.07910403 0.33224255 0.03638270 0.08148696 0.06095202 0.07171175 0.03126183
0.01701193 0.00232821 0.00116410 0.00163676 0.00279624 0.32938046 0.08241787 0.33165196 0.04311238 0.07786509 0.06300025 0.07244029 0.02302229
0.01734066 0.00746808 0.00085789 0.00614165 0.02164762 0.32894888 0.08461076 0.33151568 0.04439584 0.07745134 0.05401177 0.07313053 0.02953271
0.01709284 0.00495093 0.00073366 0.00421088 0.03067480 0.32914679 0.07900957 0.33178032 0.03115361 0.07134481 0.05911241 0.07408626 0.02445629
0.01716291 0.00354631 0.00052098 0.00351608 0.00405873 0.32912925 0.08094902 0.33044690 0.03247613 0.06814963 0.05661538 0.07357212 0.02844823
0.01705895 0.00171105 0.00058937 0.00086944 0.00208121 0.32887026 0.07740070 0.33058737 0.03473199 0.06457534 0.06033515 0.07251225 0.02324329
0.01702477 0.00120682 0.00040397 0.00033558 0.00054930 0.32858270 0.08004202 0.33006209 0.04139194 0.06305170 0.05354930 0.07206857 0.02238883
0.01663969 0.00124287 0.00067452 0.00052313 0.00377557 0.32876543 0.07597260 0.33062985 0.03202983 0.06564039 0.05383713 0.07247833 0.02160000
0.01646981 0.00112390 0.00040840 0.00385449 0.00374037 0.32825127 0.07569909 0.33149889 0.02949934 0.06531704 0.06718157 0.07222443 0.03374441
0.01681292 0.00114981 0.00039248 0.00168537 0.00068382 0.32848447 0.08589433 0.33143099 0.04144668 0.06252574 0.05499829 0.07199355 0.02219958
0.01683604 0.00157688 0.00143696 0.00177138 0.00242040 0.32818047 0.07213403 0.33143089 0.03848527 0.07243949 0.06848516 0.07097476 0.03279759
0.01865522 0.00686784 0.00078421 0.00918940 0.02339690 0.32817899 0.08141130 0.33177928 0.03868060 0.06734567 0.05392288 0.07206314 0.01902180
0.01889471 0.00415542 0.00098721 0.00210769 0.02100912 0.32801536 0.07225961 0.33136492 0.03338684 0.06683361 0.05651627 0.07266692 0.03124204
0.02067379 0.00130780 0.00057569 0.00094295 0.00139213 0.32788496 0.07505161 0.33124679 0.03399928 0.06440552 0.06166070 0.07278439 0.01917409
0.02033152 0.00311528 0.00041571 0.00038972 0.00162065 0.32799847 0.07867387 0.33057911 0.04446519 0.06445197 0.05623161 0.07288815 0.02315813
0.01937362 0.00206229 0.00037574 0.00042596 0.00100958 0.32798127 0.06809863 0.33038552 0.03936997 0.06627809 0.06698290 0.07323104 0.02390653
0.01961591 0.00148705 0.00041504 0.00073024 0.00060209 0.32810284 0.08592262 0.33163537 0.03731963 0.06920998 0.05884768 0.07287104 0.02109596
0.01919436 0.00103103 0.00050506 0.00029147 0.00051402 0.32820959 0.09103849 0.33108837 0.03269575 0.07427334 0.05262694 0.07398193 0.02115731
0.01858832 0.00155147 0.00055200 0.00028745 0.00085840 0.32788764 0.07149645 0.33266929 0.03530925 0.07655716 0.05965240 0.07149352 0.02044683
0.01790452 0.00166052 0.00129451 0.00020649 0.00088133 0.32849444 0.07302503 0.33239620 0.03904227 0.07813297 0.05133108 0.07061936 0.02216132
0.01806838 0.00101465 0.00078390 0.00022181 0.00058929 0.32802098 0.06481902 0.33221250 0.03419974 0.07809084 0.05729413 0.06929885 0.02199871
0.01805461 0.01213850 0.00065536 0.01210310 0.01733718 0.32987021 0.06991165 0.33299530 0.03256248 0.07654781 0.05249288 0.07094933 0.01887188
0.01753316 0.00140575 0.00056568 0.00403049 0.00797253 0.32748466 0.07667111 0.33114971 0.03377420 0.07458624 0.04923311 0.07156412 0.02332882
0.01711170 0.00088031 0.00053267 0.00135331 0.00045083 0.32976426 0.07815939 0.33148047 0.03299489 0.07263923 0.05661773 0.07290708 0.03166527
0.01711476 0.00734575 0.00053931 0.00793855 0.02955251 0.32749581 0.07386352 0.32993476 0.03763769 0.07240599 0.05579149 0.07281070 0.02180754
0.01696413 0.00112238 0.00052650 0.00535041 0.00087697 0.32922820 0.06896367 0.33044373 0.03565428 0.07352702 0.06040089 0.07395880 0.05298220
0.01607034 0.00225553 0.00049346 0.00422807 0.03441651 0.32770586 0.06908736 0.33064736 0.03418965 0.07400953 0.05784855 0.07314932 0.03243866
0.01524640 0.00231327 0.00062358 0.00430384 0.00734273 0.32902901 0.07177602 0.33123734 0.03547160 0.07731333 0.05706150 0.07277646 0.04059384
0.01548320 0.00084250 0.00155661 0.00297257 0.00289793 0.32886900 0.07629287 0.33169343 0.03073036 0.08597648 0.05970807 0.07127772 0.03142395
0.01601520 0.00169210 0.00088726 0.00141854 0.00146153 0.32791919 0.08184706 0.33253896 0.04847344 0.08355460 0.05131735 0.07072330 0.02807677
0.01693932 0.00311683 0.00075717 0.00097015 0.00234102 0.32922141 0.08423266 0.33324180 0.03479827 0.07538435 0.06632214 0.07203935 0.02770623
0.01726558 0.00395719 0.00062018 0.00565421 0.01858060 0.32973289 0.07860769 0.33226281 0.03983931 0.06928908 0.06052317 0.07345508 0.02374455
0.01804757 0.00338255 0.00286417 0.00373999 0.02364568 0.32896056 0.07918559 0.33221925 0.04310941 0.06468769 0.05821073 0.07379833 0.02901931
0.02037421 0.00368514 0.00083482 0.00403891 0.02843300 0.32990587 0.08255076 0.33137783 0.03612060 0.06398779 0.06595455 0.07533932 0.02415424
0.02333016 0.00295548 0.00049795 0.00104463 0.02049441 0.32912053 0.08824864 0.33094595 0.03871412 0.06431996 0.05802700 0.07311330 0.02706965
0.02519862 0.00357189 0.00053180 0.00483149 0.02796724 0.32912004 0.08369418 0.33075247 0.03698268 0.06826420 0.06530012 0.07338153 0.02267605
0.02552885 0.00118396 0.00047546 0.00371491 0.00203886 0.32936065 0.08090602 0.33140908 0.03517575 0.06995021 0.06096703 0.07282382 0.02634019
0.02527880 0.00073687 0.00051288 0.00261996 0.00236985 0.32963608 0.07904770 0.33216041 0.03448581 0.07386029 0.05544339 0.07134822 0.04161818
0.04620493 0.00131481 0.00068545 0.00027860 0.00277228 0.32943761 0.07714886 0.33253070 0.03430768 0.07558607 0.05825193 0.07077236 0.02275981
0.04562477 0.00189240 0.00063612 0.00457541 0.00576035 0.32920602 0.08043999 0.33232163 0.02882191 0.07933098 0.05160734 0.06952544 0.02405699
0.04290499 0.00193992 0.00068502 0.00167786 0.00064050 0.32888136 0.07775727 0.33231737 0.03205566 0.08145900 0.04997713 0.07124172 0.02154553
0.03736377 0.00172878 0.00095783 0.00054212 0.00156986 0.32894227 0.07773634 0.33158593 0.03508822 0.08527550 0.04910296 0.07129732 0.02179667
0.03184822 0.00324803 0.00176849 0.00064924 0.00427183 0.32761531 0.08035471 0.33127505 0.02935655 0.08401034 0.05424711 0.07461723 0.02241836
0.01775995 0.01001727 0.00105599 0.01103367 0.01701821 0.32741337 0.08663792 0.33169216 0.03411513 0.08549942 0.05829461 0.07654346 0.02209657
0.01874545 0.00444351 0.00078577 0.00493632 0.02337239 0.32771817 0.07800479 0.33144998 0.03675879 0.08414771 0.05681139 0.07361729 0.02677204
0.02007727 0.00135767 0.00073660 0.00126899 0.00074725 0.32656384 0.07571881 0.33117151 0.03605749 0.08373669 0.05706996 0.07243709 0.04411496
0.02083996 0.00223445 0.00067655 0.00506758 0.00632760 0.32722682 0.07409340 0.33215023 0.03240822 0.08119727 0.05957983 0.07289216 0.03518493
0.02104694 0.00209343 0.00053700 0.00186768 0.00156593 0.32607365 0.07768469 0.33320797 0.04044039 0.07878360 0.05385433 0.07144014 0.03375582
0.02095142 0.00195647 0.00044983 0.00187203 0.00235171 0.32718552 0.07946648 0.33369412 0.04668345 0.07583685 0.05872512 0.07180097 0.03319139
0.02075364 0.00250666 0.00040521 0.00216165 0.00262758 0.32665298 0.08606694 0.33335659 0.04682026 0.07307396 0.05349808 0.07104296 0.02187650
0.02036904 0.00116509 0.00042351 0.00023466 0.04463161 0.32632351 0.07624107 0.33316184 0.03402820 0.07121711 0.06830001 0.07301738 0.02515622
0.01858546 0.00297650 0.00047910 0.00057897 0.00343143 0.32664011 0.08711246 0.33253236 0.03656867 0.07019224 0.06382916 0.07504229 0.02250816
0.01658640 0.00325587 0.00060015 0.00032780 0.00332186 0.32633726 0.07982838 0.33142568 0.04647030 0.07038325 0.06061431 0.07410798 0.02397560
0.01518444 0.00342897 0.00067579 0.00088472 0.00421589 0.32713259 0.08305977 0.33108971 0.04688492 0.06986091 0.05697962 0.07366322 0.02235323
0.01449095 0.00800417 0.00158117 0.00832106 0.01675961 0.32657784 0.07930919 0.33114918 0.03571391 0.07332025 0.06098842 0.07546805 0.02378820
0.01543202 0.00118183 0.00231999 0.00025378 0.00052298 0.32660582 0.07886079 0.33123991 0.03242866 0.07535675 0.05852933 0.07487509 0.02500913
0.01797633 0.00185716 0.00120001 0.00032540 0.00264015 0.32697957 0.08125688 0.33171923 0.04412407 0.07732875 0.05096288 0.07209268 0.02203273
0.02144182 0.00295204 0.00088146 0.00039364 0.00384682 0.32710472 0.08296575 0.33181175 0.03619126 0.07600278 0.05539440 0.07048798 0.02210895
0.02304274 0.00127173 0.00091755 0.00022651 0.00114798 0.32789727 0.07865651 0.33321628 0.03145466 0.08068724 0.05560412 0.07084619 0.02436818
0.02356426 0.00101570 0.00155159 0.00032424 0.00105014 0.32696034 0.08627052 0.33211275 0.02707513 0.08350720 0.05287895 0.07206654 0.02236568
0.02416981 0.00103854 0.00092323 0.00028156 0.00051974 0.32814379 0.07921046 0.33172361 0.03224673 0.08642022 0.05232278 0.07223182 0.02297810
0.02543302 0.00098219 0.00057221 0.00021493 0.00059647 0.32732021 0.08470206 0.33100816 0.03195320 0.08618137 0.04906640 0.07210711 0.02287055
0.02572092 0.00185652 0.00049226 0.00249385 0.00408097 0.32827872 0.07822615 0.32969274 0.02911010 0.08423312 0.05327441 0.07318013 0.03608381
0.02449944 0.01004977 0.00096733 0.00850120 0.01359801 0.32907340 0.07542854 0.33002622 0.02898475 0.09100708 0.05452456 0.07333906 0.02330487
0.02229354 0.00318719 0.00086982 0.00521949 0.02433762 0.32881540 0.08097749 0.33018933 0.03046889 0.08615854 0.05077021 0.07462426 0.02196228
0.02042589 0.00058877 0.00132025 0.00141862 0.00047204 0.32905990 0.07257425 0.33026819 0.03050140 0.07860931 0.05646494 0.07327045 0.03395611
0.01900301 0.00141501 0.00071979 0.00388068 0.00401509 0.32932993 0.07767264 0.33132163 0.03388227 0.07150238 0.05694944 0.07179230 0.02286172
0.01840734 0.00085504 0.00087321 0.00132252 0.03004247 0.32855383 0.07318894 0.33044881 0.03444484 0.06507327 0.05278269 0.06947268 0.02103839
0.01741035 0.00354094 0.00197181 0.00471711 0.03105479 0.32791991 0.06733367 0.33000226 0.03744929 0.06087785 0.05863684 0.07184704 0.04520345
0.02932077 0.00275052 0.00070630 0.00099561 0.02092572 0.32781896 0.07687975 0.32987479 0.04094011 0.05742282 0.05567044 0.07229764 0.02128945
0.02951688 0.00530153 0.00053379 0.00444748 0.01939157 0.32619155 0.06798629 0.32951111 0.04029939 0.06005263 0.07246084 0.07433681 0.02135258
0.02058985 0.00566237 0.00043718 0.00637105 0.02913256 0.32706881 0.07374511 0.32954392 0.04634474 0.06136424 0.06202924 0.07338291 0.02217131
0.02104516 0.00518323 0.00160693 0.00777819 0.03548806 0.32514356 0.07594316 0.32922763 0.04713158 0.07602858 0.06061080 0.07498868 0.02251450
0.01965240 0.00239828 0.00173050 0.00128770 0.00339178 0.32554185 0.08573162 0.32910657 0.04156871 0.07896714 0.06491736 0.07481966 0.02129613
0.02033242 0.00300556 0.00118548 0.00033606 0.00362844 0.32399063 0.08466092 0.32894277 0.04298649 0.08029236 0.05836732 0.07372019 0.02246476
0.02164608 0.00229006 0.00116095 0.00030959 0.00218917 0.32543445 0.07147559 0.33037813 0.04305631 0.08137631 0.06292100 0.07196659 0.02144091
0.02463715 0.00334871 0.00306718 0.00020247 0.00144259 0.32400163 0.07176165 0.33043357 0.04613070 0.08503014 0.05242729 0.07013241 0.02181908
0.03195484 0.00179507 0.00096464 0.00039732 0.00080354 0.32490070 0.07370981 0.33030165 0.04188750 0.08623458 0.05634470 0.07099888 0.02256948
0.03632279 0.00287076 0.00059853 0.00480094 0.03268395 0.32249465 0.07106736 0.33012203 0.03475457 0.08774995 0.05829333 0.07100138 0.02336652
0.03739136 0.00847097 0.00051530 0.00711641 0.03072262 0.32450855 0.08353704 0.32940557 0.03166327 0.08846491 0.05146869 0.07252435 0.02136636
0.03584158 0.00581398 0.00068312 0.00362039 0.04298560 0.32242850 0.07569676 0.32879235 0.03172851 0.08721063 0.05570144 0.07476804 0.02306585
0.03488828 0.00274492 0.00071734 0.00194265 0.02198214 0.32547517 0.07564232 0.32814513 0.03857439 0.08553651 0.05530434 0.07398310 0.02319850
0.03482135 0.00260595 0.00088600 0.00541247 0.04600393 0.32393056 0.07001991 0.32791489 0.03783541 0.07943190 0.05189978 0.07304291 0.02012336
0.03398814 0.00206049 0.00145743 0.00547531 0.00781733 0.32659858 0.05764958 0.32805689 0.03158228 0.07265723 0.05885907 0.07320092 0.03747295
0.03106406 0.00080134 0.00071449 0.00272704 0.00119039 0.32476777 0.07266823 0.32927710 0.03460199 0.06812349 0.04964347 0.07198698 0.03606085
0.02610564 0.00340299 0.00089314 0.00287636 0.00690516 0.32591181 0.06525955 0.33035604 0.04385475 0.06309823 0.05869659 0.07323752 0.02276790
0.02259104 0.00176806 0.00094706 0.00202745 0.00228740 0.32545690 0.07766267 0.33103984 0.04625065 0.05969146 0.07132048 0.07232835 0.02536377
0.02109659 0.00091989 0.00099067 0.00121428 0.00108099 0.32703063 0.07421936 0.33106858 0.04450378 0.05972868 0.05629920 0.07098713 0.01817751
0.02099990 0.00267071 0.00088004 0.00163274 0.03000180 0.32775288 0.05834298 0.32998594 0.04074822 0.06097770 0.06953219 0.07163415 0.02489402
0.02250476 0.00873384 0.00052568 0.01002206 0.03606646 0.32638343 0.06331111 0.32950993 0.04871739 0.06415690 0.05300438 0.07179615 0.01872807
0.02372714 0.00204780 0.00065600 0.00050981 0.00312736 0.32767232 0.06602803 0.32895572 0.04086561 0.06720307 0.06057849 0.07580629 0.02285315
0.02446703 0.00337035 0.00143951 0.00076106 0.03536199 0.32501375 0.06717480 0.32783858 0.04442344 0.07171263 0.05636281 0.07262023 0.01807875
0.02481364 0.00334376 0.00090793 0.00154494 0.03342538 0.32653210 0.06847830 0.32890153 0.04099757 0.07096243 0.05234546 0.07473667 0.03038437
0.02565379 0.00227302 0.00151276 0.00285525 0.00538016 0.32301856 0.06538073 0.32804497 0.02785747 0.08171921 0.06032095 0.07150528 0.02365382
0.02703550 0.00151593 0.00062390 0.00391214 0.00214981 0.32553025 0.07270842 0.32922254 0.03642616 0.08780790 0.04631669 0.07046436 0.02701717
0.02757567 0.00441757 0.00064425 0.00025935 0.00517156 0.32334839 0.06506262 0.33008249 0.03648542 0.09010468 0.05152022 0.07034907 0.02071308
0.02773737 0.00271561 0.00379092 0.00029239 0.00293244 0.32494329 0.07026116 0.33065385 0.03964737 0.09203061 0.04293210 0.07294846 0.01850363
0.02650433 0.00337888 0.00107992 0.00290005 0.00440651 0.32369505 0.07124986 0.33077085 0.03467037 0.09044403 0.05111850 0.07123012 0.04916187
0.02591691 0.00216422 0.00102586 0.00528063 0.00675802 0.32396837 0.07032211 0.32970268 0.03209054 0.09097409 0.05480577 0.07264379 0.02404419
0.02560931 0.00153509 0.00061903 0.00262835 0.03337327 0.32319254 0.06776255 0.32926716 0.03601783 0.08491668 0.05400596 0.07163022 0.03103569
0.02556485 0.00389179 0.00308694 0.00520914 0.02653864 0.32443645 0.06611698 0.32867824 0.03960089 0.08659872 0.05227618 0.07283750 0.01976383
0.02481874 0.00241350 0.00075172 0.00261966 0.02637196 0.32280065 0.06330547 0.32767497 0.03749724 0.08280612 0.06398650 0.07309250 0.01946842
0.02312996 0.00716440 0.00295403 0.00995320 0.02251099 0.32509226 0.06764599 0.32874780 0.04154041 0.08212571 0.05149380 0.07302482 0.03023167
0.02350249 0.01137063 0.00069660 0.01027254 0.02985431 0.32294154 0.06531881 0.32936458 0.03764895 0.07750891 0.06521384 0.07213348 0.02234987
0.02285216 0.00807295 0.00050749 0.00955534 0.04460268 0.32535642 0.06909756 0.33035281 0.05131783 0.06483348 0.05570467 0.07208199 0.03087630
0.02175339 0.00494622 0.00056999 0.00600511 0.04385249 0.32400396 0.07999973 0.33066477 0.04382519 0.05792275 0.06241635 0.07260642 0.02211633
0.02056148 0.00790529 0.00132204 0.01100758 0.02358431 0.32650171 0.06819568 0.33063098 0.04254820 0.05795279 0.06650148 0.07296403 0.02998998
0.02056292 0.00573729 0.00137381 0.00826898 0.03100639 0.32471360 0.06672368 0.33049964 0.04516095 0.06315794 0.06173182 0.07411009 0.02240229
0.02075695 0.00264826 0.00076456 0.00317999 0.01842855 0.32690229 0.07234307 0.32982811 0.05469617 0.06723855 0.06065545 0.07366650 0.02603588
0.02165600 0.00398285 0.00054742 0.00361603 0.03365884 0.32503131 0.07339711 0.32900377 0.04148666 0.07040067 0.06366140 0.07377124 0.02185038
0.02123856 0.00176160 0.00046493 0.00135319 0.05627879 0.32662636 0.07221978 0.32927600 0.03711391 0.07431648 0.05703319 0.07411231 0.02198092
0.02123087 0.00744796 0.00054190 0.00110926 0.02691886 0.32700327 0.07323181 0.32940810 0.04306844 0.07139489 0.05918587 0.07361100 0.02191176
0.02062425 0.00122921 0.00061252 0.00176783 0.03457266 0.32810276 0.07133424 0.32927336 0.03892434 0.07417505 0.05742631 0.07238177 0.01931996
0.02014620 0.00312679 0.00057869 0.00151898 0.03082652 0.32763944 0.06747114 0.33104271 0.03348117 0.07690131 0.06283874 0.07009289 0.02138082
0.01919561 0.00295065 0.00073799 0.00250545 0.02592089 0.32836766 0.06450151 0.33085864 0.03751595 0.07861942 0.05570051 0.07177009 0.02160113
0.01876889 0.00414696 0.00053404 0.00348386 0.03333643 0.32869713 0.06709443 0.33154800 0.04617148 0.07738062 0.05258796 0.06962375 0.01995750
0.01857226 0.00245224 0.00122611 0.00071793 0.00396693 0.32811211 0.06963992 0.33055820 0.03821771 0.08493514 0.04883015 0.07036446 0.02008009
0.01875333 0.00133675 0.00080965 0.00036797 0.00126911 0.32796454 0.07245629 0.32937396 0.03737647 0.08311313 0.05160090 0.07091671 0.01802485
0.01867159 0.00319302 0.00112243 0.00221927 0.02057633 0.32854627 0.06994002 0.32906756 0.03633818 0.08025175 0.05161724 0.07089783 0.01769260
0.01812289 0.00338476 0.00167782 0.00540037 0.02624798 0.32742338 0.06064520 0.32700072 0.03744301 0.07487676 0.04790100 0.07137267 0.01644887
0.01780138 0.00984367 0.00120962 0.00992091 0.03135971 0.32698389 0.05748765 0.32661455 0.02993693 0.06610193 0.05363491 0.07221836 0.01833169
0.02051087 0.00909734 0.00089628 0.00767837 0.01785252 0.32674848 0.06001959 0.32694459 0.03092216 0.06557706 0.04640024 0.07103492 0.01799247
0.02250827 0.00275392 0.00055249 0.00191295 0.02668714 0.32654607 0.05845828 0.32711993 0.03150687 0.06394718 0.04640694 0.06953873 0.01792560
0.02286263 0.00279277 0.00039629 0.00539960 0.04583918 0.32730259 0.06082903 0.32895268 0.02954596 0.06362607 0.04917064 0.06854487 0.01656218
0.02267635 0.00195345 0.00041368 0.00195482 0.01915450 0.32601452 0.06197005 0.32989964 0.03283738 0.06240261 0.04490730 0.06872821 0.01854017
0.02211903 0.00616877 0.00040922 0.00875662 0.03982420 0.32766390 0.06434406 0.33029872 0.03245405 0.06256952 0.05190850 0.07018798 0.01802906
0.02173122 0.00534609 0.00036990 0.00270507 0.03102734 0.32545181 0.06283909 0.33016736 0.03316118 0.06218978 0.05365477 0.06920587 0.02353101
0.02068253 0.00603609 0.00043195 0.00563699 0.03857363 0.32686408 0.06197331 0.32965844 0.03608823 0.06370238 0.05495119 0.07058075 0.01985764
0.01890316 0.00803775 0.00053460 0.00976599 0.03776325 0.32468746 0.06222969 0.32805438 0.04328088 0.06435411 0.05339680 0.07205200 0.02174253
0.02536523 0.00405850 0.00077191 0.00281211 0.04937979 0.32781157 0.06395000 0.32980269 0.05425540 0.06646457 0.05032251 0.07296145 0.02080442
0.02357622 0.00632684 0.00076101 0.01031366 0.03092225 0.32579816 0.06284739 0.32919906 0.03872188 0.06644637 0.07392547 0.07323558 0.02359331
0.02166793 0.00309557 0.00069006 0.00272920 0.02551163 0.32780000 0.07947208 0.33020459 0.04541940 0.06764880 0.05779007 0.07262322 0.01981159
0.02250668 0.00349136 0.00114052 0.00421480 0.03150659 0.32611966 0.07175161 0.33052079 0.04004075 0.07840020 0.06926752 0.07167471 0.01854544
0.02424611 0.00348748 0.00076296 0.00095042 0.02178915 0.32730477 0.07339069 0.33132884 0.04273177 0.07590495 0.05335862 0.07049788 0.02115190
0.02566159 0.00298815 0.00071231 0.00521965 0.00395986 0.32666299 0.06221440 0.33160148 0.03882664 0.07273800 0.05418533 0.06913545 0.02460610
0.02482967 0.00077858 0.00071028 0.00017850 0.00044451 0.32746438 0.06270359 0.33115009 0.03623333 0.07065714 0.05466028 0.06967936 0.01837572
0.02516672 0.00072666 0.00054587 0.00050055 0.00090371 0.32682414 0.06263585 0.33074768 0.03364425 0.06956414 0.06085957 0.06948629 0.01716690
0.02565709 0.00079771 0.00040384 0.00019047 0.00043588 0.32760991 0.06413526 0.32979935 0.03654579 0.06967311 0.04927490 0.06901600 0.01852771
0.02600021 0.00554393 0.00041558 0.00531886 0.01697966 0.32694418 0.06249004 0.32921839 0.03341135 0.06966501 0.05630251 0.07116418 0.01884180
0.02488927 0.00069149 0.00044646 0.00016701 0.00045004 0.32776198 0.06309327 0.32872528 0.03466941 0.07046703 0.05017022 0.07069510 0.01762820
0.02322300 0.00083275 0.00055442 0.00128833 0.00104151 0.32651882 0.06328973 0.32889710 0.03704881 0.06953215 0.05526934 0.07216211 0.01758530
0.02134168 0.00081800 0.00054878 0.00037609 0.04076265 0.32801802 0.05798012 0.32885244 0.03338481 0.06946202 0.05817458 0.06957384 0.01651912
0.02065459 0.00243311 0.00045983 0.00175096 0.00708557 0.32711139 0.06203882 0.33005770 0.03772918 0.06685169 0.04725824 0.07015708 0.02968995
0.02045602 0.00233877 0.00181157 0.00081565 0.00312929 0.32759724 0.05523524 0.32911238 0.04233263 0.06649645 0.05903791 0.06978779 0.01676039
0.02157162 0.00183207 0.00081167 0.00043089 0.00047710 0.32741788 0.07751149 0.33049482 0.03886373 0.06482387 0.04894804 0.07239919 0.01593318
0.02152274 0.00096503 0.00118076 0.00062579 0.00055043 0.32772765 0.05871999 0.32946352 0.04986271 0.06627798 0.06293637 0.06916105 0.01720838
0.02180226 0.00214023 0.00049576 0.00141611 0.02991877 0.32798637 0.05937929 0.32919219 0.04561474 0.06816685 0.05890580 0.07158708 0.01685752
0.02076445 0.00189514 0.00064658 0.00180036 0.04549712 0.32614348 0.06397974 0.32939718 0.04284733 0.07107674 0.06545276 0.07186067 0.01926011
0.01992040 0.00431618 0.00078931 0.00554466 0.03721619 0.32708001 0.06975924 0.32930837 0.04468402 0.07685471 0.06256814 0.07291702 0.01820635
0.01954027 0.00956233 0.00063066 0.01112265 0.03464275 0.32655200 0.07141935 0.32991522 0.05058067 0.07573479 0.05799878 0.07336173 0.02015210
0.01961038 0.00365202 0.00221606 0.00167299 0.02190174 0.32758907 0.06076159 0.32954629 0.04499038 0.08087473 0.06480287 0.07175258 0.02172919
0.01932614 0.00824541 0.00048942 0.00857545 0.05847368 0.32772126 0.06456377 0.33061749 0.04329004 0.06774872 0.05668509 0.07211659 0.02270920
0.01995301 0.00560561 0.00261037 0.00663036 0.05714064 0.32663545 0.06047637 0.33107710 0.03698698 0.07579541 0.06511383 0.07022420 0.02185630
0.02050200 0.00427913 0.00055686 0.00598099 0.04139342 0.32686096 0.06592345 0.33129911 0.03952135 0.07663354 0.05239297 0.07158821 0.01966246
0.02023980 0.00337356 0.00042704 0.00556796 0.03444341 0.32654411 0.06411138 0.33059628 0.03609239 0.07685404 0.05318516 0.06998920 0.02396590
0.02023230 0.00903492 0.00049887 0.00691494 0.03166662 0.32495421 0.06238778 0.33139165 0.03749668 0.07716392 0.05610654 0.07398720 0.02291535
0.02142252 0.00802784 0.00179061 0.00863470 0.01884340 0.32487103 0.06552121 0.32847067 0.04189674 0.08501810 0.04869704 0.07159032 0.01861908
0.02338286 0.00409882 0.00105348 0.00440568 0.03708098 0.32551825 0.06474504 0.32901888 0.02792342 0.08022414 0.06167800 0.07244996 0.02273734
0.02486560 0.00257820 0.00057225 0.00184573 0.02001872 0.32482820 0.07602780 0.32886676 0.03408758 0.07957659 0.04929076 0.07108463 0.01954630
0.02588539 0.00131063 0.00384028 0.00027035 0.00239930 0.32523223 0.06653930 0.32851516 0.03395107 0.08607739 0.05661194 0.07332955 0.01975460
0.02688468 0.00121080 0.00101266 0.00079753 0.00129182 0.32338821 0.06237073 0.32898366 0.03713415 0.08391289 0.06073886 0.07113396 0.02049068
0.02721768 0.00555335 0.00070621 0.00054231 0.00337614 0.32358098 0.07258737 0.33045566 0.04771815 0.07721262 0.05404935 0.07249102 0.01933704
0.02650620 0.00423709 0.00049332 0.00026413 0.00350472 0.32234890 0.06569458 0.32974510 0.04861429 0.07219452 0.06636538 0.07211413 0.02090451
0.02556056 0.00223934 0.00040701 0.00040134 0.00172331 0.32274465 0.07269528 0.33187275 0.04989683 0.06599959 0.06829675 0.07258356 0.01960061
0.02475280 0.00115615 0.00037630 0.00050211 0.00144296 0.32265536 0.07965897 0.33037034 0.04756494 0.06387628 0.06817179 0.07249399 0.02091223
0.02227260 0.00119842 0.00042825 0.00054966 0.00165026 0.32181785 0.07168432 0.33074203 0.04679253 0.06550992 0.08567922 0.07296452 0.01907324
0.02866334 0.00340837 0.00058869 0.00367344 0.03645337 0.32322225 0.08005705 0.33094263 0.05541087 0.06848918 0.06598219 0.07319844 0.01852711
0.02911582 0.00288505 0.00086462 0.00193036 0.02152419 0.32166229 0.06536754 0.32930928 0.04661675 0.06462792 0.08099216 0.07402880 0.02007776
0.02888887 0.00293846 0.00066590 0.00254948 0.02997941 0.32404611 0.07095517 0.32978227 0.04846986 0.06371872 0.07196871 0.07358090 0.01835463
0.03043635 0.00421841 0.00061537 0.00362305 0.03731963 0.32198458 0.06791296 0.32959258 0.05091551 0.06319853 0.06318600 0.07346961 0.01965242
0.03146625 0.00409878 0.00213927 0.00315902 0.02963747 0.32330532 0.06482228 0.33062339 0.04237093 0.06664572 0.07098448 0.07978905 0.02106101
0.03128736 0.00571216 0.00055790 0.00795771 0.02405771 0.32173696 0.06968642 0.33138302 0.04419297 0.07112640 0.06410541 0.07146542 0.01764473
0.03047244 0.00199085 0.00069625 0.00829240 0.00684901 0.32352763 0.06412286 0.33184588 0.04180168 0.07781852 0.06488303 0.07163822 0.03354549
0.02936574 0.00113278 0.00047705 0.00603797 0.03082683 0.32181053 0.06610997 0.33217314 0.04279852 0.08255290 0.05620962 0.07011168 0.04167021
0.03008357 0.00450160 0.00045922 0.00504447 0.03026855 0.32317677 0.06612353 0.33205163 0.04158179 0.08769578 0.05185582 0.07048324 0.02008812
0.03026605 0.00506262 0.00324441 0.00537120 0.02876025 0.32054768 0.06431972 0.33084428 0.03085237 0.09865802 0.06022407 0.07261636 0.02411381
0.02917438 0.00281379 0.00103387 0.00307457 0.00675763 0.32192347 0.06924584 0.33081396 0.03489976 0.09961291 0.05281860 0.07073341 0.02488089
0.02881702 0.00869845 0.00101197 0.00971575 0.03369687 0.32139360 0.07309338 0.32936773 0.03036926 0.09285534 0.05305630 0.07336647 0.02945230
0.02898517 0.00441314 0.00067863 0.00691265 0.02543758 0.32210638 0.07527724 0.32947935 0.03377401 0.08527067 0.06031840 0.07294427 0.02796606
0.02976355 0.00701043 0.00399134 0.00945952 0.03962396 0.32153788 0.08723501 0.32963404 0.03395607 0.08992554 0.05189480 0.07298742 0.01975001
0.03013827 0.00716768 0.00132126 0.00713396 0.03907911 0.32105454 0.07251837 0.33005337 0.03435598 0.08792015 0.07363741 0.07400249 0.02567367
0.03043192 0.00571583 0.00122071 0.00610579 0.04773465 0.32206047 0.07739473 0.33116233 0.04118335 0.08518630 0.06199865 0.07192668 0.02388777
0.03179470 0.00430935 0.00161182 0.00276190 0.02188961 0.32173857 0.07338610 0.33080127 0.04895286 0.08088791 0.07087322 0.07280527 0.02542768
0.03348475 0.00530036 0.00064176 0.00431240 0.02873782 0.32230310 0.08398362 0.33075844 0.04515484 0.07700024 0.06886942 0.07581970 0.02015493
0.03511008 0.00194603 0.00104261 0.00056177 0.00348478 0.32214915 0.07546176 0.32989382 0.04645217 0.08173627 0.07330984 0.07355704 0.01977001
0.03669126 0.00141995 0.00094293 0.00021811 0.00156259 0.32147456 0.07366613 0.32773794 0.04574470 0.07567329 0.07870101 0.07256702 0.02055834
0.03654587 0.00381501 0.00069105 0.00393391 0.04458756 0.32122123 0.07739620 0.32863335 0.05203199 0.06196994 0.06584798 0.07458821 0.02022692
0.03540321 0.00353587 0.00048617 0.00161915 0.02220052 0.32180190 0.07121848 0.32836503 0.05075384 0.05170932 0.07364253 0.07317715 0.02307274
0.03365961 0.00227380 0.00141120 0.00137593 0.02703416 0.32146772 0.07241400 0.32778338 0.04427601 0.05479204 0.06459932 0.07524488 0.02239317
0.03204078 0.00107049 0.00065600 0.00183972 0.00136576 0.32172498 0.07209017 0.32846241 0.04029276 0.05998274 0.06286167 0.07218501 0.04295157
0.05158178 0.00235598 0.00076768 0.00091938 0.00156861 0.32039572 0.08092134 0.32971588 0.04338410 0.06509992 0.06107754 0.07224605 0.02077025
0.05042538 0.00163053 0.00081544 0.00024647 0.00119416 0.32144504 0.07075601 0.32906266 0.04010975 0.07217945 0.06503204 0.07092996 0.02196394
0.05071874 0.00657835 0.00089350 0.00753741 0.03455219 0.31917278 0.07139467 0.33070873 0.04101025 0.07630102 0.05508341 0.07109559 0.02181104
0.04939186 0.00433796 0.00116411 0.00418734 0.03082994 0.32182521 0.07062216 0.32895126 0.03241163 0.07729482 0.06508842 0.07213355 0.02155724
0.04901397 0.00335571 0.00079971 0.00118952 0.02211654 0.31912543 0.07595420 0.32842688 0.03413294 0.07893349 0.05317727 0.07259682 0.02147303
0.04926841 0.00391281 0.00066097 0.00488876 0.02735899 0.32101980 0.07158693 0.32828040 0.03794274 0.07983471 0.05769530 0.07219240 0.01892263
0.04870547 0.00262715 0.00049309 0.00097554 0.03628364 0.31947091 0.07548429 0.32719005 0.04160710 0.07909495 0.05606223 0.07282747 0.02007936
0.04873829 0.00421186 0.00044206 0.00496698 0.03689631 0.32036472 0.07133675 0.32809511 0.03597477 0.07799990 0.05548677 0.07241250 0.02138449
0.04834939 0.00139870 0.00187226 0.00379184 0.03179368 0.31957431 0.06718442 0.32790902 0.02995448 0.08156474 0.06661118 0.07273097 0.01934405
0.04849304 0.00364009 0.00121474 0.00573631 0.01851253 0.31992627 0.07205061 0.32800788 0.03946482 0.08173075 0.05051998 0.07550689 0.01903854
0.04958530 0.00336240 0.00062879 0.00381736 0.03893877 0.32079313 0.06724691 0.32914620 0.03415833 0.07767393 0.06811191 0.07102088 0.02011590
0.04993102 0.00909957 0.00059536 0.01100615 0.04120769 0.32000163 0.07190515 0.32936848 0.03845520 0.07520162 0.05653258 0.07081474 0.01921106
0.04987592 0.00251541 0.00045530 0.00163126 0.02749237 0.32071665 0.06803700 0.32881801 0.03914810 0.06848034 0.06371663 0.07113295 0.02020820
0.05019882 0.00340373 0.00100588 0.00679505 0.02557544 0.32150326 0.07185543 0.32920655 0.03847091 0.06230221 0.05693994 0.07116039 0.01818248
0.05004620 0.00283662 0.00039011 0.00129744 0.02071084 0.32099642 0.06220165 0.32668518 0.04524470 0.05413484 0.06413855 0.07226594 0.02011446
0.06206731 0.00473632 0.00141573 0.00476040 0.03016792 0.32153674 0.06676040 0.32725103 0.05081248 0.04978442 0.06203266 0.07154851 0.01705419
0.06253215 0.00355458 0.00133178 0.00145811 0.02123088 0.32154040 0.06479550 0.32505507 0.04178295 0.04358049 0.06768484 0.07255273 0.02061396
0.06480901 0.00277758 0.00094690 0.00310571 0.02008271 0.32270875 0.06432229 0.32545916 0.04392122 0.04077203 0.06113960 0.07167722 0.01951227
0.06843001 0.00158963 0.00081515 0.00274408 0.01402019 0.32246023 0.06817442 0.32633847 0.04024577 0.04758782 0.06448676 0.07233470 0.01761776
0.06948153 0.00153333 0.00084304 0.00088479 0.00738712 0.32315250 0.07204941 0.32635731 0.04192888 0.05209753 0.06136429 0.07099753 0.02044903
0.07064850 0.00547627 0.00077753 0.00216546 0.00853550 0.32310027 0.06806483 0.32806286 0.04305134 0.05820935 0.06194004 0.06902929 0.01868389
0.07035755 0.00726136 0.00075617 0.00775486 0.03929035 0.32199301 0.06454620 0.32853517 0.04237632 0.06333553 0.06134543 0.07095713 0.02362033
0.06891118 0.00447017 0.00074250 0.00264370 0.03294890 0.32220319 0.07155889 0.32929531 0.04066583 0.06898555 0.05165575 0.07173408 0.02055550
0.06501229 0.00331526 0.00091094 0.00606312 0.03065690 0.32156983 0.07721337 0.32882890 0.03103333 0.07303492 0.05729464 0.07059355 0.02000406
0.06204472 0.00575716 0.00108179 0.00616933 0.03710534 0.32296703 0.07390729 0.32940286 0.03148270 0.07722052 0.05527288 0.07065668 0.02157399
0.06111776 0.00292231 0.00104008 0.00208324 0.02231744 0.32203416 0.07052311 0.32807265 0.03197709 0.07964713 0.05668731 0.07056808 0.03262761
0.06300273 0.00454018 0.00067003 0.00509450 0.02587461 0.32343756 0.07002225 0.32850507 0.02882957 0.08009732 0.05636776 0.07176103 0.02829179
0.06462342 0.00306874 0.00042675 0.00286304 0.02056718 0.32248145 0.08040237 0.32804534 0.02979934 0.07957580 0.05007930 0.07332480 0.02982721
0.05180069 0.00265018 0.00037501 0.00326816 0.00312730 0.32423384 0.08315853 0.32859552 0.03345725 0.07439304 0.05613198 0.07042783 0.02111632
0.05047429 0.00212624 0.00064875 0.00090923 0.00193742 0.32338478 0.07838920 0.32849308 0.04546075 0.06940547 0.05849155 0.07111291 0.03213944
0.05073916 0.00227320 0.00042532 0.00123379 0.00409793 0.32238952 0.08144913 0.32886146 0.04088483 0.06517136 0.06626025 0.07078237 0.02121643
0.05070940 0.00282212 0.00044684 0.00043755 0.00264696 0.32303447 0.08322642 0.33003939 0.04130780 0.05940048 0.06784344 0.07154056 0.02846333
0.05044924 0.00203282 0.00030294 0.00062664 0.00205815 0.32210220 0.07763992 0.32880623 0.04244339 0.05686575 0.07195210 0.07269775 0.02149772
0.04950811 0.01010152 0.00289020 0.01150644 0.01736703 0.32242001 0.07891177 0.32846058 0.04524148 0.05890804 0.05628201 0.07294280 0.02399812
0.04880154 0.00841620 0.00126731 0.00850911 0.03063699 0.32177132 0.07593517 0.32843528 0.04564183 0.06913935 0.06442268 0.07519586 0.03378345
0.04977542 0.00392272 0.00121409 0.00504307 0.02714622 0.32005529 0.07691223 0.32733668 0.05280895 0.07542738 0.06110428 0.07327018 0.03543635
0.05065549 0.00418342 0.00062011 0.00242922 0.02309032 0.32070930 0.07037754 0.32827458 0.04238611 0.07214948 0.06678988 0.07276510 0.02668050
0.05076246 0.00501866 0.00112455 0.00404870 0.03288483 0.32016767 0.07521499 0.32842907 0.03837493 0.06918212 0.06219376 0.07376948 0.03283520
0.05173257 0.00182554 0.00109077 0.00203725 0.02692423 0.32077621 0.08556053 0.32900243 0.03624885 0.06594169 0.06809603 0.07171356 0.02189210
0.05120707 0.00257223 0.00055449 0.00063329 0.00136884 0.32046001 0.07833536 0.33047614 0.03963468 0.06358675 0.06605005 0.07073759 0.03233370
0.05158026 0.00447125 0.00034701 0.00602136 0.02165099 0.32075466 0.07933435 0.33000655 0.03992319 0.06141310 0.05729780 0.07209106 0.02063323
0.05099884 0.00176499 0.00084221 0.00385293 0.00396967 0.31895252 0.06907920 0.32956484 0.03834367 0.06173928 0.06542361 0.07330488 0.04446502
0.05268112 0.00212732 0.00069576 0.00072220 0.00205502 0.31946513 0.07970693 0.32883203 0.05006041 0.06124218 0.05652653 0.07277766 0.02095270
0.05153391 0.00150853 0.00064420 0.00060582 0.00167887 0.31917077 0.08136698 0.32757752 0.04526007 0.06387820 0.06963342 0.07364784 0.02153523
0.03079111 0.00289928 0.00085167 0.00212011 0.02870919 0.31842860 0.07943752 0.32802559 0.04710048 0.07737863 0.06338771 0.07367276 0.02276501
0.02991347 0.00487642 0.00132906 0.00645389 0.03515529 0.31719924 0.07551136 0.32789112 0.04524106 0.08815391 0.06490609 0.07520458 0.02087905
0.02922768 0.00538322 0.00120414 0.00332234 0.02333943 0.31756234 0.06988304 0.32854915 0.04693117 0.08714079 0.06262418 0.07406616 0.03263413
0.02854701 0.00540421 0.00161131 0.00453730 0.03304909 0.31717136 0.07187691 0.32945144 0.04589014 0.08532123 0.05657266 0.07373588 0.02971182
0.02905167 0.00791860 0.00387241 0.00882210 0.03949262 0.31671381 0.07285238 0.32954712 0.03992176 0.08489723 0.05501411 0.07277146 0.04689821
0.02991061 0.00812386 0.00119914 0.00775014 0.05188655 0.31508016 0.07057637 0.32987189 0.03360878 0.07831604 0.06027006 0.07007117 0.04822298
0.03151844 0.00492278 0.00082492 0.00615750 0.03477756 0.31565306 0.07701217 0.32989540 0.03731960 0.07700702 0.05688786 0.07229118 0.03709957
0.03117785 0.00752249 0.00118070 0.01040547 0.04442778 0.31413806 0.07112515 0.32825458 0.03761674 0.07608005 0.06137506 0.07335605 0.02591146
0.03201953 0.00538366 0.00120672 0.00363213 0.01022744 0.31592287 0.07763638 0.32917274 0.04489244 0.08037836 0.06579085 0.07636334 0.04320360
0.03289364 0.00440127 0.00088898 0.00332616 0.00583845 0.31459396 0.07944681 0.32718228 0.05718378 0.07918435 0.06657000 0.07298605 0.03306684
0.03396036 0.00181729 0.00051922 0.00171405 0.00341653 0.31568394 0.08303127 0.32681713 0.04985144 0.07634960 0.07057216 0.07374172 0.02286276
0.03430598 0.01399577 0.00047246 0.01586891 0.02224980 0.31593407 0.07180448 0.32767243 0.05051011 0.07450907 0.06526294 0.07510345 0.03666573
0.03356082 0.00601180 0.00060074 0.00841599 0.05377817 0.31640372 0.06737518 0.32779496 0.05303244 0.07159245 0.07233028 0.07565718 0.03983346
0.03207609 0.00892293 0.00059429 0.00834701 0.03985744 0.31774467 0.07319048 0.32859125 0.05060239 0.07175015 0.06135164 0.07287936 0.02733753
0.05101324 0.00671726 0.00069439 0.00559469 0.03116800 0.31682696 0.08550552 0.33076226 0.04713392 0.07316292 0.07362838 0.07353550 0.02798762
0.05036489 0.00477943 0.00072327 0.00293810 0.03458734 0.31916913 0.08516768 0.33176386 0.05823760 0.07771380 0.07337132 0.07422468 0.02566576
0.04894170 0.00431871 0.00177816 0.00721200 0.04047061 0.31720782 0.08132426 0.33173522 0.05008732 0.08461837 0.06479201 0.07439899 0.02346549
0.04728087 0.00330241 0.00121305 0.00422574 0.03361182 0.31921439 0.08205791 0.33123188 0.04241217 0.08949216 0.06506068 0.07513181 0.03303945
0.04844943 0.00340296 0.00087021 0.00393839 0.02353901 0.31745881 0.08671863 0.32986745 0.04306781 0.09323901 0.06842057 0.07525303 0.04065022
0.04944800 0.01147380 0.00076766 0.01156595 0.02591826 0.31904811 0.08375128 0.32977447 0.04908746 0.09128797 0.06263536 0.07484100 0.02459367
0.04954188 0.00199809 0.00229508 0.00100453 0.00104354 0.31755026 0.07600058 0.32819502 0.04943329 0.09263902 0.06547235 0.07465638 0.03582901
0.05047761 0.00119199 0.00266804 0.00187092 0.00194803 0.31922046 0.08978843 0.32765381 0.03598723 0.09724939 0.05903570 0.07430310 0.02201226
0.05177764 0.00101619 0.00279215 0.00041713 0.00096991 0.31774987 0.08378363 0.32786709 0.03380670 0.09039405 0.05850577 0.07332742 0.02792569
0.05407841 0.00671972 0.00108464 0.00781260 0.01710325 0.31803702 0.08133405 0.32944524 0.03567360 0.09314416 0.06233293 0.07455725 0.02140394
0.05580119 0.00189476 0.00073416 0.00057759 0.02992519 0.31601690 0.07821607 0.32932132 0.04106790 0.08900553 0.06319741 0.07067528 0.02639576
0.05614652 0.00446492 0.00064086 0.00798234 0.02420193 0.31687092 0.08547804 0.32965316 0.04043865 0.08502243 0.06231421 0.07412879 0.02407030
0.05649824 0.00289551 0.00185606 0.00197744 0.01951077 0.31507699 0.08308667 0.32914523 0.04477319 0.08575372 0.06400701 0.07348755 0.02390981
0.05690123 0.00172465 0.00076536 0.00030215 0.00120247 0.31649510 0.08361013 0.32880226 0.04846044 0.08211905 0.07105655 0.07549092 0.02428506
0.05695348 0.00358567 0.00121455 0.00484445 0.03709550 0.31440475 0.08485003 0.32761667 0.04614628 0.07879386 0.07114574 0.07451181 0.02254708
0.05706594 0.00348242 0.00108567 0.00628239 0.03775120 0.31537659 0.07718247 0.32852250 0.05053060 0.08135039 0.07190535 0.07547424 0.02508474
0.05546486 0.00411402 0.00126062 0.00207364 0.02438338 0.31429786 0.08139093 0.32783430 0.05321329 0.07617276 0.06870674 0.07643327 0.02251710
0.05351142 0.00464287 0.00132973 0.00394575 0.02655060 0.31349728 0.07817678 0.32911911 0.04860322 0.07209032 0.06828615 0.07825375 0.02250273
0.05243305 0.00488288 0.00162128 0.00374813 0.03534212 0.31313654 0.08200820 0.32939051 0.04418108 0.07076343 0.07027877 0.07398981 0.02249455
0.05214311 0.00441002 0.00125107 0.00502355 0.01757336 0.31289877 0.07674100 0.32904102 0.04739046 0.07240055 0.06875183 0.07441645 0.03286147
0.05208285 0.00184938 0.00099839 0.00199306 0.00623553 0.31283106 0.08161935 0.32970455 0.05616052 0.07473227 0.06531198 0.07266372 0.02361080
0.04965688 0.00396265 0.00155609 0.00387449 0.02268890 0.31256567 0.08248098 0.32980897 0.04011546 0.08145407 0.06693901 0.07451772 0.03683620
0.04884300 0.00393283 0.00199776 0.00056583 0.00422072 0.31271401 0.08655169 0.32913891 0.04648575 0.08777387 0.06427325 0.07870802 0.02121500
0.04928967 0.00322534 0.00127771 0.00043363 0.00218080 0.31438394 0.08020391 0.32820352 0.04519939 0.08677912 0.06459722 0.07507448 0.02415205
0.05114783 0.00243155 0.00110475 0.00175662 0.04282280 0.31473009 0.09729330 0.32788015 0.03695394 0.08336809 0.06529666 0.07494367 0.03396468
0.05170843 0.00481432 0.00054771 0.00609068 0.02321887 0.31457357 0.08679114 0.32772703 0.04128575 0.08539805 0.06294072 0.07528215 0.03107254
0.05240622 0.01053304 0.00102399 0.01007666 0.03116506 0.31347493 0.08553505 0.32765216 0.03589323 0.08693500 0.08023184 0.07774723 0.02591997
0.05295626 0.00697804 0.00117212 0.01005804 0.04911507 0.31335648 0.08091957 0.32862796 0.04684590 0.09098661 0.06386761 0.07536450 0.02512617
0.05372310 0.00291339 0.00112229 0.00458483 0.03635754 0.31315781 0.07638847 0.32843801 0.04803589 0.08936826 0.06373516 0.07188340 0.02345396
0.05415690 0.01368734 0.00070077 0.01359024 0.02250824 0.31518845 0.08645415 0.32850865 0.05888957 0.08251014 0.06203547 0.07372081 0.02239361
0.05400526 0.00435900 0.00054823 0.00523321 0.03770173 0.31387401 0.08005939 0.32932071 0.04218160 0.07768770 0.06716866 0.07430925 0.02338604
0.05311051 0.00649816 0.00052682 0.00604669 0.04470018 0.31477271 0.08744674 0.32921606 0.03740262 0.06893291 0.07988433 0.07539783 0.02292287
0.05266433 0.00675435 0.00060070 0.00621197 0.04078609 0.31413167 0.08969868 0.32769834 0.05421913 0.07504505 0.06017307 0.07527478 0.02412311
0.05097143 0.01106315 0.00194937 0.00820864 0.04591040 0.31633309 0.07460027 0.32772198 0.05065703 0.06684714 0.06735048 0.07844630 0.02619959
0.05018912 0.00502747 0.00118271 0.00462844 0.03894884 0.31350215 0.08980525 0.32659284 0.05510789 0.06649810 0.06395933 0.07599700 0.02197255
0.05014473 0.00487196 0.00072453 0.00712170 0.03519688 0.31518549 0.09194726 0.32668174 0.04385764 0.06354365 0.06700045 0.07780837 0.02881485
0.05006472 0.00416597 0.00068449 0.00458889 0.04774843 0.31315211 0.07826627 0.32660171 0.03843357 0.06981063 0.07686877 0.07393820 0.02590430
0.05008431 0.00782466 0.00072598 0.00921073 0.05102098 0.31388231 0.07567873 0.32684219 0.04999844 0.07144872 0.05964715 0.07708840 0.02740320
0.05061740 0.00804841 0.00112615 0.00826544 0.04844493 0.31300867 0.07849293 0.32728602 0.04523037 0.07827462 0.06536572 0.07484842 0.02559536
0.05115921 0.00634446 0.00099246 0.00855856 0.04074879 0.31476534 0.08779178 0.32675029 0.03603946 0.07973445 0.06528239 0.07297624 0.02535972
0.05082176 0.00921907 0.00079864 0.01177428 0.03275393 0.31319050 0.08970241 0.32592661 0.03811516 0.07821830 0.06362384 0.07478460 0.02166307
0.05142060 0.00290953 0.00108766 0.00130054 0.02475086 0.31354205 0.07928982 0.32496306 0.03830103 0.08243363 0.06545522 0.07246135 0.02488204
0.05194855 0.01149102 0.00072993 0.01170508 0.01196660 0.31313210 0.08152709 0.32442540 0.04028160 0.07921718 0.06218472 0.07521068 0.02359741
0.05117617 0.00153222 0.00061600 0.00267201 0.02359400 0.31208725 0.08614290 0.32374048 0.04050503 0.07570013 0.06272433 0.07283820 0.02364798
0.04964030 0.00406358 0.00064209 0.00806741 0.03992245 0.31270590 0.08177392 0.32482410 0.03864107 0.07180791 0.06684208 0.07622170 0.02255646
0.04851891 0.00239935 0.00071337 0.00201206 0.03473439 0.31166564 0.07958206 0.32509117 0.04378053 0.06872174 0.05998955 0.07398086 0.02480077
0.04759578 0.00603025 0.00128706 0.00726318 0.04343098 0.31213738 0.07819900 0.32600680 0.03958701 0.06572724 0.06344658 0.07579751 0.02264005
0.04698019 0.00471977 0.00077453 0.00241302 0.05074125 0.31126922 0.07652000 0.32550688 0.03794497 0.06676736 0.05932208 0.07128763 0.02857943
0.04611418 0.00380861 0.00136267 0.00502285 0.02647997 0.31076975 0.08037030 0.32642172 0.03924076 0.06745296 0.06443093 0.07459584 0.02461286
0.04556129 0.00617504 0.00076927 0.00752640 0.04031647 0.31010503 0.08134782 0.32586826 0.04757365 0.06857065 0.06045425 0.07241381 0.02133323
0.04534863 0.00130143 0.00105572 0.00028823 0.00100423 0.31281419 0.07670131 0.32524191 0.03316839 0.06844344 0.06188091 0.07384222 0.02312728
0.04539760 0.00324531 0.00079486 0.00283020 0.02206170 0.31168265 0.07493210 0.32338090 0.03076835 0.06981979 0.05163019 0.07218752 0.02315180
0.04532300 0.00089277 0.00062212 0.00020941 0.00055316 0.31272209 0.07480978 0.32391875 0.03083078 0.06951360 0.05449115 0.07457414 0.02304550
0.04549101 0.00079442 0.00050216 0.00029891 0.00064083 0.31194036 0.08967250 0.32193103 0.02867571 0.07125318 0.05608333 0.07154798 0.02016966
0.04539101 0.00088147 0.00038297 0.00020863 0.00052157 0.31195553 0.07795614 0.32279932 0.03292683 0.07127213 0.05739345 0.07241712 0.02197978
0.04545799 0.00117611 0.00042103 0.00023203 0.00073026 0.31237746 0.08067075 0.32339152 0.03239321 0.07352882 0.05853646 0.07132480 0.02129146
0.04226136 0.00173189 0.00049894 0.00037485 0.00119638 0.31318732 0.07367672 0.32431090 0.03297505 0.07006325 0.05661892 0.07224827 0.02330989
0.04167202 0.00310275 0.00043947 0.00213691 0.02777996 0.31291123 0.07563024 0.32523403 0.03283732 0.06985558 0.05736806 0.06929608 0.02399674
0.03975387 0.00301078 0.00331768 0.00599721 0.02508126 0.31243050 0.08363864 0.32496892 0.03453573 0.06832620 0.05279386 0.07152788 0.02138317
0.03927780 0.00270802 0.00124509 0.00355559 0.05564464 0.31134394 0.08413543 0.32607167 0.03162589 0.07785181 0.05736518 0.07168738 0.02258945
0.04039045 0.00914575 0.00084542 0.00376968 0.03602608 0.31266779 0.07454419 0.32478891 0.05435438 0.07338363 0.05716465 0.07409412 0.02448527
0.04175281 0.00686127 0.00113518 0.00459478 0.04054291 0.31136440 0.07664191 0.32396992 0.04736349 0.06809385 0.05972852 0.07426879 0.03333422
0.04121087 0.00454549 0.00071195 0.00629537 0.03262592 0.31226914 0.07457083 0.32284099 0.03782853 0.06247818 0.06473231 0.07544635 0.03903633
0.04121769 0.00347983 0.00214526 0.00343950 0.03732441 0.31179220 0.08377986 0.32249507 0.04260192 0.07030516 0.06122298 0.07446535 0.02347037
0.03949868 0.00172895 0.00121398 0.00762386 0.00463211 0.31216853 0.07738303 0.32156796 0.03889663 0.06592202 0.05634923 0.07487496 0.04609668
0.04172432 0.00331741 0.00097617 0.00273666 0.00239871 0.31202224 0.07955463 0.32288570 0.04086661 0.05647936 0.06645878 0.07707307 0.02892107
0.03881470 0.00340808 0.00179519 0.00102998 0.00487150 0.31437296 0.08338519 0.32258159 0.04102810 0.05889007 0.05386096 0.07247054 0.02562975
0.03872097 0.00225207 0.00166583 0.00105472 0.00431293 0.31210899 0.08246992 0.32249225 0.04462490 0.05886505 0.06077626 0.07180257 0.02592059
0.03782870 0.00983879 0.00109673 0.00880610 0.01687004 0.31362907 0.08813690 0.32262415 0.03608233 0.05823631 0.06175401 0.07245091 0.02180512
0.03846626 0.00415935 0.00079241 0.00195353 0.02599335 0.31274572 0.07852504 0.32205090 0.04618453 0.06117892 0.05330971 0.07167593 0.02732482
0.03903520 0.00890838 0.00064444 0.01062990 0.03153809 0.31210609 0.07526915 0.32248216 0.03969508 0.06350664 0.05904143 0.07256321 0.03599865
0.04340451 0.00169526 0.00071205 0.00332555 0.01699008 0.31282373 0.08329611 0.32105645 0.03398161 0.06814490 0.05742824 0.07194290 0.03308375
0.04156240 0.00298328 0.00063891 0.00152287 0.00120682 0.31302397 0.08497884 0.32103129 0.04863545 0.06410150 0.05549915 0.07421884 0.02319296
0.04233343 0.00798241 0.00077009 0.00634547 0.01532575 0.31435147 0.07967380 0.32174478 0.03455540 0.06711243 0.06186571 0.07241059 0.03197415
0.03993485 0.00412899 0.00092304 0.00415638 0.02863720 0.31240761 0.08399816 0.32189859 0.03353915 0.06928105 0.06074875 0.07374320 0.02436088
0.03854179 0.00880597 0.00099920 0.01032175 0.03504938 0.31252410 0.08102939 0.32244328 0.03383661 0.06871674 0.06096102 0.07347065 0.03002966
0.03717958 0.00307943 0.00100685 0.00241069 0.05471966 0.31133239 0.08101771 0.32369822 0.03759004 0.06800401 0.05442943 0.07096625 0.02416941
0.03447195 0.00592159 0.00201348 0.00727055 0.03893658 0.31242145 0.07590215 0.32344207 0.03011365 0.06545306 0.06209414 0.07286057 0.02652242
0.03489191 0.00173412 0.00136958 0.00201030 0.02298109 0.31151832 0.08072202 0.32264178 0.03624135 0.06248567 0.05018123 0.07271221 0.02160445
0.03647902 0.00104605 0.00102011 0.00025504 0.00063808 0.31242652 0.07724810 0.32227714 0.03211612 0.05955288 0.05774912 0.08063321 0.02237091
0.04303391 0.00081874 0.00100993 0.00021725 0.00051816 0.31034096 0.07668229 0.32031765 0.03483086 0.05821869 0.05912452 0.07019667 0.02267895
0.04704555 0.00073892 0.00056816 0.00026112 0.00056522 0.31281226 0.08260178 0.32040390 0.03571159 0.05782582 0.05959648 0.07439696 0.02069201
0.04751892 0.00086849 0.00075129 0.00030021 0.02879033 0.31010576 0.06992785 0.31901232 0.03901135 0.05844353 0.06227908 0.07061360 0.02289400
0.04660861 0.00503385 0.00091063 0.00533266 0.03260061 0.31505295 0.07661279 0.32124222 0.03919421 0.05845147 0.06212430 0.07459328 0.01953276
0.04570931 0.00368609 0.00051374 0.00459761 0.02397305 0.30980139 0.07230585 0.32109408 0.03841931 0.05295978 0.06339552 0.07225910 0.02913941
0.04503848 0.00445488 0.00054613 0.00356729 0.02405161 0.31456592 0.07136098 0.32240649 0.04780239 0.05313047 0.05150059 0.07367962 0.03295980
0.04333452 0.00202668 0.00074612 0.00080249 0.03095690 0.31117832 0.07015392 0.32302630 0.05223882 0.05346557 0.06179043 0.06776732 0.02028704
0.03851840 0.00109861 0.00086690 0.00353397 0.00264032 0.31367574 0.06955453 0.32474065 0.03670644 0.05780467 0.06638266 0.07167299 0.02469884
0.03186021 0.00235390 0.00115904 0.00385493 0.00738955 0.31149110 0.07454653 0.32391872 0.03780784 0.06188499 0.05892454 0.07236809 0.04051398
0.02674137 0.00694325 0.00135908 0.00588222 0.05038335 0.31227704 0.07150853 0.32445920 0.03627130 0.06365791 0.05523193 0.07321344 0.02438382
0.02497999 0.00880476 0.00151209 0.00899991 0.03539271 0.31198470 0.07201507 0.32268409 0.03662699 0.06912299 0.05088140 0.07226041 0.03524263
0.02700922 0.00312431 0.00132437 0.00321229 0.00487018 0.31388334 0.07198589 0.32204686 0.03989351 0.07531018 0.05610387 0.07298023 0.02801615
0.03098592 0.00748350 0.00063394 0.00541004 0.03491113 0.31284922 0.07006056 0.32218839 0.04893921 0.07578698 0.05929009 0.07063634 0.02954454
0.03230318 0.00855012 0.00045755 0.00845705 0.04170723 0.31501701 0.07686090 0.32265716 0.04654826 0.07213936 0.05409553 0.07420221 0.02063852
0.03172349 0.00625876 0.00043823 0.00689900 0.04171918 0.31324958 0.07467933 0.32304790 0.03589519 0.06878646 0.05492349 0.07177841 0.02433060
0.03003495 0.00555729 0.00190968 0.00646993 0.04911497 0.31680450 0.06859347 0.32529232 0.04146916 0.06438269 0.06304487 0.07235043 0.02190320
0.02845933 0.00417697 0.00060711 0.00352320 0.02657493 0.31477943 0.07952025 0.32474966 0.04891224 0.05886402 0.05305037 0.07073088 0.02490437
0.02809745 0.00221284 0.00047778 0.00241370 0.00439177 0.31792458 0.08024855 0.32608529 0.04967169 0.05526013 0.07421343 0.07068123 0.02210087
0.02835768 0.00310917 0.00050364 0.00046214 0.00356153 0.31453178 0.08409431 0.32573041 0.04768827 0.05533255 0.05588398 0.07188378 0.02205319
0.02830542 0.00133554 0.00053341 0.00065670 0.00159178 0.31717753 0.07852404 0.32549341 0.03981522 0.05711104 0.07838354 0.07376087 0.02064737
0.02706733 0.00140245 0.00060151 0.00029461 0.00124627 0.31494266 0.07340853 0.32409073 0.04686229 0.06827002 0.06537544 0.07133695 0.02326610
0.02713511 0.00107540 0.00136808 0.00054057 0.04011927 0.31589059 0.07804436 0.32409696 0.04256265 0.06890328 0.06606321 0.07310979 0.02110387
0.02897348 0.00267539 0.00093968 0.00180145 0.02332025 0.31508646 0.07236788 0.32312159 0.04118217 0.06914549 0.06877963 0.07259974 0.02413581
0.03186190 0.00904104 0.00065222 0.00879001 0.04744393 0.31402531 0.08522013 0.32422986 0.04016875 0.06886230 0.05419336 0.07408218 0.02191443
0.03290768 0.00295300 0.00083540 0.00327857 0.02267947 0.31457157 0.07318701 0.32397577 0.03449512 0.07213986 0.06243073 0.07069860 0.03948536
0.03160585 0.00446119 0.00057647 0.00429369 0.02802027 0.31339754 0.07859586 0.32457152 0.03812108 0.07216836 0.05229740 0.07157912 0.02561761
0.03601020 0.00696466 0.00046435 0.00778971 0.02652541 0.31525772 0.07319016 0.32572332 0.04589209 0.07521902 0.05677681 0.07057296 0.02224784
0.03671754 0.00316207 0.00056570 0.00343553 0.01441160 0.31320195 0.07030542 0.32512406 0.04163445 0.07577710 0.06120862 0.07108695 0.02420201
0.03456723 0.00707348 0.00065216 0.00773090 0.02307785 0.31352036 0.07291315 0.32374432 0.03467342 0.07984488 0.06105499 0.07047665 0.02388299
0.03236353 0.00361006 0.00071582 0.00387288 0.01665346 0.31252126 0.08141461 0.32399005 0.03906633 0.07875442 0.05838743 0.07337892 0.02264137
0.03106368 0.00781136 0.00079588 0.00959389 0.02273809 0.31214430 0.08011253 0.32322801 0.04140786 0.07698222 0.05845604 0.07287011 0.02111736
0.03066667 0.00311529 0.00116122 0.00042164 0.00305848 0.31161594 0.08735052 0.32206469 0.04477915 0.08250744 0.05562983 0.07257380 0.02021517
0.03114037 0.00524595 0.00137277 0.00245848 0.03496608 0.31119485 0.06962669 0.32403644 0.04380426 0.07688934 0.07236858 0.07719213 0.02304382
0.04114422 0.00273804 0.00097167 0.00072047 0.00247039 0.31032064 0.07491817 0.32401722 0.04827916 0.07112978 0.05663712 0.07268025 0.02432701
0.04184832 0.00132080 0.00062090 0.00112908 0.00137146 0.31260362 0.07548234 0.32543741 0.03988098 0.06475432 0.07522794 0.07323706 0.02306983
0.04115916 0.00163598 0.00044176 0.00047447 0.00156577 0.30980726 0.07862187 0.32513415 0.04654550 0.06190174 0.06576624 0.06978481 0.02070145
0.03987153 0.00438455 0.00065703 0.00355579 0.01998321 0.31297140 0.08421665 0.32551412 0.04395797 0.06064477 0.06404844 0.07272549 0.02181342
0.03999098 0.00785404 0.00036904 0.00845037 0.03475918 0.30917784 0.07474834 0.32568315 0.04383993 0.06322238 0.06821189 0.07297594 0.04251177
0.03910112 0.00150623 0.00044981 0.00216909 0.00199923 0.31219155 0.07793336 0.32442831 0.04323781 0.06564633 0.06323586 0.07412201 0.02497112
0.03785092 0.00154642 0.00201115 0.00210381 0.00358881 0.30975658 0.07462912 0.32329965 0.03965650 0.08084837 0.06490953 0.07140592 0.02752851
0.03653014 0.00094567 0.00109791 0.00123962 0.03691916 0.31141446 0.07435171 0.32493597 0.04035475 0.08176301 0.06436675 0.07474815 0.02473481
0.03618425 0.00310502 0.00072175 0.00322768 0.01898114 0.31028101 0.08397945 0.32359731 0.03873911 0.08149519 0.05716279 0.07185695 0.02312679
0.03614946 0.00338033 0.00064803 0.00391556 0.03118775 0.31109782 0.07402770 0.32504419 0.03534293 0.08108351 0.06239420 0.07300959 0.02590609
0.03613479 0.00376874 0.00068298 0.00275951 0.02590453 0.31037918 0.07931645 0.32594191 0.03570056 0.08264780 0.06222191 0.06962343 0.02310378
0.03550272 0.00937082 0.00289108 0.01056670 0.04966131 0.31038514 0.07686157 0.32698213 0.03565525 0.08453603 0.05900019 0.07387111 0.02177949
0.03526508 0.00622260 0.00122063 0.00578070 0.03750566 0.30991357 0.07453412 0.32631730 0.03798955 0.08832376 0.06348117 0.06944625 0.02513787
0.03601545 0.00540573 0.00067708 0.00742406 0.04768140 0.31190305 0.08101379 0.32719748 0.03987893 0.08645721 0.06178805 0.07260489 0.02236066
0.03591373 0.00411111 0.00102073 0.00640849 0.03473335 0.31049010 0.08887274 0.32534420 0.03925207 0.09406457 0.06707561 0.07283601 0.02188684
0.03616207 0.00349143 0.00090708 0.00351353 0.03421629 0.31255418 0.08812318 0.32603059 0.04312101 0.08682632 0.06239493 0.07561912 0.02422336
0.03678508 0.00399015 0.00051234 0.00650722 0.05005828 0.31184689 0.08106236 0.32522405 0.04040621 0.07950000 0.07369325 0.07345986 0.02454659
0.03692223 0.00342539 0.00037016 0.00410110 0.04202763 0.31256596 0.07676064 0.32555742 0.04482092 0.07001348 0.06763261 0.07560288 0.05002442
0.03433652 0.00526486 0.00120959 0.00527660 0.02559856 0.31387383 0.08441901 0.32661932 0.05044484 0.06430842 0.06831824 0.07373694 0.02860648
0.03465114 0.00560089 0.00087264 0.00369140 0.05027903 0.31310754 0.08818283 0.32863246 0.04166743 0.05683435 0.08218236 0.07603339 0.02463646
0.03428865 0.00394574 0.00062593 0.00050889 0.00324537 0.31270139 0.09348692 0.32880798 0.05759271 0.06206086 0.06419467 0.07335124 0.02593041
0.03380172 0.01017762 0.00050794 0.00816778 0.02702934 0.31319150 0.08512667 0.32956916 0.06175506 0.05773668 0.08318169 0.07320551 0.02511072
0.03402777 0.00419209 0.00058970 0.00425766 0.02652427 0.31278135 0.09239166 0.33039497 0.04857144 0.06170127 0.07178073 0.07459027 0.03145062
0.03440557 0.00266379 0.00063320 0.00254931 0.00345228 0.31383208 0.09565906 0.32941345 0.04326808 0.06505740 0.07523900 0.07403303 0.04805075
0.03510854 0.00447830 0.00060764 0.00053476 0.00512589 0.31374499 0.09425765 0.32912778 0.04866228 0.06899303 0.07111524 0.07623611 0.02571867
0.03485175 0.00767209 0.00263550 0.00656994 0.03867185 0.31371925 0.09193550 0.32708881 0.04046695 0.07271974 0.06134389 0.07441714 0.02668188
0.03652361 0.00571512 0.00177663 0.00599375 0.04385379 0.31407993 0.08729489 0.32731064 0.03106921 0.07549080 0.06959449 0.07887659 0.02588617
0.03690791 0.00256927 0.00093127 0.00160066 0.02185337 0.31284651 0.09072461 0.32643037 0.03290533 0.07593419 0.06338898 0.07820048 0.03017903
0.03944418 0.00295080 0.00071736 0.00273645 0.00330043 0.31377037 0.09135208 0.32809367 0.04017009 0.08768854 0.05612997 0.07341602 0.03710602
0.04034676 0.00763310 0.00094408 0.00861391 0.03563121 0.31177165 0.08448801 0.32916570 0.03206789 0.08599073 0.07252434 0.07346894 0.02771566
0.04133880 0.00486368 0.00129749 0.00742066 0.05158946 0.31321582 0.08883296 0.32815722 0.03698176 0.08308591 0.05508360 0.07268522 0.02345599
0.04113098 0.00779244 0.00181399 0.00952198 0.03205280 0.31399973 0.07740721 0.32873829 0.04064862 0.07973631 0.06271150 0.07142835 0.02368361
0.03978389 0.00683007 0.00200141 0.00594973 0.03721227 0.31220598 0.07405976 0.32833309 0.05211219 0.07919728 0.06153701 0.07815101 0.02368483
0.04082663 0.00745528 0.00118047 0.00934341 0.04143110 0.31241114 0.08130548 0.32661451 0.04305803 0.07745336 0.05441445 0.07352187 0.02331919
0.03764770 0.00189449 0.00084454 0.00724682 0.02730618 0.31278254 0.07217086 0.32599052 0.03727244 0.07460962 0.06456965 0.07365208 0.03863704
0.03811335 0.00320355 0.00086845 0.00391248 0.01745991 0.31159231 0.08372118 0.32445854 0.04419347 0.07224052 0.05438210 0.07287880 0.02360014
0.03955396 0.00612132 0.00097330 0.00409578 0.03601553 0.31285030 0.07965722 0.32567751 0.05166192 0.06499508 0.06561767 0.07748617 0.03795172
0.03830137 0.00446090 0.00108331 0.00642575 0.04067613 0.31027694 0.08864036 0.32533183 0.04023712 0.06420764 0.06446184 0.07271533 0.02249923
0.03853456 0.00588812 0.00104391 0.00877102 0.03350657 0.31375787 0.08405679 0.32628949 0.03862430 0.06457203 0.06662368 0.07491946 0.03469334
0.03784078 0.00336371 0.00095502 0.00268326 0.02911076 0.31063656 0.08257914 0.32615321 0.04038749 0.05932640 0.07061707 0.07177093 0.02526860
0.03691046 0.00458043 0.00086854 0.00428929 0.02892236 0.31439290 0.08716931 0.32800839 0.04397158 0.05960933 0.05791602 0.07285708 0.02601145
0.03641938 0.00175186 0.00198326 0.00054149 0.00097968 0.31085580 0.08430750 0.32726322 0.03909319 0.06649743 0.06574038 0.07517490 0.02501181
0.03605996 0.00124278 0.00124979 0.00047503 0.00059517 0.31207275 0.09075007 0.32727769 0.03573955 0.07080127 0.06584718 0.07403511 0.02596008
0.03854381 0.00143177 0.00101747 0.00050630 0.00281063 0.30944362 0.09997406 0.32630668 0.03841996 0.07463214 0.06286993 0.07436050 0.02615848
0.03102318 0.00544362 0.00170221 0.00448096 0.01931902 0.31154541 0.08948302 0.32684480 0.03902850 0.07922454 0.06883207 0.07604068 0.02881908
0.03315671 0.00663884 0.00149894 0.00715348 0.02636530 0.31234414 0.09162926 0.32681581 0.04734915 0.09497853 0.05984069 0.07577573 0.02486958
0.03434965 0.00289235 0.00220665 0.00088974 0.00442661 0.31066250 0.08234382 0.32622007 0.04413555 0.10160433 0.06447417 0.07552862 0.02375355
0.03537054 0.00253005 0.00265116 0.00307474 0.02833132 0.31428916 0.09023787 0.32762323 0.03473765 0.10478111 0.05883892 0.07323064 0.03616129
0.03460053 0.00221274 0.00154695 0.00270025 0.00274882 0.30958649 0.09229613 0.32752108 0.03104709 0.09928343 0.06027998 0.07866339 0.02802107
0.03413335 0.00779924 0.00134296 0.00884356 0.00852720 0.31286757 0.09165002 0.32813767 0.03630345 0.09259360 0.06171686 0.07250940 0.03487512
0.03463886 0.00229901 0.00084478 0.00477706 0.00896280 0.30899997 0.08743266 0.32786789 0.04021952 0.08364549 0.06042779 0.07329252 0.02815307
0.03590023 0.00445764 0.00141805 0.00610743 0.02825500 0.31223423 0.07985939 0.32682148 0.03785479 0.08501391 0.06978695 0.07450246 0.02506329
0.03593254 0.00231309 0.00103257 0.00042299 0.00168697 0.30969869 0.08617205 0.32653813 0.05304836 0.07842813 0.06244985 0.07467607 0.02211634
0.03505827 0.00271614 0.00074048 0.00043790 0.00365970 0.31224078 0.08216966 0.32568702 0.04771327 0.07350620 0.07099769 0.07372085 0.02594591
0.03379146 0.00102344 0.00052551 0.00062594 0.00153384 0.30990429 0.08657097 0.32523737 0.04528874 0.06479774 0.07440615 0.07478162 0.02415358
0.03254867 0.00730606 0.00050014 0.00688320 0.01364805 0.31112843 0.09429005 0.32560636 0.05017055 0.06273494 0.06378135 0.07489089 0.02440847
0.03039250 0.00121958 0.00066939 0.00023308 0.00061595 0.30877803 0.08115892 0.32546758 0.04605757 0.06176743 0.07807970 0.07339566 0.02464963
0.02715961 0.00173936 0.00069317 0.00236033 0.03334529 0.31017772 0.08643978 0.32681674 0.04984126 0.06216832 0.06620235 0.07483654 0.02364078
0.02439588 0.00329459 0.00327944 0.00390221 0.02515939 0.30767908 0.08130413 0.32734521 0.04406081 0.06773717 0.07164014 0.07376348 0.02681491
0.02405137 0.00207556 0.00114425 0.00220094 0.02240848 0.30952661 0.09061837 0.32852275 0.04308329 0.07441400 0.06700613 0.07435246 0.02387269
0.02314665 0.00289803 0.00140272 0.00545834 0.02608725 0.30816431 0.09715884 0.32960576 0.04090643 0.07888419 0.06328735 0.07742330 0.02861826
0.02444614 0.00871628 0.00047044 0.01079156 0.02639451 0.31065255 0.08522254 0.32978861 0.03604107 0.08662980 0.07561614 0.07429128 0.03900471
0.02573057 0.00484295 0.00077956 0.00378692 0.02496343 0.30848209 0.08612299 0.32768558 0.04434067 0.09412085 0.06292497 0.07298587 0.02696859
0.02551127 0.00332799 0.00064992 0.00275856 0.01439387 0.31190446 0.08359660 0.32725987 0.04416487 0.09817733 0.06164904 0.07586459 0.03624759
0.02380255 0.00589936 0.00062636 0.00531103 0.02001734 0.30866842 0.08992968 0.32595404 0.04285102 0.09899644 0.05900306 0.07411209 0.02662728
0.02516596 0.00508103 0.00074939 0.00782168 0.05135673 0.31252487 0.09188365 0.32618973 0.03500980 0.09716944 0.04797718 0.07516108 0.02304074
0.02443364 0.00502403 0.00410862 0.00469308 0.05193769 0.30936930 0.07986948 0.32687750 0.02731747 0.09232502 0.05880529 0.07890209 0.02563169
0.02358121 0.00687409 0.00112002 0.00598705 0.03959393 0.31306329 0.08249281 0.32740402 0.02997550 0.09589043 0.06298377 0.07419354 0.02503589
0.02441891 0.00703050 0.00101240 0.00580438 0.03146218 0.31115853 0.08129366 0.32856003 0.03399375 0.08843109 0.05423648 0.07197600 0.03499525
0.02621329 0.00335210 0.00145059 0.00280529 0.02204276 0.31308867 0.07785190 0.32823676 0.03780729 0.07982624 0.06569689 0.07217215 0.02809026
0.02699695 0.00447393 0.00148332 0.00666227 0.03963964 0.31082973 0.08364978 0.32609385 0.03891429 0.07240175 0.05287847 0.07125261 0.02986292
0.02808742 0.00695975 0.00096867 0.00676218 0.02982035 0.31233977 0.08502091 0.32688000 0.04047639 0.06415164 0.06119195 0.07458141 0.02489416
0.02913697 0.00532202 0.00059747 0.00385804 0.01933430 0.31204589 0.08541399 0.32430820 0.04654299 0.05987771 0.05748040 0.07275024 0.03166113
0.02977747 0.00383253 0.00056107 0.00174828 0.01376261 0.31363788 0.08121202 0.32419021 0.04524303 0.05435250 0.07041288 0.07585303 0.02564704
0.02868915 0.00419437 0.00055661 0.00438015 0.02697390 0.31314640 0.07882106 0.32368031 0.04028471 0.04867611 0.06867190 0.07380137 0.03036696
0.02462590 0.00252135 0.00104772 0.00432835 0.02391494 0.31223313 0.09760611 0.32430951 0.04615041 0.04875001 0.06162518 0.07762465 0.02930542
0.02575683 0.00432469 0.00079208 0.00692012 0.03170568 0.31255387 0.08228896 0.32597711 0.04548666 0.05432685 0.07251249 0.07610593 0.03049042
0.02717711 0.00208147 0.00153279 0.00214441 0.00269501 0.31090668 0.08500162 0.32514526 0.04580429 0.06051494 0.05643100 0.07296101 0.04067682
0.02869412 0.00216524 0.00149727 0.00244491 0.00397828 0.31239020 0.08592916 0.32596237 0.03970621 0.06444969 0.06224833 0.07013937 0.02538403
0.02839955 0.00163262 0.00094374 0.00051570 0.00149211 0.31046841 0.08072716 0.32624587 0.03248574 0.06950938 0.06102602 0.07167571 0.03410794
0.02838239 0.00170524 0.00308843 0.00186359 0.00145545 0.31282304 0.10167738 0.32546430 0.02797819 0.07146886 0.05259535 0.07206537 0.02401554
0.02844056 0.00116896 0.00180577 0.00365815 0.00436927 0.30852991 0.08384612 0.32358225 0.02560201 0.07223442 0.05784499 0.07214284 0.03451686
0.02887359 0.01051438 0.00072359 0.00896599 0.02381440 0.31195151 0.08670932 0.32436955 0.03307293 0.07310510 0.05180895 0.07556182 0.05010884
0.02477780 0.00372861 0.00110158 0.00203061 0.03535389 0.31179617 0.09590499 0.32385889 0.03453499 0.07472407 0.04625844 0.07358324 0.04066863
0.03109686 0.00378232 0.00060557 0.00305735 0.02921266 0.31116514 0.08758714 0.32424240 0.03354598 0.07602312 0.06803685 0.07573501 0.02631567
0.03143914 0.00157899 0.00143467 0.00053927 0.04104651 0.30984661 0.09436534 0.32362958 0.03865361 0.08043745 0.04864101 0.07441411 0.03383068
0.03355401 0.00246332 0.00119989 0.00217245 0.00178219 0.31082752 0.08870670 0.32497451 0.03578471 0.07169096 0.06580959 0.07323578 0.03574055
0.03413901 0.01038831 0.00065049 0.01267043 0.02954325 0.30919234 0.08774509 0.32583528 0.03803689 0.06673363 0.06112640 0.07228269 0.02923348
0.03340679 0.00123217 0.00090987 0.00047839 0.00096402 0.31213391 0.09254327 0.32617315 0.03550288 0.06481885 0.06086921 0.07211496 0.02732430
0.03294938 0.00397598 0.00070942 0.00568654 0.02103838 0.30961335 0.08326573 0.32615078 0.03640061 0.06352404 0.06847624 0.07140959 0.02517646
0.03307113 0.00098850 0.00071845 0.00028269 0.00061761 0.31389193 0.09705334 0.32561482 0.03881040 0.06280640 0.05597534 0.07215886 0.02568850
0.03328155 0.00112265 0.00051315 0.00032766 0.00075361 0.31076554 0.08807648 0.32422658 0.03665676 0.06365040 0.07186275 0.07144323 0.02513017
0.03282442 0.00651789 0.00037321 0.00889345 0.03863838 0.31223803 0.08826348 0.32496594 0.04265551 0.06215708 0.06228506 0.07521053 0.02731778
0.03155093 0.00746655 0.00051044 0.00773490 0.03571508 0.31247211 0.08983737 0.32381925 0.04065274 0.06145544 0.06833481 0.07497353 0.02714218
0.02955782 0.00510847 0.00130892 0.00491663 0.03718518 0.31287976 0.08582469 0.32499924 0.03920193 0.05876482 0.06728132 0.07594407 0.02648398
0.02842189 0.00420877 0.00058172 0.00403141 0.03230434 0.31370213 0.09335325 0.32466501 0.04343414 0.05810620 0.05771416 0.07277486 0.02435710
0.02776078 0.00389766 0.00093008 0.00233726 0.02531407 0.31257383 0.08631992 0.32631547 0.03395337 0.05217500 0.06966227 0.07621179 0.02780008
0.02787858 0.00435183 0.00106695 0.00548390 0.02294080 0.31348756 0.08574850 0.32692676 0.03758429 0.05289843 0.06226266 0.07107464 0.02581674
0.02901921 0.00160351 0.00128716 0.00039929 0.00076964 0.31303052 0.09257498 0.32623897 0.03850855 0.05894617 0.05401923 0.07200072 0.02563572
0.02971695 0.00327351 0.00057669 0.00316849 0.01792500 0.31236975 0.08629559 0.32650586 0.03324338 0.06338588 0.06768910 0.07078000 0.02674909
0.03011003 0.00104234 0.00051740 0.00033363 0.00066067 0.31243082 0.10039758 0.32494171 0.03583867 0.06686285 0.05327679 0.07236931 0.02566359
0.02984755 0.00549619 0.00052581 0.00656812 0.01848074 0.31203275 0.09170825 0.32414665 0.03295117 0.06948670 0.06467076 0.07439029 0.02617903
0.02996536 0.00248112 0.00050704 0.00406183 0.03131018 0.31242976 0.08313321 0.32437902 0.04695060 0.07014572 0.06343839 0.07456507 0.02570110
0.02916413 0.00147828 0.00056047 0.00324164 0.01902236 0.31268384 0.09207063 0.32417930 0.03671048 0.07035754 0.05405482 0.07429825 0.03084805
0.02868111 0.00090962 0.00047743 0.00283566 0.00266899 0.31354979 0.08424002 0.32531883 0.02826042 0.06971626 0.06989458 0.07487363 0.03972650
0.02634891 0.00278374 0.00071387 0.00298006 0.00366800 0.31392525 0.09772686 0.32760509 0.04059744 0.06980107 0.04773225 0.07167255 0.02936418
0.02899815 0.00258902 0.00279084 0.00559001 0.03908160 0.31274443 0.08697834 0.32773876 0.03097342 0.06673115 0.06898971 0.07689782 0.04215485
0.03223093 0.00126818 0.00144877 0.00237359 0.02068714 0.31201354 0.08740481 0.32863712 0.03665972 0.06876329 0.06042550 0.07623376 0.04876020
0.03820499 0.00328248 0.00078093 0.00629111 0.02742114 0.31258148 0.09327811 0.32774904 0.03724304 0.06888882 0.05488121 0.07224111 0.02954745
0.04339317 0.00196115 0.00150145 0.00202064 0.01913195 0.31117776 0.08096924 0.32634704 0.03070822 0.07080563 0.08235716 0.07341514 0.02836276
0.04293756 0.00426293 0.00150465 0.00263164 0.04601755 0.31294479 0.09531187 0.32539123 0.03879251 0.07317079 0.04586405 0.07370986 0.02449135
0.04435094 0.00233630 0.00079046 0.00163749 0.02598730 0.31177310 0.08740795 0.32424078 0.02881215 0.07056399 0.07013739 0.07430404 0.02902642
0.04574992 0.00107626 0.00196188 0.00052403 0.00108144 0.31252869 0.09227361 0.32403456 0.03847670 0.08041937 0.05784141 0.07420752 0.02362402
0.04514025 0.00625045 0.00103571 0.00672753 0.01724122 0.31207371 0.08901565 0.32469719 0.04207870 0.08344898 0.05323287 0.07489148 0.02670155
0.06079772 0.00212304 0.00301123 0.00055440 0.00211739 0.31229849 0.07726809 0.32485229 0.03971924 0.07720122 0.07232767 0.07276882 0.02353214
0.05450716 0.00996983 0.00164027 0.00995378 0.02327083 0.31160116 0.08826757 0.32600626 0.03970351 0.06764994 0.05481945 0.07917366 0.02327998
0.05486694 0.00769441 0.00080789 0.00955184 0.03352142 0.31335204 0.08511830 0.32615279 0.03306474 0.06539621 0.06454803 0.07153044 0.02299563
0.05406847 0.00520728 0.00135117 0.00687260 0.03981617 0.31169690 0.07916410 0.32553683 0.04420809 0.06395086 0.05796406 0.07389137 0.02410706
0.05118467 0.00190800 0.00132342 0.00303845 0.01907885 0.31240895 0.08344146 0.32394225 0.04122824 0.06015500 0.05262841 0.07208471 0.03173443
0.04665803 0.00593014 0.00111874 0.00656074 0.05649932 0.31369917 0.07144542 0.32367596 0.03407375 0.05458032 0.06815971 0.07466602 0.02877279
0.04140741 0.00455045 0.00140152 0.00384548 0.04872425 0.31211028 0.08291784 0.32281498 0.04263274 0.05507278 0.05090003 0.07350812 0.03872367
0.03879379 0.00182058 0.00221699 0.00361182 0.00288738 0.31497926 0.08363009 0.32197497 0.03522429 0.05508410 0.06098380 0.08099474 0.03155048
0.03692251 0.00136444 0.00193043 0.00314282 0.00340364 0.31275000 0.07672926 0.32104367 0.03311354 0.05690408 0.06368456 0.07463773 0.03743767
0.03793551 0.00148612 0.00165192 0.00143372 0.00170137 0.31423649 0.08715764 0.32354030 0.03477764 0.06659651 0.05390182 0.07513242 0.03661703
0.03494550 0.00201714 0.00140162 0.00117940 0.02856724 0.31333323 0.08054306 0.32410457 0.03095759 0.06961499 0.05885213 0.06883291 0.02419175
0.03574270 0.00323942 0.00110680 0.00394191 0.03287529 0.31361411 0.08859995 0.32468533 0.03091362 0.07041873 0.05031860 0.07114583 0.02225655
0.03548343 0.00227791 0.00099632 0.00182383 0.02116509 0.31403300 0.08389881 0.32510043 0.03208746 0.07206663 0.05296269 0.06901846 0.02332461
0.03497701 0.00228867 0.00096125 0.00030133 0.00077037 0.31393450 0.07357145 0.32383432 0.03432769 0.06929644 0.05988399 0.06983992 0.02515224
0.03413811 0.00160825 0.00062434 0.00023201 0.00099395 0.31465678 0.08389123 0.32299552 0.03480996 0.06876144 0.05081952 0.06980413 0.02307045
0.05151782 0.00200223 0.00051383 0.00026056 0.00262101 0.31397660 0.07516500 0.32230027 0.03133887 0.06713273 0.06692972 0.07340023 0.02513842
0.05005272 0.00379626 0.00065924 0.00213830 0.02862199 0.31376248 0.09023115 0.32202319 0.03839046 0.05735994 0.05717374 0.07289504 0.02404571
0.03125537 0.00964814 0.00159577 0.00923303 0.03954018 0.31325533 0.08410738 0.32179215 0.04224753 0.04581060 0.05357090 0.07375211 0.02463058
0.02903945 0.00693936 0.00115736 0.00859730 0.04281904 0.31398401 0.07518047 0.32271922 0.04115537 0.05078634 0.05900366 0.07650251 0.02329904
0.02848888 0.00812186 0.00079645 0.00708159 0.03440172 0.31272658 0.08287851 0.32216446 0.03585762 0.05472023 0.04814912 0.07298937 0.02359270
0.02938997 0.00717347 0.00062341 0.00636236 0.04788949 0.31376448 0.06950574 0.32403090 0.02822951 0.05665693 0.06359228 0.06979119 0.02489131
0.03048896 0.00274262 0.00071717 0.00456835 0.03698807 0.31245533 0.07847413 0.32302057 0.03345885 0.05947568 0.04832923 0.06907000 0.02196960
0.03076007 0.00314010 0.00063165 0.00281203 0.03476003 0.31407365 0.07806210 0.32358762 0.02949356 0.06230833 0.05394187 0.06972521 0.02330296
0.03074774 0.00281349 0.00080724 0.00476377 0.06225123 0.31274743 0.06899416 0.32242478 0.02932149 0.06415904 0.05373725 0.07153115 0.02045872
0.02993013 0.00524432 0.00059462 0.00275915 0.04572487 0.31319660 0.07911673 0.32082405 0.03835048 0.06644631 0.04782493 0.07058412 0.02250646
0.02952055 0.00205026 0.00096249 0.00020742 0.00100372 0.31220513 0.06493255 0.32012638 0.03357722 0.07382239 0.06115271 0.07058955 0.02403127
0.02861416 0.00076615 0.00068541 0.00024320 0.00052111 0.31269697 0.07923011 0.31853134 0.03045534 0.07265310 0.05066484 0.07155041 0.02198208
0.02790110 0.00063538 0.00067265 0.00025859 0.00046754 0.31259400 0.08749941 0.31966203 0.02884208 0.06946266 0.05088804 0.07115468 0.02015605
0.02668223 0.00066072 0.00083298 0.00020715 0.00040729 0.31288051 0.07132605 0.31978958 0.02961082 0.06722604 0.05545943 0.06957780 0.02090108
0.02585576 0.00089976 0.00098744 0.00021183 0.00062911 0.31436880 0.08222114 0.32134807 0.03163027 0.06427738 0.04591693 0.06992939 0.02000552
0.02601058 0.00100320 0.00087640 0.00034271 0.00128690 0.31309976 0.06535581 0.32267672 0.03261115 0.06304530 0.06121393 0.06951974 0.02282048
0.02541726 0.00188983 0.00071042 0.00066102 0.00181679 0.31612546 0.07414645 0.32346576 0.04073580 0.06306168 0.05323037 0.06972656 0.02102059
0.02478842 0.00209891 0.00117030 0.00100471 0.03005661 0.31265835 0.07570266 0.32337263 0.04091171 0.06270072 0.05711315 0.07087566 0.02302244
0.02499132 0.00295836 0.00083341 0.00668431 0.02637641 0.31409850 0.07361283 0.32348079 0.03598026 0.06355606 0.07074273 0.07295689 0.02109629
0.02625556 0.00357758 0.00049533 0.00342109 0.04170913 0.31224199 0.08430388 0.32203455 0.04232402 0.06342105 0.04979326 0.07273652 0.02292454
0.02689375 0.00388852 0.00055411 0.00407064 0.01722580 0.31214247 0.07334250 0.32156592 0.04875346 0.06978286 0.07069083 0.07202940 0.02240150
0.02578104 0.01240186 0.00092554 0.01253585 0.03092795 0.31240275 0.08421029 0.32211144 0.04523556 0.06884378 0.05740834 0.07306382 0.02195004
0.02626456 0.00130816 0.00064317 0.00179192 0.02208189 0.31179521 0.08078855 0.32198986 0.03651661 0.06790297 0.06801619 0.07267960 0.02366832
0.02646012 0.00178402 0.00079623 0.00084155 0.00095584 0.31323517 0.07110825 0.32265689 0.04342294 0.06338809 0.06893558 0.07399875 0.02384943
0.02589878 0.00190068 0.00063593 0.00020625 0.00108826 0.31158990 0.08549592 0.32279684 0.04017527 0.06647792 0.04614285 0.06920097 0.02459958
0.02484637 0.00116719 0.00063898 0.00116912 0.02306096 0.31491646 0.08004678 0.32351077 0.02678412 0.07098480 0.06326096 0.07208191 0.02295390
0.02331380 0.00267754 0.00058888 0.00264772 0.02401257 0.31318008 0.09362337 0.32461914 0.03030758 0.07537842 0.04839921 0.07035846 0.02281091
0.02183244 0.00560172 0.00091447 0.00551052 0.02966639 0.31591524 0.08012878 0.32364738 0.02680086 0.07817621 0.05621946 0.07051958 0.02256531
0.02080912 0.00365819 0.00074021 0.00236321 0.02507404 0.31447049 0.07222425 0.32258932 0.03023248 0.07586099 0.05850108 0.07024178 0.02333492
0.02013697 0.00269765 0.00069169 0.00288559 0.02296817 0.31567958 0.08311519 0.32242665 0.03211251 0.07418000 0.04350289 0.06973766 0.02499922
0.01994568 0.00139889 0.00108068 0.00428856 0.02026993 0.31583916 0.07224648 0.32201815 0.02861938 0.07277960 0.06190409 0.07037082 0.02218567
0.02006266 0.00137812 0.00143846 0.00088929 0.01268523 0.31465222 0.08742459 0.32189128 0.03182177 0.06806320 0.04663233 0.07114713 0.02370795
0.02048536 0.00141183 0.00072333 0.00025427 0.00136975 0.31522625 0.07648503 0.32290579 0.03222635 0.06415802 0.06019455 0.07176159 0.02225950
0.02193774 0.00086951 0.00119305 0.00021357 0.00051333 0.31327312 0.07168448 0.32190822 0.03291175 0.05987054 0.06026292 0.07090844 0.02330249
0.02367599 0.00648984 0.00044330 0.01045999 0.01959391 0.31396463 0.08377587 0.32255219 0.03885393 0.05576998 0.04755576 0.06881249 0.01990774
0.02442123 0.00172066 0.00034517 0.00025776 0.00175690 0.31337100 0.06928826 0.32347526 0.03778393 0.05559360 0.06833239 0.06818340 0.02339757
0.02484926 0.00211542 0.00032857 0.00075097 0.00161740 0.31283841 0.09015377 0.32299067 0.04633464 0.05607777 0.05241256 0.07163599 0.02004960
0.02478886 0.00124596 0.00034467 0.00055768 0.03248327 0.31118829 0.07208858 0.32239274 0.03897933 0.05855086 0.06770102 0.07048276 0.02454145
0.02410963 0.00313807 0.00040371 0.00167964 0.02542390 0.31391290 0.06932776 0.32207749 0.04076665 0.05917388 0.06381713 0.07177397 0.02339192
0.02321319 0.00309681 0.00047713 0.00029854 0.00345525 0.31084079 0.07990887 0.32011592 0.04452532 0.07098997 0.04972464 0.06955494 0.01926748
0.02264152 0.00239274 0.00092565 0.00107282 0.03048260 0.31246555 0.06605671 0.32185325 0.03705923 0.06321495 0.06508469 0.07451485 0.02374963
0.02404303 0.00953804 0.00363767 0.00654967 0.02727204 0.30929679 0.07890666 0.32190058 0.03768844 0.06522351 0.05476791 0.07931346 0.02263266
0.02706597 0.00233114 0.00126319 0.00223340 0.02922531 0.31041509 0.07641269 0.32170928 0.02983865 0.06784433 0.05935577 0.07197838 0.02743927
0.03018420 0.00373992 0.00082975 0.00485581 0.03065985 0.30835697 0.07854546 0.32261915 0.03016296 0.07106607 0.05506166 0.07113549 0.03607697
0.03157559 0.00411759 0.00094311 0.00353074 0.02332366 0.31031444 0.08753528 0.32306489 0.03219771 0.07468295 0.03828885 0.06920541 0.02579691
0.03195826 0.00514261 0.00386303 0.00706185 0.04364456 0.30841320 0.07338675 0.32276017 0.02430720 0.06901557 0.05589976 0.07034819 0.02410805
0.03201705 0.00453042 0.00130644 0.00591109 0.03278757 0.31041114 0.07367657 0.32178241 0.02707168 0.07393515 0.05057472 0.06796951 0.03170552
0.03245931 0.00265175 0.00090559 0.00331901 0.00294110 0.30988050 0.07674280 0.32137003 0.03542108 0.07102136 0.04738555 0.07051792 0.02761474
0.03264979 0.00376083 0.00049831 0.00477024 0.01635949 0.31129394 0.06757143 0.32046983 0.03584799 0.06894345 0.05565086 0.07059808 0.03615180
0.03112625 0.00873725 0.00050571 0.00853237 0.02712113 0.31039125 0.07797209 0.31902902 0.03176765 0.06344714 0.04643986 0.06976448 0.02985504
0.02873041 0.00467278 0.00056748 0.00662473 0.04368295 0.31200990 0.07015999 0.32012463 0.03326725 0.05826656 0.06065067 0.07401619 0.04149791
0.02661124 0.00448560 0.00074299 0.00355674 0.04622586 0.31126226 0.08132016 0.31995463 0.03158457 0.05372316 0.05239106 0.07213551 0.02796484
0.02470595 0.00464364 0.00073335 0.00393206 0.02484958 0.31232605 0.07569706 0.32066864 0.03985322 0.05129564 0.05817372 0.07329436 0.02854673
0.02417671 0.00419586 0.00097633 0.00366210 0.02176360 0.31232130 0.07408043 0.32157444 0.05084856 0.05041236 0.06146990 0.07045298 0.02665147
0.02380539 0.00205840 0.00096759 0.00171409 0.01138245 0.31204849 0.08244025 0.32167406 0.04721845 0.03966483 0.06118858 0.07020800 0.02444961
0.02299079 0.00160570 0.00051157 0.00337656 0.01406850 0.31193231 0.07167436 0.32206965 0.03907884 0.03920606 0.06974902 0.07100644 0.02603031
0.02164341 0.00119000 0.00058783 0.00060945 0.00085324 0.31318107 0.08592863 0.32107422 0.03937947 0.04053835 0.05880776 0.06995260 0.02024155
0.02101928 0.00358353 0.00047494 0.00338231 0.03779789 0.31145074 0.08203480 0.32012412 0.03747845 0.04242578 0.05610454 0.06960855 0.02364536
0.02086001 0.00292090 0.00046680 0.00421269 0.05001248 0.31290875 0.07506736 0.32020825 0.03033082 0.04813465 0.06410211 0.06978634 0.02154950
0.02068719 0.00630440 0.00392540 0.00844205 0.01986334 0.31054175 0.07881255 0.31883333 0.03047711 0.05551144 0.04701505 0.07113387 0.02928143
0.02104867 0.00286612 0.00111570 0.00390591 0.03338442 0.31285570 0.07250924 0.31956743 0.03771370 0.06320775 0.05066692 0.07124276 0.02882932
0.02240890 0.00541753 0.00075991 0.00453563 0.04119179 0.31124293 0.07316652 0.31983176 0.02919885 0.06892172 0.04237835 0.06913545 0.03737944
0.02311340 0.00534207 0.00064639 0.00531658 0.03809492 0.31247737 0.07529523 0.31975065 0.02278852 0.06692303 0.04955715 0.07080033 0.02424951
0.02313642 0.00296762 0.00051743 0.00524778 0.02765234 0.31170642 0.07568014 0.32050802 0.02179265 0.06962609 0.05177620 0.06771433 0.03150305
0.02274429 0.00171430 0.00049815 0.00248563 0.01738530 0.31154597 0.08391091 0.31974644 0.03367270 0.06977420 0.03957355 0.06751641 0.02228603
0.02241373 0.00258367 0.00043315 0.00300090 0.01719281 0.31121333 0.07122567 0.31961590 0.02631721 0.06881180 0.05838895 0.06905416 0.02722301
0.02226543 0.00344578 0.00038880 0.00565924 0.02775583 0.31131729 0.07877699 0.31938859 0.02833970 0.06526792 0.04949301 0.06903822 0.02256269
0.02165053 0.00265327 0.00033853 0.00163453 0.02241186 0.31106056 0.07909244 0.31819401 0.03013605 0.06180247 0.05183656 0.07076459 0.02377289
0.02032072 0.00058022 0.00058246 0.00024206 0.00048144 0.31085049 0.07534592 0.31742087 0.02844544 0.05762189 0.05953227 0.06919855 0.02245413
0.01714954 0.00087297 0.00054811 0.00734320 0.00410991 0.31211406 0.08369412 0.31786788 0.03447095 0.05336723 0.04618863 0.07080753 0.03507224
0.01712783 0.00057974 0.00072969 0.00021014 0.00042926 0.31102760 0.07115033 0.31707821 0.03138673 0.04984980 0.06511654 0.07089881 0.02287257
0.01725942 0.00074193 0.00140057 0.00023923 0.00058702 0.31278344 0.08120336 0.31932826 0.03701442 0.04634797 0.05357058 0.07003195 0.02098152
0.01749014 0.00067074 0.00037145 0.00238663 0.00151812 0.31016648 0.07351972 0.31820860 0.03547835 0.04343025 0.06541011 0.06938258 0.02189503
0.01809584 0.00172699 0.00061724 0.00029918 0.00330276 0.31352610 0.07770189 0.32101180 0.03603182 0.04081378 0.06335596 0.07038826 0.02288829
0.01864300 0.00318332 0.00127442 0.00043179 0.00408482 0.30883901 0.08303973 0.31987922 0.04467619 0.04203872 0.04833693 0.07055162 0.02101034
0.01947748 0.00282558 0.00113478 0.00113029 0.00480355 0.31169709 0.07428710 0.31914849 0.03936239 0.03258917 0.06358178 0.07035341 0.04226131
0.02125753 0.00228718 0.00152015 0.00377175 0.00504885 0.30925035 0.08088381 0.31774151 0.04452229 0.04389073 0.05088664 0.06886818 0.02174405
0.02279855 0.00592395 0.00163723 0.00503757 0.00683962 0.31106748 0.07131546 0.31780832 0.05060823 0.03256031 0.05585204 0.07618395 0.02421340
0.02367634 0.00360887 0.00026402 0.00255535 0.00512354 0.30938544 0.07269636 0.31721622 0.05089875 0.03772646 0.05211956 0.07180177 0.03459337
0.02335090 0.00128372 0.00028983 0.00276087 0.00289604 0.31094073 0.07915015 0.31709920 0.03144736 0.04609759 0.05274674 0.07078465 0.02232533
0.02236112 0.00285349 0.00107302 0.00153246 0.03938669 0.31016084 0.07291355 0.31775278 0.02705423 0.04914248 0.04948652 0.07072369 0.03454193
0.02146722 0.00183426 0.00054110 0.00162488 0.00245791 0.31130026 0.07480071 0.31695316 0.02654030 0.05554051 0.05151266 0.06965173 0.02307114
0.02010217 0.00587720 0.00125557 0.00726986 0.01668562 0.31160381 0.07604532 0.31894135 0.02099699 0.05591638 0.04320204 0.06796682 0.02522694
0.01866794 0.00830770 0.00054950 0.01219809 0.03921138 0.30819087 0.07376120 0.31821645 0.01939606 0.05795512 0.04821803 0.07146974 0.02355896
0.01672641 0.00275523 0.00173963 0.00333799 0.03128432 0.30955545 0.08608570 0.31995106 0.02234362 0.06907869 0.04261249 0.07031860 0.02293428
0.01777319 0.00130037 0.00103957 0.00025383 0.00063339 0.30901205 0.07703212 0.31778055 0.01429073 0.06578082 0.05472888 0.06882588 0.02530956
0.02009040 0.00113541 0.00086128 0.00037855 0.00073285 0.31088730 0.09264821 0.31629530 0.02196012 0.05605258 0.03931612 0.07068234 0.02176364
0.02388279 0.00203646 0.00091537 0.00123494 0.00278835 0.30963523 0.07814596 0.31681426 0.02373303 0.04994836 0.05545429 0.07063122 0.02447762
0.03186184 0.00140538 0.00112610 0.00030201 0.00107563 0.31083504 0.07933249 0.31615584 0.02888445 0.06094623 0.05231682 0.07087330 0.02356500
0.03421099 0.00251184 0.00082134 0.00253489 0.03836300 0.31004284 0.08341440 0.31658499 0.03591842 0.05589629 0.04407740 0.07050664 0.02329630
0.03561896 0.00289379 0.00044251 0.00196095 0.02492232 0.31017838 0.07160910 0.31707211 0.03161705 0.04833437 0.06428959 0.06986897 0.02387611
0.03565847 0.00203099 0.00032830 0.00374684 0.02352598 0.31074364 0.08529882 0.31753624 0.03807858 0.04296429 0.04429984 0.07022532 0.02251829
0.04774722 0.00146239 0.00042872 0.00387626 0.02175869 0.30989151 0.07494798 0.31799517 0.03269425 0.03977640 0.05954833 0.06829978 0.02202143
0.04631193 0.00146369 0.00070641 0.00130479 0.01580491 0.31072232 0.07811994 0.31834137 0.03422018 0.03731639 0.05329020 0.06769178 0.02340544
0.05732943 0.00415991 0.00080156 0.00404406 0.02238861 0.31034418 0.07874529 0.31862854 0.03789676 0.03545722 0.04810669 0.06893401 0.02212707
0.05428451 0.00105917 0.00102032 0.00058223 0.00142363 0.31028781 0.07715918 0.31913011 0.02759822 0.03785082 0.06303997 0.07079906 0.02280191
0.04816735 0.01054470 0.00081412 0.01063094 0.01333624 0.31178002 0.08125772 0.31976224 0.03815119 0.04166567 0.04747450 0.06968285 0.02462203
0.04746307 0.00228592 0.00074096 0.00237503 0.02441082 0.31096316 0.07843737 0.31948675 0.03264108 0.04901366 0.05440642 0.06956316 0.02512857
0.04623210 0.00206296 0.00052833 0.00485034 0.02862946 0.31170117 0.07755518 0.31978037 0.02599635 0.05605713 0.05672405 0.07060186 0.02504808
0.04651621 0.00113100 0.00041620 0.00047209 0.00066109 0.31132633 0.09568014 0.31966116 0.02733733 0.06254815 0.04219582 0.07039714 0.02197799
0.04605550 0.00218493 0.00037359 0.00127268 0.00260106 0.31035949 0.08329869 0.32055079 0.02231581 0.06790546 0.05687056 0.06883407 0.02422262
0.04627042 0.00614116 0.00041594 0.00870091 0.02443542 0.31078309 0.08225562 0.32007931 0.02592169 0.06993115 0.04572584 0.06869269 0.02222373
0.04281287 0.00253850 0.00357486 0.00024047 0.00272067 0.30967721 0.07611222 0.31973050 0.03030569 0.07838411 0.04670145 0.06911657 0.02413456
0.04248481 0.00152421 0.00093129 0.00023839 0.00065928 0.30848246 0.07289041 0.31923325 0.03085887 0.07532847 0.05402645 0.06985058 0.02479338
0.04329389 0.00073859 0.00080978 0.00032391 0.00059017 0.30868608 0.09295073 0.31816534 0.02491297 0.07010873 0.03744490 0.06977622 0.02123103
0.04357956 0.00047775 0.00050832 0.00024929 0.00034012 0.30832832 0.07664929 0.31758961 0.01937718 0.06404434 0.05826180 0.06962318 0.02264565
0.04356617 0.00102165 0.00039189 0.00021766 0.00066248 0.30848927 0.08722717 0.31676743 0.03194140 0.06022355 0.04096518 0.07029716 0.02174801
0.04386572 0.00109318 0.00035386 0.00034466 0.00062970 0.30745294 0.08025595 0.31676578 0.03198020 0.05758820 0.05731794 0.07071892 0.02399113
0.04336345 0.00429876 0.00034221 0.00078405 0.00391088 0.30750189 0.08371154 0.31764897 0.04762985 0.05553235 0.06136193 0.07093085 0.02347766
0.04351268 0.00257938 0.00029624 0.00048936 0.00365926 0.30794118 0.08602710 0.31836657 0.04293055 0.05345873 0.05173282 0.07090775 0.02306537
0.04297433 0.00120903 0.00031563 0.00025128 0.00109913 0.30746878 0.07779155 0.31978186 0.03546379 0.05036950 0.06876374 0.06996534 0.02371012
0.04199480 0.00182340 0.00030422 0.00188404 0.00157089 0.30835078 0.08477812 0.32032509 0.04038526 0.04634559 0.05411972 0.06935629 0.03498338
0.04226156 0.00143223 0.00033918 0.00354095 0.00292461 0.30782091 0.08021838 0.32051187 0.04059045 0.04444970 0.06088617 0.06869107 0.02404119
0.04139546 0.00098977 0.00037611 0.00170250 0.00099114 0.30855748 0.07880957 0.32055275 0.03690309 0.04440951 0.06079533 0.07055679 0.04038669
0.04188402 0.00555261 0.00119837 0.00509721 0.02971988 0.30723057 0.08013961 0.31857751 0.03585473 0.05069837 0.05630398 0.07068910 0.02215143
0.04186198 0.00278755 0.00139518 0.00190202 0.03101825 0.30913510 0.07267113 0.31803940 0.03465471 0.04997567 0.05583279 0.07084401 0.03011974
0.04238481 0.00148033 0.00085739 0.00048444 0.03357090 0.30749728 0.07716639 0.31607776 0.04119007 0.05610067 0.04820902 0.06984422 0.02150352
0.04362539 0.00233052 0.00102250 0.00296380 0.02801332 0.30926265 0.08374362 0.31606401 0.03274620 0.06007333 0.05124948 0.07148032 0.02334034
0.04394636 0.00064459 0.00105464 0.00037966 0.00064174 0.30836524 0.07497001 0.31655449 0.02864302 0.06504096 0.05745791 0.06978395 0.02187213
0.04437123 0.00099107 0.00036675 0.00030393 0.00118088 0.30969338 0.08261752 0.31721625 0.02915330 0.06767377 0.04593870 0.06923361 0.02133581
0.04431679 0.00094775 0.00070158 0.00022155 0.00054928 0.30769588 0.06971093 0.31804703 0.02916462 0.07853530 0.05601052 0.06864093 0.02262993
0.04403230 0.00086661 0.00088745 0.00022082 0.00056803 0.30858593 0.07678958 0.31811791 0.03150657 0.07626309 0.04060573 0.06666836 0.02088880
0.04468906 0.00067774 0.00087876 0.00166760 0.03529522 0.30822466 0.07466472 0.31952658 0.02402181 0.07253905 0.04986823 0.07215215 0.02135094
0.04552474 0.00312756 0.00145186 0.00192635 0.02375145 0.30712834 0.07113919 0.31822346 0.02683116 0.07093205 0.05055704 0.06888587 0.02316520
0.04685971 0.00873060 0.00102151 0.01194226 0.03699336 0.30815178 0.07968458 0.31830519 0.02998885 0.06755035 0.04390789 0.06997671 0.02080800
0.04789776 0.00791171 0.00070569 0.00973648 0.02142423 0.30615210 0.07129579 0.31711012 0.03317152 0.06463212 0.06273617 0.06997087 0.02349308
0.04798065 0.00217140 0.00057698 0.00062371 0.00201348 0.30676628 0.08503035 0.31679946 0.04171753 0.06207662 0.05911383 0.07171178 0.02356944
0.04917506 0.00280720 0.00056829 0.00052787 0.00243680 0.30576609 0.08805143 0.31719318 0.05186819 0.05866874 0.05670273 0.07159828 0.02326293
0.04863027 0.00277322 0.00049963 0.00549163 0.00286074 0.30568809 0.08240709 0.31762374 0.04594802 0.05549108 0.06451291 0.07309563 0.02967763
0.04720714 0.00428170 0.00069904 0.00691216 0.02977799 0.30555004 0.08282212 0.31781547 0.03757108 0.05289750 0.05745233 0.07020808 0.03840515
0.04636332 0.01265916 0.00085221 0.01090839 0.03835386 0.30512314 0.07048746 0.31853352 0.03607628 0.05238571 0.05951410 0.07035602 0.03131348
0.04283747 0.00735744 0.00079388 0.00955453 0.05518383 0.30646870 0.07635213 0.31921343 0.03616475 0.04655037 0.05380027 0.07027032 0.02592239
0.05873135 0.00876528 0.00085651 0.00772619 0.05566473 0.30543526 0.07499477 0.31879181 0.03463202 0.05186458 0.05489633 0.07188203 0.03376703
0.05846200 0.00571659 0.00099133 0.00528048 0.04628099 0.30669682 0.07288163 0.31792950 0.04087174 0.05810990 0.05962868 0.07125878 0.02330223
0.05697039 0.00196700 0.00099510 0.00271410 0.03661248 0.30754605 0.07973827 0.31666087 0.04124723 0.06350999 0.04826575 0.07006159 0.02753977
0.06538654 0.00705448 0.00087891 0.00123437 0.00518120 0.30652735 0.07371458 0.31535694 0.03986900 0.06749529 0.06038968 0.07071258 0.02325485
0.06451716 0.00714918 0.00089224 0.00690350 0.01181879 0.30803855 0.07635673 0.31590254 0.03685172 0.07037283 0.04965828 0.06976166 0.02391202
0.07623536 0.00688302 0.00069102 0.00042643 0.00159201 0.30608313 0.08118833 0.31703060 0.04682457 0.07095269 0.05200600 0.07013888 0.02224966
0.07834138 0.00257109 0.00062255 0.00116066 0.00350286 0.30714518 0.07878903 0.31751372 0.03416105 0.07133615 0.05836408 0.07023577 0.02239720
0.07809144 0.00141043 0.00088731 0.00019981 0.00105184 0.30721051 0.08009726 0.31849238 0.03131938 0.07035375 0.05153133 0.06825044 0.02440380
0.07660516 0.01013489 0.00070230 0.01194856 0.03564835 0.30833991 0.07557064 0.32179138 0.03488371 0.06400412 0.05613368 0.07063404 0.02396100
0.07523192 0.00495443 0.00067965 0.00539462 0.03212865 0.31028372 0.08486343 0.32150416 0.03705162 0.06018226 0.04293379 0.06993534 0.03405179
0.07579278 0.00861835 0.00225386 0.01265016 0.05626176 0.30833601 0.07089107 0.32155717 0.03440581 0.07246253 0.05689391 0.07115793 0.01963482
0.07445677 0.00236626 0.00128822 0.00469863 0.02279772 0.30876397 0.06966905 0.32078242 0.03872258 0.06858125 0.05255284 0.07205999 0.03635820
0.06375389 0.00520516 0.00076992 0.00596214 0.05515701 0.31010561 0.07109770 0.32014437 0.03787641 0.06189834 0.05876226 0.07193747 0.02835137
0.06455238 0.00650574 0.00042057 0.00468157 0.01683034 0.30878742 0.07456605 0.31915745 0.04256938 0.05618678 0.05899006 0.07047579 0.03745759
0.06499649 0.00330470 0.00034268 0.00120836 0.03156757 0.30818958 0.08125495 0.31935198 0.03834299 0.04854979 0.07114552 0.07307844 0.02426880
0.06423812 0.00355323 0.00199163 0.00114768 0.02447205 0.30878582 0.07911554 0.32056461 0.05312937 0.04529685 0.06246952 0.07513227 0.02427975
0.06340838 0.00521459 0.00129556 0.00420721 0.03332365 0.30808050 0.08635498 0.32162891 0.05214965 0.05607848 0.06351407 0.07132273 0.02128353
0.06356697 0.00184734 0.00111392 0.00049976 0.00176572 0.30831932 0.08431584 0.32184069 0.04270499 0.06590195 0.06855945 0.06945174 0.02384684
0.06452462 0.00383030 0.00091469 0.00417459 0.02088914 0.30852344 0.07696758 0.32286037 0.03817549 0.06440333 0.06263600 0.06978352 0.02268785
0.06451670 0.00696720 0.00056356 0.01011938 0.01933709 0.30946501 0.07556625 0.32256874 0.04015315 0.06179477 0.05988530 0.06993598 0.02925474
0.06451771 0.00307165 0.00050794 0.00341881 0.02826406 0.30852386 0.07995229 0.32154663 0.04223980 0.06265331 0.05072520 0.07154029 0.02584710
0.06450705 0.00196437 0.00057182 0.00115199 0.00115865 0.30977593 0.07302820 0.32021101 0.04058425 0.06575840 0.05993188 0.07081280 0.02909897
0.06475620 0.00160051 0.00063390 0.00187043 0.00139813 0.30799093 0.08783930 0.32018439 0.03441219 0.07233971 0.05614699 0.07122103 0.02295312
0.06404027 0.00099730 0.00044657 0.00063205 0.00056086 0.31068189 0.08524209 0.32019620 0.03029162 0.07020670 0.06118705 0.07154198 0.03127770
0.06318237 0.00106222 0.00070828 0.00078811 0.00094118 0.30995945 0.09190572 0.32057141 0.03200880 0.07039815 0.05412277 0.07207004 0.02126572
0.06297556 0.00077245 0.00046994 0.00029034 0.00054724 0.31144069 0.08166457 0.32115653 0.02958714 0.06728427 0.05921073 0.07168553 0.02657435
0.06241440 0.00480782 0.00091345 0.00632181 0.02740207 0.30937370 0.07747797 0.32243596 0.03691295 0.06432353 0.05291984 0.07546017 0.02179404
0.06334670 0.00303283 0.00135835 0.00277950 0.03787078 0.31152396 0.08012638 0.32219233 0.03448996 0.05431892 0.05769550 0.06887995 0.02405966
0.06417929 0.00295440 0.00070512 0.00249870 0.02103726 0.31078662 0.07498198 0.32227998 0.03720926 0.05102053 0.06109440 0.06968986 0.03606969
0.06244487 0.00129819 0.00053191 0.00359176 0.00289336 0.31225155 0.08299841 0.32294196 0.04038670 0.04731183 0.05731356 0.07085202 0.02425960
0.06332332 0.00506693 0.00206706 0.00633275 0.03177310 0.31197344 0.08472685 0.32058086 0.03112039 0.04821679 0.05472472 0.07063962 0.03719642
0.06356284 0.00319966 0.00095353 0.00184428 0.00393671 0.31224477 0.07455876 0.32002488 0.04265902 0.04646392 0.05842757 0.07135860 0.02843606
0.06404733 0.00226981 0.00059387 0.00319877 0.00304335 0.31066892 0.08105994 0.31915734 0.04149345 0.04724049 0.05957648 0.07013708 0.02727828
0.06413756 0.00475010 0.00060543 0.00801520 0.02501330 0.31051395 0.07050250 0.31970497 0.05123111 0.05208530 0.06342692 0.07239275 0.04047643
0.06333350 0.00481179 0.00073762 0.00513115 0.03643917 0.31090395 0.08860241 0.32027134 0.04373829 0.05401798 0.05473923 0.07146506 0.02228479
0.06290958 0.00435184 0.00057296 0.00458930 0.04116589 0.31118890 0.07468375 0.32206173 0.04128698 0.05525126 0.06169469 0.07081196 0.03023640
0.06214445 0.00350347 0.00135945 0.00149775 0.02249287 0.31236109 0.07463050 0.32219932 0.03898139 0.05762846 0.06136216 0.06825289 0.02406830
0.06088821 0.00844470 0.00092481 0.00855528 0.04476191 0.30964477 0.07732505 0.32166152 0.03304051 0.05885648 0.05469432 0.07078178 0.02505888
0.06025479 0.00654225 0.00091550 0.00580968 0.03833356 0.31066327 0.07598988 0.32063939 0.03551209 0.06106403 0.05475252 0.06907451 0.02139968
0.05976667 0.00325394 0.00085301 0.00616309 0.04001107 0.30902643 0.08282200 0.31914514 0.03303481 0.06296697 0.05414972 0.07135875 0.02214661
0.05980566 0.00166238 0.00101826 0.00041106 0.00070673 0.31025028 0.07803204 0.31912168 0.03497817 0.06547843 0.06188517 0.07163168 0.02151867
0.06091475 0.00359764 0.00131762 0.00095711 0.00452006 0.31160716 0.07527786 0.31834672 0.04808029 0.06554222 0.04716480 0.07073285 0.02183290
0.06089548 0.00162674 0.00074045 0.00026527 0.00165651 0.31013631 0.07948727 0.31775793 0.03028894 0.06479368 0.05912988 0.06912840 0.02310919
0.06085260 0.00082881 0.00068801 0.00034228 0.00106642 0.31219478 0.07702978 0.31964589 0.02975529 0.06262692 0.05672223 0.07095226 0.02200833
0.05947408 0.00095090 0.00050544 0.00031216 0.00074047 0.30995875 0.07881232 0.31968671 0.03256024 0.05994106 0.05033994 0.06923755 0.02223044
0.05804598 0.00791167 0.00063008 0.00609643 0.01306018 0.31163541 0.07583991 0.32154881 0.03222425 0.05762988 0.05297238 0.06879741 0.02276561
0.05663135 0.00324291 0.00075378 0.00597790 0.02919429 0.31058782 0.07354236 0.32114781 0.03268578 0.05312175 0.04892072 0.06702247 0.02175859
0.05566799 0.00987597 0.00144952 0.01019591 0.01386365 0.31103781 0.07340139 0.32142526 0.02834119 0.05573101 0.06381082 0.06810526 0.02012999
0.05551146 0.00447860 0.00136293 0.00288059 0.02354409 0.31084101 0.06876243 0.32041636 0.03460657 0.05599767 0.05408216 0.06929690 0.02232533
0.05578525 0.00457797 0.00093684 0.00652935 0.03870360 0.31015171 0.06879440 0.31898343 0.03464530 0.05229985 0.05599140 0.07075603 0.01984511
0.05599452 0.00405773 0.00054781 0.00702234 0.02112448 0.30974278 0.07330827 0.31794911 0.03563454 0.05046825 0.05704803 0.06963555 0.02327575
0.05664501 0.00371750 0.00131914 0.00453710 0.04325600 0.31244828 0.06403205 0.31793155 0.04266946 0.04953987 0.05115414 0.07021921 0.04226142
0.05454289 0.00279387 0.00087204 0.00295170 0.00553968 0.31115641 0.07285442 0.31611555 0.03270806 0.04183440 0.05579783 0.06995484 0.01820303
0.05603569 0.00194486 0.00062768 0.00094824 0.00343692 0.31350680 0.06567300 0.31775237 0.02663589 0.04340730 0.06255727 0.06958858 0.03122449
0.05439012 0.00133703 0.00048813 0.00158609 0.00202598 0.31227860 0.07345063 0.31807471 0.03189784 0.04605280 0.04594809 0.06797381 0.01936516
0.05358180 0.00353827 0.00045707 0.00139016 0.00460026 0.31233143 0.07258571 0.31961467 0.03955080 0.04943869 0.05361297 0.06655104 0.02393007
0.05263864 0.00463887 0.00057612 0.00497016 0.02603244 0.31307599 0.06549376 0.32040308 0.03738078 0.05153153 0.06034721 0.06634133 0.02021095
0.05272673 0.00217371 0.00052917 0.00299707 0.03271664 0.31168398 0.07363065 0.31988147 0.03233426 0.05398552 0.05301679 0.06799904 0.02023821
0.05104050 0.00093809 0.00075566 0.00039985 0.00062428 0.31420506 0.06709211 0.32028489 0.03028676 0.05390410 0.05978106 0.06943561 0.02388542
0.04823987 0.00080912 0.00089135 0.00039596 0.00059585 0.31196627 0.07562651 0.31769978 0.03097485 0.05708884 0.04226659 0.06868598 0.01768117
0.04472858 0.00060526 0.00095341 0.00178602 0.00156293 0.31404565 0.06968698 0.31816992 0.02403766 0.05663544 0.05422506 0.06766086 0.03492186
0.04306708 0.00098667 0.00096740 0.00307890 0.00294404 0.31231716 0.07097947 0.31772474 0.03059949 0.05501101 0.04435625 0.06742518 0.02693148
0.04358232 0.00099798 0.00080911 0.00126442 0.00064716 0.31422778 0.06802697 0.31773268 0.02585767 0.05371037 0.05467381 0.06774668 0.02182103
0.04543995 0.00082522 0.00058330 0.00152305 0.00178592 0.31255693 0.06614815 0.31855628 0.02886869 0.05332876 0.04965130 0.06820866 0.02802014
0.04723819 0.00162150 0.00048023 0.00020050 0.00082808 0.31491921 0.06822937 0.31959256 0.03553266 0.05337910 0.04696316 0.06795547 0.02046227
0.04770492 0.00125454 0.00044194 0.00023840 0.00087713 0.31327014 0.06840841 0.31983237 0.03176947 0.05389108 0.05501635 0.06545931 0.01918486
0.04637614 0.00072517 0.00051258 0.00019505 0.00046826 0.31503036 0.06875773 0.32020896 0.03329596 0.05412457 0.05351699 0.06670540 0.02117071
0.04091048 0.00234669 0.00322370 0.00023518 0.00110089 0.31386389 0.07228428 0.32078726 0.03537390 0.05309731 0.05487433 0.07466570 0.01971113
0.04180411 0.00129035 0.00193494 0.00019496 0.00053348 0.31307791 0.07051104 0.31799470 0.03307110 0.05477374 0.05350535 0.06927391 0.02114270
0.04576975 0.00185345 0.00139835 0.00454345 0.00338442 0.31248081 0.07310850 0.31814691 0.03323488 0.05232016 0.05030130 0.07123824 0.05422861
0.04929247 0.00948297 0.00086511 0.00722629 0.02922748 0.31199023 0.08062247 0.31759732 0.02992584 0.05185253 0.05441398 0.06912536 0.02269296
0.04182266 0.00432535 0.00058764 0.00344180 0.03789855 0.31166712 0.06906223 0.31756827 0.03069972 0.05226617 0.05668874 0.07037617 0.03505849
0.04164685 0.00482278 0.00035952 0.00833832 0.03796211 0.31248119 0.07860256 0.31815030 0.03274303 0.05459873 0.04762659 0.07011145 0.02078884
0.04252344 0.00659515 0.00034274 0.00514100 0.04196314 0.31162654 0.07005420 0.31970590 0.02859463 0.05758545 0.05633215 0.06985881 0.02979196
0.04162693 0.00582917 0.00031618 0.00619371 0.03420531 0.31298052 0.07121745 0.32057473 0.04334967 0.06186771 0.04934399 0.06825738 0.02273159
0.03912105 0.00215153 0.00274738 0.00139886 0.02068549 0.31160568 0.06970626 0.32079484 0.04076290 0.08644728 0.05741269 0.06789572 0.02149730
0.03578050 0.00192776 0.00119659 0.00029978 0.00111544 0.31254569 0.06963289 0.32072141 0.03717818 0.08546593 0.05151982 0.06832731 0.02304379
0.03365770 0.00141709 0.00101401 0.00095728 0.00205507 0.31088694 0.07303604 0.31994477 0.03217623 0.07956216 0.05972732 0.06802775 0.01930298
0.03128551 0.00138953 0.00098372 0.00025561 0.00116544 0.31112330 0.06778272 0.31980830 0.02993156 0.07303087 0.05634245 0.07341752 0.02292471
0.02998136 0.01293765 0.00083715 0.01366800 0.01471981 0.31102056 0.07367097 0.31850418 0.03419355 0.06639287 0.04708437 0.06862657 0.01887778
0.02967298 0.00698160 0.00068519 0.00798006 0.03090553 0.31141805 0.07148047 0.31895435 0.02897283 0.05964961 0.05555183 0.06932118 0.03475597
0.03026392 0.00446138 0.00064891 0.00450173 0.02992741 0.31089467 0.07027411 0.31934562 0.03518825 0.05695878 0.05769064 0.07024817 0.02270788
0.03041981 0.00279801 0.00084912 0.00233200 0.00350154 0.31232713 0.07132699 0.32043334 0.04162519 0.06262964 0.05163991 0.07010988 0.04497927
0.03046006 0.00172381 0.00067075 0.00455566 0.00510360 0.31153835 0.06995806 0.32173206 0.03958927 0.06298428 0.05989356 0.06919146 0.02925446
0.03032403 0.00115120 0.00097140 0.00166185 0.00071992 0.31161696 0.07202888 0.32188094 0.03909989 0.06686457 0.05751778 0.06675441 0.03222624
0.05265832 0.00352558 0.00105822 0.00306224 0.03294610 0.31146525 0.07534044 0.32345925 0.03665087 0.06797384 0.05674729 0.06934480 0.02789210
0.05078513 0.00168073 0.00119965 0.00469168 0.00313970 0.31042507 0.06272160 0.32083163 0.03714844 0.07601736 0.06054267 0.06851431 0.03782575
0.05064130 0.00444129 0.00148408 0.00659891 0.02801144 0.31083666 0.07706624 0.31997340 0.03461602 0.06289241 0.04383700 0.07092422 0.03472390
0.05020775 0.00298559 0.00140901 0.00406641 0.02460314 0.31059489 0.06061255 0.31795661 0.04258892 0.06307177 0.05900696 0.06885443 0.03610159
0.04852110 0.00620868 0.00088225 0.00563366 0.02692013 0.31061584 0.06962768 0.31699616 0.03850006 0.06326162 0.04771233 0.06809965 0.04396891
0.04466074 0.00193841 0.00117293 0.00467917 0.00590970 0.31055976 0.06931135 0.31720404 0.03196256 0.06448932 0.06611136 0.06958637 0.02841033
0.03960463 0.00139951 0.00158187 0.00176752 0.00125825 0.31046849 0.07473159 0.31735712 0.03796866 0.06657559 0.06056316 0.07070184 0.03158519
0.03661477 0.00154129 0.00205747 0.00064597 0.00114183 0.30894576 0.07669630 0.31621581 0.04130699 0.06764283 0.04931019 0.06847339 0.02508173
0.03563459 0.00235451 0.00198467 0.00040729 0.00270176 0.30926249 0.06274549 0.31790049 0.03747085 0.06812979 0.06682625 0.06934480 0.01913179
0.03607722 0.00145831 0.00200071 0.00044529 0.02874535 0.30744444 0.07325228 0.31775052 0.03873672 0.06786534 0.04906819 0.06648154 0.02058388
0.03779618 0.00501670 0.00166621 0.00524897 0.03282320 0.30889178 0.06301156 0.31923636 0.02979159 0.06668328 0.06937448 0.07258164 0.01965834
0.03988630 0.00346047 0.00130458 0.00136243 0.02239845 0.30729208 0.06976488 0.31838229 0.04178974 0.06699100 0.04747804 0.06987178 0.02303015
0.04305876 0.00464010 0.00106781 0.00608376 0.03685235 0.30836624 0.06914342 0.31704948 0.04472202 0.06264414 0.05430429 0.07025824 0.02133216
0.04601185 0.00326533 0.00090440 0.00429309 0.02971484 0.30584475 0.08022907 0.31630783 0.03268793 0.06553632 0.05234244 0.06933113 0.02086403
0.04669248 0.00165872 0.00086514 0.00201803 0.01326240 0.30841427 0.07716831 0.31605586 0.03352110 0.06973091 0.05541188 0.06970604 0.02093013
0.04597193 0.00238298 0.00132836 0.00302887 0.01453632 0.30865331 0.06934202 0.31619673 0.03856901 0.07130178 0.05460196 0.07164067 0.02180598
0.04424698 0.00219629 0.00063511 0.00050630 0.00729778 0.30794378 0.06622297 0.31664796 0.03644121 0.07344136 0.05901890 0.06961681 0.02525034
0.04094472 0.01300564 0.00063684 0.01348172 0.01751667 0.30881849 0.07306524 0.31734097 0.03225019 0.07369603 0.04458341 0.06910870 0.02045478
0.03702106 0.00564583 0.00081361 0.00500302 0.04638776 0.30922388 0.07092239 0.31831997 0.02783643 0.07379497 0.05168178 0.06733574 0.01986823
0.03472662 0.00951460 0.00139275 0.00792311 0.01113546 0.30792663 0.07332426 0.31794844 0.03023178 0.07303550 0.04705522 0.06642984 0.02095804
0.03229653 0.00146181 0.00130385 0.00425235 0.02303909 0.30999700 0.07260077 0.31849889 0.03117721 0.07128009 0.05065775 0.06871359 0.02274517
0.03168920 0.01313278 0.00135616 0.01493816 0.03088866 0.30754640 0.06482582 0.31897174 0.03145283 0.07750584 0.05365592 0.06958234 0.03436611
0.03460426 0.00297210 0.00145753 0.00303238 0.00421842 0.30994363 0.07503906 0.31855974 0.03889757 0.08041089 0.05167073 0.07042885 0.02353859
0.03580470 0.00321570 0.00196172 0.00200946 0.02900311 0.30788662 0.08044067 0.31726212 0.03120858 0.07701491 0.06461863 0.07088197 0.02046178
0.03813247 0.00308910 0.00095770 0.00577376 0.02537376 0.30743653 0.08018971 0.31741355 0.03771277 0.07230004 0.05627284 0.07275267 0.01988987
0.04004093 0.00309396 0.00056772 0.00289300 0.02293724 0.30791071 0.07385736 0.31706395 0.04586448 0.06724712 0.06276809 0.07141710 0.02058407
0.03993547 0.00350153 0.00046731 0.00245314 0.02382750 0.30767082 0.08018351 0.31808104 0.04828821 0.06505062 0.05265682 0.07056478 0.02156377
0.03838488 0.00292525 0.00052722 0.00020095 0.00128055 0.30701803 0.06858508 0.31822991 0.04041010 0.06159826 0.06479908 0.06893858 0.02170822
0.03664553 0.00336183 0.00065026 0.00480675 0.03268715 0.30794025 0.07068479 0.31972230 0.04266222 0.06322706 0.05774913 0.06915409 0.02189925
0.03475044 0.00220043 0.00102783 0.00063166 0.00351943 0.30688800 0.07232385 0.32005707 0.03956924 0.07095445 0.06548341 0.06871005 0.02184368
0.03391785 0.00136110 0.00102832 0.00026171 0.00154517 0.30734918 0.08006080 0.32007912 0.03905393 0.07067250 0.05638392 0.06982581 0.01978868
0.03274611 0.00246181 0.00081853 0.00035267 0.00205736 0.30775226 0.07448651 0.31907891 0.04187848 0.06894536 0.05927738 0.06994968 0.02014074
0.03053280 0.00104556 0.00152733 0.00075042 0.00107167 0.30641927 0.06992556 0.31782254 0.03857456 0.07423925 0.05500343 0.06893226 0.02028063
0.02877562 0.00592634 0.00064645 0.00541663 0.01745571 0.30852815 0.06753616 0.31824398 0.04824385 0.07265775 0.05810748 0.06948313 0.02017700
0.02809241 0.00242062 0.00113274 0.00392792 0.03110297 0.30621611 0.06175030 0.31730585 0.04604028 0.07842211 0.05993590 0.06932222 0.02091150
0.02663729 0.00222827 0.00059784 0.00339584 0.03905492 0.30759839 0.06905175 0.31909915 0.03502796 0.08285947 0.05602253 0.07015454 0.02098879
0.02770665 0.00339077 0.00078288 0.00577818 0.03733604 0.30836948 0.06792787 0.32072893 0.03570423 0.08722311 0.05252356 0.06955381 0.03028727
0.02679228 0.00446678 0.00047703 0.00472767 0.03273335 0.30678720 0.07093493 0.32111127 0.03461189 0.08946791 0.04953526 0.06719563 0.02308198
0.02624447 0.00859267 0.00049673 0.00872846 0.04568016 0.30867716 0.06562112 0.32210081 0.03170767 0.08560573 0.05340401 0.06855136 0.03833846
0.02546093 0.00553199 0.00054490 0.00829823 0.03374301 0.30773252 0.06709135 0.32155937 0.03986947 0.08308542 0.04889432 0.06957663 0.02066047
0.02546035 0.00351988 0.00111810 0.00467054 0.03351914 0.30847863 0.06391314 0.32038328 0.03648890 0.08071153 0.05384299 0.06838434 0.02231971
0.03567259 0.00526641 0.00060293 0.00509283 0.03578898 0.31015844 0.06738420 0.32072870 0.04312504 0.07481927 0.05483211 0.07052932 0.02265842
0.03411542 0.00534350 0.00046851 0.00552685 0.03153197 0.30804694 0.07465609 0.31948208 0.03545918 0.07278792 0.05660565 0.06854001 0.04926879
0.03460819 0.00797482 0.00049359 0.00683682 0.03449410 0.31149572 0.07222316 0.31971629 0.04255591 0.06795965 0.05531247 0.07050580 0.02386947
0.03557031 0.00440859 0.00107058 0.00340578 0.02917432 0.30852137 0.07900317 0.31920707 0.03716267 0.06711224 0.06231401 0.07137293 0.02016023
0.03514229 0.00260520 0.00086142 0.00189534 0.02497824 0.31108110 0.06918921 0.32018361 0.04338823 0.06684280 0.05637791 0.07039587 0.02323314
0.03567790 0.00632049 0.00053131 0.00657046 0.02751059 0.30867510 0.06760769 0.32054684 0.04966932 0.06229929 0.06188549 0.07038353 0.02143378
0.03628547 0.00563887 0.00350841 0.00347382 0.02268992 0.30940355 0.07080824 0.32120216 0.05239353 0.05753042 0.06036125 0.07173112 0.02401901
0.03698463 0.00085891 0.00293024 0.00166226 0.00131762 0.31018031 0.07665806 0.32139086 0.03939118 0.06685522 0.05675949 0.06841155 0.02136166
0.03872025 0.00067361 0.00208644 0.00026139 0.00081433 0.30942714 0.08262890 0.32048505 0.03137180 0.06850378 0.06205046 0.07229809 0.01978318
0.03865043 0.00494784 0.00093203 0.00057159 0.00492627 0.30839132 0.08133321 0.32104718 0.04331483 0.06698134 0.05267588 0.07028972 0.02089314
0.04181000 0.00401691 0.00062459 0.00128913 0.04005370 0.30962180 0.07389136 0.31897503 0.04479425 0.07280525 0.05691762 0.06972572 0.02177575
0.04338972 0.00258513 0.00192526 0.00035170 0.00144575 0.30574562 0.06997985 0.31764094 0.04927991 0.07316602 0.06034274 0.07078221 0.02336038
0.04514750 0.00181490 0.00086405 0.00029706 0.00093068 0.30834696 0.07663351 0.31667768 0.03930458 0.07447985 0.05775192 0.07047968 0.02434776
0.04648830 0.00184954 0.00043271 0.00038299 0.00109367 0.30630589 0.07697698 0.31734381 0.03776231 0.07400254 0.06459694 0.07178947 0.02132850
0.04617317 0.00175220 0.00039805 0.00029247 0.04067022 0.30730782 0.08841966 0.31911767 0.03939209 0.07557623 0.05551146 0.07042063 0.02124103
0.04462926 0.00255338 0.00080130 0.00106021 0.02566950 0.30704879 0.07545281 0.31999525 0.03809821 0.07562314 0.06228782 0.06952494 0.02357600
0.04242922 0.00173861 0.00067080 0.00074162 0.02958983 0.30578420 0.08251298 0.31990634 0.03640896 0.07616372 0.05993188 0.06890049 0.02187420
0.04038984 0.00578519 0.00090982 0.00956926 0.01831577 0.30520258 0.07128674 0.32040131 0.03844040 0.07640183 0.05960154 0.07106376 0.02208341
0.03790989 0.00070000 0.00134707 0.00020499 0.00051546 0.30605232 0.07396332 0.31831558 0.03416027 0.07665743 0.06178815 0.07072345 0.02073942
0.03555885 0.00069070 0.00091663 0.00020025 0.00048346 0.30556742 0.07613190 0.31808754 0.03452632 0.07596364 0.05539940 0.06960555 0.02025181
0.03409501 0.00169935 0.00141108 0.00129139 0.00230120 0.30716461 0.07203748 0.31778208 0.04439201 0.07740501 0.05369334 0.06924847 0.01953289
0.05435279 0.00804436 0.00116175 0.00997599 0.02116326 0.30440692 0.07410195 0.31781613 0.03465341 0.07626106 0.05858808 0.07449479 0.02023998
0.05526787 0.00556467 0.00097618 0.00461575 0.04865345 0.30638991 0.06883520 0.31904502 0.03375172 0.07873751 0.06155162 0.07213080 0.01926805
0.05632225 0.01057132 0.00078432 0.01230908 0.02680097 0.30644884 0.06836383 0.31949861 0.04230335 0.07762727 0.05652138 0.07150648 0.02029302
0.05586816 0.00476497 0.00058411 0.00308736 0.02317757 0.30566916 0.06588213 0.31925127 0.03793927 0.07957180 0.05796620 0.06830029 0.03164925
0.05358236 0.00354326 0.00045167 0.00363595 0.02806375 0.30690926 0.07392135 0.32131299 0.03547087 0.07894574 0.05544838 0.06892137 0.02179152
0.05519063 0.00395830 0.00060456 0.00497611 0.02487505 0.30584454 0.07026675 0.32047640 0.03220243 0.08025359 0.05765214 0.06749386 0.03985356
0.05598322 0.00444155 0.00045382 0.00473843 0.02228971 0.30650319 0.07792980 0.32080867 0.03508382 0.07983508 0.05471080 0.06973612 0.02115765
0.06180430 0.00372685 0.00100660 0.00717397 0.02465390 0.30654073 0.07230894 0.32096984 0.03441306 0.08063203 0.06080693 0.07032795 0.03490979
0.05996049 0.00140306 0.00147403 0.00394167 0.02851025 0.30776361 0.07677058 0.31840016 0.03354365 0.07893472 0.05208975 0.07196662 0.02717273
0.05973401 0.00197905 0.00082547 0.00378404 0.00501405 0.30654815 0.06776682 0.31753714 0.03275016 0.07907651 0.06015805 0.06904213 0.04074362
0.06000265 0.00136019 0.00096150 0.00170758 0.03092751 0.30868740 0.07295991 0.31790497 0.03545101 0.08447707 0.05199250 0.06965389 0.02834105
0.05928201 0.00242331 0.00091568 0.00206851 0.00228611 0.30583156 0.07023446 0.31748403 0.03959029 0.08280875 0.06188884 0.07152487 0.02347601
0.05856879 0.00137751 0.00080409 0.00106328 0.00091081 0.30779450 0.07299330 0.31904818 0.04940750 0.07599266 0.05712054 0.07115225 0.03162801
0.05819302 0.00186628 0.00064679 0.00217355 0.00803785 0.30567164 0.08149227 0.31915749 0.03725542 0.07491126 0.06419196 0.06916847 0.02430479
0.05933755 0.00700773 0.00053454 0.00944287 0.02295294 0.30681917 0.07638082 0.32090193 0.03892541 0.07379172 0.06118602 0.06887901 0.03664459
0.05805115 0.00675410 0.00066538 0.00573704 0.03599377 0.30689876 0.07692810 0.32133590 0.03902045 0.07285438 0.06012666 0.06939864 0.02466951
0.05620529 0.00180567 0.00080773 0.00355759 0.00270069 0.30863434 0.06748066 0.31988809 0.04038404 0.06993186 0.05987717 0.07013485 0.04265194
0.05623604 0.00393454 0.00069248 0.00344741 0.00762256 0.30669410 0.07706392 0.32071888 0.03709364 0.07124151 0.06746852 0.07110160 0.03486459
0.05692437 0.00792240 0.00070195 0.00584815 0.01580822 0.30814991 0.07235195 0.31951132 0.03997856 0.07335057 0.05607909 0.07165988 0.04173974
0.05757164 0.00211884 0.00053883 0.00307119 0.00301377 0.30676621 0.07399803 0.31848198 0.04460851 0.07573454 0.05782312 0.07070245 0.02642930
0.05694158 0.00464424 0.00085674 0.00640996 0.02775491 0.30829870 0.07100741 0.31909731 0.03381462 0.08685528 0.05094072 0.07018514 0.03055225
0.05620063 0.00187927 0.00076682 0.00208350 0.02708061 0.30663757 0.07417734 0.31919296 0.03086418 0.08449554 0.05744534 0.07153128 0.02790803
0.05611258 0.00394748 0.00078511 0.00293181 0.02716308 0.30930027 0.08489756 0.31982539 0.02829147 0.08925360 0.04876067 0.06865203 0.02478989
0.05500495 0.00503244 0.00069609 0.00533382 0.03209712 0.30643513 0.07509780 0.32010906 0.03052826 0.08486281 0.04978069 0.06757184 0.02530423
0.05456261 0.00250271 0.00054577 0.00212692 0.01976442 0.30881319 0.07714970 0.32023184 0.03440805 0.07527386 0.05467665 0.06754288 0.02272862
0.05433779 0.00169645 0.00042558 0.00026081 0.00096422 0.30662085 0.07586274 0.32055834 0.03503360 0.07055259 0.05262315 0.07035747 0.02586264
0.05400365 0.00184296 0.00152017 0.00046402 0.00117127 0.30798562 0.07888839 0.31996485 0.03521207 0.06633185 0.05907872 0.07042542 0.02333529
0.05431893 0.00116887 0.00068078 0.00031654 0.00068948 0.30673023 0.08521532 0.31874496 0.03291235 0.06479503 0.06391038 0.07047820 0.02439199
0.05401866 0.00098760 0.00044541 0.00027329 0.00057047 0.30737453 0.08381801 0.31835668 0.03729901 0.06510267 0.05662106 0.06915205 0.02242511
0.05212568 0.00120964 0.00052916 0.00028645 0.00070288 0.30756173 0.08220531 0.31841260 0.03608697 0.06533116 0.05852093 0.07178447 0.02168458
0.05221003 0.00313037 0.00042937 0.00176612 0.02394726 0.30722843 0.08085933 0.31901031 0.03261052 0.06565195 0.05671899 0.07160503 0.02517431
0.06835924 0.00078602 0.00235369 0.00029711 0.04433087 0.30721358 0.07822842 0.31978791 0.03326495 0.06694406 0.05818523 0.07144984 0.02275593
0.06213011 0.00180981 0.00086708 0.00022469 0.00279406 0.30773381 0.07970517 0.32089741 0.03361341 0.06610884 0.06010941 0.07111008 0.02304906
0.04578573 0.00179945 0.00081772 0.00096614 0.00446288 0.30753659 0.07806307 0.32176208 0.04691383 0.06853041 0.06048283 0.06863054 0.02165108
0.04884800 0.00156489 0.00066081 0.00301888 0.00121131 0.30694489 0.08018111 0.32212719 0.03900103 0.06939433 0.05609035 0.06867039 0.02741163
0.04757071 0.00159348 0.00105695 0.00290038 0.00339187 0.30719825 0.08105851 0.32230260 0.03357342 0.07098535 0.05401856 0.07143326 0.03710470
0.04669022 0.00181911 0.00110519 0.00193280 0.00101744 0.30687170 0.08545871 0.32180579 0.03287020 0.07188313 0.05870209 0.07151847 0.02607744
0.04817055 0.00135887 0.00183884 0.00026555 0.00110645 0.30758638 0.08022199 0.31976026 0.03156840 0.07342172 0.05834196 0.06881192 0.02305662
0.04908762 0.00154178 0.00082503 0.00023943 0.00089040 0.30715467 0.07660164 0.31849510 0.03547452 0.07377312 0.05714817 0.06836784 0.02314083
0.04928227 0.00111650 0.00066298 0.00021143 0.00062233 0.30782171 0.07969883 0.31858368 0.03256760 0.07488709 0.05382008 0.07112185 0.02342401
0.04837396 0.00069338 0.00047283 0.00027031 0.00054297 0.30782968 0.07891423 0.31902094 0.03109526 0.07627952 0.05640188 0.07151352 0.02203639
0.04787325 0.00065477 0.00038258 0.00021140 0.00048143 0.30830063 0.08633352 0.32021726 0.03282705 0.07668606 0.05315947 0.06958181 0.02202359
0.04474698 0.00732039 0.00034814 0.00787738 0.02821887 0.30859434 0.07902577 0.32156421 0.03742286 0.07353998 0.06250861 0.06807418 0.02446863
0.04451095 0.00338528 0.00035323 0.00130929 0.02464013 0.30956271 0.08279999 0.32314908 0.03663918 0.07082867 0.05890748 0.06936144 0.02557176
0.04411414 0.00126255 0.00052760 0.00029430 0.00097503 0.30871270 0.08342828 0.32269429 0.03588846 0.06681670 0.05835007 0.07029523 0.02457811
0.04407040 0.00206104 0.00042586 0.00045587 0.00217237 0.31034862 0.07914555 0.32191678 0.03658638 0.06420799 0.06922170 0.07022547 0.02261976
0.04392510 0.00115490 0.00036395 0.00036661 0.00128558 0.30887059 0.09021569 0.32153337 0.04225238 0.06194544 0.05749075 0.07073757 0.02272110
0.04388258 0.00188533 0.00041832 0.00195590 0.00093861 0.31086691 0.07650095 0.31967043 0.04102295 0.06361560 0.06943696 0.06982960 0.03520904
0.04333257 0.00148916 0.00063895 0.00340203 0.00270904 0.30893660 0.08155307 0.31956920 0.04522746 0.07104617 0.05793288 0.07025919 0.02265084
0.04292746 0.00110274 0.00045036 0.00023793 0.00050794 0.31049824 0.08095426 0.31958435 0.03640989 0.07366835 0.06547703 0.07108646 0.02336893
0.04363189 0.00150421 0.00056111 0.00022498 0.00087091 0.30929581 0.07793689 0.31954244 0.04059531 0.07439253 0.06023947 0.07142522 0.02166223
0.04332439 0.00110579 0.00043647 0.00020789 0.00066279 0.30991269 0.07735933 0.31944312 0.03807845 0.07599074 0.06082722 0.06772460 0.02260841
0.04317974 0.00079275 0.00038035 0.00125749 0.00122164 0.30900626 0.07669817 0.32011076 0.03639065 0.07458046 0.06231680 0.06697213 0.02247317
0.04272210 0.00093119 0.00037787 0.00046719 0.00177542 0.30994315 0.08333493 0.32061421 0.03294638 0.07287342 0.05716642 0.06902790 0.02155431
0.04239587 0.00172052 0.00038201 0.00037729 0.00196434 0.30819542 0.07678779 0.32056662 0.03427770 0.07283189 0.06012165 0.07021239 0.02165562
0.04521851 0.00304494 0.00036351 0.00179907 0.02255250 0.30882280 0.07682519 0.32026117 0.04660180 0.07064870 0.05455142 0.07053479 0.02209446
0.04506470 0.00331075 0.00064375 0.00522401 0.02583917 0.30587590 0.07182254 0.31899404 0.03664743 0.07799422 0.06132607 0.06862300 0.02441311
0.04482945 0.00274864 0.00068428 0.00256588 0.02324219 0.30707843 0.07963084 0.31895601 0.03281469 0.07768338 0.05539900 0.06889191 0.02258640
0.04443526 0.00345854 0.00057761 0.00211304 0.02262253 0.30566593 0.08375634 0.31865691 0.03153726 0.07481703 0.05609624 0.07096657 0.02155719
0.04412755 0.01209744 0.00056342 0.01205670 0.01787671 0.30625123 0.08282806 0.31976299 0.03581782 0.07325607 0.05421945 0.07077919 0.02096981
0.04440939 0.00312998 0.00059610 0.00282440 0.01931534 0.30582731 0.07207211 0.32022272 0.04023946 0.06936676 0.06229545 0.06973844 0.02392493
0.04443815 0.00248599 0.00064582 0.00531152 0.02934190 0.30602628 0.07662995 0.32004201 0.03607985 0.06798703 0.04978751 0.06733006 0.02180864
0.04316480 0.00165057 0.00047919 0.00081851 0.00144589 0.30686911 0.06968933 0.32146186 0.04794655 0.06301124 0.06325199 0.07007939 0.02268771
0.04281944 0.00236156 0.00040997 0.00040009 0.00173035 0.30652360 0.07665924 0.32093360 0.04274492 0.06224423 0.05689636 0.06857437 0.02156572
0.03896066 0.00604367 0.00036951 0.00846893 0.02327206 0.30689353 0.07361209 0.32042928 0.03612618 0.05755006 0.06135182 0.07248629 0.02059440
0.04278320 0.00211630 0.00081776 0.00196542 0.02384496 0.30916284 0.07937920 0.31923297 0.02993647 0.05749056 0.05944635 0.06957579 0.02584050
0.04300170 0.00143530 0.00054158 0.00224837 0.00173753 0.30734847 0.07774060 0.31724960 0.03416688 0.06050313 0.04666502 0.06809657 0.03486298
0.04587640 0.00091417 0.00337103 0.00050648 0.00090088 0.31134216 0.06761608 0.31824168 0.03085714 0.06529278 0.06144850 0.06850097 0.02304693
0.04310376 0.00086838 0.00168138 0.00089504 0.00126230 0.30818467 0.07877376 0.31803008 0.03060264 0.06844860 0.04498781 0.06978418 0.02005397
0.04470605 0.00635907 0.00136477 0.00850335 0.01902269 0.31012199 0.06780141 0.31975982 0.04148683 0.06772147 0.06101347 0.07106942 0.02043742
0.04692092 0.00147832 0.00088157 0.00074300 0.00103432 0.31042039 0.07440969 0.31993355 0.04240391 0.06729946 0.05292968 0.06754595 0.01919517
0.04803047 0.00329570 0.00064549 0.00059676 0.00217030 0.30953344 0.07561091 0.32051336 0.02964311 0.06626133 0.05371372 0.06642667 0.02105394
0.04860926 0.00375334 0.00103062 0.00753472 0.00710322 0.31145699 0.07476295 0.32177591 0.03401990 0.07159536 0.05273181 0.06851019 0.02438438
0.04813769 0.00191400 0.00073521 0.00132904 0.00129212 0.31007733 0.07270119 0.32166489 0.03867766 0.06811439 0.05375428 0.06928515 0.03456427
0.04779216 0.00726180 0.00051133 0.00279159 0.02559138 0.31146755 0.07220634 0.32109141 0.03614548 0.06351608 0.05367226 0.06886855 0.02373623
0.04705366 0.00960351 0.00039890 0.01117866 0.04191865 0.31013484 0.07374375 0.32057170 0.03579958 0.05762572 0.05751968 0.06912406 0.02218445
0.04517377 0.00210983 0.00062051 0.00245809 0.03655056 0.30971629 0.07876247 0.31841352 0.03614245 0.05410175 0.05133118 0.06860672 0.02131569
0.05220193 0.00732940 0.00037174 0.00815960 0.05695716 0.30935798 0.06903504 0.31895585 0.04007620 0.04850929 0.06290522 0.07061195 0.02132332
0.05375817 0.00441849 0.00140584 0.00376893 0.03400675 0.30986842 0.08084058 0.31841096 0.04175462 0.06459892 0.05511669 0.07039130 0.02212086
0.05288305 0.00544172 0.00114977 0.00466161 0.02958145 0.31036636 0.07654319 0.31972243 0.03692595 0.06869283 0.05134705 0.07091382 0.02480195
0.05214883 0.00249966 0.00123564 0.00469406 0.00554324 0.31003806 0.07170831 0.32034851 0.03354717 0.07685875 0.06190190 0.06717766 0.02563401
0.05254756 0.00261819 0.00152696 0.00251598 0.00304505 0.30848813 0.07711340 0.32115466 0.04945456 0.07577668 0.04832530 0.06773006 0.02914792
0.06522988 0.00387161 0.00200140 0.00688458 0.05144923 0.30823502 0.06577753 0.32135485 0.03337781 0.07451005 0.06417063 0.06827626 0.02123677
0.06653963 0.00522223 0.00078084 0.00286467 0.03012291 0.30711586 0.08047020 0.32179971 0.03783541 0.07157136 0.05812391 0.07528414 0.02399072
0.06583923 0.00319398 0.00136676 0.00533123 0.02716700 0.30711634 0.07028803 0.31899763 0.03802391 0.07189713 0.05909701 0.06825422 0.02038821
0.06493062 0.00271265 0.00219518 0.00324564 0.03073699 0.30662696 0.06963911 0.31868826 0.03487605 0.07028367 0.06401732 0.07287614 0.01934546
0.06854539 0.00328436 0.00131316 0.00432585 0.03557895 0.30750644 0.07057134 0.31799196 0.04227058 0.07233824 0.04710862 0.06813244 0.02149198
0.07346185 0.00455532 0.00085025 0.00845984 0.05385223 0.30445908 0.06440683 0.31907436 0.03560336 0.07155152 0.05694364 0.07037374 0.04229175
0.05713613 0.00751155 0.00139552 0.00686647 0.05192689 0.30628150 0.07650259 0.31901837 0.03458819 0.07574872 0.04996549 0.07039547 0.01993087
0.05715171 0.00540126 0.00161223 0.00642290 0.04238076 0.30578747 0.06919955 0.32011223 0.03375767 0.07371983 0.05624243 0.06989573 0.03832328
0.05819367 0.00348362 0.00112895 0.00163020 0.03772421 0.30654720 0.08022573 0.32073433 0.03557458 0.07378904 0.05600699 0.06782825 0.02198180
0.05747490 0.00284475 0.00095419 0.00596172 0.03366031 0.30718142 0.07570018 0.32092777 0.03350283 0.07168716 0.05477379 0.06822580 0.02281594
0.05681688 0.00606941 0.00469018 0.00606266 0.02340053 0.30699408 0.07538443 0.32077809 0.03129392 0.07497413 0.05653737 0.06902880 0.02447771
0.05459215 0.00126473 0.00146646 0.00066277 0.02826170 0.30689872 0.07565870 0.31905744 0.02587797 0.07256512 0.05768079 0.06948935 0.02318611
0.05413153 0.00572012 0.00115271 0.00572270 0.03199195 0.30570837 0.08320452 0.31804388 0.03151437 0.07097477 0.04424164 0.07063179 0.02161154
0.05349842 0.00238493 0.00076636 0.00458845 0.00554549 0.30687063 0.07932942 0.31668766 0.02544940 0.06030817 0.06141911 0.06821066 0.02573761
0.05267047 0.00131870 0.00078095 0.00121803 0.00075550 0.30635496 0.07702909 0.31627726 0.03341722 0.05782475 0.05056158 0.07085591 0.04479140
0.05173054 0.00228999 0.00078656 0.00286603 0.00488719 0.30826710 0.07495182 0.31695528 0.03230342 0.05459808 0.05424687 0.07020087 0.02278614
0.05476984 0.00811582 0.00079439 0.00887470 0.00802617 0.30840155 0.08415945 0.31949618 0.04336814 0.05398378 0.05909600 0.07140094 0.02212667
0.05278796 0.00128347 0.00081199 0.00051921 0.00116606 0.30796903 0.07663416 0.31991787 0.03726852 0.05975319 0.06285688 0.06823287 0.02397897
0.05226605 0.00216412 0.00078628 0.00060881 0.00144335 0.30723050 0.07835337 0.32068268 0.04777637 0.06017106 0.06130070 0.06828527 0.02180247
0.05088279 0.00220610 0.00081535 0.00032134 0.00162462 0.30626932 0.07744783 0.32027121 0.04552124 0.06009709 0.05541894 0.07019135 0.02421495
0.05031936 0.00208454 0.00134812 0.00030906 0.00161342 0.30769263 0.07440126 0.31993461 0.03997102 0.06166601 0.05817196 0.07149485 0.02062306
0.04967855 0.01009365 0.00082812 0.00833333 0.01139418 0.30657513 0.07870243 0.31889629 0.03426117 0.06502030 0.05266360 0.06955745 0.02105709
0.04921607 0.00092867 0.00078937 0.00283177 0.00063053 0.30738277 0.06588475 0.31711440 0.03158979 0.07387520 0.05786325 0.06807958 0.02278536
0.04859127 0.00623724 0.00064683 0.00579762 0.03574476 0.30677446 0.07061562 0.31711633 0.03059610 0.07567313 0.04834840 0.06738666 0.01999341
0.04842507 0.00373100 0.00051026 0.00598681 0.03608310 0.30694094 0.06601733 0.31696850 0.03057861 0.07837919 0.05125192 0.06958921 0.02181543
0.04816090 0.00081821 0.00098876 0.00121639 0.03434995 0.30600830 0.06874783 0.31705414 0.03473324 0.07819870 0.05039917 0.06938914 0.02021761
0.04792504 0.00063545 0.00200082 0.00059842 0.00049884 0.30546126 0.07072558 0.31813428 0.03188848 0.07908776 0.05682035 0.06978458 0.01894404
0.04738097 0.00067280 0.00110832 0.00021119 0.00048067 0.30617502 0.07040168 0.31866605 0.03275273 0.07603733 0.05278397 0.06623902 0.01916218
0.03951997 0.00223584 0.00063587 0.00257443 0.02803478 0.30489834 0.07133789 0.31894271 0.03256621 0.07103605 0.05620586 0.06615079 0.01982393
0.04043993 0.00209807 0.00061111 0.00242376 0.03577121 0.30587645 0.06945964 0.32031992 0.04092782 0.06735282 0.05764096 0.07417238 0.01936079
0.04087337 0.01030849 0.00120666 0.01163262 0.04224017 0.30511909 0.06649007 0.31883009 0.04914852 0.06133309 0.05567118 0.07032939 0.01964482
0.04134718 0.00548932 0.00057367 0.00563290 0.03414804 0.30600770 0.07323887 0.31789792 0.04001868 0.05705630 0.06028795 0.07022819 0.02013415
0.04196940 0.00777544 0.00035179 0.00708198 0.03774181 0.30482842 0.07612120 0.31754966 0.05707950 0.05171103 0.05923760 0.06938567 0.02831988
0.04182696 0.00480323 0.00034015 0.00358758 0.01959357 0.30458454 0.06838400 0.31629896 0.05243989 0.05338111 0.06351820 0.07053816 0.04025134
0.04156230 0.00509408 0.00033990 0.00430512 0.02460582 0.30474504 0.07630630 0.31757196 0.05240788 0.05433979 0.06282398 0.07301366 0.02795009
0.04061746 0.00255191 0.00040404 0.00277078 0.03387358 0.30330871 0.07139447 0.31762792 0.03794706 0.05800983 0.07758666 0.07318900 0.03224651
0.03983914 0.00581175 0.00240960 0.00554997 0.04069911 0.30458747 0.08396228 0.31752406 0.04358002 0.06098735 0.05163625 0.07030319 0.02341132
0.03845061 0.01399340 0.00112457 0.01486937 0.05297570 0.30287393 0.07139387 0.31948625 0.03614975 0.06669314 0.05977016 0.07294011 0.03208607
0.03815015 0.00576148 0.00077475 0.00583364 0.04720716 0.30448778 0.08306616 0.31977711 0.03658146 0.07051827 0.04876207 0.06970073 0.03598308
0.03825665 0.00461992 0.00061138 0.00415424 0.02592690 0.30366229 0.07206512 0.31904394 0.03308330 0.07324174 0.06216658 0.07130891 0.02968776
0.03836043 0.00443757 0.00057557 0.00284111 0.02038597 0.30563737 0.07011411 0.31889765 0.04179398 0.07624330 0.05712037 0.07054932 0.02291596
0.03777569 0.00161112 0.00058782 0.00197052 0.01159166 0.30390164 0.08559053 0.31692916 0.03718671 0.07887957 0.04954909 0.06927607 0.02849096
0.03751832 0.00952732 0.00128407 0.00973435 0.01650853 0.30487413 0.07569353 0.31815641 0.03701412 0.08343728 0.06097199 0.06938921 0.02484898
0.03776629 0.00947323 0.00062450 0.00999481 0.05073174 0.30305968 0.08554546 0.31860739 0.03637021 0.08028268 0.04806798 0.07164331 0.02735985
0.03803961 0.00346997 0.00048887 0.00426927 0.02117507 0.30525178 0.08072333 0.31924992 0.03504574 0.07671443 0.06198195 0.07216338 0.02849200
0.03820185 0.00270025 0.00045264 0.00524044 0.02552285 0.30360774 0.08917791 0.32073707 0.03791347 0.06888729 0.05879983 0.07241680 0.03594036
0.03740477 0.01297974 0.00391797 0.01345929 0.02412558 0.30468190 0.09131723 0.32058347 0.03230288 0.06090919 0.06403533 0.07519307 0.02549117
0.03801638 0.00685700 0.00167143 0.00772139 0.03609410 0.30450637 0.07481729 0.32136123 0.04086258 0.05809969 0.05986098 0.07087391 0.03921134
0.03825287 0.00484356 0.00100462 0.00716512 0.03633592 0.30426028 0.08593684 0.32217404 0.04068681 0.05420820 0.06020843 0.07802428 0.02863634
0.04094822 0.00269284 0.00076457 0.00353018 0.02139749 0.30467948 0.08395473 0.32217084 0.04342707 0.05440374 0.06404068 0.07387873 0.03877883
0.04258109 0.00691306 0.00067722 0.00582797 0.02304234 0.30489981 0.08721212 0.32075475 0.04040070 0.05462489 0.07233771 0.07216584 0.03897242
0.04347904 0.00381734 0.00047343 0.00575524 0.02668052 0.30518348 0.08676495 0.31931960 0.04510602 0.05525781 0.06609923 0.07210228 0.02552484
0.04271417 0.00143360 0.00337589 0.00168047 0.01907651 0.30492540 0.08028002 0.31925257 0.04029130 0.05633952 0.07096747 0.07263917 0.03319209
0.04186825 0.00216306 0.00100916 0.00568833 0.02472061 0.30493528 0.09040005 0.31884497 0.03915305 0.05504052 0.06009728 0.07328206 0.02329441
0.04282807 0.00268240 0.00061348 0.00096944 0.01704696 0.30437932 0.08733814 0.31994667 0.03661807 0.05545193 0.06176282 0.07244148 0.02897105
0.04308637 0.01372388 0.00072655 0.01381663 0.04134712 0.30424624 0.08037832 0.32032459 0.02835284 0.05625039 0.06601028 0.07223242 0.02589532
0.04103092 0.00533485 0.00086512 0.00629225 0.05592195 0.30370680 0.08874387 0.32109448 0.03153851 0.05942930 0.04399078 0.06975598 0.02485671
0.03695448 0.00317541 0.00069536 0.00671816 0.04295924 0.30434695 0.07865835 0.32244324 0.02455849 0.06441157 0.06410685 0.07182506 0.04451660
0.03599217 0.00235839 0.00091918 0.00490326 0.03054770 0.30352448 0.09459270 0.32143398 0.03345491 0.06802335 0.04815153 0.07150664 0.02439933
0.03561589 0.00438650 0.00081546 0.00426889 0.02479909 0.30447787 0.08670522 0.32078530 0.03443636 0.07212592 0.06221472 0.07199181 0.03699981
0.03498631 0.00243962 0.00320067 0.00260750 0.00317125 0.30367042 0.07975676 0.31930182 0.03738515 0.08255775 0.06099041 0.07133760 0.03689737
0.03372336 0.00381959 0.00109303 0.00544090 0.03764994 0.30327011 0.08543718 0.31728560 0.02929971 0.08113259 0.06121265 0.07021393 0.02768295
0.03330232 0.00115656 0.00079049 0.00311558 0.00167861 0.30259629 0.07926970 0.31767601 0.03126940 0.07608528 0.05970253 0.07273091 0.04545632
0.03352558 0.00270383 0.00058675 0.00328741 0.03915838 0.30308550 0.09032265 0.31811560 0.03190910 0.06825272 0.05380794 0.07306627 0.02214731
0.03299286 0.00193099 0.00062263 0.00064669 0.00110485 0.30389818 0.08574060 0.31859527 0.02916347 0.06274791 0.06291420 0.07130802 0.03469755
0.03328653 0.00112016 0.00064321 0.00118975 0.00105628 0.30555638 0.08969991 0.31971270 0.03385166 0.05446151 0.05912355 0.07058627 0.02410902
0.03351627 0.00078652 0.00067139 0.00057202 0.00067765 0.30367605 0.08966134 0.32029630 0.03203116 0.05272670 0.05930118 0.07012603 0.02775892
0.03353469 0.00083236 0.00046093 0.00039954 0.00066680 0.30702167 0.08867391 0.32100798 0.03404101 0.05222640 0.06168972 0.07168621 0.02471049
0.03303094 0.00544292 0.00038606 0.00161190 0.03497629 0.30437834 0.08382779 0.32094735 0.05208918 0.05289988 0.06128322 0.07060647 0.02449310
0.03220947 0.00223221 0.00040234 0.00161554 0.00336842 0.30687720 0.08796350 0.32086058 0.03983360 0.05411351 0.05837354 0.07215075 0.04816549
0.03175261 0.00083772 0.00039515 0.00033345 0.00102931 0.30480542 0.09547397 0.31920279 0.03417450 0.05483002 0.06759498 0.07108608 0.02431071
0.03085510 0.00137631 0.00042585 0.00044737 0.03366765 0.30666048 0.09008924 0.31945320 0.03770934 0.05531191 0.05525631 0.07040775 0.02522424
0.03048879 0.00200503 0.00209454 0.00304791 0.02762418 0.30516555 0.08652648 0.31950549 0.03746426 0.05824904 0.06580386 0.07173707 0.02411713
0.02939567 0.00243731 0.00045152 0.00405477 0.02431799 0.30706930 0.08583048 0.32061268 0.03943036 0.05874249 0.05582326 0.07157708 0.02517734
0.02879723 0.00239986 0.00122478 0.00043788 0.00274603 0.30797081 0.09001818 0.32244235 0.02834409 0.06338092 0.06269298 0.07115463 0.02462114
0.02870377 0.00167886 0.00043432 0.00073611 0.00204360 0.30775161 0.08294342 0.32204242 0.03556773 0.06799808 0.05923264 0.06797285 0.02456325
0.02843948 0.00171501 0.00041609 0.00052475 0.00286830 0.30741015 0.08987262 0.32202679 0.04079963 0.07246125 0.06238650 0.06976321 0.02328797
0.02859502 0.00134216 0.00036698 0.00045578 0.00206235 0.30800419 0.08364334 0.32257548 0.03414767 0.07606270 0.06435866 0.07075700 0.02390523
0.02793465 0.00262348 0.00060432 0.00063774 0.00340405 0.30967507 0.08504677 0.32213240 0.04579887 0.07761080 0.05955414 0.07187625 0.02372035
0.02801440 0.00147535 0.00043805 0.00024888 0.00113835 0.30857851 0.08683782 0.32112815 0.03502785 0.07723333 0.06473316 0.07038747 0.02462881
0.02795488 0.00092031 0.00181156 0.00037339 0.00075729 0.30981294 0.08250567 0.32072451 0.03307231 0.08572671 0.06007352 0.07012097 0.02381738
0.02788815 0.00761774 0.00081994 0.00956164 0.02182327 0.30893374 0.08893492 0.32148111 0.02950220 0.08157076 0.05690469 0.07013894 0.02320075
0.02759207 0.00490531 0.00058468 0.00292739 0.02268702 0.30926067 0.08235004 0.32272215 0.03328322 0.07333944 0.06112671 0.07143238 0.02550600
0.02804642 0.00343683 0.00038271 0.00350393 0.02727670 0.30942828 0.08487747 0.32314250 0.03901722 0.06605513 0.05574454 0.07064053 0.02401113
0.02789802 0.00308366 0.00029602 0.00336676 0.02484904 0.30848634 0.08487163 0.32405534 0.04523929 0.05964470 0.06063616 0.07004521 0.02378778
0.02741166 0.00511877 0.00043010 0.00800489 0.02359556 0.30971519 0.08229453 0.32465579 0.04011232 0.05512181 0.06731714 0.06954806 0.02399365
0.02697634 0.00140924 0.00027145 0.00235776 0.02574848 0.30809858 0.08734835 0.32464506 0.04618762 0.05077952 0.06409652 0.06980626 0.02522302
0.02663576 0.00157883 0.00028089 0.00252582 0.02163512 0.30883780 0.08384599 0.32451082 0.04232251 0.04952538 0.07359698 0.07119995 0.02375289
0.02682683 0.00963602 0.00025203 0.00848315 0.05187009 0.30612513 0.08343982 0.32384520 0.05083440 0.04871328 0.06270656 0.07380676 0.02436754
0.02684146 0.00436919 0.00032557 0.00293772 0.04585140 0.30556124 0.08743056 0.32255366 0.04378441 0.05213417 0.07060557 0.07206634 0.02722422
0.02727038 0.00393426 0.00030151 0.00481702 0.04640109 0.30568610 0.08032747 0.32156737 0.04673956 0.06156076 0.06855826 0.07179998 0.02412514
0.02711441 0.00260089 0.00053146 0.00435145 0.00851039 0.30434856 0.08603315 0.32232722 0.04122835 0.06843541 0.07481699 0.07237767 0.03047446
0.02736970 0.00663897 0.00064925 0.00722373 0.02716960 0.30603545 0.08340632 0.32371970 0.04634466 0.07453030 0.06761662 0.07343842 0.03477066
0.02758593 0.00120887 0.00053143 0.00331396 0.00300734 0.30558477 0.09106801 0.32417321 0.04621304 0.07977205 0.06083980 0.07095805 0.02449553
0.02746686 0.00085299 0.00054907 0.00098685 0.00062528 0.30562283 0.08964470 0.32474731 0.03479737 0.08583293 0.06618164 0.06968130 0.03802022
0.02768503 0.00157032 0.00041136 0.00150114 0.00224570 0.30438731 0.08546841 0.32526763 0.03949262 0.08889564 0.05998063 0.06997331 0.02387349
0.02774533 0.00089900 0.00039927 0.00648814 0.00551913 0.30424983 0.08645093 0.32576150 0.03277177 0.08927068 0.06368622 0.07063052 0.04148743
0.02770703 0.00734488 0.00054639 0.00890364 0.01370963 0.30155743 0.08550675 0.32515236 0.03983359 0.08924674 0.06187870 0.07220596 0.02675041
0.02739160 0.00228375 0.00050099 0.00329451 0.03280553 0.30255638 0.09036278 0.32387757 0.03930555 0.08507070 0.05792732 0.07156546 0.02578707
0.02736616 0.00235956 0.00040006 0.00097191 0.02223027 0.30119669 0.08665427 0.32311915 0.03393845 0.08196889 0.07756610 0.07096973 0.02561287
0.02689617 0.00324552 0.00035316 0.00048232 0.00344770 0.30277295 0.08776067 0.32363049 0.04678141 0.07531188 0.06305225 0.07138254 0.02626953
0.02643995 0.00804242 0.00034903 0.01149833 0.01373154 0.30138220 0.08656598 0.32327314 0.04450365 0.07013589 0.06916038 0.07224129 0.02565182
0.02568103 0.00268040 0.00036207 0.00286384 0.02677098 0.30266004 0.08387123 0.32451879 0.04600455 0.06448772 0.06957147 0.07329453 0.02532645
0.02564358 0.00137680 0.00038833 0.00027379 0.00090522 0.30206278 0.08956594 0.32446934 0.04851709 0.06091848 0.06591598 0.07140875 0.02636689
0.02543299 0.00332196 0.00043295 0.00411981 0.03037615 0.30164817 0.09124675 0.32529463 0.04473342 0.05949808 0.07522418 0.07192827 0.02409568
0.02532767 0.00267090 0.00046157 0.00260266 0.04931591 0.30182895 0.08729350 0.32544110 0.04659704 0.05546177 0.07199717 0.07187542 0.02799713
0.02505545 0.00636333 0.00109676 0.00805041 0.06565231 0.30180089 0.09108852 0.32631795 0.04666401 0.05907886 0.06762841 0.07502551 0.02984077
0.02363908 0.00955872 0.00085234 0.00853315 0.02888300 0.30049307 0.09623233 0.32541431 0.05206525 0.06464253 0.07746987 0.07519770 0.03643639
0.02526152 0.00782412 0.00114636 0.01216559 0.04244829 0.30059139 0.09311988 0.32474190 0.05171543 0.07752881 0.07373569 0.07526352 0.02745830
0.02659978 0.00356837 0.00068834 0.00537784 0.02957163 0.30125906 0.08967801 0.32432803 0.04544720 0.08166624 0.07138112 0.07368368 0.04345955
0.02796115 0.00428379 0.00135760 0.00594996 0.02588838 0.30033226 0.10087640 0.32387928 0.04434801 0.08764971 0.06402606 0.07410294 0.03436605
0.02841762 0.00574272 0.00061799 0.00474845 0.01976656 0.30183771 0.09168270 0.32431537 0.04760848 0.08901039 0.06319699 0.07440878 0.04305127
0.02875524 0.00409156 0.00046961 0.00450581 0.03867233 0.29999313 0.09230640 0.32491711 0.04541385 0.09023867 0.06716927 0.07354342 0.02695483
0.03074671 0.00242987 0.00170080 0.00394270 0.02354729 0.30001000 0.09730467 0.32367971 0.03552335 0.08803446 0.06244747 0.07224495 0.03958500
0.03279221 0.00304559 0.00073194 0.00436144 0.01998222 0.29790705 0.09329704 0.32443508 0.03109005 0.08818050 0.07064390 0.07273425 0.02901256
0.03415840 0.00508377 0.00080929 0.00440276 0.02615103 0.30092884 0.08984742 0.32306906 0.04650632 0.08622027 0.06168231 0.07159584 0.02530653
0.03459284 0.00263347 0.00058992 0.00051011 0.01372695 0.29923277 0.08935502 0.32222551 0.04857854 0.08234767 0.06410915 0.07144786 0.02963042
0.03328810 0.00156601 0.00058278 0.00296894 0.00514365 0.30030800 0.08638844 0.32146713 0.03961669 0.07748891 0.06907557 0.07312115 0.03737902
0.03270674 0.00158889 0.00123956 0.00033591 0.00113057 0.29867875 0.09122939 0.31958303 0.04524691 0.07795790 0.06266138 0.07230399 0.02536034
0.03615130 0.00235320 0.00156463 0.00129303 0.00244008 0.29919521 0.08436883 0.31966749 0.05064456 0.07718106 0.07372941 0.07180943 0.02489916
0.03644583 0.00121808 0.00076667 0.00023848 0.00066634 0.29852249 0.08826439 0.31978600 0.04733025 0.07491340 0.06691868 0.07226717 0.02536554
0.03675663 0.00424768 0.00063085 0.00263108 0.02549162 0.29981556 0.09253347 0.32238632 0.04412162 0.06936993 0.07746079 0.07493426 0.02447022
0.03106598 0.00705392 0.00072088 0.00543714 0.03233969 0.29823809 0.08595835 0.32367092 0.06326935 0.06612846 0.07184919 0.07441767 0.02491435
0.02973271 0.00314339 0.00083052 0.00177792 0.02033880 0.30002702 0.09274873 0.32435140 0.04920647 0.06962271 0.07017403 0.07267462 0.02745155
0.03734217 0.00201718 0.00121083 0.00503357 0.05060559 0.29790430 0.08476276 0.32549053 0.04349144 0.08446584 0.08214948 0.07226866 0.02578608
0.03736596 0.00169711 0.00109320 0.00226324 0.01842407 0.29929269 0.09307284 0.32556575 0.05072037 0.08717327 0.06604418 0.07442641 0.02656830
0.04259195 0.00515982 0.00084042 0.00675294 0.03196835 0.29796546 0.08469914 0.32417315 0.04615118 0.08879935 0.07629638 0.07364292 0.02550745
0.04395592 0.00444941 0.00063132 0.00396733 0.03659006 0.29879595 0.08689367 0.32315604 0.04533644 0.08948821 0.06622110 0.07327241 0.02694982
0.03876817 0.00423382 0.00152593 0.00389898 0.03171032 0.29776243 0.08772217 0.32131235 0.03955741 0.09850316 0.07203132 0.07228389 0.02365974
0.03925810 0.00959162 0.00136323 0.00735484 0.01276980 0.29731170 0.08144317 0.32105690 0.05216429 0.09231301 0.07168738 0.07251629 0.02619498
0.03905760 0.00321675 0.00070307 0.00469301 0.02884826 0.29657478 0.08333946 0.32020079 0.05327011 0.09057869 0.06258123 0.07415385 0.02659229
0.03981978 0.00403948 0.00076394 0.00404912 0.02444277 0.29721715 0.08389113 0.32184941 0.04980173 0.08262684 0.06253823 0.07217013 0.02290910
0.03938064 0.00286774 0.00053247 0.00243644 0.02169053 0.29638238 0.08215719 0.32242368 0.05248271 0.08138436 0.06693406 0.07226581 0.02511951
0.04005824 0.00671303 0.00050517 0.00913464 0.02364803 0.29704749 0.08366085 0.32323614 0.04747654 0.08010801 0.06895693 0.06988863 0.02575582
0.03921488 0.00658142 0.00238980 0.01035092 0.01968230 0.29660105 0.08484602 0.32418425 0.04556857 0.07738560 0.07367005 0.07688692 0.04956465
0.03848474 0.00270662 0.00108345 0.00261251 0.02132974 0.29692964 0.08623038 0.32304763 0.04908800 0.07656707 0.06528416 0.07193427 0.02429695
0.04393502 0.00496027 0.00170128 0.00457052 0.03863343 0.29676039 0.08960949 0.32365569 0.04253163 0.09318206 0.06342780 0.07532948 0.03304965
0.04533957 0.00223116 0.00103028 0.00500940 0.00643158 0.29711718 0.08308908 0.32257265 0.03730879 0.09109167 0.07512568 0.07185433 0.04356017
0.04693185 0.00198743 0.00070374 0.00311376 0.00353770 0.29678606 0.08792552 0.32233084 0.04258282 0.08730603 0.06342296 0.07223473 0.04226828
0.04692785 0.00416776 0.00050152 0.00338976 0.02678540 0.29741575 0.08678920 0.32220543 0.04367283 0.08223614 0.07477015 0.07383162 0.03670848
0.04664366 0.00456902 0.00043207 0.00614630 0.02720578 0.29713760 0.08879494 0.32350490 0.04774929 0.07934978 0.06276044 0.07357867 0.05161513
0.04683954 0.00151675 0.00038933 0.00500185 0.00283413 0.29764300 0.09684638 0.32357648 0.04255402 0.07702985 0.07170215 0.07211166 0.04149339
0.04651204 0.00196180 0.00037816 0.00316184 0.00468530 0.29806988 0.09794606 0.32457757 0.04503458 0.07576433 0.07550321 0.07128975 0.02912324
0.04564572 0.00301297 0.00114661 0.00105341 0.00376725 0.29742309 0.08943802 0.32450360 0.05283812 0.07501286 0.07873496 0.07174160 0.02604788
0.04674952 0.00727894 0.00151452 0.00709565 0.05573218 0.29873470 0.08484170 0.32355031 0.05163796 0.07497967 0.07357561 0.07442937 0.02579311
0.04684255 0.00514936 0.00054578 0.00684968 0.04770003 0.29760700 0.08562167 0.32375356 0.05407570 0.07602416 0.07181360 0.07466184 0.02632644
0.04606181 0.00367610 0.00079758 0.00302630 0.02946971 0.29898661 0.09016026 0.32131948 0.04816551 0.07892948 0.07278905 0.07328294 0.02327769
0.04457737 0.00282609 0.00297572 0.00265860 0.04578081 0.29703193 0.08878767 0.32078016 0.04877849 0.08586805 0.07333335 0.07249957 0.02636320
0.04445960 0.00294265 0.00068463 0.00277862 0.03284073 0.29724913 0.08677750 0.32082024 0.04841920 0.08248961 0.07761020 0.07240142 0.02617460
0.04350609 0.00391019 0.00053369 0.00702361 0.03775168 0.29706291 0.08910512 0.32142694 0.04853813 0.08104512 0.06988986 0.07414428 0.02527067
0.04295895 0.00156212 0.00064096 0.00233816 0.01495130 0.29585238 0.08752042 0.32133319 0.04889232 0.07729173 0.07439681 0.07339331 0.03715345
0.04358882 0.00872018 0.00051348 0.00876118 0.03104191 0.29388761 0.08996019 0.32235043 0.04470363 0.07744859 0.06605277 0.07125772 0.02661701
0.04283526 0.00717009 0.00119612 0.00838762 0.02385016 0.29526971 0.08206604 0.32158341 0.04647379 0.07763288 0.06970972 0.07049846 0.04385377
0.04063793 0.00251337 0.00094548 0.00387347 0.02000572 0.29493166 0.08944448 0.32221230 0.05126178 0.07817133 0.05887498 0.07355580 0.03811682
0.03959390 0.00423818 0.00094727 0.00147181 0.00283693 0.29818753 0.08210843 0.32125006 0.05606691 0.07898506 0.07461793 0.07270014 0.02416585
0.03930352 0.00248885 0.00098731 0.00056605 0.00334274 0.29629540 0.08135256 0.31934551 0.04489597 0.07994890 0.06428431 0.07334554 0.03106201
0.03879674 0.00127707 0.00094382 0.00106512 0.00148956 0.29806265 0.08927101 0.31850359 0.03916498 0.08072060 0.06611718 0.07111130 0.02368975
0.03819762 0.01241910 0.00128482 0.01367884 0.03799676 0.29585770 0.08008847 0.31781689 0.03999522 0.07913650 0.06872277 0.07180683 0.02600096
0.03759175 0.00321214 0.00129909 0.00431806 0.02745110 0.29915469 0.08358866 0.31820080 0.05267967 0.08020764 0.05494623 0.07386055 0.02157610
0.03724555 0.00156408 0.00066403 0.00075888 0.00125918 0.29596887 0.07510320 0.31790731 0.04667213 0.08759529 0.07205367 0.07105309 0.02257428
0.03678733 0.00088646 0.00081943 0.00025049 0.00067386 0.29823069 0.08196444 0.31997977 0.04296624 0.08849773 0.06047132 0.07137045 0.02224211
0.03604637 0.00158121 0.00069626 0.00026539 0.00079208 0.29635211 0.07510195 0.32009144 0.04106960 0.08890014 0.07529330 0.06778781 0.02321210
0.03543866 0.00740613 0.00065304 0.01075981 0.01719530 0.29736029 0.08478510 0.32145589 0.04730203 0.08394797 0.06358361 0.07115023 0.02231919
0.03487159 0.00632128 0.00088415 0.00702164 0.04405074 0.29719996 0.07785608 0.32092309 0.04414626 0.08290722 0.06695171 0.07037704 0.02224388
0.03458273 0.00470627 0.00178413 0.00543279 0.02560711 0.29695103 0.08105991 0.32053363 0.04467648 0.08419633 0.06281965 0.07195960 0.02892902
0.03430048 0.00546017 0.00116142 0.00434032 0.03034836 0.29872432 0.07109970 0.32005470 0.04930700 0.08333323 0.07055865 0.07144526 0.02149891
0.03499794 0.00164252 0.00123418 0.00137079 0.02428210 0.29875497 0.07536289 0.31911358 0.04589775 0.08103585 0.06257798 0.06881320 0.02414541
0.03593387 0.00478443 0.00066564 0.00737014 0.02426399 0.30020891 0.07760233 0.31900686 0.04515778 0.07682882 0.07291774 0.07181739 0.02105766
0.03546659 0.00179705 0.00116504 0.00042988 0.00259456 0.29967561 0.08360390 0.31874421 0.04997081 0.07484522 0.06843765 0.07128466 0.02264791
0.03558393 0.00453815 0.00137303 0.00541300 0.03193220 0.30027920 0.08278809 0.32043514 0.05247191 0.07341854 0.06398753 0.07225155 0.02245387
0.03576687 0.00281454 0.00075563 0.00188322 0.03289377 0.29874109 0.07694435 0.31995675 0.04929608 0.07248692 0.06919086 0.07121123 0.02584177
0.03603611 0.00365270 0.00081320 0.00291009 0.02185370 0.29902428 0.08693905 0.32143673 0.04328297 0.08216863 0.07545803 0.06980540 0.02375389
0.03677838 0.00106473 0.00092639 0.00071159 0.00117427 0.29792070 0.07831381 0.32188536 0.04669212 0.08376215 0.07100774 0.06888074 0.02393060
0.06495353 0.00136153 0.00102842 0.00127076 0.00229844 0.29983888 0.08518663 0.32279228 0.04683197 0.08383694 0.06616782 0.07271552 0.02255009
0.06342448 0.00116895 0.00224994 0.00027581 0.00065803 0.29988837 0.08204875 0.32169717 0.04416636 0.09177228 0.06571535 0.07061861 0.02392489
0.06284066 0.00122181 0.00101341 0.00037134 0.00154295 0.29975022 0.08315265 0.32074549 0.04187958 0.08855840 0.06364357 0.07092853 0.02464757
0.06227555 0.00737355 0.00088478 0.01180930 0.01773549 0.29975758 0.08262568 0.32018270 0.04121128 0.09003454 0.07217283 0.06943687 0.02354784
0.06267700 0.00161882 0.00075618 0.00049177 0.00144590 0.29999924 0.08431657 0.32150258 0.04407170 0.08945826 0.06578631 0.07114378 0.02340827
0.06258079 0.00117977 0.00067352 0.00028760 0.00074554 0.29965250 0.08535880 0.32153172 0.04304456 0.08955418 0.06082436 0.07116413 0.02339019
0.06068750 0.00103457 0.00068828 0.00029338 0.00068349 0.30048582 0.08194021 0.32319990 0.03909488 0.08895550 0.06518746 0.07153060 0.02276088
0.04903493 0.00199466 0.00212940 0.00024188 0.00220973 0.29968700 0.07714188 0.32109318 0.04071178 0.08215110 0.06514389 0.06831831 0.02261585
0.04703652 0.00129352 0.00147167 0.00028949 0.00079505 0.30111022 0.07807769 0.32224471 0.04384788 0.09008618 0.06177478 0.07027495 0.02220761
0.04581290 0.00586580 0.00188881 0.00576549 0.02256411 0.30094654 0.08035193 0.32229129 0.04131290 0.08444181 0.06823604 0.07150409 0.02972547
0.04679420 0.00411327 0.00135510 0.00517940 0.03369907 0.30278716 0.07319754 0.32038235 0.04636620 0.08065030 0.06178779 0.07247040 0.02669585
0.04953324 0.00773024 0.00087497 0.00856391 0.02726782 0.30232687 0.07198921 0.31832979 0.04268332 0.07571589 0.06137675 0.06865738 0.02146791
0.05189533 0.00126718 0.00051364 0.00165770 0.00143863 0.30442598 0.07082582 0.31675684 0.04120784 0.07307947 0.06546109 0.06913297 0.02024181
0.05329020 0.00362986 0.00049447 0.00568393 0.01922276 0.30259396 0.07070400 0.31641648 0.04044518 0.07350042 0.06077534 0.06826006 0.01954549
0.05258418 0.00351176 0.00043975 0.00413071 0.02369758 0.30480081 0.06365748 0.31813412 0.03988065 0.07260496 0.06204860 0.07062565 0.03161374
0.05067742 0.00256075 0.00138936 0.00300956 0.03138122 0.30187059 0.06690781 0.31838664 0.04537996 0.07473937 0.05086592 0.07010736 0.03593787
0.04946090 0.00104937 0.00308711 0.00022943 0.00067415 0.30328930 0.08027263 0.31767997 0.03423866 0.07630519 0.05975414 0.06881705 0.01760978
0.05071312 0.00373243 0.00102644 0.00136685 0.00596635 0.30248989 0.06527546 0.31979875 0.04747517 0.07763764 0.05490156 0.07017321 0.02038109
0.05289145 0.00609496 0.00127614 0.00509072 0.01714965 0.30282689 0.06880798 0.31934154 0.04685799 0.07859414 0.06103729 0.06991606 0.01878890
0.05379015 0.00412524 0.00089144 0.00728833 0.02484614 0.30284999 0.06576366 0.31966614 0.03958658 0.07895336 0.06011045 0.07438543 0.02144387
0.05388138 0.01305196 0.00139097 0.01291085 0.02725874 0.30267636 0.06793961 0.31783988 0.03588488 0.07731838 0.05974110 0.07203904 0.02074438
0.05403659 0.00306867 0.00102049 0.00292429 0.01953970 0.30316680 0.07082886 0.31497113 0.03961368 0.07693991 0.05429090 0.06857863 0.02110344
0.05503366 0.00334843 0.00074896 0.00380361 0.02221049 0.30281389 0.06385592 0.31512968 0.03593522 0.07521507 0.05916684 0.06727877 0.02152865
0.05514788 0.00339128 0.00061470 0.00708943 0.04269757 0.30296698 0.06735564 0.31462061 0.03850803 0.07337792 0.05045640 0.06984893 0.01774285
0.05518854 0.01169649 0.00069852 0.01096683 0.02539925 0.30323492 0.06518799 0.31559716 0.03575937 0.07198951 0.05799288 0.06902877 0.02005079
0.05375802 0.00298193 0.00086695 0.00534537 0.03299638 0.30264785 0.06211808 0.31627517 0.04089819 0.06998689 0.05804636 0.06956002 0.01979389
0.05177141 0.00600236 0.00128433 0.00637436 0.02154848 0.30315456 0.07103302 0.31742981 0.04333134 0.07520225 0.05213408 0.06806930 0.01912217
0.05105807 0.00141420 0.00142204 0.00019911 0.00073109 0.30356148 0.06370848 0.31756759 0.03826883 0.07452694 0.06590291 0.06804124 0.02071895
0.05166742 0.00090112 0.00126458 0.00021208 0.00053128 0.30395211 0.07087761 0.31743589 0.04378667 0.07395966 0.05062194 0.06684603 0.01934786
0.04935851 0.00070573 0.00136270 0.00020293 0.00048275 0.30526586 0.07404302 0.31735318 0.03583392 0.07163663 0.06449939 0.07030782 0.01876453
0.04769394 0.01084932 0.00114166 0.01127421 0.01265855 0.30483844 0.06904477 0.31704918 0.04165100 0.06376874 0.05742234 0.06928664 0.02374125
0.04771703 0.00593746 0.00081353 0.00505115 0.03803123 0.30459224 0.07225540 0.31703752 0.05024700 0.06137791 0.06136906 0.06965898 0.01975048
0.04841032 0.00397441 0.00069243 0.00343142 0.02285879 0.30232897 0.06739762 0.31627387 0.04787091 0.06118457 0.06721046 0.06964482 0.03594483
0.04754677 0.00226444 0.00044353 0.00630005 0.02562703 0.30329972 0.07356228 0.31784152 0.04117622 0.06408970 0.06238176 0.07110896 0.02156354
0.04660844 0.00207948 0.00043900 0.00176369 0.03824231 0.30365622 0.07293949 0.31782865 0.03828026 0.06770214 0.05749179 0.06964120 0.02184239
0.04611227 0.00544528 0.00042171 0.00606282 0.03940718 0.30300702 0.06776123 0.31876625 0.03589654 0.07019720 0.06169972 0.06905191 0.01875919
0.04760993 0.00260719 0.00048663 0.00119264 0.04300521 0.30328478 0.07325815 0.31862185 0.03940020 0.06978646 0.05267126 0.06599351 0.02417786
0.04798050 0.00801568 0.00047245 0.00725691 0.03901344 0.30195837 0.07157002 0.31914590 0.03706640 0.07064845 0.05684237 0.06952861 0.02340219
0.04705099 0.00434431 0.00213782 0.00606225 0.03681116 0.30129612 0.07657643 0.31806397 0.03729185 0.07379515 0.05529392 0.06987399 0.02199569
0.04546474 0.00402109 0.00093906 0.00495544 0.02972490 0.30107386 0.07176114 0.31812465 0.03219728 0.07747874 0.06304345 0.07133618 0.02332402
0.04611805 0.00147239 0.00065189 0.00160974 0.01587068 0.30052174 0.07344777 0.31680707 0.03649345 0.07726936 0.05358946 0.06751322 0.02149196
0.04538215 0.00705056 0.00046324 0.00627210 0.02740207 0.30105009 0.07636301 0.31773643 0.03844146 0.07430210 0.05245891 0.06816022 0.02074585
0.04486005 0.00143594 0.00047755 0.00097581 0.00238759 0.30136861 0.07501007 0.31721166 0.03511091 0.07693988 0.05776588 0.06746303 0.02027278
0.04197404 0.00707858 0.00151935 0.00960941 0.01378129 0.30302375 0.06894706 0.31862143 0.03545301 0.07288196 0.05722822 0.07100610 0.02090364
0.04156431 0.01276981 0.00067966 0.01447095 0.02946059 0.30142984 0.07692499 0.31863961 0.03488292 0.06992578 0.05797546 0.06896480 0.01948616
0.04101007 0.00272508 0.00124317 0.00144686 0.02342001 0.30302056 0.06604235 0.31848578 0.03943352 0.06760547 0.05978948 0.06849743 0.02161280
0.04122157 0.00538933 0.00074288 0.00660511 0.03100320 0.30092158 0.07739521 0.31865539 0.03954874 0.06886746 0.05438672 0.06922741 0.02254049
0.04086889 0.00282804 0.00075313 0.00146235 0.01878184 0.30125080 0.07720631 0.31835548 0.03649277 0.06751418 0.06424168 0.06920271 0.04568928
0.04072532 0.00730720 0.00073007 0.00316062 0.01792837 0.30180873 0.06886173 0.31810606 0.05362039 0.06852337 0.06021265 0.07209283 0.02125995
0.04022647 0.00582575 0.00079734 0.00568552 0.04131203 0.30237792 0.07105185 0.31754814 0.04056770 0.06745538 0.05773099 0.06981540 0.02014675
0.03997047 0.00319184 0.00111480 0.00306406 0.04351773 0.30269453 0.06788044 0.31578994 0.03715974 0.06845329 0.05788157 0.06933467 0.02210303
0.03941894 0.00207448 0.00048127 0.00199858 0.02115504 0.30292343 0.07394768 0.31596525 0.03305324 0.06767567 0.06857574 0.06835886 0.01997958
0.03968919 0.00334142 0.00038179 0.00471736 0.02593763 0.30356480 0.07425977 0.31709967 0.04149374 0.06779411 0.06207983 0.07005584 0.02240613
0.03856779 0.00333019 0.00041325 0.00344203 0.04141880 0.30275742 0.07008629 0.31776876 0.04646462 0.06570312 0.05231750 0.07067509 0.03969327
0.03799599 0.00218920 0.00076345 0.00217415 0.00502195 0.30427898 0.07049333 0.31954387 0.03572982 0.07683744 0.06071722 0.06980783 0.03688628
0.03667723 0.00528367 0.00089107 0.00528518 0.04942708 0.30285753 0.06828630 0.31951548 0.03234859 0.07340422 0.06767955 0.06819191 0.02037539
0.03656791 0.00112009 0.00191053 0.00050457 0.00084446 0.30372024 0.07163496 0.31913957 0.03469770 0.07297292 0.05559869 0.07139868 0.02254171
0.03678631 0.00234585 0.00168941 0.00073482 0.00316161 0.30355711 0.08541703 0.32010072 0.03900893 0.07603471 0.05172569 0.06991387 0.01944849
0.03953105 0.00217837 0.00094914 0.00134849 0.03463074 0.30280875 0.07211837 0.31857787 0.03827066 0.07378039 0.06180299 0.07023659 0.02366536
0.04124835 0.00472084 0.00067424 0.00498794 0.04012489 0.30435953 0.07570189 0.31785874 0.03659277 0.06667599 0.05721330 0.06981047 0.01954519
0.04074387 0.00194946 0.00055344 0.00432595 0.00340161 0.30331217 0.06855641 0.31553389 0.03603245 0.05647132 0.06028800 0.06899924 0.03381254
0.04007552 0.00109238 0.00307456 0.00027854 0.00091070 0.30425857 0.07124903 0.31468524 0.03694827 0.06488241 0.06052508 0.06990466 0.02012206
0.04000666 0.00139758 0.00090187 0.00046166 0.00127847 0.30283440 0.07323805 0.31503427 0.03619751 0.06289932 0.05759043 0.06994677 0.01971625
0.03930313 0.00190854 0.00067178 0.00038784 0.00372353 0.30359071 0.07043428 0.31604086 0.03446121 0.06585386 0.06252088 0.06815858 0.02238618
0.03855844 0.00095465 0.00122465 0.00030265 0.00145857 0.30190344 0.08433816 0.31589657 0.03243153 0.06607119 0.05525029 0.06732513 0.01875821
0.03518927 0.00158507 0.00073126 0.00111095 0.00137644 0.30320246 0.07059050 0.31749544 0.04173954 0.07120988 0.05971682 0.06682883 0.02080915
0.03408396 0.00286855 0.00063197 0.00078633 0.00267419 0.30249143 0.07241762 0.31782788 0.04227303 0.07319507 0.05990791 0.06868954 0.02145366
0.03269979 0.00478164 0.00065122 0.00751622 0.02635431 0.30336165 0.07201016 0.31782635 0.03450665 0.07823118 0.05431579 0.07051441 0.02104581
0.03210021 0.00087820 0.00067058 0.00102925 0.02079404 0.30200981 0.07025512 0.31713721 0.03092826 0.07949109 0.05588535 0.06986110 0.02131332
0.03088735 0.00657871 0.00063869 0.00667945 0.02874419 0.30301801 0.07316693 0.31683022 0.03736065 0.08187841 0.05276928 0.06816094 0.02089130
0.03055316 0.00782596 0.00060862 0.00996381 0.00966432 0.30209148 0.08138928 0.31850922 0.03727744 0.07898147 0.05124508 0.06869046 0.03332797
0.02953292 0.00957033 0.00106474 0.00903113 0.03486627 0.30353644 0.07654435 0.31819415 0.02671239 0.07906828 0.05665148 0.06960608 0.02681540
0.02951767 0.00303726 0.00270711 0.00558422 0.02984223 0.30282512 0.08089527 0.31986271 0.02823001 0.09536699 0.04846778 0.07104811 0.02839871
0.02904274 0.01008675 0.00132375 0.01056407 0.02349767 0.30407118 0.07335471 0.31963601 0.02805171 0.09113682 0.05522678 0.06880547 0.02425210
0.02917235 0.00281661 0.00087846 0.00352634 0.02469292 0.30077282 0.08271895 0.32011545 0.02993071 0.08333461 0.05059471 0.06794107 0.04142709
0.02891702 0.00759180 0.00061569 0.00900196 0.01168611 0.30277227 0.08233238 0.31911465 0.03279541 0.07720324 0.05414717 0.06747884 0.02223761
0.02917587 0.00682713 0.00056232 0.00974859 0.04975581 0.29861754 0.07014558 0.31876555 0.03366535 0.07018344 0.06382984 0.07222688 0.02715501
0.02867557 0.00434228 0.00055859 0.00401331 0.03183499 0.30210747 0.08056145 0.31843161 0.04382479 0.06619697 0.04979885 0.07122643 0.02390573
0.02871735 0.00858509 0.00176588 0.00892593 0.04950649 0.29910877 0.07361383 0.31639923 0.03619982 0.06165583 0.06416919 0.07092376 0.02529374
0.02844345 0.00584813 0.00075362 0.00716409 0.05041048 0.30131240 0.08163314 0.31676142 0.05201869 0.05991139 0.05701179 0.07408172 0.02234835
0.04940028 0.01452913 0.00045719 0.01597970 0.03948870 0.30043942 0.07870107 0.31890506 0.04498944 0.05757328 0.06203943 0.07176275 0.03564053
0.04874124 0.00700280 0.00035963 0.00836513 0.05778331 0.30126417 0.07271888 0.31979393 0.05336395 0.05646201 0.06606037 0.07339102 0.04315318
0.04824342 0.00815306 0.00044802 0.00692481 0.04811307 0.30105896 0.08411384 0.32030641 0.04526955 0.04949321 0.05591048 0.07226957 0.03278045
0.04677488 0.01240137 0.00059538 0.01306338 0.05746760 0.30318988 0.08016037 0.32216385 0.03897592 0.05461126 0.06245315 0.07099728 0.03702118
0.04599702 0.00561537 0.00084472 0.00320136 0.03826855 0.30136228 0.08763173 0.32029538 0.03827881 0.05830064 0.06408762 0.06989166 0.02654007
0.04443697 0.00490180 0.00069102 0.00762256 0.04498247 0.30415861 0.07803762 0.32090718 0.03980663 0.06437226 0.05744211 0.06978921 0.02343063
0.04184257 0.00191553 0.00163085 0.00413491 0.01750035 0.30319480 0.07377720 0.31862681 0.03910774 0.06490313 0.05781809 0.07255540 0.02483199
0.03821861 0.00430429 0.00127556 0.00825179 0.04670813 0.30325825 0.07429834 0.31728776 0.03846645 0.06774773 0.04505544 0.07190769 0.04063759
0.03467576 0.00259966 0.00151353 0.00334486 0.03245301 0.30364013 0.07645206 0.31784983 0.03053530 0.06976730 0.05077469 0.07214580 0.02329292
0.03207911 0.00513787 0.00171175 0.00687957 0.03876488 0.30279544 0.07971476 0.31505079 0.04615289 0.07128317 0.05146668 0.06979820 0.02310196
0.03218529 0.00540859 0.00164240 0.00294029 0.02158460 0.30577152 0.08094069 0.31616546 0.02746064 0.06740506 0.04180506 0.06992105 0.02174746
0.03267462 0.00900933 0.00147391 0.00823910 0.02460556 0.30541075 0.07279652 0.31732413 0.02374749 0.06597906 0.05118233 0.06995957 0.04520697
0.03276884 0.00238500 0.00161511 0.00329595 0.00517537 0.30576781 0.07871824 0.31750621 0.03066435 0.06356480 0.04341177 0.06935700 0.02189559
0.03338856 0.00943797 0.00086090 0.00928109 0.02526455 0.30466886 0.06801457 0.31824450 0.03883978 0.05974921 0.05452116 0.06735064 0.03131939
0.03378369 0.01154594 0.00080312 0.01077788 0.02361797 0.30462930 0.06838368 0.31792477 0.02912442 0.05345368 0.05347757 0.06925823 0.03502095
0.05418532 0.00285800 0.00102330 0.00366046 0.00357069 0.30421116 0.07450315 0.31577758 0.02677963 0.04831803 0.04909996 0.06865208 0.02165188
0.04741506 0.00531051 0.00080870 0.00426983 0.01832310 0.30602113 0.07218840 0.31692199 0.02997862 0.04554736 0.05231944 0.06877472 0.02222349
0.04538274 0.00318277 0.00110980 0.00224365 0.02551387 0.30362793 0.07530356 0.31509185 0.04078745 0.04210424 0.04831558 0.07058521 0.02199124
0.04735122 0.00327911 0.00071603 0.00266481 0.03491049 0.30633319 0.06968351 0.31489284 0.04339204 0.04398999 0.05697618 0.06941041 0.02387154
0.04852407 0.00941554 0.00040688 0.00831336 0.02759051 0.30270073 0.07464874 0.31536784 0.03989551 0.04397422 0.05992681 0.06881575 0.02333190
0.04687478 0.00263227 0.00050562 0.00512618 0.03527017 0.30455180 0.07192233 0.31504262 0.04403684 0.05013782 0.05954057 0.07088082 0.02177894
0.04472677 0.00700002 0.00062287 0.00710975 0.04741274 0.30335534 0.07431203 0.31691073 0.04018788 0.05156606 0.05474580 0.07038957 0.02326866
0.04376105 0.00281352 0.00068278 0.00145048 0.02464315 0.30351082 0.07779002 0.31732231 0.03360378 0.05764658 0.05984128 0.06922751 0.02379433
0.04364308 0.00317505 0.00065800 0.00454345 0.02738083 0.30383500 0.07975663 0.31738409 0.03594039 0.05915868 0.05025919 0.06775176 0.02168851
0.04301511 0.00143462 0.00059591 0.00036519 0.00204155 0.30312787 0.07179369 0.31756927 0.03235885 0.06381358 0.06980427 0.06718302 0.02233445
0.04159187 0.01030606 0.00281204 0.01204871 0.03813805 0.30360832 0.07488293 0.31858557 0.04913032 0.06056847 0.04891233 0.07091735 0.02118478
0.04062039 0.00666611 0.00183012 0.00816514 0.01545270 0.30378027 0.07344048 0.31657002 0.04142852 0.07346403 0.05552768 0.06959557 0.02340888
0.03957384 0.00183245 0.00151750 0.00068379 0.00150061 0.30340204 0.08567344 0.31550056 0.02416487 0.07120634 0.05342166 0.06949889 0.02042806
0.03973797 0.00118973 0.00093006 0.00028378 0.00119826 0.30491964 0.07767937 0.31415535 0.02518743 0.06974291 0.05006278 0.06861429 0.02110578
0.03948168 0.00324526 0.00090617 0.00176082 0.02508958 0.30485295 0.07707531 0.31520323 0.02416873 0.07233932 0.04739142 0.06868965 0.02329951
0.03896542 0.00256455 0.00056190 0.00185291 0.03442871 0.30494701 0.08085685 0.31658445 0.02847182 0.07050191 0.04823433 0.06878037 0.02275493
0.03936082 0.00225553 0.00038916 0.00119591 0.04592244 0.30437233 0.07590237 0.31732504 0.03082389 0.06605285 0.05568785 0.07008248 0.02438758
0.03926366 0.00311834 0.00111900 0.00564969 0.02733296 0.30598657 0.07661153 0.31829949 0.03267311 0.06117795 0.05544407 0.06731409 0.04332289
0.03901239 0.00240747 0.00145947 0.00359046 0.00531092 0.30552044 0.07915214 0.31808921 0.03429758 0.06820905 0.06062480 0.06729806 0.02057890
0.03833404 0.00192348 0.00089743 0.00081493 0.00159162 0.30655871 0.07736405 0.31733991 0.03768934 0.05939488 0.05650789 0.06728358 0.03405122
0.03756579 0.00178272 0.00058660 0.00230807 0.00227738 0.30766364 0.06915859 0.31733948 0.03776116 0.05049299 0.06562675 0.07037981 0.02218463
0.03750163 0.00266687 0.00155065 0.00083159 0.00292150 0.30577567 0.07493712 0.31497250 0.04826071 0.04417386 0.05113136 0.07548565 0.02767016
0.03850965 0.00294577 0.00112016 0.00264283 0.03818529 0.30704927 0.07236910 0.31406333 0.03708745 0.03976484 0.06454759 0.06898568 0.02128797
0.03976837 0.00169699 0.00066806 0.00066047 0.00153275 0.30578729 0.07512001 0.31402426 0.04219561 0.04238792 0.06056417 0.07018224 0.02109753
0.04010585 0.00156199 0.00047403 0.00024908 0.00076728 0.30704740 0.07726816 0.31388703 0.03998120 0.04720973 0.06342040 0.07039176 0.02388838
0.03919056 0.00768155 0.00038422 0.01084012 0.01285997 0.30552751 0.07384207 0.31626645 0.04086447 0.05404577 0.05992743 0.07002147 0.01990791
0.03980744 0.00222743 0.00035864 0.00537784 0.03188217 0.30711659 0.07974337 0.31782306 0.03743911 0.06037105 0.05656844 0.06887883 0.03467189
0.03982295 0.00149335 0.00041985 0.00341380 0.00505710 0.30546061 0.07351920 0.31842776 0.03283019 0.07054896 0.05794488 0.06674493 0.02160157
0.04089619 0.00381221 0.00053528 0.00297781 0.00800930 0.30592105 0.06955901 0.31972261 0.03646983 0.07070471 0.06479947 0.06688211 0.02728443
0.04129332 0.00143272 0.00045608 0.00036982 0.00131670 0.30465607 0.07620398 0.31844857 0.03016597 0.07498680 0.05221213 0.06702810 0.02528128
0.04027387 0.00285602 0.00090427 0.00319096 0.03172997 0.30631177 0.07349002 0.31731147 0.03037689 0.06577015 0.04985781 0.06890893 0.01967101
0.03882533 0.00622771 0.00056911 0.00491279 0.02357499 0.30585073 0.07668033 0.31629965 0.03404140 0.06499985 0.04761690 0.06893238 0.02079557
0.03820454 0.00289536 0.00128634 0.00141072 0.00228965 0.30772279 0.07543983 0.31585136 0.03816157 0.06298229 0.05087457 0.07013624 0.03008804
0.03790874 0.00868002 0.00062636 0.01083851 0.02143285 0.30577789 0.06562812 0.31519974 0.03311078 0.06107040 0.05701948 0.06912359 0.02490487
0.03776076 0.00562999 0.00056939 0.00370082 0.04081865 0.30749141 0.07405101 0.31572149 0.02966643 0.06075653 0.04458751 0.06930623 0.02926556
0.03687930 0.00846126 0.00059355 0.00751983 0.04986074 0.30539841 0.06415750 0.31605471 0.03302110 0.05869398 0.05699476 0.07025102 0.02108436
0.03665963 0.01045776 0.00210125 0.00981599 0.03187915 0.30653727 0.06727168 0.31852963 0.03879172 0.07488728 0.04661677 0.06903268 0.02988402
0.03721415 0.00477189 0.00200342 0.00488370 0.03853542 0.30489731 0.07130462 0.31749790 0.03351430 0.06760861 0.05975252 0.06773457 0.02038303
0.03864419 0.00383620 0.00072293 0.00463318 0.03468522 0.30611681 0.07528131 0.31875106 0.03664030 0.06527121 0.05592737 0.06715749 0.02051348
0.03804779 0.00135751 0.00084046 0.00157166 0.04295227 0.30514828 0.07606375 0.31859467 0.03773525 0.05850088 0.05720896 0.06920927 0.01947389
0.03703045 0.00522243 0.00107600 0.00986999 0.01800974 0.30519243 0.07428121 0.31830788 0.03947369 0.05723409 0.06141802 0.07064144 0.02475628
0.03782534 0.00822469 0.00067600 0.00567369 0.01520253 0.30440919 0.07585524 0.31706851 0.03605796 0.05776157 0.06308240 0.06994804 0.03825963
0.03826754 0.00813401 0.00056907 0.00982218 0.00962246 0.30490983 0.08269026 0.31741469 0.03627378 0.06208778 0.06060366 0.06990753 0.03797235
0.03849969 0.00382235 0.00073607 0.00672786 0.02882908 0.30511919 0.08050862 0.31782592 0.03536446 0.06507457 0.06078094 0.07011244 0.03301659
0.03797629 0.00278895 0.00047780 0.00206984 0.04649200 0.30622631 0.08234904 0.31942249 0.03996696 0.06992882 0.05806976 0.07121631 0.03079373
0.03670238 0.00342912 0.00060165 0.00370429 0.04190431 0.30604498 0.07926197 0.32088825 0.03917567 0.07096666 0.06385452 0.07070792 0.02240041
0.03595343 0.00681619 0.00122739 0.00703246 0.02962467 0.30774696 0.07338973 0.32172184 0.03776617 0.08284164 0.06235866 0.06743541 0.03137326
0.03577486 0.00248605 0.00089932 0.00592908 0.00694059 0.30936630 0.07948820 0.32173862 0.03317010 0.07987688 0.05041147 0.06809896 0.02607900
0.03575538 0.00445708 0.00126361 0.00447458 0.03205216 0.30919819 0.06734896 0.32026222 0.02239572 0.08504417 0.06007909 0.06807117 0.04162055
0.03605505 0.00303503 0.00085298 0.00399360 0.02281457 0.30981018 0.08396077 0.31976544 0.03220074 0.07840192 0.04063742 0.06914119 0.02171844
0.03620310 0.00173459 0.00081837 0.00310182 0.02099191 0.30913753 0.07101674 0.31783840 0.02548120 0.07308676 0.05474450 0.06800048 0.03553593
0.04944195 0.00923650 0.00052212 0.01194117 0.04373101 0.31050417 0.07063869 0.31822821 0.03183004 0.06565860 0.05224097 0.06980215 0.02202358
0.04980667 0.00410236 0.00046300 0.00758937 0.03063773 0.30898146 0.07336677 0.31771488 0.03353737 0.06030653 0.05091068 0.06861992 0.05365699
0.06188628 0.00339309 0.00062179 0.00450863 0.02221765 0.31227280 0.06876619 0.32005739 0.03578977 0.05631268 0.06663673 0.07141477 0.04290439
0.06239048 0.00279110 0.00043029 0.00304611 0.00414575 0.30818612 0.07678964 0.32053881 0.04005715 0.05185155 0.06818171 0.07045738 0.03262794
0.06267572 0.00232493 0.00045400 0.00226408 0.00235771 0.31245029 0.07830103 0.32231919 0.04184485 0.04821625 0.06538949 0.07011251 0.03293524
0.06136338 0.00399433 0.00046796 0.00596790 0.03457274 0.30873093 0.08216912 0.32187073 0.03991028 0.04527629 0.05724444 0.06684925 0.02777450
0.05928699 0.00611823 0.00224440 0.00682966 0.03788717 0.31011552 0.08382383 0.32268948 0.03900631 0.04393113 0.05561743 0.07405002 0.03572649
0.05790412 0.00262193 0.00135652 0.00194827 0.02050017 0.30757991 0.07731947 0.32085675 0.03716520 0.04569556 0.06996978 0.06948871 0.02524447
0.05878635 0.00176103 0.00099235 0.00394911 0.02117756 0.30977842 0.08149084 0.31991292 0.04020277 0.05126789 0.05362545 0.07267715 0.02968105
0.06007038 0.00337919 0.00266505 0.00449271 0.02999161 0.30730443 0.07447079 0.31866972 0.04149544 0.06372861 0.05840264 0.06873246 0.02358876
0.05982428 0.00246544 0.00079215 0.00234479 0.02565000 0.30987372 0.08110905 0.31783357 0.03381832 0.07200988 0.05118094 0.06967282 0.02282154
0.05900237 0.00598172 0.00070284 0.00831415 0.01692131 0.30689523 0.08117092 0.31782733 0.02815028 0.07161257 0.05584032 0.06935702 0.03610736
0.05773665 0.00283040 0.00075132 0.00293181 0.04896817 0.31026371 0.07615428 0.31916051 0.03206298 0.07552797 0.05422814 0.07128972 0.02287034
0.05828423 0.00402123 0.00063680 0.00580757 0.04818794 0.30955096 0.07813315 0.31978667 0.02851898 0.07597994 0.04158092 0.06857678 0.02272708
0.05835282 0.00522529 0.00070657 0.00611314 0.03540620 0.31028907 0.07408139 0.32123665 0.02628555 0.07037792 0.05553841 0.06753377 0.02355561
0.05859846 0.00406755 0.00051576 0.00430744 0.03594522 0.31025261 0.07242269 0.32135056 0.03630216 0.06832892 0.05462674 0.06658429 0.02305074
0.05745318 0.00255820 0.00047065 0.00530711 0.04968080 0.30934283 0.07300806 0.32116199 0.04629059 0.06966789 0.04034377 0.06678349 0.02131413
0.05581743 0.00602216 0.00116657 0.00525029 0.03823833 0.31010963 0.06779926 0.32102238 0.02475905 0.07947093 0.05647423 0.06900637 0.02295457
0.05332557 0.00474862 0.00072835 0.00429997 0.03054443 0.30805564 0.07576232 0.31834715 0.04059952 0.06464739 0.04623230 0.06805630 0.02248881
0.05197659 0.01172621 0.00125098 0.01196677 0.05611341 0.30752485 0.06853337 0.31628252 0.02239585 0.05975222 0.04473757 0.06914003 0.02362249
0.05118436 0.00605800 0.00194676 0.00549453 0.04309389 0.30741822 0.07126607 0.31504844 0.02335359 0.05974877 0.04223424 0.06915208 0.02580037
0.05179325 0.00347973 0.00126100 0.00361909 0.03127265 0.30691228 0.07149880 0.31464066 0.02433345 0.05866601 0.04546044 0.06948122 0.03045431
0.05206357 0.00237223 0.00104209 0.00540850 0.02596628 0.30784352 0.07203944 0.31561978 0.02409635 0.05724619 0.04956125 0.06810009 0.02651587
0.05259551 0.00571476 0.00061094 0.00995212 0.02333534 0.30835540 0.07661573 0.31662663 0.02782753 0.05369212 0.04566058 0.06638969 0.02320112
0.05215929 0.00669458 0.00044301 0.00612559 0.02922901 0.30855195 0.06826190 0.31696825 0.02741828 0.04381542 0.05007940 0.06536460 0.02902213
0.05174228 0.00137772 0.00056531 0.00383977 0.00536463 0.30909256 0.07194008 0.31670473 0.03108044 0.04107696 0.04829493 0.06626523 0.03705260
0.05094299 0.00793227 0.00073314 0.01016910 0.01025697 0.30846691 0.07716863 0.31721752 0.02881987 0.04396108 0.05068006 0.06634288 0.02513329
0.05075805 0.00278551 0.00043784 0.00488993 0.02368431 0.30881019 0.07364405 0.31653718 0.02703152 0.04172796 0.05314823 0.06789887 0.03365829
0.05010546 0.00269570 0.00109150 0.00487178 0.02236261 0.30899002 0.08052395 0.31527484 0.03012858 0.05414137 0.05237927 0.06739210 0.02635000
0.04981897 0.00360383 0.00056076 0.00477234 0.02848313 0.30834891 0.07821181 0.31516329 0.03374808 0.05381131 0.05094706 0.06785128 0.04271392
0.04855521 0.00722693 0.00120445 0.00783345 0.04326229 0.30971624 0.07481307 0.31582442 0.02735345 0.05550009 0.05872535 0.06859393 0.02214847
0.04766790 0.00978523 0.00122723 0.01042530 0.05129733 0.30590281 0.07382967 0.31566881 0.03289080 0.05689912 0.05061580 0.07083838 0.02591535
0.04726700 0.00415215 0.00092721 0.00440141 0.03556446 0.30867270 0.07902164 0.31705050 0.03280389 0.05587501 0.05336654 0.06988297 0.02537961
0.04749717 0.00673464 0.00348517 0.00984913 0.04639984 0.30608980 0.07203540 0.31632459 0.03123701 0.05872845 0.05876169 0.06831339 0.02290512
0.04765320 0.00733644 0.00120661 0.00579173 0.04534202 0.30616619 0.07398370 0.31766180 0.03361744 0.05585380 0.05649905 0.06704143 0.03954533
0.04729904 0.00998377 0.00047482 0.00816932 0.02917059 0.30654619 0.09837911 0.31851202 0.03021453 0.05270030 0.05527024 0.06884414 0.02575683
0.04693016 0.00156067 0.00074316 0.00411268 0.00241757 0.30772100 0.08129323 0.31670383 0.03122499 0.04855005 0.06095488 0.07001389 0.02483503
0.04617430 0.00446707 0.00053084 0.00285712 0.03928841 0.30583120 0.07928482 0.31416989 0.04377257 0.04558578 0.05050845 0.06919829 0.03423270
0.04519116 0.00833144 0.00085148 0.01051583 0.02389413 0.30645686 0.07440466 0.31408382 0.03287160 0.04592844 0.05414965 0.06849383 0.02837247
0.04503650 0.00224173 0.00144327 0.00286734 0.04537415 0.30610814 0.07388129 0.31303628 0.02492112 0.05826516 0.05568523 0.06944488 0.04997545
0.04550844 0.01133665 0.00120493 0.01439761 0.02974296 0.30531341 0.07933393 0.31388960 0.02496491 0.06689989 0.04746248 0.06999798 0.02684068
0.04609509 0.00331695 0.00101176 0.00312018 0.04977786 0.30604366 0.07600881 0.31559297 0.02768719 0.06261284 0.04880508 0.07098546 0.03500033
0.04600604 0.00808161 0.00084331 0.01107419 0.05040809 0.30582780 0.07398981 0.31770857 0.03816776 0.06941834 0.04903493 0.06962650 0.02388660
0.04535135 0.00780991 0.00108059 0.00725712 0.03545151 0.30778194 0.06924728 0.31880649 0.03296141 0.06186892 0.05109471 0.06836837 0.04286737
0.04501656 0.00706849 0.00064951 0.00686316 0.04076708 0.30554810 0.07129639 0.31842628 0.04254318 0.05243307 0.05531304 0.06799945 0.02544862
0.03875632 0.00545620 0.00044921 0.00491238 0.04305164 0.30793505 0.08419698 0.32003449 0.03405044 0.04456702 0.05624702 0.06916017 0.04445650
0.03747040 0.00439272 0.00036778 0.00563156 0.03662118 0.30548501 0.09577798 0.32045876 0.03919233 0.03644145 0.06666239 0.07341788 0.03361335
0.03574519 0.00780034 0.00090793 0.00804703 0.02615735 0.30624442 0.08002009 0.31860372 0.03796560 0.03375657 0.06485284 0.07142208 0.03303302
0.03434890 0.00466895 0.00056195 0.00593403 0.02533115 0.30597098 0.07881644 0.31844892 0.04649020 0.03380444 0.06420510 0.07114735 0.02614123
0.03394974 0.00288851 0.00187859 0.00224225 0.00317123 0.30472176 0.07012850 0.31665768 0.04213839 0.04137034 0.06665154 0.07223595 0.04129070
0.03130975 0.00257351 0.00059695 0.00440512 0.00489473 0.30513324 0.08461367 0.31734800 0.03446858 0.04514646 0.07205188 0.07155059 0.02593235
0.02998390 0.00780280 0.00050493 0.00313226 0.00702149 0.30622387 0.07936077 0.31861788 0.04379423 0.05209619 0.06050138 0.07130007 0.04819836
0.03064690 0.00375271 0.00037684 0.00301450 0.03394263 0.30315541 0.08092142 0.31969965 0.04902263 0.05767102 0.06533170 0.06890301 0.02321894
0.03115820 0.00329404 0.00137327 0.00219043 0.02559131 0.30542519 0.09427541 0.32041945 0.02935894 0.06201243 0.05519489 0.06833740 0.03300151
0.03273515 0.00345172 0.00053805 0.00420029 0.04680954 0.30262770 0.08354502 0.32030377 0.02588409 0.06497857 0.05421151 0.06843703 0.02314809
0.03319278 0.00544676 0.00040790 0.00769755 0.02634450 0.30510914 0.08252820 0.31985811 0.03566119 0.06791460 0.04926398 0.06918066 0.02402806
0.03397708 0.00360250 0.00089202 0.00386417 0.02460482 0.30588812 0.07477265 0.31964666 0.03051659 0.06869477 0.05798671 0.07063392 0.02588137
0.03587840 0.00377270 0.00064740 0.00414437 0.02819349 0.30377281 0.07662054 0.31786282 0.02742976 0.07027969 0.05191318 0.06905226 0.03577970
0.03533243 0.00310581 0.00167151 0.00118524 0.02086894 0.30368996 0.08198619 0.31752666 0.02614958 0.07963966 0.05649969 0.07022744 0.02697593
0.03445259 0.01071150 0.00104947 0.01081119 0.04826640 0.30301184 0.08910780 0.31843282 0.02707273 0.07278430 0.05538601 0.07006249 0.02277811
0.03400189 0.00393935 0.00076692 0.00369665 0.02676127 0.30440101 0.08530374 0.31895034 0.04032759 0.06438207 0.05668107 0.07212309 0.02405883
0.03291037 0.00288967 0.00067196 0.00381883 0.03023442 0.30411076 0.09108746 0.32002515 0.03436634 0.05628445 0.06287608 0.07147830 0.02276414
0.03067082 0.00608087 0.00094892 0.00832439 0.05068925 0.30407385 0.07367205 0.32098736 0.03630198 0.05445232 0.06286036 0.07737769 0.02590711
0.03021746 0.00511269 0.00103125 0.00223527 0.03255642 0.30601646 0.08141802 0.31997878 0.04303133 0.04808428 0.05899117 0.06768421 0.02697440
0.02949160 0.01176007 0.00063845 0.00988892 0.03199042 0.30400408 0.07340542 0.31963778 0.04667006 0.04183612 0.06590788 0.07157912 0.02751804
0.02639880 0.00304728 0.00207364 0.00562484 0.02965448 0.30753960 0.08602901 0.31940874 0.03837015 0.05675116 0.06866309 0.07294144 0.02240562
0.02851477 0.00171812 0.00152331 0.00198220 0.02472202 0.30414959 0.08510247 0.31859297 0.04286395 0.05100932 0.06871933 0.07468440 0.02431804
0.03100031 0.00206939 0.00098802 0.00302529 0.02280556 0.30778467 0.08589643 0.31713935 0.04078004 0.04738575 0.06314983 0.07067738 0.02236980
0.03347671 0.00123948 0.00125982 0.00022132 0.00067495 0.30585236 0.08602154 0.31559524 0.03985511 0.04769070 0.06168648 0.06916759 0.02227347
0.03440503 0.00170378 0.00155240 0.00029788 0.00103836 0.30727985 0.07870495 0.31721937 0.04343402 0.05269580 0.06258485 0.07185326 0.02343218
0.03426598 0.00663616 0.00107955 0.00694920 0.02958908 0.30621678 0.08532457 0.31769157 0.03516756 0.04712424 0.05827648 0.07107536 0.02337112
0.03448643 0.00303023 0.00055658 0.00132750 0.02441697 0.30728240 0.08515321 0.31828186 0.03014009 0.05330703 0.06432910 0.06917369 0.02592978
0.03461709 0.00302015 0.00042072 0.00459711 0.04405138 0.30551188 0.08445747 0.31988007 0.03221937 0.05843020 0.05309212 0.06832072 0.02433931
0.04887425 0.00350038 0.00063731 0.00406186 0.03507682 0.30688871 0.07946905 0.31976139 0.02672867 0.06828088 0.05711769 0.06649808 0.02420096
0.04854683 0.01231344 0.00060339 0.01268020 0.03492832 0.30671660 0.08159423 0.32060896 0.02918762 0.07064434 0.04739152 0.06946298 0.02442321
0.04852353 0.00361721 0.00090256 0.00434917 0.03660005 0.30610802 0.08872465 0.32105883 0.02719471 0.07137380 0.05611107 0.07176583 0.02556115
0.04860052 0.00326638 0.00092424 0.00152955 0.03618936 0.30596444 0.08619483 0.31981692 0.03508433 0.05993745 0.06179360 0.07370361 0.03266652
0.04869275 0.00591628 0.00065670 0.00542462 0.03090071 0.30567264 0.09198169 0.31847155 0.03622186 0.05732161 0.05332954 0.07010407 0.02600575
0.04256668 0.01050995 0.00126991 0.01322108 0.03863440 0.30607825 0.08572379 0.31871157 0.02359956 0.05464496 0.06195291 0.07300807 0.02695878
0.04486964 0.00885045 0.00053090 0.00988420 0.05329952 0.30581114 0.09340526 0.32025335 0.04078493 0.04932339 0.05588889 0.07466939 0.02921878
0.04506699 0.00318975 0.00144268 0.00530403 0.03489424 0.30498014 0.08720185 0.32078336 0.03864877 0.05676513 0.06898780 0.07373244 0.02686981
0.04357077 0.00185363 0.00057688 0.00128567 0.01757852 0.30587871 0.09437443 0.32137391 0.03588740 0.05520191 0.06439363 0.07012374 0.02776287
0.04326636 0.00907950 0.00145520 0.01217011 0.03969755 0.30360940 0.09350962 0.32165456 0.03470261 0.06909550 0.06399400 0.07029956 0.02472636
0.04483418 0.00370910 0.00103675 0.00654967 0.03830295 0.30476047 0.08113788 0.32234186 0.03783106 0.07494420 0.06907145 0.07113440 0.02469217
0.04669760 0.00222786 0.00078768 0.00146951 0.01900427 0.30348912 0.08760927 0.32157842 0.04073044 0.06713194 0.05742115 0.07258600 0.02523867
0.04775613 0.00497368 0.00105364 0.00351787 0.02679223 0.30398141 0.08278328 0.32030812 0.03816436 0.07012104 0.05905707 0.07094820 0.02362190
0.04713506 0.00374032 0.00079097 0.00228944 0.02073532 0.30391744 0.08034989 0.31943005 0.03743327 0.06404973 0.06308817 0.07019459 0.02399504
0.04649401 0.00330619 0.00069041 0.00282265 0.03939372 0.30201445 0.08426770 0.31958641 0.04095288 0.05805746 0.06164145 0.07044472 0.02694925
0.04687759 0.00500498 0.00055315 0.00511544 0.04933639 0.30269922 0.08078958 0.31920644 0.04206484 0.05466377 0.06514818 0.07236148 0.02306359
0.04670645 0.00370501 0.00050304 0.00520368 0.03549201 0.30510439 0.08171068 0.31987139 0.03652931 0.05248923 0.06332695 0.07300045 0.02542851
0.04626973 0.00495671 0.00050248 0.00765180 0.03897369 0.30358378 0.08041835 0.32016368 0.04260724 0.05388319 0.05831648 0.07027134 0.03384901
0.04552744 0.00235492 0.00146789 0.00191679 0.00187065 0.30513604 0.07857062 0.32038346 0.04514903 0.05920902 0.06503642 0.06929286 0.02478960
0.04428552 0.00146053 0.00049009 0.00188668 0.00242693 0.30359315 0.07812658 0.32036074 0.04147225 0.06250314 0.06775366 0.06859525 0.03550526
0.04300676 0.00789353 0.00052450 0.00563829 0.01409329 0.30510028 0.07990317 0.32095439 0.04655737 0.06454474 0.06163608 0.07155833 0.02336510
0.04107384 0.00406224 0.00063355 0.00630984 0.02857873 0.30506238 0.07551298 0.32104950 0.04006894 0.06672333 0.06766552 0.07229680 0.02755743
0.05260997 0.00127954 0.00197189 0.00189201 0.03304166 0.30466874 0.08667977 0.31862101 0.03397152 0.06938013 0.05463178 0.07092760 0.02259431
0.05019906 0.00562231 0.00083372 0.00812930 0.04403464 0.30551215 0.08303045 0.31836071 0.03582261 0.06851612 0.05653807 0.06950312 0.02238924
0.04945430 0.00327841 0.00085511 0.00968475 0.03838744 0.30443942 0.08018161 0.31965480 0.03837815 0.07321599 0.05782129 0.07137105 0.04433600
0.04689009 0.00805981 0.00203049 0.01199638 0.02925778 0.30475920 0.08981694 0.31991959 0.03375074 0.07335106 0.05977210 0.07340790 0.02509405
0.04324825 0.00883617 0.00145511 0.01091358 0.04831446 0.30242651 0.08236527 0.32038564 0.03612622 0.07449003 0.06219823 0.07323823 0.02626107
0.04305219 0.00543128 0.00140058 0.00277121 0.03619148 0.30381059 0.08505211 0.32140524 0.04276820 0.07302186 0.06010488 0.07090708 0.03027968
0.04421885 0.00189594 0.00252948 0.00232992 0.00323157 0.30280162 0.08970436 0.32051712 0.03781570 0.07045456 0.06584169 0.06958374 0.03448902
0.04456279 0.00127243 0.00165801 0.00239719 0.03725123 0.30377814 0.09054243 0.32157484 0.04166961 0.06480691 0.05938615 0.07248810 0.02763969
0.04499092 0.00370829 0.00126741 0.00442498 0.01830777 0.30327737 0.09298043 0.32089681 0.04493294 0.05901878 0.06391936 0.07197728 0.02842538
0.04573216 0.00767241 0.00109828 0.00662858 0.01395641 0.30327349 0.08175978 0.31799437 0.03157893 0.05287974 0.06509606 0.07258553 0.03369160
0.05907621 0.00131703 0.00078553 0.00024222 0.00185183 0.30530835 0.08538978 0.31713514 0.03526871 0.05021329 0.07311449 0.07070867 0.02498296
0.05937354 0.00677572 0.00080423 0.00733915 0.04058002 0.30402051 0.08371736 0.31603650 0.03708264 0.04649253 0.05795212 0.07010555 0.02455045
0.05887193 0.00784966 0.00102697 0.00561987 0.02512819 0.30560109 0.08063470 0.31572352 0.04300462 0.04683165 0.05886962 0.07233687 0.02565391
0.05834947 0.01072045 0.00287438 0.00890419 0.05160010 0.30501678 0.08489764 0.31689947 0.03334847 0.06348496 0.04931925 0.07345817 0.02561152
0.05644087 0.00911577 0.00090723 0.01192938 0.06000242 0.30276654 0.08048474 0.31669005 0.05029753 0.04972669 0.05386154 0.07161344 0.02323663
0.05440864 0.00331331 0.00095477 0.00378861 0.03286129 0.30466099 0.07945429 0.31644882 0.03197177 0.05090144 0.05897713 0.06752524 0.02418509
0.05465118 0.00370307 0.00145121 0.00470296 0.03196441 0.30397710 0.07845058 0.31628465 0.03298197 0.05331603 0.04623092 0.06750482 0.02279058
0.05484507 0.00348781 0.00107562 0.00228355 0.02538668 0.30629364 0.07145353 0.31608216 0.03811167 0.05418149 0.05857291 0.06963277 0.02345787
0.05465896 0.00624883 0.00078307 0.00569689 0.03115995 0.30314066 0.07591313 0.31515516 0.03466582 0.05560433 0.04742335 0.06843028 0.02135662
0.05456556 0.00122448 0.00081536 0.00044470 0.00051695 0.30669683 0.07657728 0.31423102 0.02825213 0.05858477 0.05479229 0.06877777 0.02269579
0.05374523 0.00105695 0.00066736 0.00031008 0.00055470 0.30231151 0.09264568 0.31315158 0.02626588 0.06160598 0.05171206 0.06827587 0.02085610
0.05405531 0.00125338 0.00059893 0.00022044 0.00077791 0.30533406 0.08195494 0.31359859 0.03104461 0.06455890 0.04889606 0.06914664 0.02194142
0.05427307 0.00210373 0.00045385 0.00036089 0.00129419 0.30200664 0.07473722 0.31386945 0.03649287 0.06496840 0.06187184 0.07045582 0.02289463
0.05379983 0.00174008 0.00069647 0.00128314 0.00089112 0.30356393 0.09306095 0.31570348 0.04351435 0.06473159 0.05272426 0.07126881 0.02237413
0.05316015 0.00131023 0.00048491 0.00023286 0.00104314 0.30244537 0.07656838 0.31630687 0.03209924 0.06128657 0.06145464 0.06902970 0.02372944
0.05191589 0.00306190 0.00059019 0.00038364 0.00156647 0.30282783 0.08082086 0.31725808 0.04142274 0.05714866 0.05823524 0.06929457 0.02246141
0.05117178 0.00202520 0.00067178 0.00045240 0.00159624 0.30343882 0.07867866 0.31750506 0.03672931 0.05181833 0.06058516 0.06842638 0.02400313
0.05132865 0.00128069 0.00077277 0.00043268 0.04090943 0.30234050 0.07484454 0.31755860 0.03710835 0.04842103 0.06238588 0.07109610 0.02402774
0.04924682 0.00685845 0.00029254 0.00938381 0.04199098 0.30240260 0.09818737 0.31735219 0.03528415 0.04422340 0.05361175 0.07314188 0.02236685
0.05042675 0.00918034 0.00054427 0.01037449 0.04296949 0.30290116 0.07782149 0.31605025 0.03443743 0.04278821 0.05812763 0.06902226 0.02435071
0.05303778 0.00598822 0.00028882 0.00857188 0.04890959 0.30475066 0.07860859 0.31691375 0.04629628 0.04437416 0.05768058 0.07082071 0.03986859
0.05171338 0.00549364 0.00025216 0.00596152 0.03305124 0.30119747 0.08451330 0.31674900 0.04556643 0.04821194 0.06041877 0.07186462 0.02550316
0.04960718 0.00298041 0.00046964 0.00499431 0.02621389 0.30192158 0.07688788 0.31734854 0.04028072 0.05986010 0.07432450 0.07374405 0.03614644
0.04975936 0.00868379 0.00154336 0.01120522 0.02271194 0.30005495 0.08802718 0.31684191 0.04448886 0.06931810 0.05208653 0.07044067 0.02153762
0.05074923 0.00520753 0.00077468 0.00744571 0.03403761 0.30250643 0.07451868 0.31786147 0.04150866 0.06735357 0.06131486 0.07002623 0.03112265
0.05039314 0.00240963 0.00050726 0.00174290 0.02243753 0.30007793 0.07703327 0.31681972 0.03187588 0.06497868 0.06148379 0.06736808 0.02322280
0.04936645 0.01172079 0.00037486 0.01020167 0.04138223 0.30215636 0.08455038 0.31928619 0.03523980 0.06294587 0.04848882 0.07142090 0.03453601
0.04968628 0.00324132 0.00058206 0.00561547 0.04617996 0.30005719 0.08267769 0.31774103 0.02578455 0.06219370 0.06377548 0.07079276 0.02702207
0.04986925 0.00390388 0.00052930 0.00559071 0.03640990 0.30128155 0.09260155 0.31707535 0.03541505 0.05863868 0.04827466 0.07121970 0.04105147
0.04933038 0.00412329 0.00045529 0.00302814 0.04549902 0.30076489 0.07917805 0.31669541 0.03255087 0.05909594 0.06341028 0.07074682 0.02679144
0.04869900 0.00893566 0.00037804 0.01265930 0.03905793 0.30087693 0.08247456 0.31630930 0.03448702 0.05915141 0.05999534 0.07089641 0.02618380
0.04819087 0.00272557 0.00114921 0.00419367 0.03440995 0.30186148 0.08619398 0.31682764 0.03728861 0.06196918 0.05788683 0.07215009 0.02469376
0.04841860 0.00332448 0.00067728 0.00098183 0.00394535 0.30187112 0.07714785 0.31730852 0.04065406 0.06116929 0.06980588 0.07082640 0.02434812
0.04793995 0.00187313 0.00060973 0.00022961 0.00083508 0.30197507 0.09271475 0.31728171 0.05067651 0.05711919 0.05540476 0.06979858 0.02250545
0.04745458 0.00081924 0.00132633 0.00031903 0.00062257 0.30219885 0.08038696 0.31682501 0.03445768 0.05085049 0.06516463 0.06837786 0.02367616
0.04835872 0.00078875 0.00134329 0.00023872 0.00057660 0.30362819 0.08499470 0.31747133 0.03280762 0.04990696 0.05923393 0.06885606 0.02368600
0.04934204 0.00107391 0.00051012 0.00022233 0.00073068 0.30177635 0.08677880 0.31613560 0.03599100 0.05044017 0.05330770 0.06957515 0.02304904
0.04990824 0.00111342 0.00041564 0.00023717 0.00078214 0.30452004 0.07653137 0.31679641 0.03591847 0.05370529 0.06544064 0.07083189 0.02427811
0.04904991 0.00602811 0.00050772 0.00411783 0.02384171 0.30261624 0.08800777 0.31426194 0.03221794 0.05722623 0.04868805 0.06686560 0.02278823
0.04835815 0.01049586 0.00321573 0.01459476 0.01995743 0.30501208 0.07444006 0.31418235 0.03167937 0.06370526 0.05491147 0.06936370 0.02250181
0.04848153 0.00409703 0.00186117 0.00667485 0.03735504 0.30343302 0.07749559 0.31474379 0.03127373 0.06666092 0.05491379 0.06812506 0.02550621
0.04859727 0.00471224 0.00371614 0.00181328 0.00139792 0.30322454 0.07805224 0.31441672 0.04882693 0.06507195 0.05333902 0.07713876 0.04292181
0.04940536 0.00254304 0.00136513 0.00448969 0.00446015 0.30304574 0.06599625 0.31481412 0.03221742 0.07090112 0.06108769 0.06866860 0.03316669
0.04982910 0.00809544 0.00073449 0.00657588 0.01430909 0.29938514 0.08504735 0.31514622 0.03355194 0.06849795 0.04328711 0.06902921 0.02444480
0.05039467 0.00369177 0.00065627 0.00626053 0.02893367 0.30084719 0.06986229 0.31528095 0.02842053 0.06444626 0.07238954 0.06639269 0.03502249
0.04911936 0.00184929 0.00117903 0.00172111 0.03054704 0.29991206 0.07481274 0.31612160 0.04027409 0.06381532 0.05346172 0.07080998 0.04597109
0.04908493 0.00539517 0.00064396 0.00590133 0.03510508 0.29934288 0.07946349 0.31567244 0.05081689 0.05911895 0.05741320 0.07084618 0.02307082
0.04862851 0.00881237 0.00049062 0.00833943 0.03265087 0.29970365 0.06831419 0.31486039 0.03809135 0.05816657 0.07032345 0.07152227 0.03905224
0.04862667 0.00574096 0.00072865 0.00785697 0.03414185 0.30070883 0.08183660 0.31466817 0.03614811 0.05818722 0.05621881 0.06754603 0.02261135
0.04749881 0.00408894 0.00063233 0.00179008 0.00419776 0.30140959 0.07024618 0.31564361 0.05222338 0.06048336 0.06616566 0.06993698 0.03723211
0.04726792 0.00622168 0.00049361 0.00865897 0.02372085 0.30029554 0.08229288 0.31598758 0.04465553 0.05782656 0.06317917 0.07170272 0.02316728
0.04615561 0.00247131 0.00074270 0.00179162 0.02747182 0.30336779 0.08320932 0.31751131 0.04041901 0.05666472 0.05828804 0.07144756 0.03028379
0.04577980 0.00458827 0.00124240 0.00266841 0.02705243 0.30165426 0.08034291 0.31782745 0.04412437 0.05749305 0.06408392 0.07295786 0.02323281
0.06091676 0.00735721 0.00146292 0.00652436 0.04704007 0.30054268 0.08321684 0.31849859 0.04883062 0.05840673 0.05412029 0.07030202 0.02428053
0.06508176 0.00975131 0.00106581 0.01154374 0.03797143 0.29831042 0.08236457 0.31874070 0.04467492 0.05556927 0.06664151 0.07086065 0.02523470
0.06840791 0.00224338 0.00178777 0.00312211 0.02145090 0.29835773 0.09094665 0.31736102 0.04180204 0.05894013 0.07136890 0.07345855 0.02257739
0.06992309 0.00346854 0.00142498 0.00201404 0.02155329 0.29930972 0.07950816 0.31709117 0.04267186 0.06322225 0.06600992 0.07233855 0.02488704
0.07052018 0.00480350 0.00277560 0.00393002 0.02525608 0.29811315 0.07441153 0.31472208 0.04138975 0.06830036 0.06391455 0.07056556 0.02443632
0.07245333 0.00226507 0.00082271 0.00050528 0.01335477 0.30082874 0.08310320 0.31438425 0.03970236 0.07185067 0.05017764 0.07186232 0.02731325
0.07379873 0.00519001 0.00059008 0.00547145 0.03852394 0.29820218 0.07686344 0.31382823 0.03238692 0.07168347 0.06208925 0.06845236 0.02146829
0.07192743 0.00372557 0.00395175 0.00259307 0.01952052 0.30085135 0.08518688 0.31401603 0.03271422 0.07421941 0.04582393 0.07059149 0.02322577
0.06714178 0.00301876 0.00153276 0.00760046 0.02898981 0.29854322 0.08491319 0.31517824 0.02668942 0.07271773 0.05244206 0.07158852 0.02470718
0.06344052 0.00530754 0.00159956 0.00499294 0.03390130 0.29987376 0.06965439 0.31596628 0.02965115 0.07206369 0.05566293 0.06996266 0.03543661
0.06097421 0.00396827 0.00143030 0.00058357 0.04395087 0.29951304 0.07872167 0.31368296 0.03822913 0.06834663 0.04208773 0.06722092 0.02143774
0.06360343 0.00407394 0.00167560 0.00203979 0.02202509 0.29890547 0.06861379 0.31556088 0.04092852 0.06541286 0.05945525 0.07102579 0.02464517
0.06586099 0.00292703 0.00100177 0.00541542 0.02730824 0.30004800 0.07875533 0.31434780 0.03503274 0.06107303 0.05674621 0.06977736 0.02133285
0.06561363 0.00139342 0.00087427 0.00257399 0.02079244 0.29897494 0.08209204 0.31404703 0.03789859 0.05788130 0.05794356 0.07047915 0.02184950
0.06237919 0.00213145 0.00101344 0.00281157 0.02031656 0.29989605 0.07198308 0.31403943 0.04305644 0.05548416 0.06765871 0.06892581 0.02197112
0.06087568 0.00373541 0.00110578 0.00357555 0.04575261 0.29898665 0.08203958 0.31340549 0.04583520 0.05404526 0.05608824 0.07096056 0.02380996
0.05254600 0.00294088 0.00121832 0.00182981 0.02064595 0.29911263 0.07509872 0.31434564 0.04081098 0.04926020 0.07372789 0.07042248 0.02518141
0.05238683 0.00123605 0.00136479 0.00050562 0.00137400 0.29929006 0.07971346 0.31467965 0.04609490 0.04916968 0.06184975 0.07292055 0.02250924
0.05210060 0.00151949 0.00078347 0.00068457 0.00153402 0.29862773 0.07692439 0.31356411 0.04452461 0.04814618 0.06272530 0.06952135 0.02117395
0.05107487 0.00215772 0.00071011 0.00064705 0.00398139 0.30103363 0.07089212 0.31406205 0.04248104 0.05005034 0.06460191 0.06876264 0.02107406
0.04984406 0.00082530 0.00068077 0.00029605 0.00072140 0.29900874 0.08132983 0.31285760 0.03755830 0.05189785 0.05486795 0.06767469 0.02192337
0.04803231 0.00070146 0.00074554 0.00039071 0.00095004 0.30027341 0.07192578 0.31284046 0.03125413 0.05683788 0.06687466 0.07070784 0.02121067
0.04736006 0.00774069 0.00071187 0.00896522 0.00761057 0.29964050 0.07601971 0.31200596 0.03668538 0.06136511 0.04662121 0.07019220 0.02145776
0.04727653 0.00134983 0.00099827 0.00188806 0.03517335 0.30209702 0.06965024 0.31231506 0.02759992 0.06665247 0.05289210 0.06935312 0.01977611
0.04723432 0.00545802 0.00069709 0.00471572 0.03538001 0.30300526 0.06624607 0.31149489 0.02937075 0.07089549 0.04698758 0.06510695 0.02062405
0.04726458 0.00366702 0.00124279 0.00274007 0.04048238 0.29989965 0.07159480 0.31194417 0.02870137 0.07726422 0.04909115 0.06680000 0.02240596
0.04644318 0.00416038 0.00070259 0.00551579 0.04105588 0.30069612 0.06845839 0.31256489 0.02681557 0.08069638 0.05195073 0.06922151 0.02030731
0.04888522 0.00772913 0.00075697 0.00997597 0.03854502 0.29896423 0.06917577 0.31252487 0.02950858 0.07691768 0.04717456 0.06860890 0.01950848
0.04318735 0.00930062 0.00055220 0.01048027 0.06920467 0.30080098 0.07654507 0.31497286 0.03154968 0.06241212 0.04762103 0.06840521 0.02174345
0.04331426 0.00636833 0.00042748 0.00949971 0.05391610 0.29984818 0.06890448 0.31441548 0.03745989 0.05482262 0.05458182 0.06933738 0.02489372
0.04387597 0.01096576 0.00035218 0.01262552 0.05576413 0.29922384 0.06722601 0.31486450 0.04012897 0.04884780 0.06333945 0.07042249 0.02327920
0.04348940 0.00742173 0.00031645 0.00709397 0.05214240 0.29964296 0.06669546 0.31502907 0.04154361 0.04441119 0.06447341 0.07245707 0.02609505
0.04400063 0.00836269 0.00205745 0.00709018 0.04724331 0.30054867 0.07924355 0.31352124 0.04487449 0.04456008 0.06073254 0.07156732 0.02337654
0.04430698 0.00960834 0.00065245 0.00992670 0.03074008 0.29988165 0.07382115 0.31373454 0.05244739 0.04538058 0.06294240 0.07311667 0.02344050
0.04676252 0.00435020 0.00144345 0.00564788 0.03263783 0.30037739 0.06342339 0.31308608 0.05084159 0.06038359 0.07061448 0.06926764 0.01910442
0.04729736 0.00587764 0.00085056 0.00541044 0.02922665 0.29993302 0.06473006 0.31314394 0.04083995 0.06282345 0.06707150 0.06876761 0.03313584
0.04684898 0.00346375 0.00078247 0.00364831 0.02526095 0.30074736 0.06152328 0.31381752 0.04379190 0.06048613 0.06014144 0.07166991 0.04978438
0.04817637 0.00245144 0.00072239 0.00497504 0.00751765 0.30130730 0.07270392 0.31417480 0.04762988 0.06307191 0.04999121 0.07031385 0.03317296
0.05046953 0.00169958 0.00093747 0.00220644 0.03676242 0.29945909 0.06753624 0.31335220 0.03318538 0.06653861 0.06181005 0.07277214 0.02152583
0.04943016 0.00917974 0.00135153 0.00922585 0.02857530 0.29889218 0.06419794 0.31244827 0.03403353 0.07243451 0.05405233 0.06712934 0.02304075
0.04795436 0.00546900 0.00086237 0.00573890 0.04049469 0.29810074 0.07131251 0.31302539 0.03237598 0.07821828 0.05100285 0.07098769 0.02423154
0.04832590 0.00291434 0.00071859 0.00482296 0.02831657 0.29876979 0.06888473 0.31252140 0.03182149 0.08277346 0.04998690 0.06942231 0.01819874
0.04862484 0.00190608 0.00076504 0.00114307 0.01839660 0.29951856 0.06651174 0.31229066 0.03289939 0.08577343 0.04744449 0.06953442 0.02528696
0.04742447 0.00484249 0.00098326 0.00478705 0.02857278 0.29909010 0.06790305 0.31093583 0.02581508 0.08821498 0.04726362 0.06425198 0.01737367
0.04655676 0.00402000 0.00086642 0.00125434 0.01938834 0.29949368 0.07055456 0.31268417 0.03810365 0.08721616 0.04473211 0.06798967 0.02472931
0.04616092 0.00180157 0.00092310 0.00033258 0.00095631 0.29761560 0.06905204 0.31176144 0.03275807 0.08322803 0.05815338 0.06761443 0.02147065
0.04628621 0.00188617 0.00059198 0.00039552 0.00114346 0.29841940 0.06983567 0.31325962 0.03654218 0.07652819 0.05668579 0.06955533 0.02144914
0.04543912 0.00284894 0.00046398 0.00287257 0.03735115 0.29855967 0.07310715 0.31277697 0.03633139 0.06805230 0.05894490 0.06775448 0.02272154
0.04372705 0.00491141 0.00040341 0.00800890 0.02482928 0.29846558 0.06894042 0.31304571 0.05178293 0.05815495 0.06357460 0.06789825 0.03186749
0.04108376 0.01511339 0.00048307 0.01505356 0.03013946 0.29944418 0.07390733 0.31219201 0.04062672 0.04559462 0.05054545 0.06964271 0.02568665
0.04044365 0.00536742 0.00087617 0.00886375 0.03743304 0.30028800 0.07156392 0.31113329 0.03632829 0.04249978 0.05779949 0.07164981 0.03118058
0.03973487 0.01390298 0.00059372 0.01308197 0.04296783 0.29890405 0.07532421 0.31131465 0.03160290 0.03911203 0.05338270 0.07248451 0.03354331
0.03893417 0.00462575 0.00321969 0.00797882 0.02881282 0.30139683 0.07494730 0.30937212 0.03480374 0.05585076 0.05369032 0.06985119 0.03624309
0.03917013 0.01002251 0.00102232 0.00888846 0.02268793 0.29910131 0.06779226 0.30869331 0.02807249 0.05230860 0.05944733 0.06639082 0.03407438
0.03970366 0.00581242 0.00060984 0.00726505 0.04055955 0.30110902 0.06958665 0.30884899 0.03290387 0.05290089 0.04157165 0.06808437 0.03113434
0.03971560 0.00246945 0.00052208 0.00200515 0.02433376 0.30100694 0.08238664 0.30989192 0.02304062 0.05128988 0.05227410 0.06859564 0.02361025
0.03931773 0.00365922 0.00038262 0.00486760 0.00594777 0.30067886 0.06858926 0.31041856 0.03267455 0.05152333 0.05025666 0.06791960 0.03814081
0.03883070 0.00276202 0.00061376 0.00129682 0.00297787 0.30056736 0.06945517 0.30860905 0.04607548 0.05369084 0.04198298 0.06564081 0.02122085
0.03830535 0.00103168 0.00057650 0.00069991 0.00144845 0.29930961 0.06919092 0.30894242 0.02282155 0.05490221 0.05441726 0.06559456 0.02294211
0.03792542 0.00092090 0.00066857 0.00028172 0.00104419 0.30092565 0.06787568 0.30843685 0.02928297 0.05819125 0.04446709 0.06650812 0.01867980
0.03708959 0.00100096 0.00115684 0.00018804 0.00080634 0.30065874 0.06696563 0.30755502 0.02861926 0.07160979 0.04794299 0.06847980 0.01781317
0.03640144 0.00172042 0.00086100 0.00019145 0.00082668 0.30066503 0.06288263 0.30722902 0.03243800 0.06648842 0.05046190 0.06747927 0.02038049
0.03612087 0.00150285 0.00064149 0.00021704 0.00098008 0.30190039 0.06547130 0.30659004 0.03064618 0.06075551 0.04685523 0.06505462 0.01832896
0.03564098 0.00054229 0.00048782 0.00038731 0.00337259 0.30117390 0.06313854 0.30611920 0.02680407 0.05497934 0.05314495 0.06540037 0.01746820
0.03526105 0.00262843 0.00043966 0.00017215 0.00236820 0.30156578 0.06298267 0.30740151 0.03575432 0.04984770 0.04219837 0.06575281 0.01752792
0.03460418 0.00170734 0.00110317 0.00026368 0.00188780 0.30190358 0.06438768 0.30788657 0.03008489 0.04565790 0.04897516 0.06893000 0.01703097
0.03370115 0.00615546 0.00045731 0.00791920 0.01601515 0.30115791 0.06201901 0.30842238 0.02418851 0.04310817 0.04836145 0.06595820 0.01798864
0.03565175 0.00405032 0.00386288 0.00465854 0.03749276 0.30126807 0.06443430 0.30889334 0.02920949 0.04366576 0.04718017 0.07055399 0.01867838
0.03525336 0.00396935 0.00079186 0.00340822 0.04132682 0.30063609 0.06382599 0.30821900 0.03452595 0.04378003 0.05377297 0.06591288 0.01990985
0.03617033 0.00275384 0.00051325 0.00521220 0.03883352 0.30091482 0.06215685 0.30876203 0.03468305 0.04710398 0.04809905 0.06867446 0.02047609
0.03535533 0.00531643 0.00052538 0.00416275 0.03213867 0.30257548 0.06856519 0.30810949 0.02713337 0.04553468 0.04815346 0.06883175 0.01886338
0.03582723 0.00063007 0.00050163 0.00037684 0.00074792 0.30193294 0.07246801 0.30680551 0.02719324 0.04702821 0.05055845 0.06620167 0.01872009
0.03638891 0.00189251 0.00042492 0.00082090 0.00178907 0.30173552 0.07315101 0.30697766 0.03114128 0.04581771 0.04351536 0.06391848 0.01871520
0.04500010 0.00633459 0.00125660 0.00900524 0.02398006 0.30283657 0.06670859 0.30815167 0.02894678 0.04456498 0.04994335 0.06627778 0.01975519
0.04723641 0.00193996 0.00032074 0.00039804 0.00225264 0.30098681 0.06376194 0.30853825 0.02778965 0.04463785 0.05911708 0.06749262 0.02245969
0.04705608 0.01290834 0.00028516 0.01418115 0.02155648 0.30081374 0.06859508 0.31047638 0.02945082 0.04741523 0.04692591 0.06828696 0.02249023
0.04288228 0.00738199 0.00031613 0.00467879 0.01701821 0.29943177 0.06423304 0.30893378 0.02949460 0.05059137 0.05044549 0.06498242 0.02231251
0.05822230 0.00149122 0.00126889 0.00026751 0.00087223 0.30177052 0.07865675 0.30932106 0.02884555 0.05483822 0.04442047 0.06542400 0.01951368
0.05968729 0.00155258 0.00099477 0.00158401 0.00050703 0.29990472 0.08130850 0.30857923 0.02545341 0.05728075 0.05167172 0.06738983 0.01768452
0.05856421 0.00178011 0.00076401 0.00059013 0.00154765 0.30007935 0.07029615 0.30713110 0.03562520 0.05911262 0.04370388 0.06933721 0.01975970
0.05484330 0.01070962 0.00098634 0.01000017 0.04014601 0.29756892 0.06778977 0.30686093 0.02708531 0.05752421 0.04429192 0.06915269 0.01940961
0.05026013 0.00319044 0.00117864 0.00271190 0.02955048 0.29927635 0.06023315 0.30655398 0.02127646 0.05540496 0.05226575 0.06744331 0.02283990
0.04711542 0.00287068 0.00148418 0.00388584 0.02475167 0.29650646 0.07726432 0.30730024 0.02366124 0.05115210 0.04581898 0.06629674 0.02116193
0.04475628 0.00207431 0.00207080 0.00445808 0.00545836 0.29836034 0.07683437 0.30809502 0.02544580 0.05677398 0.04743712 0.06702360 0.02293301
0.04259808 0.00093686 0.00206059 0.00020247 0.00051121 0.29733014 0.07356193 0.30925611 0.02567157 0.06105557 0.04188970 0.06828060 0.01858552
0.03772112 0.00103981 0.00289548 0.00020142 0.00065059 0.29794757 0.07108180 0.30869301 0.02631045 0.05954848 0.04540823 0.06558986 0.01877493
0.03850285 0.00199001 0.00097921 0.00103313 0.02868767 0.29832795 0.06115332 0.31028643 0.02896126 0.05585029 0.05167257 0.06808473 0.02221856
0.03936913 0.00354174 0.00091686 0.00162032 0.00804728 0.29956194 0.06953507 0.30966894 0.03465979 0.05385982 0.06046272 0.06463272 0.01961525
0.03995470 0.00210686 0.00037866 0.00041397 0.00159880 0.30058694 0.06941764 0.30963136 0.04428106 0.04940370 0.05161645 0.06868955 0.01968044
0.04034073 0.00131310 0.00024921 0.00061088 0.00091018 0.29999813 0.07054291 0.30800754 0.03846157 0.04675251 0.05500909 0.06998875 0.01847047
0.04008250 0.00110042 0.00025103 0.00018629 0.00089976 0.30097569 0.07349195 0.30741762 0.03219070 0.04289678 0.05196086 0.06819065 0.01785332
0.04021772 0.00735493 0.00026617 0.00644783 0.01375669 0.30000956 0.06398589 0.30826397 0.03542507 0.04144370 0.05381235 0.06622826 0.02083557
0.03902111 0.00146045 0.00040551 0.00029630 0.00088309 0.30207837 0.07092991 0.30824251 0.03528923 0.03897070 0.05497126 0.06726956 0.01866831
0.03807557 0.00203608 0.00064507 0.00037395 0.00133227 0.29985076 0.07057170 0.30934428 0.03793953 0.04051605 0.04943542 0.06709546 0.01967526
0.03707633 0.00274256 0.00050830 0.00075931 0.00279647 0.30164530 0.06417882 0.31087400 0.04022901 0.04446573 0.05843357 0.06899441 0.02173867
0.03618100 0.00079845 0.00055492 0.00027897 0.00050664 0.29983150 0.07652519 0.31120379 0.03065062 0.04888265 0.05270197 0.06497722 0.02200235
0.03551812 0.00108741 0.00069933 0.00070676 0.03558555 0.30105847 0.07471827 0.31101338 0.03078526 0.05235316 0.05541905 0.06679888 0.02114828
0.03453308 0.00299342 0.00071028 0.00024256 0.00117516 0.29928425 0.07774774 0.31036722 0.03602950 0.05606982 0.05163369 0.06615219 0.02052266
0.03371842 0.00468655 0.00053759 0.00076420 0.00393130 0.30078689 0.07490330 0.31056734 0.04653381 0.05314913 0.05062695 0.06935345 0.02222369
0.02049320 0.00389015 0.00035096 0.00073501 0.00557941 0.30023913 0.07281268 0.30952672 0.03510359 0.05361816 0.05263581 0.06937482 0.02129597
0.01961076 0.00142912 0.00029145 0.00037090 0.00212306 0.30041485 0.08662931 0.30914939 0.02387808 0.05384495 0.04733517 0.06740399 0.02021544
0.01956783 0.00140078 0.00029381 0.00025085 0.00159309 0.30048243 0.07149084 0.30902446 0.02307152 0.05435767 0.06105997 0.06487945 0.02046368
0.04657139 0.00174813 0.00355277 0.00028406 0.00069744 0.30066052 0.07354858 0.30979940 0.03996471 0.05850472 0.04567065 0.06735472 0.02113340
0.05071667 0.00203229 0.00112628 0.00168834 0.00244833 0.29983192 0.09011170 0.31076072 0.02975280 0.05337239 0.05164343 0.06799640 0.02100330
0.07242352 0.00110795 0.00082034 0.00074113 0.00100035 0.30323755 0.08310419 0.31261188 0.02709224 0.05455993 0.05207391 0.06811530 0.02283384
0.07279296 0.00748934 0.00064791 0.01035875 0.01830577 0.29957873 0.07359088 0.31144072 0.04016323 0.05281285 0.05045633 0.06548068 0.02249094
0.07214923 0.00303891 0.00058332 0.00204695 0.03952631 0.30200918 0.07437809 0.31284328 0.03244875 0.05178102 0.04976961 0.06800293 0.02753897
0.07285227 0.00110564 0.00224859 0.00146782 0.03746435 0.29913860 0.08140434 0.31184189 0.02382863 0.05021412 0.05506767 0.07619001 0.02313452
0.07502663 0.00094962 0.00137522 0.00040957 0.00079385 0.30084598 0.08492671 0.31050573 0.03048735 0.04769422 0.05055186 0.06999639 0.02187316
0.07548281 0.00102500 0.00080509 0.00052359 0.00065297 0.29949648 0.08259816 0.31010415 0.03004799 0.04365933 0.05501454 0.06948932 0.02149851
0.07305923 0.00368520 0.00085090 0.00666259 0.02713020 0.30060654 0.07535004 0.31028935 0.02675223 0.04047156 0.05257642 0.06712276 0.02109972
0.06734043 0.00966162 0.00366252 0.01148620 0.02683430 0.29953767 0.07157434 0.31061480 0.03052968 0.03561921 0.05136638 0.07425750 0.02335782
0.06411774 0.00612049 0.00138737 0.00600189 0.03752761 0.29946262 0.07696152 0.31254781 0.03944506 0.02607203 0.06227423 0.07058395 0.02521308
0.06480775 0.00489200 0.00123363 0.00401089 0.03039803 0.29914896 0.09272121 0.31321078 0.03909184 0.02771989 0.05411616 0.06890575 0.02057914
0.06942643 0.00325194 0.00063081 0.00084732 0.00344018 0.29877029 0.08267418 0.31279167 0.05183836 0.02961844 0.05531253 0.06888705 0.02141053
0.07288826 0.00221072 0.00045809 0.00339617 0.03621111 0.29811082 0.08705149 0.31402983 0.02763214 0.03302762 0.05504260 0.06755476 0.04423448
0.07217512 0.00429870 0.00048401 0.00608197 0.02822384 0.29894581 0.07450349 0.31333038 0.02838809 0.03792349 0.05930568 0.06906403 0.02809957
0.06784660 0.00274628 0.00132545 0.00253675 0.00350646 0.29767719 0.07759100 0.31369126 0.04287481 0.05253178 0.05075767 0.07236834 0.04229755
0.06390760 0.00344618 0.00134921 0.00529916 0.02852269 0.29681652 0.08015488 0.31178754 0.03815152 0.05901229 0.04921917 0.07343176 0.02784494
0.06347419 0.00241107 0.00153375 0.00189286 0.02863783 0.29699375 0.08036368 0.31195087 0.02387551 0.06100933 0.04649841 0.06907138 0.03333624
0.06427073 0.00322601 0.00061942 0.00698383 0.04697859 0.29732451 0.08215247 0.31184659 0.01584313 0.05535137 0.04995890 0.06747731 0.02682330
0.06548497 0.00156953 0.00073081 0.00117728 0.00221292 0.30096306 0.08167719 0.31270614 0.02150631 0.05663136 0.05208007 0.06954324 0.02794063
0.06499439 0.00146677 0.00046481 0.00523316 0.00456644 0.29748035 0.08367496 0.31583994 0.02902155 0.05691953 0.06240123 0.06970135 0.04669260
0.06214819 0.00175553 0.00048845 0.00411110 0.00276093 0.30049970 0.08459168 0.31526772 0.03598551 0.05465125 0.05039164 0.06981793 0.02620895
0.06052246 0.00911883 0.00059763 0.01109020 0.01923466 0.29883236 0.08057619 0.31532192 0.02785449 0.05337162 0.05386736 0.06777989 0.02491455
0.05919645 0.00357603 0.00066654 0.00035064 0.00496122 0.30130750 0.07937592 0.31501301 0.03639841 0.04851642 0.06084194 0.06811659 0.02548367
0.05974143 0.00168419 0.00062588 0.00317625 0.00358342 0.29897098 0.08793074 0.31515424 0.03951320 0.04472560 0.05106495 0.07047539 0.03082947
0.06032007 0.00118792 0.00160728 0.00187001 0.03256958 0.30326557 0.07392165 0.31563516 0.03276347 0.04099479 0.07442838 0.07194554 0.04203901
0.06037206 0.00256642 0.00126573 0.00556551 0.02904545 0.29851375 0.08097301 0.31359048 0.04468083 0.03825025 0.06120512 0.06963274 0.02204875
0.06018919 0.00213146 0.00074597 0.00163901 0.01988890 0.30330108 0.07713778 0.31356525 0.04383026 0.03738966 0.06078639 0.06910301 0.02359523
0.06045835 0.00075662 0.00089360 0.00020904 0.00063173 0.29943002 0.07978509 0.31320847 0.03339210 0.03822737 0.06492829 0.06659833 0.02108884
0.06048597 0.00072608 0.00062260 0.00022315 0.00051891 0.30235561 0.07801268 0.31378632 0.03774780 0.04088821 0.05502799 0.06922432 0.02101796
0.06083178 0.00347626 0.00056270 0.00629462 0.02803024 0.30158443 0.07259424 0.31501196 0.03547501 0.04385954 0.06203522 0.06972212 0.02181058
