0.00000000 0.00000000 0.00000000 0.00000000 0.00000000 0.00000000 0.00000000 0.00000000 0.00000008 0.00000000 0.00000000 0.00000000 0.00000000
0.00931090 0.02698904 0.00571085 0.03566127 0.14502822 0.11723661 0.10921935 0.08255558 0.13938811 0.11142853 0.13169077 0.08278374 0.07490296
0.02102932 0.02493773 0.00570160 0.02814450 0.13319795 0.15270574 0.15250711 0.13592322 0.09538227 0.13002511 0.10327441 0.08842437 0.07338451
0.02628035 0.02212379 0.00592732 0.02398303 0.15447750 0.18261144 0.12674384 0.15491047 0.09450087 0.20065012 0.09443526 0.07351810 0.08191011
0.04161257 0.02016549 0.00408235 0.02379272 0.13007803 0.18120615 0.11724138 0.16267224 0.09258320 0.24739855 0.10486226 0.08259544 0.08957279
0.05173207 0.02291070 0.00430765 0.02484249 0.12757115 0.19392793 0.13392874 0.16674496 0.11852939 0.20374613 0.09518049 0.07382868 0.06708376
0.05521906 0.01750582 0.00306975 0.01885739 0.12989876 0.18287907 0.12249009 0.17288358 0.17950311 0.13991262 0.08940210 0.06968819 0.07525068
0.06090625 0.01769123 0.00336686 0.01944931 0.11404377 0.17864023 0.11952050 0.17931161 0.11547238 0.14041552 0.21506553 0.07872140 0.07588047
0.06384728 0.01718682 0.00312284 0.02048007 0.11928683 0.17400213 0.12718692 0.16835303 0.12094280 0.16952004 0.16102214 0.08540041 0.06062756
0.06368345 0.01387503 0.00220606 0.01657697 0.10761059 0.17695961 0.11602380 0.16740589 0.12727816 0.14867674 0.16148087 0.07862410 0.07576902
0.05938024 0.01104426 0.00208040 0.01490782 0.09031346 0.15149197 0.11068025 0.17932531 0.11681850 0.17283796 0.09037662 0.08069908 0.07301006
0.05415964 0.01196370 0.00261227 0.01285009 0.08037845 0.16615623 0.10264909 0.17813189 0.09526605 0.25237085 0.10633757 0.07886833 0.06093391
0.05904670 0.02183906 0.00242509 0.02459833 0.06193733 0.14665205 0.12120238 0.19340304 0.09481309 0.26900838 0.10762814 0.07915464 0.07033753
0.05576305 0.01290208 0.00473748 0.01470012 0.05797108 0.15175649 0.12373431 0.19538590 0.08662365 0.22044611 0.10241363 0.08470787 0.04261084
0.05273434 0.01780124 0.00253443 0.02055756 0.10296034 0.15833092 0.09659589 0.20008022 0.11027106 0.15582593 0.10158596 0.07482094 0.05303056
0.04961940 0.01583144 0.00345398 0.01662315 0.10988654 0.15355772 0.10424081 0.21258659 0.15874489 0.16373377 0.15981257 0.07924468 0.04622067
0.04508620 0.01174919 0.00233794 0.01289283 0.08881122 0.15568113 0.10692310 0.20187738 0.16660913 0.16978886 0.16527737 0.09278365 0.04562425
0.04357395 0.01169429 0.00193626 0.01467081 0.09255685 0.16891342 0.09473644 0.20050757 0.14713839 0.15587424 0.11006142 0.07136295 0.03570096
0.04336612 0.01210367 0.00522287 0.01485297 0.08971640 0.14744818 0.12463038 0.20825637 0.08592842 0.19404114 0.11852799 0.07244952 0.03514961
0.04300558 0.01338152 0.00378720 0.01634736 0.07987954 0.18277622 0.11052259 0.19489109 0.09707980 0.26306444 0.11124403 0.08728963 0.04261621
0.04203389 0.01093149 0.00328698 0.01514676 0.09109262 0.16588955 0.10804385 0.19729391 0.10445156 0.25651435 0.11021607 0.08102706 0.04987219
0.04065738 0.01207481 0.00263702 0.01424442 0.07549955 0.18786416 0.10867203 0.21027588 0.09372908 0.20504579 0.11197452 0.07177997 0.04524168
0.04123396 0.01766180 0.00291615 0.02104155 0.09837054 0.19349253 0.10279935 0.20097889 0.13760374 0.14972666 0.11051114 0.09276714 0.04432259
0.04294813 0.00884227 0.00214190 0.00936907 0.07288715 0.20089772 0.12085777 0.21278909 0.15780841 0.16429660 0.15668424 0.08051299 0.06085405
0.04596091 0.01287826 0.00188705 0.01410558 0.05604624 0.22013865 0.12538498 0.21532113 0.13829631 0.16334655 0.20242064 0.08538467 0.04613091
0.04744712 0.00761686 0.00234540 0.00659162 0.05771428 0.21479508 0.13541328 0.21794874 0.14601241 0.15476246 0.10461935 0.08023153 0.04617592
0.04748259 0.01034618 0.00208925 0.00992863 0.05152823 0.23451629 0.13981053 0.22286689 0.09336562 0.20523401 0.13530943 0.08004556 0.04504273
0.04424674 0.00740115 0.00381078 0.00762877 0.06409197 0.22630783 0.14146435 0.22225248 0.08965452 0.25585546 0.13137788 0.08797034 0.04298139
0.04211293 0.01353553 0.00193277 0.01206160 0.08403810 0.23866784 0.14043077 0.22202979 0.09379156 0.24852358 0.12300031 0.08379739 0.04472041
0.04857787 0.01201484 0.00280321 0.01362327 0.07243835 0.22772683 0.14616650 0.22807610 0.09351871 0.19466231 0.12599938 0.08212276 0.04342973
0.04716607 0.01192249 0.00493043 0.01631437 0.08278155 0.23487786 0.13524539 0.22553901 0.12740968 0.16205617 0.13156930 0.08967247 0.04863359
0.03943325 0.01029122 0.00208680 0.01017591 0.07439880 0.22273132 0.12828564 0.22789274 0.14643258 0.17330045 0.15146036 0.08337069 0.04076087
0.04490563 0.01053235 0.00224262 0.00886679 0.07647109 0.22337783 0.13364060 0.22984897 0.12518509 0.17188629 0.18445517 0.07306569 0.04794810
0.04626339 0.01347102 0.00451541 0.01319234 0.06344409 0.20380656 0.11585523 0.23083580 0.11540839 0.15981564 0.10898654 0.08503591 0.03679813
0.04727996 0.00892232 0.00355040 0.00913219 0.05910235 0.21476246 0.12865304 0.21516989 0.09543566 0.21005580 0.10931913 0.07834074 0.03820661
0.04829000 0.01168625 0.00333263 0.01250484 0.09023793 0.19732257 0.11875566 0.23009682 0.09665775 0.24213850 0.11560112 0.07914027 0.04592631
0.05080163 0.01168682 0.00212805 0.01264878 0.08838020 0.21296298 0.11058517 0.21156065 0.08945466 0.23729919 0.11316603 0.07999167 0.04468834
0.05062420 0.00826037 0.00190430 0.00817765 0.07733332 0.19504450 0.10770999 0.21936603 0.10980710 0.18150074 0.10544901 0.08389829 0.04580653
0.04944081 0.01219036 0.00461833 0.01228430 0.09223167 0.20275785 0.11358743 0.21926003 0.12977913 0.17479964 0.14284599 0.07756927 0.03081255
0.04778406 0.00756765 0.00245476 0.00571583 0.05066798 0.19729911 0.10838671 0.22643225 0.15628324 0.17538919 0.12099273 0.08239637 0.03665406
0.04669431 0.01012555 0.00240507 0.00982031 0.06739471 0.19518747 0.11936732 0.23908154 0.13141663 0.16346980 0.15456119 0.07205348 0.03510547
0.04593869 0.00795607 0.00159399 0.00702960 0.03553744 0.19355653 0.10324394 0.23389694 0.11463014 0.16473370 0.11393381 0.07993396 0.04940269
0.04620919 0.00640311 0.00163718 0.00662249 0.03499139 0.20020617 0.10933990 0.23713832 0.10127058 0.20963973 0.11571677 0.07393624 0.03252715
0.04569889 0.01273322 0.00143920 0.01548150 0.05351911 0.19226449 0.11630177 0.24227024 0.10058533 0.23484336 0.10872706 0.07455627 0.05192010
0.04425660 0.00827661 0.00202114 0.00697198 0.06018769 0.20972363 0.11675955 0.23548980 0.09087596 0.22364241 0.11246841 0.08261403 0.03593577
0.04340833 0.01363708 0.00385846 0.01178850 0.06361697 0.20681529 0.11768639 0.23754896 0.11647915 0.18043883 0.10313099 0.08799564 0.04330605
0.04250492 0.00718435 0.00196778 0.00583395 0.04762414 0.21355388 0.12908214 0.23518958 0.11098724 0.17347478 0.18295557 0.08326195 0.03736101
0.04191087 0.01085078 0.00334049 0.01168875 0.05599181 0.21850911 0.13550138 0.23631271 0.14977965 0.17538324 0.11564236 0.08290466 0.03459643
0.04776176 0.00852026 0.00247623 0.00975023 0.06331769 0.21916433 0.12368531 0.23316994 0.11657137 0.16302215 0.15459630 0.08571796 0.05019162
0.04949185 0.01486289 0.00174184 0.01703226 0.06456788 0.23526295 0.11914368 0.23588764 0.09974637 0.17134253 0.11991204 0.07799529 0.04666584
0.05248006 0.00713297 0.00198166 0.00693872 0.06927492 0.23261723 0.12114434 0.23758029 0.09562181 0.20617559 0.13049627 0.07821129 0.05468384
0.05400949 0.01137136 0.00388236 0.01018974 0.05181938 0.24455727 0.13292072 0.23503959 0.09607142 0.23066309 0.11719391 0.07965959 0.03755260
0.05512639 0.00766087 0.00259041 0.00991681 0.05298560 0.23712095 0.14064212 0.23861235 0.09280639 0.20287776 0.12329225 0.08095061 0.04527141
0.05685420 0.01670595 0.00158740 0.01668536 0.06070214 0.24792916 0.14588460 0.24080373 0.11489221 0.17892009 0.11479342 0.08498798 0.03872417
0.05903861 0.01796122 0.00182987 0.01874596 0.07403869 0.24075485 0.14040455 0.24707407 0.09638376 0.17546491 0.18701809 0.08842459 0.04136255
0.05759231 0.01197111 0.00443999 0.01166560 0.06921703 0.24530184 0.13542425 0.25381627 0.13326064 0.17726988 0.11937340 0.09115406 0.05526023
0.05503992 0.01222591 0.00207876 0.01166423 0.08377178 0.24360372 0.13694563 0.24621705 0.11532255 0.15624874 0.13633624 0.08929757 0.04433645
0.05452061 0.01096131 0.00271656 0.01196350 0.05851520 0.24476830 0.13105524 0.25928643 0.10645405 0.16402753 0.12281024 0.08080921 0.03973646
0.05716974 0.00861265 0.00280122 0.00919846 0.06380498 0.23764621 0.12532424 0.24916473 0.09953468 0.19242988 0.12247194 0.08773893 0.04520000
0.05772187 0.01148758 0.00228702 0.01176235 0.07111867 0.23611558 0.11806163 0.25204207 0.09374185 0.20879584 0.13005210 0.08200318 0.03668526
0.05851411 0.00790311 0.00229268 0.00817019 0.04382737 0.22638597 0.12228959 0.25609130 0.09406940 0.18957647 0.10763350 0.08191193 0.04608886
0.05842942 0.00701627 0.00208738 0.01011690 0.06796950 0.22768140 0.11507289 0.24276859 0.10236912 0.18227460 0.10196978 0.08752409 0.03485487
0.05845790 0.00793062 0.00238920 0.00912331 0.06468600 0.21976371 0.11503124 0.25212167 0.11430329 0.18330353 0.12517651 0.08413656 0.05017930
0.05871921 0.01132271 0.00258189 0.01138088 0.06800411 0.21600317 0.10740085 0.24393554 0.11978373 0.17094914 0.13597710 0.09241708 0.03397987
0.05701045 0.00696774 0.00332578 0.00538349 0.03984634 0.21815922 0.10246525 0.25389809 0.11368918 0.15215821 0.11437584 0.08912246 0.04502532
0.05482180 0.00688760 0.00255254 0.00685522 0.05413038 0.21321569 0.11278584 0.25575015 0.09947307 0.16557306 0.12250139 0.08066925 0.03582871
0.05558311 0.01012367 0.00248363 0.00910915 0.04564627 0.21249666 0.11516687 0.25632886 0.10532589 0.20032307 0.11047977 0.08393775 0.03351668
0.05393500 0.01060367 0.00430919 0.01390648 0.03512888 0.21415950 0.11417972 0.26328112 0.08986090 0.20144620 0.11435676 0.07981220 0.03265624
0.05314953 0.00358374 0.00473025 0.00388333 0.03012483 0.21047465 0.11651461 0.26228759 0.08959667 0.19521451 0.10175631 0.08210180 0.03174926
0.05131885 0.00906059 0.00299471 0.00819999 0.04292219 0.21666097 0.12342286 0.26610675 0.09462377 0.18452357 0.12488233 0.08617530 0.03180764
0.05309420 0.01070957 0.00189174 0.00878223 0.06461808 0.22132089 0.12085964 0.26522737 0.12032062 0.17810717 0.10776731 0.08719422 0.03539346
0.05155332 0.00499876 0.00208801 0.00820901 0.03453794 0.22665341 0.12835655 0.26602544 0.09607540 0.16108355 0.17453495 0.08872134 0.04147259
0.05147939 0.00741552 0.00212020 0.00664551 0.05970528 0.23456298 0.12859885 0.26628133 0.11629766 0.15302036 0.11719759 0.08433953 0.03702550
0.05142806 0.00858372 0.00120043 0.00775882 0.05622908 0.23415026 0.13012529 0.25983483 0.09465445 0.16602239 0.12781653 0.08730871 0.04035590
0.05184278 0.01035238 0.00199317 0.01133288 0.05848559 0.24834109 0.12687443 0.26403624 0.09277866 0.19587169 0.10827183 0.08104531 0.03496506
0.05106470 0.01747017 0.00159080 0.01823398 0.06729005 0.24393884 0.12738784 0.25734866 0.08981462 0.19036354 0.11603853 0.08838931 0.03733352
0.04917697 0.00613279 0.00415920 0.00916829 0.03664817 0.25132703 0.13380481 0.26067642 0.09143982 0.18062681 0.12400599 0.08033190 0.04802696
0.04846368 0.00862893 0.00221778 0.00890585 0.04554546 0.25445195 0.13529323 0.26194837 0.09927598 0.16034675 0.13764690 0.08539113 0.04709832
0.04798345 0.00791576 0.00419919 0.00636445 0.05513783 0.25606774 0.14341828 0.26057297 0.12497335 0.16962776 0.10548852 0.08942067 0.04037306
0.04859928 0.00847786 0.00177936 0.00975535 0.05532829 0.25821369 0.13297181 0.26562143 0.09318475 0.16037196 0.17348074 0.08546811 0.04269058
0.04685580 0.01045025 0.00169321 0.01108932 0.04699580 0.25182836 0.13015426 0.26756491 0.10606194 0.15357928 0.11078265 0.08945427 0.04625943
0.04525437 0.01085323 0.00576556 0.01304365 0.06296452 0.25575783 0.12478592 0.27013650 0.08949673 0.16888414 0.11584877 0.09496187 0.04727563
0.04418152 0.01099181 0.00202364 0.01563633 0.05962832 0.24558630 0.12537182 0.27377485 0.08891213 0.18620415 0.11008088 0.08057207 0.04943560
0.04770014 0.00951676 0.00138772 0.00975584 0.06258027 0.24513910 0.12326455 0.27141817 0.08491928 0.18395021 0.10939418 0.08566977 0.04631951
0.05044352 0.00745648 0.00151392 0.00698479 0.04923342 0.23830412 0.12329744 0.27720686 0.08343292 0.16990985 0.11326233 0.07864414 0.04010105
0.05106870 0.01006874 0.00166205 0.00933626 0.04037085 0.23600508 0.13371359 0.27076406 0.09141029 0.15563607 0.11766697 0.08827014 0.03521131
0.04901141 0.00446995 0.00096843 0.00362990 0.04641921 0.23423233 0.12082083 0.27190936 0.10552694 0.14994402 0.10839934 0.08383653 0.04073926
0.04972557 0.00641722 0.00097811 0.00644732 0.06158074 0.23173186 0.11840800 0.26945100 0.09895729 0.14045005 0.11937745 0.08460817 0.04444932
0.04828863 0.00782063 0.00105051 0.00858286 0.04731205 0.22836197 0.11165594 0.26769024 0.09594512 0.13544245 0.10597498 0.08701092 0.03715698
0.04560878 0.01387955 0.00222690 0.01472486 0.05438665 0.23239584 0.11975487 0.26769684 0.08329569 0.16445908 0.10519458 0.08401326 0.03869626
0.05466235 0.00688607 0.00147430 0.00981344 0.02578350 0.22786790 0.12598777 0.26594249 0.08662473 0.17136130 0.10486562 0.08634413 0.03481503
0.05381858 0.00899791 0.00141481 0.00997426 0.04144395 0.22626613 0.11968532 0.26950015 0.07719724 0.17934192 0.09981284 0.08239426 0.04865420
0.05111588 0.00781911 0.00125574 0.00865711 0.07023503 0.22551935 0.11486135 0.27011796 0.08154873 0.16435246 0.09598947 0.08344996 0.04294940
0.05047519 0.00726217 0.00147284 0.00768635 0.04929177 0.22526240 0.11702611 0.27353644 0.08789810 0.15805917 0.11595897 0.08142607 0.04254131
0.04960502 0.01458808 0.00224633 0.01429872 0.02571250 0.23390221 0.11651941 0.27747421 0.09235316 0.15648198 0.12452986 0.08401822 0.03600304
0.05269051 0.00668559 0.00148032 0.00635051 0.06077031 0.23272362 0.12513235 0.27667918 0.10236523 0.13500320 0.10546922 0.08714127 0.04640555
0.05483397 0.01119155 0.00167399 0.01626797 0.05744450 0.23770796 0.12509139 0.28312107 0.08278727 0.13642898 0.12420095 0.08183523 0.03763123
0.05596030 0.01054605 0.00457436 0.01230554 0.05302666 0.24053975 0.12315007 0.27588341 0.08334113 0.15852806 0.11433269 0.08649116 0.04429966
0.05351920 0.00740941 0.00148470 0.00747177 0.05150531 0.24139362 0.13190573 0.28104454 0.08028095 0.16818586 0.10833562 0.08192371 0.03812006
0.05293261 0.00706234 0.00284872 0.00676847 0.05451109 0.24874742 0.13663182 0.27555228 0.07219418 0.16843324 0.11356676 0.09139170 0.03822774
0.05109497 0.01040179 0.00219548 0.01149413 0.06425269 0.24971926 0.14682840 0.27537545 0.08885552 0.14802412 0.09795573 0.08693246 0.03846899
0.05375466 0.00689103 0.00111391 0.00759552 0.05275833 0.25220290 0.13571977 0.27607045 0.08324950 0.14225520 0.13283284 0.08600708 0.03889562
0.05518851 0.01151899 0.00164041 0.01353180 0.07201895 0.25415368 0.14201602 0.27414548 0.09044344 0.13635373 0.12146265 0.08617025 0.03851974
0.05448458 0.01626756 0.00220677 0.01885912 0.06297351 0.25289968 0.14169421 0.27420497 0.09552261 0.13353857 0.10511697 0.08692146 0.04591260
0.05545665 0.01085811 0.00133939 0.01230541 0.07462158 0.25488787 0.13625247 0.27585839 0.08121230 0.14180234 0.11771632 0.08475784 0.04570939
0.05527346 0.00810655 0.00201425 0.01149895 0.05564864 0.24958097 0.13066614 0.27753385 0.08038844 0.15210031 0.11052193 0.08908279 0.04498840
0.05431031 0.00341814 0.00194906 0.00528124 0.03768303 0.25335889 0.13515889 0.27725647 0.07175451 0.16627357 0.10875788 0.09396374 0.04626799
0.05280465 0.00627350 0.00143174 0.00736157 0.05124605 0.24502525 0.12889903 0.27799911 0.07310858 0.15528656 0.10470322 0.09109691 0.03599844
0.05172855 0.01442783 0.00153747 0.01482579 0.03383465 0.24371133 0.12907628 0.27983796 0.08527996 0.14653198 0.09391886 0.08590632 0.03762027
0.05109516 0.01014342 0.00187072 0.00665718 0.04168374 0.24037319 0.12664356 0.28310860 0.09305891 0.14519265 0.11441816 0.08593532 0.03744777
0.05129327 0.01647908 0.00163064 0.01796400 0.06862784 0.23976689 0.13164622 0.28316149 0.09003626 0.13184603 0.11365263 0.08323493 0.04223666
0.05124357 0.01667781 0.00389469 0.01866175 0.06274760 0.24317097 0.11858593 0.28418346 0.09098309 0.13170869 0.10530876 0.08638690 0.04964607
0.05098052 0.01601200 0.00382096 0.01778539 0.05829392 0.23971995 0.12928350 0.28220126 0.08020774 0.13685724 0.10637716 0.08236789 0.04391591
0.05099972 0.00864788 0.00227745 0.01153273 0.06889904 0.23838105 0.11848339 0.28476610 0.08042919 0.14408806 0.10523252 0.08371095 0.03871936
0.05227406 0.00931383 0.00192121 0.00961523 0.07232637 0.23762918 0.11836547 0.27931198 0.07393946 0.15561304 0.10459757 0.08433846 0.04187647
0.05264436 0.00662009 0.00375760 0.00638171 0.06383619 0.23504174 0.12093152 0.27686273 0.07209312 0.15154345 0.10177587 0.08878092 0.04072671
0.05325934 0.00658103 0.00173948 0.00786461 0.05234408 0.23432123 0.12256856 0.28038105 0.07757007 0.14408781 0.10670170 0.08274939 0.04991076
0.05227062 0.01297650 0.00221008 0.01500243 0.06034721 0.23241925 0.11914207 0.27542197 0.10014589 0.13902109 0.09152243 0.08537101 0.03878597
0.05203766 0.00930439 0.00228420 0.00874385 0.07686692 0.23451163 0.12209495 0.28129953 0.08259106 0.12760764 0.12298930 0.08936606 0.05117920
0.05204586 0.00946675 0.00162528 0.01237837 0.07916608 0.23626669 0.12074193 0.27997298 0.08048226 0.12275692 0.10277602 0.08642010 0.03564611
0.05214430 0.00747244 0.00181782 0.00872249 0.07522533 0.23883507 0.11662302 0.28320220 0.07699694 0.13503853 0.10364624 0.08266792 0.04200965
0.05188834 0.01803580 0.00360314 0.01916832 0.08153958 0.23894631 0.12506956 0.28448392 0.07146318 0.14255784 0.10551800 0.08419325 0.03687776
0.05062048 0.00647649 0.00146112 0.00694532 0.07214036 0.24674778 0.13284793 0.28393611 0.07149133 0.14270089 0.09696084 0.08641084 0.03850248
0.05831085 0.00897210 0.00355278 0.01181083 0.08494802 0.24501096 0.13143727 0.28814919 0.07448467 0.14379702 0.10495117 0.08717864 0.06043277
0.05854300 0.00627771 0.00301524 0.00948753 0.05744234 0.25147789 0.13132271 0.28757310 0.07837190 0.13990708 0.13113018 0.08786206 0.04719357
0.05894781 0.01049759 0.00217114 0.01222913 0.06635649 0.25306107 0.14063188 0.28785987 0.09488050 0.12466813 0.09362322 0.08998770 0.04582742
0.05966643 0.00690592 0.00344237 0.00519362 0.04182227 0.25274050 0.13369597 0.28663092 0.08266869 0.12229418 0.13210502 0.09084185 0.03674787
0.05633497 0.01561522 0.00220339 0.01828848 0.08497974 0.25539068 0.12959108 0.28908772 0.09441863 0.12808067 0.10455178 0.08910357 0.04580559
0.05765683 0.01541877 0.00205541 0.01505105 0.05109543 0.24813634 0.13479859 0.28626436 0.07822780 0.13709076 0.10286346 0.08686970 0.04256505
0.05803965 0.00951561 0.00133126 0.01129425 0.04503518 0.25106054 0.13104489 0.28252904 0.06889784 0.14668156 0.10717329 0.08694200 0.03623257
0.05515413 0.00573999 0.00216066 0.00892119 0.04670704 0.24657701 0.13273860 0.28404336 0.07234499 0.14409742 0.10259168 0.08394326 0.04685071
0.05340066 0.00541417 0.00147578 0.00573219 0.04067608 0.24786406 0.12654158 0.28253663 0.07738618 0.14092583 0.10486721 0.09239390 0.03638611
0.05231032 0.01191016 0.00243499 0.01386945 0.06975047 0.24834953 0.12379566 0.28462213 0.07784494 0.13166758 0.11541877 0.09099978 0.03391667
0.04986282 0.00966628 0.00268550 0.00993570 0.05843919 0.24516574 0.11840328 0.28876320 0.09234986 0.12685024 0.09774366 0.09013745 0.03616162
0.04761842 0.00868918 0.00166293 0.00908745 0.06765276 0.24606894 0.12459826 0.28451571 0.07992064 0.12276745 0.10867112 0.08983272 0.03265765
0.04630855 0.01328543 0.00151280 0.01153446 0.07005950 0.24517301 0.12382661 0.29233553 0.07674199 0.12515884 0.10418011 0.08579889 0.03520656
0.04678316 0.00753606 0.00199585 0.01164690 0.07397235 0.24349255 0.12415476 0.29053538 0.07428002 0.14114693 0.10497387 0.08564111 0.03286088
0.04682237 0.00928242 0.00152097 0.01230890 0.04944519 0.24685048 0.13240052 0.29027618 0.07184923 0.14382099 0.10433185 0.08304522 0.04441481
0.04764164 0.00625986 0.00145138 0.00935155 0.05156788 0.24089162 0.13167034 0.29523621 0.08259529 0.14039971 0.09620656 0.08036823 0.04277693
0.04964698 0.00753407 0.00105367 0.00887076 0.03571697 0.24221552 0.12331670 0.28911641 0.07572179 0.15066652 0.10526955 0.08379315 0.04137163
0.05031170 0.01498013 0.00152115 0.01592704 0.05597962 0.23872130 0.12201329 0.29086717 0.08254850 0.13885932 0.10041210 0.08392249 0.05018651
0.05003119 0.00673979 0.00102671 0.00628602 0.04793870 0.24055873 0.12823008 0.28828992 0.08287846 0.12302013 0.10515584 0.08406751 0.04268648
0.04882114 0.00522807 0.00101980 0.00657523 0.03874453 0.23949597 0.12667804 0.28512057 0.08547567 0.11902432 0.10428225 0.08813259 0.04488674
0.04785100 0.00507985 0.00125663 0.00467225 0.04860026 0.24269253 0.12937811 0.28395264 0.07915454 0.11997180 0.10686890 0.08553644 0.03923711
0.04702081 0.01168391 0.00107477 0.00958344 0.03875022 0.24236899 0.11380030 0.28371001 0.08205124 0.13380405 0.10580694 0.08542122 0.03494617
0.04578638 0.01155429 0.00178309 0.01084471 0.05563443 0.24575414 0.12285079 0.28689478 0.07629639 0.13644164 0.08647853 0.08483365 0.03336634
0.04443602 0.00901379 0.00170269 0.01052926 0.04645202 0.24618955 0.11943340 0.28606218 0.06553589 0.14505550 0.10235710 0.08315817 0.03193308
0.04405668 0.00676480 0.00255851 0.00895384 0.06157475 0.25015571 0.12790718 0.29102144 0.07211534 0.14351965 0.09888825 0.08110716 0.04408659
0.04448263 0.01097249 0.00200799 0.01332630 0.05424967 0.25393061 0.12229625 0.29194252 0.07935389 0.12693285 0.10124106 0.08993784 0.04311267
0.04673817 0.00875448 0.00385733 0.00933764 0.06072157 0.25595719 0.12923707 0.29441335 0.07733498 0.11770485 0.12091796 0.08621718 0.04172048
0.04641802 0.01526939 0.00120619 0.01519640 0.06795565 0.26072982 0.12705956 0.29544236 0.08603309 0.11701486 0.10989785 0.08646099 0.03843367
0.04609900 0.01409354 0.00125022 0.01524013 0.06386143 0.26171028 0.14165732 0.29103438 0.08114304 0.12194273 0.10008994 0.08505980 0.04107888
0.04613295 0.01011735 0.00101329 0.00876563 0.04277269 0.26155110 0.13272781 0.29246017 0.07104389 0.13024434 0.11077330 0.08305002 0.03610131
0.04622074 0.01054009 0.00279506 0.00888909 0.04301044 0.26162204 0.13403197 0.28913686 0.07258834 0.13728367 0.09003292 0.09106551 0.04593551
0.04547558 0.00628974 0.00130613 0.00954279 0.04710032 0.25895672 0.13003732 0.28703812 0.06729877 0.14440757 0.10757713 0.08321635 0.03557278
0.04476630 0.00852248 0.00235562 0.00723114 0.05799330 0.25971359 0.13364431 0.29161147 0.07390205 0.13978862 0.09602648 0.08532456 0.03452051
0.04503489 0.01369809 0.00196857 0.01555278 0.07495572 0.25602003 0.12351217 0.28506017 0.07884980 0.12657824 0.09721688 0.08819871 0.03491152
0.04661010 0.01188143 0.00074886 0.01245234 0.06607348 0.25955344 0.12582579 0.28985788 0.08365462 0.11459354 0.10803539 0.08456961 0.03615384
0.04735413 0.00669714 0.00070325 0.00827197 0.05733670 0.25362938 0.12172537 0.29078164 0.08623652 0.11074760 0.10329121 0.08562567 0.05693460
0.04676887 0.00740074 0.00200576 0.01300078 0.04331447 0.25886573 0.12608327 0.29168870 0.07681816 0.12608812 0.09894824 0.09001642 0.03626368
0.04654368 0.00359771 0.00220245 0.00391494 0.02650057 0.25639042 0.12364159 0.29268455 0.06817965 0.12466645 0.10190100 0.08589339 0.04568779
0.04676172 0.00555033 0.00150320 0.00457481 0.03946958 0.25317877 0.12233719 0.29651741 0.07486096 0.13159542 0.09078632 0.08315149 0.04306180
0.04599724 0.00694607 0.00194574 0.00597748 0.04060296 0.25474424 0.12574731 0.29596047 0.07088282 0.14285615 0.10032431 0.08370814 0.03455283
0.04528773 0.00807533 0.00185742 0.00974208 0.03736137 0.24896833 0.12082380 0.29964786 0.08027830 0.13873627 0.09847480 0.08228172 0.03502918
0.04499801 0.00425343 0.00330496 0.00613031 0.03897842 0.25108183 0.12485500 0.29746744 0.07581803 0.13738899 0.09805321 0.08063042 0.04846560
0.04570841 0.00668320 0.00142028 0.00597224 0.05557215 0.24971932 0.12696323 0.29579966 0.07517074 0.11914240 0.09921971 0.08226151 0.03922474
0.04585394 0.00483306 0.00164258 0.00521657 0.05617909 0.24921640 0.11881243 0.29296870 0.07693558 0.11535987 0.10268984 0.08221797 0.04307941
0.04437258 0.00606497 0.00111009 0.00600521 0.05232498 0.24952215 0.11648903 0.29167464 0.07707347 0.11952042 0.09841800 0.08465184 0.04893450
0.04164589 0.00967032 0.00170355 0.00821330 0.04666693 0.24915876 0.12142365 0.28997777 0.06879971 0.12338001 0.09778585 0.08373910 0.03642155
0.04190454 0.00641799 0.00155564 0.00803562 0.04952680 0.25030837 0.11424925 0.28884273 0.06572884 0.13135102 0.09214570 0.08568624 0.05529892
0.04237064 0.00576979 0.00418743 0.00614747 0.03696445 0.25554881 0.12225833 0.28975632 0.06843565 0.13501164 0.08974689 0.09077132 0.04194064
0.04366358 0.00432651 0.00127706 0.00732254 0.04643786 0.25457038 0.11844344 0.28879801 0.06825383 0.13421071 0.10057785 0.08363912 0.04750761
0.04594908 0.00798432 0.00278232 0.01188919 0.03910028 0.26020113 0.12100744 0.29703715 0.07887871 0.13317974 0.09525975 0.08409016 0.03324541
0.04661615 0.00486571 0.00118488 0.00609417 0.05358967 0.25977376 0.12143697 0.29496954 0.07098179 0.11823065 0.10060269 0.08385552 0.04001050
0.04660586 0.00821562 0.00091388 0.00824406 0.05764174 0.26593317 0.12565834 0.29947040 0.07459193 0.11341880 0.10681326 0.08288145 0.03415950
0.04948256 0.00871839 0.00085601 0.01001020 0.05984133 0.26330320 0.12522617 0.29915754 0.08079642 0.11373768 0.10431359 0.08673163 0.03991357
0.05069590 0.00854555 0.00082439 0.01048401 0.08100485 0.26593761 0.12940323 0.30102716 0.07200683 0.11780045 0.09644757 0.08591892 0.04078128
0.05145572 0.01205304 0.00434990 0.01190434 0.08617940 0.26338641 0.13121142 0.29943344 0.06568428 0.12470686 0.09739594 0.09081119 0.04696007
0.05115694 0.01635893 0.00222294 0.02006252 0.07176963 0.26316440 0.13005424 0.29700568 0.07250698 0.13808818 0.08911597 0.08627851 0.03787012
0.05107018 0.01638193 0.00167330 0.01723893 0.06718218 0.25916154 0.12251904 0.29733298 0.06309755 0.13665542 0.10395568 0.08575612 0.04715448
0.05222028 0.01336822 0.00155886 0.01475678 0.05874762 0.26100497 0.12450204 0.29471863 0.07771546 0.12192586 0.09548965 0.08455721 0.04239107
0.05288630 0.00941606 0.00163416 0.00927276 0.06896786 0.25359728 0.11617998 0.29366622 0.07742105 0.11256289 0.10009586 0.08416387 0.04893329
0.05101244 0.00659460 0.00152845 0.00742935 0.03988477 0.25793881 0.12256467 0.29351607 0.07886737 0.11335743 0.10649978 0.08582690 0.03996995
0.05140586 0.01072613 0.00144304 0.00923457 0.06014515 0.25401556 0.11845607 0.29344120 0.07218790 0.11073214 0.10569794 0.08553106 0.04876663
0.05486727 0.01041540 0.00136156 0.01198369 0.05936036 0.25608491 0.12559401 0.29305872 0.06890971 0.12157671 0.08913395 0.08921609 0.05482835
0.05521323 0.00875692 0.00202884 0.01106601 0.04631452 0.25594514 0.12119859 0.29482608 0.06268973 0.12935226 0.09473116 0.08845813 0.04433980
0.05427743 0.00975896 0.00457475 0.01559602 0.06203284 0.25479676 0.11928739 0.29559867 0.06342662 0.13933561 0.08982633 0.09224709 0.04178941
0.04865721 0.01455200 0.00327408 0.01562546 0.04310032 0.25959874 0.11805959 0.29646170 0.06406367 0.14039557 0.09089021 0.08986097 0.04454901
0.05512711 0.00797765 0.00145191 0.00724408 0.04743132 0.25572511 0.11742657 0.29939745 0.07173848 0.11949244 0.09177056 0.08344879 0.03270331
0.05832732 0.00297701 0.00443022 0.00203625 0.00626166 0.25431544 0.11302506 0.29890240 0.07580769 0.11672971 0.10357821 0.08273225 0.03920303
0.06003010 0.00302748 0.00260181 0.00357150 0.03725311 0.25544149 0.12351204 0.30111113 0.07739175 0.11466061 0.10719056 0.08221382 0.03279787
0.05921691 0.00411725 0.00153330 0.00248631 0.02291555 0.25021577 0.10897260 0.29955552 0.07617828 0.11083272 0.10620372 0.08279810 0.03736581
0.05805867 0.01683254 0.00117210 0.01891756 0.04302574 0.25419086 0.12022625 0.29724487 0.07098233 0.11813830 0.09203571 0.08462479 0.03317188
0.05763340 0.00814738 0.00177897 0.00803001 0.05398681 0.25348054 0.11447762 0.29585530 0.07332800 0.12993496 0.09063651 0.08789615 0.03514358
0.05604904 0.00530103 0.00174844 0.00738120 0.04287650 0.25339927 0.11776983 0.29649152 0.07115446 0.13421653 0.09444371 0.08508620 0.03751125
0.05427056 0.01327497 0.00160776 0.01648971 0.04540060 0.25321210 0.11970949 0.29440474 0.06993870 0.13092979 0.08963881 0.08489123 0.05053956
0.05368551 0.01092970 0.00126910 0.00728639 0.05346944 0.25294367 0.11104785 0.29685729 0.07067462 0.12381170 0.10083008 0.08423243 0.03682235
0.05284263 0.00720319 0.00123189 0.00776635 0.05072552 0.25831906 0.11890321 0.29704085 0.07407007 0.11927772 0.09371929 0.08280998 0.04025303
0.05064832 0.01096340 0.00149395 0.00984903 0.03243472 0.25371627 0.12823826 0.29779221 0.07353004 0.11324681 0.09739615 0.08497012 0.04330043
0.05006250 0.01172647 0.00156803 0.01300568 0.06177081 0.26059529 0.12102941 0.29980777 0.06966973 0.10673551 0.09955285 0.08289330 0.04181406
0.05170870 0.00521659 0.00128101 0.00332020 0.02545356 0.25854212 0.12904453 0.29893739 0.07517439 0.11214889 0.09728572 0.08816761 0.04078155
0.05378529 0.00873861 0.00187213 0.00831722 0.04808098 0.25975710 0.12725748 0.30053993 0.07702837 0.11962759 0.09426280 0.08811829 0.03626453
0.05486027 0.00856608 0.00110293 0.00829646 0.06020379 0.25880379 0.12472989 0.29975948 0.06723565 0.12243522 0.10070834 0.08912311 0.04629281
0.05582041 0.00557197 0.00097850 0.00551674 0.06334128 0.25604382 0.12700672 0.30161754 0.06912117 0.12041614 0.09282880 0.08745588 0.03781925
0.05475734 0.01114120 0.00378613 0.01499343 0.05474342 0.25846246 0.12334752 0.29986945 0.06518152 0.12166583 0.09893406 0.08625658 0.06665697
0.07730573 0.00826314 0.00161126 0.01149715 0.06261989 0.25728144 0.12405481 0.30093225 0.07180860 0.11583391 0.09757111 0.08333459 0.04822330
0.07299698 0.00819678 0.00150569 0.01207517 0.04990640 0.25681941 0.12601788 0.30131952 0.07297599 0.10595061 0.10330969 0.08585567 0.04952924
0.07100899 0.00816616 0.00099923 0.00827614 0.07445811 0.25659527 0.12273022 0.30032540 0.07676606 0.10405540 0.09767986 0.08416247 0.06238738
0.07157859 0.00602185 0.00120844 0.00859333 0.03401512 0.25776754 0.11847166 0.30028328 0.07361462 0.10820872 0.09905559 0.08450053 0.03503034
0.07032223 0.01163223 0.00182055 0.01321995 0.03002936 0.25513698 0.12335953 0.29851575 0.06365482 0.12708431 0.09409328 0.08359539 0.05446828
0.05965265 0.00775769 0.00174880 0.00795995 0.04930918 0.25630811 0.11968918 0.29952928 0.06421215 0.12900494 0.08860842 0.08905661 0.03315200
0.05459124 0.00779788 0.00190863 0.00750971 0.04780190 0.25805731 0.12108929 0.29855846 0.07638200 0.12288832 0.08799042 0.08713715 0.03499340
0.05843389 0.01021037 0.00176995 0.01456039 0.04693886 0.25543746 0.11752504 0.29920490 0.07109123 0.11407985 0.10035367 0.08601277 0.04969932
0.06088779 0.00513333 0.00214239 0.00554800 0.05911205 0.25545040 0.11654899 0.29922716 0.07707738 0.10166668 0.09596976 0.08528443 0.04864763
0.05907475 0.00740274 0.00214191 0.00880494 0.05513894 0.25372475 0.12416765 0.30229257 0.07371335 0.10638835 0.09828877 0.08918106 0.04095142
0.05615200 0.01533068 0.00120528 0.01437587 0.03562257 0.25230757 0.12052710 0.30179822 0.07168970 0.10779020 0.10242837 0.08507436 0.03698629
0.05937425 0.01204544 0.00139811 0.00989331 0.04907928 0.25375430 0.11844403 0.30205595 0.07696987 0.11313719 0.08530954 0.08278305 0.04833982
0.06255600 0.01062843 0.00145399 0.00950041 0.05684624 0.25338073 0.11920396 0.30165643 0.07506308 0.11435576 0.09072122 0.08262907 0.04286218
0.06082357 0.00650843 0.00130800 0.00773374 0.04027801 0.25182089 0.11316723 0.29987219 0.07357363 0.11614171 0.08901949 0.08694540 0.03752587
0.06679539 0.00771386 0.00134951 0.00799381 0.04655052 0.25379228 0.11366330 0.29837809 0.06470940 0.11937662 0.09829004 0.08667427 0.05880230
0.06534125 0.00724800 0.00110300 0.00969005 0.05252797 0.25397544 0.12786465 0.29799944 0.06235627 0.10818943 0.09072030 0.08573425 0.03245869
0.06219014 0.00466602 0.00100483 0.00475055 0.04518001 0.25413876 0.11986433 0.29787754 0.07266781 0.09668781 0.09619132 0.08872807 0.03859045
0.06012095 0.01724318 0.00115363 0.01783627 0.04511403 0.25959204 0.11822140 0.29964292 0.07117803 0.09773560 0.09296181 0.08167245 0.03811063
0.05959083 0.00809609 0.00231954 0.00732540 0.05270876 0.25637546 0.11505980 0.30053565 0.06745773 0.10567321 0.09658290 0.08852200 0.03682572
0.03337492 0.01262632 0.00147222 0.01281967 0.04658829 0.26236004 0.11652424 0.30228380 0.06222066 0.11337645 0.09182297 0.08526201 0.03760064
0.03376048 0.01284444 0.00241411 0.01454479 0.04957195 0.26252182 0.12137611 0.30235627 0.05700424 0.11912104 0.08712969 0.08492078 0.03518718
0.03349934 0.00513874 0.00124474 0.00394880 0.03974145 0.26136341 0.13088021 0.30268117 0.06321173 0.11761093 0.08623063 0.08700746 0.03514003
0.03332594 0.00691432 0.00177602 0.00710645 0.04338537 0.26473863 0.12518944 0.30294731 0.05963207 0.11969102 0.10200714 0.08728983 0.03456593
0.03422055 0.00811566 0.00250714 0.00760425 0.05554008 0.25922825 0.12615635 0.30236683 0.07403558 0.11382337 0.08978192 0.08924420 0.03286466
0.03599418 0.01119652 0.00115605 0.01424548 0.04038285 0.26099354 0.12426850 0.30401802 0.06789522 0.10528077 0.09592922 0.08555409 0.04206188
0.03758483 0.00371889 0.00189187 0.00328957 0.03032171 0.25909918 0.11492590 0.30244197 0.06494251 0.11192802 0.09533594 0.08436984 0.05564457
0.03983758 0.00830638 0.00137499 0.00910242 0.05848915 0.25599819 0.12627218 0.30237734 0.06504220 0.10997900 0.08956456 0.08514780 0.03233486
0.04216104 0.01137481 0.00115859 0.01186432 0.03710314 0.25657149 0.13172378 0.30450186 0.06305411 0.10722382 0.09861972 0.08304790 0.04508950
0.04200582 0.00846975 0.00108604 0.01082509 0.04955773 0.25475977 0.12354264 0.30301935 0.06665788 0.10788546 0.09719723 0.08624969 0.03291553
0.04066386 0.00490868 0.00143903 0.00383240 0.04286676 0.25621938 0.12679403 0.30276913 0.06645910 0.11322151 0.08879252 0.08377720 0.03319090
0.03998456 0.00513342 0.00106553 0.00511643 0.05433089 0.25267620 0.11795878 0.30385994 0.07550272 0.11563062 0.09233965 0.08557998 0.03388864
0.03885518 0.01431048 0.00112367 0.01561300 0.06415865 0.25368508 0.11616099 0.30311341 0.06411544 0.12044104 0.09081446 0.08778162 0.03272335
0.03672147 0.00673530 0.00155499 0.00687982 0.06305138 0.25409492 0.12232105 0.30472946 0.06405021 0.11366238 0.09000672 0.08563414 0.05088442
0.03562954 0.00941193 0.00118141 0.00985429 0.06917131 0.25302330 0.11442012 0.30530798 0.06473539 0.10178475 0.09570249 0.08624102 0.03061280
0.03297150 0.00989465 0.00188831 0.01040563 0.05594691 0.25559329 0.11732400 0.30586733 0.07122413 0.10097684 0.09063164 0.08383807 0.03573127
0.03060381 0.01640229 0.00175524 0.01734931 0.05039205 0.25636361 0.12006837 0.30720665 0.07546171 0.09964296 0.09423267 0.08766557 0.04167283
0.03041155 0.00620761 0.00364158 0.00617646 0.06064706 0.25287850 0.11796013 0.30681863 0.06804688 0.10871049 0.09192241 0.08334193 0.03693605
0.03263934 0.00550713 0.00254951 0.00758888 0.05172866 0.25564169 0.11504413 0.30560018 0.06180675 0.10938630 0.09866320 0.08868817 0.04037305
0.03600489 0.00939835 0.00137270 0.01271928 0.06210565 0.25470596 0.12068665 0.30550621 0.05936266 0.11289683 0.08812099 0.08549327 0.04749217
0.03611776 0.00476383 0.00166635 0.00571123 0.03544272 0.25788158 0.11599460 0.30327119 0.06102732 0.12511090 0.09328486 0.08528913 0.04339593
0.03728229 0.00492834 0.00179941 0.00589163 0.04170342 0.25805744 0.12296035 0.30379778 0.06349245 0.11665627 0.08794106 0.08724786 0.03943290
0.04081684 0.00811920 0.00094361 0.00839701 0.03764917 0.25913348 0.11259776 0.30220177 0.06787366 0.10316500 0.09381214 0.08598559 0.03573573
0.04285458 0.00700363 0.00099123 0.00636083 0.06483514 0.26418893 0.11617746 0.30333334 0.07220459 0.10634063 0.09268683 0.08309929 0.03062582
0.04303832 0.00828746 0.00096435 0.01341129 0.04715727 0.26078684 0.11732323 0.30426385 0.06778357 0.11168429 0.09148712 0.08530542 0.04312513
0.03951657 0.00900791 0.00152886 0.01071478 0.05540408 0.26582075 0.11556334 0.30601829 0.07293649 0.11661585 0.09010147 0.08424035 0.03355593
0.03805209 0.00795515 0.00453944 0.00929796 0.06238770 0.26328014 0.11719218 0.30412667 0.05918777 0.11364724 0.09216002 0.08933982 0.03345479
0.03798628 0.00823643 0.00179054 0.00798921 0.03973080 0.26265816 0.11933274 0.30651183 0.06820746 0.11640909 0.08773587 0.08199365 0.03109552
0.03868889 0.01101143 0.00189361 0.01221245 0.04268283 0.26499469 0.11122258 0.30316099 0.07668037 0.11782839 0.09869748 0.08801837 0.03257894
0.04063677 0.00957969 0.00259313 0.00885543 0.04354983 0.25993223 0.12044598 0.30474218 0.07040113 0.11382342 0.08496603 0.08896773 0.03139622
0.04292693 0.00536778 0.00121090 0.00533873 0.03836778 0.26001231 0.11917503 0.30520014 0.06275181 0.10938090 0.08984029 0.09037716 0.03403698
0.04531794 0.00549901 0.00091701 0.00572792 0.05964925 0.25899890 0.11629323 0.30490143 0.06698556 0.11498318 0.09085681 0.08539860 0.03212833
0.04609418 0.01139554 0.00081823 0.01173459 0.05114215 0.25563843 0.11609923 0.30806547 0.07673828 0.11810439 0.09459226 0.08180930 0.03167360
0.04558373 0.00871948 0.00086611 0.00671234 0.04737032 0.25515009 0.12045122 0.30676806 0.07224617 0.11348634 0.08861550 0.08535735 0.03166313
0.04376460 0.01612128 0.00090945 0.01599108 0.05717996 0.25309151 0.11533479 0.30838186 0.07060357 0.11298914 0.09826419 0.08595220 0.03236917
0.04135005 0.00441252 0.00115073 0.00490464 0.03256209 0.25130290 0.12602500 0.30735413 0.06818877 0.12824442 0.09427184 0.08286287 0.04231818
0.03856771 0.00292046 0.00209541 0.00648060 0.02997503 0.25202281 0.12543230 0.30603883 0.06754485 0.12614471 0.10214793 0.08794076 0.04636143
0.03606540 0.00498555 0.00151816 0.00451880 0.03063287 0.24756197 0.11712461 0.30661982 0.07664367 0.11768617 0.09905639 0.08834247 0.03170028
0.03339602 0.00501718 0.00201775 0.00614101 0.04504175 0.25069212 0.12091729 0.30501145 0.07227020 0.11285238 0.09088184 0.08756445 0.03618505
0.03420608 0.00308833 0.00273735 0.00259109 0.02138083 0.24732204 0.11027693 0.30514094 0.07212963 0.11869665 0.10024755 0.08708199 0.03216353
0.03722455 0.00721076 0.00158929 0.00091593 0.00920284 0.24976550 0.11584108 0.30570433 0.07699733 0.12633999 0.10204460 0.09289010 0.03176241
0.03965542 0.00289668 0.00166505 0.00161751 0.00321093 0.24757083 0.11996823 0.30816968 0.06922283 0.12412366 0.09086667 0.08392644 0.03796040
0.04308518 0.00336232 0.00159221 0.00323179 0.04447239 0.24954383 0.11537298 0.30581917 0.06633328 0.12257208 0.09179900 0.08474567 0.03009867
0.04550680 0.00479207 0.00117774 0.00670468 0.04265768 0.25129172 0.11446468 0.30792278 0.07114087 0.12710734 0.09709947 0.08647755 0.03058181
0.04691932 0.00339222 0.00115540 0.00144384 0.02241518 0.25131067 0.11938403 0.30748711 0.07290497 0.12889780 0.09205283 0.08391394 0.03189248
0.04709463 0.00978958 0.00103467 0.01143555 0.01862078 0.25500526 0.11264976 0.30733068 0.06747365 0.12093650 0.10070249 0.08607843 0.03187611
0.04710016 0.01190113 0.00139208 0.01436387 0.04312030 0.25483667 0.11954623 0.30711901 0.06656063 0.11271153 0.09548040 0.08515654 0.03155647
0.04555210 0.01036985 0.00105734 0.00937925 0.04799008 0.25893473 0.11337950 0.30647136 0.07071184 0.11249949 0.09412013 0.08888864 0.03481458
0.04214291 0.01205721 0.00382615 0.01223495 0.04885379 0.25886647 0.11373884 0.30621857 0.07218295 0.11766995 0.09673236 0.08478594 0.03170888
0.03936195 0.01090975 0.00175745 0.01162608 0.06966707 0.26186723 0.12457137 0.30712904 0.06843511 0.11724502 0.08488751 0.08551727 0.02991429
0.03850980 0.01266162 0.00144486 0.01193272 0.06486967 0.26223416 0.11168690 0.30610405 0.06564698 0.12088479 0.09120256 0.08469196 0.03168085
0.03729080 0.00737967 0.00152354 0.00796081 0.04862398 0.26469727 0.11576617 0.30632823 0.06376417 0.12913326 0.09296933 0.08610508 0.03107953
0.03648889 0.00589150 0.00184103 0.00789987 0.04336142 0.26113131 0.10826319 0.30632944 0.06902086 0.12122150 0.09436867 0.08470964 0.04824544
0.03751648 0.00439227 0.00191983 0.00375171 0.02778521 0.26416551 0.11223842 0.30655209 0.06821017 0.10857243 0.09613422 0.08651559 0.03117320
0.03807380 0.01179593 0.00119615 0.01165785 0.03538913 0.26248674 0.11188269 0.30510351 0.07294118 0.10440229 0.09262107 0.08791330 0.03218248
0.03804981 0.00634527 0.00136649 0.00430704 0.03754324 0.26221196 0.12662761 0.30510630 0.07419416 0.10952285 0.09143797 0.08706933 0.03079873
0.04040432 0.01263367 0.00153297 0.01168054 0.04622309 0.26046125 0.11059038 0.30580064 0.06867280 0.11915038 0.09790775 0.08678090 0.03088409
0.04134770 0.00840355 0.00227638 0.01178113 0.04358104 0.25701554 0.11910393 0.30603500 0.06712629 0.12041981 0.09161529 0.08620972 0.03624120
0.04168681 0.00668186 0.00224412 0.00925255 0.05884097 0.25850469 0.11552438 0.30861075 0.06862432 0.12996370 0.09052448 0.08446233 0.05689522
0.04205043 0.01240423 0.00335076 0.01132805 0.06045031 0.25456704 0.12383703 0.30959942 0.07073230 0.13459447 0.09208461 0.08538241 0.04966396
0.04417679 0.01170979 0.00149307 0.01365256 0.04876849 0.25301037 0.11755795 0.31046266 0.07551166 0.11894188 0.09417951 0.08431429 0.03775854
0.04321134 0.00658788 0.00145774 0.00520402 0.03567055 0.25331442 0.11932784 0.31028577 0.07348762 0.11067224 0.10321606 0.08533713 0.04632821
0.04362521 0.00717159 0.00393321 0.00812764 0.05431637 0.24916249 0.11451937 0.30998787 0.08628697 0.09937141 0.09954712 0.08873809 0.04110295
0.04600792 0.01128294 0.00227098 0.01214074 0.04012766 0.25001119 0.11724580 0.30895732 0.07523334 0.10756477 0.09919203 0.08689511 0.03969324
0.04746516 0.00838546 0.00144375 0.00710149 0.04757673 0.24901642 0.11304235 0.30721234 0.06595724 0.12228139 0.09304407 0.08980366 0.03408451
0.04684431 0.00729489 0.00114601 0.00727669 0.04684684 0.24604918 0.10824177 0.30602388 0.05917800 0.13233366 0.09076131 0.08608564 0.04267184
0.04666182 0.00580216 0.00202782 0.00792568 0.03559318 0.24804863 0.11092022 0.30625259 0.06073498 0.12900614 0.08125143 0.08358486 0.05618413
0.04517229 0.00427174 0.00362256 0.00461825 0.02595135 0.24678870 0.10712832 0.30814151 0.06997977 0.12007219 0.09256702 0.08806496 0.04159283
0.04454430 0.00970676 0.00151056 0.00871194 0.03261814 0.24887426 0.10483726 0.30623868 0.08264441 0.10537789 0.09593420 0.08444327 0.04043716
0.04400666 0.00943571 0.00165688 0.00749157 0.03770066 0.24793130 0.10940938 0.30701920 0.07239489 0.09633017 0.09408498 0.08487444 0.03106685
0.04444016 0.00630543 0.00250359 0.00633746 0.03718448 0.25159540 0.11338255 0.30610731 0.06572583 0.09865904 0.09785303 0.08519956 0.03477116
0.05449480 0.00365700 0.00166206 0.00307880 0.03568857 0.25171409 0.11363543 0.30730755 0.07309606 0.11700389 0.08986415 0.08689603 0.03009308
0.05675587 0.00395169 0.00128076 0.00072072 0.00484392 0.25499031 0.11322172 0.30574372 0.06595615 0.12803856 0.09114912 0.08755538 0.03002166
0.05745816 0.00363478 0.00106865 0.00461896 0.03143261 0.25619404 0.11255834 0.30839380 0.06463777 0.11918518 0.08634403 0.08251472 0.03021110
0.05682660 0.00436980 0.00099640 0.00458172 0.04530399 0.26038320 0.11576750 0.30784857 0.07089301 0.11528520 0.07814640 0.08555493 0.03025863
0.05611318 0.01088974 0.00179174 0.01291412 0.06601889 0.26078554 0.10726173 0.30839858 0.07136058 0.11939934 0.09350759 0.08439309 0.03040104
0.05470861 0.00648238 0.00139191 0.00613964 0.04798317 0.26369604 0.10967940 0.31025723 0.06578210 0.11358645 0.08967364 0.08351959 0.03108075
0.05292699 0.00957661 0.00181518 0.01033076 0.04777088 0.26370560 0.11134023 0.30877431 0.06757854 0.10889579 0.08703801 0.08919824 0.03203595
0.05075866 0.00518474 0.00174706 0.00794851 0.04450297 0.26313953 0.11092406 0.30949072 0.06411852 0.10993709 0.09567315 0.08497439 0.04756881
0.04885149 0.00597507 0.00161804 0.00609397 0.03257625 0.26457283 0.11358758 0.30712413 0.06764618 0.12088642 0.08931623 0.08439266 0.03214093
0.04756374 0.00252620 0.00268019 0.00347843 0.02208760 0.26406808 0.10965791 0.30606342 0.06458674 0.11886443 0.08547633 0.08826737 0.03606478
0.04883215 0.00563219 0.00207502 0.00381496 0.02957364 0.26275735 0.10695736 0.30579590 0.06108848 0.11950626 0.09370793 0.08544924 0.02911308
0.05012999 0.00282826 0.00171558 0.00121239 0.00331466 0.26044299 0.11551757 0.30529707 0.06771393 0.11287600 0.08573914 0.08520568 0.03353363
0.05203212 0.00151245 0.00099801 0.00085607 0.00125765 0.26050879 0.10925832 0.30743092 0.06455152 0.11128393 0.09828355 0.08161507 0.02954644
0.04740784 0.00317536 0.00096646 0.00183745 0.00239918 0.25745375 0.11238108 0.30844770 0.06745854 0.10771637 0.09028934 0.08365301 0.02913034
0.04683790 0.00373787 0.00096580 0.00077848 0.00361133 0.25714820 0.11399592 0.31111619 0.06998147 0.10187939 0.08876925 0.08310200 0.03117705
0.04544524 0.00304494 0.00101427 0.00187368 0.00340020 0.25483160 0.11143637 0.31017535 0.06123377 0.10970665 0.09185498 0.08442903 0.03910729
0.04438766 0.00366354 0.00129601 0.00548394 0.00809452 0.25323281 0.11217492 0.31165181 0.06183940 0.11832676 0.09238409 0.08361177 0.03461384
0.04286193 0.00421637 0.00101661 0.00417215 0.04371007 0.24898857 0.11733636 0.30973856 0.06095721 0.12287294 0.08522093 0.08480162 0.03371425
0.04224290 0.00404569 0.00146772 0.00549757 0.04454111 0.24926771 0.10704322 0.30988820 0.06135208 0.11139049 0.09326279 0.08691422 0.04543703
0.03786196 0.00477187 0.00123843 0.00282389 0.02002010 0.24546683 0.11077306 0.31121329 0.08122351 0.10567264 0.08472267 0.08515915 0.02930756
0.04060849 0.01369085 0.00190534 0.01347826 0.03199533 0.25060550 0.10586036 0.30824940 0.07384051 0.10191305 0.09615166 0.08575634 0.03295837
0.04126548 0.00556806 0.00127683 0.00544806 0.05710834 0.24607983 0.10547613 0.31155229 0.06886552 0.10392799 0.08723798 0.08454217 0.03601870
0.04023805 0.00405415 0.00105974 0.00449914 0.05124134 0.24949014 0.10426989 0.30877244 0.05730174 0.11144354 0.08841267 0.08426606 0.04107005
0.04030624 0.01310691 0.00203224 0.01251631 0.07130770 0.24722460 0.10734166 0.31036209 0.06217993 0.11571139 0.07726317 0.08815765 0.05712665
0.04121292 0.00557492 0.00110339 0.00359738 0.04214669 0.25343679 0.10692283 0.31071236 0.06479688 0.11669419 0.09993993 0.08223493 0.03343896
0.03994666 0.00713054 0.00167024 0.01078259 0.05627760 0.25531283 0.11091760 0.30856038 0.07234153 0.11070142 0.08202036 0.08573023 0.03081936
0.03772135 0.00520800 0.00170482 0.00617046 0.03854254 0.25835705 0.11453300 0.31044566 0.06212359 0.11341348 0.09337219 0.09046140 0.03210864
0.05356499 0.01068437 0.00182866 0.01214672 0.04709752 0.26018074 0.12059434 0.30987410 0.05858927 0.11008710 0.07975213 0.08642609 0.03245125
0.05572000 0.00627458 0.00161002 0.00509263 0.05607020 0.26523784 0.11171112 0.31129693 0.06009496 0.11565333 0.09093314 0.08419896 0.04774800
0.05789136 0.00585478 0.00096764 0.00770991 0.05374622 0.26532341 0.10685142 0.31178208 0.06591841 0.10704919 0.08207303 0.08175676 0.03284190
0.05507562 0.00628300 0.00118753 0.01038679 0.04035622 0.26851705 0.10803598 0.30985909 0.06492060 0.10099337 0.08565475 0.08136171 0.04172177
0.05420827 0.00532850 0.00123739 0.00558255 0.02934818 0.27027093 0.11062744 0.31197987 0.06178771 0.10326508 0.08062905 0.08442803 0.03200841
0.05491656 0.00858068 0.00096640 0.00806295 0.04730851 0.26840493 0.10970733 0.30972243 0.05532811 0.10814833 0.09472505 0.08365944 0.03170231
0.05822762 0.01294128 0.00113035 0.01407997 0.04346375 0.26566855 0.12245438 0.30920021 0.06540693 0.10928130 0.08541421 0.08249742 0.03127440
0.05653575 0.01558295 0.00119779 0.01648567 0.05244703 0.26450507 0.11048676 0.30757871 0.06192103 0.10119530 0.08479344 0.08570280 0.04136420
0.05658908 0.00684862 0.00115615 0.00467945 0.02937206 0.26325383 0.10568168 0.30827333 0.06695607 0.09825244 0.08604302 0.08402034 0.03037635
0.05799814 0.00495461 0.00164639 0.00831880 0.05243727 0.26150646 0.11306861 0.30708414 0.06661820 0.10288371 0.08272516 0.08630774 0.02905951
0.05726792 0.00233987 0.00227367 0.00273365 0.03501425 0.25889665 0.10832947 0.30861470 0.06246068 0.09715095 0.08905296 0.08460582 0.02907556
0.05547081 0.00479978 0.00430706 0.00387996 0.02484023 0.25726480 0.11191100 0.30975665 0.06870400 0.09569126 0.08444677 0.09022687 0.02700770
0.05401856 0.00525303 0.00132802 0.00315851 0.02521129 0.25360714 0.11109412 0.30934260 0.06640798 0.10434314 0.08655240 0.08420656 0.03031490
0.05329599 0.01474315 0.00110078 0.01286887 0.03675781 0.25274913 0.11182184 0.31294889 0.06777441 0.11180983 0.08575099 0.08583437 0.03090955
0.05341447 0.00404095 0.00097852 0.00592393 0.05619430 0.25117162 0.11369592 0.31162962 0.05737231 0.11220522 0.08573376 0.08340859 0.02936795
0.05308227 0.00602657 0.00176772 0.00555500 0.03942395 0.24922253 0.11546150 0.31181808 0.06892016 0.11432750 0.07772167 0.08584171 0.02947669
0.05221678 0.00499546 0.00214101 0.00522564 0.05167126 0.24880052 0.10658964 0.31242502 0.06211680 0.10919990 0.09575053 0.08603968 0.03172843
0.05224499 0.00644851 0.00127200 0.00563158 0.04435455 0.24434482 0.11668153 0.30991214 0.06935815 0.10066650 0.08436358 0.08788224 0.03102549
0.05252947 0.00465465 0.00091977 0.00546183 0.03183247 0.24600003 0.10890633 0.30979710 0.06806405 0.09682339 0.09434738 0.08680372 0.03115405
0.05233162 0.00719540 0.00098148 0.01016029 0.02701510 0.24634238 0.11003187 0.31168104 0.06513403 0.09184492 0.08414735 0.08379064 0.02642600
0.05106063 0.00484716 0.00120157 0.00087518 0.03370532 0.24753428 0.10573045 0.30803814 0.07244157 0.10462284 0.09176604 0.08594435 0.02743413
0.05134697 0.00732971 0.00311511 0.01013734 0.06071053 0.24723405 0.11143259 0.31107628 0.05955745 0.11442938 0.08388875 0.08561838 0.02686070
0.05151778 0.00395869 0.00159062 0.00314282 0.03846869 0.24940356 0.10766934 0.30845329 0.05080843 0.11746425 0.08325157 0.08352789 0.03214475
0.05233373 0.00515626 0.00224944 0.00744255 0.03729617 0.25087738 0.11513973 0.30811699 0.05684016 0.11441724 0.07657264 0.08285769 0.02955814
0.05309502 0.00747395 0.00195089 0.00685293 0.02854632 0.25808767 0.11134913 0.30919456 0.06063639 0.10790091 0.08799827 0.08586231 0.04080519
0.05416848 0.00812516 0.00127393 0.01111231 0.04632379 0.25826274 0.11339710 0.30808556 0.06534893 0.09775806 0.08704098 0.08661469 0.04917304
0.06136834 0.00907529 0.00415085 0.01059890 0.04430682 0.26181435 0.11217406 0.31001877 0.06900123 0.08587822 0.09290317 0.09191314 0.03615680
0.06284532 0.01157943 0.00162166 0.01244863 0.04716721 0.26237875 0.11672758 0.31063138 0.06574236 0.09032744 0.09054691 0.08562537 0.03855007
0.06200870 0.00990460 0.00395593 0.01099032 0.05377151 0.26164162 0.11321849 0.31006466 0.05984156 0.11603393 0.09235698 0.08545224 0.04135832
0.06356618 0.01095709 0.00113995 0.01441910 0.04965521 0.26372551 0.12438619 0.31136360 0.06088420 0.11095320 0.08556167 0.08277176 0.03903116
0.06177362 0.00580699 0.00172049 0.00618311 0.04887524 0.26059474 0.10714143 0.31142058 0.05507986 0.13044112 0.09355570 0.08553463 0.03209415
0.06176598 0.00876055 0.00186083 0.00798698 0.04742708 0.26145801 0.11079951 0.31078240 0.06429488 0.12053394 0.07847024 0.08417739 0.03083839
0.06195570 0.00856158 0.00250263 0.00863019 0.03951456 0.25716962 0.10827483 0.30792212 0.06152636 0.11556109 0.08670718 0.08604134 0.02999145
0.06164671 0.00333541 0.00244228 0.00321047 0.04102883 0.25909103 0.10901266 0.30867455 0.06889033 0.10945662 0.08887136 0.08664308 0.03839100
0.06192449 0.00533657 0.00169496 0.00656741 0.03964289 0.25535696 0.10470615 0.30692314 0.06750193 0.10188342 0.08745973 0.09044809 0.02799128
0.06262693 0.00428912 0.00164455 0.00390211 0.02623170 0.25278222 0.10918623 0.30717501 0.06123068 0.10880265 0.09278409 0.08752079 0.02881522
0.06378602 0.00647041 0.00157138 0.00862601 0.04428808 0.25021178 0.10571864 0.30810818 0.06248675 0.11386114 0.09464631 0.08563742 0.02680230
0.06383038 0.00392264 0.00107228 0.00307171 0.03256936 0.24934989 0.11180821 0.30880997 0.07372808 0.11185089 0.08034447 0.08427581 0.02886059
0.06311588 0.00456074 0.00092579 0.00521542 0.03703991 0.24559794 0.10163572 0.31023996 0.06111655 0.11182061 0.09886486 0.08236995 0.03099476
0.06364248 0.00659818 0.00144714 0.00268669 0.01637152 0.24596986 0.10814221 0.31058914 0.07815884 0.11204072 0.07926069 0.08341418 0.03160772
0.05945120 0.00323622 0.00126458 0.00457973 0.03203822 0.24236419 0.10673550 0.31056727 0.06686698 0.11720601 0.09439642 0.08338837 0.03262544
0.06181418 0.00988446 0.00152817 0.01232601 0.05387904 0.24281352 0.10546949 0.31226213 0.06248482 0.11311903 0.08566273 0.08711371 0.02937591
0.06205395 0.00466896 0.00174295 0.00443428 0.05518692 0.24392964 0.10268545 0.31004989 0.06533277 0.10563380 0.08480673 0.08433640 0.04571941
0.06275964 0.00799450 0.00137384 0.01134689 0.04875642 0.24097903 0.10178423 0.31014235 0.06410526 0.10530400 0.08844340 0.08570001 0.03440963
0.06081864 0.00487949 0.00116557 0.00719749 0.04198917 0.24485383 0.09843854 0.30957882 0.06586452 0.10703627 0.09417210 0.08591275 0.02836906
0.05987910 0.00610624 0.00108169 0.00854319 0.06335204 0.24430823 0.10268155 0.30940692 0.06707915 0.11183919 0.07578646 0.08402008 0.03201648
0.05804468 0.00369841 0.00109941 0.00492113 0.03210042 0.24772103 0.10155340 0.30858706 0.05679505 0.11305313 0.08900553 0.08288172 0.03465905
0.05425112 0.00453235 0.00148111 0.00534003 0.04448549 0.24875442 0.10140613 0.30897293 0.06090203 0.11111336 0.07502572 0.08543070 0.03891218
0.05085319 0.00581274 0.00180917 0.00735827 0.04655800 0.25281498 0.09756947 0.30842791 0.05847925 0.10857452 0.08286598 0.08525229 0.02997421
0.04739514 0.00499600 0.00170389 0.00537591 0.04115683 0.25462177 0.10074583 0.30745956 0.06136266 0.10162695 0.09340005 0.08389381 0.02938767
0.04623977 0.01400087 0.00170538 0.01426123 0.04347892 0.25743613 0.10259427 0.30794723 0.06484548 0.09449682 0.09536745 0.08612150 0.02848098
0.04754165 0.00698408 0.00309228 0.00594875 0.03672304 0.26038336 0.11118453 0.30765801 0.06838860 0.10595052 0.08280789 0.08793161 0.03156120
0.05029426 0.00615811 0.00193933 0.00560464 0.04073300 0.26427565 0.11200500 0.30982025 0.05673380 0.10164196 0.09626528 0.08798396 0.03257214
0.05542236 0.01220864 0.00141145 0.01491452 0.06268697 0.26151703 0.11058687 0.30968059 0.06343322 0.10527892 0.08332111 0.08319197 0.03953605
0.05842562 0.01856357 0.00164073 0.01981238 0.04142517 0.26619729 0.11079316 0.31016195 0.05839974 0.10659747 0.08216647 0.08269301 0.04880756
0.05713304 0.00568699 0.00146584 0.00610113 0.03150908 0.26395279 0.11279760 0.31154602 0.05331164 0.10511006 0.08793431 0.08261993 0.05490767
0.05602515 0.02131101 0.00088167 0.02350226 0.05564541 0.26569553 0.11507480 0.31072035 0.06795727 0.10221924 0.07899254 0.08084252 0.03490784
0.05394870 0.00798381 0.00203782 0.00966322 0.03902682 0.26175380 0.10348411 0.30926424 0.06017650 0.09696564 0.08425624 0.08729661 0.04274738
0.05182134 0.01290909 0.00100256 0.01245087 0.07576093 0.25917484 0.10726021 0.31038282 0.06391764 0.09829895 0.08729240 0.08813591 0.03435187
0.05114109 0.00593614 0.00081877 0.00713387 0.05923588 0.25612087 0.10543579 0.30814672 0.06367669 0.09657375 0.08469458 0.08665473 0.03821405
0.04868873 0.00773243 0.00177401 0.00858061 0.05357784 0.25502015 0.11037030 0.30951172 0.05601042 0.09735803 0.08066416 0.08710936 0.03031201
0.04663658 0.00755126 0.00149139 0.01114942 0.03836387 0.25024195 0.10461744 0.30748399 0.06015001 0.10605633 0.08553141 0.08679227 0.03262764
0.04508682 0.00354712 0.00111675 0.00287621 0.04904511 0.25028034 0.11118112 0.31017029 0.06274504 0.10762621 0.07617146 0.08410758 0.03715153
0.03537064 0.00629891 0.00145678 0.00802964 0.03927578 0.24702680 0.10658343 0.31022984 0.05217170 0.10332381 0.09285174 0.08050954 0.03139143
0.03572833 0.01194535 0.00087856 0.01131029 0.05239473 0.24619056 0.10638953 0.31032339 0.05589182 0.09525361 0.08040750 0.08694532 0.05177446
0.03557327 0.00570238 0.00128426 0.00615304 0.05483518 0.24359148 0.10029475 0.31179893 0.06570034 0.10412248 0.08767206 0.08569263 0.04566819
0.03507150 0.00724010 0.00119363 0.00901863 0.02344822 0.24217836 0.11563296 0.31075881 0.06608707 0.09792242 0.09047487 0.08739749 0.02927159
0.03210771 0.01047693 0.00149783 0.00706505 0.03863238 0.24282439 0.10441601 0.31127957 0.06860766 0.10005718 0.08533499 0.08711309 0.04618237
0.03225377 0.00868552 0.00169741 0.00794077 0.05589872 0.24089413 0.10424075 0.30926792 0.06395955 0.10792145 0.08475807 0.08843728 0.03929607
0.03296135 0.00499985 0.00106709 0.00631839 0.03905312 0.24297857 0.09801989 0.30927737 0.05672801 0.11787688 0.09471330 0.08614571 0.03304545
0.03426919 0.00638124 0.00139780 0.00608895 0.04478028 0.24243691 0.10510432 0.31100802 0.05861647 0.11856913 0.07060292 0.08358952 0.04032539
0.03581108 0.01293679 0.00247137 0.01300855 0.03912190 0.24608585 0.09890037 0.30838316 0.04777904 0.12205318 0.07988282 0.08087565 0.02787873
0.03884990 0.00508309 0.00146451 0.00620041 0.04424373 0.24743865 0.09689087 0.30917194 0.06065582 0.11569113 0.07011237 0.08306241 0.02927364
0.04157636 0.00424125 0.00117121 0.00515678 0.02496704 0.24915759 0.09402682 0.30792361 0.06721282 0.10414719 0.08374040 0.08184930 0.03092336
0.04266091 0.00341578 0.00165648 0.00280273 0.02003175 0.25560020 0.10216961 0.30905214 0.06470805 0.08638552 0.09377737 0.08562172 0.04585891
0.04157383 0.00363841 0.00244171 0.00241506 0.00298095 0.25258002 0.09875528 0.30553834 0.06831760 0.08600991 0.08927613 0.08450208 0.03004375
0.03985456 0.00393288 0.00153616 0.00218540 0.00456353 0.25805101 0.10309524 0.30700977 0.06356670 0.09783928 0.08635765 0.08724390 0.03152715
0.03882356 0.00688357 0.00114544 0.00813175 0.02788807 0.25871281 0.10362929 0.30735848 0.05116174 0.10999403 0.08558054 0.08472439 0.04079349
0.03674821 0.00185203 0.00137284 0.00341593 0.02513473 0.26176518 0.10973065 0.30726429 0.05315766 0.11773914 0.06726794 0.08397874 0.04398632
0.03306892 0.00288757 0.00171727 0.00402835 0.00623419 0.26188894 0.10558387 0.30789177 0.05778535 0.10994138 0.07799497 0.08312523 0.03771902
0.02990817 0.00693519 0.00136402 0.00520814 0.02025913 0.26096527 0.11602127 0.30909870 0.05624059 0.10500125 0.08283374 0.08204326 0.03455006
0.02956364 0.00312206 0.00243322 0.00221776 0.00289223 0.25913751 0.10599632 0.30995759 0.06165935 0.10343348 0.09417958 0.08363986 0.04144536
0.03239342 0.00487128 0.00158773 0.00786931 0.03719218 0.26180238 0.10936951 0.31039558 0.06361856 0.08866124 0.08587952 0.08504554 0.04117977
0.03392502 0.00386121 0.00121514 0.00605081 0.04230761 0.25575444 0.11475047 0.30916431 0.05869214 0.07994803 0.08980429 0.08627971 0.03462817
0.04419667 0.00487750 0.00090104 0.00613234 0.02881818 0.25726075 0.11481851 0.31046106 0.05916786 0.09482104 0.07597128 0.08261758 0.03266711
0.04675526 0.00292893 0.00201784 0.00332153 0.01967009 0.25447506 0.10352366 0.30759893 0.05059095 0.09675421 0.08239876 0.08578889 0.03854536
0.04830968 0.00532445 0.00098055 0.00852602 0.03761577 0.25285288 0.10497766 0.30953793 0.04780027 0.09997865 0.07680870 0.08296717 0.02937155
0.04844980 0.01142125 0.00222764 0.01175327 0.04982877 0.25303131 0.10307365 0.30997343 0.04680561 0.10436301 0.07635660 0.08738810 0.03593297
0.04780499 0.00441564 0.00158351 0.00444643 0.04613164 0.25115796 0.10610423 0.31096297 0.05240518 0.09592123 0.08766257 0.08478765 0.04531575
0.04767776 0.00958713 0.00111173 0.00921530 0.05350696 0.24657525 0.10341329 0.30944041 0.05780569 0.07884599 0.09369739 0.08585544 0.03196081
0.04843133 0.01000871 0.00109807 0.01285227 0.06163366 0.24752875 0.10736488 0.30904477 0.06605476 0.07309489 0.07996206 0.08334815 0.03571619
0.04819020 0.00745045 0.00148464 0.00764784 0.04714882 0.25080289 0.10679257 0.30897544 0.05312292 0.08005025 0.08692571 0.08533653 0.02904976
0.04598050 0.01135422 0.00393337 0.01163982 0.05533172 0.24455433 0.10200426 0.30851552 0.05582832 0.09102601 0.07814064 0.08939900 0.03546106
0.04456103 0.01305824 0.00106560 0.01353512 0.06170169 0.24631062 0.10518585 0.30902541 0.06386724 0.09836845 0.07042988 0.08613093 0.06674664
0.04404808 0.00895282 0.00089956 0.01159497 0.04824694 0.24372100 0.10453951 0.31001607 0.06027941 0.09751723 0.07721033 0.08453683 0.04159153
0.04390290 0.01008093 0.00138074 0.01107837 0.06652795 0.24436750 0.10845456 0.31114717 0.05348472 0.09684807 0.07487211 0.08644359 0.05386546
0.04801958 0.00783908 0.00120807 0.00464688 0.04146454 0.24471282 0.10962646 0.30940927 0.06864081 0.09298695 0.08226521 0.08400513 0.03109312
0.04901143 0.00294531 0.00114872 0.00588772 0.02665628 0.24894275 0.09957074 0.30950389 0.06244521 0.08009542 0.08376773 0.08161305 0.04787694
0.04908052 0.00728466 0.00289220 0.00721970 0.04686208 0.24506730 0.09720180 0.30840729 0.06715090 0.07363856 0.08023498 0.08099091 0.02455038
0.04821244 0.00247364 0.00190409 0.00162011 0.02835241 0.25140313 0.10189807 0.30820421 0.06218821 0.08038589 0.08380618 0.08433992 0.02674409
0.04858052 0.00203253 0.00132160 0.00262895 0.03685010 0.25034063 0.09982836 0.30738075 0.05517598 0.09194374 0.08202192 0.08427864 0.03824485
0.04839849 0.00294337 0.00165413 0.00481537 0.00581889 0.25152412 0.11683277 0.30650000 0.05117424 0.10174240 0.07536760 0.08654524 0.04209727
0.04810628 0.00988919 0.00134232 0.00911497 0.03196465 0.25512376 0.10650943 0.30856575 0.05286737 0.10404365 0.07894711 0.08467882 0.03001160
0.04732828 0.01215976 0.00093169 0.01281226 0.05228095 0.25797557 0.10764948 0.30814482 0.05519055 0.10201819 0.06983798 0.08558390 0.03826572
0.04603169 0.01356732 0.00118847 0.01492520 0.03074303 0.25666841 0.10546433 0.30870761 0.05011311 0.09882024 0.07884853 0.08534604 0.03906554
0.04514334 0.00820411 0.00094402 0.00968480 0.01615312 0.25875289 0.11059501 0.31089023 0.05409373 0.08472917 0.08255314 0.08313722 0.04583630
0.04503545 0.00503599 0.00098635 0.00336465 0.00658053 0.25901252 0.11076737 0.31080373 0.06025122 0.07914281 0.08715161 0.08268364 0.04655152
0.04515210 0.00341551 0.00096242 0.00315198 0.00544874 0.25508775 0.11088474 0.31095428 0.05940091 0.08454645 0.08663592 0.08141197 0.03788783
0.04380927 0.00791087 0.00107652 0.00880705 0.03503747 0.25654542 0.10497255 0.30974524 0.05659807 0.09850560 0.08235282 0.08534700 0.02890952
0.04312536 0.00638097 0.00113342 0.00949497 0.04570448 0.25408580 0.10778340 0.31059273 0.05092619 0.09537841 0.07239890 0.08527935 0.03338329
0.04245848 0.00583195 0.00236888 0.00651741 0.03084066 0.25396737 0.10515950 0.30827873 0.04552530 0.09441927 0.08503296 0.08479408 0.04687765
0.04225916 0.00778339 0.00300034 0.00763535 0.06110157 0.25315141 0.10685392 0.30966759 0.05300606 0.09577805 0.08807917 0.08426879 0.02732754
0.04329693 0.00440880 0.00143357 0.00286320 0.04735582 0.25159046 0.10623371 0.31056524 0.05800785 0.08846609 0.08388613 0.08599875 0.02905256
0.04492228 0.00535093 0.00127872 0.00772157 0.04627175 0.25242839 0.10772979 0.31198959 0.05487039 0.07986382 0.08605187 0.08340140 0.02634436
0.04642361 0.00274941 0.00069885 0.00269707 0.03314847 0.25244688 0.11178122 0.31196207 0.05552764 0.08331215 0.07875521 0.08187416 0.04607660
0.04661261 0.00821738 0.00184053 0.01221014 0.05149512 0.25146951 0.10345953 0.31068618 0.06177413 0.09184140 0.08126658 0.08351904 0.02726013
0.04622602 0.01021788 0.00101170 0.00862138 0.05089237 0.25228138 0.10663350 0.31215032 0.04885670 0.09719782 0.08230014 0.08173938 0.03767145
0.04577671 0.00868792 0.00187468 0.00817805 0.05849004 0.25045416 0.10507192 0.30885651 0.04813530 0.09586278 0.06992755 0.08548576 0.02962910
0.04643682 0.01298558 0.00325224 0.01196355 0.05392592 0.24961092 0.10283931 0.30953582 0.04794947 0.09452077 0.08063571 0.09289470 0.03007465
0.04622501 0.00362554 0.00203732 0.00459342 0.04229477 0.25040923 0.10310290 0.30815417 0.05257818 0.09526823 0.07667638 0.08519130 0.03075834
0.04711152 0.00215315 0.00436904 0.00603921 0.03047932 0.24976519 0.10114331 0.30815762 0.05296542 0.09048991 0.08029552 0.08589454 0.02734040
0.04738018 0.00297724 0.00149045 0.00287597 0.04732938 0.25089204 0.10311153 0.30989987 0.05660746 0.07947548 0.07783804 0.08237457 0.02686435
0.04784720 0.00516294 0.00103851 0.00607726 0.05202463 0.25389130 0.09674553 0.31136964 0.05251786 0.08491267 0.08002502 0.08146008 0.02446051
0.04744467 0.00793024 0.00076980 0.00672450 0.02309750 0.25103523 0.10260923 0.31283751 0.05986602 0.08082276 0.07754227 0.08072746 0.04082893
0.04701624 0.00315946 0.00076175 0.00314987 0.02896156 0.25466388 0.10243382 0.31243477 0.05645170 0.08461434 0.08642590 0.08101885 0.03011826
0.04425927 0.01324280 0.00188918 0.01473814 0.05128074 0.25432537 0.09973889 0.31176389 0.04886434 0.08884900 0.07312249 0.08611096 0.03709533
0.03986592 0.00836372 0.00133798 0.00852551 0.05496082 0.25698080 0.09992757 0.31089601 0.04487611 0.09190133 0.08048259 0.08327991 0.04138501
0.03600880 0.01048232 0.00129229 0.01340030 0.08703144 0.25683905 0.10633906 0.31135424 0.05144805 0.08174297 0.07628894 0.08447173 0.05540077
0.02666324 0.01003200 0.00148419 0.00729149 0.04950768 0.25580460 0.11045889 0.31122139 0.05970876 0.08187394 0.08164227 0.08549810 0.04315396
0.02706567 0.00680042 0.00238892 0.00996236 0.05042564 0.26026210 0.11007897 0.31050549 0.05601549 0.08461861 0.07816136 0.08597783 0.04951803
0.02775804 0.00478969 0.00217503 0.00343987 0.02752948 0.25647419 0.10803115 0.31114921 0.05506117 0.08290618 0.08379078 0.08491062 0.03419699
0.02977897 0.00621706 0.00126398 0.00659619 0.00593947 0.26024378 0.11448224 0.31025966 0.06888304 0.08782815 0.07693036 0.08220840 0.05251227
0.03170780 0.00422145 0.00112183 0.00724850 0.03834873 0.25516981 0.10670779 0.31075226 0.05624640 0.09395464 0.08060485 0.08161501 0.04673472
0.03296050 0.00507076 0.00095067 0.00582651 0.04250936 0.25558032 0.11152112 0.31199157 0.05445219 0.09460624 0.07552523 0.08377581 0.03882487
0.03616654 0.00304976 0.00122708 0.00479164 0.02709409 0.25216008 0.11705824 0.31142091 0.05680053 0.09219375 0.08481109 0.09008674 0.04126937
0.03675171 0.01073545 0.00138112 0.01096654 0.04471103 0.25202884 0.11219428 0.31076318 0.05852708 0.09216367 0.09121467 0.08804048 0.03308554
0.03619856 0.00482322 0.00177487 0.00313898 0.03637783 0.25021771 0.10522389 0.31050461 0.06692068 0.09697761 0.09630358 0.08531840 0.03202861
0.03468979 0.00933723 0.00146528 0.00994521 0.03661144 0.25119779 0.10760648 0.31113952 0.06355526 0.09405081 0.07758503 0.08449073 0.02960548
0.05207029 0.00590881 0.00233658 0.00748144 0.03859178 0.25016903 0.10689949 0.31364525 0.05755480 0.09950219 0.07964355 0.08581772 0.04047633
0.05162529 0.01429623 0.00125241 0.01385737 0.05065282 0.24801249 0.10904498 0.31352550 0.05322480 0.10782280 0.07484907 0.08459469 0.02961995
0.05147848 0.00787157 0.00095307 0.01066240 0.04973870 0.24806122 0.11251148 0.31399968 0.05092385 0.10259421 0.09326688 0.08273540 0.03499459
0.05244756 0.01290941 0.00138869 0.01657787 0.02733698 0.24784975 0.10266026 0.31443169 0.05227275 0.08995745 0.08158258 0.08193437 0.05013967
0.05279196 0.00616651 0.00106564 0.00802524 0.04779888 0.24641007 0.10111705 0.31132585 0.06648791 0.08536752 0.08492826 0.08567128 0.05027724
0.05146063 0.00875041 0.00312788 0.01020849 0.05048956 0.24436771 0.10421248 0.31057012 0.06169051 0.09259203 0.08502321 0.08859961 0.04556036
0.05273634 0.00964286 0.00083596 0.00655970 0.04149363 0.24602910 0.09972563 0.30899855 0.06113823 0.09484575 0.08826697 0.08607950 0.03318084
0.05235487 0.00905034 0.00109917 0.01137634 0.06704070 0.24484156 0.10128518 0.31016762 0.05508858 0.10039783 0.07212195 0.08672469 0.03517579
0.05283001 0.00475165 0.00139097 0.00339309 0.05608870 0.24420832 0.09889722 0.30935585 0.05111428 0.11289092 0.07512006 0.08225462 0.02900945
0.05299611 0.00509053 0.00096396 0.00955064 0.04901287 0.24637848 0.09563886 0.31133619 0.05767175 0.10720732 0.07662879 0.08351905 0.03718139
0.05201273 0.00250687 0.00098719 0.00373164 0.01795363 0.24518081 0.10369075 0.31204442 0.06316288 0.09432125 0.09103703 0.08314173 0.03549246
0.05203502 0.00167408 0.00122432 0.00246488 0.00331149 0.25322011 0.09960470 0.31195240 0.06161759 0.08469965 0.08363840 0.08226597 0.03296701
0.05376387 0.00181264 0.00106613 0.00147755 0.00376950 0.24892027 0.10613718 0.31218809 0.06075967 0.09101234 0.08808567 0.08220080 0.02596644
0.05447504 0.00703217 0.00083872 0.00702413 0.01461912 0.25400690 0.10794295 0.31152030 0.06067886 0.10311351 0.08630638 0.08317883 0.03104105
0.05556711 0.00490932 0.00137962 0.00749762 0.04224544 0.25238097 0.10929867 0.31223304 0.06666600 0.10707627 0.08069864 0.08554945 0.03309240
0.05459114 0.01527236 0.00341404 0.01833993 0.04755332 0.25408461 0.10539500 0.31428751 0.05220365 0.10682359 0.08137150 0.08985176 0.02880736
0.05319809 0.00584965 0.00081847 0.00689083 0.05169407 0.25374455 0.12159576 0.31277145 0.05320126 0.10779356 0.08255315 0.08485810 0.04036439
0.05374802 0.00858969 0.00072891 0.01175468 0.06616183 0.25226313 0.11864568 0.31445346 0.06471008 0.10348939 0.08439608 0.08478676 0.02949696
0.05311791 0.00526871 0.00078481 0.00706667 0.03416376 0.25408751 0.11036271 0.31328777 0.05891388 0.09157497 0.09328137 0.08320644 0.05928752
0.05234245 0.01291990 0.00119681 0.01410516 0.04947163 0.25538688 0.11079875 0.31473121 0.06777826 0.08446511 0.08353072 0.08192818 0.02992406
0.05107432 0.00455328 0.00204357 0.00658776 0.04582523 0.25411199 0.10521041 0.31307115 0.06177075 0.09967332 0.09268491 0.08122156 0.04958234
0.05171973 0.00669843 0.00400195 0.00750606 0.05227776 0.25460805 0.11119255 0.31431147 0.05975770 0.10763394 0.08265821 0.08726265 0.02812316
0.05765060 0.00631879 0.00161595 0.00476932 0.03481038 0.25386911 0.10976604 0.31189680 0.05020394 0.11041051 0.07774580 0.08575710 0.02956044
0.06477126 0.00191303 0.00108370 0.00657119 0.00631394 0.25492671 0.11211868 0.31107576 0.04571781 0.10654086 0.07870720 0.08404022 0.03793098
0.06424244 0.00196027 0.00084387 0.00211999 0.03348867 0.25662174 0.10520070 0.31100567 0.05270976 0.10194333 0.08063037 0.08269513 0.02816700
0.06310539 0.00275604 0.00166912 0.00782950 0.02842523 0.25420556 0.10398043 0.31245890 0.05933488 0.09581159 0.08141277 0.08155260 0.04316473
0.06256618 0.00477117 0.00078133 0.00697314 0.03528605 0.25479342 0.10183009 0.31456616 0.05743705 0.08475636 0.09366718 0.08482691 0.03798725
0.06383869 0.00787661 0.00056549 0.00810069 0.01854658 0.25380526 0.10549061 0.31587351 0.06294719 0.08443436 0.08043087 0.08176722 0.03615539
0.06183780 0.00721285 0.00104845 0.00778091 0.03802326 0.25577981 0.10160921 0.31466880 0.05949676 0.09215273 0.08358544 0.08092396 0.02807261
0.05563089 0.00389441 0.00098302 0.00567607 0.03496318 0.25388706 0.09867663 0.31395686 0.04889136 0.10046352 0.07798994 0.07864637 0.02583571
0.04952972 0.00406394 0.00121955 0.00423204 0.03677738 0.25346197 0.09734302 0.31271944 0.05044160 0.10811977 0.06901246 0.08405484 0.02687458
0.04429503 0.00655470 0.00189468 0.00714785 0.04415732 0.25149975 0.09374542 0.31040737 0.04543303 0.10658247 0.07695116 0.08738732 0.02623661
0.04599774 0.00322667 0.00208122 0.00126406 0.02093877 0.25301729 0.10000634 0.31090888 0.04895615 0.10159675 0.07691300 0.08355272 0.02799914
0.05109210 0.00458665 0.00154947 0.00310680 0.03920377 0.25104942 0.10523162 0.31126340 0.06500433 0.08573767 0.07874685 0.08331784 0.02418417
0.05614338 0.00827662 0.00362080 0.00852831 0.03527395 0.25255637 0.09731768 0.31248359 0.06583029 0.07721895 0.08546415 0.08403422 0.02765841
0.05599479 0.00525418 0.00119301 0.00601312 0.05054281 0.24971517 0.09577749 0.31304907 0.06110231 0.07656537 0.08717664 0.08299638 0.03632458
0.05529608 0.00375907 0.00093030 0.00306866 0.02257998 0.25240557 0.10065492 0.31338710 0.05742691 0.09053017 0.07591179 0.08148748 0.02961551
0.05410083 0.01390792 0.00082812 0.01658296 0.02535073 0.25268887 0.10537845 0.31355469 0.04816712 0.10332738 0.07416800 0.07798874 0.02513492
0.05516888 0.00247117 0.00119695 0.00084484 0.02600770 0.25376423 0.10546128 0.31147779 0.04428765 0.11188530 0.06959996 0.08403267 0.02768582
0.05513591 0.00755239 0.00122404 0.00855671 0.04720544 0.25517833 0.10475236 0.31202768 0.04337063 0.10808343 0.07300657 0.08293564 0.02814869
0.05452859 0.00485310 0.00092736 0.00488607 0.03731757 0.25526052 0.10498028 0.31180556 0.04962466 0.09895878 0.07840908 0.08376568 0.02971873
0.05251395 0.00684241 0.00093984 0.01106664 0.05503148 0.25730506 0.10580506 0.31259414 0.05599697 0.08657067 0.08128792 0.08343816 0.03679716
0.04920861 0.00553097 0.00125166 0.00981185 0.04691262 0.25735128 0.11521397 0.31221766 0.06982581 0.07090345 0.08016839 0.08475276 0.03549240
0.04711676 0.00845469 0.00103646 0.00618539 0.03623556 0.25691698 0.10773664 0.31230229 0.07568134 0.06818991 0.09187140 0.08261273 0.03938956
0.04567779 0.00596129 0.00101808 0.00540992 0.05003168 0.25943319 0.10971444 0.31384791 0.05683564 0.08421576 0.07481115 0.08194560 0.02835552
0.04566773 0.00998839 0.00148836 0.01130436 0.03676842 0.25757582 0.10574830 0.31160052 0.04100538 0.10943850 0.07825016 0.08041604 0.02969854
0.04582742 0.00560114 0.00148190 0.00567603 0.05523726 0.26156039 0.11224551 0.31372528 0.04063168 0.11163198 0.06274846 0.08066883 0.03012437
0.04634278 0.00495815 0.00126965 0.00633631 0.04351266 0.25972720 0.11010205 0.31309944 0.03898838 0.10146070 0.06870250 0.08446262 0.03027121
0.04631598 0.00223024 0.00150809 0.00111380 0.03357341 0.26137817 0.11215175 0.31325967 0.04682762 0.08487743 0.07628017 0.08447678 0.02827011
0.04648054 0.00279244 0.00190111 0.00231399 0.00450118 0.26067217 0.10804680 0.31182299 0.06816901 0.06929435 0.08899711 0.08450328 0.02735221
0.04567559 0.00393096 0.00149183 0.00030206 0.00427801 0.25919459 0.10672944 0.31101410 0.06403992 0.06580665 0.08329967 0.08338537 0.02701336
0.04580822 0.00514020 0.00111334 0.00592159 0.03725431 0.25729784 0.10127431 0.31203524 0.05296983 0.06806573 0.08486506 0.08139793 0.02646688
0.04438624 0.00192783 0.00073819 0.00182264 0.00130327 0.25804209 0.10056361 0.31222276 0.05658346 0.08437504 0.06922556 0.08175449 0.03262217
0.04419590 0.01086977 0.00061461 0.01060213 0.04055094 0.25482818 0.09530412 0.31295900 0.03971119 0.10087769 0.07465460 0.07853185 0.02733107
0.04230659 0.00537436 0.00082356 0.00884546 0.01939308 0.25748811 0.09897904 0.31288099 0.03724352 0.10671623 0.06575425 0.07810977 0.03209403
0.04036324 0.00262080 0.00085132 0.00421199 0.02431575 0.25490978 0.09503909 0.31220541 0.04438687 0.09920799 0.06886831 0.07775015 0.05355172
0.03714392 0.00260113 0.00086556 0.00263107 0.00383318 0.25435154 0.10145074 0.31091696 0.06070679 0.08590228 0.07392222 0.08238908 0.03236249
0.03462003 0.01026987 0.00096160 0.00936562 0.02513536 0.25317667 0.09860884 0.31139604 0.06495918 0.07237623 0.08514050 0.08341042 0.02573497
0.03417437 0.00948933 0.00075309 0.00459327 0.06111817 0.25264969 0.09461873 0.31207093 0.06567571 0.06007789 0.08803321 0.08398756 0.02986309
0.03378461 0.00940961 0.00079586 0.01302729 0.05825914 0.25315551 0.09644125 0.31224691 0.05854582 0.06883335 0.08335266 0.08428535 0.02739528
0.03746353 0.01075493 0.00271796 0.01546349 0.05654991 0.25451071 0.09714483 0.31461021 0.05521424 0.10134062 0.07333896 0.08113600 0.02784948
0.04402413 0.01266912 0.00252156 0.01300389 0.05359949 0.25310363 0.09928844 0.31648025 0.04950672 0.10868785 0.07016322 0.08170456 0.02841237
0.04121290 0.00644102 0.00173470 0.00361278 0.04777800 0.25738857 0.10831664 0.31767652 0.04640182 0.10089432 0.07416403 0.08351162 0.03146967
0.04441006 0.00873179 0.00171942 0.00980223 0.03014785 0.25192725 0.10391639 0.31447644 0.05727679 0.09149263 0.07569418 0.08200784 0.02965043
0.04613589 0.00490747 0.00118976 0.00478073 0.06008655 0.25711739 0.11382743 0.31454859 0.05939655 0.07500403 0.08403867 0.08520904 0.02789319
0.04609275 0.00565268 0.00088605 0.00441113 0.03469694 0.25294921 0.10361342 0.31367287 0.06542414 0.08367983 0.08305658 0.08477112 0.05328226
0.04568501 0.00459581 0.00186006 0.00831635 0.03674830 0.25690431 0.11012002 0.31334336 0.05992040 0.08006660 0.08370056 0.08603098 0.03859667
0.04577650 0.00298728 0.00116883 0.00233202 0.00182399 0.25677387 0.11268113 0.31169661 0.05290989 0.08315854 0.08346005 0.08442120 0.03846938
0.04452225 0.00655242 0.00073856 0.00460403 0.02354462 0.25457134 0.11163764 0.31180695 0.05089519 0.09412839 0.08374361 0.08167790 0.03678281
0.04351413 0.00758177 0.00115853 0.01065378 0.03550759 0.25950492 0.11041329 0.31209481 0.05610819 0.10191411 0.07184235 0.08787109 0.02753163
0.04111715 0.00727010 0.00077774 0.00970484 0.03471666 0.25407320 0.10887237 0.31003628 0.05166934 0.09675426 0.07503225 0.08277064 0.02841086
0.03870275 0.00562297 0.00087522 0.00883677 0.03973214 0.25832383 0.10729799 0.31123675 0.05026239 0.08603187 0.07326204 0.08326460 0.02845205
0.03711127 0.00602815 0.00150982 0.00506987 0.03120718 0.26078025 0.10534379 0.31111969 0.05466939 0.08585852 0.07931202 0.08231699 0.03016920
0.03624793 0.00525421 0.00139068 0.00399052 0.03363780 0.25782412 0.10987358 0.31250311 0.05711897 0.07752678 0.08224746 0.08388695 0.03048648
0.03555540 0.00186897 0.00176305 0.00033674 0.00096970 0.26227044 0.11534968 0.31197336 0.05674644 0.07918128 0.08113722 0.08519071 0.02817645
0.03556776 0.01020515 0.00125514 0.00845123 0.01198680 0.25906408 0.10894392 0.31279286 0.05480732 0.07490646 0.07925074 0.08312705 0.02869387
0.03651088 0.01389940 0.00097307 0.01411750 0.04608411 0.25795422 0.10684636 0.31319871 0.04627436 0.08141317 0.07354612 0.08021223 0.02753156
0.03705535 0.00512173 0.00138176 0.00532049 0.05643217 0.25967275 0.09981924 0.31293510 0.04788139 0.08438181 0.07110458 0.08285157 0.02667894
0.03760156 0.00331950 0.00101910 0.00357353 0.03420558 0.25370172 0.09978132 0.31441732 0.04588958 0.08008480 0.07483838 0.08297386 0.03660340
0.03775772 0.00583771 0.00121430 0.00679379 0.06003257 0.25620204 0.10195510 0.31423138 0.04563795 0.08219296 0.07564024 0.08222369 0.02801046
0.03619626 0.00844876 0.00112319 0.00826513 0.04781891 0.25227019 0.10376618 0.31363574 0.05139717 0.08301904 0.07494043 0.08070229 0.02895448
0.03693951 0.00623281 0.00068220 0.00496168 0.03374646 0.25422732 0.10729096 0.31261709 0.05387648 0.07785684 0.07718977 0.08256668 0.03149955
0.03736573 0.00940375 0.00054431 0.00928240 0.02579362 0.25217068 0.10587784 0.31048134 0.05566445 0.07236590 0.07329150 0.08249333 0.02407045
0.03641516 0.00891552 0.00092250 0.01260024 0.04910677 0.25373037 0.10828604 0.31111025 0.05649894 0.07154401 0.07044330 0.08488673 0.02615440
0.03694981 0.00471343 0.00084720 0.00586596 0.05133739 0.25166139 0.10546097 0.31053088 0.04920726 0.07895359 0.07749285 0.08552574 0.03647411
0.03685030 0.00700884 0.00073420 0.01000564 0.04566084 0.25242699 0.10663424 0.31099213 0.04780213 0.07681930 0.07960651 0.08481951 0.03886257
0.03763040 0.00354133 0.00442055 0.00333254 0.02152702 0.25191725 0.09927833 0.31196492 0.05008934 0.08783975 0.08199530 0.08439013 0.04076130
0.03903673 0.00720325 0.00224955 0.00537987 0.04429638 0.25298529 0.10929133 0.31290490 0.05751395 0.08562501 0.08113309 0.08726474 0.02909509
0.04282070 0.00330618 0.00138586 0.00633087 0.01675618 0.25217322 0.10785407 0.31234596 0.05467876 0.08432545 0.07409074 0.08383497 0.05345661
0.04661833 0.00188099 0.00155441 0.00482456 0.01371962 0.25558226 0.11642106 0.31259582 0.04432000 0.09023361 0.08171933 0.08133511 0.04120528
0.04777302 0.01118538 0.00415539 0.01179650 0.02393744 0.25341909 0.11349446 0.31149834 0.04764483 0.08361038 0.07801334 0.08912099 0.04247863
0.04706346 0.00305863 0.00170059 0.00350465 0.04233198 0.25765966 0.11392986 0.31237026 0.04575134 0.08237904 0.07724773 0.08510513 0.05091121
0.04588821 0.01065429 0.00143416 0.01215253 0.04592244 0.25681809 0.11026051 0.31000833 0.04829076 0.08000309 0.08262459 0.08556493 0.03794667
0.04438373 0.00662453 0.00100372 0.00315193 0.02813660 0.25605430 0.11314583 0.31177635 0.06007688 0.07605389 0.08190802 0.08083004 0.03355496
0.04148029 0.00323784 0.00117941 0.00523955 0.02915498 0.25893125 0.10854931 0.30972608 0.04938482 0.07430717 0.07948790 0.08544827 0.02953748
0.03793006 0.00248020 0.00110955 0.00417209 0.02522332 0.25639132 0.11917779 0.31048223 0.04485536 0.08460516 0.07291793 0.08300494 0.02902827
0.03399393 0.00962087 0.00193975 0.01196552 0.02502053 0.25551235 0.11105847 0.30809411 0.05139673 0.09710724 0.07570808 0.08611285 0.02828627
0.03269595 0.00534260 0.00238325 0.00600270 0.04286348 0.25542455 0.10588139 0.30753051 0.04458281 0.08767741 0.07397953 0.08357941 0.02984187
0.03250989 0.00452769 0.00159313 0.00412733 0.03617208 0.25320810 0.10756544 0.30780097 0.04829137 0.07890882 0.07613738 0.08325095 0.03024306
0.03412100 0.00688249 0.00089130 0.00965046 0.04366997 0.25343379 0.11359770 0.30834792 0.05407973 0.07177807 0.07091816 0.08345666 0.02814166
0.03521803 0.01278882 0.00071401 0.01185304 0.03559656 0.25277614 0.10359968 0.30981533 0.05122067 0.07223116 0.08209028 0.08476347 0.02882219
0.03585117 0.00418880 0.00064224 0.00437979 0.05203630 0.25007259 0.11523729 0.31023939 0.04821382 0.07587761 0.07253354 0.08413899 0.02670793
0.03561669 0.01122267 0.00106788 0.01009989 0.04667127 0.25069677 0.10197152 0.31216568 0.04456057 0.09074250 0.07791310 0.08219708 0.03616453
0.03511160 0.01068920 0.00083159 0.01234001 0.05146366 0.24842874 0.10402744 0.31408488 0.04981877 0.09435526 0.07479118 0.08220570 0.03318663
0.03400560 0.00316193 0.00103179 0.00593272 0.02242531 0.25083334 0.11540035 0.31388545 0.06521655 0.09512326 0.07339394 0.08292634 0.03275488
0.03256626 0.00288710 0.00158544 0.00209077 0.03743785 0.25116564 0.10730286 0.31575220 0.05158295 0.07964069 0.07446304 0.08379706 0.04321045
0.03152988 0.00851648 0.00065533 0.00625539 0.05361502 0.25065384 0.10436197 0.31317042 0.05169172 0.07387043 0.07507546 0.08204665 0.02878066
0.03240952 0.01023316 0.00121552 0.00913017 0.05805374 0.25238250 0.10427306 0.31260273 0.05196607 0.07632384 0.07707953 0.08202914 0.04084329
0.03085594 0.00852653 0.00130812 0.00649707 0.02071858 0.25107757 0.10288295 0.31242670 0.05216101 0.08004740 0.08243282 0.08443346 0.05170180
0.03234810 0.00601518 0.00156143 0.00650845 0.03428198 0.25413493 0.10836055 0.30905863 0.05075060 0.07897836 0.07270402 0.08498084 0.02923578
0.03621016 0.00209456 0.00267081 0.00328709 0.04249243 0.25108426 0.11253366 0.30927951 0.04576167 0.09212547 0.06936009 0.08021603 0.03518083
0.03913517 0.01103046 0.00151324 0.00981731 0.04332901 0.25506213 0.10805517 0.31013904 0.04569203 0.09330396 0.08007616 0.08473705 0.02991273
0.04059321 0.00603364 0.00167113 0.00533061 0.06273383 0.25159356 0.11608487 0.30998092 0.04911025 0.09261665 0.07592915 0.08324259 0.03124007
0.04224682 0.00405881 0.00129361 0.00385777 0.02482384 0.25454563 0.11019127 0.31065128 0.05759694 0.07623468 0.07948171 0.08629395 0.05379850
0.04400910 0.00818909 0.00127284 0.00996988 0.03289454 0.25425177 0.11463292 0.31065334 0.05039517 0.06846944 0.08445579 0.08505896 0.03177841
0.04249473 0.01039855 0.00141104 0.00930066 0.01324608 0.25321342 0.12076791 0.31125029 0.05539704 0.07797387 0.07846611 0.08243737 0.03750405
0.03923863 0.00678366 0.00112174 0.00677688 0.05150963 0.25222142 0.11323803 0.31098492 0.05146473 0.08170830 0.07687514 0.08673597 0.04619460
0.03496687 0.00704237 0.00116075 0.00511637 0.03115744 0.25389779 0.11389047 0.31218732 0.05042540 0.08212663 0.07471718 0.08340244 0.03159160
0.03431577 0.00498752 0.00080319 0.00143933 0.04085154 0.25259190 0.11352711 0.30999773 0.04637812 0.08163694 0.07409253 0.08494264 0.03137753
0.03275329 0.00847230 0.00095761 0.01208074 0.04764740 0.25451582 0.10948096 0.31189965 0.04588045 0.07808311 0.07638099 0.08380426 0.04031385
0.03142602 0.01873723 0.00089246 0.01904509 0.03156314 0.25402234 0.11174095 0.31156244 0.04281159 0.07592716 0.07739822 0.08264445 0.03035072
0.03159339 0.00554458 0.00129158 0.00521215 0.06067886 0.25286670 0.11477818 0.30981224 0.05159396 0.06818253 0.06441281 0.08469873 0.03904256
0.02596577 0.01323938 0.00189942 0.01418450 0.05661870 0.25352997 0.10689397 0.30931883 0.04226015 0.07079618 0.07890008 0.08347918 0.03019619
0.02522668 0.00847794 0.00138824 0.01287515 0.02896358 0.25123923 0.11102821 0.30826602 0.04694682 0.06631821 0.08022460 0.08594709 0.04024622
0.02568231 0.00418565 0.00082984 0.00522842 0.03357969 0.25244092 0.10675021 0.30725076 0.04804039 0.06516513 0.07609610 0.08232490 0.03946201
0.02617089 0.00982159 0.00347487 0.01008766 0.03239608 0.25137168 0.10311765 0.30963564 0.05598047 0.07995826 0.07670351 0.08651236 0.03005689
0.02636507 0.01407658 0.00147459 0.01345731 0.02862671 0.25271503 0.10296712 0.30936232 0.04874285 0.09758903 0.07422943 0.08487181 0.03051745
0.02629646 0.00683884 0.00090967 0.00558000 0.04595413 0.25201752 0.10606119 0.31183666 0.04877859 0.09474644 0.07547748 0.08430459 0.03098585
0.02635513 0.00417341 0.00068418 0.00642432 0.02860468 0.24890923 0.10517206 0.31131180 0.04715414 0.09396387 0.07889812 0.08170734 0.02977070
0.02648830 0.00386332 0.00085890 0.00588269 0.02950697 0.24929220 0.10743742 0.31405811 0.05019253 0.08149487 0.07426076 0.08297738 0.03695623
0.02466823 0.00800969 0.00065568 0.01187502 0.01827578 0.24796243 0.09984910 0.31406088 0.06016333 0.07607808 0.07951334 0.08353217 0.02920650
0.02374522 0.00299308 0.00050336 0.00247975 0.02287169 0.24759398 0.10045825 0.31376336 0.06126784 0.07480051 0.08195624 0.08357468 0.03553831
0.02254948 0.00736464 0.00104767 0.00708625 0.05542058 0.24874320 0.10172544 0.31276341 0.05498854 0.07788022 0.07581300 0.08084607 0.02699637
0.02141334 0.00395590 0.00213769 0.00869562 0.05751677 0.24416689 0.10083583 0.31132145 0.05242387 0.09221856 0.07563630 0.08535477 0.03279391
0.02258766 0.00229609 0.00140389 0.00405188 0.02276425 0.24809202 0.10315605 0.30986612 0.04861188 0.09962050 0.07757103 0.08454883 0.03506493
0.02535652 0.00978578 0.00103511 0.00764987 0.05420215 0.24156729 0.10207589 0.30888467 0.05305771 0.09801192 0.07466298 0.08576742 0.03598193
0.02853862 0.00758427 0.00059153 0.01086674 0.05366474 0.24884390 0.10872624 0.30884494 0.06458261 0.09248893 0.07379116 0.08350206 0.02657650
0.02960039 0.01197809 0.00050887 0.01100104 0.04443783 0.24598584 0.10858292 0.30941293 0.05721988 0.08379964 0.07663768 0.08296685 0.04501308
0.02961799 0.00588111 0.00077580 0.00496490 0.04094274 0.24775616 0.11419021 0.30956927 0.05357028 0.08111977 0.08328713 0.08433805 0.02875508
0.02904043 0.01365149 0.00345248 0.01467110 0.05236077 0.24832168 0.10898384 0.31233923 0.06113597 0.08217117 0.08387988 0.08549876 0.03127348
0.02766686 0.01333288 0.00148652 0.01445219 0.04434149 0.24720851 0.11363696 0.31181002 0.06013079 0.08675304 0.09015239 0.08395226 0.03918668
0.02543333 0.00626443 0.00083376 0.00725408 0.04940381 0.24844118 0.11245782 0.31165629 0.05253290 0.09132361 0.08010876 0.08162346 0.03251671
0.02263477 0.00676958 0.00101287 0.00919323 0.05045752 0.24845860 0.11413302 0.31165886 0.04792600 0.09557081 0.08083666 0.08354086 0.03427469
0.01987017 0.00762543 0.00081709 0.00724058 0.04977003 0.24764772 0.11274069 0.31111343 0.04978577 0.09299553 0.09122807 0.08682210 0.03617593
0.01872106 0.00501621 0.00155190 0.00588853 0.03021108 0.25025214 0.10522874 0.31264038 0.05578344 0.09726325 0.07736902 0.08381295 0.04849320
0.01850815 0.00389682 0.00210608 0.00680652 0.04297508 0.24915114 0.10862058 0.31113914 0.05099212 0.08495390 0.07904641 0.08566540 0.05391733
0.02057644 0.00338603 0.00175515 0.00698251 0.03296876 0.24816363 0.11044805 0.31082125 0.05516277 0.07880645 0.08376022 0.08418655 0.03730806
0.02356938 0.00272308 0.00065660 0.00382102 0.03355160 0.25039259 0.10484314 0.30979817 0.05645959 0.07354930 0.09107212 0.08320803 0.04317280
0.02655116 0.01120575 0.00132675 0.01012108 0.04319409 0.25056795 0.10190951 0.30891584 0.05112879 0.07374142 0.08346833 0.08295662 0.02938731
0.02779984 0.00790789 0.00044534 0.00961623 0.06431231 0.24862659 0.10012730 0.30814975 0.04977174 0.08204294 0.07579880 0.08195266 0.03667224
0.02820079 0.00593730 0.00093997 0.00814656 0.04270258 0.24872184 0.10003104 0.30851660 0.05150019 0.09200224 0.07857269 0.08615232 0.03836616
0.02836479 0.00600036 0.00142236 0.00756750 0.06202793 0.24692158 0.09736553 0.30651977 0.04340748 0.08866689 0.07499858 0.08326799 0.02796809
0.02801146 0.01354658 0.00307237 0.01334005 0.05604866 0.24668279 0.10155593 0.30735951 0.04759847 0.08369464 0.06557253 0.08680068 0.02812014
0.02813641 0.00415996 0.00141700 0.00440386 0.05175427 0.24599733 0.10525329 0.30730737 0.04671389 0.07370358 0.07517759 0.08342185 0.02736949
0.02801868 0.00493892 0.00094366 0.00770457 0.05922727 0.24676332 0.10164781 0.30875580 0.05248470 0.07062006 0.07559566 0.08341078 0.02584477
0.04889549 0.00545439 0.00144061 0.00758586 0.03816861 0.24470281 0.09976026 0.30963661 0.05374816 0.06732888 0.07750605 0.08281428 0.04198297
0.04771206 0.00262582 0.00118671 0.00657650 0.02888687 0.24568341 0.09908444 0.31074046 0.04774913 0.06778097 0.07987788 0.08259645 0.03133053
0.04685253 0.00316518 0.00139007 0.00896341 0.01976534 0.24675050 0.10573904 0.31078264 0.04761193 0.08088307 0.07433897 0.08130280 0.05611864
0.04919969 0.00566422 0.00094008 0.00379491 0.02893039 0.24402646 0.10508837 0.30965745 0.05082943 0.08952833 0.07216493 0.08021529 0.02863809
0.05023270 0.00521088 0.00169933 0.00354680 0.03288819 0.24789832 0.10285047 0.30965436 0.04426865 0.08867318 0.07559870 0.08249347 0.03724406
0.04660618 0.00404897 0.00144118 0.00479962 0.02817122 0.24097812 0.11303147 0.30690054 0.05064158 0.08092461 0.07129474 0.08542009 0.02793930
0.04492350 0.00334070 0.00073799 0.00233315 0.00484418 0.24428813 0.11548466 0.30757087 0.05264316 0.07460507 0.08249493 0.08610453 0.03739256
0.04634443 0.00383341 0.00091207 0.00557474 0.04695256 0.24157165 0.11335341 0.30653664 0.05090795 0.07716406 0.07482956 0.08504728 0.03268408
0.04613031 0.01091464 0.00077714 0.01605524 0.03855585 0.24315386 0.11187097 0.30718377 0.04731950 0.07405572 0.07689161 0.08438897 0.04208360
0.04528842 0.00415903 0.00074801 0.00368191 0.03786947 0.24376475 0.11165364 0.30812135 0.04979953 0.07278756 0.07746904 0.08155109 0.02979155
0.04529278 0.00553358 0.00096348 0.00676772 0.03745415 0.24539550 0.10870862 0.30925312 0.04785415 0.07716085 0.07976763 0.08365993 0.04311031
0.04507822 0.00304518 0.00070532 0.00704441 0.02339120 0.24530208 0.10760481 0.30983663 0.05226958 0.08275348 0.07438759 0.08118388 0.03877942
0.04584949 0.00466121 0.00299649 0.00301828 0.00259456 0.24826163 0.10882069 0.31027393 0.05144499 0.07649984 0.08083691 0.08312985 0.04029414
0.04495407 0.00772343 0.00116341 0.00936349 0.04902638 0.24553108 0.11397559 0.30908414 0.04676381 0.08136972 0.07361623 0.08537117 0.02983489
0.04503170 0.00434596 0.00084315 0.00728861 0.03307331 0.24681247 0.11068278 0.30864302 0.04275549 0.08500216 0.07720618 0.08405057 0.02900119
0.04588449 0.00502372 0.00072486 0.00623016 0.04681934 0.24632928 0.10821878 0.30830788 0.04391179 0.08383713 0.07329342 0.08397607 0.03004062
0.04448003 0.01029959 0.00177158 0.01149156 0.03974439 0.24777279 0.10710455 0.30942426 0.04696100 0.08673450 0.07534028 0.08135255 0.02773782
0.04355865 0.00648856 0.00090907 0.00357025 0.03293605 0.24731352 0.10514763 0.30896747 0.05667032 0.07891924 0.07776476 0.08242632 0.02964490
0.04355110 0.00361029 0.00255257 0.00061390 0.00442012 0.24636715 0.10391185 0.30862440 0.05387159 0.08081132 0.08431235 0.08278727 0.02511301
0.04272659 0.00141011 0.00139581 0.00040181 0.00173224 0.24634059 0.10407226 0.30869043 0.04994113 0.07996719 0.07981129 0.08125857 0.02529963
0.04320294 0.00907929 0.00474780 0.00811854 0.02442835 0.24623555 0.10722096 0.30691104 0.04693323 0.08353593 0.07072578 0.07899277 0.02401472
0.04380275 0.00572908 0.00191853 0.00664226 0.03687893 0.24815928 0.10573466 0.30787518 0.04838268 0.08879784 0.07313389 0.08172298 0.03257476
0.04626052 0.00834673 0.00113005 0.00976914 0.03392359 0.24372347 0.10005115 0.30746607 0.05135325 0.08641890 0.07092784 0.08329358 0.03231151
0.04820751 0.00690269 0.00060216 0.00884008 0.05241296 0.24408491 0.10779158 0.30821921 0.05580027 0.08070473 0.07520022 0.08617203 0.04536277
0.04921545 0.01275961 0.00048516 0.01268392 0.03423297 0.24102856 0.10169982 0.30800018 0.05080740 0.07989471 0.08135277 0.08203617 0.03945973
0.04867304 0.00545144 0.00238464 0.00491503 0.04125337 0.24189794 0.11361152 0.30934902 0.05334721 0.08194763 0.07774747 0.08375259 0.02790561
0.04862145 0.00288837 0.00231606 0.00642222 0.04855178 0.24070577 0.10522314 0.30882951 0.05413254 0.09690281 0.07713394 0.08256264 0.03498164
0.04883121 0.00842165 0.00177771 0.01225680 0.04669994 0.24269808 0.10863810 0.31172241 0.04588190 0.08470780 0.07949962 0.08607950 0.03833585
0.04993739 0.01414237 0.00148914 0.01397530 0.03873923 0.23819901 0.10424186 0.30881132 0.06112462 0.08905007 0.07628629 0.08470619 0.03014263
0.05127629 0.00446666 0.00156611 0.00393866 0.04266662 0.24242942 0.10550621 0.30866005 0.05436519 0.09365423 0.08243568 0.08207909 0.02763589
0.05129733 0.00379769 0.00147639 0.00118967 0.02363748 0.23855531 0.10634817 0.30791374 0.05628639 0.09925392 0.08172842 0.08396511 0.02896851
0.05064091 0.00454607 0.00326519 0.00605094 0.05376421 0.24389237 0.11235565 0.30924084 0.06051844 0.09747621 0.08584665 0.08581062 0.02861894
0.05038849 0.00720916 0.00125413 0.00438888 0.04895975 0.23872421 0.10758990 0.30827235 0.06034925 0.09939867 0.08025628 0.08502836 0.03181521
0.04971454 0.00929488 0.00126242 0.01195033 0.05722930 0.24497674 0.11193539 0.30947771 0.05264721 0.09669586 0.07693061 0.08459358 0.02675704
0.04846090 0.00378174 0.00161984 0.00514979 0.05705076 0.24497747 0.10632999 0.30864247 0.05270943 0.10478058 0.07882332 0.08270917 0.02920769
0.04697956 0.00731123 0.00350646 0.00777983 0.05687227 0.24072114 0.10758150 0.30967147 0.05205175 0.10020555 0.08505805 0.08548522 0.02961569
0.04475912 0.00866515 0.00154457 0.01016747 0.05419203 0.24138390 0.10416377 0.30840688 0.05654534 0.09654242 0.07952400 0.08600099 0.02953120
0.04491718 0.00667608 0.00155689 0.00761133 0.04010103 0.24290295 0.10892307 0.30844831 0.05462438 0.09676431 0.07795451 0.08142181 0.03123021
0.04539369 0.01166782 0.00139466 0.01010109 0.04472299 0.24083121 0.10957753 0.30821329 0.05368467 0.09293308 0.08687985 0.08354313 0.02801005
0.04606182 0.00630046 0.00127244 0.00621358 0.02722443 0.23993113 0.11012606 0.30680252 0.05171919 0.09020084 0.07652014 0.08193025 0.03640119
0.04596406 0.00323319 0.00091103 0.00526340 0.03546018 0.24037762 0.10109323 0.30697897 0.05126897 0.09070593 0.08389091 0.08522304 0.03013710
0.04646461 0.00145031 0.00181152 0.00354774 0.00432348 0.23967027 0.10419549 0.30721777 0.05585395 0.10018400 0.08207039 0.08116427 0.04877242
0.04542864 0.00973190 0.00136506 0.01019864 0.05867775 0.23973883 0.10148018 0.30902162 0.06025791 0.09410732 0.07370608 0.08420707 0.03024445
0.04571812 0.00512159 0.00354821 0.00667588 0.07850735 0.24014615 0.10755046 0.30884151 0.04608661 0.09596969 0.07925628 0.08349863 0.02850637
0.04507040 0.00996809 0.00133267 0.00732845 0.04397360 0.24052801 0.10502295 0.30892250 0.04785339 0.10048608 0.07609690 0.08110440 0.04606844
0.04490339 0.00651659 0.00175404 0.00649916 0.03433867 0.23951771 0.10690156 0.30722553 0.05678165 0.10066196 0.07547953 0.08283757 0.02670025
0.04555499 0.01297167 0.00117091 0.01290004 0.03474969 0.23738429 0.10162883 0.30887481 0.06090041 0.08959248 0.08475111 0.08330392 0.03948811
0.04705750 0.00803744 0.00087014 0.00766314 0.05297217 0.23727855 0.10231167 0.30727811 0.05852872 0.07856493 0.08055345 0.08388487 0.02776020
0.04796155 0.00690859 0.00408834 0.00811445 0.04506174 0.23631818 0.09953030 0.30827007 0.05842885 0.09003818 0.08524743 0.09377301 0.03054644
0.04345696 0.00429142 0.00223325 0.00401626 0.03686851 0.23805416 0.10407855 0.30878831 0.05686545 0.09806720 0.08398746 0.08601173 0.03562507
0.04401137 0.00646828 0.00157830 0.00815431 0.04108083 0.23624577 0.10366682 0.30796389 0.05407944 0.10507383 0.07158721 0.08443007 0.02901412
0.04733424 0.00424268 0.00114590 0.00491925 0.04991998 0.24295506 0.10115298 0.30969535 0.05035647 0.10745036 0.07480672 0.08130632 0.02546656
0.04702438 0.00270213 0.00096480 0.00508200 0.01844902 0.23961022 0.09974048 0.30979451 0.05196560 0.10832491 0.08321592 0.08207271 0.02773810
0.04902362 0.00717426 0.00121793 0.00950724 0.02435520 0.24222277 0.10046344 0.30965455 0.06208842 0.10344888 0.07981342 0.08270948 0.03377919
0.04675625 0.00735440 0.00116772 0.00907728 0.02994648 0.24329953 0.09734164 0.31019121 0.05819856 0.09059894 0.08654288 0.08053604 0.02670951
0.04461808 0.00278509 0.00110355 0.00349666 0.00770338 0.24378784 0.09666698 0.30920144 0.07780948 0.08018384 0.08676520 0.08227260 0.04355224
0.05153374 0.00260608 0.00209502 0.00380352 0.00465452 0.24501332 0.10425468 0.30910642 0.06569558 0.09068217 0.08115030 0.08581197 0.03294457
0.04971061 0.00347716 0.00171306 0.00222979 0.00532246 0.24454001 0.09698407 0.30834410 0.05810890 0.10273942 0.08894447 0.08638930 0.03229850
0.04564577 0.00278163 0.00251569 0.00193487 0.00312542 0.24469873 0.10217714 0.30893745 0.04993561 0.11039904 0.07307223 0.08341703 0.03284077
0.04104690 0.00699137 0.00398329 0.00695925 0.06545098 0.24468925 0.09775591 0.30888787 0.04942534 0.11220440 0.07437206 0.08441579 0.03046674
0.03849791 0.00814000 0.00173783 0.00818306 0.05004160 0.24728640 0.09597962 0.30896043 0.05315178 0.10966606 0.08285871 0.08229451 0.03045335
0.03764876 0.00331728 0.00237754 0.00267523 0.02445523 0.24490814 0.10905863 0.31044040 0.05996693 0.10152552 0.08427961 0.08707555 0.04471233
0.04022739 0.00258011 0.00139834 0.00564408 0.03285328 0.24614447 0.10679726 0.30946090 0.06421171 0.08552188 0.08410683 0.08355285 0.05368469
0.04218246 0.00773905 0.00209967 0.00972955 0.01934173 0.24387337 0.10149199 0.31014830 0.05698904 0.09304168 0.08950541 0.08285078 0.02877561
0.04242122 0.01152779 0.00140673 0.01072239 0.03390400 0.24449325 0.10322691 0.30930947 0.06993669 0.10060476 0.08218409 0.08441438 0.04296231
0.04242430 0.00345904 0.00168315 0.00721387 0.03344382 0.23960360 0.09861321 0.30831708 0.06116900 0.10667601 0.08569074 0.08661750 0.03990907
0.04213617 0.01121472 0.00136152 0.01327871 0.03399360 0.24237142 0.10331961 0.30762415 0.05513692 0.10976364 0.07001425 0.08313649 0.02523953
0.04202956 0.00705301 0.00103551 0.00822718 0.05905132 0.23805648 0.09584142 0.30625998 0.04799017 0.11263889 0.07183045 0.08288302 0.02724494
0.05693693 0.01173675 0.00160704 0.01409679 0.05859751 0.24318000 0.10055572 0.31048746 0.05563117 0.11488668 0.07763252 0.08145550 0.02870349
0.05735699 0.00653455 0.00190896 0.00532939 0.03583774 0.23833753 0.09983842 0.30771117 0.05899171 0.09977350 0.08956753 0.08399732 0.03910330
0.05828157 0.01231663 0.00157259 0.01428917 0.06481938 0.24256813 0.10762205 0.31083730 0.06694880 0.08388294 0.08303370 0.08529650 0.02873909
0.05941260 0.00905925 0.00178481 0.01163881 0.05771319 0.24025288 0.10263541 0.30909469 0.05798008 0.09121291 0.08984863 0.08301380 0.03154793
0.05984786 0.00663829 0.00229317 0.00807099 0.05308351 0.24222255 0.10191162 0.30838260 0.06411288 0.09820306 0.08004916 0.08789150 0.02555555
0.06154003 0.00932349 0.00124509 0.00688889 0.03993707 0.23701896 0.09472034 0.30924429 0.05763814 0.10516192 0.08731601 0.08302588 0.05044304
0.06055046 0.00499179 0.00108850 0.00663300 0.04666467 0.23857216 0.10209818 0.30858643 0.05554999 0.10801135 0.07110446 0.08389358 0.02717796
0.05606223 0.00617940 0.00108791 0.00619620 0.04781241 0.23713754 0.09562542 0.30850870 0.05316167 0.11241388 0.07502576 0.08214729 0.02477131
0.03720337 0.00266876 0.00185486 0.00113915 0.03222430 0.23830413 0.10122083 0.30797989 0.06153950 0.11476291 0.07425036 0.08185345 0.04365966
0.03699998 0.00729470 0.00151512 0.00748212 0.02949459 0.24113548 0.09734616 0.30833803 0.05425182 0.10094779 0.08917173 0.08334464 0.02812131
0.03708290 0.00288244 0.00095138 0.00132460 0.02711216 0.24310063 0.09949648 0.30836108 0.05677575 0.08813249 0.08172459 0.08346959 0.04493261
0.03591218 0.00969261 0.00090807 0.01089883 0.04498274 0.24464134 0.09707978 0.30800777 0.05643289 0.08615523 0.08263888 0.08548650 0.02768357
0.03361732 0.00510930 0.00131371 0.01048715 0.04942566 0.24555180 0.09943559 0.30904255 0.06730133 0.09767011 0.08098838 0.08235364 0.05079519
0.03093821 0.00457833 0.00102702 0.00694566 0.05359185 0.24763613 0.09686214 0.30715133 0.04700347 0.10160932 0.07420829 0.08173823 0.02959669
0.02996917 0.00524781 0.00142867 0.00427100 0.03809974 0.24822509 0.10538575 0.30699490 0.04365637 0.09426203 0.07697418 0.08348262 0.03735285
0.05313902 0.00388658 0.00210221 0.00435029 0.03657604 0.24745257 0.10244961 0.30619628 0.04896985 0.08953275 0.07687344 0.08220666 0.02685627
0.05517540 0.00567273 0.00175969 0.00442648 0.03392645 0.24807184 0.10126056 0.30707483 0.05598590 0.08426253 0.07575872 0.08662525 0.03125157
0.05883204 0.00998764 0.00139411 0.01126548 0.03867631 0.24558138 0.09745032 0.30630784 0.06004046 0.08871229 0.08030923 0.07980741 0.02726886
0.06162855 0.01349496 0.00098695 0.01516027 0.03877810 0.24346549 0.09581368 0.30594862 0.04831355 0.08425854 0.07425468 0.08351977 0.02709148
0.06376268 0.00403209 0.00087718 0.00227331 0.05461593 0.24572825 0.09967570 0.30569324 0.04749347 0.08663339 0.07242477 0.08166594 0.02810853
0.06568098 0.00491827 0.00160197 0.00667395 0.04515647 0.24373711 0.09987365 0.30638084 0.04323353 0.09217186 0.07521470 0.08138860 0.02814355
0.06365250 0.00879918 0.00174296 0.00901301 0.05595430 0.24492051 0.10497272 0.30675173 0.05414085 0.09507670 0.06556675 0.08157101 0.03718008
0.05935570 0.00361528 0.00132475 0.00577625 0.00888516 0.24476142 0.10475610 0.30788287 0.04910137 0.08085524 0.07394380 0.08208522 0.03140576
0.05451806 0.00223492 0.00136688 0.00238987 0.03287001 0.24535480 0.10631972 0.30793635 0.05077335 0.07697544 0.07898461 0.08314794 0.03962888
0.04834844 0.00978026 0.00155590 0.00810525 0.01128602 0.24614660 0.10550707 0.30836226 0.05171992 0.08039704 0.08149669 0.08240020 0.02826716
0.04927833 0.00302719 0.00141730 0.00121486 0.00375528 0.24493124 0.10644170 0.30867123 0.04957238 0.07744269 0.08133746 0.08043228 0.03043987
0.05338008 0.00386138 0.00086195 0.00374310 0.03152813 0.24443110 0.11473542 0.30793828 0.04586949 0.08067935 0.07103362 0.07995449 0.02740377
0.05852808 0.00749175 0.00171214 0.00509414 0.03026178 0.24737455 0.10971617 0.30894339 0.04175756 0.08406049 0.07643171 0.07956901 0.02916847
0.05825063 0.00600310 0.00098236 0.00969507 0.04484178 0.24468246 0.10501178 0.30699975 0.04291258 0.09066697 0.07076672 0.08225585 0.03864772
0.05480501 0.01120905 0.00074859 0.00821165 0.03212606 0.24452118 0.10757123 0.30723968 0.04404961 0.08541199 0.07355559 0.08056009 0.02806867
0.03098406 0.00372027 0.00139326 0.00099423 0.00477000 0.24359467 0.11257178 0.30679776 0.04772526 0.07617703 0.07477480 0.07990971 0.02869591
0.03295435 0.00462239 0.00092615 0.00321267 0.02060278 0.24467059 0.10889415 0.30769757 0.04447476 0.07256855 0.08173145 0.08492568 0.02679995
0.03582664 0.00682390 0.00067233 0.00525214 0.04042105 0.24366470 0.10703776 0.30922320 0.05101617 0.07385090 0.07552091 0.08064965 0.02549200
0.03520782 0.00820391 0.00062523 0.00854448 0.02748237 0.24482008 0.10223115 0.30811004 0.04726496 0.07030805 0.07803686 0.08224405 0.03348661
0.03330460 0.00413542 0.00057000 0.00700526 0.02976277 0.24912057 0.10324344 0.31010703 0.04858157 0.07712504 0.06890209 0.07793312 0.02677121
0.03385513 0.00280672 0.00067525 0.00231303 0.01933047 0.24797879 0.09610444 0.30880178 0.04685559 0.08779763 0.07937141 0.08174678 0.04549217
0.03383821 0.00380670 0.00060857 0.00579968 0.00770052 0.25200151 0.10109934 0.30878918 0.04646398 0.09154481 0.07096879 0.08037689 0.03245556
0.03186889 0.00450557 0.00202559 0.00124041 0.00399416 0.25125478 0.10177382 0.30990281 0.04709981 0.08857250 0.07660323 0.08163973 0.03482355
0.04659553 0.00425004 0.00373268 0.00226383 0.04963003 0.25271756 0.10636202 0.30915544 0.05790520 0.07879418 0.07081913 0.08625370 0.02426791
0.04597715 0.01287565 0.00144983 0.01252501 0.03424496 0.25412997 0.10160117 0.30989612 0.05228814 0.07656855 0.07280821 0.08121330 0.02583613
0.04578674 0.00448161 0.00190198 0.00222761 0.00456069 0.25431024 0.09839106 0.30796884 0.05344866 0.07957549 0.07624834 0.08379188 0.02456679
0.04450822 0.01001022 0.00131764 0.01118992 0.04277404 0.25224598 0.10224710 0.30764083 0.05005549 0.07754095 0.07076440 0.08294254 0.02527474
0.04222416 0.00799206 0.00170736 0.00671430 0.04851911 0.25028821 0.09925390 0.30821171 0.05601468 0.07563777 0.07229878 0.08066349 0.02647686
0.04107934 0.00586038 0.00125029 0.00712889 0.04092609 0.25035018 0.10050557 0.30756060 0.05065271 0.08079026 0.06917588 0.08211015 0.02525237
0.04028502 0.00692703 0.00142209 0.00606392 0.05333749 0.24751107 0.10032580 0.30793226 0.05414712 0.08311082 0.07067254 0.08205494 0.02598203
0.05543576 0.01105088 0.00196530 0.01218662 0.03936649 0.24639972 0.10236224 0.30758501 0.05039555 0.08263559 0.07800125 0.08353978 0.03074109
0.05351908 0.00514150 0.00137584 0.00677395 0.04403375 0.24714864 0.09675526 0.30852104 0.04559449 0.07926452 0.07303207 0.08596594 0.04590480
0.05403458 0.00408104 0.00127052 0.00487167 0.02628211 0.24765494 0.10680260 0.30734083 0.04444912 0.09020264 0.06993957 0.08056190 0.04335352
0.05589149 0.00496890 0.00233395 0.00758494 0.03642357 0.24777989 0.10596961 0.30783639 0.04707912 0.08574657 0.07974603 0.08664686 0.02866068
0.05827921 0.00727126 0.00121872 0.00747414 0.02455401 0.24854260 0.10932718 0.30900667 0.05034399 0.07887047 0.07283247 0.08054214 0.03156583
0.06007746 0.00231338 0.00086069 0.00475533 0.01126685 0.24469430 0.11682464 0.30823013 0.04529543 0.07382297 0.07877253 0.08414594 0.03004892
0.06025766 0.00420728 0.00079056 0.00375583 0.04969066 0.24677035 0.10885278 0.31021830 0.05572936 0.07916321 0.07954041 0.07937869 0.03115739
0.05902391 0.00398346 0.00114876 0.00307167 0.04260949 0.24598005 0.10730636 0.31050719 0.05230920 0.07872045 0.07664416 0.08309444 0.02805714
0.05708915 0.00980331 0.00093922 0.01155957 0.04199715 0.24535710 0.11099546 0.31018580 0.04569704 0.08070339 0.07630347 0.08129574 0.02912638
0.05546659 0.00199695 0.00090038 0.00166274 0.01722274 0.24395720 0.10507130 0.30989135 0.04435114 0.08169429 0.07454167 0.08106505 0.02736166
0.05360211 0.00286087 0.00107960 0.00471339 0.03745223 0.24341107 0.10749874 0.30701052 0.04195312 0.08651098 0.07526927 0.08111253 0.03881464
0.05098922 0.00445602 0.00245264 0.00622870 0.04126116 0.24119300 0.10251118 0.30982793 0.04693748 0.09312773 0.07663027 0.08241393 0.03004877
0.04921176 0.00453874 0.00093826 0.00637783 0.04047763 0.24377548 0.10948011 0.30922511 0.05084545 0.08308774 0.07939116 0.08419643 0.05008350
0.04844280 0.00440049 0.00103368 0.00536428 0.04873719 0.24418636 0.10306027 0.30909956 0.06016238 0.07401022 0.07705159 0.08264186 0.03887055
0.04895019 0.00536441 0.00111423 0.00484016 0.04269111 0.24924051 0.10816135 0.30992786 0.05283303 0.08037711 0.08207162 0.08140768 0.02574376
0.04884699 0.00292900 0.00114570 0.00483651 0.03764013 0.24766038 0.10315227 0.30694088 0.05199798 0.08344357 0.07712646 0.08387631 0.02871117
0.04921023 0.00217130 0.00109662 0.00089834 0.00247084 0.25228919 0.10425229 0.30814730 0.04593787 0.08627851 0.07968344 0.08033884 0.02678466
0.04914916 0.00601026 0.00240471 0.00173845 0.03729575 0.25156222 0.09954903 0.30715428 0.05128956 0.08980045 0.07688366 0.08217093 0.02755108
0.05069930 0.00945451 0.00150851 0.01375404 0.05037235 0.25233318 0.10136338 0.30977440 0.05775898 0.08852691 0.07251552 0.08367083 0.02712241
0.05200959 0.00453889 0.00139163 0.00764991 0.04623945 0.25212201 0.10078149 0.30951880 0.05939907 0.08704898 0.07163535 0.08330590 0.04504335
0.04939279 0.00635347 0.00159995 0.00599450 0.05700427 0.25423075 0.09855870 0.31092388 0.05254195 0.09267416 0.07655622 0.08564419 0.02845453
0.04866753 0.00772478 0.00300597 0.00632159 0.04458425 0.25115077 0.09575214 0.30935807 0.06035411 0.09975034 0.06617903 0.08051103 0.02685669
0.04888679 0.01476276 0.00147426 0.01473517 0.04765484 0.25111256 0.09639136 0.30930878 0.04908258 0.09225436 0.07835821 0.08304389 0.02590508
0.05422112 0.00512124 0.00128561 0.00337600 0.03099480 0.25078402 0.09279044 0.30805960 0.05238721 0.08667471 0.07312549 0.07811755 0.02727381
0.05429907 0.00291646 0.00097136 0.00558602 0.05462223 0.25215960 0.09776260 0.30747445 0.05121801 0.08523461 0.07028161 0.08261359 0.02596282
0.05436283 0.00666341 0.00213089 0.00582831 0.04015026 0.24951567 0.10320607 0.30716915 0.04999703 0.08673065 0.08343912 0.08220155 0.02580057
0.05538736 0.00822656 0.00122759 0.01162021 0.02922373 0.24987221 0.10163299 0.30695151 0.05535466 0.08338136 0.07839539 0.08211792 0.03367346
0.05611657 0.00282779 0.00109295 0.00362749 0.00537954 0.24932943 0.10713555 0.30405460 0.05661223 0.08923225 0.06932961 0.08035835 0.04633445
0.05581120 0.00266333 0.00070496 0.00292296 0.00307094 0.24874063 0.10732928 0.30534054 0.04735083 0.08914863 0.08112761 0.08389525 0.03395810
0.05509654 0.00221921 0.00122007 0.00257339 0.00386169 0.24948010 0.09995666 0.30378608 0.04771094 0.08810208 0.07686253 0.08258955 0.03071122
0.05322339 0.00215943 0.00101209 0.00191310 0.05315403 0.24962708 0.10056560 0.30618210 0.05067772 0.08871769 0.07276650 0.08300443 0.03119703
0.05273084 0.00899083 0.00175279 0.00810420 0.05493855 0.24753761 0.09757362 0.30774699 0.05213028 0.08915240 0.07410193 0.08083767 0.03031917
0.05248580 0.00779204 0.00098135 0.00998256 0.05207007 0.24664958 0.10381515 0.30902722 0.06168804 0.08034777 0.07364685 0.08081984 0.02755677
0.05237054 0.00845712 0.00136949 0.00733275 0.02683547 0.24389562 0.10858069 0.31190325 0.05509789 0.08691562 0.08229041 0.08217807 0.04126031
0.05168418 0.00397434 0.00110559 0.00397012 0.02648304 0.24070423 0.10816963 0.30981567 0.05237458 0.08916668 0.08228139 0.08451187 0.04379266
0.05107788 0.00636755 0.00202232 0.00817857 0.04212995 0.24102762 0.09929313 0.30905374 0.05197578 0.09840710 0.07800692 0.08287490 0.02929182
0.05104186 0.00803778 0.00188846 0.00834297 0.01772373 0.23592976 0.10557482 0.30899896 0.05300404 0.10001347 0.07178430 0.08143485 0.04991846
0.05001849 0.00702889 0.00103874 0.00884113 0.03838933 0.23935025 0.10405891 0.30860685 0.05269040 0.09140136 0.08515231 0.08575408 0.03479093
0.04983705 0.00434973 0.00194533 0.00357107 0.03206741 0.23722975 0.10288763 0.30874572 0.05762849 0.08907121 0.06946355 0.08401704 0.03220971
0.04965416 0.00521956 0.00200633 0.00793117 0.05522712 0.23959175 0.09652634 0.30757539 0.05231514 0.08154010 0.08444101 0.08471124 0.02813581
0.04980719 0.00912986 0.00126750 0.00917596 0.06300318 0.24304467 0.10006238 0.31044485 0.05258168 0.09580820 0.07348588 0.08171894 0.03644706
0.05072129 0.01055549 0.00155795 0.01250214 0.05762705 0.24075111 0.09427627 0.30762926 0.05136825 0.09466375 0.07627691 0.08187944 0.02907440
0.05144777 0.00708843 0.00149123 0.00797499 0.06745453 0.24522200 0.09965368 0.30847102 0.05012351 0.09392854 0.07702145 0.08418722 0.02545930
0.05210592 0.01179443 0.00106144 0.01227470 0.04376713 0.24475289 0.09742955 0.30835164 0.04891714 0.09592537 0.08337433 0.08207840 0.02779706
0.05282400 0.00747132 0.00104261 0.00823205 0.06117015 0.24426461 0.10706154 0.30913046 0.06426611 0.09312174 0.06905114 0.08180472 0.02650222
0.05293170 0.00369541 0.00093681 0.00234180 0.03546887 0.24271255 0.09638688 0.30944848 0.05333638 0.08992760 0.09237553 0.08210376 0.02978609
0.05134458 0.00886404 0.00100079 0.00881194 0.04789123 0.24350470 0.10610193 0.30866780 0.05109683 0.09078744 0.07230162 0.08303298 0.03897943
0.05052738 0.00612233 0.00328699 0.00904373 0.04802701 0.24336462 0.09594748 0.30938126 0.04733118 0.09113022 0.08671802 0.08653380 0.02659173
0.05002882 0.00375985 0.00136142 0.00500392 0.05263010 0.24656860 0.09863106 0.30868782 0.05030037 0.08968074 0.07306399 0.08016888 0.03414234
0.04990159 0.00471282 0.00104859 0.00541077 0.04137589 0.24600596 0.09668882 0.30516816 0.05266606 0.08963163 0.07737760 0.08013167 0.02377425
0.04932040 0.00333547 0.00199046 0.00216407 0.04865828 0.25033902 0.09601376 0.30802913 0.05349117 0.09013302 0.07358836 0.07954547 0.02716585
0.05034178 0.00731677 0.00173329 0.00888306 0.03076088 0.24899201 0.09194688 0.30333011 0.04749587 0.08085551 0.07994285 0.08138604 0.02882773
0.05239436 0.00459991 0.00121647 0.00357632 0.02430487 0.25241035 0.09482416 0.30623408 0.05208164 0.08620971 0.08094025 0.08131452 0.03099560
0.05396441 0.00539797 0.00092193 0.00579731 0.03452667 0.25291452 0.10240075 0.30385639 0.04929383 0.10099270 0.07056289 0.08002069 0.02994445
0.05438032 0.00436062 0.00170808 0.00460676 0.04538603 0.25282483 0.09577394 0.30512579 0.04632051 0.10119836 0.06767122 0.08362851 0.02495543
0.05395446 0.01110893 0.00123737 0.01388545 0.03708254 0.25267580 0.09270108 0.30666449 0.04395755 0.09750281 0.07570040 0.08110220 0.02699095
0.05336589 0.00517822 0.00103537 0.00492381 0.03862923 0.25463458 0.09248002 0.30708229 0.05786663 0.09083166 0.07193426 0.08413532 0.02484329
0.06681683 0.00527835 0.00149206 0.00374589 0.04326872 0.25144229 0.09079340 0.30934435 0.06080198 0.09355419 0.08173264 0.07706278 0.02482800
0.06489188 0.00713362 0.00146102 0.00690702 0.06134369 0.25450269 0.08871997 0.31198899 0.05715121 0.08227078 0.07711340 0.08271300 0.02601437
0.06243580 0.00589012 0.00160228 0.00817377 0.03626506 0.24976208 0.09683938 0.31143626 0.05349124 0.09089530 0.07607605 0.08056579 0.02632792
0.06012168 0.01009366 0.00205539 0.01199036 0.04275684 0.24794520 0.09906913 0.31067519 0.05051183 0.09889290 0.07794214 0.08192773 0.02358672
0.06199212 0.01099290 0.00136275 0.01164736 0.04338904 0.24313694 0.10162614 0.31020355 0.05393858 0.10206777 0.07218415 0.08046500 0.02662137
0.06228501 0.00704639 0.00174496 0.00625852 0.05340972 0.24348379 0.09699020 0.30889737 0.04640324 0.09778108 0.07616170 0.08184921 0.02497447
0.06257531 0.01226977 0.00109515 0.01143901 0.03346844 0.24131833 0.09562258 0.30540036 0.05311841 0.08963348 0.07104764 0.08400775 0.02483801
0.06252339 0.00750908 0.00171236 0.00828407 0.04260792 0.24356532 0.09063966 0.30864911 0.05377127 0.08859812 0.07532322 0.08218217 0.02568216
0.06288453 0.00540088 0.00180058 0.00638160 0.04008627 0.24609423 0.09329378 0.30897399 0.06886461 0.08935482 0.08188762 0.08135265 0.02384535
0.06476128 0.01500388 0.00104239 0.01673213 0.03281338 0.24472714 0.09826770 0.30748134 0.06004783 0.08229023 0.07729672 0.08224181 0.02392452
0.06506105 0.00380565 0.00094510 0.00577667 0.03846278 0.24579744 0.09695796 0.31051029 0.05035652 0.08775545 0.08508270 0.07883348 0.02602491
0.05789724 0.00440794 0.00100440 0.00703905 0.04242468 0.24597564 0.09931206 0.30655268 0.05089825 0.09886857 0.08712455 0.08348684 0.02534942
0.05593534 0.00712595 0.00106431 0.00758091 0.02063659 0.24862839 0.10191172 0.31073630 0.05035015 0.10101668 0.08199428 0.07995907 0.02719971
0.05476815 0.01116077 0.00091691 0.01159219 0.04378507 0.24695536 0.10109198 0.31003599 0.05759640 0.09429364 0.07367644 0.08084758 0.02616763
0.05384859 0.00557443 0.00101924 0.00256997 0.03041842 0.24837776 0.09879169 0.31260781 0.06429786 0.08879133 0.07245444 0.08279013 0.02780894
0.05364335 0.00607193 0.00088580 0.00396838 0.03232280 0.24797440 0.09968930 0.31446496 0.06034769 0.09279524 0.08396260 0.07982023 0.02891080
0.05275366 0.00428912 0.00121627 0.00331612 0.02357115 0.24961976 0.09783254 0.31345752 0.05475203 0.09161963 0.08566267 0.08282368 0.03743911
0.05133843 0.00211854 0.00098807 0.00323041 0.01595014 0.24946610 0.09579312 0.31206426 0.05188024 0.09348749 0.08318189 0.07492883 0.03179758
0.04930003 0.01065299 0.00103456 0.01003315 0.02114753 0.25224338 0.09661102 0.31134932 0.05348713 0.10276315 0.07241448 0.07964565 0.02404687
0.04774607 0.00522174 0.00096484 0.00521197 0.04756688 0.25285276 0.09035113 0.31026938 0.05656686 0.10480827 0.07676436 0.07879687 0.02810791
0.04544368 0.00629900 0.00098105 0.00447301 0.03270058 0.25575414 0.09154568 0.30866551 0.05924352 0.10097669 0.07165561 0.08104391 0.02397887
0.04561536 0.00313982 0.00095314 0.00098704 0.00360672 0.25746719 0.08717765 0.30668884 0.05846219 0.09304284 0.07816751 0.08026434 0.02680383
0.04644004 0.00204997 0.00062521 0.00096293 0.00252321 0.25658357 0.09101171 0.30857220 0.06049136 0.08687556 0.07809586 0.08122438 0.02353125
0.04520226 0.00286432 0.00177545 0.00040374 0.00163014 0.25616126 0.08841230 0.30670528 0.05757897 0.09503188 0.07926972 0.08060812 0.02452780
0.04518636 0.00398949 0.00050916 0.00570786 0.01748627 0.25484922 0.08774343 0.31014639 0.05848152 0.09807390 0.07477946 0.08004225 0.02321654
0.03780048 0.00114696 0.00057230 0.00330585 0.00140343 0.25185371 0.09124380 0.31009207 0.05243731 0.10006784 0.08091103 0.07664119 0.04590176
0.03703275 0.00711041 0.00059013 0.01134445 0.04704721 0.25366174 0.08847690 0.31354895 0.06139907 0.10160192 0.07229656 0.07842053 0.02226028
0.03540015 0.00655515 0.00096435 0.00749552 0.04435532 0.24882233 0.08545487 0.31448582 0.05896285 0.09645929 0.08660063 0.07716995 0.03329926
0.03503013 0.00473770 0.00162789 0.00525042 0.03697613 0.25151127 0.08634309 0.31623288 0.06338473 0.10149658 0.08182761 0.08053971 0.02366216
0.03454715 0.00948547 0.00138692 0.01120957 0.04428860 0.24544480 0.08885087 0.31670323 0.05528793 0.09830273 0.08176395 0.07981392 0.02780637
0.02861609 0.01260709 0.00095049 0.01307999 0.05376839 0.24877243 0.09073508 0.31400139 0.06015057 0.09987641 0.07401917 0.08244155 0.03185557
0.02803686 0.00818016 0.00074543 0.01171668 0.04704928 0.24513275 0.09054710 0.31396822 0.06154424 0.10388663 0.07876014 0.08383720 0.04352759
0.02860641 0.00914428 0.00138769 0.00674861 0.03268331 0.24889722 0.10261639 0.31344187 0.06530659 0.10069934 0.07957307 0.08358633 0.02676327
0.02872597 0.01135274 0.00137604 0.01098613 0.05712398 0.24872204 0.09506757 0.31096063 0.05126171 0.08994898 0.08638374 0.08362248 0.02416504
0.03125027 0.00686546 0.00086121 0.00531948 0.05624710 0.25361433 0.09477569 0.31378857 0.05736028 0.08543912 0.07991431 0.08013454 0.02954570
0.03219811 0.00927447 0.00074337 0.01044458 0.06200708 0.25266706 0.09113171 0.31060269 0.05624926 0.09001020 0.08024002 0.07997955 0.02629635
0.03275901 0.01032792 0.00063010 0.00957041 0.05190240 0.25068699 0.09862446 0.31117930 0.05542155 0.08761893 0.07248919 0.08035170 0.02688599
0.03291473 0.00677600 0.00085161 0.00835612 0.05616274 0.25045042 0.09469782 0.31064111 0.05312298 0.08806191 0.08263184 0.08116177 0.03517162
0.03306378 0.00406076 0.00087615 0.00495412 0.03507895 0.25052522 0.10196520 0.30833489 0.05313504 0.10158547 0.07193640 0.08166912 0.03067744
0.03048107 0.00789051 0.00155945 0.00910345 0.06507863 0.25193737 0.08937946 0.31203078 0.05439730 0.10055362 0.08090072 0.08179060 0.03020970
0.03017420 0.01419689 0.00103142 0.01446968 0.06074011 0.24972169 0.09721153 0.31191339 0.05438861 0.09521987 0.07557286 0.08091782 0.03481395
0.02853136 0.00530994 0.00087347 0.00742427 0.04506394 0.25233346 0.09665362 0.31350018 0.06163115 0.09411453 0.08520159 0.08376951 0.03542241
0.02932798 0.00945125 0.00096971 0.01186731 0.05751642 0.25113521 0.09497887 0.31487204 0.06876258 0.08820829 0.07462402 0.07928318 0.02756903
0.02968979 0.00607034 0.00107186 0.00806619 0.05099105 0.25732351 0.09394172 0.31409357 0.06215230 0.08931707 0.07931844 0.07924357 0.03415796
0.02850971 0.00560360 0.00150261 0.00820507 0.04406959 0.25423421 0.10158585 0.31314982 0.05277153 0.08501486 0.07114622 0.07804940 0.03511527
0.02929058 0.00842211 0.00156616 0.00968274 0.05725142 0.25734321 0.09860044 0.31131156 0.04533147 0.09615908 0.07643089 0.08118156 0.03935801
0.03021617 0.00654961 0.00084717 0.00567774 0.04946498 0.25578303 0.10352787 0.31095146 0.04522916 0.09948389 0.06762371 0.07768740 0.02533490
0.03109342 0.00833865 0.00131608 0.01429615 0.04122861 0.25474035 0.09083348 0.30769892 0.04840340 0.09281992 0.07334409 0.08092860 0.03953177
0.03088313 0.00390357 0.00163156 0.00307900 0.02157660 0.25564724 0.09424526 0.30711621 0.04678363 0.09697861 0.07397109 0.08189239 0.03063569
0.03159105 0.00924336 0.00145064 0.00993685 0.03660857 0.25171628 0.09844054 0.30672730 0.05210531 0.08562930 0.07133016 0.08189349 0.02473555
0.03318603 0.00624728 0.00129388 0.00444600 0.03077259 0.25087232 0.08706783 0.30606311 0.05980212 0.08980200 0.08108439 0.08183308 0.02545338
0.03325429 0.00650513 0.00079988 0.00886746 0.04086834 0.24861391 0.09211195 0.30950723 0.05632945 0.08640167 0.08360892 0.07925950 0.02217948
0.03325303 0.00622034 0.00060950 0.00657822 0.06414583 0.24847196 0.09840988 0.31006578 0.06013532 0.07909828 0.07203272 0.08055070 0.02393321
0.03204974 0.00530628 0.00078574 0.00637555 0.05067304 0.24675636 0.09031599 0.31225309 0.04962505 0.08674731 0.08271468 0.08555524 0.02719046
0.03169700 0.00832566 0.00109879 0.00655603 0.04823991 0.24591108 0.10282318 0.31344842 0.05418418 0.09280082 0.07455079 0.08074122 0.02699101
0.03262219 0.00753075 0.00126024 0.00654464 0.05773773 0.24428305 0.10013224 0.31312414 0.05547323 0.09785555 0.06842829 0.08092157 0.02631942
0.03269568 0.00492886 0.00132972 0.00733332 0.05445845 0.24627796 0.09666563 0.31363236 0.04851696 0.09439932 0.07910449 0.08319888 0.03348523
0.03413611 0.00843965 0.00075810 0.00798748 0.04749282 0.24318892 0.10524824 0.31231131 0.05864060 0.08871956 0.07855217 0.08155928 0.03689664
0.03375197 0.00787440 0.00090594 0.00766539 0.03510694 0.24696973 0.10168358 0.31178814 0.05695401 0.08575373 0.09219516 0.08349370 0.02799047
0.03420410 0.00501942 0.00161047 0.00650758 0.03433098 0.24396580 0.09966775 0.30991961 0.05859290 0.08637827 0.08167076 0.08569685 0.03536573
0.03439914 0.01287499 0.00082491 0.01547877 0.03703198 0.24858052 0.09655506 0.31021543 0.05835809 0.09006489 0.07962513 0.08024418 0.02386978
0.03375307 0.00363419 0.00081222 0.00642242 0.03776592 0.24518247 0.10131476 0.30870547 0.05885448 0.10138789 0.06554484 0.07935324 0.03628764
0.03214799 0.00237978 0.00239537 0.00260343 0.01916424 0.24891807 0.09169197 0.30717125 0.04745954 0.11205360 0.08118561 0.08089608 0.02613706
0.02962733 0.00955796 0.00095424 0.01247432 0.03046600 0.24509842 0.09914257 0.30715267 0.04669064 0.10496423 0.06735781 0.07963994 0.02945534
0.02855620 0.00297776 0.00105148 0.00358757 0.02673921 0.25096638 0.09456049 0.30743103 0.05092591 0.09421789 0.07513870 0.08252189 0.03225683
0.02983647 0.00476157 0.00184107 0.00472815 0.02047174 0.24988340 0.09697799 0.30764653 0.05884028 0.08878769 0.08081818 0.08189242 0.02725210
0.02891569 0.00689550 0.00343924 0.00803026 0.03672057 0.24964822 0.09190740 0.30973552 0.06130175 0.09637352 0.08352573 0.08507493 0.03593436
0.02850410 0.00374940 0.00108512 0.00453201 0.04169488 0.25016910 0.09684084 0.31184995 0.05687931 0.08774725 0.07798397 0.08220981 0.04098534
0.02860023 0.00474301 0.00150534 0.00569786 0.04436499 0.24842785 0.10048073 0.31092535 0.06007065 0.09726357 0.08004371 0.07945612 0.02713944
0.02978034 0.00442128 0.00139667 0.00715888 0.04724443 0.25383866 0.09655414 0.31278589 0.05411813 0.10266383 0.06865096 0.08079024 0.03270379
0.03026084 0.00312845 0.00151701 0.00285692 0.03050599 0.25253584 0.09198698 0.30989528 0.04785984 0.10299646 0.08064931 0.07685255 0.02632955
0.02908558 0.00768155 0.00106683 0.00924804 0.01149321 0.25176217 0.10077505 0.30990841 0.04986505 0.09649941 0.07020564 0.07960497 0.03764655
0.02908525 0.00164967 0.00082472 0.00369798 0.00354282 0.25044726 0.09533259 0.30667308 0.04995869 0.09163710 0.07857934 0.07813713 0.02409987
0.02915041 0.00173849 0.00071106 0.00408759 0.00379515 0.24850306 0.09740167 0.30565209 0.05565221 0.08973802 0.08012664 0.08247168 0.04746142
0.02863854 0.00175893 0.00086141 0.00168361 0.00218437 0.24603162 0.10121363 0.30303344 0.05615236 0.08917321 0.07991551 0.08003307 0.02313950
0.02891501 0.00208204 0.00079088 0.00507880 0.00659035 0.24635535 0.08975658 0.30479414 0.04962313 0.08437441 0.08542618 0.08276145 0.04173555
0.02754854 0.00418876 0.00118147 0.00452080 0.03170958 0.24066351 0.09297568 0.30336439 0.04622147 0.08717819 0.07314038 0.08043369 0.02666189
0.02634537 0.00431983 0.00113400 0.00685932 0.03501616 0.24260191 0.09155242 0.30518770 0.04871207 0.09667620 0.06593458 0.07941239 0.03269698
0.02567543 0.01112045 0.00070132 0.01302093 0.04160007 0.24010237 0.09133051 0.30740694 0.04691392 0.09704439 0.07551501 0.07696396 0.02353798
0.02980934 0.00567938 0.00179337 0.00523700 0.03653515 0.24027540 0.10760016 0.30931641 0.06412471 0.09020979 0.06549553 0.08051353 0.02672635
0.03355831 0.00809085 0.00110745 0.00734632 0.03803865 0.23872532 0.10148023 0.31051501 0.06015212 0.08398945 0.08427100 0.08033495 0.02677767
0.03328926 0.00604759 0.00083189 0.00853667 0.04612302 0.24228429 0.10156165 0.31310375 0.05609889 0.08455527 0.07687046 0.08123947 0.02739014
0.03569291 0.00905865 0.00167800 0.00582508 0.03923440 0.24041484 0.09886371 0.31137545 0.05997225 0.09309968 0.08364409 0.08219089 0.02763366
0.04073777 0.00382690 0.00192857 0.00293107 0.02174070 0.24286691 0.10130454 0.31084941 0.05921838 0.07889710 0.07189020 0.08246512 0.03864325
0.04191571 0.00325746 0.00181251 0.00635545 0.04539790 0.24203971 0.09694810 0.30824231 0.04618753 0.08069380 0.07672315 0.08365381 0.02736258
0.04220597 0.00248815 0.00133017 0.00269817 0.03292156 0.24549453 0.10073370 0.30799045 0.04453084 0.09411152 0.07197306 0.07718458 0.03085639
0.04393511 0.00265774 0.00122551 0.00375112 0.03272355 0.24250278 0.09732363 0.30547998 0.04261360 0.09558784 0.07055223 0.07881715 0.03157975
0.04490916 0.00274824 0.00063922 0.00381847 0.03169012 0.24733603 0.09309196 0.30531898 0.04265948 0.08543854 0.06587878 0.07868392 0.03021552
0.04379687 0.00307504 0.00122623 0.00525859 0.06193076 0.24463444 0.08917138 0.30489366 0.04476390 0.08177152 0.07018237 0.08109050 0.03974758
0.04113891 0.00473339 0.00138682 0.00306162 0.04288043 0.25244658 0.09581226 0.30320671 0.05397978 0.08130110 0.06781196 0.08063038 0.03914594
0.04034641 0.00279520 0.00364275 0.00527725 0.00845437 0.25000329 0.09489357 0.30286781 0.04680162 0.09008241 0.08090527 0.08157316 0.03044634
0.03913398 0.00152142 0.00287619 0.00132071 0.00162664 0.25156093 0.09868087 0.30295985 0.04920125 0.08253174 0.06907116 0.08145726 0.03756156
0.03701426 0.00194759 0.00108397 0.00119535 0.00138446 0.25320318 0.09492272 0.30471834 0.05619829 0.07550158 0.07730544 0.08079664 0.02613754
0.03582595 0.00362648 0.00146854 0.00054322 0.00095642 0.25199584 0.10088234 0.30576984 0.06480461 0.08131090 0.07425099 0.07935132 0.02687521
0.03515293 0.00243082 0.00111304 0.00053367 0.00305608 0.25437880 0.09989003 0.30798712 0.05207831 0.08725063 0.07104689 0.07933439 0.02496108
0.03541961 0.00585549 0.00098941 0.00605727 0.03413561 0.25380628 0.09370192 0.30882238 0.04205757 0.08931356 0.07233648 0.07719100 0.03729433
0.03480156 0.01319755 0.00103373 0.01031202 0.02976827 0.25283661 0.09484369 0.30832283 0.05354618 0.09097347 0.06739597 0.07784571 0.02738406
0.03345994 0.00589846 0.00150463 0.00596444 0.04600321 0.24892893 0.09856820 0.30677907 0.05269040 0.09378447 0.07168392 0.07829830 0.02721064
0.03296637 0.00349861 0.00148376 0.00526085 0.04958963 0.24726929 0.09172173 0.30559303 0.05431805 0.09050541 0.07624463 0.08126896 0.02581211
0.03243970 0.00641636 0.00125326 0.00751066 0.04320254 0.24500998 0.09738711 0.30585756 0.05472673 0.07342005 0.07427680 0.08052181 0.02449884
0.03260653 0.00312880 0.00088288 0.00295678 0.04093658 0.24250051 0.09598408 0.30309948 0.05051031 0.07655598 0.07960848 0.08202475 0.02771564
0.03235888 0.00239300 0.00082276 0.00155313 0.03262895 0.24029131 0.09958914 0.30316153 0.05594486 0.08607494 0.07294177 0.08047246 0.03526217
0.03193241 0.00791219 0.00362176 0.00927483 0.02265932 0.24069389 0.09654449 0.30403351 0.05215780 0.09195678 0.07531915 0.08541781 0.02429912
0.03183414 0.00321213 0.00110763 0.00126131 0.00393375 0.23626913 0.09788246 0.30390723 0.04717781 0.09401615 0.06560715 0.07719731 0.02314735
0.03244810 0.00137223 0.00111795 0.00038506 0.00133560 0.24032432 0.09799993 0.30526523 0.04307512 0.09726616 0.07077729 0.08249470 0.02362278
0.03382492 0.00281371 0.00196802 0.00185518 0.02978200 0.23556320 0.10138364 0.30692376 0.04884020 0.10011079 0.07685676 0.07736622 0.02512781
0.03526463 0.00175808 0.00114678 0.00199613 0.02824419 0.23812062 0.10157335 0.30785453 0.05446907 0.08890722 0.08189318 0.07950413 0.02691297
0.03634103 0.00289223 0.00062493 0.00453333 0.02580011 0.23675971 0.10776624 0.30879168 0.05720316 0.06911605 0.08168736 0.08214404 0.02740655
0.03649840 0.00386011 0.00172139 0.00536716 0.02325963 0.23822306 0.10907618 0.30773543 0.05871739 0.07279568 0.08224431 0.08284765 0.02814206
0.03403169 0.00758631 0.00163664 0.01172262 0.04373770 0.24064615 0.10615835 0.30747815 0.05404280 0.08350830 0.07953763 0.08437294 0.02698652
0.03197465 0.00637041 0.00101698 0.00605764 0.05428084 0.24246470 0.10126958 0.30656739 0.04532235 0.08977660 0.07432171 0.07764317 0.02869844
0.03345138 0.00652004 0.00080708 0.00531788 0.04435064 0.24345916 0.10077550 0.30611501 0.04303041 0.09607159 0.06701686 0.07927704 0.02773872
0.03334367 0.00267633 0.00082616 0.00311103 0.05669870 0.24532107 0.09833034 0.30598634 0.04359045 0.10659084 0.07035874 0.07841589 0.02544647
0.03059595 0.00447276 0.00086528 0.00586479 0.03578202 0.24595801 0.09493867 0.30516993 0.04820604 0.10468805 0.07486273 0.07928769 0.02463527
0.02731197 0.00467802 0.00092349 0.00178183 0.02609636 0.24761408 0.09840952 0.30464456 0.05291993 0.08755379 0.07855469 0.08005032 0.02626242
0.02771921 0.00818703 0.00072843 0.00932272 0.03769586 0.25050157 0.09615153 0.30448555 0.05562702 0.07648762 0.07641573 0.08181411 0.02458808
0.02745982 0.00522456 0.00064025 0.00409027 0.04914120 0.24842695 0.09449743 0.30429273 0.05850742 0.08389322 0.07489546 0.08057609 0.02676094
0.02540495 0.00821883 0.00096360 0.00943740 0.03635576 0.25522362 0.08692643 0.30495851 0.05598918 0.09202241 0.07957396 0.08304772 0.02524248
0.02529987 0.00340790 0.00153184 0.00388212 0.03952218 0.25175445 0.09397579 0.30441610 0.04489187 0.09688797 0.06693468 0.07799336 0.02344864
0.02724722 0.00530981 0.00097668 0.00409686 0.05427612 0.25325400 0.09219937 0.30692879 0.04614679 0.09430482 0.06696302 0.07941593 0.02478169
0.02894534 0.00787817 0.00070185 0.00916367 0.02702118 0.25095078 0.09543213 0.30840126 0.04912644 0.09904457 0.07701487 0.07693023 0.02692223
0.02896189 0.00651551 0.00101486 0.00751949 0.04187426 0.25071995 0.09616017 0.30831815 0.05331410 0.10134226 0.07570631 0.07886577 0.02468009
0.02860624 0.00306768 0.00086729 0.00034060 0.00281321 0.24843176 0.09721956 0.30759751 0.05286782 0.08325512 0.07852846 0.07719267 0.02506292
0.02976612 0.00454703 0.00357007 0.00750242 0.02556398 0.24726048 0.10248119 0.30826523 0.05102280 0.07313633 0.07617579 0.08430205 0.02400913
0.03004922 0.00789372 0.00101579 0.00660569 0.01613432 0.24515645 0.09856933 0.30593642 0.05222860 0.08346843 0.07544308 0.08047930 0.03545858
0.02939939 0.00882532 0.00072006 0.00961861 0.03942218 0.24255274 0.09535772 0.30539489 0.05291562 0.08672885 0.07970711 0.08471408 0.03602164
0.02950941 0.01085503 0.00088182 0.01139715 0.03513380 0.24084055 0.10042919 0.30673251 0.04540814 0.08226334 0.07099946 0.08158927 0.04669682
0.02970676 0.00752321 0.00178699 0.00926092 0.04065603 0.23938657 0.10802591 0.30719644 0.04597026 0.08588150 0.06542707 0.08354275 0.03667213
0.03271676 0.00871526 0.00140792 0.00997765 0.03487112 0.23645242 0.10188136 0.30657195 0.04817932 0.09482506 0.07849051 0.07873455 0.04469672
0.03620169 0.00233302 0.00114130 0.00217902 0.00318347 0.23574767 0.10285420 0.30559602 0.04924312 0.09520686 0.08205379 0.07936131 0.03037161
0.03770872 0.01278027 0.00095357 0.01400993 0.01484675 0.23676919 0.10265274 0.30609557 0.05070068 0.08298015 0.07074692 0.07859350 0.03588202
0.03751740 0.00437337 0.00054970 0.00510896 0.02412328 0.23474551 0.10245536 0.30625007 0.05104629 0.07865398 0.08098327 0.08072689 0.03188336
0.03499694 0.00254580 0.00076815 0.00221342 0.03522572 0.23895885 0.10379092 0.30690260 0.05578763 0.09434513 0.07863555 0.08256599 0.03343283
0.03230401 0.00376774 0.00115007 0.00555463 0.03863091 0.23845905 0.10320117 0.30579338 0.05077460 0.09494347 0.07620206 0.08235302 0.02896571
0.03088431 0.00136898 0.00104108 0.00357252 0.04147339 0.24335364 0.09706204 0.30818536 0.04739923 0.08581713 0.07525503 0.08345769 0.03409934
0.02774364 0.01135243 0.00115361 0.01082317 0.04622720 0.24383790 0.09766748 0.30754628 0.04418684 0.08641929 0.06684037 0.08288930 0.04279741
0.02515082 0.00433530 0.00111358 0.00712414 0.03886574 0.24545606 0.09486006 0.30865808 0.05173643 0.09585131 0.07690012 0.08182395 0.02897058
0.02445752 0.00442162 0.00092818 0.00567950 0.04731601 0.24656592 0.09649053 0.30889598 0.05058052 0.09101078 0.07697339 0.07818112 0.02547870
0.03229616 0.00835050 0.00100440 0.01089647 0.05401405 0.24504271 0.09525724 0.30905769 0.04745456 0.07781773 0.06879248 0.07873298 0.02450691
0.03177944 0.00263933 0.00227881 0.00545735 0.02020269 0.24495159 0.09760616 0.30765615 0.04881601 0.07995939 0.07505229 0.07885909 0.02617012
0.03158413 0.00451749 0.00293657 0.00332402 0.01884729 0.24631848 0.09947933 0.30702906 0.05678684 0.08668493 0.07968481 0.08416106 0.02724562
0.03245828 0.00396159 0.00130880 0.00090841 0.01235760 0.24757195 0.09983766 0.30535625 0.05532938 0.08603305 0.06597143 0.08121886 0.02623704
0.03345557 0.00430984 0.00124979 0.00222944 0.01525521 0.24634108 0.09370846 0.30325867 0.04555146 0.07996818 0.07464668 0.08264024 0.02548384
0.03359123 0.00193569 0.00088716 0.00141814 0.00450513 0.24721871 0.09899752 0.30206600 0.04712179 0.08800532 0.07675090 0.08119193 0.04589440
0.03331965 0.00199522 0.00086112 0.00326476 0.00602801 0.24568188 0.09666931 0.30232959 0.05119219 0.09043836 0.07173035 0.07972757 0.02411584
0.03146808 0.00168334 0.00092115 0.00146103 0.00207673 0.24689743 0.09665445 0.30373555 0.04798519 0.08340756 0.07920537 0.07884657 0.03023419
0.03008149 0.00327611 0.00092064 0.00526358 0.04220653 0.24751166 0.10084507 0.30419368 0.05077569 0.07319960 0.07256036 0.08046579 0.02515868
0.02813510 0.01072658 0.00229908 0.00917240 0.04799087 0.24669735 0.09535025 0.30546911 0.05278467 0.07664392 0.07189235 0.08414649 0.02793144
0.02610620 0.01004318 0.00182490 0.01160324 0.06011874 0.24593579 0.09572586 0.30530725 0.04457353 0.08050492 0.07318308 0.08178706 0.02689550
0.02417064 0.01132308 0.00166122 0.01146160 0.03436905 0.24424328 0.10008448 0.30656969 0.05508249 0.07797695 0.06738769 0.08327317 0.02553953
0.02455947 0.00338758 0.00110053 0.00327758 0.04072325 0.24223243 0.10363008 0.30657450 0.04713328 0.07598909 0.07607772 0.08282509 0.02895784
0.02619013 0.00431708 0.00067629 0.00507499 0.03889527 0.24365696 0.10653011 0.30767472 0.04436167 0.08283311 0.07670795 0.08130989 0.02719274
0.02724950 0.00563332 0.00224408 0.00801577 0.04474223 0.24098826 0.10306315 0.30736373 0.04996150 0.09355747 0.06695269 0.07960601 0.02676731
0.02752534 0.00834799 0.00074681 0.00905015 0.02875417 0.24261981 0.09872917 0.30749866 0.05201499 0.08693765 0.07673329 0.07866746 0.02571882
0.02799394 0.00173969 0.00138936 0.00046058 0.03230334 0.23879182 0.09704365 0.30526071 0.04737635 0.07895526 0.07270427 0.07817666 0.02658610
0.02730291 0.00883626 0.00056789 0.01171195 0.04958779 0.24063667 0.10032571 0.30570973 0.04836158 0.08078724 0.07441758 0.08051794 0.02429062
0.02577913 0.00285912 0.00151043 0.00195566 0.04308821 0.23872949 0.09631939 0.30383150 0.05609319 0.08446487 0.07965927 0.08098891 0.02581596
0.02107156 0.00662239 0.00136680 0.00793273 0.04319596 0.24363222 0.09857570 0.30201225 0.04852066 0.07776648 0.07099731 0.08215107 0.02387617
0.01985341 0.00306998 0.00284484 0.00231740 0.03202831 0.24351038 0.09741746 0.30324850 0.04488510 0.09197670 0.07152618 0.08147622 0.02691184
0.02185424 0.00680274 0.00158474 0.00855239 0.04539795 0.24334407 0.10091603 0.30372054 0.04474608 0.09564347 0.07107947 0.08441013 0.02455094
0.02540529 0.00268943 0.00163510 0.00477109 0.04497465 0.24250386 0.09768877 0.30299688 0.04892317 0.08895927 0.07515528 0.08046516 0.02441979
0.02857941 0.00579125 0.00083348 0.00491920 0.03174487 0.24288964 0.10437714 0.30484284 0.04965281 0.07726964 0.07957844 0.08074480 0.02564838
0.03064146 0.00492589 0.00080626 0.00507087 0.04690577 0.24069655 0.10066486 0.30535526 0.05593015 0.08299696 0.07503648 0.07836605 0.02507835
0.03120725 0.00450105 0.00129144 0.00387781 0.03234694 0.24455247 0.09878392 0.30726530 0.05155271 0.08341532 0.07992950 0.07998162 0.02586319
0.03150196 0.01160306 0.00069661 0.01082410 0.03719945 0.23963754 0.09825853 0.30590136 0.05820046 0.08565789 0.07545165 0.08033173 0.02567073
0.03064256 0.01276948 0.00126598 0.01510755 0.03826057 0.24425161 0.09556157 0.30712263 0.05302602 0.08708975 0.07081197 0.07876345 0.02583742
0.02802726 0.00567903 0.00070609 0.00693652 0.04514332 0.24130104 0.09776653 0.30593327 0.04672093 0.09141278 0.06850361 0.07994274 0.02690333
0.02561858 0.00484345 0.00094653 0.00507588 0.04020925 0.24257917 0.09977184 0.30535925 0.05039079 0.09854802 0.07172206 0.08045254 0.02565036
0.02311750 0.00282974 0.00108150 0.00107319 0.04458601 0.24127844 0.10005354 0.30493593 0.05260729 0.09372824 0.08078077 0.08234407 0.02407203
0.02098968 0.00710951 0.00116937 0.00835478 0.04784126 0.24133308 0.09425212 0.30406284 0.05588071 0.08193777 0.07582379 0.08286615 0.03592997
0.02047139 0.01271141 0.00112359 0.01491914 0.04669918 0.24152997 0.10489949 0.30611231 0.05678397 0.07894121 0.08413500 0.08290907 0.02447965
0.02204750 0.00544613 0.00093331 0.00476480 0.02948900 0.24356680 0.09797415 0.30443445 0.05696189 0.08048889 0.08380670 0.07998191 0.02663093
0.02503525 0.00487319 0.00082796 0.00107659 0.01979559 0.24348459 0.09738297 0.30607705 0.05859300 0.08711117 0.07927861 0.08060537 0.02911496
0.02598307 0.01414925 0.00067727 0.01438899 0.03287551 0.24231895 0.10366535 0.30780767 0.05388482 0.09469769 0.07148351 0.08050461 0.02874526
0.02555528 0.01205548 0.00064454 0.01461744 0.04901694 0.24209785 0.10415415 0.30799711 0.05266356 0.09612515 0.07211529 0.08090531 0.03198742
0.02614638 0.00317734 0.00078771 0.00188988 0.02952277 0.23883436 0.10643239 0.30885760 0.04667243 0.09529292 0.08995831 0.08040950 0.02826130
0.02576323 0.01344669 0.00105243 0.01414054 0.03949305 0.24104595 0.10977523 0.30768263 0.05017877 0.08667620 0.07886947 0.08349371 0.02704940
0.02381127 0.00711726 0.00071862 0.00980338 0.03336634 0.23774857 0.10232507 0.30664147 0.05935309 0.08088484 0.07863814 0.08150597 0.02688294
0.02193817 0.00382985 0.00089929 0.00526361 0.03644388 0.24144299 0.10089527 0.30681207 0.05621396 0.08115037 0.08371041 0.08247287 0.02692855
0.02148961 0.00461247 0.00091499 0.00510903 0.03623234 0.23889272 0.09904722 0.30525960 0.05954677 0.08524292 0.07340805 0.08035108 0.02582545
0.02116387 0.00526060 0.00083234 0.00461389 0.04874205 0.23979655 0.09943962 0.30602633 0.05002385 0.09307110 0.07488593 0.08131357 0.02757726
0.02036015 0.01206485 0.00065553 0.01261366 0.04116593 0.23895049 0.09370815 0.30511302 0.04830771 0.09955101 0.07801370 0.08043285 0.02766711
0.02026809 0.00560389 0.00095688 0.00552223 0.06560129 0.24025022 0.09492009 0.30731918 0.05362600 0.10207748 0.07495626 0.08286790 0.04543605
0.02092293 0.00833141 0.00104669 0.00880084 0.05357485 0.23893146 0.09348434 0.30533466 0.06544511 0.09451606 0.07991901 0.08121845 0.02496901
0.02229108 0.00626169 0.00217030 0.00192709 0.03014997 0.23898393 0.10080119 0.30521028 0.06093067 0.08661908 0.08232595 0.08488589 0.03012424
0.02503845 0.00459827 0.00155141 0.00423736 0.04674274 0.23697638 0.09580834 0.30610138 0.06364608 0.08881536 0.08416498 0.08514370 0.02541921
0.02858093 0.00350079 0.00086365 0.00168857 0.04190158 0.24268411 0.10111890 0.30601688 0.05569810 0.09154109 0.07905557 0.08443022 0.02635291
0.03123542 0.00384135 0.00145052 0.00503887 0.03261692 0.23920765 0.09719230 0.30612991 0.05098730 0.09848970 0.07272313 0.07986191 0.02442392
0.03313291 0.00192508 0.00132314 0.00197315 0.02017184 0.24331703 0.09556193 0.30744777 0.04716517 0.10537895 0.07573178 0.08145223 0.02479428
0.03450104 0.00195496 0.00085239 0.00399656 0.02216797 0.24064714 0.09547269 0.30624827 0.04851532 0.10528825 0.07083477 0.07972226 0.02461197
0.04094633 0.00243557 0.00118527 0.00233706 0.05198311 0.24050319 0.09880512 0.30705017 0.05377804 0.09725888 0.07320528 0.07845781 0.02476093
0.03836464 0.01038855 0.00214352 0.00911437 0.01534563 0.23961871 0.09436465 0.30573809 0.07105113 0.09037743 0.07813001 0.08055977 0.02594142
0.03949846 0.01334699 0.00170839 0.01461870 0.04135735 0.23815543 0.10286466 0.30681459 0.06502951 0.08533026 0.07632672 0.08164725 0.04469352
0.03723812 0.00582614 0.00097950 0.00796949 0.03320866 0.23743136 0.10791910 0.30572094 0.05578055 0.08218118 0.08580273 0.08396978 0.02778382
0.05602227 0.00694090 0.00104405 0.00732796 0.04393686 0.23674232 0.11249466 0.30748397 0.05516219 0.08316150 0.07876715 0.08367776 0.03697341
0.05450237 0.00628874 0.00111520 0.00912741 0.04245518 0.23874653 0.11179265 0.30715735 0.05042069 0.09051408 0.07912331 0.08270396 0.03875337
0.05363017 0.00388099 0.00106707 0.00496344 0.04206948 0.23826477 0.10613403 0.30721216 0.04969479 0.09833644 0.07726375 0.08102829 0.04808575
0.05301309 0.00779708 0.00103342 0.00781037 0.05690143 0.23895313 0.10738157 0.30890055 0.05771540 0.09705343 0.07900848 0.08291996 0.04035047
0.05272110 0.00464743 0.00162878 0.00235656 0.03346285 0.23683662 0.10619243 0.30707358 0.06580352 0.09163403 0.08031089 0.08186483 0.03120634
0.05266630 0.00286334 0.00108439 0.00419786 0.02795787 0.23785657 0.10657521 0.30923578 0.05067671 0.08453938 0.08404091 0.08378602 0.05008096
0.05180688 0.00231102 0.00072745 0.00543143 0.04774889 0.23707864 0.11287227 0.30834737 0.05151127 0.08181989 0.07704490 0.08080274 0.03375357
0.05196402 0.00568642 0.00149797 0.00940528 0.02059463 0.23715332 0.11128115 0.30784974 0.05012580 0.07888189 0.07672116 0.08224121 0.03508792
0.05371113 0.01249619 0.00071956 0.01172676 0.02924217 0.23380460 0.10840863 0.30614444 0.04896175 0.08372670 0.07714833 0.08259097 0.02761349
0.05528712 0.00352996 0.00088964 0.00520139 0.02486902 0.23705993 0.09929690 0.30515545 0.05082643 0.08875354 0.07709982 0.08174023 0.02936879
0.05502411 0.00331093 0.00063931 0.00379747 0.02549611 0.23220806 0.10069145 0.30485527 0.05423887 0.09140287 0.07742630 0.08063392 0.02773218
0.05490936 0.00505677 0.00065132 0.00446305 0.03600722 0.23482195 0.09399469 0.30474945 0.05373051 0.08542199 0.07999526 0.08296009 0.04192258
0.05451577 0.00426169 0.00118173 0.00576196 0.04910459 0.23512908 0.10016390 0.30359815 0.05104052 0.09545409 0.07057433 0.08195829 0.03364535
0.05473862 0.00350637 0.00222773 0.00471476 0.03854367 0.23543787 0.10380028 0.30504499 0.04831196 0.09856592 0.07147622 0.08198194 0.04442172
0.05324081 0.00628180 0.00170767 0.00463518 0.02114613 0.23887711 0.09317476 0.30440153 0.04623043 0.08427754 0.08159039 0.08171647 0.04553813
0.05277104 0.00285837 0.00164599 0.00159360 0.00227810 0.23739233 0.09674185 0.30498695 0.05374898 0.08398226 0.07617248 0.08254696 0.03636534
0.05282156 0.00184403 0.00080355 0.00254681 0.00275262 0.23833052 0.09837113 0.30305682 0.05050052 0.08484659 0.07521947 0.08181707 0.02522699
0.05274558 0.00848088 0.00084520 0.00858832 0.01705856 0.24038289 0.09593875 0.30321939 0.05005622 0.08538928 0.07824828 0.08105025 0.03074969
0.05234196 0.00341545 0.00055656 0.00300670 0.04251114 0.24066444 0.09935640 0.30507280 0.04776115 0.08525217 0.07245074 0.08178346 0.02538324
0.05193865 0.00411790 0.00146265 0.00675945 0.04180189 0.24128740 0.09617491 0.30287445 0.05686677 0.08613355 0.07258443 0.08012784 0.02596969
0.05311621 0.00364541 0.00137068 0.00231507 0.02678837 0.24449289 0.09216111 0.30499734 0.05242374 0.08316694 0.08104876 0.08118045 0.02670435
0.05269670 0.00707251 0.00086610 0.00680423 0.04013085 0.23876843 0.09594650 0.30322377 0.05579540 0.08570572 0.07038906 0.07932800 0.02369282
0.05087842 0.01277013 0.00417983 0.01225393 0.02192649 0.24217349 0.09166676 0.30431399 0.05423237 0.09396722 0.07909959 0.08109850 0.02709661
0.04733932 0.00218195 0.00168013 0.00538835 0.00643194 0.24032878 0.09847999 0.30266738 0.04802677 0.09502920 0.06984780 0.07904915 0.02719412
0.04486604 0.00790448 0.00163272 0.00963319 0.00827558 0.23869725 0.09771666 0.30285624 0.04571144 0.09284272 0.07544325 0.08352943 0.05352445
0.03381284 0.00418026 0.00092557 0.00664756 0.03040260 0.23899658 0.09956170 0.30462594 0.05547258 0.08988122 0.07525991 0.08127672 0.04611681
0.03408855 0.00318698 0.00062096 0.00420638 0.02321812 0.23677387 0.09988823 0.30294730 0.05267698 0.08488331 0.08261951 0.08250166 0.03250779
0.03454135 0.00979620 0.00201978 0.01202091 0.02316377 0.23700395 0.10496041 0.30466499 0.05797779 0.08225942 0.07828091 0.08130906 0.02606077
0.03537858 0.00360463 0.00113455 0.00449177 0.02573132 0.23596893 0.10922408 0.30505911 0.05993075 0.07146594 0.08177745 0.08454203 0.02681055
0.03591829 0.00360401 0.00076862 0.00527904 0.03127371 0.23360021 0.10798981 0.30481171 0.05205325 0.07931293 0.07736748 0.08112611 0.03943633
0.03661267 0.00883203 0.00068782 0.00776950 0.04812484 0.23342633 0.10655964 0.30551220 0.05179915 0.08562488 0.07352258 0.08280715 0.04161370
0.03625995 0.00492354 0.00068222 0.00609382 0.05150024 0.23401600 0.11895007 0.30591706 0.04370687 0.09003331 0.07570517 0.08174466 0.02726591
0.03543039 0.00421666 0.00075801 0.00659182 0.03766388 0.23101016 0.11527099 0.30762750 0.04253740 0.08873782 0.07266076 0.08137939 0.03388109
0.03426763 0.00594422 0.00112842 0.00423604 0.02324234 0.23268896 0.10592011 0.30563301 0.05876832 0.08176217 0.07286600 0.08299486 0.02987588
0.03337096 0.00706374 0.00137229 0.00668753 0.05259656 0.23162588 0.09729942 0.30561554 0.04975461 0.08373217 0.08026654 0.08081817 0.02769428
0.03650650 0.00936422 0.00082406 0.00954601 0.04286150 0.23475003 0.10116575 0.30534735 0.05359419 0.07616361 0.07267547 0.08378855 0.02695027
0.03701669 0.01009577 0.00168432 0.01044937 0.04103751 0.23289467 0.10618287 0.30465788 0.04980647 0.08511886 0.07197541 0.08004124 0.03595607
0.03362918 0.00249843 0.00114631 0.00328648 0.03901377 0.24047817 0.10036419 0.30445686 0.04689056 0.07886536 0.07652864 0.08293508 0.04534814
0.03291358 0.00268811 0.00140620 0.00438044 0.02506641 0.23768480 0.10369412 0.30192623 0.04953612 0.07756496 0.07084675 0.08156884 0.02996307
0.03449184 0.00402102 0.00393931 0.00540667 0.04445122 0.24200161 0.09432048 0.30388246 0.04734142 0.07935114 0.07646005 0.08032786 0.03586828
0.03572377 0.00537280 0.00226576 0.00958340 0.02399113 0.24266321 0.09608263 0.30211162 0.04930715 0.07986859 0.06913770 0.08408278 0.03039731
0.03551614 0.00396609 0.00148718 0.00497631 0.02991307 0.24498873 0.09240372 0.30199881 0.04371566 0.08787952 0.07470992 0.08029588 0.03590221
0.03626974 0.00627200 0.00152146 0.00690580 0.05729231 0.24495633 0.09323934 0.30292523 0.03961666 0.09618915 0.07105107 0.07963878 0.02460931
0.03767421 0.00448235 0.00204806 0.00608267 0.04573828 0.24709638 0.09573641 0.30252874 0.04350420 0.08898941 0.06921930 0.08177956 0.02416107
0.03918488 0.00293608 0.00099865 0.00441138 0.03394659 0.24464952 0.08991180 0.30270456 0.05144126 0.08080185 0.07422101 0.07882835 0.02847602
0.03813535 0.00404772 0.00076361 0.00409338 0.04316360 0.24743482 0.09073343 0.30264216 0.05613927 0.07278357 0.07879757 0.08261282 0.02384339
0.03595185 0.00366448 0.00098044 0.00139926 0.01942027 0.24505721 0.09379708 0.30406776 0.05406551 0.07199492 0.07224306 0.07896927 0.02727246
0.03415031 0.00245659 0.00084346 0.00517211 0.02419300 0.24630247 0.09307772 0.30399134 0.04493489 0.07321010 0.07864606 0.07969874 0.02524610
0.03294501 0.01400883 0.00085376 0.01524166 0.05022987 0.24464780 0.10082212 0.30293378 0.04245666 0.07410862 0.06638723 0.07909506 0.02544551
0.03263768 0.01292681 0.00091968 0.01621455 0.04519872 0.24204767 0.09618720 0.30252639 0.04341423 0.07772454 0.07662232 0.08024083 0.02396831
0.03176004 0.00621105 0.00084772 0.00634443 0.04282497 0.24315551 0.09939841 0.30260816 0.04792559 0.07335358 0.06439117 0.08060882 0.02790513
0.03035102 0.00745773 0.00107974 0.00999829 0.05208345 0.23826381 0.10027701 0.30239949 0.03513930 0.06597416 0.08431718 0.08045938 0.02451724
0.03061347 0.00935279 0.00191814 0.01106406 0.04462591 0.24133480 0.10673262 0.30153876 0.05757068 0.08298447 0.06295883 0.08303406 0.02516365
0.03013787 0.00465007 0.00099844 0.00454733 0.03816326 0.23422355 0.09678743 0.30251452 0.04599123 0.07391217 0.08117933 0.08010374 0.03092551
0.02997488 0.00402029 0.00064479 0.00804652 0.02088830 0.23315015 0.10745706 0.30437166 0.04466161 0.06823928 0.08044334 0.08202112 0.04964677
0.03005401 0.00420899 0.00097701 0.00555011 0.04024893 0.23129325 0.10497311 0.30199899 0.04745583 0.06974519 0.07198254 0.08144767 0.03409314
0.03156099 0.00744270 0.00093776 0.00531754 0.03210491 0.22982341 0.09935620 0.30319365 0.04371086 0.07778503 0.07609491 0.08237612 0.02694163
0.03254564 0.00502642 0.00061190 0.00837439 0.05157556 0.22803333 0.10222178 0.30293428 0.04118509 0.08394791 0.07123614 0.07848168 0.02630129
0.03269863 0.00691189 0.00124937 0.00425417 0.02359096 0.23142676 0.10421764 0.30312174 0.05631827 0.08346767 0.06613084 0.08120112 0.02862891
0.03198813 0.00435789 0.00056699 0.00581124 0.02765291 0.22826032 0.09863179 0.30248588 0.04390005 0.07964205 0.07492014 0.07896749 0.03508245
0.03152950 0.00436437 0.00083791 0.00419776 0.01811387 0.23226958 0.10366618 0.30302533 0.04474858 0.07114266 0.07106102 0.08370651 0.02914578
0.03091095 0.01030546 0.00096322 0.01081398 0.03990344 0.22886157 0.10870066 0.30339444 0.05009328 0.07073145 0.07297355 0.07825235 0.03469994
0.03058046 0.00493442 0.00061605 0.00602699 0.04708199 0.23402598 0.09546127 0.30356724 0.04842346 0.06532846 0.08878524 0.08252274 0.03034781
0.03077385 0.01169296 0.00172167 0.01329063 0.04970346 0.23502019 0.10210755 0.30318517 0.05671869 0.06649731 0.06836909 0.08107314 0.02471817
0.02975012 0.00580651 0.00130981 0.00376188 0.05278275 0.23635720 0.10359094 0.30338001 0.05071447 0.07302412 0.07762637 0.08177554 0.02648456
0.02887301 0.00872058 0.00181766 0.00973152 0.05046500 0.23906276 0.09904514 0.30276777 0.04472664 0.10011284 0.06732772 0.08160689 0.02602855
0.02844662 0.00803542 0.00147956 0.00985440 0.05601250 0.24067293 0.09522774 0.30238928 0.04002284 0.09839789 0.06686517 0.08026481 0.02710872
0.02868292 0.00416983 0.00127304 0.00428277 0.02501491 0.24325952 0.09603850 0.30132234 0.04708923 0.09775772 0.06968712 0.07880579 0.02651748
0.02849629 0.00316177 0.00095013 0.00461073 0.03364953 0.24392921 0.09876064 0.30115666 0.05461389 0.08391169 0.07492745 0.08006162 0.03445085
0.02907384 0.00427082 0.00058487 0.00371728 0.02127466 0.24336721 0.09445254 0.29971008 0.05733091 0.07437345 0.08023149 0.07963784 0.02522339
0.03023910 0.01118066 0.00067072 0.00947406 0.03223128 0.24332131 0.09211799 0.30036539 0.05828344 0.06753637 0.07864550 0.08172773 0.04073918
0.03003174 0.00410579 0.00113220 0.00527238 0.04076325 0.24193287 0.09104806 0.30159888 0.04852732 0.08137054 0.07709720 0.07819809 0.02668777
0.02927443 0.00329513 0.00102114 0.00362114 0.04291917 0.24163838 0.09550599 0.30149713 0.04745942 0.08855274 0.07017769 0.07934298 0.03768206
0.02874996 0.00801102 0.00071503 0.00757949 0.03439157 0.24076578 0.09873210 0.30209741 0.04403298 0.09296409 0.06776849 0.07924938 0.02488001
0.02806458 0.00651170 0.00065476 0.00511260 0.04359216 0.23698594 0.09746638 0.30119979 0.04287981 0.09499509 0.06590933 0.07749122 0.02915169
0.02731257 0.00834604 0.00071348 0.00990510 0.06176221 0.23778686 0.09340052 0.30325357 0.04615732 0.09017597 0.07047004 0.07956792 0.02398923
0.02620576 0.00898584 0.00379432 0.01018036 0.05042067 0.23216735 0.09194206 0.30232623 0.05272394 0.08830479 0.07593523 0.08150830 0.02394118
0.02541491 0.00827843 0.00184982 0.01202294 0.05713006 0.23505714 0.09871663 0.30219338 0.04743512 0.07913892 0.07711870 0.08215620 0.03261512
0.02554010 0.00642323 0.00179550 0.00634663 0.03988441 0.23520405 0.09327026 0.30310963 0.05325164 0.08667199 0.07140069 0.07885432 0.02688462
0.02585835 0.00726693 0.00112507 0.00822116 0.05114592 0.23278565 0.09013394 0.30226177 0.04921244 0.08685701 0.07498927 0.08124785 0.03966185
0.02640068 0.00703029 0.00074991 0.00295032 0.03453220 0.23358141 0.09718587 0.30355094 0.05855938 0.07802697 0.07216165 0.07867786 0.02702477
0.02712719 0.00754436 0.00049496 0.00682002 0.04108482 0.23299733 0.09655898 0.30380679 0.04827979 0.07830129 0.07654465 0.08199053 0.02910092
0.02416335 0.00312633 0.00091978 0.00122382 0.00321582 0.23043874 0.10200835 0.30384714 0.05229028 0.08631237 0.07240335 0.07805875 0.02431194
0.02453654 0.00217057 0.00162926 0.00060611 0.00190686 0.23215591 0.10016529 0.30375186 0.04886830 0.09222023 0.07557829 0.08286664 0.02569760
0.02413022 0.00425755 0.00124969 0.00410022 0.03115603 0.22937456 0.09656471 0.30152015 0.04996351 0.09317824 0.07076743 0.07897315 0.02834401
0.02486455 0.00233868 0.00089054 0.00906375 0.00604531 0.23189404 0.10061675 0.30400193 0.04880487 0.09176676 0.07601967 0.08088004 0.03587824
0.02592491 0.00274073 0.00060219 0.00247244 0.00161891 0.23256111 0.10674293 0.30333690 0.05198724 0.09004553 0.07589862 0.08026489 0.03708865
0.02627249 0.00751553 0.00113378 0.00816405 0.01047472 0.23522405 0.10607206 0.30191445 0.04652765 0.07950448 0.07594424 0.08046097 0.02778005
0.02676065 0.00425359 0.00197121 0.00261007 0.03969221 0.23764849 0.10052799 0.30118908 0.04528710 0.08200643 0.07152086 0.07995593 0.03107195
0.02735310 0.00653851 0.00149768 0.00184622 0.00488012 0.23738050 0.09818384 0.30179557 0.05651701 0.08547773 0.07683479 0.08130847 0.02832762
0.02959036 0.00909203 0.00082424 0.01239510 0.03918340 0.24045361 0.09668436 0.30295353 0.05416886 0.07589993 0.07048530 0.08098259 0.02853042
0.03103233 0.00817375 0.00122955 0.00868616 0.03390291 0.23929997 0.09764977 0.30208439 0.04600712 0.07631700 0.07491280 0.08066003 0.02586154
0.03138315 0.00529264 0.00114266 0.00533572 0.02370507 0.24365161 0.10578328 0.30318219 0.05338273 0.07990827 0.07263973 0.08041254 0.03999760
0.03172161 0.00769863 0.00117538 0.01042084 0.02928039 0.24085787 0.09482833 0.30124650 0.05269043 0.08142144 0.07059051 0.07921035 0.02360038
0.03177150 0.00411585 0.00169800 0.00333425 0.04445802 0.24201747 0.09550273 0.29938038 0.04771919 0.07718367 0.07779615 0.08165062 0.02436727
0.03084227 0.01250403 0.00186071 0.01409359 0.03349947 0.24032487 0.09664483 0.29974233 0.05105449 0.07287361 0.06905324 0.08389652 0.02792964
0.02984629 0.00489954 0.00117113 0.00597631 0.03033663 0.24307658 0.09520366 0.29966335 0.04566748 0.07431589 0.07232183 0.08060792 0.02875951
0.03738996 0.01317142 0.00095695 0.01409952 0.03061656 0.24031132 0.09453762 0.30117549 0.03936520 0.07349019 0.07139225 0.07799119 0.03602647
0.03593854 0.00300856 0.00089180 0.00330705 0.02931144 0.24282288 0.10315842 0.30079183 0.04662004 0.07205122 0.06232056 0.08125181 0.02569151
0.03204977 0.00192164 0.00083790 0.00138719 0.00109905 0.23811483 0.09672589 0.29973370 0.04549012 0.07887484 0.07102559 0.07689799 0.03169567
0.03008171 0.00142260 0.00106693 0.00026463 0.00078044 0.24171081 0.09427835 0.30136351 0.04243793 0.07478864 0.06976152 0.07824425 0.02503060
0.03467816 0.00545551 0.00096988 0.00593888 0.02877959 0.23774174 0.09660229 0.29762375 0.03842572 0.06918666 0.06301247 0.07764326 0.02438780
0.03600485 0.00290573 0.00092186 0.00145420 0.00311407 0.23880022 0.09938901 0.29963451 0.04125659 0.06280034 0.07015294 0.07931729 0.02514118
0.03328914 0.00300069 0.00102645 0.00355289 0.03180686 0.23999474 0.09462500 0.29792125 0.04526627 0.06186333 0.06698821 0.07834052 0.03711839
0.03159093 0.00770814 0.00077673 0.00793242 0.04509189 0.23690425 0.09228125 0.29775230 0.04245486 0.05656711 0.06698431 0.07845086 0.02764306
0.03222010 0.00523054 0.00071148 0.00735575 0.04669641 0.23758324 0.09239646 0.29696703 0.03671217 0.05865566 0.06298347 0.07966102 0.04349285
0.03276369 0.00524886 0.00070309 0.00536207 0.03948337 0.23652089 0.09151453 0.29984379 0.05765669 0.06249461 0.06603599 0.08047945 0.02458265
0.03378893 0.00469577 0.00050775 0.00279778 0.04016630 0.23552728 0.10354525 0.30195201 0.04890281 0.06857511 0.06395708 0.07891889 0.03696718
0.05274629 0.01074112 0.00086174 0.01208674 0.05119042 0.23601982 0.09403626 0.30183435 0.03985397 0.06586176 0.07341684 0.07995215 0.02464639
0.05127353 0.00499516 0.00065585 0.00574381 0.06082689 0.23518692 0.08983411 0.30221226 0.04237388 0.06413507 0.06711011 0.07664806 0.03521296
0.04897451 0.00385939 0.00116823 0.00204893 0.04011540 0.23637534 0.09440733 0.30073876 0.04080464 0.06825498 0.06346207 0.07871341 0.02984929
0.04597508 0.00540734 0.00214088 0.00773511 0.05291039 0.23523415 0.09656336 0.30102893 0.04025946 0.06654832 0.07221483 0.07843958 0.02336386
0.04334867 0.00349229 0.00134327 0.00499601 0.03571557 0.23525630 0.09883493 0.29919237 0.04162655 0.05819839 0.06643236 0.08144539 0.03503178
0.04063908 0.00564525 0.00150231 0.00713134 0.04263310 0.23711967 0.09966547 0.29946358 0.05037712 0.04987018 0.06551675 0.07966312 0.03455152
0.04059845 0.00854539 0.00215580 0.01111725 0.04712815 0.23508029 0.10484215 0.29960065 0.03873510 0.05539852 0.07242173 0.08102287 0.03774294
0.04051915 0.00291256 0.00248938 0.00324977 0.03840999 0.23953580 0.10212879 0.29783102 0.04660161 0.05975386 0.07399082 0.08156010 0.04431129
0.04233158 0.00461289 0.00180360 0.00312052 0.03285965 0.23645818 0.10263859 0.29910223 0.04435532 0.06333638 0.06618150 0.08109064 0.02766085
0.04480490 0.00480875 0.00145813 0.00429560 0.00862677 0.23913455 0.09424339 0.30016687 0.05238483 0.06990047 0.07378440 0.07738167 0.03290930
0.04893427 0.00406408 0.00108691 0.00205563 0.00538027 0.23790854 0.09839848 0.29947200 0.04434025 0.07401781 0.06498517 0.07690140 0.03639167
0.05309600 0.00387399 0.00135759 0.00162477 0.03270447 0.23754777 0.09720726 0.30008230 0.04136278 0.07679977 0.07872763 0.07866830 0.02645245
0.05670617 0.00996160 0.00180777 0.01390592 0.04201149 0.23775803 0.10428392 0.30086798 0.04183798 0.06499524 0.06669840 0.08053228 0.03592399
0.05475926 0.00400367 0.00111779 0.00618042 0.03234921 0.23909088 0.09607687 0.30023408 0.04467038 0.06312454 0.07512947 0.07929429 0.03364081
0.05660260 0.00244002 0.00112231 0.00580095 0.00581912 0.23893458 0.09797506 0.29858641 0.04904849 0.06189272 0.08065350 0.07990376 0.05389602
0.05538504 0.00452757 0.00113643 0.00617408 0.01721842 0.23911561 0.10103840 0.29847585 0.04153417 0.06113617 0.06775661 0.08246250 0.04062747
0.05287257 0.00659730 0.00316141 0.00760560 0.04503886 0.24083364 0.09688166 0.29917430 0.03336844 0.06246333 0.06506363 0.07992117 0.03799920
0.05205293 0.00447069 0.00192214 0.00264030 0.02306837 0.24026046 0.09397367 0.29857630 0.04330890 0.06071710 0.06376255 0.08082401 0.03527087
0.05145283 0.00474210 0.00204774 0.00484134 0.02948818 0.24000470 0.09666042 0.29822243 0.04898278 0.06576690 0.06129250 0.07846917 0.02391406
0.05122253 0.00332807 0.00137220 0.00187191 0.00387195 0.24053743 0.09115900 0.29827455 0.03869739 0.06324070 0.06774898 0.07775832 0.02381402
0.05060159 0.00869933 0.00102813 0.01215790 0.03101975 0.24024135 0.09696992 0.29905628 0.03855779 0.05814555 0.06287010 0.07857360 0.02504614
0.05037004 0.00615605 0.00091180 0.00545260 0.03376298 0.24106273 0.09239158 0.29892962 0.04626336 0.06302069 0.06879911 0.08031742 0.04235031
0.05031002 0.00877406 0.00142521 0.01168902 0.05186806 0.23851340 0.09579174 0.29849912 0.04065726 0.06356594 0.06596676 0.08044275 0.02366686
0.06634686 0.01276858 0.00192045 0.01321214 0.05984689 0.23822515 0.09710638 0.29974728 0.04015632 0.07203794 0.06230819 0.07837327 0.02480998
0.06511949 0.00443578 0.00127022 0.00454475 0.03036885 0.23709156 0.09801369 0.29912908 0.05282253 0.06431406 0.06306204 0.08189849 0.02483596
0.06405241 0.00804137 0.00108198 0.00865214 0.04907058 0.23756571 0.10124727 0.30028973 0.03956052 0.06102605 0.07032985 0.08020584 0.02462848
0.05894450 0.00487328 0.00172849 0.00253825 0.03334042 0.23507030 0.09892297 0.30261822 0.04207153 0.06859163 0.07278262 0.08028715 0.03015973
0.05416703 0.00645681 0.00166373 0.00570265 0.04223206 0.23687027 0.09917852 0.30201249 0.04182510 0.06613236 0.06336187 0.07947496 0.02947783
0.04296279 0.00515692 0.00088462 0.00735771 0.04360560 0.23424863 0.10015030 0.30315935 0.04448155 0.06185747 0.06981805 0.08095340 0.02609112
0.04225905 0.00956415 0.00142208 0.00849944 0.04107589 0.23605866 0.10346807 0.30336375 0.04458323 0.06421505 0.07715076 0.08128661 0.03686862
0.04051441 0.00488325 0.00289535 0.00755387 0.03635174 0.23498918 0.10252744 0.30286693 0.04882367 0.06544955 0.07316545 0.08017855 0.05403391
0.04049468 0.01035486 0.00124243 0.01134466 0.05010158 0.23467484 0.11081350 0.30302349 0.04264246 0.06529801 0.07002653 0.08197056 0.03469975
0.04084857 0.00554853 0.00335754 0.00624713 0.04594997 0.23538264 0.11401346 0.30170076 0.03756744 0.07618392 0.07221356 0.08118851 0.03447221
0.04233407 0.00361002 0.00133951 0.00194570 0.02213236 0.23448001 0.11055224 0.30083913 0.04121893 0.08042341 0.07149075 0.07968179 0.03022908
0.04265459 0.00610204 0.00092668 0.00199619 0.00573151 0.23637165 0.10243895 0.30075372 0.05893159 0.08007002 0.07612820 0.08080791 0.02717938
0.04294356 0.00210907 0.00116148 0.00064564 0.00234661 0.23495766 0.10338971 0.30020326 0.04678944 0.07131901 0.07640494 0.07865355 0.02801274
0.04179912 0.01277944 0.00379570 0.01193657 0.01531464 0.24052369 0.10037981 0.30100763 0.04652544 0.06148919 0.07466520 0.08365779 0.02807505
0.04061186 0.00490163 0.00194036 0.00593895 0.04101846 0.24147189 0.10617366 0.30205609 0.04549087 0.07249814 0.06655460 0.07995496 0.02544680
0.04069705 0.00288400 0.00093031 0.00450397 0.04657854 0.24076931 0.09759582 0.30186041 0.04895437 0.07835863 0.06793892 0.08165666 0.02561118
0.04095677 0.00609658 0.00400350 0.00522469 0.04683229 0.24320017 0.09664603 0.30132533 0.04323110 0.09170182 0.06384291 0.07896804 0.02676879
0.04078191 0.00532444 0.00216298 0.00376076 0.04044084 0.24105501 0.09567429 0.30291431 0.04800925 0.08025205 0.06729680 0.08486164 0.03792312
0.04072099 0.00438000 0.00220468 0.00513026 0.02693309 0.24318976 0.10144234 0.30240051 0.03825291 0.07417080 0.07547619 0.08197974 0.02747629
0.04194648 0.00290946 0.00124342 0.00552256 0.02312465 0.24157807 0.09811615 0.30281651 0.04349830 0.07353152 0.07411335 0.08464267 0.04278278
0.04332616 0.00546212 0.00094521 0.00580203 0.02827776 0.24028746 0.10483252 0.30140166 0.04991121 0.07124813 0.06468437 0.07899883 0.03137955
0.04177383 0.00693430 0.00074962 0.00791299 0.04483134 0.23980986 0.09605991 0.30226214 0.04443002 0.07507336 0.07183129 0.07822272 0.03250194
0.03975466 0.00607312 0.00072930 0.00713016 0.03525007 0.23950713 0.09843587 0.30268394 0.05480416 0.08128354 0.07083171 0.08270629 0.02864968
0.05650781 0.00764958 0.00088261 0.00902309 0.05091624 0.23585677 0.09564279 0.30075480 0.05777559 0.08720196 0.08274908 0.08146814 0.02716533
0.05494690 0.00819114 0.00115927 0.00884420 0.03734101 0.23979315 0.10158838 0.30271029 0.05124739 0.08521807 0.07263660 0.08320828 0.02716112
0.05491761 0.00423264 0.00105946 0.00328891 0.04908096 0.23729607 0.09820815 0.30111468 0.05388737 0.08276368 0.07236612 0.07967609 0.02512834
0.05389302 0.00439839 0.00099031 0.00210076 0.03243328 0.23833299 0.10418564 0.30240004 0.05856747 0.08541454 0.07674630 0.08234454 0.02496860
0.05437540 0.00470974 0.00301702 0.00410305 0.02717985 0.23531193 0.10052286 0.30230404 0.05155808 0.09057851 0.07821906 0.08115504 0.02755179
0.05425432 0.00369401 0.00222884 0.00180025 0.02305047 0.23330864 0.10677017 0.30284223 0.05058885 0.08961381 0.07106926 0.08066551 0.02750950
0.05587902 0.01027274 0.00139797 0.01126334 0.05445967 0.23294147 0.10891691 0.30442285 0.05107345 0.08458303 0.07575487 0.08144233 0.02515255
0.05645648 0.00449419 0.00114502 0.00338661 0.03635085 0.23244630 0.10469639 0.30414487 0.05292728 0.08687641 0.07444821 0.07926874 0.02668693
0.05973855 0.00319260 0.00082724 0.00247673 0.04441659 0.23084677 0.09992923 0.30441950 0.05534468 0.08913491 0.07951641 0.08195553 0.02860271
0.06122890 0.00412838 0.00068736 0.00579564 0.03737143 0.23270420 0.10607233 0.30527757 0.06166280 0.08656115 0.07619608 0.08448221 0.03665310
0.06105618 0.01055398 0.00175018 0.01476089 0.04743701 0.23116494 0.10708110 0.30418106 0.05047158 0.09723975 0.08154449 0.08179901 0.03924999
0.05999539 0.00864458 0.00107181 0.00975703 0.03501110 0.23449989 0.11415340 0.30421191 0.05766912 0.08678418 0.07417891 0.08460018 0.03130038
0.05888920 0.00862476 0.00076601 0.01040561 0.04649589 0.23246841 0.10537981 0.30320052 0.05697915 0.07672980 0.08329045 0.08376572 0.03612684
0.05751416 0.00416038 0.00096349 0.00419343 0.04166705 0.23437335 0.10625189 0.30240333 0.05508981 0.08612640 0.07948154 0.08485750 0.02893025
0.05418319 0.00849633 0.00237709 0.01093769 0.03857684 0.23327247 0.10370481 0.30202716 0.05541442 0.09672995 0.07313449 0.08222172 0.05174264
0.05136638 0.00691263 0.00110620 0.00883655 0.05613703 0.23262516 0.09780529 0.30262402 0.05252842 0.09967340 0.07862055 0.08210760 0.03004364
0.04528714 0.00890516 0.00261025 0.00937855 0.05142110 0.23219348 0.10724358 0.30209799 0.04929048 0.10162740 0.07248682 0.08430212 0.04287528
0.04203145 0.00663306 0.00094585 0.00841923 0.05312468 0.23132146 0.09893996 0.30132036 0.04551758 0.08863317 0.07941090 0.08489908 0.04017802
0.04070161 0.00624583 0.00185416 0.00687255 0.04241309 0.23576661 0.10661295 0.30066882 0.05333093 0.07861872 0.07802392 0.08512689 0.03370046
0.04007887 0.00324649 0.00141280 0.00456894 0.04366492 0.23148429 0.10315903 0.30124373 0.05934162 0.07797916 0.07124266 0.08190516 0.03214876
0.04269027 0.00403156 0.00146326 0.00277492 0.02547962 0.23321732 0.09664841 0.30054807 0.05299088 0.08300770 0.07938592 0.08154846 0.02927642
0.04562769 0.00862414 0.00111150 0.01002737 0.02337144 0.23417938 0.09473063 0.30047190 0.05544097 0.08901096 0.07004768 0.08211223 0.03074356
0.04720800 0.00353373 0.00128061 0.00285645 0.00416482 0.23349883 0.09998548 0.30242768 0.06889857 0.09453160 0.07575977 0.08101184 0.03049148
0.04657880 0.00618015 0.00073224 0.00593601 0.03202415 0.23065104 0.10087004 0.30257066 0.05126476 0.09493335 0.08546711 0.08079558 0.03925162
0.04550265 0.00275923 0.00067305 0.00224518 0.00400002 0.23195395 0.10104822 0.30191576 0.05151714 0.09447104 0.07733865 0.08190824 0.02573284
0.04376186 0.00177835 0.00066288 0.00057671 0.00123580 0.23101317 0.09743406 0.30046969 0.05341587 0.09214662 0.08028024 0.08022328 0.03152309
0.04254842 0.00643280 0.00065475 0.00758383 0.01794530 0.23096790 0.10638249 0.30102778 0.05198674 0.08356546 0.07483592 0.08455683 0.02660761
0.04088050 0.00876390 0.00080809 0.00690025 0.04807098 0.22943566 0.09661858 0.29996275 0.05329956 0.08211833 0.07434330 0.08136955 0.02674715
0.04331367 0.00267677 0.00250624 0.00474904 0.00398700 0.23084490 0.09814894 0.30018823 0.05409366 0.08817820 0.07677618 0.08365961 0.04202947
0.04359755 0.00270090 0.00175202 0.00065983 0.00330276 0.23148975 0.09903172 0.30010263 0.05079271 0.09355062 0.08163882 0.08464352 0.02484247
0.04384307 0.00368755 0.00194471 0.00504921 0.04238354 0.22943079 0.09787687 0.29958083 0.05438962 0.08959258 0.07613003 0.08298692 0.02533479
0.04375715 0.00610879 0.00147807 0.00939496 0.03144723 0.22953876 0.09927522 0.30059192 0.04987854 0.08843765 0.06998206 0.08086252 0.04127453
0.04358071 0.00257859 0.00100616 0.00206631 0.00267890 0.22920812 0.09679235 0.30025590 0.05455784 0.09312390 0.08397369 0.07924475 0.02872335
0.04483276 0.00308437 0.00074341 0.00222370 0.00394530 0.22960706 0.10199995 0.30226879 0.05646344 0.09060793 0.06949564 0.08079286 0.02997355
0.04292684 0.00294722 0.00124037 0.00226303 0.00567617 0.22943928 0.10088508 0.30416297 0.05820762 0.08294542 0.08642303 0.08267781 0.03887394
0.04217258 0.00404320 0.00328518 0.00254110 0.04100418 0.22854975 0.10261832 0.30252717 0.05483041 0.08228696 0.07683557 0.08259546 0.02834921
0.03826585 0.00269615 0.00134615 0.00492530 0.04581724 0.23069996 0.10838334 0.30370918 0.06054007 0.08951670 0.07348961 0.08210065 0.02786560
0.03693995 0.01224250 0.00152324 0.01110447 0.04269505 0.23129221 0.09991352 0.30398108 0.05319661 0.09583005 0.08324141 0.08155805 0.02689377
0.05411860 0.00430843 0.00149319 0.00405835 0.02397524 0.23526429 0.10326371 0.30176436 0.05127948 0.09014022 0.08016855 0.08321190 0.02751480
0.05534681 0.00775199 0.00147776 0.01189273 0.04244865 0.23530338 0.10205739 0.30137788 0.04758377 0.09206629 0.07330000 0.08216539 0.02803251
0.05562793 0.00541135 0.00103317 0.00432592 0.04017067 0.23542826 0.10276829 0.30110922 0.04953042 0.09713883 0.07479656 0.08000800 0.02802504
0.05614886 0.01275533 0.00071261 0.01361240 0.05018561 0.23442782 0.10407241 0.29999380 0.04748439 0.09170199 0.07678002 0.08157759 0.02560942
0.05504540 0.00771017 0.00068847 0.00946495 0.05376406 0.23285285 0.09970505 0.29910425 0.05006092 0.07793212 0.07284969 0.08232722 0.02600299
0.05408151 0.01161076 0.00139997 0.01148967 0.04426856 0.23694168 0.09580576 0.30091261 0.05517165 0.07630452 0.08882960 0.08473529 0.02926944
0.05223466 0.00434050 0.00095148 0.00564765 0.03185732 0.23235276 0.10309532 0.30200793 0.06959098 0.07502620 0.07561133 0.08351095 0.02840120
0.05091650 0.00267244 0.00070704 0.00292472 0.00309029 0.23564110 0.10048373 0.30255956 0.05408243 0.08152230 0.08508048 0.08013381 0.03395102
0.04921772 0.00402481 0.00092072 0.00051835 0.00194769 0.23297621 0.09942989 0.30323570 0.06546437 0.08731720 0.07463072 0.08196184 0.02682663
0.04866118 0.00310013 0.00086782 0.00369536 0.05569435 0.23360281 0.09796222 0.30407809 0.04756277 0.10138510 0.07593151 0.08066487 0.02600516
0.03359554 0.00617660 0.00106135 0.00899058 0.04973172 0.23386745 0.09927304 0.30465956 0.04943322 0.10719863 0.07367514 0.08066856 0.02620486
0.03313583 0.00738195 0.00147619 0.00740551 0.05505531 0.23406721 0.09830022 0.30460535 0.05523762 0.10368232 0.07303416 0.08390646 0.04396023
0.03432080 0.00665648 0.00085899 0.01083154 0.05887721 0.23463421 0.10067691 0.30479801 0.05891802 0.08558094 0.07769461 0.08221833 0.02509741
0.03492624 0.00389537 0.00147029 0.00268358 0.03133559 0.23640644 0.09473143 0.30485336 0.06341991 0.08073109 0.08914186 0.08494272 0.03981963
0.03524491 0.00421876 0.00074779 0.00406091 0.03276053 0.23252763 0.10592357 0.30246807 0.06578832 0.08575784 0.08403461 0.08451866 0.02467663
0.03465788 0.00155371 0.00107087 0.00047157 0.02880199 0.23414926 0.10034863 0.30253133 0.05331995 0.10285706 0.08503598 0.08210989 0.02671321
0.03405811 0.01392748 0.00141889 0.01405699 0.04292528 0.23217510 0.09531731 0.30350538 0.05945236 0.09578468 0.07127996 0.08215816 0.02324423
0.03304938 0.00408041 0.00084194 0.00206585 0.03949302 0.23091407 0.09404840 0.30087009 0.05630031 0.10199887 0.08413201 0.08048821 0.02638523
0.03039973 0.00645622 0.00102885 0.00633948 0.05212321 0.22959465 0.10076428 0.30189872 0.06294949 0.09834829 0.07657416 0.08342424 0.02390579
0.03004892 0.00791128 0.00195812 0.00966793 0.04802120 0.22669982 0.09259448 0.30159486 0.05396778 0.09629250 0.08136115 0.08163898 0.02858207
0.03096187 0.00326999 0.00280747 0.00325109 0.05569016 0.22955053 0.10521564 0.30433268 0.06116726 0.11452764 0.07436280 0.08166098 0.02628269
0.03245779 0.00982472 0.00128678 0.01115876 0.04295276 0.22911928 0.09931673 0.30466442 0.05503031 0.10447370 0.08104630 0.08324067 0.02723752
0.03354493 0.00473298 0.00222610 0.00280734 0.04083651 0.22814524 0.09624747 0.30531701 0.06137151 0.09820392 0.08646051 0.08647554 0.02588862
0.03258377 0.00625071 0.00120675 0.00382527 0.02039888 0.23025610 0.09938543 0.30524955 0.06861553 0.09152200 0.08135885 0.08312468 0.02834091
0.03215698 0.00226237 0.00092182 0.00114013 0.00348703 0.23033882 0.10366720 0.30491993 0.06082008 0.08741510 0.08520597 0.08158107 0.02438388
0.03189133 0.00627809 0.00115943 0.00311260 0.04384086 0.23055003 0.10340609 0.30411215 0.05755018 0.10398150 0.08085645 0.08019862 0.02654660
0.03103824 0.00859302 0.00105143 0.00885467 0.00849289 0.23155393 0.09666662 0.30456557 0.06967920 0.10815473 0.07810389 0.08456906 0.02533627
0.02992915 0.01141354 0.00070430 0.01164163 0.03651621 0.22804643 0.09603870 0.30428862 0.06704035 0.10774911 0.08089946 0.08033527 0.02539386
0.02859650 0.00568369 0.00091349 0.00647456 0.03722765 0.23339655 0.09761893 0.30323687 0.05825200 0.10517378 0.07661732 0.08379017 0.02578074
0.02752291 0.00788961 0.00092296 0.01171410 0.01684077 0.22660984 0.09760890 0.30265557 0.06634329 0.10458576 0.08079561 0.08160629 0.03340947
0.02645877 0.00955401 0.00367885 0.00833651 0.03208169 0.23100610 0.09249455 0.30342252 0.06555091 0.10887197 0.09111500 0.08352516 0.02514846
0.02576644 0.00404139 0.00087420 0.00527537 0.03643955 0.22772823 0.09861230 0.30312035 0.06398880 0.10415472 0.08269898 0.08308826 0.02451359
0.02520380 0.00380884 0.00225577 0.00502237 0.03974531 0.22881746 0.09056167 0.30452461 0.06527508 0.10791580 0.08426719 0.08771074 0.02482523
0.02525587 0.00500184 0.00129489 0.00597352 0.03919180 0.23320616 0.09489649 0.30624671 0.06672776 0.10754362 0.07966885 0.08238936 0.02444265
0.02590535 0.00280363 0.00172989 0.00194810 0.04697777 0.23200924 0.09916446 0.30705200 0.06087947 0.12125702 0.08546522 0.08210528 0.02529258
0.02461559 0.00518315 0.00139090 0.00596767 0.04565525 0.23132310 0.10190842 0.30800308 0.05598536 0.12194452 0.08223994 0.08151663 0.02670176
0.02197090 0.01379343 0.00118506 0.01458931 0.05156951 0.23518118 0.10125640 0.30865756 0.05423543 0.11177455 0.08206830 0.09007890 0.02694293
0.02344341 0.00727370 0.00126755 0.01131062 0.04406675 0.23329301 0.10332102 0.30953910 0.06606714 0.10641618 0.08344995 0.08060231 0.03588583
0.02523448 0.00515644 0.00088986 0.00403266 0.02882207 0.23546735 0.09635760 0.30783823 0.07341821 0.10374546 0.09192947 0.08526771 0.04363092
0.02712179 0.00665161 0.00076009 0.00805655 0.04743897 0.23605134 0.09790388 0.30972404 0.06712741 0.09745962 0.08827318 0.08476383 0.05269021
0.02712015 0.00762403 0.00178442 0.01136247 0.04090393 0.23367132 0.09385781 0.30617201 0.06387972 0.09499023 0.08533076 0.08125671 0.05204258
0.02702069 0.00534969 0.00105452 0.00510992 0.02478457 0.23374097 0.10366483 0.30725920 0.05975506 0.10774019 0.08236055 0.08415736 0.02597129
0.02808099 0.00422551 0.00084975 0.00594630 0.02698033 0.22903476 0.09540738 0.30461127 0.05734642 0.12240918 0.08648611 0.07834673 0.05084125
0.02937753 0.00160335 0.00076497 0.00505651 0.03764914 0.23245731 0.10162268 0.30516566 0.05679072 0.12091345 0.07098681 0.08282028 0.05633085
0.02941627 0.00641544 0.00151439 0.00794626 0.02719481 0.22762889 0.09250495 0.30407995 0.05389814 0.11095217 0.08290310 0.08198581 0.03294313
0.02781838 0.01576322 0.00168446 0.01574051 0.04391306 0.22863614 0.09816747 0.30575319 0.06725952 0.11315974 0.08002821 0.08379978 0.03516225
0.02689833 0.00712196 0.00143206 0.00891981 0.05724505 0.22879453 0.09496830 0.30618222 0.07137549 0.10403642 0.08922137 0.08319959 0.03342048
0.02771498 0.00566030 0.00093029 0.00730603 0.06278801 0.22691485 0.09730617 0.30777813 0.06601015 0.09434333 0.09012924 0.08511134 0.04487450
0.02820174 0.01365868 0.00119118 0.01432516 0.04808992 0.22640657 0.09484225 0.30646198 0.06287368 0.09269835 0.08610874 0.08468659 0.02740975
0.02760233 0.00760379 0.00100790 0.00786398 0.04290194 0.22952730 0.10033327 0.30878654 0.06167210 0.10572808 0.08831601 0.08341914 0.03318012
0.03094028 0.00624614 0.00097368 0.00637930 0.03245219 0.22716116 0.09453773 0.30580447 0.05633399 0.11992893 0.08833848 0.08057902 0.02608572
0.03033786 0.00605389 0.00105843 0.00950261 0.02107928 0.22913852 0.09774681 0.30741212 0.05714508 0.11935712 0.07530930 0.08137755 0.03464668
0.02936125 0.01236468 0.00093917 0.01172170 0.04151653 0.22560507 0.09027483 0.30749018 0.05417749 0.11349713 0.08623322 0.08392561 0.02902619
0.02772541 0.00652513 0.00152562 0.00741119 0.05344709 0.22921330 0.09537903 0.30711899 0.06228673 0.11129674 0.08056814 0.08658598 0.03164504
0.02573336 0.00576436 0.00129830 0.00943204 0.06090675 0.22965423 0.08862227 0.30574314 0.06484189 0.10262735 0.09007323 0.08430159 0.03902553
0.02508196 0.01413397 0.00155218 0.01535794 0.04592075 0.23159472 0.10683487 0.30567280 0.06639685 0.09239395 0.08300166 0.08354841 0.02530180
0.02577881 0.01151699 0.00138004 0.01290083 0.06439763 0.23109793 0.09023440 0.30547156 0.06473617 0.09221983 0.08685527 0.08518631 0.02650903
0.02654758 0.00739730 0.00095987 0.00400090 0.03938762 0.22934106 0.09954248 0.30479778 0.07482612 0.11021112 0.08411240 0.08317690 0.02586008
0.02671665 0.00797769 0.00137259 0.00795788 0.04834872 0.22946140 0.09132629 0.30683620 0.06093119 0.11798266 0.08466033 0.08293370 0.02821639
0.02591015 0.00310098 0.00176549 0.00398978 0.03137493 0.22956120 0.09991984 0.30525668 0.05087433 0.11831395 0.07750996 0.08026335 0.02664254
0.02592131 0.00229308 0.00080284 0.00562498 0.00663067 0.22965934 0.10079869 0.30609974 0.04856223 0.11337082 0.08398612 0.08071242 0.04567019
0.02589372 0.01161638 0.00066610 0.01216907 0.01971700 0.22982488 0.11060770 0.30769209 0.06216801 0.10231142 0.08393571 0.08375277 0.03867278
0.02657365 0.00501595 0.00087450 0.00752145 0.02486359 0.23195677 0.11114288 0.30575034 0.06169533 0.09043069 0.09503979 0.08462083 0.03421062
0.02586980 0.00773896 0.00070730 0.00670046 0.03895461 0.23106538 0.11445533 0.30693305 0.06836774 0.08673556 0.08202398 0.08236334 0.02652533
0.02522619 0.00483187 0.00149430 0.00115973 0.02873672 0.22944072 0.09698213 0.30618085 0.08074924 0.09686393 0.09062717 0.08507386 0.03519220
0.02570470 0.00802207 0.00086194 0.00845085 0.01807203 0.22948117 0.10086347 0.30349900 0.06009089 0.10980316 0.08415536 0.08443279 0.02643166
0.02598882 0.00330024 0.00096900 0.00355004 0.02653156 0.23076380 0.10070813 0.30485954 0.05494742 0.11766047 0.07598019 0.08289182 0.02655372
0.02628164 0.00671080 0.00132758 0.00389945 0.01832575 0.22928052 0.09652491 0.30322668 0.05885966 0.11488738 0.07553516 0.08008498 0.02618319
0.02695372 0.00549448 0.00096805 0.00673043 0.02973928 0.22842615 0.09894519 0.30314965 0.06195155 0.11044483 0.07728993 0.08142231 0.02987061
0.02829029 0.00734933 0.00087403 0.00361830 0.03790964 0.23062112 0.09278824 0.30590753 0.07604336 0.10332294 0.08603261 0.08499241 0.02486381
0.02908781 0.00517270 0.00064144 0.00500531 0.02908475 0.22950194 0.09271239 0.30396270 0.07089353 0.09104108 0.08468453 0.08254097 0.02393936
0.02769028 0.00451740 0.00184167 0.00192183 0.02300152 0.23023560 0.09617975 0.30583730 0.06075552 0.08793419 0.08630932 0.08441635 0.02592810
0.02701163 0.00421423 0.00135306 0.00454556 0.03208573 0.23093467 0.09684857 0.30611527 0.05891573 0.10691837 0.08270722 0.08278349 0.02769902
0.02626754 0.00512665 0.00131307 0.00397150 0.02698348 0.23160276 0.09969287 0.30816014 0.06307280 0.10886841 0.08323003 0.08309582 0.02519261
0.02342537 0.01349594 0.00132575 0.01252234 0.05532512 0.22840006 0.09951232 0.30917753 0.05471091 0.11045082 0.08043839 0.08321566 0.02547990
0.02287810 0.00522777 0.00074689 0.00405201 0.05992300 0.22757173 0.09184623 0.30842487 0.05901061 0.10755270 0.08353049 0.08370892 0.02642647
0.02222859 0.00520803 0.00088549 0.00680843 0.03670959 0.22853476 0.10273160 0.30888701 0.06251874 0.10302124 0.08266143 0.08106216 0.03616069
0.02301613 0.00772103 0.00063908 0.00660533 0.01730868 0.22656579 0.10092420 0.30724059 0.06392453 0.09077512 0.09072281 0.08168262 0.02415762
0.02330406 0.00978965 0.00375356 0.00754487 0.06078291 0.22846556 0.10213908 0.30927943 0.07093648 0.09471549 0.08112758 0.08517743 0.02484699
0.02431670 0.00933934 0.00315959 0.00871150 0.04398261 0.22734566 0.09360406 0.30659825 0.07040073 0.09785210 0.08685461 0.08952835 0.03757199
0.02589860 0.01036343 0.00140514 0.01275863 0.06360147 0.22920218 0.09871549 0.30584133 0.06198067 0.10472114 0.08640747 0.08424934 0.03332266
0.02750449 0.00837615 0.00162246 0.01081029 0.05033508 0.23192694 0.09400151 0.30417860 0.06270928 0.11443346 0.07800941 0.08837169 0.02764849
0.02868795 0.01287319 0.00106509 0.01412658 0.05017625 0.23404459 0.10071580 0.30465177 0.05157254 0.11490346 0.08747014 0.08390707 0.02699708
0.03064341 0.00710379 0.00111879 0.00687734 0.05603777 0.23157580 0.10620966 0.30628486 0.06017667 0.10619471 0.07797948 0.08382931 0.04746733
0.03081500 0.01062670 0.00227317 0.01411259 0.06076257 0.23273527 0.10899874 0.30670562 0.06331916 0.09861488 0.08148545 0.08450678 0.02425387
0.02845623 0.00730302 0.00122551 0.00848231 0.04332460 0.23016026 0.09640845 0.30841285 0.06650884 0.09139895 0.08983347 0.08195695 0.03901631
0.03148085 0.00481867 0.00137558 0.00641593 0.04909793 0.23132060 0.09432761 0.30766112 0.06607961 0.09440480 0.08509570 0.08190148 0.04034856
0.03362102 0.00689764 0.00093929 0.00561459 0.05691187 0.22789329 0.08929238 0.30734661 0.06913031 0.09912861 0.08710472 0.08186575 0.02859590
0.03087399 0.00648977 0.00089411 0.00688937 0.04013452 0.22939389 0.10066877 0.30735274 0.05999465 0.10891475 0.08496740 0.08120666 0.03962000
0.03141825 0.00843163 0.00108203 0.00563775 0.03627816 0.22732611 0.09784404 0.30549428 0.06127217 0.11602978 0.07834226 0.08221093 0.02604347
0.03190588 0.00632617 0.00086130 0.00896774 0.04403095 0.22879570 0.09874050 0.30510501 0.05802064 0.10939731 0.07758569 0.08157678 0.02317516
0.03161024 0.00315468 0.00359995 0.00295661 0.04353690 0.23093093 0.09281150 0.30521702 0.06096620 0.10436822 0.07985682 0.08269534 0.02542376
0.03120023 0.00587754 0.00163879 0.00622348 0.04052581 0.22860743 0.10040276 0.30572149 0.06691899 0.10634427 0.07980617 0.08425337 0.03632902
0.03153377 0.00306346 0.00122653 0.00136244 0.02814352 0.22925289 0.09665874 0.30583112 0.06277733 0.10557415 0.08710156 0.08165013 0.02538436
0.03261181 0.00650618 0.00387767 0.00757813 0.03542485 0.22885902 0.09679814 0.30528842 0.06375807 0.09475194 0.08520023 0.08673257 0.02622979
0.03302835 0.00307118 0.00147107 0.00561992 0.04510717 0.22836748 0.09350304 0.30390361 0.07033303 0.09287623 0.08311118 0.08106191 0.02838715
0.03434592 0.00283114 0.00084423 0.00157095 0.00476559 0.22712678 0.09842663 0.30348249 0.06184489 0.10004504 0.09045416 0.08094757 0.03479602
0.03761739 0.00270531 0.00343586 0.00413209 0.02787958 0.22616808 0.09413235 0.30361937 0.05790386 0.10702136 0.08512409 0.08285017 0.03349982
0.03773160 0.00140905 0.00168453 0.00221846 0.00124856 0.22631847 0.09848796 0.30355060 0.05827842 0.11038571 0.07626546 0.08005552 0.02546172
0.03700752 0.00213796 0.00088558 0.00326624 0.03606486 0.22623103 0.09497102 0.30459327 0.05942526 0.10800130 0.08419443 0.08165235 0.03623709
0.03785700 0.00217178 0.00082413 0.00201448 0.00175153 0.22310098 0.10381889 0.30496041 0.06337416 0.11288635 0.08017582 0.08195923 0.03414129
0.03889882 0.00226227 0.00094284 0.00126227 0.02671104 0.22486129 0.09562003 0.30389966 0.06578486 0.10609505 0.08247102 0.08102671 0.02668917
0.03872602 0.00467639 0.00134121 0.00474696 0.04549017 0.22317246 0.08974381 0.30676418 0.06335471 0.10257259 0.09598761 0.07991774 0.02477594
0.03294555 0.00589427 0.00079647 0.00243218 0.02511488 0.22428228 0.09574266 0.30584786 0.06927887 0.09976456 0.08762655 0.08133413 0.03636515
0.03207906 0.00459888 0.00093974 0.00357800 0.02514444 0.22689401 0.09893010 0.30464459 0.07261284 0.10338803 0.09273317 0.08264640 0.02582680
0.03277557 0.00279289 0.00172881 0.00135379 0.00167260 0.22720943 0.10055843 0.30393768 0.06884018 0.10753379 0.09101293 0.08271761 0.02473888
0.03429212 0.00226806 0.00120543 0.00076843 0.00156992 0.22643351 0.09688251 0.30134327 0.06495355 0.11009918 0.08154537 0.08293555 0.02464873
0.03335353 0.01110214 0.00097050 0.01660775 0.02264794 0.22685575 0.09698840 0.30173953 0.05835530 0.11420940 0.08571138 0.08244775 0.02766122
0.03384049 0.01084860 0.00088549 0.01107002 0.03788488 0.22441250 0.09131571 0.30198281 0.06023182 0.11738361 0.08843087 0.08293551 0.03645174
0.03450694 0.01345639 0.00097216 0.01517700 0.05355906 0.22717696 0.09439445 0.30311146 0.06628834 0.11020224 0.07713298 0.08206924 0.02511477
0.03468835 0.00546640 0.00101409 0.00611699 0.05846138 0.22918993 0.09837850 0.30501015 0.06689630 0.09559818 0.08448421 0.08292280 0.02595381
0.03479975 0.00635798 0.00067497 0.00750347 0.03779338 0.22734468 0.10285048 0.30565870 0.06617910 0.09441190 0.08566490 0.07890992 0.03412126
0.03361211 0.00332218 0.00085308 0.00312935 0.01895516 0.22648959 0.09150835 0.30472406 0.06897673 0.10233770 0.08551822 0.08069521 0.02794830
0.03195968 0.00394094 0.00283452 0.00417920 0.02479172 0.22445143 0.09299957 0.30368214 0.05667598 0.11236098 0.08670009 0.08126131 0.03549920
0.03127470 0.00622376 0.00134314 0.00707523 0.04651520 0.22595930 0.09629108 0.30371760 0.06253837 0.10793686 0.07756312 0.08594709 0.02651718
0.03207907 0.00413610 0.00093320 0.00367084 0.03509712 0.22575527 0.10846735 0.30349648 0.06270636 0.10349635 0.07883151 0.08140549 0.02487664
0.03300471 0.00533139 0.00084830 0.00411176 0.03547708 0.22584084 0.09854135 0.30275061 0.06336667 0.10146172 0.08975708 0.08192987 0.02442366
0.03315459 0.00617214 0.00233167 0.00959989 0.02546641 0.22628448 0.09449260 0.30452604 0.06541253 0.10293228 0.08254714 0.08410937 0.04635545
0.03307451 0.00660106 0.00132770 0.00770250 0.04119045 0.22949262 0.09065710 0.30425225 0.06255594 0.10450142 0.08038122 0.08152534 0.03651143
0.03289761 0.00294817 0.00184701 0.00293063 0.04310604 0.22715377 0.08913344 0.30527170 0.05486575 0.11135902 0.08742720 0.07977832 0.04797410
0.03194243 0.00643301 0.00098026 0.00842795 0.04691059 0.22748332 0.09236947 0.30278165 0.06169278 0.11365892 0.07780481 0.07837940 0.02426320
0.02929177 0.00779217 0.00165664 0.00928854 0.03265231 0.22982093 0.09761266 0.30322013 0.05874323 0.10719497 0.07988386 0.08336685 0.03231949
0.02806363 0.00559042 0.00108942 0.00912705 0.05746083 0.22522700 0.09154647 0.30449042 0.05720144 0.09995311 0.08595054 0.08521250 0.03479794
0.02823553 0.01028487 0.00106083 0.01177769 0.05964372 0.23057725 0.10301416 0.30511390 0.06121564 0.09794178 0.07813171 0.08577525 0.05108635
0.03185486 0.00992112 0.00123896 0.01009979 0.06674510 0.22582963 0.09934332 0.30511701 0.05772308 0.10409919 0.08515371 0.08201459 0.04434612
0.03400407 0.00506620 0.00340788 0.00577232 0.06341073 0.22693968 0.10140311 0.30839015 0.05728481 0.11624273 0.08333312 0.08583912 0.04119706
0.03526470 0.01507123 0.00147944 0.01788621 0.05097613 0.22435795 0.10212997 0.30897293 0.05914320 0.10950905 0.07680663 0.08123564 0.05091596
0.03606732 0.00489971 0.00089351 0.00553730 0.03185263 0.22596140 0.10476598 0.31028345 0.06845666 0.10463517 0.09497544 0.08292566 0.03811592
0.03674825 0.00356908 0.00131427 0.00628630 0.04344236 0.22367971 0.10409248 0.30800801 0.06785358 0.10940779 0.08552622 0.08158286 0.03629714
0.03749437 0.00678610 0.00127533 0.00864132 0.03546676 0.22481644 0.10118380 0.30829492 0.06269937 0.10394519 0.08733317 0.08274440 0.04464661
0.03793556 0.00286098 0.00103138 0.00242521 0.00365171 0.22317170 0.09584010 0.30586443 0.06386323 0.11128961 0.08664419 0.08150465 0.02898795
0.03849428 0.00671857 0.00240968 0.00876687 0.01955724 0.22516486 0.09729337 0.30471208 0.06806951 0.12321891 0.08378155 0.08470746 0.02470284
0.03805743 0.00783190 0.00121650 0.00897794 0.03475019 0.22287660 0.09501628 0.30378639 0.06280365 0.12382061 0.08356707 0.08519292 0.03314503
0.03699728 0.00761545 0.00102232 0.00782849 0.03351000 0.22707329 0.09457821 0.30417745 0.05835566 0.11865212 0.08689583 0.08496667 0.02709069
0.03673906 0.00652680 0.00088088 0.00973673 0.04629821 0.22433229 0.09574862 0.30450672 0.06191256 0.11226467 0.08256801 0.08371557 0.03702748
0.03542145 0.00498557 0.00199476 0.00444431 0.03786259 0.22522666 0.09663232 0.30541722 0.06611902 0.11040912 0.09627881 0.08742242 0.02883223
0.03398225 0.01249797 0.00177720 0.01238863 0.04196488 0.22685536 0.10920824 0.30797481 0.06699190 0.11058175 0.08634493 0.08366885 0.03550376
0.03507209 0.00728149 0.00187512 0.00729234 0.04727779 0.22878748 0.10027385 0.30722334 0.06425150 0.10554748 0.08351000 0.07930717 0.03690253
0.03671167 0.00428552 0.00101838 0.00594465 0.04544554 0.22881564 0.09629621 0.30641276 0.05857309 0.10442604 0.08102358 0.08143320 0.02974896
0.03710353 0.00487482 0.00133322 0.00682223 0.06733175 0.23423813 0.09274267 0.30887232 0.05881168 0.11031385 0.08583634 0.08061178 0.03191782
0.03690210 0.00685647 0.00285176 0.00799690 0.05188174 0.22928828 0.09503860 0.30718219 0.06400939 0.12169141 0.07773475 0.08347805 0.04998907
0.03709083 0.00571378 0.00276886 0.00673486 0.04472652 0.23172716 0.09550050 0.30643439 0.05935259 0.11631111 0.08821261 0.08568512 0.02416012
0.03723062 0.00348142 0.00107541 0.00531859 0.02781158 0.22817257 0.09778100 0.30475321 0.07067446 0.10965829 0.07703730 0.08408171 0.04187343
0.03671628 0.00399866 0.00116408 0.00584489 0.02317288 0.23091531 0.09798579 0.30337522 0.06513255 0.11264291 0.08341846 0.08222693 0.02683770
0.03537562 0.00361217 0.00081587 0.00294137 0.00975824 0.22738756 0.10493304 0.30521466 0.06452024 0.11369659 0.08819992 0.08302113 0.04577762
0.03329541 0.00816543 0.00147536 0.00747190 0.02322332 0.22816904 0.09765754 0.30317461 0.06369941 0.10791135 0.08403641 0.08322406 0.04838684
0.03231126 0.00524101 0.00090442 0.00483309 0.04051901 0.22624366 0.10034370 0.30674892 0.06546647 0.10607262 0.08599037 0.08354767 0.02772382
0.03077720 0.00391266 0.00151084 0.00364864 0.02527686 0.22640135 0.09785865 0.30661703 0.06288614 0.11459385 0.09657863 0.08372081 0.04492237
0.02978545 0.00732129 0.00168008 0.01103168 0.05256139 0.22562668 0.10600111 0.30774710 0.06931751 0.11739785 0.08080815 0.08309134 0.03404824
0.02899455 0.00614932 0.00183134 0.00696862 0.02520398 0.22516554 0.09900519 0.30651831 0.06000085 0.11841362 0.08961396 0.08362044 0.03273561
0.03039545 0.00344871 0.00220904 0.00609571 0.03917763 0.22589290 0.10125238 0.30935322 0.05895134 0.12240516 0.08480597 0.08359098 0.02645376
0.03225766 0.01337723 0.00131333 0.01489407 0.03161991 0.22265855 0.10404883 0.31047740 0.06399691 0.12124005 0.08267753 0.08166184 0.02536938
0.03425759 0.00614840 0.00088074 0.00344257 0.03554282 0.22540687 0.09598117 0.30986283 0.06506316 0.11585158 0.09260160 0.08689915 0.02785568
0.03428611 0.00721207 0.00085130 0.00150989 0.00570301 0.22333719 0.10082880 0.30983407 0.07343865 0.11462288 0.08631812 0.08169333 0.02558765
0.03412574 0.00427239 0.00091122 0.00726199 0.00571935 0.22336127 0.10879845 0.31056633 0.07393534 0.10986984 0.08534493 0.08333606 0.03715126
0.03418346 0.00762188 0.00077187 0.00928846 0.04020619 0.22259506 0.10305804 0.30907930 0.06529133 0.11392617 0.09181752 0.08397849 0.02535584
0.03292316 0.00530941 0.00094651 0.00638578 0.05317317 0.22259887 0.09918845 0.30864679 0.06417191 0.12199143 0.08787948 0.08396070 0.02605798
0.03094853 0.00560549 0.00094052 0.00803484 0.04258767 0.22360245 0.09604951 0.30647999 0.06361619 0.12317645 0.08460831 0.08343762 0.02513548
0.02922774 0.00376902 0.00094573 0.00535158 0.03544727 0.22673635 0.09624375 0.30682985 0.05896545 0.11932122 0.08495893 0.08362387 0.04603912
0.02807878 0.00486726 0.00100375 0.00909400 0.04548980 0.22609187 0.10064675 0.30694860 0.06435057 0.12113884 0.07798593 0.08525307 0.02583663
0.02727207 0.00331072 0.00109789 0.00138561 0.02729087 0.22965794 0.10216489 0.30644989 0.06808174 0.11970100 0.09028233 0.08494462 0.03670769
0.02670241 0.00305305 0.00137015 0.00355472 0.00472529 0.22897984 0.09931500 0.30870066 0.06425422 0.10940372 0.09048830 0.08288372 0.03494735
0.02572771 0.00474723 0.00136652 0.00536587 0.04560145 0.23471463 0.10416050 0.30864140 0.06866247 0.10135380 0.08661833 0.08273104 0.03623898
0.02567841 0.00364583 0.00141605 0.00487153 0.03709984 0.23284405 0.10075384 0.30913984 0.06370545 0.10889609 0.09238757 0.08244161 0.03325048
0.02563808 0.01089248 0.00097118 0.01198790 0.04925931 0.23825389 0.10909563 0.30845873 0.06434116 0.11524716 0.08496644 0.08226567 0.04367252
0.02579199 0.00466638 0.00085651 0.00459668 0.03843085 0.23705122 0.10654760 0.30879858 0.06666270 0.11669419 0.07853702 0.08233182 0.02693701
0.02545456 0.00682662 0.00129071 0.00939144 0.03081899 0.24045397 0.10249347 0.30634024 0.05521758 0.11272894 0.08078366 0.08273065 0.03061183
0.02503823 0.00609992 0.00154273 0.00703811 0.03727091 0.23705011 0.09656090 0.30605472 0.05871368 0.10400557 0.07867038 0.08270526 0.02511003
0.02509932 0.00736438 0.00075791 0.00957254 0.04518939 0.23695029 0.09602464 0.30604712 0.06225348 0.10026824 0.08579874 0.08398101 0.02874081
0.02508723 0.00768695 0.00060853 0.00774222 0.04471678 0.23449808 0.10002614 0.30473351 0.07334891 0.09361293 0.08546971 0.08578816 0.02590756
0.02497382 0.01153266 0.00081451 0.00948363 0.04190238 0.23294070 0.09695726 0.30478190 0.05960137 0.09418489 0.08494065 0.08346822 0.02641585
0.02468843 0.00555558 0.00125646 0.00715341 0.03478710 0.23165447 0.09750795 0.30514939 0.06336174 0.10688439 0.07863258 0.08290102 0.03429942
0.02386297 0.00550748 0.00110349 0.00760878 0.04099237 0.23081488 0.09677310 0.30599990 0.06132196 0.11291720 0.08554199 0.08234467 0.02628372
0.02371601 0.01248476 0.00119982 0.01386741 0.02709019 0.22782654 0.10611576 0.30690028 0.05591971 0.10972709 0.07637669 0.08499132 0.03543034
0.02552422 0.00857141 0.00355912 0.01023370 0.05569225 0.22614120 0.09782791 0.30498712 0.05402072 0.10328508 0.07887052 0.08607288 0.02516404
0.02750243 0.00453482 0.00326719 0.00349716 0.03772207 0.22417095 0.10547633 0.30723573 0.05885087 0.10019874 0.08086471 0.08404256 0.03306025
0.02984566 0.00556618 0.00436177 0.00430210 0.03893148 0.22159671 0.09949196 0.30731410 0.06408706 0.10695640 0.09208939 0.08429479 0.03730672
0.03223900 0.00416655 0.00087643 0.00204000 0.03395633 0.22843532 0.10336575 0.30943620 0.06820411 0.09575453 0.08613149 0.08637168 0.03175725
0.03150232 0.00188055 0.00155080 0.00266208 0.00535739 0.21988528 0.10257883 0.30889549 0.06108726 0.09908254 0.08612711 0.08289552 0.04463329
0.03182746 0.00202670 0.00135107 0.00098248 0.00426604 0.22573902 0.10679167 0.30967429 0.06253086 0.10711752 0.08421175 0.08253846 0.02653025
0.03206476 0.00366201 0.00102731 0.00080300 0.00400314 0.22220860 0.10346886 0.30696527 0.06971676 0.11320095 0.08144456 0.08027342 0.02555061
0.03215662 0.00378031 0.00074421 0.00087040 0.00523514 0.22515929 0.10256746 0.30695070 0.05762223 0.10762525 0.08226728 0.07964418 0.02356870
0.03042703 0.00241485 0.00063415 0.00389271 0.03944350 0.22613361 0.09830968 0.30643502 0.05478183 0.10464768 0.08009867 0.08247305 0.02571237
0.02852202 0.00294372 0.00086395 0.00274303 0.02616759 0.22721282 0.09623205 0.30519286 0.06259709 0.10218537 0.08360138 0.08408854 0.05058751
0.02766397 0.00801449 0.00084325 0.01240092 0.01704413 0.22760855 0.09677275 0.30360394 0.06124557 0.09777361 0.08571638 0.08278169 0.04133292
0.02706288 0.00386703 0.00106665 0.00329936 0.02734387 0.23000425 0.09866805 0.30446091 0.06088595 0.10676757 0.08370525 0.08379103 0.03278743
0.02521894 0.01299279 0.00146174 0.01267428 0.04769358 0.23123255 0.09786488 0.30440838 0.05916374 0.10392938 0.08113625 0.08422884 0.02568579
0.02394471 0.00200244 0.00169343 0.00576425 0.00498107 0.23471638 0.09938217 0.30533151 0.05823703 0.10682752 0.08300113 0.08460276 0.02705561
0.02449492 0.00620366 0.00113340 0.01077808 0.02258756 0.23455790 0.09693989 0.30546039 0.05975122 0.10689452 0.08387975 0.07957859 0.05116488
0.02730614 0.00354480 0.00109116 0.00130563 0.02382133 0.23766198 0.09755097 0.30690580 0.06191402 0.09446727 0.08052116 0.07913940 0.02777597
0.02852447 0.00508753 0.00124602 0.00440234 0.03107225 0.23602526 0.09849780 0.30742973 0.05983898 0.09607939 0.08106663 0.08011641 0.02638224
0.02905556 0.01143543 0.00136546 0.01119014 0.05881397 0.23431871 0.09580513 0.30741382 0.05752464 0.10028156 0.08536946 0.08189259 0.02976486
0.02930985 0.00635532 0.00364412 0.00848411 0.05167486 0.23480256 0.09948063 0.30783679 0.05907208 0.10184947 0.07998133 0.08295729 0.02896696
0.03010703 0.00438229 0.00220790 0.00307852 0.03127845 0.23187637 0.09943505 0.30599120 0.05551225 0.09894349 0.08674988 0.08770672 0.03663500
0.03202116 0.00353099 0.00229931 0.00313019 0.02800710 0.23197787 0.09843913 0.30425169 0.06250133 0.10531128 0.08157876 0.08249098 0.03801691
0.03303882 0.01230117 0.00091089 0.01331799 0.07359343 0.23220067 0.09323132 0.30545518 0.05974301 0.10954301 0.09769828 0.08342551 0.02790160
0.03336068 0.00772475 0.00095152 0.00643483 0.05025733 0.22934808 0.09966765 0.30491179 0.05915057 0.10920177 0.07735426 0.08189442 0.03096215
0.03233338 0.00455163 0.00138759 0.00567850 0.03788467 0.23009356 0.09354525 0.30411692 0.05746570 0.10323513 0.08655087 0.08058332 0.02425241
0.03075280 0.00362565 0.00104837 0.00392439 0.03002861 0.22802294 0.09709615 0.30272565 0.05656204 0.10183581 0.08119946 0.08176213 0.02744910
0.02899000 0.00673700 0.00120649 0.00408767 0.02595153 0.22611546 0.09621249 0.30281621 0.06352056 0.10551182 0.08207466 0.08378620 0.02725224
0.02731317 0.00485254 0.00126311 0.00380433 0.02296617 0.22839940 0.09654542 0.30304135 0.06072967 0.10026492 0.08287096 0.08422194 0.02780963
0.02529000 0.00219543 0.00109443 0.00296724 0.00972035 0.22732648 0.09434515 0.30202705 0.06093449 0.09159615 0.09036080 0.08273676 0.03528009
0.02349589 0.00214694 0.00121073 0.00248817 0.02708273 0.23292503 0.10490828 0.30499076 0.06388946 0.09466982 0.07940188 0.08247494 0.02441624
0.02373365 0.00216117 0.00195506 0.00478062 0.03185532 0.22594806 0.09800357 0.30409153 0.05955895 0.10109852 0.08446747 0.08323886 0.03451350
0.02449670 0.00703240 0.00133959 0.00450932 0.01655533 0.22997551 0.09697757 0.30571420 0.05551111 0.09965772 0.07737092 0.08011084 0.02539854
0.02514323 0.00553954 0.00078661 0.00517200 0.03246225 0.22496081 0.09432942 0.30443769 0.05387494 0.09735438 0.08042938 0.07879099 0.02638743
0.02730919 0.00556255 0.00059111 0.00137761 0.02243678 0.22614665 0.10138250 0.30599889 0.05686874 0.09900988 0.07546251 0.08010692 0.02627467
0.02789078 0.00602939 0.00078508 0.00202091 0.00490534 0.22732080 0.09541216 0.30592004 0.06391291 0.09863712 0.08349475 0.08103655 0.02856788
0.02754275 0.00711449 0.00089422 0.00609309 0.03779830 0.22434167 0.09745489 0.30481797 0.06442899 0.09501972 0.08409003 0.08305339 0.02700078
0.02592388 0.00646950 0.00072382 0.00685818 0.03987277 0.22356537 0.10241461 0.30300076 0.05637876 0.08998702 0.08525976 0.08273409 0.02673112
0.02950664 0.00407190 0.00081015 0.00164708 0.02298575 0.22534959 0.10924352 0.30207574 0.05592863 0.09214568 0.07887386 0.08262554 0.02692061
0.02926920 0.00848385 0.00082336 0.00928553 0.03486514 0.22585749 0.09479849 0.30192375 0.05708212 0.09786514 0.08533536 0.08102583 0.02300679
0.02749564 0.00774317 0.00260970 0.00061544 0.00838204 0.22970783 0.10007918 0.30158850 0.06172886 0.09857898 0.07369745 0.08286523 0.02407760
0.02632767 0.00331214 0.00150283 0.00057397 0.00364517 0.22946046 0.09480113 0.30114719 0.05541548 0.09646298 0.08088903 0.07965827 0.02398665
0.02843469 0.01034225 0.00100550 0.01085195 0.01640125 0.23143474 0.09930566 0.30418438 0.06109382 0.09655542 0.07908277 0.07957826 0.02440085
0.03088726 0.00214466 0.00095554 0.00171876 0.00136399 0.23187542 0.10161155 0.30334879 0.05662955 0.10204724 0.08365004 0.07831528 0.03517655
0.03165883 0.00731921 0.00098599 0.00550427 0.03507753 0.23452277 0.10034482 0.30495887 0.05153860 0.10050687 0.08099444 0.08058200 0.03726178
0.04750031 0.00746016 0.00068952 0.01123402 0.06164690 0.23689395 0.09667046 0.30583836 0.05294933 0.09029204 0.07875638 0.08249494 0.02562147
0.04737323 0.00404355 0.00182317 0.00303970 0.05371293 0.23490397 0.09668466 0.30648505 0.05898632 0.09441380 0.07812859 0.08028969 0.03349318
0.04779749 0.00699858 0.00076398 0.00645239 0.03931807 0.23600461 0.09673532 0.30541833 0.07080247 0.09134726 0.08531848 0.08218468 0.02542397
0.05024495 0.00427717 0.00059011 0.00145709 0.03226925 0.23507422 0.09290242 0.30420270 0.06235987 0.08846430 0.08105511 0.08290715 0.02554830
0.04788836 0.00269279 0.00148309 0.00089789 0.00191167 0.23805607 0.09676196 0.30389479 0.05411175 0.08416592 0.07584684 0.08079374 0.02580261
0.04004051 0.00313830 0.00147644 0.00302548 0.04925034 0.24018305 0.09320373 0.30280902 0.05038816 0.09236175 0.08004741 0.08171538 0.02436038
0.04579404 0.00383792 0.00143148 0.00164956 0.00577352 0.23969340 0.09257760 0.30130778 0.05065924 0.09556895 0.08778111 0.07986061 0.03487193
0.05165771 0.00206660 0.00137689 0.00407085 0.00490902 0.23960410 0.09448126 0.30202430 0.05073459 0.09491615 0.07330882 0.07832830 0.04689190
0.05295281 0.00189907 0.00154263 0.00320825 0.00415834 0.23932697 0.09348765 0.30087867 0.04809013 0.09475623 0.08146433 0.08236716 0.03965038
0.05231804 0.00626224 0.00128914 0.00733311 0.04860127 0.23264037 0.09910025 0.30059225 0.05552500 0.09136274 0.07190085 0.07918237 0.03933143
0.05221446 0.00524288 0.00082911 0.00374692 0.03354670 0.23770652 0.09685913 0.30105066 0.05247070 0.08700943 0.07856112 0.08166200 0.02822845
0.05326870 0.00403071 0.00095733 0.00547194 0.03749347 0.22830631 0.09697131 0.30087853 0.04794905 0.08737911 0.07525869 0.07846226 0.03422689
0.05177488 0.00723365 0.00176189 0.00802064 0.04680038 0.22896502 0.10472818 0.30398286 0.05025145 0.09007545 0.07143049 0.08206239 0.02910186
0.04737127 0.00343839 0.00329376 0.00267989 0.02743003 0.22416836 0.09716024 0.30318180 0.05505390 0.09474990 0.07812747 0.08088599 0.03839424
0.04198857 0.00508717 0.00229820 0.00405247 0.03926962 0.22069086 0.10201309 0.30681151 0.05406695 0.08954871 0.07932576 0.08284971 0.02756004
0.03719067 0.00734718 0.00178004 0.00846862 0.05057713 0.22275998 0.09868700 0.30650620 0.05073231 0.08239680 0.07459731 0.08080261 0.03000384
0.03797302 0.00535881 0.00139612 0.00508260 0.02945400 0.22355160 0.09569128 0.30637962 0.04856494 0.09105296 0.08094337 0.07836521 0.03458175
0.04104073 0.00217715 0.00103301 0.00347320 0.03096395 0.22612101 0.09789743 0.30400852 0.04582009 0.09429761 0.07367734 0.08177425 0.02571723
0.04780158 0.00165544 0.00100944 0.00341035 0.00497507 0.22726817 0.09829774 0.30210118 0.04714920 0.09400413 0.06435882 0.07855470 0.03634289
0.04811275 0.00702125 0.00104180 0.00291807 0.03624136 0.23105639 0.08667382 0.30200795 0.05545465 0.08999980 0.08032280 0.07871406 0.02348513
0.04665484 0.00240223 0.00095203 0.00100319 0.00379036 0.23138991 0.09943244 0.30077155 0.05373726 0.08405609 0.06892999 0.08073181 0.02334622
0.04375350 0.00497214 0.00095689 0.00570755 0.02172380 0.23335091 0.08884031 0.30051570 0.05411826 0.07809570 0.08614311 0.08186941 0.02296687
0.04290967 0.00319696 0.00093243 0.00368314 0.02718744 0.23532838 0.09622959 0.30196925 0.05636505 0.08009982 0.07034373 0.07854846 0.02190427
0.04189082 0.01210797 0.00137806 0.01218036 0.03551778 0.23522252 0.08910482 0.30187832 0.04619084 0.09384880 0.07771833 0.07942918 0.02431951
0.04049650 0.00576144 0.00106574 0.00630802 0.05609945 0.23758920 0.10087739 0.30301650 0.04783610 0.09567637 0.06592418 0.07629933 0.02350029
0.03815573 0.00433032 0.00134610 0.00572315 0.04655526 0.23811794 0.08975030 0.30255548 0.04727819 0.09341479 0.07540901 0.07944232 0.02567657
0.03709283 0.00445385 0.00133123 0.00577517 0.04202291 0.23745492 0.09743826 0.30564938 0.05079187 0.09454580 0.07235406 0.07733783 0.02636646
0.03568474 0.00902750 0.00141902 0.00768588 0.05253954 0.23934601 0.09178744 0.30419763 0.05388424 0.08426084 0.08030128 0.08133550 0.02606602
0.03524310 0.00663869 0.00141597 0.00864697 0.05233730 0.23750288 0.09872519 0.30607594 0.05457434 0.08216717 0.07886570 0.07990598 0.02514456
0.02963953 0.00578109 0.00106789 0.00538198 0.04947361 0.24128538 0.09544212 0.30454845 0.05255791 0.08276955 0.08639368 0.08159276 0.02912565
0.03249995 0.00668194 0.00069922 0.00713324 0.05473097 0.24092276 0.10418494 0.30421280 0.05400608 0.08569007 0.06925772 0.08102561 0.02461278
0.03407979 0.01117490 0.00118786 0.01096206 0.03901379 0.24043272 0.09484961 0.30344878 0.04161005 0.09405729 0.08313344 0.07821336 0.03459944
0.03454562 0.00520726 0.00172630 0.00369171 0.05129219 0.24477642 0.09960611 0.30240684 0.04766420 0.09607623 0.06198228 0.07823280 0.02614523
0.03425102 0.00743812 0.00111944 0.00756733 0.04394759 0.24108905 0.08826805 0.30280171 0.04628938 0.09314406 0.07330667 0.08031754 0.04457669
0.03368309 0.00184909 0.00163707 0.00423112 0.00529458 0.24343726 0.09663574 0.30085563 0.04703437 0.08210451 0.07215263 0.08017941 0.02699822
0.03325718 0.00337558 0.00108672 0.00208774 0.00593888 0.24004558 0.09443424 0.30007791 0.06319410 0.07832928 0.07496629 0.07801089 0.03147145
0.03280420 0.00373044 0.00072075 0.00244213 0.00440834 0.23682903 0.09300674 0.30187082 0.06164654 0.08073258 0.07865545 0.07901988 0.03769253
0.03240085 0.00272251 0.00066852 0.00348319 0.02792407 0.23268219 0.09526817 0.30130464 0.05374755 0.08735415 0.07489831 0.07939236 0.03687526
0.03063617 0.00969001 0.00164032 0.00938200 0.03206490 0.23297470 0.09346172 0.30390954 0.04609760 0.10777191 0.06993895 0.07919258 0.02766039
0.02849399 0.00775138 0.00123461 0.00829604 0.04853726 0.22766506 0.09398697 0.30393037 0.03788214 0.10952554 0.06431513 0.07734837 0.03477494
0.02765360 0.01229730 0.00094056 0.01314401 0.05449359 0.23350893 0.10265268 0.30838496 0.04374980 0.09899905 0.06628210 0.07843658 0.02634213
0.02708991 0.00650643 0.00080934 0.00830773 0.06436320 0.22612800 0.09478711 0.30825654 0.05410045 0.09204982 0.07656239 0.07501605 0.03919953
0.02744142 0.00743553 0.00153373 0.00908202 0.05649200 0.23374294 0.09342585 0.30793236 0.06441751 0.07190843 0.08162400 0.08297510 0.04307112
0.02877011 0.00802284 0.00158789 0.00886314 0.04650526 0.23387482 0.09344903 0.30710841 0.06872532 0.07213837 0.07935474 0.07888713 0.02604361
0.03074534 0.01152841 0.00098077 0.01415873 0.05323638 0.23693258 0.09066406 0.30426398 0.05260633 0.07347814 0.07186458 0.08206698 0.04382895
0.03260593 0.00528858 0.00180372 0.00963143 0.06450763 0.23480267 0.09652652 0.30295830 0.04290103 0.09349725 0.06706474 0.07671597 0.04033805
0.03841132 0.00511273 0.00190810 0.00618865 0.04429898 0.23633069 0.08941425 0.30098279 0.04078054 0.10210890 0.06832847 0.08114006 0.05285106
0.03649875 0.01104382 0.00169890 0.01243937 0.06334988 0.23666859 0.09583653 0.30208242 0.04752944 0.09574842 0.05702950 0.07882692 0.03268822
0.04038317 0.00608177 0.00111131 0.00598200 0.05594304 0.23841018 0.08879133 0.30243803 0.04912606 0.09053787 0.07501139 0.07683233 0.03255003
0.04340539 0.00315694 0.00135958 0.00659341 0.05147935 0.23940425 0.09386626 0.30254785 0.06102112 0.08425327 0.07910853 0.07596022 0.03424500
0.04483161 0.00746443 0.00096579 0.00914924 0.01574237 0.23982650 0.09962525 0.30513217 0.06287003 0.08918673 0.08416538 0.07892413 0.02990008
0.04491505 0.00255149 0.00229287 0.00086458 0.00291736 0.23893269 0.09714396 0.30442594 0.06368639 0.08324323 0.08401571 0.07941146 0.02663270
0.04486524 0.00207861 0.00149483 0.00061873 0.00169143 0.24079047 0.08871977 0.30333401 0.05528729 0.09520910 0.07235815 0.07686855 0.03836692
0.04276400 0.00214213 0.00093008 0.00401922 0.00543823 0.24119325 0.09083624 0.30403674 0.04854737 0.11072017 0.07390737 0.07727424 0.02590677
0.04066233 0.00108611 0.00101953 0.00027121 0.00075422 0.24211718 0.09020801 0.30227896 0.04390242 0.11193480 0.06753890 0.07549708 0.02339831
0.03788059 0.00111343 0.00075158 0.00027544 0.00061270 0.24409591 0.09171401 0.30568206 0.04257197 0.10147988 0.06701522 0.07724816 0.02418253
0.03575541 0.00690510 0.00081797 0.00887003 0.01877491 0.24014188 0.09526079 0.30295660 0.05156366 0.09673851 0.07318429 0.07653766 0.02277887
0.03383839 0.00151005 0.00169638 0.00078273 0.00193533 0.24589484 0.09407833 0.30529949 0.06257750 0.09498849 0.07839954 0.07710125 0.02243756
0.03203374 0.00127875 0.00094756 0.00036771 0.00100072 0.23974865 0.08758723 0.30371774 0.05781664 0.08433203 0.08154368 0.07615698 0.02243298
0.03085751 0.00164026 0.00078542 0.00084029 0.03610377 0.24313651 0.09105414 0.30421378 0.05318277 0.07818612 0.07428509 0.07766380 0.02257035
0.02971136 0.00552840 0.00077208 0.00266926 0.03087300 0.23716387 0.08528278 0.30428036 0.05411826 0.09272288 0.07906101 0.07753348 0.02733121
0.02944725 0.00668466 0.00392173 0.00747071 0.03069054 0.23870885 0.09286280 0.30247494 0.05165888 0.10494815 0.07448496 0.08141352 0.03604381
0.03207612 0.00611418 0.00130187 0.00693521 0.02440210 0.23499903 0.09339077 0.30288025 0.05772948 0.10411156 0.06351236 0.07454612 0.02323916
0.03374933 0.00662396 0.00152452 0.00829038 0.02573332 0.23975524 0.08857960 0.30210403 0.05405294 0.09510883 0.06689042 0.07724971 0.02896499
0.03553036 0.00443662 0.00092296 0.00246768 0.03807044 0.23025134 0.08929628 0.30257477 0.05288804 0.09454866 0.07873124 0.07853506 0.02623869
0.03581343 0.00901350 0.00092308 0.00865123 0.05439915 0.23800808 0.09246637 0.30342426 0.05982215 0.09304302 0.07890235 0.08020807 0.02303668
0.03535275 0.00820316 0.00054454 0.00875701 0.03348623 0.23341239 0.08492808 0.30408952 0.06632876 0.08214189 0.08092323 0.07743112 0.03852296
0.03646834 0.00886646 0.00208960 0.00907628 0.02553865 0.23519942 0.09775171 0.30612957 0.05804321 0.08515264 0.08511474 0.07740483 0.03531082
0.03614138 0.00538612 0.00090562 0.00623846 0.04689804 0.23516968 0.09561861 0.30546145 0.05369559 0.09626232 0.07647280 0.07769383 0.02810266
0.03537282 0.00931556 0.00090370 0.01115697 0.04832458 0.23473924 0.09495889 0.30599798 0.05276697 0.10134083 0.07166296 0.07826281 0.03353810
0.03497293 0.00540960 0.00118622 0.00326486 0.02170676 0.23522035 0.09290558 0.30515988 0.04875593 0.09913170 0.07679497 0.07723742 0.02876052
0.03374753 0.00476179 0.00126756 0.00516496 0.03338424 0.23882440 0.09602936 0.30424904 0.05482717 0.09185369 0.07088341 0.07858785 0.03609095
0.03240618 0.00356835 0.00124862 0.00424224 0.05023438 0.23559547 0.08538439 0.30460141 0.05461013 0.09916193 0.08331927 0.07769377 0.02963165
0.03208714 0.00312348 0.00111957 0.00226833 0.02083784 0.23996646 0.09522252 0.30164575 0.06681214 0.09030066 0.07401851 0.08037881 0.02440885
0.03256418 0.00299900 0.00089104 0.00089661 0.02530372 0.23889358 0.09563262 0.30303867 0.05679812 0.07781891 0.07793266 0.07689418 0.02265903
0.03197199 0.00518358 0.00074177 0.00602997 0.04219923 0.24022229 0.09214011 0.30208840 0.05838363 0.07212571 0.07851773 0.07828072 0.02412395
0.03261947 0.00567363 0.00198366 0.00444171 0.04839587 0.24042542 0.09468678 0.30255089 0.05585866 0.09154310 0.07538796 0.07751138 0.03454955
0.03171136 0.00759253 0.00142023 0.00722223 0.05187548 0.24003874 0.09281963 0.30457787 0.05335434 0.09872589 0.07446944 0.07776202 0.03752236
0.03323847 0.00328022 0.00066398 0.00667313 0.03013057 0.23951637 0.09801730 0.30405012 0.05337974 0.09867802 0.07080808 0.07935835 0.04235029
0.03216876 0.00363656 0.00071020 0.00191647 0.02587959 0.23898441 0.09096302 0.30555228 0.05211818 0.09774490 0.07065409 0.07473648 0.03291952
0.03269399 0.00481837 0.00075269 0.00486730 0.02729561 0.24110022 0.09403285 0.30671726 0.05579324 0.09777936 0.07619840 0.07738892 0.02406786
0.03238344 0.00325336 0.00093685 0.00336735 0.02228119 0.23722506 0.09187509 0.30818115 0.05828467 0.09895441 0.07826661 0.07763643 0.02497370
0.03119947 0.00804363 0.00141528 0.01009330 0.05097104 0.23811097 0.08985527 0.30932389 0.05534952 0.08846028 0.07407917 0.07646337 0.02365183
0.03103279 0.00447907 0.00436127 0.00528264 0.03679583 0.23691264 0.09034405 0.30820937 0.05485041 0.09422257 0.07998486 0.07788687 0.02863664
0.03152360 0.00634305 0.00104848 0.00900342 0.05239794 0.23599777 0.08901088 0.30883299 0.06223376 0.09650820 0.07817596 0.07817215 0.02627185
0.03262935 0.00658513 0.00125996 0.00620621 0.06294067 0.23573224 0.08383933 0.30636517 0.05955037 0.09708280 0.07597170 0.07987684 0.04379885
0.03174029 0.00706917 0.00079699 0.00775396 0.07089377 0.23690657 0.08662308 0.30631777 0.05463095 0.09971237 0.07673224 0.07940104 0.02366788
0.03185470 0.00608359 0.00068461 0.00631740 0.07260856 0.23335254 0.08244558 0.30360584 0.05647701 0.10292462 0.07114164 0.07769824 0.03158243
0.03312152 0.01085230 0.00123220 0.01254943 0.05511368 0.24023626 0.08846487 0.30333641 0.05333773 0.09593376 0.07215429 0.07918813 0.02356457
0.03489614 0.01092002 0.00126738 0.00960961 0.05223974 0.23602325 0.08543540 0.30300299 0.05644330 0.09174976 0.07866638 0.07667186 0.02601737
0.03593087 0.01020298 0.00066782 0.01380351 0.05522922 0.24012038 0.09007730 0.30157213 0.06080709 0.08624382 0.07170516 0.08030068 0.02513090
0.03620673 0.00377257 0.00074178 0.00699672 0.05363982 0.23794255 0.08392144 0.30263866 0.05457557 0.08780429 0.07567724 0.07653216 0.02397332
0.03603288 0.00428007 0.00054933 0.00598563 0.05045828 0.23788151 0.09335985 0.30340260 0.05181259 0.09479393 0.07250574 0.07671650 0.03073463
0.03604698 0.00611448 0.00057238 0.00683642 0.04437212 0.23806419 0.08852707 0.30392369 0.05356656 0.09851015 0.07304337 0.07707606 0.04121947
0.03149616 0.00967735 0.00077685 0.00834354 0.05549581 0.23715840 0.09142843 0.30626704 0.05258004 0.09557696 0.07530274 0.07909126 0.02518921
0.03244670 0.01045156 0.00129874 0.00887912 0.03740659 0.23685490 0.09358170 0.30595132 0.05142317 0.08643981 0.08073324 0.08002432 0.03867277
0.03191655 0.00599304 0.00204160 0.00923157 0.05655894 0.23632366 0.09928782 0.30532690 0.06030651 0.08532007 0.07566558 0.07674428 0.02377477
0.03354682 0.00522345 0.00114112 0.00421958 0.04824490 0.23661460 0.08851319 0.30343004 0.05698110 0.07405718 0.08540426 0.07830475 0.05738498
0.03428271 0.01236067 0.00139907 0.01443310 0.03258075 0.23869568 0.09616238 0.30334404 0.05229959 0.07244305 0.07457171 0.07856603 0.02454910
0.03370835 0.00260842 0.00135483 0.00390219 0.01832946 0.23784981 0.09562368 0.30336129 0.05177141 0.09190111 0.07596882 0.07761871 0.03792126
0.03484616 0.00832248 0.00090458 0.01227371 0.03401877 0.23867691 0.09739311 0.30226030 0.04893767 0.10348949 0.06960424 0.07708007 0.02764539
0.03525972 0.00223926 0.00119327 0.00122701 0.02367927 0.23879212 0.09737971 0.30182716 0.04825454 0.10359239 0.07281070 0.08278501 0.03024556
0.03416326 0.00813204 0.00127440 0.00511362 0.01837230 0.23728251 0.10178387 0.30022681 0.05359369 0.09671986 0.07486299 0.07716363 0.02465249
0.03338466 0.01294368 0.00117216 0.01598329 0.04868428 0.23764243 0.08389285 0.30314315 0.05027804 0.09485947 0.08076827 0.08168256 0.02786343
0.03316357 0.01382260 0.00176708 0.01468621 0.05509795 0.23647817 0.10303618 0.30428745 0.05519579 0.08562122 0.07753713 0.07998064 0.02590254
0.03415899 0.00451884 0.00154728 0.00578277 0.05918557 0.24295261 0.11004559 0.30363722 0.05475751 0.07792959 0.07656516 0.08138163 0.02505359
0.05276652 0.00960655 0.00143511 0.01090986 0.05568125 0.24098222 0.09847852 0.30777882 0.04948543 0.07596778 0.08308136 0.07814784 0.02421622
0.05265391 0.01540189 0.00101464 0.01605343 0.05630397 0.23957877 0.09152307 0.30439720 0.05176938 0.08183337 0.07132915 0.07873782 0.02500372
0.05084766 0.00738490 0.00080356 0.00960935 0.04267787 0.23705858 0.09190972 0.30602810 0.04912208 0.09227942 0.07173799 0.07684126 0.03705341
0.04841744 0.00519123 0.00085647 0.00568861 0.03892296 0.23427985 0.09242152 0.30764281 0.05307251 0.09432297 0.07383583 0.07739794 0.02624754
0.04442527 0.00331247 0.00121358 0.00238477 0.05501461 0.23638528 0.10120922 0.30575663 0.04934276 0.09618391 0.07135136 0.07839702 0.02353028
0.03953404 0.00489768 0.00251055 0.00274344 0.02318924 0.23329774 0.09855932 0.30646987 0.05715548 0.10234356 0.07633064 0.07943421 0.02559231
0.03688399 0.00794937 0.00174554 0.01213535 0.03051646 0.23310628 0.09289138 0.30402631 0.05972017 0.09020601 0.08951344 0.08063180 0.02341864
0.03482306 0.00264208 0.00213069 0.00337396 0.04846788 0.23337858 0.09200255 0.30420030 0.05961400 0.07873264 0.07367649 0.07878777 0.02269958
0.03417308 0.00493632 0.00243856 0.00449363 0.04686072 0.23222007 0.08929315 0.30355109 0.05249622 0.09305749 0.08030955 0.08285600 0.02292211
0.02961235 0.00695516 0.00216515 0.00870276 0.02323239 0.23130167 0.09697622 0.30339535 0.05219882 0.09824800 0.07044035 0.08149739 0.02078119
0.03287567 0.01063506 0.00215161 0.01133604 0.05652430 0.23243752 0.09360914 0.30558652 0.04867962 0.09858890 0.07029279 0.07945692 0.02329643
0.03606402 0.00192360 0.00121668 0.00114404 0.06380223 0.22879721 0.09358553 0.30305925 0.05542297 0.09700106 0.07402478 0.07956385 0.02259624
0.03867843 0.00737892 0.00078079 0.00584095 0.04436843 0.23074737 0.09455298 0.30613670 0.05310254 0.09061358 0.08358091 0.07755757 0.02543728
0.03985232 0.01232470 0.00051333 0.01165937 0.05263380 0.22756984 0.09995249 0.30501111 0.06074861 0.07933821 0.07704778 0.08153318 0.02677022
0.03928512 0.00463249 0.00118369 0.00471269 0.04321790 0.23075596 0.09605254 0.30755931 0.05469330 0.07637710 0.08982824 0.08001518 0.02517414
0.03753759 0.00337708 0.00174954 0.00503473 0.03010590 0.22843145 0.10237927 0.30666679 0.05565143 0.08557175 0.07000555 0.07901286 0.03450364
0.03428434 0.00570513 0.00091703 0.00772013 0.06914221 0.23324839 0.10014798 0.30630696 0.05050426 0.09545849 0.07522804 0.08088361 0.02751002
0.03343142 0.00689113 0.00100419 0.00836994 0.04627667 0.23343907 0.10294589 0.30856985 0.05172339 0.10041266 0.07140464 0.07945608 0.04555391
0.03223980 0.00534256 0.00127466 0.00425282 0.02276260 0.23576026 0.09820338 0.30385816 0.05624574 0.09619026 0.07779698 0.08166701 0.04213032
0.03126415 0.00424338 0.00127866 0.00545384 0.02639363 0.23984072 0.09775514 0.30528757 0.06172671 0.08825724 0.08170599 0.08035066 0.02756944
0.03104341 0.00271166 0.00099124 0.00210108 0.00358917 0.23774856 0.09842231 0.30324132 0.05954764 0.08386807 0.08597446 0.07895129 0.04008092
0.03354050 0.00950719 0.00093962 0.00795712 0.01495195 0.24059226 0.09868257 0.30485444 0.06593300 0.08553178 0.07880273 0.07973364 0.03090690
0.03404869 0.01400231 0.00084941 0.01379326 0.03816374 0.24030080 0.09965894 0.30501522 0.06210237 0.09107838 0.07965061 0.08038403 0.03131558
0.03369823 0.00410162 0.00323929 0.00353678 0.03536813 0.24038006 0.10338806 0.30430200 0.05246879 0.09951740 0.07592630 0.08021543 0.02764888
0.03510353 0.00308807 0.00136252 0.00537573 0.02915622 0.24053036 0.10282149 0.30595545 0.05033985 0.10520194 0.07526841 0.07787351 0.02963066
0.03549084 0.00728203 0.00140684 0.00478880 0.02476258 0.24083422 0.09793343 0.30663069 0.04946091 0.11325527 0.07010312 0.07780406 0.02613515
0.03621514 0.00426704 0.00134364 0.00383813 0.02440714 0.24028769 0.09095381 0.30571839 0.05292077 0.10293069 0.07882896 0.07961821 0.02736560
0.03641394 0.00737002 0.00122650 0.00560081 0.03047779 0.23724140 0.09021149 0.30811261 0.06288441 0.09532604 0.08287793 0.08004966 0.03483432
0.03634091 0.00274156 0.00103142 0.00206799 0.02746229 0.23660923 0.09546336 0.30692844 0.06165749 0.08493523 0.08718247 0.08001967 0.03461131
0.04093911 0.00317887 0.00084773 0.00173319 0.02857653 0.23602874 0.11416324 0.30742334 0.06510117 0.08365599 0.08818496 0.08029189 0.02349443
0.04043195 0.00263910 0.00222274 0.00288299 0.02419692 0.23493072 0.09323636 0.30711526 0.05905992 0.09101637 0.08801276 0.08155525 0.02550414
0.03804960 0.00309933 0.00158537 0.00261796 0.04558784 0.23620591 0.09153004 0.30529659 0.04993847 0.10032412 0.07883963 0.08330293 0.02653435
0.03279055 0.00350517 0.00391162 0.00821169 0.03952545 0.23408368 0.09555324 0.30557446 0.04418153 0.11973620 0.07462078 0.07984817 0.04534974
0.03360930 0.00262383 0.00172621 0.00461245 0.02813604 0.23535136 0.09319851 0.30458440 0.04675181 0.11798445 0.07255291 0.08017231 0.03095687
0.03391166 0.00915883 0.00091157 0.00853626 0.04909666 0.23062446 0.09404669 0.30667006 0.05989467 0.10280513 0.06914813 0.07947440 0.03445914
0.03366025 0.01372947 0.00103587 0.01442353 0.04319258 0.22948126 0.09468288 0.30554394 0.05903211 0.08616123 0.08162286 0.08456778 0.02831396
0.03332966 0.00884728 0.00151394 0.00858860 0.05841149 0.22582049 0.09409184 0.30630533 0.06339211 0.07711344 0.08850477 0.08074040 0.02376411
0.03395238 0.00598848 0.00124127 0.00513461 0.06132404 0.22523557 0.09546764 0.30529208 0.06185704 0.07617536 0.08721168 0.08148353 0.02354417
0.03458397 0.01092400 0.00175563 0.01192268 0.04668355 0.22245777 0.09301939 0.30514526 0.06925148 0.08684914 0.07694894 0.08084734 0.02376794
0.03556369 0.00529335 0.00108091 0.00486064 0.04028133 0.22428608 0.09123035 0.30615698 0.05671999 0.10506100 0.07195555 0.08891671 0.02641123
0.03659208 0.00829862 0.00146258 0.01115291 0.02746444 0.22261404 0.09645002 0.30535621 0.05008275 0.11847365 0.07129805 0.08317641 0.03992772
0.03671384 0.00534913 0.00124385 0.00677206 0.03589545 0.22602586 0.10177250 0.30751696 0.06030425 0.11460826 0.07315881 0.08081785 0.02902866
0.03682782 0.01169205 0.00107660 0.01287331 0.03282265 0.22759748 0.10177890 0.30661347 0.04845611 0.10213675 0.07510330 0.07915644 0.03427936
0.03709895 0.00526429 0.00084725 0.00599200 0.03657599 0.22619490 0.10127879 0.30656621 0.05690712 0.08809190 0.08663417 0.07909469 0.02749126
0.03616639 0.00562853 0.00118071 0.00543437 0.02645292 0.23432757 0.09922701 0.30693558 0.06807124 0.08010376 0.08832293 0.08139518 0.03757536
0.03448903 0.00323514 0.00274633 0.00413547 0.03114245 0.23129807 0.09976564 0.30626055 0.07034904 0.08783010 0.08978367 0.08043472 0.02457614
0.03175553 0.01122434 0.00118709 0.01057641 0.02732130 0.23452935 0.10061207 0.30688322 0.06050851 0.09376391 0.07805550 0.07960185 0.02860918
0.02864296 0.00454916 0.00101195 0.00437281 0.02456961 0.23455366 0.10563730 0.30467327 0.05486218 0.10900629 0.07863938 0.08147339 0.02837225
0.02896947 0.00535185 0.00179216 0.00401514 0.05396864 0.23258516 0.10458513 0.30420707 0.06142162 0.12462169 0.06926876 0.08068189 0.02713559
0.02736086 0.00376712 0.00150076 0.00103067 0.01703546 0.23417294 0.09600800 0.30422723 0.04643270 0.12378678 0.07450921 0.07953482 0.02871160
0.02521383 0.00475331 0.00168210 0.00729751 0.04623332 0.23404847 0.09980351 0.30557419 0.05414897 0.10453055 0.07426967 0.08085515 0.02371967
0.02615676 0.00373393 0.00110693 0.00521045 0.03091138 0.23709472 0.09132990 0.30647915 0.06524671 0.09081883 0.09288578 0.08112453 0.02703880
0.02739642 0.00792610 0.00074597 0.00694779 0.02845769 0.23613325 0.09706830 0.30734830 0.07322881 0.08407816 0.08844871 0.08275816 0.03400689
0.02775116 0.00544257 0.00077675 0.00728023 0.03905875 0.24151172 0.09349286 0.30714359 0.06567643 0.08395767 0.08968228 0.08153255 0.02644002
0.02731307 0.00673331 0.00060156 0.00515019 0.03940347 0.23880792 0.09859785 0.30758377 0.05975595 0.09260892 0.07719073 0.08026553 0.04030370
0.02719175 0.01002943 0.00366065 0.01419359 0.04971105 0.24001119 0.08903518 0.30809368 0.05080077 0.10971984 0.08316504 0.07926554 0.02766189
0.02674836 0.01009112 0.00132764 0.00871629 0.05871533 0.23825569 0.10223832 0.30922047 0.04942194 0.11915673 0.06972610 0.08010118 0.02913269
0.02722340 0.00709418 0.00165250 0.00962640 0.05453250 0.23659045 0.09786150 0.30930954 0.05581840 0.10416739 0.08000427 0.08410996 0.04705817
0.02822030 0.00510492 0.00158886 0.00781068 0.04365070 0.23478107 0.09245932 0.30737286 0.06491829 0.09322140 0.07766255 0.08245798 0.03834561
0.02948199 0.00383718 0.00184055 0.00207279 0.02049079 0.23548264 0.09338957 0.30787389 0.06468637 0.08689249 0.09262627 0.08328918 0.02806037
0.03292424 0.00255755 0.00108145 0.00284211 0.00390165 0.23010102 0.10332446 0.30801213 0.05871299 0.08468046 0.08695074 0.08349467 0.05495260
0.03556841 0.00931904 0.00139650 0.01160809 0.01980278 0.22746037 0.09760790 0.30738273 0.05815541 0.09047975 0.08274572 0.08192914 0.03443363
0.03635546 0.00451339 0.00087472 0.00260539 0.02175902 0.22603333 0.10036253 0.30566025 0.05564719 0.09719926 0.07351369 0.08180566 0.02393753
0.03602853 0.00733752 0.00072432 0.00829886 0.05388963 0.22499355 0.09066698 0.30532941 0.05502013 0.10680624 0.07697842 0.07932443 0.03032732
0.03447113 0.00504211 0.00067997 0.00420763 0.02760046 0.22514902 0.09964311 0.30676938 0.06036393 0.10665683 0.07179408 0.08204339 0.02874580
0.03217427 0.00414292 0.00177315 0.00309838 0.05365312 0.22768325 0.10066589 0.30778175 0.04812110 0.10868066 0.08349893 0.08232848 0.02933661
0.02937005 0.00399563 0.00140213 0.00383443 0.03311718 0.22702370 0.09884461 0.30962004 0.05754092 0.10155678 0.08584368 0.08254802 0.02622023
0.02630727 0.00591402 0.00115186 0.00643832 0.03737504 0.23161149 0.10561017 0.30981371 0.06396968 0.08728221 0.08486037 0.08399254 0.02687135
0.02355254 0.00569761 0.00133190 0.00604131 0.02903807 0.23097851 0.10550718 0.31132237 0.07115740 0.07800990 0.08995441 0.08159956 0.03881894
0.02278207 0.00427634 0.00426751 0.00452516 0.04715014 0.23368495 0.10186127 0.31004926 0.06835513 0.08637018 0.08498773 0.08732507 0.02816822
0.02445770 0.01652964 0.00197838 0.01657443 0.03570508 0.23305197 0.10411479 0.30989513 0.06017453 0.09750527 0.08178474 0.08522768 0.03430868
0.02951334 0.00363363 0.00176724 0.00069762 0.00265716 0.23513046 0.10248336 0.30788740 0.04822676 0.11380756 0.08610127 0.07959602 0.02528019
0.03512517 0.00316743 0.00096314 0.00146002 0.03170148 0.23746864 0.09873870 0.30677230 0.06290459 0.11623401 0.07392311 0.07875959 0.02603795
0.03794498 0.00638752 0.00111814 0.00683916 0.04604666 0.23576744 0.10312408 0.30691238 0.06025255 0.10495749 0.07453364 0.08025940 0.02520272
0.03823937 0.00396809 0.00102686 0.00256593 0.04205047 0.23787788 0.10318276 0.30660394 0.06075091 0.09879425 0.08022358 0.08592876 0.02689525
0.03771863 0.00616698 0.00107091 0.00463332 0.02802768 0.23995213 0.10162095 0.30706299 0.05952528 0.09515320 0.08429080 0.08030182 0.02624309
0.03792481 0.00906000 0.00350403 0.00755779 0.03081204 0.24130224 0.09766070 0.30893383 0.06008445 0.08245652 0.09095098 0.09228817 0.03372851
0.03562088 0.00592863 0.00075909 0.00503676 0.05511788 0.24366457 0.09654325 0.30868226 0.06154442 0.08187268 0.08553239 0.08306406 0.02665579
0.02907608 0.00728083 0.00089484 0.00764543 0.04419105 0.24581435 0.09323998 0.30871571 0.06526793 0.09975201 0.08305708 0.08201341 0.02760631
0.02757710 0.00370325 0.00105028 0.00265873 0.04241945 0.24264060 0.10265224 0.30901187 0.06407959 0.11569505 0.07995936 0.08291510 0.03246841
0.02554671 0.00465727 0.00174643 0.00405438 0.03276788 0.24416442 0.10792587 0.30955364 0.04962301 0.11810434 0.07809672 0.08138702 0.02573360
0.02368418 0.00610822 0.00115718 0.00695346 0.04116211 0.24273452 0.09772308 0.30898364 0.05464504 0.10754401 0.07311986 0.07895214 0.02503466
0.02295778 0.00469505 0.00209330 0.00308683 0.04182636 0.24125239 0.09482947 0.31004724 0.05976471 0.09434962 0.08353657 0.08317176 0.02422961
0.02298622 0.00367436 0.00107203 0.00568701 0.03680386 0.24048749 0.09696097 0.30998993 0.06624423 0.07904429 0.08323186 0.08576129 0.02729932
0.02465185 0.00518910 0.00321466 0.00461397 0.02301412 0.23893883 0.09555071 0.30947801 0.06470092 0.07527894 0.08986370 0.08311264 0.02347797
0.05271522 0.00632745 0.00171877 0.00453238 0.02292272 0.23577257 0.09218331 0.30875737 0.07170942 0.09196313 0.07609479 0.07961596 0.02556628
0.05623385 0.01355883 0.00160561 0.01354815 0.03259207 0.23213833 0.09741274 0.30719636 0.05697514 0.11033076 0.07727444 0.08041637 0.02162940
0.05674410 0.00425329 0.00104169 0.00524905 0.02786776 0.22980545 0.09100612 0.30857492 0.05045526 0.12128863 0.06797686 0.08076853 0.03004295
0.05436658 0.01157999 0.00069308 0.01308367 0.05548366 0.23305252 0.08809421 0.30777777 0.05721963 0.11426358 0.07044212 0.08048470 0.04027094
0.05383185 0.00450865 0.00082667 0.00409119 0.02723380 0.22844910 0.09245266 0.30604727 0.05543664 0.09845357 0.07661305 0.07769239 0.02410979
0.05446163 0.01326686 0.00247035 0.01374564 0.02689765 0.23250650 0.09986771 0.30665626 0.05664624 0.09259108 0.08647890 0.08113190 0.03231840
0.05137711 0.00792721 0.00129608 0.00767842 0.03606290 0.23116086 0.10346300 0.30689326 0.06788484 0.08284823 0.08038837 0.08211686 0.02505669
0.05003277 0.00193986 0.00233128 0.00174147 0.00152839 0.23390455 0.09951322 0.30700621 0.06238557 0.07848944 0.08402742 0.08440269 0.02750595
0.05224512 0.00161554 0.00150950 0.00049972 0.00110784 0.23630347 0.09576671 0.30645644 0.05639776 0.09147317 0.08171797 0.07908912 0.02581074
0.05175940 0.00706185 0.00094635 0.00831684 0.01473392 0.23639559 0.10006865 0.30729869 0.05241801 0.10419984 0.07879176 0.08029221 0.02541070
0.05132433 0.00300154 0.00083072 0.00174877 0.00131472 0.23691482 0.09720232 0.30640147 0.05387436 0.10986342 0.07742713 0.07867960 0.02696874
0.05176682 0.00204791 0.00079847 0.00350576 0.00415406 0.23536633 0.10536165 0.30539828 0.05677566 0.10753548 0.07924874 0.08077190 0.03554728
0.05232976 0.00291502 0.00068457 0.00090686 0.03304070 0.23594685 0.10143068 0.30635088 0.06500388 0.09911627 0.07877364 0.07969145 0.02501902
0.05254606 0.00300333 0.00059883 0.00228401 0.02969331 0.23537659 0.09757904 0.30636341 0.05863244 0.09416565 0.09119325 0.07966048 0.02539056
0.05073828 0.00228254 0.00054441 0.00308109 0.00781442 0.23519014 0.09815102 0.30618968 0.06310883 0.09176562 0.08425960 0.08344951 0.04659187
0.04899076 0.00403427 0.00115967 0.00559926 0.03256635 0.23445930 0.09449335 0.30559005 0.05952727 0.09346008 0.08330338 0.08146284 0.03744088
0.04816945 0.01018063 0.00134359 0.01202194 0.03776585 0.23804395 0.10060620 0.30698309 0.05290397 0.10355812 0.08287350 0.08183952 0.04209794
0.04791688 0.00899540 0.00212496 0.00880788 0.03594020 0.23448449 0.10462966 0.30570902 0.05392121 0.11142654 0.07413157 0.07921047 0.02787005
0.04730585 0.00526899 0.00140985 0.00754436 0.04236907 0.23576254 0.09640383 0.30517221 0.06057433 0.11086115 0.07502004 0.08131246 0.03198413
0.04674852 0.00960868 0.00092280 0.00899731 0.02593799 0.23503981 0.09770492 0.30437241 0.05609666 0.10482199 0.08059372 0.08259855 0.02557575
0.04646503 0.00246961 0.00072855 0.00304577 0.04204640 0.23288437 0.09891345 0.30398369 0.05890182 0.09847975 0.07675776 0.08078639 0.02858887
0.04656827 0.00330724 0.00066416 0.00607028 0.03387407 0.23360376 0.10025324 0.30427752 0.05521404 0.09175178 0.08578177 0.07972105 0.02719381
0.06405920 0.01141017 0.00074803 0.01186924 0.04183810 0.23503754 0.10083260 0.30603451 0.05502430 0.09259364 0.07934184 0.08019811 0.04429819
0.06611439 0.01150898 0.00108548 0.01263396 0.03699672 0.23168371 0.10298702 0.30678831 0.05729409 0.09182727 0.08117633 0.08189178 0.02685895
0.06746166 0.00517320 0.00068315 0.00367749 0.04271635 0.23302278 0.11003624 0.30809083 0.06312953 0.08700851 0.08465317 0.08195730 0.02748278
0.06813430 0.00950866 0.00068963 0.01262952 0.02789736 0.22931606 0.10225194 0.30653950 0.06170192 0.09032345 0.08111400 0.07962160 0.02800785
0.06769765 0.00297857 0.00347183 0.00310805 0.03457024 0.23198445 0.10527856 0.30700562 0.05438733 0.11413660 0.07760913 0.08168983 0.02582347
0.06730757 0.00204119 0.00128577 0.00564238 0.00160461 0.22586287 0.09789233 0.30651472 0.05549241 0.11145966 0.07873637 0.08039885 0.04544016
0.06745255 0.00740301 0.00094476 0.00594171 0.01797299 0.23000874 0.11359233 0.30654119 0.05159577 0.10266510 0.07299660 0.08242394 0.02608168
0.06680087 0.00712333 0.00069480 0.00882900 0.03958537 0.22671015 0.09778518 0.30514616 0.06139824 0.09539835 0.08276927 0.08153641 0.03816894
0.06545692 0.00922525 0.00466583 0.00928258 0.04277322 0.22749503 0.10762230 0.30561822 0.05840386 0.09700622 0.08223595 0.08206179 0.02621482
0.06570440 0.00811328 0.00151530 0.01128708 0.04328506 0.22789602 0.10180827 0.30450656 0.05798120 0.10330163 0.08024532 0.08198749 0.02965908
0.06532603 0.00543142 0.00093826 0.00722118 0.05377910 0.22729658 0.10479598 0.30691827 0.05573249 0.09678348 0.08148186 0.08398777 0.02773811
0.06607780 0.01259549 0.00064858 0.01147287 0.04733820 0.22863711 0.10077012 0.30681925 0.05961961 0.09760995 0.08248645 0.08221600 0.02813850
0.06598289 0.00385122 0.00058360 0.00558563 0.03671110 0.22691950 0.09990769 0.30840712 0.05922906 0.10180153 0.08717671 0.07946543 0.03871286
0.06557718 0.00239160 0.00063885 0.00420907 0.02498945 0.22767593 0.10127977 0.30787695 0.05993191 0.10238229 0.08206957 0.07976681 0.03424767
0.06414421 0.00396043 0.00056540 0.00349202 0.04699566 0.22606889 0.11075204 0.30776324 0.05242621 0.09531229 0.07979970 0.08241243 0.03444614
0.06407729 0.00485797 0.00184989 0.00649606 0.06143888 0.22660259 0.10265119 0.30810171 0.05861630 0.09186605 0.07693436 0.08180694 0.02897312
0.06120469 0.00597789 0.00127405 0.00562361 0.04191589 0.22806880 0.10146272 0.30745877 0.05912604 0.10045977 0.08704179 0.08091199 0.02638530
0.06007418 0.00255476 0.00157570 0.00165935 0.04250877 0.23005585 0.10835365 0.30651751 0.05927753 0.09766279 0.08073395 0.08073589 0.02701355
0.06074028 0.00228413 0.00069605 0.00105222 0.00309781 0.22977398 0.10615574 0.30591679 0.05552075 0.09452319 0.08526741 0.08281030 0.02574101
0.05975593 0.00582143 0.00068601 0.00635562 0.02087456 0.23139178 0.10444278 0.30500275 0.05651933 0.09708222 0.07917313 0.08092447 0.02451135
0.05826111 0.00492870 0.00080098 0.00373485 0.02485382 0.23082374 0.10743430 0.30460417 0.05498628 0.10044302 0.07883330 0.08002112 0.02524168
0.05469140 0.00444361 0.00109904 0.00398494 0.02954629 0.23277416 0.09647325 0.30292282 0.05582283 0.10532548 0.08307579 0.08080057 0.02444087
0.05265186 0.00225927 0.00135035 0.00114572 0.04239988 0.23331854 0.09875347 0.30393218 0.05652211 0.10206096 0.07859826 0.08211579 0.02559717
0.04886461 0.00561520 0.00087071 0.00815899 0.04613116 0.23368248 0.10411138 0.30358359 0.05695473 0.10189136 0.07425743 0.08273355 0.02544492
0.04851214 0.00674185 0.00074164 0.00607694 0.05886585 0.23499524 0.10400018 0.30517186 0.05545797 0.10001521 0.08776696 0.08290906 0.02744718
0.04858064 0.00680827 0.00078358 0.00657530 0.06259205 0.23205201 0.10327841 0.30627980 0.06160846 0.09767485 0.08414070 0.07989726 0.02781113
0.04806938 0.00688494 0.00168803 0.00815704 0.04969975 0.23679169 0.10462056 0.30790576 0.06005874 0.09357280 0.08620161 0.08327107 0.03630426
0.04823890 0.00339006 0.00069846 0.00509382 0.03216116 0.23056414 0.11119033 0.30902225 0.05894715 0.09589832 0.08148042 0.08284314 0.03716241
0.04871536 0.00775408 0.00217000 0.00755310 0.03281615 0.23278096 0.10328499 0.30925172 0.05805949 0.10130372 0.08603899 0.08360968 0.04536319
0.04863541 0.00707251 0.00087903 0.00941320 0.04519534 0.22837445 0.10822213 0.30821717 0.05783060 0.09725378 0.08249370 0.08035653 0.03392741
0.04837504 0.00760563 0.00086232 0.00861467 0.03263397 0.23012754 0.10674408 0.30771129 0.05267951 0.09702529 0.08261059 0.08037758 0.03812926
0.04903238 0.00676357 0.00084814 0.00614954 0.02847709 0.22611306 0.11196717 0.30688230 0.06522851 0.10056026 0.07944439 0.08225559 0.03023891
0.04852829 0.00425548 0.00192860 0.00103287 0.00508094 0.22744743 0.10494439 0.30467613 0.06233295 0.09333652 0.08286520 0.08612257 0.02841879
0.04914375 0.00719356 0.00116511 0.00712004 0.02202770 0.22573093 0.11044540 0.30400797 0.05843838 0.09362868 0.07951493 0.08214740 0.02788363
0.04953526 0.00311509 0.00057248 0.00305640 0.05219485 0.22772165 0.10063396 0.30267874 0.05364152 0.09503437 0.08300914 0.08217082 0.03893341
0.05044733 0.00910906 0.00067398 0.01117092 0.05411109 0.22904812 0.10868654 0.30388640 0.05389879 0.09987865 0.07853177 0.08475492 0.02879353
0.04905809 0.00545069 0.00148872 0.00301038 0.02392374 0.22796174 0.10088735 0.30354997 0.06463812 0.10291145 0.08487230 0.08450086 0.03728393
0.04958725 0.00864084 0.00113633 0.00623704 0.01330887 0.22868944 0.10998764 0.30582578 0.05925516 0.09844710 0.07960412 0.08236754 0.02794648
0.04957831 0.00867972 0.00076917 0.00768747 0.01915168 0.22629815 0.10192870 0.30611714 0.05259006 0.09450468 0.07948509 0.08231188 0.02729375
0.05003812 0.00380802 0.00147999 0.00482785 0.02278460 0.22889549 0.10609723 0.30735401 0.05409915 0.09437974 0.08261090 0.08081286 0.02720449
0.04938563 0.00714469 0.00083055 0.00878922 0.03900708 0.22308501 0.10261645 0.30662913 0.05861780 0.09235036 0.08002180 0.08307214 0.02716172
0.04919931 0.00807386 0.00080598 0.00924959 0.05333198 0.22623416 0.10613981 0.30801188 0.05550553 0.08400956 0.08199137 0.08466351 0.03037881
0.04888348 0.01299439 0.00376777 0.01468475 0.05020134 0.22348175 0.11043754 0.30721299 0.05793579 0.08854535 0.08228326 0.08248769 0.02745274
0.04879288 0.00454180 0.00253593 0.00304936 0.02921944 0.22745947 0.10357557 0.30360321 0.05467282 0.09252205 0.08355154 0.08360597 0.03297470
0.04707577 0.00480580 0.00309164 0.00532743 0.01925034 0.22485620 0.10649279 0.30506378 0.04822481 0.10008344 0.07965856 0.08468966 0.03463120
0.04795894 0.00834589 0.00102551 0.00853543 0.06381960 0.22737803 0.10790619 0.30443465 0.04563278 0.09336683 0.07320543 0.08556047 0.02904573
0.04790497 0.00791687 0.00164681 0.01071527 0.03195505 0.22492300 0.10124200 0.30154487 0.05070376 0.09171488 0.07633896 0.08012350 0.03709015
0.04809587 0.00356473 0.00227752 0.00405989 0.03283056 0.22939956 0.10587216 0.30177982 0.05314711 0.08588697 0.08312178 0.08335281 0.02552007
0.05027606 0.00282905 0.00125417 0.00172738 0.02020133 0.22755605 0.10093779 0.29949211 0.05860310 0.08042009 0.08247906 0.08238971 0.02688746
0.05236301 0.00747294 0.00145303 0.01084499 0.02869195 0.23088020 0.10475307 0.30204456 0.05423214 0.08109863 0.08316187 0.08383829 0.03077657
0.05284309 0.00363341 0.00075855 0.00544661 0.02948857 0.22854719 0.10306795 0.30031287 0.04886340 0.08897958 0.08263077 0.08206497 0.03391896
0.05280636 0.00338807 0.00146367 0.00264728 0.01715651 0.23337839 0.11067070 0.30305365 0.04575495 0.10205903 0.08084076 0.08083459 0.02578424
0.05276056 0.00382966 0.00136268 0.00228010 0.01545531 0.23059709 0.11191578 0.30388328 0.04487295 0.10007435 0.07041742 0.08379311 0.02799692
0.05183302 0.00848438 0.00088174 0.00992324 0.04664269 0.23241205 0.10372267 0.30589821 0.04483177 0.09141655 0.07620461 0.08152910 0.02933681
0.04967843 0.00927076 0.00108534 0.01307770 0.05247166 0.22818683 0.10507141 0.30607750 0.05013361 0.08430759 0.07785609 0.08444193 0.02905345
0.04705904 0.00611829 0.00072351 0.00796037 0.03508241 0.22634230 0.11243467 0.30658478 0.05864843 0.07798154 0.08230192 0.08377985 0.03906441
0.04528357 0.00328302 0.00146764 0.00365530 0.02488373 0.22855901 0.11183806 0.30867055 0.05391168 0.08175284 0.08698747 0.08293369 0.02983957
0.04591545 0.00631589 0.00106240 0.00944417 0.04016158 0.22517054 0.11507683 0.30498411 0.05557487 0.07815710 0.07687486 0.08391172 0.04037147
0.04559874 0.00794959 0.00080845 0.00840627 0.03509605 0.22666155 0.10784855 0.30622541 0.05383148 0.08315594 0.08492752 0.08371035 0.03738625
0.04506554 0.00501575 0.00071476 0.00680331 0.02588572 0.22252170 0.10973239 0.30245312 0.05420618 0.09440224 0.08136444 0.08218441 0.03952774
0.04527388 0.00353787 0.00097234 0.00194413 0.00311967 0.22773945 0.11060539 0.30129836 0.05072371 0.09440125 0.08296236 0.08358182 0.03621046
0.04533406 0.00778448 0.00052750 0.00919851 0.01192200 0.22185394 0.11163315 0.30117100 0.04888596 0.08919691 0.07788239 0.08361151 0.02962345
0.04549585 0.00908273 0.00073272 0.00893601 0.02600142 0.22615125 0.11494028 0.30103954 0.04739334 0.08279217 0.07874949 0.08435698 0.02790715
0.04695904 0.00165588 0.00432625 0.00062772 0.00094376 0.22133271 0.11197427 0.30381989 0.05149174 0.08006587 0.08047420 0.08839074 0.02928379
0.04744552 0.00309277 0.00084113 0.00096232 0.00191536 0.22503732 0.11447842 0.30374728 0.05365976 0.07542659 0.08408189 0.08294864 0.02626264
0.05214222 0.00300429 0.00071688 0.00099335 0.03573416 0.22156800 0.11836942 0.30811298 0.05273793 0.07451443 0.08040967 0.08472458 0.02943165
0.05250090 0.00435949 0.00166628 0.00801288 0.05702876 0.22931509 0.10891393 0.30762633 0.04556768 0.08515891 0.08143835 0.08974651 0.04446819
0.05168955 0.00795207 0.00130758 0.00718054 0.05240697 0.22568687 0.10869256 0.30756765 0.04759661 0.09443861 0.07485696 0.08075240 0.03014068
0.05152973 0.00504392 0.00083858 0.00679125 0.03616073 0.22499043 0.10953038 0.30594267 0.04602089 0.09344092 0.08108765 0.08408404 0.04562481
0.05121975 0.00576141 0.00080558 0.00477732 0.03380094 0.22560906 0.10630815 0.30513221 0.04499628 0.08484077 0.07901688 0.08323966 0.04712009
0.05092060 0.00478126 0.00071980 0.00403841 0.02640702 0.22575043 0.11111516 0.30501292 0.05339572 0.07605205 0.08003547 0.08344068 0.03348024
0.05011922 0.00846969 0.00124125 0.01311408 0.02524246 0.22728393 0.10870070 0.30448969 0.06275822 0.08252349 0.08203070 0.08466829 0.04336677
0.04972283 0.00561568 0.00091694 0.00909646 0.05654596 0.22779761 0.11731605 0.30413956 0.05214907 0.07861664 0.07981088 0.08463910 0.03614518
0.04578860 0.00469922 0.00297511 0.00425846 0.03737495 0.22752382 0.11488893 0.30136943 0.04765502 0.08019490 0.08001210 0.08508929 0.02823849
0.04568670 0.00482337 0.00166415 0.00718336 0.03484847 0.22756824 0.11390133 0.30020324 0.04597260 0.08898261 0.08136379 0.08502875 0.03525350
0.04549666 0.00541325 0.00118048 0.00540826 0.03849447 0.22729450 0.10448858 0.30046974 0.05174915 0.08961524 0.08582155 0.08545892 0.02903162
0.04668026 0.00985018 0.00091956 0.01367807 0.05116762 0.22767658 0.10671900 0.30205672 0.04879190 0.08605516 0.08170309 0.08308158 0.04369274
0.04740249 0.00438554 0.00438060 0.00986352 0.04879760 0.23131892 0.10719803 0.30510966 0.05056686 0.08427163 0.07625700 0.08934583 0.03089597
0.04741050 0.01057073 0.00184746 0.00868442 0.03634413 0.22676290 0.12342477 0.30555694 0.04996350 0.08725317 0.07924492 0.08371579 0.02790461
0.04771788 0.00192601 0.00064655 0.00120855 0.00468052 0.23104454 0.11611249 0.30684443 0.05537712 0.07716699 0.08437968 0.08344945 0.02747315
0.04729644 0.00293983 0.00279739 0.00033511 0.00176540 0.22258876 0.11524777 0.30623197 0.05519231 0.08150964 0.08310137 0.08181410 0.02934173
0.04660266 0.00580164 0.00086512 0.00399148 0.04277667 0.22492068 0.10685818 0.30705309 0.05863492 0.08471545 0.08391381 0.08599632 0.02947214
0.04633497 0.00968524 0.00069466 0.01180535 0.04476885 0.21914461 0.11139133 0.30632096 0.04906829 0.08976139 0.08048623 0.08489755 0.03159413
0.04532396 0.00128404 0.00224776 0.00154538 0.00114540 0.22164974 0.10886700 0.30307570 0.04859954 0.09229235 0.07719693 0.08480391 0.03766131
0.04432709 0.00332140 0.00168924 0.00214739 0.00230476 0.21905624 0.11538377 0.30447679 0.04738520 0.09617747 0.08076636 0.08662322 0.04848832
0.04403418 0.00299057 0.00137351 0.00517020 0.03530159 0.22031612 0.10953943 0.30382708 0.05134160 0.08904022 0.07947385 0.08186598 0.03808261
0.04401782 0.00343878 0.00071259 0.00703766 0.02089045 0.21971123 0.11391194 0.30343383 0.05453090 0.08406925 0.08050328 0.08451039 0.04168695
0.04437270 0.00591737 0.00114768 0.00673573 0.04204000 0.22035852 0.10714084 0.30369646 0.05636043 0.08874068 0.08275946 0.08333549 0.03941669
0.04429145 0.00423617 0.00088829 0.00540987 0.03836784 0.22159604 0.11248632 0.30340235 0.05197993 0.08496508 0.08321954 0.08626371 0.03047343
0.04358448 0.00635095 0.00080514 0.00880929 0.03747919 0.22680403 0.10682866 0.30317708 0.05084610 0.08788824 0.07980497 0.08332415 0.03007304
0.04370799 0.00519156 0.00092045 0.00630506 0.03565177 0.22534696 0.11103474 0.30488392 0.05111240 0.09000244 0.08107295 0.08364175 0.02752373
0.04507468 0.00283987 0.00140030 0.00265172 0.02312775 0.22874529 0.10978736 0.30528336 0.05256763 0.09241382 0.07865228 0.08444580 0.03125079
0.04390363 0.00276012 0.00131847 0.00098451 0.00404612 0.22701154 0.11535819 0.30652862 0.05380087 0.08768074 0.08171618 0.08407937 0.02986538
0.04365103 0.00518990 0.00121152 0.00824329 0.04380089 0.22714313 0.10874369 0.30622268 0.05717136 0.08849636 0.07811074 0.08271102 0.02830874
0.04432464 0.00372697 0.00090946 0.00124662 0.02450734 0.23085022 0.11363003 0.30775550 0.04996742 0.09060263 0.07878674 0.08120160 0.02876114
0.04423144 0.00199222 0.00178284 0.00189090 0.03654373 0.22594935 0.11177041 0.30726038 0.05093601 0.09251138 0.07738288 0.08303204 0.02853058
0.04348759 0.00436457 0.00128416 0.00315394 0.00639955 0.22916777 0.11554670 0.30801820 0.05506243 0.08839587 0.08457501 0.08347806 0.03009610
0.04375352 0.00287465 0.00119823 0.00087409 0.04015059 0.22546848 0.11870273 0.30718694 0.05279340 0.08734289 0.08334109 0.08305449 0.02951223
0.04385538 0.00687291 0.00082410 0.00697066 0.03019071 0.22697643 0.11266804 0.30712260 0.05194476 0.08749245 0.08189668 0.08368521 0.02942349
0.05050190 0.00215013 0.00394274 0.00052895 0.03086837 0.22569129 0.11144868 0.30396674 0.04996103 0.09922609 0.08501276 0.08535849 0.02827608
0.05091774 0.00229823 0.00165112 0.00029933 0.00151847 0.22542397 0.11006221 0.30110996 0.05314558 0.09882243 0.07690537 0.08486546 0.02700323
0.05429732 0.00694193 0.00111967 0.00394948 0.01907074 0.22574729 0.10615466 0.29939364 0.04901878 0.09505679 0.07994773 0.08367525 0.02671589
0.05534975 0.00304292 0.00082291 0.00200945 0.03487669 0.22875125 0.10225270 0.30101014 0.05664631 0.09142788 0.08446439 0.08300058 0.02535749
0.05422984 0.00340934 0.00086119 0.00052751 0.03473469 0.22430997 0.10631894 0.30055563 0.05565151 0.08899791 0.08275557 0.08345555 0.02628388
0.05230416 0.00279622 0.00233502 0.00320519 0.00573283 0.22971966 0.10455809 0.30206162 0.05095101 0.09792046 0.08233199 0.08251575 0.03040682
0.04983710 0.00148195 0.00195389 0.00260476 0.00320302 0.22498437 0.10830292 0.30354802 0.04861785 0.09667336 0.07944875 0.08161835 0.03277902
0.04771640 0.00760150 0.00117459 0.00831535 0.02504717 0.22734821 0.10948335 0.30608072 0.05101407 0.09520301 0.07332717 0.08130159 0.03979463
0.04626720 0.00682918 0.00109087 0.00684601 0.03348135 0.23074548 0.11097694 0.30675700 0.04514873 0.09526813 0.08397106 0.08308571 0.03072431
0.04428760 0.00437997 0.00152597 0.00492079 0.02903941 0.22926516 0.10112236 0.30608443 0.05537737 0.08452804 0.07583322 0.08344591 0.04312138
0.04296755 0.00506992 0.00109901 0.00777501 0.02758641 0.23033987 0.10474396 0.30653688 0.04914247 0.07798916 0.08475376 0.08129463 0.03580370
0.04202532 0.00133430 0.00143096 0.00181423 0.02089269 0.22821342 0.10553587 0.30426159 0.05086641 0.07449965 0.07563659 0.08272368 0.03681065
0.04177534 0.01518443 0.00087651 0.01599529 0.03293562 0.22743577 0.10269930 0.30263291 0.05770274 0.08052382 0.07927400 0.08280101 0.02570081
0.04199187 0.01058986 0.00091369 0.01206139 0.04030022 0.22673769 0.10571595 0.30146980 0.05085582 0.08867897 0.07183336 0.08169333 0.02694757
0.04208696 0.00652187 0.00076338 0.00643232 0.03669914 0.22664304 0.10186145 0.30015358 0.04335446 0.09099610 0.07676408 0.08275999 0.02702188
0.04165853 0.01132316 0.00076511 0.01218950 0.04165858 0.22600280 0.10321306 0.29987082 0.04234422 0.09327977 0.07275375 0.08174825 0.02907774
0.04055808 0.00760707 0.00099920 0.00815136 0.04387745 0.22763471 0.10453268 0.30156613 0.04141353 0.09075290 0.07782730 0.08136138 0.03703831
0.04022373 0.00371799 0.00186670 0.00594796 0.03070824 0.22651078 0.10546936 0.30361397 0.05274659 0.08682567 0.07146190 0.08350870 0.05292920
0.03962973 0.00588913 0.00377926 0.01016109 0.03684105 0.22918958 0.11038576 0.30506234 0.05258089 0.07760858 0.08197850 0.08309445 0.03948807
0.03987336 0.00625494 0.00137294 0.00881592 0.04845444 0.22687783 0.10945554 0.30691982 0.05376268 0.07254459 0.09202026 0.08305638 0.02846553
0.04010587 0.00526615 0.00120221 0.00394899 0.02464647 0.23297108 0.11683431 0.30848483 0.05168378 0.08708656 0.08322220 0.08246906 0.03665020
0.04078384 0.01356542 0.00076229 0.01468016 0.01476968 0.22793826 0.11319341 0.30906659 0.04932399 0.09396611 0.08256728 0.08239544 0.03380867
0.04074448 0.00246854 0.00069637 0.00289253 0.00476168 0.23021361 0.10999529 0.30831104 0.04869753 0.11129292 0.07888408 0.08112766 0.04246389
0.04037911 0.00162033 0.00263029 0.00349376 0.03685653 0.22928514 0.11194959 0.30908398 0.04322376 0.11616778 0.07391715 0.08244323 0.03382276
0.03953642 0.00635290 0.00131722 0.00772641 0.05863187 0.23005406 0.11849949 0.30967254 0.04806293 0.10371026 0.07740431 0.08361688 0.03053006
0.03933722 0.00587099 0.00117956 0.00429578 0.03471089 0.23185979 0.10498799 0.30908580 0.05912918 0.08973621 0.09012399 0.08474422 0.03784013
0.03940596 0.00400224 0.00123280 0.00589126 0.00697966 0.23210740 0.11034520 0.30630687 0.06254785 0.07631104 0.08070134 0.08471094 0.03263166
0.03915007 0.00252612 0.00112501 0.00208321 0.03671590 0.23580499 0.11053661 0.30434995 0.05754260 0.07767932 0.08625913 0.08407154 0.02854300
0.03905435 0.00196261 0.00077244 0.00212147 0.02240135 0.23066492 0.10947122 0.30342438 0.05417420 0.09242292 0.08206219 0.08376050 0.02615541
0.03830678 0.00290114 0.00095091 0.00386183 0.02458767 0.23329981 0.10293175 0.30233489 0.04846227 0.10379815 0.08206521 0.08220036 0.02601608
0.03743522 0.00480086 0.00082631 0.00788025 0.03005225 0.23201494 0.10657202 0.30327918 0.04297805 0.10694693 0.07414626 0.08245261 0.02827345
0.03620079 0.00202597 0.00238715 0.00348079 0.03132027 0.23171020 0.10170130 0.30454914 0.04682298 0.09331446 0.07877408 0.08532210 0.03812341
0.03594495 0.00285909 0.00142954 0.00378579 0.00514840 0.23070206 0.10955613 0.30663014 0.05836270 0.08669619 0.07846832 0.08102031 0.03905731
0.03724536 0.00358627 0.00079385 0.00421667 0.02043945 0.23176833 0.10637611 0.30706207 0.06013173 0.08254763 0.08764387 0.08310824 0.03348189
0.03859615 0.00985049 0.00077785 0.00939030 0.02902445 0.22841256 0.10621716 0.30973109 0.05722871 0.07787044 0.08167374 0.08267477 0.04141229
0.03841596 0.00325149 0.00122765 0.00350806 0.04867884 0.22979425 0.10546919 0.30936669 0.04927935 0.08804300 0.08230767 0.08212616 0.03121756
0.03822668 0.00622796 0.00104170 0.00671151 0.03725476 0.22718188 0.11076853 0.30916652 0.04906058 0.09698729 0.07514739 0.08316960 0.03792130
0.03826841 0.00250342 0.00187024 0.00133583 0.00222862 0.22628019 0.10669889 0.30803015 0.05865482 0.09931785 0.08014844 0.08088324 0.02801134
0.03777576 0.00514939 0.00108688 0.00422346 0.03492014 0.22909187 0.10952122 0.30709743 0.05037063 0.09112353 0.07316391 0.08412721 0.02616745
0.03719992 0.00675978 0.00130422 0.00616757 0.03898229 0.22483858 0.10761350 0.30702200 0.05654774 0.08462725 0.08073871 0.08203369 0.04479759
0.03375782 0.00387094 0.00087311 0.00400934 0.02892233 0.22948005 0.10603283 0.30614752 0.05417483 0.08066701 0.08618533 0.08824323 0.02768157
0.03186290 0.00236766 0.00121927 0.00261993 0.02261593 0.22671481 0.10907340 0.30367586 0.05174501 0.08788375 0.08209261 0.08195073 0.03518307
0.03139056 0.00687126 0.00102539 0.00939436 0.04349909 0.22840757 0.10643779 0.30501782 0.05272829 0.08727485 0.07684442 0.08422429 0.02621616
0.03129621 0.00297472 0.00098663 0.00466619 0.05283274 0.22673884 0.10692863 0.30379380 0.05160135 0.09462399 0.08067116 0.08469642 0.03029387
0.03089807 0.01331156 0.00084793 0.01340792 0.04849574 0.22665275 0.10578400 0.30622707 0.04943300 0.10078967 0.08336919 0.08475077 0.04838568
0.03084887 0.00542577 0.00090152 0.00505785 0.02959422 0.22772966 0.11424553 0.30758988 0.04502888 0.09830917 0.08630430 0.08409227 0.03163151
0.03024597 0.00745109 0.00075991 0.00433592 0.03323491 0.22874498 0.11793662 0.30887400 0.07141235 0.08724357 0.07570880 0.08329306 0.04689266
0.02947627 0.00310572 0.00124655 0.00233492 0.00410398 0.23048770 0.10949526 0.30834180 0.05973277 0.08739051 0.08880682 0.08241610 0.03179076
0.02994267 0.00231648 0.00229661 0.00870888 0.03174631 0.23138046 0.11520176 0.31015984 0.05455257 0.08686669 0.08060897 0.08226097 0.03209430
0.03095804 0.00245792 0.00093193 0.00255107 0.03903055 0.23102483 0.10775619 0.30927367 0.05063233 0.08902801 0.08432392 0.08426674 0.04105723
0.03274421 0.00173968 0.00410058 0.00147639 0.00145712 0.23416187 0.11143229 0.30925554 0.04803115 0.09632602 0.08270221 0.08640684 0.02782888
0.03373307 0.00719637 0.00126671 0.00305029 0.03096285 0.23140487 0.10567309 0.30650310 0.06140394 0.09634552 0.08217679 0.08295159 0.02868612
0.03477172 0.00437057 0.00076734 0.00331026 0.04259875 0.23424048 0.10813102 0.30600276 0.05900910 0.09506348 0.07593935 0.08290600 0.02632906
0.03547427 0.00236740 0.00103924 0.00032388 0.00214909 0.23162836 0.10107740 0.30421064 0.05432936 0.09302544 0.08386948 0.08167679 0.02597090
0.03587262 0.00286240 0.00082093 0.00476599 0.03089707 0.23396584 0.10131571 0.30345791 0.05548742 0.08757234 0.07608472 0.08108300 0.02321275
0.03473453 0.00458676 0.00064574 0.00449286 0.03994099 0.23457333 0.09609604 0.30294104 0.05322397 0.08235697 0.08649942 0.08147670 0.02415641
0.03309757 0.00211516 0.00068738 0.00549767 0.00318754 0.23631834 0.09994771 0.30565833 0.05734720 0.08582482 0.08004178 0.08163660 0.02908950
0.03158435 0.01211862 0.00079914 0.01193978 0.01822231 0.23217920 0.10236742 0.30503429 0.05621211 0.09130906 0.07972292 0.08094486 0.02449408
0.03017357 0.00169023 0.00222669 0.00042314 0.00156262 0.23456578 0.10057708 0.30515075 0.04986961 0.10855576 0.07851546 0.08053677 0.02539198
0.02904765 0.00127055 0.00120771 0.00050408 0.00129247 0.22967974 0.09925099 0.30713269 0.04589892 0.10718606 0.07280696 0.08254332 0.02546018
0.02754402 0.00541506 0.00095389 0.00357989 0.02500628 0.23403783 0.10297156 0.30732999 0.04791694 0.10329388 0.07545055 0.08043473 0.02578478
0.02682339 0.00386975 0.00087744 0.00201249 0.04864879 0.23357184 0.10638391 0.31039391 0.05817227 0.08977583 0.08281182 0.08215671 0.02790644
0.02700347 0.00453507 0.00099638 0.00616239 0.04337603 0.23418469 0.10549852 0.31121821 0.06129402 0.07982487 0.08856307 0.08344637 0.02660015
0.02726349 0.01238960 0.00103792 0.01155006 0.04453655 0.23410631 0.10269077 0.31083947 0.07239495 0.07814372 0.08484729 0.08315311 0.02772006
0.02843943 0.00699984 0.00122695 0.01013925 0.05086618 0.23094388 0.10382827 0.30999762 0.05808718 0.08676636 0.08264458 0.08156372 0.02728244
0.02955134 0.00683378 0.00063380 0.00914823 0.05455878 0.23182974 0.10462067 0.30797058 0.04924410 0.09735269 0.07503361 0.08192633 0.02597878
0.02981385 0.01042551 0.00062426 0.01199444 0.04577706 0.22825289 0.10341770 0.30697094 0.04808347 0.10139883 0.07599735 0.08205190 0.02662298
0.02980221 0.00600561 0.00074927 0.00836998 0.04512055 0.23048584 0.10336322 0.30568765 0.05530832 0.10332823 0.07775421 0.08224505 0.04724904
0.02940012 0.00959079 0.00128261 0.01143973 0.03500473 0.22735335 0.10684949 0.30507013 0.05739600 0.09382480 0.08748252 0.08328199 0.02882638
0.02830938 0.00662087 0.00103320 0.00923583 0.03350350 0.22815089 0.10624886 0.30518126 0.05668128 0.08873100 0.08181453 0.08559807 0.05121836
0.02675338 0.01032198 0.00119520 0.01125080 0.02934508 0.22830526 0.11111122 0.30660386 0.05294660 0.08259148 0.08811485 0.08379211 0.02678246
0.02488019 0.00621228 0.00113747 0.00497265 0.03889482 0.23237321 0.10476656 0.30862946 0.06270613 0.08723459 0.07971160 0.08047699 0.03803316
0.02415097 0.00649849 0.00067515 0.00559864 0.03952651 0.23118201 0.10437408 0.31021001 0.06055202 0.09433539 0.08730221 0.08229402 0.02934890
0.02436728 0.00602011 0.00111929 0.00370962 0.02019477 0.23211279 0.10750927 0.30996317 0.05809817 0.10408257 0.07781424 0.07877077 0.02791866
0.02710274 0.00268876 0.00155457 0.00198744 0.00369394 0.23105622 0.10617674 0.31079314 0.06000936 0.10854168 0.08300249 0.08259891 0.02729514
0.03021516 0.00664733 0.00101739 0.00654492 0.01223680 0.23260543 0.10590200 0.31103867 0.05240841 0.11108904 0.08026268 0.08208863 0.02722251
0.03218162 0.00424955 0.00131252 0.00760525 0.02599946 0.23331595 0.10694015 0.31226984 0.05445925 0.10226039 0.08537770 0.08246057 0.04392068
0.03297551 0.00393593 0.00136377 0.00412312 0.02278332 0.23420259 0.10175278 0.31008034 0.06850144 0.09703375 0.08527925 0.08208481 0.02699202
0.03349058 0.00706198 0.00122272 0.00683115 0.03441738 0.23565950 0.09931294 0.31064604 0.06339229 0.08993564 0.08660965 0.08483587 0.03702197
0.03415665 0.00384546 0.00102880 0.00496164 0.03300339 0.23292636 0.09709269 0.30788844 0.06137055 0.09333660 0.08498454 0.08168331 0.04696920
0.03421652 0.00409422 0.00147312 0.00353651 0.00607334 0.23895506 0.09973464 0.30657621 0.06424127 0.10126827 0.07924548 0.08154722 0.02865910
0.03313582 0.00667687 0.00175574 0.01072610 0.04899570 0.23279393 0.09368711 0.30567130 0.05982698 0.10874636 0.07967932 0.08516144 0.03338131
0.03204114 0.00405166 0.00196488 0.00384741 0.03139070 0.23637417 0.09406862 0.30528620 0.05125753 0.11201298 0.07761934 0.08254499 0.02737077
0.03089680 0.00275988 0.00241606 0.00051401 0.00142682 0.23354153 0.09851424 0.30523206 0.05637441 0.10938729 0.08261601 0.08467519 0.02516872
0.03043390 0.00614137 0.00134662 0.00499381 0.04177319 0.23344625 0.10567744 0.30639868 0.05770876 0.10321202 0.07428258 0.08433147 0.02718226
0.03118275 0.00486614 0.00107291 0.00639582 0.05406353 0.23435300 0.10142272 0.30681461 0.05305676 0.09613146 0.08996656 0.08314775 0.02642008
0.03214434 0.01242301 0.00093218 0.01398746 0.04428610 0.23596555 0.11340833 0.31109736 0.06451210 0.09241828 0.08521615 0.08249539 0.04185024
0.03274151 0.00468319 0.00118447 0.00598640 0.03814359 0.23176635 0.11137558 0.31114809 0.05921504 0.09920383 0.09077025 0.08494012 0.02779479
0.03211544 0.01039461 0.00099491 0.01229691 0.04775758 0.23383392 0.10300767 0.31217181 0.05990138 0.10186976 0.08320090 0.08189216 0.02672468
0.03043506 0.00687856 0.00098575 0.01044924 0.05408044 0.22849149 0.10459881 0.31141875 0.07161402 0.09787565 0.08189818 0.08047853 0.02717326
0.02954472 0.00351805 0.00106509 0.00364289 0.05837829 0.23294555 0.10482894 0.31189778 0.06079616 0.09908959 0.08035557 0.08284151 0.02678045
0.02866839 0.00430970 0.00085341 0.00625650 0.05787484 0.22995028 0.10952996 0.30974302 0.05088110 0.10107849 0.08346249 0.08209559 0.02666516
0.02770952 0.00823571 0.00117616 0.00825024 0.04077955 0.23073336 0.10891585 0.30888921 0.05670495 0.10759849 0.07841348 0.08290651 0.02621253
0.02642249 0.00556187 0.00110641 0.00574784 0.04348096 0.22915661 0.10646178 0.30709099 0.05479729 0.10447539 0.08683107 0.08294612 0.02544435
0.02615729 0.00642168 0.00094590 0.00586167 0.06307300 0.22998596 0.10767183 0.30521602 0.05960566 0.09685882 0.08156779 0.08124876 0.02819289
0.02594088 0.01322061 0.00089632 0.01519452 0.05698548 0.23215955 0.10714660 0.30617952 0.06144053 0.09061191 0.08881255 0.08389651 0.02688556
0.02595034 0.00411379 0.00143966 0.00563638 0.05132072 0.23061808 0.10856658 0.30589384 0.06180644 0.09800542 0.08942968 0.08439041 0.03697236
0.02429450 0.00618331 0.00110678 0.00574899 0.04800660 0.23172501 0.11572959 0.30766588 0.06130851 0.09502798 0.08755463 0.08400338 0.02760303
0.02512448 0.00762075 0.00073825 0.00685320 0.04506100 0.23035958 0.10508014 0.30701723 0.05737523 0.09829448 0.08122449 0.08172255 0.02710789
0.02600296 0.00399213 0.00064945 0.00424548 0.03826864 0.23064742 0.09932428 0.30777873 0.05426513 0.10444566 0.09017789 0.08139579 0.02980440
0.02593014 0.00782183 0.00094619 0.00802123 0.04576135 0.23224854 0.10312824 0.30850847 0.05894058 0.10607714 0.07527835 0.08199022 0.03121735
0.02619947 0.00835463 0.00262038 0.00595545 0.03768421 0.23702664 0.10723512 0.30895989 0.05017396 0.09950524 0.07779396 0.08208557 0.03159085
0.02547496 0.00808024 0.00150804 0.01215536 0.02874898 0.23599910 0.09928668 0.30989118 0.06491277 0.09683688 0.08058594 0.08119740 0.04066493
0.02642834 0.01370556 0.00148682 0.01332450 0.03596500 0.23748995 0.10880217 0.30773841 0.05534853 0.09516531 0.06997930 0.08241921 0.02575807
0.02795146 0.00721428 0.00069555 0.00838012 0.02640824 0.23588924 0.10124759 0.30791368 0.05794936 0.08891454 0.08509438 0.08206103 0.03312638
0.02879145 0.00245821 0.00127163 0.00521590 0.02672098 0.23831149 0.09828065 0.30665745 0.05595371 0.08244870 0.08119433 0.08055665 0.02613000
0.02844525 0.00207838 0.00072566 0.00133468 0.01699884 0.23767393 0.10046016 0.30468224 0.05854563 0.08156596 0.07760574 0.07933685 0.02632755
0.02827272 0.00163626 0.00080321 0.00280406 0.00379594 0.23608557 0.10101605 0.30499312 0.05691047 0.09075212 0.07914774 0.07969616 0.03047843
0.02792351 0.00191787 0.00065895 0.00145427 0.03788038 0.23709120 0.10535239 0.30401006 0.05534535 0.08908589 0.07417260 0.08103310 0.02573467
0.02708748 0.00278545 0.00110287 0.00370880 0.03330353 0.23465560 0.10890718 0.30329958 0.04703127 0.09447411 0.07097564 0.08131555 0.02408826
0.02632223 0.01300782 0.00081881 0.01383387 0.02419833 0.23557598 0.09716298 0.30322363 0.05167489 0.09530778 0.07982767 0.08150245 0.02808533
0.02522018 0.00480770 0.00072211 0.00173625 0.02457412 0.23451089 0.10919877 0.30497154 0.05849236 0.08885062 0.07640992 0.08248368 0.03169796
0.02409153 0.00425881 0.00075543 0.00057897 0.00237723 0.23251736 0.11059507 0.30505854 0.05473788 0.08516010 0.08820759 0.08273554 0.02790455
0.02317153 0.00922384 0.00070878 0.01083189 0.03719405 0.23322814 0.11233208 0.30797002 0.05771967 0.07673729 0.07621466 0.08351917 0.02650524
0.02194138 0.00877285 0.00062849 0.00831819 0.03528489 0.23112835 0.10721927 0.30744600 0.05301847 0.08035698 0.08231399 0.08161943 0.02702754
0.02195983 0.00356512 0.00309707 0.00170290 0.04914894 0.22975847 0.11007298 0.30984444 0.04614456 0.09048594 0.08427240 0.07989361 0.03099361
0.02324073 0.00924122 0.00388464 0.01053513 0.04719670 0.22745896 0.10549891 0.31024085 0.06189100 0.09362081 0.08071061 0.08235895 0.02986325
0.02604632 0.00824389 0.00174809 0.00875393 0.05940176 0.22667285 0.11827755 0.31078267 0.06418643 0.09848364 0.07023213 0.08185201 0.02858834
0.02764368 0.00998394 0.00152234 0.01200294 0.06225426 0.22619684 0.11464400 0.31164363 0.05712968 0.10020233 0.07530142 0.08403805 0.03858096
0.02753467 0.00566044 0.00092217 0.00633197 0.05874538 0.22475961 0.10465407 0.30859335 0.05629443 0.08962483 0.08274655 0.08515783 0.04855542
0.02748949 0.00795885 0.00064728 0.01058198 0.05598376 0.22805530 0.10185130 0.30612722 0.06068967 0.08067303 0.08175431 0.08339584 0.03377307
0.02728477 0.01198796 0.00110173 0.00943488 0.03821613 0.22710491 0.10316493 0.30489673 0.06024763 0.07888347 0.09127936 0.08573130 0.04574735
0.02717560 0.01264795 0.00149329 0.01380322 0.04246195 0.23194442 0.11648139 0.30447388 0.06218482 0.08555712 0.07764042 0.08340211 0.02693451
0.02591353 0.00352489 0.00120636 0.00619579 0.04598624 0.23238654 0.10688588 0.30369660 0.05475493 0.09286695 0.07318201 0.08514155 0.06063332
0.02359881 0.00879378 0.00083585 0.01015662 0.02818545 0.23492596 0.10292773 0.30416254 0.04865551 0.10175695 0.08182966 0.08165518 0.02891132
0.02407193 0.00588749 0.00072170 0.01039047 0.02108500 0.23429547 0.10201466 0.30421880 0.05476998 0.10136072 0.07496282 0.08047934 0.03125710
0.02304525 0.00475307 0.00092954 0.00360609 0.04208723 0.23893760 0.10349080 0.30740620 0.05820748 0.09561826 0.06989015 0.08301534 0.03579233
0.02221421 0.01227769 0.00219959 0.01422615 0.02600875 0.23889629 0.09961965 0.30769402 0.05295063 0.08622839 0.08370838 0.08405393 0.02993795
0.02356261 0.00489171 0.00226458 0.00290301 0.05580084 0.23663296 0.10579150 0.30860305 0.06160088 0.08581216 0.07638429 0.08291653 0.02673949
0.02598400 0.00433795 0.00155742 0.00223939 0.02616418 0.24139107 0.10296205 0.31003348 0.05735425 0.08449072 0.08917511 0.08124711 0.02745599
0.02901963 0.00648481 0.00095231 0.00619109 0.04559896 0.23799504 0.10478512 0.31058450 0.05375850 0.08869306 0.07958301 0.08027033 0.02766619
0.03145289 0.00347344 0.00073845 0.00171110 0.04971495 0.23774951 0.10994335 0.30857261 0.05396970 0.09533442 0.07734108 0.08063561 0.02877175
0.03139502 0.00718689 0.00067469 0.00735501 0.04204565 0.23399063 0.11626093 0.31024638 0.05560535 0.10310959 0.07362451 0.07991641 0.02785309
0.03028316 0.00668464 0.00142426 0.00705066 0.05211913 0.23429546 0.10633793 0.30807526 0.04658744 0.10670003 0.07873177 0.08101526 0.02785640
0.02894362 0.00656746 0.00109372 0.00479853 0.04168396 0.23175957 0.11256258 0.30988024 0.05740248 0.10346983 0.07074605 0.08292044 0.02811886
0.02805362 0.00609210 0.00127513 0.00542821 0.03567525 0.23133955 0.10077177 0.30678671 0.05276210 0.09786268 0.09301071 0.08494335 0.03236459
0.02623426 0.00245899 0.00178704 0.00442905 0.01237376 0.22777736 0.10937733 0.30808651 0.06062790 0.09243201 0.08191301 0.08501523 0.05094382
0.02551835 0.00260265 0.00187911 0.00222046 0.03021571 0.22710014 0.10736995 0.30718273 0.06078625 0.09487705 0.09388146 0.08310420 0.03269391
0.02436883 0.00520732 0.00123381 0.00686810 0.03404512 0.22671005 0.11309830 0.30809319 0.06519144 0.08905903 0.08595550 0.08622198 0.02970019
0.02399722 0.00762636 0.00066895 0.00788388 0.06055515 0.22451554 0.10809609 0.30960814 0.05793349 0.09663089 0.08289991 0.08266160 0.03178057
0.02392013 0.00968932 0.00064181 0.00961903 0.05335654 0.22780481 0.10991311 0.31097245 0.05166255 0.10824005 0.07793491 0.08158904 0.03204127
0.02382576 0.00752864 0.00068720 0.00896879 0.05311296 0.22763596 0.10733901 0.31044409 0.04732492 0.11507752 0.07942038 0.07976747 0.03335819
0.02381505 0.00667438 0.00077035 0.00810918 0.05375349 0.23240606 0.11058425 0.31214710 0.05186971 0.10840634 0.07613487 0.08137974 0.02787300
0.02379509 0.00480965 0.00135443 0.00181084 0.04004376 0.23330665 0.10762840 0.31216136 0.05511130 0.09867679 0.08647263 0.08132894 0.03178635
0.02590529 0.00718460 0.00079141 0.00686078 0.04659339 0.23458795 0.11486325 0.31374678 0.05701831 0.09338938 0.08444467 0.08236992 0.03012202
0.02826932 0.00493404 0.00080918 0.00457794 0.03288355 0.23453618 0.10944333 0.31051706 0.06179667 0.09125799 0.08937609 0.08086991 0.04403032
0.02833786 0.00284430 0.00066279 0.00348880 0.00749724 0.23688050 0.10977015 0.31072952 0.06128695 0.08671490 0.08577738 0.08255810 0.03653961
0.02810577 0.00824834 0.00097896 0.00950813 0.01192992 0.23659207 0.10049084 0.30862709 0.06077944 0.09685558 0.08967273 0.08092515 0.03061043
0.02873879 0.00238125 0.00086284 0.00274213 0.00483231 0.23836571 0.10168981 0.30895865 0.05960540 0.10547329 0.07611421 0.08196147 0.03100487
0.02910585 0.00313885 0.00080679 0.00132478 0.00444348 0.23885724 0.09765788 0.30721687 0.05512894 0.11323337 0.08256779 0.08033172 0.03315797
0.02771625 0.00368605 0.00070892 0.00177558 0.00426822 0.23821617 0.10360696 0.30891330 0.05508925 0.11063205 0.08718247 0.08131310 0.02481309
0.02555015 0.00695443 0.00075722 0.00791214 0.01661171 0.23710339 0.09975679 0.30906292 0.06003972 0.10571377 0.08532478 0.08201025 0.02819081
0.02200479 0.00842117 0.00126784 0.00831522 0.02977122 0.23824324 0.09824187 0.30946353 0.06160476 0.09649390 0.08436219 0.08314657 0.02649214
0.02167452 0.00382018 0.00123857 0.00562780 0.01971486 0.23794309 0.10083032 0.31054652 0.05993487 0.08551524 0.09493296 0.08328751 0.02698030
0.02184936 0.00419813 0.00080535 0.00459140 0.05784095 0.23995189 0.10410489 0.31244941 0.06563811 0.08163046 0.08746092 0.08240783 0.02517401
0.02117895 0.00417553 0.00275529 0.00385853 0.05176045 0.23865092 0.10164166 0.31205440 0.06365007 0.09488763 0.08456251 0.08192852 0.03562305
0.02097082 0.00340743 0.00146879 0.00706890 0.04494878 0.23868946 0.11283196 0.31340149 0.05494120 0.10861349 0.07804948 0.08142043 0.03246056
0.02239107 0.00466348 0.00194275 0.00617289 0.03564775 0.23718872 0.11695534 0.31362341 0.04908260 0.10919005 0.08188349 0.08119737 0.04188637
0.02543818 0.00441085 0.00128791 0.00542858 0.03293725 0.23636280 0.10813786 0.31226895 0.04682338 0.11158372 0.07609820 0.07804188 0.02966771
0.02574697 0.00590515 0.00190966 0.00849779 0.04660152 0.23207514 0.10668999 0.31159055 0.05043357 0.10557966 0.07931863 0.08315056 0.03317730
0.02647343 0.00962818 0.00106413 0.00778120 0.04661320 0.23096205 0.10374951 0.30994376 0.07038466 0.09643602 0.08599174 0.08515249 0.02809935
0.02768589 0.01316241 0.00184429 0.01353782 0.03695677 0.23437664 0.11022570 0.31143810 0.06301479 0.08303201 0.08265751 0.09147058 0.02847415
0.02982357 0.00591645 0.00131089 0.00414096 0.04410723 0.23010507 0.10862919 0.30905044 0.06741512 0.07608751 0.08367552 0.08357958 0.02724666
0.03109567 0.00997215 0.00118800 0.01142130 0.03730417 0.23342736 0.10557294 0.30930701 0.06354291 0.08376788 0.09454592 0.08662643 0.02756281
0.03276671 0.00430350 0.00130293 0.00533259 0.02572032 0.23080892 0.10489416 0.31005467 0.06475922 0.09802273 0.07704856 0.08062984 0.03750778
0.03346430 0.00812289 0.00093867 0.00909701 0.03654594 0.23211491 0.10236595 0.31147767 0.04767698 0.10546199 0.07923256 0.08306005 0.03098703
0.03286396 0.00560330 0.00168322 0.00643836 0.03789706 0.23319849 0.11059284 0.31382403 0.04668999 0.11182227 0.07540847 0.08121811 0.03996589
0.03205798 0.00586772 0.00193297 0.00640835 0.03181330 0.23455276 0.11518776 0.31373533 0.06457738 0.10945611 0.07650393 0.08072591 0.04140480
0.03173489 0.00823364 0.00122057 0.01096738 0.01415865 0.23677782 0.11041298 0.31611575 0.06019099 0.09601862 0.08717088 0.08150833 0.04267370
0.03163937 0.00257381 0.00234252 0.00569067 0.03327094 0.23459176 0.10995977 0.31500901 0.06603498 0.07952145 0.09017808 0.08713300 0.03623496
0.03089981 0.00298446 0.00377565 0.00244832 0.00406099 0.23560168 0.11035460 0.31219197 0.07063612 0.07794415 0.08454019 0.08652208 0.04441363
0.03116473 0.00636897 0.00407408 0.00759023 0.04609863 0.23588439 0.11092700 0.31243297 0.05794726 0.08505613 0.08841012 0.08606262 0.04071389
0.03357554 0.00829702 0.00196974 0.00962473 0.05040258 0.23643956 0.10308063 0.30964749 0.04992726 0.09508751 0.08193806 0.08446044 0.03163749
0.03567430 0.00664877 0.00117886 0.00782463 0.03600858 0.23928373 0.10880222 0.30777341 0.04970679 0.10059991 0.06864962 0.08380348 0.04595485
0.03613479 0.00614981 0.00105864 0.00821658 0.03532220 0.23828538 0.09991929 0.30730438 0.05337025 0.09895531 0.08345721 0.08375617 0.03503873
0.03600164 0.00683939 0.00090368 0.00741636 0.04081970 0.24339562 0.10359707 0.30830227 0.05441136 0.08970528 0.07443505 0.08230035 0.03504373
0.03492867 0.00392485 0.00076428 0.00588682 0.04322552 0.24630413 0.09899413 0.30931978 0.05585300 0.07821020 0.07929891 0.08073094 0.02717093
0.03316520 0.01011226 0.00083974 0.01077181 0.05519148 0.24383786 0.10096312 0.30856850 0.05266017 0.07477821 0.08106325 0.08113345 0.03304695
0.03078706 0.00825735 0.00102139 0.00772107 0.04725277 0.24837868 0.10246245 0.30982271 0.05807978 0.07958539 0.07668961 0.08303292 0.02754524
0.02725159 0.00774679 0.00141696 0.00443600 0.04216037 0.24209805 0.10782893 0.31001053 0.06387196 0.09531000 0.07034634 0.08051993 0.02661515
0.02494661 0.00804632 0.00137554 0.00813403 0.02684354 0.24423603 0.10048150 0.31003284 0.05328877 0.09678056 0.07901155 0.08125807 0.02707231
0.02270586 0.00173246 0.00169051 0.00060317 0.00124537 0.24004040 0.11336532 0.30952067 0.04792498 0.09169287 0.07168896 0.07982166 0.02681773
0.02281118 0.00300481 0.00129744 0.00068146 0.00318927 0.23736702 0.10006001 0.31011552 0.05539716 0.09311001 0.08434714 0.08163542 0.02711545
0.02439874 0.00546538 0.00173906 0.00582413 0.03412204 0.23904159 0.10913018 0.31228039 0.06051560 0.08151047 0.07869816 0.08231910 0.02794610
0.02557999 0.00381672 0.00076425 0.00360036 0.03186475 0.23456880 0.10311355 0.31008677 0.07145781 0.07361275 0.08041423 0.08008146 0.03866423
0.02598772 0.00330180 0.00099965 0.00264425 0.00218445 0.23777178 0.11064366 0.31213940 0.06039252 0.07961220 0.08721750 0.08276606 0.03171431
0.02524573 0.00230291 0.00067916 0.00320582 0.00573619 0.23478567 0.10828977 0.31048251 0.04992564 0.09120895 0.08637578 0.08194827 0.03699719
0.02429920 0.00910476 0.00070024 0.00934987 0.02930708 0.23514570 0.11417900 0.30987236 0.05075924 0.09624779 0.07595426 0.08258815 0.03110833
0.02385910 0.00724830 0.00061355 0.00862623 0.04771663 0.23330213 0.10470658 0.30883484 0.04863460 0.10718800 0.07767233 0.08057391 0.02869987
0.02297864 0.00181004 0.00217775 0.00045930 0.00137690 0.23466958 0.10943311 0.30782927 0.04721415 0.10894039 0.07470534 0.08161160 0.02842823
0.02644043 0.00148813 0.00147505 0.00049227 0.00090880 0.23253537 0.11105195 0.30816138 0.05692662 0.08636885 0.08272080 0.08082411 0.02664328
0.02614819 0.00648905 0.00368156 0.00416582 0.01801242 0.23761255 0.10822605 0.31015167 0.05898923 0.06785295 0.08635633 0.08676577 0.03685463
0.02965411 0.00143573 0.00118567 0.00379706 0.00445720 0.23156280 0.11174416 0.30800054 0.05922387 0.06805817 0.08688692 0.08179609 0.02673711
0.03131797 0.00158623 0.00132918 0.00026490 0.00083714 0.23710417 0.10574380 0.31098233 0.05938934 0.08031358 0.08164555 0.08114025 0.02755802
0.03387031 0.00381898 0.00128205 0.00413316 0.03070196 0.23459574 0.10662708 0.30995527 0.04979964 0.09619462 0.08054650 0.07985525 0.03707805
0.03547876 0.00681311 0.00216219 0.00115190 0.00483293 0.23951384 0.10616237 0.31028853 0.05252237 0.10606534 0.07247891 0.08316724 0.02797691
0.03708458 0.00281985 0.00204301 0.00029386 0.00329778 0.23761099 0.10759605 0.30877453 0.04526737 0.10884391 0.07150811 0.07953366 0.02756286
0.03900035 0.00443406 0.00098795 0.00664490 0.02525832 0.24374047 0.10601537 0.30833268 0.04872628 0.09968755 0.07316816 0.08280809 0.02783418
0.04109900 0.00639076 0.00069751 0.00664387 0.03809482 0.24208017 0.10859472 0.30750558 0.05580923 0.08581622 0.08146754 0.08130604 0.02673483
0.04105298 0.00564099 0.00074784 0.00537974 0.05752292 0.24713143 0.10375121 0.30696441 0.05764359 0.07425040 0.08437709 0.08176473 0.02701160
0.03955066 0.00977692 0.00135722 0.00952599 0.01942477 0.24708295 0.10040179 0.30754775 0.06636967 0.06977741 0.08307592 0.08166516 0.02519695
0.03825364 0.00565727 0.00097480 0.00188083 0.00549930 0.24851143 0.09651731 0.30686183 0.07518380 0.09128411 0.07475879 0.08072512 0.02466589
0.03558909 0.00340657 0.00164032 0.00071085 0.03592032 0.24702269 0.09325533 0.30612757 0.05098929 0.10293829 0.07386398 0.08126710 0.02363815
0.03326135 0.00272513 0.00129693 0.00189003 0.03044901 0.24623831 0.09966519 0.30747607 0.04705063 0.10167264 0.06727906 0.08084759 0.02428492
0.02969161 0.00379516 0.00176965 0.00621965 0.05479791 0.24890624 0.10130241 0.30954067 0.04138557 0.09918645 0.07938223 0.08130869 0.03964283
0.02837515 0.00487445 0.00139730 0.00781189 0.02854700 0.24384715 0.10839504 0.31037790 0.05455917 0.08541492 0.07274994 0.08075470 0.03393361
0.02676607 0.00371770 0.00106093 0.00465996 0.00569985 0.24666569 0.11468396 0.31085763 0.05777760 0.07191590 0.08385371 0.08122405 0.04272842
0.02630408 0.00291674 0.00090714 0.00406229 0.00462956 0.23970005 0.10967492 0.31138340 0.05795166 0.06848764 0.08724144 0.08127276 0.03875803
0.02528391 0.00734957 0.00103658 0.00495272 0.04054349 0.23991091 0.11196858 0.31173164 0.05540150 0.07598836 0.07764550 0.08118339 0.04201630
0.02620878 0.00419663 0.00137389 0.00479248 0.03745882 0.23498002 0.10415200 0.30951113 0.04713552 0.08996970 0.08165301 0.07985524 0.03461664
0.02663132 0.00353767 0.00073038 0.00348971 0.03013873 0.23528245 0.11114255 0.31052756 0.04978326 0.09749187 0.06948100 0.07877988 0.03857521
0.02625810 0.00429342 0.00127886 0.00282097 0.00410789 0.23560588 0.10786589 0.30975841 0.05107245 0.09858761 0.07875860 0.08222253 0.03737385
0.02600903 0.00306977 0.00101116 0.00464015 0.02789039 0.23106897 0.11398065 0.30944677 0.04908099 0.09372078 0.07591907 0.08091585 0.03762744
0.02605215 0.00296609 0.00073438 0.00218299 0.04890041 0.23324200 0.10731361 0.30897121 0.05230952 0.08259803 0.07992795 0.08162498 0.02863131
0.02555220 0.00604442 0.00082072 0.00449797 0.04833400 0.23191146 0.11136157 0.30836171 0.05799176 0.07563545 0.07903487 0.07940390 0.02652183
0.02506130 0.00255148 0.00129472 0.00272570 0.00616224 0.23277803 0.09995162 0.30851435 0.05582563 0.08310645 0.08638893 0.08127619 0.03299037
0.02526144 0.00356100 0.00076663 0.00412377 0.02283991 0.23470831 0.11001788 0.30907963 0.05822757 0.08693636 0.07533347 0.08062876 0.02730102
0.02520108 0.00331271 0.00066363 0.00319555 0.02607924 0.23413993 0.10392438 0.30945627 0.05250392 0.09568654 0.07793866 0.08046053 0.04094760
0.02475010 0.00771374 0.00391800 0.00966423 0.04995412 0.23678964 0.10549910 0.31050313 0.04907633 0.11326190 0.06688632 0.08038176 0.02483016
0.02346961 0.00608953 0.00143578 0.00484253 0.02243731 0.23765954 0.09779863 0.31104944 0.05606940 0.10816168 0.07733106 0.07981276 0.02659352
0.02346381 0.00324411 0.00115268 0.00343768 0.02312964 0.24186755 0.11219234 0.31128120 0.05122588 0.09255073 0.07324092 0.08027654 0.02877469
0.02567608 0.00312727 0.00073014 0.00668400 0.02538429 0.24369018 0.10088214 0.31043284 0.05455794 0.08305921 0.08231232 0.08191397 0.02996278
0.02775409 0.00682790 0.00074495 0.00218424 0.00577483 0.24776200 0.11311241 0.31082536 0.06538720 0.07947501 0.08017662 0.07987969 0.03568228
0.02843744 0.00368606 0.00088597 0.00263576 0.00608391 0.24789053 0.10487575 0.30850307 0.06342138 0.07849404 0.08741413 0.08151340 0.03324264
0.02959135 0.00269917 0.00077754 0.00479328 0.00223264 0.25335930 0.10354542 0.30871693 0.05540778 0.08340815 0.07992972 0.08031394 0.03056051
0.02960437 0.00312488 0.00058288 0.00262470 0.00482117 0.25045826 0.10487756 0.30682389 0.05474812 0.08860020 0.07511557 0.08045298 0.03918195
0.02995963 0.01197463 0.00385210 0.01406504 0.04266877 0.25159963 0.10622111 0.30664974 0.05699257 0.09127907 0.07351025 0.08395988 0.02484839
0.02924053 0.00761209 0.00115208 0.00663904 0.03319383 0.25012918 0.09881129 0.30480335 0.04548777 0.09692393 0.07366691 0.07800771 0.02881671
0.03105280 0.00374277 0.00083784 0.00525730 0.02887163 0.24899429 0.10955238 0.30637798 0.04456231 0.09758649 0.07385691 0.08377387 0.02467787
0.03222643 0.00800982 0.00158882 0.00802280 0.03829022 0.24790186 0.09822012 0.30672877 0.04453274 0.09173020 0.07939193 0.07995844 0.02815256
0.03181700 0.00502717 0.00083268 0.00517331 0.03663959 0.24553103 0.10545796 0.30806822 0.05347296 0.07759711 0.07062877 0.08150236 0.02530581
0.03091205 0.00728594 0.00082283 0.00627140 0.03500167 0.24365911 0.09863902 0.31029543 0.06476122 0.06603837 0.08882856 0.07901691 0.02636058
0.03099347 0.00559659 0.00088617 0.00295339 0.02609760 0.24322377 0.10407481 0.31072694 0.06408631 0.06939676 0.08105272 0.08093774 0.02928990
0.03099348 0.00348568 0.00365773 0.00294186 0.02498423 0.23930744 0.10889261 0.31111274 0.04843922 0.08078066 0.07889076 0.08228543 0.02719595
0.03016986 0.00660865 0.00162087 0.00838823 0.01496155 0.24164645 0.10654928 0.31123569 0.03887173 0.09411423 0.07084174 0.07937314 0.02593508
0.03208468 0.00806576 0.00143677 0.00728492 0.02079601 0.23892514 0.10524207 0.30933913 0.03567296 0.10127231 0.07105111 0.07635742 0.02657833
0.03253264 0.00511397 0.00125252 0.00575925 0.03318919 0.24002815 0.10320483 0.31058029 0.04277135 0.09260264 0.07148799 0.07844695 0.02613731
0.03088419 0.00458414 0.00146639 0.00658247 0.03890084 0.23690488 0.10077335 0.30957333 0.05177951 0.07727633 0.07939788 0.07917582 0.02665511
0.03240009 0.00233446 0.00152727 0.00031105 0.00141803 0.23928488 0.10433274 0.30796624 0.05790743 0.06455269 0.07485608 0.08467749 0.02555478
0.03665272 0.00195128 0.00100019 0.00047919 0.00203220 0.23224171 0.10176711 0.30635037 0.05513734 0.06700938 0.08780382 0.07823532 0.02493542
0.03930237 0.00226784 0.00130438 0.00209223 0.03744996 0.23609516 0.11340023 0.30702616 0.05691125 0.07302023 0.07296674 0.08067614 0.02463967
0.03911369 0.01106536 0.00191203 0.01286486 0.04774105 0.23093360 0.10271283 0.30573479 0.04747715 0.08344278 0.07376368 0.08077831 0.02718846
0.03842778 0.00402887 0.00111820 0.00179967 0.03252736 0.23378482 0.10266486 0.30753058 0.04378393 0.09250956 0.07271895 0.08078794 0.02894673
0.05374369 0.00566730 0.00144965 0.00642529 0.04215270 0.23519848 0.10329219 0.30781746 0.04031438 0.10606189 0.07051584 0.07916304 0.02775702
0.05343339 0.00925963 0.00169277 0.00994559 0.03787356 0.23565668 0.10727263 0.30908266 0.04307091 0.10212945 0.07061317 0.07875548 0.03919709
0.05150170 0.01144788 0.00196996 0.01242392 0.04567360 0.23824623 0.11300322 0.31178515 0.04924513 0.08335034 0.07716832 0.08628616 0.02925025
0.04998672 0.00883869 0.00301223 0.00943970 0.06464039 0.23920846 0.11064608 0.31153535 0.06108702 0.07249734 0.08425617 0.08392814 0.04881114
0.04846401 0.00380080 0.00216641 0.00368305 0.02520621 0.24229528 0.10866560 0.31007240 0.06139156 0.06304522 0.08477638 0.08539975 0.03526018
0.04862839 0.00794500 0.00164156 0.00832616 0.02670946 0.24429943 0.10963835 0.30972431 0.05169028 0.07028927 0.07745489 0.07970904 0.03821444
0.04828999 0.00248953 0.00106463 0.00541256 0.02995897 0.24590723 0.10277073 0.30828220 0.04509974 0.08473313 0.08040008 0.08014455 0.03381931
0.03276501 0.00838455 0.00133899 0.00606631 0.04311554 0.24668491 0.11337072 0.30764144 0.05407621 0.09386230 0.06852899 0.08271464 0.03824956
0.03331712 0.00523868 0.00116622 0.00542712 0.01785750 0.24642731 0.11005599 0.30774672 0.06062830 0.09520228 0.07583561 0.08321436 0.03576342
0.03449889 0.01277400 0.00087309 0.01568450 0.04667684 0.24226256 0.11078740 0.30534779 0.04740621 0.08592785 0.06860287 0.07944899 0.04397640
0.03463295 0.01034818 0.00067261 0.00942683 0.05539323 0.24261740 0.10340531 0.30673599 0.05241926 0.08113688 0.08331793 0.08334121 0.03883358
0.03328851 0.00799699 0.00068144 0.01088783 0.05267453 0.23970446 0.10613230 0.30629257 0.06608976 0.07585164 0.08079639 0.08366865 0.04592364
0.03149129 0.00573123 0.00080723 0.00569009 0.03549246 0.24179463 0.10992544 0.30635492 0.06136413 0.06932408 0.08213203 0.08471494 0.03770400
0.02952643 0.00368695 0.00095983 0.00517664 0.04252746 0.23710081 0.10840216 0.30639864 0.05661791 0.07539525 0.07998939 0.08203309 0.05148520
0.02728749 0.01028065 0.00101094 0.01173571 0.04741530 0.23813895 0.10880125 0.30778754 0.05376321 0.08193816 0.07570399 0.08162748 0.03633831
0.02545532 0.00932408 0.00142558 0.01039689 0.02165258 0.23314321 0.10415149 0.30767691 0.04252638 0.09915927 0.07507748 0.08113758 0.04035427
0.02456232 0.00784085 0.00128933 0.00958852 0.04810096 0.23340192 0.10261376 0.30957936 0.04076256 0.09492097 0.07797980 0.08053721 0.02964589
0.02292819 0.00506359 0.00088660 0.00609538 0.03679242 0.22976426 0.10811786 0.30885673 0.04412169 0.08561817 0.07275279 0.08215551 0.03932602
0.02283470 0.01204701 0.00348411 0.01513086 0.05845863 0.22849427 0.10992823 0.30902282 0.04838592 0.08186342 0.08044835 0.08659115 0.02644612
0.02270918 0.00595922 0.00137900 0.00647550 0.04310185 0.22937873 0.10837465 0.30783332 0.05607868 0.08820927 0.07658110 0.08173501 0.03129059
0.02334894 0.00551112 0.00143976 0.00301420 0.02128536 0.22957930 0.10973387 0.30729435 0.05713245 0.07538151 0.07502971 0.08499177 0.03748873
0.02444106 0.00899546 0.00084107 0.01029765 0.02656031 0.23163103 0.10269407 0.30620036 0.05325059 0.06818653 0.08466136 0.08300278 0.02671613
0.02559126 0.00574391 0.00376947 0.00680480 0.04168039 0.23021317 0.11058280 0.30569477 0.05848909 0.07887323 0.07251240 0.08664487 0.02586174
0.02650682 0.00252859 0.00097763 0.00375704 0.02346913 0.23348826 0.10117765 0.30437850 0.05121415 0.09328286 0.07391736 0.08138852 0.02748160
0.02674968 0.00405153 0.00072752 0.00285583 0.03088802 0.23084788 0.10544382 0.30446672 0.04351121 0.09347924 0.07258227 0.08057323 0.03798636
0.02635954 0.00450429 0.00138542 0.00592600 0.03227451 0.23209541 0.11361396 0.30563611 0.04375086 0.09596583 0.07113859 0.08176735 0.03785777
0.02726503 0.00309773 0.00085145 0.00220554 0.01965148 0.23320887 0.10862482 0.30700843 0.05169659 0.08930481 0.07846843 0.07943026 0.03259320
0.02690890 0.00397419 0.00072078 0.00735235 0.04924449 0.23556731 0.10683392 0.30948368 0.05404621 0.07806758 0.08046872 0.08461358 0.03698213
0.02534312 0.00606168 0.00085113 0.00735200 0.03000873 0.23617124 0.11175465 0.30907073 0.05908818 0.06468297 0.07970642 0.08133848 0.04006423
0.02359602 0.00520861 0.00191823 0.00487729 0.03624020 0.23634321 0.11143469 0.31113039 0.05738673 0.06614062 0.08341008 0.08534771 0.03924762
0.02299997 0.00745618 0.00209517 0.00590231 0.02978464 0.23807903 0.10957315 0.31005446 0.05744789 0.08867726 0.07910317 0.08141782 0.04126191
0.02208198 0.00588335 0.00264029 0.00843439 0.04419461 0.23663472 0.11015044 0.30863946 0.04709787 0.09232279 0.07597732 0.07970486 0.02948807
0.02190740 0.00558053 0.00125488 0.00508562 0.05833335 0.23871591 0.10960258 0.30829397 0.04081398 0.09506561 0.07405138 0.08203164 0.03100929
0.02294835 0.00434350 0.00311069 0.00491611 0.04691795 0.23857350 0.10973585 0.30605984 0.03977647 0.09377005 0.07537569 0.08107968 0.02676007
0.02485070 0.01382519 0.00148854 0.01388841 0.04949154 0.24020124 0.10481049 0.30511572 0.05412864 0.08878907 0.07743520 0.08136298 0.03041457
0.02587420 0.01389355 0.00072032 0.01271267 0.07471472 0.23901245 0.10694841 0.30584948 0.05270646 0.07090708 0.07891313 0.08201307 0.03103479
0.02585737 0.00949612 0.00087864 0.01128937 0.05722455 0.23910198 0.10920105 0.30323560 0.05437973 0.06587864 0.08048334 0.08362120 0.02703863
0.02721201 0.01048979 0.00110142 0.01367292 0.06932228 0.23821334 0.10289856 0.30319522 0.05496565 0.07481775 0.07484185 0.08238393 0.03990914
0.02781537 0.00646705 0.00055061 0.00729715 0.04803422 0.23603559 0.10342892 0.30368380 0.04951677 0.08879760 0.08157922 0.08173725 0.04152031
0.02709945 0.00741062 0.00057077 0.00984897 0.05301076 0.23582034 0.10826731 0.30430691 0.04605220 0.09202169 0.07477989 0.08070208 0.02757151
0.02519437 0.00461873 0.00127096 0.00486495 0.03430633 0.23477704 0.10655314 0.30727650 0.05030216 0.09291967 0.07053589 0.07931314 0.03597802
0.02574731 0.01620218 0.00378817 0.01689170 0.03923852 0.23312239 0.10593979 0.30763143 0.04882404 0.09222010 0.07773718 0.08161480 0.02604443
0.02720106 0.00639124 0.00277643 0.00655322 0.05783079 0.23553793 0.10293034 0.30914071 0.05022841 0.10156385 0.07109791 0.08107508 0.03312285
0.02732055 0.00821460 0.00129476 0.00997985 0.04011726 0.23255417 0.10159676 0.30911264 0.04919112 0.08932189 0.08177973 0.07950002 0.02969254
0.02894466 0.00447495 0.00401902 0.00374146 0.03055752 0.23590792 0.10254064 0.30923137 0.05172607 0.07660831 0.07563398 0.08637588 0.02780845
0.02958161 0.00312859 0.00098944 0.00411564 0.03929643 0.23839779 0.10272466 0.30706421 0.05490199 0.08297833 0.07641876 0.07877637 0.02668336
0.02973285 0.01025775 0.00066880 0.01072368 0.03830422 0.23537718 0.09727761 0.30687928 0.05329660 0.08854973 0.08022424 0.08161818 0.03378973
0.02934967 0.00741443 0.00081147 0.00520246 0.02490886 0.23846739 0.10294603 0.30526638 0.05704436 0.08617654 0.06590405 0.07991219 0.02732074
0.02844289 0.00218954 0.00073521 0.00035599 0.00216027 0.23627775 0.09802985 0.30243400 0.04432120 0.08835606 0.07055251 0.07766080 0.02392876
0.02768123 0.01002964 0.00100928 0.00823215 0.01140094 0.23530788 0.10073897 0.30203619 0.04852069 0.08968466 0.07816581 0.07987532 0.02539345
0.02499929 0.00205043 0.00065155 0.00096630 0.03958976 0.23343486 0.09936366 0.30171597 0.05321552 0.08585939 0.07614886 0.07948067 0.02484794
0.02457514 0.00566997 0.00060520 0.00619955 0.03376450 0.23433378 0.09994010 0.30238899 0.05543528 0.07727081 0.07172664 0.07896899 0.03589739
0.02436183 0.00285907 0.00063318 0.00420067 0.05432504 0.23326401 0.10295944 0.30321961 0.04728540 0.07509171 0.07618614 0.08054871 0.02954749
0.02314414 0.00159725 0.00387236 0.00144237 0.00136833 0.23563061 0.11419363 0.30442710 0.04947136 0.09009364 0.07380038 0.08450094 0.03420328
0.02261801 0.00782025 0.00138408 0.00903460 0.02290162 0.23513788 0.10600869 0.30470423 0.04889113 0.09674323 0.07370748 0.08093102 0.02629039
0.02351449 0.00346631 0.00093030 0.00385069 0.05721756 0.23683107 0.10707593 0.30648122 0.03909684 0.09015220 0.07429460 0.08103503 0.03818896
0.02520777 0.00409480 0.00152021 0.00524641 0.03143627 0.23554274 0.10944178 0.30651594 0.04640724 0.08324129 0.07337457 0.07965470 0.04491046
0.02735796 0.01079062 0.00084145 0.01290461 0.01807736 0.23834273 0.10797291 0.30691082 0.05305913 0.08214981 0.08054790 0.07973137 0.03510160
0.02933737 0.00445163 0.00052816 0.00283335 0.02315780 0.23594907 0.10534127 0.30601069 0.04937484 0.07657019 0.08281333 0.07937924 0.03612545
0.03148696 0.00793415 0.00081662 0.00608696 0.02929886 0.23577393 0.10703414 0.30588343 0.05122915 0.07179565 0.07565591 0.08303190 0.03403515
0.02978251 0.01346958 0.00066707 0.01306117 0.03516887 0.23603272 0.10062883 0.30394561 0.06162967 0.08149814 0.07269247 0.07941391 0.02896393
0.02866243 0.00802581 0.00154126 0.01120319 0.03026058 0.24167107 0.09897223 0.30365069 0.04901879 0.09593566 0.07857045 0.08195203 0.02774342
0.02729733 0.00306960 0.00113205 0.00515645 0.03040374 0.23705452 0.09743623 0.30228310 0.04894647 0.09514466 0.06895352 0.07805083 0.03710617
0.02502374 0.00749352 0.00111421 0.01044622 0.03618942 0.24190530 0.10418576 0.30275455 0.04109116 0.08963344 0.07319669 0.08199480 0.02892058
0.02281153 0.01026161 0.00099821 0.01059454 0.04994021 0.23844057 0.10486780 0.30241980 0.06423144 0.08040014 0.06827979 0.07982977 0.03116215
0.02181276 0.00509050 0.00149038 0.00444403 0.04391079 0.24315113 0.10062767 0.30417653 0.05275062 0.08135789 0.07651411 0.07839205 0.02980720
0.02442468 0.00386187 0.00098234 0.00354818 0.04014366 0.24002258 0.10152811 0.30440352 0.06293739 0.07570555 0.06928831 0.07613106 0.02881625
0.02670516 0.00432465 0.00078162 0.00418920 0.02618563 0.23763947 0.10546535 0.30538365 0.04821148 0.06927393 0.08807617 0.07881280 0.02964295
0.02669166 0.00817671 0.00081013 0.00745355 0.02738193 0.23453342 0.10319683 0.30488424 0.04993411 0.07796692 0.07888909 0.07897945 0.02977450
0.02667664 0.00649050 0.00052560 0.00802006 0.03331996 0.23362851 0.11105346 0.30465308 0.04944126 0.08461017 0.07565123 0.07838205 0.02744816
0.04201639 0.00861423 0.00109896 0.01127033 0.04699581 0.23394163 0.10684135 0.30400651 0.04542350 0.08567019 0.06502968 0.08033147 0.03633189
0.04195008 0.00689745 0.00166775 0.00838687 0.05187986 0.23171286 0.10523577 0.30316922 0.04156623 0.08919088 0.06822321 0.08073625 0.03935136
0.04167604 0.00849522 0.00083441 0.00768967 0.06702687 0.23291385 0.09957091 0.30383130 0.04706997 0.08761506 0.06323006 0.08084117 0.02929434
0.04106563 0.00586635 0.00165717 0.00445367 0.05988626 0.23277632 0.10087278 0.30225583 0.04264672 0.08472754 0.08504977 0.08132044 0.03468435
0.04095900 0.00410227 0.00102870 0.00478778 0.03235272 0.23497060 0.10072080 0.30264738 0.05263032 0.07509055 0.07121816 0.08127815 0.05122792
0.04136530 0.00626562 0.00077856 0.00882089 0.04706119 0.23448601 0.10143894 0.30157593 0.05493309 0.06613574 0.07398606 0.07876145 0.02516956
0.04235521 0.00782329 0.00107826 0.01108220 0.04791989 0.23650477 0.09958339 0.30212576 0.05158227 0.07028092 0.07663906 0.08038693 0.03532667
0.04401368 0.00896296 0.00322189 0.00967149 0.04806825 0.23709348 0.10208833 0.30082704 0.05326880 0.08307055 0.07003195 0.07883889 0.02632491
0.04607754 0.00421195 0.00109626 0.00322703 0.04303784 0.24039016 0.09836152 0.30181276 0.04283295 0.08612557 0.07012713 0.08090081 0.02754900
0.04093303 0.00846581 0.00254400 0.00772491 0.01817583 0.23663991 0.09705111 0.30037861 0.04738988 0.09263164 0.06609789 0.07752295 0.02634383
0.04199380 0.00582795 0.00150340 0.00473321 0.02430001 0.23733072 0.09989041 0.30260038 0.04663163 0.08982542 0.06178398 0.08240254 0.02629888
0.03497913 0.00580128 0.00063345 0.00798472 0.04133084 0.23672275 0.09987479 0.30178175 0.05582811 0.08145207 0.07414235 0.07907274 0.02677966
0.03520456 0.00565411 0.00064056 0.00353222 0.04431895 0.23808335 0.10083401 0.30225109 0.05018875 0.07244191 0.07469263 0.08022183 0.02662080
0.03579597 0.00737364 0.00069229 0.01029768 0.04756643 0.23574455 0.10801250 0.30259229 0.05054202 0.06131416 0.06931523 0.07794328 0.02465851
0.03508815 0.00513837 0.00072098 0.00413326 0.05154975 0.23607192 0.09512313 0.30211831 0.05745570 0.06523471 0.07412699 0.08035075 0.02825355
0.03353745 0.00627202 0.00223148 0.00744382 0.04582046 0.23462846 0.09814931 0.30092050 0.06020340 0.08282650 0.06905941 0.08164027 0.02439498
0.03342473 0.00848139 0.00340867 0.01365626 0.03258461 0.23315678 0.09714461 0.30034046 0.04375323 0.10617455 0.07338564 0.07884457 0.02620193
0.03566431 0.00602350 0.00228766 0.00762389 0.04888351 0.23237118 0.09652868 0.30095145 0.04550373 0.10522641 0.06470121 0.08035394 0.02703269
0.03651460 0.00563560 0.00132918 0.00555526 0.06264797 0.23159279 0.10405099 0.30087465 0.03844607 0.09528544 0.06790706 0.07949317 0.04694777
0.03785403 0.01032301 0.00159674 0.01242832 0.05044918 0.23111322 0.09634885 0.29910074 0.04514634 0.09490307 0.07484310 0.07963181 0.03837853
0.03892770 0.00558619 0.00238094 0.00765435 0.05069604 0.23265932 0.10097615 0.30069539 0.05443988 0.08086178 0.07891215 0.08032633 0.02942331
0.03937741 0.00317618 0.00082228 0.00500665 0.05485451 0.23180600 0.10424322 0.29985067 0.05610657 0.06324609 0.08164260 0.07853539 0.03395201
0.03807558 0.00208801 0.00056237 0.00320172 0.02493448 0.23133896 0.11144271 0.30023577 0.05639185 0.05723536 0.07780162 0.07723824 0.03181392
0.03531498 0.00424815 0.00052966 0.00634720 0.04306377 0.23412811 0.10327282 0.30137742 0.05205186 0.07466604 0.08289513 0.07949734 0.02714891
0.03242487 0.00289014 0.00341717 0.00429101 0.02223619 0.23070922 0.11345318 0.30048078 0.04862623 0.09148503 0.06427935 0.08320882 0.03015658
0.03102580 0.00550180 0.00068905 0.00437290 0.03121241 0.23673528 0.09632935 0.30042638 0.04702008 0.09726843 0.07069638 0.07892499 0.03123598
0.02977192 0.01428317 0.00078568 0.01489232 0.06427363 0.23182215 0.10183556 0.30106340 0.03687568 0.09356786 0.06453673 0.07606063 0.03844605
0.02726435 0.00712223 0.00089548 0.00796581 0.04379317 0.23668480 0.10219462 0.30136053 0.04435805 0.08778848 0.07189277 0.08116345 0.03077021
0.02465629 0.00878529 0.00102465 0.00594225 0.01414410 0.23698654 0.10278770 0.30084953 0.05579084 0.07435807 0.07894010 0.07898903 0.02831287
0.03666117 0.00199536 0.00363525 0.00546281 0.04336931 0.23767867 0.09365104 0.30192121 0.05396779 0.07638380 0.07721257 0.07907910 0.04654643
0.03746187 0.00293548 0.00118294 0.00618700 0.02926579 0.23638292 0.10128830 0.30109956 0.05463886 0.07497680 0.07229277 0.07631052 0.02849499
0.03876297 0.00209919 0.00117538 0.00295614 0.00296653 0.23953125 0.08476751 0.30156280 0.05337003 0.08232843 0.07667545 0.07782763 0.04316720
0.04197531 0.00179267 0.00103274 0.00416782 0.00323982 0.23534720 0.09725546 0.29950432 0.04719411 0.09379826 0.06982726 0.07742760 0.02860263
0.04439017 0.00513443 0.00074860 0.00747827 0.02569439 0.23430662 0.09912122 0.29968763 0.04024088 0.09816665 0.06633797 0.07741824 0.04023084
0.04615347 0.00406207 0.00133390 0.00716324 0.03992924 0.23127498 0.09520710 0.29984273 0.03778463 0.09443097 0.07124151 0.07780785 0.02939566
0.04652198 0.01491580 0.00076397 0.01436712 0.05266391 0.23008477 0.10323219 0.30081587 0.04910306 0.08462503 0.06752629 0.07995282 0.02596789
0.04670560 0.01410267 0.00377515 0.01519215 0.05882639 0.23393938 0.09343485 0.30248854 0.05318016 0.07677416 0.08932742 0.08055468 0.02576962
0.04539636 0.00716808 0.00139687 0.00618845 0.04016053 0.22778014 0.09516368 0.30051284 0.06745533 0.06624171 0.07892002 0.08008643 0.02697608
0.04054209 0.00865476 0.00157354 0.00719856 0.02728901 0.22973628 0.09788324 0.30096924 0.05540637 0.06996045 0.07399325 0.07911142 0.02699523
0.03686485 0.00575603 0.00152555 0.00633131 0.03674907 0.22660748 0.09756119 0.30080755 0.04690263 0.08586039 0.07550818 0.07707553 0.02582199
0.03435568 0.00334840 0.00137892 0.00380101 0.03806808 0.22937810 0.09609856 0.30033454 0.04304443 0.10093536 0.06911816 0.07906414 0.02551116
0.03593712 0.00439383 0.00135140 0.00442149 0.02879099 0.22581432 0.09970245 0.29962872 0.04267553 0.10544976 0.06125645 0.07605932 0.02476575
0.03815605 0.00680479 0.00114162 0.00879133 0.03819786 0.23084293 0.09373964 0.29953815 0.04716774 0.09748726 0.07278946 0.07860720 0.02438070
0.05938882 0.00519129 0.00100435 0.00564703 0.04083826 0.23000578 0.10079523 0.29927414 0.05649140 0.08788140 0.06788903 0.07765333 0.02653915
0.05911662 0.01457964 0.00068950 0.01458524 0.04038934 0.23393811 0.10243315 0.29898661 0.05538899 0.07860178 0.07931197 0.08291750 0.02912314
0.05722866 0.00459313 0.00060207 0.00552802 0.04200226 0.23180009 0.10296032 0.30124493 0.05354198 0.07096573 0.08200470 0.07987835 0.04272190
0.05130447 0.00680563 0.00074975 0.00686583 0.06300495 0.23369877 0.10171196 0.30191736 0.05132376 0.07560954 0.08085125 0.08115775 0.02777840
0.05287650 0.01090226 0.00103533 0.01268504 0.04225256 0.23004809 0.10592795 0.30255603 0.05367232 0.09204801 0.08454886 0.07873008 0.02960755
0.05450497 0.00482728 0.00132327 0.00159352 0.02779686 0.23185447 0.09961704 0.30318044 0.05167433 0.10309141 0.07625474 0.07966710 0.02920164
0.05334225 0.00526891 0.00100386 0.00270501 0.02616160 0.22831804 0.10596112 0.30371300 0.05299647 0.09937359 0.06996166 0.07761650 0.02892202
0.05269413 0.00432790 0.00064476 0.00451265 0.02515728 0.22752673 0.10656023 0.30314654 0.06025474 0.09204671 0.07448270 0.07836464 0.02712697
0.06801523 0.00747046 0.00064326 0.00698719 0.04839239 0.22829400 0.10218918 0.30287181 0.05704644 0.08873249 0.07719091 0.07863650 0.02686922
0.06948914 0.01068841 0.00158123 0.01323395 0.05012534 0.22584077 0.09995137 0.30260316 0.05826534 0.07577018 0.08311506 0.08198994 0.02713387
0.06855001 0.00612735 0.00082826 0.00866046 0.06055533 0.22938454 0.10009439 0.30136019 0.05926770 0.06842824 0.08470599 0.08174308 0.02806825
0.06763739 0.00707697 0.00066981 0.00844462 0.05506464 0.22611322 0.09814077 0.30083993 0.06093449 0.07240855 0.07584874 0.08225886 0.02671203
0.06716846 0.01131760 0.00065677 0.00933888 0.05222043 0.22970184 0.10142790 0.30162164 0.05419021 0.09134103 0.08412687 0.08223219 0.02739962
0.06685136 0.00805907 0.00066063 0.01020999 0.06196465 0.22714984 0.10264482 0.30140811 0.05140983 0.10424497 0.07691414 0.07965562 0.02707140
0.07748695 0.01267581 0.00140124 0.01465531 0.03847813 0.23020274 0.09064549 0.30182944 0.05424652 0.10684158 0.06888735 0.07926785 0.02685140
0.07672451 0.00560713 0.00102093 0.00948912 0.05244294 0.22926508 0.09629663 0.30274757 0.05211342 0.09784946 0.06908680 0.07834686 0.02460260
0.07473178 0.00595404 0.00123186 0.00541943 0.05533251 0.23029703 0.09360528 0.30338078 0.05836615 0.09000034 0.08028663 0.07976071 0.03896818
0.07432383 0.01032918 0.00073807 0.01312651 0.04540783 0.22830995 0.09557024 0.30273520 0.06027961 0.08180507 0.07752375 0.07850869 0.03587515
0.07485685 0.00577516 0.00255317 0.00327226 0.03282245 0.22908352 0.09960856 0.30233307 0.05305552 0.08169510 0.07973584 0.08275300 0.02624408
0.07508092 0.00965576 0.00122057 0.00768276 0.04564853 0.22549591 0.10366425 0.30179116 0.05526073 0.07890443 0.07535522 0.07921116 0.02642794
0.07489964 0.00308626 0.00067973 0.00403917 0.02473049 0.22576267 0.10237591 0.30149507 0.05644042 0.09090864 0.07377096 0.08027074 0.02411987
0.07536665 0.00660051 0.00063739 0.00642097 0.04028343 0.22656035 0.09748602 0.30175905 0.05519932 0.09636492 0.07434318 0.07831209 0.02664326
0.07463095 0.00684122 0.00080996 0.00518642 0.03964127 0.22607326 0.09748298 0.30141164 0.05367906 0.09275696 0.07233400 0.07820976 0.02724644
0.07391733 0.01079900 0.00086389 0.01025365 0.03956632 0.22697907 0.10050642 0.30166194 0.05511036 0.09252291 0.06822583 0.07894893 0.02791070
0.07321523 0.00464088 0.00071568 0.00405763 0.04478300 0.22752282 0.09808122 0.30058024 0.05120893 0.09346057 0.07757719 0.07970565 0.03527733
0.07399421 0.00943376 0.00060274 0.00942976 0.04318695 0.22762163 0.10050152 0.29956907 0.05512011 0.08747032 0.07262008 0.08024426 0.02553953
0.07466818 0.00425742 0.00059799 0.00350318 0.03188644 0.22998490 0.10045793 0.29906236 0.05401848 0.07992435 0.08048258 0.08132571 0.02752182
0.07169551 0.00840043 0.00077731 0.00893820 0.04295780 0.23098137 0.10807598 0.30106231 0.05183772 0.08050620 0.07797753 0.08012696 0.02565980
0.06321587 0.00698987 0.00119914 0.00878242 0.02891471 0.23240797 0.10265321 0.30081389 0.05902076 0.08545371 0.08467167 0.08035755 0.03810562
0.06214637 0.00710613 0.00095439 0.00710040 0.03693437 0.23204834 0.10428993 0.30319362 0.05478933 0.09096501 0.07938937 0.07915123 0.02949395
0.06243071 0.00867368 0.00068673 0.01079693 0.05660509 0.23012690 0.10286251 0.30441370 0.05276320 0.09027105 0.07920241 0.07809105 0.03428925
0.06299045 0.00343450 0.00053454 0.00591066 0.04813028 0.23096192 0.10379884 0.30492816 0.04861239 0.08937758 0.07075856 0.07827832 0.02689621
0.06311995 0.00417035 0.00113246 0.00352787 0.03195786 0.22845724 0.10062776 0.30486822 0.04511937 0.09099953 0.07635555 0.07833303 0.03115484
0.06293132 0.00514235 0.00106475 0.00576777 0.05162333 0.23183009 0.10025075 0.30385671 0.05242715 0.09165563 0.07255435 0.07900669 0.02514187
0.06294597 0.00230623 0.00120589 0.00149009 0.02960025 0.22742280 0.10148167 0.30238662 0.05270154 0.08523317 0.07638470 0.07655432 0.02582590
0.06301219 0.00241296 0.00295280 0.00320993 0.03535628 0.23117736 0.09758434 0.30056492 0.05164300 0.07633017 0.07923021 0.08323713 0.02437750
0.06366307 0.00609869 0.00114107 0.01039997 0.02264459 0.22955035 0.09724483 0.30015860 0.05595813 0.08039876 0.07664232 0.08180358 0.02891073
0.06445099 0.00376698 0.00087152 0.00577373 0.02212774 0.23143526 0.09177043 0.29889232 0.05243582 0.09010807 0.07969177 0.08021139 0.03082328
0.06542128 0.00336578 0.00083152 0.00367443 0.02230085 0.23165629 0.10016325 0.29975467 0.04820092 0.09056310 0.07440891 0.07891785 0.03161776
0.06505605 0.00664251 0.00158869 0.00752243 0.02733983 0.23085130 0.09808569 0.29828386 0.04664667 0.09471580 0.07325801 0.07940105 0.02519126
0.06492648 0.00830358 0.00096984 0.00924632 0.00809549 0.23203557 0.10806031 0.30089018 0.04761207 0.09506267 0.06806917 0.07985543 0.03078005
0.06426627 0.00239234 0.00197904 0.00112689 0.00226829 0.23593513 0.09312019 0.30238572 0.05302295 0.09168494 0.08091382 0.08313780 0.02662789
0.06396420 0.00175695 0.00127673 0.00040106 0.00088839 0.23314140 0.10124587 0.30111003 0.06310782 0.08206092 0.07161152 0.07777528 0.02448645
0.06304022 0.01017120 0.00098844 0.01146869 0.03660661 0.23366184 0.09817068 0.30428386 0.05636105 0.07435430 0.08033474 0.08240278 0.04273667
0.06250915 0.01310773 0.00289269 0.01384473 0.01240050 0.23031759 0.09820567 0.30346617 0.05617394 0.09087258 0.08027174 0.07972090 0.04051871
0.06234399 0.00276783 0.00135468 0.00526822 0.03204248 0.22749388 0.10947897 0.30279139 0.05443595 0.09229275 0.07719202 0.08342646 0.03362980
0.06250432 0.00374389 0.00176320 0.00343947 0.02423743 0.23334803 0.09809400 0.30264712 0.05144778 0.09235141 0.07625940 0.07846968 0.04204883
0.06255397 0.00304658 0.00109774 0.00367925 0.02360804 0.22984069 0.09485069 0.30222487 0.04910928 0.09557959 0.08186104 0.07995959 0.02663046
0.06252843 0.00374604 0.00104930 0.00389282 0.02521281 0.23126032 0.10512853 0.30238673 0.05870042 0.09822507 0.06467128 0.07766737 0.02805933
0.05635892 0.00271303 0.00124225 0.00247971 0.00239826 0.22975347 0.09750251 0.30113022 0.04837388 0.09648530 0.08407361 0.07913681 0.02954539
0.05619022 0.00309863 0.00162348 0.00037002 0.00310364 0.22961399 0.09668045 0.29879288 0.05768787 0.08744581 0.07325827 0.07848185 0.02414891
0.05594332 0.00180154 0.00104147 0.00043952 0.00252772 0.22899299 0.09658268 0.29776498 0.05622130 0.08765394 0.08303778 0.07812130 0.02508740
0.05547043 0.00669314 0.00343670 0.00670032 0.02612317 0.22721873 0.09570256 0.29764781 0.05492657 0.09653990 0.08358605 0.08156379 0.02414831
0.05528356 0.00778946 0.00117575 0.00075625 0.00861507 0.22623669 0.10025858 0.29724687 0.06256950 0.09513168 0.07385457 0.08048443 0.02533790
0.05651533 0.00755160 0.00181007 0.00602977 0.04617146 0.22716274 0.10005768 0.29934184 0.05318118 0.09329076 0.07341697 0.08267506 0.02825925
0.05758291 0.00990200 0.00101424 0.00978924 0.03354228 0.22521371 0.09761908 0.30049120 0.04874911 0.09755044 0.08463628 0.07811742 0.04229147
0.05617597 0.01215947 0.00146277 0.01125920 0.05804262 0.22729693 0.09649470 0.30269218 0.05338851 0.09624771 0.07883624 0.07968905 0.02779737
0.05212726 0.00623806 0.00159671 0.00630132 0.05253804 0.22690554 0.09714283 0.30292506 0.05232404 0.09009851 0.07858871 0.07749932 0.03571564
0.04660433 0.01036711 0.00129911 0.01349626 0.05372575 0.22823201 0.09710169 0.30487286 0.05641213 0.08529132 0.07458741 0.08026462 0.02716371
0.04187803 0.00275997 0.00185579 0.00357471 0.05140439 0.22501094 0.09913544 0.30337063 0.05757634 0.09660730 0.07674036 0.07893762 0.04177753
0.03848721 0.01574968 0.00188778 0.01736066 0.06125041 0.22592388 0.09835630 0.30164540 0.05294674 0.08902168 0.07975426 0.08162273 0.02571238
0.03675241 0.01332148 0.00203162 0.01249318 0.03485871 0.22615581 0.09702830 0.30116062 0.05480474 0.09046495 0.08048985 0.08303291 0.03094659
0.03703217 0.00782182 0.00205735 0.00832458 0.04691035 0.22561046 0.09974804 0.29976996 0.05693148 0.09330323 0.07703768 0.08260372 0.02824684
0.03755843 0.00322855 0.00235620 0.00355360 0.02070430 0.22843785 0.09869098 0.30095109 0.05455887 0.10150948 0.07680319 0.08094225 0.03555317
0.03896659 0.00280698 0.00155941 0.00537939 0.02640459 0.22855472 0.08994148 0.29852058 0.05154175 0.09986635 0.07677466 0.07983820 0.03522017
0.03926986 0.00312470 0.00219224 0.00351188 0.00414553 0.22966519 0.09376921 0.30141516 0.05778328 0.09527988 0.07159659 0.08120984 0.03386989
0.04335011 0.00296878 0.00139006 0.00295365 0.00424042 0.22983783 0.09621383 0.30056890 0.06077693 0.09633096 0.07603151 0.07798844 0.03291427
0.04574105 0.00364399 0.00176832 0.00350340 0.03206800 0.23054054 0.09606763 0.29990610 0.05421167 0.09984082 0.07580548 0.07686062 0.03081055
0.04828515 0.00224676 0.00109269 0.00152830 0.00300793 0.22674812 0.10456357 0.30104028 0.05152243 0.09393777 0.08251078 0.08051565 0.02551782
0.04949059 0.00543525 0.00156220 0.00349623 0.02287172 0.22885468 0.10275285 0.30177753 0.05155096 0.09961256 0.08120555 0.07939252 0.03051969
0.04982438 0.00291003 0.00075778 0.00322150 0.03536145 0.22631545 0.09949500 0.30265535 0.05788702 0.09501273 0.08456372 0.07960090 0.05738341
0.04849815 0.01295564 0.00072003 0.01334297 0.03004193 0.22936736 0.10451348 0.30296767 0.05965344 0.09080789 0.07873477 0.08177716 0.02832438
0.04604720 0.00324292 0.00069896 0.00470791 0.02103626 0.22476849 0.10201176 0.30144985 0.06008612 0.08148463 0.07948056 0.08029782 0.03027517
0.04348324 0.00968011 0.00085731 0.01322567 0.03055826 0.23040759 0.10090957 0.30217151 0.05770017 0.08185187 0.07429277 0.08235432 0.04354600
0.04031827 0.00546799 0.00172764 0.00438061 0.04915685 0.22607361 0.09592070 0.30096735 0.05058598 0.09013087 0.08132851 0.07970425 0.03513500
0.03100558 0.01288473 0.00193438 0.01432990 0.01252684 0.22980558 0.09635795 0.30038969 0.05202207 0.09978677 0.07605098 0.07971350 0.03532285
0.03182961 0.01222498 0.00168050 0.01246974 0.02802676 0.22823987 0.10963906 0.29948680 0.04586089 0.09665898 0.07819988 0.07872058 0.02446031
0.03193122 0.00378274 0.00157338 0.00499228 0.02953771 0.22806943 0.09996151 0.30039929 0.05070608 0.09556326 0.08001126 0.08095765 0.02572639
0.03367815 0.00265044 0.00090951 0.00075735 0.03330815 0.22921807 0.09459837 0.29840490 0.05804082 0.09588065 0.07926291 0.08013541 0.02437031
0.03471954 0.00279654 0.00218451 0.00042287 0.00146314 0.23374202 0.09480816 0.30002935 0.05525499 0.09033713 0.08542702 0.08150929 0.02522110
0.03193313 0.00537187 0.00063443 0.00788791 0.04409952 0.22782757 0.09281962 0.30117349 0.05755246 0.08113357 0.07762904 0.07927852 0.02643390
0.03195041 0.00477811 0.00053190 0.00696729 0.05291979 0.23301544 0.09751598 0.30205840 0.05896525 0.08292385 0.07659490 0.08099997 0.02473041
0.03197122 0.00513762 0.00118089 0.00476593 0.03001604 0.22527699 0.09853891 0.30025309 0.05095556 0.08937288 0.08771195 0.07911487 0.02680432
0.03176585 0.00437166 0.00181141 0.00436359 0.02136613 0.22789706 0.10430301 0.30296100 0.05592011 0.09324051 0.07113858 0.07940000 0.04061164
0.02926967 0.00525509 0.00128058 0.00736851 0.05195263 0.22478078 0.09519336 0.30177161 0.05488064 0.09159172 0.07459398 0.07794446 0.02561353
0.03093758 0.00580735 0.00162757 0.00363843 0.02367205 0.22671727 0.09907736 0.30186195 0.05055478 0.09757563 0.07452637 0.07978698 0.02738766
0.03202309 0.00883127 0.00129595 0.00853950 0.04418439 0.22664001 0.09064700 0.29995113 0.05282703 0.10013920 0.07557392 0.08037377 0.02491085
0.03355687 0.00948136 0.00089529 0.00928867 0.05536647 0.22624316 0.10008440 0.30080281 0.05065492 0.09097506 0.07994308 0.07951969 0.02613295
0.03449949 0.00967393 0.00112291 0.01079363 0.04440901 0.22906863 0.09314992 0.30167452 0.05431206 0.07924410 0.07953044 0.08361076 0.02913619
0.03459109 0.00604219 0.00083908 0.00531988 0.04868018 0.22836773 0.09591692 0.29983484 0.05526442 0.08005243 0.07149159 0.08123430 0.04305981
0.03327532 0.00584085 0.00127952 0.00690974 0.06805230 0.22850778 0.09217520 0.30052740 0.05275634 0.08997163 0.07683724 0.07985893 0.02765115
0.02890942 0.00909319 0.00099573 0.01025032 0.05453975 0.22865896 0.10067014 0.30040084 0.05108804 0.09226099 0.07174227 0.07974445 0.02421344
0.02745585 0.00416581 0.00086756 0.00300800 0.03132315 0.22894631 0.10042524 0.29996508 0.04900077 0.09167473 0.07526546 0.07855112 0.02880375
0.02609998 0.00965253 0.00086753 0.00982780 0.04363947 0.22791549 0.10620455 0.29993214 0.05148362 0.09399701 0.08080772 0.07997197 0.02430576
0.02515703 0.00930933 0.00119270 0.00911853 0.04263487 0.22938110 0.09837675 0.30170850 0.05839568 0.09577167 0.07363662 0.07961420 0.02894130
0.02494416 0.00762351 0.00237631 0.00843822 0.05581430 0.22732385 0.09854733 0.30101736 0.05970187 0.08552392 0.07845569 0.07937865 0.04455221
0.02496563 0.01002421 0.00184409 0.00945584 0.03878981 0.22941680 0.10167430 0.30134414 0.04987162 0.07831212 0.07427422 0.08208712 0.02553063
0.02557895 0.00929615 0.00143270 0.00760220 0.02688719 0.22479514 0.09746355 0.30059261 0.05112186 0.09138290 0.07475017 0.08073484 0.03270805
0.02830424 0.01407816 0.00133624 0.01594022 0.04052406 0.22826361 0.09890465 0.30186513 0.05177034 0.10101562 0.07501299 0.07884779 0.02879715
0.02991383 0.00333264 0.00225497 0.00335616 0.02645768 0.22387774 0.09855230 0.29829039 0.04889292 0.09229258 0.07987220 0.07727164 0.03623284
0.03136206 0.00504578 0.00176901 0.00641341 0.02879792 0.22647182 0.10459613 0.29989669 0.06249085 0.08268886 0.07487754 0.07939446 0.02696187
0.03245818 0.00970946 0.00389428 0.00969654 0.01513662 0.22890197 0.09565286 0.29914123 0.05675910 0.08625912 0.07932862 0.08609806 0.03353409
0.03401999 0.00352962 0.00166173 0.00276376 0.02538571 0.22643212 0.09700311 0.29817831 0.05677411 0.09162506 0.08018499 0.07862604 0.02612284
0.03560973 0.00244308 0.00092159 0.00486584 0.02844281 0.22947291 0.09475402 0.29511431 0.05499986 0.08609937 0.07247221 0.08197605 0.02497220
0.03713542 0.00673814 0.00076434 0.01025858 0.02019841 0.22732200 0.09665749 0.29694981 0.04135974 0.10019302 0.06988688 0.07799369 0.02406809
0.03723100 0.00778592 0.00242069 0.01193006 0.03989403 0.23004068 0.09624316 0.29725268 0.04085917 0.10553384 0.06967816 0.08234044 0.02243927
0.03729836 0.00238107 0.00207481 0.00158029 0.00303489 0.22860231 0.09103800 0.29541422 0.06070577 0.10436399 0.06299785 0.07984827 0.02226504
0.03758128 0.00758128 0.00101468 0.01181235 0.03724992 0.22959214 0.08509744 0.29818918 0.05547546 0.09156095 0.08265868 0.08018549 0.02186161
0.03729709 0.00389558 0.00106926 0.00346498 0.00625454 0.23100152 0.08951052 0.29868084 0.05934782 0.08248044 0.07439021 0.07832596 0.03450724
0.03544604 0.00587266 0.00093867 0.00722190 0.04122781 0.22856102 0.08944859 0.30027052 0.06928578 0.08356293 0.08169719 0.08116301 0.02126213
0.03357568 0.00522573 0.00086274 0.00413719 0.03889236 0.23147162 0.08907749 0.30076897 0.06173982 0.08605325 0.07666016 0.07735460 0.02322225
0.03154415 0.00414551 0.00126300 0.00774128 0.02581638 0.23035294 0.08929171 0.29959398 0.05864560 0.09355309 0.07279120 0.07960815 0.03711996
0.02971329 0.00540532 0.00406299 0.00452172 0.02898969 0.22889441 0.09116924 0.30175589 0.05111845 0.09909288 0.07079139 0.08280422 0.02415760
0.02812241 0.00436437 0.00122889 0.00219534 0.03404772 0.22931810 0.09012502 0.30114226 0.04964287 0.10377413 0.06935227 0.08020223 0.03714554
0.02672699 0.00820733 0.00183482 0.00866646 0.03018541 0.22375208 0.09640521 0.30023386 0.04915745 0.10372566 0.06954386 0.08023981 0.02355230
0.02662817 0.00393036 0.00142643 0.00472163 0.02256529 0.22673697 0.10075839 0.30128249 0.05631998 0.10127813 0.07890809 0.07952870 0.03017398
0.02835756 0.00890736 0.00092445 0.00500131 0.03372225 0.22537676 0.09234754 0.30228586 0.06533639 0.08807585 0.08530889 0.07784404 0.02238879
0.02917388 0.00507587 0.00098617 0.00153196 0.03271600 0.22487922 0.09117232 0.30270534 0.07230880 0.08343292 0.08366563 0.07926409 0.02793735
0.02938122 0.00495130 0.00106290 0.00777400 0.03470226 0.22738707 0.09878454 0.30115155 0.06250695 0.08894014 0.07942120 0.07938108 0.02402388
0.02978000 0.00455463 0.00107215 0.00449881 0.03342875 0.22521223 0.09756993 0.30080124 0.05704037 0.10032629 0.07593586 0.07865753 0.02468648
0.03104889 0.00464197 0.00084355 0.00441483 0.02844478 0.22742730 0.09448142 0.29793110 0.04872447 0.10279170 0.07264263 0.08093099 0.02628625
0.03246277 0.00842163 0.00067302 0.01026204 0.04938061 0.22850651 0.10199331 0.29855576 0.05256242 0.09544053 0.07369241 0.08037679 0.02657596
0.03262234 0.00443677 0.00361367 0.00539999 0.03773028 0.22579010 0.09947450 0.29911195 0.05547283 0.10878617 0.07701943 0.08186215 0.02889467
0.03202450 0.00321801 0.00176863 0.00124721 0.02173158 0.22760326 0.10373742 0.29890784 0.05903991 0.10112293 0.07860675 0.08010179 0.02602695
0.03214446 0.00444100 0.00098136 0.00345316 0.02613053 0.22524898 0.10573281 0.29970216 0.05643220 0.09220232 0.08417148 0.07865050 0.02642297
0.03288658 0.00522059 0.00079517 0.00416365 0.02758917 0.22501501 0.09554648 0.29885630 0.05644076 0.08660139 0.08931517 0.07924639 0.02557849
0.03399309 0.00643315 0.00113104 0.00598309 0.02907332 0.22851192 0.09612320 0.29992582 0.05494994 0.09071725 0.08152921 0.08025128 0.02355149
0.03220257 0.00456592 0.00218951 0.00351468 0.02888367 0.22696376 0.09270271 0.29902703 0.05362986 0.09976926 0.07511323 0.08225473 0.02428071
0.03321044 0.01008103 0.00129788 0.00836287 0.01170043 0.22920580 0.09150998 0.29765031 0.04908840 0.10155288 0.07360192 0.07823685 0.02454945
0.03620581 0.00093404 0.00100396 0.00065301 0.00107384 0.22630348 0.09453959 0.29774641 0.04933904 0.09940002 0.07174645 0.07827719 0.02402057
0.03778469 0.00112510 0.00133691 0.00172156 0.00166823 0.22722125 0.08949489 0.29757557 0.05326260 0.09874128 0.08201706 0.07912122 0.02324550
0.03724221 0.00609057 0.00083205 0.00698908 0.04057259 0.22650953 0.09297377 0.29872085 0.06158177 0.09573576 0.07743224 0.08074654 0.02359345
0.03603661 0.00611723 0.00130344 0.00714063 0.03142379 0.22831516 0.09126159 0.29815891 0.05753660 0.09358945 0.08355014 0.08200229 0.02386526
0.03554952 0.00559177 0.00195326 0.00457852 0.02792170 0.22673581 0.09474967 0.30052842 0.06190286 0.09448851 0.07787832 0.07875274 0.02237707
0.03488982 0.00353827 0.00079756 0.00271885 0.01850021 0.22773659 0.09486691 0.29855866 0.05969076 0.09933470 0.07731416 0.07976286 0.02273485
0.03266183 0.00405318 0.00081650 0.00628931 0.04240022 0.22538602 0.08997770 0.30022206 0.05396038 0.10482982 0.07590960 0.07760134 0.02283933
0.03012286 0.00695455 0.00097364 0.00927016 0.04939497 0.22885352 0.09017469 0.30025246 0.05322136 0.10779055 0.07480884 0.07812999 0.02533645
0.02851804 0.00463213 0.00104534 0.00472778 0.04752207 0.22595603 0.09200767 0.30048005 0.05558775 0.10447708 0.07132359 0.07961605 0.02706760
0.02753611 0.01141560 0.00110501 0.01481771 0.04047825 0.22860634 0.09614773 0.30263515 0.05386416 0.10018408 0.08437142 0.08185336 0.04654101
0.02653467 0.00891419 0.00340530 0.00931177 0.03584620 0.22300633 0.11253936 0.30113385 0.06380968 0.10354862 0.08309772 0.08489214 0.04977672
0.02686574 0.00748035 0.00161780 0.00852487 0.03269669 0.22297781 0.10237236 0.30224617 0.06249501 0.09994848 0.08921798 0.08155531 0.03193060
0.02882107 0.00900579 0.00098910 0.01050554 0.03933147 0.22348700 0.10219336 0.30310606 0.05879886 0.09521485 0.08508399 0.08050488 0.04295142
0.03063814 0.01048449 0.00123564 0.01339129 0.04486401 0.22095199 0.09666526 0.30128899 0.05557146 0.09923744 0.08525873 0.08005751 0.04392894
0.03094113 0.01090319 0.00092650 0.01275144 0.02771309 0.22545121 0.09818635 0.30126928 0.05484749 0.10494693 0.07358042 0.07957334 0.02559677
0.03097731 0.00410450 0.00072272 0.00224062 0.02251121 0.22557332 0.09481950 0.30014776 0.05026845 0.10100337 0.07744557 0.07862227 0.03648930
0.03094707 0.00242814 0.00047268 0.00141017 0.00246734 0.22737328 0.10221710 0.30052619 0.05494947 0.09529154 0.07910082 0.07934592 0.02606576
0.03075668 0.00558572 0.00045821 0.00794144 0.01842731 0.22563162 0.10307972 0.29814924 0.05757438 0.09130168 0.08143497 0.07940101 0.02334252
0.03033828 0.00344483 0.00044806 0.00196560 0.04039508 0.22760759 0.09957839 0.30032962 0.05980320 0.09278299 0.08282577 0.08284545 0.02619113
0.02853221 0.00209405 0.00069739 0.00226557 0.03993604 0.22521418 0.09327363 0.29888254 0.05977469 0.09350160 0.08111099 0.07943844 0.03475168
0.02659871 0.00220848 0.00078892 0.00088612 0.03605338 0.22698802 0.09644470 0.30032805 0.05658919 0.09479320 0.07915130 0.08162655 0.02586387
0.02533946 0.00378557 0.00074725 0.00411067 0.02800413 0.22410914 0.09216198 0.30011706 0.05190869 0.09726732 0.07697049 0.07696277 0.02414937
0.02481976 0.00673799 0.00211962 0.00922083 0.03276787 0.22604775 0.09340155 0.29885770 0.05128213 0.10167331 0.07050790 0.08008578 0.02258321
0.02496244 0.00180321 0.00268387 0.00387244 0.03176946 0.22044195 0.09338450 0.29952010 0.05391554 0.09984620 0.07603347 0.08168242 0.02325279
0.02661611 0.00228526 0.00165810 0.00728002 0.02145517 0.22483880 0.08715848 0.29810902 0.05551666 0.09570053 0.08187633 0.07915713 0.03527671
0.02990176 0.00428820 0.00097126 0.00490784 0.03484156 0.22175755 0.09742925 0.29933173 0.06094297 0.08874853 0.07437994 0.08070176 0.02603964
0.03328284 0.00840808 0.00059827 0.00693041 0.03383945 0.22114000 0.09025399 0.29935361 0.06476297 0.09464306 0.08853930 0.08174280 0.03734393
0.03510187 0.00652231 0.00099518 0.00733645 0.05404864 0.22118226 0.09082859 0.30015923 0.06798592 0.10364934 0.08076992 0.08369126 0.02649732
0.03573520 0.00645410 0.00132885 0.00369341 0.04360062 0.21987771 0.09310811 0.29840340 0.05686278 0.10260773 0.07853789 0.08130269 0.03014247
0.03565989 0.01022427 0.00081867 0.00971735 0.04334081 0.21907254 0.09707489 0.29999950 0.05760986 0.10100442 0.07715954 0.07974140 0.02575427
0.03480170 0.00621796 0.00069201 0.00667018 0.04380920 0.21986622 0.09581808 0.29808542 0.05788329 0.10334784 0.08128804 0.07891555 0.02325114
0.03303635 0.00762840 0.00118586 0.00864559 0.02745918 0.21859876 0.09897257 0.29993516 0.06604404 0.10316157 0.07503648 0.08344332 0.04390785
0.03071304 0.00594280 0.00090669 0.00812503 0.03436122 0.21697239 0.10111062 0.29812884 0.05654039 0.09425302 0.09133080 0.08103987 0.03396001
0.02837409 0.00815198 0.00104660 0.00818803 0.06335296 0.21796988 0.10296238 0.30035695 0.06094582 0.09773822 0.07937154 0.08380580 0.02764022
0.02638560 0.00580823 0.00332990 0.00759273 0.05207178 0.21738793 0.10329020 0.29912918 0.05585100 0.10850323 0.09478727 0.08212855 0.03620110
0.02728945 0.00448812 0.00182415 0.00854763 0.05371548 0.21968913 0.11005058 0.29974512 0.05891895 0.10302121 0.08081828 0.08522928 0.03015786
0.02886817 0.00265532 0.00170677 0.00511480 0.04466468 0.21590654 0.10758513 0.29802101 0.05373497 0.09816525 0.08008212 0.08058313 0.05145071
0.03065675 0.00484630 0.00138800 0.00507411 0.03713905 0.22063218 0.10853429 0.29888923 0.05309333 0.09944956 0.07820537 0.08259045 0.02864274
0.03125982 0.00247102 0.00077585 0.00192755 0.03219531 0.21598987 0.09728543 0.29841235 0.05256192 0.10055906 0.09556711 0.07900232 0.03055638
0.03117961 0.00517847 0.00068340 0.00451257 0.03100445 0.21767780 0.10460703 0.29714021 0.05676933 0.09799831 0.07558951 0.08152681 0.02921096
0.03155485 0.00486899 0.00060726 0.00370824 0.04427616 0.21395710 0.09705528 0.29697426 0.05596437 0.09288196 0.08136510 0.07968731 0.02594750
0.03080506 0.00352601 0.00128273 0.00519596 0.04176946 0.21506816 0.09496349 0.29635125 0.05597747 0.09789365 0.07929611 0.08032855 0.02668075
0.02885659 0.00364593 0.00110446 0.00357355 0.04350000 0.21491798 0.09402190 0.29087309 0.05804684 0.10031324 0.07959510 0.08251813 0.02447269
0.02693034 0.00617929 0.00072720 0.00698425 0.04253826 0.21591177 0.09605592 0.29525754 0.05788146 0.09717606 0.07586129 0.08104404 0.03658042
0.02615735 0.00876137 0.00131986 0.00727406 0.04301556 0.21944445 0.09318569 0.29200964 0.04775448 0.08885631 0.08183886 0.08307942 0.03707748
0.02360914 0.00247141 0.00095795 0.00428922 0.00503698 0.21852950 0.10364455 0.29523306 0.05424460 0.08713649 0.07225114 0.08169269 0.03379785
0.02492039 0.00407601 0.00074438 0.00525123 0.03253479 0.22238253 0.10300612 0.29553071 0.05277875 0.08940615 0.08395639 0.07972842 0.03251635
0.02558596 0.00929468 0.00067731 0.01067087 0.05277523 0.22012152 0.09424053 0.29766754 0.05332613 0.08165567 0.06988496 0.07808479 0.02563727
0.02367814 0.01131089 0.00129094 0.00972047 0.05776830 0.22222981 0.08702509 0.29762817 0.04761055 0.07800608 0.07694415 0.07961805 0.02610451
0.02251384 0.00743318 0.00066761 0.00846639 0.07152694 0.22007526 0.09844948 0.29758360 0.05196095 0.07797237 0.07222260 0.07950676 0.02292274
0.02348989 0.00827727 0.00058199 0.00771121 0.03828620 0.22421290 0.09291235 0.29606604 0.05501317 0.08531754 0.07614972 0.07945386 0.02407711
0.02470778 0.00632921 0.00052786 0.00541522 0.06766916 0.21960219 0.08922906 0.29595196 0.05116367 0.08763613 0.07981109 0.08097786 0.02758805
0.02431589 0.01041600 0.00144913 0.01358190 0.06357296 0.22308909 0.08792526 0.29690439 0.04894710 0.08725746 0.07441279 0.08390756 0.04883228
0.02349099 0.00618811 0.00078166 0.00851656 0.06199860 0.21852389 0.09318710 0.29645421 0.06432223 0.08534436 0.06565783 0.08107197 0.03482734
0.02379163 0.00391891 0.00285399 0.00410468 0.03944449 0.22243170 0.09305059 0.29427258 0.04899369 0.08647857 0.07647799 0.08030977 0.03583572
0.02490039 0.00524163 0.00166636 0.00652772 0.05051559 0.22108461 0.09530468 0.29564972 0.04998738 0.08345470 0.07440614 0.07776775 0.03446343
0.02637008 0.00541020 0.00169902 0.00631244 0.03138191 0.22505666 0.09615739 0.29361831 0.04760190 0.08216899 0.07861074 0.08080956 0.03502975
0.02753835 0.00640266 0.00143501 0.00580223 0.04222436 0.22289082 0.09718603 0.29596894 0.05389949 0.08599756 0.07164493 0.07875492 0.02548457
0.02887135 0.00677396 0.00343780 0.00636491 0.06327184 0.22262859 0.09578873 0.29757746 0.05340211 0.09625079 0.08295555 0.08055446 0.03279334
0.03039784 0.00540245 0.00126525 0.00595691 0.05450979 0.21967623 0.10230174 0.29651675 0.05292447 0.09669148 0.07286564 0.08438302 0.03785189
0.03189863 0.01124639 0.00088041 0.00929601 0.04263687 0.22166478 0.10016463 0.30006765 0.04907290 0.08975221 0.08312401 0.08152760 0.03007677
0.03237628 0.00538001 0.00078499 0.00649870 0.05677324 0.21722724 0.10669212 0.29880882 0.04637002 0.08647345 0.07299034 0.08230158 0.03041005
0.03166692 0.01047605 0.00086013 0.01245448 0.04166516 0.21865130 0.10955736 0.29970413 0.05077164 0.09162817 0.07420340 0.08436163 0.05036484
0.02997331 0.00285011 0.00077332 0.00520481 0.02927273 0.21578042 0.10450062 0.29980302 0.05301800 0.08461461 0.08202439 0.08069017 0.02887713
0.02858573 0.00767362 0.00129546 0.01292594 0.03168975 0.22007979 0.10469380 0.30055732 0.05181329 0.08069120 0.07689344 0.08185402 0.05553738
0.02697383 0.00390778 0.00086269 0.00601099 0.02337459 0.21563861 0.10169257 0.29988468 0.06476583 0.08597843 0.08205375 0.08013629 0.04233440
0.02562284 0.01086403 0.00084649 0.01128665 0.04837177 0.21557128 0.10438588 0.29710509 0.05285710 0.09456496 0.07358318 0.08336330 0.03686364
0.02439690 0.00455611 0.00172485 0.00555143 0.00650838 0.22394626 0.09919063 0.29762880 0.05195954 0.09383266 0.07580573 0.08063451 0.03153882
0.02354514 0.00950980 0.00147052 0.00996142 0.06755221 0.21829778 0.10514205 0.29756241 0.04241168 0.08441517 0.07064629 0.08216231 0.04744487
0.02502440 0.00420419 0.00115071 0.00395135 0.03622719 0.23040263 0.10041215 0.29575412 0.04627693 0.08052127 0.07749722 0.08378435 0.03125303
0.02663680 0.00453107 0.00073070 0.00733441 0.04699581 0.22539520 0.10601999 0.29578440 0.04889967 0.07692006 0.07196597 0.08013742 0.03138799
0.02697468 0.01024995 0.00075416 0.00911783 0.03441017 0.22978238 0.09635893 0.29686514 0.04636305 0.06971557 0.07643589 0.08061828 0.03889674
0.02718833 0.00566541 0.00207508 0.00766167 0.04513222 0.22682444 0.10093461 0.29807622 0.05088627 0.07327326 0.06293383 0.07779129 0.02526192
0.02786720 0.00425854 0.00317337 0.00328151 0.04609128 0.22767761 0.09277417 0.29677386 0.04340745 0.07524038 0.07832819 0.08026226 0.02837642
0.02911654 0.00471838 0.00387697 0.00436671 0.03146953 0.22566216 0.09785994 0.29769457 0.04757506 0.07686493 0.07779903 0.08289932 0.02551560
0.03030185 0.00479674 0.00100007 0.00439825 0.02478542 0.22472974 0.10200048 0.29645719 0.05021655 0.07487507 0.07053207 0.08115455 0.02631207
0.03078860 0.00478918 0.00071503 0.00302492 0.02446989 0.22218307 0.09854591 0.29713900 0.04947613 0.07640409 0.07507078 0.08069755 0.02420097
0.03118654 0.00216187 0.00064604 0.00090710 0.03581360 0.22501220 0.09472040 0.29767245 0.05392641 0.08292837 0.07749614 0.07993531 0.02518778
0.03072238 0.00334918 0.00106305 0.00575453 0.02893994 0.22123611 0.09897277 0.29813522 0.04945005 0.08840836 0.06443945 0.07906042 0.02350999
0.02974977 0.00203404 0.00080028 0.00155974 0.02943032 0.22200332 0.09682415 0.30008587 0.04175122 0.08495989 0.07804572 0.08006966 0.02422295
0.02873393 0.00484741 0.00078985 0.00427679 0.02936537 0.22043156 0.09850545 0.29976973 0.05153741 0.08077383 0.06624277 0.07864388 0.02349509
0.02736385 0.00446353 0.00087648 0.00324026 0.02699444 0.22201144 0.09932955 0.29761749 0.04788916 0.08195343 0.07788253 0.07886962 0.02424475
0.02502884 0.00417908 0.00088638 0.00556371 0.03320766 0.22005530 0.09850693 0.30044022 0.05416656 0.08156857 0.08083708 0.08100634 0.02857682
0.02258843 0.00628759 0.00077727 0.00673379 0.06590914 0.22003839 0.10836416 0.29787735 0.04923860 0.07348855 0.07190305 0.08291047 0.02661480
0.02077168 0.00750895 0.00084165 0.00836463 0.05300206 0.22340246 0.10514269 0.29923901 0.05003376 0.07185689 0.07392512 0.08209966 0.02772038
0.01953721 0.01001865 0.00109010 0.01112061 0.05448457 0.22548174 0.09993849 0.29894563 0.04297844 0.07840833 0.07415043 0.08004392 0.02818419
0.01941018 0.00595163 0.00144552 0.00455848 0.04155900 0.22960972 0.10606217 0.29962224 0.04622156 0.09246008 0.06873073 0.08230233 0.03022406
0.01987002 0.00349912 0.00115773 0.00544274 0.02738137 0.22858996 0.10190343 0.29954109 0.03790710 0.08815912 0.07345984 0.07971194 0.03712771
0.01974783 0.00487384 0.00117831 0.00630451 0.02049948 0.23371383 0.10195577 0.29948960 0.04398790 0.08124381 0.06709624 0.07950789 0.02494382
0.01972601 0.00182182 0.00087672 0.00254410 0.00491137 0.23195596 0.10167771 0.29998773 0.04480143 0.07475776 0.07213155 0.07538273 0.02875854
0.02007462 0.00707580 0.00065612 0.00461263 0.01679479 0.23534282 0.10420601 0.30002476 0.04406974 0.07779625 0.07734027 0.07896418 0.02699094
0.02040216 0.00585434 0.00073444 0.00677585 0.03625464 0.23216827 0.10243606 0.29950136 0.04638389 0.07287274 0.07181232 0.07738151 0.02615412
0.02064373 0.00502291 0.00049100 0.00451860 0.04756808 0.23615174 0.10106220 0.29980265 0.05404966 0.07405556 0.07013416 0.07986541 0.02600870
0.02023751 0.00739410 0.00085013 0.00866125 0.03615796 0.23263781 0.10632675 0.29895822 0.04455588 0.08052943 0.06869099 0.07810153 0.02856516
0.02042433 0.00513401 0.00113627 0.00558358 0.03866376 0.23547908 0.09881119 0.29952272 0.04104491 0.08111287 0.07006309 0.07978882 0.03620216
0.02129098 0.00569755 0.00069192 0.00702107 0.03420893 0.23118401 0.10592481 0.29771234 0.05066471 0.07513231 0.06696120 0.07979456 0.02719743
0.02240325 0.00547549 0.00061603 0.00416619 0.02470207 0.23213659 0.09776728 0.29918585 0.04935984 0.07484517 0.07641104 0.07834288 0.03428764
0.02277369 0.00315853 0.00097909 0.00220471 0.01388236 0.22693555 0.10720731 0.29885343 0.07305145 0.07585901 0.06944457 0.07811642 0.02546877
0.02284321 0.00348919 0.00053663 0.00429733 0.01905723 0.22689981 0.09866797 0.29999695 0.05347100 0.07681757 0.08335850 0.07767282 0.04658786
0.02266141 0.00322760 0.00125277 0.00343657 0.01015886 0.22363576 0.09773524 0.30043815 0.04946561 0.08805655 0.07782616 0.08042201 0.02748531
0.02229707 0.00397760 0.00065320 0.00258013 0.02988057 0.22668671 0.09707960 0.30125384 0.05016034 0.08854612 0.06543979 0.07967999 0.04181930
0.02211044 0.00554912 0.00048837 0.00615332 0.03367660 0.22136797 0.08891720 0.30070304 0.05034233 0.09342410 0.07732628 0.07922606 0.02740385
0.02193253 0.00187113 0.00143453 0.00125943 0.00220911 0.22833722 0.09280027 0.29925357 0.05070608 0.08970589 0.06956334 0.07752295 0.02434697
0.02150523 0.00773436 0.00061584 0.00859268 0.03285321 0.21985494 0.09262091 0.30031149 0.05262088 0.08268170 0.07033039 0.08102351 0.02497890
0.02074351 0.00775616 0.00064685 0.01051834 0.03782773 0.22459001 0.09097925 0.30162346 0.05111109 0.08301450 0.08252701 0.08025659 0.02403050
0.02055660 0.00496175 0.00067656 0.00290454 0.03852521 0.22285928 0.10385448 0.30258294 0.06622228 0.08804968 0.07615839 0.08027995 0.02480708
0.02206592 0.00506658 0.00338255 0.00747748 0.03819993 0.22283280 0.09544221 0.30314583 0.06153799 0.09049687 0.08017457 0.08040052 0.03739905
0.02514821 0.00233104 0.00215807 0.00089769 0.00168112 0.22751870 0.09288852 0.30192811 0.05706517 0.09918140 0.07342314 0.07941014 0.02411601
0.02888637 0.00932253 0.00133408 0.00979537 0.03642732 0.22530177 0.09823622 0.30176312 0.04574952 0.09715543 0.07078140 0.07853367 0.02836068
0.03006999 0.01127885 0.00152717 0.01056726 0.03511464 0.23082063 0.09270611 0.30161321 0.04866764 0.09593442 0.07601852 0.08133131 0.03948084
0.03150791 0.00478896 0.00218085 0.00702483 0.04561107 0.22719884 0.09655307 0.30021573 0.05510834 0.09678879 0.07371261 0.08179997 0.03878903
0.03286422 0.00652590 0.00110537 0.00938427 0.02974767 0.23035886 0.10380298 0.30090529 0.05582418 0.08219853 0.07518072 0.08013343 0.04974004
0.03434428 0.00782874 0.00325676 0.01074360 0.04214348 0.22933382 0.09936681 0.30130127 0.05106006 0.09368763 0.08135983 0.08197036 0.06033348
0.03482398 0.01436904 0.00081818 0.01504338 0.04444435 0.23115989 0.09602352 0.30128020 0.05436000 0.09276770 0.07695675 0.07984901 0.03465988
0.03328636 0.00179211 0.00084461 0.00375846 0.03780152 0.22812725 0.09997827 0.30027223 0.04929901 0.09315518 0.07668547 0.07945428 0.04087062
0.03108020 0.01083487 0.00092565 0.01091738 0.04706325 0.22975025 0.09941875 0.29988562 0.05321727 0.09105602 0.07109775 0.07707675 0.02778299
0.02971289 0.00521519 0.00102670 0.00699488 0.05150525 0.22723091 0.09687238 0.29906882 0.05141484 0.09180840 0.07536000 0.07879042 0.03856356
0.05112555 0.00609960 0.00140967 0.00537734 0.05265048 0.22807762 0.10027639 0.30187436 0.05515135 0.09522323 0.07761321 0.08310562 0.02786728
0.04984701 0.00438612 0.00237310 0.00262785 0.04266348 0.22732426 0.09899524 0.30133558 0.04928021 0.09462413 0.08237041 0.08263387 0.03301236
0.04708156 0.00402913 0.00127179 0.00583292 0.03800665 0.22825725 0.10755495 0.29983922 0.05389764 0.08357647 0.07042002 0.08050994 0.02625305
0.02534792 0.01061503 0.00126550 0.00894554 0.05483958 0.22868175 0.10706189 0.30321333 0.05050968 0.07661732 0.08620543 0.08479265 0.02860863
0.02661372 0.00590674 0.00098157 0.00494818 0.04632433 0.22831628 0.10458334 0.30282064 0.06434073 0.08237566 0.08285762 0.08138105 0.02774799
0.02814632 0.00500673 0.00150762 0.00586128 0.02695774 0.22867612 0.10228985 0.30324420 0.05675193 0.08421286 0.07964400 0.08077651 0.02675114
0.02973265 0.00424615 0.00157073 0.00548199 0.03153543 0.22372384 0.09358354 0.30463255 0.05620591 0.09885976 0.08597918 0.07854888 0.02882860
0.03199094 0.00542924 0.00188918 0.00711591 0.04706875 0.22221768 0.10265943 0.30465851 0.05351024 0.10243519 0.06892824 0.07890498 0.05626631
0.03303011 0.00529700 0.00153847 0.00677645 0.01975582 0.22052513 0.09812229 0.30334256 0.05126370 0.10499891 0.07465497 0.07985073 0.05297903
0.03309278 0.00558045 0.00257282 0.00736349 0.04506934 0.22171485 0.09586680 0.30231166 0.05336631 0.09629997 0.07793692 0.08418369 0.04053834
0.03390225 0.00604517 0.00100210 0.00675608 0.05615905 0.22307418 0.09226577 0.30135547 0.05642629 0.08465207 0.07529459 0.08491178 0.03996433
0.03542048 0.00585563 0.00082946 0.00580643 0.04542314 0.22377504 0.10054123 0.30240637 0.06028982 0.07845056 0.08426563 0.08234647 0.04600820
0.03521971 0.00487202 0.00213263 0.00426659 0.02654498 0.22463230 0.09110784 0.30105821 0.06064418 0.08673006 0.09082469 0.08052689 0.02834658
0.03383937 0.01369496 0.00113128 0.01381902 0.03824343 0.22610904 0.09734597 0.30061215 0.06328256 0.09223885 0.07279392 0.08263245 0.02222715
0.03299172 0.00569545 0.00121011 0.00727357 0.05590433 0.22629368 0.08790789 0.30353093 0.06183902 0.09634677 0.07844485 0.07977580 0.02490783
0.03208224 0.00635511 0.00093011 0.00817122 0.03468723 0.22918425 0.09279898 0.30402391 0.05154723 0.10320496 0.06647357 0.07459723 0.02388704
0.03036958 0.00726867 0.00092327 0.00685992 0.04415597 0.22593262 0.09141325 0.30194569 0.05129049 0.10749087 0.07323772 0.07675973 0.02408887
0.02786761 0.00811833 0.00105227 0.00700910 0.03404562 0.22930164 0.09402987 0.30505731 0.05476889 0.10552698 0.07949533 0.08186923 0.02542963
0.02491710 0.00967398 0.00220919 0.00884275 0.05823150 0.22685261 0.09672186 0.30461048 0.05831009 0.09122055 0.07633333 0.08666236 0.02567713
0.02388808 0.00639994 0.00171548 0.00658040 0.04238847 0.22668230 0.09880815 0.30494649 0.06289382 0.09133543 0.07796465 0.08134247 0.02941763
0.02558282 0.00658134 0.00216850 0.00648976 0.04303191 0.22857941 0.09827383 0.30607018 0.06201770 0.09335584 0.09309161 0.08430445 0.04569687
0.02736306 0.00382516 0.00138475 0.00840841 0.06405437 0.22411395 0.10816423 0.30468012 0.06263229 0.09431027 0.08075734 0.08226801 0.04516631
0.02900367 0.00589225 0.00076742 0.00715379 0.02839283 0.22647544 0.10172865 0.30661517 0.06705499 0.09234910 0.08487061 0.08223922 0.05399432
0.03114877 0.00688796 0.00137883 0.00662185 0.03150371 0.22755504 0.10095685 0.30607171 0.05702004 0.10059299 0.08094842 0.08042082 0.02989869
0.03121146 0.00336517 0.00179456 0.00368192 0.02990720 0.22707028 0.10162716 0.30337717 0.05235179 0.10775891 0.07669856 0.07861429 0.04166914
0.03082104 0.00455342 0.00120276 0.00698282 0.04118842 0.22394260 0.10478761 0.30282159 0.05037742 0.10954201 0.08224411 0.08455640 0.02539617
0.03054886 0.00372851 0.00140141 0.00258604 0.02555260 0.22692829 0.11492364 0.30229442 0.05012371 0.09833493 0.07867518 0.08145469 0.03054304
0.02988030 0.00371763 0.00406863 0.00428762 0.04114382 0.22446538 0.10666150 0.30041519 0.05524954 0.09183723 0.07905183 0.08144372 0.02924414
0.02869453 0.00616325 0.00108912 0.00676302 0.02970717 0.22570087 0.10391126 0.30151955 0.06292492 0.09267054 0.08986097 0.08519961 0.03668656
0.02827479 0.00828171 0.00144171 0.00671493 0.03655022 0.22186166 0.10298900 0.30179371 0.06210197 0.09340878 0.08417427 0.08150925 0.02865010
0.02751803 0.00175290 0.00100972 0.00520762 0.02250201 0.22632086 0.10149917 0.30256638 0.05454766 0.08934575 0.07850052 0.07936302 0.04475544
0.05110706 0.00529651 0.00193798 0.00509313 0.03291355 0.22503336 0.09542609 0.30383010 0.05182795 0.10030781 0.08077985 0.07845752 0.03155250
0.05111371 0.00998681 0.00193935 0.00932758 0.04721107 0.22635930 0.10048615 0.30414958 0.05038885 0.11078044 0.06956400 0.07644658 0.02534085
0.05063349 0.00689064 0.00398519 0.00466240 0.02961922 0.22681001 0.09203861 0.30529622 0.05847628 0.11417995 0.07730576 0.07627882 0.02868292
0.03688955 0.00995479 0.00123665 0.00985301 0.03649087 0.22587384 0.10586710 0.30478000 0.05661928 0.10276451 0.07794459 0.08109621 0.02467314
0.03643370 0.00597268 0.00103565 0.00666899 0.03518399 0.22791472 0.09051633 0.30273695 0.06512464 0.09489175 0.08051716 0.08281456 0.02711431
0.03659451 0.00919651 0.00110019 0.01141514 0.06534290 0.22289160 0.09216836 0.30326249 0.06602415 0.09385234 0.08353626 0.08228504 0.03423856
0.03601094 0.00253593 0.00195961 0.00397561 0.03044769 0.22456721 0.08912699 0.30022340 0.05974580 0.09420911 0.08334658 0.08192178 0.02510127
0.03820699 0.00624093 0.00113572 0.00701543 0.04245291 0.22787500 0.08805978 0.30189585 0.05986003 0.10096624 0.07318173 0.08335702 0.03843731
0.04202793 0.00365197 0.00176981 0.00315578 0.02351227 0.22585788 0.08412540 0.29951597 0.05888196 0.10678976 0.07100070 0.07978396 0.02402075
0.04404351 0.00127061 0.00345322 0.00035987 0.00089965 0.22771399 0.09215542 0.30003494 0.05077537 0.11641291 0.06638554 0.08101323 0.02173766
0.04426303 0.00289594 0.00151350 0.00203581 0.02142983 0.22358054 0.09046250 0.29845876 0.05080752 0.10893610 0.08138824 0.07524232 0.02391668
0.04430682 0.00352355 0.00094822 0.00386175 0.03186381 0.22424637 0.10327154 0.29954997 0.06811386 0.09521044 0.07531268 0.07929463 0.02364432
0.04484790 0.00245988 0.00069341 0.00086907 0.00491758 0.22205049 0.10369547 0.29938277 0.06379420 0.08730852 0.08568454 0.08020671 0.02496713
0.04590963 0.01154334 0.00365497 0.01139010 0.01276485 0.22071263 0.10598577 0.29936484 0.06433627 0.09052536 0.08247237 0.08066041 0.02587695
0.04590934 0.00469050 0.00298584 0.00410354 0.01967089 0.22061343 0.10517502 0.29858740 0.05573806 0.10613487 0.07983100 0.08115498 0.02677826
0.04255901 0.00205674 0.00237499 0.00056581 0.00199519 0.21666766 0.10359736 0.29843424 0.04929336 0.11424862 0.07810409 0.08022374 0.02827542
0.04228739 0.00107791 0.00128556 0.00079640 0.00167821 0.21996529 0.11000576 0.30133044 0.04482807 0.10785121 0.07851178 0.08431856 0.02798539
0.04283738 0.00953855 0.00117608 0.01269073 0.05885189 0.21590933 0.10775553 0.30232669 0.05198887 0.10622222 0.07499886 0.08016139 0.02867238
0.04195630 0.01046428 0.00102358 0.00889387 0.03344628 0.21893778 0.10635919 0.30124552 0.05206075 0.09605066 0.08082377 0.07898711 0.02890310
0.04027844 0.01106743 0.00092222 0.01024397 0.04890662 0.21497709 0.11059655 0.30182354 0.05198500 0.08393258 0.08024260 0.07828717 0.02831713
0.03893354 0.00468184 0.00146298 0.00237397 0.04405406 0.21663340 0.11123614 0.30146808 0.05906878 0.07377844 0.09074971 0.08165571 0.02991920
0.03642389 0.00960338 0.00112270 0.00981996 0.06139281 0.21459634 0.10632764 0.29956865 0.06482727 0.07905238 0.08186013 0.08394614 0.03858033
0.03330368 0.00680178 0.00123599 0.00667589 0.05901469 0.21738960 0.10063766 0.29980906 0.05382526 0.08969381 0.08565968 0.08321452 0.03291450
0.03018541 0.00735692 0.00175661 0.01151466 0.05758838 0.22300844 0.10098646 0.30052454 0.04884144 0.10336394 0.06522566 0.08134753 0.03879119
0.02474985 0.00888829 0.00494095 0.01059300 0.04904012 0.22283343 0.09870792 0.29834194 0.04094201 0.11030429 0.07033892 0.08227328 0.03119287
0.02410114 0.00888947 0.00238972 0.01278740 0.04498616 0.22417115 0.09885932 0.29900562 0.04594288 0.10664163 0.07344490 0.08007575 0.02840830
0.02523818 0.00541420 0.00176965 0.00723780 0.05102701 0.22584339 0.09718201 0.29822701 0.05226528 0.08815853 0.07881907 0.08147781 0.04739606
0.02639596 0.01345834 0.00095803 0.01402003 0.04834261 0.22752074 0.09967828 0.30098949 0.06165867 0.06547913 0.07859894 0.07925007 0.03468396
0.02913000 0.01214391 0.00125701 0.01174536 0.05899676 0.22697221 0.09469154 0.30098750 0.05517490 0.06849378 0.09816011 0.07961471 0.03983934
0.03049590 0.00640971 0.00109471 0.00547875 0.04553061 0.22796842 0.09247156 0.30117772 0.06093420 0.08392973 0.07748047 0.08164306 0.02906917
0.03028917 0.00525926 0.00132253 0.00980371 0.03979428 0.22605098 0.09677588 0.30278058 0.04834083 0.09299471 0.07259660 0.08118299 0.05084098
0.03003923 0.01356591 0.00111401 0.01437303 0.03787275 0.22588012 0.09740257 0.30347915 0.04410294 0.09919058 0.07023795 0.08127400 0.02945472
0.03032312 0.00476076 0.00418969 0.00693078 0.04377344 0.22717922 0.10693920 0.30244151 0.04531381 0.10607997 0.06574094 0.08626582 0.03754281
0.02977930 0.00616626 0.00104999 0.00725512 0.04215828 0.22823852 0.10158763 0.30415628 0.06041168 0.09551467 0.07601894 0.08093529 0.02834431
0.02690331 0.00970208 0.00063466 0.01078615 0.04227274 0.22606036 0.10050662 0.30566598 0.05228572 0.07922890 0.08429385 0.08368446 0.03674200
0.02750275 0.01295029 0.00085294 0.01082094 0.05450193 0.22442361 0.09709260 0.30470065 0.06065584 0.07028656 0.08190994 0.08169390 0.03394832
0.02677208 0.01027248 0.00101755 0.01081401 0.05302684 0.22468179 0.10439220 0.30337355 0.05988898 0.07583396 0.07945125 0.08019574 0.04833024
0.02750626 0.00653875 0.00123023 0.00742487 0.05372652 0.22466336 0.09950262 0.30407553 0.05556359 0.07941859 0.08338096 0.08316297 0.03906035
0.02683427 0.00745591 0.00116435 0.01129792 0.05670295 0.22244021 0.10870850 0.30232325 0.04810198 0.08992956 0.06727954 0.08252290 0.04044846
0.02545400 0.00324322 0.00082105 0.00638251 0.04751383 0.22474570 0.10833659 0.30188033 0.03961155 0.09489210 0.07592944 0.08419571 0.03929955
0.02737564 0.01086167 0.00206568 0.01356751 0.01999021 0.21969928 0.11447653 0.30210786 0.04420010 0.09817123 0.07260782 0.08080991 0.05774667
0.02553360 0.00524781 0.00194434 0.00638706 0.03499711 0.21955455 0.11694045 0.30477410 0.04915727 0.09844156 0.07930183 0.08204261 0.05797388
0.02756126 0.00862647 0.00092782 0.01019978 0.05115939 0.21988437 0.11746236 0.30706739 0.05167394 0.08934813 0.08271557 0.08163954 0.04039842
0.02746856 0.00464969 0.00067850 0.00507684 0.04722783 0.21766124 0.11446237 0.30755220 0.05936814 0.07944561 0.08384930 0.08252022 0.04214480
0.02708025 0.00410551 0.00062503 0.00124081 0.03773303 0.22040519 0.11983615 0.30942637 0.06197268 0.07726070 0.09665253 0.08037907 0.03200090
0.02629184 0.00792246 0.00116322 0.00776868 0.05588786 0.21889568 0.12073200 0.30949257 0.05506318 0.08304437 0.08627900 0.07994978 0.02942248
0.02508213 0.01643109 0.00079050 0.01705191 0.05352847 0.22425635 0.11364575 0.30898749 0.05258712 0.08946591 0.07771948 0.08306361 0.02967369
0.02419337 0.00582495 0.00110229 0.00829855 0.05799584 0.22442265 0.11570444 0.30801744 0.04841163 0.09809098 0.07682338 0.08102260 0.02710127
0.02441082 0.00424835 0.00122203 0.00495841 0.05616524 0.22907366 0.10289167 0.30757827 0.05226989 0.10171340 0.07667265 0.08301069 0.02845481
0.02362410 0.00590773 0.00105058 0.00541566 0.05529550 0.22850650 0.10180197 0.30491241 0.05391079 0.10257916 0.07756552 0.08027231 0.02724185
0.02321668 0.00675884 0.00101708 0.00786971 0.05524101 0.23016872 0.10547117 0.30698928 0.05325298 0.10279584 0.07994032 0.08273358 0.02831927
0.02223413 0.00531628 0.00138459 0.00472409 0.04211625 0.22984534 0.09967066 0.30574096 0.06048394 0.10264595 0.08391599 0.08275870 0.02971679
0.02268937 0.00521947 0.00174968 0.00461135 0.01975996 0.23244854 0.10872221 0.30714054 0.06674179 0.10053436 0.08520928 0.08656287 0.03257506
0.02496189 0.00303727 0.00150153 0.00216225 0.03233994 0.23187156 0.10765495 0.30635223 0.05988673 0.09462243 0.08430577 0.08004700 0.03484160
0.02718398 0.00421300 0.00133618 0.00501319 0.03147486 0.23620306 0.09782475 0.30746142 0.05511585 0.09623874 0.07938774 0.07972736 0.02458818
0.03020425 0.00212658 0.00123357 0.00118237 0.00174889 0.23661591 0.10037999 0.30701115 0.05482647 0.10542689 0.07157230 0.07952206 0.02534520
0.03195955 0.00214696 0.00139915 0.00370623 0.03348599 0.23877896 0.09489929 0.30734421 0.05103385 0.11090020 0.08034753 0.08088555 0.02671787
0.03113805 0.00216613 0.00106753 0.00427057 0.00835221 0.23717469 0.09479968 0.30700074 0.04961890 0.11143612 0.08075934 0.08193443 0.02812964
0.03112643 0.01256146 0.00088596 0.01136061 0.04261383 0.23546030 0.10172845 0.30716355 0.05757633 0.10459731 0.07251081 0.07996323 0.03590491
0.03160474 0.00464403 0.00095017 0.00986740 0.02933085 0.23694891 0.09795984 0.30955783 0.05768341 0.10030239 0.08356545 0.08073384 0.04775496
0.03025093 0.00639158 0.00098672 0.00903139 0.04929908 0.23497125 0.09905684 0.30860983 0.05501503 0.10411395 0.07779245 0.08189072 0.02974201
0.03128299 0.01152064 0.00148489 0.01417546 0.04548660 0.23390188 0.09607593 0.30738664 0.05552740 0.09654472 0.07843753 0.07820201 0.03006796
0.03350713 0.00383027 0.00133160 0.00689116 0.03588788 0.23266985 0.09958370 0.30744406 0.05347948 0.09707371 0.08013709 0.07730070 0.04718167
0.03441554 0.00428655 0.00113598 0.00460600 0.02238999 0.22958926 0.10090578 0.30536020 0.06038995 0.09090513 0.07566501 0.08059875 0.02964375
0.03314055 0.00613344 0.00140648 0.00893634 0.01834306 0.22719158 0.10700617 0.30496733 0.05203843 0.09862388 0.08310330 0.08264983 0.03538101
0.03197482 0.00385779 0.00136467 0.00242307 0.00415745 0.22554232 0.10672067 0.30352515 0.05681153 0.10268602 0.07977101 0.08230298 0.02906401
0.03207424 0.00596728 0.00388561 0.00781396 0.04481197 0.22283370 0.10774555 0.30639873 0.06548288 0.10446254 0.07708649 0.08429090 0.02914006
0.03177415 0.00849818 0.00141866 0.01187010 0.01359565 0.22581725 0.11176201 0.30629199 0.05713090 0.10173221 0.08347938 0.08249066 0.03447182
0.03092568 0.00364589 0.00106449 0.00349952 0.00585273 0.22348559 0.10616272 0.30795315 0.05958292 0.10000912 0.08801683 0.08137781 0.03197659
0.03004502 0.00270566 0.00160147 0.00483362 0.00737830 0.22596636 0.11054180 0.31031574 0.06426289 0.10829314 0.08201714 0.07991158 0.03800154
0.02995265 0.00620177 0.00129875 0.00547078 0.04303611 0.22660584 0.11031609 0.31073408 0.05649563 0.09591193 0.08347674 0.07988432 0.03802081
0.02983211 0.00884348 0.00071198 0.00810166 0.03347972 0.22554599 0.11014630 0.31087861 0.05880380 0.08433921 0.08638101 0.08042650 0.04188645
0.02989729 0.00787871 0.00082397 0.01267918 0.03712528 0.22526317 0.11714178 0.30916212 0.06338789 0.08666255 0.08145871 0.08060547 0.05265697
0.02966353 0.00699242 0.00341853 0.00872648 0.03972245 0.22686607 0.10542363 0.30819774 0.05442308 0.09845127 0.08855631 0.08322792 0.02998064
0.02947577 0.00753526 0.00132091 0.00685607 0.04480218 0.23027215 0.10222883 0.30774580 0.05559557 0.10520506 0.07614912 0.08265346 0.05224021
0.02913113 0.01588127 0.00093465 0.01621299 0.04347144 0.23279624 0.11079317 0.30907088 0.05537773 0.10656701 0.07663411 0.08027805 0.04024413
0.02758745 0.01004103 0.00091484 0.01359100 0.05873061 0.23322009 0.10468195 0.30877412 0.05758480 0.10523189 0.07425444 0.08230495 0.04350259
0.02741431 0.01624890 0.00144296 0.01755182 0.06858132 0.23247025 0.10486265 0.30882114 0.05145833 0.09732299 0.07830520 0.08256995 0.02748126
0.02631496 0.01254474 0.00102081 0.01259121 0.05064265 0.23263323 0.10226447 0.30969862 0.05867534 0.08460154 0.08067305 0.08086822 0.04871730
0.02596796 0.00838677 0.00107295 0.01056699 0.05576577 0.23509926 0.10356307 0.30855916 0.06096883 0.07747518 0.08258490 0.07961215 0.02719956
0.02498437 0.00668620 0.00363571 0.00877058 0.04469030 0.23389438 0.10202812 0.30876312 0.06056769 0.09127192 0.07875871 0.08619465 0.05359107
0.02426948 0.00622503 0.00145016 0.00774676 0.06354980 0.23676858 0.10672599 0.30910255 0.06330207 0.09610581 0.08721942 0.08420405 0.02670977
0.02543157 0.00400799 0.00202532 0.00436557 0.05489572 0.23830335 0.09776695 0.30796212 0.05566573 0.10430291 0.08684002 0.08450813 0.02715473
0.02660141 0.00643537 0.00310965 0.00674723 0.04775082 0.23355163 0.10074602 0.30792084 0.05460449 0.11327858 0.07933478 0.08442665 0.02985478
0.02831885 0.01386376 0.00114646 0.01486640 0.04663727 0.23733831 0.10361850 0.30980249 0.05683089 0.11291171 0.07472790 0.08190718 0.03798009
0.02955636 0.00523188 0.00077611 0.00602872 0.04260823 0.23192050 0.10711583 0.30832188 0.06429766 0.10487363 0.07880890 0.08188603 0.05207572
0.03376095 0.01149456 0.00063301 0.01238450 0.05918249 0.23498466 0.10378076 0.31074956 0.06626066 0.09260147 0.07960821 0.08199454 0.02758744
0.03229108 0.00771435 0.00126649 0.01208178 0.05274153 0.22882283 0.09896708 0.30996966 0.07845857 0.08446096 0.08873968 0.08265772 0.02949953
0.03327367 0.01489321 0.00186582 0.01613269 0.05226059 0.23257447 0.10036176 0.30922005 0.06873718 0.09190521 0.08478293 0.08061366 0.02624595
0.03316741 0.00702124 0.00215452 0.00893295 0.03869598 0.22350262 0.10305890 0.30799514 0.06250634 0.10626939 0.08687241 0.08137972 0.02990956
0.03216764 0.00410473 0.00159491 0.00611652 0.03649264 0.23133508 0.10771777 0.30702673 0.05831632 0.11432773 0.07485916 0.08044931 0.02551630
0.03228036 0.01025544 0.00112320 0.01015405 0.04437708 0.22470834 0.10536788 0.30664916 0.05303342 0.11598467 0.07884476 0.08373604 0.02807271
0.03250116 0.00882950 0.00139127 0.01014350 0.03743089 0.22628776 0.11527627 0.30716085 0.05510527 0.11993395 0.07347598 0.08211147 0.02830041
0.03302841 0.00604209 0.00106423 0.00545958 0.02778597 0.22558890 0.09962868 0.30844574 0.06364680 0.10715945 0.08624864 0.08241799 0.03951297
0.03260590 0.00579533 0.00205752 0.00581215 0.03103823 0.22534359 0.10466052 0.31064105 0.07054420 0.09221791 0.08563799 0.08714353 0.02918455
0.03207827 0.00384272 0.00117184 0.00797560 0.02554938 0.22603180 0.10051676 0.31047101 0.06910737 0.08513536 0.09719542 0.08072529 0.03629370
0.03171667 0.00824633 0.00093853 0.01109636 0.02509721 0.22564934 0.10872968 0.31237530 0.07135653 0.08997588 0.09189856 0.08126551 0.02762315
0.03067170 0.00816053 0.00148982 0.00605938 0.02061400 0.22762281 0.10330249 0.31009457 0.05991926 0.10473463 0.09056218 0.08005455 0.03271066
0.03002951 0.00415504 0.00160961 0.00258382 0.02776292 0.23063996 0.11107288 0.31105004 0.05427766 0.12070984 0.08070827 0.08064920 0.02609904
0.03023642 0.00235176 0.00125588 0.00060528 0.00220964 0.22680679 0.10202545 0.30759509 0.05523030 0.13509879 0.08212297 0.07968456 0.02728936
0.03113060 0.00171895 0.00209565 0.00151646 0.03426608 0.23026264 0.10203789 0.30692196 0.05042035 0.12810758 0.07548184 0.08135702 0.02616986
0.03899555 0.00251587 0.00127378 0.00419314 0.00645979 0.23004043 0.09601597 0.30700256 0.06170345 0.10855044 0.08257861 0.08105755 0.02631397
0.03953654 0.00329378 0.00382393 0.00396936 0.00394737 0.23005659 0.09794480 0.30727328 0.06785820 0.09457985 0.08606924 0.08274024 0.04678356
0.03792347 0.00680250 0.00092107 0.00935063 0.02382094 0.23072225 0.09917803 0.30782614 0.07095446 0.08483206 0.09508141 0.08268431 0.03195359
0.03602890 0.00308213 0.00107548 0.00466266 0.01865877 0.23164256 0.09870477 0.30935985 0.06895666 0.09267766 0.09221837 0.08098196 0.03827165
0.03482663 0.00219768 0.00182426 0.00409280 0.00466072 0.23264494 0.10888704 0.31014682 0.06186929 0.10816888 0.08684235 0.08162974 0.02736505
0.03361499 0.00238255 0.00264622 0.00140998 0.00290662 0.23462361 0.10306798 0.30984868 0.05858287 0.12633110 0.08247010 0.07882478 0.04036011
0.03417339 0.00332713 0.00128490 0.00221263 0.00376264 0.23472167 0.09642852 0.31046664 0.05501825 0.13055777 0.07995276 0.08013243 0.02795942
0.03514841 0.00344762 0.00184989 0.00194024 0.03476202 0.23544289 0.09946562 0.30955367 0.05483695 0.12373518 0.08203817 0.08250121 0.03212302
0.03644424 0.00431769 0.00099707 0.00564122 0.02687291 0.23716095 0.10119179 0.30883199 0.06142800 0.09865749 0.09216197 0.08207782 0.03764780
0.03739239 0.00333275 0.00146235 0.00493394 0.02362455 0.23631375 0.10703401 0.31057515 0.06923270 0.08019274 0.08626385 0.08333111 0.03104415
0.03713536 0.00581631 0.00131857 0.00393303 0.03795646 0.24021837 0.10322847 0.31100147 0.07245406 0.08562361 0.09646902 0.08444090 0.02818189
0.03747076 0.00926371 0.00103320 0.00902231 0.05178564 0.23552770 0.09786132 0.31151487 0.07259638 0.09917567 0.08509587 0.08314762 0.02735618
0.03810654 0.00630031 0.00348214 0.00611870 0.05272717 0.23536060 0.10468425 0.31135716 0.05602451 0.11737112 0.08169200 0.08007240 0.02633826
0.03813618 0.00386619 0.00132267 0.00501542 0.03229989 0.23440824 0.10235089 0.30955237 0.04829203 0.12526531 0.07167281 0.07751950 0.02614360
0.03768350 0.00255581 0.00223203 0.00042236 0.00304275 0.23452929 0.09937258 0.30905447 0.07149145 0.12414482 0.07778265 0.07835497 0.02488026
0.03745355 0.00442356 0.00153592 0.00097477 0.00474003 0.23053676 0.10465136 0.30789351 0.06653314 0.10778450 0.07902964 0.08004348 0.02648903
0.03758198 0.00478779 0.00109172 0.00576000 0.02316703 0.23059396 0.10452124 0.30697332 0.07184310 0.08542835 0.09343478 0.08303831 0.02547687
0.03805011 0.00698368 0.00119382 0.00802568 0.02673034 0.22806918 0.10966579 0.30656154 0.06871169 0.07807997 0.08992069 0.08382540 0.03210333
0.03758266 0.00769174 0.00067193 0.00762080 0.03830708 0.22496475 0.10593688 0.30848413 0.06342262 0.08529581 0.09374793 0.08348913 0.04287217
0.03717104 0.00349962 0.00088793 0.00295529 0.04231333 0.22567703 0.10464701 0.30927730 0.06578553 0.10255852 0.08136798 0.08112102 0.02660128
0.03649803 0.00402954 0.00090684 0.00683210 0.02598570 0.22465622 0.10306879 0.31128185 0.06035706 0.11391487 0.08267804 0.07909364 0.03490667
0.03565300 0.00218243 0.00081872 0.00084993 0.00186455 0.22402961 0.11361574 0.31289651 0.05265808 0.12041459 0.07454602 0.07719205 0.03807485
0.03438892 0.00298215 0.00134198 0.00831905 0.00720996 0.22418589 0.11139897 0.31374208 0.05123941 0.11772878 0.07537089 0.07859006 0.03879379
0.03268840 0.00193980 0.00086642 0.00245578 0.00229338 0.22415818 0.10363694 0.31290582 0.05338239 0.10711864 0.08494219 0.08084343 0.03530384
0.02776709 0.00636331 0.00106176 0.00527299 0.02135481 0.22639509 0.10408519 0.31270662 0.07315072 0.09131022 0.08491870 0.08359075 0.03864299
0.02813330 0.00361268 0.00373684 0.00199304 0.03734198 0.22462958 0.10905190 0.31187674 0.06954919 0.08329360 0.09365749 0.08304132 0.02898906
0.02909902 0.00513152 0.00146938 0.00663435 0.02808539 0.22537614 0.10910548 0.30919066 0.06735792 0.08696346 0.09335825 0.08372396 0.03617905
0.02804858 0.00835796 0.00109030 0.00856052 0.05838863 0.22648930 0.10968405 0.30877758 0.06206246 0.09805045 0.07678348 0.08322563 0.02600354
0.02897882 0.00769476 0.00072520 0.00590277 0.05032811 0.23053608 0.09857637 0.30762510 0.05355896 0.11067671 0.08299376 0.08109662 0.03462695
0.03171212 0.01559634 0.00153616 0.01844817 0.03842520 0.22976982 0.10379950 0.30768550 0.05225562 0.12292033 0.07452382 0.08167262 0.02697021
0.03012811 0.00419930 0.00100308 0.00485094 0.05284473 0.23556136 0.10391476 0.30697440 0.05210831 0.10973944 0.07284692 0.08764045 0.03033901
0.03105125 0.00646041 0.00151126 0.00479299 0.03816346 0.23440164 0.10335201 0.30629422 0.06062044 0.10216838 0.07849903 0.08077577 0.02629726
0.03181799 0.00786425 0.00083226 0.00553841 0.04052277 0.24077917 0.10096317 0.30734355 0.06902075 0.09173817 0.08882991 0.08514126 0.02769262
0.03256255 0.00456166 0.00059775 0.00354119 0.03775305 0.23683220 0.09965483 0.30658885 0.07081241 0.08629445 0.08905237 0.08470251 0.03196610
0.03277274 0.00348856 0.00153292 0.00733858 0.04329651 0.24048581 0.10375118 0.30835723 0.06737199 0.09238139 0.08847297 0.08330779 0.02637198
0.03227226 0.00309132 0.00171738 0.00716317 0.01328574 0.23770701 0.11340852 0.30776042 0.05990921 0.10528123 0.08033652 0.08382653 0.03942229
0.03153449 0.00704821 0.00148665 0.00847388 0.04924025 0.23631062 0.10568382 0.30973263 0.05253846 0.12051080 0.07948182 0.08044115 0.02619569
0.03092847 0.00906106 0.00108476 0.01112438 0.05000810 0.23584532 0.10711000 0.31083366 0.05246248 0.12184092 0.07961793 0.08170376 0.03464027
0.03067062 0.01081569 0.00106437 0.01143697 0.04123667 0.23208694 0.10374253 0.31004910 0.05447580 0.11113640 0.07565975 0.07844092 0.03344833
0.03000415 0.00791317 0.00118858 0.00972018 0.06132683 0.23338149 0.09695814 0.31171954 0.05982991 0.09777590 0.08558280 0.08034412 0.03628628
0.02894037 0.00642292 0.00123158 0.01134681 0.03778001 0.23016249 0.10194250 0.30886666 0.06766540 0.09350921 0.08636097 0.08197089 0.04125733
0.02738905 0.00803218 0.00210996 0.01046311 0.03566691 0.22862100 0.10503343 0.30711975 0.06596099 0.08842752 0.09253345 0.08533433 0.03710320
0.02636764 0.00545132 0.00190404 0.00546974 0.04202376 0.22710310 0.10928887 0.30628191 0.05893349 0.09090776 0.08601809 0.08817045 0.02781356
0.02750194 0.00740354 0.00144725 0.00678485 0.01269363 0.22603916 0.10953657 0.30450331 0.05452504 0.10197949 0.08157474 0.08266652 0.02806907
0.02794701 0.00363265 0.00111535 0.00349890 0.03434470 0.22465686 0.11157893 0.30643956 0.05979930 0.11247151 0.07235053 0.08187630 0.04425178
0.02898224 0.00244809 0.00088824 0.00378586 0.04075645 0.22646464 0.10584078 0.30815816 0.05194097 0.11579256 0.07986449 0.08113187 0.02701790
0.02927582 0.00498987 0.00400025 0.00378527 0.03107270 0.22049791 0.10643465 0.30934949 0.05461656 0.10943159 0.07333671 0.08010123 0.03707689
0.03019698 0.00223207 0.00151319 0.00636281 0.00724404 0.22783376 0.11174763 0.31207402 0.06220803 0.09906460 0.07996565 0.08324433 0.03859984
0.03119339 0.00228048 0.00186020 0.00247666 0.03222194 0.22249099 0.10261896 0.31162281 0.06062720 0.09114552 0.08892972 0.08121177 0.03205390
0.03144870 0.00299185 0.00124160 0.00440918 0.02248016 0.22578359 0.10947289 0.31178012 0.06444531 0.09238673 0.08357194 0.08154593 0.02811190
0.02952457 0.00280141 0.00178971 0.00070208 0.00309456 0.22584854 0.10599769 0.30985664 0.06337402 0.09860840 0.08452950 0.08521075 0.02742228
0.03182884 0.00385003 0.00118992 0.00337570 0.03313879 0.22925044 0.11408260 0.31165137 0.05114092 0.10327923 0.08399456 0.08283208 0.02742766
0.03489037 0.00332776 0.00090508 0.00399597 0.05547163 0.23022866 0.10689448 0.30854227 0.04974903 0.10682100 0.07477055 0.08217817 0.02893600
0.03550108 0.00692062 0.00347106 0.00751283 0.05455956 0.23302986 0.11190770 0.31089668 0.05984616 0.10890160 0.07249112 0.08352244 0.02692210
0.03413780 0.00938909 0.00110934 0.00990976 0.05485949 0.23421570 0.09953084 0.31004931 0.05456199 0.10438580 0.08627373 0.08156750 0.02794335
0.03366554 0.00678879 0.00409507 0.00569335 0.04287308 0.23467337 0.10702090 0.30997933 0.05827955 0.09189723 0.08603968 0.08668545 0.02638452
0.03261827 0.00616493 0.00240316 0.00718953 0.03386369 0.23519622 0.09742896 0.30957830 0.06232022 0.09056599 0.08676460 0.07866951 0.02984604
0.03362032 0.00743835 0.00107844 0.00655033 0.03628305 0.24007311 0.10789074 0.31061287 0.07572832 0.08041325 0.08454746 0.08299109 0.03153184
0.03531239 0.00587817 0.00106225 0.00413456 0.02945183 0.23936250 0.10454189 0.30832115 0.06824164 0.09064314 0.08362298 0.08156757 0.04129399
0.03533133 0.00337667 0.00147488 0.00562596 0.02500511 0.24205145 0.11362495 0.30849323 0.05503582 0.10046557 0.08017425 0.08289096 0.04744557
0.03497426 0.00299479 0.00126969 0.00545699 0.01090499 0.24603059 0.10446317 0.30866539 0.04753988 0.11226856 0.08177088 0.08131331 0.02788579
0.03427355 0.00289916 0.00096472 0.00261991 0.02820446 0.24501113 0.10655659 0.31101616 0.05072915 0.11367966 0.07247796 0.08179638 0.04889795
0.03347531 0.00903614 0.00093317 0.01005068 0.03649699 0.24432124 0.10271599 0.31182653 0.05243946 0.10539850 0.08622057 0.08009836 0.02748782
0.03118929 0.00244574 0.00227411 0.00269302 0.03654853 0.24259232 0.10461432 0.31312855 0.06139266 0.09335130 0.07721958 0.07981856 0.03130953
0.02894492 0.00158716 0.00109050 0.00302569 0.00278548 0.23997609 0.09585463 0.31318851 0.06115810 0.08894747 0.08574867 0.08055866 0.04373186
0.02829734 0.00421584 0.00123846 0.00382580 0.02848401 0.23899859 0.10381973 0.31298801 0.06328355 0.08462145 0.08814323 0.07826544 0.02601559
0.02822851 0.00353429 0.00142093 0.00349386 0.03628786 0.23740808 0.09908071 0.31114193 0.06289184 0.09856472 0.08084101 0.07914776 0.04134909
0.02963422 0.00300829 0.00122888 0.00390867 0.02300775 0.23761962 0.11054505 0.30987432 0.05475827 0.10436180 0.07482689 0.08095317 0.02985522
0.02998409 0.00277580 0.00236454 0.00627296 0.04583596 0.23354276 0.10460911 0.30794385 0.04780475 0.10927936 0.08006911 0.08075908 0.03483220
0.03007541 0.01492489 0.00179713 0.01505907 0.03042956 0.23455524 0.10858077 0.30853402 0.04964961 0.11337226 0.07054944 0.08402457 0.03029515
0.03080496 0.00567255 0.00109215 0.00752513 0.03811194 0.23241458 0.09811321 0.30882014 0.05171185 0.10187322 0.08161108 0.08044786 0.03213394
0.02946997 0.01356547 0.00193987 0.01454441 0.03108964 0.23044663 0.10566230 0.31148908 0.05896477 0.10103358 0.07672412 0.08192283 0.04342942
0.03383417 0.00896422 0.00092398 0.00863188 0.05050378 0.23419161 0.09805519 0.31040041 0.06330902 0.09020840 0.08184176 0.08025997 0.03558274
0.03345536 0.01002111 0.00150740 0.01232765 0.03068122 0.22767219 0.10384119 0.31257518 0.06394215 0.08583077 0.08659646 0.08065348 0.03581592
0.04027504 0.00896400 0.00103530 0.01001530 0.05431564 0.23001064 0.10645937 0.31149908 0.06128266 0.08879043 0.08852260 0.08037550 0.03428854
0.03968656 0.00834330 0.00450149 0.00839368 0.03874790 0.22777239 0.10665046 0.31061296 0.05839373 0.10446379 0.08093796 0.08396609 0.02928937
0.04011188 0.01036379 0.00121659 0.01134137 0.06224243 0.23040975 0.10449828 0.31053968 0.04951675 0.10804805 0.07620948 0.08162981 0.02660294
0.04033234 0.00404686 0.00098375 0.00235131 0.03924429 0.23211865 0.10659686 0.30956797 0.04624705 0.11477583 0.07985308 0.08285298 0.03065091
0.04066876 0.00660595 0.00093610 0.00776890 0.04908827 0.23174953 0.10614496 0.30990591 0.04963890 0.11311633 0.07655077 0.08194496 0.02670348
0.03904003 0.00726651 0.00123695 0.00958492 0.03004337 0.23529088 0.11365147 0.30946369 0.05159025 0.10365576 0.07864380 0.08012595 0.02648245
0.03752356 0.00370350 0.00086264 0.00559977 0.05813395 0.23584032 0.10485448 0.31116774 0.05842779 0.09284514 0.08633325 0.08056556 0.02840819
0.03542501 0.00798188 0.00078674 0.00993538 0.03945241 0.23632524 0.10830640 0.31082658 0.06412093 0.09594814 0.08580981 0.08077275 0.02755132
0.03325575 0.00356322 0.00143097 0.00297140 0.03964664 0.24139515 0.10528430 0.31179295 0.05907142 0.09119363 0.08827258 0.07933595 0.02883122
0.03458625 0.00546737 0.00089135 0.00553487 0.04411915 0.23992760 0.10335014 0.30985468 0.05968770 0.09328615 0.08128581 0.07937295 0.02588931
0.03432601 0.00211348 0.00088503 0.00088773 0.00235712 0.24272579 0.10356777 0.30844409 0.05622640 0.09860072 0.07914402 0.08030600 0.05108685
0.03279809 0.00409664 0.00127264 0.00445689 0.00664545 0.24244016 0.10964992 0.30772815 0.05965227 0.11085707 0.07429535 0.08214004 0.02937262
0.03202595 0.00220926 0.00155859 0.00130882 0.03182195 0.24394060 0.10331913 0.30744011 0.04883750 0.10999268 0.07793555 0.08082681 0.03530265
0.03399053 0.00465948 0.00145074 0.00751262 0.04375918 0.24264700 0.10820580 0.30742686 0.05092022 0.10140296 0.07618627 0.08055092 0.02613447
0.03537213 0.00347763 0.00108848 0.00149711 0.02199789 0.24458749 0.10354699 0.30783513 0.05002891 0.08876694 0.07662116 0.08084327 0.02754906
0.03495654 0.00678472 0.00105317 0.00596705 0.04981789 0.24199705 0.10073933 0.30931123 0.05892140 0.07674371 0.07736554 0.08644214 0.02529085
0.03404262 0.00568409 0.00142359 0.00685993 0.05429063 0.24325767 0.10250385 0.30979439 0.05555049 0.07227014 0.08390174 0.07852603 0.02657686
0.03455974 0.01318391 0.00175018 0.01438733 0.04549680 0.24046489 0.09655252 0.30928138 0.05661881 0.08477337 0.07813440 0.07785223 0.04350483
0.03342230 0.00853672 0.00111450 0.01090343 0.04641546 0.24042278 0.10758561 0.30978008 0.05722570 0.09036582 0.07177359 0.07927654 0.02627900
0.03442603 0.00493396 0.00099490 0.00584882 0.03206634 0.23851005 0.09650565 0.30646507 0.05346734 0.08279944 0.07984957 0.07964315 0.03977686
0.03391719 0.00332049 0.00242559 0.00688172 0.02966367 0.23918007 0.11072989 0.30768542 0.04878534 0.09698153 0.06749116 0.08217789 0.02805809
0.03344191 0.00376717 0.00082392 0.00469388 0.04669067 0.23568428 0.10745535 0.30545114 0.04120443 0.09281432 0.07491409 0.07924876 0.03386424
0.03104006 0.00549741 0.00118642 0.00622845 0.03533297 0.23401571 0.10866672 0.30757372 0.04399456 0.09105949 0.07245731 0.08019319 0.03010780
0.02914707 0.00591192 0.00154888 0.00319623 0.01549551 0.23578836 0.09901418 0.30780719 0.05653257 0.08310117 0.07805427 0.08072173 0.03617149
0.02604942 0.00273474 0.00196313 0.00174939 0.00116045 0.23337737 0.11028352 0.30837641 0.06455197 0.08716343 0.07158494 0.08087622 0.02846702
0.02406818 0.00391687 0.00160832 0.00264356 0.02639477 0.23064737 0.10244558 0.30790175 0.05127329 0.07965168 0.08459141 0.08126153 0.03550063
0.02470683 0.00517935 0.00111530 0.00663763 0.02723347 0.23433020 0.11243170 0.30842161 0.05314585 0.08050690 0.07311898 0.07900587 0.03603783
0.02595710 0.00396862 0.00080288 0.00274738 0.03983611 0.22972955 0.10415028 0.30654820 0.04690009 0.08732500 0.08055428 0.08054318 0.03085388
0.02682151 0.00268756 0.00119970 0.00517513 0.04960819 0.23526719 0.10718375 0.30787238 0.04977055 0.09727671 0.06990303 0.08328572 0.03542947
0.02739958 0.01475115 0.00116862 0.01902614 0.06098568 0.23234822 0.10044258 0.30795823 0.05163461 0.08999257 0.07769679 0.08394558 0.03026167
0.02834609 0.00894737 0.00094983 0.01132942 0.05808238 0.24093943 0.10358259 0.30788761 0.04981258 0.08162036 0.07135002 0.08070717 0.03806218
0.02911515 0.00816454 0.00070455 0.00947566 0.03542398 0.24135960 0.10519413 0.30786099 0.04676049 0.07332727 0.08195287 0.07917723 0.04642913
0.02923938 0.00503162 0.00078478 0.00448158 0.02694933 0.24177103 0.11362409 0.30821591 0.06012189 0.06600723 0.07190481 0.07918380 0.04093976
0.02884258 0.00318748 0.00106091 0.00364447 0.03283465 0.24575865 0.10625110 0.30891270 0.05403168 0.06890725 0.08248001 0.07899205 0.04946621
0.02718255 0.01238875 0.00093717 0.01473212 0.06703499 0.24311242 0.10354065 0.30957418 0.04787198 0.07898805 0.07002416 0.07799770 0.03091416
0.03857532 0.00480558 0.00209115 0.00792406 0.05548126 0.24393343 0.09548532 0.30844272 0.03940697 0.09161719 0.07860557 0.08049233 0.04676904
0.03989644 0.00871896 0.00163837 0.00938277 0.03951051 0.24392640 0.10117910 0.30605078 0.04547924 0.09703522 0.06476416 0.08130288 0.04285539
0.04282801 0.00602050 0.00112368 0.00928927 0.06195098 0.24459799 0.09945099 0.30431355 0.04555661 0.08469821 0.07186434 0.08242550 0.03198917
0.04473133 0.00560982 0.00120763 0.00896931 0.02919914 0.24279603 0.11406284 0.30406207 0.04325725 0.07376520 0.06823935 0.08202564 0.03741492
0.04470962 0.01046741 0.00225180 0.00729715 0.03422348 0.24461006 0.10087189 0.30613182 0.06469539 0.06490945 0.07660597 0.08431962 0.03744580
0.04597935 0.00580351 0.00147285 0.00865985 0.04655872 0.24010034 0.10300555 0.30899906 0.05953397 0.06454698 0.07151148 0.08263673 0.04653679
0.04604111 0.00864580 0.00185997 0.01005810 0.03847163 0.24173366 0.09956641 0.30962873 0.04796198 0.07409256 0.07878670 0.08129105 0.03722589
0.04388454 0.00521477 0.00125020 0.00588447 0.02534234 0.24136117 0.10212261 0.31119264 0.05254874 0.08097676 0.07315800 0.07669466 0.03780842
0.04127606 0.00239157 0.00110100 0.00294387 0.03246373 0.24044807 0.10547655 0.31143212 0.04988982 0.07702656 0.06763778 0.07672955 0.03231360
0.03783665 0.00793052 0.00113901 0.00519038 0.01941644 0.23964564 0.10875524 0.31110801 0.04979816 0.07531452 0.07019433 0.08044082 0.03323298
0.05407339 0.01521196 0.00093471 0.01512374 0.04004269 0.23692544 0.10448249 0.31054075 0.05658874 0.07486832 0.07716745 0.08124942 0.03236850
0.05418269 0.00803812 0.00155235 0.00726318 0.03966238 0.23752138 0.11032271 0.30971399 0.05220314 0.07631229 0.07988626 0.08305141 0.03724612
0.05553916 0.00636818 0.00125513 0.00694027 0.04463855 0.23644271 0.10727691 0.30777643 0.04663815 0.07529269 0.08194779 0.08258759 0.03616944
0.05516141 0.00915420 0.00107652 0.01069182 0.02854739 0.23646499 0.11048806 0.30687224 0.05389889 0.07311294 0.07216231 0.08102587 0.02584648
0.05290404 0.01354679 0.00083412 0.01424226 0.03993881 0.23509182 0.11312102 0.30806649 0.05017841 0.08198902 0.06645030 0.08116994 0.04475621
0.05189139 0.00758708 0.00151063 0.01216425 0.04557021 0.23495407 0.10375677 0.30833192 0.04369578 0.08610198 0.07812420 0.08155042 0.03987029
0.05084091 0.00743881 0.00092331 0.00913988 0.05757050 0.23404988 0.10986023 0.30761166 0.04453716 0.09056123 0.06456296 0.07897712 0.03676151
0.05178835 0.00525019 0.00097965 0.00281974 0.03723817 0.23593300 0.10527086 0.30831702 0.03887752 0.08701591 0.07291103 0.07816178 0.03095216
0.05184498 0.00212687 0.00138686 0.00057690 0.00185219 0.23886573 0.10693571 0.30765004 0.05010332 0.08634366 0.07915040 0.08037761 0.02687715
0.05624010 0.00360839 0.00097665 0.00121895 0.00239325 0.23981702 0.10909422 0.30946405 0.06177004 0.06742974 0.08597049 0.08220076 0.03839978
0.05660953 0.00275913 0.00075967 0.00082176 0.00218554 0.23951008 0.10749412 0.30828120 0.06612911 0.05784067 0.08658800 0.08104995 0.02822956
0.05631486 0.00210929 0.00122920 0.00043681 0.00132984 0.24341042 0.10718868 0.30825461 0.05755256 0.06879670 0.07775733 0.08013757 0.02892156
0.05590447 0.01180740 0.00055299 0.01152254 0.05616108 0.23951333 0.11571560 0.30840203 0.04341733 0.08742753 0.06967977 0.07949866 0.02694850
0.05488483 0.00316314 0.00118603 0.00203180 0.02479806 0.24479474 0.10729453 0.30917437 0.04597218 0.10343000 0.07507293 0.08115057 0.02794546
0.05474956 0.00118462 0.00086702 0.00044903 0.00123499 0.24282313 0.10573754 0.30722948 0.03855672 0.10148954 0.07760527 0.07680188 0.02699622
0.05361360 0.00712370 0.00086313 0.00716052 0.02730583 0.24599187 0.10201967 0.30931993 0.04367169 0.08625137 0.07680629 0.07857085 0.02629944
0.05367646 0.01319773 0.00116585 0.01326027 0.01575725 0.24310801 0.10220722 0.30691271 0.05696836 0.07216851 0.07842524 0.07774217 0.02516293
0.05219506 0.00420729 0.00067772 0.00093849 0.00494071 0.24256266 0.09839653 0.30631533 0.06958128 0.06704634 0.08030156 0.08071933 0.02518510
0.05272303 0.00140143 0.00403433 0.00063245 0.00087376 0.24261339 0.10041735 0.30535551 0.05960539 0.06894473 0.08109241 0.08667227 0.02445118
0.05176094 0.00289460 0.00187046 0.00621259 0.00380275 0.24308798 0.09783246 0.30695295 0.05191889 0.09074026 0.07535793 0.08258968 0.04392912
0.05201331 0.00371054 0.00106061 0.00388126 0.02179578 0.24531679 0.10008820 0.30729777 0.03880154 0.09460909 0.07328077 0.07939251 0.02651456
0.05218361 0.00597489 0.00144153 0.00643590 0.04255080 0.24289540 0.10216819 0.30916237 0.04154287 0.10542551 0.06669587 0.08749307 0.02453327
0.05324305 0.01029030 0.00289757 0.01297233 0.04321772 0.24430858 0.09956446 0.31175397 0.04992475 0.10940040 0.06915084 0.07754286 0.03672586
0.05310957 0.00546336 0.00078457 0.00501558 0.05278378 0.24124225 0.10567800 0.31238937 0.05102815 0.08901697 0.07278125 0.07838543 0.02828742
0.05388836 0.01159538 0.00128882 0.01149822 0.06224168 0.24135996 0.10117644 0.31292140 0.04628888 0.08157131 0.07391641 0.07707122 0.02680724
0.05421435 0.00730266 0.00115239 0.01315768 0.05780172 0.23823829 0.10209527 0.31226432 0.05161291 0.07771819 0.08131763 0.08054683 0.02721196
0.05392270 0.00393487 0.00070525 0.00278046 0.03829960 0.24154893 0.10704700 0.31138636 0.05619620 0.07083761 0.07786272 0.08025539 0.04048339
0.05402266 0.00603075 0.00240147 0.00658176 0.05373470 0.23454674 0.10461351 0.30877897 0.04920136 0.07090077 0.07995855 0.08671143 0.02626471
0.05295573 0.00905682 0.00111063 0.00781682 0.04393233 0.23863502 0.10491602 0.30739352 0.04340910 0.08329909 0.07279649 0.08039469 0.03137211
0.05240969 0.01374889 0.00110678 0.01316111 0.05205927 0.23475303 0.11203183 0.30811938 0.04124078 0.09820865 0.06621820 0.08205287 0.03476767
0.05235871 0.00442319 0.00153183 0.00709856 0.04058210 0.23650418 0.11196527 0.30810663 0.03834998 0.09855183 0.07524647 0.07973026 0.03886060
0.05261631 0.00484326 0.00099775 0.00722479 0.03742787 0.23747509 0.11260164 0.30917172 0.04251879 0.08645657 0.06853376 0.07922483 0.03848815
0.05122699 0.01532983 0.00050447 0.01668045 0.04926931 0.23866209 0.10778809 0.30979997 0.05261490 0.07532137 0.08089452 0.07902081 0.03903497
0.05141308 0.00479987 0.00376560 0.00420573 0.03794263 0.24147203 0.10407010 0.31070706 0.06517810 0.07063915 0.08236948 0.07844679 0.02971788
0.05047317 0.00469127 0.00118088 0.00882521 0.02231185 0.24502343 0.10647969 0.31152967 0.06723376 0.06887534 0.08197030 0.08101343 0.05921101
0.05167160 0.00361978 0.00122916 0.00438256 0.00836772 0.24490313 0.10622212 0.31112834 0.06036937 0.07220535 0.08235174 0.08073122 0.02868653
0.05177309 0.00664742 0.00083047 0.00671643 0.01989523 0.25059754 0.10340833 0.31128505 0.04741432 0.08696883 0.07758733 0.08053637 0.03657960
0.05492284 0.00774434 0.00082407 0.00830829 0.02916142 0.24531087 0.10341999 0.31083150 0.05637676 0.10170832 0.07162471 0.07841174 0.04517721
0.05441042 0.00544124 0.00097697 0.00629312 0.04572842 0.25051691 0.10380194 0.31136908 0.05253047 0.10197709 0.07645892 0.08057052 0.02616819
0.05474463 0.00512399 0.00076652 0.00577911 0.03734174 0.24872320 0.10437766 0.31029928 0.04874339 0.08837556 0.07095973 0.07955098 0.02763382
0.05533631 0.01387910 0.00117921 0.01365604 0.02567112 0.24693015 0.09762795 0.31004365 0.06352591 0.08147319 0.07743593 0.07768555 0.02552976
0.05757825 0.00418391 0.00102114 0.00511209 0.03123739 0.24799156 0.10243277 0.30979250 0.05620500 0.07780381 0.07595899 0.07910620 0.02488180
0.05577072 0.00729221 0.00130819 0.00912195 0.03819227 0.24458236 0.09275241 0.30857813 0.05240248 0.07556307 0.08096402 0.07845528 0.02604975
0.05488431 0.00345480 0.00069452 0.00460117 0.03734464 0.24392068 0.09793546 0.30761087 0.05253080 0.08345165 0.06835093 0.08078196 0.04938244
0.05467673 0.00946806 0.00076539 0.00965415 0.05644589 0.24128356 0.09371858 0.30673690 0.04179946 0.08832305 0.08194116 0.07977235 0.02569230
0.05224676 0.00740606 0.00070113 0.01131868 0.04899777 0.24099225 0.09363980 0.30640798 0.04289631 0.09338928 0.06883613 0.07963623 0.04874053
0.05183329 0.00593570 0.00061430 0.00733745 0.04230064 0.23946664 0.10423974 0.30705164 0.04014301 0.08707349 0.07692446 0.08047278 0.03450675
0.05291234 0.00544593 0.00044503 0.00585836 0.05211740 0.23904921 0.10380625 0.30871877 0.04898484 0.07461162 0.07296251 0.08029343 0.04569910
0.05449301 0.00861612 0.00158857 0.00695638 0.01691813 0.23708454 0.10016614 0.30972349 0.05629109 0.06928173 0.07992855 0.08038667 0.04594790
0.05327570 0.00748455 0.00103547 0.01053640 0.04218171 0.24061653 0.10451017 0.31135345 0.05878457 0.07109068 0.07553103 0.07905646 0.03778808
0.05561027 0.00473631 0.00061501 0.00393708 0.02888733 0.23369142 0.10058459 0.30963311 0.05019633 0.07555835 0.08377487 0.07723708 0.02901825
0.05478317 0.01233414 0.00131201 0.01218223 0.01763609 0.23696914 0.10564174 0.31051794 0.04724037 0.07851290 0.06852709 0.07976504 0.03532408
0.05344642 0.00873957 0.00387718 0.01053179 0.05393026 0.23056236 0.10363131 0.30778169 0.03902186 0.09504379 0.07547959 0.08104890 0.02697154
0.05428882 0.00652744 0.00132375 0.00528627 0.04113479 0.23623128 0.10522768 0.30742685 0.04444543 0.09537822 0.07903816 0.08009721 0.02848999
0.05556118 0.00511606 0.00072920 0.00674790 0.04401110 0.23439562 0.10698584 0.30804336 0.04862938 0.08601690 0.07380062 0.08065065 0.04332696
0.05620168 0.00336966 0.00045172 0.00417873 0.02582855 0.23480357 0.10678901 0.30892763 0.04995760 0.07237462 0.08494233 0.08074760 0.04140850
0.05568099 0.00361061 0.00272601 0.00321224 0.00389556 0.23765793 0.10872684 0.30894096 0.05585556 0.08643948 0.07990493 0.08355509 0.03227074
0.05612018 0.00304290 0.00085002 0.00428074 0.03687362 0.23756269 0.11180861 0.30929364 0.05830904 0.07939700 0.08271612 0.08043413 0.04249810
0.05542103 0.01173955 0.00062571 0.01168420 0.03043288 0.24004073 0.10680166 0.31070576 0.07074086 0.07894149 0.08565797 0.08056095 0.03366792
0.05498215 0.00558250 0.00117084 0.00725154 0.01700222 0.24054595 0.11224101 0.30917595 0.05686374 0.08622493 0.07422239 0.08137894 0.03691415
0.05369268 0.00775326 0.00088470 0.00883617 0.04278346 0.23974939 0.10421719 0.30853806 0.04279131 0.09930833 0.08240268 0.07828548 0.04022246
0.05630466 0.01371279 0.00163457 0.01394828 0.03864479 0.24365991 0.10462368 0.31029170 0.04490440 0.09672177 0.06863790 0.08369908 0.04121059
0.05588278 0.00408943 0.00245031 0.00532901 0.04763101 0.24302100 0.10644448 0.30898470 0.04831414 0.09027495 0.07686343 0.08235846 0.04508627
0.05821505 0.01470248 0.00120222 0.01546582 0.03706430 0.24275046 0.10783428 0.30911869 0.05719717 0.07589910 0.07733100 0.08306079 0.03046930
0.05937967 0.00654318 0.00063594 0.00610298 0.04883767 0.24462354 0.09704068 0.30902152 0.06549551 0.07240422 0.08453227 0.08279435 0.02860182
0.06006705 0.00444497 0.00197772 0.00682225 0.03692411 0.23948118 0.10077640 0.30922054 0.06119612 0.09405455 0.07890485 0.08885704 0.03996140
0.06114026 0.00988954 0.00117047 0.01088032 0.01717118 0.24264042 0.09767309 0.30959848 0.04958235 0.09380991 0.08459540 0.07750547 0.02507150
0.06077087 0.00345251 0.00100538 0.00042843 0.00167539 0.24296023 0.09293687 0.30912311 0.04911136 0.10660079 0.07165669 0.07668601 0.02600667
0.05982535 0.00472670 0.00109055 0.00571062 0.03268969 0.23803111 0.09767952 0.30818619 0.04983258 0.10936281 0.07207250 0.07608219 0.03088038
0.05898323 0.00709926 0.00083013 0.00810087 0.03862547 0.23950508 0.09487373 0.31016999 0.05173573 0.09807060 0.08299371 0.08008191 0.03625508
0.05853628 0.00557562 0.00104869 0.01021438 0.01924248 0.23399166 0.09637804 0.30728773 0.05517777 0.08163347 0.08746208 0.08159832 0.05990652
0.05722438 0.00792881 0.00087638 0.00687148 0.01403048 0.23492149 0.10736682 0.30660842 0.05847185 0.07293568 0.07927544 0.08357716 0.04085154
0.05688936 0.00445077 0.00088741 0.00750250 0.03973817 0.23184169 0.09533192 0.30591907 0.05535780 0.08031962 0.09033935 0.08158481 0.03979430
0.05669123 0.00197379 0.00110866 0.00301001 0.03030779 0.23264843 0.10181599 0.30723870 0.05754224 0.09014383 0.07329308 0.08140234 0.03062007
0.05655216 0.00267173 0.00126967 0.00498735 0.02618963 0.23200159 0.09815186 0.30819038 0.05545697 0.10335745 0.07112585 0.07758169 0.02821502
0.05605517 0.00906011 0.00428029 0.00870488 0.03436851 0.23062100 0.10208347 0.31008561 0.04559795 0.10416295 0.07552448 0.07681624 0.02413502
0.05687238 0.00676434 0.00164430 0.00906448 0.03417205 0.23318608 0.09943609 0.31003533 0.05135423 0.10103880 0.07362606 0.07932014 0.04499052
0.05682895 0.01599419 0.00087842 0.01435184 0.04078502 0.23298531 0.10738998 0.31057069 0.05325336 0.09085402 0.07792599 0.07784193 0.03036855
0.05745270 0.00440647 0.00069033 0.00565357 0.04603012 0.23402007 0.09728072 0.30916490 0.05953621 0.07924019 0.08864412 0.08132844 0.02721866
0.05935903 0.00519052 0.00224929 0.00339435 0.04097398 0.23404956 0.10565140 0.30880485 0.06147076 0.08099482 0.07641946 0.08142624 0.03166775
0.06264239 0.00375860 0.00083224 0.00733220 0.00638576 0.23534005 0.09934725 0.30875375 0.05708070 0.08937702 0.09262241 0.08480930 0.03962466
0.06542767 0.00706444 0.00059746 0.00741899 0.02933736 0.23628614 0.11953129 0.30989740 0.05394905 0.09682011 0.07322134 0.08171081 0.03175298
0.06578035 0.00506142 0.00062329 0.00425920 0.04782456 0.23704238 0.10997873 0.30883064 0.04985882 0.10201039 0.07248371 0.07867483 0.02826134
0.06593234 0.00458667 0.00144296 0.00675450 0.02757812 0.23996998 0.10445248 0.31109704 0.05289184 0.09910679 0.07724713 0.07911170 0.03908556
0.06533664 0.00427516 0.00093733 0.00446262 0.03886031 0.24138838 0.10433433 0.30938974 0.05018218 0.09716507 0.07971265 0.07785273 0.03066582
0.06182743 0.00838269 0.00080021 0.00749911 0.02492957 0.24172889 0.09967823 0.31013301 0.05889521 0.08390131 0.07972170 0.07842985 0.02460351
0.05769973 0.00572612 0.00177212 0.00433785 0.03383263 0.24505491 0.09392018 0.30801551 0.06294744 0.07577487 0.08182962 0.08156463 0.02452620
0.05427646 0.00613936 0.00143140 0.00463723 0.02245862 0.24707622 0.09871678 0.30827724 0.06655357 0.07998305 0.07632891 0.08110491 0.02349907
0.05603639 0.00288787 0.00113669 0.00189770 0.04788896 0.25050117 0.09393386 0.30771586 0.05521661 0.08566004 0.07860041 0.08148470 0.03298491
0.05735732 0.00508260 0.00110595 0.00604017 0.02873716 0.25154904 0.09377467 0.30761271 0.05500718 0.08716554 0.07680565 0.08258244 0.02678900
0.05796954 0.00379956 0.00140193 0.00219597 0.02054503 0.24817954 0.09341366 0.30724591 0.05348011 0.10050089 0.07405382 0.08029189 0.03286918
0.05765006 0.00615950 0.00110062 0.00984380 0.01857005 0.24991848 0.09435898 0.30906761 0.05268400 0.10169748 0.07212039 0.07807689 0.02466882
0.05620845 0.00729444 0.00091378 0.00984961 0.03850465 0.24640935 0.08815756 0.30990903 0.04750001 0.09583992 0.07985048 0.07535842 0.04411468
0.05514821 0.00823566 0.00083168 0.01110047 0.03771412 0.24527327 0.09522135 0.31068342 0.06021495 0.08114732 0.07911371 0.07696715 0.02542101
0.05326254 0.00450922 0.00148957 0.00364399 0.03398654 0.24659008 0.08974967 0.31120586 0.06157616 0.07596804 0.08371880 0.07782752 0.03944103
0.05064859 0.00233691 0.00090109 0.00333486 0.02127597 0.23860953 0.09758899 0.30902447 0.05821948 0.08060940 0.08000029 0.07960676 0.02507494
0.04935806 0.00323267 0.00103728 0.00333589 0.02690590 0.24127659 0.10023200 0.30889728 0.05013446 0.09092782 0.08145091 0.07966984 0.03238392
0.04878942 0.00266373 0.00280562 0.00149702 0.03241176 0.23445638 0.09537902 0.30735603 0.04736403 0.11274630 0.07615224 0.08002499 0.02602101
0.04599302 0.00470250 0.00214977 0.00539463 0.03019644 0.23469622 0.09977181 0.30765028 0.04984599 0.10962841 0.06715807 0.08151687 0.02700158
0.04609657 0.01019267 0.00113256 0.01097236 0.03715694 0.23310342 0.10364508 0.31029864 0.05322820 0.09885189 0.07218568 0.08234550 0.03151827
0.04505715 0.00509426 0.00071559 0.00590998 0.05565868 0.23142298 0.10165566 0.31028470 0.05940073 0.08603391 0.08639025 0.08083050 0.02674883
0.04841857 0.00600970 0.00094722 0.00625135 0.04993137 0.23467414 0.10386607 0.31182892 0.06202077 0.07571914 0.08255627 0.08081687 0.02867595
0.05039944 0.00682532 0.00061981 0.00654792 0.05092839 0.23343201 0.10644760 0.31249245 0.06575079 0.06975732 0.08669397 0.07875034 0.02534169
0.05046983 0.00682606 0.00078113 0.00507027 0.05912106 0.23490602 0.11159338 0.31171286 0.05873945 0.08347462 0.08389067 0.08028651 0.02699891
0.04990152 0.00943861 0.00386844 0.00632957 0.04597502 0.23484200 0.11322027 0.31090777 0.06646741 0.10678765 0.07698069 0.08788928 0.02919993
0.04919469 0.00352297 0.00151318 0.00456683 0.02266941 0.23487606 0.10668336 0.30913929 0.04990938 0.11346016 0.08418315 0.08138940 0.04499635
0.04903222 0.00180668 0.00142827 0.00279187 0.05413439 0.23461828 0.11262221 0.30806650 0.04520230 0.11612592 0.07183040 0.08459256 0.03048442
0.04947491 0.00476553 0.00119443 0.00575483 0.03521481 0.23529662 0.10303506 0.30828368 0.05117943 0.10393324 0.08180879 0.08305916 0.03957761
0.05061728 0.00595971 0.00123949 0.00438150 0.02810440 0.23518120 0.10468751 0.30938327 0.06916476 0.08977028 0.08254399 0.08177617 0.02702283
0.04986310 0.00498449 0.00145102 0.00285265 0.02495259 0.23819208 0.10194449 0.30989629 0.06191522 0.07584754 0.09444076 0.08090902 0.02822263
0.04935179 0.00438359 0.00080237 0.00588491 0.02683209 0.23639490 0.10716714 0.30933856 0.06383413 0.07703440 0.07966209 0.07801779 0.02332799
0.04692575 0.00191322 0.00078137 0.00051300 0.00102691 0.23914020 0.09540248 0.30715832 0.05649140 0.09642276 0.08224437 0.07844186 0.02421125
0.04839357 0.01045208 0.00150389 0.00992808 0.01891482 0.23996251 0.10114574 0.30671853 0.05027460 0.11877418 0.06571739 0.07667245 0.02390222
0.05748320 0.00734007 0.00101837 0.00848306 0.05102231 0.23945248 0.08966765 0.30571205 0.04196639 0.11475411 0.07749809 0.07957627 0.02619332
0.05474519 0.00469676 0.00143086 0.00443640 0.03954784 0.24280579 0.09425598 0.30653812 0.06233947 0.10151449 0.06328857 0.08280470 0.03403954
0.05342415 0.00407129 0.00106287 0.00261572 0.02039559 0.23977546 0.08656200 0.30425867 0.05738455 0.08613325 0.09312869 0.08193554 0.02559663
0.05321847 0.00643143 0.00109654 0.01008152 0.03507475 0.24407659 0.09202573 0.30681250 0.07222477 0.07924387 0.08654924 0.08178471 0.03436861
0.05292692 0.00747765 0.00102566 0.00878392 0.03982769 0.24073535 0.08407205 0.30633872 0.06678751 0.07209957 0.09218363 0.08042834 0.03417734
0.05250993 0.00511361 0.00133308 0.00545540 0.04164178 0.24131517 0.09390238 0.30743094 0.05850449 0.08420352 0.07550128 0.07786666 0.04434602
0.05240800 0.00344483 0.00077607 0.00396469 0.03452560 0.23911966 0.09016105 0.30748186 0.04732214 0.10557257 0.07880434 0.07551924 0.03450734
0.04516394 0.01067336 0.00078662 0.01161547 0.03641823 0.23501078 0.09461225 0.30710713 0.05193624 0.11908170 0.06124465 0.07657653 0.02460938
0.04569832 0.00344724 0.00064010 0.00632304 0.02788699 0.23227175 0.08919957 0.30603829 0.04270322 0.11424044 0.07368323 0.07902178 0.02808281
0.04544279 0.00305053 0.00247346 0.00562547 0.03256704 0.23340097 0.09441350 0.30623553 0.04973994 0.10424620 0.06927135 0.08041206 0.02870160
0.04491000 0.00433139 0.00072051 0.00644661 0.02787730 0.22668131 0.09652531 0.30499321 0.06147657 0.09122850 0.08414584 0.08111777 0.03772658
0.04456851 0.00259523 0.00055012 0.00435539 0.02219573 0.22980687 0.10428251 0.30694953 0.06433840 0.07673705 0.09047828 0.08362550 0.04544664
0.04529277 0.00817820 0.00053439 0.01194999 0.03698671 0.22698983 0.09468934 0.30675091 0.07566238 0.06755273 0.09497350 0.08170533 0.02913308
0.04413471 0.00795449 0.00091113 0.00845690 0.04890779 0.22969122 0.11020216 0.30915757 0.06354615 0.07497354 0.08231219 0.08182911 0.04185117
0.04238966 0.00738149 0.00362304 0.00713449 0.04765395 0.22807392 0.10020170 0.30715313 0.05180028 0.10187015 0.08462534 0.07826264 0.03406895
0.04140538 0.00585508 0.00120609 0.00517687 0.05473493 0.22874020 0.10286018 0.30845372 0.04487504 0.12060007 0.07212227 0.07778708 0.02916925
0.03972157 0.00498384 0.00117757 0.00648297 0.05974369 0.22939217 0.10856057 0.30553680 0.05511437 0.11554082 0.06830159 0.07986414 0.02705278
0.03954305 0.00398672 0.00082360 0.00115532 0.01579313 0.23150640 0.11105271 0.30513737 0.05204908 0.10353206 0.07637842 0.08193338 0.02892514
0.03998094 0.00244849 0.00069798 0.00396923 0.03719295 0.23200817 0.11055131 0.30434365 0.05188338 0.09035205 0.08078751 0.08251742 0.02868255
0.04026071 0.00221185 0.00117319 0.00170364 0.01365968 0.23178691 0.10850126 0.30383376 0.05849270 0.08528867 0.08721429 0.08406481 0.02969969
0.03931402 0.00996187 0.00133398 0.01044871 0.03012960 0.23380515 0.10383526 0.30633623 0.06031194 0.07514478 0.08774977 0.08062786 0.02820182
0.03966582 0.00404165 0.00101320 0.00456073 0.03936286 0.23609851 0.10555171 0.30707514 0.05746777 0.07695984 0.08164090 0.08058892 0.02595371
0.04052551 0.00273932 0.00059572 0.00380238 0.03170178 0.23591993 0.10090422 0.30748482 0.05580895 0.09206738 0.07923683 0.07786569 0.02507943
0.04059122 0.00289141 0.00062329 0.00582572 0.03228648 0.23561123 0.09680104 0.30729033 0.04928311 0.10484095 0.08065717 0.07692498 0.04304170
0.03971946 0.00383558 0.00239724 0.00664231 0.00946329 0.23673406 0.09557737 0.30625853 0.04786636 0.10719004 0.06959771 0.07844748 0.02937979
0.03925609 0.00241883 0.00089910 0.00597778 0.00601937 0.23683758 0.08783530 0.30657237 0.04923867 0.10298788 0.07612532 0.08199116 0.06804914
0.03902410 0.00705991 0.00064443 0.00587714 0.05517792 0.24120740 0.09103547 0.30614712 0.06671371 0.09604610 0.07634285 0.08228014 0.03756670
0.03862067 0.00579006 0.00089284 0.00616652 0.02490655 0.23943773 0.08806622 0.30502062 0.06176314 0.09126065 0.08375810 0.07990730 0.04742715
0.03718588 0.00179974 0.00115784 0.00211516 0.00228978 0.24172724 0.09913276 0.30539863 0.05772129 0.08503283 0.08343977 0.08308225 0.02901120
0.03563190 0.01102236 0.00124197 0.01103938 0.02056004 0.23764622 0.09914534 0.30522164 0.05743258 0.09198266 0.07564122 0.07894601 0.02690496
0.03463158 0.01220084 0.00253975 0.01265439 0.03880099 0.24087980 0.09035474 0.30854608 0.05216533 0.11317450 0.07086035 0.08705831 0.02631207
0.03286435 0.00672687 0.00198942 0.00570488 0.04328255 0.23311138 0.09328110 0.30571889 0.04826537 0.11678570 0.07684938 0.07720194 0.03489273
0.03452637 0.01053154 0.00161785 0.01166437 0.05919507 0.23499471 0.08667106 0.30851681 0.05403980 0.09934715 0.06557846 0.08008846 0.03572505
0.03815377 0.00458079 0.00174029 0.00973133 0.02580829 0.23204064 0.08911583 0.30601086 0.05519510 0.09470749 0.08476032 0.07761399 0.03641828
0.04230450 0.00719316 0.00087074 0.00672061 0.02692253 0.23055497 0.09477655 0.30704138 0.06068994 0.08933729 0.08302912 0.08277171 0.04768921
0.04370884 0.00718296 0.00135466 0.00928680 0.04582666 0.23088762 0.10331084 0.30587577 0.05916919 0.08959149 0.08367745 0.08310108 0.04938975
0.04357641 0.00872285 0.00162336 0.01271749 0.04123699 0.23218311 0.10016445 0.30556022 0.05373790 0.09216031 0.07873020 0.08495445 0.03811829
0.04224628 0.00411761 0.00183072 0.00473606 0.03113525 0.22963529 0.09590659 0.30550455 0.05029477 0.10860248 0.08047730 0.08040270 0.03945884
0.03694321 0.00888611 0.00280364 0.00632126 0.03135193 0.23271171 0.10728747 0.30712274 0.06117922 0.11350687 0.06607100 0.07951083 0.02966761
0.03448927 0.00519876 0.00157287 0.00652712 0.02899956 0.23239116 0.09800383 0.30764895 0.05200203 0.10742207 0.08379167 0.07989531 0.03420749
0.03466155 0.01059229 0.00115729 0.01125150 0.04780919 0.23389421 0.10747460 0.30969226 0.06514494 0.09190276 0.07312705 0.07873494 0.02725496
0.03470946 0.00422546 0.00400538 0.00379904 0.02423379 0.23144754 0.10200730 0.30759357 0.06345100 0.09260844 0.08903942 0.08034382 0.02956080
0.04264110 0.00507618 0.00142650 0.00467225 0.04931414 0.22893935 0.10504003 0.30778500 0.06357931 0.09812042 0.08367414 0.08231227 0.02743904
0.06332699 0.00748884 0.00256389 0.00726499 0.04784717 0.23059604 0.10192264 0.30506140 0.06453436 0.10215698 0.09355104 0.08333825 0.02785565
0.06559996 0.01179383 0.00453140 0.01171733 0.05000930 0.22874760 0.11115225 0.30544655 0.05500356 0.10702696 0.07185332 0.09008470 0.02870348
0.06500505 0.01619147 0.00158782 0.01820624 0.04668853 0.22751113 0.10179183 0.30459906 0.04875005 0.11322469 0.08532388 0.08217458 0.02858496
0.06120048 0.01054783 0.00091976 0.00998102 0.03222358 0.22719744 0.11644291 0.30684111 0.05461373 0.11197858 0.07623563 0.08217041 0.04278463
0.06060781 0.00431133 0.00117216 0.00543049 0.02270925 0.22605230 0.09876124 0.30722484 0.05431795 0.10052360 0.08902342 0.07989875 0.02738030
0.06000385 0.00781837 0.00142712 0.00840137 0.04964830 0.22394638 0.10483101 0.30889687 0.06418124 0.09338262 0.08477016 0.08179370 0.03639179
0.05762199 0.00817376 0.00106753 0.00577537 0.03438896 0.22457112 0.09806501 0.30892998 0.07247208 0.09020032 0.09058803 0.08399420 0.02683443
0.04757987 0.00633275 0.00314430 0.00715468 0.04073800 0.22460562 0.10283275 0.30780853 0.06748242 0.10226558 0.08536176 0.08186517 0.03085200
0.04823672 0.00545121 0.00126551 0.00427029 0.03464728 0.22430774 0.09498784 0.30578967 0.06169001 0.10867951 0.08447597 0.08373492 0.02531584
0.04721870 0.00569120 0.00097304 0.00275231 0.02155778 0.22541558 0.11972324 0.30553341 0.06025644 0.11066917 0.07470770 0.08439463 0.02706389
0.04474462 0.00343516 0.00139611 0.00049446 0.00442172 0.22485320 0.09246601 0.30339840 0.05843426 0.11353057 0.08506557 0.08695863 0.02641625
0.04232038 0.00614533 0.00143588 0.00796338 0.02576910 0.22757523 0.09575682 0.30511582 0.06651375 0.10989177 0.07896389 0.08200449 0.02363071
0.03940338 0.00695492 0.00147548 0.00548895 0.03186272 0.22741113 0.08942975 0.30565103 0.06655142 0.10368919 0.07749312 0.08179453 0.02626538
0.03686577 0.00315052 0.00176832 0.00622363 0.04006740 0.23217913 0.09323630 0.30656210 0.06034643 0.09940596 0.08384355 0.08015061 0.02267188
0.03527922 0.00351891 0.00151648 0.00293170 0.04084050 0.22941245 0.09245267 0.30664278 0.06136267 0.09804546 0.07634599 0.07821315 0.02453938
0.03425485 0.00722316 0.00177844 0.01089626 0.05432202 0.23318919 0.09241391 0.30622477 0.05506115 0.10412861 0.08587129 0.07895928 0.02311315
0.03334291 0.00392268 0.00244341 0.00587531 0.04233744 0.23410590 0.09061205 0.30475119 0.05419926 0.10560713 0.07316429 0.08120201 0.02456622
0.03282148 0.00709339 0.00146514 0.00952300 0.04403065 0.23729777 0.09452802 0.30331168 0.04834716 0.10662457 0.07313326 0.08017679 0.02462862
0.03363886 0.00474839 0.00183976 0.00559133 0.03867728 0.23501729 0.09374787 0.30130737 0.05233104 0.10320217 0.07517613 0.08210031 0.02595499
0.03489616 0.00420990 0.00140984 0.00507605 0.02763973 0.23497212 0.09731019 0.30278704 0.05718410 0.09869670 0.08472403 0.08249573 0.03561048
0.03599437 0.00778731 0.00173316 0.00832822 0.02851488 0.23686449 0.09846032 0.30183304 0.07057132 0.09003496 0.07812348 0.08101656 0.02828906
0.03603560 0.01383739 0.00121787 0.01187299 0.03934431 0.23197901 0.09808340 0.30362756 0.05697501 0.09142584 0.08780758 0.08297299 0.03334623
0.03567034 0.00377575 0.00125772 0.00652378 0.04705619 0.23220756 0.09766094 0.30401850 0.05914016 0.09494984 0.07680464 0.07924408 0.04797953
0.03516029 0.00458135 0.00084866 0.00618590 0.06285840 0.23050948 0.09942353 0.30557578 0.05136670 0.09928022 0.08092019 0.07983853 0.02956721
0.03422352 0.00534710 0.00129479 0.00698009 0.04006027 0.23143104 0.10369918 0.30465741 0.05407883 0.10965092 0.07047641 0.07980501 0.04286992
0.03059193 0.00291790 0.00140940 0.00347076 0.02118110 0.23352596 0.10570998 0.30327926 0.04842926 0.11048292 0.08620068 0.08176277 0.02634019
0.02923346 0.00502031 0.00083519 0.00713229 0.04421324 0.23179475 0.10336319 0.30444213 0.05664600 0.10391315 0.07209166 0.08359590 0.03349446
0.02785676 0.00445684 0.00185540 0.00559847 0.04706829 0.23111391 0.10343139 0.30466257 0.05797594 0.09687557 0.09110891 0.08661371 0.04135363
0.05058288 0.00692048 0.00232370 0.00695139 0.04756440 0.22756669 0.10275167 0.30483285 0.06424471 0.10146542 0.08711967 0.08332919 0.02909660
0.05095141 0.00499947 0.00117218 0.00399862 0.04714156 0.22507429 0.10581705 0.30448959 0.05888219 0.09446182 0.08825793 0.08281256 0.04515700
0.04907984 0.00647279 0.00120005 0.00601053 0.03790006 0.22427219 0.10219800 0.30607792 0.05796027 0.09479706 0.08165975 0.08183508 0.02670403
0.04585211 0.00770189 0.00116715 0.01180289 0.03399586 0.22198613 0.09914692 0.30547257 0.05473929 0.10181295 0.08202842 0.07883202 0.03039399
0.04161756 0.00379662 0.00135588 0.00451691 0.02799497 0.22263698 0.10388812 0.30531516 0.05407563 0.10841947 0.07433193 0.07998097 0.02530609
0.03767100 0.00662943 0.00155783 0.00630801 0.03516330 0.22282837 0.10606679 0.30531767 0.05274213 0.10739279 0.07660817 0.07904272 0.02615291
0.02512473 0.00387720 0.00080062 0.00482950 0.03279180 0.22722784 0.09862500 0.30490171 0.05387783 0.09964701 0.07459245 0.08266340 0.02748370
0.02776278 0.00587374 0.00155040 0.00667180 0.04483942 0.22483645 0.09474630 0.30357460 0.05510561 0.09808551 0.08107381 0.08822752 0.02680198
0.02926400 0.00856653 0.00163041 0.01269712 0.04399222 0.23101828 0.09753803 0.30413446 0.05855810 0.08894990 0.08529969 0.08458188 0.02775259
0.03199878 0.00990187 0.00238991 0.01074365 0.04719631 0.22913404 0.09563629 0.30408505 0.06161671 0.09903834 0.08263168 0.08197044 0.03526116
0.03374849 0.00728517 0.00130750 0.00881452 0.06063813 0.22939644 0.09900683 0.30565027 0.06363677 0.09684113 0.08024661 0.08224494 0.02573466
0.03778848 0.00695449 0.00108390 0.00718877 0.05413934 0.23185667 0.09453655 0.30506490 0.05586401 0.09641824 0.08211207 0.08094201 0.02553874
0.03942100 0.00405495 0.00081130 0.00428533 0.04130541 0.23331689 0.09565682 0.30339713 0.05274145 0.10520281 0.08198260 0.08049139 0.02375566
0.03991351 0.00398733 0.00085734 0.00433414 0.04407946 0.23355145 0.09384693 0.30387034 0.05764328 0.10966177 0.07170784 0.07807029 0.02563890
0.05803294 0.00866000 0.00088689 0.00920537 0.02173102 0.23218790 0.09869584 0.30297337 0.06348594 0.10251078 0.07280044 0.07978983 0.02528908
0.05587452 0.01113733 0.00128010 0.01279060 0.06000569 0.23439164 0.09788907 0.30292807 0.05887965 0.10034913 0.07559912 0.08496087 0.02692094
0.05202236 0.00478915 0.00257931 0.00416308 0.05479796 0.23039901 0.10143008 0.30329864 0.06268344 0.09282141 0.08662394 0.08463209 0.02802482
0.04603094 0.01103235 0.00221788 0.01023044 0.04964210 0.23304043 0.10225301 0.30292799 0.06331906 0.09671317 0.08565734 0.08295895 0.02960501
0.04119379 0.00443105 0.00251247 0.00567407 0.03493168 0.23071138 0.10701477 0.30255709 0.05805184 0.09411017 0.08357133 0.08162662 0.02754929
0.03737869 0.00521572 0.00212478 0.00464489 0.02958875 0.22911675 0.11081397 0.30338152 0.06384738 0.09007326 0.08559521 0.08473624 0.02654220
0.03806008 0.01213622 0.00167989 0.01171192 0.03671429 0.23043409 0.10727928 0.30574747 0.06037001 0.09502962 0.08235001 0.08074910 0.03116418
0.03978284 0.00417730 0.00246977 0.00506838 0.04928429 0.22528132 0.10324625 0.30534304 0.05566633 0.10189407 0.08223037 0.08212266 0.03201700
0.04085284 0.00384676 0.00233052 0.00641273 0.05924268 0.22858286 0.10389716 0.30450557 0.05043046 0.10647525 0.08196317 0.08182937 0.03161302
0.03865029 0.01272739 0.00108602 0.01463218 0.05836573 0.22403713 0.10597769 0.30368440 0.05922400 0.10418361 0.07421823 0.08318604 0.02606619
0.04049464 0.00821677 0.00122397 0.00737335 0.05787767 0.22324601 0.10691769 0.30403843 0.06453211 0.10005675 0.08314504 0.08341736 0.02809451
0.04120012 0.00560577 0.00089803 0.00754274 0.04294988 0.22287395 0.11071818 0.30135467 0.06216254 0.09882739 0.08644013 0.08413906 0.02847097
0.04022826 0.00864789 0.00123627 0.00805712 0.05512918 0.21840229 0.10524036 0.30280171 0.06782359 0.09509978 0.08478090 0.08659510 0.02798860
0.03889363 0.00820952 0.00190734 0.00830766 0.04601779 0.21969682 0.10088269 0.30478010 0.05962548 0.09134829 0.08313312 0.08337977 0.02872560
0.03761918 0.01007415 0.00185623 0.01056404 0.04020732 0.21797713 0.10006728 0.30391959 0.05714617 0.10390628 0.07632112 0.08319248 0.02628420
0.03692643 0.01122098 0.00116713 0.00963378 0.04460120 0.21907237 0.09952796 0.30509400 0.06567833 0.10661999 0.07745044 0.08003480 0.02882997
0.03534107 0.00615644 0.00099686 0.00858315 0.04766689 0.22560008 0.10153650 0.30528578 0.06039694 0.10370057 0.07773539 0.08066592 0.02718930
0.03361357 0.00694443 0.00100632 0.00561627 0.03702091 0.22189350 0.10253274 0.30413289 0.06010444 0.09511057 0.07728799 0.07914116 0.02638244
0.03246260 0.00435571 0.00096793 0.00295505 0.02548749 0.22786939 0.09566466 0.30336715 0.05640499 0.09277349 0.08890910 0.08363355 0.02590029
0.03113535 0.01218589 0.00091527 0.01260566 0.01186414 0.22891832 0.09789865 0.30330731 0.06161744 0.09496889 0.08326692 0.08494212 0.02870792
0.03018432 0.00479194 0.00099481 0.00536692 0.02502479 0.23023622 0.10508139 0.30222856 0.06515956 0.09628846 0.08405528 0.08218958 0.03957027
0.02858007 0.00294935 0.00083658 0.00364571 0.02336198 0.22965253 0.10310643 0.30234683 0.05767592 0.09630792 0.07858326 0.08185545 0.03040834
0.03227589 0.00579915 0.00106942 0.00826913 0.02420275 0.23212289 0.10274909 0.30144931 0.05147597 0.09781207 0.07549573 0.08212351 0.02646204
0.03468297 0.00785943 0.00397516 0.01119702 0.02881031 0.23171175 0.10922829 0.30253452 0.04894622 0.10769145 0.07440095 0.08162595 0.02544014
0.03344345 0.00226009 0.00127062 0.00268845 0.02178031 0.23362962 0.09593352 0.30264495 0.05287008 0.10027729 0.07795917 0.07922931 0.02477736
0.03068503 0.00272415 0.00146514 0.00079588 0.00197362 0.23343502 0.09388180 0.30268174 0.06006170 0.08703257 0.07221865 0.07934404 0.02479187
0.02949258 0.00190643 0.00160546 0.00085066 0.00188579 0.23368726 0.09820179 0.30061391 0.05556398 0.08353725 0.08037460 0.08177556 0.02543568
0.03009388 0.00413963 0.00210745 0.00319644 0.03219244 0.22985295 0.09870437 0.30254180 0.06690715 0.08801633 0.07990359 0.08359694 0.02495667
0.03064958 0.00209372 0.00174789 0.00297011 0.02450795 0.23131594 0.09589396 0.30089659 0.05533308 0.09142586 0.08684197 0.08145022 0.05401109
0.02850279 0.00570962 0.00229700 0.00532361 0.04259415 0.23149157 0.10441419 0.30168032 0.05303957 0.09126940 0.07291864 0.08305765 0.02545763
0.02946905 0.00568412 0.00117486 0.00761299 0.04309392 0.23222806 0.09435220 0.30214665 0.04753940 0.09659877 0.08298005 0.08215862 0.02835875
0.03028662 0.00648624 0.00273685 0.00845953 0.03917773 0.23307571 0.09941716 0.30364286 0.05031182 0.10031941 0.07105726 0.08152262 0.02970346
0.03112976 0.00478849 0.00075509 0.00605099 0.05483616 0.23025058 0.09921174 0.30377523 0.05197807 0.08899174 0.07580205 0.08027842 0.03225292
0.03252694 0.00350260 0.00055247 0.00295528 0.04417780 0.23261683 0.10789980 0.30469239 0.05130719 0.08107386 0.07355350 0.08007228 0.03653488
0.03177005 0.01465342 0.00056179 0.01640756 0.04560408 0.22842120 0.09786853 0.30274219 0.05165511 0.07932615 0.08096635 0.08003461 0.02634520
0.02888417 0.00725312 0.00175470 0.00779535 0.02519292 0.22960759 0.10305516 0.30293315 0.05663692 0.08632103 0.07832238 0.08233466 0.03664021
0.02679269 0.00626692 0.00233044 0.00643397 0.05225292 0.23118530 0.09669462 0.30004514 0.04871253 0.08581742 0.08094328 0.08269310 0.02877114
0.02616689 0.00748033 0.00154747 0.00720219 0.04496033 0.23301362 0.09969017 0.30349011 0.05944296 0.07554994 0.06930316 0.08604244 0.03911979
0.02678359 0.00704040 0.00139383 0.00864616 0.05582354 0.22811654 0.09766260 0.30143488 0.04841243 0.08579116 0.07981061 0.08027353 0.02462587
0.02996803 0.00531028 0.00104040 0.00506560 0.01869011 0.23126691 0.10187553 0.30425130 0.05773000 0.09345919 0.07059851 0.08253861 0.03347665
0.05108595 0.01013512 0.00067767 0.00906115 0.04136063 0.22660190 0.10466142 0.30442223 0.05515111 0.09149722 0.07947490 0.08025516 0.03115209
0.05330423 0.00882386 0.00078263 0.01111179 0.05526506 0.23140540 0.10244168 0.30658583 0.05662191 0.08063515 0.06878707 0.07933428 0.03606417
0.05391450 0.01273183 0.00431595 0.01321091 0.06139638 0.22880812 0.10204457 0.30611192 0.06749680 0.08016251 0.07929849 0.08467657 0.02657122
0.05390529 0.01055353 0.00216076 0.01212700 0.04358583 0.23417372 0.10427986 0.30626273 0.06014475 0.09137011 0.08815237 0.08267620 0.02877958
0.05362160 0.00396248 0.00109387 0.00681171 0.04104038 0.23259707 0.09867349 0.30410221 0.06040845 0.08327614 0.08058620 0.08489269 0.02601606
0.05266714 0.00385936 0.00145605 0.00433326 0.03348201 0.23357777 0.10607763 0.30410758 0.05617629 0.09569830 0.06972561 0.08382561 0.03282983
0.05246063 0.00765552 0.00123553 0.00593376 0.03433323 0.23448609 0.10081879 0.30573907 0.05050556 0.09831334 0.08403160 0.08237081 0.03774104
0.05336577 0.01033206 0.00089059 0.01036404 0.04182177 0.23424529 0.09987222 0.30614906 0.06163347 0.09528395 0.07659672 0.08069611 0.02830985
0.05342374 0.00281062 0.00163567 0.00577389 0.04354784 0.23433437 0.09796318 0.30644135 0.05291872 0.09276796 0.08068726 0.08097027 0.06459342
0.05381261 0.00482853 0.00131831 0.00759655 0.03771194 0.23620432 0.09765055 0.30740206 0.05163314 0.07882767 0.08571920 0.08347614 0.03056106
0.05446002 0.00553545 0.00163061 0.00658909 0.04712313 0.23413343 0.09865880 0.30634978 0.06210731 0.09003071 0.07985565 0.07996071 0.04106292
0.05467306 0.00741491 0.00148429 0.00763148 0.05416745 0.23785991 0.10065288 0.30538959 0.05818270 0.09394142 0.08390125 0.08086792 0.02937123
0.03952710 0.00696918 0.00162911 0.00492047 0.05153785 0.23394252 0.09983485 0.30532403 0.06008661 0.09607028 0.07691988 0.08123178 0.03016339
0.04061626 0.00628498 0.00123407 0.00473950 0.03892453 0.23589674 0.09883041 0.30305814 0.05565726 0.10032295 0.07108547 0.08294164 0.03849132
0.04104572 0.00625602 0.00202259 0.00587066 0.03082349 0.23523838 0.09640692 0.30149876 0.04960096 0.09848102 0.07734771 0.08221696 0.02776750
0.04148734 0.00864070 0.00206743 0.01174965 0.04150897 0.23052845 0.09256260 0.30281440 0.05869328 0.10324896 0.08012900 0.08154874 0.03814515
0.04146080 0.00556662 0.00123745 0.00595725 0.04945796 0.23328620 0.10190260 0.30316634 0.05926518 0.09076823 0.07754104 0.08333718 0.02821843
0.04085649 0.01191450 0.00075380 0.01184184 0.05329018 0.22980120 0.09680446 0.30682757 0.06263633 0.08262036 0.08473364 0.08130169 0.03421688
0.03979907 0.01166642 0.00077231 0.01178164 0.04120260 0.23276159 0.09377875 0.30724772 0.06971594 0.08954044 0.08240404 0.08122159 0.03833401
0.03904563 0.00625662 0.00082186 0.00545033 0.04688031 0.23012085 0.10195966 0.30733895 0.06369974 0.09631761 0.07568529 0.07845764 0.02760759
0.03789207 0.00333587 0.00081369 0.00403614 0.06008480 0.22968194 0.09457001 0.30776484 0.04871880 0.10362850 0.08789923 0.07932160 0.03608433
0.03702696 0.00489188 0.00238733 0.00650082 0.04608921 0.22870827 0.09549302 0.30495968 0.06062287 0.10578177 0.07446908 0.08210525 0.03655407
0.03629941 0.00506547 0.00181765 0.00558537 0.04172494 0.23094491 0.10097403 0.30524164 0.05753365 0.10054268 0.07153913 0.08731446 0.04714926
0.03712007 0.00571425 0.00156807 0.00743603 0.05587910 0.22667743 0.09501406 0.30305036 0.05240814 0.09711378 0.08781482 0.08250029 0.02611837
0.03879778 0.01351387 0.00101657 0.01422773 0.05218349 0.22992135 0.09576736 0.30475589 0.06088278 0.08600660 0.07888948 0.08340357 0.02588121
0.03992168 0.01160396 0.00069221 0.01007721 0.03743580 0.22514024 0.09409439 0.30471821 0.05807027 0.08581169 0.08505539 0.08206886 0.02678881
0.04071186 0.00865040 0.00073470 0.00956941 0.02940344 0.22855425 0.09856177 0.30637744 0.05725495 0.09208021 0.08569003 0.08259544 0.03111012
0.04012593 0.00795908 0.00306594 0.00772246 0.04216330 0.22610946 0.09964441 0.30591901 0.06540113 0.10174043 0.07351633 0.07781531 0.02502867
0.04033278 0.00585872 0.00069506 0.00211517 0.04057134 0.22719715 0.09852539 0.30455552 0.06229323 0.10120157 0.08245520 0.07692872 0.02684295
0.03957308 0.00804266 0.00061550 0.00695501 0.04389851 0.22733485 0.09835152 0.30512132 0.05809518 0.10209373 0.07498739 0.08096474 0.02651941
0.03765151 0.00541392 0.00071302 0.00337495 0.03823081 0.22613781 0.10366183 0.30433311 0.05584423 0.10265986 0.08265741 0.08092110 0.02739552
0.03556973 0.00769160 0.00088211 0.00742326 0.03734726 0.22657342 0.10191965 0.30402991 0.05535771 0.09481741 0.08193206 0.08314327 0.03089027
0.03459307 0.00429095 0.00123950 0.00572950 0.04363373 0.22842897 0.10915207 0.30350928 0.05852982 0.08325056 0.07749168 0.08650147 0.02824346
0.03399540 0.00842517 0.00153173 0.00793078 0.04436208 0.22647214 0.10752057 0.30295638 0.05791697 0.08671258 0.08448162 0.08115941 0.02686867
0.03387025 0.00226744 0.00231043 0.00101660 0.02446805 0.23391875 0.10213288 0.30513569 0.07458176 0.09007539 0.08053816 0.08430232 0.02592660
0.03543336 0.00216910 0.00137542 0.00043425 0.00216430 0.23030570 0.09532977 0.30244312 0.05568258 0.09400584 0.08066446 0.07803828 0.02471125
0.03543357 0.00131624 0.00070957 0.00039130 0.03455040 0.23430511 0.10047900 0.30437031 0.04561786 0.09595127 0.07712541 0.07629148 0.02501111
0.04278158 0.00367073 0.00104302 0.00318222 0.02930768 0.23366896 0.09378284 0.30410125 0.04953445 0.09946075 0.07624584 0.07822671 0.03623123
0.04147021 0.00305448 0.00092594 0.00414744 0.06120812 0.23045835 0.09568056 0.30297947 0.05544013 0.10327064 0.07000114 0.07834140 0.02430282
0.02593789 0.00456034 0.00066955 0.00347963 0.03299817 0.23398797 0.09674752 0.30303867 0.05007646 0.09169769 0.07393138 0.08346087 0.03795792
0.02594952 0.00700845 0.00065666 0.00938312 0.06044345 0.22901846 0.09587217 0.30389447 0.05576040 0.08413796 0.08489402 0.07918838 0.02643840
0.02346847 0.00576251 0.00075257 0.00462575 0.04567094 0.23378395 0.10655244 0.30458798 0.05771715 0.08101768 0.08181806 0.08138497 0.02807877
0.02335549 0.00506416 0.00078009 0.00536639 0.04997890 0.23109769 0.10032711 0.30382453 0.05565960 0.08426124 0.08153482 0.08052116 0.02610974
0.02386388 0.00849941 0.00175790 0.00743238 0.05040264 0.22990189 0.09455231 0.30557416 0.05368686 0.09928840 0.07888056 0.08030166 0.02916411
0.02351589 0.01586842 0.00125754 0.01778345 0.02469291 0.22872422 0.10097741 0.30536241 0.05544688 0.09961630 0.07338375 0.07521176 0.04093379
0.02399451 0.00509326 0.00084924 0.00394997 0.02302539 0.22949556 0.09904989 0.30408675 0.05429839 0.09931925 0.08149192 0.07693228 0.02542396
0.02358941 0.00669637 0.00081819 0.00958530 0.03507868 0.22631633 0.09902800 0.30254208 0.05328108 0.09256616 0.07492766 0.07811995 0.03398302
0.02358517 0.00602307 0.00055340 0.00430952 0.02239864 0.22734055 0.09928255 0.30157994 0.06287057 0.08467188 0.08098049 0.08306915 0.02783271
0.02387025 0.00503828 0.00051770 0.00439522 0.02723145 0.22321267 0.09556647 0.30033138 0.06276360 0.08473306 0.08586663 0.08126072 0.03750310
0.02317828 0.00764698 0.00064939 0.00849060 0.03235650 0.22768470 0.09904664 0.30186060 0.05945822 0.09152594 0.07946962 0.08205975 0.02527678
0.02162325 0.00722794 0.00389813 0.00852066 0.04827256 0.22485436 0.09583056 0.30220490 0.05301007 0.10806182 0.07976413 0.08067073 0.03307681
0.02069978 0.00713797 0.00095417 0.00659934 0.05486163 0.22616415 0.09934653 0.30627636 0.05279890 0.10669687 0.07071984 0.07934805 0.02678581
0.02084296 0.00711746 0.00133301 0.00752274 0.03770697 0.22875682 0.10258503 0.30714655 0.05291537 0.09988513 0.07861369 0.07967065 0.02757928
0.02442182 0.00750365 0.00097634 0.00908814 0.04951541 0.22790375 0.09669408 0.30698174 0.05864170 0.09717450 0.08268235 0.07614942 0.02612233
0.02382377 0.00877018 0.00073527 0.00849709 0.05992381 0.23326869 0.09580067 0.30849522 0.06227245 0.08993097 0.08940162 0.08074852 0.02836900
0.02516789 0.00991242 0.00133974 0.00998216 0.05531054 0.23084033 0.10054537 0.30870097 0.06407479 0.09389198 0.07597712 0.08034421 0.03853343
0.02697917 0.00696596 0.00149488 0.00904092 0.06263649 0.23193878 0.09270579 0.30806443 0.06062043 0.09375369 0.09709357 0.08455112 0.02905380
0.02513825 0.00659276 0.00258795 0.00697263 0.04840887 0.23285721 0.09696755 0.30493688 0.06548224 0.10609506 0.07712713 0.08265522 0.02710396
0.02587209 0.00380154 0.00128560 0.00254924 0.03141317 0.23325465 0.09912891 0.30590309 0.06195066 0.11025000 0.08663201 0.07922833 0.02920262
0.02552377 0.00331468 0.00142193 0.00607146 0.04704375 0.23354942 0.10736779 0.30712534 0.05271758 0.11165663 0.07261990 0.08012502 0.02560789
0.02965836 0.00643187 0.00167084 0.00386811 0.04116278 0.23432323 0.09838512 0.30655145 0.05287559 0.10540601 0.07848082 0.08173657 0.02665249
0.03117174 0.00906431 0.00085249 0.01050443 0.03660371 0.23638562 0.09912505 0.30821434 0.05842708 0.09877526 0.07328653 0.07754718 0.04602146
0.03311758 0.01319640 0.00075191 0.01544205 0.05691913 0.23572252 0.08835858 0.30765020 0.06053235 0.09033542 0.08997509 0.08006272 0.02583016
0.03214340 0.00652284 0.00078176 0.00600491 0.04606968 0.23117039 0.09534361 0.30623235 0.06517086 0.08170693 0.07809462 0.07971326 0.03665112
0.03201714 0.00628095 0.00062359 0.00804737 0.05597169 0.23214604 0.09864305 0.30620889 0.06134293 0.08309508 0.08446083 0.08375799 0.03619401
0.03166598 0.00360128 0.00109681 0.00335909 0.03054596 0.23051571 0.10369470 0.30602535 0.06078396 0.09765877 0.08647155 0.08142130 0.02781067
0.03057298 0.00701503 0.00063508 0.00636845 0.05183192 0.22914943 0.10236007 0.30803873 0.05463022 0.10486629 0.08274435 0.08032550 0.02727787
0.03133580 0.01009589 0.00181685 0.00966675 0.04856049 0.23329122 0.10018174 0.30806886 0.04916100 0.10447171 0.07426808 0.08067237 0.02652267
0.03010714 0.00544961 0.00121059 0.00950827 0.03265463 0.22823060 0.09251269 0.30927801 0.05753616 0.10883581 0.07856278 0.08194296 0.02687705
0.02876858 0.00740900 0.00412817 0.00781214 0.04061120 0.23316447 0.09638561 0.30967366 0.05483468 0.10740482 0.07526166 0.08498890 0.03729180
0.03005829 0.00233680 0.00127769 0.00519808 0.03006043 0.23104755 0.09763870 0.30810753 0.05480337 0.09614908 0.08108119 0.07865379 0.03886066
0.03217431 0.00188947 0.00099806 0.00404790 0.02335433 0.23249622 0.09993242 0.30765189 0.05476521 0.08001605 0.08772009 0.07949299 0.02942059
0.03413447 0.01260849 0.00164178 0.01305206 0.01774415 0.23173728 0.09971504 0.30449883 0.05966572 0.08120861 0.07973894 0.08202369 0.02809467
0.03529659 0.00378168 0.00117233 0.00358444 0.04336070 0.22864777 0.09570521 0.30380216 0.05633607 0.08631132 0.08713325 0.08211395 0.02317089
0.03532675 0.00129710 0.00126570 0.00058773 0.00084205 0.23134324 0.09622960 0.30169842 0.05112363 0.09158605 0.07674223 0.07987103 0.02616117
0.03451642 0.00253393 0.00069979 0.00060636 0.00139380 0.23397340 0.09890035 0.30262124 0.04638304 0.09422148 0.06987584 0.07864259 0.02429220
0.03374109 0.00822219 0.00071071 0.00990493 0.03386693 0.23194371 0.09338842 0.30434442 0.04164403 0.10182998 0.07408808 0.07831084 0.02568492
0.03058195 0.00301228 0.00090153 0.00415455 0.03189523 0.23486261 0.09794491 0.30545258 0.04679956 0.09979959 0.07541455 0.08042135 0.02672644
0.02782896 0.00336981 0.00097748 0.00389995 0.04240096 0.23147045 0.09971323 0.30704903 0.06994900 0.08659970 0.07510932 0.07832608 0.03829519
0.02672758 0.00464048 0.00137179 0.00787355 0.02719588 0.23567798 0.10007075 0.30848565 0.06457052 0.07268788 0.08401373 0.07908296 0.02976133
0.02543779 0.00331579 0.00173460 0.00213058 0.01928892 0.23543697 0.10663525 0.30948179 0.06395672 0.07126786 0.08086073 0.08585128 0.02731860
0.02634509 0.00592471 0.00124855 0.00504976 0.03002535 0.23693123 0.10564122 0.30714773 0.05764792 0.07857929 0.08975362 0.08334530 0.02762658
0.02858781 0.00579413 0.00143212 0.00832046 0.06426793 0.23768469 0.10593907 0.30573812 0.05152658 0.08128729 0.07596878 0.08617814 0.02818034
0.03158501 0.00477269 0.00129996 0.00332114 0.05593989 0.23421801 0.10429667 0.30468144 0.04924861 0.09628274 0.07158711 0.07926191 0.02950008
0.03397332 0.00909967 0.00095631 0.00985151 0.04806557 0.23419655 0.10409559 0.30226363 0.03813610 0.10624789 0.07126590 0.07849187 0.02699647
0.03573216 0.00366733 0.00101163 0.00396680 0.02900671 0.23419644 0.10291291 0.30237220 0.04020431 0.09854514 0.07330082 0.07971078 0.03804336
0.05728983 0.00267838 0.00204328 0.00477936 0.05857236 0.23551066 0.10424920 0.30296120 0.04794973 0.08751175 0.07041997 0.08183813 0.02701539
0.05734966 0.00452114 0.00094833 0.00496757 0.03187843 0.23379694 0.09522568 0.30286405 0.05948617 0.06838207 0.08373822 0.08205098 0.03368401
0.05597672 0.00464835 0.00130845 0.00628758 0.02419642 0.23517787 0.09667530 0.30237512 0.06081491 0.06167488 0.07800003 0.07807517 0.02601382
0.05509535 0.00365648 0.00160680 0.00241991 0.01878302 0.23384868 0.09424304 0.30064677 0.05745788 0.06965670 0.08094115 0.07903935 0.03078047
0.05391847 0.00275402 0.00112858 0.00452930 0.02271299 0.23556728 0.09900755 0.30313527 0.04642849 0.08484761 0.07169482 0.08016289 0.02520203
0.05321210 0.00337298 0.00110055 0.00106316 0.00499864 0.23265014 0.10230040 0.30369830 0.05108976 0.09862951 0.07300428 0.08043834 0.02533097
0.05229427 0.00239311 0.00121407 0.00377659 0.00687539 0.23548885 0.10431193 0.30472468 0.03525011 0.10234064 0.07176950 0.07766896 0.02922580
0.05071527 0.00279036 0.00167530 0.00201862 0.00389577 0.23437615 0.09841546 0.30559471 0.04373912 0.09572609 0.07207730 0.07904840 0.03331697
0.04875613 0.00797990 0.00132107 0.01044219 0.03218878 0.23519571 0.10164141 0.30621208 0.05545114 0.08485820 0.07020233 0.08053468 0.02592513
0.04687102 0.01458115 0.00122493 0.01602023 0.04689853 0.23535209 0.09852158 0.30757141 0.05313306 0.07301495 0.08831231 0.08185166 0.02616087
0.04695643 0.00631346 0.00151247 0.00530635 0.03802412 0.23056151 0.10363977 0.30553335 0.05690826 0.06622595 0.07770444 0.08034144 0.03689378
0.04833801 0.00774165 0.00096903 0.00592057 0.04997130 0.23324965 0.09707793 0.30415655 0.06099543 0.06848758 0.08248763 0.07974805 0.02832221
0.04990301 0.00699246 0.00147253 0.00689661 0.04556933 0.22860784 0.10581174 0.30331882 0.05233642 0.09214506 0.07343239 0.08168944 0.02751859
0.04989633 0.00245555 0.00152926 0.00076923 0.00361154 0.23200327 0.11430246 0.30119015 0.04357460 0.10212276 0.07491038 0.08055642 0.02642593
0.04908282 0.00222020 0.00076907 0.00040819 0.00181840 0.22649561 0.10860316 0.30057266 0.04261513 0.09870284 0.06369722 0.08070151 0.02583371
0.04742300 0.01015206 0.00064063 0.01202603 0.04691982 0.23036520 0.09840237 0.30315593 0.04910152 0.08566806 0.07950538 0.08119930 0.03617755
0.04719071 0.00474401 0.00225052 0.00494754 0.03725908 0.22793376 0.10575449 0.30404901 0.05806572 0.07515442 0.08006754 0.08381935 0.02914110
0.04682657 0.00754138 0.00122427 0.00870304 0.05742176 0.22853199 0.10950558 0.30446572 0.06129905 0.07853498 0.08013079 0.08574478 0.02551126
0.04808573 0.00573452 0.00125358 0.00557648 0.04520405 0.23177100 0.10238246 0.30621156 0.05567321 0.07712917 0.08888031 0.08284503 0.02670708
0.04822753 0.00389947 0.00081179 0.00107605 0.03617497 0.22762520 0.12068856 0.30564447 0.05880846 0.09278935 0.06738969 0.08186274 0.02832637
0.04780069 0.00851153 0.00115703 0.00785196 0.05270204 0.23294469 0.10587437 0.30528331 0.04499822 0.09995228 0.07629092 0.08134193 0.02865303
0.04711801 0.00784814 0.00163673 0.01031921 0.03202251 0.23107970 0.10326434 0.30691672 0.05041617 0.10265668 0.07493566 0.08204423 0.02837008
0.04718931 0.00352059 0.00088823 0.00197249 0.02771860 0.23193486 0.10347992 0.30397118 0.05470750 0.09242612 0.06941109 0.08157157 0.02724202
0.04806618 0.00671300 0.00116012 0.00742390 0.05889302 0.23216553 0.09978558 0.30664244 0.05212276 0.08112635 0.07935692 0.07878683 0.02814876
0.04882675 0.00395823 0.00211168 0.00413083 0.02850874 0.23031490 0.10640750 0.30332078 0.05432575 0.08692015 0.07800715 0.07976670 0.02839091
0.04861675 0.00436243 0.00398475 0.00752255 0.03212401 0.22976234 0.10484201 0.30322631 0.05138261 0.09151346 0.07552047 0.08489233 0.03570703
0.04750378 0.00843352 0.00162167 0.00692160 0.02008728 0.23085689 0.09651891 0.30344679 0.04752659 0.08494201 0.08048790 0.07993870 0.02544349
0.04858401 0.00359661 0.00096378 0.00486416 0.02827529 0.23012304 0.09821416 0.29990038 0.04978495 0.08733534 0.07354372 0.07927372 0.03622232
0.04909483 0.00274563 0.00082190 0.00186169 0.02836102 0.23016591 0.10501380 0.29993008 0.05529432 0.08889581 0.07284365 0.07881436 0.02304839
0.04845835 0.00301436 0.00138573 0.00122808 0.03129968 0.23019085 0.10018046 0.30117491 0.05104366 0.08484942 0.08201849 0.08243564 0.02687079
0.05335350 0.00800248 0.00079305 0.00856923 0.05025736 0.23083560 0.10326881 0.30290566 0.05231789 0.08262003 0.07444525 0.08420079 0.02435662
0.05423739 0.00350181 0.00114995 0.00382192 0.03662542 0.23159610 0.10399257 0.30382384 0.04846409 0.08875540 0.08098021 0.08191101 0.02853950
0.05233704 0.00397789 0.00118372 0.00431572 0.02775658 0.23529370 0.10514139 0.30652252 0.05282722 0.09405920 0.07601681 0.08000190 0.03582578
0.05482357 0.01250552 0.00086500 0.01182143 0.05196658 0.23481346 0.10660138 0.30758534 0.04979452 0.08535837 0.07746980 0.08068269 0.02926404
0.05742707 0.00692597 0.00274895 0.01086553 0.05847026 0.23466776 0.10611409 0.30939747 0.05027081 0.08731077 0.07388925 0.08282932 0.03982777
0.05808415 0.00547682 0.00177516 0.00750182 0.06139796 0.23131491 0.10107333 0.30821899 0.04568014 0.08757780 0.08292241 0.08040171 0.02985871
0.05741513 0.00339802 0.00379896 0.00383470 0.02499502 0.23227246 0.10857368 0.30633165 0.05172886 0.09018444 0.07303928 0.07880767 0.04447946
0.05634044 0.00453859 0.00160130 0.00438420 0.01951035 0.22590743 0.09791006 0.30451712 0.05128552 0.08593658 0.08099566 0.08034385 0.03703145
0.05596368 0.00280660 0.00119247 0.00409451 0.02553829 0.22862479 0.10048447 0.30120142 0.04854619 0.07914304 0.07063759 0.08094889 0.02546523
0.05380511 0.00730302 0.00108908 0.01146885 0.02021847 0.22644646 0.09986200 0.29984034 0.04288756 0.08271513 0.07455756 0.08253433 0.03324004
0.05177820 0.00328598 0.00181624 0.00224403 0.02336732 0.22904638 0.09985584 0.29946613 0.05008466 0.08753520 0.07109834 0.07949441 0.05596573
0.04971379 0.00610846 0.00116815 0.00783145 0.05062991 0.23085098 0.10410091 0.30031356 0.04650943 0.08183571 0.07209110 0.07979078 0.02547723
0.04705243 0.00561419 0.00124410 0.00568135 0.05369602 0.23395010 0.10142123 0.30205350 0.05224750 0.07582111 0.07304244 0.08332440 0.03737610
0.04387178 0.00633945 0.00143300 0.00885416 0.03284006 0.23991343 0.11339850 0.30421052 0.05449357 0.06888734 0.08186076 0.07998329 0.02755341
0.03950281 0.00406088 0.00163216 0.00594475 0.03431496 0.23954258 0.10817177 0.30438798 0.05170519 0.07681356 0.07452645 0.08287395 0.03307397
0.03808728 0.00505862 0.00176691 0.00592176 0.03470294 0.24103272 0.10675035 0.30276657 0.04395007 0.08005204 0.07399227 0.07919189 0.02665736
0.03726565 0.00518223 0.00188076 0.00738228 0.03677917 0.24337843 0.09959334 0.30455447 0.03835879 0.07994709 0.07161589 0.08094302 0.02881791
0.03884384 0.00269993 0.00179419 0.00551767 0.02421162 0.24172277 0.10892925 0.30300467 0.04211172 0.08229204 0.06116788 0.08113838 0.04772528
0.02661206 0.00715220 0.00087384 0.00981496 0.06147478 0.24236354 0.09645822 0.30853962 0.04322009 0.08241402 0.07662023 0.08887979 0.04557949
0.02506609 0.01042689 0.00137166 0.01018722 0.04647995 0.24104528 0.10226696 0.30591723 0.05114123 0.07710034 0.06940660 0.07983010 0.02857159
0.02559638 0.00695283 0.00184991 0.01034353 0.04188940 0.24070902 0.11281131 0.30726373 0.04623657 0.07994718 0.07728742 0.08080372 0.02624626
0.02636257 0.00716041 0.00104950 0.00709550 0.04311201 0.24035998 0.09972088 0.30744531 0.04839396 0.07908416 0.08167749 0.07928343 0.02764191
0.02596066 0.00477602 0.00108905 0.00746201 0.04322532 0.23765109 0.10082156 0.30612451 0.05226931 0.08459478 0.07494268 0.08139119 0.02772287
0.02616981 0.00499450 0.00075081 0.00536329 0.04199215 0.23615127 0.09964619 0.30592609 0.05898712 0.08051850 0.08157572 0.08020931 0.04571984
0.02677537 0.00497931 0.00201939 0.00450799 0.03436672 0.23734875 0.10364447 0.30456297 0.04816143 0.07937064 0.07344187 0.08278458 0.03261211
0.02657620 0.00801488 0.00091841 0.00903484 0.05446003 0.23252831 0.10612970 0.30607797 0.04919726 0.09179631 0.07034826 0.08270990 0.04202708
0.02554640 0.00465364 0.00084687 0.00579660 0.03930568 0.23096624 0.10631278 0.30562674 0.04936616 0.10454279 0.07741356 0.08324362 0.03756325
0.02381213 0.00915415 0.00071751 0.01009271 0.05749253 0.23096263 0.10369318 0.30772409 0.05086581 0.09499392 0.07506218 0.08109111 0.03964502
0.02262819 0.00642294 0.00237574 0.00992858 0.04826134 0.22906235 0.11095689 0.30994970 0.04776957 0.08774420 0.08417142 0.08159824 0.03828667
0.02169322 0.00904085 0.00188086 0.01138836 0.01685205 0.22991119 0.11409717 0.31023950 0.06823982 0.07623268 0.07984310 0.08513998 0.02789936
0.02320770 0.00443260 0.00159410 0.00305153 0.03718544 0.23069863 0.11085761 0.31298241 0.06435129 0.07819408 0.08580401 0.08257929 0.03011797
0.02466804 0.00458633 0.00076776 0.00532564 0.04940636 0.22873399 0.10877825 0.31107875 0.05205872 0.07989966 0.07962415 0.08125579 0.04040120
0.02520495 0.01245571 0.00396616 0.01323118 0.03217307 0.23062712 0.11536527 0.31164077 0.04566193 0.08588904 0.07672034 0.08173260 0.04192615
0.02610943 0.00185370 0.00291170 0.00304715 0.00185480 0.23042529 0.10801927 0.30784504 0.04508228 0.10201356 0.07376762 0.08143616 0.03816696
0.02870655 0.00249143 0.00213008 0.00280240 0.00356943 0.23437895 0.11065724 0.30660577 0.04802965 0.10112651 0.07460633 0.08533382 0.02984605
0.03298226 0.00714879 0.00122101 0.00659960 0.04073418 0.23271525 0.10489183 0.30442930 0.04923066 0.09393631 0.07543213 0.08250356 0.02929305
0.03661709 0.00843667 0.00089107 0.00847971 0.04797554 0.24049922 0.10378922 0.30515342 0.05351321 0.08103637 0.07916312 0.08170746 0.04093050
0.03773645 0.00189351 0.00120921 0.00242369 0.03567295 0.23732141 0.10519636 0.30541362 0.05586484 0.07730096 0.08422382 0.08087929 0.02894817
0.03757987 0.00458645 0.00086182 0.00660058 0.02773779 0.24368215 0.10472332 0.30612460 0.05662691 0.08041875 0.08321258 0.08370217 0.02722649
0.03643814 0.00283234 0.00084399 0.00211748 0.02536541 0.24334002 0.10307347 0.30589499 0.05292066 0.08485410 0.07566780 0.08078450 0.02709887
0.03420114 0.00383935 0.00068614 0.00136761 0.03828643 0.24365307 0.10610787 0.30685475 0.04817920 0.09247933 0.07071471 0.07972294 0.02811297
0.03097888 0.00565693 0.00270194 0.00485265 0.02326756 0.24786092 0.10767729 0.30670430 0.04579746 0.10049059 0.07159585 0.07978683 0.02649086
0.02694000 0.00164631 0.00155953 0.00038162 0.00196948 0.24218995 0.10693732 0.30831772 0.04592724 0.09951337 0.07518243 0.08247309 0.02575208
0.02474583 0.00312963 0.00180730 0.00099701 0.02824614 0.24604816 0.10536657 0.30974015 0.04501430 0.08719093 0.08222419 0.08253616 0.02552543
0.02420094 0.01023641 0.00115928 0.01168261 0.06343078 0.24070533 0.10016774 0.30994635 0.06121438 0.07791588 0.07349622 0.08168553 0.02490298
0.02394220 0.01403925 0.00130818 0.01385213 0.03089678 0.23928178 0.10280656 0.31058050 0.07008273 0.07623299 0.08470620 0.07875099 0.02883697
0.02438181 0.00613602 0.00143367 0.00780591 0.03829561 0.24135248 0.11004217 0.31031222 0.06041975 0.06945213 0.07593612 0.08198005 0.03802522
0.02591058 0.00352445 0.00121543 0.00380652 0.03135734 0.23527134 0.10433345 0.30971314 0.04821431 0.08996978 0.08083630 0.08038294 0.03799369
0.02785283 0.00385602 0.00269056 0.00522466 0.03210220 0.23687855 0.10242112 0.30889965 0.04443619 0.09841799 0.07431118 0.08650280 0.02950342
0.02874031 0.00221632 0.00148135 0.00085872 0.00168157 0.23825735 0.10324168 0.30496529 0.04209811 0.10542230 0.06721421 0.08077113 0.03764487
0.02931243 0.00181634 0.00081667 0.00039591 0.00090237 0.23564170 0.10309504 0.30515820 0.04510286 0.10342123 0.07339107 0.08043721 0.02599415
0.03262045 0.00194079 0.00087604 0.00028725 0.00100379 0.23849043 0.10560666 0.30424160 0.05172759 0.09292643 0.07944317 0.08351886 0.02570441
0.03260725 0.00251650 0.00169987 0.00166460 0.02791544 0.23677455 0.10520594 0.30501589 0.06332243 0.07995691 0.08182420 0.08282769 0.02594587
0.03184937 0.00547005 0.00125294 0.00731827 0.03423512 0.23679896 0.10676652 0.30625315 0.06636811 0.06153654 0.09234501 0.08265616 0.02661004
0.03256340 0.00335361 0.00129323 0.00463721 0.02567424 0.23590507 0.10525766 0.30816786 0.06051598 0.07437074 0.08335948 0.08028978 0.02641258
0.02999700 0.00496903 0.00135045 0.00551442 0.03073380 0.23369817 0.10382628 0.30984723 0.05403560 0.09123555 0.07698553 0.08100150 0.02822419
0.02885882 0.00453882 0.00099184 0.00457417 0.00913855 0.23503690 0.10564176 0.30991065 0.04602759 0.10358656 0.06997794 0.08053399 0.04003245
0.02743885 0.00365851 0.00093458 0.00587098 0.02900234 0.23167961 0.10597515 0.31170340 0.04731401 0.11141217 0.07104762 0.07997160 0.04310804
0.02590808 0.00657161 0.00136310 0.00788841 0.04301879 0.23288877 0.10333153 0.30981240 0.04579299 0.10606176 0.07246926 0.08014163 0.04596664
0.02462923 0.00322078 0.00106060 0.00313764 0.00268469 0.23486070 0.10423802 0.30916869 0.06070846 0.09458000 0.07878665 0.08336345 0.03518352
0.02305287 0.00276490 0.00089566 0.00164322 0.00312842 0.23230226 0.10149740 0.30615343 0.06482684 0.08498644 0.08454805 0.08258209 0.03327585
0.02122765 0.00240048 0.00138520 0.00183279 0.00306912 0.23584238 0.10483770 0.30604686 0.06304820 0.07972903 0.08638455 0.08340625 0.02726079
0.02006100 0.00249465 0.00108503 0.00441636 0.02735788 0.23513124 0.10321366 0.30426434 0.06063968 0.08358535 0.08221205 0.08104814 0.02728580
0.01980883 0.00311305 0.00377319 0.00232168 0.04666984 0.23641876 0.10439882 0.30397029 0.05496717 0.09901668 0.07828045 0.08049191 0.02598923
0.01912054 0.00196383 0.00108654 0.00267868 0.00308644 0.23864954 0.10695264 0.30417049 0.04810196 0.10881055 0.07466382 0.08071854 0.04306155
0.01937148 0.00215215 0.00245997 0.00312513 0.00385154 0.23858505 0.09980319 0.30405367 0.04131724 0.11352021 0.07300330 0.08020899 0.02703039
0.02079791 0.01239225 0.00103746 0.01372084 0.04612457 0.24033233 0.10387862 0.30585078 0.04720448 0.10694566 0.06696878 0.08003085 0.04423301
0.02320626 0.00745561 0.00149901 0.00981479 0.03491276 0.23865383 0.10780142 0.30562221 0.05301915 0.09603401 0.07862631 0.08228770 0.03145462
0.02008119 0.00405326 0.00222096 0.00359918 0.00673670 0.23553402 0.10242921 0.30886329 0.06226109 0.09037548 0.08674558 0.08319714 0.03327265
0.02080925 0.00340853 0.00154739 0.00259264 0.00407975 0.23745391 0.09980932 0.30748077 0.06707195 0.07496710 0.08525135 0.08317187 0.03270694
0.02330984 0.00328617 0.00123234 0.00190304 0.00264451 0.23734288 0.09954468 0.30794792 0.06427456 0.08104788 0.08305032 0.07836096 0.02989258
0.02491857 0.00513087 0.00117706 0.00399816 0.04450840 0.23564408 0.10610630 0.30876659 0.06103397 0.10054355 0.07368364 0.07993040 0.02980509
0.02475603 0.00539012 0.00157955 0.00640188 0.04425525 0.23612718 0.10080270 0.30767846 0.04500503 0.11146613 0.07126416 0.08043419 0.03289542
0.02520368 0.00441740 0.00167508 0.00576468 0.03863526 0.23743573 0.10228735 0.30709211 0.04922539 0.11278311 0.06563785 0.08067829 0.02846688
0.02627671 0.00469764 0.00095904 0.00607743 0.03318323 0.23900334 0.10012559 0.30481043 0.04710883 0.10551666 0.07602491 0.07956653 0.02909953
0.02755052 0.00492570 0.00150872 0.00466175 0.03342824 0.23685432 0.10429725 0.30484455 0.06655186 0.09292748 0.08312044 0.08100705 0.02615700
0.02713898 0.00570801 0.00123994 0.00551245 0.01937622 0.23876975 0.10214307 0.30383477 0.06594133 0.07524727 0.08549801 0.08346313 0.02562300
0.02604310 0.00337899 0.00073071 0.00562166 0.03177847 0.23675753 0.10317116 0.30393178 0.06159756 0.06857874 0.09008813 0.08447744 0.03681271
0.02541878 0.00353290 0.00073064 0.00286929 0.00418234 0.23744657 0.10214951 0.30325650 0.06291733 0.08275863 0.08140037 0.08048012 0.03173321
0.02458128 0.00387901 0.00072360 0.00203720 0.00608477 0.23760501 0.10230289 0.30758634 0.05744323 0.09933201 0.07522744 0.07866984 0.04456177
0.02318968 0.00292213 0.00113612 0.00059120 0.00178134 0.23358589 0.11058620 0.30797775 0.04729134 0.10957414 0.07503734 0.07879584 0.02859930
0.02061256 0.00722267 0.00084880 0.00539455 0.02931880 0.23558772 0.10600365 0.31042083 0.05808619 0.10713647 0.07648335 0.08237984 0.03008333
0.02226574 0.01005448 0.00074378 0.01155381 0.03914484 0.23237995 0.10427452 0.31222039 0.05242819 0.10458414 0.08127572 0.07906901 0.02938416
0.02364097 0.00717031 0.00180383 0.00804158 0.05579093 0.23461287 0.10839514 0.31111310 0.05783059 0.09446815 0.08511610 0.08252473 0.02810255
0.02362508 0.00570389 0.00138653 0.00707530 0.04338419 0.23473934 0.10547292 0.31046963 0.06463321 0.08570352 0.07864376 0.08397897 0.04918822
0.02542188 0.00751434 0.00192225 0.00749382 0.05588508 0.23348636 0.09946620 0.30871720 0.07051602 0.08252580 0.08703776 0.08711610 0.02715630
0.02832575 0.00329110 0.00115348 0.00131304 0.00327014 0.23837556 0.10509062 0.30772634 0.06151592 0.08291887 0.09031473 0.08196609 0.02918907
0.03011352 0.00269826 0.00268351 0.00045292 0.00340963 0.23573504 0.10866082 0.30701113 0.05406818 0.08816700 0.08314598 0.08778253 0.02767056
0.03385750 0.00314161 0.00193608 0.00043092 0.00265824 0.24053419 0.10248649 0.30505963 0.05310775 0.09702976 0.07822833 0.07884992 0.02821102
0.03452060 0.01350797 0.00097867 0.01348766 0.04574490 0.24005229 0.11037920 0.30706439 0.04733844 0.09792902 0.07148622 0.08203159 0.03273687
0.03318155 0.00378028 0.00112564 0.00593599 0.03768012 0.24263177 0.10191870 0.30714258 0.05201268 0.09469326 0.07416141 0.08029301 0.04697883
0.03333055 0.00618995 0.00081424 0.00886659 0.03811895 0.24394002 0.09832667 0.30721320 0.05758259 0.08539766 0.07434592 0.08210016 0.05971149
0.03373193 0.00643823 0.00056490 0.00719554 0.06854491 0.24143721 0.10122788 0.30716436 0.05356447 0.07764934 0.08943068 0.08337834 0.03079314
