0.00000000 10.00000000 0.00000000 0.00000000 0.00000000 0.00000000 0.00000000 0.00000000 0.00000000 1.00000000 0.00000000 0.00000000 0.00000000 0.00000000
1.00033344 10.15034270 0.02454029 0.00093784 0.01482566 0.07833731 0.02226838 0.13298511 0.01228769 0.26741634 0.02555947 0.28447626 0.01411495 0.12225069
2.00066689 10.10843116 0.01228627 0.00173612 0.00802173 0.03633233 0.03914218 0.20692354 0.02879477 0.10280129 0.07723566 0.36832551 0.03750027 0.08090030
3.00100033 9.96233164 0.02645631 0.00278292 0.00955331 0.04188625 0.06233899 0.16981497 0.04790254 0.23928886 0.14878084 0.14937238 0.06270936 0.03911327
4.00133378 10.03430595 0.01674835 0.00354249 0.00892402 0.04229723 0.07353397 0.15017785 0.06077187 0.15683984 0.21268855 0.14468626 0.07559712 0.05419246
5.00166722 9.98392613 0.01442606 0.00506393 0.00690100 0.04157954 0.06974377 0.15395336 0.06626161 0.09081477 0.28704933 0.14913798 0.06649164 0.04857701
6.00200067 9.89216509 0.01640856 0.00490566 0.00699988 0.03493636 0.08657979 0.17268022 0.06941231 0.07335722 0.30927446 0.09826906 0.08788300 0.03929349
7.00233411 9.89897293 0.01014947 0.00470621 0.00670726 0.03928146 0.08124259 0.15365388 0.07118285 0.08511135 0.30601569 0.10669147 0.09202236 0.04323541
8.00266756 9.85174738 0.01470676 0.00494014 0.00660291 0.03424901 0.08125791 0.11210244 0.08673202 0.13147952 0.27250640 0.12335767 0.08825848 0.04380672
9.00300100 9.78525650 0.02006323 0.00429808 0.00741565 0.04242210 0.08262712 0.07995667 0.08500664 0.20972081 0.22217255 0.12379698 0.08548108 0.03703910
10.00333444 9.78958252 0.01368731 0.00461129 0.00631874 0.03910717 0.09440269 0.11450107 0.08359912 0.21336886 0.17605847 0.14315898 0.07187407 0.03931222
11.00366789 9.75304967 0.01266695 0.00407316 0.00777796 0.04382655 0.08982657 0.12981085 0.07813624 0.15040360 0.13017954 0.24714718 0.06394853 0.04220286
12.00400133 9.70763255 0.01508846 0.00399720 0.00658890 0.03475926 0.09143265 0.11200144 0.08855632 0.19999644 0.09728767 0.25274717 0.06050224 0.03704224
13.00433478 9.70386050 0.01290671 0.00409079 0.00529909 0.03601206 0.09358897 0.14283293 0.09460811 0.21929806 0.09373687 0.19678980 0.06231867 0.03851795
14.00466822 9.65602570 0.01124996 0.00475423 0.00637729 0.03027645 0.09067761 0.12518984 0.10089558 0.16619697 0.11820545 0.23744536 0.07359279 0.03513846
15.00500167 9.61330403 0.01044884 0.00528725 0.00424298 0.02542871 0.10026444 0.11687187 0.10533107 0.13966033 0.15892755 0.22124231 0.08029303 0.03200163
16.00533511 9.58936581 0.00942589 0.00529180 0.00481057 0.02482340 0.10104865 0.12566194 0.10746518 0.13213814 0.20801470 0.16006212 0.08770430 0.03355330
17.00566856 9.55281309 0.01061716 0.00551300 0.00455464 0.02373591 0.11253567 0.08867241 0.10888244 0.13888098 0.25971648 0.13072386 0.08698036 0.02918710
18.00600200 9.51908985 0.01026460 0.00571115 0.00477954 0.02238240 0.12674562 0.07284045 0.10583523 0.11611495 0.29436801 0.11220852 0.10199045 0.02675907
19.00633545 9.48925696 0.00701221 0.00615108 0.00250839 0.01450487 0.13558217 0.07467371 0.12099589 0.10191337 0.30596120 0.09931356 0.10862534 0.02275820
20.00666889 9.46353589 0.00672168 0.00578537 0.00223439 0.01932141 0.13045843 0.08548192 0.12278987 0.10226406 0.29667990 0.10086616 0.10420694 0.02318988
21.00700233 9.42403689 0.00827989 0.00538709 0.00350458 0.02108595 0.12128992 0.08287090 0.12913145 0.11373156 0.25697601 0.13064973 0.10648147 0.02061145
22.00733578 9.38328803 0.00895323 0.00568372 0.00346815 0.02418002 0.11727456 0.07708142 0.12478704 0.13863280 0.22084199 0.15694067 0.09331710 0.02883930
23.00766922 9.35834129 0.00984197 0.00571852 0.00559586 0.02657821 0.11225027 0.10186677 0.11982113 0.15316014 0.17916542 0.16693621 0.09576095 0.02330455
24.00800267 9.32714085 0.00895684 0.00515959 0.00420905 0.01726588 0.10764807 0.10022272 0.12700139 0.15957205 0.14929517 0.21149201 0.08112942 0.02804780
25.00833611 9.30726967 0.00991824 0.00522528 0.00430787 0.01923284 0.11936224 0.09097457 0.12495097 0.17648046 0.13268491 0.20999784 0.07911746 0.02774730
26.00866956 9.29023491 0.01016862 0.00510349 0.00435396 0.02159250 0.12752238 0.09868634 0.12642009 0.17518552 0.13603901 0.18983459 0.07953548 0.02555803
27.00900300 9.25874532 0.00841734 0.00548125 0.00275672 0.02056046 0.12475629 0.08737854 0.13586970 0.16925396 0.15978471 0.17897282 0.07869542 0.02807281
28.00933645 9.21850706 0.00966261 0.00554589 0.00476128 0.02523145 0.13264066 0.07735871 0.12060136 0.14826517 0.19191909 0.16499976 0.09366210 0.02535192
29.00966989 9.17820521 0.00908561 0.00607122 0.00441066 0.02719778 0.12890071 0.07543382 0.12840529 0.13935809 0.22295584 0.13598513 0.09806131 0.02413453
30.01000333 9.16272346 0.00742693 0.00585271 0.00293778 0.01503962 0.13414893 0.07523325 0.13610608 0.12199125 0.25634340 0.12031373 0.10033571 0.02427061
31.01033678 9.14183289 0.00740951 0.00572518 0.00281606 0.01466396 0.12858401 0.06617492 0.14093123 0.10881964 0.27261003 0.11471624 0.11576106 0.02178815
32.01067022 9.11475625 0.00727573 0.00646615 0.00328697 0.01954069 0.13225274 0.06056299 0.14664364 0.10209404 0.28763459 0.10880905 0.10693857 0.01849484
33.01100367 9.10560400 0.00669229 0.00613287 0.00334526 0.02286632 0.13509987 0.06905816 0.13816789 0.10853874 0.27322734 0.11037982 0.10797893 0.01851250
34.01133711 9.06965469 0.00740039 0.00615452 0.00391963 0.01750259 0.13541693 0.06778281 0.14191376 0.11799718 0.24693739 0.13304803 0.10024649 0.02168027
35.01167056 9.04971576 0.00828182 0.00562388 0.00379664 0.02086807 0.14073215 0.07441874 0.14151450 0.13282909 0.21480952 0.14664503 0.08876910 0.02171146
36.01200400 9.03241368 0.00804192 0.00537428 0.00366994 0.01941487 0.13424926 0.08428570 0.14007695 0.14683462 0.18209501 0.16187718 0.08965054 0.02442974
37.01233745 9.00137428 0.01059388 0.00505270 0.00576547 0.02659436 0.13391803 0.08139607 0.14319975 0.15390670 0.16781454 0.16894471 0.08141414 0.02139965
38.01267089 8.98364262 0.00855078 0.00562682 0.00372938 0.02125011 0.13313088 0.08317327 0.14346490 0.15634199 0.16320707 0.17281186 0.08615771 0.02255522
39.01300433 8.95137236 0.00867971 0.00514117 0.00371694 0.02096870 0.12900948 0.08828982 0.14334020 0.15171394 0.16740435 0.17190174 0.08548793 0.02434604
40.01333778 8.92392620 0.00902193 0.00564473 0.00343020 0.02045753 0.12919651 0.08611858 0.14319208 0.14963904 0.18889520 0.15664127 0.08720220 0.02056072
41.01367122 8.89897355 0.00763811 0.00589459 0.00317082 0.01859061 0.13465956 0.07872414 0.14400438 0.13239777 0.20594369 0.15367062 0.09537792 0.01992780
42.01400467 8.87370962 0.00821905 0.00585220 0.00429551 0.01568631 0.13841888 0.07820609 0.15232297 0.12192049 0.22744889 0.13352171 0.09296220 0.02114570
43.01433811 8.85137825 0.00735568 0.00567206 0.00322520 0.01730361 0.14401975 0.06927125 0.14500293 0.11774050 0.24188045 0.12378422 0.10346097 0.02128338
44.01467156 8.82121303 0.00784351 0.00595232 0.00397752 0.01906057 0.14134137 0.06995353 0.14935810 0.10664459 0.24790844 0.12570053 0.10165786 0.02060165
45.01500500 8.79571522 0.00678781 0.00610471 0.00258599 0.01559900 0.13735488 0.06528425 0.15606254 0.11329644 0.25150484 0.12739398 0.09898192 0.01904364
46.01533845 8.78390571 0.00638175 0.00563303 0.00216931 0.01302243 0.13482068 0.06626600 0.15133358 0.11721639 0.24587633 0.12742937 0.11061236 0.01923878
47.01567189 8.74391404 0.00763974 0.00601924 0.00344674 0.01687712 0.14107694 0.06694918 0.15468326 0.12001321 0.23803896 0.12998970 0.09718298 0.01808293
48.01600534 8.71152811 0.00786343 0.00592552 0.00370921 0.01772202 0.14091189 0.06529897 0.14501073 0.12802205 0.22656432 0.14152783 0.09714722 0.02029679
49.01633878 8.68520616 0.00740218 0.00574252 0.00357740 0.02090962 0.13842835 0.07046052 0.15038606 0.13025314 0.21023770 0.15162340 0.08840581 0.02257331
50.01667222 8.66604259 0.00891843 0.00553480 0.00433898 0.02269816 0.13967591 0.07302569 0.14599468 0.14672145 0.19530731 0.15015630 0.08773346 0.01989482
51.01700567 8.64116039 0.00857189 0.00564476 0.00428430 0.02208771 0.14312474 0.07025270 0.14787156 0.13798414 0.18684471 0.16343804 0.08834470 0.02155076
52.01733911 8.61257102 0.00705354 0.00578484 0.00285885 0.02120423 0.15044167 0.07596510 0.14424255 0.13977843 0.18918076 0.15705620 0.08807220 0.01836164
53.01767256 8.59675629 0.00785683 0.00570903 0.00389690 0.01973915 0.13790335 0.08082926 0.15120068 0.13649959 0.19416318 0.14671807 0.09597582 0.01950815
54.01800600 8.56523700 0.00807371 0.00549842 0.00431083 0.02148194 0.13297549 0.07227627 0.15419123 0.12894653 0.20237091 0.15145591 0.09514832 0.02327043
55.01833945 8.54359331 0.00703072 0.00613455 0.00193112 0.01365847 0.13610684 0.07595460 0.14649248 0.13040331 0.22897436 0.13892000 0.09421447 0.02017908
56.01867289 8.51121006 0.00811170 0.00582973 0.00417862 0.01908834 0.13370846 0.08277563 0.14281387 0.11806047 0.23391218 0.13153192 0.09950725 0.02048182
57.01900634 8.47382357 0.00835918 0.00554496 0.00378646 0.02508952 0.13772650 0.07651546 0.14249941 0.11412722 0.24376977 0.12527577 0.09357710 0.02372865
58.01933978 8.44010425 0.00825756 0.00584187 0.00328898 0.01952137 0.14256473 0.07083039 0.14476339 0.11814536 0.24698042 0.12257503 0.09713108 0.02009981
59.01967322 8.42569369 0.00642525 0.00558790 0.00263163 0.01251866 0.14030917 0.07282352 0.14349189 0.11581939 0.24575750 0.13048107 0.09961620 0.02453781
60.02000667 8.37999920 0.00826216 0.00555125 0.00432496 0.01716218 0.13527431 0.07995880 0.14243188 0.12634012 0.23283147 0.13380607 0.09082464 0.02323217
61.02034011 8.34680989 0.00885898 0.00555431 0.00464760 0.02840173 0.12313778 0.07958810 0.14185661 0.12409602 0.21364113 0.14856489 0.09608963 0.02556322
62.02067356 8.32413807 0.00768984 0.00570426 0.00407194 0.02282210 0.13251387 0.08281192 0.14363099 0.13118127 0.20196360 0.15208879 0.09218026 0.02334115
63.02100700 8.29022137 0.00869696 0.00611022 0.00423098 0.02604700 0.12577878 0.08187289 0.14749578 0.13336517 0.19919629 0.14623328 0.09691151 0.02406115
64.02134045 8.25828380 0.00816478 0.00603004 0.00394610 0.01989497 0.12514917 0.07837860 0.14969668 0.13585723 0.19854351 0.15669507 0.09429911 0.02334473
65.02167389 8.23651122 0.00974221 0.00576004 0.00519648 0.02473338 0.12894372 0.08375214 0.13846385 0.13465322 0.20282913 0.14855743 0.08980734 0.02756106
66.02200734 8.20459399 0.00955589 0.00558816 0.00455022 0.02258724 0.13246578 0.07919297 0.13635013 0.13144010 0.20028848 0.15608869 0.09620269 0.02568965
67.02234078 8.17303217 0.00843533 0.00577776 0.00362138 0.02727283 0.13859810 0.08006214 0.13782853 0.13278765 0.20801313 0.14487837 0.08608408 0.02664071
68.02267422 8.14483089 0.00938181 0.00524330 0.00490643 0.02975445 0.13222053 0.08429593 0.13864000 0.12943325 0.21288552 0.14079769 0.08775791 0.02468319
69.02300767 8.11069725 0.00932856 0.00534485 0.00510626 0.02860951 0.12973548 0.08052790 0.13888265 0.12388682 0.21809420 0.13710873 0.09688298 0.02649205
70.02334111 8.07023773 0.00894662 0.00593232 0.00460400 0.02894150 0.12762038 0.08059409 0.14568972 0.12220732 0.22740995 0.13365841 0.09282702 0.02156866
71.02367456 8.04349491 0.00933009 0.00565749 0.00416491 0.02791612 0.12882639 0.08107083 0.13716463 0.12302894 0.22507423 0.13412477 0.09807163 0.02556997
72.02400800 8.01795554 0.00922367 0.00553853 0.00500203 0.03244901 0.12499472 0.08691837 0.13706970 0.12232200 0.22715631 0.13562109 0.08853621 0.02516836
73.02434145 7.99911672 0.00974384 0.00541041 0.00471705 0.02279407 0.12741776 0.08547798 0.13620139 0.12783587 0.21973386 0.14304163 0.09019817 0.02742799
74.02467489 7.96728509 0.00870681 0.00527856 0.00469214 0.02024351 0.12815184 0.08929310 0.13558811 0.12953486 0.20870567 0.14859805 0.09197040 0.02923695
75.02500834 7.94232806 0.00869031 0.00552634 0.00397877 0.02016568 0.13412706 0.08956853 0.13723311 0.12979311 0.20865691 0.14404247 0.08843428 0.02978344
76.02534178 7.92522974 0.00804982 0.00546651 0.00406565 0.01807005 0.13396269 0.08537953 0.13698503 0.12628746 0.20686911 0.15207897 0.09448485 0.02830033
77.02567523 7.89556679 0.00834845 0.00563468 0.00368847 0.02290211 0.14450309 0.08467464 0.13346904 0.12670591 0.20597376 0.14867978 0.09089958 0.02452049
78.02600867 7.87478136 0.00792392 0.00545294 0.00381883 0.02274544 0.13669312 0.08482695 0.13855895 0.12872016 0.20405356 0.14792929 0.09366998 0.02560686
79.02634211 7.85805583 0.00774817 0.00537513 0.00317521 0.02073346 0.13232145 0.09146067 0.14579451 0.12575263 0.20493388 0.14644155 0.08984660 0.02641673
80.02667556 7.83926110 0.00873451 0.00544920 0.00369770 0.02316893 0.13489599 0.08593294 0.14587499 0.12809976 0.20337260 0.14361022 0.09288724 0.02427593
81.02700900 7.80850079 0.00820629 0.00589703 0.00374432 0.02168563 0.13152898 0.08521598 0.15053661 0.12459736 0.21022496 0.13894063 0.09063247 0.02878973
82.02734245 7.78494889 0.00847672 0.00616169 0.00393810 0.02202489 0.14263689 0.08625730 0.14337410 0.11776942 0.21666876 0.13585071 0.09715633 0.01968509
83.02767589 7.74838424 0.01011576 0.00637630 0.00568277 0.02586681 0.13806465 0.07822337 0.14474287 0.11685964 0.21560829 0.12979081 0.10116795 0.02750079
84.02800934 7.72214330 0.00900646 0.00584466 0.00561879 0.03230285 0.14667944 0.07581925 0.14359353 0.11329143 0.21947633 0.12676368 0.09843801 0.02316557
85.02834278 7.70335829 0.00759849 0.00603935 0.00376467 0.02142996 0.14284106 0.07385194 0.15314606 0.11680227 0.22289114 0.12921755 0.09665350 0.02576402
86.02867623 7.68456931 0.00738296 0.00562771 0.00416734 0.02482039 0.14134616 0.08044493 0.14971930 0.11527436 0.21805709 0.13011632 0.09473769 0.02830575
87.02900967 7.65697312 0.00796391 0.00592494 0.00460049 0.02095415 0.13831441 0.07991569 0.14659544 0.12210973 0.21033124 0.13801716 0.09781490 0.02745794
88.02934311 7.62737997 0.00798041 0.00668196 0.00418152 0.01839909 0.14315193 0.07731398 0.15032948 0.12137231 0.20825049 0.14262570 0.09593941 0.02377373
89.02967656 7.58980888 0.00745630 0.00649701 0.00382568 0.01959837 0.14515375 0.08090942 0.14449887 0.11840581 0.20637236 0.14469646 0.09841965 0.02416632
90.03001000 7.57597075 0.00697431 0.00613388 0.00291238 0.01815451 0.14099961 0.08266352 0.15006234 0.12644489 0.20903898 0.14119633 0.09243025 0.02298899
91.03034345 7.56204269 0.00713909 0.00561126 0.00359777 0.02016448 0.13926137 0.08086624 0.14960061 0.12114147 0.19970190 0.15012922 0.09681288 0.02597373
92.03067689 7.54228067 0.00783898 0.00573345 0.00405156 0.02272391 0.13911885 0.08138150 0.14512379 0.12693177 0.20438689 0.14150865 0.09725914 0.02394151
93.03101034 7.51621208 0.00864437 0.00573204 0.00451567 0.02459626 0.14186065 0.07534572 0.14933227 0.12441581 0.20556705 0.14033018 0.09628157 0.02337841
94.03134378 7.48691073 0.00751653 0.00589472 0.00357668 0.02492828 0.14240561 0.07770035 0.14292312 0.11970453 0.21256476 0.14174635 0.09859447 0.02244460
95.03167723 7.45365639 0.00771333 0.00627827 0.00400018 0.02494977 0.14337642 0.07202318 0.14634599 0.12047421 0.21877880 0.13059408 0.09893299 0.02653277
96.03201067 7.43818225 0.00744269 0.00611852 0.00377938 0.01992985 0.14396457 0.07135246 0.15627864 0.11763364 0.21711567 0.12921837 0.10463212 0.02253409
97.03234411 7.41411678 0.00908135 0.00602811 0.00530868 0.02341958 0.14695937 0.07190019 0.14813308 0.11681151 0.21554464 0.13046243 0.10051429 0.02583677
98.03267756 7.39202713 0.00709479 0.00643107 0.00435978 0.02198197 0.14623357 0.07420515 0.15885906 0.11473493 0.21813337 0.12728934 0.09918343 0.02149352
99.03301100 7.36143675 0.00784407 0.00605379 0.00446291 0.02580150 0.14576898 0.07542386 0.14882038 0.11453712 0.21699775 0.12719011 0.10508306 0.02201648
100.03334445 7.32965402 0.00814241 0.00638488 0.00464607 0.03079139 0.14565673 0.06442228 0.15930783 0.11124715 0.21494819 0.13126954 0.09875246 0.02443107
101.03367789 7.31206489 0.00731388 0.00629165 0.00475373 0.02362074 0.14906397 0.07433102 0.15612254 0.11118265 0.20422025 0.13270279 0.10560533 0.02479145
102.03401134 7.28688226 0.00764250 0.00637580 0.00431270 0.02222982 0.15481789 0.07453876 0.14626686 0.11888935 0.20040526 0.13350241 0.10346141 0.02755724
103.03434478 7.25532517 0.00931648 0.00616771 0.00600760 0.02704769 0.14162127 0.06994623 0.15872901 0.12113443 0.19332312 0.13950840 0.10052303 0.02667505
104.03467823 7.23224174 0.00820334 0.00595232 0.00537803 0.03442775 0.13906825 0.07727925 0.15486066 0.11820997 0.19175240 0.13498853 0.10104047 0.02883904
105.03501167 7.19911948 0.00802973 0.00672513 0.00548980 0.02714546 0.14551276 0.07345418 0.15192078 0.11640658 0.20011738 0.14000976 0.09655969 0.02862877
106.03534512 7.16701805 0.00793873 0.00693125 0.00386684 0.02372738 0.14087519 0.07434079 0.15606334 0.11630334 0.20777906 0.13621223 0.10199304 0.02396879
107.03567856 7.14252270 0.00849889 0.00647920 0.00483847 0.02045238 0.14845382 0.07522892 0.14830177 0.12015558 0.21011617 0.12986028 0.10096870 0.02664582
108.03601200 7.12409385 0.00758568 0.00610837 0.00433979 0.02532719 0.15211425 0.07245851 0.15360015 0.11659723 0.20478855 0.13130580 0.10181540 0.02395906
109.03634545 7.10289314 0.00776578 0.00645744 0.00434414 0.02398635 0.14904636 0.07275921 0.14832754 0.11307878 0.20494491 0.13518663 0.10691460 0.02718825
110.03667889 7.07386853 0.00830277 0.00670387 0.00455322 0.01993481 0.14367663 0.07304971 0.15533809 0.12077360 0.20978157 0.12900905 0.10739771 0.02147897
111.03701234 7.06293374 0.00638763 0.00654662 0.00161939 0.01292481 0.14384085 0.07239525 0.16497952 0.11966743 0.21276031 0.13326400 0.10516279 0.02045140
112.03734578 7.02823671 0.00717763 0.00666927 0.00376057 0.02045886 0.15038014 0.07332955 0.15153327 0.11848853 0.21120586 0.13537123 0.10386698 0.01775810
113.03767923 7.01084302 0.00622041 0.00660989 0.00244011 0.01809109 0.15027831 0.07237531 0.15469267 0.11678032 0.21424049 0.13489739 0.10386383 0.01951016
114.03801267 6.97719003 0.00697142 0.00632211 0.00354629 0.02425924 0.15175280 0.07212394 0.15427118 0.11170224 0.21713995 0.13196983 0.09783245 0.02210856
115.03834612 6.95540027 0.00826195 0.00576988 0.00514681 0.02865583 0.14961776 0.06843771 0.14785477 0.11779866 0.21473468 0.12983861 0.10207965 0.02180368
116.03867956 6.92086480 0.00739613 0.00600463 0.00433891 0.03223820 0.14956194 0.07047960 0.15342071 0.11369494 0.20580325 0.13038873 0.10158499 0.02508797
117.03901300 6.87868324 0.00901027 0.00634127 0.00505145 0.03270715 0.14806739 0.07222208 0.14573880 0.11616117 0.20459428 0.12766252 0.10838675 0.02405687
118.03934645 6.85064775 0.00848440 0.00631170 0.00549928 0.03257882 0.14772780 0.07203022 0.14876767 0.11652035 0.20197378 0.13432742 0.10056368 0.02521489
119.03967989 6.82629944 0.00888928 0.00623378 0.00482022 0.03232784 0.13618046 0.08026899 0.14254447 0.11778226 0.19396655 0.14490947 0.10624291 0.02583376
120.04001334 6.78567478 0.00872886 0.00633153 0.00508932 0.03021548 0.13340399 0.08192428 0.14794140 0.12391731 0.19769100 0.13636112 0.10349318 0.02490253
121.04034678 6.75194223 0.00855226 0.00643132 0.00444739 0.02433349 0.13517030 0.08011101 0.15272152 0.11851198 0.20213347 0.13819859 0.10230419 0.02708447
122.04068023 6.72126371 0.00967990 0.00635272 0.00588583 0.02970025 0.14451984 0.08184033 0.14689135 0.11311654 0.20173188 0.13345012 0.10068976 0.02614149
123.04101367 6.68682785 0.00863740 0.00660570 0.00526028 0.03254437 0.14121653 0.07643132 0.14597269 0.11518165 0.20363257 0.12921703 0.10712499 0.02817549
124.04134712 6.65811633 0.00844101 0.00595918 0.00474835 0.02330667 0.14834635 0.08181466 0.14946500 0.11846142 0.20049362 0.13363022 0.09901814 0.02631537
125.04168056 6.63541299 0.00744242 0.00624540 0.00333286 0.02583938 0.13563334 0.07694043 0.15555425 0.11806123 0.20623062 0.13802002 0.10053572 0.02616432
126.04201400 6.60663567 0.00753283 0.00648592 0.00373984 0.02290322 0.14795959 0.08439051 0.14789005 0.11477234 0.20544693 0.13255789 0.10172164 0.02459923
127.04234745 6.57156375 0.00787119 0.00644233 0.00367382 0.02287508 0.14136442 0.08206712 0.14938283 0.12118720 0.20776705 0.12913109 0.10267620 0.02556167
128.04268089 6.53917195 0.00871053 0.00659152 0.00578837 0.02653335 0.14293875 0.08012205 0.15239031 0.11020857 0.20733741 0.13428430 0.09908848 0.02600637
129.04301434 6.50810173 0.00852245 0.00626884 0.00510108 0.03024500 0.14706869 0.07946461 0.14749845 0.11107390 0.20806807 0.12806083 0.10251756 0.02611052
130.04334778 6.47817742 0.00878117 0.00614551 0.00530266 0.03509775 0.14480158 0.08031331 0.15381916 0.11358986 0.19873557 0.12566952 0.10025072 0.02749321
131.04368123 6.45339379 0.00920827 0.00651984 0.00637974 0.02694211 0.14794122 0.08089180 0.14857656 0.11302099 0.20233897 0.13475456 0.10038902 0.02303692
132.04401467 6.43314743 0.00731324 0.00638277 0.00437328 0.02399397 0.14999283 0.08749642 0.15243606 0.11176864 0.20345742 0.12738782 0.09840396 0.02699359
133.04434812 6.40200417 0.00714867 0.00641130 0.00311195 0.02425259 0.14655630 0.08173997 0.15222748 0.11394024 0.19930829 0.13714542 0.10596910 0.02218871
134.04468156 6.37547259 0.00703092 0.00637384 0.00362622 0.01899985 0.14598078 0.08348060 0.15121253 0.11627166 0.20553362 0.13365026 0.10080692 0.02703282
135.04501501 6.34749809 0.00812280 0.00621112 0.00425631 0.01582259 0.14694319 0.08419401 0.14795510 0.11544692 0.20540563 0.13547598 0.10456512 0.02560123
136.04534845 6.30716933 0.00799019 0.00590250 0.00410905 0.01911139 0.14657951 0.08382443 0.13950645 0.12059515 0.20514297 0.13796472 0.10303277 0.02624087
137.04568189 6.28003057 0.00887088 0.00625201 0.00530934 0.02744772 0.13892694 0.08338813 0.13710970 0.12275964 0.20809532 0.13421351 0.10377552 0.02385129
138.04601534 6.25650641 0.00911111 0.00593264 0.00544770 0.02627629 0.13749665 0.08139345 0.14266915 0.12126554 0.20613583 0.14135432 0.09678472 0.02613260
139.04634878 6.22962681 0.00733489 0.00561118 0.00340235 0.01442722 0.13912840 0.08931383 0.13981874 0.12328741 0.21373106 0.13918401 0.09901743 0.02574348
140.04668223 6.20077135 0.00750646 0.00566486 0.00345333 0.02417431 0.14219048 0.08266174 0.13526320 0.11866558 0.21243541 0.13675490 0.10429753 0.02693219
141.04701567 6.16754116 0.00847286 0.00603973 0.00494977 0.02319193 0.13524229 0.08586047 0.14471999 0.11321985 0.21196590 0.14195681 0.10292937 0.02145105
142.04734912 6.14868739 0.00818455 0.00625841 0.00372910 0.01804755 0.14636228 0.08906918 0.13235281 0.12329142 0.21696248 0.13383259 0.09911780 0.02279182
143.04768256 6.13691292 0.00915522 0.00601909 0.00501663 0.01998831 0.13629733 0.07821221 0.14223032 0.12149676 0.21724422 0.14002981 0.09935821 0.02495187
144.04801601 6.12170461 0.00721455 0.00638684 0.00378592 0.02247865 0.13505940 0.08599272 0.14266375 0.11594791 0.21627510 0.13967903 0.10052518 0.02399095
145.04834945 6.09464049 0.00697278 0.00632774 0.00283645 0.01670582 0.13113389 0.08381290 0.14682671 0.11892964 0.22102844 0.14132004 0.10072413 0.02338145
146.04868289 6.07989834 0.00707213 0.00566470 0.00347369 0.01601033 0.13423851 0.08338287 0.14393201 0.12027716 0.21512647 0.14790776 0.09932415 0.02359022
147.04901634 6.05220280 0.00655120 0.00632778 0.00351834 0.01954528 0.13437622 0.08412294 0.13854833 0.12039400 0.21944667 0.14175633 0.10274891 0.02266398
148.04934978 6.01731310 0.00827615 0.00591003 0.00462985 0.01892446 0.13123271 0.08421802 0.13953060 0.12460986 0.21657798 0.14537591 0.09476507 0.02594938
149.04968323 5.99711078 0.00872998 0.00596402 0.00510870 0.02233800 0.14356908 0.08396109 0.13302673 0.12170702 0.21713598 0.14085941 0.09509240 0.02250760
150.05001667 5.96760636 0.00726820 0.00616201 0.00370830 0.01944368 0.14788337 0.08064425 0.12706438 0.12202786 0.22157266 0.13855256 0.10028929 0.02538343
151.05035012 5.93702389 0.00912772 0.00605828 0.00521788 0.01692379 0.14649646 0.08372840 0.13854405 0.11578101 0.22274136 0.13482242 0.09806034 0.02249828
152.05068356 5.90318034 0.00770161 0.00573515 0.00377524 0.02010290 0.14031110 0.08964318 0.13209896 0.11803718 0.21679760 0.13685257 0.10033384 0.02861068
153.05101701 5.88215129 0.00742233 0.00589485 0.00386190 0.02464343 0.13413225 0.08283792 0.13475473 0.11917464 0.22273737 0.13986689 0.10040487 0.02426883
154.05135045 5.85158796 0.00774041 0.00586915 0.00387397 0.01979648 0.13865247 0.09014835 0.12773400 0.12181044 0.21430513 0.14233511 0.10029501 0.02743947
155.05168389 5.81391701 0.00862652 0.00578767 0.00449508 0.02418661 0.13665787 0.08539249 0.12874928 0.12696658 0.20558121 0.14340962 0.10351393 0.02663317
156.05201734 5.78316175 0.00821913 0.00591390 0.00424721 0.02402987 0.13820193 0.08346103 0.12858464 0.12747950 0.20473408 0.15070604 0.09513416 0.02928853
157.05235078 5.75723149 0.00776808 0.00555954 0.00423540 0.03146001 0.13867435 0.08563091 0.11845739 0.12420071 0.20519175 0.15017743 0.10336276 0.02528167
158.05268423 5.72656766 0.00825500 0.00569336 0.00532375 0.03459585 0.13570568 0.08528665 0.12886406 0.11986313 0.20707687 0.14383271 0.09985316 0.02564978
159.05301767 5.70716857 0.00837833 0.00566637 0.00512915 0.02402359 0.14500690 0.08766538 0.13142079 0.12007352 0.20856422 0.13817078 0.09653251 0.02936846
160.05335112 5.68190338 0.00792347 0.00602569 0.00563659 0.03105116 0.13736063 0.08796667 0.13113303 0.11100016 0.20815372 0.13426516 0.11056675 0.02891697
161.05368456 5.63384628 0.00893269 0.00670990 0.00647904 0.02938868 0.13540487 0.08760232 0.13465339 0.10782119 0.21511445 0.13522589 0.10145256 0.03121503
162.05401801 5.60164679 0.00723060 0.00645867 0.00446325 0.03345892 0.13670277 0.09008966 0.12490976 0.10658083 0.21877884 0.12750312 0.11266594 0.03115763
163.05435145 5.58401019 0.00855675 0.00656321 0.00521344 0.02790497 0.13903364 0.08003954 0.13552346 0.10905927 0.22095494 0.13273946 0.10935639 0.02505493
164.05468489 5.55343936 0.00802464 0.00657840 0.00431434 0.02404910 0.14282636 0.08211152 0.12713161 0.11326239 0.22214312 0.13049258 0.10900755 0.03005838
165.05501834 5.52600714 0.00872130 0.00638201 0.00486335 0.02693810 0.14192007 0.08150141 0.13179542 0.11736186 0.21665612 0.13232681 0.10841467 0.02311889
166.05535178 5.49577020 0.00843491 0.00619841 0.00463493 0.02090781 0.14663492 0.08002522 0.13451322 0.11915899 0.21034526 0.14726991 0.09971797 0.02215844
167.05568523 5.47440465 0.00807469 0.00596577 0.00493436 0.02440730 0.15233040 0.08857784 0.12669151 0.11908761 0.20329331 0.14228810 0.10196892 0.02238018
168.05601867 5.45222258 0.00928037 0.00612436 0.00509925 0.02775381 0.14709193 0.08491562 0.13193672 0.12063803 0.19781430 0.14278624 0.10174891 0.02481046
169.05635212 5.43365697 0.00736980 0.00601383 0.00359345 0.02404892 0.14898626 0.08432941 0.13442486 0.12395017 0.20355429 0.13868860 0.10145500 0.02358540
170.05668556 5.39125771 0.00834241 0.00609585 0.00527884 0.03036714 0.13971155 0.08275304 0.13839868 0.11828640 0.20084726 0.13844946 0.10366620 0.02780317
171.05701901 5.37330157 0.00796546 0.00663924 0.00520562 0.03008225 0.14209517 0.08547287 0.13395580 0.11234916 0.20717620 0.13922583 0.10269613 0.02713627
172.05735245 5.35305477 0.00768112 0.00643343 0.00434728 0.02544726 0.14186075 0.08855577 0.13460050 0.11585412 0.21000534 0.13124354 0.10608413 0.02788676
173.05768590 5.31877090 0.00720647 0.00653771 0.00285140 0.01711454 0.14301361 0.08460576 0.13923383 0.11099228 0.21393386 0.13613553 0.11118958 0.02718541
174.05801934 5.28945620 0.00752516 0.00649611 0.00385789 0.01672793 0.14536931 0.09086864 0.13978614 0.11112844 0.21324252 0.13041505 0.10644814 0.02813467
175.05835278 5.25743543 0.00765589 0.00647175 0.00474867 0.02456790 0.14234949 0.08174382 0.13363570 0.11132975 0.21128711 0.13696643 0.11213598 0.02710750
176.05868623 5.23783083 0.00683242 0.00646258 0.00338000 0.02119683 0.13349631 0.08922757 0.14369654 0.11271228 0.21322312 0.13458549 0.10802295 0.02716392
177.05901967 5.19772692 0.00762515 0.00618798 0.00430774 0.02136179 0.14123288 0.09345990 0.13654972 0.11838748 0.20418952 0.13701704 0.09944177 0.03023902
178.05935312 5.17910842 0.00762331 0.00601317 0.00408519 0.02373244 0.13373917 0.09395721 0.13401825 0.11963694 0.19653954 0.14633371 0.10756601 0.02675507
179.05968656 5.15697930 0.00811378 0.00607223 0.00474814 0.02425594 0.14803224 0.09612302 0.13905534 0.11814149 0.19350977 0.13672588 0.09664519 0.02857697
180.06002001 5.13308932 0.00730278 0.00612091 0.00427666 0.02014457 0.14195311 0.09476221 0.13478461 0.11340169 0.19934927 0.14261266 0.10718795 0.02810358
181.06035345 5.10604704 0.00883497 0.00579382 0.00556129 0.02635333 0.14548754 0.09501531 0.14255435 0.11348980 0.19522655 0.13753748 0.09992253 0.02422304
182.06068690 5.09381114 0.00671704 0.00572940 0.00352874 0.01735157 0.15341348 0.09342420 0.14468767 0.11155285 0.19755405 0.13522408 0.10397446 0.02684244
183.06102034 5.06170554 0.00713059 0.00615532 0.00322398 0.01998251 0.14659036 0.08793872 0.14481006 0.11119723 0.20017329 0.13737462 0.10895340 0.02646990
184.06135378 5.02592265 0.00715033 0.00632884 0.00286083 0.02302302 0.14527165 0.09189475 0.14190707 0.11336521 0.20752037 0.13193344 0.10384280 0.02490170
185.06168723 5.00822284 0.00694114 0.00612071 0.00388165 0.02043978 0.14424751 0.08899523 0.14233989 0.10805160 0.20664533 0.13811615 0.10733752 0.02688349
186.06202067 4.98794029 0.00741764 0.00619127 0.00386373 0.02547584 0.14509417 0.08770991 0.14715938 0.11051702 0.20731275 0.13274142 0.10115593 0.02536094
187.06235412 4.96216965 0.00847459 0.00603308 0.00441459 0.02723565 0.14299502 0.09005451 0.14458827 0.11219078 0.20248404 0.13188701 0.10405993 0.02558253
188.06268756 4.94440128 0.00696334 0.00617982 0.00326148 0.02010743 0.15045437 0.08849054 0.14476413 0.11234868 0.20444914 0.13305671 0.10540050 0.02452385
189.06302101 4.91888537 0.00664882 0.00612951 0.00321872 0.02047766 0.15231980 0.09016964 0.14539792 0.11259074 0.20071347 0.13385947 0.10300506 0.02546918
190.06335445 4.86948165 0.00713541 0.00593170 0.00348752 0.02501072 0.15124206 0.09235613 0.13785349 0.11068880 0.19949450 0.13790845 0.10383319 0.02505802
191.06368790 4.85149828 0.00717132 0.00566097 0.00311890 0.02172240 0.14129697 0.09284143 0.14347356 0.11771269 0.19767374 0.13865929 0.10225197 0.02841675
192.06402134 4.81475489 0.00824861 0.00614296 0.00439457 0.03048185 0.13863430 0.09206475 0.13579712 0.11624359 0.20424900 0.13618396 0.09987161 0.02768768
193.06435478 4.80277092 0.00713547 0.00600452 0.00424784 0.02604147 0.13796693 0.09200658 0.13702815 0.11245854 0.20510115 0.13701358 0.10495958 0.03003620
194.06468823 4.77796548 0.00799285 0.00610945 0.00546773 0.02667266 0.14553476 0.09145589 0.13947267 0.11035042 0.20098508 0.13649925 0.10221579 0.02724344
195.06502167 4.75347825 0.00856097 0.00571482 0.00442179 0.01616636 0.14380434 0.09660693 0.14244999 0.11186494 0.20469586 0.13416206 0.10424220 0.02730975
196.06535512 4.74132723 0.00665009 0.00552389 0.00388062 0.01791626 0.15128249 0.09257630 0.14338032 0.10528574 0.20488534 0.13833962 0.10151811 0.02876122
197.06568856 4.71752157 0.00666613 0.00571259 0.00403522 0.02163883 0.15481332 0.09911126 0.13544710 0.10606050 0.20079246 0.12800912 0.10863781 0.02907566
198.06602201 4.68544063 0.00627308 0.00605307 0.00287089 0.01595930 0.16002866 0.09790116 0.14317875 0.10327049 0.20055905 0.13000655 0.10498018 0.02891883
199.06635545 4.65762777 0.00717378 0.00613145 0.00434919 0.02401316 0.16822239 0.08665008 0.13268541 0.10455652 0.19488276 0.13489033 0.10804176 0.02840317
200.06668890 4.63577497 0.00871416 0.00580665 0.00526104 0.02530360 0.15108214 0.09234744 0.13646940 0.11214095 0.19134975 0.13107378 0.10872947 0.03172163
201.06702234 4.61026954 0.00921375 0.00580236 0.00644582 0.02882148 0.15331534 0.09029520 0.14401412 0.11168814 0.18665225 0.13382619 0.10351416 0.02641118
202.06735579 4.58098613 0.00884027 0.00578792 0.00526669 0.03349893 0.14958368 0.08832406 0.13892115 0.11168658 0.18398247 0.13597508 0.10707429 0.03105889
203.06768923 4.55439695 0.00776116 0.00619108 0.00473112 0.02325790 0.14832149 0.08882837 0.14069978 0.11208567 0.18460478 0.13792822 0.11146551 0.03412493
204.06802267 4.53158690 0.00869550 0.00570313 0.00616313 0.03077991 0.15286974 0.09253346 0.14587736 0.11438533 0.18065875 0.12884076 0.10557244 0.02792048
205.06835612 4.50542626 0.00771185 0.00571332 0.00478416 0.02698612 0.15381783 0.09227085 0.14452704 0.11029723 0.18039156 0.13561748 0.10682939 0.03105318
206.06868956 4.47304662 0.00731924 0.00600032 0.00364937 0.02425050 0.16359638 0.09765114 0.13380510 0.11405506 0.18507190 0.13228036 0.10455289 0.02776774
207.06902301 4.45885250 0.00863389 0.00579642 0.00497906 0.02484774 0.15455437 0.09526888 0.13356856 0.10980944 0.18900766 0.12719529 0.11498497 0.03135374
208.06935645 4.42615580 0.00821064 0.00581880 0.00568295 0.02400351 0.15832430 0.08999783 0.13798305 0.10957846 0.19330214 0.13432818 0.10350235 0.02926777
209.06968990 4.40703456 0.00647555 0.00577480 0.00326038 0.01697525 0.16385815 0.09389232 0.13831332 0.10898198 0.20239687 0.12439604 0.10669702 0.02897832
210.07002334 4.37496288 0.00783471 0.00587008 0.00492727 0.01960914 0.15888479 0.08858931 0.13660452 0.10420116 0.20291234 0.12908358 0.11339425 0.02808886
211.07035679 4.35736118 0.00695876 0.00579459 0.00351945 0.02568181 0.15972391 0.08934774 0.14131646 0.10727870 0.19591075 0.12911381 0.10650812 0.02884592
212.07069023 4.32221788 0.00727908 0.00566562 0.00468625 0.03066871 0.15704546 0.08624658 0.13400675 0.10735947 0.19471423 0.13176415 0.11195994 0.02860375
213.07102367 4.29667258 0.00726222 0.00567404 0.00392289 0.02637186 0.15267306 0.09310341 0.13109369 0.10878840 0.19061090 0.14080494 0.10946573 0.03022887
214.07135712 4.27542509 0.00736274 0.00558240 0.00364259 0.02440291 0.15588633 0.09036956 0.13932428 0.11397145 0.18602932 0.13908733 0.10503120 0.02930989
215.07169056 4.24540067 0.00708312 0.00610608 0.00323596 0.01617746 0.15751009 0.09233787 0.13788111 0.11385699 0.18876789 0.13198355 0.11716064 0.02789923
216.07202401 4.21940091 0.00721142 0.00575438 0.00364081 0.01967567 0.16367054 0.08939209 0.13562813 0.11457712 0.18547713 0.13861956 0.10928722 0.02706594
217.07235745 4.20362328 0.00705717 0.00599184 0.00389742 0.01719840 0.16213972 0.09193476 0.13811709 0.10730637 0.18680993 0.13907357 0.11274496 0.02772878
218.07269090 4.18188729 0.00674705 0.00592735 0.00345003 0.01734067 0.15627946 0.09366649 0.14223518 0.10857347 0.18882257 0.13427116 0.11592387 0.02676269
219.07302434 4.15736019 0.00686778 0.00615712 0.00350997 0.01726741 0.16413208 0.08894823 0.13407386 0.10761383 0.19411545 0.13592116 0.11578073 0.02561238
220.07335779 4.13561181 0.00796362 0.00572255 0.00451352 0.02103083 0.15798977 0.09000216 0.13166441 0.11224553 0.19541344 0.12926058 0.11476789 0.02942570
221.07369123 4.10895863 0.00738380 0.00559183 0.00530632 0.02532328 0.15548766 0.08815126 0.13572579 0.10652918 0.20438950 0.13295024 0.10481769 0.02834345
222.07402467 4.09443132 0.00630389 0.00538882 0.00325887 0.01743901 0.16362644 0.09330848 0.12755448 0.10385679 0.20347540 0.13775014 0.10619838 0.03183930
223.07435812 4.06988370 0.00713590 0.00563275 0.00379778 0.02101143 0.16253893 0.09647094 0.12964052 0.10541332 0.20418787 0.12825251 0.10865913 0.02725893
224.07469156 4.04439823 0.00728138 0.00539692 0.00404770 0.01852205 0.15639336 0.10096287 0.13559132 0.10974885 0.20163054 0.12971369 0.10440480 0.02630651
225.07502501 4.01688060 0.00663031 0.00579269 0.00328084 0.01395237 0.15885001 0.08936523 0.12962257 0.10657999 0.21208483 0.13749424 0.10823703 0.02810990
226.07535845 3.98603023 0.00621944 0.00581370 0.00328926 0.01856394 0.15851610 0.09194423 0.13325824 0.11074925 0.20717582 0.13130831 0.10770561 0.02545611
227.07569190 3.96611564 0.00687209 0.00561483 0.00360128 0.02135200 0.15673351 0.08949057 0.13243128 0.11207998 0.19669183 0.14114371 0.10756223 0.02642671
228.07602534 3.94097075 0.00720929 0.00562349 0.00368333 0.02221112 0.15251157 0.08452331 0.13469550 0.11677375 0.18476641 0.14493533 0.11420965 0.02885725
229.07635879 3.92317779 0.00810876 0.00507236 0.00441437 0.02977281 0.15326886 0.09465980 0.12431891 0.12974835 0.18341796 0.13953434 0.10122938 0.02645410
230.07669223 3.90267209 0.00851562 0.00516289 0.00552007 0.02703262 0.15261561 0.08693294 0.12503994 0.12015968 0.18337505 0.14746074 0.10902255 0.02916229
231.07702568 3.87234465 0.00840618 0.00535678 0.00546541 0.02320882 0.15997358 0.09369752 0.12797541 0.10934191 0.19638723 0.13848675 0.10307520 0.02862521
232.07735912 3.85844930 0.00750893 0.00534948 0.00420915 0.02211102 0.16764590 0.09272620 0.13041854 0.10892498 0.20114783 0.12846497 0.10246656 0.02902644
233.07769256 3.83825393 0.00639595 0.00532549 0.00383420 0.01622655 0.15751009 0.09016983 0.13816919 0.10421214 0.21042819 0.12844167 0.10851948 0.03076722
234.07802601 3.80365587 0.00610734 0.00588989 0.00371276 0.01743593 0.16306889 0.09311517 0.13319238 0.10239408 0.21580273 0.12492373 0.10483929 0.02951782
235.07835945 3.77893780 0.00681998 0.00536794 0.00340438 0.01991875 0.15654424 0.09196422 0.12691355 0.10665396 0.21036524 0.12660950 0.11485533 0.03058290
236.07869290 3.75922756 0.00636931 0.00517781 0.00283519 0.01792132 0.16096099 0.09482869 0.13367506 0.10804967 0.20484964 0.13185194 0.10581064 0.02766974
237.07902634 3.73432215 0.00619293 0.00511785 0.00296200 0.01941392 0.15942178 0.09863335 0.13573692 0.10389964 0.19547337 0.13454500 0.10985795 0.02874528
238.07935979 3.71107479 0.00753012 0.00527931 0.00414738 0.01867813 0.15789180 0.10532443 0.13103986 0.11368456 0.18728850 0.13648523 0.10616752 0.02648316
239.07969323 3.68263777 0.00722962 0.00530732 0.00379344 0.01951065 0.15707129 0.09792521 0.13651720 0.11257467 0.18154821 0.14171846 0.10476024 0.03204369
240.08002668 3.65969504 0.00757934 0.00517924 0.00439293 0.01882410 0.15854058 0.10742295 0.12523832 0.11351452 0.18386239 0.14341398 0.10398613 0.02804552
241.08036012 3.64351571 0.00780722 0.00530072 0.00460153 0.01986534 0.15825112 0.09948662 0.12580585 0.11512032 0.17859143 0.14684299 0.10140181 0.03692506
242.08069356 3.62317079 0.00727240 0.00506207 0.00341516 0.01817885 0.15474420 0.10568792 0.12955247 0.11694232 0.17414817 0.14801601 0.10132378 0.03565665
243.08102701 3.60177806 0.00717115 0.00483902 0.00425843 0.01843937 0.15495746 0.10617567 0.13318256 0.11718645 0.17383130 0.14562021 0.10193928 0.03239908
244.08136045 3.57739359 0.00725334 0.00521549 0.00401670 0.01981672 0.15812795 0.10643891 0.13332102 0.10887015 0.17467957 0.14382253 0.10605198 0.03238565
245.08169390 3.54657183 0.00745118 0.00504019 0.00367816 0.02350297 0.16559933 0.10471960 0.13158360 0.11100048 0.17840631 0.13641681 0.10329248 0.02930890
246.08202734 3.51703198 0.00781289 0.00511384 0.00456512 0.02635696 0.16444879 0.09476490 0.12707194 0.10908901 0.19030151 0.13204780 0.10472361 0.03370361
247.08236079 3.48976241 0.00642731 0.00513420 0.00376320 0.02030153 0.16503078 0.10421800 0.13326798 0.10202542 0.19532025 0.12356605 0.10722089 0.03372438
248.08269423 3.46723643 0.00611684 0.00536261 0.00321463 0.01383749 0.16307040 0.09668170 0.14369827 0.09974686 0.20003339 0.12772542 0.11211878 0.02839362
249.08302768 3.43630904 0.00748860 0.00500074 0.00421371 0.02155730 0.16423308 0.09561715 0.12923876 0.10376804 0.19787378 0.12864381 0.11219428 0.03017074
250.08336112 3.41734306 0.00646314 0.00496635 0.00365695 0.02278679 0.15333041 0.10149236 0.14284931 0.10066463 0.19469164 0.13109905 0.10591781 0.03208155
251.08369456 3.40628282 0.00831472 0.00548512 0.00587170 0.02940142 0.15491488 0.10002966 0.12950804 0.10376159 0.19143905 0.13374141 0.10854612 0.02898630
252.08402801 3.37802992 0.00794175 0.00537626 0.00384086 0.02444996 0.15242201 0.10682439 0.13103605 0.10795105 0.18542820 0.13493154 0.10979650 0.03000142
253.08436145 3.37600988 0.00827717 0.00478309 0.00458315 0.02315226 0.15031338 0.10678908 0.12893690 0.11610275 0.17714397 0.14207529 0.10622857 0.03161440
254.08469490 3.35564995 0.00560559 0.00481303 0.00260031 0.01191359 0.16313442 0.11427056 0.12550688 0.11371505 0.17221242 0.15172559 0.10445959 0.03004297
255.08502834 3.32605124 0.00579753 0.00445332 0.00202093 0.01266083 0.15815526 0.11384439 0.12959155 0.11488172 0.17135760 0.15242735 0.10459468 0.03021484
256.08536179 3.31626329 0.00687858 0.00430520 0.00263478 0.01865504 0.17051757 0.10805120 0.12454776 0.11998613 0.17261273 0.14125484 0.10096615 0.02959002
257.08569523 3.29397007 0.00716973 0.00438502 0.00459472 0.02107479 0.16035654 0.11059343 0.12597842 0.10709429 0.18009842 0.14699316 0.10327588 0.02838558
258.08602868 3.27243021 0.00803767 0.00461499 0.00492054 0.02004574 0.16382607 0.10310322 0.11973352 0.11051934 0.18975923 0.14269553 0.09972193 0.03302222
259.08636212 3.26068040 0.00592949 0.00447473 0.00260907 0.01574637 0.16458658 0.11190308 0.12687857 0.10981784 0.19409150 0.13937471 0.09801212 0.02657593
260.08669557 3.24241791 0.00617876 0.00458933 0.00264149 0.01673978 0.16298234 0.09683974 0.13505883 0.10486772 0.19874898 0.13954153 0.10333142 0.02848007
261.08702901 3.22036858 0.00650442 0.00505490 0.00372113 0.01996981 0.15904291 0.09241043 0.14106891 0.10890736 0.19882209 0.13049520 0.10695848 0.02704436
262.08736245 3.19845201 0.00650284 0.00499153 0.00428386 0.01398579 0.16504513 0.09526150 0.13490984 0.10148199 0.19808646 0.13343515 0.11092353 0.03109238
263.08769590 3.16903679 0.00773650 0.00479701 0.00501417 0.02669570 0.15946635 0.08774001 0.13237542 0.10250221 0.19904933 0.13475344 0.10964209 0.03022778
264.08802934 3.14816378 0.00714363 0.00458567 0.00494734 0.02668846 0.16182398 0.10186025 0.13101755 0.10155198 0.19396224 0.13146145 0.10607580 0.02888167
265.08836279 3.13557450 0.00705374 0.00426339 0.00426822 0.02245742 0.16184011 0.09581132 0.13168311 0.10558303 0.19282935 0.13855131 0.10437851 0.03128049
266.08869623 3.11281467 0.00721499 0.00418815 0.00381597 0.01962110 0.16458121 0.09750914 0.12631758 0.12009199 0.18721644 0.13513316 0.10472076 0.02958951
267.08902968 3.08691574 0.00642062 0.00432070 0.00372760 0.02006860 0.16115214 0.10107617 0.13074718 0.11201220 0.18293032 0.14224585 0.10193679 0.03336183
268.08936312 3.07118016 0.00629128 0.00429541 0.00316099 0.01740571 0.15988591 0.10032028 0.12678667 0.11657077 0.18384150 0.14708033 0.10244033 0.03192082
269.08969657 3.04857978 0.00639070 0.00427996 0.00314341 0.02108485 0.16578683 0.10167475 0.12794942 0.10877243 0.18512014 0.14350379 0.10460670 0.02768703
270.09003001 3.02861178 0.00650769 0.00463422 0.00267750 0.01843371 0.16296153 0.09761750 0.13105253 0.11655837 0.18552727 0.14291562 0.10457471 0.02653935
271.09036345 3.00904317 0.00501861 0.00442657 0.00222608 0.01261881 0.16914001 0.10134639 0.12828533 0.10982749 0.19051904 0.13661519 0.10932163 0.03065484
272.09069690 2.98811759 0.00698944 0.00418265 0.00444688 0.01626577 0.16624562 0.09559350 0.12764810 0.10958290 0.19473189 0.13784908 0.10979749 0.02666668
273.09103034 2.96706011 0.00685714 0.00458115 0.00361520 0.01534583 0.16740462 0.09175421 0.13444710 0.10768627 0.19847287 0.13664104 0.10636120 0.02683336
274.09136379 2.95345549 0.00594617 0.00462111 0.00356237 0.02058115 0.16418477 0.09969609 0.13171972 0.10198763 0.19863820 0.13373486 0.10846944 0.02685851
275.09169723 2.92255038 0.00611571 0.00455631 0.00368861 0.01708592 0.16119855 0.09245865 0.13324164 0.10834012 0.19575080 0.13740419 0.11278624 0.02737326
276.09203068 2.91026107 0.00586363 0.00445977 0.00243443 0.01641780 0.16747868 0.10117980 0.13196035 0.10826250 0.18969573 0.13518403 0.10834047 0.02872279
277.09236412 2.89194866 0.00638966 0.00452963 0.00298934 0.01689547 0.17123331 0.09479839 0.13794199 0.10760657 0.18379760 0.13869773 0.10794710 0.02717321
278.09269757 2.87665764 0.00663102 0.00440031 0.00332192 0.01897202 0.17637994 0.08772299 0.13555030 0.10847835 0.18404343 0.13736197 0.10946438 0.02767337
279.09303101 2.87357949 0.00575055 0.00420254 0.00352064 0.01889110 0.17229453 0.09644400 0.14011735 0.10678737 0.18253717 0.13226311 0.11168383 0.02550780
280.09336445 2.84641238 0.00627226 0.00430955 0.00411147 0.02281742 0.17139894 0.08555660 0.14285865 0.10682794 0.18032499 0.13730149 0.10523684 0.03298385
281.09369790 2.81833906 0.00717932 0.00457894 0.00538191 0.01730651 0.17846480 0.09662831 0.12786683 0.10531899 0.18723586 0.13126853 0.10836803 0.03040198
282.09403134 2.80494861 0.00563442 0.00493958 0.00382108 0.01983842 0.17266140 0.09364752 0.13442363 0.10384763 0.19220546 0.13150354 0.10815533 0.02932199
283.09436479 2.78904230 0.00642522 0.00457250 0.00398919 0.02800809 0.16880532 0.09070449 0.13223285 0.10617046 0.18988389 0.13192078 0.10611936 0.03116784
284.09469823 2.76768773 0.00735818 0.00434647 0.00425382 0.02554444 0.16573951 0.08923150 0.12998009 0.10535758 0.19029059 0.13399323 0.11469363 0.02921096
285.09503168 2.75101356 0.00736122 0.00437851 0.00465121 0.02978493 0.16933545 0.08457077 0.13732678 0.10355728 0.19243783 0.13176650 0.10779438 0.02703514
286.09536512 2.73632451 0.00678260 0.00434481 0.00435944 0.02474923 0.16803893 0.09202668 0.13200398 0.10340029 0.18905521 0.13149839 0.11503000 0.02871046
287.09569857 2.71675945 0.00647521 0.00439024 0.00423145 0.02627410 0.17122927 0.08935690 0.13681854 0.10356675 0.18794538 0.13696280 0.10704068 0.02570868
288.09603201 2.69190150 0.00640200 0.00424855 0.00266273 0.01629855 0.17388692 0.09253278 0.13735638 0.10824494 0.18652036 0.13152282 0.11035216 0.02997180
289.09636546 2.67632599 0.00498466 0.00443286 0.00203665 0.01405468 0.17488445 0.09674158 0.13817741 0.10489208 0.18615416 0.13275411 0.11312185 0.02776550
290.09669890 2.65792569 0.00610165 0.00436167 0.00325125 0.01528362 0.16957786 0.09294287 0.13919917 0.10631938 0.18526487 0.14058330 0.10844157 0.02867279
291.09703234 2.64694785 0.00520002 0.00462465 0.00249866 0.02059289 0.17416457 0.09795459 0.13446699 0.10250961 0.18820898 0.13167425 0.10962319 0.02848160
292.09736579 2.63172489 0.00718897 0.00457967 0.00518006 0.02538811 0.17736616 0.09343727 0.13521703 0.09859831 0.18445802 0.12936058 0.11269821 0.02652761
293.09769923 2.61348374 0.00613837 0.00431110 0.00317289 0.02142304 0.17602466 0.08977736 0.13616878 0.10811149 0.18339762 0.13266014 0.10900995 0.02980459
294.09803268 2.59411839 0.00614284 0.00405325 0.00355057 0.02115248 0.18308667 0.09247531 0.13690827 0.10525486 0.17912694 0.13419649 0.10736714 0.02668518
295.09836612 2.58153549 0.00545739 0.00406789 0.00322499 0.01773880 0.18385527 0.09265211 0.13775416 0.10230771 0.17991441 0.13369751 0.11074824 0.02858151
296.09869957 2.56073268 0.00506833 0.00424133 0.00326139 0.01475059 0.19061440 0.09779298 0.13751867 0.10062109 0.17934258 0.13482531 0.10581445 0.02614888
297.09903301 2.53737623 0.00501277 0.00456744 0.00229490 0.01535962 0.18627582 0.09196994 0.14251909 0.09851731 0.18167802 0.13049238 0.11303576 0.02827694
298.09936646 2.52466350 0.00469559 0.00431587 0.00208600 0.01505175 0.18479290 0.09528218 0.14966453 0.09950291 0.18299489 0.12696005 0.10979002 0.02486331
299.09969990 2.51380964 0.00493873 0.00433321 0.00300902 0.01564321 0.18348317 0.09734558 0.14529151 0.09428799 0.17517088 0.13215864 0.11583988 0.02849817
300.10003334 2.49290958 0.00525158 0.00431679 0.00354461 0.01794880 0.18223989 0.09938645 0.14866482 0.09570196 0.17739851 0.12760551 0.10865562 0.02928545
301.10036679 2.47536549 0.00534967 0.00420200 0.00293122 0.02233413 0.18449351 0.09742365 0.14472763 0.09630316 0.17636774 0.12799496 0.11079232 0.02708002
302.10070023 2.46794718 0.00515587 0.00424020 0.00278488 0.01558626 0.18431708 0.09663599 0.14801522 0.09395566 0.17687115 0.12656164 0.11736077 0.02851528
303.10103368 2.45172171 0.00595932 0.00405064 0.00413785 0.01882245 0.17943954 0.10202377 0.14685605 0.09737221 0.17434000 0.12890080 0.10710752 0.03098986
304.10136712 2.42882712 0.00633775 0.00414609 0.00341115 0.02033106 0.18574360 0.09832412 0.13736554 0.09819510 0.17575827 0.13080143 0.11110715 0.02847874
305.10170057 2.40450161 0.00625129 0.00388943 0.00394237 0.01998942 0.18673046 0.09533352 0.13972799 0.10065840 0.17678622 0.12538110 0.10703909 0.03427071
306.10203401 2.39999068 0.00655087 0.00378341 0.00493482 0.01787494 0.19077752 0.09572722 0.14158596 0.09821860 0.17651596 0.12651203 0.10560083 0.03191785
307.10236746 2.38266850 0.00484847 0.00380874 0.00250161 0.01457574 0.18427700 0.09449345 0.14726049 0.09405687 0.18073463 0.12919839 0.11099148 0.03325313
308.10270090 2.36980231 0.00598551 0.00372161 0.00395516 0.01472365 0.18616297 0.10003718 0.14242268 0.09731883 0.17725578 0.12775668 0.10918266 0.03147727
309.10303434 2.35555338 0.00548528 0.00380066 0.00333046 0.01647035 0.18318809 0.10011366 0.15046376 0.09777940 0.17061254 0.12548652 0.11142222 0.03184706
310.10336779 2.34016090 0.00526807 0.00391787 0.00284127 0.01412308 0.18369029 0.09814998 0.14760636 0.09944847 0.16840558 0.13293407 0.10951126 0.03410370
311.10370123 2.31522501 0.00637019 0.00384204 0.00370890 0.01423782 0.18846008 0.09819118 0.14850814 0.09889962 0.17158311 0.12499999 0.11105259 0.03014634
312.10403468 2.30422849 0.00546865 0.00356507 0.00239160 0.01352524 0.18313810 0.09715620 0.14692661 0.09894914 0.16648088 0.13481259 0.11620340 0.03138253
313.10436812 2.29792191 0.00460141 0.00357640 0.00206043 0.01245016 0.19005374 0.11092591 0.14528074 0.09694696 0.16530552 0.13372502 0.10696672 0.02810700
314.10470157 2.27563854 0.00522083 0.00366530 0.00275924 0.01231313 0.18857470 0.10381337 0.14839160 0.10124863 0.16072488 0.12985495 0.11325155 0.03018182
315.10503501 2.25579198 0.00603141 0.00386780 0.00314877 0.01632587 0.18699199 0.10179201 0.14653792 0.10119693 0.16316573 0.13433849 0.10752273 0.02908034
316.10536846 2.23732329 0.00576855 0.00379047 0.00307961 0.01456271 0.18445345 0.10485072 0.14571499 0.09958921 0.16896650 0.12954847 0.10747633 0.03219900
317.10570190 2.21860339 0.00603494 0.00347536 0.00326900 0.01894163 0.18674746 0.09810406 0.13692212 0.09862241 0.17085922 0.13530262 0.10834530 0.03337589
318.10603535 2.20766247 0.00691014 0.00385549 0.00473971 0.02012383 0.18263243 0.10184949 0.14349344 0.09530834 0.17794908 0.12671932 0.10624975 0.03016898
319.10636879 2.18858501 0.00538677 0.00385208 0.00362333 0.01933298 0.19184803 0.10203440 0.13375978 0.09425131 0.17598651 0.12524384 0.11036886 0.03431212
320.10670223 2.17127110 0.00569105 0.00367726 0.00363571 0.02226005 0.18616510 0.10000234 0.13948795 0.09125503 0.18020594 0.12554934 0.11138838 0.03068187
321.10703568 2.14895852 0.00577083 0.00353494 0.00330749 0.02061386 0.18732271 0.10230280 0.13995309 0.09858236 0.18036379 0.12425636 0.10316014 0.03083163
322.10736912 2.13719347 0.00660866 0.00339338 0.00428936 0.01942520 0.18047927 0.10089173 0.13856465 0.09874516 0.17657737 0.13109335 0.11053121 0.02940066
323.10770257 2.11773868 0.00531154 0.00365402 0.00284523 0.01725795 0.18818606 0.10245806 0.14034966 0.09552632 0.17202148 0.13454620 0.10332886 0.03451463
324.10803601 2.09844651 0.00606454 0.00348019 0.00374898 0.01941992 0.18661474 0.10265885 0.14332351 0.09951728 0.16785945 0.12631698 0.10882306 0.03217250
325.10836946 2.08300497 0.00587178 0.00375422 0.00345877 0.01583419 0.19102700 0.10103615 0.14346684 0.09836419 0.16646586 0.13028897 0.10927472 0.03115733
326.10870290 2.07351804 0.00609734 0.00378195 0.00341387 0.01714742 0.19698583 0.10051935 0.14309800 0.09419228 0.16253596 0.12806206 0.11221308 0.03195287
327.10903635 2.06844790 0.00607432 0.00351234 0.00369576 0.02020852 0.19233628 0.10320861 0.14808481 0.09776989 0.15838972 0.12948112 0.10681165 0.03042699
328.10936979 2.05276505 0.00551079 0.00335713 0.00324776 0.01781584 0.19421772 0.10033562 0.13919896 0.09841364 0.16308720 0.13164083 0.11223165 0.03094287
329.10970323 2.04339971 0.00613971 0.00339142 0.00292709 0.01458198 0.19522988 0.09435310 0.14092417 0.10015363 0.16406795 0.14008435 0.10820373 0.02994298
330.11003668 2.02153545 0.00565250 0.00328923 0.00293752 0.01266212 0.19336563 0.10595192 0.13420865 0.10616007 0.16987220 0.12918451 0.10766100 0.02905463
331.11037012 2.00985685 0.00597124 0.00317631 0.00353979 0.01429873 0.19844368 0.09627027 0.13517839 0.10094827 0.16972808 0.13851107 0.10641059 0.02752357
332.11070357 1.99905583 0.00473939 0.00362346 0.00230368 0.01049293 0.19192549 0.10121445 0.14416724 0.09694007 0.17339799 0.12924712 0.11245589 0.02949228
333.11103701 1.98792393 0.00488736 0.00332092 0.00229934 0.01318478 0.19611416 0.09911544 0.13925985 0.09893074 0.17024847 0.13178794 0.11120469 0.02964631
334.11137046 1.96498467 0.00496472 0.00357919 0.00270591 0.01680936 0.18946147 0.09167776 0.14894395 0.09498196 0.17687691 0.12630369 0.11274943 0.03094564
335.11170390 1.95135288 0.00576544 0.00358068 0.00369985 0.01973437 0.19240651 0.09918550 0.14890953 0.09501922 0.17531432 0.12032271 0.10627894 0.02978293
336.11203735 1.94919121 0.00619382 0.00342107 0.00378118 0.02040735 0.19016423 0.09534718 0.14332924 0.09367314 0.17675678 0.12289070 0.11508229 0.02895303
337.11237079 1.94139123 0.00623461 0.00362988 0.00398956 0.01571039 0.19826719 0.09891866 0.14898782 0.09030474 0.16967700 0.12187781 0.11325197 0.02915038
338.11270423 1.92302511 0.00515515 0.00354834 0.00320571 0.01873697 0.20316141 0.10043736 0.14815416 0.09091106 0.16409394 0.11965844 0.11303680 0.02990067
339.11303768 1.90759622 0.00589047 0.00380116 0.00399287 0.01933167 0.20382932 0.09612484 0.14192057 0.08976190 0.15969214 0.12737052 0.11904759 0.02923693
340.11337112 1.89579161 0.00548488 0.00366987 0.00265989 0.01903887 0.20227758 0.09961756 0.14830674 0.09690619 0.15942663 0.12350358 0.11066457 0.02844364
341.11370457 1.88681232 0.00586060 0.00351267 0.00353669 0.02389521 0.20092208 0.09460406 0.14381150 0.09830344 0.15269370 0.12426562 0.11829895 0.03029549
342.11403801 1.87147181 0.00602968 0.00344744 0.00416332 0.02121248 0.20055792 0.09701134 0.15291502 0.09239216 0.15024427 0.13153535 0.10888447 0.03160654
343.11437146 1.86118559 0.00529074 0.00365534 0.00327188 0.01833810 0.20105642 0.10536099 0.15103171 0.09352488 0.14976041 0.12649387 0.11160954 0.03060611
344.11470490 1.85043121 0.00600604 0.00350349 0.00358061 0.01866492 0.19983194 0.09869050 0.15429196 0.09205743 0.14735333 0.12739329 0.11412072 0.03450579
345.11503835 1.83072508 0.00593810 0.00352207 0.00408972 0.02299482 0.19830301 0.10647821 0.15504202 0.09090916 0.15140214 0.12190125 0.10823354 0.03118596
346.11537179 1.81480550 0.00632733 0.00357734 0.00474088 0.02034772 0.20220451 0.10202879 0.15078481 0.08682216 0.15335962 0.12097450 0.11919933 0.02963301
347.11570524 1.80293844 0.00544128 0.00371193 0.00344945 0.01999311 0.20238453 0.10644984 0.14847555 0.08541871 0.15939636 0.11800487 0.11554501 0.03172938
348.11603868 1.78850121 0.00585370 0.00377716 0.00339017 0.02004717 0.20279866 0.09846639 0.15377047 0.08640192 0.15815252 0.12119141 0.11596282 0.03018762
349.11637212 1.77396506 0.00488199 0.00359195 0.00255735 0.01384425 0.20141180 0.09570974 0.15458067 0.08812105 0.15840690 0.12101469 0.12249238 0.03338723
350.11670557 1.77061638 0.00442219 0.00331920 0.00222710 0.01513840 0.20657169 0.10222354 0.15672904 0.08762104 0.15840215 0.12044141 0.11555829 0.02734595
351.11703901 1.75260624 0.00535212 0.00321452 0.00253287 0.00882132 0.19820602 0.10066879 0.15879476 0.09345504 0.15525667 0.12622425 0.11737196 0.03010169
352.11737246 1.73828550 0.00416799 0.00344113 0.00144755 0.00867168 0.20105364 0.10573253 0.15989434 0.09180605 0.15320956 0.13007873 0.11245181 0.02804498
353.11770590 1.72558575 0.00406594 0.00351905 0.00190049 0.01074333 0.20391130 0.10093226 0.15165715 0.09020610 0.15881442 0.12925520 0.11620865 0.02878609
354.11803935 1.71248103 0.00462841 0.00341045 0.00238972 0.01185530 0.20666962 0.10035218 0.15980893 0.09133486 0.15299651 0.12563743 0.11367371 0.02724288
355.11837279 1.69834036 0.00445411 0.00331184 0.00193435 0.01099612 0.20517112 0.09860397 0.15472046 0.09194156 0.15772731 0.12408063 0.11612465 0.03093387
356.11870624 1.67820590 0.00571201 0.00337173 0.00286516 0.01135914 0.21141487 0.10030429 0.15527886 0.09347176 0.15371195 0.12159125 0.11305363 0.02786534
357.11903968 1.66117163 0.00550514 0.00327921 0.00335580 0.01442270 0.20810578 0.09755380 0.14864756 0.08901662 0.15979457 0.12482548 0.11624951 0.02924382
358.11937312 1.64993829 0.00610626 0.00302239 0.00375691 0.02084327 0.20981707 0.09741190 0.15041739 0.09176548 0.15612113 0.12130802 0.11067754 0.02875263
359.11970657 1.64037015 0.00512783 0.00298067 0.00288445 0.01595968 0.20846472 0.09762223 0.15166787 0.08496021 0.15920712 0.12401409 0.11761644 0.02949470
360.12004001 1.62027524 0.00577304 0.00298355 0.00291666 0.01702443 0.20410124 0.09554302 0.15322842 0.09259165 0.15910044 0.12004943 0.11629707 0.03039104
361.12037346 1.61012336 0.00520733 0.00307454 0.00254725 0.01458803 0.20309841 0.09661249 0.15444004 0.09226953 0.16124278 0.12195583 0.11700207 0.02796170
362.12070690 1.58928098 0.00701522 0.00279588 0.00481550 0.02486186 0.20093316 0.10011447 0.15089260 0.08829817 0.16078574 0.11713254 0.11253012 0.02982473
363.12104035 1.57320093 0.00713471 0.00295762 0.00467729 0.02370495 0.19823595 0.09263973 0.15305530 0.08750073 0.15782776 0.12466772 0.11501221 0.03258605
364.12137379 1.56419204 0.00586360 0.00284265 0.00405847 0.02255790 0.19903822 0.10307297 0.15312208 0.09082070 0.15894124 0.11820480 0.11161144 0.02986593
365.12170724 1.54831108 0.00629969 0.00289046 0.00439625 0.02270284 0.19838967 0.10161318 0.15508749 0.08991558 0.15428472 0.12380883 0.11116267 0.02944862
366.12204068 1.53921000 0.00550739 0.00288024 0.00366488 0.01695666 0.21152256 0.09941198 0.14796615 0.09125636 0.15528745 0.12487970 0.11088550 0.02978114
367.12237412 1.53064993 0.00459076 0.00261209 0.00262391 0.01624838 0.20560518 0.10220457 0.14969149 0.09345025 0.15338530 0.12400691 0.11623775 0.02934340
368.12270757 1.52326559 0.00472581 0.00251373 0.00264722 0.01434976 0.21446023 0.10393680 0.14729816 0.08989199 0.15149308 0.12771236 0.11375973 0.02721114
369.12304101 1.51788409 0.00397213 0.00256915 0.00151661 0.01072206 0.21303899 0.10302448 0.14821197 0.09051698 0.15263136 0.12643405 0.11631746 0.03104474
370.12337446 1.50363642 0.00433400 0.00249320 0.00211847 0.00907095 0.21755382 0.10442796 0.14952336 0.09068566 0.15248496 0.12630415 0.11218640 0.02881708
371.12370790 1.49700555 0.00361890 0.00252752 0.00156388 0.00977366 0.21991008 0.10143493 0.15111946 0.08831359 0.15540449 0.12325356 0.11390149 0.02917842
372.12404135 1.48822872 0.00400529 0.00272522 0.00194256 0.00854638 0.22159025 0.09632381 0.15072504 0.08824613 0.15865694 0.12461076 0.11252572 0.03010189
373.12437479 1.47127953 0.00551876 0.00260365 0.00371866 0.01336966 0.21652446 0.09693518 0.15022149 0.09183900 0.16096104 0.11473611 0.11572532 0.02784667
374.12470824 1.46344712 0.00447594 0.00275076 0.00195157 0.00969217 0.21995675 0.09416325 0.15034526 0.08620916 0.16175815 0.12219767 0.11472644 0.03177288
375.12504168 1.45464073 0.00408660 0.00272125 0.00234216 0.01053181 0.21949137 0.09361018 0.15260561 0.08366730 0.16022147 0.12239469 0.11958684 0.02874071
376.12537513 1.44595496 0.00361404 0.00264489 0.00142995 0.01082493 0.21961981 0.09550185 0.15001745 0.08738960 0.16035550 0.12083889 0.12112376 0.02663933
377.12570857 1.43186192 0.00339147 0.00260037 0.00184228 0.01128577 0.21908039 0.09460780 0.14721861 0.08695933 0.16079657 0.12449745 0.12034223 0.02737774
378.12604201 1.42743171 0.00323753 0.00285136 0.00128622 0.00697145 0.22289320 0.09800854 0.14979790 0.09057846 0.15805373 0.12170430 0.11731212 0.02730519
379.12637546 1.41843358 0.00340598 0.00269268 0.00144087 0.00579398 0.22441098 0.09976571 0.14971025 0.08870543 0.15308139 0.12506944 0.11735024 0.02857305
380.12670890 1.40712862 0.00342346 0.00271949 0.00148017 0.00964343 0.22726300 0.10234709 0.15095880 0.09028748 0.14527760 0.12569720 0.11524299 0.02565928
381.12704235 1.39213088 0.00571116 0.00255125 0.00350416 0.01525197 0.22106491 0.10134999 0.15497266 0.09202380 0.14000735 0.12527647 0.10870747 0.02957880
382.12737579 1.38568071 0.00523405 0.00233403 0.00281899 0.02014572 0.22023318 0.09786651 0.15382604 0.09069074 0.13756578 0.12734664 0.11198531 0.02995300
383.12770924 1.38316759 0.00529068 0.00242274 0.00285453 0.01623537 0.22388552 0.09694857 0.15649596 0.09087337 0.14201278 0.12306960 0.10984764 0.03006324
384.12804268 1.37690716 0.00479285 0.00238960 0.00330031 0.01699932 0.22237948 0.09766007 0.15781553 0.08399282 0.14682343 0.11800307 0.11722274 0.02862079
385.12837613 1.36888287 0.00469464 0.00249806 0.00257381 0.01708410 0.22354971 0.09579030 0.15870292 0.08089153 0.15218536 0.11410235 0.11849465 0.02943258
386.12870957 1.35706765 0.00460714 0.00249515 0.00274557 0.01776233 0.22058054 0.09937290 0.15947803 0.08165865 0.15524285 0.11044648 0.11504289 0.03056747
387.12904301 1.34900826 0.00436415 0.00258167 0.00260063 0.01610172 0.22045541 0.09725488 0.15754509 0.07765542 0.15846639 0.11425525 0.11973050 0.02898890
388.12937646 1.34114609 0.00550889 0.00276677 0.00330281 0.01969126 0.22253023 0.09195975 0.15985515 0.07829885 0.15635743 0.11124001 0.11754766 0.03094117
389.12970990 1.33249387 0.00441258 0.00270864 0.00291519 0.01701003 0.21713917 0.10196604 0.16554838 0.08015461 0.15303423 0.11107949 0.11565030 0.02838133
390.13004335 1.32121564 0.00583252 0.00238600 0.00438574 0.01923380 0.22107669 0.09918273 0.15971523 0.08130573 0.14450473 0.12002704 0.11226828 0.03008149
391.13037679 1.31256623 0.00448047 0.00249217 0.00240765 0.01547457 0.22269760 0.09930503 0.16334936 0.08656197 0.14076767 0.12018754 0.11353051 0.02874547
392.13071024 1.30615500 0.00485171 0.00274846 0.00310344 0.01989441 0.23198607 0.09353231 0.16554151 0.08657951 0.13531852 0.11829178 0.10981634 0.02833594
393.13104368 1.29116134 0.00525503 0.00264013 0.00304100 0.01449402 0.22817641 0.08901444 0.16659165 0.08973803 0.13297080 0.12070294 0.11746277 0.02991277
394.13137713 1.28529810 0.00393324 0.00255337 0.00197287 0.00934430 0.23837862 0.09613602 0.16304439 0.08671301 0.13415893 0.11647120 0.11938516 0.02790887
395.13171057 1.26970862 0.00342919 0.00253180 0.00168030 0.00805128 0.23282040 0.09209617 0.16457700 0.08394398 0.14110655 0.11953742 0.12343898 0.02678694
396.13204401 1.26026769 0.00443528 0.00257735 0.00265298 0.00988635 0.23285875 0.09541132 0.16661951 0.07918074 0.14731126 0.11416797 0.11792765 0.02697085
397.13237746 1.25825450 0.00428326 0.00240402 0.00173792 0.01041039 0.23015880 0.09068408 0.16767283 0.08297247 0.14941371 0.11018903 0.12357090 0.02650257
398.13271090 1.24785899 0.00354455 0.00262963 0.00174317 0.00680511 0.23152039 0.08858343 0.17259460 0.07933764 0.15792709 0.10916242 0.12198598 0.02416598
399.13304435 1.23666132 0.00466970 0.00244717 0.00250303 0.00970199 0.22711693 0.09146550 0.17050360 0.07844645 0.15633822 0.11212489 0.11733338 0.02734915
400.13337779 1.22608920 0.00366967 0.00245760 0.00150797 0.01255433 0.22654011 0.08897190 0.17399873 0.07903249 0.15415670 0.11315529 0.11697079 0.02698442
401.13371124 1.21959093 0.00350495 0.00236635 0.00184265 0.00812816 0.22412953 0.09630180 0.17230081 0.07835649 0.15689598 0.11222828 0.11849102 0.02545398
402.13404468 1.21231236 0.00264920 0.00258127 0.00079597 0.00519254 0.22526021 0.09435199 0.17620236 0.07995749 0.15110930 0.11829309 0.11650525 0.02710132
403.13437813 1.20496972 0.00334397 0.00233543 0.00167899 0.00633782 0.22446538 0.09793500 0.17265911 0.08199801 0.14608534 0.11700014 0.12146493 0.02469587
404.13471157 1.19387182 0.00379135 0.00236088 0.00175232 0.01053629 0.22908794 0.09211877 0.17671431 0.08425414 0.13882980 0.11833135 0.11536218 0.02686066
405.13504502 1.18950760 0.00393804 0.00250362 0.00143443 0.00888331 0.22266711 0.09623053 0.16979368 0.08305794 0.14003736 0.11705737 0.12861304 0.02578356
406.13537846 1.17890467 0.00352332 0.00216794 0.00111358 0.00633433 0.22897745 0.09476481 0.17580323 0.08370280 0.13768138 0.11623896 0.12128503 0.02840719
407.13571190 1.17395819 0.00323541 0.00241272 0.00102244 0.00398717 0.22764520 0.09524941 0.18111443 0.08359893 0.13645639 0.11680137 0.12178083 0.02669570
408.13604535 1.16315680 0.00349507 0.00228964 0.00174712 0.00671237 0.22609997 0.09629031 0.18668173 0.07857849 0.13681330 0.11536605 0.11958824 0.02633771
409.13637879 1.15773512 0.00288739 0.00214614 0.00095757 0.00683915 0.22903053 0.10069575 0.18461123 0.07975274 0.13628126 0.11383018 0.11622349 0.02674457
410.13671224 1.14548030 0.00366410 0.00230777 0.00204287 0.00737316 0.22291598 0.09621744 0.18891415 0.07642077 0.13824079 0.11193429 0.12066853 0.02930016
411.13704568 1.13634326 0.00298889 0.00251106 0.00159340 0.00648775 0.22224807 0.09658802 0.19253896 0.07401580 0.14111808 0.10829053 0.12027829 0.03134115
412.13737913 1.12488974 0.00362146 0.00263117 0.00203599 0.01215929 0.22469543 0.08909248 0.18597236 0.07413818 0.14316171 0.10675456 0.12421961 0.03151778
413.13771257 1.11722794 0.00406492 0.00260557 0.00234082 0.00929486 0.22498719 0.09545015 0.18343258 0.07513108 0.14028797 0.10838163 0.12669630 0.02732693
414.13804602 1.10658507 0.00382779 0.00255658 0.00227471 0.01013789 0.22625601 0.10007081 0.18600984 0.07491521 0.13926833 0.10479572 0.12321189 0.02667522
415.13837946 1.09890187 0.00490290 0.00241075 0.00347486 0.01785609 0.22434706 0.09085220 0.18252079 0.07340231 0.13643278 0.10929070 0.12581020 0.02869936
416.13871290 1.09488220 0.00506265 0.00239101 0.00303474 0.01639332 0.22728536 0.09414923 0.18484695 0.07795929 0.13359240 0.10567909 0.12170579 0.02790016
417.13904635 1.08668808 0.00434679 0.00245828 0.00264639 0.01533563 0.22980515 0.09193412 0.18667689 0.07699410 0.13316327 0.11263474 0.11543664 0.02856803
418.13937979 1.08035531 0.00461224 0.00212393 0.00254822 0.01232725 0.23064121 0.09593914 0.18930283 0.07882369 0.12775556 0.11032456 0.11612201 0.02947936
419.13971324 1.07155202 0.00433323 0.00200418 0.00250952 0.01398480 0.23555135 0.09501046 0.19095621 0.07528504 0.12456747 0.11362736 0.11434864 0.02782174
420.14004668 1.06990492 0.00380170 0.00183385 0.00245597 0.01265453 0.23448477 0.09589753 0.19166144 0.07708956 0.12244703 0.11121266 0.11569801 0.03076294
421.14038013 1.06357418 0.00517214 0.00169091 0.00399837 0.01422489 0.23295078 0.09799611 0.19210094 0.07499673 0.12246072 0.10795832 0.11700223 0.02944788
422.14071357 1.05791224 0.00415255 0.00185810 0.00231140 0.01165694 0.23530775 0.09035878 0.19120385 0.07356125 0.12728383 0.10841927 0.12318439 0.03070188
423.14104702 1.05031886 0.00315952 0.00213103 0.00126652 0.01062683 0.23745797 0.09360927 0.18934139 0.07365181 0.12965233 0.10349608 0.12903918 0.02656807
424.14138046 1.04070561 0.00425229 0.00206509 0.00246393 0.00875054 0.23480539 0.09187884 0.19135396 0.07062001 0.13190107 0.10706684 0.12508442 0.02975762
425.14171390 1.03250795 0.00423253 0.00193114 0.00206898 0.01498410 0.23481508 0.09195023 0.18817689 0.07183859 0.13194039 0.10649729 0.12318384 0.02838094
426.14204735 1.02461483 0.00423204 0.00197144 0.00261905 0.01366223 0.23093367 0.09365543 0.19187520 0.07271159 0.12995872 0.10407181 0.12633904 0.02796979
427.14238079 1.01777325 0.00348088 0.00199271 0.00147722 0.00928203 0.24036731 0.08994805 0.19466607 0.07465528 0.12594433 0.10933742 0.11958951 0.02925920
428.14271424 1.01481346 0.00347861 0.00188677 0.00218743 0.01176345 0.23571063 0.09881972 0.19338619 0.07323953 0.12392675 0.10728077 0.12056279 0.02775737
429.14304768 1.00805387 0.00377438 0.00192300 0.00244259 0.01076969 0.23619401 0.09411735 0.19999093 0.07126722 0.12112139 0.10991616 0.11764558 0.03083771
430.14338113 1.00264349 0.00416420 0.00191525 0.00261805 0.01744681 0.23825832 0.09698984 0.19524344 0.07308741 0.12024536 0.10372800 0.11881665 0.02748667
431.14371457 0.99250897 0.00360668 0.00172441 0.00189282 0.01187568 0.23642482 0.09550570 0.19527861 0.07453318 0.11866121 0.10619661 0.12507161 0.02922867
432.14404802 0.98687563 0.00379386 0.00176835 0.00192393 0.00734087 0.23958976 0.09659736 0.19715823 0.07249023 0.12152396 0.10743988 0.12244923 0.02792435
433.14438146 0.98013722 0.00356044 0.00210057 0.00154761 0.00865197 0.23897763 0.09442097 0.19317701 0.07034841 0.12493671 0.10728737 0.12769454 0.02729679
434.14471490 0.96789698 0.00333712 0.00199130 0.00115734 0.00820047 0.23267023 0.09635925 0.19645306 0.07443612 0.12490598 0.10723287 0.12599620 0.02726006
435.14504835 0.96080719 0.00368828 0.00191337 0.00149401 0.00634784 0.23862473 0.09768061 0.19787775 0.07428641 0.12177640 0.10625125 0.12264292 0.02741643
436.14538179 0.95093074 0.00296471 0.00193087 0.00181026 0.00681550 0.23108991 0.09690373 0.20101093 0.07374435 0.12038259 0.11059451 0.12421194 0.02854069
437.14571524 0.94258521 0.00370592 0.00195913 0.00178090 0.00946194 0.24027623 0.09573989 0.19908594 0.07092190 0.12219729 0.10616121 0.11919567 0.02951398
438.14604868 0.93218876 0.00434445 0.00188825 0.00291090 0.01115344 0.23636912 0.09461222 0.19889353 0.06955010 0.12189418 0.10684397 0.12210888 0.02943096
439.14638213 0.92725823 0.00372848 0.00202783 0.00236762 0.00859222 0.23955488 0.09054274 0.20347180 0.06830458 0.12468553 0.10711296 0.12100158 0.02860978
440.14671557 0.92580130 0.00377724 0.00176608 0.00254749 0.01395602 0.24033593 0.09097006 0.20217715 0.06988658 0.12035353 0.09980118 0.12454529 0.02988344
441.14704902 0.91982903 0.00364270 0.00166677 0.00235544 0.00895967 0.24345869 0.08954113 0.20510240 0.06647577 0.11818480 0.10268246 0.12911520 0.02881498
442.14738246 0.91663406 0.00333260 0.00181887 0.00179505 0.01180654 0.24675001 0.08726245 0.21275382 0.06634086 0.11707055 0.09604158 0.12872002 0.02630765
443.14771591 0.90745948 0.00324526 0.00204875 0.00112317 0.00694087 0.24736776 0.08942019 0.20755324 0.06832381 0.11690717 0.10055225 0.13133180 0.02518573
444.14804935 0.90034137 0.00411307 0.00209297 0.00255312 0.01218561 0.24984377 0.08545318 0.20876902 0.06558549 0.11672569 0.09861304 0.12969918 0.02436587
445.14838279 0.89723610 0.00403582 0.00202594 0.00238165 0.00989196 0.24704516 0.08999919 0.20797158 0.06926738 0.11532005 0.09845054 0.12588475 0.02772600
446.14871624 0.88512838 0.00340994 0.00196515 0.00123518 0.00748520 0.24446114 0.09025651 0.21240475 0.06544752 0.11367470 0.10318001 0.12847832 0.02800158
447.14904968 0.87769798 0.00336619 0.00199814 0.00158716 0.00872685 0.25069176 0.08881732 0.21360009 0.06708827 0.11581299 0.09611248 0.12578751 0.02641124
448.14938313 0.87241956 0.00319722 0.00190486 0.00157361 0.00882427 0.24771115 0.09148275 0.21187111 0.06467493 0.11484509 0.09566173 0.13024198 0.02801130
449.14971657 0.86614211 0.00298212 0.00191807 0.00122516 0.00667558 0.25009255 0.09253974 0.21490523 0.06274837 0.11472266 0.09758934 0.12817952 0.02642167
450.15005002 0.85839493 0.00397285 0.00178461 0.00249436 0.00921857 0.24606835 0.09260059 0.21304728 0.06502963 0.11260959 0.09649497 0.13028390 0.02639529
451.15038346 0.85224722 0.00327988 0.00155735 0.00199173 0.01094744 0.24379734 0.09272891 0.21227588 0.06556277 0.10809041 0.09858767 0.13180200 0.02937862
452.15071691 0.84595881 0.00247073 0.00184506 0.00130222 0.00572617 0.25002705 0.09170179 0.21067508 0.06417612 0.11257949 0.09887517 0.13374897 0.02687215
453.15105035 0.83503689 0.00280408 0.00202348 0.00109032 0.00533227 0.25114197 0.09131295 0.21130967 0.06533707 0.10879400 0.09956067 0.13300154 0.02829199
454.15138379 0.82865977 0.00258833 0.00199366 0.00101077 0.00698305 0.25230053 0.09277762 0.21521155 0.06657068 0.10761771 0.10197918 0.12644321 0.02452370
455.15171724 0.83222806 0.00293583 0.00186927 0.00145533 0.00898244 0.25005906 0.08933386 0.21531170 0.06697255 0.10542864 0.10189556 0.12845514 0.02730062
456.15205068 0.82606493 0.00348534 0.00190640 0.00191289 0.00988808 0.24960659 0.09152121 0.22086169 0.06350279 0.10458875 0.09944597 0.12612500 0.02715529
457.15238413 0.81939481 0.00374821 0.00177049 0.00187013 0.00971797 0.25223274 0.09508121 0.21799672 0.06452605 0.10085886 0.09938369 0.12589339 0.02692053
458.15271757 0.81676359 0.00290936 0.00188720 0.00117732 0.00885407 0.25271337 0.09266109 0.21958667 0.06353899 0.10252996 0.09583103 0.13083683 0.02747411
459.15305102 0.81306242 0.00250002 0.00173466 0.00084457 0.00777619 0.25882991 0.09403185 0.21653558 0.06063494 0.10517746 0.09583282 0.12765250 0.02844951
460.15338446 0.80086599 0.00308420 0.00161454 0.00181003 0.00890650 0.25213452 0.09167486 0.21831392 0.06228939 0.10608226 0.09359726 0.13163027 0.02886225
461.15371791 0.78911918 0.00326598 0.00175329 0.00190223 0.00794705 0.25506389 0.08966753 0.21682227 0.06209163 0.10783161 0.09472269 0.13209377 0.02683806
462.15405135 0.78718013 0.00293800 0.00203180 0.00159910 0.00843371 0.25706675 0.08354701 0.21898893 0.06239701 0.10951432 0.09273213 0.13471558 0.02603566
463.15438479 0.77511100 0.00302684 0.00215910 0.00187228 0.00505285 0.24789732 0.08911194 0.22329621 0.06324038 0.10660663 0.09146955 0.13703019 0.02923671
464.15471824 0.77176104 0.00311846 0.00200568 0.00212714 0.00871961 0.25248825 0.08999819 0.22300797 0.06274489 0.10751578 0.09234459 0.12888160 0.02704784
465.15505168 0.76697225 0.00266132 0.00194267 0.00099446 0.00404712 0.25134254 0.09098111 0.22406331 0.06060634 0.10835548 0.09674832 0.13004280 0.02821451
466.15538513 0.76221351 0.00239233 0.00195771 0.00092350 0.00375134 0.25428960 0.09344179 0.22295325 0.06056591 0.10879975 0.09472944 0.13048342 0.02571197
467.15571857 0.75616845 0.00265199 0.00184733 0.00132174 0.00584911 0.25718343 0.08992517 0.22372405 0.06081023 0.10804154 0.09435382 0.12647746 0.02781413
468.15605202 0.75191629 0.00314545 0.00193969 0.00170830 0.00740736 0.25469229 0.09051462 0.21998974 0.05876753 0.10699590 0.09428345 0.13344499 0.02711069
469.15638546 0.75161713 0.00413286 0.00186166 0.00271920 0.01400843 0.24830119 0.08638498 0.22371053 0.06205734 0.10545228 0.09249075 0.13069383 0.02818694
470.15671891 0.74722698 0.00276856 0.00191654 0.00191323 0.01436196 0.24791999 0.08857299 0.22435766 0.05934525 0.10502101 0.09190497 0.13661702 0.02530081
471.15705235 0.74214210 0.00294788 0.00187817 0.00181507 0.01051625 0.25127343 0.08657883 0.22826879 0.05883838 0.10224660 0.09131925 0.13798365 0.02633368
472.15738580 0.73791442 0.00314963 0.00198339 0.00172930 0.01045759 0.25462902 0.08495129 0.22878630 0.05876387 0.10131311 0.09304771 0.13607347 0.02511532
473.15771924 0.73286301 0.00375365 0.00190049 0.00279326 0.01110018 0.25947604 0.08595476 0.22520435 0.06038452 0.10091220 0.08866834 0.13564221 0.02421001
474.15805268 0.72296239 0.00362818 0.00188140 0.00252212 0.00949806 0.25543976 0.08316055 0.23211107 0.05859565 0.10243675 0.09203689 0.13103599 0.02765358
475.15838613 0.71730257 0.00272944 0.00191311 0.00181890 0.01072549 0.25846385 0.08437801 0.23195574 0.05856645 0.10436209 0.09181968 0.12679946 0.02646778
476.15871957 0.71346188 0.00218848 0.00200123 0.00103401 0.00568505 0.25461443 0.08304274 0.23094211 0.05752732 0.10859719 0.08952854 0.13771368 0.02712520
477.15905302 0.70803892 0.00215691 0.00201385 0.00139122 0.00548665 0.26347375 0.08088046 0.23490460 0.05517994 0.11282335 0.08791934 0.12925483 0.02451512
478.15938646 0.70215080 0.00221159 0.00192447 0.00118445 0.00654677 0.25691782 0.08141406 0.23216964 0.05542059 0.11161573 0.08515290 0.13966366 0.02577833
479.15971991 0.69806593 0.00231342 0.00193631 0.00121385 0.00609135 0.25729889 0.08064794 0.23426502 0.05623848 0.10751788 0.08748208 0.14059165 0.02440312
480.16005335 0.68573991 0.00265226 0.00189908 0.00125982 0.00861575 0.26086832 0.08174327 0.23270853 0.05872427 0.10178720 0.08726016 0.13781560 0.02466573
481.16038680 0.67695954 0.00242439 0.00188653 0.00178978 0.00735597 0.25746709 0.08104881 0.23295622 0.05700746 0.09896055 0.09248865 0.13917724 0.02743731
482.16072024 0.66506077 0.00302330 0.00199046 0.00185109 0.00646505 0.25713011 0.08293643 0.24081478 0.05829849 0.09921334 0.08899284 0.13617876 0.02310534
483.16105368 0.65797124 0.00241038 0.00196597 0.00109787 0.00581907 0.26297762 0.08093966 0.23272923 0.05935118 0.10153201 0.09181859 0.13420730 0.02515112
484.16138713 0.65341147 0.00294276 0.00184576 0.00182994 0.00825076 0.25854654 0.08693866 0.23571429 0.06101058 0.09886463 0.09110882 0.13000299 0.02294426
485.16172057 0.64823008 0.00213724 0.00179343 0.00078783 0.00664657 0.26098204 0.08262075 0.23748879 0.05949122 0.09982819 0.09395908 0.12927160 0.02499327
486.16205402 0.63733901 0.00319534 0.00162594 0.00194808 0.01114787 0.25531949 0.08492439 0.23294156 0.05909619 0.10241888 0.08965034 0.13332444 0.02440748
487.16238746 0.63259891 0.00335412 0.00155053 0.00216692 0.00968265 0.25751002 0.08351720 0.23669436 0.05835108 0.09874898 0.09020553 0.13218777 0.02603084
488.16272091 0.63016862 0.00328149 0.00165231 0.00211697 0.01301851 0.25372268 0.08449706 0.23051258 0.05847296 0.10249692 0.08609120 0.13726659 0.02687072
489.16305435 0.62571125 0.00297441 0.00156240 0.00182002 0.01501508 0.25423947 0.08209406 0.23211817 0.05640746 0.10257988 0.08801937 0.13785942 0.02531027
490.16338780 0.62059356 0.00248102 0.00165017 0.00133452 0.00822869 0.26269177 0.08455359 0.23357517 0.05357376 0.10447477 0.08437115 0.13847385 0.02459152
491.16372124 0.61219938 0.00237654 0.00171267 0.00096141 0.00775336 0.25948410 0.08210004 0.23323251 0.05444473 0.10364400 0.08947840 0.13988318 0.02492904
492.16405468 0.60742484 0.00202490 0.00172477 0.00058097 0.00410937 0.26005063 0.08674669 0.23790979 0.05511477 0.10484435 0.08410798 0.13713808 0.02564771
493.16438813 0.60328745 0.00195701 0.00161524 0.00064821 0.00252352 0.26512943 0.08466592 0.23835768 0.05374866 0.10430286 0.08876016 0.13260800 0.02568331
494.16472157 0.59759539 0.00225772 0.00156556 0.00119287 0.00438566 0.26107578 0.08531036 0.23786844 0.05549530 0.10204962 0.08815018 0.13503324 0.02561525
495.16505502 0.58956105 0.00211431 0.00168450 0.00121565 0.00880700 0.26131617 0.08547476 0.23961346 0.05611642 0.09747496 0.09152160 0.12983223 0.02482894
496.16538846 0.58748545 0.00223060 0.00158849 0.00127635 0.00665859 0.25852775 0.08365783 0.24171055 0.05689187 0.09220988 0.09396401 0.13566308 0.02562099
497.16572191 0.58282030 0.00318611 0.00153339 0.00140647 0.00779279 0.25970454 0.08597065 0.24448229 0.06204724 0.08627811 0.08899479 0.13403607 0.02456753
498.16605535 0.57915703 0.00358862 0.00161015 0.00246352 0.01237830 0.26212961 0.08021392 0.24379436 0.05636484 0.08299276 0.09139454 0.13847722 0.02459216
499.16638880 0.57050384 0.00250019 0.00164759 0.00161256 0.01077919 0.26346463 0.08329239 0.24036750 0.05602382 0.08523590 0.08820786 0.14143631 0.02543207
500.16672224 0.56529495 0.00233829 0.00178460 0.00118747 0.00901033 0.26441255 0.08290308 0.24258194 0.05404676 0.09042790 0.08578833 0.14139843 0.02412033
501.16705569 0.55945998 0.00293224 0.00187702 0.00237631 0.00911352 0.27153405 0.08207022 0.24304101 0.05050949 0.09332929 0.08205151 0.13662240 0.02454295
502.16738913 0.55411009 0.00316528 0.00160443 0.00198174 0.00830123 0.26568970 0.08390777 0.24396679 0.05349036 0.09357738 0.08151346 0.13803981 0.02476205
503.16772257 0.54908344 0.00240306 0.00177745 0.00141863 0.00959106 0.27316972 0.08003679 0.24624381 0.04836067 0.09465256 0.08216717 0.13253280 0.02764629
504.16805602 0.54257596 0.00329060 0.00175846 0.00201196 0.00932741 0.26520414 0.07957649 0.25193638 0.05248893 0.09323787 0.07823673 0.13747352 0.02545749
505.16838946 0.53682159 0.00263093 0.00169294 0.00155229 0.00951946 0.26882852 0.07749713 0.25094772 0.05072419 0.09085840 0.07940377 0.13573566 0.03060899
506.16872291 0.53033648 0.00294569 0.00175630 0.00273283 0.01166254 0.26861471 0.08030188 0.24744552 0.04863820 0.09075377 0.07986316 0.14003313 0.02525228
507.16905635 0.52345498 0.00286188 0.00166578 0.00159122 0.00881736 0.26786417 0.08183803 0.24899111 0.04942846 0.08907679 0.07876714 0.14146817 0.02762987
508.16938980 0.52006552 0.00205656 0.00177871 0.00117934 0.00481646 0.27132070 0.08295898 0.24947827 0.04724552 0.09081528 0.07955949 0.14566084 0.02312986
509.16972324 0.51442929 0.00250663 0.00169337 0.00123235 0.00604380 0.26974579 0.08021707 0.24995372 0.04960998 0.08937883 0.08337286 0.14287539 0.02337020
510.17005669 0.50982807 0.00322250 0.00153345 0.00231426 0.00863327 0.26751621 0.08189361 0.25667932 0.05215514 0.08434731 0.07935705 0.13835152 0.02399637
511.17039013 0.50424771 0.00244210 0.00146556 0.00131198 0.00615929 0.27075338 0.08013818 0.25380332 0.05087576 0.08075978 0.08724389 0.13873034 0.02631642
512.17072357 0.49681584 0.00300412 0.00143355 0.00206011 0.00858580 0.27058054 0.08663984 0.25302482 0.05503472 0.07923976 0.08135067 0.13594439 0.02310168
513.17105702 0.49124258 0.00217692 0.00143990 0.00070791 0.00524057 0.27274046 0.08502737 0.25272025 0.05319356 0.07949494 0.08722733 0.13548355 0.02454725
514.17139046 0.48978481 0.00231095 0.00132248 0.00115139 0.00442385 0.27297994 0.08482336 0.25086568 0.05136460 0.08169895 0.08560719 0.13824396 0.02520766
515.17172391 0.48528193 0.00183515 0.00154689 0.00064845 0.00275299 0.27055517 0.08519997 0.25151132 0.05284044 0.08547734 0.08207488 0.14117047 0.02438694
516.17205735 0.47862549 0.00278980 0.00129329 0.00158730 0.00786491 0.27020712 0.08050027 0.24907621 0.05103645 0.08448679 0.08658348 0.14013607 0.02443832
517.17239080 0.47321059 0.00252051 0.00131859 0.00125527 0.00607660 0.26684844 0.08437161 0.25052273 0.04874179 0.09081251 0.07985700 0.14379325 0.02388169
518.17272424 0.47222299 0.00289144 0.00122720 0.00200628 0.00944335 0.26802725 0.08151933 0.25003309 0.05105134 0.09148420 0.07672590 0.14156384 0.02402680
519.17305769 0.46762196 0.00256359 0.00136291 0.00164079 0.01012979 0.26455334 0.07733481 0.25238609 0.04888801 0.09318150 0.08227614 0.14056240 0.02512064
520.17339113 0.46762708 0.00299052 0.00118754 0.00176727 0.01032106 0.26410665 0.08357255 0.24980710 0.05221522 0.09078555 0.07888723 0.13871017 0.02564914
521.17372457 0.46413309 0.00376474 0.00113900 0.00286945 0.01205868 0.26325704 0.07822944 0.25456082 0.05460674 0.08790793 0.08043838 0.13418896 0.02697882
522.17405802 0.46178629 0.00261561 0.00124695 0.00115340 0.01034719 0.26150549 0.08102137 0.25291060 0.05302387 0.08994357 0.08397296 0.13629343 0.02596557
523.17439146 0.46024896 0.00318929 0.00116944 0.00189195 0.00814370 0.26123112 0.08571188 0.25273122 0.05339378 0.08642141 0.08420374 0.13602153 0.02589094
524.17472491 0.45766917 0.00278161 0.00115175 0.00141407 0.00937126 0.26311156 0.08293076 0.25406924 0.05561965 0.08194547 0.08703520 0.13528214 0.02528730
525.17505835 0.45510777 0.00267411 0.00126762 0.00118782 0.00728722 0.26336072 0.08412681 0.24792134 0.05657993 0.08014626 0.08797704 0.14208082 0.02539032
526.17539180 0.45178216 0.00298846 0.00114636 0.00171602 0.00498445 0.26841715 0.08263945 0.25163680 0.05560204 0.08416033 0.08264011 0.13943520 0.02463362
527.17572524 0.44933142 0.00243853 0.00139422 0.00122261 0.00533067 0.26852745 0.07778950 0.25340228 0.05080952 0.08814999 0.08327439 0.14515391 0.02250692
528.17605869 0.44667825 0.00269636 0.00130099 0.00136753 0.00623328 0.27410508 0.07520469 0.25367321 0.05171492 0.08936161 0.07780517 0.14156382 0.02497334
529.17639213 0.44431612 0.00237420 0.00139135 0.00131330 0.00976209 0.26917162 0.07363337 0.25675964 0.04911987 0.09409347 0.07903638 0.13976010 0.02358461
530.17672558 0.44554711 0.00297430 0.00121904 0.00178285 0.00915480 0.27009221 0.07203810 0.25694934 0.04802852 0.09526896 0.07916489 0.13971221 0.02361478
531.17705902 0.44343211 0.00180578 0.00116796 0.00055469 0.00379604 0.27366655 0.07609841 0.26321237 0.04816762 0.09599297 0.07433532 0.13923721 0.02196507
532.17739246 0.44121313 0.00226235 0.00114957 0.00106308 0.00587587 0.27668514 0.07619144 0.25941604 0.04784804 0.09116891 0.07761093 0.13913173 0.02159691
533.17772591 0.43749051 0.00184699 0.00123976 0.00053060 0.00428474 0.27717925 0.07108043 0.26049946 0.04934783 0.08648401 0.08145200 0.14403346 0.02202147
534.17805935 0.43251792 0.00255733 0.00110016 0.00128024 0.00591769 0.27662741 0.07537951 0.26607068 0.05269135 0.08073713 0.07567136 0.14076473 0.02120240
535.17839280 0.43113300 0.00222806 0.00118873 0.00121888 0.00391069 0.27902887 0.07138443 0.26294710 0.05183703 0.07685118 0.08387967 0.14458498 0.02094038
536.17872624 0.43052362 0.00184967 0.00113928 0.00075855 0.00472875 0.27799308 0.07428863 0.26403440 0.05256023 0.07562551 0.08035078 0.14500751 0.02166360
537.17905969 0.42587751 0.00313008 0.00112938 0.00198931 0.00450580 0.28314188 0.07300326 0.26353309 0.05023196 0.07688072 0.07918325 0.14188653 0.02138473
538.17939313 0.41621247 0.00300168 0.00131911 0.00206289 0.01256860 0.28347621 0.06939655 0.26569193 0.04393956 0.07886138 0.07288084 0.14539498 0.02140626
539.17972658 0.41345141 0.00242269 0.00138015 0.00167234 0.00977303 0.28610605 0.07257096 0.26745757 0.04243022 0.08395263 0.06634000 0.14257175 0.02332259
540.18006002 0.41114495 0.00175495 0.00132105 0.00083097 0.00473614 0.28012957 0.07140371 0.27303988 0.04114494 0.08329854 0.07333377 0.14655643 0.02245005
541.18039346 0.40497018 0.00267410 0.00143162 0.00145053 0.00632967 0.27982065 0.07395915 0.27193903 0.04486243 0.07992902 0.06862618 0.14417515 0.02480246
542.18072691 0.40611541 0.00182210 0.00147192 0.00089201 0.00465995 0.28091710 0.07287693 0.27319131 0.04367397 0.07939646 0.07279234 0.14608284 0.02222305
543.18106035 0.40268916 0.00237310 0.00133543 0.00168953 0.00553903 0.27712012 0.07330870 0.27579392 0.04478800 0.07374116 0.07377414 0.14701131 0.02352555
544.18139380 0.39794430 0.00206722 0.00140386 0.00126471 0.00760064 0.27778235 0.07936494 0.27389758 0.04429261 0.06872048 0.07263538 0.14845429 0.02251594
545.18172724 0.39463544 0.00181268 0.00143733 0.00087734 0.00640475 0.27219269 0.07497957 0.27877403 0.04519129 0.06994489 0.07626097 0.14817912 0.02394535
546.18206069 0.38878574 0.00270559 0.00134050 0.00186176 0.00626306 0.27550255 0.07642066 0.27570480 0.04540613 0.06841615 0.07925010 0.14280186 0.02432685
547.18239413 0.38691325 0.00246107 0.00131011 0.00152574 0.00540500 0.27221240 0.07889894 0.27367136 0.04665340 0.06811227 0.07574367 0.14831484 0.02569121
548.18272758 0.38425135 0.00170438 0.00127874 0.00095496 0.00277395 0.27813916 0.07745770 0.27640969 0.04481563 0.06973111 0.07947707 0.14340443 0.02385319
549.18306102 0.38127162 0.00173867 0.00125387 0.00098723 0.00722093 0.27216361 0.08086064 0.27830841 0.04333512 0.07173304 0.07186324 0.14483307 0.02570217
550.18339446 0.37674603 0.00181983 0.00133938 0.00154238 0.00984683 0.27390809 0.07590895 0.27870096 0.04067983 0.07192814 0.07413149 0.14403005 0.02616407
551.18372791 0.37292318 0.00213865 0.00118869 0.00133780 0.01065965 0.27409810 0.07974445 0.27732529 0.03996708 0.07208210 0.07025585 0.14625237 0.02494996
552.18406135 0.37078040 0.00273149 0.00109759 0.00238815 0.01457622 0.27387836 0.07966172 0.27775470 0.04137003 0.07057838 0.06662023 0.14337412 0.02596899
553.18439480 0.36750249 0.00210508 0.00113389 0.00154851 0.00892159 0.27459716 0.07369876 0.27855141 0.03784909 0.07284711 0.07370176 0.14853931 0.02650633
554.18472824 0.36582625 0.00281032 0.00128322 0.00190879 0.00800669 0.27860775 0.07823882 0.27695990 0.04150857 0.07436754 0.06527268 0.14772612 0.02330961
555.18506169 0.36061172 0.00208131 0.00117619 0.00062406 0.00661714 0.27390648 0.07632219 0.27729266 0.04119895 0.07316538 0.07405818 0.14858945 0.02496801
556.18539513 0.35791000 0.00214717 0.00107009 0.00098552 0.00682697 0.27599515 0.07974202 0.27609336 0.04250494 0.07228110 0.07173921 0.14614016 0.02447431
557.18572858 0.35739289 0.00275201 0.00098682 0.00167001 0.00730093 0.27577565 0.07870198 0.28109939 0.04207860 0.07041185 0.07199035 0.14252518 0.02470723
558.18606202 0.35176739 0.00229764 0.00102518 0.00131161 0.01070171 0.27491845 0.07682779 0.27971837 0.04329728 0.06878110 0.07272257 0.14377664 0.02462165
559.18639547 0.34931336 0.00339083 0.00095634 0.00239213 0.00998467 0.27513880 0.07568674 0.28010752 0.04379726 0.06791033 0.07419787 0.14122384 0.02521365
560.18672891 0.34697206 0.00330914 0.00087297 0.00258604 0.01275384 0.27213223 0.07925495 0.27871486 0.04565214 0.06351043 0.07422802 0.14186821 0.02511718
561.18706235 0.34496766 0.00261215 0.00084972 0.00134955 0.00803195 0.27488948 0.07876640 0.27526844 0.04620081 0.06333515 0.07932075 0.14358045 0.02579514
562.18739580 0.33759719 0.00310558 0.00098616 0.00185831 0.00889527 0.26990171 0.07799058 0.28086547 0.04746496 0.06551725 0.07463211 0.14471588 0.02406671
563.18772924 0.33385554 0.00247262 0.00103237 0.00133211 0.00774632 0.27101904 0.07698845 0.28315854 0.04258167 0.06881814 0.07382925 0.14638319 0.02463830
564.18806269 0.33100689 0.00264499 0.00105282 0.00157304 0.00816900 0.27303066 0.07732065 0.28142804 0.03998807 0.07324906 0.07017487 0.14692651 0.02444229
565.18839613 0.33001912 0.00232971 0.00112761 0.00137176 0.00506246 0.27442919 0.07584265 0.28363834 0.03904247 0.07640768 0.06865275 0.14665969 0.02543568
566.18872958 0.32569026 0.00203486 0.00100780 0.00106325 0.00509015 0.27272763 0.07678258 0.28434763 0.03822476 0.07485277 0.07011867 0.14892217 0.02482773
567.18906302 0.32555895 0.00234243 0.00111773 0.00128110 0.00726437 0.28035025 0.07383075 0.28718203 0.03959712 0.07379934 0.06582638 0.14470126 0.02270723
568.18939647 0.32243518 0.00180533 0.00107568 0.00105406 0.00755787 0.27977209 0.07357598 0.28572572 0.03555342 0.07376489 0.06733175 0.14838836 0.02439486
569.18972991 0.31807874 0.00235446 0.00102020 0.00201283 0.00785162 0.28100900 0.07608149 0.28780473 0.03589345 0.07230702 0.06535291 0.14516392 0.02314839
570.19006335 0.31504318 0.00202768 0.00096090 0.00146387 0.00904309 0.27867923 0.07376942 0.28757297 0.03695518 0.07144735 0.06870695 0.14587525 0.02349811
571.19039680 0.31470206 0.00239260 0.00094058 0.00138128 0.00878630 0.27689718 0.07566649 0.28602483 0.04134736 0.06724709 0.06897603 0.14714968 0.02319057
572.19073024 0.31085801 0.00173391 0.00109386 0.00066217 0.00437501 0.27696009 0.07601224 0.28620442 0.04324312 0.06455687 0.07091381 0.15105255 0.02319195
573.19106369 0.30789568 0.00318666 0.00105243 0.00197468 0.00717673 0.27762427 0.07366527 0.28752462 0.04351450 0.06027161 0.07394660 0.14569940 0.02436322
574.19139713 0.30264410 0.00220368 0.00092078 0.00115801 0.00574924 0.27314385 0.07505872 0.28954348 0.04472679 0.05921995 0.07613945 0.14688613 0.02524992
575.19173058 0.29998924 0.00200515 0.00089760 0.00114299 0.00595997 0.27627456 0.07929614 0.28879775 0.04570346 0.06156896 0.06951689 0.14448952 0.02434702
576.19206402 0.29985491 0.00224168 0.00097204 0.00141013 0.00685598 0.27235612 0.07419521 0.29113357 0.04120625 0.06498071 0.07513559 0.14571791 0.02379480
577.19239747 0.29796381 0.00219347 0.00093282 0.00109638 0.00892315 0.27605630 0.07492825 0.29032512 0.03963261 0.07029319 0.06674437 0.14353085 0.02534348
578.19273091 0.29646609 0.00270137 0.00106543 0.00192451 0.00773544 0.27710390 0.07251815 0.29076877 0.03579312 0.07421622 0.06358663 0.14859266 0.02399380
579.19306435 0.29104483 0.00254037 0.00102785 0.00160539 0.00682069 0.27915084 0.07338097 0.29214162 0.03370018 0.07484349 0.06134506 0.14982762 0.02361591
580.19339780 0.28716220 0.00219405 0.00106216 0.00189467 0.00598190 0.28300930 0.07484799 0.29332988 0.03334925 0.07292502 0.06004959 0.14776442 0.02359177
581.19373124 0.28487041 0.00141192 0.00100846 0.00090418 0.00448593 0.28141408 0.07412571 0.29246837 0.03238064 0.07021782 0.06519875 0.15308934 0.02329481
582.19406469 0.28026107 0.00208694 0.00102471 0.00108586 0.00574846 0.28332537 0.07303620 0.29056873 0.03662589 0.06491942 0.06521052 0.15054242 0.02582547
583.19439813 0.27815919 0.00199578 0.00097592 0.00124255 0.00737741 0.28157956 0.07630179 0.29378969 0.03752334 0.06057227 0.06620602 0.14930715 0.02312852
584.19473158 0.27694118 0.00246164 0.00117398 0.00119596 0.00674622 0.28280930 0.07487203 0.29370743 0.03972629 0.05547199 0.06795288 0.15005286 0.02382943
585.19506502 0.27410117 0.00238159 0.00097972 0.00134531 0.00434413 0.27841516 0.07366857 0.29697732 0.04345165 0.05357234 0.07055061 0.15102989 0.02328369
586.19539847 0.27050458 0.00209517 0.00099434 0.00114939 0.00570227 0.27808820 0.07664824 0.29586892 0.03926927 0.05428574 0.07148098 0.15059276 0.02382470
587.19573191 0.26718181 0.00207693 0.00088980 0.00086062 0.00706586 0.27825234 0.07266140 0.29843743 0.03773782 0.05458672 0.07245909 0.15062985 0.02434215
588.19606536 0.26397267 0.00205382 0.00108910 0.00107191 0.00717242 0.27856758 0.07822523 0.29916228 0.03679844 0.05832761 0.06310882 0.15151823 0.02290456
589.19639880 0.25968748 0.00244396 0.00104863 0.00108581 0.00520147 0.27437818 0.07164217 0.30026729 0.03518522 0.06206976 0.06587849 0.15721552 0.02358350
590.19673224 0.25709705 0.00156523 0.00119317 0.00055324 0.00229956 0.28220859 0.07156472 0.30561542 0.03365115 0.06541814 0.05992040 0.15440446 0.02160591
591.19706569 0.25390342 0.00170108 0.00108564 0.00087287 0.00297464 0.28157881 0.07324587 0.30364916 0.03264302 0.06524227 0.05975163 0.15514255 0.02211248
592.19739913 0.25305863 0.00149251 0.00091054 0.00076342 0.00487720 0.27759866 0.07267782 0.30190646 0.03080909 0.06603915 0.06370200 0.15572356 0.02349959
593.19773258 0.25166486 0.00193011 0.00085423 0.00084967 0.00324869 0.27994211 0.07585552 0.30406996 0.03514748 0.06405343 0.06282664 0.14942615 0.02179600
594.19806602 0.25115159 0.00172873 0.00111036 0.00100802 0.00625099 0.27393039 0.07248037 0.30306281 0.03561891 0.06043296 0.06666256 0.15426818 0.02344571
595.19839947 0.25091701 0.00199556 0.00110054 0.00126414 0.00822660 0.27695685 0.07180319 0.30606553 0.03840032 0.05772767 0.06557638 0.14783015 0.02305307
596.19873291 0.24831044 0.00307889 0.00095797 0.00292132 0.00958996 0.27262562 0.06930435 0.30633268 0.03983676 0.05524828 0.06590479 0.14945365 0.02474573
597.19906636 0.24764710 0.00206057 0.00087864 0.00143934 0.00707778 0.27435423 0.07228510 0.30661917 0.03934123 0.05413942 0.06638807 0.15115172 0.02426474
598.19939980 0.24608542 0.00189941 0.00095944 0.00135890 0.00566189 0.27594517 0.07432760 0.30920611 0.03664561 0.05603953 0.06672796 0.14863788 0.02259050
599.19973324 0.24210935 0.00205047 0.00104755 0.00129021 0.00700955 0.27898497 0.07068214 0.31075841 0.03600868 0.05485655 0.06246751 0.15307957 0.02176437
600.20006669 0.24065925 0.00225927 0.00104001 0.00141121 0.00926498 0.28172924 0.06883596 0.30628408 0.03499933 0.05770505 0.06100230 0.15340293 0.02206562
601.20040013 0.23813674 0.00141720 0.00099400 0.00055679 0.00466385 0.27993914 0.07063305 0.31084879 0.03339876 0.06420988 0.05869472 0.15144739 0.02319642
602.20073358 0.23424810 0.00113550 0.00100883 0.00042969 0.00161501 0.27967559 0.07011763 0.31214207 0.03067338 0.06464739 0.06035162 0.15557731 0.02262597
603.20106702 0.23142257 0.00126560 0.00100554 0.00046552 0.00304087 0.28354838 0.07096035 0.31246027 0.03008276 0.06333350 0.05801960 0.15403911 0.02177849
604.20140047 0.22885993 0.00176204 0.00095601 0.00148857 0.00271813 0.28067702 0.06985974 0.31174128 0.03127673 0.06263457 0.05922543 0.15442229 0.02323822
605.20173391 0.22191130 0.00182295 0.00106015 0.00104096 0.00489483 0.27984034 0.07038279 0.30859489 0.03410861 0.06140513 0.06149596 0.15274251 0.02261087
606.20206736 0.22207877 0.00194089 0.00101394 0.00122557 0.00711050 0.27484932 0.07804465 0.30951964 0.03443835 0.05650631 0.05962505 0.15048308 0.02524270
607.20240080 0.22368487 0.00173406 0.00090909 0.00130696 0.00356054 0.27589484 0.07466872 0.30855050 0.03573000 0.05254220 0.06627495 0.15446812 0.02436002
608.20273424 0.22406069 0.00157755 0.00090005 0.00091987 0.00311812 0.27816400 0.07329499 0.31098583 0.03684310 0.04730050 0.06772488 0.15213335 0.02703776
609.20306769 0.22220418 0.00173081 0.00075439 0.00134513 0.00734135 0.27906357 0.07413625 0.30916185 0.03714600 0.04467288 0.06542255 0.15269372 0.02653150
610.20340113 0.22136933 0.00193075 0.00073202 0.00099906 0.00574358 0.28158932 0.07554940 0.30767025 0.03659318 0.04432037 0.06592037 0.15292404 0.02602766
611.20373458 0.21558897 0.00212531 0.00072013 0.00159081 0.00715379 0.27791706 0.07628890 0.31067897 0.03336039 0.04614885 0.06602591 0.15085710 0.02713279
612.20406802 0.21576995 0.00167006 0.00080743 0.00088835 0.00457048 0.27971128 0.07733262 0.31072532 0.03355472 0.05023511 0.06251018 0.15421515 0.02377930
613.20440147 0.21486985 0.00179353 0.00085802 0.00114272 0.00653416 0.28083603 0.07367881 0.31106765 0.03078312 0.05523957 0.06129120 0.15109989 0.02567529
614.20473491 0.21320671 0.00132756 0.00087263 0.00085626 0.00406864 0.28169817 0.07625144 0.31043420 0.02939969 0.05951870 0.05796261 0.15460602 0.02300409
615.20506836 0.20991286 0.00131421 0.00088250 0.00049209 0.00273414 0.28099868 0.07681847 0.31123877 0.03047444 0.06124651 0.05851063 0.15163890 0.02365067
616.20540180 0.20958666 0.00193100 0.00097120 0.00143151 0.00416861 0.27955649 0.07382877 0.31065090 0.02936429 0.06015444 0.06080693 0.15348377 0.02365210
617.20573525 0.20454793 0.00172003 0.00082884 0.00121078 0.00727361 0.27670396 0.07882000 0.30919327 0.03086135 0.05863772 0.05580205 0.15383443 0.02511396
618.20606869 0.20348366 0.00227629 0.00084586 0.00163393 0.00707261 0.27622120 0.07317884 0.30974149 0.02885780 0.05848230 0.06457954 0.15242281 0.02468733
619.20640213 0.20203196 0.00184547 0.00077081 0.00091577 0.00476196 0.27672029 0.07837865 0.30784163 0.03432548 0.05390328 0.06291048 0.15221069 0.02541549
620.20673558 0.19810137 0.00218945 0.00068443 0.00132375 0.00615093 0.27236054 0.07676750 0.30724116 0.03667691 0.05183251 0.06863374 0.15063254 0.02550654
621.20706902 0.19986731 0.00260459 0.00085238 0.00170804 0.00993072 0.27408383 0.07515656 0.30672685 0.03964742 0.05003260 0.06645532 0.14714423 0.02565745
622.20740247 0.19649441 0.00263151 0.00069361 0.00197374 0.00855696 0.27255645 0.07547887 0.30910596 0.04070245 0.04741951 0.06729261 0.14771179 0.02587654
623.20773591 0.19680760 0.00308813 0.00063745 0.00271642 0.01004434 0.27490095 0.07370010 0.30890212 0.03580765 0.04669100 0.06967417 0.14756631 0.02627137
624.20806936 0.19518301 0.00176621 0.00079443 0.00117297 0.00853037 0.27937610 0.07593642 0.31055443 0.03539171 0.04717352 0.06398489 0.14977004 0.02554890
625.20840280 0.19416227 0.00158992 0.00060771 0.00127772 0.00493242 0.27658798 0.07473362 0.31604501 0.03465112 0.04845168 0.06467169 0.15133831 0.02511281
626.20873625 0.19321214 0.00160442 0.00061870 0.00113068 0.00806047 0.27773527 0.07152519 0.31329700 0.03436514 0.05148705 0.06281304 0.15137343 0.02598961
627.20906969 0.18983392 0.00200840 0.00068303 0.00144223 0.00551457 0.27437757 0.07317554 0.31689333 0.03536174 0.05434703 0.05756194 0.15330904 0.02532558
628.20940313 0.18896332 0.00178913 0.00081550 0.00097230 0.00617885 0.27651303 0.07468639 0.31624424 0.02998426 0.05635231 0.05852552 0.15404343 0.02389504
629.20973658 0.18956558 0.00176682 0.00081352 0.00110929 0.00613901 0.27841396 0.07341070 0.31630133 0.02771750 0.05786935 0.05838089 0.15357918 0.02449845
630.21007002 0.18468339 0.00229574 0.00084786 0.00140750 0.00734806 0.27499490 0.07498769 0.31905522 0.02899955 0.05497631 0.05412932 0.15647415 0.02448369
631.21040347 0.18220933 0.00216130 0.00099019 0.00088082 0.00659404 0.28051638 0.07188297 0.31639385 0.03165795 0.05540849 0.05819335 0.15093348 0.02438717
632.21073691 0.17948763 0.00176479 0.00096562 0.00100419 0.00713086 0.28002260 0.07708173 0.31319546 0.03105510 0.05216086 0.05696824 0.15501168 0.02363888
633.21107036 0.17974203 0.00193932 0.00078421 0.00124861 0.00708690 0.27857548 0.07676837 0.31558657 0.03051646 0.04844221 0.06224906 0.15250514 0.02429767
634.21140380 0.18027317 0.00194170 0.00072314 0.00108257 0.00234524 0.28178008 0.08163294 0.31346390 0.03389310 0.04562256 0.06208031 0.14992670 0.02550776
635.21173725 0.17792389 0.00166103 0.00068306 0.00053007 0.00193610 0.27541052 0.07888067 0.31633950 0.03549577 0.04318186 0.06610238 0.15381265 0.02596638
636.21207069 0.17775253 0.00176059 0.00069455 0.00107847 0.00195978 0.28076036 0.08004779 0.31963310 0.03471978 0.04043982 0.06180619 0.15060925 0.02649031
637.21240413 0.17495215 0.00168567 0.00061742 0.00121444 0.00421643 0.27555892 0.07869451 0.32235837 0.02999007 0.04089990 0.06323953 0.15387925 0.02764549
638.21273758 0.17333573 0.00147487 0.00067238 0.00074481 0.00454612 0.27791742 0.08130073 0.32105986 0.02977373 0.04322234 0.06091965 0.15391669 0.02445140
639.21307102 0.17004100 0.00179843 0.00060042 0.00121206 0.00465468 0.27637153 0.07807813 0.32175545 0.02827454 0.04432164 0.06261263 0.15310307 0.02721741
640.21340447 0.16814528 0.00141845 0.00062323 0.00113794 0.00489709 0.27537605 0.07932957 0.32255424 0.02963315 0.04574982 0.05831863 0.15452586 0.02643597
641.21373791 0.16574945 0.00128024 0.00065244 0.00073374 0.00535134 0.27776277 0.07724618 0.32348625 0.02979277 0.04649652 0.05792224 0.15412744 0.02514806
642.21407136 0.16306950 0.00210000 0.00062003 0.00147159 0.00607270 0.27598413 0.07688019 0.32546822 0.02874145 0.04700252 0.05737070 0.15316868 0.02511980
643.21440480 0.16138981 0.00194566 0.00068428 0.00116063 0.00754106 0.27652679 0.07666298 0.32001171 0.02728833 0.04664491 0.06090565 0.15400744 0.02662055
644.21473825 0.15738577 0.00194811 0.00061942 0.00160296 0.00703512 0.27875498 0.07977294 0.32235555 0.02834709 0.04468248 0.05783398 0.15194096 0.02510639
645.21507169 0.15558577 0.00209272 0.00066145 0.00156156 0.00768401 0.27754189 0.07823619 0.32269112 0.02909008 0.04094660 0.06051996 0.15449138 0.02448305
646.21540514 0.15528427 0.00201881 0.00065759 0.00146898 0.00782925 0.27873362 0.07759269 0.32241828 0.02968555 0.04006300 0.05957597 0.15419554 0.02576073
647.21573858 0.15281298 0.00157354 0.00065212 0.00110063 0.00593663 0.28235005 0.07674583 0.32433852 0.02972718 0.04015284 0.05908390 0.15251769 0.02582109
648.21607202 0.15070250 0.00101903 0.00060450 0.00066312 0.00217972 0.28145157 0.07560089 0.32382325 0.02820890 0.04127806 0.06346097 0.15662756 0.02508242
649.21640547 0.14944432 0.00125405 0.00061745 0.00063361 0.00228095 0.28189844 0.07954761 0.32641974 0.03049390 0.04166028 0.05673302 0.15208460 0.02637634
650.21673891 0.14887140 0.00134586 0.00068925 0.00088631 0.00215529 0.28190345 0.07533243 0.32665084 0.02815051 0.04217389 0.05974152 0.15615402 0.02481666
651.21707236 0.14570736 0.00148651 0.00070551 0.00089410 0.00383161 0.28328476 0.07604389 0.32785117 0.02820183 0.04107155 0.05763499 0.15508331 0.02391076
652.21740580 0.14203318 0.00119569 0.00059766 0.00052092 0.00248080 0.28334435 0.07475976 0.32945204 0.02823180 0.04136411 0.05753046 0.15418280 0.02633960
653.21773925 0.14150369 0.00147699 0.00058159 0.00095100 0.00486551 0.28666582 0.07327864 0.32639857 0.02810428 0.04252206 0.05529086 0.15641557 0.02344911
654.21807269 0.14070787 0.00161926 0.00050618 0.00110246 0.00466555 0.28905181 0.07275608 0.32481838 0.02645972 0.04371786 0.05629422 0.15410023 0.02490825
655.21840614 0.13944951 0.00159515 0.00054735 0.00120511 0.00368068 0.28820736 0.07484719 0.32311514 0.02749174 0.04381364 0.05491893 0.15571586 0.02486185
656.21873958 0.13818932 0.00123987 0.00052268 0.00051384 0.00334705 0.29024754 0.07463437 0.32476815 0.02804855 0.04256389 0.05394538 0.15599030 0.02417837
657.21907302 0.13785081 0.00175239 0.00047541 0.00121007 0.00478835 0.28825365 0.07297010 0.32368469 0.02681694 0.04188367 0.05674489 0.15745247 0.02396736
658.21940647 0.13629620 0.00112672 0.00053030 0.00077241 0.00506245 0.28776381 0.07515335 0.32573729 0.02704461 0.03912772 0.05579946 0.15718285 0.02469903
659.21973991 0.13370507 0.00121077 0.00060694 0.00089983 0.00361789 0.28911359 0.07373412 0.32629769 0.02685839 0.03994207 0.05745937 0.15556485 0.02469448
660.22007336 0.13294435 0.00119694 0.00054892 0.00072013 0.00276367 0.28727439 0.07567847 0.32715278 0.02889033 0.03939249 0.05552495 0.15607812 0.02477882
661.22040680 0.13295327 0.00148626 0.00053659 0.00077857 0.00557753 0.28625066 0.07426990 0.32861272 0.02671239 0.03706995 0.05933963 0.15503709 0.02432870
662.22074025 0.13420527 0.00163432 0.00061368 0.00099077 0.00504159 0.28761928 0.07154992 0.33186447 0.02866569 0.03657378 0.05772527 0.15388033 0.02384088
663.22107369 0.13362140 0.00165695 0.00058222 0.00089158 0.00501052 0.28229740 0.07095016 0.33234306 0.02941237 0.03834762 0.05586316 0.15777197 0.02487299
664.22140714 0.13224239 0.00094042 0.00064457 0.00040040 0.00244578 0.28456881 0.07307789 0.33534317 0.02610677 0.04086338 0.05560361 0.15646822 0.02353698
665.22174058 0.13096203 0.00126419 0.00057139 0.00059202 0.00254144 0.28362928 0.07205006 0.33365427 0.02728136 0.04082345 0.05579895 0.15798026 0.02381333
666.22207402 0.12996198 0.00115208 0.00059031 0.00038450 0.00179588 0.28186692 0.07277364 0.33416670 0.02770268 0.04332288 0.05436509 0.15855944 0.02331989
667.22240747 0.12864880 0.00086433 0.00057764 0.00052863 0.00185638 0.28230466 0.07230626 0.33375974 0.02495112 0.04527454 0.05648457 0.15765104 0.02344109
668.22274091 0.12682432 0.00139327 0.00056562 0.00065247 0.00144098 0.28106675 0.07353208 0.33442077 0.02664989 0.04424605 0.05344357 0.15992346 0.02266508
669.22307436 0.12636394 0.00122451 0.00069709 0.00065009 0.00230520 0.28140268 0.07001938 0.33389234 0.02682709 0.04463047 0.05498016 0.16021870 0.02315227
670.22340780 0.12530019 0.00109929 0.00057866 0.00073426 0.00178638 0.28060425 0.07079027 0.33759985 0.02661271 0.04563699 0.05550469 0.15680683 0.02224582
671.22374125 0.12480298 0.00083127 0.00054427 0.00033605 0.00321148 0.28132622 0.07178684 0.33475772 0.02675467 0.04443342 0.05535544 0.15790324 0.02275938
672.22407469 0.12381890 0.00131561 0.00049828 0.00088873 0.00424977 0.28264142 0.06995677 0.33331675 0.02804360 0.04354927 0.05646897 0.15718958 0.02188125
673.22440814 0.12323387 0.00115846 0.00043212 0.00042219 0.00308623 0.28433120 0.07065554 0.33397631 0.02955011 0.04046722 0.05820535 0.15530110 0.02241417
674.22474158 0.12221139 0.00129051 0.00045594 0.00115293 0.00494708 0.28276192 0.07058811 0.33262967 0.03069404 0.03944772 0.05718669 0.15590200 0.02294338
675.22507503 0.12245801 0.00111925 0.00038901 0.00063724 0.00466793 0.28525858 0.07007540 0.33245447 0.02876379 0.03757489 0.05913711 0.15640491 0.02351744
676.22540847 0.12065878 0.00129525 0.00038283 0.00089519 0.00412481 0.28307890 0.07056026 0.33337862 0.03026581 0.03792143 0.05739617 0.15757274 0.02312799
677.22574191 0.11841310 0.00161681 0.00039583 0.00124477 0.00370273 0.28446477 0.07229767 0.33102997 0.02940588 0.03788886 0.05844614 0.15492276 0.02458379
678.22607536 0.11809947 0.00119552 0.00046110 0.00071224 0.00318465 0.28169680 0.07130790 0.33214950 0.02722197 0.04222162 0.05933554 0.15703259 0.02348057
679.22640880 0.11713988 0.00179107 0.00060607 0.00134901 0.00400378 0.28583088 0.07336648 0.33008924 0.02846369 0.04416561 0.05238797 0.15606494 0.02188127
680.22674225 0.11826126 0.00172623 0.00061837 0.00097262 0.00548342 0.28260684 0.07194987 0.33283768 0.02515857 0.04577844 0.05324307 0.15533089 0.02429402
681.22707569 0.11783193 0.00170908 0.00044622 0.00113596 0.00555447 0.28266539 0.07424977 0.33340977 0.02468124 0.04427930 0.05186939 0.15658322 0.02341619
682.22740914 0.11717563 0.00126786 0.00044248 0.00059828 0.00413035 0.28254223 0.07215379 0.33336512 0.02410278 0.04448720 0.05687224 0.15495652 0.02508114
683.22774258 0.11766728 0.00229884 0.00036414 0.00172329 0.00597126 0.28015420 0.07242220 0.33131218 0.02661162 0.04143762 0.05729298 0.15628518 0.02412649
684.22807603 0.11684210 0.00167648 0.00043895 0.00105690 0.00649494 0.27869038 0.07565526 0.33375094 0.02858064 0.03889600 0.05589595 0.15496615 0.02389742
685.22840947 0.11583587 0.00171315 0.00045685 0.00114595 0.00325147 0.28110271 0.07354415 0.33329612 0.02805261 0.03806641 0.05891452 0.15691687 0.02353919
686.22874291 0.11479363 0.00165568 0.00048179 0.00108763 0.00390227 0.27955876 0.07505169 0.33481591 0.02877055 0.03672348 0.05530325 0.15945571 0.02319328
687.22907636 0.11331813 0.00117289 0.00050336 0.00058027 0.00281094 0.28414898 0.07277043 0.33557713 0.02721776 0.03685574 0.05762182 0.15585912 0.02488156
688.22940980 0.11439296 0.00142336 0.00048838 0.00106607 0.00276190 0.27763524 0.07180857 0.33970465 0.02620890 0.03875912 0.05713488 0.15854104 0.02446788
689.22974325 0.11439903 0.00111469 0.00051717 0.00068984 0.00314907 0.28305558 0.07407737 0.34028773 0.02615147 0.03775275 0.05438275 0.15492046 0.02390112
690.23007669 0.11241905 0.00120787 0.00048108 0.00083653 0.00277334 0.28040088 0.07299383 0.34066044 0.02518770 0.03783902 0.05540068 0.15871354 0.02350510
691.23041014 0.11149277 0.00119852 0.00046486 0.00074219 0.00294744 0.28288217 0.07258863 0.34376528 0.02381508 0.03752462 0.05432615 0.15577137 0.02397368
692.23074358 0.10910188 0.00192478 0.00042095 0.00113079 0.00467240 0.28386661 0.07150767 0.33837927 0.02666008 0.03594732 0.05381409 0.15761921 0.02405683
693.23107703 0.10712091 0.00183792 0.00041040 0.00121706 0.00713759 0.28534148 0.06810414 0.33769842 0.02719366 0.03346585 0.05686224 0.15596161 0.02476962
694.23141047 0.10691802 0.00166292 0.00042164 0.00094775 0.00746277 0.28297592 0.07398541 0.33764656 0.02786897 0.03323980 0.05131633 0.15819240 0.02427954
695.23174391 0.10639348 0.00163408 0.00041764 0.00125889 0.00500636 0.28560381 0.07036994 0.33801847 0.02528065 0.03312034 0.05582532 0.15723598 0.02622852
696.23207736 0.10655382 0.00123880 0.00040474 0.00111968 0.00572125 0.28096489 0.07565936 0.33855121 0.02285688 0.03494104 0.05286972 0.16098724 0.02468521
697.23241080 0.10456508 0.00132089 0.00049455 0.00073099 0.00290268 0.28464933 0.07524158 0.33817074 0.02572374 0.03486338 0.05457180 0.15572045 0.02560986
698.23274425 0.10282302 0.00246738 0.00048815 0.00176822 0.00542008 0.27909485 0.07483519 0.33506333 0.02582203 0.03451054 0.05702207 0.15760712 0.02590103
699.23307769 0.10222424 0.00149592 0.00037191 0.00098093 0.00403774 0.28078863 0.07730276 0.33569015 0.02646247 0.03531320 0.05653244 0.15359830 0.02742554
700.23341114 0.10151870 0.00187524 0.00041211 0.00108382 0.00447084 0.27858165 0.07478863 0.33680210 0.02765480 0.03755323 0.05607996 0.15499004 0.02570758
701.23374458 0.09964334 0.00153690 0.00037454 0.00070818 0.00305851 0.27846503 0.07742888 0.33672659 0.02775726 0.03794841 0.05536711 0.15615370 0.02447490
702.23407803 0.09799842 0.00110930 0.00045164 0.00044366 0.00178633 0.27866141 0.07641476 0.33777883 0.02604049 0.04299208 0.05494928 0.15490774 0.02446448
703.23441147 0.09722022 0.00117934 0.00043949 0.00037908 0.00114251 0.27866823 0.07495724 0.33615579 0.02559724 0.04438782 0.05483405 0.15832912 0.02393010
704.23474491 0.09534453 0.00145723 0.00042492 0.00063186 0.00177524 0.27726672 0.07577483 0.33739364 0.02567259 0.04298723 0.05499065 0.15783387 0.02379120
705.23507836 0.09516577 0.00113166 0.00035234 0.00043453 0.00215509 0.27804562 0.07538698 0.33747136 0.02847660 0.04091844 0.05483040 0.15597512 0.02482186
706.23541180 0.09379658 0.00116524 0.00032119 0.00067538 0.00319479 0.27642849 0.07559814 0.33764138 0.02650450 0.03840369 0.06008831 0.15605632 0.02392256
707.23574525 0.09349387 0.00143433 0.00037624 0.00063949 0.00308524 0.27744485 0.07688895 0.33644297 0.02910680 0.03657989 0.05832074 0.15449303 0.02518745
708.23607869 0.09092031 0.00180571 0.00032866 0.00106247 0.00442467 0.27427409 0.07680445 0.33777414 0.02877911 0.03570202 0.05797110 0.15631473 0.02475885
709.23641214 0.09307450 0.00120234 0.00045492 0.00079276 0.00322172 0.27668753 0.07933526 0.33997082 0.02655581 0.03490444 0.05763272 0.15580773 0.02343395
710.23674558 0.09287106 0.00113290 0.00042859 0.00049725 0.00247612 0.27663219 0.07870460 0.34025839 0.02680383 0.03495081 0.05835012 0.15578725 0.02397796
711.23707903 0.09394186 0.00136795 0.00041978 0.00065578 0.00297941 0.27657417 0.07682373 0.34032073 0.02742343 0.03616744 0.05725725 0.15536755 0.02464278
712.23741247 0.09109896 0.00127197 0.00040169 0.00070703 0.00319055 0.27632579 0.07333958 0.34110079 0.02795568 0.03695720 0.05687248 0.15623374 0.02564350
713.23774592 0.08880155 0.00091361 0.00045361 0.00040900 0.00089715 0.27867815 0.07598937 0.33973410 0.02466036 0.03664536 0.05611967 0.15807403 0.02742559
714.23807936 0.08883701 0.00108597 0.00036255 0.00076073 0.00206771 0.27781446 0.07684741 0.34123824 0.02559728 0.03790080 0.05426329 0.15841957 0.02364199
715.23841280 0.08871391 0.00117083 0.00031357 0.00085507 0.00170513 0.27916325 0.07544583 0.34110249 0.02434873 0.03925161 0.05423846 0.15682969 0.02557534
716.23874625 0.08820944 0.00092971 0.00039458 0.00064201 0.00296471 0.27898597 0.07564403 0.34303016 0.02278524 0.04105468 0.05245550 0.15754178 0.02357165
717.23907969 0.09065051 0.00131585 0.00039987 0.00084622 0.00294833 0.27985592 0.07173621 0.34345543 0.02396280 0.04071372 0.05287634 0.15826308 0.02362625
718.23941314 0.09073965 0.00194630 0.00039208 0.00145464 0.00618652 0.28022660 0.07102285 0.34397991 0.02411298 0.03871665 0.05052939 0.15790702 0.02352507
719.23974658 0.08962564 0.00106351 0.00042092 0.00066399 0.00569305 0.28033926 0.07041328 0.34236254 0.02363395 0.03864970 0.05425541 0.15777488 0.02472951
720.24008003 0.08887681 0.00166218 0.00043783 0.00121956 0.00758452 0.27793389 0.07154108 0.34011619 0.02664759 0.03655918 0.05385963 0.15760583 0.02483251
721.24041347 0.08908423 0.00190120 0.00047505 0.00166320 0.00776758 0.28004729 0.07118042 0.33829390 0.02773383 0.03552069 0.05503378 0.15688722 0.02349583
722.24074692 0.08816044 0.00160516 0.00097464 0.00088272 0.00381626 0.27721171 0.07179300 0.33769375 0.02857021 0.03979800 0.05389642 0.15697816 0.02677998
723.24108036 0.08767417 0.00125562 0.00059493 0.00070176 0.00222108 0.27847371 0.07229975 0.33783402 0.02667110 0.04005645 0.05673336 0.15770833 0.02544990
724.24141380 0.08762838 0.00129595 0.00053257 0.00108471 0.00186919 0.27764740 0.07196477 0.33966417 0.02662203 0.04217208 0.05385643 0.15784897 0.02544173
725.24174725 0.08675753 0.00116233 0.00046234 0.00077229 0.00197444 0.28070917 0.07076731 0.33795312 0.02591699 0.04173689 0.05585047 0.15777774 0.02491691
726.24208069 0.08651557 0.00120587 0.00046016 0.00091190 0.00465440 0.27837299 0.07237400 0.34036140 0.02609372 0.04249174 0.05281437 0.15733352 0.02292594
727.24241414 0.08601763 0.00133703 0.00052276 0.00080925 0.00292184 0.27787792 0.06831160 0.34119819 0.02551728 0.04485749 0.05588219 0.15727497 0.02348949
728.24274758 0.08577920 0.00165076 0.00062295 0.00121415 0.00507385 0.27777633 0.07058793 0.34135410 0.02414303 0.04459419 0.05159973 0.15822056 0.02316240
729.24308103 0.08504138 0.00128842 0.00048839 0.00128433 0.00601937 0.27634946 0.07010908 0.34346547 0.02243308 0.04417076 0.05297007 0.15845762 0.02296397
730.24341447 0.08358186 0.00126998 0.00075483 0.00084122 0.00220208 0.27910426 0.06873489 0.34629500 0.02485985 0.04074173 0.05159236 0.16149942 0.02210436
731.24374792 0.08162556 0.00086760 0.00058542 0.00025847 0.00260105 0.28107713 0.07040898 0.34438621 0.02571326 0.03753423 0.05291503 0.16186752 0.02178511
732.24408136 0.07972496 0.00093796 0.00062415 0.00032648 0.00064418 0.27741354 0.07032698 0.34659596 0.02778133 0.03640367 0.05425515 0.16136371 0.02332688
733.24441480 0.07845129 0.00106229 0.00045940 0.00044658 0.00233078 0.27834822 0.07211185 0.34472971 0.02690886 0.03392992 0.05713445 0.15935226 0.02318568
734.24474825 0.07749037 0.00104282 0.00046857 0.00072988 0.00264875 0.27588802 0.07118888 0.34716429 0.02551575 0.03386170 0.05634026 0.16106259 0.02408849
735.24508169 0.07614236 0.00095381 0.00045543 0.00045627 0.00356387 0.28040852 0.07217969 0.34525118 0.02550379 0.03383067 0.05498027 0.15993148 0.02248503
736.24541514 0.07379242 0.00117508 0.00051586 0.00079161 0.00309131 0.27839756 0.07267314 0.34655859 0.02481001 0.03588186 0.05280943 0.15981124 0.02348432
737.24574858 0.07309656 0.00110942 0.00057919 0.00060695 0.00208826 0.27964044 0.06832581 0.34617481 0.02385616 0.03775129 0.05517347 0.15956394 0.02513028
738.24608203 0.07291363 0.00133258 0.00055786 0.00120517 0.00348128 0.27763734 0.07067771 0.34672363 0.02351804 0.03907598 0.05227420 0.15883129 0.02468492
739.24641547 0.07354313 0.00088651 0.00060419 0.00074806 0.00214337 0.27720890 0.07024305 0.34879364 0.02325729 0.03835161 0.05181394 0.16033557 0.02561388
740.24674892 0.07327774 0.00083553 0.00052270 0.00074062 0.00475986 0.27427313 0.07118976 0.35005305 0.02275438 0.03738428 0.05252298 0.15995574 0.02500798
741.24708236 0.07275434 0.00117362 0.00041792 0.00095994 0.00340518 0.27644280 0.07498989 0.35106351 0.02335153 0.03491275 0.05130825 0.15829057 0.02368405
742.24741581 0.07130893 0.00129210 0.00040820 0.00073869 0.00344754 0.27406177 0.07037362 0.34876080 0.02658962 0.03399717 0.05564254 0.16060831 0.02407965
743.24774925 0.07133396 0.00110724 0.00059314 0.00069421 0.00340161 0.27587871 0.07172456 0.35177260 0.02698608 0.03393386 0.05135197 0.15972988 0.02282613
744.24808269 0.07076245 0.00102589 0.00057109 0.00047726 0.00269792 0.27443491 0.06973526 0.35182582 0.02410406 0.03505419 0.05521101 0.16113065 0.02373194
745.24841614 0.06957738 0.00131535 0.00046880 0.00077442 0.00434406 0.27478217 0.07102588 0.35114147 0.02504576 0.03483656 0.05252374 0.16066186 0.02307992
746.24874958 0.06780850 0.00090716 0.00056361 0.00036854 0.00260794 0.27575464 0.07133253 0.35321244 0.02372870 0.03622412 0.05300501 0.15927128 0.02302402
747.24908303 0.06600876 0.00117002 0.00039996 0.00082600 0.00394264 0.27705532 0.06911535 0.35170529 0.02273547 0.03578627 0.05219733 0.16048001 0.02458633
748.24941647 0.06442662 0.00190690 0.00053959 0.00170499 0.00485278 0.27703024 0.07050929 0.35486587 0.02023420 0.03670991 0.04884873 0.15979580 0.02300169
749.24974992 0.06356282 0.00102440 0.00055021 0.00063118 0.00386740 0.27674870 0.07030187 0.35490520 0.02163255 0.03796907 0.04766668 0.16184498 0.02285775
750.25008336 0.06206274 0.00134083 0.00039607 0.00122734 0.00438787 0.27677103 0.06978528 0.35224506 0.02000557 0.03885513 0.05042173 0.16212263 0.02244147
751.25041681 0.06241476 0.00125836 0.00038795 0.00090542 0.00447856 0.27744437 0.07018825 0.35294824 0.02118796 0.03620816 0.04888042 0.16141748 0.02469483
752.25075025 0.06291235 0.00146102 0.00043239 0.00152917 0.00433812 0.27519822 0.06956635 0.35213973 0.02164276 0.03540956 0.04845143 0.16362053 0.02621072
753.25108369 0.06196452 0.00099520 0.00039146 0.00077105 0.00295588 0.27865036 0.07308434 0.35382591 0.01928993 0.03258619 0.05254102 0.16177440 0.02313426
754.25141714 0.06260487 0.00158179 0.00038731 0.00099659 0.00619574 0.27596775 0.07361563 0.35508999 0.02580005 0.02861749 0.04757544 0.16092506 0.02324715
755.25175058 0.06180500 0.00195539 0.00029552 0.00142811 0.00594651 0.27602533 0.06997210 0.35677007 0.02248243 0.02710921 0.05584205 0.15913944 0.02303383
756.25208403 0.06129468 0.00160790 0.00035672 0.00099438 0.00812354 0.27513579 0.07102391 0.35746774 0.02441544 0.02765896 0.04907762 0.16042888 0.02370913
757.25241747 0.06129914 0.00150732 0.00030478 0.00095752 0.00614219 0.27473327 0.07094914 0.35958076 0.02301244 0.02783410 0.05310766 0.15753134 0.02433949
758.25275092 0.06127196 0.00116663 0.00034609 0.00087040 0.00424271 0.27569444 0.07158911 0.35816327 0.02220978 0.02834347 0.05066414 0.16138133 0.02532863
759.25308436 0.06075356 0.00114900 0.00030907 0.00089358 0.00379512 0.27751359 0.07098214 0.35813773 0.02220108 0.03053371 0.04963555 0.16025782 0.02459163
760.25341781 0.06039152 0.00128249 0.00038460 0.00117000 0.00576770 0.27699238 0.07015252 0.35831614 0.02016097 0.03189285 0.04566027 0.16424492 0.02397516
761.25375125 0.06017631 0.00097107 0.00045326 0.00055037 0.00189523 0.28223613 0.06946237 0.35678884 0.01922537 0.03283733 0.04660533 0.16406038 0.02491433
762.25408469 0.05984201 0.00099055 0.00037660 0.00037621 0.00109431 0.27925839 0.07168931 0.35822248 0.01894937 0.03347923 0.04760079 0.16519314 0.02276961
763.25441814 0.05912107 0.00075378 0.00051607 0.00026810 0.00069449 0.28286574 0.06935470 0.35791144 0.01761798 0.03434242 0.04753374 0.16414080 0.02400074
764.25475158 0.05802383 0.00080488 0.00035084 0.00037427 0.00072164 0.28204100 0.07065642 0.36129257 0.02125393 0.03167354 0.04608389 0.16250282 0.02224422
765.25508503 0.05744940 0.00075873 0.00034926 0.00037380 0.00171967 0.28179451 0.06692454 0.36402249 0.01889815 0.02940471 0.04973608 0.16413917 0.02187890
766.25541847 0.05644648 0.00089396 0.00041019 0.00057268 0.00377745 0.28208141 0.06560931 0.36582602 0.02019343 0.02977104 0.04674255 0.16194804 0.02217391
767.25575192 0.05525627 0.00084559 0.00045823 0.00030038 0.00313415 0.28021723 0.06476987 0.36688820 0.02122649 0.02830890 0.04832814 0.16353393 0.02198889
768.25608536 0.05341760 0.00122844 0.00042852 0.00092288 0.00396058 0.27800292 0.06328958 0.36708712 0.02162269 0.02887562 0.04747980 0.16592742 0.02117444
769.25641881 0.05238661 0.00107577 0.00052601 0.00140055 0.00393999 0.28099503 0.06268824 0.36433780 0.02113384 0.02837399 0.04670972 0.16472072 0.02409833
770.25675225 0.05175287 0.00102890 0.00046885 0.00074041 0.00313570 0.27862434 0.06360695 0.36504185 0.02038872 0.02925674 0.04691685 0.16881172 0.02197896
771.25708570 0.05174355 0.00140408 0.00048874 0.00106396 0.00263614 0.28236934 0.06279442 0.36574858 0.02031915 0.02943449 0.04556834 0.16599312 0.02217966
772.25741914 0.05210964 0.00127472 0.00043967 0.00101580 0.00454122 0.27935159 0.06297121 0.36657800 0.01891299 0.02969292 0.04538984 0.16784321 0.02198884
773.25775258 0.05259608 0.00084350 0.00044149 0.00088462 0.00416327 0.28358386 0.06157818 0.37005270 0.01932133 0.02909296 0.04418237 0.16403731 0.02181841
774.25808603 0.05283658 0.00098847 0.00035792 0.00072854 0.00397342 0.28058751 0.06208228 0.37157165 0.02043137 0.02957612 0.04394787 0.16521105 0.02054380
775.25841947 0.05109379 0.00105569 0.00032893 0.00074861 0.00540877 0.28032348 0.06293830 0.37444177 0.01862541 0.02747842 0.04544406 0.16187722 0.02132935
776.25875292 0.05033551 0.00136532 0.00030836 0.00118672 0.00852301 0.27795542 0.06184352 0.37393614 0.01912073 0.02675477 0.04454625 0.16356228 0.02089747
777.25908636 0.04944959 0.00143306 0.00034948 0.00101620 0.00488514 0.27818415 0.06123680 0.37395094 0.02008704 0.02790436 0.04501319 0.16420051 0.02173913
778.25941981 0.04860295 0.00101555 0.00056706 0.00072257 0.00444547 0.27578100 0.06097562 0.37350687 0.01928247 0.03192387 0.04232689 0.16981349 0.01963914
779.25975325 0.04756363 0.00099959 0.00046951 0.00055895 0.00202765 0.27492181 0.06001618 0.37243649 0.01832591 0.03450445 0.04664750 0.16871394 0.02037803
780.26008670 0.04741277 0.00142193 0.00054318 0.00098488 0.00332674 0.27437176 0.06191448 0.37195995 0.01841088 0.03467901 0.04279837 0.16947608 0.02011273
781.26042014 0.04856567 0.00085535 0.00041742 0.00063713 0.00433090 0.26958801 0.06013265 0.37390892 0.02136442 0.03359584 0.04492583 0.16996664 0.02027687
782.26075358 0.04816051 0.00079833 0.00040250 0.00050272 0.00181850 0.27227283 0.06223083 0.37562118 0.02054492 0.03203127 0.04730555 0.16455465 0.02191673
783.26108703 0.04767293 0.00114464 0.00035769 0.00082047 0.00332307 0.26820677 0.06238809 0.37831731 0.02255687 0.02945840 0.04768390 0.16473484 0.02100795
784.26142047 0.04735885 0.00128838 0.00044093 0.00072590 0.00307264 0.27101321 0.06070717 0.38064408 0.02034784 0.02938874 0.04824911 0.16360536 0.02051664
785.26175392 0.04743456 0.00085564 0.00033160 0.00070242 0.00333240 0.27111284 0.06155817 0.37913179 0.02203683 0.02829902 0.04714223 0.16380456 0.02169250
786.26208736 0.04681822 0.00136621 0.00033660 0.00098343 0.00307660 0.26930758 0.06408851 0.37759971 0.02267141 0.02895938 0.04654513 0.16464168 0.02042378
787.26242081 0.04730252 0.00175523 0.00029845 0.00148546 0.00550164 0.27073623 0.06335163 0.37248485 0.02124140 0.02875541 0.04562590 0.16689023 0.02187358
788.26275425 0.04725909 0.00174201 0.00032782 0.00177709 0.00862308 0.26858329 0.06081410 0.37366766 0.01926978 0.03049132 0.04553591 0.16813533 0.02103261
789.26308770 0.04688487 0.00133837 0.00042882 0.00110609 0.01062774 0.26801449 0.06029970 0.37272481 0.01900081 0.03269684 0.04255657 0.16938500 0.02182075
790.26342114 0.04616797 0.00124579 0.00043486 0.00094239 0.00670658 0.26988456 0.05959890 0.37388851 0.01842364 0.03412636 0.04352106 0.16917560 0.02205176
791.26375458 0.04587165 0.00136193 0.00052552 0.00086879 0.00667085 0.27052634 0.06009928 0.37754601 0.01903917 0.03611254 0.03884978 0.16818402 0.02021577
792.26408803 0.04516743 0.00115615 0.00045023 0.00103836 0.00444911 0.27309919 0.05908318 0.37916594 0.01596932 0.03513517 0.04447878 0.16480085 0.02117371
793.26442147 0.04472114 0.00095015 0.00042361 0.00066715 0.00408320 0.27247381 0.05799052 0.38410175 0.01836489 0.03290022 0.04228643 0.16401922 0.02173905
794.26475492 0.04465579 0.00142925 0.00036230 0.00105104 0.00221151 0.27447604 0.06129570 0.38040604 0.02115326 0.03058707 0.04235021 0.16489982 0.01977773
795.26508836 0.04540540 0.00109893 0.00037647 0.00082812 0.00185888 0.27653788 0.05814745 0.38239057 0.02006803 0.02752635 0.04480921 0.16599634 0.02036177
796.26542181 0.04605655 0.00090781 0.00028491 0.00065976 0.00523919 0.27661172 0.06025140 0.38079748 0.01813903 0.02572035 0.04240362 0.16738806 0.02159666
797.26575525 0.04653313 0.00156197 0.00034948 0.00149523 0.00343424 0.27594754 0.06002936 0.37848120 0.01729075 0.02705301 0.04330106 0.17033726 0.02071890
798.26608870 0.04586970 0.00164689 0.00032862 0.00150371 0.00708748 0.27521737 0.05790803 0.37564076 0.01818084 0.02637224 0.04361278 0.17095516 0.02154612
799.26642214 0.04481668 0.00119226 0.00046354 0.00107300 0.00589630 0.27434842 0.05841686 0.37686839 0.02060828 0.02665789 0.04194334 0.17067053 0.02186120
800.26675559 0.04479527 0.00183023 0.00038459 0.00132853 0.00537208 0.27470534 0.05707231 0.37828016 0.01927531 0.02587245 0.04540570 0.16936737 0.02110594
801.26708903 0.04467465 0.00194237 0.00029380 0.00197732 0.00846483 0.27210588 0.05729982 0.38050029 0.02187469 0.02509878 0.04278972 0.16624973 0.02140277
802.26742247 0.04490914 0.00129330 0.00027580 0.00134483 0.00662538 0.27179205 0.05871264 0.38201090 0.02184063 0.02575096 0.04515011 0.16446002 0.02074340
803.26775592 0.04369114 0.00156939 0.00032498 0.00115495 0.00769602 0.27231092 0.05903047 0.38095644 0.01888815 0.02493005 0.04627750 0.16364316 0.02321796
804.26808936 0.04317749 0.00157122 0.00025243 0.00127547 0.00740237 0.27263811 0.06133818 0.38050909 0.01879146 0.02758497 0.04171297 0.16557576 0.02134797
805.26842281 0.04340748 0.00122413 0.00034158 0.00071837 0.00301528 0.27787019 0.05707649 0.38053369 0.01764399 0.02771383 0.04304272 0.16807502 0.02274470
806.26875625 0.04410335 0.00104333 0.00030781 0.00084407 0.00327740 0.27935786 0.05767884 0.37795457 0.01881051 0.02906361 0.03901950 0.17216945 0.02047305
807.26908970 0.04370277 0.00065721 0.00033952 0.00029407 0.00051256 0.27776644 0.05732524 0.38271542 0.01646393 0.03244225 0.03992071 0.17193496 0.01962769
808.26942314 0.04267114 0.00060029 0.00033652 0.00025858 0.00054398 0.28174888 0.05707345 0.37954783 0.01552991 0.03107230 0.04001379 0.17311406 0.02016041
809.26975659 0.04209561 0.00062608 0.00031366 0.00030612 0.00057376 0.27794879 0.05919093 0.38288419 0.01799645 0.02956245 0.04020160 0.17207449 0.01832148
810.27009003 0.04197378 0.00068623 0.00031163 0.00020837 0.00064514 0.28042166 0.05465107 0.38485116 0.01867776 0.02679724 0.04422617 0.16857135 0.01995222
811.27042347 0.04149977 0.00069250 0.00029637 0.00022208 0.00062635 0.27963511 0.05791420 0.38627069 0.02060355 0.02533897 0.04273762 0.16703897 0.01862359
812.27075692 0.04105439 0.00063584 0.00028935 0.00019110 0.00053155 0.27764453 0.05687562 0.38908392 0.02031823 0.02391709 0.04497843 0.16629096 0.01924338
813.27109036 0.04045683 0.00055933 0.00029038 0.00019346 0.00048346 0.28001619 0.05810472 0.38729910 0.01991114 0.02392211 0.04471011 0.16572602 0.01878398
814.27142381 0.03994790 0.00054650 0.00031189 0.00020520 0.00043381 0.27704937 0.05871163 0.38662915 0.01984659 0.02483707 0.04446579 0.16842462 0.01853838
815.27175725 0.03922355 0.00068763 0.00034615 0.00033051 0.00290101 0.27904424 0.05631665 0.38315789 0.01968222 0.02641663 0.04269482 0.16945521 0.01896704
816.27209070 0.03835168 0.00096890 0.00037193 0.00071059 0.00564347 0.27585589 0.05530921 0.38004574 0.01848432 0.03005963 0.04220299 0.17163984 0.01870749
817.27242414 0.03768355 0.00131784 0.00034700 0.00111674 0.00497214 0.27709875 0.05421660 0.37949544 0.01789044 0.03041893 0.03980215 0.17468997 0.01863401
818.27275759 0.03815340 0.00143198 0.00033116 0.00076925 0.00303780 0.27812194 0.05403556 0.38177861 0.01848877 0.03262679 0.04060570 0.16980928 0.01896315
819.27309103 0.03838585 0.00181166 0.00032311 0.00108777 0.00356275 0.27642223 0.05264524 0.38038992 0.01905662 0.03285380 0.04029835 0.17190219 0.01964635
820.27342447 0.03840473 0.00096964 0.00029906 0.00044899 0.00204085 0.28022779 0.05541055 0.38495440 0.01968608 0.03182483 0.03938494 0.16555336 0.01919949
821.27375792 0.03808689 0.00080081 0.00031240 0.00051812 0.00245009 0.27770102 0.05518380 0.38741304 0.01724068 0.03079872 0.04299430 0.16573976 0.01884726
822.27409136 0.03794216 0.00097850 0.00028268 0.00067701 0.00296562 0.27971320 0.05510298 0.38587556 0.01918892 0.03047997 0.04023714 0.16568575 0.01881268
823.27442481 0.03763545 0.00093751 0.00027004 0.00051928 0.00157165 0.27841956 0.05316502 0.38441588 0.01918019 0.02939493 0.04449289 0.16772221 0.01991085
824.27475825 0.03721847 0.00089973 0.00035508 0.00058637 0.00379694 0.28161922 0.05298037 0.38173554 0.02032427 0.02703510 0.04135103 0.17070064 0.01861574
825.27509170 0.03746938 0.00107272 0.00030274 0.00072237 0.00477878 0.28194251 0.05017222 0.38178909 0.02025762 0.02572984 0.04302835 0.17253481 0.01766896
826.27542514 0.03709598 0.00121455 0.00033799 0.00101163 0.00361814 0.28561670 0.05120473 0.37764172 0.01981683 0.02422926 0.04175688 0.17461574 0.01893582
827.27575859 0.03736394 0.00092561 0.00042033 0.00070298 0.00310599 0.27884297 0.05260627 0.38157248 0.01921052 0.02661605 0.04228049 0.17463353 0.01908277
828.27609203 0.03743740 0.00070650 0.00037548 0.00031125 0.00142546 0.28342868 0.05477959 0.38360510 0.01861650 0.02479098 0.04277275 0.17022986 0.01895783
829.27642548 0.03684086 0.00108580 0.00032887 0.00091228 0.00416300 0.28009901 0.05650053 0.38418296 0.01699691 0.02645585 0.03978500 0.17033774 0.01915205
830.27675892 0.03674921 0.00064740 0.00033341 0.00028907 0.00078562 0.28145034 0.06170520 0.38560818 0.01678225 0.02655381 0.04031966 0.16564892 0.01987612
831.27709236 0.03659303 0.00080212 0.00033883 0.00046561 0.00369063 0.28088938 0.05550520 0.38566989 0.01669003 0.02724697 0.04274959 0.16664036 0.01931138
832.27742581 0.03603896 0.00076006 0.00031434 0.00048799 0.00176392 0.28126592 0.05510739 0.38685571 0.01727901 0.02708193 0.04108360 0.16833149 0.01966864
833.27775925 0.03565823 0.00069333 0.00031248 0.00051016 0.00279684 0.28146234 0.05478091 0.38240307 0.01732057 0.02781639 0.04079452 0.17187506 0.01923434
834.27809270 0.03463913 0.00100112 0.00031349 0.00072417 0.00309248 0.28349019 0.05492751 0.38088007 0.01632301 0.02745662 0.03937920 0.17267012 0.01974203
835.27842614 0.03391677 0.00073935 0.00048937 0.00045555 0.00307408 0.28439195 0.05428444 0.38102977 0.01548222 0.02896208 0.03858192 0.17414325 0.01836602
836.27875959 0.03400152 0.00064508 0.00035270 0.00037891 0.00276082 0.28642917 0.05348903 0.38137893 0.01549212 0.02712693 0.03979596 0.17368003 0.01847032
837.27909303 0.03388926 0.00075511 0.00038581 0.00072242 0.00343105 0.28433260 0.05433767 0.38448516 0.01587837 0.02480499 0.03845381 0.17267299 0.01974003
838.27942648 0.03358239 0.00061502 0.00028957 0.00029823 0.00159987 0.28728666 0.05272804 0.38885704 0.01599813 0.02263637 0.04280498 0.16832093 0.01856515
839.27975992 0.03321118 0.00072369 0.00026211 0.00041572 0.00287463 0.28494948 0.05635991 0.38747869 0.01825847 0.02213969 0.03828134 0.16836077 0.01989551
840.28009336 0.03280722 0.00148488 0.00029902 0.00131155 0.00402627 0.28648722 0.05355762 0.38961818 0.01649799 0.02143705 0.04109413 0.16538565 0.01880044
841.28042681 0.03294599 0.00068237 0.00044909 0.00029260 0.00258229 0.28685133 0.05608603 0.38794319 0.01450788 0.02208595 0.03693784 0.17223194 0.01934951
842.28076025 0.03209024 0.00108289 0.00032736 0.00104992 0.00453251 0.28657702 0.05541629 0.38751839 0.01394649 0.02349685 0.03696794 0.17046144 0.01862287
843.28109370 0.03208755 0.00085072 0.00030604 0.00074849 0.00389726 0.28922399 0.05283665 0.38480916 0.01396221 0.02451352 0.03576928 0.17484126 0.01824142
844.28142714 0.03170190 0.00086179 0.00027345 0.00060191 0.00392079 0.28986831 0.05168500 0.38473147 0.01397543 0.02311343 0.03680877 0.17535098 0.01880867
845.28176059 0.03090609 0.00066849 0.00046012 0.00043997 0.00176725 0.28533468 0.05154479 0.39013614 0.01425495 0.02392412 0.03462208 0.17726205 0.01958535
846.28209403 0.03091155 0.00067449 0.00032751 0.00047128 0.00086252 0.28848926 0.05160599 0.39087513 0.01566125 0.02069456 0.03847471 0.17428138 0.01758191
847.28242748 0.03093273 0.00080361 0.00039434 0.00043610 0.00132957 0.28280887 0.05426330 0.39388647 0.01666942 0.02008375 0.03703458 0.17294953 0.01934046
848.28276092 0.02979262 0.00097289 0.00029610 0.00061085 0.00129164 0.28234617 0.05665677 0.39800758 0.01637019 0.01740594 0.04017367 0.16738758 0.01848061
849.28309436 0.02975826 0.00120122 0.00032799 0.00091545 0.00449076 0.28025130 0.05166854 0.39772789 0.01617483 0.01897444 0.04016220 0.16896425 0.01914112
850.28342781 0.02973136 0.00098713 0.00029959 0.00053012 0.00297057 0.28162954 0.05197385 0.39971433 0.01820408 0.01958620 0.03767646 0.16791080 0.01851732
851.28376125 0.02929832 0.00072940 0.00031170 0.00038072 0.00164680 0.28220130 0.04961251 0.39766529 0.01621773 0.02143595 0.03982925 0.17167182 0.01829752
852.28409470 0.02881875 0.00086676 0.00037277 0.00087136 0.00454079 0.28071603 0.04901423 0.39448607 0.01716645 0.02421332 0.03484595 0.17546548 0.01744080
853.28442814 0.02831929 0.00068049 0.00035617 0.00040303 0.00157559 0.27993018 0.05062576 0.39574447 0.01405045 0.02807455 0.03442480 0.17775198 0.01638252
854.28476159 0.02820677 0.00065178 0.00030842 0.00039833 0.00268595 0.28490102 0.04944626 0.38899111 0.01200074 0.02932581 0.03601854 0.17768738 0.01758465
855.28509503 0.02790111 0.00056600 0.00028148 0.00050239 0.00189418 0.28308393 0.04998609 0.39224451 0.01347298 0.02893655 0.03415264 0.17712201 0.01775723
856.28542848 0.02796838 0.00101737 0.00026754 0.00087040 0.00421303 0.28576725 0.04950503 0.39187240 0.01436398 0.02626218 0.03550814 0.17144098 0.01891171
857.28576192 0.02766048 0.00084785 0.00023321 0.00064098 0.00287211 0.28160832 0.04987232 0.39468918 0.01516255 0.02382828 0.03996264 0.17109651 0.01918603
858.28609537 0.02720187 0.00162347 0.00035685 0.00145374 0.00401533 0.28377873 0.05292754 0.39516179 0.01694415 0.02191780 0.03564227 0.16806789 0.01811043
859.28642881 0.02662060 0.00088605 0.00030758 0.00071475 0.00703342 0.27810543 0.04852770 0.39783003 0.01674196 0.02040290 0.04097144 0.17046590 0.01801283
860.28676225 0.02716703 0.00070876 0.00045298 0.00044007 0.00163460 0.28075969 0.05300873 0.39911362 0.01827053 0.01977420 0.03769078 0.16973306 0.01841297
861.28709570 0.02727602 0.00058220 0.00032956 0.00039186 0.00146368 0.27861354 0.05221616 0.39561091 0.01690099 0.01973064 0.04029463 0.17541916 0.01844667
862.28742914 0.02716769 0.00070245 0.00030225 0.00041952 0.00181618 0.28005143 0.05315415 0.39347943 0.01686236 0.02022787 0.04050826 0.17407054 0.01840555
863.28776259 0.02720319 0.00056161 0.00032516 0.00019579 0.00045992 0.27812294 0.05197284 0.39681593 0.01670829 0.02236424 0.03747158 0.17627148 0.01873023
864.28809603 0.02707431 0.00058256 0.00028173 0.00030124 0.00055229 0.27965101 0.05220027 0.39619385 0.01462920 0.02302091 0.03933487 0.17566032 0.01759174
865.28842948 0.02678469 0.00047172 0.00027370 0.00020849 0.00045423 0.27752338 0.05442965 0.39769674 0.01417821 0.02504466 0.03584843 0.17472538 0.01914540
866.28876292 0.02663610 0.00045955 0.00023714 0.00022947 0.00045743 0.27824169 0.05312576 0.39995704 0.01344758 0.02613202 0.03761978 0.17205533 0.01803722
867.28909637 0.02629795 0.00071577 0.00037531 0.00018875 0.00079567 0.28031123 0.05255748 0.40040249 0.01389203 0.02678419 0.03483801 0.17087592 0.01826315
868.28942981 0.02596589 0.00080186 0.00025313 0.00045639 0.00297468 0.27727083 0.05200510 0.39866870 0.01530264 0.02603671 0.03584449 0.17176603 0.01861944
869.28976325 0.02537131 0.00106240 0.00026734 0.00127708 0.00378803 0.27772111 0.05125313 0.39826542 0.01494928 0.02444708 0.03833795 0.17030500 0.01832617
870.29009670 0.02481319 0.00095001 0.00026987 0.00072696 0.00293797 0.27706377 0.05285959 0.39829817 0.01483559 0.02234732 0.03855255 0.17353110 0.01762709
871.29043014 0.02525402 0.00081159 0.00026401 0.00039892 0.00295071 0.27769671 0.05324474 0.39563810 0.01827566 0.02124594 0.03677725 0.17421689 0.01847947
872.29076359 0.02431251 0.00103429 0.00029318 0.00100899 0.00435837 0.27727713 0.04705704 0.39776335 0.01645178 0.02057975 0.04002412 0.17604508 0.01810692
873.29109703 0.02411840 0.00096967 0.00027237 0.00071327 0.00195551 0.27840365 0.05071716 0.40012404 0.01731047 0.02074665 0.03485205 0.17690870 0.01702647
874.29143048 0.02400234 0.00064160 0.00026587 0.00047573 0.00282886 0.27906244 0.05031726 0.39819515 0.01546729 0.02167984 0.03829260 0.17429036 0.01848302
875.29176392 0.02405067 0.00091258 0.00031441 0.00066990 0.00405780 0.27878727 0.05105330 0.39851776 0.01492231 0.02383073 0.03475161 0.17489729 0.01728506
876.29209737 0.02400228 0.00093493 0.00022117 0.00046522 0.00329668 0.27977183 0.04945110 0.40238542 0.01373473 0.02504327 0.03528531 0.17114382 0.01826653
877.29243081 0.02390699 0.00092425 0.00019853 0.00067983 0.00337832 0.27980193 0.04889372 0.40145446 0.01280949 0.02554522 0.03496659 0.17249914 0.01884851
878.29276425 0.02372594 0.00051083 0.00028143 0.00041250 0.00086129 0.27956736 0.04995288 0.40281861 0.01402532 0.02745934 0.03408606 0.17237988 0.01764449
879.29309770 0.02422059 0.00072476 0.00024350 0.00029701 0.00094393 0.27769171 0.04969176 0.40230397 0.01545514 0.02570777 0.03499520 0.17312739 0.01881785
880.29343114 0.02649173 0.00072270 0.00022364 0.00034077 0.00172488 0.27856258 0.05093910 0.40015652 0.01493046 0.02387282 0.03688366 0.17472526 0.01691761
881.29376459 0.02645569 0.00064316 0.00024518 0.00057441 0.00155379 0.27855295 0.04919713 0.40137526 0.01511209 0.02146441 0.03708498 0.17592791 0.01826873
882.29409803 0.02618002 0.00063826 0.00025155 0.00046570 0.00284196 0.28183060 0.04828105 0.39989754 0.01642058 0.01716441 0.03810456 0.17552588 0.01857793
883.29443148 0.02565130 0.00072072 0.00021802 0.00040670 0.00161383 0.27922766 0.04943976 0.40190494 0.01751874 0.01659683 0.03885961 0.17586696 0.01762623
884.29476492 0.02537790 0.00122030 0.00040339 0.00095733 0.00297067 0.27802472 0.05013090 0.39981073 0.01747642 0.01727972 0.03894879 0.17404933 0.01872770
885.29509837 0.02381637 0.00131497 0.00032471 0.00140369 0.00486526 0.27819558 0.04989267 0.40187733 0.01606866 0.01888235 0.03715848 0.17199466 0.01802165
886.29543181 0.02378772 0.00095189 0.00044559 0.00069394 0.00126612 0.27972576 0.05293140 0.39904584 0.01564014 0.02296479 0.03482228 0.17357561 0.01793663
887.29576526 0.02423963 0.00060710 0.00033306 0.00045385 0.00174063 0.27773428 0.04963124 0.40197520 0.01361464 0.02629578 0.03683019 0.17194500 0.01883902
888.29609870 0.02497287 0.00059066 0.00035615 0.00035045 0.00297947 0.27596805 0.05102341 0.40388904 0.01420927 0.02787151 0.03398196 0.17072367 0.01805634
889.29643214 0.02535083 0.00045272 0.00035623 0.00022146 0.00044591 0.27462216 0.04911449 0.40439944 0.01249530 0.02957329 0.03529191 0.17514559 0.01788148
890.29676559 0.02579703 0.00071982 0.00025730 0.00053758 0.00140651 0.27572963 0.05169522 0.40297559 0.01392086 0.02772031 0.03366878 0.17357468 0.01779372
891.29709903 0.02603330 0.00056666 0.00022102 0.00025831 0.00151134 0.27185373 0.05101645 0.40472051 0.01444215 0.02579883 0.03629124 0.17543000 0.01788977
892.29743248 0.02629535 0.00071827 0.00018616 0.00049880 0.00184441 0.27370278 0.05242223 0.40164279 0.01621623 0.02273645 0.03784003 0.17484646 0.01734540
893.29776592 0.02619513 0.00055124 0.00017712 0.00019602 0.00057969 0.27048455 0.05274503 0.40203411 0.01614427 0.02112565 0.04181728 0.17604613 0.01809890
894.29809937 0.02515148 0.00076842 0.00023039 0.00038352 0.00262619 0.27110252 0.05253406 0.40184316 0.01897533 0.01940712 0.04050261 0.17338097 0.01824571
895.29843281 0.02416978 0.00084455 0.00022536 0.00054835 0.00348603 0.27014608 0.05170050 0.40237715 0.01770534 0.01936421 0.04118673 0.17445285 0.01796284
896.29876626 0.02337603 0.00072484 0.00025002 0.00029935 0.00277550 0.27169427 0.05354553 0.40369080 0.01861682 0.01931473 0.03853699 0.17185863 0.01869253
897.29909970 0.02334047 0.00089752 0.00028067 0.00081210 0.00426924 0.26892520 0.05207088 0.40310314 0.01568106 0.02243816 0.04027296 0.17322424 0.01802481
898.29943314 0.02326174 0.00083486 0.00023507 0.00056130 0.00359127 0.26933976 0.05160887 0.40478322 0.01515804 0.02405336 0.03882480 0.17253986 0.01846959
899.29976659 0.02312492 0.00150737 0.00022897 0.00139717 0.00649078 0.26898076 0.05069130 0.40320917 0.01629902 0.02610544 0.03418617 0.17365182 0.01725202
900.30010003 0.02300676 0.00125466 0.00029369 0.00093140 0.00280720 0.26701452 0.04931929 0.40209196 0.01440516 0.02756509 0.03940368 0.17619334 0.01871999
901.30043348 0.02305055 0.00085101 0.00024492 0.00029743 0.00073309 0.26536262 0.05275686 0.40461493 0.01894871 0.02868990 0.03399283 0.17487839 0.01862934
902.30076692 0.02336356 0.00056767 0.00022980 0.00032867 0.00070554 0.26655863 0.04903621 0.40677616 0.01442764 0.02850867 0.04011821 0.17445050 0.01829231
903.30110037 0.02332065 0.00075305 0.00024587 0.00042846 0.00307271 0.26533095 0.05143132 0.40554691 0.01516530 0.02810828 0.03742035 0.17515126 0.01734553
904.30143381 0.02331415 0.00079841 0.00023847 0.00052049 0.00270803 0.26766943 0.04968851 0.40755742 0.01686138 0.02627504 0.03661088 0.17349911 0.01757283
905.30176726 0.02321528 0.00135274 0.00022066 0.00106497 0.00314049 0.26888020 0.04879562 0.40743426 0.01775103 0.02346658 0.03668171 0.17249817 0.01871358
906.30210070 0.02329008 0.00085977 0.00019893 0.00044498 0.00182116 0.26913922 0.05112762 0.40722170 0.01696284 0.02182184 0.03974892 0.17231809 0.01833495
907.30243414 0.02321277 0.00121767 0.00023508 0.00069713 0.00170994 0.26732616 0.05326976 0.40801852 0.01833432 0.02033577 0.03859149 0.17242468 0.01783947
908.30276759 0.02301316 0.00092044 0.00019425 0.00081590 0.00206708 0.26754984 0.05177537 0.40617448 0.01867332 0.01846561 0.04169374 0.17280325 0.01886672
909.30310103 0.02260029 0.00067909 0.00030047 0.00033264 0.00217323 0.26649913 0.05321278 0.40699157 0.01819698 0.02206754 0.03773484 0.17357824 0.01823349
910.30343448 0.02215243 0.00107534 0.00028531 0.00092142 0.00252520 0.26926847 0.04981193 0.40399015 0.01554317 0.02336425 0.03926182 0.17516995 0.01878299
911.30376792 0.02215406 0.00113316 0.00028248 0.00077491 0.00350393 0.26678244 0.04990117 0.40569857 0.01472890 0.02474341 0.03727539 0.17515354 0.02002211
912.30410137 0.02244810 0.00088446 0.00025350 0.00067023 0.00437346 0.26942353 0.05204457 0.40597477 0.01505390 0.02441293 0.03507930 0.17326961 0.01855975
913.30443481 0.02228910 0.00115211 0.00023581 0.00094249 0.00468148 0.26760543 0.05028560 0.40533617 0.01472536 0.02490751 0.03725357 0.17444255 0.01843191
914.30476826 0.02191900 0.00062480 0.00027721 0.00031299 0.00236170 0.27119733 0.05245306 0.40597619 0.01490072 0.02515091 0.03640320 0.17230468 0.01803720
915.30510170 0.02141081 0.00060733 0.00030065 0.00041546 0.00156142 0.26677392 0.05185093 0.40889235 0.01630575 0.02593731 0.03654232 0.17253210 0.01828047
916.30543515 0.02184570 0.00074343 0.00033934 0.00041759 0.00267758 0.26922236 0.04922642 0.40556286 0.01569806 0.02510170 0.03774826 0.17377205 0.01949034
917.30576859 0.02265900 0.00110978 0.00030014 0.00094283 0.00367030 0.26689433 0.05074070 0.40744605 0.01591364 0.02446437 0.03697708 0.17341066 0.01813011
918.30610203 0.02340673 0.00100988 0.00020412 0.00073364 0.00463335 0.26914944 0.05242850 0.40486498 0.01553275 0.02179227 0.03682428 0.17356236 0.01926442
919.30643548 0.02342700 0.00095851 0.00020130 0.00080251 0.00417547 0.26613379 0.05200359 0.40617230 0.01602666 0.02129890 0.03860629 0.17404654 0.01957414
920.30676892 0.02343221 0.00091919 0.00017374 0.00052688 0.00306453 0.26823694 0.05402704 0.40414388 0.01789460 0.01995081 0.03853141 0.17318812 0.01934286
921.30710237 0.02303004 0.00073210 0.00022376 0.00058953 0.00177262 0.26684529 0.05240279 0.40598838 0.01513765 0.02091728 0.04078523 0.17575094 0.01885443
922.30743581 0.02290259 0.00141091 0.00022045 0.00102765 0.00206352 0.26770503 0.05491184 0.40481657 0.01620813 0.02099834 0.03801066 0.17206374 0.02056315
923.30776926 0.02298279 0.00087197 0.00022137 0.00081506 0.00281840 0.26604660 0.05489052 0.40543394 0.01612063 0.02165348 0.03821351 0.17405296 0.01886155
924.30810270 0.02348362 0.00075590 0.00021687 0.00054893 0.00188789 0.26768652 0.05314737 0.40665772 0.01580591 0.02219876 0.03886597 0.17273853 0.01948963
925.30843615 0.02302825 0.00109883 0.00027843 0.00101225 0.00290282 0.26424596 0.05262612 0.40525707 0.01751452 0.02395825 0.03718244 0.17336545 0.02055786
926.30876959 0.02287360 0.00095979 0.00028612 0.00114760 0.00522078 0.26346061 0.05186245 0.40600699 0.01502202 0.02388908 0.03913435 0.17209816 0.02091205
927.30910303 0.02204510 0.00057877 0.00031805 0.00028289 0.00044766 0.26395441 0.05351310 0.40825746 0.01485679 0.02612833 0.03540377 0.17695466 0.01930412
928.30943648 0.02210194 0.00057780 0.00031302 0.00033849 0.00066871 0.26583195 0.05191861 0.40943562 0.01558882 0.02496921 0.03851401 0.17417298 0.01767079
929.30976992 0.02250386 0.00064916 0.00029755 0.00020898 0.00057000 0.26461282 0.05053016 0.40972088 0.01676863 0.02417084 0.03720857 0.17669251 0.01856991
930.31010337 0.02249652 0.00102924 0.00025949 0.00059176 0.00104755 0.26811741 0.05029488 0.40954621 0.01693516 0.02296736 0.03795101 0.17370990 0.01755003
931.31043681 0.02252118 0.00072338 0.00023621 0.00051524 0.00324573 0.26474469 0.05156543 0.40804313 0.01578043 0.02233231 0.03935007 0.17543010 0.01803328
932.31077026 0.02258924 0.00048514 0.00021357 0.00021426 0.00040135 0.26645842 0.05318174 0.40857630 0.01693876 0.02187558 0.04042803 0.17379188 0.01743497
933.31110370 0.02243952 0.00050502 0.00022910 0.00019441 0.00043500 0.26561250 0.05382954 0.41090090 0.01755355 0.02232795 0.03793048 0.17305779 0.01742375
934.31143715 0.02216978 0.00065232 0.00025680 0.00036951 0.00178893 0.26552544 0.04941834 0.40813514 0.01618622 0.02426617 0.04023214 0.17530970 0.01785929
935.31177059 0.02115866 0.00059492 0.00032063 0.00019623 0.00050374 0.26565493 0.05220105 0.41045396 0.01677954 0.02575717 0.03518455 0.17518856 0.01716473
936.31210403 0.02128208 0.00043372 0.00026185 0.00017659 0.00041443 0.26758785 0.04848835 0.40982506 0.01382129 0.02642706 0.03903014 0.17573783 0.01779582
937.31243748 0.02165287 0.00062903 0.00023255 0.00020449 0.00047295 0.26775893 0.04975985 0.41017402 0.01786194 0.02571663 0.03480797 0.17560323 0.01677841
938.31277092 0.02133552 0.00057952 0.00037293 0.00015799 0.00050507 0.26872153 0.04826171 0.40975789 0.01610958 0.02636454 0.03609229 0.17587440 0.01720254
939.31310437 0.02073360 0.00092848 0.00033663 0.00070013 0.00266613 0.26472901 0.04940754 0.41090988 0.01503719 0.02654367 0.03657379 0.17544692 0.01672063
940.31343781 0.02025920 0.00075579 0.00029315 0.00029905 0.00319420 0.26616029 0.04964068 0.41240529 0.01580765 0.02521484 0.03545192 0.17366985 0.01710729
941.31377126 0.02056748 0.00072677 0.00034772 0.00039907 0.00272378 0.26574438 0.04680643 0.41255191 0.01485198 0.02461225 0.03762198 0.17699853 0.01661520
942.31410470 0.01940799 0.00075795 0.00028341 0.00045844 0.00296500 0.26674417 0.04648024 0.41765667 0.01617298 0.02364452 0.03432921 0.17391831 0.01658910
943.31443815 0.01939351 0.00113959 0.00036299 0.00084986 0.00280976 0.26298433 0.04652806 0.41612152 0.01768049 0.02321587 0.03563630 0.17583561 0.01683562
944.31477159 0.01913994 0.00067409 0.00029837 0.00060284 0.00454379 0.26413929 0.04678585 0.41538849 0.01556235 0.02230203 0.03773154 0.17508600 0.01688536
945.31510504 0.01990576 0.00073742 0.00027739 0.00047768 0.00351442 0.26310077 0.05003935 0.41487578 0.01679994 0.02088709 0.03640840 0.17543415 0.01744762
946.31543848 0.01932934 0.00084356 0.00031222 0.00052623 0.00360648 0.26237334 0.05017870 0.41268027 0.01609949 0.02250218 0.03867730 0.17493833 0.01726190
947.31577192 0.01908577 0.00066174 0.00037468 0.00050691 0.00346525 0.26147034 0.04838167 0.41453912 0.01586301 0.02431622 0.03691888 0.17648506 0.01701714
948.31610537 0.01777237 0.00099848 0.00025350 0.00057254 0.00388462 0.25974379 0.05050422 0.41419385 0.01832807 0.02299356 0.03600134 0.17446710 0.01805892
949.31643881 0.01779477 0.00087499 0.00031588 0.00049941 0.00301230 0.25920354 0.04619596 0.41700815 0.01507289 0.02382752 0.03838765 0.17767812 0.01792359
950.31677226 0.01780271 0.00070856 0.00031594 0.00047160 0.00386450 0.25659405 0.05143918 0.41895457 0.01670319 0.02414077 0.03524392 0.17437524 0.01718849
951.31710570 0.01764954 0.00129968 0.00029524 0.00100885 0.00456898 0.25374222 0.04988015 0.41764328 0.01494084 0.02428352 0.03760234 0.17614686 0.01858803
952.31743915 0.01710985 0.00087504 0.00028753 0.00051443 0.00326712 0.25647916 0.05010962 0.41677649 0.01712002 0.02387122 0.03749684 0.17586770 0.01733483
953.31777259 0.01675602 0.00088857 0.00029052 0.00053054 0.00270283 0.25506783 0.05131318 0.41883205 0.01776698 0.02427791 0.03604517 0.17455198 0.01773245
954.31810604 0.01635538 0.00068456 0.00029196 0.00040063 0.00162774 0.25662720 0.05031843 0.41612666 0.01595068 0.02305018 0.04006192 0.17680095 0.01805908
955.31843948 0.01648259 0.00064606 0.00036889 0.00032570 0.00133759 0.25197668 0.05345187 0.41845795 0.01696109 0.02550955 0.03787346 0.17515318 0.01793800
956.31877292 0.01642845 0.00077600 0.00026634 0.00030775 0.00076397 0.25185903 0.05294886 0.41768315 0.01679008 0.02540356 0.03989461 0.17431356 0.01899309
957.31910637 0.01677555 0.00063122 0.00022025 0.00034642 0.00075687 0.25027494 0.05554853 0.41592076 0.01698767 0.02511979 0.03978452 0.17520056 0.01920846
958.31943981 0.01678495 0.00104520 0.00019062 0.00047253 0.00196860 0.24783667 0.05433154 0.41826233 0.01819746 0.02438921 0.04152315 0.17275407 0.01902862
959.31977326 0.01660319 0.00082495 0.00018750 0.00049954 0.00206078 0.24845383 0.05367248 0.41357099 0.01896821 0.02446998 0.04097357 0.17507087 0.02124730
960.32010670 0.01630364 0.00125190 0.00018894 0.00100638 0.00249098 0.24661262 0.05487269 0.41609644 0.01844605 0.02460480 0.04338107 0.17165809 0.01939003
961.32044015 0.01592968 0.00104468 0.00020680 0.00070908 0.00409279 0.24708618 0.05462566 0.41564085 0.01846975 0.02535637 0.03837234 0.17413065 0.02026485
962.32077359 0.01555919 0.00086946 0.00026881 0.00055490 0.00370580 0.25100684 0.05144141 0.41555316 0.01632495 0.02616210 0.04178740 0.17363556 0.01868962
963.32110704 0.01534802 0.00081625 0.00026793 0.00050506 0.00330259 0.24793963 0.05758674 0.41524283 0.01824106 0.02871228 0.03533544 0.17383238 0.01821781
964.32144048 0.01523349 0.00068304 0.00029673 0.00021896 0.00074381 0.25162050 0.05045278 0.41628304 0.01656499 0.02860592 0.04319668 0.17287590 0.01845764
965.32177392 0.01548010 0.00104545 0.00025028 0.00071879 0.00433101 0.24934298 0.04971963 0.41482735 0.01898235 0.02824355 0.03800829 0.17597783 0.01855250
966.32210737 0.01525217 0.00093257 0.00023958 0.00055000 0.00219803 0.25239875 0.04969272 0.41597215 0.01879669 0.02707586 0.03835800 0.17505429 0.01873136
967.32244081 0.01505835 0.00074040 0.00027778 0.00045470 0.00173615 0.25210633 0.04911439 0.41667468 0.01716436 0.02722438 0.04046348 0.17583850 0.01820484
968.32277426 0.01427069 0.00065821 0.00024337 0.00051659 0.00169752 0.25311942 0.05088953 0.42006617 0.01779916 0.02604343 0.03547183 0.17581103 0.01768374
969.32310770 0.01441370 0.00050761 0.00024085 0.00031102 0.00109838 0.25378634 0.04822273 0.41944362 0.01710862 0.02610526 0.03916545 0.17613064 0.01787947
970.32344115 0.01431620 0.00049757 0.00022133 0.00021106 0.00042360 0.25612683 0.04763897 0.42042050 0.01717147 0.02552813 0.03967364 0.17524283 0.01684407
971.32377459 0.01389437 0.00088084 0.00022853 0.00055516 0.00129360 0.25689497 0.04985306 0.41963478 0.01796908 0.02505352 0.03567459 0.17453177 0.01743009
972.32410804 0.01388496 0.00055215 0.00019225 0.00041907 0.00136991 0.25869924 0.04844944 0.41901946 0.01613903 0.02448964 0.03956856 0.17430106 0.01680020
973.32444148 0.01367636 0.00090320 0.00021992 0.00065237 0.00143177 0.25406704 0.04908080 0.42066395 0.01743125 0.02484556 0.03744512 0.17564897 0.01761005
974.32477492 0.01348983 0.00048051 0.00022230 0.00018957 0.00045821 0.25612668 0.05011146 0.41999337 0.01680620 0.02618928 0.03720259 0.17530325 0.01691657
975.32510837 0.01325666 0.00042122 0.00023277 0.00016610 0.00035818 0.25573216 0.04710556 0.42021243 0.01574907 0.02651627 0.03934705 0.17692024 0.01723895
976.32544181 0.01316089 0.00090329 0.00032737 0.00052504 0.00119594 0.25407214 0.05078550 0.42070149 0.01771023 0.02718624 0.03397568 0.17604277 0.01657431
977.32577526 0.01325651 0.00055162 0.00035023 0.00039044 0.00139692 0.25180034 0.04717491 0.42051341 0.01573519 0.02652981 0.03900436 0.17967735 0.01687541
978.32610870 0.01212819 0.00056490 0.00032068 0.00046412 0.00071560 0.25240798 0.04968042 0.42283898 0.01713708 0.02403650 0.03622795 0.17595256 0.01965324
979.32644215 0.01275655 0.00111612 0.00024110 0.00086919 0.00294235 0.24635504 0.05082439 0.42356759 0.01734322 0.02326607 0.03916657 0.17526822 0.01904013
980.32677559 0.01325216 0.00056140 0.00025886 0.00052921 0.00188799 0.24853645 0.05089568 0.42407448 0.01601714 0.02434560 0.03904815 0.17517092 0.01867413
981.32710904 0.01330553 0.00054600 0.00022895 0.00041568 0.00061167 0.24777126 0.05288632 0.42719617 0.01683234 0.02405966 0.03844926 0.17258517 0.01841751
982.32744248 0.01316404 0.00047046 0.00022139 0.00019644 0.00043671 0.24796023 0.05037235 0.42718489 0.01652545 0.02466262 0.03868163 0.17488656 0.01840126
983.32777593 0.01331184 0.00107970 0.00018336 0.00085800 0.00384484 0.24574873 0.05093351 0.42506754 0.01754681 0.02346566 0.03859494 0.17496082 0.01771610
984.32810937 0.01283009 0.00083836 0.00017518 0.00070099 0.00372428 0.24472956 0.05188638 0.42356190 0.01760394 0.02331814 0.03922265 0.17532415 0.01891445
985.32844281 0.01241012 0.00063974 0.00021103 0.00067830 0.00196542 0.24626510 0.05162545 0.42134286 0.01659341 0.02370898 0.03938914 0.17681120 0.02076937
986.32877626 0.01177120 0.00074254 0.00020178 0.00066445 0.00350979 0.24397439 0.05245311 0.42243521 0.01681222 0.02382193 0.03926820 0.17705361 0.01906277
987.32910970 0.01094947 0.00078087 0.00024108 0.00072519 0.00321396 0.24453123 0.05251323 0.42007949 0.01653582 0.02459829 0.03758156 0.17844954 0.02074973
988.32944315 0.01049518 0.00170690 0.00024165 0.00157205 0.00180712 0.24603099 0.05151733 0.42301173 0.01804142 0.02335299 0.03894639 0.17553495 0.01823648
989.32977659 0.01038882 0.00110227 0.00025081 0.00061864 0.00180490 0.24669573 0.05443424 0.42269034 0.01741592 0.02355600 0.03636775 0.17514907 0.01991433
990.33011004 0.01045073 0.00093395 0.00025023 0.00072852 0.00195354 0.24665571 0.05069464 0.42203892 0.01645521 0.02275126 0.04176561 0.17614179 0.01963062
991.33044348 0.01037450 0.00206869 0.00021343 0.00149849 0.00442887 0.24260126 0.05099414 0.42417591 0.02283988 0.02117542 0.03721689 0.17291160 0.01987542
992.33077693 0.01041855 0.00159165 0.00020141 0.00094275 0.00617173 0.24516503 0.04896446 0.42400423 0.02026777 0.01820757 0.04157188 0.17296262 0.01994890
993.33111037 0.01064189 0.00119459 0.00019170 0.00090108 0.00576056 0.24314225 0.05306746 0.42484379 0.01929601 0.01873608 0.03894470 0.17399310 0.01992869
994.33144381 0.01102814 0.00086856 0.00027430 0.00064791 0.00338109 0.24417380 0.05355787 0.42653035 0.01607197 0.02132252 0.03941140 0.17453176 0.01922847
995.33177726 0.01098352 0.00109012 0.00019212 0.00052915 0.00289815 0.24555572 0.05369959 0.42408972 0.01726808 0.02305541 0.03585860 0.17717161 0.01859172
996.33211070 0.01082678 0.00099226 0.00017210 0.00069514 0.00301875 0.24624321 0.05254851 0.42496458 0.01529727 0.02371421 0.03679760 0.17640634 0.01915004
997.33244415 0.01088085 0.00055915 0.00021144 0.00034170 0.00055306 0.24612640 0.05052542 0.42527975 0.01358507 0.02844473 0.03507622 0.17907031 0.02022676
998.33277759 0.01060565 0.00072801 0.00020428 0.00112875 0.00107813 0.24774909 0.05069030 0.42385129 0.01359653 0.02769922 0.03534194 0.17633178 0.02160069
999.33311104 0.01037858 0.00057132 0.00023728 0.00063590 0.00069302 0.24582138 0.05283628 0.42682956 0.01298616 0.02702591 0.03574433 0.17633058 0.02028828
1000.33344448 0.01047549 0.00070546 0.00022841 0.00065779 0.00200387 0.25029637 0.05288730 0.42585734 0.01429289 0.02281003 0.03415029 0.17430352 0.02180673
1001.33377793 0.00999127 0.00047677 0.00023631 0.00040780 0.00058852 0.24777820 0.05311441 0.42890464 0.01485484 0.02028992 0.03854334 0.17603270 0.01877256
1002.33411137 0.00994841 0.00062269 0.00020678 0.00036979 0.00074502 0.25072495 0.05199456 0.42717849 0.01726873 0.01691353 0.03754068 0.17479626 0.02163851
1003.33444481 0.01009230 0.00139794 0.00021199 0.00093662 0.00130389 0.24663808 0.05166045 0.42538738 0.01995642 0.01640002 0.04291743 0.17497199 0.01821779
1004.33477826 0.01025398 0.00076629 0.00020240 0.00033650 0.00077290 0.24735170 0.05448110 0.42327414 0.01977011 0.01719924 0.04074006 0.17546540 0.01964016
1005.33511170 0.01006589 0.00057756 0.00027429 0.00024160 0.00049460 0.24838532 0.05297537 0.42296938 0.01866029 0.01918165 0.04114344 0.17682817 0.01826833
1006.33544515 0.00993392 0.00073394 0.00023988 0.00048208 0.00141920 0.24861510 0.05445217 0.42295859 0.01764322 0.02057863 0.03895815 0.17615549 0.01776354
1007.33577859 0.00992484 0.00056187 0.00023215 0.00022948 0.00043503 0.24616451 0.05398248 0.42640981 0.01694394 0.02315887 0.03746287 0.17620108 0.01821790
1008.33611204 0.00999135 0.00093580 0.00028795 0.00084498 0.00257086 0.24662880 0.04956463 0.42490789 0.01518080 0.02653171 0.03738078 0.17603246 0.01913334
1009.33644548 0.00992377 0.00060204 0.00028081 0.00027774 0.00296892 0.24421610 0.04943917 0.43062713 0.01444017 0.02908814 0.03493840 0.17474677 0.01837461
1010.33677893 0.00973385 0.00071109 0.00026431 0.00042506 0.00157015 0.24701015 0.04971835 0.42962742 0.01387320 0.02905916 0.03539327 0.17343943 0.01890841
1011.33711237 0.00971572 0.00087347 0.00032894 0.00063083 0.00272298 0.24215013 0.05016643 0.42842364 0.01398522 0.03138048 0.03428011 0.17695003 0.01810775
1012.33744582 0.00999718 0.00121279 0.00039322 0.00099564 0.00476100 0.24391489 0.05066484 0.42827398 0.01367163 0.02840554 0.03550088 0.17459283 0.01761276
1013.33777926 0.01027554 0.00104609 0.00029333 0.00079148 0.00327344 0.24390587 0.05264832 0.42509937 0.01534617 0.02528287 0.03586262 0.17883322 0.01761723
1014.33811270 0.01061710 0.00087609 0.00022919 0.00081612 0.00356130 0.24255381 0.04996364 0.42717700 0.01770092 0.02176684 0.03981450 0.17742570 0.01811490
1015.33844615 0.01044782 0.00066418 0.00018362 0.00028566 0.00181303 0.24189948 0.05105765 0.42760080 0.01972278 0.01942077 0.04053857 0.17900798 0.01780548
1016.33877959 0.01026684 0.00129021 0.00023476 0.00100729 0.00251879 0.24037332 0.04994481 0.42889505 0.01815852 0.02003035 0.04144173 0.17822687 0.01787830
1017.33911304 0.01025232 0.00090184 0.00024142 0.00051038 0.00253147 0.24035902 0.05269863 0.43126159 0.01862476 0.01996505 0.03925139 0.17573904 0.01791540
1018.33944648 0.01024464 0.00090819 0.00026175 0.00065975 0.00298414 0.24093527 0.05063024 0.43023429 0.01648158 0.02215300 0.04017945 0.17723517 0.01733718
1019.33977993 0.01027600 0.00063083 0.00022868 0.00018577 0.00043361 0.23899458 0.05354705 0.43383149 0.01796885 0.02390862 0.03760085 0.17515096 0.01751870
1020.34011337 0.01014582 0.00067227 0.00020920 0.00043851 0.00171021 0.23814566 0.05227799 0.43300327 0.01662452 0.02337064 0.03844097 0.17539713 0.01970962
1021.34044682 0.00977683 0.00096793 0.00024844 0.00059249 0.00144990 0.23741793 0.05235876 0.43430609 0.01650724 0.02343496 0.03702047 0.17662182 0.01907398
1022.34078026 0.00930944 0.00081646 0.00029958 0.00047476 0.00164789 0.23752515 0.05226146 0.43582293 0.01463278 0.02262129 0.03739384 0.17731419 0.01918967
1023.34111370 0.00915746 0.00056635 0.00033397 0.00048293 0.00173326 0.23538223 0.05022375 0.43673623 0.01427184 0.02307273 0.03555868 0.18046618 0.02117184
1024.34144715 0.00947774 0.00061968 0.00043107 0.00046300 0.00080929 0.23578006 0.05033955 0.43637428 0.01548792 0.02458707 0.03810486 0.17962331 0.01737992
1025.34178059 0.00983502 0.00067447 0.00031350 0.00032114 0.00076309 0.23764366 0.04953411 0.43666077 0.01675171 0.02424003 0.03537626 0.17906773 0.01865352
1026.34211404 0.00965141 0.00096627 0.00027781 0.00078031 0.00138599 0.23819344 0.04994223 0.43416425 0.01707110 0.02350104 0.03576375 0.18072302 0.01723081
1027.34244748 0.00940406 0.00107644 0.00030663 0.00101085 0.00259003 0.23925795 0.04788231 0.43807406 0.01620697 0.02350755 0.03564795 0.17707301 0.01736625
1028.34278093 0.00950771 0.00066510 0.00025169 0.00026282 0.00065917 0.23792148 0.05020628 0.43888566 0.01719322 0.02299632 0.03658901 0.17699601 0.01737324
1029.34311437 0.00969086 0.00104975 0.00022321 0.00080061 0.00247919 0.23834102 0.04770619 0.43614099 0.01724865 0.02215441 0.03967958 0.17655045 0.01762593
1030.34344782 0.00955598 0.00062803 0.00027726 0.00018355 0.00050870 0.23790188 0.04942192 0.43810759 0.01889926 0.02371694 0.03721168 0.17554110 0.01760212
1031.34378126 0.00870883 0.00091397 0.00024225 0.00021514 0.00068315 0.23888422 0.04832356 0.43583557 0.01760999 0.02352204 0.03943791 0.17725767 0.01707453
1032.34411470 0.00970266 0.00075523 0.00023178 0.00023119 0.00069343 0.23903840 0.04918903 0.43526361 0.01770059 0.02279738 0.03677073 0.17947687 0.01785175
1033.34444815 0.00984816 0.00066809 0.00022694 0.00025434 0.00229262 0.23773341 0.04786350 0.43700674 0.01781723 0.02477867 0.03537076 0.17977496 0.01621274
1034.34478159 0.01090826 0.00098571 0.00034640 0.00061368 0.00364779 0.23958524 0.04383642 0.43750161 0.01428909 0.02618118 0.03457479 0.18076590 0.01767219
1035.34511504 0.01060410 0.00077691 0.00025391 0.00052823 0.00384926 0.23861824 0.04587930 0.44064485 0.01580739 0.02594816 0.03197805 0.17975241 0.01596329
1036.34544848 0.01044690 0.00079850 0.00023505 0.00067069 0.00286132 0.24102948 0.04498035 0.43926359 0.01538768 0.02552547 0.03262286 0.17982814 0.01679687
1037.34578193 0.01038145 0.00125367 0.00040778 0.00115315 0.00317450 0.23729486 0.04461814 0.44199206 0.01549886 0.02550708 0.03502996 0.17681262 0.01725733
1038.34611537 0.01040682 0.00063811 0.00024380 0.00045979 0.00168796 0.23747966 0.04772925 0.44088508 0.01652794 0.02491989 0.03491075 0.17699183 0.01752594
1039.34644882 0.01037181 0.00084536 0.00028127 0.00045954 0.00335445 0.23665843 0.04590365 0.44000024 0.01703979 0.02376087 0.03581976 0.17818269 0.01769394
1040.34678226 0.00986280 0.00129082 0.00027696 0.00111745 0.00588752 0.23473871 0.04528517 0.44180548 0.01569738 0.02418981 0.03500579 0.17804039 0.01666453
1041.34711571 0.00971265 0.00092277 0.00028147 0.00066244 0.00435333 0.23502380 0.04565154 0.43896310 0.01768914 0.02210701 0.03452607 0.18070699 0.01911232
1042.34744915 0.00953435 0.00125626 0.00025435 0.00112307 0.00393925 0.23524511 0.04517638 0.44019754 0.01666099 0.02162140 0.03714593 0.18045541 0.01692431
1043.34778259 0.00941063 0.00060543 0.00029045 0.00041103 0.00212486 0.23396648 0.04754623 0.44031140 0.01721327 0.02200785 0.03521008 0.18241587 0.01789705
1044.34811604 0.00958975 0.00113201 0.00026886 0.00058085 0.00515667 0.23458366 0.04788140 0.43627198 0.01894234 0.02190929 0.03771322 0.17807235 0.01748738
1045.34844948 0.00985556 0.00111921 0.00025378 0.00073370 0.00509427 0.23233152 0.04693758 0.43505536 0.01804762 0.02143758 0.03943659 0.17834470 0.02120810
1046.34878293 0.01025246 0.00120154 0.00022401 0.00093659 0.00366161 0.23450149 0.05294247 0.43568298 0.01694235 0.02305622 0.03574632 0.17632650 0.01877792
1047.34911637 0.01051948 0.00073951 0.00027730 0.00041102 0.00144865 0.23433652 0.04946192 0.43854795 0.01458329 0.02574182 0.03802013 0.17647596 0.01995592
1048.34944982 0.00990145 0.00095604 0.00025217 0.00065209 0.00479530 0.23502467 0.04896885 0.43793999 0.01606732 0.02490596 0.03530342 0.17567497 0.01945922
1049.34978326 0.00955984 0.00095796 0.00025445 0.00073500 0.00424391 0.23613368 0.05005501 0.43798578 0.01611262 0.02511672 0.03410485 0.17661020 0.01768981
1050.35011671 0.00986179 0.00112546 0.00026218 0.00106199 0.00396511 0.23490961 0.05017491 0.43733047 0.01376721 0.02473543 0.03599420 0.17702341 0.01965002
1051.35045015 0.00968351 0.00073153 0.00029060 0.00043752 0.00245910 0.23604687 0.05279688 0.43700392 0.01404192 0.02434565 0.03515853 0.17823862 0.01844887
1052.35078359 0.00951105 0.00074255 0.00022444 0.00040993 0.00297151 0.23670335 0.05141457 0.43546880 0.01494896 0.02302467 0.03630083 0.17928794 0.01850245
1053.35111704 0.00939673 0.00101699 0.00023418 0.00059046 0.00332763 0.23482414 0.04997934 0.43915696 0.01646486 0.02161919 0.03557313 0.17971888 0.01749424
1054.35145048 0.00949375 0.00106339 0.00019553 0.00065248 0.00404268 0.23614346 0.05014014 0.43824114 0.01633102 0.01979723 0.03631428 0.17912068 0.01795795
1055.35178393 0.00936508 0.00112845 0.00018309 0.00094412 0.00410252 0.23508138 0.05205015 0.43908569 0.01540583 0.01914015 0.03710022 0.17686593 0.01891248
1056.35211737 0.01048100 0.00073022 0.00021668 0.00053243 0.00437859 0.23836322 0.05164777 0.43846760 0.01487236 0.01884907 0.03719086 0.17649647 0.01825474
1057.35245082 0.00972408 0.00071242 0.00019577 0.00072168 0.00327480 0.23493923 0.05148263 0.43946240 0.01644049 0.01953743 0.03737380 0.17637411 0.01948524
1058.35278426 0.01009904 0.00065546 0.00022255 0.00048570 0.00248266 0.23870884 0.05103637 0.43843515 0.01602636 0.01918954 0.03645055 0.17748447 0.01882234
1059.35311771 0.01025468 0.00079809 0.00020970 0.00050877 0.00168644 0.23492334 0.05133917 0.43945357 0.01586943 0.02025623 0.03609842 0.17822119 0.02063566
1060.35345115 0.01016481 0.00062648 0.00022840 0.00021816 0.00194652 0.23677088 0.05251415 0.43885190 0.01463993 0.02047394 0.03660075 0.17823377 0.01889512
1061.35378459 0.01025995 0.00099389 0.00019318 0.00073431 0.00208286 0.23602986 0.05174145 0.43871272 0.01491847 0.02087857 0.03556328 0.17980745 0.01834396
1062.35411804 0.01041257 0.00088862 0.00021174 0.00078266 0.00388587 0.23288472 0.05095711 0.43923684 0.01549470 0.02173031 0.03566085 0.17849278 0.01977380
1063.35445148 0.01049437 0.00089788 0.00018698 0.00073083 0.00387489 0.23311240 0.05313810 0.44002859 0.01578948 0.02159993 0.03436206 0.17791267 0.01836619
1064.35478493 0.01021544 0.00055596 0.00021890 0.00024461 0.00050820 0.23323182 0.05189589 0.44253838 0.01392388 0.02256797 0.03739289 0.17809478 0.01882672
1065.35511837 0.01003730 0.00049598 0.00021686 0.00027901 0.00054525 0.23295369 0.05301758 0.44311884 0.01438226 0.02270851 0.03595972 0.17802848 0.01829381
1066.35545182 0.01029507 0.00076098 0.00026359 0.00075497 0.00131963 0.23454041 0.05012355 0.44360798 0.01460197 0.02103013 0.03649897 0.17785729 0.01864051
1067.35578526 0.01023041 0.00054628 0.00024372 0.00072548 0.00222672 0.23407860 0.05038125 0.44091267 0.01433238 0.02127060 0.03600776 0.17723220 0.02204234
1068.35611871 0.00950667 0.00055079 0.00034786 0.00074226 0.00073036 0.23348441 0.05334949 0.44188050 0.01456298 0.02271454 0.03541709 0.17640109 0.01981865
1069.35645215 0.00920063 0.00058883 0.00035145 0.00037446 0.00066131 0.23262205 0.05192724 0.43875540 0.01379790 0.02452903 0.03590159 0.18114637 0.01934436
1070.35678560 0.00941948 0.00048563 0.00041797 0.00037623 0.00058913 0.23675054 0.05125162 0.44044695 0.01398992 0.02265525 0.03493628 0.17959524 0.01850524
1071.35711904 0.00992866 0.00062026 0.00033071 0.00051425 0.00167459 0.23693367 0.05048003 0.43966165 0.01353404 0.02061900 0.03496639 0.18120554 0.01945987
1072.35745248 0.01038260 0.00086021 0.00019314 0.00059781 0.00193727 0.23772839 0.05134301 0.43893009 0.01447643 0.01958558 0.03618876 0.17981572 0.01834358
1073.35778593 0.01048876 0.00053859 0.00017380 0.00020903 0.00228695 0.23609109 0.05260840 0.44081745 0.01447913 0.01930052 0.03681117 0.17752305 0.01916084
1074.35811937 0.01023443 0.00144769 0.00031447 0.00126675 0.00439831 0.23371787 0.05232843 0.43877214 0.01402495 0.01944147 0.03728146 0.17777472 0.01923174
1075.35845282 0.01000465 0.00074668 0.00024279 0.00075278 0.00369230 0.23393094 0.05357866 0.44066374 0.01517538 0.01954522 0.03587861 0.17567512 0.02011777
1076.35878626 0.00985633 0.00075555 0.00021539 0.00070948 0.00376251 0.23380425 0.05469614 0.44097837 0.01484061 0.01932877 0.03643641 0.17548997 0.01898253
1077.35911971 0.00997184 0.00086626 0.00021178 0.00066352 0.00209091 0.23281843 0.05446689 0.44094929 0.01463037 0.01946809 0.03725929 0.17733555 0.01923962
1078.35945315 0.00999562 0.00065422 0.00028042 0.00042514 0.00155885 0.23227231 0.05572498 0.44153577 0.01358170 0.01940998 0.03632809 0.17862815 0.01960039
1079.35978660 0.00980223 0.00054862 0.00026674 0.00037357 0.00120513 0.23193588 0.05390464 0.44298732 0.01339056 0.01983354 0.03664898 0.17898656 0.01991848
1080.36012004 0.00947334 0.00085819 0.00022067 0.00048270 0.00419202 0.22984849 0.05315450 0.44043340 0.01581012 0.01831300 0.03752976 0.18006610 0.01909107
1081.36045348 0.00920399 0.00096667 0.00023345 0.00065438 0.00604916 0.22961052 0.05228044 0.44237892 0.01504887 0.01910382 0.03480642 0.17976915 0.01909819
1082.36078693 0.00890830 0.00099277 0.00026194 0.00062446 0.00498848 0.23238659 0.05163338 0.44210353 0.01351341 0.01911575 0.03580413 0.17788740 0.02068817
1083.36112037 0.00890407 0.00081384 0.00036051 0.00066087 0.00367104 0.22961389 0.05326074 0.44487889 0.01299772 0.02091974 0.03444393 0.17857650 0.01980232
1084.36145382 0.00914968 0.00121684 0.00022886 0.00132467 0.00657491 0.23033721 0.05182910 0.44563116 0.01321043 0.01798102 0.03486250 0.17660972 0.02019357
1085.36178726 0.00977777 0.00169525 0.00021179 0.00178034 0.00580212 0.22816672 0.05291689 0.44415183 0.01381283 0.01783660 0.03560770 0.17625890 0.02175902
1086.36212071 0.01003016 0.00116652 0.00016017 0.00117363 0.00562517 0.22697975 0.05524883 0.44415656 0.01532545 0.01607813 0.03655434 0.17578931 0.02174213
1087.36245415 0.00982322 0.00085106 0.00024108 0.00080123 0.00543593 0.22836970 0.05311687 0.44483830 0.01457068 0.01692015 0.03701919 0.17746061 0.02037519
1088.36278760 0.00959881 0.00109186 0.00022216 0.00095691 0.00537609 0.22569752 0.05222633 0.44660187 0.01373841 0.01686165 0.03624652 0.17972598 0.02125470
1089.36312104 0.00961802 0.00103930 0.00021179 0.00084666 0.00694538 0.22524513 0.05368446 0.44880649 0.01402953 0.01752019 0.03356203 0.17901905 0.01908998
1090.36345448 0.00968421 0.00115229 0.00025321 0.00091877 0.00478742 0.22600527 0.05136069 0.44904362 0.01179031 0.01830724 0.03552299 0.18038881 0.02046940
1091.36378793 0.00956828 0.00086899 0.00019311 0.00068864 0.00372117 0.22247795 0.05542866 0.44992867 0.01429470 0.01846589 0.03441281 0.18037753 0.01914187
1092.36412137 0.00923304 0.00130859 0.00023471 0.00115035 0.00286516 0.21835619 0.05526840 0.45507551 0.01339772 0.01812399 0.03611816 0.17805775 0.02004349
1093.36445482 0.00828600 0.00098335 0.00025397 0.00062223 0.00371054 0.21937488 0.05401118 0.45491768 0.01357433 0.01807151 0.03599213 0.17977917 0.01870902
1094.36478826 0.00845419 0.00065545 0.00034523 0.00034234 0.00169291 0.22182471 0.05176619 0.45741106 0.01442475 0.01890332 0.03425904 0.17962226 0.01875274
1095.36512171 0.00845655 0.00056570 0.00030456 0.00028098 0.00140809 0.22402175 0.05111010 0.45650627 0.01315626 0.02105133 0.03351810 0.17940054 0.01867632
1096.36545515 0.00808080 0.00056645 0.00040016 0.00038964 0.00156992 0.22297637 0.05079418 0.45611237 0.01184911 0.02240601 0.03326491 0.18144186 0.01822901
1097.36578860 0.00839941 0.00043687 0.00025180 0.00024671 0.00056325 0.22326817 0.05262310 0.45498368 0.01227713 0.02257846 0.03314856 0.18068923 0.01893303
1098.36612204 0.00876955 0.00094459 0.00025451 0.00079050 0.00120974 0.22123252 0.05021946 0.45536649 0.01207347 0.02203123 0.03624451 0.18178893 0.01784405
1099.36645549 0.00903807 0.00053199 0.00021021 0.00024524 0.00064274 0.22224135 0.05311383 0.45353572 0.01385338 0.02014190 0.03383685 0.18204021 0.01960657
1100.36678893 0.00920498 0.00056579 0.00020189 0.00038566 0.00067979 0.22344216 0.05048517 0.45593836 0.01386665 0.01954932 0.03598102 0.18016087 0.01874331
1101.36712237 0.00909326 0.00047006 0.00021839 0.00024520 0.00041125 0.22802217 0.04977435 0.45289879 0.01490908 0.01869051 0.03564621 0.18098072 0.01773326
1102.36745582 0.00891821 0.00045156 0.00019759 0.00018291 0.00037404 0.22807628 0.05019735 0.45419085 0.01505931 0.01781867 0.03553339 0.18054991 0.01736812
1103.36778926 0.00872823 0.00039827 0.00019384 0.00016252 0.00036273 0.22760236 0.05022544 0.45739922 0.01414982 0.01782259 0.03610161 0.17824519 0.01733641
1104.36812271 0.00840035 0.00051844 0.00020655 0.00016437 0.00043532 0.22841124 0.04922451 0.45585113 0.01444891 0.01819618 0.03423283 0.18110777 0.01720274
1105.36845615 0.00781551 0.00056517 0.00019269 0.00021056 0.00169050 0.22924416 0.04799426 0.45587174 0.01339797 0.01794753 0.03481673 0.17991241 0.01815630
1106.36878960 0.00746185 0.00054487 0.00023192 0.00036687 0.00312644 0.22568477 0.04961342 0.45699259 0.01287726 0.01951895 0.03194677 0.18167399 0.01742215
1107.36912304 0.00703982 0.00042659 0.00032204 0.00033024 0.00138946 0.23006876 0.04712822 0.45541461 0.01159054 0.02235343 0.03158923 0.18267036 0.01671652
1108.36945649 0.00681720 0.00061835 0.00030481 0.00050102 0.00371225 0.23079258 0.04599724 0.45297555 0.01104430 0.02228489 0.03064369 0.18400411 0.01712122
1109.36978993 0.00712811 0.00075068 0.00035492 0.00062081 0.00344683 0.23177450 0.04470193 0.45444183 0.01152925 0.02205156 0.02994308 0.18354455 0.01684006
1110.37012337 0.00756377 0.00070273 0.00026340 0.00046476 0.00332864 0.23086551 0.04582187 0.45650956 0.01154032 0.02070260 0.03098117 0.18152443 0.01729500
1111.37045682 0.00792110 0.00046087 0.00022785 0.00026962 0.00100021 0.23101537 0.04750342 0.45653174 0.01214300 0.01898076 0.03287209 0.18232673 0.01666834
1112.37079026 0.00803129 0.00044251 0.00017671 0.00017295 0.00066277 0.23010200 0.04844507 0.45879144 0.01329679 0.01730642 0.03312252 0.18023344 0.01724738
1113.37112371 0.00838067 0.00063693 0.00016055 0.00043613 0.00136177 0.22992977 0.04658608 0.45675225 0.01362351 0.01627892 0.03562071 0.18158025 0.01703310
1114.37145715 0.00844882 0.00052101 0.00015972 0.00030642 0.00353264 0.22889617 0.04685318 0.45926387 0.01444921 0.01505721 0.03321003 0.18075550 0.01699503
1115.37179060 0.00791268 0.00118881 0.00015925 0.00094049 0.00386131 0.22891357 0.04672804 0.45570113 0.01406229 0.01417100 0.03417969 0.18175181 0.01834261
1116.37212404 0.00748571 0.00111149 0.00016764 0.00100109 0.00427686 0.22940476 0.04771719 0.45398989 0.01241779 0.01487496 0.03430551 0.18306369 0.01766912
1117.37245749 0.00731251 0.00067973 0.00017494 0.00054954 0.00213913 0.22590731 0.04976508 0.45661086 0.01505777 0.01646875 0.03224997 0.18290124 0.01749568
1118.37279093 0.00733440 0.00106547 0.00020663 0.00094136 0.00518088 0.22691716 0.04799620 0.45280353 0.01240998 0.01765407 0.03369256 0.18171755 0.01941459
1119.37312437 0.00677213 0.00069335 0.00019852 0.00048741 0.00334239 0.22508538 0.05236633 0.45238966 0.01186326 0.01765602 0.03424862 0.18168835 0.01998070
1120.37345782 0.00649454 0.00118152 0.00034329 0.00110709 0.00414875 0.22467970 0.05264353 0.45379957 0.01299110 0.02008558 0.03139695 0.17915054 0.01847239
1121.37379126 0.00658089 0.00073951 0.00026197 0.00041504 0.00141321 0.22571296 0.04956450 0.45266386 0.01356648 0.02131123 0.03374222 0.18069471 0.01991431
1122.37412471 0.00720231 0.00089701 0.00022822 0.00041619 0.00314468 0.22677214 0.04904317 0.45236344 0.01353248 0.02039121 0.03445116 0.18060481 0.01815548
1123.37445815 0.00799049 0.00114148 0.00027537 0.00084098 0.00254184 0.22537877 0.04938942 0.45367097 0.01370405 0.01857208 0.03442412 0.18025395 0.01980696
1124.37479160 0.00827703 0.00077957 0.00020158 0.00032587 0.00077288 0.22568782 0.05081850 0.44999450 0.01524556 0.01890233 0.03573829 0.18354422 0.01798888
1125.37512504 0.00883160 0.00072073 0.00027450 0.00056184 0.00192198 0.22605106 0.05198916 0.45397714 0.01438831 0.01879576 0.03374500 0.17927326 0.01830128
1126.37545849 0.00898486 0.00071797 0.00021645 0.00047387 0.00299386 0.22535290 0.05003515 0.45279243 0.01500091 0.01771593 0.03521994 0.18161701 0.01786358
1127.37579193 0.00938098 0.00117047 0.00017267 0.00105829 0.00525175 0.22604905 0.04861535 0.45300647 0.01423240 0.01879370 0.03364455 0.18077012 0.01723518
1128.37612538 0.00913493 0.00122986 0.00023381 0.00126550 0.00381271 0.22499365 0.04795281 0.45931698 0.01325828 0.01868581 0.03292565 0.17848156 0.01784341
1129.37645882 0.00905747 0.00058899 0.00030615 0.00032470 0.00130982 0.22824626 0.04760947 0.45548734 0.01384118 0.01900869 0.03403748 0.18169900 0.01754092
1130.37679226 0.00848748 0.00069840 0.00025771 0.00038498 0.00137448 0.22802318 0.04703010 0.45786066 0.01340073 0.01913366 0.03385135 0.18076222 0.01722254
1131.37712571 0.00804467 0.00079896 0.00022874 0.00060018 0.00268799 0.22991118 0.04703274 0.45624533 0.01238625 0.01873875 0.03288300 0.18045464 0.01803225
1132.37745915 0.00793192 0.00043009 0.00025441 0.00038951 0.00145760 0.22936900 0.04860530 0.45609525 0.01256024 0.01880487 0.03183624 0.18352836 0.01666911
1133.37779260 0.00784924 0.00105422 0.00030819 0.00080641 0.00197486 0.22765513 0.04912314 0.45620287 0.01382352 0.01916784 0.03152316 0.18122132 0.01713935
1134.37812604 0.00741329 0.00084030 0.00028366 0.00061874 0.00238681 0.22756870 0.04738716 0.45475574 0.01346570 0.01841997 0.03359712 0.18334599 0.01733013
1135.37845949 0.00731257 0.00121459 0.00023321 0.00108001 0.00462486 0.22548792 0.04758924 0.45461250 0.01354645 0.01852652 0.03316825 0.18213474 0.01778170
1136.37879293 0.00760071 0.00114785 0.00017930 0.00079160 0.00587054 0.22323376 0.04648707 0.45580682 0.01507748 0.01787187 0.03459420 0.18018383 0.01875568
1137.37912638 0.00704425 0.00105138 0.00017481 0.00083621 0.00536255 0.22348576 0.04729930 0.45495669 0.01482033 0.01819940 0.03348306 0.18156612 0.01876441
1138.37945982 0.00677892 0.00075673 0.00020633 0.00046928 0.00195165 0.22428696 0.04901401 0.45574352 0.01459214 0.01922572 0.03308770 0.18047702 0.02018895
1139.37979326 0.00691451 0.00066419 0.00022317 0.00020636 0.00063520 0.22400232 0.05053168 0.45606468 0.01546747 0.01935603 0.03436677 0.18110610 0.01737603
1140.38012671 0.00709331 0.00044921 0.00030492 0.00018412 0.00047953 0.22437844 0.05035698 0.45746763 0.01284263 0.01995111 0.03413740 0.18187886 0.01756915
1141.38046015 0.00693508 0.00090041 0.00020310 0.00057049 0.00163771 0.22329797 0.04943781 0.45911208 0.01354002 0.01917089 0.03416429 0.17987313 0.01809211
1142.38079360 0.00681121 0.00081360 0.00019161 0.00049813 0.00297286 0.22274076 0.04857539 0.45664501 0.01458327 0.01961350 0.03403836 0.18047931 0.01884821
1143.38112704 0.00687233 0.00063134 0.00032697 0.00031949 0.00064789 0.22297067 0.05157445 0.45673450 0.01277127 0.02151448 0.03429711 0.18006851 0.01814334
1144.38146049 0.00719474 0.00066559 0.00032514 0.00041609 0.00256499 0.22408106 0.04926148 0.45384483 0.01305024 0.02153834 0.03303068 0.18241709 0.01880449
1145.38179393 0.00775937 0.00053957 0.00039219 0.00046097 0.00064898 0.22260940 0.04904482 0.45590977 0.01282149 0.02215385 0.03246056 0.18287387 0.02008453
1146.38212738 0.00800347 0.00106823 0.00025889 0.00054824 0.00211493 0.22450157 0.05016477 0.45611224 0.01324206 0.02005103 0.03204065 0.18220677 0.01769062
1147.38246082 0.00825983 0.00099477 0.00019509 0.00044875 0.00166239 0.21992903 0.05157506 0.45472490 0.01387044 0.01862588 0.03613742 0.18258594 0.01925033
1148.38279426 0.00796225 0.00089073 0.00021314 0.00023653 0.00266857 0.21932706 0.05281709 0.45973311 0.01759948 0.01657758 0.03407473 0.17778958 0.01807241
1149.38312771 0.00875595 0.00096173 0.00020603 0.00065975 0.00451192 0.21852028 0.04907333 0.45820887 0.01610934 0.01555582 0.03782309 0.17961310 0.01875674
1150.38346115 0.00835993 0.00070994 0.00023736 0.00047938 0.00184844 0.21888995 0.05365904 0.45741529 0.01584082 0.01683116 0.03465293 0.18130791 0.01812778
1151.38379460 0.00793521 0.00096441 0.00025653 0.00074818 0.00401932 0.22088138 0.05340733 0.45690467 0.01389507 0.01659249 0.03591431 0.17781388 0.01860242
1152.38412804 0.00762284 0.00133416 0.00027588 0.00106406 0.00311185 0.22075766 0.05212568 0.45326559 0.01374854 0.01905903 0.03458404 0.18235578 0.01831772
1153.38446149 0.00714271 0.00086357 0.00028145 0.00041038 0.00241585 0.22278086 0.05192052 0.45455184 0.01424823 0.02036989 0.03316043 0.17982078 0.01917621
1154.38479493 0.00682315 0.00058413 0.00039960 0.00026929 0.00128321 0.22228123 0.04918962 0.45431314 0.01204172 0.02444505 0.03387341 0.18303566 0.01828394
1155.38512838 0.00642281 0.00048269 0.00032845 0.00029205 0.00045703 0.22280481 0.04892648 0.45481747 0.01223728 0.02561453 0.03380043 0.18128607 0.01895269
1156.38546182 0.00656482 0.00084923 0.00025724 0.00047017 0.00160761 0.22110359 0.05239612 0.45371891 0.01403826 0.02528826 0.03237873 0.17974414 0.01814773
1157.38579527 0.00664038 0.00084981 0.00034766 0.00086482 0.00278323 0.22044492 0.05071585 0.45281736 0.01297617 0.02310073 0.03657750 0.17939440 0.01912753
1158.38612871 0.00677199 0.00064266 0.00025518 0.00037367 0.00066546 0.22025750 0.05048931 0.45627967 0.01584059 0.02194436 0.03619121 0.17896434 0.01809605
1159.38646215 0.00693461 0.00052899 0.00022363 0.00031470 0.00055647 0.22020528 0.05021045 0.45777763 0.01731666 0.01965822 0.03443612 0.17958343 0.01918841
1160.38679560 0.00713140 0.00060440 0.00017753 0.00025429 0.00049547 0.21922785 0.04956113 0.45620439 0.01638627 0.01785562 0.04063358 0.18031141 0.01828808
1161.38712904 0.00711962 0.00064779 0.00014765 0.00026567 0.00076894 0.21877363 0.05291927 0.45719067 0.01714347 0.01702791 0.03730260 0.17949662 0.01831579
1162.38746249 0.00698384 0.00075251 0.00020515 0.00053278 0.00293799 0.21621815 0.05009782 0.45581566 0.01520711 0.01902569 0.03973615 0.18021404 0.01925695
1163.38779593 0.00676656 0.00146166 0.00023688 0.00119492 0.00349634 0.21570865 0.05050301 0.45688042 0.01671112 0.02168061 0.03361348 0.18128376 0.01722915
1164.38812938 0.00650666 0.00124738 0.00024120 0.00117431 0.00437656 0.21722251 0.04836204 0.45512795 0.01457267 0.02333794 0.03551642 0.18078326 0.01803776
1165.38846282 0.00655268 0.00079763 0.00022088 0.00056574 0.00357589 0.21861459 0.04910308 0.45443687 0.01422055 0.02355550 0.03474720 0.18215846 0.01800360
1166.38879627 0.00652506 0.00126797 0.00036921 0.00126031 0.00503470 0.21794408 0.04833349 0.45720226 0.01381828 0.02456564 0.03402846 0.17887189 0.01730372
1167.38912971 0.00646077 0.00085751 0.00024759 0.00053411 0.00366157 0.21614749 0.05108713 0.45574834 0.01308533 0.02267631 0.03452490 0.18114153 0.02028819
1168.38946315 0.00646172 0.00095625 0.00030001 0.00085025 0.00297576 0.21811363 0.04935784 0.45910286 0.01309650 0.02356290 0.03524136 0.17884150 0.01760115
1169.38979660 0.00661358 0.00053926 0.00037697 0.00036548 0.00148624 0.21841561 0.04965695 0.45939430 0.01425635 0.02402629 0.03170372 0.18143452 0.01834431
1170.39013004 0.00689243 0.00034390 0.00026758 0.00024018 0.00034848 0.22042209 0.04743094 0.45819948 0.01271556 0.02318261 0.03669860 0.18273071 0.01741986
1171.39046349 0.00708177 0.00038158 0.00022745 0.00020675 0.00040753 0.21840499 0.04967389 0.46297346 0.01425900 0.02190495 0.03305477 0.18067441 0.01783123
1172.39079693 0.00720409 0.00046314 0.00019269 0.00020103 0.00041809 0.21788912 0.04879377 0.46039764 0.01460034 0.02073131 0.03706031 0.18198840 0.01726417
1173.39113038 0.00725083 0.00042894 0.00025914 0.00020438 0.00213803 0.21885903 0.04825074 0.45843951 0.01482916 0.01896964 0.03596705 0.18407114 0.01758325
1174.39146382 0.00720904 0.00063920 0.00019663 0.00018496 0.00047332 0.21648660 0.05114633 0.46217474 0.01678337 0.01852532 0.03529437 0.18067526 0.01741991
1175.39179727 0.00718745 0.00054199 0.00019213 0.00025455 0.00074672 0.21762360 0.04772681 0.45922427 0.01518728 0.02041307 0.03758448 0.18224401 0.01826109
1176.39213071 0.00711886 0.00049472 0.00025238 0.00027558 0.00050562 0.21538261 0.05021736 0.46066291 0.01454620 0.02102029 0.03542104 0.18247137 0.01874992
1177.39246415 0.00693450 0.00069322 0.00022843 0.00061180 0.00247889 0.21885654 0.04964820 0.46089068 0.01368723 0.01987920 0.03566848 0.17878331 0.01857401
1178.39279760 0.00657515 0.00137683 0.00022234 0.00138251 0.00588612 0.21837338 0.04737751 0.45978937 0.01394486 0.02021001 0.03213752 0.18196241 0.01733713
1179.39313104 0.00591674 0.00168616 0.00028039 0.00135695 0.00535574 0.21863453 0.04512700 0.45851663 0.01476400 0.02271324 0.03317996 0.17942929 0.01895612
1180.39346449 0.00612176 0.00118145 0.00028233 0.00111058 0.00628406 0.21923564 0.04657182 0.45822072 0.01378813 0.02339918 0.03177079 0.18120684 0.01694846
1181.39379793 0.00655222 0.00099204 0.00024312 0.00090760 0.00639837 0.21750140 0.04464576 0.46010457 0.01195603 0.02470352 0.03342046 0.18141623 0.01771091
1182.39413138 0.00669825 0.00070449 0.00029678 0.00064797 0.00282090 0.22127030 0.04647311 0.45985567 0.01322062 0.02483007 0.03090705 0.18305265 0.01592038
1183.39446482 0.00658971 0.00094202 0.00023263 0.00058891 0.00486036 0.21868310 0.04398542 0.46078261 0.01366240 0.02189301 0.03347046 0.18323186 0.01766722
1184.39479827 0.00678952 0.00138110 0.00023968 0.00114999 0.00548661 0.22011050 0.04575684 0.46062378 0.01457716 0.02043317 0.03186585 0.18128023 0.01709509
1185.39513171 0.00726565 0.00090441 0.00031115 0.00074562 0.00306189 0.21858402 0.04519922 0.46314103 0.01260472 0.02192845 0.03340552 0.18315411 0.01695986
1186.39546516 0.00738524 0.00074409 0.00031472 0.00075247 0.00263008 0.22197412 0.04623099 0.46150790 0.01317181 0.02071462 0.03176495 0.18238802 0.01780623
1187.39579860 0.00772763 0.00073707 0.00022171 0.00050816 0.00330195 0.22114829 0.04617394 0.46283869 0.01526149 0.01729108 0.03401005 0.18039348 0.01811409
1188.39613204 0.00829325 0.00082598 0.00024228 0.00070091 0.00150582 0.22230702 0.04464221 0.46239090 0.01468051 0.01690452 0.03523768 0.18294310 0.01761905
1189.39646549 0.00844260 0.00108752 0.00018672 0.00083231 0.00207164 0.22344854 0.04574837 0.46165588 0.01585896 0.01537356 0.03457889 0.18173239 0.01742522
1190.39679893 0.00850796 0.00070480 0.00022527 0.00042958 0.00286928 0.22186970 0.04479913 0.46159770 0.01654338 0.01526214 0.03619108 0.18226483 0.01724311
1191.39713238 0.00819672 0.00082878 0.00019216 0.00043182 0.00186660 0.22268359 0.04565546 0.46016663 0.01627757 0.01660270 0.03419226 0.18335339 0.01774903
1192.39746582 0.00775004 0.00056739 0.00019003 0.00048131 0.00074272 0.22212400 0.04763325 0.46343799 0.01354516 0.01851477 0.03272103 0.18281074 0.01723160
1193.39779927 0.00777682 0.00073251 0.00034967 0.00043176 0.00259860 0.22322976 0.04699877 0.46089912 0.01184073 0.02090949 0.03092090 0.18407929 0.01700942
1194.39813271 0.00771959 0.00092109 0.00046325 0.00065667 0.00247483 0.22169651 0.04266294 0.46517739 0.01102139 0.02468322 0.03075759 0.18340470 0.01608042
1195.39846616 0.00790473 0.00064248 0.00039999 0.00039854 0.00199086 0.22250757 0.04362369 0.46445730 0.01193669 0.02361544 0.02986490 0.18316167 0.01740086
1196.39879960 0.00824196 0.00061366 0.00034739 0.00031045 0.00161127 0.21958620 0.04384266 0.46633096 0.01252595 0.02197928 0.03111176 0.18527356 0.01646686
1197.39913304 0.00834801 0.00036688 0.00029587 0.00015842 0.00034618 0.22321473 0.04454230 0.46767046 0.01210967 0.02204966 0.03102087 0.18236892 0.01585603
1198.39946649 0.00851494 0.00043298 0.00024814 0.00041094 0.00180164 0.22006397 0.04449393 0.47019856 0.01166440 0.01805855 0.03240522 0.18351340 0.01670826
1199.39979993 0.00880570 0.00062416 0.00026914 0.00063762 0.00345506 0.21923886 0.04596199 0.46599238 0.01314812 0.01616832 0.03155624 0.18620641 0.01674170
1200.40013338 0.00909235 0.00099903 0.00020618 0.00078493 0.00354494 0.21781910 0.04406720 0.46937257 0.01318071 0.01534966 0.03418709 0.18361744 0.01687116
1201.40046682 0.01080277 0.00096075 0.00027492 0.00053421 0.00241000 0.22104507 0.04471392 0.46511561 0.01407017 0.01534995 0.03292278 0.18591394 0.01668868
1202.40080027 0.01067723 0.00102868 0.00021656 0.00080720 0.00151819 0.21913070 0.04590361 0.46347354 0.01405345 0.01576533 0.03478697 0.18593706 0.01737871
1203.40113371 0.01053590 0.00113674 0.00025207 0.00083489 0.00239521 0.21979839 0.04592321 0.46564743 0.01387958 0.01575777 0.03324078 0.18303321 0.01810071
1204.40146716 0.01021203 0.00072237 0.00027134 0.00059459 0.00258062 0.21512349 0.04848890 0.46361049 0.01416399 0.01805089 0.03328813 0.18525565 0.01784953
1205.40180060 0.00995737 0.00089572 0.00023314 0.00055955 0.00267035 0.21683151 0.04461103 0.46674433 0.01343911 0.01947890 0.03395931 0.18095987 0.01961718
1206.40213404 0.00960352 0.00080980 0.00021272 0.00098192 0.00164887 0.21600503 0.04585634 0.46573648 0.01336838 0.02122793 0.03184509 0.18372137 0.01858606
1207.40246749 0.00956804 0.00073008 0.00028497 0.00063287 0.00280612 0.21757101 0.04690816 0.46601986 0.01238373 0.02139297 0.03185560 0.18177764 0.01763699
1208.40280093 0.00950332 0.00056557 0.00041643 0.00043208 0.00157789 0.21596873 0.04747583 0.46450704 0.01289481 0.02274886 0.03029306 0.18682234 0.01629737
1209.40313438 0.00947579 0.00091882 0.00028541 0.00067742 0.00131366 0.21817618 0.04503325 0.46474494 0.01187392 0.02262172 0.03241181 0.18421235 0.01773050
1210.40346782 0.00938544 0.00064006 0.00026605 0.00049629 0.00175650 0.21488147 0.04813047 0.46575575 0.01319656 0.02209613 0.03031489 0.18506575 0.01740007
1211.40380127 0.00926335 0.00074693 0.00023785 0.00064249 0.00296800 0.21561954 0.04389867 0.46636785 0.01273906 0.02029236 0.03445909 0.18508846 0.01693971
1212.40413471 0.00891040 0.00069942 0.00036165 0.00047691 0.00267353 0.21694661 0.04641823 0.46665277 0.01467415 0.01951778 0.03063393 0.18299529 0.01794972
1213.40446816 0.00939315 0.00054894 0.00024166 0.00021223 0.00124924 0.21485879 0.04660128 0.46909198 0.01344761 0.01754766 0.03602601 0.18294875 0.01722585
1214.40480160 0.00983407 0.00075043 0.00035028 0.00047233 0.00320438 0.21591069 0.04848692 0.46783850 0.01421064 0.01698825 0.03193308 0.18312722 0.01672727
1215.40513505 0.00976064 0.00083156 0.00024297 0.00032529 0.00215187 0.21719941 0.04555392 0.46805024 0.01557638 0.01580310 0.03528271 0.18162302 0.01735952
1216.40546849 0.01011074 0.00085205 0.00028629 0.00030699 0.00256350 0.21297449 0.04501462 0.47071005 0.01471710 0.01860857 0.03335217 0.18278932 0.01782485
1217.40580193 0.01025014 0.00065293 0.00025393 0.00043580 0.00071262 0.21577799 0.04638477 0.46708322 0.01399729 0.01977324 0.03360556 0.18323679 0.01808586
1218.40613538 0.01051204 0.00062211 0.00024740 0.00062494 0.00227761 0.21521535 0.04481254 0.46794902 0.01258223 0.02173213 0.03088980 0.18419614 0.01885072
1219.40646882 0.01036359 0.00082897 0.00020342 0.00073227 0.00492335 0.21691033 0.04478932 0.46683913 0.01124031 0.02151498 0.03039375 0.18497466 0.01664951
1220.40680227 0.01027997 0.00122443 0.00023364 0.00080732 0.00527415 0.21589294 0.04220855 0.46761770 0.01164851 0.02422971 0.02806170 0.18499557 0.01780578
1221.40713571 0.01019708 0.00108983 0.00028686 0.00104003 0.00467646 0.21700886 0.04282556 0.47096076 0.01028997 0.02310840 0.02904735 0.18300500 0.01666091
1222.40746916 0.00986314 0.00060666 0.00037336 0.00057905 0.00174997 0.21741482 0.04292537 0.47015838 0.01215180 0.02201406 0.02844148 0.18747891 0.01610615
1223.40780260 0.01014393 0.00066005 0.00033837 0.00058362 0.00174670 0.21823652 0.04219538 0.47226643 0.01316701 0.02047343 0.03071863 0.18142074 0.01819312
1224.40813605 0.01044414 0.00066445 0.00026758 0.00053239 0.00307736 0.21369994 0.04386445 0.47068156 0.01397328 0.01926593 0.03373570 0.18403138 0.01620598
1225.40846949 0.00946626 0.00104510 0.00021898 0.00046138 0.00323338 0.21462337 0.04386556 0.47019287 0.01571599 0.01774421 0.03191354 0.18270537 0.01828024
1226.40880293 0.00954413 0.00082734 0.00019560 0.00069084 0.00321520 0.21213783 0.04376687 0.47048718 0.01572239 0.01759145 0.03466266 0.18391091 0.01679172
1227.40913638 0.00955679 0.00058013 0.00017676 0.00048615 0.00229619 0.21402063 0.04705791 0.46817843 0.01536400 0.01683429 0.03280311 0.18470462 0.01749778
1228.40946982 0.00938921 0.00061542 0.00024290 0.00050810 0.00171318 0.21320194 0.04666904 0.47016221 0.01365596 0.01763329 0.03418529 0.18463847 0.01677420
1229.40980327 0.00931217 0.00092521 0.00017345 0.00060622 0.00336420 0.21376530 0.04395660 0.46903996 0.01396740 0.01590478 0.03408492 0.18478656 0.01942542
1230.41013671 0.00990954 0.00124344 0.00026750 0.00101708 0.00610454 0.21000485 0.04530125 0.47060968 0.01457832 0.01670977 0.03208063 0.18457165 0.01751131
1231.41047016 0.01005671 0.00096523 0.00024276 0.00074247 0.00495883 0.21135093 0.04468926 0.47345440 0.01357613 0.01830983 0.03287686 0.18112930 0.01770400
1232.41080360 0.01013351 0.00078618 0.00022767 0.00069007 0.00515585 0.21003840 0.04631131 0.47296907 0.01245334 0.02036417 0.03024551 0.18337794 0.01738049
1233.41113705 0.00974072 0.00079671 0.00024835 0.00072877 0.00482427 0.21100311 0.04683747 0.47315685 0.01052973 0.02209589 0.02960712 0.18261015 0.01756158
1234.41147049 0.00911006 0.00054025 0.00027638 0.00058724 0.00436554 0.21138477 0.04525266 0.47572783 0.00946512 0.02224826 0.02911006 0.18389114 0.01715075
1235.41180393 0.00797505 0.00106011 0.00030500 0.00073580 0.00439567 0.20802530 0.04541592 0.47498473 0.01278187 0.02162056 0.02914953 0.18446971 0.01705579
1236.41213738 0.00791438 0.00113052 0.00021304 0.00082809 0.00443204 0.20625605 0.04672871 0.47350044 0.01352347 0.01818171 0.03281045 0.18386183 0.01853364
1237.41247082 0.00816007 0.00065458 0.00020474 0.00043847 0.00240683 0.20834711 0.04748693 0.47311370 0.01333343 0.01678734 0.03537632 0.18410192 0.01774864
1238.41280427 0.00759764 0.00089199 0.00028063 0.00045537 0.00278147 0.20868273 0.04995788 0.47120127 0.01554230 0.01595803 0.03107944 0.18606903 0.01709986
1239.41313771 0.00733173 0.00073703 0.00021563 0.00059605 0.00328537 0.20780568 0.04712381 0.47247939 0.01546345 0.01358368 0.03776581 0.18139595 0.01954815
1240.41347116 0.00723171 0.00133760 0.00018504 0.00096359 0.00344073 0.20320855 0.05296508 0.47223531 0.01574795 0.01324015 0.03558325 0.18231926 0.01877349
1241.41380460 0.00726553 0.00086498 0.00019634 0.00068943 0.00210113 0.20427410 0.05067553 0.47557308 0.01466041 0.01412966 0.03641862 0.18104679 0.01936994
1242.41413805 0.00697387 0.00095611 0.00019636 0.00057375 0.00223461 0.20413909 0.04851869 0.47805052 0.01387678 0.01616920 0.03491883 0.18167678 0.01868926
1243.41447149 0.00681580 0.00083360 0.00021470 0.00069665 0.00267981 0.20704428 0.04883033 0.47782035 0.01257415 0.01750200 0.03030492 0.18339357 0.01810563
1244.41480493 0.00710705 0.00060387 0.00017148 0.00043563 0.00217521 0.20591807 0.04885548 0.47812484 0.01035107 0.01891067 0.03101990 0.18515201 0.01828176
1245.41513838 0.00724929 0.00055156 0.00015631 0.00053102 0.00173549 0.20727665 0.04930269 0.47769552 0.00952009 0.01959503 0.03004546 0.18514875 0.01844143
1246.41547182 0.00707582 0.00043483 0.00014536 0.00018094 0.00035756 0.20874420 0.04828595 0.47757159 0.01139698 0.01929189 0.02979725 0.18628596 0.01750748
1247.41580527 0.00673278 0.00063561 0.00016400 0.00036154 0.00156599 0.20638400 0.04977714 0.47825420 0.01038173 0.01858436 0.02911532 0.18730930 0.01746681
1248.41613871 0.00661452 0.00064531 0.00017362 0.00034087 0.00189381 0.20618711 0.04670044 0.47961471 0.01107433 0.01837365 0.03214407 0.18504474 0.01780735
1249.41647216 0.00650021 0.00048897 0.00015587 0.00017004 0.00186599 0.20613537 0.04848368 0.47930225 0.01250979 0.01660755 0.03108238 0.18507868 0.01811944
1250.41680560 0.00622413 0.00038479 0.00016029 0.00017244 0.00035445 0.20624834 0.04834499 0.48171803 0.01177303 0.01482953 0.03403966 0.18415645 0.01781798
1251.41713905 0.00587438 0.00038725 0.00017187 0.00020093 0.00212403 0.20567842 0.05014242 0.48299453 0.01204650 0.01346350 0.03183773 0.18350663 0.01744619
1252.41747249 0.00584985 0.00036498 0.00017022 0.00033254 0.00047605 0.20602576 0.04803233 0.48356392 0.01202878 0.01318000 0.03289123 0.18445431 0.01847988
1253.41780594 0.00591788 0.00055480 0.00017611 0.00031313 0.00059669 0.20631642 0.04792763 0.48311536 0.01244796 0.01295292 0.03218914 0.18579266 0.01761718
1254.41813938 0.00594649 0.00036249 0.00019559 0.00020287 0.00163132 0.20810578 0.04611445 0.48347481 0.01176801 0.01310142 0.03129589 0.18663516 0.01711221
1255.41847282 0.00600211 0.00053687 0.00015204 0.00034933 0.00164718 0.20724199 0.04511913 0.48298185 0.01075415 0.01442102 0.03066602 0.18927984 0.01685058
1256.41880627 0.00622532 0.00036069 0.00014207 0.00018364 0.00211884 0.20904048 0.04652560 0.48375475 0.01012602 0.01574964 0.02964116 0.18560947 0.01674763
1257.41913971 0.00641380 0.00030658 0.00013723 0.00017780 0.00038113 0.20754801 0.04817074 0.48372080 0.00971190 0.01751387 0.02804438 0.18765192 0.01663564
1258.41947316 0.00654070 0.00030315 0.00015808 0.00016816 0.00037278 0.21086201 0.04608144 0.48305276 0.00846356 0.01875142 0.02924002 0.18576591 0.01678072
1259.41980660 0.00625433 0.00038426 0.00016102 0.00015566 0.00034358 0.20939353 0.04589635 0.48499487 0.01000300 0.01952855 0.02764084 0.18454963 0.01694871
1260.42014005 0.00591501 0.00046602 0.00016578 0.00033836 0.00063617 0.20847110 0.04543848 0.48341438 0.01001531 0.01923794 0.02865901 0.18559906 0.01755839
1261.42047349 0.00569157 0.00040402 0.00019122 0.00021101 0.00039648 0.20686039 0.04439766 0.48549880 0.00942194 0.01866120 0.03081732 0.18417155 0.01896841
1262.42080694 0.00541525 0.00043358 0.00018135 0.00032747 0.00066170 0.20787742 0.04794860 0.48399562 0.01103435 0.01713717 0.02910885 0.18478418 0.01650972
1263.42114038 0.00530901 0.00031145 0.00015514 0.00016308 0.00031656 0.20724353 0.04594282 0.48400920 0.01094091 0.01546030 0.03131071 0.18733740 0.01680889
1264.42147382 0.00514871 0.00046354 0.00014459 0.00030759 0.00200597 0.20524315 0.04775973 0.48400424 0.01237072 0.01381493 0.03132880 0.18570780 0.01684894
1265.42180727 0.00517865 0.00050690 0.00020360 0.00029173 0.00137464 0.20416411 0.04507091 0.48376659 0.01231547 0.01473535 0.03307771 0.18753894 0.01695405
1266.42214071 0.00538841 0.00104929 0.00015327 0.00097189 0.00164935 0.20394902 0.04505771 0.48318991 0.01307178 0.01422385 0.03163482 0.18766857 0.01738054
1267.42247416 0.00574962 0.00049295 0.00017690 0.00037449 0.00175855 0.20274583 0.04677889 0.48638119 0.01243649 0.01520733 0.03159715 0.18554539 0.01650484
1268.42280760 0.00589114 0.00079073 0.00013972 0.00061174 0.00452865 0.20253699 0.04662268 0.48428971 0.01122129 0.01623263 0.03068263 0.18500602 0.01733719
1269.42314105 0.00593288 0.00049607 0.00015136 0.00025526 0.00245525 0.19985731 0.04591845 0.48803316 0.01038365 0.01807004 0.03062100 0.18411293 0.01964552
1270.42347449 0.00596658 0.00045665 0.00025635 0.00040604 0.00155406 0.20085876 0.04788178 0.48800148 0.01033049 0.01958758 0.02834466 0.18519801 0.01712412
1271.42380794 0.00629783 0.00036058 0.00019177 0.00022585 0.00107766 0.20102804 0.04601312 0.48824981 0.00973947 0.02018566 0.03023972 0.18520949 0.01747883
1272.42414138 0.00654712 0.00033301 0.00017288 0.00015331 0.00034540 0.19913551 0.04717227 0.49115719 0.00989223 0.01975233 0.02808982 0.18679876 0.01699730
1273.42447482 0.00649679 0.00031545 0.00014796 0.00015268 0.00032944 0.20000373 0.04628399 0.48967753 0.00960074 0.01866580 0.02994422 0.18770262 0.01717585
1274.42480827 0.00715789 0.00079658 0.00015048 0.00075754 0.00110704 0.19702433 0.04901608 0.48676833 0.01073354 0.01713374 0.03144115 0.18793918 0.01713202
1275.42514171 0.00772054 0.00037062 0.00040005 0.00021348 0.00042983 0.19566304 0.05168205 0.48719894 0.01199151 0.01611087 0.02998519 0.18903691 0.01691751
1276.42547516 0.00776219 0.00035512 0.00021562 0.00017364 0.00048016 0.19530441 0.04893731 0.48759280 0.01122149 0.01610619 0.03468579 0.18695455 0.01797294
1277.42580860 0.00754800 0.00051322 0.00016664 0.00019525 0.00068040 0.19451241 0.05078353 0.48719927 0.01378488 0.01521930 0.03299912 0.18592429 0.01802169
1278.42614205 0.00730342 0.00086218 0.00015367 0.00061113 0.00133863 0.19298304 0.04950130 0.48824696 0.01336245 0.01445599 0.03564445 0.18392243 0.01891778
1279.42647549 0.00722100 0.00063774 0.00015420 0.00018801 0.00059930 0.19277061 0.05139646 0.48847202 0.01386063 0.01466681 0.03483406 0.18340472 0.01901545
1280.42680894 0.00721553 0.00056301 0.00017160 0.00018904 0.00056158 0.19269166 0.05092111 0.48928397 0.01351692 0.01565858 0.03320321 0.18520162 0.01803772
1281.42714238 0.00694751 0.00068981 0.00017649 0.00036478 0.00130672 0.19236668 0.04888170 0.49112322 0.01261351 0.01713969 0.03353821 0.18374154 0.01805766
1282.42747583 0.00683744 0.00049148 0.00023293 0.00033421 0.00144609 0.19105688 0.04925906 0.49014424 0.01208340 0.01948128 0.02998675 0.18790610 0.01757758
1283.42780927 0.00677167 0.00041564 0.00028943 0.00037056 0.00140626 0.19339116 0.04661477 0.49129330 0.01156355 0.02006526 0.02952994 0.18806684 0.01699330
1284.42814271 0.00697060 0.00045869 0.00021932 0.00028576 0.00122446 0.19412723 0.04518008 0.49094782 0.00980256 0.02031243 0.03026752 0.18826287 0.01891125
1285.42847616 0.00714475 0.00064526 0.00019024 0.00055561 0.00092262 0.19338894 0.04872299 0.48917363 0.01134484 0.01977154 0.02960063 0.18739722 0.01828647
1286.42880960 0.00707952 0.00046776 0.00018625 0.00032803 0.00059512 0.19508819 0.04569762 0.49010516 0.01050763 0.01922859 0.03225425 0.18716561 0.01837579
1287.42914305 0.00689539 0.00044845 0.00016564 0.00045828 0.00057815 0.19331821 0.04660962 0.49226238 0.01218383 0.01811139 0.03023995 0.18496708 0.02065704
1288.42947649 0.00681101 0.00082983 0.00015326 0.00083730 0.00285975 0.19366177 0.04577782 0.49248936 0.01288865 0.01693221 0.03087128 0.18455295 0.01814581
1289.42980994 0.00686761 0.00065299 0.00013941 0.00060779 0.00583245 0.19210217 0.04403050 0.49151537 0.01256050 0.01597680 0.03351018 0.18437530 0.01869655
1290.43014338 0.00694505 0.00109066 0.00018989 0.00094473 0.00454843 0.19017388 0.04818798 0.49297227 0.01319688 0.01531169 0.03179288 0.18390506 0.01768563
1291.43047683 0.00672826 0.00064637 0.00020422 0.00034686 0.00332510 0.19134470 0.04648950 0.49282471 0.01269692 0.01582378 0.03152974 0.18696200 0.01780609
1292.43081027 0.00635355 0.00112119 0.00019992 0.00099656 0.00489270 0.18975876 0.04544393 0.49475146 0.01262917 0.01547984 0.03093443 0.18662669 0.01716534
1293.43114371 0.00591738 0.00098777 0.00019392 0.00072464 0.00270926 0.19059352 0.04588364 0.49189460 0.01360543 0.01689069 0.03058234 0.18837804 0.01755614
1294.43147716 0.00578643 0.00051026 0.00023812 0.00036113 0.00349361 0.19040674 0.04608960 0.49146946 0.01101666 0.01965064 0.03176186 0.18761223 0.01738970
1295.43181060 0.00595305 0.00064167 0.00021318 0.00055887 0.00276410 0.19027966 0.04817587 0.49224684 0.01172368 0.01966734 0.02983156 0.18621720 0.01768004
1296.43214405 0.00660186 0.00138594 0.00021894 0.00070989 0.00278396 0.18886600 0.04483008 0.49287323 0.01391044 0.02005774 0.03060480 0.18573225 0.01802672
1297.43247749 0.00706032 0.00216061 0.00021189 0.00149308 0.00512900 0.18390916 0.04578464 0.49274497 0.01544995 0.01995984 0.03168877 0.18314554 0.01832254
1298.43281094 0.00733097 0.00117450 0.00017584 0.00111629 0.00568382 0.18321089 0.04971585 0.49199781 0.01373866 0.02011228 0.03099679 0.18274038 0.01933688
1299.43314438 0.00775331 0.00100223 0.00014617 0.00120485 0.00534902 0.18417180 0.04843058 0.49128225 0.01211259 0.01967881 0.03500314 0.18292742 0.01869112
1300.43347783 0.00803172 0.00121258 0.00021811 0.00087796 0.00397552 0.18177042 0.04925931 0.49374811 0.01465183 0.01955277 0.03348690 0.18353251 0.01771396
1301.43381127 0.00822572 0.00110029 0.00028830 0.00060766 0.00524334 0.18277287 0.04631098 0.49185398 0.01555588 0.02013165 0.03103983 0.18627949 0.01881573
1302.43414471 0.00826715 0.00100890 0.00026045 0.00073390 0.00467697 0.18314910 0.04495562 0.49261390 0.01240360 0.01894114 0.03474334 0.18796468 0.01854840
1303.43447816 0.00840319 0.00087895 0.00026778 0.00061359 0.00482636 0.18558109 0.04837966 0.49450662 0.01365526 0.01745054 0.02966805 0.18619830 0.01797379
1304.43481160 0.00881944 0.00079354 0.00026469 0.00067269 0.00405306 0.18350700 0.04611026 0.49401333 0.01171627 0.01819901 0.03388766 0.18971129 0.01707120
1305.43514505 0.00915431 0.00085286 0.00027893 0.00062137 0.00550251 0.18553965 0.04771158 0.49559025 0.01277367 0.01711753 0.03061728 0.18541490 0.01797947
1306.43547849 0.00959394 0.00080128 0.00020500 0.00045512 0.00407779 0.18462898 0.04927127 0.49530335 0.01310299 0.01643895 0.03167818 0.18566870 0.01836841
1307.43581194 0.00985380 0.00088187 0.00019255 0.00065772 0.00351841 0.18643898 0.04810927 0.49472690 0.01210520 0.01542916 0.03487476 0.18381726 0.01924791
1308.43614538 0.00968422 0.00064953 0.00018033 0.00058803 0.00250491 0.18620107 0.05300151 0.49542147 0.01333501 0.01483873 0.03127350 0.18420490 0.01780103
1309.43647883 0.00971035 0.00125399 0.00022358 0.00111264 0.00402951 0.18531582 0.04920735 0.49420283 0.01267513 0.01493547 0.03328096 0.18553738 0.01822536
1310.43681227 0.00994495 0.00107048 0.00020675 0.00109071 0.00474391 0.18797306 0.04687712 0.49513301 0.01340644 0.01474481 0.03165797 0.18561963 0.01747612
1311.43714572 0.00990905 0.00143083 0.00022239 0.00123929 0.00912404 0.18979439 0.04543626 0.49196635 0.01200425 0.01365336 0.02812526 0.18902851 0.01797506
1312.43747916 0.00940103 0.00122266 0.00024290 0.00103147 0.00275539 0.19069820 0.04572081 0.49443530 0.01003922 0.01289085 0.03345761 0.18961355 0.01789204
1313.43781260 0.00903824 0.00079776 0.00022764 0.00056665 0.00331582 0.19117310 0.04859817 0.49663500 0.01125066 0.01304711 0.02930785 0.18749220 0.01758803
1314.43814605 0.00858099 0.00055538 0.00027465 0.00036119 0.00194374 0.19162192 0.04661476 0.49779123 0.01087259 0.01383667 0.02945981 0.18970974 0.01695834
1315.43847949 0.00813630 0.00081161 0.00024936 0.00045282 0.00265936 0.19334071 0.04373498 0.49988728 0.01103879 0.01523952 0.02932569 0.18621356 0.01704632
1316.43881294 0.00844702 0.00074219 0.00017490 0.00048307 0.00254589 0.19118734 0.04647757 0.50039318 0.01175440 0.01600723 0.02602491 0.18736751 0.01684180
1317.43914638 0.00847479 0.00058825 0.00015688 0.00038771 0.00401484 0.19313094 0.04301424 0.49737225 0.00961624 0.01604217 0.03161663 0.18617572 0.01788413
1318.43947983 0.00864144 0.00047098 0.00020467 0.00016502 0.00083760 0.19313463 0.04753712 0.49810872 0.01115086 0.01585737 0.02819303 0.18697308 0.01736692
1319.43981327 0.00853054 0.00053385 0.00017475 0.00026856 0.00098320 0.19248416 0.04835738 0.49479631 0.01099546 0.01503676 0.03039539 0.18880329 0.01717089
1320.44014672 0.00831875 0.00042123 0.00016945 0.00016806 0.00058169 0.19368078 0.04822673 0.49386169 0.01102158 0.01421552 0.03158711 0.18862948 0.01743668
1321.44048016 0.00815659 0.00039965 0.00016038 0.00018737 0.00051827 0.19295162 0.04915604 0.49432321 0.01195794 0.01342492 0.03042796 0.18913064 0.01736200
1322.44081360 0.00808966 0.00037484 0.00015991 0.00017142 0.00041022 0.19370285 0.04666027 0.49437896 0.01173950 0.01321645 0.03307392 0.18841231 0.01769935
1323.44114705 0.00795909 0.00060689 0.00018136 0.00029051 0.00152610 0.19345043 0.04679166 0.49667522 0.01195147 0.01319969 0.03158019 0.18610559 0.01764091
1324.44148049 0.00840151 0.00107693 0.00016504 0.00063432 0.00194131 0.18954219 0.05048286 0.49586547 0.01150710 0.01382900 0.03043328 0.18639683 0.01812566
1325.44181394 0.00841728 0.00079968 0.00015624 0.00067341 0.00335425 0.19113182 0.04861045 0.49609139 0.01131082 0.01441880 0.03133576 0.18347612 0.01864127
1326.44214738 0.00839299 0.00069462 0.00018697 0.00047078 0.00200021 0.19019425 0.04790139 0.49722028 0.01234917 0.01657728 0.02983515 0.18511677 0.01745312
1327.44248083 0.00810442 0.00054453 0.00027018 0.00021795 0.00186870 0.19217043 0.04601829 0.49606025 0.01125806 0.01658715 0.03072926 0.18659308 0.01768213
1328.44281427 0.00838082 0.00063317 0.00026170 0.00044240 0.00350765 0.19184024 0.04312500 0.49639895 0.01019054 0.01717356 0.02971287 0.18897021 0.01774370
1329.44314772 0.00877396 0.00044973 0.00027436 0.00017634 0.00044073 0.19421700 0.04450086 0.49724482 0.01082236 0.01902515 0.02699055 0.18951513 0.01634298
1330.44348116 0.00920906 0.00035233 0.00020021 0.00016039 0.00035222 0.19487198 0.04444790 0.49704852 0.00967365 0.01801919 0.02861509 0.18995926 0.01629925
1331.44381460 0.00944593 0.00031936 0.00015634 0.00015846 0.00031430 0.19481496 0.04608403 0.49782711 0.01024610 0.01701095 0.02793937 0.18920093 0.01592808
1332.44414805 0.00952976 0.00037097 0.00012907 0.00020828 0.00034800 0.19508370 0.04408663 0.49778997 0.01137579 0.01543654 0.02946997 0.18844215 0.01725894
1333.44448149 0.01126622 0.00045079 0.00017307 0.00038416 0.00215269 0.19705396 0.04294270 0.49836425 0.01126175 0.01440404 0.03059882 0.18550727 0.01670650
1334.44481494 0.01091266 0.00060815 0.00015026 0.00028153 0.00187032 0.19566344 0.04408600 0.49670501 0.01324657 0.01344460 0.03039257 0.18628056 0.01727100
1335.44514838 0.01084822 0.00057107 0.00017819 0.00040718 0.00221706 0.19513267 0.04433756 0.49655863 0.01524464 0.01321321 0.03066166 0.18528843 0.01618970
1336.44548183 0.01074345 0.00067757 0.00021596 0.00018366 0.00054583 0.19524328 0.04324075 0.49598511 0.01402002 0.01416104 0.03168335 0.18762542 0.01641800
1337.44581527 0.01075663 0.00056243 0.00019986 0.00022506 0.00188314 0.19407958 0.04291765 0.49616450 0.01353488 0.01507672 0.02993658 0.18924104 0.01617855
1338.44614872 0.01044769 0.00086002 0.00020941 0.00037824 0.00238416 0.19097421 0.04250759 0.49695864 0.01215358 0.01629402 0.03213616 0.18782695 0.01731702
1339.44648216 0.01027294 0.00065610 0.00024527 0.00033423 0.00078465 0.18883445 0.04422976 0.49744980 0.01264608 0.01749917 0.02813345 0.19036115 0.01882590
1340.44681561 0.01003159 0.00084884 0.00022080 0.00073312 0.00213179 0.18943053 0.04675271 0.49483422 0.01147929 0.01897755 0.02931326 0.18854869 0.01672920
1341.44714905 0.00979296 0.00060184 0.00020517 0.00041653 0.00142524 0.18949691 0.04418707 0.49749772 0.01017906 0.01964992 0.03003193 0.18768088 0.01862772
1342.44748249 0.00972658 0.00083233 0.00023058 0.00096661 0.00271007 0.18751955 0.04545273 0.49878778 0.01212129 0.01972565 0.02823203 0.18626240 0.01715899
1343.44781594 0.00997324 0.00056789 0.00019915 0.00037145 0.00212758 0.18675531 0.04341300 0.49953151 0.01134607 0.01958485 0.03179771 0.18589246 0.01841304
1344.44814938 0.01032597 0.00061679 0.00024475 0.00064286 0.00485342 0.18549652 0.04756629 0.49691561 0.01314303 0.01869377 0.02875473 0.18475754 0.01831471
1345.44848283 0.01043764 0.00114236 0.00029812 0.00078057 0.00405975 0.18406078 0.04666049 0.49485542 0.01183411 0.01751151 0.03436088 0.18680587 0.01763014
1346.44881627 0.01074784 0.00101128 0.00021287 0.00072726 0.00318137 0.18420781 0.04934680 0.49332830 0.01471727 0.01628892 0.03280789 0.18426379 0.01990643
1347.44914972 0.01086099 0.00065971 0.00018680 0.00054922 0.00165568 0.18404966 0.04926796 0.49175978 0.01553608 0.01526341 0.03379097 0.18764874 0.01963199
1348.44948316 0.01085941 0.00055242 0.00023364 0.00057281 0.00159476 0.18586756 0.04705730 0.49297777 0.01317725 0.01689312 0.03495113 0.18699130 0.01913094
1349.44981661 0.01080236 0.00069621 0.00016541 0.00044645 0.00205602 0.18635241 0.04989159 0.49335925 0.01336898 0.01672298 0.03197621 0.18689210 0.01807238
1350.45015005 0.01097883 0.00076125 0.00020474 0.00031855 0.00213242 0.18533005 0.04780347 0.49520083 0.01289833 0.01793823 0.03205748 0.18713574 0.01821890
1351.45048349 0.01101620 0.00079209 0.00021254 0.00050288 0.00114818 0.18650703 0.04693058 0.49651536 0.01122490 0.01872360 0.03244322 0.18688822 0.01811140
1352.45081694 0.01032242 0.00055730 0.00042424 0.00028779 0.00183895 0.18595455 0.04700614 0.49717484 0.01213748 0.02053207 0.02997783 0.18664227 0.01746653
1353.45115038 0.01045200 0.00048550 0.00027307 0.00023937 0.00226648 0.18649799 0.04491347 0.49736848 0.01203450 0.02063543 0.03200292 0.18587354 0.01740923
1354.45148383 0.01022482 0.00086857 0.00022271 0.00066625 0.00461873 0.18286693 0.04579082 0.49693245 0.01338072 0.01900199 0.03167839 0.18693578 0.01703666
1355.45181727 0.01051576 0.00096757 0.00025046 0.00092492 0.00203921 0.18530282 0.04708160 0.49798224 0.01343932 0.01850632 0.03058811 0.18535629 0.01756115
1356.45215072 0.01228887 0.00107202 0.00022842 0.00065368 0.00302987 0.18585510 0.04518229 0.49509383 0.01286239 0.01746760 0.03380842 0.18794140 0.01680498
1357.45248416 0.01235348 0.00065661 0.00017521 0.00020977 0.00064309 0.18597168 0.04795002 0.49463644 0.01459305 0.01685864 0.03215054 0.18740615 0.01874880
1358.45281761 0.01244955 0.00064059 0.00014999 0.00038403 0.00081601 0.18695310 0.04730257 0.49332993 0.01490720 0.01671784 0.03356657 0.18828459 0.01694759
1359.45315105 0.01232083 0.00068736 0.00015405 0.00049383 0.00146375 0.18672744 0.04603457 0.49463130 0.01504107 0.01718329 0.03359291 0.18601048 0.01797995
1360.45348449 0.01190369 0.00052350 0.00018277 0.00044720 0.00188858 0.18436601 0.04735419 0.49374234 0.01441823 0.01922838 0.03292979 0.18794113 0.01697787
1361.45381794 0.01158566 0.00056124 0.00021134 0.00029292 0.00135040 0.18740019 0.04416679 0.49553075 0.01432280 0.01896590 0.03412845 0.18469195 0.01837727
1362.45415138 0.00987216 0.00096397 0.00020169 0.00076754 0.00423510 0.18444938 0.04562525 0.49617004 0.01458458 0.01938950 0.03107735 0.18529678 0.01723883
1363.45448483 0.00937505 0.00092529 0.00024589 0.00074688 0.00340294 0.18748698 0.04559631 0.49488499 0.01331562 0.01980337 0.03165007 0.18495735 0.01698431
1364.45481827 0.00923672 0.00101098 0.00019958 0.00089182 0.00369369 0.18703011 0.04436005 0.49881442 0.01251135 0.01832593 0.03043094 0.18536959 0.01736154
1365.45515172 0.00927495 0.00048390 0.00022042 0.00039877 0.00193486 0.18914892 0.04378098 0.49953684 0.01256602 0.01850710 0.03006767 0.18805745 0.01529707
1366.45548516 0.00952556 0.00061519 0.00020329 0.00023791 0.00180864 0.18968940 0.04155946 0.50015393 0.01419167 0.01720414 0.02898900 0.18911154 0.01623584
1367.45581861 0.01012945 0.00082579 0.00021739 0.00062888 0.00383841 0.18676511 0.04112845 0.50101968 0.01278366 0.01626394 0.03125294 0.18912887 0.01614689
1368.45615205 0.01007982 0.00071749 0.00019837 0.00054741 0.00306468 0.18760243 0.04408543 0.50007458 0.01340256 0.01661980 0.02913636 0.18872583 0.01582507
1369.45648550 0.01016753 0.00115762 0.00015060 0.00111703 0.00476788 0.18415112 0.04235837 0.49938738 0.01310690 0.01663986 0.03206526 0.18850734 0.01659065
1370.45681894 0.01019920 0.00186276 0.00015463 0.00172518 0.00635837 0.18102436 0.04384682 0.49987004 0.01501005 0.01582097 0.02989460 0.18737007 0.01706215
1371.45715238 0.01026138 0.00137970 0.00015852 0.00083406 0.00711199 0.18210376 0.04143352 0.50038209 0.01308309 0.01666411 0.03336943 0.18541438 0.01806534
1372.45748583 0.01020488 0.00070095 0.00025664 0.00071681 0.00519424 0.17747657 0.04493984 0.50054162 0.01383209 0.01840076 0.02878721 0.18847565 0.02067762
1373.45781927 0.01028648 0.00095573 0.00024130 0.00099892 0.00420714 0.17842840 0.04455050 0.50155582 0.01226339 0.01920432 0.03256712 0.18603506 0.01899229
1374.45815272 0.01040692 0.00207584 0.00018932 0.00196417 0.00573585 0.17512096 0.04493777 0.50002779 0.01348655 0.01920327 0.03048999 0.18745485 0.01931363
1375.45848616 0.01052405 0.00084443 0.00022948 0.00071298 0.00559969 0.17652033 0.04491935 0.50198246 0.01415423 0.01940753 0.02969300 0.18658505 0.01935149
1376.45881961 0.01059766 0.00054899 0.00028818 0.00052209 0.00075480 0.17708937 0.04459934 0.50317366 0.01347774 0.02037747 0.03110000 0.18992930 0.01813907
1377.45915305 0.01113277 0.00051977 0.00019827 0.00041729 0.00347563 0.17717037 0.04545781 0.50193112 0.01317265 0.01877827 0.03116623 0.18889104 0.01882155
1378.45948650 0.01101388 0.00069377 0.00061459 0.00054553 0.00312825 0.17670530 0.04483766 0.50238289 0.01358877 0.02088825 0.03209502 0.18817202 0.01634794
1379.45981994 0.01126297 0.00064126 0.00028993 0.00032990 0.00147515 0.17855386 0.04523550 0.50210964 0.01322332 0.02031861 0.03315487 0.18692210 0.01774587
1380.46015338 0.01140239 0.00117630 0.00026435 0.00080800 0.00237582 0.17689815 0.04857836 0.50242968 0.01327840 0.01962928 0.02996884 0.18769236 0.01690047
1381.46048683 0.01145700 0.00049136 0.00032564 0.00033880 0.00044037 0.17808012 0.04730109 0.50464155 0.01270676 0.01896324 0.03256290 0.18643266 0.01771550
1382.46082027 0.01137871 0.00044205 0.00026269 0.00021733 0.00045790 0.17888129 0.04786935 0.50403184 0.01374581 0.01834742 0.03256239 0.18632844 0.01685349
1383.46115372 0.01121632 0.00049732 0.00021836 0.00018448 0.00052256 0.17760182 0.04655304 0.50384990 0.01374548 0.01753874 0.03362387 0.18840361 0.01726081
1384.46148716 0.01107874 0.00066446 0.00025154 0.00053288 0.00154029 0.17941706 0.04629491 0.50329069 0.01308002 0.01744791 0.03307991 0.18711333 0.01728701
1385.46182061 0.01046725 0.00061036 0.00019281 0.00020431 0.00196704 0.17751953 0.04622458 0.50235174 0.01523019 0.01733263 0.03288367 0.18830285 0.01718030
1386.46215405 0.00996511 0.00091522 0.00024267 0.00059576 0.00438336 0.17729326 0.04551259 0.50086677 0.01447327 0.01795725 0.03125276 0.18845530 0.01805180
1387.46248750 0.01017161 0.00087583 0.00021122 0.00065227 0.00352307 0.17841003 0.04720808 0.50189807 0.01309819 0.01831978 0.03083942 0.18719078 0.01777326
1388.46282094 0.01193932 0.00111506 0.00041841 0.00094391 0.00193571 0.17692667 0.04436753 0.50315108 0.01214696 0.02100516 0.03181372 0.18897560 0.01720019
1389.46315438 0.01221515 0.00065429 0.00025321 0.00032605 0.00129774 0.17863405 0.04623642 0.50402402 0.01288520 0.01962201 0.03123257 0.18711361 0.01772082
1390.46348783 0.01231430 0.00053226 0.00023659 0.00037085 0.00141172 0.17637281 0.04873451 0.50480453 0.01147130 0.02109911 0.02993390 0.18815661 0.01687581
1391.46382127 0.01166995 0.00060802 0.00026150 0.00019411 0.00226496 0.17778178 0.04414060 0.50480726 0.01265536 0.01988884 0.03166595 0.18829803 0.01743357
1392.46415472 0.01118894 0.00115364 0.00022630 0.00091461 0.00473842 0.17864686 0.04433066 0.50606897 0.01458212 0.01681448 0.02943261 0.18671366 0.01637767
1393.46448816 0.01077185 0.00100131 0.00042338 0.00079823 0.00418988 0.17867313 0.04282676 0.50522529 0.01257136 0.01605705 0.03183591 0.18944368 0.01695401
1394.46482161 0.00971350 0.00110541 0.00022173 0.00084211 0.00226295 0.17976535 0.04504033 0.50514392 0.01371980 0.01629961 0.03147215 0.18789039 0.01623623
1395.46515505 0.00919892 0.00088928 0.00019002 0.00061664 0.00538800 0.17741903 0.04345797 0.50698870 0.01463676 0.01475759 0.03151461 0.18752056 0.01662085
1396.46548850 0.00927453 0.00083846 0.00019099 0.00063257 0.00415974 0.17839314 0.04443654 0.50688148 0.01302873 0.01519383 0.03028248 0.18890602 0.01705603
1397.46582194 0.00888948 0.00115976 0.00019826 0.00102758 0.00236472 0.18007076 0.04372172 0.50640187 0.01170221 0.01798427 0.03042271 0.18802575 0.01692040
1398.46615539 0.00857651 0.00103386 0.00017463 0.00081492 0.00462408 0.17919697 0.04468056 0.50597522 0.01215530 0.01678608 0.02798916 0.19012831 0.01644093
1399.46648883 0.00880089 0.00096424 0.00020045 0.00075400 0.00315388 0.17910573 0.04273274 0.50671654 0.01094556 0.01882192 0.02981758 0.18980776 0.01697960
1400.46682227 0.00916870 0.00089027 0.00021879 0.00083145 0.00514476 0.17826590 0.04296570 0.50806968 0.01129417 0.01877159 0.02765084 0.18950318 0.01639367
1401.46715572 0.00942173 0.00067088 0.00017896 0.00072934 0.00161771 0.17919132 0.04459018 0.50714960 0.01129766 0.01868252 0.02888645 0.18966003 0.01734535
1402.46748916 0.00950002 0.00129681 0.00016887 0.00116075 0.00410087 0.17916328 0.04178483 0.50579223 0.01247870 0.01824413 0.03097121 0.18818046 0.01665787
1403.46782261 0.00942083 0.00074831 0.00013793 0.00090826 0.00361010 0.17769571 0.04307562 0.50662235 0.01341113 0.01706040 0.02936808 0.18875510 0.01860701
1404.46815605 0.00937171 0.00058346 0.00021008 0.00040016 0.00383860 0.18017717 0.04313584 0.50853891 0.01235961 0.01683556 0.02994279 0.18732983 0.01664798
1405.46848950 0.00904612 0.00067359 0.00015330 0.00071718 0.00292432 0.17886141 0.04398970 0.50656291 0.01307115 0.01594387 0.03066719 0.18864622 0.01778917
1406.46882294 0.00883462 0.00132187 0.00019426 0.00123520 0.00416306 0.17834694 0.04388557 0.50728678 0.01359158 0.01548246 0.02979606 0.18747360 0.01722263
1407.46915639 0.00850269 0.00072089 0.00025531 0.00074399 0.00349216 0.17909327 0.04419619 0.50720265 0.01290775 0.01575428 0.03072331 0.18790710 0.01700310
1408.46948983 0.00828962 0.00045542 0.00025154 0.00050899 0.00164504 0.17809079 0.04399455 0.50809679 0.01159311 0.01604398 0.03166190 0.18983992 0.01781797
1409.46982327 0.00827422 0.00069626 0.00022053 0.00039418 0.00215419 0.17781048 0.04620379 0.50586361 0.01461279 0.01824927 0.02987256 0.18678208 0.01714028
1410.47015672 0.00820096 0.00119652 0.00036490 0.00099427 0.00248544 0.17633159 0.04269145 0.50588668 0.01200296 0.01858043 0.03248870 0.18940512 0.01757194
1411.47049016 0.00813222 0.00036591 0.00031178 0.00021218 0.00038135 0.18013919 0.04638364 0.50599271 0.01225010 0.01977087 0.02803006 0.18909435 0.01706785
1412.47082361 0.00851324 0.00040374 0.00025773 0.00026499 0.00035081 0.17820967 0.04476621 0.50719121 0.01041550 0.02029402 0.03055855 0.19006288 0.01722469
1413.47115705 0.00889689 0.00041204 0.00018498 0.00022873 0.00135540 0.18009629 0.04538010 0.50870769 0.01049973 0.01864183 0.02830775 0.18903294 0.01715251
1414.47149050 0.00903677 0.00057224 0.00023152 0.00035740 0.00195660 0.17889971 0.04362879 0.50893899 0.01071376 0.01836720 0.03036777 0.18986262 0.01610341
1415.47182394 0.00848401 0.00092919 0.00016681 0.00077260 0.00642013 0.17908002 0.04114394 0.50680358 0.01118978 0.01700445 0.03014789 0.18882119 0.01752041
1416.47215739 0.00822172 0.00125710 0.00027867 0.00110296 0.00496077 0.17984930 0.04277364 0.50921468 0.01197345 0.01596454 0.02715242 0.18959324 0.01587924
1417.47249083 0.00826639 0.00078513 0.00020862 0.00074712 0.00353840 0.17973911 0.04447679 0.50762640 0.01298277 0.01553008 0.02900445 0.18952757 0.01583357
1418.47282427 0.00860876 0.00068084 0.00016216 0.00049396 0.00320303 0.18084608 0.04227377 0.50737044 0.01240197 0.01512191 0.03079752 0.19003215 0.01661617
1419.47315772 0.00874387 0.00105791 0.00015958 0.00074572 0.00540179 0.18055146 0.04205436 0.50740434 0.01398429 0.01537122 0.02805346 0.18887245 0.01634341
1420.47349116 0.00864772 0.00100010 0.00016741 0.00059389 0.00372754 0.18061227 0.03932014 0.50658312 0.01326371 0.01569608 0.03231748 0.18951885 0.01719941
1421.47382461 0.00851755 0.00053211 0.00033439 0.00037285 0.00147166 0.18131408 0.04163911 0.50751509 0.01245251 0.01970497 0.02928297 0.18918660 0.01619368
1422.47415805 0.00971895 0.00038895 0.00023703 0.00023615 0.00092892 0.18333561 0.04305848 0.50825658 0.01127950 0.02084561 0.02745358 0.18848532 0.01549428
1423.47449150 0.00946988 0.00029656 0.00033353 0.00016193 0.00034681 0.18220174 0.04161357 0.50914781 0.01010055 0.02158465 0.02851171 0.19062192 0.01507921
1424.47482494 0.00935566 0.00037001 0.00029261 0.00015166 0.00031671 0.18240644 0.04204459 0.50992631 0.01159201 0.02087306 0.02730261 0.18939986 0.01532412
1425.47515839 0.01145546 0.00033841 0.00045039 0.00016843 0.00036382 0.18282617 0.03899568 0.50827066 0.01145418 0.02099698 0.02882813 0.19196954 0.01533760
1426.47549183 0.01328044 0.00040346 0.00027603 0.00014427 0.00032540 0.18270746 0.04037929 0.50880212 0.01232213 0.01896347 0.02928595 0.19085510 0.01553533
1427.47582528 0.01485252 0.00069351 0.00024867 0.00019942 0.00075282 0.18031967 0.04165942 0.50912304 0.01510605 0.01710259 0.02926845 0.18968136 0.01584502
1428.47615872 0.01490675 0.00058047 0.00017874 0.00020914 0.00174451 0.18046330 0.04139177 0.50954332 0.01364402 0.01578165 0.03120450 0.18962469 0.01563389
1429.47649216 0.01400526 0.00053751 0.00021804 0.00032760 0.00158049 0.18010141 0.04111739 0.51105579 0.01338688 0.01642951 0.03023118 0.18953238 0.01548181
1430.47682561 0.01369171 0.00051614 0.00024705 0.00032496 0.00142599 0.18407348 0.04117195 0.51034999 0.01270897 0.01604645 0.02939349 0.18843180 0.01530973
1431.47715905 0.01338930 0.00076779 0.00027228 0.00062667 0.00254266 0.18012352 0.04106619 0.50996467 0.01216178 0.01732536 0.02898818 0.19031651 0.01584439
1432.47749250 0.01302312 0.00044317 0.00037251 0.00024970 0.00196289 0.18294681 0.04102836 0.50924743 0.01105662 0.02017102 0.02749077 0.18959909 0.01543164
1433.47782594 0.01278409 0.00050016 0.00029860 0.00023007 0.00065863 0.17901250 0.04188511 0.50909898 0.01156934 0.02088371 0.02840114 0.19167728 0.01578448
1434.47815939 0.01253762 0.00064301 0.00029230 0.00036061 0.00187204 0.17739096 0.04249114 0.50691228 0.01331854 0.02074553 0.02930380 0.19038561 0.01628418
1435.47849283 0.01200168 0.00066448 0.00027436 0.00033861 0.00150745 0.17700962 0.04288884 0.50844434 0.01391151 0.01993754 0.02956451 0.18897297 0.01648578
1436.47882628 0.01197120 0.00051413 0.00031875 0.00016890 0.00043710 0.17360485 0.04390548 0.50711537 0.01291802 0.01985773 0.03193375 0.19222216 0.01700376
1437.47915972 0.01138080 0.00067155 0.00021591 0.00032609 0.00149962 0.17535084 0.04614131 0.50875044 0.01336721 0.01822060 0.03116270 0.18768458 0.01660915
1438.47949316 0.01160268 0.00067095 0.00021337 0.00038058 0.00200657 0.17203629 0.04465771 0.50897158 0.01305446 0.01899412 0.03334683 0.18909636 0.01657117
1439.47982661 0.01155804 0.00078649 0.00017866 0.00026798 0.00128909 0.17314179 0.04570082 0.50809805 0.01590453 0.01770433 0.03130377 0.18856135 0.01706313
1440.48016005 0.01137224 0.00052748 0.00022609 0.00031346 0.00181230 0.17434987 0.04482243 0.50732487 0.01408560 0.01810718 0.03253472 0.18781647 0.01807953
1441.48049350 0.01102990 0.00106608 0.00021800 0.00085377 0.00152346 0.17304312 0.04384154 0.50859185 0.01330477 0.01840618 0.03328911 0.18815074 0.01771138
1442.48082694 0.01059540 0.00064192 0.00020458 0.00054105 0.00325629 0.17548820 0.04681634 0.50802995 0.01387512 0.01817096 0.02932711 0.18755846 0.01609003
1443.48116039 0.01041336 0.00058557 0.00021605 0.00076778 0.00175512 0.17300491 0.04439927 0.50756011 0.01171938 0.01872515 0.03385272 0.18950308 0.01791086
1444.48149383 0.01041804 0.00069834 0.00024106 0.00062010 0.00198450 0.17396667 0.04457461 0.50910258 0.01386620 0.01862580 0.03129473 0.18727242 0.01775299
1445.48182728 0.01038090 0.00052272 0.00018907 0.00038299 0.00075464 0.17496124 0.04399952 0.50551044 0.01461802 0.01906756 0.03253231 0.18897752 0.01848398
1446.48216072 0.01010344 0.00111875 0.00022610 0.00081802 0.00099995 0.17426531 0.04410552 0.50691987 0.01329891 0.02009030 0.03223641 0.18964002 0.01628085
1447.48249416 0.00980267 0.00077197 0.00020699 0.00049933 0.00154460 0.17811667 0.04412330 0.50602113 0.01490419 0.01875670 0.02957874 0.18908035 0.01639603
1448.48282761 0.01061861 0.00064975 0.00017862 0.00032571 0.00146554 0.17660366 0.04137896 0.50554950 0.01347220 0.01938719 0.03384126 0.19070161 0.01644600
1449.48316105 0.01070498 0.00079073 0.00016971 0.00045483 0.00204352 0.17978865 0.04223479 0.50582907 0.01516609 0.01903342 0.03123698 0.18758102 0.01567119
1450.48349450 0.01105609 0.00093673 0.00016014 0.00053750 0.00174209 0.17865539 0.04022495 0.50343658 0.01505162 0.01958475 0.03332512 0.18952845 0.01681669
1451.48382794 0.01064952 0.00089457 0.00017335 0.00045301 0.00181385 0.17970526 0.03856539 0.50574967 0.01631781 0.01899655 0.03224907 0.18938798 0.01569349
1452.48416139 0.01061356 0.00086476 0.00032698 0.00031471 0.00161309 0.17891942 0.04133739 0.50617910 0.01753477 0.01934329 0.03041576 0.18795601 0.01519474
1453.48449483 0.01055812 0.00092626 0.00017203 0.00054295 0.00450478 0.17879718 0.03947773 0.50640686 0.01429364 0.02022476 0.03077568 0.18899617 0.01488199
1454.48482828 0.01038479 0.00106073 0.00017594 0.00075479 0.00374196 0.17941021 0.04045265 0.50662343 0.01321220 0.02064025 0.02986387 0.18911388 0.01495008
1455.48516172 0.01044845 0.00074791 0.00018115 0.00045894 0.00294655 0.17821193 0.04041778 0.50646947 0.01514495 0.02227991 0.02860759 0.18857348 0.01596035
1456.48549517 0.01044662 0.00079465 0.00017983 0.00092348 0.00446341 0.17931003 0.03964074 0.50657327 0.01307382 0.02083252 0.02949278 0.18876102 0.01595445
1457.48582861 0.01025928 0.00072891 0.00017903 0.00062982 0.00207367 0.17983401 0.04285669 0.50427803 0.01469116 0.02018246 0.03020791 0.18793041 0.01640790
1458.48616205 0.01010404 0.00130598 0.00019191 0.00118355 0.00443828 0.17751875 0.04110270 0.50289315 0.01269153 0.02039962 0.03262811 0.18797427 0.01767214
1459.48649550 0.00998508 0.00102012 0.00024880 0.00082180 0.00392581 0.17847311 0.04419731 0.50275116 0.01464987 0.02046973 0.02867817 0.18722258 0.01754153
1460.48682894 0.01008981 0.00099123 0.00020455 0.00062481 0.00330957 0.17674370 0.04309157 0.50343622 0.01396732 0.01949528 0.03374205 0.18686962 0.01752407
1461.48716239 0.01031879 0.00165472 0.00015291 0.00149244 0.00498860 0.17666738 0.04580340 0.50056118 0.01636600 0.01635358 0.03218389 0.18598072 0.01779518
1462.48749583 0.01020983 0.00092182 0.00030716 0.00071247 0.00416502 0.17516790 0.04454234 0.50514445 0.01457919 0.01681982 0.03407879 0.18549295 0.01806810
1463.48782928 0.00992717 0.00072712 0.00022554 0.00029099 0.00151755 0.17509685 0.05056810 0.50306016 0.01574856 0.01615463 0.03113223 0.18778417 0.01769410
1464.48816272 0.00950922 0.00134759 0.00021559 0.00121557 0.00340414 0.17558917 0.04401234 0.50580094 0.01354092 0.01646079 0.03380094 0.18788775 0.01672426
1465.48849617 0.01012977 0.00084239 0.00018906 0.00056452 0.00373808 0.17429017 0.04515717 0.50406938 0.01411363 0.01769855 0.03266395 0.18900455 0.01766855
1466.48882961 0.01043649 0.00072519 0.00015368 0.00045636 0.00272922 0.17487135 0.04566295 0.50463599 0.01396412 0.01819679 0.03333090 0.18792324 0.01735021
1467.48916305 0.01030322 0.00099799 0.00019265 0.00087359 0.00236932 0.17335215 0.04598952 0.50599818 0.01271979 0.01988719 0.03165740 0.18935330 0.01660893
1468.48949650 0.01034034 0.00055876 0.00024765 0.00033724 0.00136000 0.17449977 0.04776008 0.50530742 0.01307556 0.02033367 0.03012122 0.18965561 0.01674302
1469.48982994 0.01051371 0.00072575 0.00021761 0.00062337 0.00266392 0.17140893 0.04687870 0.50787227 0.01243043 0.02107019 0.03103461 0.18825510 0.01681912
1470.49016339 0.01028678 0.00047155 0.00022273 0.00055154 0.00252190 0.17246916 0.04535246 0.50829286 0.01290819 0.02114718 0.03164548 0.18671840 0.01769853
1471.49049683 0.01020692 0.00103929 0.00019279 0.00105609 0.00453902 0.17234995 0.04389725 0.50808678 0.01310381 0.02033821 0.03076570 0.18755381 0.01707730
1472.49083028 0.00997208 0.00090577 0.00021334 0.00075190 0.00369608 0.17225097 0.04289575 0.50900664 0.01302198 0.02123171 0.03125822 0.18803699 0.01673065
1473.49116372 0.00961793 0.00079391 0.00024214 0.00057105 0.00427144 0.17361841 0.04355327 0.50926126 0.01291869 0.01805371 0.03048586 0.18880589 0.01742437
1474.49149717 0.00950475 0.00061535 0.00016899 0.00064994 0.00310028 0.17450908 0.04462488 0.50843649 0.01404190 0.01611192 0.03183926 0.18921295 0.01668897
1475.49183061 0.00941569 0.00049730 0.00018056 0.00029920 0.00207296 0.17418656 0.04490325 0.50956155 0.01407250 0.01501739 0.03263561 0.18983032 0.01674282
1476.49216405 0.00919075 0.00050200 0.00014027 0.00017251 0.00224102 0.17548838 0.04464022 0.50928332 0.01511882 0.01403843 0.03194961 0.18974040 0.01668502
1477.49249750 0.00885455 0.00096656 0.00017029 0.00065152 0.00186411 0.17550339 0.04208247 0.50945563 0.01403162 0.01511613 0.03386905 0.18926481 0.01702441
1478.49283094 0.00868325 0.00070422 0.00018655 0.00059058 0.00277510 0.17826171 0.04515918 0.50737016 0.01406100 0.01643203 0.02930093 0.18810393 0.01705460
1479.49316439 0.00851258 0.00098904 0.00025555 0.00096440 0.00410828 0.17564910 0.04109602 0.50903653 0.01156730 0.01985761 0.03047544 0.18942350 0.01657722
1480.49349783 0.00861363 0.00058289 0.00020325 0.00043462 0.00238584 0.17750997 0.04603890 0.51005968 0.01147750 0.02036256 0.02705480 0.18621280 0.01767719
1481.49383128 0.00869521 0.00059267 0.00018670 0.00043965 0.00148402 0.17537417 0.04486943 0.50921176 0.01095938 0.02105515 0.02965996 0.18970846 0.01645866
1482.49416472 0.00860049 0.00066522 0.00016773 0.00049115 0.00212068 0.17705563 0.04406092 0.50768626 0.01275324 0.01996644 0.02897969 0.18825597 0.01779707
1483.49449817 0.00830338 0.00061480 0.00019596 0.00037914 0.00249146 0.17685686 0.04312457 0.50924081 0.01247802 0.01979392 0.02890410 0.18970524 0.01621513
1484.49483161 0.00858757 0.00064971 0.00016829 0.00023219 0.00201831 0.17734280 0.04220769 0.50886078 0.01344268 0.01718298 0.03100810 0.19056422 0.01632226
1485.49516506 0.00878449 0.00049253 0.00015017 0.00021713 0.00050899 0.17926573 0.04438999 0.50775923 0.01363499 0.01576440 0.03142814 0.18963739 0.01675131
1486.49549850 0.00856257 0.00054054 0.00012245 0.00036139 0.00227432 0.17854701 0.04500154 0.50819523 0.01368878 0.01280993 0.03220211 0.18828269 0.01797400
1487.49583194 0.00846700 0.00057846 0.00013516 0.00032722 0.00138737 0.17811582 0.04644377 0.50908225 0.01334480 0.01444075 0.03109889 0.18816944 0.01687607
1488.49616539 0.00818122 0.00072354 0.00015698 0.00074807 0.00281916 0.17971968 0.04636393 0.50819858 0.01271033 0.01495176 0.02956473 0.18713441 0.01690883
1489.49649883 0.00790852 0.00062466 0.00033025 0.00046124 0.00304519 0.17856748 0.04448649 0.50872135 0.01192437 0.01610634 0.03105238 0.18732279 0.01735747
1490.49683228 0.00779250 0.00052212 0.00020684 0.00040257 0.00148042 0.18031259 0.04479533 0.50851435 0.01214221 0.01663479 0.02937833 0.18848008 0.01713036
1491.49716572 0.00774983 0.00036381 0.00030902 0.00018462 0.00038537 0.17834597 0.04564398 0.50957756 0.01083781 0.01801314 0.02891950 0.19038876 0.01703045
1492.49749917 0.00786173 0.00029323 0.00022279 0.00015111 0.00030543 0.18052778 0.04424551 0.50966763 0.00968315 0.01766026 0.03013846 0.19048337 0.01662127
1493.49783261 0.00861645 0.00048842 0.00021517 0.00035454 0.00195324 0.17620232 0.04638563 0.50934837 0.01208413 0.01784238 0.02745393 0.19137951 0.01629235
1494.49816606 0.00866217 0.00079454 0.00015212 0.00061370 0.00256519 0.17635180 0.04395190 0.51053377 0.01102728 0.01577290 0.03118136 0.19002674 0.01702870
1495.49849950 0.00867206 0.00116846 0.00013818 0.00051058 0.00357233 0.17491322 0.04613906 0.50758305 0.01432099 0.01494177 0.03023317 0.18834549 0.01813370
1496.49883294 0.00874707 0.00099807 0.00017884 0.00050128 0.00194324 0.17354496 0.04687533 0.50894113 0.01400109 0.01537563 0.03283413 0.18781691 0.01698940
1497.49916639 0.00883822 0.00083831 0.00016829 0.00035044 0.00278276 0.17477661 0.04742544 0.50874790 0.01329739 0.01509113 0.03083443 0.18758637 0.01810094
1498.49949983 0.00859213 0.00081365 0.00017096 0.00055850 0.00324222 0.17596248 0.04602583 0.50985781 0.01267721 0.01540046 0.03108581 0.18718246 0.01702262
1499.49983328 0.00815524 0.00076833 0.00017307 0.00063654 0.00200873 0.17608688 0.04633013 0.50923532 0.01213651 0.01613746 0.03000328 0.18948828 0.01699547
1500.50016672 0.00764983 0.00048213 0.00016324 0.00063964 0.00335441 0.17821615 0.04381860 0.50883152 0.01084271 0.01691313 0.03064536 0.18791950 0.01817360
1501.50050017 0.00726862 0.00154255 0.00016080 0.00116112 0.00374110 0.17680390 0.04428320 0.50798397 0.01273650 0.01729640 0.02802088 0.18966252 0.01660706
1502.50083361 0.00729890 0.00087135 0.00016099 0.00037959 0.00271994 0.17754954 0.04441765 0.50678600 0.01217628 0.01681366 0.03046416 0.18882549 0.01883534
1503.50116706 0.00703203 0.00119423 0.00033145 0.00119058 0.00459319 0.17336579 0.04591369 0.50790854 0.01238179 0.01814415 0.02995866 0.18841678 0.01660115
1504.50150050 0.00670509 0.00082355 0.00017656 0.00084662 0.00487965 0.17561211 0.04317402 0.50805773 0.01215446 0.01650615 0.03013821 0.18939814 0.01823278
1505.50183394 0.00683970 0.00067508 0.00017280 0.00069862 0.00208745 0.17563623 0.04447165 0.51024468 0.01268898 0.01484841 0.03173063 0.18838631 0.01835917
1506.50216739 0.00707608 0.00112574 0.00017795 0.00085694 0.00217911 0.17674633 0.04508694 0.50952102 0.01447016 0.01381340 0.03080821 0.18832183 0.01689237
1507.50250083 0.00738653 0.00079741 0.00014603 0.00050494 0.00187301 0.17661661 0.04578254 0.50792189 0.01396388 0.01250688 0.03412885 0.18830452 0.01745343
1508.50283428 0.00749192 0.00088520 0.00018670 0.00072229 0.00280294 0.17671755 0.04436511 0.50833297 0.01512234 0.01424569 0.03333380 0.18703029 0.01625513
1509.50316772 0.00785433 0.00141939 0.00017176 0.00128156 0.00470341 0.17599225 0.04293343 0.50888883 0.01346382 0.01479696 0.03133906 0.18827976 0.01672977
1510.50350117 0.00774689 0.00086711 0.00021560 0.00053764 0.00401419 0.17762201 0.04126743 0.51170155 0.01300763 0.01529080 0.03054271 0.18878728 0.01614606
1511.50383461 0.00781779 0.00103765 0.00015848 0.00068631 0.00685095 0.17755189 0.04060897 0.51019967 0.01220915 0.01655335 0.02756115 0.18969123 0.01689118
1512.50416806 0.00757464 0.00113064 0.00016069 0.00074948 0.00306457 0.17789206 0.04358513 0.51146551 0.01236052 0.01794778 0.02715231 0.18860505 0.01588627
1513.50450150 0.00763489 0.00064803 0.00020988 0.00029199 0.00153509 0.17850918 0.04211384 0.51080716 0.00963281 0.01928644 0.02937411 0.19096414 0.01662733
1514.50483494 0.00725132 0.00110501 0.00016878 0.00076043 0.00356859 0.17517305 0.04303770 0.51268125 0.00994491 0.01928397 0.02705142 0.18904255 0.01818235
1515.50516839 0.00695215 0.00076732 0.00018957 0.00075522 0.00203936 0.17538950 0.04249294 0.51215877 0.01200036 0.01889627 0.02754508 0.18903597 0.01872965
1516.50550183 0.00701916 0.00052393 0.00020213 0.00040460 0.00137056 0.17667982 0.04463833 0.51170343 0.01096259 0.01690652 0.02853416 0.18976795 0.01830598
1517.50583528 0.00687009 0.00056630 0.00022105 0.00057055 0.00170109 0.17590025 0.04442586 0.51361502 0.01153559 0.01664233 0.02881100 0.18891654 0.01709443
1518.50616872 0.00684526 0.00052264 0.00015764 0.00051545 0.00321848 0.17441916 0.04527972 0.51258504 0.01223213 0.01508510 0.02889917 0.18923383 0.01785164
1519.50650217 0.00689192 0.00122776 0.00022175 0.00106633 0.00333744 0.17339154 0.04563630 0.51130766 0.01196011 0.01398639 0.02981284 0.18868263 0.01936924
1520.50683561 0.00736782 0.00092331 0.00017815 0.00072719 0.00434459 0.17065336 0.04525209 0.51114346 0.01197424 0.01511986 0.03132346 0.19007333 0.01828695
1521.50716906 0.00780844 0.00092767 0.00015507 0.00062110 0.00308414 0.17121896 0.04938566 0.51038824 0.01338490 0.01401476 0.03165678 0.18667370 0.01848901
1522.50750250 0.00790397 0.00110856 0.00018862 0.00120996 0.00382551 0.17048007 0.04716605 0.50709362 0.01372794 0.01443983 0.03304829 0.18884113 0.01887044
1523.50783595 0.00827488 0.00097312 0.00016083 0.00068466 0.00479330 0.17152201 0.04943375 0.50769572 0.01555142 0.01396737 0.03198851 0.18504909 0.01818023
1524.50816939 0.00855253 0.00106071 0.00013000 0.00049135 0.00287849 0.17013122 0.04690861 0.50750884 0.01584613 0.01356638 0.03464445 0.18667623 0.02015758
1525.50850283 0.00861328 0.00091852 0.00012570 0.00075466 0.00270432 0.17048575 0.04778461 0.50762703 0.01499409 0.01482687 0.03361498 0.18638850 0.01977499
1526.50883628 0.00840246 0.00063268 0.00016946 0.00062481 0.00133585 0.17026862 0.04886643 0.50893025 0.01247466 0.01820209 0.03275124 0.18615016 0.01959375
1527.50916972 0.00812372 0.00041993 0.00020236 0.00041997 0.00089112 0.17169332 0.04934972 0.50676498 0.01085775 0.02036805 0.03039840 0.18903271 0.01960170
1528.50950317 0.00771299 0.00043061 0.00020855 0.00041367 0.00077124 0.17210639 0.04978755 0.50928013 0.01069949 0.02010652 0.03000877 0.18850703 0.01768003
1529.50983661 0.00752391 0.00072169 0.00017953 0.00059314 0.00147362 0.17238946 0.04712733 0.50936300 0.01102053 0.01997646 0.02983795 0.18814308 0.01917423
1530.51017006 0.00729952 0.00056152 0.00017767 0.00027423 0.00061542 0.17213159 0.04749192 0.50780618 0.01201674 0.01959404 0.03111419 0.18991927 0.01829722
1531.51050350 0.00703208 0.00056108 0.00015861 0.00039146 0.00067940 0.17342310 0.04792212 0.50903177 0.01246969 0.01779313 0.03075645 0.18758543 0.01922775
1532.51083695 0.00654276 0.00096553 0.00013985 0.00081108 0.00186467 0.17216893 0.04803941 0.50789201 0.01203431 0.01605201 0.03318140 0.18779208 0.01905872
1533.51117039 0.00640087 0.00065417 0.00017503 0.00073868 0.00241541 0.17409673 0.04931091 0.50885996 0.01270322 0.01365469 0.03187191 0.18705919 0.01846010
1534.51150383 0.00646531 0.00066367 0.00012476 0.00065471 0.00194019 0.17312484 0.04974477 0.50854741 0.01295058 0.01285802 0.03271930 0.18852418 0.01814757
1535.51183728 0.00665411 0.00051956 0.00012784 0.00033332 0.00148328 0.17837020 0.04787007 0.50727406 0.01276546 0.01189849 0.03219054 0.18771553 0.01945164
1536.51217072 0.00666449 0.00043617 0.00015272 0.00022982 0.00221658 0.17735483 0.04783392 0.50902735 0.01247250 0.01193155 0.03202517 0.18880587 0.01751351
1537.51250417 0.00670712 0.00048174 0.00018595 0.00025160 0.00141411 0.18014360 0.04594413 0.50944569 0.01117533 0.01234443 0.03188777 0.18900765 0.01771800
1538.51283761 0.00687811 0.00085317 0.00014181 0.00052009 0.00322325 0.17942485 0.04647654 0.50956222 0.01222178 0.01274097 0.02901962 0.18875955 0.01705614
1539.51317106 0.00757712 0.00088925 0.00011436 0.00047850 0.00189472 0.17871760 0.04551351 0.50979535 0.01309477 0.01328163 0.03137060 0.18744578 0.01740394
1540.51350450 0.00802146 0.00054952 0.00011520 0.00026306 0.00142282 0.17848191 0.04684802 0.50989142 0.01236732 0.01482472 0.02970298 0.18747478 0.01805825
1541.51383795 0.00780770 0.00084645 0.00010548 0.00037100 0.00238250 0.17793594 0.04578517 0.51013018 0.01122029 0.01555973 0.03123081 0.18721802 0.01721443
1542.51417139 0.00769408 0.00090736 0.00011785 0.00068066 0.00297439 0.17619192 0.04905558 0.50916319 0.01074558 0.01707861 0.02748232 0.18700957 0.01859298
1543.51450483 0.00763228 0.00078688 0.00014634 0.00083600 0.00300655 0.17741549 0.04590182 0.50642652 0.01008853 0.01945391 0.02902468 0.18744786 0.01946543
1544.51483828 0.00746511 0.00082152 0.00019576 0.00055685 0.00302582 0.17440421 0.04580137 0.50643164 0.01091149 0.01987718 0.02965546 0.18924024 0.01907846
1545.51517172 0.00744007 0.00066766 0.00018341 0.00056242 0.00212861 0.17726651 0.04623832 0.50613229 0.01257989 0.01892281 0.02955218 0.18664973 0.01911617
1546.51550517 0.00743510 0.00067076 0.00016643 0.00035960 0.00142099 0.17431685 0.04633127 0.50449552 0.01341517 0.01821586 0.03247023 0.18972442 0.01841289
1547.51583861 0.00735993 0.00059804 0.00019838 0.00062453 0.00296966 0.17650342 0.04750949 0.50643034 0.01334063 0.01630100 0.03175139 0.18642818 0.01734495
1548.51617206 0.00757646 0.00049568 0.00015854 0.00036830 0.00051162 0.17377259 0.05068170 0.50653785 0.01379780 0.01522049 0.03226148 0.18837610 0.01781786
1549.51650550 0.00775032 0.00067293 0.00024515 0.00055572 0.00152754 0.17498037 0.04619278 0.50625134 0.01334847 0.01449335 0.03619514 0.18678551 0.01875170
1550.51683895 0.00775039 0.00064488 0.00017646 0.00039780 0.00199229 0.17366845 0.04964794 0.50744151 0.01581334 0.01430191 0.03188196 0.18682901 0.01720444
1551.51717239 0.00771159 0.00060219 0.00012413 0.00031612 0.00129901 0.17407617 0.04841920 0.50534332 0.01402449 0.01450341 0.03704783 0.18513054 0.01911360
1552.51750584 0.00766259 0.00070851 0.00012615 0.00062820 0.00201009 0.17262495 0.05127768 0.50543837 0.01349731 0.01605199 0.03241489 0.18663910 0.01858276
1553.51783928 0.00752345 0.00058857 0.00013673 0.00031942 0.00131274 0.17536698 0.05017454 0.50506759 0.01310078 0.01665235 0.03254708 0.18611897 0.01861426
1554.51817272 0.00747872 0.00092052 0.00016680 0.00075570 0.00530509 0.17046980 0.04725695 0.50565979 0.01216166 0.01949610 0.03195513 0.18787484 0.01797763
1555.51850617 0.00748732 0.00132529 0.00015008 0.00082190 0.00393258 0.17126451 0.04918845 0.50478360 0.01310400 0.01986329 0.03013654 0.18667097 0.01875880
1556.51883961 0.00765352 0.00136143 0.00015592 0.00139371 0.00680455 0.16853116 0.04703454 0.50340132 0.01259583 0.01996418 0.03200030 0.18655253 0.02020453
1557.51917306 0.00772153 0.00121992 0.00014490 0.00136486 0.00735035 0.16940972 0.04860346 0.50403179 0.01255710 0.01796149 0.03245877 0.18488500 0.02001264
1558.51950650 0.00729208 0.00122791 0.00018209 0.00123569 0.00706870 0.16753659 0.05034870 0.50341976 0.01435844 0.01910115 0.03047005 0.18590231 0.01914860
1559.51983995 0.00743441 0.00148433 0.00014244 0.00142344 0.00670947 0.16860786 0.04813278 0.50237522 0.01346032 0.01755155 0.03484997 0.18417729 0.02108535
1560.52017339 0.00758319 0.00116186 0.00016064 0.00088168 0.00330365 0.16805997 0.05015705 0.50291621 0.01587798 0.01808643 0.03494192 0.18488429 0.01956832
1561.52050684 0.00747586 0.00084611 0.00015107 0.00039091 0.00226906 0.16861398 0.05029445 0.50474965 0.01580553 0.01641071 0.03434884 0.18638254 0.01973717
1562.52084028 0.00717885 0.00101557 0.00021074 0.00062984 0.00458613 0.16870504 0.04721821 0.50540892 0.01421793 0.01705940 0.03585807 0.18691458 0.01817556
1563.52117372 0.00750315 0.00094168 0.00030029 0.00046687 0.00340438 0.17012900 0.04889088 0.50537745 0.01439524 0.01785680 0.03325855 0.18748258 0.01749628
1564.52150717 0.00814096 0.00059793 0.00022327 0.00033660 0.00163339 0.17009723 0.04816014 0.50574400 0.01450727 0.01979087 0.03257904 0.18916490 0.01716533
1565.52184061 0.00811311 0.00086830 0.00022845 0.00092129 0.00505257 0.17033160 0.04470470 0.50662811 0.01339272 0.02053163 0.03214541 0.18711401 0.01808121
1566.52217406 0.00818875 0.00066680 0.00036515 0.00046304 0.00249770 0.16926325 0.04792473 0.50872338 0.01374126 0.02062634 0.02948603 0.18912162 0.01712070
1567.52250750 0.00836770 0.00060298 0.00023821 0.00032042 0.00144735 0.17175120 0.04359472 0.51270077 0.01206185 0.01985503 0.03363013 0.18573596 0.01806139
1568.52284095 0.00864043 0.00061317 0.00019918 0.00053697 0.00136586 0.17118336 0.04624918 0.51041178 0.01366675 0.01986199 0.03019276 0.18834606 0.01737294
1569.52317439 0.00882488 0.00042179 0.00018185 0.00023403 0.00178146 0.17720074 0.04404375 0.50885052 0.01237103 0.01900367 0.03143349 0.18701896 0.01745872
1570.52350784 0.00914550 0.00068078 0.00016685 0.00045603 0.00148596 0.17665387 0.04502708 0.50868039 0.01280012 0.01874557 0.03092752 0.18827159 0.01610424
1571.52384128 0.00909291 0.00047077 0.00015801 0.00017365 0.00039764 0.17925435 0.04523416 0.50515327 0.01419214 0.01788058 0.03209205 0.18815454 0.01683886
1572.52417472 0.00878776 0.00038741 0.00016226 0.00017517 0.00036978 0.17777312 0.04586136 0.50514315 0.01341500 0.01777162 0.03204082 0.19041462 0.01648569
1573.52450817 0.00834444 0.00045214 0.00023644 0.00019602 0.00169351 0.17855690 0.04459879 0.50430187 0.01359762 0.01787258 0.03327929 0.18849380 0.01672102
1574.52484161 0.00819420 0.00088918 0.00027072 0.00070205 0.00302742 0.17635814 0.04568005 0.50548728 0.01437602 0.01784539 0.02981078 0.18955754 0.01599542
1575.52517506 0.00814085 0.00046514 0.00022382 0.00019979 0.00144934 0.17704867 0.04216702 0.50834632 0.01302423 0.01810815 0.03411182 0.18814087 0.01671483
1576.52550850 0.00820931 0.00064544 0.00019983 0.00034427 0.00180855 0.17650649 0.04571318 0.50806493 0.01442270 0.01903669 0.02824456 0.18870021 0.01631315
1577.52584195 0.00796492 0.00048134 0.00017318 0.00016819 0.00046260 0.17709991 0.04299727 0.50976922 0.01315926 0.01925880 0.03334177 0.18674943 0.01633903
1578.52617539 0.00765923 0.00037951 0.00018200 0.00018284 0.00140361 0.17614462 0.04530883 0.50967588 0.01301746 0.02040157 0.02955386 0.18728385 0.01646597
1579.52650884 0.00749667 0.00046820 0.00018209 0.00028126 0.00130104 0.17506224 0.04442878 0.50846844 0.01225218 0.02106405 0.03069641 0.18910360 0.01669170
1580.52684228 0.00761225 0.00065049 0.00024532 0.00036282 0.00103865 0.17606468 0.04356387 0.50913778 0.01201625 0.02062452 0.03061130 0.18910367 0.01658065
1581.52717573 0.00946397 0.00086087 0.00017690 0.00061715 0.00108430 0.17444106 0.04446597 0.50681943 0.01469481 0.01947929 0.03084150 0.18975474 0.01676398
1582.52750917 0.00954317 0.00121604 0.00019452 0.00104514 0.00390632 0.17232500 0.04407711 0.50686291 0.01391635 0.01723323 0.03236439 0.19055273 0.01630626
1583.52784261 0.00946254 0.00073915 0.00016960 0.00048141 0.00398075 0.17307256 0.04513858 0.51007964 0.01313150 0.01574130 0.03242988 0.18758835 0.01744728
1584.52817606 0.00932207 0.00051766 0.00024157 0.00025987 0.00127082 0.17078831 0.04521599 0.51156448 0.01374351 0.01713475 0.03274210 0.18970175 0.01681918
1585.52850950 0.00934837 0.00053514 0.00021778 0.00038959 0.00152052 0.17249242 0.04519623 0.51191109 0.01402746 0.01765391 0.03173193 0.18745585 0.01686809
1586.52884295 0.00993797 0.00053130 0.00024933 0.00081176 0.00264096 0.16980058 0.04376619 0.51033384 0.01261433 0.02025969 0.03334944 0.18768026 0.01796233
1587.52917639 0.01039061 0.00066829 0.00025125 0.00066057 0.00289285 0.17216771 0.04540631 0.51217590 0.01162992 0.02007215 0.02913156 0.18763831 0.01730517
1588.52950984 0.01010659 0.00064468 0.00025377 0.00054574 0.00167374 0.17079925 0.04389116 0.51260270 0.01060387 0.02097808 0.03200443 0.18853578 0.01746679
1589.52984328 0.00962999 0.00060098 0.00023838 0.00031589 0.00127400 0.17201723 0.04627887 0.51154052 0.01228520 0.01989965 0.02857786 0.18953299 0.01743844
1590.53017673 0.00953059 0.00057525 0.00022224 0.00045494 0.00172224 0.16979591 0.04448689 0.51299990 0.01256176 0.01835620 0.03198669 0.18957958 0.01725839
1591.53051017 0.00941606 0.00056967 0.00021059 0.00025576 0.00131847 0.17003000 0.04716418 0.51022458 0.01290023 0.01770196 0.03161688 0.19027726 0.01773042
1592.53084361 0.00924483 0.00045281 0.00036153 0.00017322 0.00039714 0.16534025 0.04819473 0.51380991 0.01302936 0.01741751 0.03230102 0.19103667 0.01748586
1593.53117706 0.00918994 0.00062757 0.00029884 0.00025476 0.00052568 0.16598525 0.04731529 0.51292639 0.01396325 0.01817744 0.03351110 0.18875881 0.01765563
1594.53151050 0.00881960 0.00069618 0.00028560 0.00035968 0.00322635 0.16403971 0.04761196 0.51247024 0.01405058 0.01982605 0.03134246 0.18901580 0.01707538
1595.53184395 0.00874704 0.00120565 0.00026283 0.00108517 0.00297263 0.16530450 0.04593401 0.51267456 0.01405543 0.01938657 0.03275871 0.18679820 0.01756175
1596.53217739 0.00857331 0.00066696 0.00020992 0.00064226 0.00435578 0.16331649 0.04593745 0.51361394 0.01328418 0.01903662 0.03335055 0.18731203 0.01827380
1597.53251084 0.00854997 0.00052512 0.00025030 0.00049573 0.00243520 0.16374630 0.04666249 0.51485633 0.01357052 0.01930774 0.03211440 0.18841646 0.01761942
1598.53284428 0.00849035 0.00064228 0.00022703 0.00048072 0.00243204 0.16398070 0.04553340 0.51532299 0.01323246 0.01914296 0.03221340 0.18898122 0.01781081
1599.53317773 0.00846118 0.00062251 0.00018971 0.00051148 0.00283669 0.16498933 0.04658008 0.51561848 0.01315019 0.01862100 0.03134152 0.18864666 0.01689237
1600.53351117 0.00855507 0.00047623 0.00022127 0.00020000 0.00042712 0.16699241 0.04553196 0.51455229 0.01338924 0.01933778 0.03079241 0.19037081 0.01770848
1601.53384461 0.00862071 0.00043740 0.00017003 0.00028336 0.00319304 0.16810273 0.04229152 0.51437936 0.01191281 0.01902446 0.03285496 0.19069778 0.01665254
1602.53417806 0.00860725 0.00056701 0.00016912 0.00036656 0.00170740 0.16918734 0.04568012 0.51496915 0.01324132 0.01883875 0.02801685 0.19060215 0.01665422
1603.53451150 0.00841188 0.00033941 0.00024972 0.00017125 0.00032030 0.17074133 0.04269155 0.51511312 0.01162375 0.01828132 0.03231538 0.19175981 0.01639307
1604.53484495 0.00814566 0.00037502 0.00018159 0.00015147 0.00033702 0.17264912 0.04369927 0.51625512 0.01271618 0.01808762 0.02874660 0.19095820 0.01584279
1605.53517839 0.00825242 0.00037138 0.00023479 0.00018275 0.00044637 0.17082698 0.04245048 0.51669664 0.01284324 0.01843606 0.03036270 0.19132281 0.01582581
1606.53551184 0.00833944 0.00061671 0.00017412 0.00034606 0.00183231 0.17054030 0.04361188 0.51607208 0.01447325 0.01744708 0.03027097 0.18916531 0.01544993
1607.53584528 0.00851065 0.00055849 0.00020147 0.00017122 0.00053898 0.17146736 0.04165834 0.51639912 0.01436933 0.01763739 0.03113762 0.19000731 0.01585338
1608.53617873 0.00837646 0.00086191 0.00019370 0.00016665 0.00077820 0.17046283 0.04247241 0.51613888 0.01456987 0.01819910 0.03095808 0.18961043 0.01558792
1609.53651217 0.00749654 0.00111842 0.00016622 0.00062260 0.00234594 0.16950797 0.04273998 0.51422956 0.01342370 0.01851807 0.03093525 0.18978128 0.01661099
1610.53684562 0.00744970 0.00065986 0.00022525 0.00047968 0.00319991 0.16991603 0.04386931 0.51265605 0.01305063 0.02033701 0.02981068 0.19007242 0.01572318
1611.53717906 0.00742214 0.00101811 0.00016922 0.00077004 0.00325289 0.16975293 0.04155567 0.51306923 0.01290683 0.02040039 0.03081236 0.19000960 0.01628274
1612.53751250 0.00650741 0.00086543 0.00018163 0.00072875 0.00383078 0.16942340 0.04165406 0.51327716 0.01370624 0.02093165 0.02944630 0.18970301 0.01625161
1613.53784595 0.00646432 0.00055258 0.00018362 0.00053139 0.00266302 0.17059230 0.04236282 0.51424338 0.01260734 0.02006798 0.03068317 0.18843491 0.01707749
1614.53817939 0.00632923 0.00054404 0.00018955 0.00047948 0.00256445 0.17113008 0.04380599 0.51331461 0.01267095 0.02042734 0.03034010 0.18839068 0.01614273
1615.53851284 0.00625983 0.00053944 0.00019917 0.00048136 0.00239846 0.17028482 0.04483584 0.51335912 0.01246730 0.02035463 0.03056960 0.18818891 0.01632135
1616.53884628 0.00623948 0.00039419 0.00019603 0.00016897 0.00031888 0.17112317 0.04479884 0.51277430 0.01308561 0.02015632 0.03261283 0.18815784 0.01621301
1617.53917973 0.00626565 0.00050128 0.00019095 0.00015037 0.00042074 0.17054606 0.04572704 0.51172303 0.01489707 0.01995557 0.03008295 0.18912572 0.01667921
1618.53951317 0.00607507 0.00042672 0.00018008 0.00015414 0.00038332 0.16997961 0.04390608 0.51182820 0.01324459 0.01995074 0.03378370 0.18926508 0.01689773
1619.53984662 0.00583332 0.00038328 0.00016843 0.00014821 0.00035557 0.17044532 0.04526417 0.51112060 0.01304994 0.01995175 0.03243347 0.18966587 0.01701339
1620.54018006 0.00564337 0.00059728 0.00017741 0.00019823 0.00054296 0.16851461 0.04668194 0.51354457 0.01224369 0.02006631 0.03098478 0.18983671 0.01661152
1621.54051350 0.00559700 0.00050773 0.00017514 0.00019006 0.00049921 0.16927310 0.04696775 0.51349413 0.01298778 0.01944026 0.03046499 0.18926023 0.01673962
1622.54084695 0.00555527 0.00080155 0.00015801 0.00051881 0.00082761 0.16777248 0.04516145 0.51489002 0.01401483 0.01762783 0.03224400 0.18898518 0.01699824
1623.54118039 0.00534766 0.00084967 0.00016172 0.00066591 0.00440835 0.16907590 0.04444847 0.51376487 0.01434927 0.01761877 0.03058313 0.18751583 0.01655810
1624.54151384 0.00521881 0.00066167 0.00015144 0.00059758 0.00343675 0.16830177 0.04322184 0.51479888 0.01244876 0.01687365 0.03369511 0.18853766 0.01727488
1625.54184728 0.00513255 0.00090650 0.00013957 0.00051182 0.00433909 0.16838813 0.04445030 0.51472905 0.01372524 0.01639173 0.03215091 0.18755341 0.01671425
1626.54218073 0.00519477 0.00075045 0.00020785 0.00063083 0.00266639 0.16854899 0.04380616 0.51608268 0.01275354 0.01780387 0.02989669 0.19020252 0.01665003
1627.54251417 0.00605395 0.00120937 0.00020338 0.00097394 0.00442225 0.16895585 0.04154750 0.51316883 0.01191794 0.01828916 0.03233743 0.19030435 0.01666998
1628.54284762 0.00663529 0.00055776 0.00018907 0.00050310 0.00322470 0.16972066 0.04512157 0.51444343 0.01269220 0.01913295 0.02706016 0.19082402 0.01653039
1629.54318106 0.00702319 0.00091808 0.00015730 0.00105467 0.00314685 0.17032571 0.04244896 0.51210250 0.01221330 0.01877976 0.03120234 0.19134060 0.01630993
1630.54351450 0.00750101 0.00061513 0.00012408 0.00040706 0.00308515 0.17006042 0.04364533 0.51332198 0.01308177 0.01868453 0.02989517 0.18992155 0.01715781
1631.54384795 0.00627686 0.00154468 0.00011998 0.00144571 0.00738736 0.16969224 0.04228116 0.51341355 0.01262454 0.01717589 0.02949754 0.18841740 0.01639993
1632.54418139 0.00592990 0.00146260 0.00018280 0.00116624 0.00615729 0.17013248 0.04040173 0.51350444 0.01155752 0.02002185 0.02957272 0.18927895 0.01656138
1633.54451484 0.00603876 0.00099940 0.00016324 0.00108733 0.00604313 0.17206312 0.03940502 0.51430200 0.01308821 0.01871807 0.02869122 0.18848729 0.01695199
1634.54484828 0.00612705 0.00059937 0.00016588 0.00048014 0.00168453 0.17065406 0.04338184 0.51667252 0.01300219 0.01895357 0.02942743 0.18874464 0.01623383
1635.54518173 0.00604550 0.00115349 0.00015062 0.00094109 0.00318667 0.17153108 0.04135953 0.51281796 0.01334606 0.01787926 0.03095681 0.19003988 0.01663754
1636.54551517 0.00600580 0.00114778 0.00014099 0.00092791 0.00586236 0.17243666 0.04143109 0.51336173 0.01381408 0.01720612 0.02869845 0.18936325 0.01560958
1637.54584862 0.00568014 0.00083760 0.00024176 0.00066343 0.00411276 0.17466123 0.03721905 0.51347498 0.01311213 0.01806905 0.03045113 0.19107090 0.01608598
1638.54618206 0.00561013 0.00062182 0.00020556 0.00038990 0.00158234 0.17580120 0.03771552 0.51363759 0.01392895 0.01863789 0.02991436 0.19246456 0.01510029
1639.54651551 0.00592873 0.00045772 0.00027868 0.00014612 0.00039795 0.17698929 0.03885846 0.51672498 0.01258426 0.01974425 0.02718178 0.19130329 0.01533322
1640.54684895 0.00806057 0.00059509 0.00025076 0.00016596 0.00034721 0.17709436 0.04029003 0.51500809 0.01186330 0.01976487 0.02876128 0.19095333 0.01490571
1641.54718239 0.00828702 0.00045662 0.00034782 0.00031348 0.00105797 0.17625552 0.04179897 0.51645806 0.01083831 0.02083682 0.02673922 0.18962130 0.01527590
1642.54751584 0.00866813 0.00054554 0.00022348 0.00036733 0.00170269 0.17417337 0.04016890 0.51758065 0.01076538 0.02044248 0.02803187 0.19054714 0.01545118
1643.54784928 0.00869965 0.00054978 0.00020625 0.00016138 0.00043865 0.17484573 0.04106434 0.51780115 0.01165930 0.01965814 0.02842593 0.18936141 0.01582794
1644.54818273 0.00708288 0.00060544 0.00016430 0.00030129 0.00191562 0.17351622 0.04087506 0.51752340 0.01222778 0.01832777 0.02836502 0.19058625 0.01559185
1645.54851617 0.00720657 0.00069333 0.00019243 0.00036893 0.00111396 0.17334460 0.04144381 0.51541244 0.01177014 0.01852120 0.02992597 0.19156477 0.01564841
1646.54884962 0.00739836 0.00054076 0.00021620 0.00060849 0.00178957 0.17289239 0.04095984 0.51522834 0.01243154 0.01821340 0.02998522 0.19125769 0.01587657
1647.54918306 0.00734002 0.00045449 0.00022064 0.00028409 0.00128630 0.17361756 0.04048272 0.51363664 0.01301306 0.01750600 0.02860216 0.19381798 0.01707836
1648.54951651 0.00731962 0.00049089 0.00033426 0.00034159 0.00137696 0.17343678 0.04064792 0.51684648 0.01247964 0.01844682 0.03034788 0.19003227 0.01521850
1649.54984995 0.00748042 0.00056024 0.00024423 0.00018157 0.00051934 0.16898237 0.04351508 0.51624597 0.01484297 0.01844872 0.02876692 0.19188230 0.01581029
1650.55018339 0.00753721 0.00045433 0.00025755 0.00014600 0.00038974 0.17130899 0.04056715 0.51773441 0.01215307 0.01918836 0.03193634 0.18938816 0.01647590
1651.55051684 0.00745674 0.00039349 0.00024557 0.00016100 0.00035311 0.17229075 0.04240284 0.51929571 0.01208415 0.01979495 0.02861840 0.18864465 0.01571540
1652.55085028 0.00735473 0.00033009 0.00027217 0.00018197 0.00041011 0.17019532 0.04188596 0.52037220 0.01091725 0.02085328 0.02869430 0.19062701 0.01526033
1653.55118373 0.00807471 0.00051690 0.00024976 0.00028746 0.00204059 0.16888304 0.04113468 0.51898342 0.01113627 0.02190322 0.02913731 0.19004288 0.01568448
1654.55151717 0.00826685 0.00080113 0.00023968 0.00053383 0.00191721 0.16581421 0.04306098 0.51683786 0.01348032 0.02125470 0.02877499 0.19128549 0.01599959
1655.55185062 0.00850828 0.00099186 0.00023024 0.00089023 0.00269533 0.16401762 0.04041866 0.51948981 0.01286931 0.02020555 0.02985583 0.19177950 0.01655604
1656.55218406 0.00820750 0.00066626 0.00021238 0.00017669 0.00057486 0.16341714 0.04225999 0.51760654 0.01414104 0.01949361 0.03241805 0.19290382 0.01612962
1657.55251751 0.00812405 0.00052122 0.00021556 0.00024516 0.00161592 0.16253667 0.04318939 0.51875324 0.01478338 0.01904464 0.03203489 0.19071777 0.01634215
1658.55285095 0.00792825 0.00064692 0.00033211 0.00016271 0.00058241 0.16294806 0.04288970 0.51969519 0.01460214 0.01882389 0.03255891 0.19065245 0.01610551
1659.55318439 0.00785181 0.00082466 0.00025767 0.00079648 0.00168702 0.16147541 0.04286519 0.52195137 0.01470895 0.01756558 0.03200536 0.18850748 0.01735484
1660.55351784 0.00749608 0.00081433 0.00020676 0.00048210 0.00289458 0.16018182 0.04262395 0.52115971 0.01492315 0.01851968 0.03128692 0.18976809 0.01713891
1661.55385128 0.00711995 0.00122567 0.00022078 0.00095180 0.00230520 0.16253730 0.03980858 0.52208018 0.01406638 0.01998822 0.03145051 0.18944127 0.01592410
1662.55418473 0.00704974 0.00075211 0.00028615 0.00035290 0.00270046 0.16267155 0.04171163 0.52119504 0.01348395 0.02129100 0.02849072 0.19099154 0.01607295
1663.55451817 0.00706343 0.00065598 0.00027120 0.00024654 0.00151404 0.16361272 0.03983767 0.52020753 0.01269206 0.02296088 0.02992837 0.19221721 0.01585581
1664.55485162 0.00727428 0.00074253 0.00021074 0.00042342 0.00157105 0.16243662 0.03934032 0.52141714 0.01360184 0.02277796 0.03014564 0.19235670 0.01497605
1665.55518506 0.00737430 0.00084293 0.00019380 0.00079983 0.00317026 0.16222644 0.03918056 0.52051528 0.01325501 0.02228077 0.02716982 0.19366274 0.01670256
1666.55551851 0.00762701 0.00130229 0.00017392 0.00099571 0.00547191 0.16437590 0.03797964 0.52088363 0.01382973 0.02030206 0.02858395 0.19056121 0.01554006
1667.55585195 0.00769646 0.00124596 0.00016295 0.00083499 0.00449631 0.15989894 0.04143915 0.52026884 0.01649700 0.02021586 0.02818744 0.19035482 0.01639773
1668.55618540 0.00766179 0.00123233 0.00017450 0.00093756 0.00272598 0.16069569 0.03919141 0.52043885 0.01452801 0.02009023 0.03237960 0.18979691 0.01780893
1669.55651884 0.00761703 0.00075216 0.00022214 0.00075325 0.00336287 0.16122198 0.03922452 0.52369671 0.01450277 0.02025953 0.02957382 0.18922073 0.01720952
1670.55685228 0.00768463 0.00071068 0.00022516 0.00076049 0.00608514 0.15951613 0.03805085 0.52262318 0.01376536 0.02009689 0.03195891 0.19046506 0.01574215
1671.55718573 0.00760123 0.00062454 0.00019572 0.00041293 0.00242753 0.16279650 0.04083884 0.52168552 0.01509316 0.01914814 0.02957505 0.19088205 0.01632001
1672.55751917 0.00768913 0.00058139 0.00018129 0.00040812 0.00153840 0.16333313 0.03987582 0.52405371 0.01441919 0.01854085 0.02952739 0.19236498 0.01517573
1673.55785262 0.00750409 0.00095103 0.00023486 0.00055299 0.00499234 0.16436329 0.03824795 0.52385679 0.01406491 0.01808379 0.02632692 0.19316114 0.01516398
1674.55818606 0.00751483 0.00052783 0.00034006 0.00024314 0.00205161 0.16608072 0.03782571 0.52365690 0.01293584 0.01982417 0.02798922 0.19350990 0.01501489
1675.55851951 0.00775149 0.00047668 0.00027309 0.00019545 0.00041301 0.16411403 0.03752621 0.52574863 0.01120243 0.02154408 0.02862658 0.19472542 0.01515439
1676.55885295 0.00807497 0.00042179 0.00026042 0.00015866 0.00039188 0.16697301 0.03757418 0.52631526 0.01144931 0.02230493 0.02777118 0.19132301 0.01505635
1677.55918640 0.00842363 0.00062704 0.00029588 0.00039154 0.00080538 0.16443245 0.03879736 0.52463721 0.01285509 0.02289550 0.02813751 0.19091848 0.01520655
1678.55951984 0.00866644 0.00057409 0.00024066 0.00022501 0.00180041 0.16581002 0.03933379 0.52340377 0.01307493 0.02177063 0.02682323 0.19042623 0.01651724
1679.55985328 0.00870181 0.00057759 0.00025476 0.00056973 0.00179069 0.16607178 0.04055922 0.52428580 0.01175508 0.02005467 0.02892703 0.18952261 0.01563103
1680.56018673 0.00878704 0.00039778 0.00021331 0.00025613 0.00116916 0.16542856 0.04132294 0.52197166 0.01177269 0.02039667 0.02880731 0.19175645 0.01650732
1681.56052017 0.00867163 0.00054960 0.00019127 0.00044079 0.00158265 0.16507797 0.03940416 0.52233721 0.01309672 0.01962932 0.03040345 0.19107263 0.01621423
1682.56085362 0.00835473 0.00059781 0.00019446 0.00030009 0.00133302 0.16497508 0.04224457 0.52170383 0.01321981 0.01819596 0.02879512 0.19262693 0.01581332
1683.56118706 0.00818758 0.00072308 0.00020881 0.00055721 0.00289859 0.16401161 0.04012885 0.52139985 0.01348818 0.01776954 0.02933908 0.19323555 0.01623965
1684.56152051 0.00806769 0.00104405 0.00019618 0.00073563 0.00128783 0.16415738 0.04342626 0.52240705 0.01275285 0.01782693 0.02919108 0.19142070 0.01555404
1685.56185395 0.00773940 0.00039345 0.00018855 0.00027374 0.00142612 0.16323572 0.04348454 0.52252971 0.01124262 0.01794858 0.03087656 0.19186123 0.01653917
1686.56218740 0.00742728 0.00062679 0.00020214 0.00040349 0.00191339 0.16352659 0.04376326 0.52461273 0.01148350 0.01779022 0.02923807 0.19064903 0.01579079
1687.56252084 0.00722323 0.00048443 0.00019826 0.00020076 0.00128612 0.16285231 0.04168715 0.52613437 0.01182725 0.01830920 0.03054969 0.18986894 0.01660152
1688.56285428 0.00843431 0.00070354 0.00017935 0.00066081 0.00300179 0.16628793 0.04151475 0.52365474 0.01208225 0.01722998 0.02884214 0.18988230 0.01596041
1689.56318773 0.00841421 0.00049946 0.00018291 0.00033210 0.00168432 0.16403617 0.04222864 0.52465040 0.01164817 0.01744163 0.02935088 0.19148575 0.01645958
1690.56352117 0.00833828 0.00052555 0.00020960 0.00032018 0.00282855 0.16651776 0.04167268 0.52298172 0.01125360 0.01823247 0.02769957 0.19212890 0.01562941
1691.56385462 0.00826612 0.00081504 0.00018444 0.00080209 0.00394047 0.16433361 0.04096653 0.52030109 0.01171385 0.01738562 0.02962727 0.19299595 0.01693404
1692.56418806 0.00807963 0.00073077 0.00018748 0.00056438 0.00163768 0.16379752 0.04327115 0.52104896 0.01192156 0.01746208 0.02871229 0.19151843 0.01914771
1693.56452151 0.00820525 0.00079441 0.00019072 0.00062961 0.00294362 0.16424799 0.04110316 0.51974519 0.01222106 0.01727635 0.03105120 0.19229434 0.01750234
1694.56485495 0.00786811 0.00090961 0.00021101 0.00068798 0.00302016 0.16410427 0.04039982 0.52198230 0.01250282 0.01752710 0.03018594 0.19098320 0.01748579
1695.56518840 0.00770086 0.00060390 0.00028177 0.00042719 0.00200349 0.16605775 0.04114386 0.52439955 0.01323298 0.01791469 0.02772220 0.18974565 0.01646697
1696.56552184 0.00783498 0.00067837 0.00024012 0.00058760 0.00407846 0.16377348 0.03874266 0.52363336 0.01194356 0.01823510 0.03109290 0.19125813 0.01573625
1697.56585529 0.00806439 0.00115524 0.00020754 0.00096182 0.00449863 0.16464608 0.04053003 0.52746777 0.01309708 0.01743803 0.02558539 0.18835983 0.01605257
1698.56618873 0.00748065 0.00106646 0.00022662 0.00106540 0.00470387 0.16526351 0.03905857 0.52449377 0.01140614 0.01565598 0.02993450 0.19120337 0.01592180
1699.56652217 0.00745041 0.00054534 0.00016394 0.00050263 0.00369472 0.16594943 0.04210294 0.52403819 0.01208660 0.01531273 0.02706000 0.19209539 0.01644810
1700.56685562 0.00714467 0.00085748 0.00018774 0.00074459 0.00360281 0.16820710 0.03866506 0.52462453 0.01114266 0.01596362 0.02698385 0.19315531 0.01586526
1701.56718906 0.00735153 0.00050768 0.00015761 0.00036407 0.00134427 0.16835189 0.03761349 0.52418799 0.01118445 0.01610596 0.02771475 0.19604726 0.01642059
1702.56752251 0.00753774 0.00042914 0.00014575 0.00036449 0.00144312 0.16876793 0.03918882 0.52646576 0.01105080 0.01611795 0.02701201 0.19374852 0.01526569
1703.56785595 0.00783237 0.00074707 0.00013962 0.00060068 0.00126757 0.16937366 0.03973704 0.52607756 0.01096288 0.01509754 0.02695434 0.19327976 0.01576228
1704.56818940 0.00830047 0.00052105 0.00013579 0.00020282 0.00041730 0.17004295 0.04111524 0.52733703 0.01076114 0.01531850 0.02768336 0.19114704 0.01531778
1705.56852284 0.00826865 0.00046683 0.00013675 0.00016110 0.00045158 0.17134748 0.04210179 0.52644786 0.01157457 0.01523097 0.02558315 0.19085629 0.01564162
1706.56885629 0.00805004 0.00037482 0.00013027 0.00016047 0.00037147 0.17090606 0.03895660 0.52696844 0.01016888 0.01538955 0.02974654 0.19085778 0.01596913
1707.56918973 0.00766016 0.00035279 0.00014047 0.00014657 0.00033436 0.17132880 0.04138554 0.52723557 0.01082219 0.01497185 0.02561362 0.19221720 0.01545104
1708.56952317 0.00726675 0.00058791 0.00014810 0.00062900 0.00112787 0.17072891 0.03880687 0.52643448 0.00956913 0.01541961 0.02768145 0.19335728 0.01550939
1709.56985662 0.00691971 0.00045034 0.00019508 0.00044577 0.00226333 0.17197306 0.03946966 0.52267195 0.01038981 0.01578543 0.02602867 0.19390495 0.01642194
1710.57019006 0.00658574 0.00165606 0.00017861 0.00160581 0.00393244 0.16943038 0.03845801 0.52320045 0.01037052 0.01595100 0.02462500 0.19550761 0.01508410
1711.57052351 0.00645939 0.00058457 0.00019184 0.00051923 0.00289556 0.16963534 0.03764279 0.52561802 0.00922254 0.01632638 0.02705939 0.19415708 0.01614726
1712.57085695 0.00620672 0.00043357 0.00017122 0.00038616 0.00166755 0.16943703 0.03924362 0.52849209 0.01011360 0.01420829 0.02477059 0.19467222 0.01640407
1713.57119040 0.00609538 0.00061271 0.00015725 0.00050052 0.00237901 0.16730813 0.03836869 0.53089087 0.01017694 0.01369469 0.02803350 0.19212708 0.01575061
1714.57152384 0.00611316 0.00042080 0.00014846 0.00030264 0.00049193 0.16815849 0.04135981 0.53082345 0.01023009 0.01336798 0.02653992 0.19100195 0.01715448
1715.57185729 0.00606211 0.00065583 0.00015408 0.00043521 0.00118546 0.16746143 0.04099188 0.53198055 0.00942214 0.01347556 0.02558865 0.19184360 0.01680561
1716.57219073 0.00611074 0.00029119 0.00015380 0.00015594 0.00032017 0.16918418 0.04111075 0.53214058 0.00851442 0.01340357 0.02741891 0.19187334 0.01543314
1717.57252417 0.00628240 0.00047511 0.00015831 0.00029339 0.00139369 0.16654305 0.03977421 0.53089565 0.00940455 0.01429676 0.02669452 0.19420254 0.01586822
1718.57285762 0.00639505 0.00053555 0.00011747 0.00043917 0.00146050 0.16643767 0.04116625 0.52898887 0.01033006 0.01435975 0.02559714 0.19486943 0.01569813
1719.57319106 0.00634153 0.00074738 0.00012378 0.00054396 0.00276306 0.16589275 0.04111020 0.52470454 0.00928645 0.01442277 0.02742539 0.19598728 0.01699243
1720.57352451 0.00620881 0.00061242 0.00012776 0.00072966 0.00271546 0.16617694 0.04296209 0.52676083 0.01039504 0.01440596 0.02569653 0.19280090 0.01661641
1721.57385795 0.00600059 0.00092499 0.00013432 0.00090840 0.00291209 0.16568589 0.04131224 0.52541331 0.00994662 0.01423059 0.02804372 0.19399404 0.01649378
1722.57419140 0.00589541 0.00098106 0.00013442 0.00111654 0.00270253 0.16276242 0.04193160 0.52816881 0.01178806 0.01382705 0.02923933 0.19003258 0.01731558
1723.57452484 0.00600310 0.00088890 0.00013391 0.00061177 0.00286421 0.16247828 0.04213924 0.52925801 0.01177477 0.01381196 0.02923855 0.18926144 0.01753896
1724.57485829 0.00699413 0.00126752 0.00013054 0.00073971 0.00380119 0.16275686 0.04091122 0.52606961 0.01245560 0.01372513 0.03066398 0.19050191 0.01697674
1725.57519173 0.00733522 0.00090976 0.00029275 0.00039059 0.00240106 0.16066763 0.04230137 0.52847850 0.01461891 0.01642737 0.02818615 0.18928402 0.01604188
1726.57552518 0.00710263 0.00053956 0.00023518 0.00025701 0.00087058 0.16266460 0.04408585 0.52400589 0.01143713 0.01805029 0.02943532 0.19223171 0.01618689
1727.57585862 0.00679465 0.00046201 0.00019191 0.00016049 0.00042203 0.16451140 0.04224766 0.52359723 0.01081929 0.01921900 0.02900829 0.19363113 0.01572955
1728.57619206 0.00681560 0.00062278 0.00016380 0.00018998 0.00200472 0.16406802 0.04020397 0.52456686 0.01270896 0.01970018 0.02677663 0.19356100 0.01543310
1729.57652551 0.00682954 0.00066012 0.00015769 0.00033008 0.00182569 0.16651234 0.03937446 0.52166023 0.01097733 0.01918114 0.02827350 0.19414935 0.01689807
1730.57685895 0.00698155 0.00098436 0.00014007 0.00091822 0.00305180 0.16640988 0.04131883 0.52376981 0.01035322 0.01738407 0.02762277 0.19208514 0.01596183
1731.57719240 0.00680677 0.00050636 0.00011899 0.00038948 0.00140096 0.16719169 0.04328103 0.52444310 0.01144822 0.01571862 0.02706009 0.19044314 0.01799832
1732.57752584 0.00666681 0.00054991 0.00010648 0.00069710 0.00188059 0.16752782 0.04159023 0.52444183 0.01098331 0.01477003 0.02971681 0.19001051 0.01772537
1733.57785929 0.00666518 0.00088539 0.00010115 0.00089122 0.00202312 0.16749550 0.04245088 0.52614339 0.01257986 0.01431133 0.02723269 0.18853837 0.01734710
1734.57819273 0.00658145 0.00059196 0.00019243 0.00042553 0.00151031 0.16990470 0.03945961 0.52460366 0.01094749 0.01583814 0.02766199 0.19097469 0.01788949
1735.57852618 0.00644908 0.00113263 0.00016231 0.00094848 0.00219252 0.16990722 0.04146276 0.52150109 0.01114245 0.01442635 0.02767559 0.19233590 0.01711269
1736.57885962 0.00627253 0.00111236 0.00012242 0.00103231 0.00517819 0.17013074 0.04051952 0.52120294 0.01080618 0.01451703 0.02647357 0.19109436 0.01781039
1737.57919306 0.00654001 0.00184165 0.00025964 0.00194105 0.00494843 0.17086703 0.03838939 0.51876705 0.01060191 0.01415288 0.02824734 0.19393822 0.01604542
1738.57952651 0.00677451 0.00093470 0.00015902 0.00080161 0.00452177 0.17105929 0.04028036 0.52177823 0.01107591 0.01420868 0.02569652 0.19345038 0.01603353
1739.57985995 0.00694318 0.00069620 0.00014964 0.00047441 0.00258918 0.17278076 0.03967953 0.52231095 0.01115155 0.01437497 0.02946467 0.19116145 0.01516668
1740.58019340 0.00754403 0.00069307 0.00017719 0.00061448 0.00372604 0.17414181 0.03723781 0.52290318 0.01279619 0.01453116 0.02602007 0.19206467 0.01509433
1741.58052684 0.00777602 0.00061428 0.00013646 0.00035250 0.00073911 0.17298880 0.03834415 0.52586330 0.01300680 0.01518752 0.02673198 0.19023567 0.01579941
1742.58086029 0.00780635 0.00062332 0.00014574 0.00053093 0.00124925 0.17258284 0.03705324 0.52662401 0.01036537 0.01593103 0.02691123 0.19071683 0.01726621
1743.58119373 0.00786609 0.00062976 0.00023633 0.00049241 0.00165136 0.17313680 0.04130871 0.52411433 0.01006402 0.01678651 0.02560989 0.19114549 0.01482439
1744.58152718 0.00793936 0.00085254 0.00019222 0.00111065 0.00416919 0.17148269 0.03871773 0.52287269 0.01017299 0.01658510 0.02454981 0.19351638 0.01577802
1745.58186062 0.00793822 0.00051650 0.00019575 0.00060384 0.00165631 0.17092157 0.03592398 0.52403550 0.00946340 0.01668788 0.02682257 0.19445693 0.01871579
1746.58219406 0.00814943 0.00108964 0.00022171 0.00118059 0.00259514 0.16859099 0.03972993 0.52269596 0.01154126 0.01620216 0.02520818 0.19383654 0.01710790
1747.58252751 0.00819474 0.00112633 0.00022904 0.00094419 0.00480950 0.16684121 0.03760287 0.52181370 0.01088773 0.01649178 0.02746116 0.19519593 0.01659656
1748.58286095 0.00807243 0.00083920 0.00022051 0.00070241 0.00416104 0.16857761 0.03974201 0.52470935 0.01119522 0.01452264 0.02811507 0.19133709 0.01587784
1749.58319440 0.00809432 0.00082375 0.00020204 0.00069323 0.00497996 0.16812956 0.03907734 0.52634641 0.01118327 0.01364586 0.02559645 0.19277304 0.01654908
1750.58352784 0.00924015 0.00132165 0.00018368 0.00126384 0.00775033 0.16873056 0.03732660 0.52765587 0.00962249 0.01330308 0.02734959 0.18917301 0.01631931
1751.58386129 0.00943253 0.00077166 0.00023640 0.00091008 0.00609559 0.16787433 0.03912231 0.52559175 0.01103903 0.01491328 0.02646434 0.19028702 0.01669422
1752.58419473 0.00934681 0.00079049 0.00025439 0.00084135 0.00432096 0.16678910 0.03995367 0.52569080 0.01122412 0.01518254 0.02625753 0.19166239 0.01703265
1753.58452818 0.00912113 0.00074532 0.00035013 0.00068464 0.00355521 0.16887856 0.03962810 0.52385235 0.01109258 0.01575161 0.02734104 0.19300689 0.01511357
1754.58486162 0.00964096 0.00056119 0.00031683 0.00069598 0.00223227 0.16713385 0.04403205 0.52411922 0.01018813 0.01525442 0.02511812 0.19446449 0.01588344
1755.58519507 0.01016160 0.00074758 0.00023298 0.00041112 0.00197659 0.16723472 0.04040377 0.52315478 0.01130254 0.01434560 0.02904622 0.19496357 0.01618052
1756.58552851 0.00996403 0.00099155 0.00024434 0.00053351 0.00140709 0.16871485 0.04163449 0.52372806 0.01143340 0.01475744 0.02729886 0.19250818 0.01674823
1757.58586195 0.01029001 0.00119301 0.00019623 0.00084032 0.00362148 0.16767509 0.04356787 0.52082347 0.01137743 0.01496209 0.02621228 0.19174951 0.01778121
1758.58619540 0.01007294 0.00060219 0.00030154 0.00039012 0.00148887 0.16822031 0.04175880 0.52241163 0.00971124 0.01599326 0.02985112 0.19229404 0.01697688
1759.58652884 0.01003847 0.00118281 0.00022843 0.00105926 0.00354962 0.16930642 0.04476034 0.52287796 0.01126808 0.01479831 0.02466263 0.19021614 0.01609000
1760.58686229 0.01012019 0.00080545 0.00019152 0.00051918 0.00357839 0.16717261 0.04253527 0.52199445 0.01118884 0.01432251 0.02955558 0.19037195 0.01776427
1761.58719573 0.00995865 0.00092550 0.00018281 0.00072280 0.00412430 0.16950252 0.04268098 0.52007197 0.01148686 0.01490962 0.02897638 0.18971408 0.01670218
1762.58752918 0.00912810 0.00103034 0.00020858 0.00068016 0.00408808 0.17048505 0.04180830 0.51912053 0.01097885 0.01347310 0.02854276 0.19239254 0.01719171
1763.58786262 0.00875272 0.00085317 0.00025960 0.00066824 0.00343645 0.17250630 0.04169995 0.52052026 0.01118452 0.01300212 0.02773701 0.19172595 0.01640642
1764.58819607 0.00859598 0.00083472 0.00019922 0.00042986 0.00253761 0.17153543 0.04217894 0.51962326 0.01298111 0.01266242 0.02762847 0.19319541 0.01619355
1765.58852951 0.00873059 0.00069924 0.00017856 0.00041903 0.00234510 0.17330162 0.04245026 0.51968121 0.01202926 0.01305784 0.02777182 0.19233470 0.01573137
1766.58886295 0.00847162 0.00050525 0.00015285 0.00034391 0.00382559 0.17274032 0.04077715 0.52077583 0.00992649 0.01370328 0.02926744 0.19144686 0.01653505
1767.58919640 0.00785028 0.00054909 0.00017975 0.00025970 0.00322496 0.17394845 0.04226656 0.52007439 0.01099790 0.01493119 0.02617958 0.19107735 0.01631107
1768.58952984 0.00754469 0.00048538 0.00028314 0.00027249 0.00144275 0.17558235 0.04129541 0.51965075 0.00918174 0.01807872 0.02739211 0.19023120 0.01610395
1769.58986329 0.00778903 0.00054861 0.00037284 0.00043170 0.00158247 0.17546026 0.04290813 0.52034609 0.01021764 0.01710131 0.02516016 0.19022895 0.01564184
1770.59019673 0.00820390 0.00050262 0.00022369 0.00014981 0.00038910 0.17498899 0.04158923 0.52117636 0.01013813 0.01685405 0.02582279 0.19216435 0.01600089
1771.59053018 0.00828833 0.00040294 0.00021638 0.00014662 0.00036202 0.17672478 0.04079782 0.52088573 0.00954905 0.01662387 0.02633342 0.19200454 0.01595283
1772.59086362 0.00811992 0.00034756 0.00019014 0.00014530 0.00031825 0.17577466 0.04039702 0.52018133 0.00927476 0.01626149 0.02795014 0.19294462 0.01621472
1773.59119707 0.00808798 0.00066682 0.00019434 0.00055661 0.00119178 0.17462135 0.04434448 0.51898583 0.01069582 0.01476431 0.02606614 0.19192070 0.01599182
1774.59153051 0.00822738 0.00038413 0.00019820 0.00015979 0.00046050 0.17339288 0.04115624 0.52032808 0.01083249 0.01490515 0.03033345 0.19190499 0.01594410
1775.59186395 0.00825096 0.00037613 0.00029183 0.00015889 0.00040315 0.17152514 0.04339539 0.52267716 0.01179920 0.01396728 0.02819983 0.19137030 0.01583568
1776.59219740 0.00819771 0.00052542 0.00017928 0.00025619 0.00152757 0.17098527 0.04205979 0.52213196 0.01190920 0.01365300 0.02948236 0.19087959 0.01641035
1777.59253084 0.00828842 0.00041133 0.00014795 0.00030120 0.00040940 0.17025916 0.04251515 0.52215793 0.01159176 0.01370364 0.03076307 0.19112559 0.01661382
1778.59286429 0.00822450 0.00072188 0.00015886 0.00072079 0.00103339 0.16919299 0.04411002 0.52400273 0.01112410 0.01506545 0.02778779 0.18880948 0.01727252
1779.59319773 0.00797692 0.00051022 0.00019966 0.00051294 0.00168230 0.16836610 0.04199723 0.52363667 0.00980717 0.01668821 0.02855849 0.19165048 0.01639052
1780.59353118 0.00748565 0.00060701 0.00020759 0.00026229 0.00059480 0.16844528 0.04205798 0.52207000 0.01158479 0.01793814 0.02735254 0.19150809 0.01737148
1781.59386462 0.00776093 0.00062707 0.00019022 0.00048954 0.00103295 0.16816145 0.04361124 0.52009401 0.01156042 0.01833239 0.02750957 0.18994911 0.01844203
1782.59419807 0.00778340 0.00058341 0.00017268 0.00046185 0.00144866 0.16664990 0.04595184 0.51598618 0.01033131 0.01771882 0.02983279 0.19239365 0.01846890
1783.59453151 0.00760214 0.00076347 0.00019721 0.00065781 0.00151681 0.16679827 0.04661251 0.51944754 0.01026022 0.01775710 0.02822652 0.19027827 0.01748428
1784.59486495 0.00747586 0.00068204 0.00016823 0.00046294 0.00193351 0.16580464 0.04658758 0.51711603 0.01086265 0.01750162 0.03058122 0.19130433 0.01699520
1785.59519840 0.00738710 0.00063750 0.00014288 0.00040545 0.00164876 0.16678551 0.04595269 0.51759974 0.01209884 0.01564877 0.03068354 0.18956312 0.01883320
1786.59553184 0.00691940 0.00065887 0.00016083 0.00040141 0.00320430 0.16681316 0.04475481 0.52205360 0.01213881 0.01472632 0.02863795 0.18949460 0.01695534
1787.59586529 0.00688708 0.00058838 0.00017167 0.00020397 0.00160896 0.16890396 0.04302397 0.52027880 0.01146685 0.01401489 0.03035987 0.19223402 0.01714467
1788.59619873 0.00692638 0.00110248 0.00022826 0.00080872 0.00177170 0.16973439 0.04578366 0.51951815 0.01041837 0.01309314 0.02895445 0.19126833 0.01731836
1789.59653218 0.00722326 0.00062992 0.00020313 0.00034299 0.00317443 0.17268313 0.04225765 0.51919306 0.00993093 0.01448804 0.02935589 0.19111411 0.01662672
1790.59686562 0.00771680 0.00069488 0.00016684 0.00042245 0.00315548 0.17200783 0.04256953 0.51843508 0.01242775 0.01369359 0.02737556 0.19278428 0.01626673
1791.59719907 0.00784776 0.00067329 0.00033113 0.00017952 0.00061429 0.17366477 0.04211902 0.51967397 0.01155215 0.01492008 0.02854566 0.19161499 0.01611114
1792.59753251 0.00773971 0.00070750 0.00024801 0.00045136 0.00101926 0.17640608 0.04230369 0.51918296 0.00917725 0.01554387 0.02721032 0.19158965 0.01616006
1793.59786596 0.00801652 0.00074579 0.00020862 0.00050831 0.00159325 0.17394573 0.04390227 0.52033386 0.00920687 0.01608024 0.02480845 0.19260214 0.01606446
1794.59819940 0.00819525 0.00036515 0.00026469 0.00015029 0.00034284 0.17514069 0.04176087 0.52232970 0.00857245 0.01698520 0.02687478 0.19121592 0.01599741
1795.59853284 0.00833799 0.00033491 0.00019275 0.00014871 0.00031782 0.17600525 0.04118945 0.52194941 0.00864962 0.01655858 0.02691442 0.19146026 0.01627880
1796.59886629 0.00831075 0.00035181 0.00016335 0.00014693 0.00032474 0.17594162 0.04244835 0.52261878 0.00989706 0.01568566 0.02508693 0.19129974 0.01603503
1797.59919973 0.00807720 0.00029267 0.00016634 0.00014653 0.00030202 0.17759302 0.04171116 0.52275387 0.00887085 0.01333501 0.02751775 0.19143637 0.01587441
1798.59953318 0.00773146 0.00052805 0.00021637 0.00037114 0.00123423 0.17748123 0.04223101 0.52115172 0.00878103 0.01267650 0.02662391 0.19244875 0.01625606
1799.59986662 0.00749330 0.00037123 0.00013212 0.00033121 0.00146236 0.17662922 0.04246505 0.52201094 0.00922381 0.01218822 0.02585081 0.19308022 0.01625481
1800.60020007 0.00729435 0.00095849 0.00015668 0.00086414 0.00211780 0.17688317 0.04114601 0.51983642 0.00921430 0.01164521 0.02708265 0.19404929 0.01604585
1801.60053351 0.00832802 0.00073426 0.00016859 0.00061252 0.00513498 0.17611499 0.04128394 0.51827436 0.00994888 0.01137957 0.02598453 0.19240172 0.01796167
1802.60086696 0.00775607 0.00080761 0.00017685 0.00080379 0.00551664 0.17285157 0.04235383 0.51780521 0.01045727 0.01330447 0.02647751 0.19278635 0.01665891
1803.60120040 0.00812348 0.00129396 0.00016771 0.00123504 0.00640580 0.17353003 0.04091525 0.51872680 0.00905799 0.01303827 0.02837251 0.19069592 0.01656074
1804.60153384 0.00843781 0.00058751 0.00015689 0.00046771 0.00390952 0.17443487 0.04459774 0.51982198 0.01159368 0.01309637 0.02505137 0.19010653 0.01617582
1805.60186729 0.00877998 0.00062331 0.00013900 0.00055074 0.00248469 0.17272680 0.04300835 0.51852665 0.01017526 0.01360087 0.03043534 0.19033269 0.01739630
1806.60220073 0.00897536 0.00052117 0.00022712 0.00025906 0.00140505 0.17324182 0.04373024 0.52001246 0.01106200 0.01500160 0.02809090 0.19022399 0.01622458
1807.60253418 0.00921054 0.00039272 0.00016849 0.00024418 0.00111668 0.17230772 0.04250943 0.52040606 0.01089915 0.01514221 0.02865228 0.19139057 0.01677052
1808.60286762 0.00944906 0.00044478 0.00017724 0.00033581 0.00122329 0.17413094 0.04222839 0.51973800 0.01088795 0.01403834 0.02889524 0.19184086 0.01605916
1809.60320107 0.00907506 0.00062454 0.00015410 0.00028725 0.00252912 0.17184331 0.04429072 0.51806443 0.01041813 0.01378806 0.02965840 0.19149398 0.01684794
1810.60353451 0.00937952 0.00053923 0.00020353 0.00024155 0.00046164 0.17269364 0.04459270 0.51862198 0.01087207 0.01538139 0.02825659 0.19139361 0.01674207
1811.60386796 0.00991715 0.00050388 0.00029117 0.00030932 0.00142691 0.17052663 0.04446359 0.51669000 0.00995488 0.01580567 0.03007763 0.19289892 0.01705141
1812.60420140 0.00987618 0.00064633 0.00026310 0.00039795 0.00313144 0.17165516 0.04492124 0.51858697 0.01167815 0.01601163 0.02588851 0.18999875 0.01682076
1813.60453484 0.00977586 0.00043460 0.00020945 0.00037241 0.00183598 0.17089744 0.04581457 0.51723417 0.00917923 0.01603145 0.02969687 0.19036952 0.01792429
1814.60486829 0.00990236 0.00069341 0.00022261 0.00075535 0.00214854 0.17078087 0.04718044 0.51666338 0.01110062 0.01496432 0.02821933 0.18714411 0.02012703
1815.60520173 0.01000514 0.00058350 0.00022898 0.00052210 0.00152784 0.17155590 0.04521943 0.51705812 0.01119050 0.01387575 0.02990920 0.18919991 0.01912877
1816.60553518 0.01005086 0.00088688 0.00022466 0.00071936 0.00353368 0.17106087 0.04325045 0.51626730 0.01098457 0.01270486 0.03223351 0.18884979 0.01928406
1817.60586862 0.01016951 0.00112664 0.00017157 0.00073313 0.00315883 0.16978459 0.04917560 0.51613176 0.01444882 0.01193634 0.02841527 0.18767301 0.01724444
1818.60620207 0.00952957 0.00087767 0.00018661 0.00049738 0.00431537 0.16893204 0.04422046 0.51388303 0.01285074 0.01183587 0.03178811 0.19155775 0.01905498
1819.60653551 0.00939824 0.00093836 0.00017965 0.00057654 0.00333152 0.17075758 0.04842022 0.51283076 0.01329632 0.01177220 0.03092427 0.18934663 0.01762594
1820.60686896 0.00925498 0.00077805 0.00020160 0.00064290 0.00225187 0.16846703 0.04888582 0.51521297 0.01116137 0.01356849 0.02948496 0.19167812 0.01766681
1821.60720240 0.00891408 0.00062736 0.00019878 0.00048519 0.00155820 0.17222198 0.04564757 0.51513764 0.01034672 0.01529941 0.03046858 0.18889858 0.01910997
1822.60753585 0.00861102 0.00078051 0.00017678 0.00048124 0.00305452 0.16948846 0.04531818 0.51692689 0.01120449 0.01688754 0.02758895 0.19013433 0.01795812
1823.60786929 0.00839884 0.00063510 0.00017649 0.00059916 0.00174403 0.17475343 0.04685304 0.51586393 0.00917973 0.01615906 0.02671994 0.18781583 0.01950025
1824.60820273 0.00844310 0.00049955 0.00022918 0.00033619 0.00130476 0.16977845 0.04721971 0.52011771 0.00821435 0.01626460 0.02870105 0.18890265 0.01843178
1825.60853618 0.00817586 0.00041891 0.00015645 0.00024639 0.00043599 0.17189027 0.04859608 0.51796875 0.00884773 0.01539445 0.02761455 0.18958097 0.01884948
1826.60886962 0.00819775 0.00054353 0.00013148 0.00031668 0.00076277 0.17093200 0.04794827 0.51641543 0.01075645 0.01404399 0.03026848 0.19040340 0.01747753
1827.60920307 0.00842594 0.00082580 0.00013071 0.00046257 0.00199140 0.17178265 0.04511044 0.51517716 0.01210000 0.01262717 0.03023431 0.19122838 0.01832941
1828.60953651 0.00826650 0.00060653 0.00014680 0.00026537 0.00159337 0.17180562 0.04654326 0.51584803 0.01229295 0.01247102 0.02811198 0.19265640 0.01765868
1829.60986996 0.00769306 0.00046837 0.00018982 0.00039778 0.00157580 0.17438234 0.04438611 0.51598031 0.00995407 0.01263511 0.03131045 0.19182368 0.01689616
1830.61020340 0.00749147 0.00085012 0.00015137 0.00067441 0.00138238 0.17329008 0.04655016 0.51805175 0.01043444 0.01171791 0.02959189 0.19075510 0.01655039
1831.61053685 0.00779733 0.00047090 0.00015801 0.00035023 0.00119830 0.17610971 0.04448249 0.51977696 0.01146592 0.01164044 0.02938503 0.18828157 0.01668043
1832.61087029 0.00773729 0.00092513 0.00013042 0.00075343 0.00215992 0.17370526 0.04384886 0.52075671 0.01146901 0.01280058 0.02797614 0.18842805 0.01704650
1833.61120373 0.00737068 0.00041153 0.00019064 0.00016107 0.00043536 0.17646016 0.04428413 0.52074890 0.01001107 0.01539388 0.02672308 0.18903656 0.01614363
1834.61153718 0.00719055 0.00029641 0.00017415 0.00014498 0.00033438 0.17564140 0.04292027 0.52098399 0.00781863 0.01727398 0.02729649 0.19044092 0.01667441
1835.61187062 0.00735579 0.00027276 0.00021970 0.00015315 0.00032472 0.17738949 0.04418220 0.51827736 0.00805916 0.01807479 0.02607130 0.19068548 0.01628990
1836.61220407 0.00769083 0.00043708 0.00021245 0.00020323 0.00042685 0.17433688 0.04394927 0.51545992 0.01060950 0.01758831 0.02627107 0.19389571 0.01660972
1837.61253751 0.00781804 0.00038682 0.00017731 0.00018544 0.00144627 0.17553670 0.04322140 0.51511671 0.01068237 0.01619751 0.02841320 0.19220151 0.01643476
1838.61287096 0.00789758 0.00045823 0.00016826 0.00040303 0.00157523 0.17271606 0.04319541 0.51730703 0.01076390 0.01501885 0.02962989 0.19217930 0.01658481
1839.61320440 0.00783837 0.00077170 0.00013944 0.00062243 0.00115127 0.17195965 0.04498465 0.51673733 0.01209474 0.01348286 0.02936924 0.19136331 0.01732337
1840.61353785 0.00783330 0.00062587 0.00012639 0.00031314 0.00074184 0.16886188 0.04569722 0.51885177 0.01302015 0.01256125 0.03236889 0.18893148 0.01790011
1841.61387129 0.00797265 0.00087172 0.00019947 0.00052020 0.00106050 0.16409299 0.04704609 0.52274080 0.01458606 0.01389938 0.02968939 0.18818079 0.01711260
1842.61420473 0.00765887 0.00053832 0.00019712 0.00042318 0.00176925 0.16583589 0.04399074 0.52283504 0.01217662 0.01405226 0.03201951 0.18825152 0.01791053
1843.61453818 0.00716751 0.00043390 0.00022227 0.00021183 0.00039171 0.16587290 0.04648397 0.52353128 0.01207297 0.01406926 0.03000192 0.19009656 0.01661142
1844.61487162 0.00718667 0.00038960 0.00021361 0.00018845 0.00034991 0.16442695 0.04477377 0.52387571 0.01142340 0.01582197 0.03046063 0.19123168 0.01684432
1845.61520507 0.00691162 0.00043018 0.00019307 0.00031277 0.00180504 0.16474446 0.04466345 0.52433315 0.01025060 0.01692202 0.02708691 0.19292199 0.01633636
1846.61553851 0.00659867 0.00066337 0.00026426 0.00044343 0.00095980 0.16594935 0.04300577 0.52181902 0.01002727 0.02050311 0.02657601 0.19332597 0.01646265
1847.61587196 0.00655156 0.00050397 0.00023214 0.00045199 0.00494953 0.16366883 0.04270142 0.52223056 0.00859002 0.02062230 0.02651536 0.19274781 0.01678609
1848.61620540 0.00661268 0.00073458 0.00021603 0.00066062 0.00383914 0.16419024 0.04447288 0.52217537 0.00950886 0.01855233 0.02738515 0.19103679 0.01722800
1849.61653885 0.00674681 0.00123224 0.00014221 0.00161731 0.00701197 0.16326624 0.04404325 0.52102773 0.00970714 0.01643211 0.02869294 0.18938167 0.01744518
1850.61687229 0.00667727 0.00072817 0.00012146 0.00070393 0.00571610 0.16357172 0.04560018 0.52100760 0.01155463 0.01421679 0.03005222 0.18840058 0.01832662
1851.61720574 0.00636067 0.00055205 0.00020789 0.00033711 0.00207809 0.16721176 0.04724740 0.52139250 0.01235305 0.01271470 0.02920853 0.18923938 0.01745755
1852.61753918 0.00626888 0.00054323 0.00017622 0.00033771 0.00145008 0.16648250 0.04516771 0.52318276 0.01185283 0.01025376 0.03286471 0.19064706 0.01704143
1853.61787262 0.00624883 0.00049349 0.00020693 0.00025961 0.00154479 0.16838171 0.04516022 0.52030979 0.01250868 0.01091233 0.03221812 0.19079143 0.01721289
1854.61820607 0.00627624 0.00053333 0.00013822 0.00037674 0.00176250 0.16735273 0.04723584 0.52055861 0.01341160 0.01058283 0.02865596 0.19281225 0.01657940
1855.61853951 0.00656176 0.00066054 0.00015267 0.00037880 0.00314283 0.16873888 0.04215198 0.52198355 0.01104331 0.01181933 0.03082507 0.19214680 0.01695624
1856.61887296 0.00667037 0.00068015 0.00019016 0.00037534 0.00209335 0.16969763 0.04457895 0.52307043 0.01118185 0.01284029 0.02567439 0.19296263 0.01665484
1857.61920640 0.00674569 0.00035615 0.00019253 0.00017120 0.00031244 0.16991363 0.04312014 0.52396610 0.00950385 0.01648511 0.02768003 0.19207411 0.01622473
1858.61953985 0.00671463 0.00031507 0.00019055 0.00016618 0.00033442 0.17056683 0.04291421 0.52599421 0.00819026 0.01812254 0.02723268 0.19000963 0.01596343
1859.61987329 0.00637898 0.00057159 0.00018171 0.00052173 0.00190647 0.17102144 0.04104487 0.52732416 0.00856621 0.01611332 0.02453544 0.19168557 0.01652750
1860.62020674 0.00589439 0.00057994 0.00036607 0.00071446 0.00303225 0.17074971 0.04029557 0.52959940 0.00750540 0.01597076 0.02449634 0.18992488 0.01676523
1861.62054018 0.00611442 0.00050414 0.00025990 0.00033464 0.00346948 0.17289098 0.04058337 0.52474662 0.00750336 0.01596783 0.02392969 0.19301993 0.01679007
1862.62087362 0.00638068 0.00072422 0.00016457 0.00061240 0.00289508 0.17209298 0.04255504 0.52467038 0.00765499 0.01473129 0.02392276 0.19344454 0.01653176
1863.62120707 0.00644714 0.00049843 0.00016854 0.00032421 0.00123804 0.17297521 0.04228058 0.52375214 0.00872862 0.01397373 0.02759492 0.19195012 0.01651546
1864.62154051 0.00661802 0.00047735 0.00019230 0.00034468 0.00158147 0.17185382 0.04201313 0.52188683 0.01060019 0.01209626 0.02711904 0.19534536 0.01648956
1865.62187396 0.00696620 0.00081926 0.00016741 0.00092372 0.00238724 0.17198528 0.04194375 0.52222776 0.01119652 0.01044051 0.02889195 0.19249947 0.01651712
1866.62220740 0.00689023 0.00041626 0.00016961 0.00025831 0.00041037 0.17198246 0.04304590 0.52205122 0.01132388 0.01162574 0.02983947 0.19177350 0.01710328
1867.62254085 0.00706790 0.00030563 0.00024085 0.00017776 0.00034434 0.17141355 0.04468265 0.52490260 0.01121887 0.01112060 0.02808091 0.19176595 0.01574628
1868.62287429 0.00702219 0.00029016 0.00014318 0.00016763 0.00175825 0.17192336 0.04203753 0.52676534 0.00989251 0.01016225 0.03005387 0.19023322 0.01657270
1869.62320774 0.00684750 0.00035658 0.00013718 0.00015644 0.00044989 0.17094809 0.04323564 0.52747586 0.01007113 0.01181254 0.02815669 0.19126574 0.01593420
1870.62354118 0.00640428 0.00054641 0.00030690 0.00037212 0.00122724 0.17097814 0.04235143 0.52938573 0.00939834 0.01299506 0.02702189 0.18913489 0.01628186
1871.62387462 0.00632550 0.00039405 0.00020491 0.00031111 0.00175961 0.17025901 0.04117759 0.52789901 0.00847194 0.01497055 0.02501128 0.19383255 0.01570838
1872.62420807 0.00626084 0.00043978 0.00019339 0.00036884 0.00136452 0.17027734 0.04338029 0.52711004 0.00827125 0.01575779 0.02362069 0.19358410 0.01563196
1873.62454151 0.00617770 0.00039565 0.00016988 0.00019551 0.00063059 0.16923945 0.04035400 0.52870129 0.00654318 0.01626688 0.02776459 0.19349286 0.01624613
1874.62487496 0.00620810 0.00035646 0.00017514 0.00014702 0.00041125 0.16987292 0.04295146 0.52581115 0.00807318 0.01657746 0.02391924 0.19524838 0.01645634
1875.62520840 0.00598660 0.00048064 0.00015456 0.00026733 0.00065228 0.16942014 0.04227024 0.52620555 0.00814907 0.01532732 0.02512224 0.19461922 0.01733141
1876.62554185 0.00563524 0.00042974 0.00013613 0.00030170 0.00040305 0.16956364 0.04460348 0.52455995 0.00879440 0.01371190 0.02714075 0.19364084 0.01671442
1877.62587529 0.00532855 0.00096793 0.00013841 0.00083723 0.00193063 0.17000131 0.04440787 0.52487551 0.00987871 0.01020837 0.02625694 0.19220825 0.01828884
1878.62620874 0.00542931 0.00044351 0.00012071 0.00038071 0.00306008 0.17049565 0.04195379 0.52714815 0.00916125 0.00920500 0.02838102 0.19217566 0.01747446
1879.62654218 0.00548429 0.00046219 0.00014603 0.00041189 0.00248261 0.17141432 0.04272567 0.52797356 0.00984958 0.00882891 0.02698108 0.19191962 0.01680454
1880.62687563 0.00572571 0.00068515 0.00020633 0.00030053 0.00145495 0.16883692 0.04204754 0.52857642 0.01224597 0.00939504 0.02681084 0.19314591 0.01629441
1881.62720907 0.00592935 0.00049429 0.00014411 0.00018546 0.00048677 0.16891567 0.04256811 0.53184346 0.01053605 0.00778595 0.02962143 0.19101103 0.01640767
1882.62754251 0.00611062 0.00047225 0.00012437 0.00016591 0.00053256 0.16843016 0.04568808 0.52952935 0.01024061 0.00799064 0.02570745 0.19505330 0.01606531
1883.62787596 0.00585847 0.00068627 0.00010990 0.00068788 0.00259420 0.16813480 0.04359403 0.53210774 0.00839092 0.00852204 0.02641482 0.19270435 0.01605305
1884.62820940 0.00553176 0.00040026 0.00013003 0.00018467 0.00148046 0.17138534 0.04165627 0.53177775 0.00843581 0.00980346 0.02444913 0.19424543 0.01605138
1885.62854285 0.00552988 0.00038680 0.00012040 0.00035045 0.00054093 0.17203620 0.04220667 0.53181584 0.00779455 0.01055145 0.02273757 0.19458089 0.01687826
1886.62887629 0.00574881 0.00030711 0.00012797 0.00015283 0.00034637 0.17178540 0.04002732 0.53454488 0.00644867 0.01155259 0.02512410 0.19357244 0.01601032
1887.62920974 0.00593414 0.00077066 0.00011642 0.00069223 0.00214837 0.17133730 0.04164496 0.53277006 0.00742583 0.01151866 0.02220459 0.19355698 0.01581395
1888.62954318 0.00569294 0.00086890 0.00011788 0.00066247 0.00132423 0.16916496 0.04023874 0.53460627 0.00790265 0.01142803 0.02557088 0.19183463 0.01628037
1889.62987663 0.00546850 0.00092381 0.00015999 0.00062868 0.00177839 0.16941648 0.04086313 0.53225038 0.00859744 0.01110744 0.02420962 0.19339591 0.01666874
1890.63021007 0.00517457 0.00031259 0.00024897 0.00014704 0.00031241 0.17004016 0.04112862 0.53188288 0.00837919 0.01171113 0.02407600 0.19550768 0.01625333
1891.63054351 0.00506759 0.00025099 0.00015382 0.00014897 0.00027875 0.17164623 0.04139981 0.53234585 0.00768378 0.01048699 0.02582468 0.19392924 0.01585089
1892.63087696 0.00517566 0.00079313 0.00013205 0.00069314 0.00288272 0.16849605 0.04393840 0.52824414 0.00887998 0.00924103 0.02572833 0.19496027 0.01601075
1893.63121040 0.00521644 0.00039987 0.00011779 0.00017443 0.00042586 0.16805310 0.04441770 0.53097304 0.00958838 0.00897699 0.02531393 0.19493849 0.01662042
1894.63154385 0.00536877 0.00050565 0.00012156 0.00025275 0.00049797 0.16626497 0.04212222 0.53294601 0.00963388 0.00867111 0.02813856 0.19358953 0.01725579
1895.63187729 0.00508565 0.00044899 0.00010700 0.00026047 0.00050157 0.16694633 0.04282920 0.53393699 0.01009446 0.00866452 0.02607347 0.19236940 0.01776759
1896.63221074 0.00494121 0.00039559 0.00010721 0.00017266 0.00054220 0.16561890 0.04446896 0.53557486 0.00842504 0.00907589 0.02650550 0.19249369 0.01661950
1897.63254418 0.00508139 0.00038982 0.00012730 0.00016397 0.00039157 0.16831672 0.04354755 0.53570969 0.00841458 0.00893830 0.02589119 0.19173116 0.01637813
1898.63287763 0.00503610 0.00055617 0.00011134 0.00031266 0.00081191 0.16695134 0.04296934 0.53550446 0.00907203 0.00999485 0.02473293 0.19249440 0.01648857
1899.63321107 0.00505380 0.00085308 0.00010528 0.00058602 0.00126750 0.16716220 0.04242282 0.53427542 0.00778270 0.01069411 0.02524732 0.19195934 0.01764422
1900.63354451 0.00499921 0.00038943 0.00019049 0.00022955 0.00147885 0.16554637 0.04173627 0.53443590 0.00657961 0.01264558 0.02414880 0.19580381 0.01681533
1901.63387796 0.00512220 0.00042293 0.00011607 0.00018065 0.00037881 0.16495833 0.04323215 0.53547775 0.00721231 0.01246407 0.02524956 0.19407133 0.01623605
1902.63421140 0.00538111 0.00037428 0.00021849 0.00035156 0.00205919 0.16536615 0.04262786 0.53103316 0.00763880 0.01218678 0.02495063 0.19542495 0.01776814
1903.63454485 0.00533030 0.00051732 0.00019792 0.00036377 0.00163796 0.16576161 0.04330932 0.53017757 0.00839526 0.01097345 0.02581252 0.19599779 0.01685552
1904.63487829 0.00552291 0.00070838 0.00015419 0.00059489 0.00091184 0.16317248 0.04449051 0.53225652 0.01000433 0.01001995 0.02584596 0.19416178 0.01767917
1905.63521174 0.00565851 0.00064785 0.00013220 0.00058533 0.00167719 0.16499311 0.04326212 0.53150034 0.00893366 0.00896521 0.02722402 0.19411848 0.01796049
1906.63554518 0.00586635 0.00041083 0.00009048 0.00031555 0.00057755 0.16441896 0.04500167 0.53473617 0.00913913 0.00823886 0.02754155 0.19173491 0.01779434
1907.63587863 0.00586296 0.00035159 0.00007759 0.00022688 0.00036554 0.16338893 0.04427968 0.53446319 0.00929685 0.00792577 0.02862094 0.19217269 0.01883036
1908.63621207 0.00568428 0.00047316 0.00009197 0.00030130 0.00062110 0.16469038 0.04513406 0.53463142 0.01028015 0.00841441 0.02684786 0.19203508 0.01647913
1909.63654552 0.00553679 0.00034659 0.00008576 0.00017111 0.00032287 0.16472391 0.04407462 0.53552405 0.00941394 0.00891556 0.02631956 0.19284158 0.01726045
1910.63687896 0.00560983 0.00035254 0.00012746 0.00033400 0.00069753 0.16323356 0.04289412 0.53471377 0.00839346 0.01074518 0.02727625 0.19413029 0.01710184
1911.63721240 0.00543305 0.00029078 0.00016851 0.00034309 0.00206071 0.16341723 0.04257409 0.53585185 0.00725781 0.01118062 0.02502709 0.19421296 0.01761526
1912.63754585 0.00531745 0.00083565 0.00014566 0.00075237 0.00438419 0.16469036 0.04120749 0.53353253 0.00748618 0.01218957 0.02377553 0.19364026 0.01736022
1913.63787929 0.00492712 0.00062103 0.00014686 0.00047123 0.00207944 0.16552357 0.04213701 0.53339772 0.00759144 0.01250347 0.02478881 0.19340199 0.01733743
1914.63821274 0.00491039 0.00057736 0.00014800 0.00042565 0.00196813 0.16287441 0.04477190 0.53366089 0.00780458 0.01216493 0.02491730 0.19249547 0.01819139
1915.63854618 0.00506896 0.00079690 0.00034066 0.00063434 0.00329907 0.16295757 0.04429487 0.53301104 0.00709145 0.01261391 0.02604920 0.19269405 0.01621694
1916.63887963 0.00536351 0.00046146 0.00021839 0.00025989 0.00403347 0.16324130 0.04375026 0.53311548 0.00872115 0.01119721 0.02458258 0.19297189 0.01744691
1917.63921307 0.00580767 0.00093872 0.00015904 0.00101378 0.00452290 0.16429163 0.04393261 0.53036246 0.00996402 0.00975401 0.02681614 0.19101854 0.01722615
1918.63954652 0.00620556 0.00119676 0.00011160 0.00090753 0.00474516 0.16262637 0.04401082 0.52874785 0.01108766 0.00848235 0.02789992 0.19241453 0.01776945
1919.63987996 0.00661940 0.00116175 0.00012908 0.00119664 0.00654943 0.16160914 0.04276217 0.52982001 0.00971103 0.00947961 0.02787949 0.19180037 0.01790128
1920.64021340 0.00666518 0.00061737 0.00013862 0.00046201 0.00414975 0.16221291 0.04261691 0.53184316 0.01024783 0.00971887 0.02844203 0.19235095 0.01719960
1921.64054685 0.00662167 0.00069673 0.00011046 0.00061032 0.00276778 0.16352500 0.04290789 0.53148195 0.00974400 0.00985717 0.02712832 0.19338698 0.01778340
1922.64088029 0.00653018 0.00066220 0.00010292 0.00042727 0.00221968 0.16256745 0.04276529 0.53472394 0.01033234 0.01115883 0.02596524 0.19263930 0.01643554
1923.64121374 0.00591937 0.00056334 0.00011337 0.00040254 0.00337456 0.16592235 0.04030636 0.53346067 0.00927001 0.01171021 0.02555619 0.19230597 0.01701442
1924.64154718 0.00573289 0.00045016 0.00010418 0.00091670 0.00238593 0.16370817 0.04143247 0.53439337 0.00813421 0.01271218 0.02494515 0.19249627 0.01832121
1925.64188063 0.00564441 0.00050000 0.00012533 0.00037935 0.00106332 0.16526482 0.04147833 0.53547684 0.00814330 0.01296800 0.02465794 0.19353952 0.01640327
1926.64221407 0.00571296 0.00085340 0.00018883 0.00066344 0.00182248 0.16129075 0.04141573 0.53714334 0.01007577 0.01287477 0.02458219 0.19278575 0.01630354
1927.64254752 0.00603817 0.00060395 0.00012652 0.00042914 0.00160570 0.16079007 0.04231799 0.53698553 0.00925432 0.01244057 0.02633973 0.19267099 0.01643549
1928.64288096 0.00781022 0.00082385 0.00013186 0.00066981 0.00249698 0.16224383 0.04296874 0.53270996 0.00866487 0.01178267 0.02629226 0.19430730 0.01690787
1929.64321440 0.00763213 0.00070328 0.00019761 0.00049187 0.00305291 0.16166306 0.04256918 0.53220874 0.00861588 0.01212419 0.02686183 0.19499176 0.01651970
1930.64354785 0.00773907 0.00045881 0.00009160 0.00022306 0.00267976 0.16166701 0.04437617 0.53201839 0.01037685 0.01123943 0.02554731 0.19423870 0.01708290
1931.64388129 0.00784667 0.00036602 0.00013111 0.00015671 0.00034303 0.16286483 0.04231436 0.53241794 0.00949856 0.01086892 0.02923677 0.19479516 0.01700659
1932.64421474 0.00795557 0.00047520 0.00013471 0.00026296 0.00186521 0.16184562 0.04409825 0.53281590 0.01049374 0.01035099 0.02660183 0.19438885 0.01666674
1933.64454818 0.00750275 0.00034042 0.00016621 0.00015961 0.00041134 0.16238446 0.04268559 0.53472105 0.00973433 0.01108646 0.02809252 0.19409752 0.01612048
1934.64488163 0.00754758 0.00034611 0.00015971 0.00014600 0.00034751 0.16209704 0.04171869 0.53611472 0.00999356 0.01143457 0.02824514 0.19342835 0.01596861
1935.64521507 0.00737024 0.00033558 0.00015243 0.00014266 0.00030546 0.16312209 0.04226185 0.53724696 0.01034140 0.01205229 0.02452975 0.19379997 0.01570955
1936.64554852 0.00711657 0.00035036 0.00012344 0.00020819 0.00165895 0.16347975 0.03980595 0.53750624 0.00828171 0.01273132 0.02712192 0.19235610 0.01637606
1937.64588196 0.00708815 0.00044297 0.00011490 0.00038308 0.00155657 0.16261011 0.04136203 0.53840582 0.00768516 0.01361296 0.02498654 0.19332718 0.01551268
1938.64621541 0.00697068 0.00027173 0.00012894 0.00015823 0.00028338 0.16340433 0.04181435 0.53767310 0.00781713 0.01426554 0.02466522 0.19381565 0.01570241
1939.64654885 0.00681260 0.00027948 0.00012800 0.00014464 0.00029596 0.16292630 0.04137415 0.53672947 0.00775327 0.01427751 0.02527374 0.19523030 0.01558717
1940.64688229 0.00647281 0.00029932 0.00013404 0.00019059 0.00205681 0.16325274 0.04131225 0.53719586 0.00852583 0.01371930 0.02389221 0.19391532 0.01550571
1941.64721574 0.00617475 0.00027360 0.00013249 0.00033848 0.00029588 0.16320981 0.04035537 0.53480884 0.00831425 0.01299913 0.02720307 0.19559706 0.01647203
1942.64754918 0.00613710 0.00042474 0.00013030 0.00028984 0.00157362 0.16302367 0.04326995 0.53568982 0.00926771 0.01132254 0.02476051 0.19365572 0.01659159
1943.64788263 0.00583658 0.00042041 0.00013122 0.00024446 0.00166124 0.16306826 0.04239274 0.53360212 0.00945985 0.01083312 0.02867892 0.19273759 0.01677006
1944.64821607 0.00579827 0.00043742 0.00017932 0.00037134 0.00148204 0.16259966 0.04276226 0.53272892 0.01023536 0.01254583 0.02679683 0.19322869 0.01663233
1945.64854952 0.00567871 0.00046850 0.00015043 0.00015911 0.00038752 0.16324311 0.04396307 0.53420092 0.01062248 0.01215376 0.02632016 0.19182968 0.01650125
1946.64888296 0.00566597 0.00036223 0.00012649 0.00014974 0.00034206 0.16318820 0.04237407 0.53315785 0.00932799 0.01216612 0.02819362 0.19402451 0.01658713
1947.64921641 0.00559674 0.00056859 0.00010537 0.00048638 0.00144624 0.16454048 0.04209340 0.53450646 0.00933188 0.01188993 0.02595391 0.19309926 0.01597810
1948.64954985 0.00568412 0.00099580 0.00012671 0.00078348 0.00211393 0.16233028 0.04101903 0.53326232 0.00942332 0.01388477 0.02554004 0.19437845 0.01614186
1949.64988329 0.00586009 0.00064974 0.00010795 0.00062954 0.00345021 0.16098974 0.03883249 0.53360226 0.00967509 0.01413796 0.02751296 0.19404368 0.01636839
1950.65021674 0.00592161 0.00059048 0.00012514 0.00042827 0.00187599 0.16169190 0.04172438 0.53528026 0.01055762 0.01359055 0.02472785 0.19342849 0.01597908
1951.65055018 0.00611000 0.00038390 0.00009467 0.00035544 0.00047906 0.16256775 0.04083953 0.53489955 0.01088810 0.01285265 0.02740947 0.19369857 0.01553132
1952.65088363 0.00621461 0.00036886 0.00009210 0.00020402 0.00036082 0.16234112 0.04158901 0.53610977 0.01074123 0.01264981 0.02617993 0.19267464 0.01668870
1953.65121707 0.00603967 0.00044323 0.00008155 0.00035200 0.00061342 0.16125964 0.04245743 0.53654406 0.01097081 0.01154376 0.02837834 0.19127455 0.01608122
1954.65155052 0.00588910 0.00050342 0.00007901 0.00030987 0.00207506 0.15992591 0.04076465 0.53503095 0.01069426 0.01164250 0.02943407 0.19248462 0.01705567
1955.65188396 0.00604782 0.00050771 0.00017107 0.00029815 0.00048884 0.15896460 0.04391699 0.53579696 0.01209997 0.01118919 0.02709343 0.19329892 0.01617416
1956.65221741 0.00627960 0.00065715 0.00012284 0.00024854 0.00170266 0.15890634 0.04146007 0.53493354 0.01216518 0.01204919 0.02755961 0.19389890 0.01629598
1957.65255085 0.00625606 0.00059938 0.00013482 0.00023344 0.00180366 0.16097403 0.04186577 0.53137309 0.01153500 0.01337205 0.02786201 0.19382805 0.01641871
1958.65288429 0.00623591 0.00047141 0.00011713 0.00014407 0.00039505 0.16006744 0.04238138 0.53135290 0.01028589 0.01510790 0.02749184 0.19513359 0.01705140
1959.65321774 0.00624588 0.00043966 0.00024463 0.00055330 0.00241866 0.16066359 0.04181537 0.53138407 0.00770311 0.01580361 0.02751937 0.19479232 0.01666231
1960.65355118 0.00653853 0.00038863 0.00019556 0.00031769 0.00034037 0.15943397 0.04478999 0.53392595 0.00883223 0.01574434 0.02325101 0.19464192 0.01813834
1961.65388463 0.00685323 0.00041319 0.00041846 0.00041166 0.00064577 0.16275617 0.04200078 0.53421668 0.00853014 0.01660839 0.02424771 0.19373160 0.01601945
1962.65421807 0.00742578 0.00030742 0.00031018 0.00028600 0.00040338 0.15927756 0.03995427 0.53714525 0.00746333 0.01817726 0.02519688 0.19406377 0.01741470
1963.65455152 0.00763852 0.00099003 0.00018928 0.00088829 0.00302865 0.15847568 0.04214967 0.53602174 0.01003419 0.01579897 0.02453607 0.19156436 0.01632306
1964.65488496 0.00792501 0.00088419 0.00013012 0.00065399 0.00284181 0.15814757 0.04070347 0.53541712 0.00998856 0.01329045 0.02931484 0.19225589 0.01637199
1965.65521841 0.00812565 0.00080315 0.00010502 0.00039275 0.00252668 0.15630474 0.04370204 0.53654088 0.01303683 0.01109677 0.02824877 0.19054402 0.01669835
1966.65555185 0.00765260 0.00100603 0.00009118 0.00075765 0.00344130 0.15563721 0.04306645 0.53501084 0.01329628 0.00915043 0.02998330 0.19192837 0.01663097
1967.65588530 0.00751135 0.00057778 0.00011699 0.00025133 0.00146311 0.15617339 0.04458029 0.53490325 0.01286529 0.00907148 0.03031524 0.19279616 0.01688570
1968.65621874 0.00739237 0.00048193 0.00011176 0.00040334 0.00142211 0.15525853 0.04857596 0.53500325 0.01172676 0.00897382 0.02834642 0.19297896 0.01671716
1969.65655218 0.00919282 0.00039116 0.00021242 0.00031383 0.00126641 0.15635042 0.04456529 0.53316087 0.01000143 0.01110633 0.03089861 0.19459370 0.01713952
1970.65688563 0.00912688 0.00085484 0.00026737 0.00069408 0.00227796 0.15584180 0.04436929 0.53251541 0.01102287 0.01342653 0.02742697 0.19321524 0.01808764
1971.65721907 0.00915730 0.00061392 0.00020676 0.00054039 0.00311127 0.15494965 0.04572568 0.53253250 0.00981071 0.01469734 0.02673587 0.19309429 0.01798161
1972.65755252 0.00907933 0.00064242 0.00018739 0.00056062 0.00291428 0.15502517 0.04385250 0.53338020 0.00790687 0.01616244 0.02735483 0.19287496 0.01913832
1973.65788596 0.00896918 0.00046130 0.00021120 0.00043167 0.00066174 0.15475230 0.04558224 0.53539111 0.00874647 0.01694346 0.02489853 0.19242490 0.01949507
1974.65821941 0.00928111 0.00047015 0.00020109 0.00047765 0.00162413 0.15542584 0.04376914 0.53580373 0.00774832 0.01569167 0.02655102 0.19378612 0.01845114
1975.65855285 0.00955887 0.00068000 0.00020873 0.00066743 0.00287233 0.15231360 0.04498583 0.53858814 0.00846337 0.01335548 0.02700518 0.19259719 0.01826272
1976.65888630 0.00958823 0.00046732 0.00021038 0.00056451 0.00275877 0.15216197 0.04557062 0.53827842 0.00947932 0.01246036 0.02692886 0.19408191 0.01703756
1977.65921974 0.00821603 0.00044149 0.00015068 0.00037041 0.00151270 0.15216166 0.04314416 0.53696767 0.00980142 0.01155488 0.03159134 0.19346793 0.01883566
1978.65955318 0.00823881 0.00056210 0.00017699 0.00060064 0.00298502 0.15097001 0.04517205 0.53969914 0.01124886 0.01115688 0.02837309 0.19233484 0.01672037
1979.65988663 0.00837359 0.00041046 0.00016594 0.00025190 0.00035951 0.15119238 0.04573485 0.53945763 0.01048468 0.01057237 0.02839093 0.19416876 0.01881058
1980.66022007 0.00780210 0.00056364 0.00012618 0.00038664 0.00068308 0.15102319 0.04484397 0.53977179 0.01117466 0.01166684 0.03024121 0.19209665 0.01742216
1981.66055352 0.00776691 0.00113742 0.00016208 0.00088601 0.00255456 0.15085089 0.04596747 0.53851983 0.01293842 0.01196185 0.02564085 0.19140276 0.01797786
1982.66088696 0.00748977 0.00065101 0.00015560 0.00051956 0.00178462 0.15286611 0.04289200 0.53880540 0.00970100 0.01136492 0.02959717 0.19312230 0.01854031
1983.66122041 0.00743482 0.00053077 0.00014962 0.00058484 0.00305606 0.15253756 0.04483732 0.53909718 0.01016177 0.01146518 0.02684318 0.19230795 0.01842858
1984.66155385 0.00734803 0.00098844 0.00016949 0.00090146 0.00301907 0.15512123 0.04266226 0.53695951 0.00921863 0.01210700 0.02568683 0.19422888 0.01893721
1985.66188730 0.00746173 0.00104883 0.00013668 0.00119332 0.00545713 0.15352247 0.04230772 0.53502030 0.00930810 0.01207932 0.02814834 0.19370292 0.01807487
1986.66222074 0.00726499 0.00060782 0.00026695 0.00066611 0.00246348 0.15508804 0.04390553 0.53744885 0.00862776 0.01369465 0.02462723 0.19261332 0.01999026
1987.66255418 0.00712042 0.00056691 0.00018751 0.00081622 0.00326499 0.15509389 0.04388094 0.53568359 0.00884194 0.01330002 0.02635527 0.19513721 0.01687152
1988.66288763 0.00731012 0.00058035 0.00015830 0.00062154 0.00306222 0.15650765 0.04301539 0.53762298 0.00871909 0.01247956 0.02651325 0.19243513 0.01828455
1989.66322107 0.00753018 0.00095231 0.00015555 0.00097607 0.00299559 0.15806447 0.04255107 0.53937329 0.01041612 0.01051992 0.02579886 0.19202037 0.01617640
1990.66355452 0.00752402 0.00045883 0.00012430 0.00038270 0.00178892 0.15783214 0.04283759 0.53823492 0.00891980 0.01007505 0.02868940 0.19355462 0.01710172
1991.66388796 0.00744563 0.00039288 0.00011133 0.00019001 0.00052480 0.15792221 0.04546315 0.54029622 0.01014437 0.01007741 0.02679797 0.19123377 0.01684589
1992.66422141 0.00742504 0.00048613 0.00011452 0.00019662 0.00058237 0.15738312 0.04370892 0.53901307 0.01089566 0.01054664 0.02770381 0.19280864 0.01656048
1993.66455485 0.00906958 0.00080234 0.00011468 0.00070582 0.00171334 0.15772056 0.04495781 0.53399491 0.01033720 0.01070927 0.02802632 0.19140210 0.01951565
1994.66488830 0.00872477 0.00093949 0.00014245 0.00097749 0.00153221 0.15622210 0.04617992 0.53435063 0.00930169 0.01160063 0.02792508 0.19242475 0.01840357
1995.66522174 0.00865758 0.00033727 0.00018865 0.00026515 0.00032666 0.15839727 0.04703433 0.53252173 0.00865288 0.01226548 0.02753561 0.19350984 0.01896514
1996.66555519 0.00841409 0.00045984 0.00016292 0.00041066 0.00233316 0.15570072 0.04593882 0.53296217 0.00919978 0.01309787 0.02835182 0.19258094 0.01880130
1997.66588863 0.00817401 0.00098725 0.00025563 0.00063826 0.00354584 0.15578063 0.04503374 0.53151530 0.00913310 0.01510807 0.02601470 0.19370392 0.01828357
1998.66622207 0.00807978 0.00060833 0.00023196 0.00047737 0.00178511 0.15596199 0.04570539 0.53220178 0.00845769 0.01515627 0.02875527 0.19260071 0.01805813
1999.66655552 0.00803310 0.00094535 0.00020940 0.00071166 0.00137180 0.15450264 0.04704966 0.53317573 0.01137889 0.01422364 0.02726195 0.19192242 0.01724685
2000.66688896 0.00788635 0.00086851 0.00021528 0.00058712 0.00260087 0.15382031 0.04484522 0.53249448 0.01127718 0.01360463 0.02835489 0.19323987 0.01809163
2001.66722241 0.00657811 0.00059607 0.00026501 0.00048309 0.00331109 0.15474911 0.04434296 0.53564160 0.00985046 0.01349317 0.02875952 0.19174289 0.01676504
2002.66755585 0.00685290 0.00063864 0.00020068 0.00032750 0.00119163 0.15449819 0.04468569 0.53585676 0.01125364 0.01333869 0.02710035 0.19359743 0.01731080
2003.66788930 0.00764743 0.00037531 0.00021497 0.00018164 0.00033665 0.15853329 0.04462090 0.53570905 0.00939430 0.01283440 0.02933944 0.19186152 0.01659854
2004.66822274 0.00818085 0.00036651 0.00015334 0.00015087 0.00034947 0.15670920 0.04714859 0.53654734 0.01012081 0.01254227 0.02608983 0.19290516 0.01691661
2005.66855619 0.00816932 0.00042021 0.00011458 0.00018477 0.00038950 0.15964592 0.04376211 0.53498551 0.00991738 0.01062656 0.02961884 0.19351264 0.01682198
2006.66888963 0.00823003 0.00043093 0.00019969 0.00028926 0.00038697 0.15826545 0.04195554 0.53719941 0.01057087 0.01280446 0.02628709 0.19482356 0.01678677
2007.66922307 0.00838918 0.00043947 0.00021613 0.00041861 0.00075970 0.16027207 0.04135313 0.53451188 0.00882367 0.01243403 0.02704056 0.19561670 0.01811403
2008.66955652 0.00865439 0.00049077 0.00017239 0.00027429 0.00049749 0.15863894 0.04205909 0.53642691 0.01005570 0.01285844 0.02685958 0.19505047 0.01661592
2009.66988996 0.00870479 0.00042296 0.00014084 0.00021586 0.00041444 0.16082071 0.04188377 0.53625879 0.00995024 0.01170000 0.02781078 0.19352976 0.01685184
2010.67022341 0.00847602 0.00035456 0.00013440 0.00019762 0.00038886 0.15889616 0.04457415 0.53601824 0.00970442 0.01210284 0.02501150 0.19584882 0.01676844
2011.67055685 0.00805172 0.00062458 0.00015659 0.00051828 0.00094297 0.16162720 0.04179346 0.53710880 0.00875080 0.01154393 0.02967497 0.19058759 0.01667083
2012.67089030 0.00760051 0.00066386 0.00015012 0.00054816 0.00252260 0.15847860 0.04370912 0.53501872 0.01161216 0.01207591 0.02444973 0.19425600 0.01651502
2013.67122374 0.00713113 0.00051004 0.00022920 0.00034043 0.00174098 0.16160260 0.04088865 0.53506337 0.00888057 0.01349258 0.02886371 0.19216202 0.01622583
2014.67155719 0.00703551 0.00046435 0.00019508 0.00028155 0.00150335 0.16078012 0.04313892 0.53465556 0.00972093 0.01385792 0.02549002 0.19333518 0.01657703
2015.67189063 0.00671585 0.00053509 0.00019116 0.00040339 0.00106552 0.16345966 0.04245608 0.53242120 0.00869623 0.01355567 0.02723611 0.19363445 0.01634546
2016.67222407 0.00632915 0.00039574 0.00018197 0.00032029 0.00171175 0.16164602 0.04189399 0.53370781 0.00949792 0.01410308 0.02627717 0.19427903 0.01598522
2017.67255752 0.00595573 0.00035880 0.00041012 0.00016057 0.00035014 0.16236671 0.04250988 0.53282344 0.00892441 0.01493312 0.02487300 0.19655342 0.01573638
2018.67289096 0.00589978 0.00066738 0.00021525 0.00039669 0.00125201 0.16086996 0.04150027 0.53407659 0.01038309 0.01461915 0.02513407 0.19464390 0.01624164
2019.67322441 0.00606914 0.00060266 0.00026283 0.00042462 0.00188252 0.16378755 0.04108396 0.53450389 0.00920627 0.01278859 0.02669323 0.19281478 0.01594910
2020.67355785 0.00632743 0.00078511 0.00016440 0.00067797 0.00226235 0.16248666 0.04126923 0.53284237 0.00978988 0.01108305 0.02706217 0.19481506 0.01676176
2021.67389130 0.00678053 0.00061233 0.00012829 0.00046539 0.00083289 0.16533755 0.04155373 0.53562262 0.00961633 0.01056588 0.02704326 0.19169892 0.01652281
2022.67422474 0.00698156 0.00046506 0.00010067 0.00046656 0.00146895 0.16300406 0.04234257 0.53628187 0.00939827 0.01095768 0.02620226 0.19363793 0.01567413
2023.67455819 0.00688602 0.00058647 0.00008236 0.00051865 0.00242528 0.16519841 0.04278153 0.53451193 0.00852061 0.01073260 0.02441990 0.19403437 0.01618787
2024.67489163 0.00667939 0.00043148 0.00013035 0.00030868 0.00152200 0.16314092 0.04049574 0.53656591 0.00727605 0.01361996 0.02581951 0.19474274 0.01594667
2025.67522508 0.00653235 0.00042599 0.00013022 0.00043806 0.00149456 0.16547750 0.04165371 0.53428783 0.00798159 0.01364277 0.02310356 0.19545962 0.01590458
2026.67555852 0.00645230 0.00029309 0.00012275 0.00028522 0.00051924 0.16359753 0.04013312 0.53604544 0.00724603 0.01386473 0.02585818 0.19558449 0.01645017
2027.67589196 0.00606076 0.00025791 0.00011649 0.00022647 0.00029549 0.16534149 0.04215886 0.53562864 0.00790864 0.01305081 0.02399682 0.19429352 0.01672486
2028.67622541 0.00573223 0.00043612 0.00018993 0.00049555 0.00158002 0.16159035 0.04023304 0.53574880 0.00844339 0.01217816 0.02513749 0.19626142 0.01770573
2029.67655885 0.00568981 0.00041256 0.00015955 0.00051247 0.00062640 0.16409268 0.04176603 0.53598970 0.00934353 0.01102114 0.02549858 0.19280116 0.01777621
2030.67689230 0.00578267 0.00038882 0.00018988 0.00050587 0.00072144 0.16153971 0.04312827 0.53203773 0.00946768 0.01005641 0.02907274 0.19314678 0.01974467
2031.67722574 0.00576956 0.00069162 0.00013761 0.00074545 0.00089073 0.16278878 0.04400912 0.53291703 0.01052758 0.00890789 0.02864291 0.19245818 0.01728308
2032.67755919 0.00561327 0.00050280 0.00013071 0.00049601 0.00332443 0.16254432 0.04322956 0.53346872 0.01028603 0.00894054 0.02775422 0.19212088 0.01720178
2033.67789263 0.00561521 0.00097718 0.00010568 0.00080310 0.00268484 0.16178672 0.04337386 0.53244366 0.01069288 0.00915610 0.02785340 0.19345071 0.01667187
2034.67822608 0.00573296 0.00045588 0.00013309 0.00036216 0.00151912 0.16162821 0.04284269 0.53338558 0.00982187 0.01284164 0.02661848 0.19308876 0.01730252
2035.67855952 0.00572252 0.00030403 0.00015594 0.00020396 0.00038075 0.16264577 0.04200040 0.53421639 0.00807410 0.01395886 0.02744986 0.19452725 0.01608271
2036.67889296 0.00563209 0.00043149 0.00017696 0.00031768 0.00144095 0.16232367 0.04276252 0.53401261 0.00818221 0.01582706 0.02416285 0.19371358 0.01664842
2037.67922641 0.00546049 0.00026550 0.00015613 0.00024882 0.00153447 0.16395200 0.04129942 0.53445494 0.00709201 0.01487611 0.02580838 0.19402758 0.01628465
2038.67955985 0.00527058 0.00027218 0.00015847 0.00016273 0.00043345 0.16461914 0.04373085 0.53439754 0.00751218 0.01521558 0.02362833 0.19374602 0.01612354
2039.67989330 0.00519660 0.00026749 0.00015033 0.00014947 0.00032973 0.16468325 0.04161746 0.53552185 0.00739764 0.01474179 0.02600814 0.19286286 0.01626998
2040.68022674 0.00522091 0.00073033 0.00023991 0.00039419 0.00282017 0.16444346 0.04120605 0.53309388 0.00907314 0.01459700 0.02369908 0.19378205 0.01592074
2041.68056019 0.00531393 0.00055518 0.00017994 0.00038545 0.00291982 0.16476673 0.03995822 0.53417240 0.00872634 0.01320977 0.02614405 0.19278963 0.01619248
2042.68089363 0.00540305 0.00067169 0.00014169 0.00053334 0.00206292 0.16549809 0.04112839 0.53233416 0.00984898 0.01276130 0.02545890 0.19369211 0.01586842
2043.68122708 0.00530183 0.00063205 0.00016981 0.00060178 0.00284408 0.16936067 0.03841890 0.53047935 0.00911653 0.01128985 0.02768094 0.19358516 0.01582088
2044.68156052 0.00536531 0.00048425 0.00015391 0.00028905 0.00276575 0.16829904 0.04028258 0.53125333 0.01039358 0.01110046 0.02472564 0.19494522 0.01530718
2045.68189396 0.00542684 0.00075436 0.00016348 0.00078277 0.00389826 0.17042950 0.03811480 0.52904916 0.00977412 0.01206612 0.02622325 0.19354405 0.01520014
2046.68222741 0.00535798 0.00058201 0.00012201 0.00044859 0.00239339 0.16821005 0.03912400 0.52954877 0.01062556 0.01169783 0.02645052 0.19514879 0.01564849
2047.68256085 0.00562443 0.00057584 0.00012479 0.00057068 0.00273204 0.17086897 0.03925012 0.53244461 0.01049495 0.01173716 0.02434526 0.19195363 0.01490196
2048.68289430 0.00558489 0.00052796 0.00010688 0.00029231 0.00339719 0.16861863 0.03703870 0.53208307 0.00882695 0.01225792 0.02630833 0.19484628 0.01569576
2049.68322774 0.00544204 0.00052173 0.00010829 0.00044681 0.00257802 0.17067378 0.03891004 0.53216401 0.00948015 0.01280942 0.02446423 0.19293866 0.01490486
2050.68356119 0.00525111 0.00082343 0.00011417 0.00068877 0.00300185 0.16894682 0.03699528 0.53377523 0.00877321 0.01355402 0.02461513 0.19329290 0.01541917
2051.68389463 0.00495212 0.00081828 0.00011921 0.00086085 0.00477992 0.16959616 0.03661214 0.53103218 0.01020486 0.01375934 0.02295247 0.19404771 0.01521687
2052.68422808 0.00487983 0.00052820 0.00023117 0.00023142 0.00153602 0.16976634 0.03687506 0.53192023 0.00860120 0.01474808 0.02428008 0.19619699 0.01508522
2053.68456152 0.00508635 0.00036740 0.00017380 0.00016343 0.00042641 0.17102930 0.03866776 0.53249787 0.00852903 0.01443272 0.02411346 0.19465551 0.01494331
2054.68489496 0.00513357 0.00036096 0.00014214 0.00017842 0.00044698 0.16877631 0.03873521 0.53169007 0.00869600 0.01362167 0.02584771 0.19669985 0.01480469
2055.68522841 0.00516385 0.00054933 0.00008943 0.00041256 0.00201847 0.17011877 0.03950518 0.53239783 0.01070290 0.01070604 0.02359624 0.19389674 0.01600651
2056.68556185 0.00502179 0.00070186 0.00017098 0.00063898 0.00287830 0.16646147 0.03698191 0.53287643 0.00894659 0.01121938 0.02696585 0.19553080 0.01662743
2057.68589530 0.00494886 0.00034221 0.00014476 0.00023079 0.00197736 0.16969097 0.04207014 0.53298916 0.00870366 0.01006953 0.02435067 0.19241143 0.01701932
2058.68622874 0.00506501 0.00058476 0.00010031 0.00044411 0.00194471 0.16553477 0.04126079 0.53350959 0.00918804 0.01101873 0.02665991 0.19396367 0.01579060
2059.68656219 0.00493753 0.00038601 0.00014077 0.00016195 0.00031885 0.16742045 0.04084276 0.53513528 0.00988758 0.01147507 0.02484784 0.19308060 0.01630284
2060.68689563 0.00472366 0.00064684 0.00011804 0.00024049 0.00045097 0.16553328 0.04183525 0.53421974 0.00988847 0.01101902 0.02637493 0.19388363 0.01578933
2061.68722908 0.00473560 0.00046691 0.00011195 0.00019981 0.00037363 0.16559001 0.04220701 0.53294555 0.00998651 0.01122525 0.02458519 0.19561913 0.01668905
2062.68756252 0.00465745 0.00052453 0.00012978 0.00016590 0.00051951 0.16783237 0.04129142 0.53340521 0.00932717 0.01151197 0.02595253 0.19338028 0.01595931
2063.68789597 0.00443792 0.00037827 0.00015735 0.00015974 0.00042323 0.16757110 0.04058806 0.53142225 0.00764665 0.01200216 0.02674210 0.19663088 0.01627822
2064.68822941 0.00436540 0.00043438 0.00013052 0.00026173 0.00047332 0.16870120 0.04270189 0.53109567 0.00907987 0.01212611 0.02437252 0.19361119 0.01701160
2065.68856285 0.00448010 0.00048970 0.00011422 0.00032425 0.00069252 0.16777629 0.04048333 0.53187738 0.00884047 0.01248180 0.02682867 0.19373001 0.01636136
2066.68889630 0.00441928 0.00055055 0.00018240 0.00054184 0.00125159 0.16911852 0.04319427 0.53109996 0.00854357 0.01245185 0.02353416 0.19415403 0.01537727
2067.68922974 0.00469898 0.00036012 0.00013505 0.00022282 0.00152186 0.16868527 0.04033212 0.53335605 0.00855147 0.01204225 0.02622282 0.19264273 0.01592742
2068.68956319 0.00686205 0.00037117 0.00017002 0.00014178 0.00175594 0.17028754 0.04009712 0.53072193 0.00936928 0.01197770 0.02550066 0.19372061 0.01588624
2069.68989663 0.00702289 0.00052170 0.00013384 0.00033852 0.00051582 0.16976042 0.03966731 0.53182142 0.01020506 0.01037823 0.02653213 0.19388300 0.01624256
2070.69023008 0.00727108 0.00047423 0.00017368 0.00022584 0.00057583 0.17266170 0.03927522 0.53054248 0.00954886 0.01042536 0.02589682 0.19354803 0.01665195
2071.69056352 0.00748725 0.00031328 0.00014836 0.00027197 0.00042363 0.17196432 0.04008124 0.53070932 0.00853706 0.01062094 0.02622396 0.19526266 0.01544329
2072.69089697 0.00750031 0.00029374 0.00013299 0.00019153 0.00030691 0.17406761 0.04053634 0.53038137 0.00876940 0.01134628 0.02354694 0.19458221 0.01584468
2073.69123041 0.00735632 0.00031595 0.00013607 0.00021951 0.00164353 0.17212579 0.03771643 0.53370803 0.00776112 0.01176981 0.02508894 0.19390877 0.01560606
2074.69156385 0.00682203 0.00054061 0.00015456 0.00040578 0.00185471 0.17316052 0.03899588 0.53158091 0.00821151 0.01202159 0.02269963 0.19539331 0.01498099
2075.69189730 0.00657806 0.00046458 0.00018003 0.00019240 0.00051235 0.17477968 0.03537957 0.53403402 0.00859723 0.01267592 0.02467724 0.19329986 0.01520712
2076.69223074 0.00508336 0.00055124 0.00013291 0.00041165 0.00175440 0.17419558 0.03738906 0.53328240 0.00978855 0.01222123 0.02206818 0.19389805 0.01430676
2077.69256419 0.00490042 0.00029134 0.00024795 0.00013511 0.00034033 0.17329674 0.03674285 0.53251382 0.00769041 0.01466360 0.02371199 0.19561240 0.01475346
2078.69289763 0.00479593 0.00030888 0.00014889 0.00030638 0.00042477 0.17294959 0.03604077 0.53481109 0.00747693 0.01371755 0.02374642 0.19443445 0.01563427
2079.69323108 0.00480835 0.00036548 0.00018185 0.00025869 0.00041316 0.17251162 0.03684998 0.53189190 0.00963077 0.01433491 0.02297460 0.19594687 0.01464017
2080.69356452 0.00490753 0.00059999 0.00014299 0.00063304 0.00149163 0.17187733 0.03485889 0.53080062 0.00897639 0.01358219 0.02590343 0.19523482 0.01589867
2081.69389797 0.00494235 0.00085527 0.00014238 0.00056965 0.00114321 0.16998418 0.03922989 0.52883091 0.01158499 0.01279950 0.02463955 0.19540865 0.01481183
2082.69423141 0.00501072 0.00051723 0.00017197 0.00038431 0.00140423 0.16936311 0.03856716 0.52916124 0.01062813 0.01231966 0.02878021 0.19315394 0.01554880
2083.69456485 0.00514712 0.00046480 0.00013415 0.00017254 0.00045704 0.16986936 0.04135959 0.52860109 0.01109038 0.01224487 0.02716759 0.19324715 0.01519143
2084.69489830 0.00468290 0.00031210 0.00012993 0.00014666 0.00030015 0.17064785 0.03820071 0.52975962 0.00957158 0.01319966 0.02821947 0.19424027 0.01527201
2085.69523174 0.00478123 0.00035925 0.00012553 0.00015568 0.00031571 0.17093398 0.04119875 0.52978526 0.01069006 0.01384431 0.02530865 0.19214177 0.01514105
2086.69556519 0.00481965 0.00030229 0.00011571 0.00014722 0.00031918 0.16895969 0.03992236 0.53018323 0.00947300 0.01414879 0.02785682 0.19286042 0.01571129
2087.69589863 0.00472549 0.00045171 0.00011705 0.00019647 0.00050783 0.16774642 0.04007571 0.52947090 0.01170161 0.01425820 0.02686864 0.19345926 0.01514622
2088.69623208 0.00450188 0.00083891 0.00011552 0.00049961 0.00116032 0.16758460 0.03834104 0.52965983 0.01172135 0.01388488 0.02791865 0.19231433 0.01596095
2089.69656552 0.00464314 0.00039270 0.00016480 0.00018995 0.00046876 0.16767462 0.03932915 0.52990022 0.01061261 0.01481126 0.02696984 0.19461070 0.01487540
2090.69689897 0.00465106 0.00042860 0.00015092 0.00018615 0.00041130 0.16690577 0.03835424 0.53162113 0.01112155 0.01500382 0.02649334 0.19458557 0.01473761
2091.69723241 0.00460627 0.00104945 0.00013926 0.00078948 0.00104226 0.16497147 0.03791561 0.53298529 0.00936956 0.01458664 0.02738589 0.19474291 0.01502218
2092.69756586 0.00476211 0.00070177 0.00015414 0.00054165 0.00323718 0.16682156 0.04027365 0.52953413 0.00988043 0.01391292 0.02531536 0.19356039 0.01606682
2093.69789930 0.00482935 0.00057507 0.00016562 0.00064199 0.00209715 0.16667435 0.03795245 0.52966749 0.01024907 0.01548058 0.02692915 0.19364713 0.01591996
2094.69823274 0.00476069 0.00044974 0.00016411 0.00027890 0.00338271 0.16777401 0.03934013 0.52936809 0.01048946 0.01490043 0.02536163 0.19251074 0.01598006
2095.69856619 0.00483335 0.00065213 0.00015036 0.00062109 0.00159363 0.16624182 0.03809436 0.52948467 0.01045462 0.01456163 0.02671296 0.19413675 0.01729598
2096.69889963 0.00495804 0.00049459 0.00012935 0.00043709 0.00151734 0.16823154 0.03963263 0.52961526 0.01084027 0.01330934 0.02729161 0.19212329 0.01637769
2097.69923308 0.00470615 0.00083001 0.00013264 0.00075516 0.00364649 0.16904715 0.03821558 0.52816625 0.01117832 0.01175831 0.02605213 0.19436909 0.01584886
2098.69956652 0.00470761 0.00046782 0.00019893 0.00035555 0.00143618 0.17272473 0.03748534 0.53046303 0.00934834 0.01347703 0.02502428 0.19312515 0.01589362
2099.69989997 0.00475387 0.00049590 0.00015837 0.00022517 0.00044450 0.17114695 0.03564277 0.53054524 0.01046323 0.01418479 0.02549351 0.19526388 0.01593569
2100.70023341 0.00481624 0.00078667 0.00013311 0.00044020 0.00133006 0.17198367 0.03647209 0.53056182 0.01098741 0.01414578 0.02397077 0.19403017 0.01515825
2101.70056686 0.00469408 0.00045954 0.00020857 0.00040068 0.00445478 0.17095741 0.03498578 0.53266032 0.00843612 0.01273975 0.02551734 0.19447357 0.01470614
2102.70090030 0.00655465 0.00049329 0.00033990 0.00041659 0.00301808 0.17402176 0.03851988 0.52869969 0.00893602 0.01379786 0.02213655 0.19422111 0.01539925
2103.70123374 0.00680854 0.00117046 0.00016015 0.00110261 0.00300511 0.17244529 0.03767797 0.52904196 0.00871823 0.01356956 0.02465673 0.19361708 0.01483487
2104.70156719 0.00686844 0.00037676 0.00015185 0.00013560 0.00031693 0.17707495 0.03770619 0.52901354 0.00951442 0.01293768 0.02512510 0.19291243 0.01473455
2105.70190063 0.00705844 0.00058124 0.00021145 0.00039541 0.00152108 0.17499282 0.03851792 0.52974062 0.00927762 0.01181433 0.02428674 0.19384215 0.01481861
2106.70223408 0.00555471 0.00028266 0.00020315 0.00012965 0.00026844 0.17706467 0.03722994 0.53088574 0.00837623 0.01149114 0.02521624 0.19408160 0.01477053
2107.70256752 0.00559520 0.00034415 0.00013777 0.00014019 0.00034075 0.17651562 0.03846318 0.53039337 0.00976640 0.01001130 0.02455177 0.19447296 0.01486252
2108.70290097 0.00560745 0.00049312 0.00011302 0.00026959 0.00055951 0.17598289 0.03706208 0.52907781 0.01024365 0.00999280 0.02627465 0.19445424 0.01547663
2109.70323441 0.00562368 0.00043272 0.00012437 0.00021791 0.00158728 0.17621601 0.03703101 0.52947230 0.01053564 0.01082177 0.02361434 0.19512801 0.01481864
2110.70356786 0.00558370 0.00044405 0.00012820 0.00049140 0.00282078 0.17707355 0.03845269 0.52634391 0.00942499 0.01157511 0.02433999 0.19379643 0.01510890
2111.70390130 0.00529603 0.00036345 0.00016203 0.00026400 0.00202848 0.17396256 0.03947919 0.52700278 0.00811838 0.01321660 0.02470564 0.19496665 0.01573024
2112.70423474 0.00525387 0.00072070 0.00023133 0.00082423 0.00132415 0.17733925 0.03743759 0.52743156 0.00777773 0.01228116 0.02379805 0.19327469 0.01755957
2113.70456819 0.00512892 0.00054333 0.00016881 0.00035469 0.00299169 0.17495010 0.03734975 0.52753442 0.00826397 0.01300640 0.02438283 0.19529991 0.01515410
2114.70490163 0.00521380 0.00034640 0.00020757 0.00024152 0.00040960 0.17677336 0.03676483 0.53074443 0.00807295 0.01287342 0.02443861 0.19374117 0.01538613
2115.70523508 0.00514962 0.00032836 0.00016889 0.00025959 0.00210958 0.17459422 0.03847178 0.53054886 0.00843822 0.01268111 0.02239090 0.19418574 0.01582275
2116.70556852 0.00668897 0.00034860 0.00021471 0.00030896 0.00040659 0.17452164 0.03773052 0.53197209 0.00829590 0.01229215 0.02566776 0.19303647 0.01520461
2117.70590197 0.00666419 0.00037340 0.00017421 0.00019873 0.00037874 0.17423185 0.03924067 0.53128974 0.00978752 0.01179683 0.02364966 0.19391020 0.01496845
2118.70623541 0.00663568 0.00031269 0.00020251 0.00018137 0.00038620 0.17461155 0.03698875 0.53159692 0.00797166 0.01133384 0.02603149 0.19488121 0.01550179
2119.70656886 0.00651285 0.00032947 0.00019114 0.00018236 0.00042089 0.17606578 0.04012529 0.52833648 0.00917081 0.01066460 0.02474936 0.19451738 0.01524644
2120.70690230 0.00653553 0.00042841 0.00019112 0.00030039 0.00228849 0.17534369 0.03796757 0.52786164 0.00944101 0.00885120 0.02581487 0.19480210 0.01670953
2121.70723575 0.00635844 0.00038073 0.00028636 0.00024777 0.00037697 0.17672715 0.03939322 0.52672110 0.00992135 0.00915416 0.02502923 0.19671527 0.01504668
2122.70756919 0.00611187 0.00034485 0.00020035 0.00013945 0.00035439 0.17701933 0.03996192 0.52761873 0.00897511 0.01013005 0.02465905 0.19513958 0.01545720
2123.70790263 0.00650424 0.00030036 0.00023418 0.00014707 0.00030819 0.17747008 0.03809242 0.52903061 0.00824205 0.01079486 0.02539593 0.19485330 0.01513096
2124.70823608 0.00678783 0.00029786 0.00017071 0.00013125 0.00029653 0.17828071 0.03819142 0.52950702 0.00845235 0.01085889 0.02375797 0.19469807 0.01535722
2125.70856952 0.00705225 0.00035453 0.00014377 0.00016286 0.00050891 0.17564387 0.03793168 0.52974843 0.00797699 0.01063377 0.02609547 0.19528933 0.01551039
2126.70890297 0.00709581 0.00038816 0.00011873 0.00025659 0.00172956 0.17742444 0.03837275 0.53122765 0.00816242 0.01041908 0.02369002 0.19326481 0.01494579
2127.70923641 0.00706339 0.00041042 0.00015395 0.00034438 0.00128558 0.17557790 0.03779879 0.53172454 0.00857859 0.01080617 0.02378758 0.19439947 0.01513263
2128.70956986 0.00698906 0.00068345 0.00011079 0.00031620 0.00174508 0.17615694 0.03841094 0.52797459 0.01000460 0.01062958 0.02399631 0.19470629 0.01526521
2129.70990330 0.00694451 0.00058794 0.00010818 0.00038612 0.00294371 0.17486606 0.03814087 0.52919618 0.00901632 0.01084716 0.02449004 0.19460848 0.01480893
2130.71023675 0.00687563 0.00064079 0.00011837 0.00070323 0.00127551 0.17570732 0.03899025 0.52903155 0.00856951 0.01016270 0.02464548 0.19352359 0.01663170
2131.71057019 0.00652249 0.00036805 0.00012679 0.00049393 0.00170733 0.17528667 0.03819045 0.52583635 0.00845290 0.01073051 0.02578114 0.19542056 0.01760532
2132.71090363 0.00608506 0.00046706 0.00020125 0.00030764 0.00053222 0.17683154 0.03884350 0.52758439 0.00939400 0.01190529 0.02438488 0.19347736 0.01607088
2133.71123708 0.00575147 0.00039453 0.00023577 0.00030818 0.00054706 0.17749857 0.03848141 0.52650277 0.00808471 0.01232826 0.02457511 0.19404704 0.01699658
2134.71157052 0.00575727 0.00040873 0.00022898 0.00026504 0.00053780 0.17771683 0.03933662 0.52647842 0.00857970 0.01294153 0.02446343 0.19360272 0.01544019
2135.71190397 0.00598335 0.00060634 0.00020111 0.00051222 0.00143625 0.17637745 0.03888454 0.52719328 0.00893462 0.01272188 0.02365462 0.19448346 0.01499422
2136.71223741 0.00627593 0.00041354 0.00018017 0.00035202 0.00132803 0.17863599 0.03748869 0.52615642 0.00954354 0.01180566 0.02435794 0.19350704 0.01623096
2137.71257086 0.00648919 0.00049804 0.00015020 0.00029964 0.00202029 0.17587206 0.03708809 0.52856073 0.00935995 0.01132060 0.02520521 0.19449435 0.01513085
2138.71290430 0.00679005 0.00044043 0.00015566 0.00038431 0.00300129 0.17499411 0.03658003 0.52949923 0.00977957 0.01079168 0.02466924 0.19394988 0.01575457
2139.71323775 0.00709160 0.00035887 0.00011724 0.00032564 0.00039645 0.17474600 0.03866448 0.52949176 0.00946060 0.01079975 0.02522212 0.19476101 0.01565607
2140.71357119 0.00750253 0.00036388 0.00020371 0.00022702 0.00173711 0.17330202 0.03705962 0.53124756 0.00948620 0.01125354 0.02526934 0.19508837 0.01476165
2141.71390463 0.00783594 0.00047215 0.00015950 0.00031168 0.00159417 0.17307487 0.03850186 0.53049814 0.01015107 0.01164789 0.02436130 0.19451469 0.01471268
2142.71423808 0.00953086 0.00042469 0.00020325 0.00022201 0.00124960 0.17527951 0.03800769 0.52890524 0.01010598 0.01115481 0.02577222 0.19342853 0.01524647
2143.71457152 0.00916488 0.00064859 0.00012896 0.00066721 0.00301564 0.17275880 0.03924325 0.52946211 0.00998687 0.01161950 0.02372651 0.19187193 0.01687064
2144.71490497 0.00815896 0.00033024 0.00027956 0.00016489 0.00155558 0.17216237 0.03726358 0.52975241 0.00898937 0.01356803 0.02551188 0.19505842 0.01536367
2145.71523841 0.00832401 0.00038731 0.00019257 0.00025440 0.00044387 0.17479966 0.03883100 0.52964712 0.00882791 0.01420516 0.02361914 0.19262902 0.01616284
2146.71557186 0.00859215 0.00058487 0.00016671 0.00048953 0.00119361 0.17197386 0.03939336 0.52608370 0.00828230 0.01459107 0.02612348 0.19485701 0.01626048
2147.71590530 0.00854956 0.00045373 0.00018063 0.00027811 0.00057360 0.17348640 0.03886024 0.52608859 0.00925868 0.01462562 0.02562290 0.19426275 0.01630875
2148.71623875 0.00836581 0.00036536 0.00018367 0.00020783 0.00035593 0.17341661 0.03914703 0.52692980 0.00985833 0.01405893 0.02494875 0.19518708 0.01534067
2149.71657219 0.00810116 0.00028080 0.00026905 0.00019589 0.00032763 0.17320934 0.03756564 0.52855767 0.00907657 0.01412049 0.02588903 0.19465984 0.01584806
2150.71690564 0.00783146 0.00047933 0.00016569 0.00026725 0.00150591 0.17323299 0.03989316 0.52779144 0.00988395 0.01254358 0.02512090 0.19429422 0.01482158
2151.71723908 0.00780900 0.00043377 0.00033347 0.00041426 0.00149171 0.17314377 0.03747174 0.52894394 0.00936021 0.01236626 0.02628666 0.19468685 0.01506736
2152.71757252 0.00787041 0.00057236 0.00016932 0.00036103 0.00133424 0.17230218 0.03825453 0.53044732 0.01022771 0.01192326 0.02668446 0.19270859 0.01501500
2153.71790597 0.00800928 0.00036781 0.00017112 0.00015227 0.00031589 0.17219524 0.03756217 0.53146887 0.01056735 0.01218039 0.02660649 0.19365986 0.01475254
2154.71823941 0.00786538 0.00065448 0.00015616 0.00060287 0.00120426 0.17070626 0.03821023 0.53123819 0.01051981 0.01316504 0.02392024 0.19502163 0.01460082
2155.71857286 0.00780262 0.00028935 0.00014967 0.00016099 0.00188357 0.17048007 0.03591065 0.53320238 0.00919741 0.01351042 0.02631695 0.19417840 0.01472015
2156.71890630 0.00762622 0.00052781 0.00012823 0.00045680 0.00256891 0.16921242 0.03730437 0.53208580 0.00934072 0.01404712 0.02449794 0.19473230 0.01509756
2157.71923975 0.00737558 0.00039468 0.00015653 0.00026104 0.00148170 0.17150410 0.03765203 0.53045908 0.00889426 0.01421335 0.02478115 0.19519211 0.01500997
2158.71957319 0.00729901 0.00076243 0.00013855 0.00038836 0.00187540 0.16843656 0.04029553 0.53036326 0.01133754 0.01275346 0.02389008 0.19392046 0.01583838
2159.71990664 0.00724772 0.00080026 0.00013522 0.00059484 0.00389501 0.16924939 0.03821908 0.52818542 0.01041197 0.01236971 0.02653305 0.19325548 0.01635058
2160.72024008 0.00751977 0.00060083 0.00020389 0.00043529 0.00180150 0.16891651 0.03930629 0.52886942 0.01006319 0.01357008 0.02576272 0.19407167 0.01639862
2161.72057352 0.00747770 0.00042933 0.00023170 0.00029693 0.00149688 0.16855165 0.03741585 0.52903482 0.00956920 0.01333483 0.02724133 0.19559023 0.01680724
2162.72090697 0.00758473 0.00053094 0.00022183 0.00047588 0.00280673 0.16985100 0.03766824 0.52881008 0.01082331 0.01336526 0.02639488 0.19338016 0.01567169
2163.72124041 0.00773152 0.00047574 0.00022133 0.00040912 0.00262166 0.16794199 0.03789804 0.53123865 0.01037165 0.01437950 0.02536938 0.19309509 0.01597786
2164.72157386 0.00788865 0.00046605 0.00017889 0.00034869 0.00142069 0.16938434 0.03917519 0.52991212 0.01028540 0.01427279 0.02615811 0.19343342 0.01496432
2165.72190730 0.00796643 0.00048169 0.00015546 0.00033549 0.00141899 0.16913606 0.03871803 0.53098066 0.00991391 0.01419600 0.02585215 0.19328650 0.01552507
2166.72224075 0.00779005 0.00052460 0.00019046 0.00022006 0.00249836 0.16901681 0.03584274 0.53109181 0.01107728 0.01359061 0.02736951 0.19330558 0.01527219
2167.72257419 0.00789938 0.00048207 0.00025130 0.00033162 0.00097934 0.17041905 0.03596962 0.53038350 0.01062767 0.01448751 0.02382007 0.19573980 0.01650844
2168.72290764 0.00810524 0.00039882 0.00018713 0.00029118 0.00076091 0.16996944 0.03632217 0.53114514 0.00927341 0.01446390 0.02662194 0.19560143 0.01496453
2169.72324108 0.00814759 0.00076261 0.00022404 0.00046449 0.00147631 0.17133550 0.03725724 0.53168594 0.00927838 0.01505404 0.02167092 0.19554339 0.01524716
2170.72357452 0.00987636 0.00036352 0.00024106 0.00028925 0.00054703 0.16672425 0.03782803 0.53372953 0.00831831 0.01722115 0.02499454 0.19407495 0.01566840
2171.72390797 0.00944668 0.00055493 0.00023535 0.00048387 0.00203452 0.16772462 0.03868646 0.53247891 0.00908443 0.01632599 0.02267281 0.19403891 0.01567920
2172.72424141 0.00857045 0.00096115 0.00026935 0.00067733 0.00258274 0.16629050 0.03567001 0.53195561 0.00996374 0.01701590 0.02609467 0.19273512 0.01578386
2173.72457486 0.00864922 0.00091069 0.00017647 0.00074788 0.00310974 0.16546147 0.03659705 0.53008363 0.01092969 0.01575709 0.02618071 0.19361282 0.01643273
2174.72490830 0.00866632 0.00066872 0.00015867 0.00049205 0.00275877 0.16653737 0.03768367 0.52977414 0.01087850 0.01441363 0.02739036 0.19286584 0.01637829
2175.72524175 0.00835334 0.00060841 0.00015244 0.00066189 0.00262782 0.16543401 0.04043259 0.52946672 0.01079582 0.01321514 0.02704897 0.19340787 0.01614831
2176.72557519 0.00785492 0.00074123 0.00016818 0.00055009 0.00218570 0.16679326 0.03868747 0.52715725 0.01240066 0.01297487 0.02811072 0.19524924 0.01498134
2177.72590864 0.00919195 0.00075638 0.00020081 0.00034389 0.00509849 0.16589137 0.03876818 0.52746352 0.01238536 0.01259593 0.02708199 0.19335029 0.01606379
2178.72624208 0.00909752 0.00134758 0.00018699 0.00140471 0.00441526 0.16598920 0.03785385 0.52758576 0.01149077 0.01328506 0.02707510 0.19346541 0.01590030
2179.72657553 0.00885221 0.00113644 0.00019938 0.00103830 0.00276216 0.16727758 0.03831228 0.52893327 0.01013535 0.01460430 0.02605672 0.19304610 0.01649813
2180.72690897 0.00888485 0.00067972 0.00017469 0.00070465 0.00179843 0.16632435 0.03919735 0.53017183 0.00951608 0.01597937 0.02546790 0.19353323 0.01645241
2181.72724241 0.00879633 0.00062749 0.00028869 0.00065294 0.00189092 0.16781655 0.03639885 0.53022268 0.00956992 0.01724558 0.02477582 0.19281598 0.01769456
2182.72757586 0.00884628 0.00056750 0.00022414 0.00035659 0.00143899 0.16633039 0.03570260 0.53138201 0.01087036 0.01975669 0.02322470 0.19293605 0.01720998
2183.72790930 0.00901655 0.00058113 0.00021646 0.00050739 0.00167701 0.16605632 0.03576493 0.52998049 0.00978234 0.02049550 0.02556952 0.19439427 0.01497464
2184.72824275 0.00920164 0.00047476 0.00016514 0.00044943 0.00210998 0.16731126 0.03721531 0.52971701 0.00927952 0.01967835 0.02486538 0.19331983 0.01541402
2185.72857619 0.00945596 0.00046681 0.00017045 0.00057695 0.00117792 0.16622763 0.03824183 0.52955858 0.00956729 0.01797509 0.02636032 0.19453600 0.01514110
2186.72890964 0.00973266 0.00048878 0.00013781 0.00067983 0.00126976 0.16720312 0.03875243 0.52965864 0.01134921 0.01455435 0.02601846 0.19316276 0.01672486
2187.72924308 0.00963372 0.00058371 0.00018130 0.00025380 0.00079431 0.16505067 0.03670084 0.53012938 0.01392201 0.01248520 0.02946739 0.19465389 0.01577749
2188.72957653 0.00976425 0.00063682 0.00015495 0.00036758 0.00098253 0.16632675 0.03797379 0.53017835 0.01506897 0.01120914 0.03035735 0.19159765 0.01514611
2189.72990997 0.00956787 0.00077385 0.00015026 0.00063726 0.00140776 0.16583031 0.03783287 0.52900607 0.01330178 0.01122024 0.03101122 0.19283076 0.01599762
2190.73024341 0.00944073 0.00074385 0.00013657 0.00044153 0.00209517 0.16701666 0.03972470 0.52856001 0.01314455 0.01133875 0.03011870 0.19202137 0.01465814
2191.73057686 0.00963582 0.00111213 0.00025258 0.00084660 0.00268241 0.16593568 0.03884604 0.52899679 0.01240692 0.01606286 0.02657483 0.19177408 0.01450909
2192.73091030 0.00965802 0.00095840 0.00021052 0.00070364 0.00189966 0.16586017 0.03708289 0.52860989 0.01194748 0.01815349 0.02696481 0.19259569 0.01501337
2193.73124375 0.00928177 0.00104002 0.00022492 0.00085306 0.00410092 0.16727498 0.03591178 0.52905259 0.01042781 0.02073891 0.02324887 0.19276971 0.01435642
2194.73157719 0.00894583 0.00095643 0.00025872 0.00075069 0.00457930 0.16338705 0.03484600 0.52827921 0.00850468 0.02289846 0.02358168 0.19407288 0.01788490
2195.73191064 0.00896285 0.00065788 0.00030800 0.00094392 0.00407834 0.16372278 0.03483262 0.52829613 0.00750395 0.02562348 0.02271262 0.19525217 0.01606810
2196.73224408 0.00914265 0.00072119 0.00022331 0.00070320 0.00405116 0.16567881 0.03720213 0.52926681 0.00887057 0.02036874 0.02285931 0.19447457 0.01558019
2197.73257753 0.00927920 0.00043651 0.00018578 0.00030980 0.00046858 0.16481319 0.03749059 0.52944350 0.00924110 0.01729514 0.02680083 0.19583214 0.01768284
2198.73291097 0.00928758 0.00084938 0.00016604 0.00083268 0.00249423 0.16738388 0.03851134 0.52791663 0.01236129 0.01462688 0.02704469 0.19195011 0.01586285
2199.73324441 0.00886985 0.00105212 0.00015704 0.00099032 0.00591929 0.16348553 0.03754357 0.52880876 0.01254294 0.01220347 0.02637102 0.19397774 0.01694820
2200.73357786 0.00850101 0.00152338 0.00016710 0.00101439 0.00306633 0.16631866 0.03772945 0.52780372 0.01292703 0.01077566 0.03253471 0.19010942 0.01603014
2201.73391130 0.00861802 0.00114642 0.00017413 0.00082705 0.00358275 0.16411457 0.04043646 0.52944652 0.01518811 0.01089428 0.02629319 0.19247388 0.01542262
2202.73424475 0.00894122 0.00110074 0.00029554 0.00074394 0.00381839 0.16401057 0.03714057 0.53042173 0.01425952 0.01235509 0.02944306 0.19110654 0.01530431
2203.73457819 0.00898242 0.00117452 0.00020748 0.00105820 0.00524405 0.16273580 0.03802846 0.53171200 0.01125739 0.01386259 0.02607245 0.19392215 0.01472492
2204.73491164 0.00889428 0.00083783 0.00016587 0.00065713 0.00497446 0.16200527 0.03555686 0.53135851 0.01141815 0.01639255 0.02517556 0.19533971 0.01611810
2205.73524508 0.00866935 0.00071769 0.00029780 0.00047399 0.00184278 0.16390041 0.03511308 0.53221756 0.01111127 0.01898320 0.02497168 0.19593799 0.01443256
2206.73557853 0.00870402 0.00044173 0.00025727 0.00015903 0.00035704 0.16333314 0.03742065 0.53282514 0.01021642 0.02040104 0.02378866 0.19638185 0.01441803
2207.73591197 0.00879967 0.00076455 0.00021556 0.00060239 0.00125709 0.16374163 0.03870013 0.53297263 0.00838635 0.01962661 0.02347954 0.19584056 0.01441296
2208.73624542 0.00873783 0.00066122 0.00016620 0.00045301 0.00404747 0.16483206 0.03521628 0.53296708 0.00883545 0.01755426 0.02502955 0.19479244 0.01544496
2209.73657886 0.00875014 0.00066717 0.00018355 0.00067183 0.00419835 0.16465173 0.03642994 0.53554342 0.01026108 0.01710428 0.02250519 0.19366661 0.01411686
2210.73691230 0.00874245 0.00053186 0.00014136 0.00055255 0.00236581 0.16690195 0.03547515 0.53435167 0.00949897 0.01499983 0.02591312 0.19358621 0.01568151
2211.73724575 0.00868162 0.00051845 0.00013213 0.00057962 0.00249803 0.16592596 0.03599117 0.53580836 0.01071696 0.01405683 0.02490730 0.19307820 0.01578699
2212.73757919 0.00836124 0.00065042 0.00011773 0.00046035 0.00180584 0.16671151 0.03649506 0.53534451 0.01146068 0.01265431 0.02635145 0.19353665 0.01441149
2213.73791264 0.00968207 0.00054401 0.00013587 0.00018165 0.00047492 0.16692268 0.03512324 0.53109178 0.01230329 0.01352624 0.02915395 0.19501352 0.01552885
2214.73824608 0.00946429 0.00051187 0.00014421 0.00035259 0.00181165 0.16588548 0.03759514 0.53196412 0.01283856 0.01281563 0.02676914 0.19418872 0.01512291
2215.73857953 0.00922748 0.00049518 0.00021027 0.00056752 0.00164258 0.16712529 0.03491924 0.53212310 0.01066316 0.01374208 0.02607060 0.19664020 0.01580078
2216.73891297 0.00907582 0.00033271 0.00027046 0.00021431 0.00032983 0.16806942 0.03613212 0.53248087 0.00989262 0.01545960 0.02470010 0.19803641 0.01408155
2217.73924642 0.00909545 0.00065062 0.00028136 0.00048414 0.00109720 0.16839664 0.03452665 0.53405402 0.00879721 0.01749299 0.02432506 0.19574618 0.01414793
2218.73957986 0.00948398 0.00035705 0.00023859 0.00015232 0.00027974 0.17081882 0.03612190 0.53384856 0.00878713 0.01715911 0.02291193 0.19504917 0.01427567
2219.73991330 0.00978348 0.00035455 0.00017915 0.00015816 0.00177284 0.16935583 0.03522702 0.53548224 0.00815196 0.01621681 0.02403285 0.19457492 0.01449367
2220.74024675 0.00999499 0.00065744 0.00014324 0.00044081 0.00132264 0.17032572 0.03713021 0.53580496 0.00879876 0.01535960 0.02253497 0.19295557 0.01452608
2221.74058019 0.00994181 0.00032888 0.00014249 0.00014497 0.00028337 0.17072973 0.03610715 0.53561047 0.00839020 0.01372614 0.02596152 0.19400994 0.01456512
2222.74091364 0.00979241 0.00072985 0.00016220 0.00060975 0.00100321 0.17236143 0.03683524 0.53459270 0.00918666 0.01288009 0.02241512 0.19503892 0.01418482
2223.74124708 0.00932914 0.00074628 0.00017448 0.00085916 0.00411365 0.16896643 0.03366467 0.53360626 0.00891348 0.01395087 0.02413267 0.19591113 0.01496092
2224.74158053 0.00938005 0.00067506 0.00018910 0.00071917 0.00241528 0.16854260 0.03475302 0.53223927 0.01026769 0.01357206 0.02355902 0.19765703 0.01541071
2225.74191397 0.00949289 0.00096003 0.00017196 0.00071365 0.00365343 0.16533012 0.03443331 0.53173349 0.01091107 0.01325785 0.02805683 0.19567423 0.01510403
2226.74224742 0.00923155 0.00059270 0.00017724 0.00044863 0.00170141 0.16502342 0.03648534 0.53198277 0.01007898 0.01421335 0.02638349 0.19625218 0.01666048
2227.74258086 0.00865080 0.00048816 0.00039401 0.00045868 0.00225306 0.16482311 0.03850861 0.53203880 0.01052582 0.01547974 0.02547200 0.19450017 0.01505784
2228.74291430 0.00840666 0.00054820 0.00025863 0.00028494 0.00166870 0.16416130 0.03802671 0.53483092 0.00976332 0.01592985 0.02563929 0.19203891 0.01684922
2229.74324775 0.00848019 0.00073757 0.00020531 0.00046996 0.00241912 0.16441391 0.03895717 0.53264166 0.01031335 0.01499337 0.02630456 0.19211324 0.01643079
2230.74358119 0.00885383 0.00056498 0.00016133 0.00033055 0.00169890 0.16365025 0.03873263 0.53235221 0.01116223 0.01522331 0.02822622 0.19137243 0.01652496
2231.74391464 0.00891107 0.00041036 0.00017867 0.00022340 0.00041682 0.16411190 0.03932350 0.53227416 0.01022404 0.01648551 0.02626097 0.19325677 0.01683390
2232.74424808 0.00878246 0.00060253 0.00014411 0.00045330 0.00322102 0.16338086 0.03825048 0.53113937 0.00999551 0.01681714 0.02632548 0.19469295 0.01497724
2233.74458153 0.00892344 0.00085220 0.00020424 0.00054072 0.00194382 0.16670005 0.03777310 0.53111784 0.00905108 0.01604204 0.02434061 0.19605901 0.01537531
2234.74491497 0.00894673 0.00059612 0.00016055 0.00036998 0.00163983 0.16751040 0.03743354 0.53033702 0.00970137 0.01501632 0.02484491 0.19763694 0.01475302
2235.74524842 0.00893169 0.00084746 0.00016248 0.00014212 0.00063595 0.16550354 0.03870226 0.53244345 0.01292107 0.01286243 0.02432070 0.19659734 0.01486119
2236.74558186 0.00877916 0.00035557 0.00015059 0.00018260 0.00039526 0.16631908 0.03790608 0.53290425 0.00940373 0.01264802 0.02894532 0.19554375 0.01524576
2237.74591531 0.00853265 0.00052419 0.00013198 0.00034749 0.00146115 0.16645501 0.04058822 0.53468797 0.00993646 0.01238783 0.02410428 0.19403746 0.01533797
2238.74624875 0.01015053 0.00034570 0.00015718 0.00026983 0.00156821 0.16719379 0.03704753 0.53494196 0.00902699 0.01180869 0.02705699 0.19386062 0.01672251
2239.74658219 0.00969066 0.00089008 0.00021072 0.00080723 0.00484968 0.16669049 0.03810833 0.53390498 0.01029945 0.01338854 0.02460213 0.19068861 0.01555977
2240.74691564 0.00939119 0.00092245 0.00021244 0.00092822 0.00289053 0.16565944 0.03771828 0.53249020 0.01006753 0.01393096 0.02570977 0.19385342 0.01561677
2241.74724908 0.00918046 0.00079928 0.00036930 0.00071375 0.00198133 0.16671359 0.03779490 0.53286221 0.00890346 0.01546962 0.02496570 0.19448346 0.01494340
2242.74758253 0.00925425 0.00049650 0.00024534 0.00045417 0.00222432 0.16486612 0.03927112 0.53219244 0.00923188 0.01588547 0.02416625 0.19596842 0.01499796
2243.74791597 0.00945116 0.00040870 0.00034794 0.00023048 0.00192361 0.16543072 0.03648643 0.53264127 0.00875948 0.01645413 0.02514264 0.19779827 0.01437632
2244.74824942 0.01001615 0.00055432 0.00021775 0.00035954 0.00115898 0.16607500 0.03616705 0.53194853 0.00989174 0.01593222 0.02525058 0.19805985 0.01438443
2245.74858286 0.01032100 0.00049866 0.00018259 0.00029823 0.00160898 0.16617873 0.03609438 0.53361159 0.01024583 0.01536396 0.02517785 0.19628980 0.01444940
2246.74891631 0.01019466 0.00077443 0.00015649 0.00046523 0.00275035 0.16565131 0.03614702 0.53535829 0.01084397 0.01412012 0.02515726 0.19322977 0.01534577
2247.74924975 0.00964468 0.00063863 0.00014611 0.00052994 0.00169138 0.16540430 0.03576401 0.53469103 0.01137562 0.01330489 0.02770916 0.19266826 0.01607668
2248.74958319 0.00951693 0.00037772 0.00016487 0.00025759 0.00319409 0.16519278 0.03747929 0.53469001 0.01116405 0.01493688 0.02511439 0.19222082 0.01520752
2249.74991664 0.00940373 0.00107303 0.00016641 0.00089034 0.00342864 0.16504982 0.03554447 0.53354993 0.01103625 0.01486418 0.02748008 0.19133717 0.01557968
2250.75025008 0.00955411 0.00062399 0.00015678 0.00046405 0.00280252 0.16496432 0.03774528 0.53060716 0.01138718 0.01554601 0.02731136 0.19364223 0.01474912
2251.75058353 0.00943987 0.00059404 0.00016868 0.00049041 0.00313769 0.16598267 0.03921277 0.52857861 0.01004739 0.01606444 0.02681986 0.19350813 0.01539531
2252.75091697 0.00925806 0.00055978 0.00018942 0.00032654 0.00163420 0.16464435 0.03985973 0.52733497 0.01095606 0.01742457 0.02543008 0.19587275 0.01576755
2253.75125042 0.00845921 0.00062576 0.00021017 0.00041071 0.00169653 0.16554092 0.03732418 0.52766781 0.01121938 0.01908000 0.02652090 0.19505926 0.01464438
2254.75158386 0.00822975 0.00060648 0.00039909 0.00045917 0.00257396 0.16454969 0.03723983 0.52849169 0.01012778 0.02106125 0.02492900 0.19457861 0.01498346
2255.75191731 0.00807827 0.00080483 0.00023037 0.00061370 0.00249218 0.16427882 0.03781494 0.52873087 0.01014317 0.02042272 0.02638107 0.19276926 0.01531805
2256.75225075 0.00856639 0.00044155 0.00020210 0.00024345 0.00126544 0.16416543 0.03942493 0.53321142 0.01042558 0.01817332 0.02535715 0.19189347 0.01519615
2257.75258419 0.00883744 0.00078596 0.00020758 0.00057883 0.00104638 0.16524073 0.03942581 0.53268907 0.00966423 0.01588517 0.02507538 0.19327509 0.01612577
2258.75291764 0.00923021 0.00084763 0.00015357 0.00087059 0.00447050 0.16471701 0.03787503 0.53277133 0.01009375 0.01453715 0.02689041 0.19098019 0.01579285
2259.75325108 0.00932934 0.00048529 0.00014795 0.00039808 0.00150756 0.16422037 0.04012613 0.53267934 0.01103404 0.01370539 0.02585325 0.19303394 0.01680866
2260.75358453 0.00942119 0.00045619 0.00014706 0.00028338 0.00126256 0.16439924 0.04037628 0.53125581 0.01066594 0.01316547 0.02809987 0.19396613 0.01592206
2261.75391797 0.00940168 0.00056562 0.00030619 0.00048026 0.00283333 0.16428578 0.03991689 0.52801065 0.01051736 0.01271756 0.02778956 0.19633647 0.01624033
2262.75425142 0.00940226 0.00050652 0.00019321 0.00036885 0.00252027 0.16214139 0.04140930 0.52838893 0.01097977 0.01381735 0.02620771 0.19574690 0.01771979
2263.75458486 0.00893195 0.00064028 0.00017279 0.00071644 0.00249289 0.16121870 0.04152456 0.52714677 0.01088653 0.01465913 0.02876804 0.19572335 0.01605052
2264.75491831 0.00872947 0.00050850 0.00017984 0.00034582 0.00307131 0.15987720 0.04096716 0.52986042 0.01124675 0.01551079 0.02801438 0.19342190 0.01699593
2265.75525175 0.00845089 0.00058925 0.00017420 0.00041411 0.00165825 0.16133728 0.04268530 0.53013477 0.01158196 0.01586777 0.02756263 0.19181336 0.01618112
2266.75558520 0.00811028 0.00034544 0.00017865 0.00020425 0.00035583 0.15965573 0.04147903 0.53284877 0.01016970 0.01684181 0.03023929 0.19057458 0.01710693
2267.75591864 0.00791276 0.00034831 0.00018041 0.00017528 0.00033489 0.16095777 0.04437009 0.53335540 0.01097289 0.01721128 0.02666411 0.18933078 0.01609881
2268.75625208 0.00935944 0.00041346 0.00019881 0.00041047 0.00211886 0.16158148 0.04177224 0.52969749 0.01003096 0.01681340 0.02862151 0.19184331 0.01649802
2269.75658553 0.00910748 0.00033675 0.00018794 0.00023397 0.00032684 0.16153481 0.04293179 0.53033629 0.00967829 0.01836720 0.02593010 0.19223462 0.01790140
2270.75691897 0.00749434 0.00073234 0.00019331 0.00062860 0.00175939 0.16310686 0.04181413 0.52783751 0.01040257 0.01718122 0.02654129 0.19408335 0.01571943
2271.75725242 0.00771541 0.00130287 0.00016216 0.00065984 0.00371995 0.16241042 0.03955120 0.52523384 0.01107754 0.01671311 0.02762020 0.19517605 0.01637282
2272.75758586 0.00781238 0.00075253 0.00017355 0.00050372 0.00310213 0.16473108 0.04086561 0.52570453 0.01119912 0.01617231 0.02659287 0.19404143 0.01616111
2273.75791931 0.00756453 0.00036968 0.00033017 0.00030434 0.00124171 0.16413275 0.04194053 0.52646850 0.01030763 0.01697670 0.02804164 0.19430226 0.01558408
2274.75825275 0.00744988 0.00084973 0.00024529 0.00081017 0.00448188 0.16343452 0.04093009 0.52743663 0.01158099 0.01512883 0.02839225 0.19103245 0.01567718
2275.75858620 0.00772744 0.00060904 0.00021539 0.00030757 0.00268817 0.16569547 0.04300238 0.52932284 0.01316188 0.01273403 0.02706529 0.18908539 0.01611256
2276.75891964 0.00832959 0.00056848 0.00019748 0.00042385 0.00068792 0.16633962 0.04020106 0.52871121 0.01095783 0.01291528 0.03015976 0.19010279 0.01873472
2277.75925308 0.00844537 0.00073208 0.00013288 0.00058732 0.00327802 0.16567650 0.04202236 0.53085897 0.01124715 0.01325920 0.02617460 0.18968244 0.01634849
2278.75958653 0.00827948 0.00054869 0.00012281 0.00049144 0.00183135 0.16530025 0.04069097 0.52983438 0.00901411 0.01432105 0.02616680 0.19216914 0.01950903
2279.75991997 0.00790707 0.00068910 0.00013107 0.00049953 0.00120073 0.16618522 0.04112681 0.52847120 0.00834560 0.01437001 0.02614745 0.19554077 0.01729250
2280.76025342 0.00771632 0.00049973 0.00020485 0.00053199 0.00195409 0.16637505 0.04249051 0.52878590 0.00941495 0.01460217 0.02339156 0.19516822 0.01658098
2281.76058686 0.00765222 0.00071409 0.00017105 0.00065407 0.00258041 0.16610837 0.03793191 0.52758564 0.00812312 0.01455572 0.02787041 0.19660309 0.01710213
2282.76092031 0.00740617 0.00053349 0.00030382 0.00055568 0.00195424 0.16585287 0.04083973 0.53018839 0.00980206 0.01360458 0.02435658 0.19494525 0.01706331
2283.76125375 0.00705650 0.00078079 0.00022044 0.00075214 0.00334585 0.16299507 0.04099566 0.53277468 0.00870362 0.01208547 0.02637099 0.19300170 0.01797360
2284.76158720 0.00734785 0.00032338 0.00028147 0.00035061 0.00052094 0.16630222 0.04226180 0.53269732 0.00874418 0.01236033 0.02686094 0.19266796 0.01662886
2285.76192064 0.00765596 0.00038035 0.00024112 0.00036240 0.00056450 0.16589770 0.04165120 0.53430024 0.01065657 0.01282751 0.02531527 0.19051706 0.01728606
2286.76225408 0.00805030 0.00038046 0.00018765 0.00025758 0.00181268 0.16498255 0.04126134 0.53374955 0.00916763 0.01281965 0.02605117 0.19294577 0.01638396
2287.76258753 0.00821827 0.00034052 0.00026501 0.00036127 0.00168182 0.16589321 0.04063871 0.53314015 0.00895870 0.01391104 0.02720629 0.19134446 0.01625882
2288.76292097 0.00852346 0.00040564 0.00017289 0.00021400 0.00045189 0.16328897 0.04359502 0.53093867 0.01056065 0.01387047 0.02553593 0.19455438 0.01641150
2289.76325442 0.00956173 0.00040316 0.00016304 0.00022944 0.00043967 0.16411958 0.04136293 0.52871730 0.01004540 0.01493557 0.03017169 0.19326064 0.01615158
2290.76358786 0.00952229 0.00048005 0.00016889 0.00017130 0.00045258 0.16352850 0.04256829 0.52672942 0.01217103 0.01526008 0.02602322 0.19602827 0.01641838
2291.76392131 0.00924453 0.00079616 0.00015989 0.00053019 0.00085426 0.16383412 0.04106773 0.52831493 0.01021319 0.01517702 0.02840338 0.19434403 0.01630509
2292.76425475 0.00881195 0.00033198 0.00020321 0.00014966 0.00033371 0.16230106 0.04180765 0.53117413 0.00977933 0.01754646 0.02730128 0.19302219 0.01604934
2293.76458820 0.00838107 0.00029680 0.00026854 0.00015366 0.00030209 0.16213926 0.04314165 0.53289020 0.00943163 0.01692639 0.02624010 0.19267606 0.01553363
2294.76492164 0.00809629 0.00031294 0.00022211 0.00015762 0.00029001 0.16070297 0.04296761 0.53360736 0.00918088 0.01674045 0.02785365 0.19196789 0.01599650
2295.76525509 0.00766438 0.00055396 0.00019491 0.00049231 0.00176913 0.16073179 0.04308430 0.53344258 0.01006100 0.01553740 0.02689167 0.18963081 0.01761012
2296.76558853 0.00734852 0.00054045 0.00017365 0.00042858 0.00058753 0.15967654 0.04396290 0.53087302 0.01064859 0.01451307 0.02868133 0.19253451 0.01737983
2297.76592197 0.00735221 0.00062592 0.00023754 0.00047227 0.00221645 0.16121189 0.04296680 0.52912654 0.01002438 0.01236752 0.03122004 0.19121828 0.01831237
2298.76625542 0.00716199 0.00075841 0.00020962 0.00075518 0.00331909 0.16078212 0.04416891 0.52854874 0.01107237 0.01166386 0.02784718 0.19427857 0.01659595
2299.76658886 0.00750109 0.00067015 0.00015138 0.00033294 0.00150469 0.16384021 0.04343063 0.52479897 0.01170586 0.01096384 0.03011914 0.19370254 0.01877964
2300.76692231 0.00778080 0.00063417 0.00012333 0.00048711 0.00166036 0.16175070 0.04380709 0.52726108 0.01193525 0.01173185 0.02967261 0.19379662 0.01713984
2301.76725575 0.00792429 0.00054549 0.00012840 0.00030454 0.00102280 0.16356400 0.04631795 0.52608138 0.01081027 0.01215251 0.02732484 0.19440066 0.01734715
2302.76758920 0.00840712 0.00057749 0.00016361 0.00060015 0.00244212 0.16174746 0.04448615 0.52913353 0.00889463 0.01326447 0.02991323 0.19164783 0.01712934
2303.76792264 0.00826257 0.00068438 0.00013656 0.00041897 0.00097769 0.16418764 0.04401261 0.52903853 0.01217882 0.01425463 0.02673914 0.18939394 0.01797708
2304.76825609 0.00874245 0.00095446 0.00015247 0.00045475 0.00313344 0.16328891 0.04049775 0.52786070 0.01130177 0.01513645 0.02860129 0.19065832 0.01795968
2305.76858953 0.00873588 0.00055570 0.00026495 0.00041772 0.00190164 0.16539087 0.04303139 0.52801309 0.00931616 0.01729949 0.02761531 0.19001072 0.01618296
2306.76892297 0.00887193 0.00039831 0.00025205 0.00025183 0.00132172 0.16556540 0.04368814 0.52713758 0.00921015 0.01938547 0.02479867 0.19185685 0.01613384
2307.76925642 0.00892707 0.00049934 0.00026194 0.00038674 0.00167434 0.16797286 0.04080137 0.52438917 0.00842094 0.01863213 0.02814150 0.19313793 0.01568174
2308.76958986 0.00864406 0.00062155 0.00026773 0.00048881 0.00142012 0.16806205 0.04206956 0.52488805 0.01122057 0.01737964 0.02489517 0.19301760 0.01566916
2309.76992331 0.00873358 0.00043196 0.00018974 0.00025039 0.00177816 0.16812985 0.04006089 0.52339094 0.01084617 0.01593382 0.02865969 0.19451843 0.01580996
2310.77025675 0.00891786 0.00072740 0.00020334 0.00044719 0.00186501 0.16991771 0.04052943 0.52277114 0.01207341 0.01482987 0.02755128 0.19198688 0.01709732
2311.77059020 0.00905009 0.00056116 0.00016596 0.00033810 0.00175297 0.16830566 0.04226334 0.52310808 0.01330717 0.01384436 0.02921930 0.19092480 0.01620909
2312.77092364 0.00878206 0.00036470 0.00025216 0.00018583 0.00037546 0.16915023 0.04281066 0.52354647 0.01216319 0.01554181 0.03053964 0.18928373 0.01578613
2313.77125709 0.00869115 0.00042297 0.00019202 0.00014626 0.00038930 0.16922160 0.04136640 0.52429334 0.01254407 0.01581106 0.03051085 0.18879126 0.01631088
2314.77159053 0.00846362 0.00043288 0.00039988 0.00015345 0.00041327 0.17078226 0.04312429 0.52323169 0.01257185 0.01652444 0.02613038 0.19063784 0.01559777
2315.77192397 0.00844863 0.00029679 0.00021868 0.00014562 0.00029849 0.17154965 0.04006613 0.52304063 0.00971421 0.01682400 0.03076288 0.19097965 0.01610328
2316.77225742 0.00881512 0.00034537 0.00019596 0.00013927 0.00032097 0.17151172 0.04436104 0.52305396 0.01059758 0.01634909 0.02485810 0.19232773 0.01593921
2317.77259086 0.00899066 0.00042384 0.00020043 0.00019765 0.00047600 0.16907897 0.04151378 0.52228837 0.00979464 0.01613867 0.02911642 0.19464619 0.01612504
2318.77292431 0.00907551 0.00058518 0.00013426 0.00019173 0.00191669 0.16896221 0.04361618 0.51965241 0.01173616 0.01578660 0.02765430 0.19308141 0.01668287
2319.77325775 0.00914913 0.00068668 0.00016457 0.00044104 0.00194022 0.16499232 0.04421292 0.52062818 0.01189466 0.01575805 0.02947268 0.19348624 0.01632243
2320.77359120 0.00902389 0.00048446 0.00015925 0.00024364 0.00127655 0.16323303 0.04571459 0.52325320 0.01167827 0.01543305 0.03065420 0.19106998 0.01679979
2321.77392464 0.00901709 0.00048714 0.00018536 0.00016758 0.00046377 0.16359854 0.04623976 0.52331941 0.01222095 0.01555066 0.03073843 0.19025314 0.01677525
2322.77425809 0.00891448 0.00099112 0.00016527 0.00074092 0.00107296 0.16059782 0.04708768 0.52453806 0.01196392 0.01529839 0.03066690 0.18990675 0.01697021
2323.77459153 0.00870493 0.00082990 0.00015654 0.00056357 0.00242073 0.16195522 0.04500206 0.52408370 0.01127009 0.01482137 0.03304100 0.18623256 0.01962327
2324.77492497 0.00833299 0.00074654 0.00014786 0.00059097 0.00265916 0.15891918 0.04895076 0.52219258 0.01264897 0.01560610 0.02923146 0.18966663 0.01863981
2325.77525842 0.00814870 0.00052905 0.00017947 0.00027872 0.00050113 0.16055826 0.04594633 0.52161367 0.01128917 0.01604452 0.03310577 0.19084027 0.01911364
2326.77559186 0.00801029 0.00061485 0.00016755 0.00047770 0.00143128 0.15918764 0.04906291 0.52280686 0.01172958 0.01650165 0.02893851 0.19109316 0.01798831
2327.77592531 0.00782883 0.00033619 0.00023260 0.00022013 0.00038059 0.16083466 0.04806337 0.52206189 0.00984288 0.01693506 0.02803662 0.19511126 0.01794476
2328.77625875 0.00770029 0.00031530 0.00026876 0.00019297 0.00034374 0.16085686 0.04460012 0.52211189 0.00869105 0.01998688 0.03040313 0.19536907 0.01686024
2329.77659220 0.00782630 0.00035124 0.00024770 0.00017233 0.00037534 0.16313540 0.04663654 0.52484337 0.01053546 0.01930514 0.02631620 0.19104132 0.01703997
2330.77692564 0.00775709 0.00071156 0.00022703 0.00059404 0.00097612 0.16228937 0.04306130 0.52359464 0.00991908 0.01823492 0.03036995 0.19315050 0.01687148
2331.77725909 0.00781130 0.00044260 0.00019257 0.00016077 0.00047534 0.16530931 0.04407052 0.52744119 0.01217741 0.01677255 0.02876840 0.18748889 0.01670044
2332.77759253 0.00795521 0.00066002 0.00015011 0.00019314 0.00062882 0.16241066 0.04461114 0.52789916 0.01438758 0.01390645 0.02890946 0.18971965 0.01652383
2333.77792598 0.00775219 0.00034825 0.00031492 0.00021506 0.00033797 0.16729446 0.04175612 0.52725917 0.01056976 0.01300887 0.03108649 0.19028025 0.01752868
2334.77825942 0.00769413 0.00042371 0.00014227 0.00032722 0.00060726 0.16655280 0.04477183 0.52716057 0.01220385 0.01251964 0.02779809 0.19083293 0.01665982
2335.77859286 0.00761856 0.00030459 0.00011130 0.00022229 0.00032288 0.16856301 0.04232970 0.52449815 0.01082095 0.01234776 0.02952219 0.19354891 0.01740827
2336.77892631 0.00743636 0.00055517 0.00016641 0.00023769 0.00145252 0.16771908 0.04063653 0.52589109 0.01136600 0.01332574 0.02863148 0.19409884 0.01591945
2337.77925975 0.00724848 0.00091794 0.00012646 0.00065755 0.00269757 0.16749684 0.04211511 0.52470236 0.01161820 0.01435635 0.02438717 0.19566291 0.01526155
2338.77959320 0.00680644 0.00093543 0.00015921 0.00104513 0.00339859 0.16724164 0.03744894 0.52437600 0.00903990 0.01582512 0.02900704 0.19425988 0.01726311
2339.77992664 0.00667755 0.00092937 0.00019808 0.00131308 0.00301812 0.16859945 0.04075003 0.52450904 0.00941395 0.01787210 0.02432872 0.19146902 0.01759904
2340.78026009 0.00660955 0.00052686 0.00024602 0.00044441 0.00542142 0.16872206 0.03799537 0.52858858 0.00880073 0.01566077 0.02438222 0.19167428 0.01753727
2341.78059353 0.00687368 0.00116761 0.00018414 0.00119986 0.00351497 0.17228601 0.03907397 0.52840591 0.00796942 0.01546235 0.02632723 0.18888131 0.01552721
2342.78092698 0.00694030 0.00082999 0.00013833 0.00089247 0.00705026 0.16789060 0.04126787 0.52659249 0.01084231 0.01537273 0.02316422 0.18949593 0.01646281
2343.78126042 0.00666763 0.00130557 0.00014419 0.00140428 0.00506837 0.16822968 0.03899869 0.52578024 0.00909749 0.01546434 0.02643117 0.19095634 0.01711962
2344.78159386 0.00674859 0.00088145 0.00015689 0.00060819 0.00402801 0.16781006 0.04112994 0.52639855 0.00930358 0.01528552 0.02589314 0.19155093 0.01695375
2345.78192731 0.00688872 0.00066549 0.00014178 0.00046094 0.00199808 0.16837666 0.04189857 0.52349767 0.01167810 0.01477424 0.02499054 0.19457661 0.01694132
2346.78226075 0.00707700 0.00065163 0.00011333 0.00039847 0.00158153 0.16576739 0.04060243 0.52260339 0.01122924 0.01405002 0.03044271 0.19518371 0.01737617
2347.78259420 0.00714554 0.00064525 0.00010307 0.00059461 0.00178165 0.16562382 0.04376620 0.52338883 0.01179610 0.01301074 0.02906175 0.19284149 0.01738649
2348.78292764 0.00706801 0.00050395 0.00012610 0.00021110 0.00044914 0.16478444 0.04203981 0.52538591 0.01201586 0.01428910 0.02926332 0.19401382 0.01691747
2349.78326109 0.00707868 0.00091374 0.00015667 0.00059303 0.00090881 0.16663172 0.04250419 0.52413408 0.01263936 0.01399727 0.03189742 0.18861599 0.01700772
2350.78359453 0.00709185 0.00053113 0.00014829 0.00040180 0.00157364 0.16358838 0.04603458 0.52468200 0.01303028 0.01487994 0.02759617 0.18985949 0.01767430
2351.78392798 0.00693096 0.00038529 0.00013842 0.00036065 0.00309629 0.16446674 0.04353135 0.52583353 0.01040791 0.01520272 0.03276638 0.18715657 0.01665415
2352.78426142 0.00663339 0.00057010 0.00014933 0.00039116 0.00425576 0.16279752 0.04612986 0.52483674 0.01130456 0.01653270 0.02656002 0.18926028 0.01721197
2353.78459486 0.00643254 0.00062883 0.00014758 0.00052303 0.00448384 0.16346954 0.04333835 0.52307659 0.00960302 0.01599135 0.02949013 0.19227211 0.01697562
2354.78492831 0.00639056 0.00050455 0.00019215 0.00027617 0.00248885 0.16372306 0.04495779 0.52298517 0.00991732 0.01831084 0.02700443 0.19244862 0.01719106
2355.78526175 0.00646261 0.00058159 0.00014655 0.00018444 0.00051525 0.16318044 0.04461750 0.52082731 0.01234933 0.01805755 0.02880907 0.19389989 0.01683110
2356.78559520 0.00641520 0.00052384 0.00016503 0.00019581 0.00051641 0.16326223 0.04619935 0.52031088 0.01172540 0.01719592 0.02951021 0.19353833 0.01685659
2357.78592864 0.00612349 0.00041325 0.00016255 0.00019647 0.00036829 0.16539444 0.04652364 0.52164764 0.00980698 0.01666491 0.03058159 0.19132400 0.01691625
2358.78626209 0.00605213 0.00048338 0.00014744 0.00036269 0.00062680 0.16383388 0.04665466 0.52215228 0.01105232 0.01647151 0.02962461 0.19051200 0.01807842
2359.78659553 0.00611575 0.00043493 0.00024147 0.00030360 0.00173685 0.16687470 0.04468524 0.52322212 0.01106090 0.01409927 0.03196422 0.18776380 0.01761291
2360.78692898 0.00602623 0.00048666 0.00019586 0.00028265 0.00057080 0.16512542 0.04751383 0.52372707 0.01270606 0.01414186 0.02778131 0.18926436 0.01820414
2361.78726242 0.00580553 0.00038634 0.00017937 0.00040752 0.00076397 0.16848670 0.04492434 0.52250556 0.00998492 0.01492934 0.03252995 0.18757328 0.01732872
2362.78759587 0.00600884 0.00042039 0.00014968 0.00028669 0.00039323 0.16764709 0.04667759 0.52177138 0.01090277 0.01539438 0.02826801 0.19039730 0.01769148
2363.78792931 0.00789491 0.00058511 0.00017302 0.00052252 0.00074597 0.16759381 0.04583469 0.51847669 0.01102714 0.01564115 0.02911728 0.19284260 0.01744002
2364.78826275 0.00805331 0.00049412 0.00018112 0.00033579 0.00058378 0.16848282 0.04353309 0.51836212 0.01054332 0.01625936 0.02912242 0.19339301 0.01870906
2365.78859620 0.00804906 0.00056595 0.00025761 0.00030242 0.00063130 0.17136885 0.04303828 0.51787234 0.01135120 0.01706028 0.02568441 0.19390089 0.01796648
2366.78892964 0.00824242 0.00048202 0.00020518 0.00026240 0.00044185 0.17178087 0.04317109 0.51649813 0.01001207 0.01721205 0.02898367 0.19426055 0.01669012
2367.78926309 0.00831172 0.00034729 0.00017429 0.00020494 0.00035582 0.17428981 0.04481971 0.52039703 0.00931252 0.01635371 0.02686370 0.18925645 0.01762473
2368.78959653 0.00799196 0.00041293 0.00017096 0.00029257 0.00261938 0.17278385 0.04395029 0.52138586 0.00986131 0.01550976 0.02656107 0.18994379 0.01650825
2369.78992998 0.00766518 0.00083096 0.00017135 0.00086159 0.00408066 0.17471242 0.04191703 0.52317481 0.00970212 0.01383419 0.02823554 0.18595696 0.01652235
2370.79026342 0.00709746 0.00074725 0.00019068 0.00035431 0.00429348 0.17175028 0.04332062 0.52341764 0.01133446 0.01260966 0.02645500 0.18855067 0.01697594
2371.79059687 0.00648676 0.00095875 0.00012207 0.00081943 0.00404456 0.17440466 0.04472107 0.51983197 0.01087420 0.01122620 0.02909553 0.18697855 0.01692302
2372.79093031 0.00650870 0.00073467 0.00010991 0.00055847 0.00255204 0.17310567 0.04441496 0.51778867 0.01149245 0.01126278 0.03023574 0.19046400 0.01728063
2373.79126375 0.00618030 0.00083746 0.00012852 0.00047887 0.00303641 0.17567428 0.04614018 0.51408341 0.01193413 0.01094886 0.02850222 0.19147503 0.01676063
2374.79159720 0.00598589 0.00056968 0.00013727 0.00031180 0.00135086 0.17506414 0.04504888 0.51315176 0.01123481 0.01226017 0.02931843 0.19406501 0.01748719
2375.79193064 0.00580564 0.00089147 0.00018266 0.00040310 0.00183881 0.17744290 0.04515790 0.51190156 0.01299152 0.01282891 0.02854724 0.19102707 0.01678688
2376.79226409 0.00572188 0.00053075 0.00015689 0.00022363 0.00129155 0.17412215 0.04750146 0.51339856 0.01086391 0.01484118 0.02811144 0.19128258 0.01767589
2377.79259753 0.00597457 0.00046123 0.00023121 0.00037980 0.00147963 0.17577822 0.04597130 0.51428492 0.00859101 0.01815904 0.02960098 0.18745889 0.01760376
2378.79293098 0.00638633 0.00056015 0.00020020 0.00024638 0.00115865 0.17161536 0.04949185 0.51519372 0.00969775 0.01915342 0.02639608 0.18833381 0.01795262
2379.79326442 0.00680101 0.00060117 0.00015647 0.00048644 0.00143555 0.17379459 0.04791364 0.51399065 0.00948037 0.01836681 0.03008783 0.18506986 0.01861661
2380.79359787 0.00705049 0.00057758 0.00012786 0.00057824 0.00128018 0.17041864 0.04897952 0.51324866 0.01137760 0.01752888 0.03012898 0.18656075 0.01919310
2381.79393131 0.00693593 0.00046207 0.00013395 0.00037971 0.00076523 0.17154667 0.04839360 0.51091628 0.01143850 0.01675383 0.03087960 0.18761396 0.02071660
2382.79426475 0.00701452 0.00104188 0.00022056 0.00114779 0.00242624 0.16802510 0.04997846 0.50994486 0.01305231 0.01427697 0.03155256 0.19068106 0.01765222
2383.79459820 0.00732574 0.00072900 0.00020659 0.00070196 0.00309109 0.16829432 0.04770814 0.50968514 0.01286271 0.01279473 0.03292744 0.19096924 0.02002964
2384.79493164 0.00806301 0.00094466 0.00019886 0.00073493 0.00252648 0.16396105 0.04992001 0.51099422 0.01492273 0.01257095 0.03298323 0.19105204 0.01919084
2385.79526509 0.00855111 0.00049201 0.00021482 0.00038650 0.00062706 0.16602154 0.04763623 0.51501688 0.01338789 0.01226454 0.03628114 0.18870432 0.01896706
2386.79559853 0.00877166 0.00049329 0.00018586 0.00024124 0.00043459 0.16240515 0.05220945 0.51626918 0.01446582 0.01376036 0.03120956 0.18951703 0.01880846
2387.79593198 0.00890179 0.00047392 0.00027270 0.00025913 0.00052636 0.16556092 0.04865194 0.51850119 0.01213280 0.01427127 0.03549930 0.18515845 0.01869202
2388.79626542 0.00900106 0.00040846 0.00022676 0.00020103 0.00040280 0.16415400 0.05046286 0.51865244 0.01187447 0.01674697 0.03179468 0.18634657 0.01872896
2389.79659887 0.00899418 0.00035103 0.00018356 0.00019890 0.00037859 0.16577215 0.05010403 0.51743204 0.01066136 0.01765961 0.03092424 0.18760738 0.01872710
2390.79693231 0.00889125 0.00031254 0.00020948 0.00019046 0.00035488 0.16712899 0.04947536 0.51751167 0.00909431 0.01909449 0.02960819 0.18893217 0.01808746
2391.79726576 0.00873991 0.00038302 0.00016383 0.00017355 0.00039371 0.16886688 0.04843360 0.51411524 0.00984749 0.01809669 0.02957298 0.19187764 0.01807537
2392.79759920 0.00856136 0.00036221 0.00020073 0.00018693 0.00040622 0.16797724 0.04827918 0.51414048 0.01012737 0.01811702 0.02877551 0.19366625 0.01776088
2393.79793264 0.00804390 0.00084236 0.00019093 0.00065272 0.00115557 0.16915434 0.04747399 0.51456321 0.01101388 0.01604213 0.02980317 0.19144365 0.01766404
2394.79826609 0.00753662 0.00109651 0.00021113 0.00063087 0.00210116 0.16678045 0.04723709 0.51487974 0.01186971 0.01550838 0.02947031 0.19243522 0.01777944
2395.79859953 0.00718790 0.00079897 0.00024420 0.00066186 0.00415158 0.17092693 0.04664497 0.51419413 0.01202026 0.01454791 0.02893726 0.18882780 0.01804413
2396.79893298 0.00718905 0.00046930 0.00035385 0.00050073 0.00237801 0.17302306 0.04420547 0.51775531 0.01084127 0.01229896 0.03222485 0.18703168 0.01891751
2397.79926642 0.00727193 0.00060986 0.00025304 0.00045602 0.00152044 0.17771272 0.04629536 0.51771472 0.01294165 0.01048009 0.02880599 0.18627257 0.01693753
2398.79959987 0.00776211 0.00048576 0.00018672 0.00027674 0.00174851 0.17521115 0.04384065 0.51777749 0.01114076 0.01149826 0.03092128 0.18742799 0.01948471
2399.79993331 0.00796364 0.00043028 0.00013712 0.00040835 0.00076907 0.17807271 0.04708384 0.51662984 0.01044678 0.01193338 0.02777265 0.18779170 0.01852429
2400.80026676 0.00797080 0.00041626 0.00012665 0.00028296 0.00041556 0.17643026 0.04660229 0.51636612 0.00990307 0.01375546 0.02719927 0.19078408 0.01771801
2401.80060020 0.00784396 0.00029244 0.00016397 0.00024988 0.00037903 0.17990811 0.04358750 0.51288778 0.00790069 0.01711258 0.02705324 0.19300887 0.01745590
2402.80093364 0.00777174 0.00134022 0.00015785 0.00120490 0.00220015 0.17551109 0.04337720 0.51357480 0.00905499 0.01775947 0.02563949 0.19291017 0.01726968
2403.80126709 0.00783186 0.00060967 0.00020242 0.00040537 0.00153237 0.17743321 0.04392294 0.51138661 0.00913243 0.01648901 0.02772777 0.19243884 0.01871936
2404.80160053 0.00779677 0.00109870 0.00017461 0.00102310 0.00207680 0.17656257 0.04414510 0.51278609 0.00920971 0.01542166 0.02732109 0.19191905 0.01826154
2405.80193398 0.00730450 0.00066885 0.00015413 0.00060155 0.00158578 0.17663076 0.04638756 0.51478227 0.01088611 0.01311043 0.02879587 0.18844152 0.01795516
2406.80226742 0.00702681 0.00088026 0.00014893 0.00076359 0.00428391 0.17298169 0.04724679 0.51557311 0.01127898 0.01162789 0.02978163 0.18755305 0.01788017
2407.80260087 0.00692783 0.00080166 0.00018568 0.00040779 0.00270575 0.17305890 0.04506665 0.52085906 0.01213120 0.01007802 0.03169426 0.18492183 0.01808920
2408.80293431 0.00696239 0.00112087 0.00018928 0.00065575 0.00264643 0.17329128 0.04431649 0.51877957 0.01301879 0.01111990 0.02794172 0.19020595 0.01671398
2409.80326776 0.00697334 0.00072211 0.00017272 0.00056338 0.00311975 0.17293560 0.04170011 0.51975242 0.01162074 0.01105048 0.03158616 0.18953511 0.01724142
2410.80360120 0.00680995 0.00048784 0.00018593 0.00037116 0.00529906 0.16940875 0.04794853 0.51674565 0.01164874 0.01245502 0.02641102 0.19147287 0.01756544
2411.80393464 0.00864073 0.00110727 0.00015793 0.00135885 0.00518254 0.17104563 0.04228765 0.51342194 0.01003302 0.01326815 0.03183991 0.19218574 0.01811137
2412.80426809 0.00868706 0.00070498 0.00019186 0.00057642 0.00337294 0.16959456 0.04525043 0.51560624 0.01149492 0.01475267 0.02614911 0.19425704 0.01804882
2413.80460153 0.00877476 0.00089946 0.00019543 0.00081292 0.00236450 0.16994990 0.04444650 0.51644958 0.01060864 0.01565048 0.03120711 0.18947424 0.01794122
2414.80493498 0.00859251 0.00049359 0.00028334 0.00024476 0.00050823 0.16896640 0.04619651 0.51500953 0.00976406 0.01770622 0.02957440 0.19335583 0.01789712
2415.80526842 0.00852959 0.00078964 0.00026987 0.00082267 0.00309428 0.16886852 0.04548953 0.51727739 0.01088701 0.01722339 0.02885790 0.18780642 0.01861339
2416.80560187 0.00893451 0.00069173 0.00019890 0.00048866 0.00261730 0.16691328 0.04591374 0.51849423 0.01113970 0.01697178 0.02992893 0.18789511 0.01874663
2417.80593531 0.00928202 0.00076417 0.00020176 0.00062189 0.00298601 0.16763612 0.04476250 0.51697442 0.01191738 0.01690421 0.03140072 0.18829063 0.01754020
2418.80626876 0.00945071 0.00063617 0.00015293 0.00040127 0.00170023 0.16684816 0.04698352 0.51786081 0.01329836 0.01655503 0.02824637 0.19022395 0.01709318
2419.80660220 0.00929785 0.00068333 0.00014768 0.00046002 0.00333009 0.16744625 0.04630702 0.51376837 0.01240782 0.01473933 0.03394419 0.18909267 0.01767324
2420.80693565 0.00908240 0.00068652 0.00016519 0.00031197 0.00156567 0.16574165 0.04579881 0.51665762 0.01359833 0.01458890 0.03176469 0.19200966 0.01711099
2421.80726909 0.00904967 0.00064451 0.00020938 0.00045631 0.00168310 0.16980490 0.04600535 0.51345939 0.01340321 0.01607655 0.03032526 0.19113139 0.01680065
2422.80760253 0.00881343 0.00039574 0.00021116 0.00019896 0.00127418 0.16908018 0.04277428 0.51744575 0.01138595 0.01612164 0.03246105 0.19186499 0.01678612
2423.80793598 0.00874840 0.00046842 0.00016951 0.00035240 0.00155952 0.17183107 0.04622162 0.51776304 0.01241182 0.01588809 0.02713410 0.19009323 0.01610718
2424.80826942 0.00853483 0.00077700 0.00017646 0.00080808 0.00221376 0.17089462 0.04209267 0.51862933 0.01015799 0.01653543 0.03236664 0.18836565 0.01698238
2425.80860287 0.00832846 0.00091088 0.00019976 0.00064263 0.00377535 0.17042561 0.04570851 0.51750351 0.01193562 0.01710513 0.02681237 0.18756011 0.01742053
2426.80893631 0.00820393 0.00063994 0.00028613 0.00034494 0.00162709 0.16992779 0.04310995 0.51824466 0.01181460 0.01889182 0.02926959 0.18933284 0.01651064
2427.80926976 0.00805506 0.00112251 0.00017694 0.00064621 0.00291346 0.17275489 0.04185891 0.51742037 0.01113764 0.01872550 0.02833740 0.18817765 0.01672854
2428.80960320 0.00794343 0.00060440 0.00017457 0.00052980 0.00198629 0.17217518 0.04358326 0.51526556 0.01112741 0.01799588 0.02729017 0.19242394 0.01684356
2429.80993665 0.00816025 0.00074868 0.00014344 0.00057369 0.00349046 0.17546067 0.04269833 0.51205844 0.01166803 0.01591551 0.03025120 0.19107442 0.01591713
2430.81027009 0.00841755 0.00076255 0.00018822 0.00050632 0.00242269 0.17362028 0.04107335 0.51149799 0.01436920 0.01615902 0.02930379 0.19279304 0.01730353
2431.81060353 0.00838595 0.00068424 0.00023173 0.00044679 0.00163036 0.17774165 0.04038025 0.51211608 0.01520867 0.01543737 0.02977113 0.19080820 0.01554355
2432.81093698 0.00811796 0.00092762 0.00017826 0.00052485 0.00128366 0.17502958 0.04056460 0.51186064 0.01341353 0.01600199 0.03151553 0.19131224 0.01738751
2433.81127042 0.00793997 0.00090022 0.00020466 0.00022749 0.00084321 0.17818556 0.04050625 0.51627323 0.01470470 0.01562536 0.02908247 0.18806949 0.01537735
2434.81160387 0.00856461 0.00067072 0.00023234 0.00018926 0.00062160 0.17562203 0.04184715 0.51514949 0.01478075 0.01756509 0.02837653 0.18946012 0.01548493
2435.81193731 0.00888909 0.00049426 0.00018323 0.00016895 0.00039781 0.17808308 0.04100251 0.51632564 0.01254697 0.01835555 0.03087614 0.18614467 0.01542121
2436.81227076 0.00882839 0.00068815 0.00015754 0.00024703 0.00187899 0.17654985 0.04300330 0.51530103 0.01314873 0.01751476 0.02585655 0.18965596 0.01599813
2437.81260420 0.00892801 0.00048142 0.00014589 0.00035427 0.00043769 0.17825396 0.04085774 0.51407760 0.01190455 0.01630902 0.03144213 0.18858670 0.01714902
2438.81293765 0.00919547 0.00097377 0.00014923 0.00087038 0.00207502 0.17415564 0.04359714 0.51298119 0.01256995 0.01596604 0.02819466 0.19050748 0.01795950
2439.81327109 0.00885779 0.00057541 0.00022732 0.00046244 0.00346343 0.17505176 0.04110123 0.51130078 0.01191532 0.01702907 0.03207949 0.19054415 0.01624960
2440.81360453 0.00857232 0.00061389 0.00031274 0.00059783 0.00314942 0.17641472 0.04179943 0.50926612 0.01228987 0.01709221 0.02855423 0.19147773 0.01843182
2441.81393798 0.00845033 0.00065889 0.00019138 0.00052805 0.00177744 0.17594803 0.04313463 0.50993921 0.01196184 0.01676888 0.03122956 0.19070135 0.01716074
2442.81427142 0.00829380 0.00102262 0.00034798 0.00063149 0.00350375 0.17481379 0.04408049 0.50858760 0.01185125 0.01785604 0.03065616 0.18909460 0.01755422
2443.81460487 0.00813747 0.00065161 0.00022675 0.00043510 0.00344097 0.17539120 0.04535852 0.50870087 0.01223142 0.01656872 0.03195793 0.18729161 0.01774529
2444.81493831 0.00770925 0.00099158 0.00025878 0.00090938 0.00548730 0.17013923 0.04753463 0.50899860 0.01375114 0.01644448 0.02879323 0.18819784 0.01849380
2445.81527176 0.00763243 0.00080084 0.00021064 0.00088067 0.00453400 0.17328363 0.04497107 0.50840095 0.01283869 0.01612182 0.03381432 0.18572445 0.01841893
2446.81560520 0.00776852 0.00068963 0.00017950 0.00095565 0.00290986 0.16999180 0.04688998 0.50917308 0.01284770 0.01679956 0.03154263 0.18869846 0.01932216
2447.81593865 0.00794527 0.00079790 0.00027343 0.00075387 0.00205376 0.17611876 0.04306124 0.51024578 0.01229216 0.01742164 0.03039711 0.18864081 0.01794353
2448.81627209 0.00835503 0.00065907 0.00039587 0.00072662 0.00188955 0.17415529 0.04152022 0.50905902 0.01198633 0.01966467 0.02937211 0.19147382 0.01909741
2449.81660554 0.00923455 0.00065604 0.00022070 0.00060195 0.00152301 0.17618372 0.04399650 0.50752955 0.01257411 0.01875516 0.03048493 0.19072752 0.01674683
2450.81693898 0.00969029 0.00067988 0.00017109 0.00060815 0.00332871 0.17418586 0.04251296 0.50894529 0.01389607 0.01811085 0.02952041 0.19023046 0.01781029
2451.81727242 0.00981024 0.00075863 0.00015503 0.00070692 0.00183510 0.17674170 0.04322855 0.51142277 0.01169549 0.01697191 0.03088416 0.18928747 0.01631228
2452.81760587 0.00987862 0.00047852 0.00021474 0.00031562 0.00155284 0.17637834 0.04260539 0.51198531 0.01273813 0.01740573 0.03010371 0.18850509 0.01771658
2453.81793931 0.00970201 0.00054173 0.00018711 0.00034575 0.00160370 0.17847448 0.04290631 0.51163066 0.01400366 0.01601619 0.03095215 0.18647520 0.01686306
2454.81827276 0.00938141 0.00052524 0.00018001 0.00043986 0.00327420 0.17704383 0.04193828 0.51037110 0.01301981 0.01623806 0.03108844 0.18887857 0.01700260
2455.81860620 0.00924529 0.00068190 0.00017828 0.00064200 0.00282162 0.18010396 0.04145035 0.50906433 0.01382862 0.01614752 0.03048675 0.18782269 0.01677198
2456.81893965 0.00858743 0.00100508 0.00024289 0.00086196 0.00340982 0.17880752 0.03919339 0.50717284 0.01314175 0.01754419 0.03038157 0.19176483 0.01647416
2457.81927309 0.00777168 0.00049511 0.00023990 0.00051470 0.00301555 0.18084007 0.03967775 0.50702391 0.01381360 0.01712823 0.02831805 0.19162075 0.01731238
2458.81960654 0.00709627 0.00093159 0.00027109 0.00080407 0.00397923 0.17899057 0.03861928 0.50666255 0.01323813 0.01737743 0.02985811 0.19218618 0.01708175
2459.81993998 0.00670409 0.00162394 0.00031421 0.00136685 0.00588946 0.18029999 0.03919464 0.50609997 0.01415493 0.01578639 0.02723901 0.19190639 0.01612423
2460.82027342 0.00698421 0.00102495 0.00024985 0.00051698 0.00407172 0.18134291 0.04006407 0.50738622 0.01280846 0.01565146 0.03049888 0.18967795 0.01670655
2461.82060687 0.00679889 0.00159737 0.00035992 0.00122671 0.00534055 0.18121509 0.04005230 0.50641897 0.01298342 0.01611022 0.02853591 0.18977694 0.01638260
2462.82094031 0.00733218 0.00054304 0.00024514 0.00028185 0.00046323 0.18453100 0.04387024 0.51041692 0.01232199 0.01646434 0.02741558 0.18781176 0.01563490
2463.82127376 0.00753373 0.00119305 0.00024960 0.00084911 0.00126702 0.18238420 0.04063572 0.51083854 0.01193410 0.01766386 0.02880880 0.18762828 0.01654770
2464.82160720 0.00803092 0.00060777 0.00019686 0.00024405 0.00153764 0.18045430 0.04166296 0.51128521 0.01203350 0.01808839 0.02816048 0.18911142 0.01661741
2465.82194065 0.00813031 0.00052294 0.00016341 0.00041059 0.00171284 0.18304741 0.04045588 0.51048853 0.01079186 0.01757543 0.03029782 0.18779274 0.01674057
2466.82227409 0.00793346 0.00037641 0.00016547 0.00017078 0.00032558 0.18139728 0.04243499 0.50876914 0.01140957 0.01863113 0.02764469 0.19270333 0.01597161
2467.82260754 0.00790564 0.00054742 0.00016407 0.00058292 0.00211358 0.18340663 0.04403237 0.50455106 0.01198682 0.01759000 0.02926920 0.18995259 0.01580334
2468.82294098 0.00793195 0.00048039 0.00017719 0.00044046 0.00164260 0.18062246 0.04278156 0.50548291 0.01168315 0.01780402 0.02887715 0.19253093 0.01747719
2469.82327442 0.00819232 0.00043247 0.00027776 0.00037988 0.00192306 0.18187291 0.04492973 0.50763417 0.01248195 0.01466367 0.02959987 0.18936448 0.01644005
2470.82360787 0.00822656 0.00073604 0.00027723 0.00047915 0.00124219 0.18171757 0.04118908 0.50789310 0.01156216 0.01556404 0.03121286 0.19037091 0.01775567
2471.82394131 0.00809717 0.00058426 0.00020720 0.00027316 0.00050401 0.18231008 0.04511968 0.50952886 0.01232061 0.01559071 0.02898675 0.18819317 0.01638152
2472.82427476 0.00779508 0.00049981 0.00029986 0.00018479 0.00049355 0.18379460 0.04323652 0.50938208 0.01138955 0.01714382 0.02833580 0.18849492 0.01674469
2473.82460820 0.00796955 0.00057858 0.00028857 0.00043811 0.00319021 0.18305619 0.04119773 0.50904118 0.00994114 0.01687212 0.02935158 0.18954883 0.01649577
2474.82494165 0.00833957 0.00060894 0.00021929 0.00046520 0.00166439 0.18286093 0.04389621 0.50922570 0.01037759 0.01779513 0.02579908 0.19164940 0.01543814
2475.82527509 0.00874653 0.00034783 0.00016382 0.00015380 0.00032534 0.18432530 0.04157245 0.50971561 0.01039203 0.01737363 0.02911007 0.19059372 0.01592640
2476.82560854 0.00908012 0.00079226 0.00017247 0.00072543 0.00244090 0.18176562 0.04154079 0.50912467 0.01151376 0.01735373 0.02697086 0.19197029 0.01562924
2477.82594198 0.00907915 0.00063519 0.00015076 0.00035886 0.00265572 0.18323812 0.04120669 0.50985869 0.01079483 0.01671141 0.02691006 0.19112639 0.01635328
2478.82627543 0.00888283 0.00058375 0.00017946 0.00033288 0.00181211 0.18331836 0.04061538 0.51019462 0.01063495 0.01683606 0.02900688 0.19077691 0.01570865
2479.82660887 0.00837534 0.00064630 0.00016675 0.00027028 0.00164573 0.18441091 0.04299398 0.50953368 0.01072074 0.01577275 0.02760144 0.19007675 0.01616071
2480.82694231 0.00855218 0.00080284 0.00017740 0.00065919 0.00366108 0.18315082 0.04360408 0.50783851 0.01106658 0.01516956 0.02839441 0.18889793 0.01657760
2481.82727576 0.00839398 0.00057760 0.00022863 0.00056561 0.00154083 0.18516604 0.04319670 0.50896905 0.01044223 0.01464921 0.02984649 0.18804576 0.01677186
2482.82760920 0.00846019 0.00048592 0.00016919 0.00025742 0.00157727 0.18471965 0.04345408 0.50807653 0.01152004 0.01410414 0.02812962 0.19100287 0.01650328
2483.82794265 0.00835002 0.00036389 0.00018488 0.00016335 0.00037639 0.19122083 0.04071300 0.50766771 0.01015100 0.01372460 0.03023395 0.18858954 0.01661086
2484.82827609 0.00810971 0.00047629 0.00015246 0.00050030 0.00186295 0.18589068 0.04297764 0.50825073 0.00994471 0.01407535 0.02672127 0.19258713 0.01656049
2485.82860954 0.00812729 0.00029895 0.00029628 0.00024510 0.00038076 0.19084257 0.04133637 0.50853695 0.00917408 0.01396760 0.02733268 0.19115994 0.01642872
2486.82894298 0.00832812 0.00030291 0.00025291 0.00022169 0.00038482 0.18638125 0.04140083 0.51013026 0.00924306 0.01524166 0.02636691 0.19369501 0.01637869
2487.82927643 0.00854219 0.00032808 0.00017974 0.00014158 0.00034970 0.18912135 0.04055161 0.51048930 0.00980346 0.01482426 0.02734486 0.19141382 0.01545224
2488.82960987 0.00861735 0.00035958 0.00018035 0.00017827 0.00205756 0.18847771 0.04038439 0.50826624 0.01050111 0.01513215 0.02702044 0.19188111 0.01556108
2489.82994331 0.00904808 0.00071173 0.00018055 0.00039631 0.00318540 0.18869117 0.03863836 0.50916047 0.01099446 0.01558678 0.02788626 0.18904835 0.01552018
2490.83027676 0.00898949 0.00091514 0.00017122 0.00065657 0.00409737 0.18804916 0.03960597 0.50788652 0.01141862 0.01602386 0.02650557 0.18885222 0.01581779
2491.83061020 0.00891319 0.00113200 0.00021302 0.00090989 0.00516063 0.18796546 0.03830265 0.50766003 0.01099388 0.01637053 0.02755390 0.18828851 0.01544948
2492.83094365 0.00896524 0.00087995 0.00018457 0.00064884 0.00472879 0.18705939 0.03934760 0.50756620 0.01123715 0.01673025 0.02707199 0.18852572 0.01601953
2493.83127709 0.00862699 0.00086772 0.00022974 0.00046769 0.00277924 0.19029926 0.03905306 0.50604936 0.01190799 0.01567984 0.02763746 0.18975753 0.01527109
2494.83161054 0.00858407 0.00102985 0.00022391 0.00099889 0.00460541 0.18908820 0.03892868 0.50455484 0.01216300 0.01495788 0.02817721 0.18996535 0.01530679
2495.83194398 0.00877392 0.00077247 0.00018285 0.00064249 0.00244807 0.19045436 0.04182846 0.50199871 0.01249401 0.01420332 0.02740442 0.19130954 0.01626130
2496.83227743 0.00884445 0.00095827 0.00020377 0.00077152 0.00325699 0.18921381 0.03844633 0.50297921 0.01104293 0.01484087 0.02981858 0.19124834 0.01721937
2497.83261087 0.00871471 0.00125865 0.00017601 0.00112658 0.00349896 0.18931198 0.04022324 0.50358381 0.01193763 0.01491235 0.02681065 0.19054571 0.01661443
2498.83294431 0.00824946 0.00074838 0.00017974 0.00067316 0.00292022 0.19012575 0.03970340 0.50382508 0.01053769 0.01517557 0.03006317 0.18977530 0.01627253
2499.83327776 0.00829860 0.00065830 0.00016960 0.00041668 0.00154775 0.19004010 0.04300103 0.50475252 0.01291662 0.01546417 0.02567388 0.18910058 0.01625876
2500.83361120 0.00853861 0.00052733 0.00018716 0.00035037 0.00339010 0.18786810 0.04170281 0.50720428 0.01102834 0.01638223 0.02816924 0.18683287 0.01635715
2501.83394465 0.00775705 0.00051494 0.00019554 0.00029252 0.00157347 0.18690660 0.04361063 0.50751501 0.00904072 0.01794149 0.02774063 0.18882465 0.01584381
2502.83427809 0.00765384 0.00047707 0.00019884 0.00017125 0.00047157 0.18572590 0.04310037 0.50823067 0.01068625 0.01849359 0.02667185 0.18956185 0.01621077
2503.83461154 0.00754385 0.00052201 0.00016800 0.00017534 0.00049051 0.18658791 0.04072606 0.50840298 0.01114750 0.01798055 0.02879928 0.18890280 0.01609706
2504.83494498 0.00754550 0.00096710 0.00017833 0.00076112 0.00100670 0.18420660 0.04143087 0.50778977 0.01149561 0.01748697 0.02764782 0.19145260 0.01557651
2505.83527843 0.00750983 0.00066265 0.00014639 0.00046897 0.00271847 0.18169740 0.04199642 0.50775682 0.01184623 0.01626572 0.02865586 0.19045543 0.01732964
2506.83561187 0.00727083 0.00055651 0.00019897 0.00034389 0.00169451 0.18369878 0.04271078 0.50862182 0.01007926 0.01563714 0.02951857 0.19141480 0.01552496
2507.83594532 0.00723876 0.00043348 0.00020875 0.00026630 0.00150582 0.18584856 0.04205760 0.50743707 0.01188101 0.01451605 0.02932022 0.19069931 0.01582584
2508.83627876 0.00723257 0.00072798 0.00015655 0.00058129 0.00194790 0.18443875 0.04260315 0.50774479 0.01340953 0.01430380 0.02763761 0.19057880 0.01586984
2509.83661220 0.00783900 0.00039358 0.00016910 0.00021876 0.00039423 0.18845405 0.03965236 0.50727074 0.01108792 0.01414659 0.03193512 0.18927206 0.01700550
2510.83694565 0.00796256 0.00065769 0.00026227 0.00062529 0.00143565 0.18669671 0.04242454 0.50766654 0.01189515 0.01504552 0.02666370 0.19066565 0.01596131
2511.83727909 0.00781198 0.00034230 0.00023636 0.00041071 0.00216345 0.18913895 0.03982508 0.50534633 0.01011496 0.01528787 0.03003530 0.18916249 0.01793618
2512.83761254 0.00791246 0.00064444 0.00018001 0.00045259 0.00291780 0.18806186 0.04143704 0.50606456 0.01202374 0.01492462 0.02606513 0.19033536 0.01689285
2513.83794598 0.00807772 0.00056557 0.00015852 0.00040267 0.00262231 0.18916151 0.04041931 0.50657016 0.01037134 0.01462478 0.02905610 0.19003037 0.01601735
2514.83827943 0.00795674 0.00088507 0.00017134 0.00036253 0.00176060 0.18959467 0.04091533 0.50620519 0.01209799 0.01510853 0.02624227 0.19072609 0.01593041
2515.83861287 0.00774902 0.00058811 0.00016855 0.00023036 0.00144743 0.18959527 0.03921259 0.50775370 0.01070322 0.01463697 0.02940246 0.19023015 0.01603120
2516.83894632 0.00740435 0.00033676 0.00016152 0.00018779 0.00204321 0.19107160 0.04097638 0.50811139 0.01032775 0.01449227 0.02594303 0.19081990 0.01552841
2517.83927976 0.00712657 0.00049792 0.00029486 0.00028125 0.00142401 0.19326308 0.03999557 0.50895784 0.00942407 0.01369480 0.02774016 0.18902164 0.01540479
2518.83961320 0.00716141 0.00032113 0.00025492 0.00013945 0.00037914 0.19072929 0.04247960 0.50969666 0.00930009 0.01601021 0.02467189 0.19073856 0.01527906
2519.83994665 0.00723279 0.00037229 0.00019321 0.00016227 0.00037878 0.19400375 0.04013720 0.50865267 0.00860999 0.01482176 0.02818420 0.18881750 0.01566639
2520.84028009 0.00712519 0.00041152 0.00016555 0.00014194 0.00037930 0.19112707 0.04081999 0.50925957 0.01028955 0.01454940 0.02650254 0.19053195 0.01582163
2521.84061354 0.00694221 0.00040801 0.00013792 0.00025605 0.00042279 0.19365753 0.04115967 0.50769193 0.00948355 0.01279086 0.02699580 0.18978154 0.01721436
2522.84094698 0.00689246 0.00041459 0.00017290 0.00027855 0.00212354 0.19080626 0.04204559 0.50607066 0.00950557 0.01349807 0.02816565 0.19045117 0.01646746
2523.84128043 0.00688366 0.00039524 0.00015243 0.00022207 0.00137649 0.19301609 0.04467979 0.50558668 0.01011291 0.01153033 0.02581880 0.19104289 0.01606628
2524.84161387 0.00866958 0.00048312 0.00013049 0.00035699 0.00316879 0.19234153 0.04255878 0.50449935 0.00933459 0.01082494 0.02965150 0.19062936 0.01602057
2525.84194732 0.00856010 0.00050904 0.00010691 0.00034193 0.00313045 0.19321781 0.04258805 0.50583325 0.01056415 0.00964592 0.02734401 0.19080009 0.01591838
2526.84228076 0.00835163 0.00112417 0.00017076 0.00085108 0.00194059 0.19185526 0.04321501 0.50534531 0.01082889 0.01061207 0.02779641 0.18993256 0.01632790
2527.84261420 0.00827803 0.00058388 0.00018178 0.00037679 0.00164047 0.19483027 0.04212304 0.50632863 0.00972869 0.01073851 0.02837505 0.18898666 0.01610624
2528.84294765 0.00829793 0.00055595 0.00026202 0.00044379 0.00133916 0.19035097 0.04224465 0.50853714 0.00949444 0.01269746 0.02626889 0.19224903 0.01555649
2529.84328109 0.00843532 0.00033261 0.00032068 0.00022069 0.00123244 0.19535601 0.04062766 0.50969624 0.00843640 0.01366028 0.02627219 0.18801057 0.01583424
2530.84361454 0.00752087 0.00034639 0.00025103 0.00036734 0.00148005 0.19146624 0.04119819 0.50957929 0.00798731 0.01426614 0.02509716 0.19220985 0.01575099
2531.84394798 0.00773902 0.00045845 0.00017643 0.00029586 0.00221656 0.19304478 0.04139956 0.51110940 0.00807364 0.01385663 0.02423818 0.18927655 0.01585397
2532.84428143 0.00797750 0.00097077 0.00015185 0.00120262 0.00459224 0.19103345 0.03927562 0.50802490 0.00822560 0.01373846 0.02535910 0.19169169 0.01573370
2533.84461487 0.00801432 0.00114544 0.00012134 0.00104720 0.00429931 0.19463284 0.04159471 0.50673625 0.00853629 0.00976921 0.02544859 0.19016466 0.01650416
2534.84494832 0.00795669 0.00064308 0.00015703 0.00052382 0.00406317 0.19366156 0.04170209 0.50620198 0.00907079 0.00977888 0.02554699 0.19235179 0.01629880
2535.84528176 0.00778396 0.00076135 0.00019623 0.00066204 0.00395350 0.19375829 0.04053215 0.50613325 0.00930704 0.01025005 0.02836513 0.18978968 0.01629128
2536.84561521 0.00736521 0.00051418 0.00024201 0.00046830 0.00231418 0.19063934 0.04254539 0.50611566 0.01152136 0.01269912 0.02436173 0.19234128 0.01623745
2537.84594865 0.00747532 0.00047422 0.00019285 0.00035675 0.00198687 0.19245939 0.04031110 0.50563970 0.00952609 0.01223753 0.02926573 0.19149740 0.01605236
2538.84628209 0.00766660 0.00053886 0.00016418 0.00035041 0.00191827 0.19112286 0.04247061 0.50842738 0.01000658 0.01284839 0.02579597 0.19033272 0.01602377
2539.84661554 0.00727616 0.00052312 0.00018774 0.00034956 0.00218159 0.19128329 0.03959307 0.50872893 0.00947699 0.01259050 0.02804826 0.19116043 0.01587652
2540.84694898 0.00695338 0.00065867 0.00019132 0.00063616 0.00169651 0.19268447 0.03965521 0.51074917 0.00949810 0.01294839 0.02467893 0.19163476 0.01496832
2541.84728243 0.00676280 0.00065352 0.00020665 0.00064947 0.00297854 0.19364481 0.03791856 0.51003931 0.00845066 0.01296211 0.02587670 0.19173987 0.01487978
2542.84761587 0.00668803 0.00044643 0.00021319 0.00032841 0.00136813 0.19293991 0.03977132 0.51046455 0.01039930 0.01417746 0.02376173 0.19116508 0.01496448
2543.84794932 0.00674664 0.00075863 0.00016212 0.00071486 0.00282747 0.19372150 0.03835097 0.50902963 0.00800644 0.01317513 0.02612645 0.19203857 0.01508821
2544.84828276 0.00669630 0.00030498 0.00019735 0.00014241 0.00033885 0.19358759 0.03992082 0.51077249 0.00862397 0.01343640 0.02575068 0.19169856 0.01522590
2545.84861621 0.00658517 0.00036060 0.00013970 0.00015562 0.00035023 0.19285560 0.04076071 0.51027350 0.00927321 0.01253750 0.02651224 0.19123161 0.01554947
2546.84894965 0.00642535 0.00038382 0.00014763 0.00014581 0.00032074 0.19161281 0.04074195 0.50972418 0.00941481 0.01217571 0.02780669 0.19161503 0.01591082
2547.84928309 0.00634952 0.00037568 0.00013453 0.00023351 0.00162921 0.19157982 0.04335345 0.50938217 0.00986688 0.01128902 0.02608003 0.19030006 0.01577564
2548.84961654 0.00606760 0.00063796 0.00015802 0.00046879 0.00198160 0.18713202 0.04211548 0.51032523 0.00996415 0.01167047 0.02812411 0.19115520 0.01626697
2549.84994998 0.00594984 0.00052590 0.00012650 0.00038900 0.00158977 0.18932693 0.04104784 0.51003477 0.01124820 0.01112974 0.02717734 0.19017549 0.01722851
2550.85028343 0.00605700 0.00108356 0.00012243 0.00087159 0.00347575 0.18710420 0.03909183 0.51016877 0.01046077 0.01182787 0.02751084 0.19163583 0.01664655
2551.85061687 0.00590180 0.00066287 0.00013884 0.00069662 0.00391557 0.18886616 0.04074299 0.50996521 0.00975596 0.01192296 0.02604690 0.19159970 0.01568622
2552.85095032 0.00604627 0.00035092 0.00016205 0.00036794 0.00128698 0.18706332 0.04057604 0.51467217 0.00874384 0.01293311 0.02623845 0.19188583 0.01571935
2553.85128376 0.00587122 0.00084065 0.00024448 0.00056961 0.00173824 0.18688535 0.03822744 0.51352713 0.01249435 0.01225764 0.02445426 0.19429932 0.01446152
2554.85161721 0.00603943 0.00055994 0.00017265 0.00023597 0.00152523 0.18864116 0.03581762 0.51634273 0.01133552 0.01252552 0.02538039 0.19232161 0.01514166
2555.85195065 0.00627961 0.00055735 0.00013599 0.00037623 0.00178172 0.18818107 0.03763366 0.51669491 0.00986506 0.01273244 0.02495902 0.19268759 0.01439497
2556.85228409 0.00653334 0.00040865 0.00011353 0.00021896 0.00044420 0.18856257 0.03658395 0.51697884 0.00885701 0.01427500 0.02601627 0.19285548 0.01468555
2557.85261754 0.00666848 0.00039657 0.00013504 0.00017712 0.00037285 0.18897166 0.03769606 0.51629584 0.01077743 0.01471125 0.02393126 0.19189285 0.01464206
2558.85295098 0.00680468 0.00036683 0.00015626 0.00013700 0.00033084 0.18958049 0.03724692 0.51581870 0.00956435 0.01474087 0.02495428 0.19252729 0.01457617
2559.85328443 0.00694142 0.00039079 0.00014261 0.00025741 0.00169445 0.19053669 0.03744503 0.51379303 0.00941775 0.01405500 0.02615182 0.19098403 0.01513139
2560.85361787 0.00651402 0.00085392 0.00013590 0.00064320 0.00107128 0.18621084 0.03897369 0.51257987 0.01081442 0.01347837 0.02719966 0.19184863 0.01619022
2561.85395132 0.00645093 0.00046714 0.00016298 0.00053303 0.00284311 0.18740405 0.03844436 0.51137248 0.00983234 0.01255330 0.02906808 0.19156840 0.01575074
2562.85428476 0.00633258 0.00056042 0.00015086 0.00051698 0.00259742 0.18663550 0.04022584 0.50977443 0.01246753 0.01218493 0.02692507 0.19178384 0.01617718
2563.85461821 0.00628264 0.00066260 0.00016809 0.00066552 0.00213469 0.18823436 0.03861226 0.50836735 0.01295414 0.01181479 0.02845593 0.19044343 0.01748685
2564.85495165 0.00607944 0.00088746 0.00015183 0.00049640 0.00199478 0.18757525 0.03999982 0.50832439 0.01247309 0.01161658 0.02821515 0.19165659 0.01660867
2565.85528510 0.00566007 0.00089506 0.00017012 0.00066001 0.00304752 0.18827988 0.04091868 0.51071646 0.01028413 0.01303155 0.02766653 0.18908964 0.01524043
2566.85561854 0.00544366 0.00040626 0.00029516 0.00021694 0.00117011 0.18528187 0.04007682 0.51712890 0.00941720 0.01469475 0.02545308 0.19058214 0.01527677
2567.85595198 0.00530569 0.00049860 0.00027048 0.00047205 0.00270421 0.18782019 0.03782219 0.51422115 0.00922752 0.01622164 0.02597982 0.18996595 0.01479621
2568.85628543 0.00548860 0.00113420 0.00021514 0.00107231 0.00284028 0.18385525 0.03942240 0.51595493 0.01024694 0.01599252 0.02311533 0.19039781 0.01575290
2569.85661887 0.00596519 0.00052580 0.00019173 0.00032960 0.00076501 0.18667420 0.03748526 0.51293995 0.00891301 0.01679378 0.02805281 0.19189296 0.01543589
2570.85695232 0.00631747 0.00069165 0.00016051 0.00038316 0.00146514 0.18540779 0.03849372 0.51487126 0.01128636 0.01573112 0.02406517 0.19132614 0.01611796
2571.85728576 0.00630855 0.00108665 0.00012824 0.00089917 0.00299811 0.18622796 0.03780624 0.51153034 0.01106041 0.01415251 0.02574830 0.19314140 0.01522066
2572.85761921 0.00635289 0.00041617 0.00011432 0.00023383 0.00132396 0.18692506 0.03904692 0.51205435 0.01012328 0.01346477 0.02802561 0.19279359 0.01547814
2573.85795265 0.00624907 0.00032773 0.00013720 0.00013452 0.00031945 0.18971377 0.03959175 0.51445537 0.01106154 0.01150497 0.02549638 0.19243074 0.01482658
2574.85828610 0.00661807 0.00028888 0.00014061 0.00013625 0.00028826 0.18868918 0.03725930 0.51480659 0.01020654 0.01129562 0.02864166 0.19319725 0.01504985
2575.85861954 0.00679948 0.00083370 0.00012620 0.00061608 0.00242464 0.18958186 0.03749380 0.51366177 0.01211495 0.01075102 0.02655935 0.19074452 0.01509211
2576.85895298 0.00671249 0.00045250 0.00012421 0.00025068 0.00241162 0.18750997 0.03768044 0.51387841 0.01118717 0.01167186 0.02693434 0.19254809 0.01535070
2577.85928643 0.00654604 0.00082859 0.00020706 0.00065332 0.00208854 0.18846623 0.03727862 0.51567636 0.01042946 0.01233852 0.02668176 0.19043057 0.01492098
2578.85961987 0.00652449 0.00057788 0.00017745 0.00060997 0.00295432 0.18530861 0.03805318 0.51521928 0.01044705 0.01343145 0.02497208 0.19273818 0.01551055
2579.85995332 0.00648001 0.00037971 0.00015459 0.00058288 0.00158895 0.18614650 0.03666893 0.51450455 0.00935495 0.01411987 0.02775872 0.19196653 0.01677382
2580.86028676 0.00636005 0.00044728 0.00023827 0.00047567 0.00148370 0.18542787 0.03552858 0.51783130 0.01007975 0.01546672 0.02427358 0.19273441 0.01601288
2581.86062021 0.00629716 0.00032895 0.00021014 0.00020247 0.00191636 0.18543879 0.03626712 0.51795565 0.00918005 0.01604981 0.02283927 0.19510661 0.01450477
2582.86095365 0.00647952 0.00047246 0.00016828 0.00032368 0.00158640 0.18463487 0.03694519 0.51949957 0.00862045 0.01578592 0.02501728 0.19279774 0.01414816
2583.86128710 0.00666621 0.00046609 0.00014751 0.00035220 0.00054629 0.18405380 0.03799330 0.51824959 0.00988238 0.01457018 0.02516885 0.19328934 0.01528047
2584.86162054 0.00713548 0.00031619 0.00019188 0.00024584 0.00040998 0.18339191 0.03626497 0.52088032 0.00942852 0.01413694 0.02619491 0.19215537 0.01638317
2585.86195398 0.00806629 0.00038395 0.00014204 0.00023416 0.00036931 0.18309308 0.03960505 0.51875353 0.01034807 0.01320987 0.02707074 0.19143179 0.01535840
2586.86228743 0.00807621 0.00035488 0.00017721 0.00021497 0.00041506 0.18045214 0.04159216 0.51933554 0.01042767 0.01287416 0.02596435 0.19248020 0.01571166
2587.86262087 0.00793033 0.00031115 0.00014235 0.00018867 0.00029066 0.18093628 0.04104918 0.51693499 0.01013359 0.01302187 0.02933841 0.19187033 0.01578253
2588.86295432 0.00792349 0.00033973 0.00017102 0.00018285 0.00034498 0.17898330 0.04219302 0.51623852 0.01121702 0.01404306 0.02683688 0.19368063 0.01576898
2589.86328776 0.00760150 0.00033933 0.00017218 0.00014767 0.00031559 0.18176335 0.03905341 0.51487720 0.01053970 0.01416673 0.02837687 0.19434119 0.01590679
2590.86362121 0.00728491 0.00035339 0.00016358 0.00019388 0.00042614 0.18120213 0.03921321 0.51699644 0.01078253 0.01363036 0.02868642 0.19313645 0.01521548
2591.86395465 0.00710724 0.00031896 0.00017080 0.00014776 0.00029584 0.18151904 0.03989702 0.51769268 0.01133631 0.01398742 0.02604955 0.19313205 0.01545258
2592.86428810 0.00688192 0.00028541 0.00017205 0.00015384 0.00031764 0.18250216 0.03905121 0.51842851 0.00986004 0.01444873 0.02748087 0.19277995 0.01451960
2593.86462154 0.00644048 0.00038180 0.00016841 0.00014565 0.00034023 0.18287748 0.03826451 0.52022171 0.01085325 0.01492223 0.02648789 0.19048090 0.01485593
2594.86495498 0.00624771 0.00066423 0.00016612 0.00056615 0.00211049 0.18184021 0.03779615 0.51776270 0.01102095 0.01465897 0.02554511 0.19088358 0.01698534
2595.86528843 0.00626277 0.00077847 0.00022924 0.00074012 0.00287677 0.18184057 0.03572722 0.51909556 0.00942904 0.01543261 0.02775079 0.18996463 0.01613498
2596.86562187 0.00624803 0.00044341 0.00018525 0.00019482 0.00045400 0.18120479 0.04012682 0.51873462 0.01141268 0.01597533 0.02445375 0.19145360 0.01536093
2597.86595532 0.00631392 0.00045844 0.00018721 0.00038138 0.00064595 0.18300012 0.03765853 0.51844224 0.00926061 0.01628905 0.02690806 0.19181595 0.01495245
2598.86628876 0.00639675 0.00053291 0.00018406 0.00047336 0.00132369 0.18223769 0.03631099 0.51803314 0.01004720 0.01668467 0.02469680 0.19264447 0.01683103
2599.86662221 0.00652718 0.00047419 0.00015627 0.00064686 0.00316934 0.18321200 0.03632175 0.51667341 0.01026995 0.01611857 0.02449958 0.19333029 0.01512778
2600.86695565 0.00637819 0.00119115 0.00015932 0.00125105 0.00337598 0.18401819 0.03329519 0.51808585 0.00975409 0.01489476 0.02557608 0.19371452 0.01468383
2601.86728910 0.00642119 0.00069023 0.00033919 0.00070500 0.00397974 0.18546985 0.03435647 0.51869328 0.00973418 0.01344224 0.02272378 0.19612636 0.01373968
2602.86762254 0.00696830 0.00058837 0.00022830 0.00041019 0.00342442 0.18549685 0.03327142 0.52003150 0.00912224 0.01331682 0.02433182 0.19520899 0.01456909
2603.86795599 0.00752944 0.00057435 0.00025843 0.00045193 0.00268508 0.18648050 0.03313148 0.52169455 0.00872339 0.01395518 0.02396276 0.19421324 0.01386909
2604.86828943 0.00815466 0.00048408 0.00020103 0.00037612 0.00224388 0.18672695 0.03433196 0.52355336 0.00903675 0.01385834 0.02131227 0.19432868 0.01354658
2605.86862287 0.00829683 0.00051182 0.00014229 0.00049269 0.00308922 0.18618009 0.03241095 0.52502603 0.00830481 0.01196408 0.02467372 0.19242510 0.01477919
2606.86895632 0.00830991 0.00046289 0.00021176 0.00041541 0.00126330 0.18477054 0.03480069 0.52469430 0.00946592 0.01253285 0.02330611 0.19350404 0.01457219
2607.86928976 0.00854233 0.00047100 0.00015677 0.00025717 0.00087630 0.18470791 0.03506670 0.52490150 0.01076047 0.01207882 0.02292676 0.19341107 0.01438554
2608.86962321 0.00882314 0.00070482 0.00015143 0.00047379 0.00193981 0.18312723 0.03349525 0.52566770 0.00831164 0.01274771 0.02574970 0.19227315 0.01535778
2609.86995665 0.00846233 0.00060633 0.00013626 0.00028466 0.00159897 0.18227490 0.03824435 0.52160458 0.01029324 0.01275977 0.02302745 0.19465466 0.01451484
2610.87029010 0.00803819 0.00050421 0.00015120 0.00023462 0.00174197 0.18221067 0.03597760 0.52094260 0.00868369 0.01350673 0.02622604 0.19465323 0.01516745
2611.87062354 0.00745302 0.00038577 0.00016549 0.00017200 0.00030980 0.18198594 0.03818043 0.52152673 0.00909186 0.01388478 0.02574334 0.19346077 0.01509309
2612.87095699 0.00659514 0.00030553 0.00042217 0.00015102 0.00029410 0.18203506 0.03944263 0.51922055 0.00802535 0.01586049 0.02143076 0.19786776 0.01494457
2613.87129043 0.00620232 0.00061479 0.00026002 0.00039941 0.00095961 0.18394064 0.03750393 0.52170633 0.00676547 0.01446003 0.02517444 0.19262544 0.01558990
2614.87162387 0.00629024 0.00028123 0.00033677 0.00014166 0.00029516 0.18035070 0.04022159 0.52148840 0.00776541 0.01417389 0.02390681 0.19566096 0.01537742
2615.87195732 0.00664720 0.00029727 0.00020761 0.00013666 0.00029969 0.18287861 0.03979883 0.52130519 0.00829171 0.01257377 0.02488174 0.19361760 0.01571133
2616.87229076 0.00686459 0.00030321 0.00015466 0.00014443 0.00030534 0.18258204 0.03799600 0.52449438 0.00802618 0.01114734 0.02660366 0.19289833 0.01534443
2617.87262421 0.00700946 0.00029736 0.00011804 0.00013149 0.00029329 0.18386361 0.03981033 0.52216258 0.00924569 0.00970293 0.02402531 0.19510923 0.01524012
2618.87295765 0.00696753 0.00026239 0.00010420 0.00013939 0.00027859 0.18361784 0.03855407 0.52442206 0.00854714 0.00933506 0.02588572 0.19409940 0.01475415
2619.87329110 0.00689058 0.00024072 0.00009186 0.00013126 0.00026227 0.18448352 0.03778284 0.52542577 0.00827921 0.00889697 0.02608826 0.19364906 0.01466827
2620.87362454 0.00650668 0.00054869 0.00010265 0.00033389 0.00169832 0.18433975 0.03829586 0.52326992 0.00879250 0.00902334 0.02223250 0.19700001 0.01436256
2621.87395799 0.00637344 0.00023852 0.00011541 0.00014103 0.00024696 0.18626217 0.03651252 0.52704727 0.00669559 0.00883726 0.02596745 0.19338459 0.01455123
2622.87429143 0.00627140 0.00038343 0.00029532 0.00016363 0.00043082 0.18489880 0.03782271 0.52530013 0.00866829 0.00922422 0.02096474 0.19763208 0.01421585
2623.87462487 0.00579417 0.00057039 0.00028439 0.00041681 0.00147307 0.18839149 0.03459915 0.52543524 0.00643896 0.01093338 0.02288685 0.19407701 0.01449326
2624.87495832 0.00567245 0.00050429 0.00021931 0.00025729 0.00053714 0.18676157 0.03502861 0.52578703 0.00667487 0.01213343 0.02187100 0.19516452 0.01506094
2625.87529176 0.00580088 0.00031479 0.00019887 0.00021237 0.00038988 0.18926893 0.03641897 0.52313400 0.00660020 0.01221901 0.01997011 0.19571146 0.01556142
2626.87562521 0.00568244 0.00020337 0.00022475 0.00022961 0.00027392 0.18792562 0.03521054 0.52524944 0.00531415 0.01224015 0.02226860 0.19633981 0.01452002
2627.87595865 0.00562390 0.00046858 0.00028913 0.00052277 0.00170328 0.18833046 0.03597185 0.52217489 0.00751547 0.01120327 0.02063647 0.19643605 0.01474779
2628.87629210 0.00603724 0.00072491 0.00020112 0.00071301 0.00234064 0.18662470 0.03489181 0.52132442 0.00856898 0.01054525 0.02274613 0.19650602 0.01481301
2629.87662554 0.00601231 0.00053452 0.00047004 0.00034453 0.00287201 0.18874613 0.03376562 0.52315567 0.00694565 0.01140156 0.02219197 0.19575147 0.01382084
2630.87695899 0.00677915 0.00057511 0.00026097 0.00051737 0.00188419 0.18594344 0.03471594 0.52354398 0.00859310 0.01120232 0.02152874 0.19669670 0.01453815
2631.87729243 0.00751775 0.00033614 0.00018060 0.00021209 0.00088491 0.18890772 0.03444433 0.52507637 0.00819635 0.01017464 0.02345322 0.19315622 0.01497741
2632.87762588 0.00761549 0.00035666 0.00014753 0.00029607 0.00101326 0.18621361 0.03532095 0.52787636 0.00838878 0.01046305 0.02292844 0.19304383 0.01395147
2633.87795932 0.00751269 0.00058498 0.00013487 0.00031304 0.00171412 0.18812040 0.03379986 0.52653061 0.00889220 0.01026354 0.02274324 0.19295610 0.01394705
2634.87829276 0.00709421 0.00053158 0.00015099 0.00033959 0.00352227 0.18582929 0.03349400 0.52934006 0.00801260 0.01000885 0.02299166 0.19200660 0.01377249
2635.87862621 0.00694026 0.00038080 0.00017435 0.00016708 0.00117800 0.18845421 0.03485289 0.52581729 0.00808358 0.01010248 0.02158183 0.19491178 0.01429571
2636.87895965 0.00631737 0.00114287 0.00015616 0.00117905 0.00308450 0.18660585 0.03314732 0.52380942 0.00694339 0.01090125 0.02398633 0.19481411 0.01422975
2637.87929310 0.00595128 0.00041825 0.00027987 0.00023653 0.00175653 0.18706319 0.03695218 0.52298660 0.00716299 0.01171892 0.02103238 0.19612253 0.01427004
2638.87962654 0.00579960 0.00053258 0.00028436 0.00034190 0.00110505 0.18504462 0.03494666 0.52273595 0.00664230 0.01218731 0.02268911 0.19911801 0.01437215
2639.87995999 0.00529359 0.00040997 0.00020110 0.00041413 0.00143667 0.18639590 0.03654645 0.52453246 0.00763318 0.01083891 0.02268006 0.19430055 0.01461062
2640.88029343 0.00485725 0.00057671 0.00020991 0.00050204 0.00150157 0.18416044 0.03660376 0.52260724 0.00772793 0.01129353 0.02293036 0.19741366 0.01447284
2641.88062688 0.00479434 0.00040328 0.00025628 0.00027007 0.00322212 0.18507709 0.03602920 0.52409163 0.00732398 0.01040705 0.02447896 0.19160530 0.01683503
2642.88096032 0.00502171 0.00031395 0.00018225 0.00030755 0.00038972 0.18220313 0.03901122 0.52310265 0.00780124 0.01185031 0.02410233 0.19380735 0.01692829
2643.88129376 0.00648250 0.00029179 0.00021594 0.00023621 0.00033044 0.18508923 0.03868801 0.52378398 0.00768878 0.01124993 0.02411720 0.19346174 0.01484675
2644.88162721 0.00679719 0.00025684 0.00013959 0.00012791 0.00026092 0.18351470 0.03738578 0.52622349 0.00760701 0.01249397 0.02356053 0.19386020 0.01456906
2645.88196065 0.00674866 0.00076741 0.00018007 0.00064891 0.00080629 0.18600088 0.03532615 0.52398925 0.00804479 0.01202075 0.02285170 0.19536680 0.01399700
2646.88229410 0.00650888 0.00058487 0.00013358 0.00057335 0.00086045 0.18455277 0.03495695 0.52462303 0.00829836 0.01194622 0.02297623 0.19637355 0.01412064
2647.88262754 0.00611584 0.00052433 0.00021009 0.00042755 0.00077851 0.18636852 0.03405754 0.52380116 0.00788858 0.01152075 0.02483587 0.19542060 0.01416650
2648.88296099 0.00581407 0.00032190 0.00018203 0.00013289 0.00031579 0.18457275 0.03650998 0.52273131 0.00929731 0.01130844 0.02261669 0.19799499 0.01401592
2649.88329443 0.00559327 0.00072958 0.00016969 0.00066055 0.00265816 0.18609244 0.03507130 0.52354819 0.00754986 0.01033178 0.02539791 0.19314149 0.01464904
2650.88362788 0.00522245 0.00046423 0.00011711 0.00020794 0.00157811 0.18216343 0.04057547 0.52376244 0.00880494 0.01075061 0.02329384 0.19346844 0.01481344
2651.88396132 0.00526244 0.00051144 0.00016561 0.00038184 0.00162679 0.18344953 0.03655097 0.52347854 0.00839748 0.01247299 0.02457784 0.19370255 0.01468443
2652.88429476 0.00508368 0.00038047 0.00026953 0.00022366 0.00032260 0.18175257 0.03689528 0.52415176 0.00930672 0.01665153 0.02363821 0.19152554 0.01488212
2653.88462821 0.00501654 0.00060516 0.00023744 0.00059859 0.00127497 0.18300923 0.03495024 0.52164555 0.00803003 0.01626333 0.02355936 0.19348238 0.01634372
2654.88496165 0.00488900 0.00032570 0.00019644 0.00019686 0.00028990 0.18364561 0.03702471 0.52059015 0.00744937 0.01603902 0.02414562 0.19481799 0.01527863
2655.88529510 0.00492339 0.00027284 0.00016059 0.00029397 0.00052466 0.18370911 0.03586745 0.52158844 0.00883317 0.01484439 0.02351810 0.19458992 0.01579735
2656.88562854 0.00486941 0.00038637 0.00020324 0.00025482 0.00046456 0.18280810 0.03688374 0.52099014 0.00923401 0.01510356 0.02289183 0.19649107 0.01428856
2657.88596199 0.00491240 0.00034197 0.00017531 0.00021199 0.00040022 0.18196808 0.03441756 0.52272422 0.00873728 0.01463735 0.02604578 0.19534165 0.01499861
2658.88629543 0.00488371 0.00033930 0.00013513 0.00019957 0.00035499 0.18145796 0.03739857 0.52341110 0.01079104 0.01236896 0.02443232 0.19469819 0.01441286
2659.88662888 0.00473343 0.00044150 0.00012372 0.00034474 0.00142920 0.18295228 0.03615003 0.52211638 0.00996502 0.01228333 0.02713344 0.19242021 0.01464015
2660.88696232 0.00433549 0.00072863 0.00011548 0.00056688 0.00463581 0.18095285 0.03516345 0.52383472 0.01004237 0.01189355 0.02539359 0.19215441 0.01451825
2661.88729577 0.00414364 0.00095659 0.00015955 0.00065763 0.00511968 0.18453381 0.03483674 0.52189789 0.00956151 0.01211438 0.02409806 0.19118622 0.01487794
2662.88762921 0.00383060 0.00062801 0.00016395 0.00052643 0.00229563 0.18328347 0.03361399 0.52419796 0.00843305 0.01458954 0.02416446 0.19348007 0.01462344
2663.88796265 0.00382252 0.00098170 0.00020485 0.00098906 0.00396969 0.18538298 0.03350840 0.52350773 0.00834512 0.01493849 0.02127814 0.19364414 0.01324970
2664.88829610 0.00413798 0.00052859 0.00016308 0.00032403 0.00314481 0.18353283 0.03280546 0.52273056 0.00773291 0.01601296 0.02247463 0.19591584 0.01463429
2665.88862954 0.00439150 0.00064252 0.00013706 0.00053971 0.00299172 0.18610693 0.03298580 0.52144770 0.00750649 0.01581433 0.02189654 0.19650155 0.01342964
2666.88896299 0.00442774 0.00050509 0.00027043 0.00024522 0.00212499 0.18507077 0.03299648 0.52307579 0.00822701 0.01611869 0.02126076 0.19628320 0.01382155
2667.88929643 0.00440979 0.00051111 0.00019258 0.00057177 0.00224828 0.18485929 0.03367888 0.52402565 0.00750047 0.01437703 0.02307443 0.19527900 0.01368151
2668.88962988 0.00466672 0.00044675 0.00017407 0.00029489 0.00306675 0.18151921 0.03401517 0.52531364 0.00943660 0.01267386 0.02288804 0.19569184 0.01447918
2669.88996332 0.00478315 0.00091044 0.00010457 0.00062876 0.00305321 0.18379428 0.03425493 0.52460628 0.01096669 0.01069206 0.02480085 0.19217221 0.01401571
2670.89029677 0.00445825 0.00191369 0.00009822 0.00172197 0.00464238 0.18007011 0.03296420 0.52616997 0.01097973 0.00928503 0.02429135 0.19265085 0.01521250
2671.89063021 0.00453550 0.00075870 0.00015191 0.00059893 0.00377059 0.18249579 0.03556446 0.52616389 0.01005437 0.00957376 0.02412819 0.19228639 0.01445302
2672.89096365 0.00400156 0.00103269 0.00016283 0.00090143 0.00531616 0.17941189 0.03333648 0.52700574 0.00895054 0.01122072 0.02445163 0.19410133 0.01410856
2673.89129710 0.00374275 0.00057955 0.00017604 0.00046480 0.00281191 0.18153025 0.03565345 0.52550062 0.00880703 0.01153564 0.02270613 0.19399380 0.01624078
2674.89163054 0.00557337 0.00087537 0.00021262 0.00071069 0.00248431 0.17959112 0.03514619 0.52491193 0.00809198 0.01405588 0.02197145 0.19730062 0.01464784
2675.89196399 0.00569452 0.00052652 0.00019235 0.00037747 0.00196229 0.17858484 0.03746871 0.52461242 0.00823820 0.01560767 0.02311631 0.19452445 0.01478877
2676.89229743 0.00610464 0.00048158 0.00020698 0.00031271 0.00092988 0.17658239 0.03618896 0.52381480 0.00859854 0.01650705 0.02433764 0.19718374 0.01485572
2677.89263088 0.00625408 0.00060378 0.00016187 0.00028746 0.00211496 0.17887384 0.03502154 0.52526772 0.00873346 0.01575109 0.02538313 0.19265533 0.01514583
2678.89296432 0.00641046 0.00056500 0.00012979 0.00026564 0.00124676 0.17620560 0.03792933 0.52577970 0.01018271 0.01518702 0.02316302 0.19387556 0.01546987
2679.89329777 0.00632847 0.00039600 0.00011009 0.00041365 0.00330406 0.17824109 0.03759380 0.52487103 0.00863054 0.01355384 0.02576004 0.19256593 0.01455993
2680.89363121 0.00628861 0.00055621 0.00014560 0.00047964 0.00486141 0.17658076 0.03898157 0.52508759 0.00916693 0.01404766 0.02348927 0.19125762 0.01534574
2681.89396465 0.00640111 0.00108054 0.00015705 0.00104307 0.00210794 0.17854649 0.03565540 0.52354358 0.00856571 0.01302368 0.02686370 0.19284165 0.01657118
2682.89429810 0.00623480 0.00137923 0.00017026 0.00125809 0.00175057 0.17752917 0.03628466 0.52328526 0.01139646 0.01194717 0.02397877 0.19478719 0.01623316
2683.89463154 0.00656504 0.00050036 0.00014649 0.00041066 0.00168095 0.17873036 0.03746827 0.52356896 0.01005008 0.01141045 0.02577768 0.19323283 0.01702291
2684.89496499 0.00682934 0.00050957 0.00014176 0.00051515 0.00165382 0.17845280 0.03790710 0.52277646 0.00951472 0.01138262 0.02658560 0.19519946 0.01536094
2685.89529843 0.00663110 0.00040076 0.00018238 0.00018177 0.00042162 0.18035977 0.03727508 0.52386506 0.01020587 0.01147014 0.02591746 0.19490876 0.01481133
2686.89563188 0.00659034 0.00066770 0.00016594 0.00062783 0.00116753 0.17843651 0.03716107 0.52700106 0.00924346 0.01168025 0.02461201 0.19431148 0.01492515
2687.89596532 0.00674611 0.00097112 0.00011986 0.00080141 0.00168819 0.18035949 0.03620317 0.52535439 0.00913183 0.01139903 0.02550487 0.19365253 0.01481411
2688.89629877 0.00675447 0.00068832 0.00012531 0.00060630 0.00542238 0.17584476 0.03764094 0.52963340 0.00938334 0.01098208 0.02231197 0.19161109 0.01575011
2689.89663221 0.00669598 0.00053847 0.00014874 0.00040312 0.00323386 0.17743695 0.03664575 0.52687758 0.00732201 0.01286210 0.02636516 0.19277341 0.01539285
2690.89696566 0.00673538 0.00093130 0.00012697 0.00081711 0.00484157 0.17411638 0.03757431 0.52674901 0.00906508 0.01407832 0.02214619 0.19330820 0.01624555
2691.89729910 0.00687104 0.00083126 0.00011606 0.00102532 0.00552205 0.17625323 0.03804551 0.52425063 0.00852626 0.01408102 0.02284328 0.19233208 0.01617330
2692.89763254 0.00671869 0.00041411 0.00020430 0.00026344 0.00131844 0.18162907 0.03663452 0.52306819 0.00725270 0.01468235 0.02399274 0.19551744 0.01502270
2693.89796599 0.00672931 0.00035451 0.00015519 0.00022746 0.00032917 0.18167785 0.03692645 0.52446115 0.00850511 0.01340697 0.02196192 0.19598640 0.01600783
2694.89829943 0.00710925 0.00040935 0.00015334 0.00049305 0.00214652 0.17951091 0.03592103 0.52672158 0.00789374 0.01150494 0.02598707 0.19465115 0.01460732
2695.89863288 0.00722964 0.00059168 0.00012957 0.00034433 0.00302843 0.18072405 0.03746397 0.52627310 0.00961476 0.00974020 0.02342482 0.19356798 0.01509709
2696.89896632 0.00727845 0.00083620 0.00017626 0.00073393 0.00109995 0.17785293 0.03745497 0.52822007 0.01133041 0.00897687 0.02420646 0.19346019 0.01565176
2697.89929977 0.00724857 0.00074815 0.00011876 0.00075902 0.00243104 0.18005849 0.03832106 0.52543724 0.00993046 0.00752864 0.02702871 0.19216962 0.01546879
2698.89963321 0.00691149 0.00089457 0.00012188 0.00063094 0.00206670 0.17692889 0.03918040 0.52664317 0.00981953 0.01015351 0.02480228 0.19307919 0.01567893
2699.89996666 0.00665269 0.00076817 0.00010023 0.00044781 0.00214080 0.17860470 0.03661078 0.52587911 0.01086536 0.00977290 0.02707064 0.19187709 0.01586242
2700.90030010 0.00665220 0.00061366 0.00010850 0.00031191 0.00145308 0.17631628 0.03714607 0.52517683 0.01121129 0.01196894 0.02484481 0.19519068 0.01565793
2701.90063354 0.00645183 0.00036638 0.00011943 0.00019042 0.00163697 0.17800056 0.03899176 0.52609736 0.00891615 0.01364155 0.02298109 0.19317825 0.01588009
2702.90096699 0.00613983 0.00061495 0.00015438 0.00053043 0.00322716 0.17592988 0.03679730 0.52536511 0.00720867 0.01577764 0.02455983 0.19511731 0.01471734
2703.90130043 0.00597140 0.00025617 0.00022804 0.00017741 0.00034771 0.17703293 0.03848670 0.53004755 0.00688746 0.01601563 0.02146921 0.19440945 0.01464175
2704.90163388 0.00596380 0.00027007 0.00015160 0.00017855 0.00169349 0.17552907 0.03803053 0.52991559 0.00703587 0.01442427 0.02235030 0.19532271 0.01509792
2705.90196732 0.00813296 0.00037693 0.00022754 0.00015892 0.00039030 0.17694537 0.03623333 0.52624398 0.00854576 0.01690995 0.02536807 0.19328183 0.01531801
2706.90230077 0.00839316 0.00042873 0.00023506 0.00020656 0.00195387 0.17501786 0.03892147 0.52643776 0.00972484 0.01547965 0.02330307 0.19301055 0.01528057
2707.90263421 0.00847147 0.00030628 0.00014997 0.00016065 0.00039258 0.17668907 0.03871398 0.52314551 0.00921830 0.01359868 0.02808058 0.19409075 0.01545365
2708.90296766 0.00831267 0.00032340 0.00016245 0.00014890 0.00041518 0.17633731 0.04029933 0.52441716 0.01003256 0.01153860 0.02706069 0.19416717 0.01509725
2709.90330110 0.00836015 0.00036067 0.00014684 0.00018590 0.00040654 0.17763796 0.04056017 0.52460826 0.01206716 0.01027803 0.02626347 0.19245433 0.01503067
2710.90363454 0.00827000 0.00036072 0.00015068 0.00014962 0.00033235 0.17694108 0.03703326 0.52247533 0.01154511 0.01024710 0.03026723 0.19532776 0.01516976
2711.90396799 0.00802720 0.00073871 0.00015390 0.00053228 0.00486995 0.17443931 0.03917883 0.52330908 0.01387650 0.00852622 0.02696439 0.19174022 0.01567061
2712.90430143 0.00768662 0.00083127 0.00018091 0.00072082 0.00419820 0.17362979 0.03837594 0.52375739 0.01196709 0.01080119 0.02730833 0.19282397 0.01540508
2713.90463488 0.00749012 0.00083270 0.00019812 0.00081422 0.00213071 0.17476091 0.03760738 0.52346719 0.01151579 0.01238847 0.02753311 0.19345925 0.01529214
2714.90496832 0.00676883 0.00055610 0.00027184 0.00028835 0.00144862 0.17269396 0.03802330 0.52890062 0.01258280 0.01500373 0.02337010 0.19264056 0.01422001
2715.90530177 0.00691011 0.00055929 0.00019260 0.00030205 0.00149254 0.17470743 0.03523570 0.52620026 0.00834400 0.01688568 0.02668631 0.19463327 0.01476088
2716.90563521 0.00654994 0.00043834 0.00016240 0.00019057 0.00098786 0.17502493 0.03704560 0.52727266 0.00935807 0.01732756 0.02340459 0.19409812 0.01468930
2717.90596866 0.00654044 0.00063666 0.00019235 0.00027693 0.00115779 0.17586448 0.03597256 0.52647603 0.01011547 0.01764857 0.02306308 0.19414737 0.01444872
2718.90630210 0.00647373 0.00043179 0.00015700 0.00014380 0.00056970 0.17619657 0.03500719 0.52550838 0.00947591 0.01795896 0.02453847 0.19527174 0.01474050
2719.90663555 0.00650581 0.00032909 0.00031296 0.00019399 0.00050899 0.17630220 0.03703719 0.52599598 0.00920005 0.01767563 0.02266140 0.19571360 0.01406892
2720.90696899 0.00662203 0.00066452 0.00015694 0.00049047 0.00168014 0.17669321 0.03663966 0.52593729 0.00876642 0.01408726 0.02566471 0.19449756 0.01472182
2721.90730243 0.00690033 0.00050238 0.00012939 0.00032972 0.00077752 0.17728076 0.03738949 0.52537686 0.01026397 0.01204306 0.02630142 0.19441594 0.01518949
2722.90763588 0.00691679 0.00060862 0.00013860 0.00024023 0.00095253 0.17582826 0.03605116 0.52780471 0.01191532 0.01136851 0.02720694 0.19397959 0.01390554
2723.90796932 0.00691692 0.00040913 0.00013869 0.00021310 0.00166791 0.17786966 0.03398570 0.52857099 0.01141644 0.01105211 0.02821257 0.19194109 0.01452261
2724.90830277 0.00674327 0.00039523 0.00013768 0.00027925 0.00139072 0.17654784 0.03544313 0.52855364 0.01189129 0.01206707 0.02550029 0.19386291 0.01393095
2725.90863621 0.00645010 0.00053015 0.00013946 0.00038392 0.00139568 0.18017597 0.03456403 0.52787384 0.01061938 0.01307850 0.02518068 0.19238183 0.01367656
2726.90896966 0.00636822 0.00036576 0.00013782 0.00019387 0.00037638 0.17889042 0.03516225 0.52587476 0.00975655 0.01471451 0.02587006 0.19484314 0.01381447
2727.90930310 0.00642094 0.00037047 0.00012197 0.00015302 0.00045695 0.17983288 0.03638871 0.52593574 0.01000763 0.01514424 0.02317016 0.19465264 0.01376560
2728.90963655 0.00645798 0.00036122 0.00012865 0.00013428 0.00038236 0.18025691 0.03425712 0.52640728 0.00896770 0.01643251 0.02313965 0.19592983 0.01360249
2729.90996999 0.00621135 0.00037800 0.00012696 0.00013128 0.00040400 0.18116922 0.03377810 0.52593565 0.00877626 0.01706057 0.02306368 0.19555872 0.01361755
2730.91030343 0.00594450 0.00046190 0.00013012 0.00017456 0.00041712 0.17953227 0.03446226 0.52663922 0.00903519 0.01672414 0.02303991 0.19532901 0.01405430
2731.91063688 0.00584809 0.00068840 0.00013293 0.00040090 0.00102106 0.18040680 0.03461219 0.52688633 0.00920576 0.01580680 0.02385214 0.19308567 0.01390102
2732.91097032 0.00608845 0.00071577 0.00012063 0.00047932 0.00312389 0.17849795 0.03460893 0.52534957 0.01048972 0.01478965 0.02440318 0.19356384 0.01385756
2733.91130377 0.00589048 0.00044710 0.00018088 0.00033044 0.00166081 0.17883621 0.03508709 0.52771964 0.01158394 0.01311988 0.02451113 0.19292856 0.01359431
2734.91163721 0.00599253 0.00044440 0.00012606 0.00039245 0.00136279 0.17705036 0.03407843 0.52732148 0.01102318 0.01193300 0.02713717 0.19345224 0.01567842
2735.91197066 0.00613628 0.00082775 0.00009997 0.00086222 0.00231719 0.17742439 0.03478821 0.52567488 0.01151368 0.01083216 0.02693875 0.19439668 0.01432411
2736.91230410 0.00609572 0.00045598 0.00010655 0.00020895 0.00125529 0.17642978 0.03669765 0.52582131 0.01100260 0.01164232 0.02614082 0.19487455 0.01536420
2737.91263755 0.00595274 0.00062303 0.00009972 0.00055669 0.00298199 0.17510517 0.03672831 0.52588947 0.01043435 0.01221036 0.02619225 0.19503305 0.01414560
2738.91297099 0.00577137 0.00042944 0.00011389 0.00023071 0.00101253 0.17477792 0.03806756 0.52627144 0.01020751 0.01304277 0.02568802 0.19496521 0.01519300
2739.91330443 0.00591559 0.00032561 0.00010818 0.00023817 0.00087026 0.17456049 0.03877252 0.52707606 0.00937034 0.01454319 0.02455214 0.19484095 0.01474208
2740.91363788 0.00608109 0.00031879 0.00013035 0.00022825 0.00073377 0.17580882 0.03674082 0.52832631 0.00812014 0.01574528 0.02449909 0.19446625 0.01488212
2741.91397132 0.00599532 0.00036549 0.00012193 0.00014182 0.00060709 0.17644694 0.03577862 0.52925333 0.00801177 0.01668275 0.02477781 0.19338198 0.01443046
2742.91430477 0.00619167 0.00046665 0.00012089 0.00018285 0.00063872 0.17565080 0.03566292 0.52991147 0.01105555 0.01668974 0.02219274 0.19311242 0.01431526
2743.91463821 0.00630953 0.00067255 0.00012767 0.00058241 0.00142506 0.17471040 0.03593440 0.52879115 0.00928955 0.01593021 0.02445689 0.19340065 0.01467905
2744.91497166 0.00649572 0.00041551 0.00018812 0.00020752 0.00048032 0.17588528 0.03619681 0.52764309 0.00911751 0.01599634 0.02595562 0.19311494 0.01479894
2745.91530510 0.00634562 0.00041323 0.00014740 0.00031704 0.00063120 0.17597561 0.03735679 0.52669058 0.01019546 0.01394623 0.02509411 0.19390302 0.01532932
2746.91563855 0.00649496 0.00044383 0.00012900 0.00027893 0.00168691 0.17649252 0.03717931 0.52297056 0.01111374 0.01312204 0.02677791 0.19530887 0.01449638
2747.91597199 0.00664923 0.00052773 0.00009631 0.00042765 0.00215536 0.17590116 0.03538626 0.52415928 0.01171897 0.01212111 0.02742870 0.19400703 0.01607045
2748.91630544 0.00697826 0.00058331 0.00012247 0.00024951 0.00078992 0.17607844 0.03501024 0.52453184 0.01277149 0.01257120 0.02624785 0.19541465 0.01562907
2749.91663888 0.00697576 0.00047573 0.00010614 0.00034008 0.00059852 0.17880776 0.03490748 0.52587659 0.01176925 0.01138786 0.02709515 0.19391173 0.01472370
2750.91697232 0.00685940 0.00038736 0.00012347 0.00036693 0.00058603 0.17782853 0.03436447 0.52709604 0.01109104 0.01340984 0.02540913 0.19405836 0.01527881
2751.91730577 0.00689493 0.00061955 0.00012973 0.00052336 0.00135848 0.17923795 0.03536942 0.52557125 0.01085254 0.01513860 0.02363677 0.19184153 0.01572083
2752.91763921 0.00688227 0.00071445 0.00035853 0.00074891 0.00103271 0.17736126 0.03274977 0.52652611 0.00892391 0.01963648 0.02475633 0.19334338 0.01384816
2753.91797266 0.00710408 0.00041362 0.00024733 0.00030866 0.00153537 0.17772249 0.03296007 0.52753468 0.00878939 0.02055173 0.02179631 0.19361820 0.01452215
2754.91830610 0.00727919 0.00042407 0.00018870 0.00036461 0.00099327 0.17730663 0.03328415 0.52815263 0.00867173 0.02012705 0.02197927 0.19482045 0.01368744
2755.91863955 0.00744787 0.00040362 0.00013753 0.00033592 0.00155000 0.17811077 0.03301655 0.52744605 0.00856453 0.01860978 0.02288829 0.19555591 0.01338106
2756.91897299 0.00712171 0.00070274 0.00018832 0.00074007 0.00511611 0.17521292 0.03208055 0.52748785 0.00999159 0.01716161 0.02194861 0.19589606 0.01347357
2757.91930644 0.00709083 0.00046302 0.00016679 0.00026964 0.00250922 0.17743848 0.03153056 0.52674834 0.01018574 0.01520023 0.02587997 0.19589788 0.01371013
2758.91963988 0.00738123 0.00061489 0.00011931 0.00045616 0.00273473 0.17433510 0.03348833 0.52697078 0.01325857 0.01347757 0.02570800 0.19428453 0.01455204
2759.91997332 0.00760012 0.00059205 0.00017600 0.00034427 0.00188344 0.17606546 0.03483399 0.52554165 0.01313556 0.01405086 0.02680296 0.19295314 0.01362061
2760.92030677 0.00744967 0.00050680 0.00015085 0.00022493 0.00132935 0.17401767 0.03509202 0.52756994 0.01352134 0.01369364 0.02718467 0.19223937 0.01446942
2761.92064021 0.00737354 0.00061431 0.00013324 0.00033364 0.00283897 0.17541416 0.03638287 0.52518763 0.01254758 0.01317183 0.02751890 0.19124392 0.01461296
2762.92097366 0.00735602 0.00086823 0.00011999 0.00053872 0.00245522 0.17386425 0.03658445 0.52513875 0.01185540 0.01392804 0.02741694 0.19280363 0.01442638
2763.92130710 0.00785450 0.00077307 0.00012063 0.00038234 0.00256962 0.17470953 0.03445801 0.52512344 0.01166619 0.01529187 0.02717220 0.19272318 0.01500989
2764.92164055 0.00782789 0.00095364 0.00012763 0.00072536 0.00465513 0.17117963 0.03515706 0.52386521 0.01227024 0.01722371 0.02462362 0.19450758 0.01471120
2765.92197399 0.00718610 0.00067634 0.00014816 0.00060681 0.00351489 0.17181100 0.03462376 0.52474147 0.00978535 0.01888513 0.02549623 0.19501988 0.01469098
2766.92230744 0.00698465 0.00057212 0.00019274 0.00054726 0.00323127 0.17254933 0.03643823 0.52451067 0.00935340 0.02131144 0.02232481 0.19473812 0.01423059
2767.92264088 0.00693487 0.00044326 0.00022065 0.00056361 0.00296033 0.17258846 0.03480846 0.52466423 0.00822743 0.02159855 0.02467895 0.19443087 0.01481520
2768.92297432 0.00695083 0.00039743 0.00022121 0.00015110 0.00029707 0.17354554 0.03641445 0.52659012 0.01002711 0.02057165 0.02418088 0.19337323 0.01423021
2769.92330777 0.00686277 0.00045985 0.00016028 0.00014432 0.00042844 0.17286789 0.03544526 0.52761397 0.01149591 0.01861011 0.02605625 0.19253502 0.01418269
2770.92364121 0.00678212 0.00074423 0.00013621 0.00040468 0.00100561 0.17295241 0.03737016 0.52473996 0.01274603 0.01641497 0.02751795 0.19094206 0.01502572
2771.92397466 0.00674926 0.00039210 0.00011663 0.00014023 0.00033998 0.17321107 0.03753998 0.52400516 0.01225453 0.01452700 0.03007041 0.19281025 0.01459267
2772.92430810 0.00691156 0.00038904 0.00021086 0.00013679 0.00035028 0.17198401 0.03931018 0.52435025 0.01296268 0.01274661 0.02924952 0.19335714 0.01495265
2773.92464155 0.00730209 0.00040083 0.00014395 0.00033837 0.00049352 0.17192469 0.03788387 0.52316816 0.01310966 0.01260535 0.03058720 0.19325899 0.01608542
2774.92497499 0.00757746 0.00041956 0.00011149 0.00021416 0.00036951 0.17116992 0.03871973 0.52269616 0.01351169 0.01364958 0.02894738 0.19492803 0.01526280
2775.92530844 0.00767110 0.00039837 0.00010090 0.00023905 0.00047227 0.17290177 0.03835066 0.52251161 0.01221895 0.01509225 0.02789790 0.19448521 0.01533107
2776.92564188 0.00753948 0.00035876 0.00010640 0.00015025 0.00033478 0.17213604 0.03691752 0.52425892 0.01119628 0.01715198 0.02841326 0.19420581 0.01477001
2777.92597533 0.00740365 0.00030856 0.00012332 0.00012762 0.00029168 0.17354758 0.03856718 0.52477071 0.01032654 0.01882185 0.02493511 0.19341771 0.01476215
2778.92630877 0.00731363 0.00026482 0.00018339 0.00013119 0.00026607 0.17367471 0.03474584 0.52614744 0.00909195 0.02186221 0.02556583 0.19396880 0.01409775
2779.92664221 0.00727642 0.00033857 0.00018196 0.00013165 0.00029022 0.17554729 0.03602296 0.52542372 0.01047328 0.02197961 0.02399814 0.19157719 0.01403539
2780.92697566 0.00727221 0.00087507 0.00015839 0.00058297 0.00148902 0.17411698 0.03533235 0.52585619 0.01121967 0.01964697 0.02439608 0.19239685 0.01392946
2781.92730910 0.00714242 0.00072754 0.00015319 0.00051914 0.00119184 0.17532978 0.03414905 0.52445053 0.01094672 0.01790025 0.02681029 0.19260684 0.01521482
2782.92764255 0.00737014 0.00039457 0.00017066 0.00029301 0.00054869 0.17757996 0.03502273 0.52455449 0.01135890 0.01603294 0.02638519 0.19369497 0.01396389
2783.92797599 0.00701418 0.00032898 0.00019998 0.00017759 0.00028696 0.17623264 0.03503270 0.52475511 0.01199274 0.01481960 0.02652858 0.19511616 0.01452895
2784.92830944 0.00694055 0.00038180 0.00020168 0.00021633 0.00039472 0.17641696 0.03490489 0.52331598 0.01213693 0.01432203 0.02864956 0.19481055 0.01424857
2785.92864288 0.00719831 0.00041109 0.00014900 0.00016518 0.00035327 0.17590385 0.03560869 0.52603407 0.01337002 0.01384870 0.02604623 0.19449626 0.01361363
2786.92897633 0.00682708 0.00074025 0.00029230 0.00051674 0.00078439 0.17605150 0.03300651 0.52739518 0.01049594 0.01507382 0.02657629 0.19454142 0.01452567
2787.92930977 0.00689568 0.00040682 0.00019250 0.00038385 0.00147784 0.17658533 0.03437030 0.52770682 0.01060786 0.01534932 0.02524522 0.19392314 0.01375100
2788.92964321 0.00685183 0.00040081 0.00017555 0.00032098 0.00243958 0.17602155 0.03456370 0.52799316 0.01033373 0.01600516 0.02350104 0.19386354 0.01438120
2789.92997666 0.00668548 0.00047720 0.00017364 0.00021480 0.00067222 0.17656685 0.03397459 0.52790754 0.01080912 0.01641584 0.02552734 0.19336394 0.01389691
2790.93031010 0.00661101 0.00084237 0.00017069 0.00057037 0.00105577 0.17569110 0.03590533 0.52666968 0.01105445 0.01657402 0.02396721 0.19322013 0.01427887
2791.93064355 0.00673849 0.00025811 0.00018292 0.00013958 0.00027734 0.17651315 0.03582621 0.52602314 0.00882201 0.01676371 0.02593136 0.19516415 0.01409833
2792.93097699 0.00675849 0.00033563 0.00017228 0.00014064 0.00031576 0.17452708 0.03706787 0.52604988 0.01020055 0.01652334 0.02505199 0.19575706 0.01385793
2793.93131044 0.00669824 0.00042317 0.00016539 0.00028192 0.00050902 0.17494903 0.03543461 0.52584106 0.01093926 0.01640721 0.02523335 0.19420709 0.01560890
2794.93164388 0.00666035 0.00049953 0.00014621 0.00020043 0.00033228 0.17415752 0.03489136 0.52578592 0.01253415 0.01539775 0.02667789 0.19478352 0.01459344
2795.93197733 0.00647594 0.00061997 0.00014247 0.00035817 0.00173124 0.17481754 0.03618728 0.52599032 0.01239439 0.01382491 0.02584228 0.19349768 0.01459375
2796.93231077 0.00619263 0.00054721 0.00017253 0.00057459 0.00306138 0.17328583 0.03749505 0.52772912 0.01020926 0.01398957 0.02597126 0.19270627 0.01425793
2797.93264421 0.00607424 0.00064519 0.00016614 0.00025852 0.00137701 0.17397883 0.03791469 0.52666850 0.01204524 0.01339080 0.02728152 0.19153940 0.01473415
2798.93297766 0.00622442 0.00059122 0.00016573 0.00059823 0.00072688 0.17399737 0.03928962 0.52590849 0.01070026 0.01369503 0.02707203 0.19209513 0.01516000
2799.93331110 0.00609431 0.00074417 0.00020246 0.00051839 0.00144610 0.17501644 0.03736600 0.52599091 0.01078727 0.01180207 0.02679907 0.19390030 0.01542682
2800.93364455 0.00648367 0.00095638 0.00021619 0.00076174 0.00092965 0.17480878 0.03809827 0.52702911 0.00867876 0.01342744 0.02570873 0.19435393 0.01503102
2801.93397799 0.00666995 0.00079938 0.00016801 0.00027276 0.00167189 0.17639774 0.03571939 0.52696370 0.01040414 0.01361392 0.02427714 0.19501654 0.01469539
2802.93431144 0.00682322 0.00124385 0.00042475 0.00080979 0.00232999 0.17445789 0.03403200 0.52620656 0.01067182 0.01628238 0.02246112 0.19671894 0.01436090
2803.93464488 0.00702461 0.00065248 0.00019783 0.00038240 0.00296379 0.17364072 0.03421803 0.52860439 0.00923876 0.01437300 0.02587201 0.19522919 0.01462742
2804.93497833 0.00711223 0.00048536 0.00019118 0.00015375 0.00048136 0.17172171 0.03683616 0.53175084 0.00883179 0.01415988 0.02575087 0.19490024 0.01473684
2805.93531177 0.00734236 0.00039091 0.00019604 0.00018035 0.00034187 0.17322212 0.03831115 0.53217421 0.01007459 0.01429507 0.02364282 0.19345528 0.01371558
2806.93564522 0.00715522 0.00073833 0.00023672 0.00037247 0.00120490 0.16970111 0.03447717 0.53401759 0.01084765 0.01412171 0.02594158 0.19413871 0.01420206
2807.93597866 0.00703952 0.00055703 0.00020528 0.00036260 0.00067690 0.17114474 0.03684061 0.53407605 0.01095624 0.01472013 0.02209210 0.19431782 0.01405051
2808.93631210 0.00700718 0.00037048 0.00018394 0.00012727 0.00032648 0.17277384 0.03197011 0.53392200 0.00928523 0.01508063 0.02620779 0.19556028 0.01419195
2809.93664555 0.00699456 0.00042939 0.00020146 0.00016581 0.00050995 0.17258005 0.03403385 0.53292633 0.01077235 0.01492031 0.02344371 0.19647074 0.01354605
2810.93697899 0.00701496 0.00042931 0.00017114 0.00015057 0.00033189 0.17186223 0.03272102 0.53220811 0.01164064 0.01417856 0.02571673 0.19691072 0.01367909
2811.93731244 0.00683940 0.00057537 0.00014199 0.00034307 0.00139771 0.17241348 0.03416516 0.53201072 0.01158892 0.01338264 0.02350017 0.19696903 0.01351172
2812.93764588 0.00678101 0.00050101 0.00014912 0.00012574 0.00040947 0.17206892 0.03199308 0.53446555 0.01115050 0.01323522 0.02597527 0.19619513 0.01373100
2813.93797933 0.00662488 0.00033570 0.00015409 0.00013476 0.00033678 0.17408565 0.03385405 0.53355792 0.01010930 0.01252285 0.02440417 0.19672917 0.01377556
2814.93831277 0.00653729 0.00028509 0.00014519 0.00013547 0.00025695 0.17391939 0.03255988 0.53558375 0.00989652 0.01379958 0.02467529 0.19556105 0.01318185
2815.93864622 0.00639311 0.00031225 0.00014340 0.00011872 0.00026828 0.17510033 0.03342962 0.53566718 0.01032505 0.01322366 0.02245970 0.19596043 0.01299138
2816.93897966 0.00615557 0.00031488 0.00013152 0.00015653 0.00168784 0.17592170 0.03208002 0.53535411 0.00980651 0.01227761 0.02327038 0.19570642 0.01329248
2817.93931310 0.00633971 0.00031023 0.00019510 0.00020837 0.00031765 0.17809326 0.03070211 0.53477011 0.00915510 0.01285537 0.02320265 0.19630566 0.01388439
2818.93964655 0.00615833 0.00029163 0.00014665 0.00021891 0.00037385 0.17863101 0.03086655 0.53359862 0.00903302 0.01299629 0.02213729 0.19759377 0.01411241
2819.93997999 0.00621200 0.00030712 0.00015568 0.00021849 0.00038350 0.17895470 0.03023061 0.53463640 0.00856250 0.01310332 0.02323100 0.19746206 0.01275460
2820.94031344 0.00632402 0.00025646 0.00013600 0.00013966 0.00024728 0.18018152 0.03196895 0.53268395 0.00892190 0.01318236 0.02044507 0.19831091 0.01352594
2821.94064688 0.00627186 0.00022347 0.00018218 0.00019500 0.00029408 0.17711725 0.03086324 0.53589572 0.00790091 0.01403311 0.02308910 0.19754152 0.01266441
2822.94098033 0.00619854 0.00022936 0.00019496 0.00012171 0.00024119 0.17707680 0.03202003 0.53541840 0.00843543 0.01574341 0.02069133 0.19660709 0.01322028
2823.94131377 0.00548746 0.00041142 0.00019723 0.00024562 0.00157707 0.17662837 0.03041745 0.53676913 0.00877414 0.01336061 0.02241622 0.19614035 0.01306238
2824.94164722 0.00538975 0.00042342 0.00019807 0.00030636 0.00051835 0.17426576 0.03176375 0.53761593 0.00880603 0.01287671 0.02187522 0.19516289 0.01618752
2825.94198066 0.00532648 0.00068859 0.00023905 0.00076873 0.00114870 0.17271167 0.03258984 0.53532562 0.00864774 0.01432722 0.02418029 0.19504419 0.01432836
2826.94231410 0.00530423 0.00030600 0.00016566 0.00019310 0.00029854 0.17279493 0.03583975 0.53475064 0.00887964 0.01367919 0.02258815 0.19550841 0.01499599
2827.94264755 0.00511736 0.00053911 0.00015932 0.00041689 0.00129147 0.17177801 0.03452773 0.53459318 0.00786542 0.01347966 0.02366738 0.19688128 0.01480055
2828.94298099 0.00504887 0.00041662 0.00014436 0.00034602 0.00142107 0.17294920 0.03503928 0.53434449 0.00851454 0.01307499 0.02316278 0.19635138 0.01423526
2829.94331444 0.00487975 0.00045408 0.00014828 0.00027879 0.00340301 0.17066626 0.03393118 0.53424032 0.00812464 0.01306295 0.02238954 0.19846421 0.01483673
2830.94364788 0.00483224 0.00035780 0.00023414 0.00024841 0.00148667 0.17298794 0.03455995 0.53517108 0.00774448 0.01441919 0.02310618 0.19569280 0.01399136
2831.94398133 0.00497836 0.00035246 0.00015364 0.00021323 0.00151440 0.17128483 0.03536892 0.53554874 0.00786976 0.01407708 0.02209102 0.19705580 0.01447012
2832.94431477 0.00505562 0.00048664 0.00012308 0.00040719 0.00169330 0.17268748 0.03469593 0.53713781 0.00821181 0.01154386 0.02491378 0.19413827 0.01396085
2833.94464822 0.00666563 0.00045314 0.00013002 0.00021096 0.00237483 0.17375177 0.03657720 0.53439488 0.00896299 0.01138102 0.02278391 0.19389070 0.01508856
2834.94498166 0.00655003 0.00070822 0.00012092 0.00077689 0.00203797 0.17397734 0.03349617 0.53474176 0.00887559 0.01108300 0.02597903 0.19398431 0.01421881
2835.94531511 0.00645860 0.00074321 0.00011513 0.00054348 0.00161912 0.17445717 0.03612878 0.53303544 0.01019379 0.01129807 0.02200865 0.19403235 0.01582480
2836.94564855 0.00645834 0.00065701 0.00011267 0.00075343 0.00132077 0.17506799 0.03426931 0.53179844 0.00852994 0.01179561 0.02548167 0.19552381 0.01468936
2837.94598199 0.00631823 0.00045077 0.00010954 0.00044888 0.00193557 0.17519548 0.03533875 0.53285200 0.00822360 0.01262979 0.02166861 0.19713886 0.01400815
2838.94631544 0.00592169 0.00055453 0.00013527 0.00051703 0.00198318 0.17666166 0.03384721 0.53143807 0.00774521 0.01107070 0.02302639 0.19772641 0.01529432
2839.94664888 0.00594850 0.00058672 0.00013434 0.00070658 0.00194366 0.17532292 0.03517115 0.53147568 0.00734310 0.01194005 0.02177517 0.19789939 0.01570125
2840.94698233 0.00605216 0.00030368 0.00015378 0.00032484 0.00039687 0.17660085 0.03395895 0.53300186 0.00740446 0.01232051 0.02268381 0.19728861 0.01556176
2841.94731577 0.00815419 0.00051784 0.00017002 0.00040197 0.00392322 0.17373595 0.03578932 0.53229496 0.00842427 0.01260297 0.02113405 0.19545472 0.01555071
2842.94764922 0.00819957 0.00049434 0.00013281 0.00030970 0.00057587 0.17553256 0.03634364 0.53178641 0.00924204 0.01183898 0.02407349 0.19466487 0.01500527
2843.94798266 0.00887554 0.00052297 0.00010540 0.00022345 0.00043239 0.17446996 0.03839023 0.53109474 0.01006480 0.01139902 0.02403802 0.19375760 0.01550142
2844.94831611 0.00904008 0.00059993 0.00014704 0.00047155 0.00171577 0.17227311 0.03748779 0.53202345 0.00932904 0.01091819 0.02541897 0.19411805 0.01549711
2845.94864955 0.00889520 0.00088471 0.00012168 0.00067242 0.00306646 0.17054005 0.03570961 0.53122406 0.01029032 0.01070954 0.02619432 0.19366068 0.01692614
2846.94898299 0.00878818 0.00063944 0.00008247 0.00046977 0.00172400 0.16995286 0.03824378 0.53067651 0.01118476 0.01068328 0.02491224 0.19373600 0.01769490
2847.94931644 0.00886912 0.00110162 0.00013725 0.00065453 0.00197908 0.16865416 0.03786820 0.53170496 0.01015216 0.01151440 0.02666261 0.19406353 0.01550749
2848.94964988 0.00896205 0.00074846 0.00011422 0.00073765 0.00305892 0.17054318 0.03945032 0.52941281 0.00953779 0.01177703 0.02404702 0.19477987 0.01579273
2849.94998333 0.00882539 0.00032844 0.00020346 0.00028005 0.00121687 0.16961576 0.03914176 0.53267473 0.00855986 0.01447105 0.02423688 0.19443929 0.01483185
2850.95031677 0.00858577 0.00075469 0.00021462 0.00061365 0.00224410 0.16812656 0.03811694 0.53265680 0.00793640 0.01476733 0.02434869 0.19435845 0.01586176
2851.95065022 0.00872749 0.00050703 0.00028407 0.00052280 0.00159132 0.16616733 0.03815543 0.53246873 0.01035482 0.01552481 0.02479729 0.19497788 0.01464850
2852.95098366 0.00917908 0.00070800 0.00019883 0.00048505 0.00212522 0.16717895 0.03844851 0.53425462 0.01018636 0.01462844 0.02362933 0.19252715 0.01562953
2853.95131711 0.00966353 0.00034229 0.00019090 0.00027971 0.00043491 0.16685986 0.03688642 0.53364035 0.00890781 0.01419034 0.02693166 0.19534558 0.01599017
2854.95165055 0.00992273 0.00061162 0.00015888 0.00039498 0.00149670 0.16743914 0.03940385 0.53325092 0.00963107 0.01297772 0.02375208 0.19559301 0.01529004
2855.95198399 0.01013995 0.00041636 0.00014348 0.00026098 0.00107456 0.16788729 0.03607444 0.53477615 0.00911121 0.01236791 0.02748798 0.19516294 0.01523668
2856.95231744 0.01036231 0.00060939 0.00012849 0.00048032 0.00339076 0.16793958 0.03778580 0.53371382 0.01001166 0.01174582 0.02464013 0.19441884 0.01513539
2857.95265088 0.01037352 0.00062221 0.00013203 0.00061424 0.00139599 0.16612006 0.03746847 0.53445866 0.00997735 0.01177296 0.02611793 0.19580285 0.01551726
2858.95298433 0.00957598 0.00110746 0.00011248 0.00088102 0.00427343 0.16565098 0.03707743 0.53495101 0.00960652 0.01164106 0.02658249 0.19233159 0.01578452
2859.95331777 0.00961931 0.00076314 0.00018738 0.00050452 0.00299348 0.16338267 0.03733857 0.53691183 0.01162202 0.01170633 0.02460986 0.19501413 0.01496606
2860.95365122 0.01086968 0.00083009 0.00016596 0.00068887 0.00331442 0.16383079 0.03626669 0.53649431 0.01026400 0.01238244 0.02572143 0.19457989 0.01546112
2861.95398466 0.01104339 0.00051556 0.00020044 0.00049593 0.00298033 0.16543968 0.03830643 0.53722510 0.00882267 0.01360288 0.02373249 0.19411040 0.01456810
2862.95431811 0.01133356 0.00079340 0.00017191 0.00061206 0.00396300 0.16449334 0.03534785 0.53580931 0.00958037 0.01479101 0.02349797 0.19613899 0.01480080
2863.95465155 0.01097441 0.00060896 0.00017632 0.00046495 0.00322974 0.16513016 0.03625123 0.53787317 0.00763661 0.01515810 0.02282620 0.19510830 0.01553626
2864.95498499 0.01093129 0.00044329 0.00027988 0.00021947 0.00141295 0.16670528 0.03526457 0.53623496 0.00725819 0.01601114 0.02333479 0.19794899 0.01488649
2865.95531844 0.01093582 0.00103924 0.00022439 0.00097163 0.00185518 0.16664945 0.03521864 0.53567854 0.00703088 0.01452035 0.02212270 0.19914771 0.01554127
2866.95565188 0.01118535 0.00107551 0.00016271 0.00107230 0.00362194 0.16769324 0.03582490 0.53669856 0.00784350 0.01300311 0.02245547 0.19568061 0.01486816
2867.95598533 0.01123455 0.00049978 0.00020905 0.00050668 0.00243290 0.16627594 0.03580514 0.53818866 0.00858328 0.01225611 0.02217021 0.19587657 0.01719569
2868.95631877 0.01126285 0.00063223 0.00017016 0.00083108 0.00335251 0.16614796 0.03477777 0.53580414 0.00869603 0.01110844 0.02708607 0.19554839 0.01584523
2869.95665222 0.01083239 0.00123545 0.00016740 0.00110044 0.00386040 0.16482533 0.03797867 0.53713911 0.01099437 0.01039224 0.02251121 0.19351585 0.01627952
2870.95698566 0.01072644 0.00073733 0.00026819 0.00054626 0.00304590 0.16545700 0.03406170 0.53701838 0.00945226 0.01079704 0.02919906 0.19481460 0.01460228
2871.95731911 0.01060865 0.00057819 0.00021172 0.00033299 0.00062155 0.16569292 0.03529530 0.53671022 0.01054093 0.01123358 0.02726143 0.19589903 0.01562214
2872.95765255 0.01070850 0.00081179 0.00019914 0.00055934 0.00169855 0.16456696 0.03590458 0.53752370 0.01170327 0.01247818 0.02452190 0.19508485 0.01494772
2873.95798600 0.01051231 0.00061691 0.00018979 0.00051002 0.00161423 0.16468837 0.03466747 0.53733203 0.00967960 0.01416310 0.02514934 0.19637640 0.01501275
2874.95831944 0.01037243 0.00044824 0.00021288 0.00035599 0.00144045 0.16626836 0.03576213 0.53796550 0.00872596 0.01543197 0.02268143 0.19592362 0.01478345
2875.95865288 0.01215364 0.00045262 0.00021546 0.00032649 0.00131164 0.16594466 0.03530689 0.53739333 0.00866135 0.01803510 0.02252795 0.19621329 0.01361121
2876.95898633 0.01202089 0.00040153 0.00019941 0.00033680 0.00132281 0.16854694 0.03165068 0.53697459 0.00688787 0.01805931 0.02427954 0.19606078 0.01527974
2877.95931977 0.01216236 0.00060930 0.00019412 0.00046197 0.00407253 0.16573648 0.03669430 0.53562163 0.00940980 0.01719696 0.02138094 0.19453783 0.01408414
2878.95965322 0.01223523 0.00040038 0.00027739 0.00025308 0.00057368 0.16465849 0.03418434 0.53990421 0.00749989 0.01614914 0.02552755 0.19505486 0.01551700
2879.95998666 0.01235586 0.00060386 0.00023438 0.00061954 0.00239828 0.16409139 0.03541162 0.53397361 0.01015788 0.01594874 0.02336415 0.19692740 0.01626914
2880.96032011 0.01247356 0.00105384 0.00021531 0.00088847 0.00444329 0.16265922 0.03443709 0.53663990 0.01176072 0.01441929 0.02432286 0.19506041 0.01409959
2881.96065355 0.01292130 0.00062736 0.00023174 0.00064182 0.00301402 0.16204167 0.03269252 0.53402749 0.01179077 0.01678047 0.02662690 0.19524410 0.01628113
2882.96098700 0.01304988 0.00119772 0.00021117 0.00096705 0.00217778 0.16182353 0.03616571 0.53395654 0.01317263 0.01573916 0.02561145 0.19374489 0.01523237
2883.96132044 0.01314679 0.00041048 0.00020201 0.00032539 0.00358298 0.16167623 0.03459348 0.53414665 0.01046571 0.01613794 0.02726048 0.19646099 0.01473766
2884.96165388 0.01322971 0.00045509 0.00017134 0.00022173 0.00140280 0.16377508 0.03698518 0.53536390 0.01056802 0.01598417 0.02712804 0.19336679 0.01457787
2885.96198733 0.01349652 0.00072675 0.00015987 0.00052941 0.00322462 0.16152863 0.03666590 0.53554841 0.01190481 0.01659588 0.02350938 0.19535943 0.01424691
2886.96232077 0.01354387 0.00063422 0.00016185 0.00033070 0.00248386 0.16326709 0.03385739 0.53547693 0.01082390 0.01701077 0.02677180 0.19432809 0.01485341
2887.96265422 0.01336077 0.00069710 0.00016560 0.00039716 0.00170503 0.16225332 0.03674411 0.53385818 0.01098808 0.01775368 0.02607104 0.19485936 0.01450735
2888.96298766 0.01335896 0.00071507 0.00022583 0.00055085 0.00073619 0.16250203 0.03795396 0.53396709 0.01109609 0.01804987 0.02491601 0.19480023 0.01448679
2889.96332111 0.01301789 0.00042892 0.00019898 0.00018152 0.00053824 0.16209233 0.03672044 0.53383687 0.01008806 0.01800899 0.02861552 0.19478631 0.01450382
2890.96365455 0.01290662 0.00066999 0.00028080 0.00026009 0.00050934 0.15777414 0.04006040 0.53520555 0.01321971 0.01823199 0.02346574 0.19611985 0.01420240
2891.96398800 0.01309952 0.00047304 0.00027158 0.00015463 0.00036816 0.15813676 0.03662396 0.53656504 0.01148668 0.01823092 0.02866519 0.19426611 0.01475792
2892.96432144 0.01333953 0.00043711 0.00024819 0.00014353 0.00037478 0.15871866 0.03646690 0.53687224 0.01159749 0.01814462 0.02758012 0.19503034 0.01438601
2893.96465488 0.01338198 0.00045260 0.00018477 0.00012980 0.00038922 0.15780066 0.03711505 0.53733528 0.01238278 0.01831103 0.02585927 0.19524149 0.01479806
2894.96498833 0.01332507 0.00036716 0.00017612 0.00014040 0.00030497 0.15844232 0.03592665 0.53697517 0.01055714 0.01847281 0.02967973 0.19414099 0.01481655
2895.96532177 0.01348607 0.00050696 0.00018303 0.00029479 0.00102457 0.15691668 0.03956845 0.53567684 0.01261677 0.01867447 0.02536392 0.19446432 0.01470921
2896.96565522 0.01368208 0.00051573 0.00016453 0.00043156 0.00168479 0.15802914 0.03833687 0.53480324 0.01310892 0.01733407 0.02713061 0.19397012 0.01449042
2897.96598866 0.01311303 0.00050963 0.00018304 0.00027895 0.00142860 0.15607874 0.03768174 0.53354330 0.01191403 0.01695578 0.03011446 0.19543323 0.01587851
2898.96632211 0.01305975 0.00166354 0.00017091 0.00143687 0.00333705 0.15912216 0.03867327 0.53403981 0.01343835 0.01648801 0.02505687 0.19186993 0.01470323
2899.96665555 0.01280797 0.00047594 0.00019741 0.00018806 0.00042666 0.15820872 0.03562391 0.53580432 0.01173276 0.01557522 0.03028097 0.19594800 0.01553802
2900.96698900 0.01277057 0.00069268 0.00017484 0.00031881 0.00078741 0.15646792 0.03928369 0.53564805 0.01275999 0.01569072 0.02786880 0.19408158 0.01622552
2901.96732244 0.01263704 0.00042923 0.00024648 0.00036530 0.00220136 0.15422069 0.03868457 0.53598571 0.01170206 0.01842877 0.02602640 0.19491149 0.01679793
2902.96765589 0.01279447 0.00058450 0.00018285 0.00047505 0.00216432 0.15411463 0.03848380 0.53615535 0.01044119 0.01888318 0.02967559 0.19206467 0.01677487
2903.96798933 0.01453093 0.00074928 0.00017773 0.00064434 0.00309983 0.15085188 0.04572982 0.53336607 0.01240330 0.01958696 0.02461261 0.19282835 0.01594984
2904.96832277 0.01419440 0.00047969 0.00020150 0.00051585 0.00156564 0.15347780 0.03969790 0.53451396 0.01056778 0.01993334 0.03024489 0.19176093 0.01704073
2905.96865622 0.01405009 0.00044817 0.00017960 0.00037494 0.00121273 0.15178351 0.04169024 0.53585041 0.01151823 0.02024537 0.02859007 0.19202552 0.01608120
2906.96898966 0.01398221 0.00072006 0.00017954 0.00064486 0.00231849 0.15387213 0.04037714 0.53398981 0.01185560 0.01964170 0.02678203 0.19321360 0.01640504
2907.96932311 0.01397637 0.00064811 0.00023691 0.00040741 0.00185209 0.15731545 0.03672137 0.53376219 0.01061298 0.02009451 0.02858065 0.19351523 0.01625311
2908.96965655 0.01384194 0.00096935 0.00018064 0.00085989 0.00331358 0.15494325 0.04108872 0.53279218 0.01250653 0.01851769 0.02534152 0.19329056 0.01619608
2909.96999000 0.01357997 0.00106546 0.00017345 0.00103167 0.00323737 0.15426622 0.04042407 0.53187608 0.01180157 0.01828486 0.02738928 0.19330186 0.01714811
2910.97032344 0.01331440 0.00076741 0.00017319 0.00069672 0.00220973 0.15333162 0.04034128 0.53521579 0.01045122 0.01762501 0.02886772 0.19320431 0.01711601
2911.97065689 0.01316150 0.00062799 0.00016946 0.00048449 0.00322501 0.15270152 0.04333279 0.53451773 0.01170590 0.01738813 0.02644051 0.19294064 0.01646583
2912.97099033 0.01285812 0.00057723 0.00018171 0.00039461 0.00120393 0.15706777 0.04034287 0.53239901 0.01158492 0.01675915 0.03092979 0.19140677 0.01715224
2913.97132377 0.01286752 0.00048142 0.00016008 0.00041044 0.00062581 0.15342947 0.04276996 0.53324320 0.01256248 0.01794009 0.02656587 0.19352549 0.01828571
2914.97165722 0.01184459 0.00054825 0.00020517 0.00036101 0.00054636 0.15585582 0.04104241 0.53335496 0.01117040 0.01877285 0.02964803 0.19227882 0.01621593
2915.97199066 0.01197028 0.00053339 0.00013327 0.00032257 0.00077714 0.15345636 0.04031491 0.53332969 0.01107159 0.01894705 0.02943420 0.19355189 0.01812794
2916.97232411 0.01227639 0.00071495 0.00014138 0.00051803 0.00323316 0.15541875 0.04236391 0.53250919 0.01196647 0.01791840 0.02681927 0.19153534 0.01686116
2917.97265755 0.01234377 0.00050804 0.00014510 0.00044393 0.00150174 0.15470690 0.04142959 0.53399794 0.01068758 0.01782846 0.02895670 0.19305626 0.01673776
2918.97299100 0.01240309 0.00042163 0.00012657 0.00036813 0.00133322 0.15585674 0.04309449 0.53421566 0.01146184 0.01724372 0.02763261 0.19208794 0.01615742
2919.97332444 0.01206802 0.00045945 0.00011686 0.00048220 0.00305984 0.15491033 0.04332006 0.53395950 0.01097067 0.01646613 0.02648390 0.19310890 0.01666218
2920.97365789 0.01171728 0.00060858 0.00015955 0.00036502 0.00206919 0.15611591 0.04316495 0.53296706 0.01134408 0.01436166 0.03062258 0.19110719 0.01711423
2921.97399133 0.01170991 0.00152224 0.00015060 0.00103607 0.00470447 0.15434451 0.04545374 0.52887107 0.01581444 0.01326005 0.02708747 0.19078490 0.01697044
2922.97432477 0.01187088 0.00116906 0.00017978 0.00074288 0.00466437 0.15727760 0.04089967 0.52770915 0.01306717 0.01386936 0.03100006 0.19184037 0.01758053
2923.97465822 0.01170463 0.00068667 0.00023085 0.00055027 0.00321944 0.15752066 0.04332723 0.53096931 0.01093400 0.01451746 0.02917304 0.19198046 0.01689060
2924.97499166 0.01132838 0.00065874 0.00033688 0.00031137 0.00179478 0.15942243 0.04164773 0.52844361 0.01222178 0.01696356 0.02754228 0.19446881 0.01618805
2925.97532511 0.01162367 0.00061027 0.00030323 0.00031413 0.00145212 0.16056262 0.04070338 0.53014572 0.01261896 0.01833594 0.02715573 0.19208249 0.01571540
2926.97565855 0.01198808 0.00037920 0.00031300 0.00017062 0.00040851 0.16068751 0.04098482 0.53303253 0.01121765 0.01825708 0.02695414 0.19243410 0.01516085
2927.97599200 0.01182467 0.00037090 0.00023270 0.00016520 0.00203022 0.16047815 0.03900300 0.53271802 0.01053170 0.01820807 0.02665591 0.19445187 0.01515426
2928.97632544 0.01267641 0.00054486 0.00024333 0.00036366 0.00261536 0.16022736 0.03833174 0.53317073 0.00997712 0.01808438 0.02801314 0.19282861 0.01559972
2929.97665889 0.01289067 0.00055917 0.00015905 0.00025472 0.00146320 0.15846424 0.04073038 0.53346136 0.01177292 0.01746681 0.02585507 0.19410252 0.01571057
2930.97699233 0.01259414 0.00092662 0.00016310 0.00077264 0.00085767 0.15830859 0.03962232 0.53521339 0.01122335 0.01666325 0.02845813 0.19279394 0.01499699
2931.97732578 0.01221663 0.00062797 0.00015789 0.00051422 0.00238103 0.15646099 0.03931863 0.53450824 0.01241270 0.01627164 0.02822692 0.19336292 0.01575685
2932.97765922 0.01207759 0.00054552 0.00014619 0.00022638 0.00193053 0.15614495 0.04007823 0.53476435 0.01293131 0.01557624 0.02910196 0.19315946 0.01539489
2933.97799266 0.01177852 0.00039477 0.00018271 0.00031950 0.00047837 0.15772068 0.03938766 0.53301731 0.01192102 0.01592743 0.03077351 0.19299378 0.01688325
2934.97832611 0.01135974 0.00045611 0.00017802 0.00029824 0.00060183 0.15591360 0.04270443 0.53387269 0.01314981 0.01583440 0.02736102 0.19289014 0.01673971
2935.97865955 0.01105562 0.00044217 0.00015652 0.00033103 0.00197156 0.15511457 0.04122741 0.53224944 0.01225987 0.01691842 0.02993997 0.19365215 0.01573689
2936.97899300 0.01086604 0.00046972 0.00015167 0.00034184 0.00061429 0.15517229 0.04080123 0.53330027 0.01262342 0.01692128 0.02832344 0.19369323 0.01758733
2937.97932644 0.01072559 0.00065735 0.00014699 0.00066297 0.00283914 0.15614884 0.04011182 0.53347266 0.01176954 0.01776079 0.02768146 0.19270414 0.01604430
2938.97965989 0.01051317 0.00050467 0.00020046 0.00041399 0.00198363 0.15741625 0.03952696 0.53082721 0.01071388 0.01884563 0.02952899 0.19410927 0.01592905
2939.97999333 0.01054012 0.00070111 0.00021184 0.00086155 0.00406969 0.15384342 0.04077947 0.53442061 0.01144290 0.01732991 0.02606153 0.19266077 0.01761721
2940.98032678 0.01074181 0.00056591 0.00024142 0.00041977 0.00362490 0.15071432 0.04149116 0.53335856 0.01079937 0.02025760 0.02993488 0.19251794 0.01607418
2941.98066022 0.01099084 0.00102059 0.00022282 0.00043253 0.00274155 0.15016641 0.04260029 0.53570041 0.01290518 0.01800537 0.02833317 0.19144408 0.01642760
2942.98099366 0.01138921 0.00072784 0.00016502 0.00043843 0.00200171 0.14971405 0.04266835 0.53379022 0.01381651 0.01705784 0.03084429 0.19208856 0.01668718
2943.98132711 0.01143144 0.00049081 0.00019693 0.00023054 0.00044398 0.15068189 0.04179472 0.53556378 0.01329969 0.01685065 0.03111682 0.19143865 0.01789154
2944.98166055 0.01098230 0.00051491 0.00017768 0.00025173 0.00049428 0.15028426 0.04216542 0.53598485 0.01341037 0.01702653 0.03144197 0.19211871 0.01612929
2945.98199400 0.01078648 0.00042627 0.00016741 0.00020316 0.00041697 0.15125259 0.04369822 0.53504043 0.01272582 0.01759729 0.02914923 0.19268826 0.01663434
2946.98232744 0.01084242 0.00042002 0.00016431 0.00023402 0.00032044 0.15104433 0.04202693 0.53478511 0.01182012 0.01827998 0.03163054 0.19266115 0.01661304
2947.98266089 0.01060263 0.00092780 0.00019034 0.00071809 0.00103776 0.15235622 0.04350482 0.53482165 0.01265350 0.01918914 0.02578439 0.19341460 0.01540170
2948.98299433 0.01028110 0.00052695 0.00017881 0.00019237 0.00147452 0.15203991 0.03955375 0.53488731 0.01118880 0.01991086 0.03120018 0.19241911 0.01642742
2949.98332778 0.00992858 0.00057005 0.00018206 0.00033098 0.00167485 0.15294812 0.04311841 0.53342804 0.01235626 0.01940898 0.02677347 0.19304174 0.01616705
2950.98366122 0.00969235 0.00042929 0.00017536 0.00025179 0.00125422 0.15386492 0.04293854 0.53398576 0.01035395 0.01928739 0.02878953 0.19199729 0.01667196
2951.98399466 0.00934432 0.00086948 0.00020710 0.00066703 0.00106114 0.15238339 0.04260899 0.53471962 0.01157217 0.01931804 0.02783616 0.19254327 0.01621363
2952.98432811 0.01135500 0.00058836 0.00021567 0.00028158 0.00162842 0.15229191 0.04346226 0.53448201 0.01206384 0.01844627 0.02793744 0.19193583 0.01666641
2953.98466155 0.01158846 0.00053881 0.00015140 0.00034750 0.00172917 0.15189059 0.04200419 0.53435448 0.01189431 0.01740517 0.03045775 0.19309912 0.01612751
2954.98499500 0.01161022 0.00050867 0.00017072 0.00041697 0.00250540 0.15117092 0.04074315 0.54009314 0.01192994 0.01634736 0.02806967 0.19190533 0.01613874
2955.98532844 0.01130651 0.00036863 0.00020000 0.00016769 0.00184451 0.15341007 0.04173089 0.53837934 0.01165362 0.01579677 0.02760368 0.19347675 0.01536806
2956.98566189 0.01119118 0.00049653 0.00016120 0.00040518 0.00161653 0.15134734 0.04084879 0.53670211 0.01163995 0.01537485 0.03021921 0.19384150 0.01734679
2957.98599533 0.01104016 0.00049569 0.00019217 0.00036084 0.00050118 0.15275537 0.04406451 0.53734531 0.01196975 0.01522715 0.02821858 0.19230351 0.01656595
2958.98632878 0.01072127 0.00040664 0.00019038 0.00021533 0.00037099 0.15152530 0.04219420 0.53685765 0.01194107 0.01653261 0.02881621 0.19430951 0.01664010
2959.98666222 0.01052119 0.00038944 0.00022259 0.00029050 0.00048483 0.15153278 0.04107546 0.53824477 0.01141254 0.01682396 0.03014381 0.19307250 0.01630682
2960.98699567 0.01043782 0.00037677 0.00019649 0.00026163 0.00157996 0.15021463 0.04169648 0.53782360 0.01241525 0.01682808 0.02687989 0.19398536 0.01774186
2961.98732911 0.00963752 0.00050928 0.00018364 0.00027378 0.00169921 0.15104772 0.04057164 0.53802921 0.01133228 0.01749200 0.02975574 0.19309655 0.01600895
2962.98766255 0.00940235 0.00056329 0.00038941 0.00048268 0.00168936 0.15153984 0.04062214 0.53736440 0.01051814 0.01879156 0.02846983 0.19300691 0.01656246
2963.98799600 0.00939272 0.00051810 0.00025009 0.00025123 0.00133387 0.15080293 0.04142411 0.53735916 0.01136794 0.01832177 0.02699596 0.19503397 0.01634087
2964.98832944 0.00929272 0.00055902 0.00023909 0.00041099 0.00275562 0.15337166 0.04157799 0.53662345 0.01065523 0.01794587 0.02649903 0.19331790 0.01604415
2965.98866289 0.00894551 0.00042279 0.00017023 0.00038828 0.00158453 0.15053716 0.04317529 0.53962542 0.01064676 0.01698748 0.02744670 0.19296835 0.01604701
2966.98899633 0.00904990 0.00042095 0.00015907 0.00041329 0.00036758 0.15097515 0.04443049 0.53709987 0.01128013 0.01592227 0.02953535 0.19286547 0.01653037
2967.98932978 0.00916001 0.00040740 0.00013664 0.00024728 0.00043978 0.15143995 0.04503188 0.53708341 0.01094231 0.01511088 0.02883829 0.19260769 0.01771449
2968.98966322 0.00906510 0.00049575 0.00020145 0.00030342 0.00054396 0.15010561 0.04461826 0.53890452 0.01272704 0.01418390 0.02927939 0.19239154 0.01624515
2969.98999667 0.00881547 0.00042519 0.00026186 0.00014670 0.00037924 0.15307496 0.04260215 0.53676509 0.01166542 0.01430851 0.03021686 0.19322340 0.01693062
2970.99033011 0.00905622 0.00046551 0.00021959 0.00015581 0.00035999 0.15033541 0.04294899 0.53980246 0.01187323 0.01442974 0.02959547 0.19340804 0.01640576
2971.99066355 0.00943998 0.00052469 0.00019640 0.00027240 0.00139082 0.15093561 0.04357370 0.53748539 0.01173185 0.01546993 0.02838169 0.19325931 0.01677820
2972.99099700 0.01010805 0.00058851 0.00018438 0.00044010 0.00162173 0.15033457 0.04450335 0.53855526 0.00953294 0.01589778 0.02849928 0.19328274 0.01655937
2973.99133044 0.01050094 0.00045444 0.00016997 0.00022408 0.00053246 0.14773187 0.04462844 0.53832707 0.01067879 0.01854036 0.02764433 0.19267205 0.01839616
2974.99166389 0.01043977 0.00048483 0.00015604 0.00035257 0.00205475 0.14825368 0.04560058 0.53492536 0.01023758 0.01876331 0.02917359 0.19255241 0.01744531
2975.99199733 0.01035403 0.00086487 0.00013431 0.00052171 0.00425438 0.14751131 0.04470685 0.53526579 0.01143488 0.01756805 0.02814670 0.19190270 0.01768846
2976.99233078 0.01048894 0.00076452 0.00017471 0.00052248 0.00274638 0.14790180 0.04445848 0.53665163 0.01243290 0.01800269 0.02748638 0.19199054 0.01686747
2977.99266422 0.01022397 0.00046102 0.00026674 0.00022305 0.00114093 0.14908615 0.04301929 0.53604463 0.01139455 0.01732689 0.02974567 0.19427269 0.01701839
2978.99299767 0.00988705 0.00085726 0.00029994 0.00083484 0.00216740 0.14829959 0.04391147 0.53728851 0.01141531 0.01727130 0.02831969 0.19255610 0.01677859
2979.99333111 0.00958195 0.00055786 0.00021945 0.00026234 0.00189270 0.15080799 0.04405782 0.53689338 0.01035755 0.01621004 0.02858105 0.19336327 0.01679655
2980.99366455 0.00931590 0.00081385 0.00019704 0.00055879 0.00416706 0.15147079 0.04233999 0.53597577 0.01135769 0.01650204 0.02805224 0.19249187 0.01607287
2981.99399800 0.00919876 0.00064056 0.00019424 0.00040180 0.00170545 0.14990971 0.04334766 0.53596079 0.01252928 0.01674747 0.02850825 0.19231379 0.01774100
2982.99433144 0.00908719 0.00039314 0.00022362 0.00035743 0.00140094 0.15165222 0.04293470 0.53544227 0.01119921 0.01861245 0.02931354 0.19214183 0.01632866
2983.99466489 0.00941666 0.00037631 0.00017808 0.00027467 0.00108026 0.15117689 0.04326586 0.53665799 0.01182103 0.01830386 0.02897878 0.19172094 0.01616533
2984.99499833 0.00934245 0.00052541 0.00019609 0.00031101 0.00233318 0.15338988 0.04318423 0.53471061 0.01131233 0.01659237 0.02795962 0.19341477 0.01607051
2985.99533178 0.00949289 0.00050125 0.00017085 0.00022962 0.00244477 0.15349776 0.04221902 0.53579226 0.01127182 0.01622261 0.02867112 0.19261334 0.01636557
2986.99566522 0.00892257 0.00078561 0.00025856 0.00062796 0.00265796 0.15343019 0.04247898 0.53563804 0.01193473 0.01561978 0.02739924 0.19256063 0.01660831
2987.99599867 0.00941173 0.00067350 0.00016885 0.00059654 0.00187785 0.15454425 0.04224070 0.53340353 0.01230568 0.01511652 0.02886333 0.19223573 0.01797351
2988.99633211 0.00964692 0.00041150 0.00017585 0.00024044 0.00049582 0.15575768 0.04249964 0.53391386 0.01126079 0.01612719 0.02838067 0.19281907 0.01791748
2989.99666556 0.00970465 0.00061314 0.00025385 0.00033234 0.00073566 0.15520216 0.04471434 0.53469112 0.01227957 0.01485377 0.02730955 0.19236696 0.01664754
2990.99699900 0.00965906 0.00054665 0.00013385 0.00026311 0.00214284 0.15532485 0.04192349 0.53510506 0.01044741 0.01525346 0.03020242 0.19196512 0.01669175
2991.99733244 0.00992222 0.00121623 0.00016613 0.00103090 0.00414608 0.15331882 0.04246594 0.53596437 0.01119072 0.01425407 0.02705163 0.19224792 0.01694720
2992.99766589 0.00967939 0.00052232 0.00020261 0.00046822 0.00144539 0.15543550 0.04195498 0.53853856 0.01170801 0.01471919 0.02607461 0.19291457 0.01601604
2993.99799933 0.00940432 0.00048481 0.00021048 0.00018863 0.00056521 0.15647506 0.04192138 0.53869824 0.00972761 0.01382666 0.02873572 0.19299697 0.01616922
2994.99833278 0.00933474 0.00077674 0.00015813 0.00050956 0.00119448 0.15570467 0.04440275 0.53738818 0.00991583 0.01385437 0.02664823 0.19306074 0.01638630
2995.99866622 0.00904743 0.00060081 0.00014505 0.00036452 0.00255612 0.15530122 0.04318323 0.53593582 0.01026066 0.01383421 0.02821984 0.19283918 0.01675933
2996.99899967 0.00849948 0.00132040 0.00017466 0.00109219 0.00650701 0.15259698 0.04179525 0.53389127 0.01050846 0.01543169 0.02726028 0.19266535 0.01675644
2997.99933311 0.00841716 0.00112854 0.00035034 0.00113216 0.00395878 0.15257756 0.04305594 0.53393357 0.01148260 0.01553804 0.02628397 0.19325814 0.01730034
2998.99966656 0.00855097 0.00084928 0.00020487 0.00067850 0.00393969 0.15253924 0.04324433 0.53409168 0.00996666 0.01569187 0.02846305 0.19254452 0.01778630
3000.00000000 0.00845842 0.00054891 0.00016662 0.00080061 0.00193513 0.15210806 0.04650604 0.53162971 0.01008164 0.01389712 0.02872870 0.19233754 0.02125991
