0.00000074 0.00000000 0.00000000 0.00000000 0.00000000 0.00000000 0.00000000 0.00000000 0.00000009 0.00000000 0.00000000 0.00000000 0.00000000
0.09107495 0.01788167 0.00560816 0.02616386 0.10495772 0.10436934 0.09832545 0.09767079 0.10941813 0.09296687 0.10636404 0.06777600 0.06335755
0.17527801 0.01959922 0.00611380 0.02644103 0.13267157 0.10926010 0.11254061 0.11751166 0.05657172 0.09488162 0.15210563 0.06394883 0.06372139
0.17090854 0.02574847 0.00641907 0.03101808 0.13433314 0.13320440 0.13353541 0.12357956 0.10268146 0.13048359 0.09213853 0.06433008 0.07739160
0.23226675 0.02647291 0.00777271 0.02874304 0.15945269 0.12784594 0.11643158 0.11304549 0.07642278 0.18398334 0.08435898 0.07799615 0.07478703
0.28429170 0.02599419 0.00694829 0.03006770 0.14135291 0.13263399 0.11253125 0.13626248 0.08045764 0.22410546 0.08147315 0.08463896 0.06939220
0.28735765 0.02390058 0.00782596 0.02831579 0.13408076 0.14165470 0.11324923 0.15054773 0.08381184 0.20605685 0.08644618 0.09381076 0.08967046
0.33679548 0.02040931 0.00850066 0.02419809 0.13176052 0.14328906 0.12364480 0.15168254 0.08347429 0.15850544 0.10830413 0.09533644 0.06737186
0.38155030 0.02699532 0.00820981 0.02853575 0.12652730 0.14303966 0.12628468 0.15563745 0.10958902 0.11229565 0.15824576 0.10561254 0.05874694
0.40180296 0.01986816 0.00875099 0.02098864 0.13467252 0.16007843 0.12540953 0.15985872 0.22454208 0.13070068 0.12806156 0.10657840 0.05145264
0.43201575 0.01758607 0.00906599 0.01766192 0.10604391 0.16585779 0.15140384 0.16712887 0.24670493 0.15664604 0.12663551 0.10592826 0.06240683
0.47718522 0.02344493 0.00847977 0.02821962 0.12463638 0.16291108 0.12425723 0.16674454 0.12623636 0.14773084 0.19801965 0.11257802 0.06456377
0.50085587 0.02151786 0.00863056 0.02105873 0.11234726 0.17156860 0.14658219 0.17639389 0.11736581 0.16228510 0.12618425 0.09124637 0.05856721
0.51614891 0.02198126 0.00784466 0.02345560 0.12653912 0.17053126 0.14051696 0.16164902 0.10529489 0.19896458 0.11634253 0.08832592 0.05278822
0.56035433 0.02509512 0.00788638 0.02897163 0.11997643 0.16205594 0.13280324 0.15872464 0.09717319 0.23791418 0.10980842 0.11389134 0.05429688
0.58215413 0.01713374 0.00882812 0.01881226 0.10364498 0.17772074 0.13888452 0.16137744 0.11474075 0.25208854 0.10902983 0.09990464 0.06964263
0.59051083 0.02161496 0.00796913 0.02283430 0.09093118 0.15476359 0.12926461 0.17446215 0.10610643 0.22136726 0.11634134 0.10501544 0.04959494
0.62818836 0.01279058 0.00757203 0.01493714 0.10405318 0.16930651 0.14899000 0.17620985 0.10474673 0.17532349 0.12723902 0.09346762 0.06005213
0.66951247 0.01943623 0.00766892 0.02369430 0.10919873 0.16418451 0.13012447 0.17724974 0.15259994 0.14478776 0.15201572 0.11278922 0.05790066
0.68346579 0.01917756 0.00777438 0.02444411 0.12016848 0.17443002 0.13505647 0.17646819 0.18484967 0.16047007 0.15261327 0.10652169 0.05646505
0.70203994 0.01895115 0.00918722 0.02196408 0.12818688 0.16688373 0.13581612 0.17661824 0.17829702 0.17974097 0.16768902 0.10297710 0.05432349
0.73834962 0.01900230 0.00880693 0.02177958 0.12178635 0.18208016 0.11501656 0.17467166 0.13924203 0.17537906 0.17189991 0.09553629 0.07608633
0.75561967 0.02041889 0.00701695 0.02260790 0.10936683 0.17604987 0.12464632 0.16988468 0.13131113 0.18493268 0.12604464 0.09850719 0.06239330
0.78053134 0.01854094 0.00757907 0.02086369 0.13327052 0.16792465 0.12529573 0.18083069 0.11142171 0.22487566 0.12001062 0.08685844 0.07860939
0.78801831 0.02740885 0.00890225 0.02758682 0.11987200 0.16262459 0.12286823 0.18022268 0.10395088 0.25012396 0.11744415 0.09841667 0.07313787
0.79605129 0.01558821 0.00714369 0.01791494 0.13516915 0.16767793 0.13130584 0.18225640 0.11425664 0.25025906 0.12678549 0.08870276 0.06939327
0.81922127 0.02002020 0.00796797 0.02277976 0.11268537 0.16572456 0.12510489 0.17050400 0.11503347 0.21209473 0.13275150 0.09864246 0.06592113
0.83975983 0.02108762 0.00783722 0.02432533 0.12289532 0.17536102 0.11627926 0.18054705 0.12767596 0.17699158 0.13301387 0.09961516 0.05639875
0.84835839 0.01369150 0.00843734 0.01553932 0.11424571 0.15918132 0.12686641 0.19342817 0.14514426 0.17094164 0.15490772 0.10693603 0.05823480
0.87562115 0.01997410 0.00842174 0.02162414 0.12074618 0.16884174 0.13095032 0.17933715 0.16131728 0.18493575 0.15890885 0.09485873 0.06098400
0.90351848 0.02133355 0.00776283 0.02502331 0.11198841 0.17667922 0.12350410 0.18238083 0.16031243 0.19833871 0.17223011 0.10389885 0.06009624
0.91572146 0.01471552 0.00717789 0.01554220 0.10698298 0.18804115 0.11989296 0.18366723 0.13752815 0.19586207 0.15834716 0.09653858 0.05875568
0.94344338 0.02514506 0.00757388 0.02667417 0.12150958 0.17394383 0.12262989 0.18410909 0.12041081 0.19446908 0.13808289 0.09806644 0.05128914
0.96332132 0.01785203 0.00794795 0.01882301 0.12732572 0.17220461 0.11638871 0.17872191 0.11421704 0.22199748 0.13126706 0.10682589 0.06042211
0.98509977 0.01857317 0.00844048 0.02221403 0.13306112 0.17617808 0.11265045 0.18113530 0.11272449 0.24408437 0.13344683 0.10452579 0.04599146
1.00367020 0.01882279 0.00866763 0.01931407 0.10605406 0.18546571 0.11526671 0.18190462 0.11699268 0.24835033 0.12965641 0.09932850 0.07827237
1.01836275 0.01573964 0.00838716 0.02028004 0.12461239 0.16362263 0.11733682 0.17331198 0.11942724 0.21935525 0.13678711 0.12137017 0.05077112
1.02748386 0.01654878 0.00740543 0.01715700 0.12448350 0.17426067 0.10680393 0.19537049 0.11755753 0.18829226 0.14895920 0.10410045 0.06641719
1.04869296 0.02363862 0.00933838 0.02574417 0.11631163 0.15339579 0.11711597 0.19168990 0.14066785 0.18438244 0.14572729 0.11835598 0.04277219
1.07298621 0.02071132 0.00783811 0.02633144 0.10892451 0.17190060 0.12483365 0.19356581 0.14747038 0.19054881 0.15888992 0.10080724 0.05911893
1.09851153 0.02646684 0.00921778 0.03369975 0.11619989 0.16565218 0.13640937 0.18065814 0.14618091 0.20143642 0.16255543 0.11208755 0.06500509
1.12217946 0.01684512 0.00779760 0.01810964 0.11189000 0.17652443 0.12905749 0.18136799 0.13553283 0.19946963 0.14808883 0.10622407 0.04801199
1.13117853 0.01647464 0.00812226 0.01808364 0.10425828 0.17638110 0.13698262 0.18319574 0.11696616 0.20304940 0.13283638 0.09429329 0.05201797
1.15346731 0.01459722 0.00723716 0.01477154 0.11279036 0.16653433 0.13793480 0.19288172 0.11707632 0.21856343 0.13290056 0.09785512 0.05852552
1.16879059 0.01588088 0.00702592 0.01780296 0.09297668 0.17502320 0.13921973 0.19098048 0.11491934 0.22869141 0.13341019 0.10079041 0.04956802
1.18460291 0.01889272 0.00789330 0.01796385 0.10887739 0.17044827 0.12441556 0.19584519 0.12226177 0.23156442 0.13748065 0.09693751 0.05149492
1.19301252 0.01979021 0.00797948 0.02048392 0.11278426 0.17334663 0.12886209 0.18848512 0.11702440 0.21127644 0.13566737 0.10138110 0.04507560
1.20432657 0.01858097 0.00753299 0.01884177 0.12610398 0.17080511 0.14103989 0.18879504 0.12024086 0.19233262 0.14576187 0.10356473 0.06003890
1.22383733 0.02224644 0.00809473 0.02512531 0.10016888 0.17804244 0.14221858 0.18996757 0.13466887 0.18907311 0.14486192 0.10154892 0.05571233
1.24007119 0.02256252 0.00765416 0.02347260 0.11999194 0.17338718 0.12991077 0.19335033 0.13459455 0.19920514 0.16056405 0.10568613 0.04805110
1.25437891 0.01834657 0.00802830 0.01941325 0.11931418 0.18300681 0.13270682 0.18950415 0.14452923 0.20472094 0.16068508 0.09206574 0.04435757
1.27129607 0.02348602 0.00766188 0.02451845 0.11168673 0.18124770 0.13165898 0.19045342 0.13022590 0.20309804 0.14469526 0.10864493 0.04566393
1.27615029 0.01779003 0.00779026 0.01977946 0.10933081 0.17541259 0.13016738 0.19335616 0.11580873 0.20185598 0.13787472 0.09479875 0.04401394
1.28638736 0.01610305 0.00802101 0.01819561 0.09974661 0.16362974 0.13530551 0.18602901 0.11430459 0.22017872 0.13525528 0.10067107 0.06610833
1.28614436 0.01557391 0.00812161 0.01696515 0.10519494 0.15794105 0.13343506 0.19720030 0.11978632 0.22847719 0.13921201 0.10984005 0.04455036
1.28574790 0.02067097 0.00859091 0.02292654 0.12450691 0.17710319 0.12570606 0.19163894 0.12446535 0.23557787 0.14201371 0.10003401 0.06243962
1.31681325 0.01708791 0.00740279 0.02010630 0.11309326 0.17052868 0.12807367 0.19732723 0.12796880 0.21494064 0.13891645 0.09279773 0.04374838
1.32122453 0.01514427 0.00790017 0.01459174 0.09698223 0.18481764 0.13660665 0.18040179 0.12503036 0.19589908 0.14698947 0.09423113 0.06320550
1.33040632 0.02257411 0.00767306 0.02219376 0.10601720 0.17663579 0.13258152 0.19164684 0.13671443 0.19239875 0.15529099 0.10276826 0.04177226
1.34453565 0.01787555 0.00697175 0.01855466 0.11997384 0.17574170 0.13010743 0.18609830 0.13857094 0.20470624 0.16672192 0.09565286 0.04846315
1.36397194 0.02373185 0.00801799 0.02679765 0.10798360 0.17902634 0.12430272 0.18344575 0.14006007 0.21308218 0.15357867 0.09471452 0.05469559
1.38317175 0.02309026 0.00802410 0.02573013 0.10494453 0.16746185 0.12798947 0.18171990 0.13359979 0.21241108 0.14083982 0.10249982 0.06813101
1.39634894 0.01940411 0.00730161 0.02409814 0.09834469 0.15818601 0.12338821 0.19710407 0.11854123 0.21197379 0.13999008 0.10332073 0.05946511
1.41051452 0.02291065 0.00735753 0.02460257 0.10191136 0.14612495 0.14270947 0.18912427 0.11564730 0.23029304 0.13168676 0.09409389 0.04750826
1.42739561 0.01650631 0.00739386 0.01811172 0.09707558 0.16699766 0.13088173 0.18067667 0.12228655 0.23719490 0.14253557 0.09945363 0.05186614
1.44041507 0.01629001 0.00846524 0.01869675 0.11345141 0.16791686 0.13273121 0.17785953 0.12013113 0.22937982 0.14973902 0.11125709 0.05178653
1.44947774 0.01806865 0.00720778 0.02061745 0.10162099 0.17490537 0.12394479 0.17658276 0.12551068 0.20594434 0.14656479 0.09883417 0.05170838
1.45696968 0.01647871 0.00756994 0.01788882 0.09459012 0.17370334 0.13695296 0.19184812 0.12409713 0.19423642 0.14653455 0.09536092 0.05362707
1.46925223 0.01348349 0.00721382 0.01174390 0.10110392 0.17249421 0.12784991 0.17525259 0.13757351 0.20018340 0.14969592 0.11186081 0.04674972
1.47183343 0.01956138 0.00689890 0.02125269 0.10046030 0.17008417 0.13284497 0.17627550 0.13560652 0.21567771 0.16643527 0.09815482 0.03919938
1.48016514 0.01604262 0.00799859 0.01623213 0.11602545 0.17968614 0.12674850 0.18100993 0.13944435 0.21615947 0.15004643 0.09780883 0.05843874
1.49554286 0.01770643 0.00789727 0.02025278 0.12746683 0.16522821 0.12185003 0.17440513 0.12526226 0.21136533 0.13634340 0.10741334 0.04968519
1.50519173 0.01919931 0.00863594 0.02192984 0.07993282 0.16650552 0.13624350 0.18050925 0.11738048 0.21439559 0.13187194 0.11083914 0.04931277
1.51081204 0.02186948 0.00726797 0.02561985 0.09926390 0.16062041 0.12696989 0.18515767 0.11965545 0.23487636 0.13336875 0.10006325 0.05902978
1.52203093 0.01721320 0.00686685 0.02288873 0.12891368 0.15443853 0.11774688 0.18530346 0.13406111 0.23837022 0.14226211 0.10945407 0.05581455
1.54437802 0.02158658 0.00886989 0.02510552 0.11561617 0.15686950 0.13174476 0.17788240 0.12952806 0.23202682 0.14297211 0.11101707 0.05807886
1.55705347 0.01530133 0.00761088 0.01739463 0.10271198 0.15624627 0.12822179 0.17950621 0.12545627 0.20461980 0.14746981 0.10532311 0.05616829
1.57107720 0.02138529 0.00776161 0.02274874 0.10689358 0.16524241 0.13752080 0.17939994 0.12854506 0.19173525 0.14247009 0.10517015 0.06432108
1.58720384 0.02208768 0.00788190 0.02296134 0.10791209 0.17241026 0.12471753 0.16438479 0.14476979 0.20301546 0.15427949 0.09736878 0.07151724
1.59475912 0.02201854 0.00709967 0.02305012 0.10931470 0.17581687 0.13094445 0.17096914 0.13459287 0.21731113 0.16030159 0.09778300 0.05513309
1.59882805 0.01809583 0.00778029 0.01993613 0.11996726 0.17381188 0.12758045 0.17392645 0.13411489 0.22105263 0.14642373 0.09999348 0.05947355
1.61618899 0.02136984 0.00711296 0.02496419 0.11917155 0.17130181 0.12832831 0.17100002 0.12334813 0.21503527 0.14520474 0.09448484 0.06322492
1.62674503 0.02319456 0.00834674 0.02531162 0.10522669 0.18041644 0.13707697 0.17338872 0.11488805 0.22020152 0.13738380 0.11127520 0.06931428
1.63485975 0.01802629 0.00733377 0.02326592 0.12298329 0.16427036 0.11763023 0.17694859 0.11825784 0.23080486 0.14525194 0.09659393 0.07341660
1.64507711 0.02168226 0.00712873 0.02435232 0.10857819 0.16953272 0.12431010 0.17818163 0.13609070 0.23430718 0.14816021 0.10620770 0.06800906
1.65839729 0.01931341 0.00732397 0.02391854 0.11415417 0.16614324 0.11632873 0.17963807 0.12555169 0.22516487 0.14523462 0.10106669 0.05549290
1.66575474 0.02388666 0.00827072 0.02407626 0.11839693 0.17665835 0.11976502 0.16913556 0.12794474 0.20427951 0.14543168 0.09646460 0.06693920
1.66862175 0.02032849 0.00814346 0.02521116 0.12516255 0.17492382 0.13436187 0.17268430 0.12762035 0.19907975 0.14842628 0.11368812 0.06318521
1.67293978 0.02198969 0.00867375 0.02312932 0.10350531 0.18708288 0.14074987 0.16872118 0.13404409 0.20912745 0.14846330 0.10406036 0.06786608
1.68838233 0.01585582 0.00800128 0.01683871 0.10725869 0.18060918 0.13280763 0.17769024 0.12943624 0.21529291 0.15535646 0.11323165 0.05482020
1.69391237 0.01931772 0.00840531 0.02202714 0.10812281 0.17334384 0.12507127 0.18792028 0.13118638 0.21585443 0.14376377 0.11705122 0.05051164
1.70477802 0.01446376 0.00755375 0.01494509 0.11207954 0.17600422 0.10919761 0.17411993 0.12155128 0.21075850 0.13428463 0.11102156 0.05347226
1.71384066 0.01539189 0.00776501 0.01744541 0.11119093 0.18213893 0.11347891 0.17269014 0.11735440 0.21408024 0.13735212 0.09663295 0.05939251
1.72585222 0.01526208 0.00727054 0.01782560 0.08302190 0.18091676 0.11547889 0.17100901 0.12282447 0.22462225 0.14021593 0.11941358 0.06004960
1.74321922 0.01421281 0.00719154 0.01471854 0.07492947 0.18275526 0.12966448 0.18116959 0.12687697 0.22748777 0.14517439 0.10174981 0.04587165
1.75108227 0.01872742 0.00898922 0.02107954 0.07158367 0.17785226 0.11748471 0.17161100 0.12574590 0.22261478 0.15145482 0.10542491 0.04157096
1.75575498 0.01016195 0.00768408 0.01016948 0.09017819 0.17505411 0.11650680 0.18223434 0.12815969 0.20345074 0.15283301 0.10918559 0.05121555
1.76957667 0.01666132 0.00804371 0.01591050 0.07965010 0.17822852 0.12667160 0.16837002 0.13015600 0.20583456 0.14081858 0.10930681 0.05751375
1.77772967 0.01780616 0.00862805 0.01687389 0.08321971 0.16676681 0.11416649 0.17882757 0.13477750 0.21793512 0.14886260 0.11044966 0.05796501
1.78506984 0.01550292 0.00789397 0.01596646 0.09615627 0.16436132 0.12832221 0.17598682 0.12576589 0.22602671 0.15627270 0.09820755 0.04442656
1.79854352 0.01755190 0.00675716 0.02201012 0.10001590 0.16536305 0.11916834 0.17835595 0.13149583 0.22740519 0.14242603 0.09412359 0.05851454
1.81517880 0.01624671 0.00691650 0.01631001 0.11244339 0.16477032 0.12142697 0.16877660 0.12078138 0.22230363 0.14253264 0.10187251 0.04717367
1.83008468 0.01843488 0.00687716 0.02344537 0.10960804 0.17426881 0.12491329 0.17816087 0.11748962 0.21939039 0.14695216 0.10295671 0.05227011
1.83793031 0.01304073 0.00768166 0.01673723 0.11121610 0.17240381 0.12362952 0.18435425 0.12698435 0.22848049 0.13919946 0.09751950 0.06243603
1.85272947 0.01475121 0.00770709 0.01982273 0.09584354 0.17285815 0.12221258 0.17706506 0.13278461 0.22312516 0.15109046 0.09400340 0.05183976
1.85633221 0.02226165 0.00724209 0.02324126 0.12148221 0.17156794 0.13258536 0.18669385 0.12720732 0.21979682 0.15569477 0.10460526 0.07117252
1.86608730 0.01327017 0.00794264 0.01536112 0.11721698 0.16228747 0.11504626 0.17713360 0.13173504 0.20359358 0.14902840 0.10693656 0.06497604
1.86999271 0.01638837 0.00949024 0.01631202 0.10536663 0.17170720 0.12081692 0.16572817 0.13236780 0.20936453 0.14669684 0.10063066 0.05736507
1.87019737 0.01728336 0.00812564 0.02148631 0.11402029 0.17568001 0.11490617 0.16349130 0.12881610 0.22249909 0.14943151 0.10527629 0.06599226
1.86794812 0.01978440 0.00689777 0.02199569 0.11120843 0.17106248 0.11200671 0.17355253 0.12040154 0.23271298 0.14662710 0.09453689 0.08447960
1.87452497 0.01875968 0.00701536 0.02144809 0.11682631 0.17431866 0.11016105 0.17629651 0.11890139 0.22980609 0.13953216 0.09730783 0.05034265
1.87844803 0.01175586 0.00758708 0.01288861 0.10937927 0.17283079 0.11241370 0.16719803 0.11588731 0.22664731 0.13237295 0.09954593 0.06702506
1.88711111 0.01961719 0.00704144 0.02240370 0.11699693 0.17372506 0.11185393 0.16984386 0.12469719 0.22765300 0.13763774 0.09748826 0.05494889
1.89082747 0.01995708 0.00705369 0.02238561 0.10606322 0.16965602 0.11189910 0.16185658 0.12816219 0.22895974 0.15218946 0.10782851 0.06251077
1.89131890 0.01833067 0.00746322 0.01989590 0.09397309 0.17083132 0.12640949 0.18032589 0.13839469 0.21552956 0.14890420 0.10968896 0.06817163
1.90384819 0.01911142 0.00706996 0.02459865 0.07675460 0.14687642 0.12983487 0.17690595 0.13697655 0.20769865 0.15431138 0.12075238 0.05984320
1.90978926 0.01520379 0.00695837 0.01524426 0.06952970 0.17171044 0.11137387 0.18336891 0.13272767 0.20186463 0.15731669 0.10006722 0.04111488
1.91130957 0.01019173 0.00765579 0.01087518 0.07311584 0.17084842 0.13955924 0.16127176 0.13517406 0.21148358 0.14772631 0.11168768 0.06427953
1.92396699 0.01637320 0.00708086 0.01854539 0.08582205 0.17352887 0.11009608 0.16306175 0.13587660 0.22572438 0.14479306 0.09943703 0.05276162
1.93307264 0.02082573 0.00628461 0.02574365 0.11168517 0.16875830 0.13280307 0.16568050 0.12235162 0.24049032 0.14547467 0.09824868 0.05947410
1.92933977 0.01872116 0.00731069 0.02183979 0.10526485 0.17138065 0.12565034 0.16083333 0.12011538 0.23971730 0.13353142 0.10296741 0.04383214
1.93960308 0.01766615 0.00745327 0.02006666 0.12435469 0.17762679 0.12546522 0.15926814 0.11722437 0.23326636 0.13382775 0.10034965 0.05714108
1.94459133 0.02141047 0.00800372 0.02576481 0.11846938 0.17334792 0.12161159 0.16474580 0.12506093 0.22708949 0.14207464 0.09883190 0.05096399
1.95065878 0.02010990 0.00686767 0.02233597 0.12324218 0.17513276 0.13110207 0.16307218 0.13126796 0.22264092 0.14906621 0.10852997 0.05653522
1.95681120 0.01786925 0.00731694 0.02129982 0.11004612 0.17444853 0.13540954 0.16184094 0.13313821 0.21461004 0.14992344 0.10779480 0.05861447
1.96191741 0.01926790 0.00773118 0.01957070 0.10850793 0.18366528 0.12159618 0.15815348 0.13388058 0.20586274 0.15631972 0.10829043 0.07051369
1.95391618 0.01844880 0.00750610 0.02153326 0.10553564 0.17489970 0.13144694 0.16471178 0.12450083 0.20217909 0.14937535 0.09546628 0.06945036
1.95654292 0.01932869 0.00759600 0.02380819 0.10601760 0.16804543 0.13704876 0.16913292 0.12895933 0.21126766 0.14054569 0.10022885 0.05419136
1.96130283 0.01568965 0.00736554 0.01614194 0.09287075 0.17625865 0.12503271 0.17473737 0.12762984 0.22822219 0.13983109 0.09934706 0.06544537
1.97068613 0.01973252 0.00786876 0.02361048 0.11812501 0.17088427 0.12707441 0.18656252 0.11823659 0.23303837 0.14105458 0.11248019 0.04149070
1.97091911 0.01293752 0.00799193 0.01362406 0.10020858 0.18111725 0.12461425 0.16668739 0.12594956 0.23017769 0.13157918 0.10499254 0.06139624
1.97304550 0.01684281 0.00880578 0.01803469 0.08376926 0.17284805 0.12574931 0.16455983 0.11963783 0.22374807 0.13565111 0.11441762 0.05721550
1.97883196 0.01349977 0.00665103 0.01452321 0.09245619 0.17160512 0.11801541 0.15957928 0.12556490 0.22233878 0.14908013 0.09796797 0.05562423
1.98607945 0.01536460 0.00719253 0.01669538 0.09636325 0.18367058 0.12069459 0.16079573 0.13102198 0.21975209 0.14974978 0.10322058 0.04458310
1.98095648 0.01886811 0.00874598 0.01952938 0.08883625 0.17931369 0.12109737 0.17345665 0.13452683 0.21543599 0.15150384 0.10712365 0.04826603
1.98756246 0.01350995 0.00652375 0.01564643 0.11606788 0.17826653 0.11596732 0.16449896 0.12982053 0.21437042 0.15448447 0.09814444 0.06291153
1.99477265 0.01913519 0.00713291 0.02248803 0.09477687 0.17400611 0.12254733 0.16137117 0.13053890 0.20403426 0.14456974 0.09586583 0.06560084
1.99590157 0.01762163 0.00767472 0.02126912 0.12134419 0.16169950 0.12233943 0.16689393 0.12725801 0.21153670 0.14759410 0.11168630 0.04012773
2.00081756 0.01949898 0.00783498 0.02231642 0.12198775 0.17467781 0.11025843 0.15954446 0.12685445 0.22561084 0.14689514 0.10394776 0.09083327
2.01466599 0.01936540 0.00757993 0.02374052 0.12687991 0.15729448 0.12272142 0.15794539 0.12551754 0.23563158 0.14451194 0.10914652 0.05699201
2.01645558 0.01970066 0.00694492 0.02230866 0.10542879 0.17666677 0.11958410 0.17216439 0.12579908 0.22974850 0.14188223 0.10125005 0.07390289
2.01979710 0.01470980 0.00737682 0.01661302 0.11452249 0.16717489 0.12251111 0.17240386 0.12105260 0.22497732 0.13917899 0.09913930 0.06425325
2.01718895 0.01491007 0.00659736 0.01805096 0.08952250 0.17058696 0.12053556 0.17847039 0.12354341 0.22475269 0.14306185 0.09427469 0.06291349
2.01849286 0.01447675 0.00913770 0.01945447 0.08663705 0.18544219 0.12661801 0.15199953 0.13263625 0.22511534 0.14787207 0.10900985 0.06072055
2.01719842 0.01568037 0.00743558 0.01710233 0.09058177 0.18253526 0.12554381 0.16717290 0.13281276 0.22066069 0.14900977 0.09880194 0.06754391
2.02459059 0.01970542 0.00701995 0.02366927 0.08984608 0.16937966 0.11905783 0.16910090 0.12850885 0.21329011 0.14665921 0.09396399 0.05631413
2.02495589 0.01982229 0.00710480 0.02316560 0.08925150 0.17732821 0.11840891 0.16577032 0.12375003 0.20689972 0.14512950 0.10775866 0.07047390
2.02626482 0.02048238 0.00713520 0.02276426 0.10762503 0.18352892 0.11730828 0.16977250 0.12932362 0.21523242 0.14212436 0.10264233 0.05506391
2.02722656 0.01617090 0.00803789 0.02106802 0.10754038 0.18197409 0.12221002 0.15597781 0.12822674 0.23348175 0.14797191 0.10671945 0.07897926
2.03148563 0.02121191 0.00771400 0.02693444 0.11011423 0.16967380 0.12613523 0.15926864 0.12583064 0.23467960 0.15281992 0.11418892 0.05888816
2.04248320 0.02120000 0.00691927 0.02317821 0.11703642 0.18066689 0.12806630 0.16051487 0.12364134 0.22547665 0.13481632 0.09924817 0.07350532
2.04693306 0.01548606 0.00790323 0.02060555 0.10045665 0.17921657 0.13202667 0.15042934 0.12070474 0.22068980 0.14179461 0.10241083 0.07392667
2.05259319 0.01695395 0.00773740 0.01639617 0.09889356 0.18050307 0.13665774 0.15971719 0.12366838 0.22407456 0.13654971 0.10008800 0.07643814
2.05720842 0.02043962 0.00688076 0.02173418 0.11726233 0.19124887 0.12251952 0.15452974 0.12504611 0.21980979 0.15142719 0.09841498 0.06115973
2.05337638 0.02567964 0.00652840 0.02451286 0.12314075 0.18095936 0.12023632 0.16203649 0.12663025 0.21359243 0.15087430 0.10184775 0.06025434
2.05336598 0.01882071 0.00671344 0.02225160 0.11047448 0.18605222 0.13254107 0.16455209 0.12329206 0.21004731 0.14322291 0.10320051 0.06759486
2.05348106 0.02538303 0.00661920 0.02755749 0.12833516 0.17876090 0.12312816 0.15726407 0.12350411 0.20950103 0.14882032 0.10171302 0.06317270
2.05259920 0.02143285 0.00739791 0.02561339 0.12523964 0.18585058 0.13020236 0.16542259 0.12690025 0.21353927 0.13992405 0.10062883 0.06736224
2.05444827 0.02280872 0.00783378 0.02363457 0.11483561 0.19510257 0.13720040 0.16807686 0.12621590 0.21805187 0.14758241 0.11266495 0.06531609
2.06166357 0.02062923 0.00705268 0.02144996 0.11177043 0.18911624 0.13268530 0.17345116 0.12938746 0.21967246 0.14374205 0.10176296 0.05362882
2.06892928 0.02059769 0.00617324 0.01989700 0.11551505 0.18691007 0.13108923 0.16518082 0.12737163 0.21460244 0.13837967 0.10550105 0.06017058
2.07382887 0.01163339 0.00651496 0.01439342 0.11641831 0.19016521 0.13395631 0.17306572 0.12376071 0.21629702 0.13967935 0.10102613 0.04642747
2.07671143 0.02240392 0.00680656 0.02338721 0.10848489 0.19483268 0.13056428 0.16674475 0.12617855 0.22029567 0.14781314 0.10511043 0.06019765
2.07437776 0.01911321 0.00755607 0.02163940 0.11809962 0.19171391 0.12674680 0.17572202 0.12650478 0.21623387 0.14412741 0.11592754 0.05273628
2.07326755 0.02063899 0.00756092 0.02355801 0.11433927 0.19458897 0.13809876 0.17381755 0.12686518 0.20964878 0.13887249 0.10359869 0.07397135
2.08294083 0.01682504 0.00719817 0.01879726 0.08668605 0.18634804 0.13979142 0.16121642 0.11850065 0.20785472 0.13660658 0.11224350 0.05315912
2.08765333 0.01887082 0.00710065 0.01951866 0.09378603 0.18803968 0.14193819 0.16758801 0.11697808 0.20956590 0.15236403 0.11186958 0.05536325
2.09026266 0.01051506 0.00699884 0.01367358 0.07205934 0.19594616 0.14252004 0.16694665 0.12822285 0.21970680 0.13841080 0.10557605 0.06567731
2.08918592 0.01587743 0.00691809 0.01723745 0.08866792 0.19579687 0.13313292 0.17101287 0.12255993 0.21902739 0.14381427 0.10314428 0.05957685
2.09197722 0.01660342 0.00613732 0.01702086 0.08044811 0.19776980 0.13479529 0.17897387 0.12081976 0.21379029 0.13754272 0.10845897 0.06081634
2.09310335 0.01190408 0.00675273 0.01075432 0.07923688 0.18366679 0.13751319 0.16971567 0.12483444 0.20824187 0.14392819 0.10579468 0.05938357
2.08642042 0.01430588 0.00752868 0.01489368 0.09393817 0.19511872 0.12821353 0.16400554 0.12430739 0.21100289 0.14491368 0.10788339 0.06194984
2.07632794 0.01845018 0.00714561 0.01904102 0.08874456 0.19556965 0.13486855 0.16688059 0.12263301 0.21501324 0.14165181 0.10828775 0.04323323
2.08302840 0.01215440 0.00838858 0.01288976 0.08096104 0.18652545 0.14040200 0.17465305 0.12005970 0.22123208 0.14696722 0.10928013 0.05550264
2.08228234 0.02279921 0.00729998 0.02458155 0.08804474 0.20060454 0.13864822 0.16537634 0.12119316 0.21332447 0.13477811 0.09870416 0.04702472
2.08675299 0.01645903 0.00667728 0.01621134 0.06943960 0.19947140 0.12965142 0.17161263 0.12213446 0.20967454 0.14309406 0.10507253 0.06858337
2.09047616 0.01917722 0.00589691 0.02311188 0.09931709 0.19254469 0.12991140 0.17573075 0.12589457 0.21040265 0.14232451 0.09760422 0.06358960
2.08818623 0.01409404 0.00624014 0.01441329 0.08356826 0.19885440 0.12409457 0.17043320 0.12971615 0.20900374 0.15226747 0.10003821 0.06437736
2.08715977 0.02175702 0.00625307 0.02532178 0.09892199 0.19296351 0.12626052 0.16871407 0.12575511 0.20952584 0.13903636 0.10648063 0.05204959
2.08042983 0.02250884 0.00601452 0.02488351 0.10924026 0.19556678 0.12305406 0.17252284 0.12401271 0.21205784 0.14048334 0.11030618 0.04101997
2.07940130 0.02254285 0.00701688 0.02556708 0.11045685 0.18779386 0.13121997 0.17909469 0.11904960 0.21692267 0.14267158 0.10677815 0.06226662
2.08573077 0.01401978 0.00715981 0.01440473 0.11309425 0.19280176 0.12665291 0.18123483 0.12368686 0.21646661 0.13167293 0.11127766 0.05128757
2.08396748 0.02325826 0.00645263 0.02536403 0.10753270 0.20022013 0.11417743 0.17914317 0.12296170 0.22240660 0.14333399 0.09887893 0.05993474
2.08640393 0.01499455 0.00696151 0.01770379 0.09883690 0.19680116 0.12835611 0.17878431 0.12431900 0.21894304 0.14303295 0.10679662 0.05126177
2.08890413 0.02013837 0.00719796 0.01993650 0.09144382 0.20205703 0.11788280 0.18339739 0.12978447 0.21588714 0.14501866 0.10447813 0.06805827
2.08187052 0.02031903 0.00719569 0.02051830 0.08894636 0.19553397 0.13234112 0.17192957 0.12094222 0.21420592 0.14978163 0.10291563 0.05310838
2.07988491 0.01778404 0.00649398 0.01511604 0.09853301 0.19366608 0.12262463 0.18244101 0.12077346 0.20864421 0.14416032 0.09134993 0.05880622
2.08645885 0.02150357 0.00641773 0.02131356 0.10057774 0.19338370 0.12246766 0.17530935 0.12736154 0.20059206 0.14221790 0.10379726 0.04941020
2.08356944 0.02368872 0.00682590 0.02560559 0.11351836 0.19834368 0.12926925 0.17687986 0.12485077 0.19926081 0.14675130 0.10360258 0.07100960
2.07368896 0.01976975 0.00670342 0.02210217 0.11414432 0.19482559 0.13358498 0.17632214 0.12507779 0.20766907 0.14379896 0.11330987 0.04528179
2.06349967 0.02083328 0.00721188 0.02305738 0.11695327 0.20235094 0.12959820 0.18402223 0.12244198 0.21964105 0.13951021 0.09824045 0.06597419
2.06777585 0.01690358 0.00646235 0.01767684 0.10952865 0.20618829 0.12970456 0.18009714 0.11716552 0.21965729 0.13843018 0.10025874 0.06247525
2.05750126 0.02597854 0.00633194 0.02895973 0.11048087 0.20032372 0.13867116 0.17684644 0.11689853 0.21979361 0.13277411 0.10246133 0.06899305
2.04504996 0.01618021 0.00711054 0.02011363 0.10572504 0.20696999 0.13206876 0.17683136 0.11700037 0.22722356 0.13928400 0.09858430 0.04585571
2.03872500 0.01840751 0.00672609 0.02293168 0.10844929 0.20565993 0.13347932 0.17595486 0.12152390 0.21625643 0.13664278 0.11048964 0.05059277
2.04349258 0.01551917 0.00675282 0.01694189 0.10869410 0.20765725 0.13315512 0.18070137 0.12467273 0.20621787 0.14997216 0.11929823 0.05346060
2.03984534 0.01676792 0.00639573 0.02176104 0.11380365 0.19733301 0.13001748 0.18091412 0.12336979 0.20599490 0.14312285 0.10076902 0.06643010
2.03691961 0.01462732 0.00878307 0.01714287 0.10726036 0.19903626 0.13151898 0.18618140 0.12635861 0.20455510 0.13819918 0.11707860 0.04249060
2.03340763 0.01579963 0.00699496 0.01666960 0.11697090 0.21450499 0.13234461 0.18416663 0.11930769 0.20826602 0.13626563 0.10998635 0.05338781
2.03151777 0.01696275 0.00733300 0.01951200 0.10116677 0.20316377 0.12691945 0.19062090 0.11832063 0.21040777 0.13440838 0.10881982 0.04083689
2.03165351 0.01383011 0.00705390 0.01649636 0.09113178 0.21202739 0.12153920 0.18309427 0.11502547 0.21428182 0.13572818 0.10865239 0.05929987
2.02116439 0.01329599 0.00758872 0.01087007 0.08078050 0.20685839 0.12148898 0.18779504 0.12226717 0.21883677 0.13088296 0.10268050 0.04508417
2.01802626 0.01776399 0.00761804 0.01842659 0.08156991 0.20653426 0.11387564 0.17965412 0.11927354 0.21766857 0.13995254 0.10408512 0.05694027
2.01468727 0.01543871 0.00697400 0.01866327 0.09004414 0.20492002 0.12625850 0.17450667 0.12447015 0.21280561 0.13779186 0.10676578 0.05983400
2.01935598 0.01324055 0.00652754 0.01230161 0.08513437 0.20822831 0.11659776 0.17857889 0.12094988 0.20753993 0.14065546 0.10336453 0.06998034
2.01219168 0.01404019 0.00735407 0.01589843 0.10597801 0.19774008 0.12120581 0.18217056 0.12502734 0.21017668 0.13647491 0.11213776 0.06658027
2.00490733 0.01638962 0.00812841 0.01704155 0.09473957 0.20057574 0.12253538 0.18338065 0.11945108 0.21049417 0.13597623 0.10080513 0.06325653
2.00173769 0.01434082 0.00719796 0.01790966 0.10838922 0.19862759 0.12301748 0.18245859 0.11581890 0.20957551 0.14020407 0.10995633 0.05046801
2.00699378 0.01912795 0.00654095 0.02103973 0.11342786 0.20503240 0.12323410 0.17989979 0.11895810 0.21454284 0.13157941 0.10344281 0.05696952
1.99791131 0.01546240 0.00640621 0.01595595 0.10190406 0.20801119 0.12938656 0.17643800 0.12123515 0.21814743 0.13486070 0.11071862 0.05867278
2.00126462 0.01487643 0.00688589 0.01676896 0.12176974 0.20836076 0.12885633 0.18322712 0.12120540 0.21810963 0.13602405 0.10173100 0.05563066
2.00485165 0.01620642 0.00750740 0.01880684 0.07479204 0.20319615 0.13423947 0.17697093 0.12409380 0.21261515 0.12667789 0.11945253 0.07319109
1.99833015 0.01508199 0.00686644 0.01878053 0.10158597 0.21897549 0.13890970 0.17312623 0.11259405 0.20996411 0.13909977 0.08882543 0.06471626
1.99340473 0.01657626 0.00616629 0.01859973 0.10543566 0.20667670 0.12984391 0.17358218 0.11475736 0.21016275 0.14039232 0.11160021 0.04852139
1.98945314 0.02050352 0.00587695 0.02396509 0.08807976 0.22198874 0.12088054 0.17373395 0.12431536 0.21271129 0.13606698 0.09681824 0.07229701
1.99006642 0.01594949 0.00650364 0.01689222 0.09536912 0.21501927 0.12156051 0.18112947 0.11906891 0.21054865 0.13968218 0.11626659 0.04892767
1.97953365 0.01453990 0.00582038 0.01620242 0.08220438 0.21903119 0.12724305 0.18142223 0.12067719 0.21360508 0.13416283 0.10409629 0.05843770
1.97641597 0.01757428 0.00588466 0.01957115 0.10837787 0.21128535 0.14507493 0.19216959 0.11778173 0.20771876 0.14206960 0.10825557 0.03889553
1.98279404 0.01717100 0.00651222 0.01863491 0.09568386 0.21381456 0.13286403 0.18971974 0.12235996 0.21027800 0.14672211 0.11227352 0.05217256
1.97834329 0.01785976 0.00660286 0.01845470 0.10479763 0.21111071 0.13610317 0.18402245 0.12467208 0.21669399 0.13641693 0.10439744 0.04908669
1.96131939 0.01451925 0.00699100 0.01486013 0.11715799 0.21309152 0.13775772 0.18863458 0.11866526 0.21244916 0.14093237 0.11560312 0.05360591
1.96228014 0.01597888 0.00694430 0.01507037 0.11029962 0.21437568 0.13522575 0.18594490 0.12007179 0.20936467 0.13125472 0.09830018 0.05508395
1.96973357 0.02098249 0.00672968 0.02423921 0.10620952 0.20656621 0.13878313 0.18542749 0.11443529 0.21649612 0.13807731 0.10009508 0.07669017
1.96185518 0.02180628 0.00663493 0.02371163 0.09757443 0.20633082 0.14180422 0.18349305 0.12394198 0.21658160 0.13843453 0.10534928 0.05885082
1.95256079 0.01185020 0.00578750 0.01256495 0.08373457 0.20836306 0.14652165 0.20121137 0.11794263 0.21644015 0.13682310 0.09087936 0.05558424
1.94130270 0.02075652 0.00622807 0.02455202 0.11110722 0.20930622 0.14346055 0.20806459 0.11464993 0.21003675 0.13587026 0.10571300 0.06882024
1.93844155 0.01964549 0.00572995 0.01986665 0.11244490 0.20630036 0.12336172 0.20210341 0.11215372 0.20640979 0.14256368 0.10122560 0.06983692
1.92843740 0.02063511 0.00582872 0.02331199 0.11845609 0.20944288 0.12994916 0.19428988 0.12231556 0.20728605 0.13756474 0.09401433 0.04740038
1.92290863 0.01769377 0.00712563 0.01764647 0.08293402 0.21262389 0.13866006 0.19794889 0.12373187 0.20814220 0.13805766 0.09752318 0.05722640
1.91935702 0.01679597 0.00615711 0.01908937 0.09606373 0.21411705 0.14943752 0.18851869 0.12127365 0.20685905 0.13670059 0.10248388 0.05628821
1.91896385 0.01435645 0.00749905 0.01709559 0.09234623 0.20735263 0.13946063 0.19446199 0.11521859 0.21589456 0.13788807 0.09769238 0.04899549
1.91745009 0.01811038 0.00603894 0.02173777 0.10894418 0.21544899 0.12983396 0.19812900 0.11423411 0.21113731 0.13904471 0.09980323 0.05688547
1.91248159 0.01457776 0.00608634 0.01293210 0.09568527 0.22205479 0.13301548 0.21104654 0.12851188 0.20011825 0.14225293 0.09664067 0.03831516
1.90574473 0.01734934 0.00684253 0.01660032 0.09682715 0.21388652 0.12472273 0.20882751 0.12157145 0.19820925 0.13596574 0.10252674 0.05882590
1.89885506 0.01676538 0.00670220 0.01948518 0.09274619 0.20578445 0.13964090 0.21054933 0.11780736 0.19961992 0.13781980 0.10252238 0.05267187
1.88750707 0.01500007 0.00744003 0.01677571 0.07956479 0.21201789 0.13993792 0.20721004 0.12200581 0.20122740 0.13640790 0.11277015 0.06036513
1.88094925 0.01384850 0.00685258 0.01603599 0.10319469 0.20705725 0.13756782 0.21108611 0.11477250 0.20688541 0.13004471 0.10672414 0.04585077
1.87552256 0.01714150 0.00677139 0.02048383 0.11388130 0.21481232 0.13889361 0.20452062 0.11780083 0.20942762 0.12628032 0.10216884 0.05352865
1.86778431 0.01857425 0.00790435 0.02040001 0.10828602 0.21814969 0.12937266 0.21455895 0.11418125 0.21543293 0.13124485 0.11206919 0.05273582
1.86864920 0.01550600 0.00690768 0.01528229 0.09424476 0.20942475 0.13822654 0.21850244 0.12236091 0.20533152 0.14037253 0.10595813 0.05223308
1.86535170 0.01624927 0.00670659 0.01855452 0.07088096 0.22033903 0.13854199 0.20375600 0.11916327 0.19865967 0.13466558 0.10427821 0.04851609
1.86603047 0.01693321 0.00740256 0.01861427 0.10051638 0.22352979 0.13244929 0.20580736 0.12346846 0.19923493 0.13585806 0.11140582 0.05393863
1.86810265 0.01852838 0.00592156 0.01974992 0.09402243 0.22305162 0.14745903 0.20972911 0.11895810 0.20246712 0.13597555 0.09583900 0.04984725
1.85810784 0.01685773 0.00535565 0.02005018 0.12184262 0.22854443 0.13514854 0.21392114 0.11492661 0.20013152 0.13526775 0.09761205 0.05338911
1.85134510 0.01472961 0.00535448 0.01802277 0.09177334 0.22116584 0.13102814 0.21805158 0.11544043 0.20513439 0.13528357 0.09189350 0.04891651
1.84178215 0.02164549 0.00581505 0.02506374 0.09278808 0.23447250 0.14012292 0.21502149 0.11375612 0.20512789 0.12360100 0.10116249 0.05741763
1.83601040 0.01666263 0.00600413 0.01817373 0.08821657 0.21550089 0.12957004 0.21301821 0.10869928 0.21263034 0.13555732 0.10335067 0.06438755
1.83080485 0.02005383 0.00679005 0.01749177 0.08321663 0.22138595 0.12988573 0.22150118 0.13044341 0.22104340 0.12533869 0.10261313 0.04879716
1.82723836 0.01847551 0.00736775 0.02014898 0.08509377 0.22140786 0.12116566 0.22163124 0.12123975 0.21542320 0.13923889 0.10121636 0.05116678
1.82310174 0.02320707 0.00641601 0.02396327 0.08705452 0.21425251 0.12845529 0.22168238 0.11761089 0.20385910 0.12964054 0.10155282 0.05251073
1.82260245 0.01213005 0.00650856 0.01177995 0.05986964 0.21666990 0.11492599 0.22366268 0.11331526 0.19821154 0.13782869 0.09748587 0.06795896
1.82363207 0.01377674 0.00646654 0.01516401 0.06952410 0.21402157 0.12883169 0.22759162 0.12505049 0.19767893 0.13180032 0.10155195 0.04086534
1.82346378 0.01350862 0.00657457 0.01337295 0.08295094 0.21065042 0.12193962 0.21678304 0.12215741 0.20609285 0.13951173 0.10186186 0.05488269
1.81728708 0.01184428 0.00598623 0.01342058 0.09805346 0.21879559 0.12250783 0.21457346 0.12131486 0.20335591 0.13445173 0.09594540 0.03905745
1.80951781 0.01428933 0.00609972 0.01606458 0.09758376 0.20935966 0.12487030 0.20588662 0.12232884 0.20434423 0.12727063 0.10652109 0.05053219
1.80469862 0.01853879 0.00516641 0.01875563 0.08742959 0.21901836 0.12141145 0.21258590 0.11641737 0.20450584 0.13369602 0.08914744 0.06639818
1.79774799 0.01801717 0.00668041 0.02011518 0.09550626 0.20981198 0.13268259 0.20982135 0.11574631 0.21628728 0.12565808 0.10133817 0.06457607
1.79406573 0.01581895 0.00544717 0.01719885 0.10119162 0.20842272 0.13908451 0.21227714 0.11498793 0.21887722 0.13541395 0.10282519 0.07111037
1.77994410 0.01775949 0.00486005 0.01815060 0.11405311 0.22002968 0.12916875 0.22253046 0.11481507 0.21406001 0.12878058 0.08896883 0.06645479
1.77041926 0.01267672 0.00690368 0.01606116 0.10101016 0.21439779 0.12906496 0.22213093 0.11335948 0.21384634 0.12784140 0.10177045 0.05030522
1.76507528 0.02327059 0.00546841 0.02494686 0.11094661 0.21934383 0.12946315 0.22679877 0.10880814 0.20387474 0.12928960 0.09751553 0.04823837
1.74947435 0.02242662 0.00504067 0.02648176 0.10958667 0.21996444 0.12437116 0.22242262 0.11802454 0.19861809 0.13473137 0.09980247 0.04832799
1.74207779 0.01714226 0.00570891 0.01795180 0.10961378 0.21134908 0.13060633 0.22014370 0.12281819 0.20034720 0.13403883 0.10209789 0.07331859
1.72774525 0.01730490 0.00666873 0.01594204 0.11217901 0.22334917 0.13312770 0.22325088 0.11862405 0.19653710 0.14002185 0.09748248 0.04681855
1.72296403 0.01738390 0.00714015 0.01773968 0.10065340 0.21555798 0.13703101 0.22969889 0.11697559 0.20197590 0.12477728 0.10040363 0.05922226
1.72109707 0.01690171 0.00624672 0.01796803 0.09415960 0.21957306 0.12984010 0.22315020 0.10884258 0.20491831 0.13048475 0.11011791 0.05663899
1.71213174 0.01427674 0.00610547 0.01455000 0.07596621 0.24069093 0.13077836 0.21808484 0.11191849 0.21083428 0.12918015 0.10184399 0.06056202
1.71137456 0.01351026 0.00608465 0.01362206 0.07756050 0.22421018 0.13473006 0.22518028 0.11123107 0.21495921 0.12450234 0.10766915 0.04249450
1.70798875 0.01489502 0.00669334 0.01388487 0.06737811 0.22977836 0.14344451 0.22477770 0.11051066 0.20680206 0.12934474 0.09466404 0.03872577
1.70958343 0.00792958 0.00765206 0.00852831 0.06130932 0.22925749 0.13421736 0.22708091 0.11232816 0.20263211 0.13352592 0.09519337 0.03735030
1.71134466 0.02053469 0.00529293 0.02208332 0.06055045 0.22811415 0.12742583 0.22440082 0.11579164 0.19741702 0.12882914 0.10761455 0.05432232
1.70401601 0.02071423 0.00531164 0.02204064 0.08289839 0.23061762 0.13259986 0.22751446 0.11938775 0.19299049 0.13999785 0.09930023 0.03948482
1.69526520 0.01627262 0.00625816 0.01795160 0.07093603 0.22349034 0.13840462 0.22554361 0.11777903 0.19098892 0.13629153 0.10744756 0.04930215
1.69119448 0.02242559 0.00562830 0.02218422 0.08671021 0.22491087 0.13981252 0.23235024 0.11161180 0.19963849 0.13865168 0.10932571 0.05237790
1.68768416 0.01800108 0.00623231 0.02201916 0.11265297 0.22017923 0.13528124 0.23011172 0.10994082 0.20451879 0.12662414 0.09765545 0.05237333
1.68675126 0.01042164 0.00586100 0.01455467 0.09770066 0.21784452 0.13589222 0.22970168 0.10757514 0.20830469 0.13219578 0.10682288 0.06314157
1.69047559 0.01483676 0.00554819 0.01679431 0.07737356 0.22593954 0.14775964 0.23360529 0.11459029 0.20634262 0.13710339 0.09912652 0.04878458
1.68897256 0.01338805 0.00701083 0.01610617 0.06908978 0.21634561 0.13772961 0.23363550 0.12094129 0.20475715 0.12550419 0.10986484 0.04672575
1.67568916 0.01390250 0.00542819 0.01434440 0.09490516 0.22606228 0.12827681 0.23633355 0.12254484 0.19578495 0.12972413 0.09054646 0.05333036
1.67017155 0.01223665 0.00529679 0.01351669 0.08097756 0.22345663 0.13883670 0.22791002 0.11558292 0.19152945 0.13606761 0.09744084 0.05520520
1.66656228 0.01663325 0.00648933 0.01694950 0.08437568 0.22333603 0.13107998 0.22691866 0.12111311 0.19688216 0.12804827 0.09394558 0.05125031
1.65412569 0.01720148 0.00555685 0.01864669 0.09476020 0.21928413 0.13421753 0.23253863 0.11361723 0.20153030 0.13223070 0.10131261 0.05246702
1.64719217 0.02027300 0.00570836 0.02133697 0.08906615 0.22874136 0.12603407 0.22698982 0.11432285 0.20241989 0.12896447 0.09818207 0.05670570
1.64386260 0.01423266 0.00532322 0.01879299 0.10123614 0.21991324 0.13336130 0.23248251 0.10712719 0.19950477 0.13179766 0.10059435 0.05949503
1.64073896 0.01583520 0.00566917 0.01679469 0.10534699 0.22569004 0.15248225 0.23334147 0.11566847 0.20430927 0.12493156 0.09582651 0.05534039
1.63806620 0.01764281 0.00533033 0.01884057 0.10598738 0.22371571 0.12448459 0.23728336 0.11345494 0.20220757 0.13388549 0.10159120 0.04230808
1.62876405 0.01109870 0.00599777 0.01104186 0.07350009 0.22892691 0.13313849 0.23389250 0.11759214 0.19975046 0.13335689 0.09512382 0.06206682
1.62092189 0.02347434 0.00481956 0.02556816 0.08605303 0.21488474 0.13507942 0.23872405 0.12104477 0.20097159 0.13264407 0.09951030 0.04911775
1.60401300 0.01945385 0.00517153 0.02303536 0.09423712 0.22666588 0.13081367 0.23863105 0.11243662 0.19201007 0.13304149 0.08890918 0.05194477
1.60236842 0.01556728 0.00563826 0.01637246 0.10603477 0.22370683 0.13795466 0.23372491 0.11999975 0.20049108 0.12635838 0.10540815 0.05525086
1.59957508 0.00985102 0.00529053 0.01442377 0.08079308 0.21905151 0.13230284 0.24237992 0.10743971 0.19704469 0.13222679 0.09600507 0.05903158
1.59025635 0.00951162 0.00539568 0.00803823 0.07785911 0.22653833 0.13130043 0.23154325 0.11002246 0.20235030 0.12801045 0.09814382 0.07082785
1.58714267 0.01313493 0.00526753 0.01385501 0.07505462 0.21895834 0.12837845 0.23290562 0.10938193 0.20670433 0.14431572 0.10117267 0.05468029
1.58328115 0.01191398 0.00471812 0.01739067 0.09254786 0.22273826 0.13261615 0.23789230 0.10750888 0.20426721 0.12713374 0.10063223 0.05556206
1.57792947 0.00888834 0.00536995 0.01199989 0.06862535 0.23099627 0.13053320 0.23696363 0.10896644 0.20445215 0.13031688 0.09402636 0.06555297
1.57553895 0.01043272 0.00459328 0.01192033 0.09502366 0.22203849 0.13039860 0.24074173 0.10773083 0.19965202 0.13215672 0.09855785 0.04599885
1.56982823 0.01469956 0.00464269 0.01463144 0.08527964 0.23293485 0.13634042 0.24492250 0.11852162 0.19765860 0.13196734 0.09736292 0.05319270
1.55845266 0.01557170 0.00513061 0.01925997 0.10516575 0.22385722 0.12453650 0.23694280 0.11325190 0.19004913 0.13499380 0.09520200 0.04472673
1.55330322 0.01862392 0.00684033 0.01746609 0.08690928 0.22378390 0.12627087 0.24648911 0.11402280 0.18648136 0.13102702 0.09768066 0.04673104
1.55130372 0.00933605 0.00613720 0.00976778 0.05769257 0.23045466 0.13295604 0.24330897 0.11991252 0.18598688 0.12759609 0.09689108 0.06059522
1.55173032 0.01137962 0.00460007 0.01180794 0.08311991 0.22337421 0.12877094 0.24183678 0.10768112 0.19416690 0.13054011 0.09649907 0.04522318
1.55222887 0.01002589 0.00451730 0.01217102 0.05711846 0.23183024 0.13299527 0.24833877 0.11310377 0.20441198 0.13175827 0.09088417 0.04601221
1.54824420 0.01293478 0.00505913 0.01202327 0.05170068 0.22789399 0.12580779 0.24617900 0.11591137 0.20713204 0.13047333 0.09566847 0.05006654
1.53915467 0.01366555 0.00470235 0.01419595 0.06972841 0.23453752 0.11980495 0.24706317 0.11112792 0.19932483 0.13102774 0.09691203 0.04064148
1.53498434 0.01231542 0.00513276 0.01336048 0.06736658 0.23306013 0.12311753 0.25166903 0.11132996 0.19809060 0.12203578 0.09481905 0.04935085
1.52748214 0.01281350 0.00485051 0.01367132 0.06133430 0.22753368 0.12043123 0.24461234 0.11025336 0.19634310 0.13208775 0.09231191 0.05388166
1.52823907 0.01166582 0.00452892 0.01186998 0.08929487 0.23105886 0.13397262 0.24369979 0.11225851 0.20284529 0.12615726 0.09534696 0.03669122
1.52568591 0.01090886 0.00512281 0.01312542 0.09225144 0.22828298 0.11875602 0.24267217 0.10923429 0.19911404 0.13038900 0.09967238 0.04528390
1.52059251 0.01156958 0.00628216 0.01386659 0.06683491 0.22948875 0.12485877 0.24126454 0.11737692 0.19529237 0.12853171 0.09678244 0.06181218
1.52279689 0.01103365 0.00523382 0.01295392 0.08260699 0.23337823 0.12357778 0.24711348 0.11958571 0.19697334 0.12755737 0.10492133 0.03761908
1.52515246 0.01302306 0.00433358 0.01672279 0.07532116 0.22341129 0.12553886 0.25108916 0.11728022 0.19681268 0.12852040 0.09138327 0.05353251
1.51839620 0.00903100 0.00467103 0.00849319 0.07096212 0.23172584 0.12476842 0.25240887 0.11483606 0.20020842 0.13331195 0.09733466 0.03645390
1.51227035 0.01447643 0.00415835 0.01685916 0.06878731 0.23538782 0.11866137 0.24845990 0.11412128 0.20162548 0.12447430 0.09558827 0.05428519
1.50747099 0.01227915 0.00455542 0.01268691 0.06459233 0.23172780 0.12199430 0.25515187 0.10199640 0.19794184 0.12396676 0.09156375 0.04838817
1.50705934 0.01010966 0.00554431 0.01462237 0.07915128 0.23744281 0.11427945 0.25031294 0.10531173 0.20238828 0.12785265 0.10213183 0.04489148
1.49859755 0.01403266 0.00493737 0.01616793 0.09021609 0.22791790 0.11732689 0.25511417 0.10765248 0.20265109 0.12454357 0.09203353 0.04392939
1.48705816 0.01649583 0.00448872 0.01896869 0.07954598 0.23437602 0.12560756 0.25285743 0.11253940 0.19721343 0.13201943 0.10012152 0.03623049
1.48951831 0.01564413 0.00424420 0.01760950 0.07366228 0.22886410 0.12753488 0.25012224 0.11172914 0.19157617 0.13107257 0.09917111 0.04006411
1.48448832 0.01347254 0.00442797 0.01138420 0.08469390 0.23329487 0.12973541 0.25382552 0.11856555 0.18674816 0.13745144 0.09330593 0.03451642
1.47630877 0.01201567 0.00438222 0.01464497 0.08176366 0.23727860 0.12002536 0.25339771 0.11665074 0.19217350 0.13361977 0.09978746 0.04144955
1.46152845 0.01063147 0.00529972 0.01028456 0.07252142 0.23621004 0.12354301 0.25659536 0.10666277 0.19173044 0.12857124 0.09250894 0.04730473
1.45926333 0.01517317 0.00424076 0.01561553 0.05634400 0.23632163 0.12074973 0.25535437 0.10670013 0.19791910 0.12309759 0.09457189 0.06197238
1.44911338 0.00885898 0.00540226 0.00924123 0.06146379 0.23974718 0.12701737 0.26503974 0.10222462 0.20463652 0.12269676 0.08931810 0.05621785
1.44010235 0.01737921 0.00459218 0.01774972 0.03702977 0.23557846 0.13038846 0.26432641 0.10312622 0.19635161 0.12354601 0.09623506 0.04674122
1.42637869 0.00932693 0.00554453 0.00968877 0.06754572 0.23805284 0.12417904 0.25919414 0.10760698 0.19534549 0.12361308 0.09783080 0.04310513
1.42389357 0.01163685 0.00449909 0.01490769 0.06334947 0.23725183 0.12441329 0.26046484 0.11402455 0.19454445 0.13059030 0.09950779 0.03900135
1.42425501 0.00773120 0.00627119 0.00643043 0.07087821 0.24578015 0.12494819 0.25556368 0.11233696 0.19541168 0.13033641 0.09965526 0.03982933
1.42270542 0.01395580 0.00471402 0.01331641 0.07526904 0.24310687 0.12301221 0.26038321 0.11400255 0.18927808 0.13043559 0.09896095 0.03648818
1.41406556 0.01213284 0.00496617 0.01191684 0.06289977 0.24245211 0.12350461 0.26121147 0.10685944 0.19586411 0.12804760 0.09853942 0.03836811
1.41015213 0.01691139 0.00552936 0.01972499 0.07164708 0.25024702 0.11897853 0.26059902 0.10487303 0.19564523 0.11819211 0.09929295 0.03754738
1.40490947 0.01061271 0.00387611 0.01303965 0.07496280 0.24419969 0.12295052 0.26627086 0.09989105 0.19543178 0.12298961 0.08921354 0.03715955
1.40052605 0.01712425 0.00405504 0.01869536 0.07695644 0.24852198 0.12812021 0.26374440 0.10978884 0.19940135 0.11278057 0.09391356 0.04367427
1.39651784 0.01767796 0.00581475 0.01709340 0.08149356 0.24574322 0.12002986 0.26488272 0.10368574 0.19312004 0.12137409 0.09653323 0.04612282
1.39945823 0.01828330 0.00585430 0.01947679 0.07624926 0.24488316 0.12433098 0.26604764 0.10269896 0.18198486 0.12461263 0.09703271 0.04513596
1.38959424 0.00928941 0.00453352 0.01115478 0.07045361 0.24223529 0.11351157 0.25909291 0.11230580 0.17813168 0.12970033 0.10081732 0.03941146
1.38234427 0.01164720 0.00457040 0.01377902 0.06779749 0.24536571 0.11516698 0.25747998 0.11010582 0.17592950 0.12820763 0.09455587 0.05722698
1.37990666 0.01636524 0.00476929 0.01867612 0.06650099 0.24255444 0.12021462 0.26079399 0.10758908 0.18755224 0.13025291 0.09707653 0.04533961
1.38244374 0.01054023 0.00392249 0.01147838 0.06752082 0.24475490 0.13366174 0.26480216 0.10759592 0.18547071 0.12491156 0.09566028 0.04565281
1.38395101 0.01031258 0.00490435 0.01006086 0.04885501 0.23690386 0.12673554 0.26814235 0.10640640 0.18853351 0.12887841 0.09144336 0.06073702
1.37959005 0.01039753 0.00401218 0.00885434 0.05471563 0.24738146 0.12671940 0.26565899 0.10936731 0.18528662 0.12131400 0.09458543 0.04620148
1.37194471 0.00931045 0.00478969 0.01008006 0.08143051 0.23713814 0.11893037 0.26353274 0.10189818 0.19083459 0.12616606 0.09258332 0.04932467
1.37515001 0.01368947 0.00413046 0.01070500 0.05218413 0.24133411 0.12355378 0.26512909 0.10733162 0.18792390 0.11902031 0.08866254 0.04109076
1.36965951 0.01413862 0.00388423 0.01591306 0.06538942 0.24657488 0.12205286 0.26218705 0.09664515 0.18779956 0.12181047 0.09699349 0.04466110
1.36383876 0.01888511 0.00413501 0.01742609 0.06992608 0.24477187 0.12765099 0.26377307 0.10368664 0.18068810 0.12296331 0.09549336 0.05799694
1.36220945 0.01519220 0.00429769 0.01653592 0.06629927 0.24357438 0.13250320 0.26378877 0.11177249 0.17952204 0.12169433 0.08918089 0.05644719
1.36436094 0.00842793 0.00329066 0.01114747 0.08446999 0.24976817 0.13978841 0.26165610 0.10262873 0.17293632 0.12624765 0.10150363 0.04252806
1.35505196 0.01564511 0.00411333 0.01680902 0.05562502 0.23873722 0.13332270 0.26609122 0.10129623 0.17384013 0.12410560 0.09366050 0.05110759
1.35257536 0.00997403 0.00381655 0.00971668 0.07846959 0.24614962 0.13015149 0.26775486 0.11006176 0.17552054 0.12740735 0.09741982 0.04954633
1.34490759 0.00931507 0.00407283 0.00849034 0.07253338 0.24578728 0.12390441 0.27358613 0.10353122 0.17573700 0.12529835 0.09818310 0.05711290
1.34343647 0.01046803 0.00480886 0.00916007 0.07451205 0.24191153 0.12315354 0.26698877 0.10013881 0.17651617 0.11937670 0.09890953 0.04691281
1.34388116 0.01202696 0.00357413 0.01525464 0.07020805 0.24611727 0.11828044 0.27258619 0.10205530 0.17413738 0.11424500 0.09394730 0.05260684
1.32856178 0.01712129 0.00358025 0.02091266 0.08357578 0.24031272 0.13045389 0.26809389 0.09589499 0.17736289 0.12807845 0.09446987 0.04380032
1.31952779 0.01127527 0.00647156 0.01201483 0.06701673 0.24236483 0.13831695 0.26518085 0.10245339 0.18877645 0.11851772 0.10306719 0.04185546
1.31091419 0.00918341 0.00451133 0.01139300 0.07944423 0.23996836 0.12789885 0.27053147 0.10765827 0.18322967 0.12352777 0.08762767 0.03565509
1.30737686 0.01262883 0.00417724 0.01434807 0.05106583 0.24177347 0.12531406 0.27027622 0.10015417 0.17842982 0.11954036 0.09560978 0.04623088
1.30567319 0.00919316 0.00376586 0.00976743 0.06471793 0.24343564 0.12825615 0.27342437 0.10068147 0.16902728 0.12579675 0.08911033 0.04152710
1.30094081 0.01332440 0.00384986 0.01141937 0.05268670 0.24056505 0.13275628 0.27314805 0.10745703 0.17149027 0.12263848 0.09456172 0.05115115
1.28761306 0.01521264 0.00597567 0.01508688 0.08219037 0.24111400 0.12835309 0.27710405 0.11105653 0.17263531 0.12727671 0.10226897 0.04468370
1.28605372 0.01893793 0.00438940 0.01974224 0.08829929 0.24920444 0.13447011 0.27553173 0.09934652 0.17699433 0.12276898 0.09806006 0.04912301
1.27667111 0.00922452 0.00420436 0.01055033 0.07955235 0.24393324 0.12886757 0.27343725 0.10456439 0.17970777 0.11665563 0.10392737 0.04593522
1.27364593 0.01033003 0.00370471 0.01067690 0.05127254 0.25313532 0.13381935 0.27121499 0.09732970 0.17444650 0.11744511 0.10022806 0.05107608
1.27627802 0.00775414 0.00378960 0.00803781 0.05905344 0.24794635 0.13260774 0.26996441 0.09931127 0.17742672 0.12664333 0.09875049 0.03439209
1.27440386 0.01845112 0.00340585 0.01765849 0.07882605 0.25256032 0.12927793 0.27074253 0.09543093 0.18123971 0.11496582 0.09391455 0.05297559
1.26573936 0.01701239 0.00382775 0.01596501 0.07258988 0.24836515 0.12656591 0.27307495 0.10293629 0.16483168 0.11881976 0.09485113 0.03649831
1.26269498 0.01487492 0.00386767 0.01366588 0.08534320 0.24733333 0.12572246 0.27278465 0.10157987 0.16054033 0.11547805 0.09801904 0.03771741
1.25649216 0.01247958 0.00312057 0.00979312 0.07453733 0.24639523 0.11970815 0.27797479 0.09892879 0.16178976 0.12575542 0.09299341 0.04636311
1.24795161 0.01671971 0.00370908 0.01885572 0.06432877 0.24400504 0.13558352 0.27969944 0.10186254 0.17149387 0.12050249 0.08703553 0.04032526
1.22860110 0.01228293 0.00470749 0.01330926 0.06705575 0.24660770 0.13859960 0.27846515 0.09863842 0.17094249 0.12223854 0.09847387 0.05778710
1.22619962 0.01261771 0.00552073 0.01185429 0.05789986 0.24828239 0.13351839 0.27944964 0.09192181 0.16624478 0.12307018 0.09152169 0.04045706
1.21392795 0.01481799 0.00384584 0.01360661 0.08272211 0.24613291 0.12714267 0.27360437 0.10014933 0.17149856 0.11224498 0.09706258 0.03899689
1.21361695 0.01199296 0.00324836 0.01291896 0.08889258 0.25147535 0.13464846 0.27603024 0.09408487 0.17374699 0.11728526 0.09589246 0.03933069
1.21111905 0.01860679 0.00346952 0.01960128 0.09320588 0.24867918 0.13452270 0.27631084 0.08902096 0.17509417 0.11817596 0.09887284 0.03615008
1.20686837 0.01473577 0.00339036 0.01577991 0.08089356 0.25112748 0.12985459 0.27403410 0.09336350 0.17254879 0.11656075 0.08817406 0.03830278
1.20865886 0.00994130 0.00329686 0.01120334 0.08013804 0.25103579 0.12501434 0.27614126 0.09375099 0.16415096 0.12174245 0.08623640 0.04373911
1.19904525 0.00858515 0.00307349 0.01001453 0.05977956 0.24774502 0.12921936 0.27512327 0.09560720 0.16011255 0.11357765 0.08982323 0.04391644
1.19113239 0.01766495 0.00304539 0.01740434 0.06515007 0.24895448 0.13333136 0.27834409 0.10249422 0.16121625 0.11786616 0.08998615 0.05955172
1.18338387 0.01624584 0.00461444 0.01646860 0.05327964 0.24402289 0.13276124 0.27637046 0.11325423 0.16610272 0.12426377 0.09234628 0.03589681
1.16942155 0.01278853 0.00352701 0.01177969 0.05658757 0.24740330 0.12618510 0.27514250 0.10466271 0.16937079 0.12442814 0.09738842 0.05043403
1.16867648 0.01714366 0.00286709 0.01644191 0.04633672 0.24842190 0.13005725 0.28048063 0.09864931 0.16395662 0.11963374 0.09189169 0.04755247
1.16460464 0.01075625 0.00531268 0.01537203 0.06837871 0.24786466 0.13014535 0.27608262 0.09521834 0.17441359 0.11214644 0.08865068 0.04261382
1.15884919 0.01452337 0.00375916 0.01565535 0.06684662 0.25095802 0.12699193 0.27682957 0.09702942 0.18253540 0.11671020 0.08851112 0.03843413
1.15907785 0.00845894 0.00297861 0.00639131 0.06144694 0.24896130 0.12996388 0.27922698 0.09448710 0.18233767 0.12435289 0.09074643 0.04715763
1.15649385 0.00841459 0.00328511 0.01012904 0.04667174 0.24835689 0.13311547 0.28170725 0.10238686 0.17176918 0.11905876 0.08501468 0.04924471
1.14421445 0.01193561 0.00433312 0.01254723 0.05290149 0.25347635 0.13009290 0.28343605 0.09434984 0.15786955 0.12542152 0.09771990 0.05326720
1.14200758 0.01504613 0.00439397 0.01480249 0.05180369 0.24879422 0.13380838 0.28232508 0.10202858 0.15751311 0.11892861 0.09107921 0.05080224
1.13744187 0.00532630 0.00374235 0.00443550 0.05334661 0.25486042 0.12792972 0.27873605 0.10096982 0.16542315 0.12756112 0.09722913 0.04409965
1.13285560 0.00660497 0.00487665 0.00904886 0.05764548 0.25327661 0.13103380 0.27664341 0.10012077 0.17597855 0.12218322 0.09576006 0.03666353
1.12448968 0.01022709 0.00415193 0.01324897 0.05575020 0.25066901 0.13545846 0.27446695 0.09675593 0.18317639 0.11377540 0.09961393 0.03693962
1.12671527 0.00861883 0.00360505 0.00861058 0.07001448 0.25659355 0.13430537 0.27610815 0.08904134 0.18237687 0.11174362 0.08976679 0.03878360
1.12237245 0.00622464 0.00387355 0.00873642 0.06343023 0.24907744 0.12479328 0.27752200 0.08990194 0.18402689 0.11960708 0.09369720 0.04876611
1.11202323 0.01135727 0.00365643 0.01270712 0.07322642 0.25002383 0.12578881 0.27698425 0.09953637 0.18204344 0.11472837 0.08634000 0.03987256
1.11162043 0.01030238 0.00360850 0.01329408 0.06021935 0.25029050 0.13570531 0.27995264 0.09691364 0.17510179 0.11843038 0.09221749 0.05145303
1.11210284 0.01365778 0.00312762 0.01521494 0.07600635 0.24873410 0.13418789 0.28176709 0.09795845 0.16485979 0.12263241 0.08778873 0.03651280
1.10295994 0.00593143 0.00279704 0.00600518 0.05433185 0.25225608 0.13069426 0.28421556 0.09863017 0.15993078 0.11672767 0.08658832 0.06518766
1.10446984 0.01172617 0.00380386 0.01285140 0.02889193 0.25208758 0.13196817 0.28512066 0.09851537 0.16802993 0.12307368 0.09344191 0.03906511
1.10014916 0.01749463 0.00349782 0.01718375 0.04309548 0.25355875 0.13400858 0.28357331 0.09459666 0.17897934 0.12746465 0.09696268 0.03764072
1.09488002 0.00592414 0.00346575 0.00813504 0.07076117 0.25212367 0.12901855 0.28344381 0.09625699 0.17798927 0.11607547 0.09193236 0.06115784
1.08587208 0.01026506 0.00304713 0.00741242 0.05872274 0.25183705 0.11990565 0.28007855 0.09465454 0.17632318 0.11746439 0.09423115 0.05189486
1.08607924 0.01321840 0.00419160 0.01209953 0.06490225 0.25284434 0.12787281 0.28123457 0.08880984 0.16938611 0.11265472 0.09225556 0.04987118
1.08294744 0.00805568 0.00389348 0.00919461 0.05366924 0.25522801 0.11875737 0.28178227 0.09529530 0.16620786 0.12172899 0.10131010 0.04944558
1.07279959 0.01701707 0.00395475 0.01863699 0.05049258 0.25443734 0.13014495 0.28475326 0.09925756 0.16285637 0.12377056 0.09044853 0.04292429
1.06331491 0.01105111 0.00400791 0.01195992 0.07002481 0.26109491 0.12306076 0.28499287 0.09382319 0.15871287 0.11921164 0.09037522 0.05204770
1.06687520 0.01057797 0.00368882 0.01159372 0.06314965 0.25211402 0.12711792 0.28276343 0.09639420 0.15883566 0.11292543 0.09296551 0.04094199
1.06976122 0.00734325 0.00354661 0.00784746 0.05145006 0.25759931 0.13168489 0.28775827 0.09490127 0.16782138 0.10926073 0.08812582 0.03451257
1.06419693 0.01556447 0.00312192 0.01720575 0.06919831 0.25025951 0.12006262 0.28626446 0.09408468 0.16953717 0.11792972 0.09578160 0.03581632
1.05920999 0.01299142 0.00298397 0.01466383 0.05064858 0.25469426 0.13579532 0.28698729 0.08851398 0.17155053 0.11556124 0.10103614 0.05003143
1.04626133 0.00600569 0.00444516 0.00893266 0.05964907 0.25420954 0.12385346 0.28698836 0.09331978 0.16672132 0.11185994 0.09112353 0.05756517
1.03376664 0.00627743 0.00604140 0.00451883 0.05289318 0.25678531 0.12865655 0.28797885 0.09335091 0.16992471 0.12632331 0.10022096 0.04436400
1.03446926 0.00662768 0.00373512 0.00587241 0.05137110 0.25907461 0.12181462 0.28813874 0.09009699 0.16742541 0.11071386 0.09498577 0.05416214
1.02138556 0.01415367 0.00317257 0.01528456 0.03791493 0.25768328 0.12649932 0.29193218 0.09471322 0.16402498 0.11185419 0.09854791 0.04061573
1.01651834 0.00844479 0.00459349 0.00620943 0.04240172 0.26010178 0.12506565 0.29281398 0.10204596 0.16289467 0.11646040 0.09025944 0.03736934
1.01392372 0.01322666 0.00312421 0.01750154 0.07448765 0.25612462 0.12687415 0.28736598 0.09150014 0.16157062 0.11533398 0.09169738 0.03813932
1.01009055 0.00816209 0.00363756 0.01002269 0.07104784 0.25474672 0.12723243 0.29047355 0.08872215 0.16401192 0.11215504 0.09463880 0.05610256
1.00458617 0.01532402 0.00371605 0.01515993 0.08068840 0.25823980 0.13321547 0.28426666 0.08368002 0.16699725 0.11161738 0.09517136 0.03665677
0.99539440 0.01030137 0.00550616 0.00785015 0.04553754 0.25792596 0.12577517 0.28626265 0.08767334 0.16931653 0.11013266 0.09619753 0.03614211
0.98538006 0.01533469 0.00413381 0.01777462 0.08083774 0.25630904 0.12083628 0.28663673 0.08301672 0.16363618 0.11343082 0.09815360 0.03768185
0.96969574 0.01071917 0.00447515 0.01302089 0.08695087 0.25773372 0.11828724 0.28619449 0.08960182 0.16271633 0.10909792 0.09437978 0.05424455
0.96784595 0.02153431 0.00444886 0.02112927 0.05983754 0.25456497 0.12676054 0.29002127 0.09447302 0.16063218 0.10861988 0.09848409 0.03858381
0.95719331 0.01295552 0.00577915 0.01386250 0.05191869 0.26036544 0.12042621 0.29216386 0.09064065 0.15235865 0.11139091 0.09312938 0.04904653
0.94646315 0.00763291 0.00472309 0.00840330 0.05580056 0.25824234 0.13479308 0.29300683 0.10139437 0.14568338 0.10684162 0.08997725 0.03481186
0.94783821 0.00494925 0.00527662 0.00215096 0.02168514 0.26039123 0.13036348 0.29492700 0.09640025 0.14278333 0.11800250 0.09977662 0.03490514
0.94236246 0.01344117 0.00423198 0.01327828 0.03974638 0.25961652 0.11899398 0.29110636 0.09148204 0.15110811 0.11602047 0.09927196 0.03740399
0.94147261 0.01024765 0.00346717 0.00857975 0.05798063 0.25767522 0.12323195 0.29098120 0.09899504 0.15427754 0.10986885 0.09647619 0.04614337
0.93849294 0.00626500 0.00280529 0.00614379 0.05922816 0.26061449 0.11397480 0.28886753 0.09071217 0.15765521 0.11029945 0.09498536 0.03959672
0.93434601 0.00983044 0.00405547 0.01098566 0.05077534 0.25859289 0.13439721 0.28722393 0.08355617 0.16613952 0.10504588 0.09272069 0.03430588
0.93148321 0.00787657 0.00387322 0.00752896 0.06581163 0.25874311 0.12801976 0.28736092 0.08215214 0.17852429 0.10926310 0.09636948 0.03612243
0.91596833 0.01029618 0.00339644 0.01020581 0.07142137 0.26036384 0.13102216 0.28916212 0.08562080 0.17739095 0.11106567 0.09953922 0.04311394
0.91273561 0.00859727 0.00467442 0.01071573 0.05967517 0.25726137 0.13568615 0.28961519 0.09041353 0.17030451 0.11048689 0.08729945 0.04347269
0.91044655 0.00837669 0.00291422 0.01005921 0.06844284 0.25928252 0.11731983 0.29618597 0.08828628 0.15566978 0.11373229 0.09044524 0.04987904
0.90997994 0.01009055 0.00356070 0.00864949 0.05433163 0.25923397 0.11911825 0.29323214 0.10491083 0.14994190 0.11347381 0.09017300 0.04326408
0.89800214 0.01265885 0.00251032 0.01279404 0.05156351 0.26245419 0.12904581 0.29790855 0.10082122 0.14505420 0.11187840 0.09198369 0.03992719
0.89521615 0.00667032 0.00272900 0.00775677 0.05872054 0.26525644 0.12422763 0.29615846 0.09134665 0.14854431 0.11775778 0.09264914 0.04711324
0.89236854 0.00741937 0.00362923 0.00691820 0.04074948 0.26353787 0.13178828 0.29431019 0.08798271 0.16110930 0.10901464 0.10141915 0.04165060
0.89004342 0.01372001 0.00358606 0.01500805 0.04045720 0.26383680 0.13114040 0.29327391 0.08693863 0.16420656 0.10750497 0.09084615 0.04743617
0.88392817 0.01078032 0.00291563 0.00955383 0.05624675 0.26533260 0.13287564 0.29477372 0.08551609 0.16789636 0.11291411 0.09109755 0.03855162
0.88301827 0.01317097 0.00312855 0.01730663 0.06461534 0.26131962 0.12525173 0.29634423 0.09101604 0.16957824 0.10202757 0.09014073 0.04724119
0.87207256 0.00971408 0.00356797 0.01197957 0.05164254 0.26735011 0.12444862 0.29623289 0.08839767 0.16303497 0.11139073 0.09252345 0.05886082
0.86815306 0.00834434 0.00360146 0.01018744 0.06137103 0.26250406 0.12833666 0.29682640 0.09103021 0.15617663 0.10786606 0.08709566 0.03948221
0.85845774 0.01288237 0.00314820 0.01715464 0.05478140 0.26508752 0.12553024 0.29793689 0.08944881 0.15870051 0.10310965 0.09030075 0.04883423
0.85702091 0.00593808 0.00325777 0.00453801 0.05197584 0.26653638 0.12308456 0.29699527 0.09118636 0.14898311 0.10743524 0.09080824 0.05352112
0.84925916 0.00683973 0.00283624 0.00536878 0.05942532 0.26594906 0.12849419 0.29614817 0.09643241 0.14247227 0.10986798 0.09465361 0.05589445
0.84361790 0.01470409 0.00325826 0.01655062 0.03247182 0.26838731 0.13057740 0.29394072 0.08726797 0.13934125 0.11043169 0.09011592 0.04769851
0.84793881 0.00400661 0.00362073 0.00555996 0.02649542 0.26784631 0.12631378 0.29541012 0.08794769 0.14472194 0.11052571 0.10482651 0.05077183
0.84782208 0.00391440 0.00312302 0.00444249 0.03931147 0.26750629 0.12558892 0.29538030 0.09188980 0.15390010 0.10162680 0.08709918 0.04930019
0.84520004 0.00808958 0.00296867 0.00965217 0.05392523 0.26901687 0.12225908 0.29594448 0.07453595 0.16345852 0.10567563 0.09585366 0.04063206
0.84519318 0.00955110 0.00331038 0.01179257 0.03722661 0.26405955 0.12289076 0.30133869 0.07167805 0.16867713 0.10052138 0.08267278 0.04624652
0.84717729 0.00492434 0.00323655 0.00591287 0.03618566 0.26839093 0.12601884 0.30163205 0.07607537 0.16446671 0.10338476 0.08295613 0.03611061
0.84580255 0.00243259 0.00321320 0.00581517 0.03566026 0.26457685 0.12362455 0.30055964 0.07914289 0.15544845 0.10324451 0.08997254 0.04932346
0.84216709 0.00826665 0.00307221 0.00699802 0.03161839 0.27044839 0.11380316 0.30048740 0.08759986 0.14251955 0.11056617 0.08690637 0.03721938
0.83766254 0.00923963 0.00300357 0.00839930 0.05300758 0.26590798 0.12710169 0.29818425 0.09400101 0.13139824 0.11004278 0.09392293 0.03993609
0.83647808 0.00989025 0.00274520 0.00781291 0.05019714 0.26878815 0.11271943 0.29847069 0.09460334 0.12536664 0.11429895 0.09171405 0.04362773
0.82645627 0.00734684 0.00280347 0.00595167 0.05126378 0.27082040 0.12021503 0.29655394 0.08589986 0.13237901 0.10984985 0.09226596 0.03409220
0.80966473 0.01076547 0.00325795 0.00713454 0.05666264 0.26903408 0.11932415 0.29967855 0.09035660 0.15009691 0.10751389 0.09396045 0.04918865
0.80380621 0.01094518 0.00280412 0.01115232 0.08077013 0.26785827 0.11613591 0.30112498 0.10097205 0.16022487 0.10221401 0.08886623 0.03330763
0.80046600 0.00921437 0.00315490 0.00982567 0.05194112 0.27195880 0.13440117 0.30140371 0.08086539 0.16343071 0.09884328 0.09116744 0.03476749
0.79615122 0.01044912 0.00287521 0.00997803 0.05320490 0.26798241 0.12699876 0.30646729 0.07406400 0.16682041 0.10553841 0.08465548 0.03539297
0.79450354 0.00763815 0.00390754 0.00872421 0.06764622 0.27130211 0.12335798 0.30612933 0.07855124 0.16398737 0.10178911 0.08593722 0.03426058
0.79184127 0.00541568 0.00300389 0.00581136 0.04931097 0.27003376 0.12356770 0.30787782 0.08138798 0.16342611 0.11135755 0.08921792 0.03530537
0.79203563 0.01569268 0.00359755 0.01591573 0.07269401 0.27238218 0.11850989 0.30317440 0.09344808 0.14336672 0.11177132 0.09010016 0.03605813
0.78441884 0.01576809 0.00247866 0.01608009 0.08134676 0.27372457 0.12281095 0.30394202 0.09046614 0.13884610 0.11581230 0.09193147 0.04239562
0.77453692 0.00894866 0.00250323 0.00968883 0.08793250 0.27484093 0.12698523 0.30401058 0.08900399 0.12752393 0.10545778 0.09196293 0.04498565
0.76550211 0.01685806 0.00222338 0.01651688 0.09609763 0.27795105 0.12093892 0.30407808 0.08704379 0.13049855 0.11118231 0.09331716 0.03989496
0.76180892 0.01076242 0.00186870 0.01197062 0.07814462 0.27758908 0.11908179 0.30698480 0.08842307 0.14545860 0.10520885 0.08765801 0.04049997
0.75338305 0.01009058 0.00248603 0.01376330 0.07807864 0.27310481 0.11895827 0.30855088 0.07805034 0.15215962 0.10370350 0.08777168 0.05591449
0.74186248 0.01415951 0.00290355 0.01771773 0.06917081 0.27670349 0.11745904 0.30759699 0.07544883 0.15950204 0.09643041 0.08372689 0.05081591
0.73285533 0.01086867 0.00308754 0.01176765 0.05604818 0.26920337 0.12632670 0.30641252 0.07740965 0.16298420 0.10162689 0.08745817 0.06039202
0.72811308 0.02078199 0.00322413 0.02051462 0.05831702 0.27595823 0.12195282 0.30529930 0.08025355 0.15351999 0.10121917 0.08590694 0.03742202
0.72266883 0.00898399 0.00266154 0.01208329 0.08003297 0.27358171 0.11929599 0.30515031 0.08367886 0.14863599 0.10584142 0.09298791 0.05456799
0.71365477 0.00817863 0.00232726 0.00904093 0.05388952 0.27375731 0.11772215 0.30305078 0.08575752 0.13849747 0.11119265 0.08847036 0.05053331
0.70982298 0.01091525 0.00441568 0.01476990 0.07949987 0.27597142 0.11736486 0.30397175 0.09619527 0.12165880 0.10697892 0.09863627 0.05001138
0.70873017 0.00977333 0.00233645 0.01239743 0.04179342 0.27342748 0.11910927 0.30754879 0.08755526 0.12790965 0.10477309 0.09095530 0.04001213
0.70732990 0.01172074 0.00234757 0.01496270 0.05744947 0.27434820 0.12598924 0.30606903 0.09778449 0.13642629 0.10298313 0.09443005 0.04699911
0.70405010 0.01387055 0.00302481 0.01430012 0.04844657 0.27234552 0.11944894 0.31008364 0.07879041 0.15366214 0.10441076 0.08445303 0.04028627
0.69952253 0.00724243 0.00263581 0.00694466 0.05416154 0.27184443 0.12100116 0.31075370 0.07984804 0.15512686 0.10270226 0.08693782 0.04091218
0.68935203 0.00708253 0.00358793 0.00528604 0.04382742 0.27459634 0.11374141 0.30834841 0.08583724 0.15174911 0.10307831 0.09003039 0.03670953
0.67991280 0.01355884 0.00326955 0.01291605 0.05307130 0.26974181 0.11340154 0.30894747 0.08641746 0.15843050 0.09756377 0.08628587 0.03269987
0.66907398 0.00856328 0.00319507 0.00869880 0.05333138 0.27239729 0.12217569 0.30526721 0.08126603 0.15580530 0.09796354 0.09021391 0.03294502
0.66296986 0.00594608 0.00293344 0.01027710 0.04247871 0.27165114 0.11823286 0.30802860 0.08655639 0.14356378 0.10739327 0.08875936 0.03298405
0.65794622 0.00731438 0.00417248 0.00709203 0.05898066 0.27166754 0.11827886 0.30429391 0.08420097 0.13931726 0.10896487 0.09778390 0.04083928
0.65348039 0.01027747 0.00266044 0.01237972 0.06624263 0.27412015 0.11727820 0.30643051 0.08580267 0.13753946 0.10824775 0.08842096 0.03217923
0.64462611 0.01317216 0.00255064 0.01177037 0.05711391 0.27152469 0.11349383 0.30753410 0.09054121 0.13696922 0.10951988 0.09167479 0.04389311
0.64668727 0.01263917 0.00354381 0.01780316 0.05622821 0.27816612 0.12300566 0.30825107 0.08659058 0.14481821 0.10182175 0.08883715 0.03134820
0.64632645 0.00826763 0.00363848 0.00945255 0.04635355 0.27631656 0.10963713 0.31138293 0.07878600 0.15235043 0.10458975 0.08217653 0.03994355
0.63020955 0.00739593 0.00381223 0.00880901 0.04619803 0.27854884 0.12326678 0.30868823 0.07563617 0.15375097 0.09986184 0.08908642 0.03382061
0.62578129 0.01284998 0.00214653 0.01541450 0.06257358 0.27757497 0.11476885 0.31003597 0.08017204 0.15447148 0.10037732 0.08713940 0.04074883
0.62062675 0.01035881 0.00232914 0.00930062 0.06530912 0.27931138 0.10840883 0.31063361 0.08318396 0.15143504 0.10011102 0.09082899 0.03729795
0.62199980 0.00999721 0.00209576 0.01055604 0.06664380 0.27837950 0.11343481 0.30731585 0.07645670 0.14727035 0.11379407 0.08780002 0.03978297
0.61366517 0.01271813 0.00230219 0.01323974 0.07153347 0.28052289 0.11381215 0.31144583 0.08328977 0.13865283 0.09979819 0.09191388 0.03665618
0.61605802 0.00954875 0.00181324 0.01044800 0.06000231 0.27586008 0.11477470 0.30999752 0.08391656 0.13286094 0.10447437 0.08713685 0.04624083
0.61832031 0.00624222 0.00185942 0.00846773 0.05784084 0.28162802 0.11483821 0.31386406 0.08402111 0.13247756 0.10228820 0.08774058 0.04969558
0.61137306 0.00560275 0.00218681 0.00826959 0.05322542 0.27666808 0.12162512 0.31358697 0.08135686 0.13846492 0.10557098 0.08459642 0.04533285
0.60658396 0.00908303 0.00269078 0.01041303 0.04521400 0.27891391 0.11857222 0.31239302 0.07952666 0.14202685 0.10095421 0.09636370 0.04297150
0.60096057 0.01115107 0.00258158 0.01170566 0.02518169 0.27438047 0.12674093 0.31144821 0.07405645 0.14555914 0.10031249 0.08534828 0.04251700
0.59105088 0.00882372 0.00336079 0.00727882 0.04069891 0.27506372 0.11425253 0.31128598 0.07376630 0.15112981 0.09884297 0.08763915 0.03530030
0.58483426 0.00557957 0.00300317 0.00520296 0.03241768 0.27346293 0.11226205 0.31052929 0.08400261 0.15331691 0.09530936 0.09209673 0.03506865
0.57180163 0.00428286 0.00216114 0.00345625 0.03782555 0.27593831 0.11165185 0.31143307 0.08044582 0.14953441 0.09827830 0.08658529 0.03215837
0.56871200 0.01058636 0.00274196 0.01118607 0.06792675 0.27523615 0.11274854 0.31014628 0.08142622 0.14639256 0.10473890 0.09475354 0.03174931
0.56678347 0.00486186 0.00255946 0.00347856 0.06860598 0.27512259 0.11224452 0.31074567 0.08532801 0.13968535 0.10253209 0.08562921 0.03322472
0.56569387 0.00894898 0.00271441 0.01151333 0.05379633 0.27617922 0.11305772 0.31223216 0.08367624 0.13530265 0.10103110 0.09538993 0.03215809
0.56806316 0.01072996 0.00233061 0.00993983 0.03702100 0.27593945 0.11766138 0.31390886 0.07956700 0.14111181 0.10408441 0.08665067 0.03271306
0.56329342 0.00425028 0.00464274 0.00553756 0.03563265 0.27714569 0.12281083 0.31562420 0.07377597 0.14847425 0.09702535 0.08148042 0.03097761
0.55069059 0.01243959 0.00445910 0.01405378 0.04794614 0.27523623 0.11213185 0.31347768 0.07068824 0.15028300 0.10919137 0.08691077 0.03194504
0.55072272 0.00878347 0.00264207 0.01045816 0.04103711 0.27685484 0.11863300 0.31417734 0.07141995 0.14604207 0.09054233 0.08739042 0.03947421
0.55207145 0.00503952 0.00322293 0.00764533 0.03974173 0.27741953 0.12022670 0.31043735 0.07502698 0.14339856 0.09844247 0.09351148 0.03956486
0.53982493 0.00984790 0.00275151 0.01144407 0.03742149 0.27450318 0.11758629 0.30954447 0.07736988 0.13804073 0.09636117 0.08723088 0.03226931
0.53586692 0.00914607 0.00245152 0.00848432 0.06528172 0.27711622 0.10864561 0.31013392 0.08096834 0.13135494 0.10303173 0.09001518 0.03856346
0.53686005 0.00921472 0.00205446 0.01058742 0.06762888 0.27845919 0.10599914 0.30956439 0.07774236 0.12440668 0.09828950 0.08841921 0.03492447
0.53876506 0.00598506 0.00333081 0.00589725 0.04730343 0.27612348 0.10635503 0.31413271 0.07703998 0.12614802 0.10073320 0.08708484 0.03032253
0.53468861 0.00650299 0.00294006 0.00771331 0.03957016 0.27833353 0.10861117 0.31077790 0.07883904 0.13294351 0.09616447 0.08759170 0.03897555
0.53201240 0.00844954 0.00233488 0.00832500 0.05851318 0.27580669 0.10843319 0.31317253 0.07332732 0.13830710 0.09866007 0.08415268 0.04883416
0.53301246 0.01685819 0.00262530 0.01896247 0.07431180 0.27716363 0.11497654 0.31673395 0.07437687 0.14239366 0.09194604 0.08399376 0.03496526
0.52810035 0.01317114 0.00282353 0.01408635 0.06043525 0.27492945 0.11283578 0.31260477 0.06966828 0.14180267 0.09407710 0.09016471 0.05489923
0.52410031 0.00714439 0.00302454 0.00890529 0.07131557 0.27580336 0.10395698 0.31607688 0.07257386 0.14698196 0.10372780 0.08944865 0.04666975
0.51370041 0.00915293 0.00198287 0.01078337 0.07010567 0.27519842 0.11407308 0.31303769 0.07206301 0.13688812 0.09798489 0.08810006 0.03870059
0.51305916 0.02008365 0.00411154 0.02009617 0.05648177 0.27637096 0.11592055 0.31437671 0.08582736 0.12267756 0.09801766 0.08625123 0.03340959
0.51104252 0.00935632 0.00153604 0.01201933 0.02769680 0.27792276 0.11793779 0.31692758 0.08997547 0.12037248 0.10630803 0.09062587 0.04647317
0.50722209 0.00681526 0.00239520 0.00578466 0.03836906 0.27610494 0.10819043 0.31294237 0.09141716 0.11937667 0.09596451 0.09317988 0.03922800
0.50752334 0.01468580 0.00205639 0.01372048 0.01899081 0.27912007 0.11655469 0.31860826 0.08909608 0.13134285 0.09773495 0.08128277 0.04168609
0.50036973 0.00526996 0.00271239 0.00522201 0.04134038 0.27720809 0.11067358 0.31434562 0.07828277 0.13620595 0.09284801 0.08639580 0.03532086
0.50000997 0.00789059 0.00305760 0.00929058 0.06150303 0.27779984 0.11416236 0.31658403 0.07254659 0.14548176 0.09352743 0.08599796 0.03640463
0.48528946 0.01613365 0.00170637 0.02106146 0.06553290 0.27876841 0.10844412 0.31690496 0.06613938 0.14570597 0.09241077 0.08590503 0.04379150
0.48227317 0.00653792 0.00185481 0.00686673 0.06117651 0.27717194 0.11245146 0.31294782 0.06905323 0.14362557 0.08899899 0.08612752 0.03239599
0.48453352 0.00984140 0.00265891 0.00948540 0.05851924 0.27837270 0.10681396 0.31413274 0.07319002 0.14830099 0.09720451 0.08700298 0.03166851
0.48313857 0.00788788 0.00275945 0.00755659 0.06232988 0.27612075 0.11473424 0.31148488 0.07902869 0.14054228 0.10289451 0.08869357 0.02905754
0.44935407 0.00877871 0.00345007 0.00358319 0.02791807 0.27849845 0.10791777 0.31395319 0.08587418 0.12861892 0.10944773 0.09160813 0.03352844
0.44219013 0.01349679 0.00262294 0.01507800 0.06618584 0.28149564 0.10906748 0.31647240 0.08750154 0.11772189 0.10500175 0.09092432 0.03170575
0.44371216 0.00735197 0.00197755 0.00982588 0.05447150 0.28051184 0.11234883 0.31599274 0.08555442 0.11656064 0.10403535 0.09463420 0.04097586
0.44291799 0.01095652 0.00259985 0.01222347 0.06152911 0.28240765 0.11015974 0.31943368 0.07969761 0.13490587 0.10324924 0.08117801 0.03200682
0.43524749 0.00813436 0.00207899 0.01024191 0.06160168 0.28113312 0.11854703 0.31771586 0.07939014 0.14168804 0.09672043 0.08557673 0.04108984
0.42485566 0.01547420 0.00157929 0.01571670 0.05029504 0.27961183 0.11592779 0.31558107 0.07005169 0.14793057 0.10110725 0.08486320 0.03246357
0.42952146 0.00476887 0.00217867 0.00418201 0.04310821 0.28123558 0.11248599 0.31669153 0.06939451 0.15362504 0.09866289 0.08586079 0.04755269
0.43122444 0.00874053 0.00228589 0.01126609 0.05882966 0.27632419 0.11758416 0.31199651 0.07091350 0.14932932 0.09433215 0.08932686 0.03090415
0.42746838 0.00742749 0.00255445 0.00721634 0.04218360 0.28149500 0.11167547 0.31448014 0.07989634 0.14665794 0.09591867 0.08610514 0.03684763
0.42935008 0.00951413 0.00188496 0.00756953 0.05405529 0.27583207 0.11502430 0.31247353 0.07356581 0.13743701 0.10047528 0.09018600 0.03206171
0.42955064 0.01015442 0.00186219 0.01378984 0.06487265 0.28070883 0.11713180 0.31642900 0.07751118 0.12809839 0.09944166 0.08688294 0.03143902
0.42675401 0.00928602 0.00292529 0.00931651 0.04974825 0.27734020 0.10867107 0.31659149 0.07815866 0.12138394 0.09512408 0.08573577 0.04202178
0.42520643 0.00856394 0.00425437 0.00974096 0.06118327 0.27877329 0.11092434 0.31635891 0.09135042 0.12263602 0.09717703 0.08141818 0.03502707
0.42380347 0.01322034 0.00253885 0.01499403 0.07147265 0.27695764 0.10616481 0.31927207 0.07886328 0.12974114 0.10091689 0.08675764 0.04023438
0.41993313 0.01252278 0.00391864 0.01143109 0.07232339 0.27838728 0.10919662 0.31756554 0.07423527 0.13168933 0.10391903 0.08651011 0.04948969
0.41778922 0.00850772 0.00181983 0.00820258 0.06605255 0.27775513 0.10510783 0.31755782 0.07683676 0.12687553 0.09612056 0.08757972 0.05071628
0.42681845 0.01213797 0.00334415 0.01291750 0.08177967 0.28102663 0.11367961 0.31737384 0.07106143 0.12387402 0.09814731 0.08959440 0.04821640
0.43024960 0.01224777 0.00166015 0.01021685 0.06104890 0.27715180 0.11866410 0.31335115 0.07564985 0.11897783 0.09591961 0.08768570 0.03790318
0.42913829 0.00840809 0.00258817 0.01055868 0.06372770 0.27905406 0.12037413 0.31793388 0.07392717 0.13176146 0.09671066 0.09151386 0.03881502
0.42753781 0.01058136 0.00176080 0.01215193 0.05798372 0.27832011 0.11390047 0.31648655 0.07635870 0.13289147 0.09177059 0.09491879 0.03369727
0.42711273 0.00613957 0.00194717 0.00412845 0.05458548 0.27659190 0.11651714 0.31752210 0.08264483 0.12308348 0.09528867 0.08783276 0.03534708
0.42474874 0.01016196 0.00300313 0.01045408 0.05402462 0.28120697 0.10925527 0.31918516 0.07754616 0.11843253 0.08898213 0.08996224 0.04436691
0.41983785 0.00684677 0.00272733 0.00806801 0.06962420 0.27484965 0.10611431 0.31536368 0.07131396 0.11598279 0.09211395 0.08688668 0.03621462
0.41912840 0.00881464 0.00188421 0.01006343 0.05788392 0.27943534 0.12191381 0.31864612 0.07069794 0.12491297 0.09224664 0.09219116 0.03147292
0.41463200 0.00864751 0.00168470 0.00944310 0.06284196 0.27696987 0.11345810 0.31515646 0.07402262 0.12567205 0.09288602 0.08731133 0.05240191
0.40919720 0.00676603 0.00416693 0.00721655 0.06190665 0.27907243 0.10840565 0.31561249 0.07270590 0.12795552 0.09558305 0.09307708 0.03883664
0.41346185 0.00815090 0.00197521 0.01015600 0.05501882 0.27680306 0.11236747 0.31615432 0.08982080 0.13168090 0.08747052 0.08787326 0.04075384
0.41228477 0.00484414 0.00229666 0.00260077 0.02867097 0.27702272 0.11545125 0.31629211 0.07350424 0.12949193 0.09452401 0.08815763 0.04613167
0.41652025 0.01873751 0.00168529 0.01931404 0.05345049 0.27650979 0.11686752 0.31915517 0.06614715 0.13051107 0.09788649 0.08759691 0.03376721
0.41401956 0.01151176 0.00233912 0.01182738 0.05011817 0.27711583 0.11604226 0.31879561 0.07498803 0.11847663 0.08880708 0.08596892 0.03301644
0.40812313 0.00771899 0.00164338 0.00658198 0.06017843 0.27670719 0.10613096 0.32052882 0.08294748 0.11188122 0.09293028 0.08774034 0.03131398
0.40882390 0.00691988 0.00179476 0.00681541 0.05173267 0.27819786 0.10638324 0.32008036 0.07471454 0.10840663 0.08922825 0.08506491 0.03682401
0.40798945 0.00915158 0.00168823 0.01345420 0.06131311 0.27539911 0.10612356 0.31783265 0.06663129 0.11132649 0.08949455 0.08866990 0.05838524
0.40661426 0.01250317 0.00196605 0.01139506 0.04449855 0.27887394 0.11192731 0.31716745 0.06326572 0.12300975 0.09432911 0.08704190 0.03284367
0.39977744 0.01614604 0.00258705 0.01561141 0.06846734 0.27901989 0.10672997 0.31546547 0.07413876 0.13053400 0.08603088 0.08728862 0.04011143
0.39652951 0.00988296 0.00270265 0.00797792 0.06080590 0.28217122 0.11806978 0.31572799 0.07447094 0.12930848 0.09089164 0.08678334 0.03220629
0.39278290 0.00982448 0.00207513 0.01176162 0.06063301 0.28011324 0.10532459 0.31599463 0.06763195 0.12586270 0.09599012 0.08838314 0.03324378
0.39406232 0.01163049 0.00190376 0.01222649 0.06862100 0.28213163 0.10430140 0.31913589 0.06449705 0.12127761 0.09036344 0.08565108 0.03392402
0.39290363 0.00756254 0.00224392 0.00901444 0.05665621 0.28043419 0.10127898 0.31892253 0.06772680 0.12116647 0.09697224 0.08290834 0.04445497
0.39293724 0.00940098 0.00310625 0.00726158 0.05127613 0.28210075 0.10599906 0.31996600 0.08650355 0.13018156 0.08820692 0.08349281 0.02898874
0.39353802 0.01340335 0.00184534 0.01349584 0.03105480 0.28051100 0.11468930 0.32023000 0.07355092 0.12108155 0.09369662 0.08342904 0.03802781
0.39269017 0.00218202 0.00392730 0.00499843 0.02109649 0.28357762 0.11683137 0.31912905 0.07099858 0.11483257 0.09744077 0.08552758 0.02991392
0.39676834 0.00653453 0.00215345 0.00780304 0.04220387 0.27975846 0.10367646 0.31736317 0.06821074 0.11925107 0.10112882 0.08748959 0.03191530
0.39392417 0.00667751 0.00309527 0.00348328 0.03714986 0.28279430 0.10784466 0.31912330 0.08949549 0.12844084 0.09249514 0.08711355 0.02919505
0.39333384 0.00566146 0.00190574 0.00624803 0.03716438 0.27854919 0.10613067 0.31769597 0.07809110 0.13153978 0.09676338 0.08962371 0.03835064
0.39500336 0.00945507 0.00246266 0.00849041 0.02628669 0.28092405 0.11006821 0.31775579 0.06894378 0.13295822 0.08762384 0.08546342 0.03593160
0.39389061 0.00401262 0.00162080 0.00608923 0.02920137 0.27831209 0.10891953 0.32109232 0.06656532 0.13031708 0.09171994 0.08391434 0.03081334
0.39072517 0.01155817 0.00162229 0.01157760 0.04238689 0.28092245 0.11278281 0.31947262 0.06966134 0.12730239 0.09061642 0.08374989 0.03908001
0.38911361 0.00601157 0.00266436 0.00821428 0.05298109 0.27986417 0.10764764 0.32094535 0.07291721 0.12960332 0.09379999 0.08262437 0.03542161
0.39487499 0.00468056 0.00276172 0.00326899 0.05759845 0.28206634 0.11527985 0.31968805 0.07469995 0.12848205 0.09731264 0.08580961 0.03109150
0.39920751 0.00649634 0.00195481 0.00781347 0.04915662 0.28171595 0.11108629 0.31944892 0.06983679 0.12337078 0.09708646 0.08659321 0.04928545
0.38619298 0.00439124 0.00165500 0.00190342 0.04880624 0.28168671 0.11033292 0.31893473 0.06969929 0.12107737 0.09585329 0.08826548 0.04047198
0.38494750 0.00846945 0.00361094 0.00798370 0.04485387 0.28088205 0.11824970 0.31722534 0.07062681 0.12284235 0.09913431 0.08919028 0.03384663
0.38610410 0.00559930 0.00197077 0.00309325 0.04498304 0.28158522 0.12057712 0.32011405 0.07234187 0.12968538 0.09202124 0.08493697 0.03699827
0.38655653 0.00689514 0.00173996 0.01113848 0.02076739 0.27889282 0.11826954 0.31957067 0.07502560 0.12799956 0.10085356 0.08989062 0.03643588
0.37305599 0.00762171 0.00274711 0.00580160 0.05048723 0.28207541 0.11331403 0.32077004 0.07485869 0.12696991 0.09538816 0.08463758 0.04086821
0.37154056 0.01303653 0.00185234 0.01317549 0.04230993 0.27853328 0.10760375 0.32187990 0.07309118 0.11974854 0.09399540 0.08256918 0.04114959
0.36528797 0.00976910 0.00175484 0.00818764 0.05762421 0.28206514 0.10990584 0.32211103 0.07318232 0.11419320 0.09336273 0.08470271 0.03709560
0.36746457 0.00493691 0.00179515 0.00629515 0.06620229 0.27895975 0.11755526 0.32174204 0.07166030 0.11735652 0.09647513 0.08552428 0.03375858
0.36707649 0.00891652 0.00193434 0.00563479 0.05827050 0.27754457 0.12106896 0.31864037 0.07430714 0.11631504 0.09704925 0.08984591 0.03173545
0.36129943 0.00713279 0.00212398 0.00628320 0.04980969 0.27948355 0.11536477 0.31878042 0.06849698 0.12234446 0.09200450 0.08593784 0.04125110
0.35310351 0.00939304 0.00199236 0.01022547 0.05705351 0.27673048 0.11506002 0.31652839 0.06105084 0.11633394 0.08799608 0.08669641 0.03745372
0.35248627 0.00469515 0.00445100 0.00431220 0.03826620 0.28066283 0.10859139 0.31664749 0.06277606 0.12138281 0.08853743 0.09179612 0.06366620
0.35192137 0.00927777 0.00166132 0.01453105 0.06245873 0.27686178 0.10648750 0.31804961 0.06527415 0.12649636 0.09031322 0.08726255 0.06823182
0.34028832 0.00714483 0.00251971 0.00926650 0.05084463 0.27714282 0.11012214 0.31888899 0.06682686 0.12225021 0.08896864 0.08921820 0.05259988
0.34059090 0.00620210 0.00303022 0.00520761 0.03631331 0.27846729 0.11410054 0.31935096 0.06603726 0.11160483 0.09806077 0.08673987 0.04411099
0.34008284 0.00975398 0.00142782 0.00870075 0.04867338 0.27585785 0.11713613 0.31948936 0.07557854 0.09961296 0.09371324 0.08794893 0.04223120
0.33904394 0.00884688 0.00201634 0.01220627 0.04572451 0.27645596 0.11424866 0.31830853 0.07536777 0.10334044 0.10156963 0.08676884 0.05343540
0.33153842 0.01537476 0.00237097 0.01695122 0.05100196 0.27850388 0.11136054 0.32044657 0.06598169 0.12035116 0.08518452 0.09022423 0.04502068
0.33180952 0.01503727 0.00153520 0.01519216 0.06331518 0.27541925 0.11083872 0.31754473 0.06013567 0.11831308 0.09591451 0.09016317 0.04307827
0.32638831 0.00639338 0.00469993 0.01296786 0.06467470 0.27909252 0.11782785 0.32066162 0.05590060 0.13114782 0.08068200 0.09156277 0.06254890
0.32689492 0.00748529 0.00455075 0.01068712 0.04562241 0.27244865 0.11207030 0.31921406 0.06060014 0.13375956 0.09216614 0.08758024 0.04554214
0.32612239 0.00445672 0.00236747 0.00409751 0.00534172 0.27508054 0.12131608 0.31788715 0.07355087 0.12618868 0.08614047 0.08786422 0.06115951
0.32386202 0.00449001 0.00239602 0.00728914 0.05157538 0.27614355 0.11811911 0.32048897 0.07190408 0.11594499 0.10242027 0.08721857 0.03927983
0.32190325 0.00734207 0.00202049 0.00648008 0.04199618 0.27347822 0.11986629 0.31796997 0.07698741 0.10498169 0.09745837 0.08698717 0.06267070
0.31983624 0.00838507 0.00182676 0.00799178 0.05566294 0.27899384 0.11343797 0.31960558 0.07181488 0.10689528 0.10535030 0.08572860 0.04103004
0.32274329 0.00863843 0.00167358 0.01066501 0.05920465 0.27447394 0.11674064 0.31802566 0.07317781 0.11007651 0.09819186 0.08725543 0.05405959
0.32083293 0.00742902 0.00144076 0.00503271 0.04757980 0.27611887 0.11562699 0.31633159 0.06879493 0.11470724 0.09469845 0.09033276 0.03932075
0.31964966 0.00835022 0.00166966 0.01146303 0.03293360 0.27713190 0.11650535 0.31669403 0.06790020 0.12489228 0.09323407 0.08890490 0.03914025
0.31437001 0.00809636 0.00220927 0.01171536 0.05909754 0.27476137 0.11662181 0.31676420 0.06689201 0.13393351 0.08540214 0.08860958 0.03809050
0.31501854 0.00857509 0.00172918 0.00730477 0.05858895 0.27898950 0.11940399 0.31747494 0.06086281 0.13399608 0.08584145 0.08534579 0.03545312
0.31601667 0.01024421 0.00318033 0.01056296 0.05347839 0.27563591 0.11702692 0.31969511 0.06263301 0.13029845 0.08949184 0.08584202 0.03788808
0.31548052 0.00958134 0.00150381 0.00931824 0.04591343 0.27721783 0.11865550 0.32176685 0.06745320 0.11957971 0.10024114 0.08631609 0.03629171
0.31335604 0.01132983 0.00193913 0.00876831 0.04998677 0.27833227 0.11557661 0.32233514 0.07956650 0.11095624 0.09489787 0.08507771 0.04590450
0.31220476 0.00754576 0.00174298 0.00777799 0.05544207 0.27642450 0.11589852 0.32213017 0.07511099 0.11265469 0.10258067 0.08354529 0.03440910
0.31406684 0.00985557 0.00181658 0.01247952 0.04582448 0.28017823 0.12047415 0.32269486 0.07689092 0.11183184 0.09871323 0.08634076 0.04241349
0.31480655 0.00664049 0.00242171 0.00805019 0.03793880 0.27850216 0.11908453 0.31949059 0.07153258 0.11670610 0.10810074 0.08872375 0.03303229
0.31723059 0.00515080 0.00128211 0.00455285 0.02314610 0.27765999 0.12043697 0.31803047 0.07634356 0.12222640 0.09256636 0.08750184 0.03861271
0.31518695 0.00432948 0.00112863 0.00331159 0.02605692 0.27845648 0.10979384 0.31708215 0.06780554 0.12956578 0.09110478 0.08283982 0.03218805
0.30989840 0.00828411 0.00104731 0.00859921 0.04713220 0.27688745 0.11234854 0.31678772 0.06489477 0.12813193 0.08807111 0.08589990 0.04130426
0.31262817 0.00976166 0.00101021 0.01150739 0.03820241 0.27700300 0.11039807 0.31756210 0.06789651 0.13142002 0.09166853 0.08468152 0.03346835
0.30941052 0.00917957 0.00207656 0.00819435 0.05629974 0.28087931 0.11183744 0.31958482 0.07167224 0.13594173 0.08440607 0.08609871 0.03878568
0.30725649 0.00894600 0.00197836 0.00988002 0.05960014 0.27516434 0.11087276 0.31930652 0.06053045 0.12776440 0.09368025 0.08391006 0.03214584
0.31191400 0.00569296 0.00245384 0.00506230 0.03683682 0.28237643 0.11054317 0.32162300 0.07641672 0.12700980 0.08981279 0.08123547 0.03854735
0.31106759 0.01113400 0.00145655 0.00960921 0.04728894 0.27637372 0.11102430 0.32001223 0.07926858 0.11901402 0.10061927 0.08702195 0.03405445
0.30981761 0.01148165 0.00112751 0.01220467 0.04841914 0.28056904 0.11500470 0.32228251 0.08209157 0.11073713 0.09782128 0.08745805 0.03249255
0.31012267 0.00574272 0.00191741 0.00588387 0.04725631 0.27810463 0.11195929 0.32061809 0.07723277 0.11346229 0.09460611 0.08583051 0.03894896
0.30981476 0.00959393 0.00114816 0.01208373 0.06572335 0.27771144 0.11081427 0.32019698 0.06877837 0.11959713 0.09896407 0.08692769 0.04975194
0.31039712 0.00984079 0.00126174 0.01294975 0.06231262 0.27747584 0.11535364 0.32187263 0.06686742 0.12964765 0.08422112 0.08482315 0.03182793
0.31265705 0.00861124 0.00144562 0.00919074 0.05821166 0.27935107 0.11063910 0.32089775 0.06371845 0.13013076 0.08520237 0.08514966 0.03115291
0.31574117 0.01059625 0.00105884 0.01128231 0.05995795 0.27549680 0.11018829 0.32120514 0.05964386 0.13437224 0.08645583 0.08285361 0.03383894
0.31480020 0.00425685 0.00108262 0.00502190 0.03736360 0.27821806 0.10997779 0.32096149 0.06403705 0.13741454 0.09155959 0.08002886 0.03045246
0.31444788 0.00332261 0.00115961 0.00481935 0.03398706 0.27634310 0.12180669 0.32009400 0.06705921 0.12862889 0.09007549 0.08623741 0.03136627
0.31147236 0.00749609 0.00146638 0.00639337 0.05967224 0.27733924 0.12278035 0.32116763 0.06846198 0.12212297 0.09454799 0.08514840 0.03629867
0.31015562 0.00249483 0.00181834 0.00429594 0.03731213 0.27760044 0.11930292 0.31991340 0.07058166 0.11580382 0.09402745 0.08919467 0.05235890
0.31207869 0.00312607 0.00258097 0.00995111 0.03320198 0.27709294 0.11271054 0.31999352 0.07146335 0.11529263 0.09941359 0.08590485 0.03262553
0.31020960 0.00818628 0.00171347 0.00999360 0.03227292 0.27961235 0.11720889 0.32152915 0.07238235 0.12071416 0.09345209 0.08790927 0.05189385
0.30632386 0.01053235 0.00244169 0.01284139 0.06391326 0.27919513 0.11008762 0.32220018 0.07581074 0.12355614 0.09569359 0.08645839 0.03061047
0.30635911 0.00446738 0.00223161 0.00431786 0.05152537 0.28179838 0.11397231 0.32418034 0.07499859 0.12414092 0.09174424 0.08984185 0.04250088
0.30735226 0.00582446 0.00156728 0.00542618 0.04168362 0.28403123 0.12005352 0.32416542 0.07691053 0.12149417 0.09039323 0.08357151 0.03671055
0.30677880 0.00932988 0.00134109 0.01087389 0.03826106 0.28232825 0.11094089 0.32492624 0.07000432 0.12955740 0.09005651 0.08276265 0.03644695
0.30316337 0.00691378 0.00129234 0.00754551 0.02732442 0.28399199 0.11153225 0.32576482 0.06459625 0.12963101 0.08952930 0.08152011 0.04485039
0.29906558 0.00895965 0.00108957 0.00870424 0.05162343 0.28172934 0.11027867 0.32445243 0.07001286 0.12663236 0.09060469 0.08536250 0.03084621
0.29862662 0.00513024 0.00234241 0.00400904 0.03027231 0.28381118 0.11033955 0.32386712 0.07264520 0.11928343 0.09618755 0.08965199 0.02892233
0.29215303 0.00647187 0.00168071 0.00764039 0.04835533 0.28259947 0.11211749 0.32005940 0.07157828 0.11063627 0.09037419 0.08473805 0.02818114
0.29343872 0.00427443 0.00361133 0.00272796 0.01915525 0.28334751 0.10524389 0.31946536 0.07272915 0.11171779 0.09131855 0.08417425 0.02912910
0.29324494 0.00167272 0.00177314 0.00061690 0.00143624 0.28386637 0.10137819 0.31952142 0.06239787 0.11672223 0.10119358 0.08526538 0.02974776
0.29141099 0.00276505 0.00151161 0.00176500 0.00507296 0.28163875 0.11089014 0.32020457 0.07561572 0.11973582 0.08170289 0.08578064 0.02801867
0.29003398 0.00697076 0.00197577 0.00369599 0.03575288 0.28596724 0.10288938 0.32262588 0.06375276 0.12206200 0.09305290 0.08210681 0.03032495
0.28834685 0.00485226 0.00262380 0.00549964 0.02762335 0.28165307 0.10713930 0.32293354 0.05981347 0.12577163 0.08491726 0.08093424 0.02932277
0.28576517 0.00517507 0.00164828 0.00572617 0.03203169 0.28466063 0.10907365 0.32264843 0.06250920 0.12081413 0.08662881 0.08208429 0.03275636
0.28343240 0.00503371 0.00271030 0.00905938 0.05284122 0.28534178 0.11076854 0.32504569 0.06319368 0.11571910 0.08538751 0.08581632 0.03678042
0.28316097 0.00843874 0.00205579 0.00673462 0.03653611 0.28420683 0.10394680 0.32461633 0.06522001 0.10696611 0.08660141 0.08959750 0.03211862
0.27811292 0.01000125 0.00123325 0.00957858 0.05430383 0.28502207 0.09940721 0.32534468 0.06556123 0.10300563 0.09860529 0.08497530 0.04816891
0.27718106 0.00425727 0.00211907 0.00188433 0.04046391 0.28510023 0.10079944 0.32412232 0.06736471 0.10469438 0.09072891 0.08376415 0.03929104
0.27541013 0.00664932 0.00205589 0.01135928 0.03691348 0.28111368 0.10118839 0.32388124 0.06986410 0.11154864 0.08583637 0.08281411 0.04054899
0.27643770 0.00454030 0.00122162 0.00541717 0.03451109 0.28446067 0.09687326 0.32344708 0.06487785 0.11053849 0.08613039 0.08653208 0.03595904
0.27594716 0.00234541 0.00188905 0.00283177 0.00172310 0.28002852 0.10325742 0.32065166 0.06165716 0.11633161 0.08555827 0.08432082 0.02856956
0.27586801 0.00715833 0.00185626 0.01018520 0.03733351 0.28196057 0.10565161 0.32322470 0.06395888 0.11824330 0.07941837 0.07994219 0.03439999
0.27444629 0.00369635 0.00138723 0.00435828 0.02912892 0.28270493 0.10318990 0.32116594 0.06495375 0.11175881 0.08734696 0.08307774 0.02858815
0.27243428 0.00335515 0.00133120 0.00317629 0.01957169 0.28113025 0.10642739 0.32135542 0.07303949 0.11029705 0.07782449 0.08313943 0.03276553
0.27211196 0.00819478 0.00172821 0.00803229 0.03992143 0.28187318 0.10124012 0.32169440 0.07363255 0.10730365 0.09017703 0.08217402 0.02829840
0.27571735 0.00852689 0.00164971 0.01161541 0.04658622 0.28023088 0.11108995 0.32215737 0.06862975 0.10603166 0.08502640 0.08747440 0.03641448
0.27510776 0.00452038 0.00171640 0.00326376 0.03571814 0.27999213 0.10857956 0.32317615 0.06440239 0.10761777 0.09253755 0.08279805 0.03423579
0.27568833 0.00424813 0.00159886 0.00630247 0.03893458 0.28037852 0.11487970 0.32449820 0.06175330 0.11042001 0.08612727 0.08941915 0.04751955
0.27803356 0.00538548 0.00153921 0.00582524 0.02737428 0.28005523 0.11412931 0.32536363 0.05788887 0.12002540 0.09171833 0.08430044 0.03391183
0.27846880 0.00640696 0.00135662 0.00845353 0.03973286 0.28147001 0.11261810 0.32676262 0.06641444 0.12047894 0.08073453 0.08275063 0.03016146
0.27800164 0.00309490 0.00100383 0.00115674 0.00307128 0.28169418 0.10665559 0.32553797 0.06388881 0.11920453 0.09188570 0.08021456 0.03129095
0.27714527 0.01360130 0.00113903 0.01371226 0.05178870 0.28322467 0.11436720 0.32626501 0.05866168 0.11294618 0.08599167 0.08228371 0.05073228
0.27468988 0.00361460 0.00090888 0.00539016 0.03230195 0.28532997 0.10493672 0.32479341 0.06072681 0.09930697 0.08713752 0.08296649 0.03159861
0.27369110 0.00416359 0.00140706 0.00527112 0.02716587 0.28494152 0.10494804 0.32276308 0.06643231 0.09653907 0.08965528 0.08430925 0.04025866
0.27155781 0.00738066 0.00121495 0.01005046 0.03028452 0.28590352 0.10722372 0.32178469 0.07035987 0.10323007 0.09319257 0.08358587 0.03199855
0.27048924 0.00551853 0.00173631 0.00629034 0.02898933 0.28504695 0.11416937 0.32134540 0.06524790 0.10388486 0.09094736 0.08368727 0.03814682
0.26888018 0.00216792 0.00484134 0.00347621 0.00539538 0.28628007 0.10953055 0.32021342 0.06329162 0.10763910 0.09163947 0.08706787 0.04451965
0.26684438 0.00779304 0.00184781 0.00882780 0.03515386 0.28473401 0.10766986 0.32208204 0.05718898 0.11312715 0.08259645 0.08413861 0.03400162
0.26669914 0.00423572 0.00107182 0.00503123 0.04942393 0.28415090 0.09484392 0.32197868 0.05599949 0.11860414 0.08546326 0.07995123 0.03524638
0.26302046 0.00530184 0.00091238 0.00448017 0.02476146 0.28436729 0.10345803 0.32356986 0.05738496 0.12038685 0.07739933 0.07851185 0.03921130
0.25917990 0.00400552 0.00089227 0.00225034 0.00393918 0.28512302 0.10317001 0.32404602 0.06364709 0.11933730 0.07408602 0.07981440 0.03159842
0.25878853 0.00163126 0.00095063 0.00196224 0.00206422 0.28298029 0.10689069 0.32491280 0.05234740 0.11168643 0.08467178 0.08008578 0.03203822
0.25712067 0.00371951 0.00358464 0.00524403 0.03861082 0.28549458 0.10751897 0.32431482 0.05930280 0.10195808 0.08019146 0.08524036 0.02747580
0.25548389 0.00403606 0.00138562 0.00070935 0.00389764 0.28522503 0.10187870 0.32409706 0.06830255 0.09715234 0.09520174 0.08327541 0.02934574
0.25639278 0.00236988 0.00149574 0.00042491 0.00110795 0.28693278 0.11152414 0.32458740 0.06802784 0.10325716 0.08665907 0.08274313 0.02922831
0.25814341 0.00656436 0.00119292 0.00870640 0.02113096 0.28496539 0.11178168 0.32222001 0.05811644 0.10107817 0.08755974 0.08400679 0.02872322
0.25658318 0.00942347 0.00137566 0.00817632 0.03654083 0.28541459 0.10801618 0.32555188 0.06316991 0.09512827 0.07871012 0.08341430 0.02825897
0.25306922 0.00621866 0.00108483 0.00805654 0.02492147 0.28501192 0.10564172 0.32363836 0.07423980 0.10300055 0.08364550 0.08365118 0.03720070
0.25263551 0.00738510 0.00086629 0.00753540 0.02059092 0.28320885 0.10800383 0.32396758 0.05588609 0.10808905 0.07332966 0.07795764 0.05293568
0.25221775 0.00800309 0.00120765 0.01090503 0.03471800 0.28216802 0.10338819 0.32282751 0.04764420 0.11559618 0.08322423 0.08002536 0.03153971
0.25167273 0.00608320 0.00133374 0.00881944 0.03022908 0.28236959 0.10721359 0.32350520 0.05181743 0.11066030 0.07416286 0.08341220 0.04486583
0.24769227 0.00395863 0.00184199 0.00599770 0.03428565 0.27964073 0.11218483 0.32225088 0.05291985 0.10455180 0.07769062 0.08384417 0.04282757
0.24591551 0.00506354 0.00220256 0.00387166 0.03011009 0.28272788 0.10781659 0.32191191 0.05785418 0.09323844 0.08094038 0.08651385 0.03762302
0.24544855 0.00847394 0.00216034 0.01068877 0.05387458 0.27864025 0.10819952 0.32236557 0.05927288 0.08775686 0.08928906 0.08404711 0.04709618
0.24418620 0.00266268 0.00216856 0.00508679 0.05425058 0.28012544 0.12096176 0.32492342 0.06209924 0.09061043 0.08728703 0.08607193 0.04035950
0.24453310 0.01282684 0.00174146 0.01358144 0.05676257 0.27910469 0.11961495 0.32497745 0.05685688 0.09207265 0.09724210 0.08490883 0.04085970
0.24320529 0.01031378 0.00159760 0.01124867 0.06309789 0.27795307 0.12878593 0.32777695 0.06464794 0.09092162 0.08746182 0.08550463 0.03207851
0.24459720 0.00595102 0.00273822 0.00463015 0.03826734 0.27848690 0.11855815 0.32617003 0.06954396 0.09763959 0.08556174 0.08744636 0.03917758
0.24503255 0.00843082 0.00225580 0.01031916 0.05388629 0.27774817 0.12158913 0.32648694 0.05207681 0.11158782 0.08544032 0.08256519 0.05276398
0.24058830 0.00862666 0.00188187 0.01124150 0.06548919 0.27837762 0.11308533 0.32525162 0.06008164 0.11282411 0.07609713 0.08526868 0.03518231
0.23935616 0.01050926 0.00124400 0.00987232 0.05476270 0.27874138 0.11369918 0.32246384 0.05427156 0.10545225 0.08378985 0.08698311 0.04164998
0.24030078 0.00558734 0.00138246 0.00500107 0.03300192 0.27755809 0.11893058 0.32211852 0.05442244 0.09895632 0.08104974 0.08500233 0.03595308
0.23940601 0.00410921 0.00199043 0.00459703 0.02489661 0.28032643 0.11842457 0.31855106 0.06179940 0.09886868 0.08183149 0.08359598 0.02948733
0.23878997 0.00353844 0.00127853 0.00048697 0.00177598 0.27799482 0.11333584 0.31934629 0.06097146 0.10402195 0.08982219 0.08551200 0.02905354
0.23743154 0.00467179 0.00136423 0.00087630 0.00252751 0.28031736 0.12212861 0.32090524 0.07120804 0.09604825 0.08634084 0.08470803 0.03071798
0.23925774 0.00661974 0.00100530 0.00674159 0.04337267 0.28066198 0.10811469 0.32092436 0.06120352 0.09008457 0.08662811 0.08289841 0.03001513
0.23969750 0.00436229 0.00090049 0.00422121 0.04401585 0.27958649 0.11301982 0.32207774 0.06201987 0.08689971 0.08880664 0.08249160 0.02960683
0.24170411 0.01019554 0.00107120 0.00817036 0.01113444 0.28039995 0.10923670 0.32265234 0.05896824 0.09396445 0.08512156 0.08248861 0.03098993
0.23991231 0.00609759 0.00243153 0.00541621 0.04121804 0.27894239 0.10706713 0.32366529 0.05704495 0.10046824 0.09017542 0.08369018 0.04697631
0.23854167 0.00381458 0.00126650 0.00267719 0.05029022 0.27931338 0.11300548 0.32416671 0.06573790 0.10511871 0.07338903 0.08752326 0.03902990
0.24265713 0.00750098 0.00103711 0.00858524 0.03156594 0.27967534 0.11291606 0.32296252 0.05806521 0.10249390 0.07995808 0.08195096 0.03360427
0.24371447 0.00164717 0.00328799 0.00369955 0.00260950 0.28071017 0.10977246 0.32425340 0.04959921 0.10002886 0.07679792 0.08628388 0.03561619
0.24023823 0.00420823 0.00146053 0.00603303 0.02872232 0.27872152 0.10356781 0.32240975 0.05320645 0.09431303 0.08432895 0.08284029 0.03553703
0.23979863 0.00381155 0.00161262 0.00324147 0.02017613 0.27994854 0.10759606 0.32296696 0.06102437 0.09415941 0.08186862 0.08466543 0.04700262
0.23840225 0.00534619 0.00075558 0.00509495 0.01860771 0.27605587 0.10669277 0.32209412 0.06208336 0.09056756 0.09047735 0.08384024 0.03208283
0.23836948 0.00427240 0.00091882 0.00517729 0.04660075 0.27710321 0.11654901 0.32237251 0.05677448 0.09472695 0.08285304 0.08604897 0.03432382
0.23617972 0.00399370 0.00130048 0.00292213 0.03265225 0.27410967 0.11186340 0.32082340 0.05706251 0.09476905 0.08035782 0.08160393 0.03145962
0.23599797 0.01049579 0.00164926 0.00937608 0.04818754 0.27610306 0.11086012 0.32076696 0.05512786 0.10093547 0.08165232 0.08572853 0.03224591
0.23638583 0.00852533 0.00153822 0.01049235 0.03962539 0.27247167 0.10710666 0.31943695 0.05688261 0.11218740 0.07730473 0.08534550 0.03966076
0.23470287 0.00349407 0.00159899 0.00674936 0.02641978 0.27526181 0.10641638 0.32006135 0.06667040 0.11079239 0.08204696 0.08440906 0.03489614
0.23521506 0.00445150 0.00188503 0.00374009 0.04380976 0.27239574 0.10728750 0.31908750 0.05695890 0.10677192 0.07943605 0.08321630 0.03979891
0.23406366 0.00509070 0.00180905 0.00303865 0.03116791 0.27585183 0.11590738 0.32277178 0.05712219 0.10837786 0.07238764 0.08589766 0.02892297
0.23286679 0.00360988 0.00144772 0.00300309 0.00329236 0.27425730 0.10723300 0.32344036 0.06123403 0.10503466 0.08218774 0.08473014 0.04071856
0.22756630 0.00294774 0.00119545 0.00270371 0.00295501 0.27665641 0.11349561 0.32517413 0.05784585 0.10019649 0.09021292 0.08382620 0.03053220
0.22785509 0.01573970 0.00149585 0.01585548 0.04274174 0.27509374 0.10696774 0.32608429 0.05841506 0.09651651 0.08951468 0.08184815 0.05336365
0.22928548 0.00647531 0.00114687 0.01017556 0.04391280 0.27888767 0.11350458 0.32631017 0.06670329 0.09244036 0.08885009 0.08657803 0.03431509
0.22557671 0.00810089 0.00103651 0.00598742 0.04511474 0.27594182 0.11506638 0.32569267 0.06566162 0.09325707 0.09191987 0.08551822 0.05189406
0.22417306 0.00726993 0.00291323 0.00815836 0.05052237 0.28007043 0.11367449 0.32304823 0.05717769 0.09742425 0.09494692 0.08926156 0.03045761
0.22478703 0.01573662 0.00117099 0.01588296 0.04747151 0.27706198 0.12246410 0.32242533 0.06132942 0.10471089 0.08062987 0.08780009 0.03889401
0.22483250 0.00713683 0.00104411 0.00696347 0.04727012 0.27904531 0.11107736 0.32072370 0.05843243 0.11025459 0.08653871 0.08477575 0.04818140
0.22416695 0.00617177 0.00187969 0.00624022 0.03925584 0.27952805 0.11492215 0.32089319 0.05346340 0.10637148 0.08354809 0.08276945 0.03708545
0.22667951 0.00744432 0.00095758 0.00431853 0.02503775 0.27906689 0.11682123 0.32192539 0.06684203 0.10705727 0.07996527 0.08296862 0.04067282
0.22604041 0.00557867 0.00073726 0.00399730 0.04832998 0.27833032 0.11193697 0.32286770 0.06109362 0.10707973 0.08421552 0.08308966 0.03320663
0.22337850 0.00505683 0.00109955 0.00634018 0.05220790 0.27863144 0.11445550 0.32475762 0.05631186 0.10314587 0.08820664 0.08234627 0.03530685
0.22013208 0.01199113 0.00186124 0.01334031 0.06132364 0.27611906 0.11533439 0.32375631 0.06440235 0.10050003 0.08096836 0.08324003 0.03372179
0.21953375 0.00422791 0.00167929 0.00339112 0.01911991 0.27929854 0.11184752 0.32522904 0.06184722 0.09453102 0.09267370 0.08795641 0.03952498
0.20678681 0.00465721 0.00163808 0.00187117 0.00465312 0.27439062 0.11761910 0.32477933 0.06628770 0.09323170 0.07982726 0.08593640 0.03107918
0.18994403 0.00490403 0.00087071 0.00199178 0.03230992 0.27731409 0.10237174 0.32434565 0.06643270 0.09604621 0.09114560 0.08530383 0.04014348
0.18893999 0.00839408 0.00085631 0.01228030 0.04442846 0.27608304 0.11150826 0.32497185 0.06408152 0.09474390 0.07945742 0.08320992 0.03927636
0.19288213 0.00376829 0.00319194 0.00326366 0.01075264 0.27555280 0.10465838 0.32271780 0.05799467 0.10742470 0.08210812 0.08597865 0.04002567
0.19166778 0.00606794 0.00212699 0.00910825 0.02291833 0.27770191 0.10876570 0.32285877 0.05628281 0.11518482 0.07481487 0.08475630 0.04119958
0.18849767 0.00458912 0.00138840 0.00405573 0.02117401 0.27453130 0.10412328 0.32127654 0.06147174 0.11391898 0.08054907 0.08239352 0.03268613
0.18702795 0.00351935 0.00149043 0.00294028 0.00288558 0.27894307 0.11403158 0.31997133 0.05954146 0.11049310 0.08053710 0.08384833 0.03319563
0.18670931 0.00311186 0.00154100 0.00407270 0.05081133 0.27445943 0.10896895 0.32088350 0.06897322 0.10406856 0.08722143 0.08452217 0.03387332
0.18515607 0.00627011 0.00195306 0.00632970 0.04450826 0.27634435 0.11266763 0.32071011 0.06060540 0.10032800 0.08548569 0.08528301 0.02860375
0.18532026 0.00783269 0.00197736 0.00880060 0.05928755 0.27384644 0.10074762 0.32018001 0.05931659 0.10149221 0.07857971 0.08695323 0.03941210
0.18479329 0.00600301 0.00172906 0.00817739 0.04371710 0.27473164 0.10115479 0.32252073 0.05896343 0.09972322 0.08321278 0.08524822 0.03878313
0.17711460 0.01396946 0.00154847 0.01335442 0.05372324 0.27284818 0.10352703 0.32229641 0.05981914 0.09866970 0.07514250 0.08328206 0.03405513
0.17691792 0.01170917 0.00174731 0.01149660 0.03508441 0.27506161 0.10594585 0.32473598 0.06134452 0.09482768 0.08168275 0.08495655 0.03804609
0.17909092 0.01346763 0.00152552 0.01355995 0.04793957 0.27176289 0.11633945 0.32602717 0.06519392 0.09007422 0.07632276 0.08689656 0.03013279
0.17425633 0.00904001 0.00134600 0.00994671 0.06105281 0.27637426 0.10831554 0.32585778 0.05768748 0.08986157 0.08303179 0.08281542 0.03030439
0.16645553 0.00651148 0.00400365 0.00643561 0.03714850 0.27198887 0.10523093 0.32454473 0.06432175 0.09656702 0.07966776 0.08464342 0.03482585
0.16959788 0.01353942 0.00142521 0.01457426 0.04488965 0.27520955 0.10876607 0.32409603 0.05710783 0.10591289 0.08602125 0.08583754 0.03257223
0.17058604 0.00347734 0.00401168 0.00302137 0.03917983 0.27350437 0.11565408 0.32336487 0.05696805 0.10337597 0.08044371 0.08651206 0.03154122
0.15935463 0.00982961 0.00184520 0.01168199 0.06206421 0.27470544 0.12002227 0.32002448 0.04933218 0.10148064 0.08599777 0.08692887 0.03009727
0.15784074 0.00815004 0.00139548 0.00697474 0.05218878 0.27392715 0.12153303 0.31980898 0.06109769 0.09446893 0.07524820 0.08409782 0.03154672
0.15646772 0.00790960 0.00133793 0.01174343 0.04294290 0.27548396 0.10463422 0.32001290 0.06156789 0.09304338 0.08903634 0.08530556 0.03610043
0.15638142 0.00762765 0.00109339 0.00670389 0.05915205 0.27357006 0.11428834 0.32043068 0.06528423 0.09249425 0.08102971 0.08309905 0.04159373
0.15642627 0.01070175 0.00103298 0.00940674 0.03573725 0.27679967 0.11459443 0.32331639 0.06090059 0.08970755 0.08759403 0.08399390 0.03649433
0.15263664 0.00779358 0.00115774 0.00843616 0.04473368 0.27371359 0.11279479 0.32228117 0.06031996 0.09079590 0.08470544 0.08640941 0.03050995
0.14775525 0.01579587 0.00154430 0.01668807 0.04940471 0.27664442 0.11341104 0.32479347 0.06044344 0.09814146 0.08270305 0.08340763 0.03382409
0.13429103 0.00363219 0.00168979 0.00591739 0.02893653 0.27381439 0.11378973 0.32610302 0.05939328 0.09751206 0.08243021 0.08750319 0.06182974
0.13214037 0.00896470 0.00159936 0.01062528 0.04403477 0.27423768 0.11327290 0.32503744 0.05726536 0.10178094 0.09031953 0.08860404 0.03792569
0.13534489 0.00530669 0.00122503 0.00694366 0.04546232 0.27313162 0.12022964 0.32639240 0.06101385 0.10086100 0.07429726 0.08569949 0.04378351
0.13752534 0.00488341 0.00119022 0.00291026 0.02847328 0.27445152 0.11109374 0.32418699 0.04932493 0.09862274 0.09238702 0.08695709 0.03902635
0.14148076 0.00862527 0.00358140 0.00697749 0.05071923 0.27176792 0.11640646 0.32364794 0.05204692 0.11009155 0.07555964 0.08232717 0.03296513
0.14844700 0.00762467 0.00216986 0.00802624 0.03560750 0.27446157 0.11237019 0.32232653 0.05477715 0.11840070 0.07567906 0.08401864 0.03226633
0.14906997 0.00530442 0.00171081 0.00485907 0.02284476 0.27252605 0.11162137 0.32064257 0.05758062 0.10908803 0.08260787 0.08277268 0.03003825
0.14607548 0.00279833 0.00277208 0.00072432 0.00241991 0.27200164 0.11498317 0.31941033 0.05803329 0.10556140 0.07568661 0.08402182 0.02985810
0.14259574 0.00246469 0.00218421 0.00239157 0.00345963 0.27264795 0.10957201 0.31695966 0.05464812 0.09275366 0.09073026 0.08362227 0.03872222
0.13935270 0.00923612 0.00360493 0.01143100 0.03259228 0.27117693 0.10713200 0.31861729 0.05599248 0.08635933 0.08738118 0.08910439 0.03083605
0.13608953 0.00290718 0.00137024 0.00443950 0.03115771 0.27154160 0.11545064 0.31877380 0.06056633 0.09463930 0.07855093 0.08599756 0.03036631
0.13428447 0.00167393 0.00108579 0.00140524 0.01933008 0.26993872 0.12154498 0.32052028 0.05500767 0.09336567 0.08465429 0.08519287 0.03009826
0.13124601 0.00562261 0.00105893 0.00518135 0.03143396 0.26910946 0.11429858 0.32162643 0.05880960 0.09259460 0.07928565 0.08361984 0.02990277
0.12391841 0.00920519 0.00137091 0.00857657 0.02294471 0.26649458 0.11334716 0.32209867 0.05971912 0.09280759 0.07173186 0.08412506 0.02894367
0.13416591 0.00411118 0.00264106 0.00672089 0.03850882 0.26856914 0.10404370 0.32506194 0.05103897 0.09708888 0.08283840 0.08197242 0.03034774
0.13301216 0.01075498 0.00196536 0.01247169 0.02790868 0.26550714 0.10999225 0.32246585 0.06652903 0.09718518 0.07451525 0.08456001 0.02922298
0.13163490 0.00410740 0.00159682 0.00603718 0.04018953 0.26641000 0.10789648 0.32195101 0.05693678 0.09014053 0.08284180 0.08352157 0.03017533
0.12816764 0.00285026 0.00158249 0.00400084 0.03615471 0.26500864 0.11403010 0.32248845 0.05564832 0.07884975 0.08011945 0.08346398 0.03951262
0.12652418 0.00302807 0.00206085 0.00573163 0.02755128 0.26554211 0.11157459 0.31924656 0.05841330 0.08245783 0.07760115 0.08571248 0.02943326
0.12193526 0.00189101 0.00293998 0.00214695 0.02677665 0.26544313 0.10974817 0.31846038 0.05300473 0.08823542 0.08505704 0.08628038 0.03577594
0.13250792 0.00235568 0.00244640 0.00429809 0.02461298 0.26628889 0.10835658 0.31691910 0.05314632 0.09810681 0.08038336 0.08512342 0.02908740
0.13242840 0.00574329 0.00198253 0.00467320 0.02496551 0.26735493 0.11025527 0.31874496 0.05485265 0.09217496 0.07499500 0.08357437 0.04076966
0.13264757 0.00502890 0.00167637 0.00263685 0.02082919 0.26569185 0.10610101 0.31875138 0.05374113 0.09478747 0.07856600 0.08281726 0.03158135
0.13407340 0.00502736 0.00138761 0.00399440 0.04123596 0.26756525 0.11207686 0.31958449 0.05028155 0.09819227 0.07411551 0.08250802 0.02966823
0.13725385 0.00396147 0.00138072 0.00611637 0.03192906 0.27083426 0.10856579 0.32219653 0.05276387 0.09185249 0.08058242 0.08260597 0.03725430
0.13660796 0.00349495 0.00102651 0.00395299 0.04216197 0.26935374 0.11173786 0.32357753 0.05365159 0.08503465 0.08722862 0.08463303 0.03779849
0.13383165 0.00906156 0.00123289 0.00969171 0.05087896 0.27279764 0.11478003 0.32449074 0.05845531 0.07863846 0.08783257 0.08400186 0.04170573
0.13375487 0.00366091 0.00223236 0.00287550 0.03052414 0.27054014 0.11278545 0.32432238 0.06388944 0.08485972 0.08533824 0.08376563 0.03181010
0.13138560 0.00214371 0.00160252 0.00288702 0.00353372 0.27400189 0.11823215 0.32431458 0.05387422 0.08912905 0.08559982 0.09062381 0.04091619
0.13016259 0.00575609 0.00133470 0.00675199 0.03637779 0.27153970 0.11154750 0.32215441 0.05020848 0.09455086 0.07406338 0.08358434 0.03109712
0.12907897 0.00342805 0.00290432 0.00045386 0.00205377 0.27497900 0.10453786 0.32098197 0.05060810 0.09577597 0.08305442 0.08245090 0.02970888
0.12086920 0.00614294 0.00125429 0.00670180 0.03711766 0.27071888 0.11010228 0.31877168 0.04873709 0.08751786 0.07355372 0.08472542 0.02975792
0.12420779 0.00181015 0.00113997 0.00336404 0.03856008 0.27364679 0.10975077 0.31836212 0.04648074 0.08829342 0.07293274 0.08358950 0.02917816
0.12409455 0.00400434 0.00101623 0.00254364 0.02313008 0.27049936 0.11014207 0.31682684 0.04901836 0.08202728 0.07963529 0.08224490 0.02941739
0.12071968 0.00360973 0.00124043 0.00216029 0.03630766 0.27197615 0.11208171 0.31746251 0.05394507 0.08884129 0.08408666 0.08470969 0.02857200
0.12050186 0.00723132 0.00210651 0.00462497 0.04444645 0.27040280 0.11091594 0.31788215 0.04981752 0.09196224 0.08062953 0.08410126 0.03143598
0.11978137 0.00403672 0.00141715 0.00248330 0.00358190 0.27422126 0.11221605 0.31980719 0.05240284 0.08381232 0.08001896 0.08428656 0.03991491
0.11807144 0.00284091 0.00091558 0.00289116 0.00161796 0.26765584 0.11809985 0.32157733 0.05195022 0.07847758 0.07783285 0.08351889 0.03201926
0.11564026 0.00355104 0.00090465 0.00327666 0.02640089 0.27243327 0.12001009 0.32223395 0.04940123 0.08582066 0.08374937 0.08434517 0.03181888
0.11122691 0.00565216 0.00123182 0.00616207 0.03855859 0.26683389 0.12266397 0.32441268 0.05182006 0.08887609 0.07484022 0.08191915 0.03920263
0.11240014 0.00456418 0.00123254 0.00798626 0.03255810 0.26966814 0.11492942 0.32494107 0.04934117 0.09306685 0.08084524 0.08497326 0.03094599
0.11235144 0.00573899 0.00140799 0.00823474 0.04482203 0.26596116 0.10956126 0.32420641 0.04785642 0.08746218 0.07515329 0.08262080 0.03145743
0.11067207 0.00802905 0.00159078 0.00754354 0.05174075 0.26711899 0.10835084 0.32359726 0.05062077 0.08440666 0.07611436 0.08385713 0.03368898
0.10947746 0.00801621 0.00107803 0.00838953 0.06137181 0.26801414 0.10717971 0.32219738 0.04593294 0.08721973 0.08027506 0.08452830 0.03112302
0.10948116 0.00434790 0.00117632 0.00221016 0.04709441 0.26763293 0.11207757 0.32017607 0.04813954 0.08733621 0.07389328 0.08264406 0.03141756
0.10997716 0.00385458 0.00180173 0.00201215 0.02968398 0.26675502 0.11355745 0.31897998 0.04958704 0.08593145 0.07771844 0.08594569 0.02848871
0.10787803 0.00630009 0.00123776 0.00612691 0.04401885 0.27110074 0.10748751 0.31805363 0.04670892 0.08054969 0.08017615 0.08451225 0.02879334
0.10499555 0.01079712 0.00068525 0.01086106 0.05189638 0.26651529 0.11044896 0.31749428 0.04849389 0.07581117 0.07064652 0.08219513 0.04744081
0.10381042 0.00885352 0.00150779 0.00885164 0.04166567 0.27094113 0.10470106 0.31655308 0.05410137 0.07360995 0.08651650 0.08507190 0.03203434
0.10876896 0.00820362 0.00198351 0.00815908 0.05279453 0.26737742 0.10996114 0.31847301 0.05348432 0.08495012 0.07399881 0.08269917 0.04255386
0.10769339 0.00701019 0.00060868 0.00858865 0.04517742 0.26898728 0.11966188 0.31955305 0.04859611 0.07137937 0.07348003 0.08382152 0.03818025
0.10432457 0.00246997 0.00293569 0.00759449 0.00646019 0.26832287 0.11508549 0.32053199 0.03826302 0.08379795 0.07455411 0.08407477 0.03407205
0.10301074 0.00841200 0.00167942 0.00661424 0.02140508 0.26647295 0.11407999 0.32246916 0.05635457 0.09290554 0.07535427 0.08607583 0.04274935
0.10336431 0.00904087 0.00145588 0.00779490 0.04015077 0.27016834 0.10525122 0.32253664 0.05599060 0.09509382 0.07318628 0.08338306 0.03635842
0.10384015 0.00662983 0.00174396 0.00920543 0.03843526 0.26792363 0.10559287 0.32306160 0.04792859 0.08860674 0.08028994 0.08475453 0.03964828
0.10171322 0.00646418 0.00165636 0.00875799 0.04423334 0.27076233 0.11078607 0.32163138 0.04926354 0.08288134 0.07001649 0.08555099 0.04081791
0.09932940 0.00639478 0.00138728 0.00744496 0.04361286 0.26984317 0.10367397 0.31901791 0.05106970 0.07176676 0.08033173 0.08534785 0.04308933
0.09898861 0.00473343 0.00134867 0.00297563 0.03059215 0.26967906 0.10952749 0.31939814 0.05399294 0.07002386 0.07698412 0.08173032 0.02868030
0.09730776 0.00402847 0.00162454 0.00607858 0.04423338 0.27038309 0.10526120 0.31483576 0.05424976 0.07293569 0.08400731 0.08394427 0.03203108
0.09542118 0.00587554 0.00258835 0.00494234 0.05035124 0.27039688 0.11692920 0.31640249 0.05120555 0.07630394 0.07836083 0.08582705 0.02925593
0.09446986 0.00666013 0.00198726 0.00664403 0.04663988 0.27032444 0.10614277 0.31612318 0.04803915 0.07806904 0.07645066 0.08308903 0.02988361
0.09448013 0.00382122 0.00159705 0.00764983 0.04181266 0.27112988 0.10675455 0.31656415 0.04758813 0.08503695 0.06680678 0.08412499 0.03840631
0.09434158 0.00835524 0.00183945 0.00758318 0.04881894 0.27112325 0.10726181 0.31933155 0.04776900 0.09260956 0.07608053 0.08271268 0.03377661
0.09471596 0.00579772 0.00403684 0.00599665 0.03477723 0.26971624 0.11059804 0.32000572 0.04731344 0.09569142 0.07043109 0.09152231 0.03453830
0.09446889 0.01047381 0.00149265 0.01030640 0.02059818 0.26946775 0.10739832 0.32042828 0.03956365 0.08344256 0.08491198 0.08255079 0.03326820
0.09577614 0.00838558 0.00081527 0.00778081 0.03979732 0.27021744 0.12025558 0.32238499 0.05220787 0.07250048 0.07105295 0.08331578 0.03112966
0.09348394 0.00556872 0.00091059 0.00440757 0.03225980 0.26728491 0.11327743 0.32216173 0.04446223 0.06871226 0.08129046 0.08241988 0.03111352
0.09335498 0.00481664 0.00063649 0.00765703 0.03359355 0.26879314 0.11163967 0.32324995 0.05115988 0.07144965 0.08123252 0.08329485 0.03040559
0.09285992 0.00188460 0.00055045 0.00095488 0.03041693 0.26633521 0.11408137 0.32145482 0.05202449 0.07375628 0.07627963 0.08399754 0.03201932
0.09099679 0.00447900 0.00061524 0.00381648 0.02942864 0.26660438 0.11093453 0.32117739 0.04588490 0.07695564 0.07610962 0.08327888 0.03038809
0.09017359 0.01109326 0.00077669 0.00914903 0.04476440 0.26493612 0.11282788 0.32040390 0.04338539 0.08061622 0.07118523 0.08287365 0.03005809
0.08417926 0.00388234 0.00177835 0.00488538 0.02994351 0.26631279 0.11161600 0.31865972 0.03852563 0.08730270 0.06817839 0.08978447 0.03330330
0.07728391 0.00461345 0.00123477 0.00512457 0.04043904 0.26542518 0.10625101 0.31939311 0.05728793 0.08887541 0.07602512 0.08359144 0.03558397
0.07697519 0.00303348 0.00234786 0.00387978 0.00437686 0.26741395 0.11324151 0.31736624 0.04400129 0.09477847 0.07079678 0.08419095 0.04387056
0.07739912 0.00328793 0.00130113 0.00408811 0.00572781 0.26879076 0.11403787 0.31925301 0.04665496 0.08274072 0.07221719 0.08156915 0.03306127
0.07740940 0.00350135 0.00096775 0.00271949 0.00414512 0.26787891 0.10317298 0.31782701 0.04611154 0.07063844 0.07891701 0.08218344 0.04264624
0.07642399 0.00888793 0.00087061 0.00863002 0.03625393 0.26933748 0.11023364 0.32131217 0.05324587 0.06602074 0.07421130 0.08335555 0.03083511
0.07227772 0.00820353 0.00171267 0.00699216 0.02495551 0.26767980 0.10925655 0.32350315 0.05342168 0.08624300 0.09499175 0.08409551 0.04373224
0.07073301 0.00574550 0.00148600 0.00643945 0.05285661 0.26924333 0.11740701 0.32384531 0.05413682 0.08258569 0.07866238 0.08472755 0.03987585
0.06474899 0.00746654 0.00132510 0.00718410 0.05978621 0.26722433 0.11251551 0.32513397 0.04931235 0.08218903 0.07768053 0.08244110 0.04665686
0.06377545 0.00811360 0.00106427 0.00695532 0.05168940 0.27097921 0.11567512 0.32470832 0.04352329 0.08397788 0.08008876 0.08364423 0.04807281
0.06394819 0.00406356 0.00100288 0.00351944 0.04774128 0.27098632 0.10813090 0.32365964 0.04799263 0.09091995 0.07542309 0.08186430 0.03921146
0.06251474 0.00353603 0.00110558 0.00367534 0.02385587 0.27121602 0.11374343 0.32219195 0.04935995 0.09565454 0.07084391 0.08390781 0.04002455
0.06148646 0.00787224 0.00082455 0.00989447 0.02289619 0.27214132 0.10378772 0.31971445 0.04680292 0.09012314 0.07745111 0.08403018 0.03724729
0.06071166 0.01596965 0.00093147 0.01764376 0.03482365 0.27081019 0.10949192 0.31866061 0.04731095 0.07891040 0.07112206 0.08140198 0.03528223
0.06043479 0.00842287 0.00126815 0.01208867 0.03529506 0.27644835 0.10284181 0.31828534 0.05029757 0.07114681 0.08014707 0.08193521 0.02969190
0.05994502 0.00255033 0.00332476 0.00521339 0.02930134 0.27246986 0.10992959 0.31745550 0.06402062 0.07828586 0.07714169 0.08339753 0.02705230
0.05916511 0.00667990 0.00089430 0.00469953 0.02709307 0.27733755 0.10828141 0.32057818 0.05637850 0.07376994 0.08187434 0.08221091 0.02915888
0.06125170 0.00581988 0.00084900 0.00629918 0.04906627 0.27368107 0.10647223 0.32077363 0.05105602 0.07891287 0.07846465 0.08391502 0.02854240
0.06025244 0.00667696 0.00079668 0.00470553 0.05143253 0.27436789 0.10703377 0.32184016 0.04546657 0.08040923 0.06949644 0.08202737 0.03401836
0.05976206 0.01321986 0.00070334 0.01475302 0.05349041 0.27385550 0.10849625 0.32402919 0.04356404 0.08915643 0.07645345 0.08207235 0.03199870
0.05904197 0.00388052 0.00077700 0.00391674 0.04412482 0.27200438 0.10599239 0.32311354 0.04868751 0.09635252 0.07817372 0.08449760 0.03441412
0.05779010 0.00450403 0.00104620 0.00529038 0.04757136 0.27453960 0.11380365 0.32641471 0.05065975 0.09828329 0.06974871 0.08098043 0.03081064
0.05198208 0.00576142 0.00176376 0.00374590 0.04494242 0.26953320 0.10391905 0.32413271 0.05080713 0.09517912 0.08062082 0.08247757 0.03122899
0.05558816 0.00519157 0.00395259 0.00473790 0.03976858 0.27130091 0.10718416 0.32722091 0.04840702 0.08880291 0.07995631 0.08783271 0.03011957
0.05214979 0.00477053 0.00116103 0.00210852 0.03567933 0.26955274 0.10876111 0.32396479 0.06927000 0.08462441 0.08121961 0.08374550 0.03029218
0.05269754 0.00810907 0.00067422 0.00986815 0.05091280 0.26982340 0.10661855 0.32331318 0.06697597 0.08599668 0.08794708 0.08534224 0.02915235
0.05347606 0.00258609 0.00231585 0.00452853 0.03830449 0.26967349 0.10896380 0.32317830 0.05601476 0.09705084 0.07713770 0.08205437 0.04214172
0.05597564 0.00431510 0.00132627 0.00402734 0.04667056 0.26985499 0.11007145 0.32170823 0.05082251 0.09769575 0.07608259 0.08756576 0.03072364
0.05375302 0.00598327 0.00082709 0.00614870 0.04392751 0.26799676 0.11406458 0.32269755 0.04823095 0.09569840 0.07827486 0.08246644 0.04069410
0.05669503 0.00430692 0.00127004 0.00703682 0.03584136 0.26865033 0.11050752 0.32161720 0.06025735 0.10203291 0.07596980 0.08283215 0.02834789
0.05558947 0.01080067 0.00079718 0.00913597 0.03611137 0.26841373 0.10500118 0.32243134 0.05712537 0.09791887 0.07863198 0.08356242 0.03650916
0.05497367 0.01238566 0.00056718 0.01307279 0.04177659 0.26825802 0.11206348 0.32369961 0.05214145 0.09239576 0.08365757 0.08375393 0.03916408
0.05529363 0.00569847 0.00066854 0.01072888 0.04554663 0.26996298 0.10698580 0.32495566 0.06120146 0.07798519 0.09182988 0.08393920 0.03524505
0.04523547 0.00737147 0.00112710 0.00854753 0.05509226 0.26952781 0.10591075 0.32654850 0.05595521 0.08905765 0.08273162 0.08393520 0.04672689
0.04433617 0.00732006 0.00078986 0.00905665 0.05348297 0.27038414 0.10687106 0.32621315 0.05432605 0.09281885 0.08236178 0.08286216 0.05281664
0.04373068 0.01350774 0.00071808 0.01380838 0.03993419 0.26964023 0.10337364 0.32768284 0.05643071 0.10187205 0.07675265 0.08186264 0.04024364
0.04241973 0.00847059 0.00244023 0.01050234 0.05448669 0.27015452 0.10249765 0.32646098 0.04461924 0.10792968 0.07654997 0.08563104 0.04038960
0.04173492 0.00725730 0.00149590 0.00499274 0.03855115 0.27046888 0.09933740 0.32442792 0.05142146 0.10347995 0.07448172 0.08211942 0.02976945
0.04122264 0.01379482 0.00107334 0.01400407 0.04783511 0.27196929 0.09927589 0.32385226 0.05121605 0.09349662 0.07626071 0.08216141 0.03326746
0.04078321 0.01035657 0.00075078 0.00867121 0.01251458 0.27705851 0.09762941 0.32241276 0.05473727 0.08508893 0.08125825 0.08843963 0.02638268
0.04105765 0.00464865 0.00129869 0.00653651 0.02979713 0.27434964 0.10352189 0.31969050 0.05485967 0.08213444 0.07584533 0.08149765 0.02656162
0.04139450 0.00391467 0.00059823 0.00484377 0.04248548 0.27726683 0.09450275 0.31995371 0.05496787 0.08254006 0.08139149 0.08373905 0.02506295
0.04170892 0.00384903 0.00406437 0.00292001 0.02677791 0.27484201 0.10052657 0.31952065 0.05347468 0.08970045 0.07818060 0.08113250 0.02681086
0.04176651 0.00355197 0.00187589 0.00191800 0.02251232 0.27807400 0.09846432 0.32075188 0.05240895 0.09561999 0.07634382 0.08046000 0.02764638
0.04318480 0.00113797 0.00112819 0.00178838 0.00168137 0.27625899 0.10138652 0.32205696 0.04885584 0.10013132 0.07669277 0.08026790 0.03852332
0.04393523 0.00117834 0.00095497 0.00049811 0.00065321 0.27748881 0.10429589 0.32210232 0.04770092 0.10436045 0.06985593 0.07901767 0.02739060
0.04495592 0.00157989 0.00080380 0.00302423 0.03215231 0.27687974 0.10905227 0.32439498 0.04369079 0.09968955 0.07141935 0.07881751 0.02771934
0.04413110 0.00378276 0.00074594 0.00243129 0.02359785 0.27538737 0.10013999 0.32377105 0.04788143 0.09165599 0.08273761 0.08077928 0.02916062
0.04347900 0.00879370 0.00070439 0.01052093 0.03858802 0.27551233 0.10972256 0.32572064 0.05849809 0.08583160 0.07315029 0.08146484 0.02904193
0.04181969 0.00397316 0.00093550 0.00196286 0.02504568 0.27338701 0.10568456 0.32460507 0.06212471 0.08385680 0.08944297 0.08131333 0.02944991
0.04046300 0.00511994 0.00087365 0.00661002 0.03451216 0.27376441 0.10655369 0.32431188 0.06046794 0.08077777 0.08321872 0.08247565 0.02895350
0.03815096 0.01002783 0.00089815 0.00982412 0.03651730 0.27327002 0.10706601 0.32316808 0.05353819 0.08043669 0.08597827 0.08433105 0.02853215
0.03605054 0.00728389 0.00157632 0.00911998 0.04966849 0.27191042 0.10796232 0.32234314 0.04703813 0.08724539 0.07996014 0.08485231 0.03027652
0.03497770 0.01183991 0.00098769 0.01442727 0.04604946 0.27218330 0.10802857 0.32275354 0.04489920 0.09482192 0.07598698 0.08190750 0.03634280
0.03563195 0.00791720 0.00131613 0.00753555 0.04379226 0.27094605 0.10522559 0.32123699 0.05143043 0.10500722 0.06753024 0.08132201 0.02946247
0.03632313 0.00557169 0.00111257 0.00499100 0.05248154 0.27163154 0.10000109 0.32230673 0.04746080 0.10263523 0.07726325 0.08060511 0.02802540
0.03696356 0.01123824 0.00184994 0.01489018 0.02901396 0.27108224 0.10823073 0.32192206 0.04942935 0.09589007 0.07172525 0.08136161 0.03067563
0.03722632 0.00161718 0.00235891 0.00260661 0.01139289 0.27361010 0.10919444 0.32121804 0.04745437 0.08665972 0.08002672 0.08529977 0.02833019
0.03768139 0.00166631 0.00175554 0.00077234 0.00126160 0.27225251 0.10618538 0.32400368 0.05654415 0.08849611 0.07970708 0.08473026 0.02703270
0.03811836 0.00216157 0.00101527 0.00149499 0.00093704 0.27419837 0.10347333 0.32116924 0.07364625 0.07935843 0.08295497 0.08239918 0.03569348
0.03909621 0.00376705 0.00144324 0.00397624 0.00549115 0.28211131 0.10136546 0.32501777 0.05462948 0.07880797 0.07702363 0.08252246 0.02983998
0.03958444 0.00809338 0.00338283 0.00614035 0.01498891 0.27668698 0.10215025 0.32422442 0.05848877 0.09024773 0.07706021 0.08126846 0.04393809
0.03899318 0.00643966 0.00094370 0.00773640 0.02760152 0.27971558 0.10411475 0.32391577 0.05394547 0.09220942 0.07788407 0.08078775 0.02888951
0.03740816 0.00457565 0.00088557 0.00251676 0.02074511 0.27769270 0.11061230 0.32406106 0.05224594 0.08925969 0.07740524 0.07970731 0.03240471
0.03601500 0.00659709 0.00438844 0.00495188 0.03211465 0.27689468 0.09814762 0.32166619 0.05319447 0.09703790 0.06754725 0.08081645 0.02530244
0.03422029 0.00789262 0.00156301 0.00816604 0.02713119 0.27921414 0.10239265 0.32155294 0.04751714 0.08370577 0.06799720 0.08469561 0.02538977
0.05442252 0.00326512 0.00230675 0.00234027 0.02473845 0.27851153 0.09321884 0.32003946 0.04484438 0.08798815 0.07348418 0.08082500 0.03948528
0.05447168 0.00415233 0.00120282 0.00547312 0.02736037 0.27725298 0.09576327 0.31940856 0.04617700 0.08654072 0.07762591 0.08370863 0.03108053
0.05758512 0.00241704 0.00198092 0.00126933 0.03550774 0.27793947 0.09112351 0.32018865 0.04678547 0.08303823 0.07167948 0.08161333 0.04552778
0.06226654 0.00374123 0.00119885 0.00537786 0.02862703 0.27647175 0.09853048 0.31996594 0.04562182 0.07819017 0.07076095 0.08092615 0.02555170
0.06490228 0.00424161 0.00077468 0.00162209 0.00579854 0.27672795 0.09808784 0.32140876 0.06190181 0.07912176 0.07359445 0.08030015 0.02574079
0.06551496 0.00348746 0.00078427 0.00041070 0.00352257 0.27658491 0.10152001 0.32242910 0.05824730 0.08129019 0.07570588 0.08063756 0.02660613
0.06495545 0.00139332 0.00176679 0.00037259 0.00127704 0.27587436 0.10077156 0.32230093 0.04618106 0.08408096 0.07410143 0.07894040 0.02824479
0.06602651 0.00723809 0.00121299 0.00951646 0.02271854 0.27582206 0.10828143 0.32363447 0.03958946 0.08701355 0.07107022 0.08155311 0.02672760
0.06522609 0.00523959 0.00121305 0.00390291 0.03674090 0.27501734 0.10301046 0.32408826 0.04296017 0.08076941 0.07251890 0.08010164 0.02866153
0.06125979 0.00586365 0.00385726 0.00624007 0.03074155 0.27551980 0.10421484 0.32520185 0.04759763 0.08481323 0.07604724 0.08748277 0.02938950
0.03658774 0.00323618 0.00189070 0.00334659 0.02384290 0.27376496 0.10233024 0.32425765 0.04904356 0.08489065 0.07342762 0.07965364 0.04216248
0.03714825 0.00405050 0.00138647 0.00613523 0.03579296 0.27389496 0.10284967 0.32366276 0.04904095 0.08273285 0.07858025 0.08245590 0.03127568
0.04285295 0.00303634 0.00130902 0.00456984 0.03416577 0.27376953 0.10364585 0.32274880 0.04837920 0.07869098 0.07527390 0.08229848 0.04026632
0.04649228 0.01056607 0.00072807 0.01062584 0.02187480 0.27362013 0.10797160 0.32249449 0.05948420 0.06828864 0.07880830 0.08349935 0.04316962
0.04676265 0.00600068 0.00049598 0.00762039 0.04185170 0.27234813 0.10597967 0.32151148 0.05307319 0.07483170 0.07919147 0.08353423 0.05470753
0.04526121 0.00335224 0.00078753 0.00607433 0.03149597 0.27309375 0.10791807 0.32210474 0.04285715 0.08312866 0.07985050 0.08257767 0.04270085
0.04376506 0.00391751 0.00071544 0.00611640 0.02535465 0.27414321 0.10617256 0.32081268 0.04196556 0.09065584 0.07457693 0.08500303 0.03928903
0.04232859 0.00455982 0.00229168 0.00454588 0.03718480 0.27415114 0.10449884 0.32238065 0.03933061 0.09632606 0.06666296 0.07997683 0.04558135
0.04023841 0.00473591 0.00170824 0.00612570 0.03796302 0.27499764 0.10275831 0.32081721 0.03881697 0.09315301 0.07103683 0.08103436 0.02779168
0.03750391 0.00344370 0.00146037 0.00407591 0.02256934 0.27686654 0.10204170 0.32364517 0.04368530 0.09697897 0.07213413 0.08161582 0.03241176
0.03382039 0.00670797 0.00170141 0.00802848 0.04348374 0.27788907 0.10435767 0.32391232 0.05082228 0.08685892 0.07346831 0.08054488 0.02862201
0.03182203 0.00638941 0.00164171 0.00160526 0.01167459 0.27936926 0.10260780 0.32426835 0.06097199 0.07941828 0.08063600 0.08295985 0.02866414
0.03048120 0.00784592 0.00157066 0.00795329 0.03836151 0.27917413 0.10388737 0.32500744 0.05735720 0.07247776 0.08380880 0.08285015 0.03164989
0.03148594 0.00576741 0.00125714 0.00482397 0.03119578 0.28058051 0.10452044 0.32397884 0.05875746 0.06932231 0.08175977 0.08280573 0.02820538
0.03283752 0.00759028 0.00073623 0.00751449 0.02458099 0.27805754 0.10427834 0.32327774 0.05224347 0.07757921 0.08163756 0.08029612 0.03153907
0.03326626 0.00295482 0.00065725 0.00582610 0.03895472 0.28010087 0.09892276 0.32202396 0.04811320 0.08908691 0.07783444 0.08043803 0.03166127
0.03214408 0.00751784 0.00073317 0.00815228 0.04011954 0.27783229 0.10153603 0.32054312 0.04126301 0.09528682 0.07480543 0.08146878 0.02523943
0.03096610 0.00982330 0.00072921 0.01012799 0.03656737 0.27873852 0.10307392 0.32027036 0.04374739 0.09824689 0.06481259 0.07986473 0.02543351
0.03016896 0.00433434 0.00066220 0.00244801 0.04406337 0.27706903 0.09987995 0.31941786 0.04242221 0.09495671 0.06396629 0.08019078 0.02809925
0.02983110 0.00454280 0.00208556 0.00521284 0.03576829 0.27895137 0.09467475 0.31969094 0.04521998 0.08494564 0.08027205 0.08753072 0.02802820
0.02961163 0.01105731 0.00096949 0.01203925 0.04413543 0.27726335 0.09996134 0.32097554 0.05256351 0.08025796 0.07431423 0.08177509 0.02448297
0.02937735 0.00785650 0.00093684 0.00843396 0.02971158 0.27776219 0.09707873 0.32144369 0.05908414 0.07694848 0.07375450 0.08133332 0.03051082
0.02932200 0.01106506 0.00065266 0.00949515 0.05297319 0.27503986 0.09714793 0.32290859 0.05859739 0.07217562 0.07271933 0.08168520 0.03576405
0.02954163 0.00950788 0.00076343 0.00901920 0.05753433 0.27557995 0.10274203 0.32368691 0.04676599 0.08152070 0.07544612 0.08120034 0.03167390
0.02904516 0.00592857 0.00099772 0.00729149 0.04706952 0.27402888 0.09985928 0.32470942 0.04268755 0.08604764 0.06841859 0.07982929 0.04137934
0.02795469 0.00414097 0.00068586 0.00717474 0.04064032 0.27486385 0.10135798 0.32471325 0.04375852 0.09160716 0.07528888 0.08086353 0.02929839
0.02768412 0.00775156 0.00057724 0.00631923 0.03800198 0.27253324 0.10818669 0.32408584 0.04871819 0.09228795 0.06738414 0.08178583 0.03336625
0.02726547 0.00518241 0.00060739 0.00660177 0.04216131 0.27284178 0.10376674 0.32433012 0.04523182 0.09094201 0.07692476 0.07922907 0.02758127
0.02534135 0.00690214 0.00069187 0.00656301 0.05783499 0.27322230 0.10452414 0.32360462 0.04338084 0.08438058 0.06613835 0.08132657 0.03309417
0.02426434 0.00611740 0.00099090 0.00689261 0.04962629 0.27294808 0.10114162 0.32223341 0.04112457 0.08078632 0.07682690 0.08240586 0.02800354
0.02317036 0.00314739 0.00079754 0.00259470 0.02381217 0.27860271 0.10726793 0.32251306 0.05275641 0.07306123 0.07703412 0.08381374 0.02785721
0.02326312 0.00979056 0.00158056 0.01147290 0.05210005 0.27358044 0.10665510 0.32296895 0.05102604 0.06981071 0.07554888 0.08295096 0.03414812
0.02342704 0.01228964 0.00137132 0.01505507 0.05986782 0.27539058 0.10276388 0.32296685 0.05449635 0.06634046 0.07204275 0.08231149 0.03608156
0.02380926 0.00739482 0.00443112 0.00764997 0.06296333 0.27609879 0.10423583 0.32175644 0.04362011 0.09500424 0.07691177 0.08253427 0.03989108
0.02539150 0.00543842 0.00113244 0.00514027 0.04485146 0.27404598 0.10320160 0.32319923 0.05026719 0.09464604 0.07884853 0.07922862 0.02670666
0.02770167 0.00530586 0.00260392 0.00486952 0.04397136 0.27470620 0.09580033 0.32199041 0.04613931 0.10085254 0.07172293 0.08036473 0.03350669
0.02926038 0.00413662 0.00070876 0.00216285 0.02342378 0.27423231 0.09559364 0.32128418 0.04998892 0.10333256 0.07057891 0.07880632 0.02744757
0.03654423 0.00386383 0.00120774 0.00369823 0.02532308 0.27571622 0.09784818 0.32373025 0.05226120 0.10249750 0.07811320 0.07986124 0.02496106
0.03921139 0.00688953 0.00078471 0.00703010 0.03184140 0.27767745 0.09003876 0.32366997 0.04975722 0.09114869 0.08125297 0.08060044 0.03638152
0.03979624 0.00204463 0.00058735 0.00049868 0.04431682 0.27747357 0.09960938 0.32489786 0.05728415 0.08040966 0.08060364 0.07966624 0.02473097
0.03905922 0.01090027 0.00058934 0.01249266 0.01749980 0.27877688 0.09589680 0.32368599 0.07042122 0.07546306 0.08213828 0.08119073 0.02629707
0.03720500 0.00595476 0.00444229 0.00714021 0.03532718 0.27825971 0.09373856 0.32466237 0.06299993 0.09161797 0.08993883 0.08229677 0.02556068
0.03582195 0.00805609 0.00132907 0.00669967 0.03480580 0.27763583 0.09252864 0.32517273 0.05827622 0.10004064 0.08396630 0.08183200 0.03740135
0.03498596 0.00943659 0.00164476 0.00692607 0.02893595 0.27955151 0.09276232 0.32200607 0.05943092 0.10231329 0.07015842 0.08231682 0.02935037
0.03530566 0.00633342 0.00119021 0.00838514 0.01874617 0.27731673 0.09742039 0.32274387 0.04806067 0.10498536 0.08570928 0.07845558 0.03259150
0.03536439 0.00654066 0.00247893 0.00687204 0.04331888 0.27782716 0.11112198 0.32179503 0.05234025 0.11189905 0.06219975 0.08227883 0.02465733
0.03531971 0.00611530 0.00232588 0.00387163 0.05386296 0.27827371 0.09306433 0.32175442 0.05245495 0.11572019 0.08145941 0.08248208 0.03551950
0.03610328 0.00501062 0.00135700 0.00271137 0.03712240 0.27524961 0.09931258 0.32352696 0.05566187 0.10678985 0.07753822 0.08171910 0.02659378
0.05683484 0.01075402 0.00145546 0.01274119 0.04109761 0.27968029 0.08964002 0.32285330 0.05895445 0.09250721 0.07695184 0.08263921 0.02935081
0.05612249 0.00681693 0.00190029 0.00467723 0.05161926 0.27575954 0.09109950 0.32440690 0.05562049 0.08512941 0.07476699 0.07927947 0.02699682
0.05379303 0.00793301 0.00186957 0.00565956 0.03952864 0.27722080 0.09862424 0.32285500 0.05578099 0.08205236 0.07882487 0.08295256 0.02817220
0.05045331 0.00937910 0.00135905 0.00889648 0.02204503 0.27622345 0.10455433 0.32385444 0.06871597 0.08361163 0.06989629 0.08090988 0.02695622
0.05566187 0.01161086 0.00158571 0.01278371 0.05263349 0.27561541 0.09367469 0.32312190 0.05538888 0.08406020 0.08257394 0.08023199 0.02744566
0.04780203 0.00669718 0.00070154 0.00635539 0.05585663 0.27453883 0.09511496 0.32363988 0.05206419 0.08846949 0.07741904 0.08167477 0.02993624
0.04628733 0.00401740 0.00124315 0.00579524 0.05505869 0.27461098 0.09643696 0.32294184 0.05205211 0.10277876 0.07643804 0.08008837 0.02858153
0.03714230 0.01561917 0.00164601 0.01662813 0.04388093 0.27348132 0.10042016 0.32316365 0.04999130 0.11254298 0.07031659 0.08299625 0.02881115
0.03603848 0.00897082 0.00122554 0.00625170 0.04327898 0.27359492 0.10119414 0.32315064 0.04807162 0.11065569 0.07054240 0.07939484 0.03039343
0.03536593 0.00578346 0.00106910 0.00527557 0.05186652 0.27247638 0.10544602 0.32313010 0.04876600 0.09999339 0.06459164 0.07924311 0.02667963
0.03399995 0.00447076 0.00096037 0.00333207 0.05371925 0.27171129 0.10788173 0.32273576 0.04647578 0.08816808 0.07505274 0.08324958 0.02609413
0.03088054 0.01277722 0.00078368 0.01378419 0.05683007 0.27247102 0.10229513 0.32440002 0.05677236 0.07701175 0.08273508 0.08180574 0.02789298
0.03180945 0.00792318 0.00071655 0.00871011 0.05822974 0.27210378 0.09692137 0.32378790 0.06522567 0.06644827 0.08317726 0.08285396 0.03733224
0.03198115 0.01230547 0.00310920 0.01042043 0.05281792 0.27074527 0.09260519 0.32377306 0.06443975 0.07305548 0.08535158 0.08224333 0.02980186
0.03129570 0.01180605 0.00096440 0.01170770 0.06510964 0.27135307 0.09519518 0.32521607 0.05817187 0.07993632 0.07390924 0.08109165 0.04713805
0.02848832 0.00659124 0.00124450 0.00426082 0.04042915 0.27088465 0.09649155 0.32428662 0.04722512 0.09988905 0.07987165 0.08026932 0.03382142
0.02735499 0.00444716 0.00127064 0.00398724 0.04466162 0.27202177 0.10127773 0.32649667 0.05074174 0.11129980 0.07162914 0.08374003 0.02713375
0.02866265 0.00792565 0.00091082 0.00935374 0.02988023 0.27152554 0.10121088 0.32581973 0.05120622 0.11559833 0.07055461 0.08044017 0.04985328
0.02997786 0.00288786 0.00204776 0.00354582 0.00886455 0.27345426 0.10238685 0.32610961 0.04479384 0.10788742 0.07241589 0.07922811 0.02801127
0.03098629 0.00388337 0.00176518 0.00223699 0.02658805 0.27400182 0.10140555 0.32646513 0.05760213 0.09646949 0.07296738 0.08385906 0.03447971
0.03263113 0.00348068 0.00121621 0.00483881 0.03314592 0.27409901 0.09466719 0.32494289 0.06579099 0.08911893 0.08019525 0.08276576 0.03419390
0.03389897 0.00767018 0.00272970 0.00996948 0.03034562 0.27413473 0.09657683 0.32463504 0.07115374 0.08758169 0.08480850 0.08092364 0.02750094
0.03673214 0.00917463 0.00086159 0.00648276 0.04454552 0.27509637 0.09683723 0.32259835 0.06264185 0.07671473 0.08034375 0.08276934 0.02966237
0.03835117 0.01016118 0.00175652 0.00922974 0.04225604 0.27429783 0.09831366 0.32307566 0.05594076 0.07507000 0.08403188 0.08174130 0.02511698
0.03811322 0.00849739 0.00083040 0.01206977 0.03410655 0.27362310 0.10008193 0.32138735 0.05520074 0.08628412 0.07363699 0.08183851 0.02586589
0.03808051 0.00308102 0.00242117 0.00353206 0.05469780 0.27375140 0.09778112 0.32160610 0.04713041 0.09795414 0.08430692 0.08151830 0.02859119
0.03889910 0.00438708 0.00110725 0.00381413 0.02827484 0.27604312 0.10482128 0.32372192 0.05408947 0.10452063 0.07861632 0.08304387 0.02848348
0.04010684 0.00460679 0.00114058 0.00550977 0.02425164 0.27697843 0.10653951 0.32421740 0.06279108 0.10041379 0.07388249 0.08031191 0.02942874
0.03964595 0.00509703 0.00097265 0.00702144 0.02512576 0.27604914 0.10209833 0.32502519 0.05013275 0.09141031 0.08667471 0.08217438 0.03895402
0.03780043 0.00154283 0.00118364 0.00176885 0.00133410 0.27716424 0.10356628 0.32431414 0.05258130 0.08426099 0.07533540 0.07832100 0.04005967
0.03586740 0.00169911 0.00204248 0.00066731 0.00130783 0.27890566 0.10583607 0.32608017 0.05605505 0.09300791 0.08347754 0.08253841 0.02804325
0.03514991 0.00523025 0.00102566 0.00499411 0.01782347 0.27871663 0.10766576 0.32614613 0.05742699 0.09217051 0.08183316 0.08129685 0.02787846
0.03375150 0.01042739 0.00122792 0.00922299 0.04371112 0.27809129 0.10246827 0.32499132 0.05382568 0.09291521 0.07835686 0.08115767 0.02902909
0.03239529 0.00756158 0.00183761 0.00626244 0.04298218 0.27595464 0.09919469 0.32449700 0.05558312 0.09647272 0.07710319 0.08098715 0.03800370
0.02983875 0.00360312 0.00171652 0.00253684 0.02237679 0.27669730 0.10648937 0.32425276 0.04403455 0.09181574 0.07610311 0.08926667 0.03115169
0.02879343 0.00387884 0.00169891 0.00436835 0.02629272 0.27446242 0.10791751 0.32076633 0.04710754 0.09176329 0.06916932 0.08080921 0.02611550
0.02849715 0.00186164 0.00132257 0.00248466 0.01767371 0.27654001 0.10172871 0.32227069 0.04682612 0.09266940 0.07870465 0.08112117 0.02636540
0.02975017 0.00160567 0.00097976 0.00035422 0.00084921 0.27407401 0.10264320 0.32066997 0.04921092 0.08952212 0.07536088 0.07934813 0.02613137
0.03156379 0.00166192 0.00063574 0.00025542 0.00083881 0.27473177 0.09653291 0.32177838 0.04957724 0.08073231 0.07490514 0.08064257 0.02875871
0.03214133 0.00276884 0.00052261 0.00068979 0.00305447 0.27339498 0.10435504 0.32253912 0.05854232 0.07814727 0.07264836 0.07767048 0.02552703
0.03157756 0.00236108 0.00126288 0.00097372 0.00339907 0.27327328 0.10059568 0.32325137 0.05245420 0.09136327 0.07798166 0.07991803 0.02698916
0.03083245 0.00152481 0.00097422 0.00359469 0.00470091 0.27233685 0.10277864 0.32461919 0.04883141 0.09399804 0.07706969 0.08057904 0.02791937
0.02937904 0.00235947 0.00141735 0.00267802 0.00446467 0.27286745 0.09975337 0.32521558 0.04531045 0.09904869 0.07784076 0.07875308 0.03581113
0.02735106 0.00331456 0.00140979 0.00382532 0.02299608 0.27315208 0.09730099 0.32602197 0.05694233 0.09669110 0.06855268 0.08067851 0.03576259
0.02645343 0.00228734 0.00158840 0.00394199 0.00425167 0.27556658 0.09909945 0.32707311 0.04844880 0.09166533 0.07382894 0.08022288 0.03842298
0.02706339 0.00252441 0.00212379 0.00210319 0.00267588 0.27276368 0.09986875 0.32695045 0.04845694 0.10111878 0.08059970 0.08089653 0.02679203
0.02864503 0.00245075 0.00162375 0.00155762 0.00297262 0.27593062 0.10128026 0.32605462 0.05267552 0.09628448 0.07463927 0.08027237 0.03531576
0.03002274 0.00533267 0.00122557 0.00349643 0.00472404 0.27419898 0.09817285 0.32495083 0.05792235 0.08973850 0.07886052 0.07886836 0.03512287
0.03099419 0.01003179 0.00136363 0.00888924 0.02358494 0.27629970 0.09995628 0.32491373 0.05567739 0.09213165 0.07738483 0.08010657 0.02704993
0.03139002 0.00240772 0.00082767 0.00199434 0.02679499 0.27676732 0.09796560 0.32389167 0.05604704 0.08968631 0.08028456 0.07955299 0.03428540
0.03093539 0.00923899 0.00105196 0.01298134 0.04800359 0.27682837 0.10403796 0.32299002 0.05240956 0.08971693 0.07674825 0.08213501 0.02524270
0.03036471 0.00736682 0.00146520 0.00815114 0.05519576 0.27702716 0.09871123 0.32466612 0.05360379 0.10076804 0.07908770 0.08306440 0.03291709
0.02954064 0.00510550 0.00133315 0.00475511 0.05945333 0.27647726 0.10236305 0.32364150 0.05881521 0.09226319 0.07868412 0.08224611 0.02951189
0.02969921 0.00572255 0.00384324 0.00558099 0.03475245 0.27549520 0.11139268 0.32502937 0.05507228 0.09083107 0.08121746 0.08131167 0.04949908
0.03242561 0.00956733 0.00174815 0.01137195 0.05354731 0.27656091 0.10489581 0.32518236 0.05271458 0.09410465 0.07852740 0.08460399 0.03040626
0.03334819 0.00344651 0.00119647 0.00455799 0.03101732 0.27500602 0.10322882 0.32310016 0.04830949 0.10500763 0.07960330 0.08085923 0.03541147
0.03014369 0.00429984 0.00145003 0.00203602 0.04262825 0.27806715 0.10530468 0.32548785 0.05129854 0.09499654 0.08183195 0.08027292 0.02994598
0.02950998 0.01082374 0.00125838 0.01248457 0.02149928 0.27622043 0.10373293 0.32600860 0.05898829 0.08724248 0.07647281 0.07998707 0.03223385
0.02935995 0.00740177 0.00215409 0.00769708 0.06319809 0.27654331 0.11673488 0.32578638 0.04761242 0.08464155 0.07071334 0.08151165 0.04273726
0.02917898 0.00830318 0.00052327 0.01111510 0.07064658 0.27693795 0.10593150 0.32650785 0.05481003 0.08465330 0.07780815 0.08314517 0.04586435
0.02806695 0.01005286 0.00065993 0.01056572 0.04800575 0.27467940 0.10432657 0.32732086 0.07403069 0.07978361 0.07859869 0.08290148 0.04008656
0.02695509 0.00695660 0.00060404 0.00748088 0.04607214 0.27504136 0.10370147 0.32586705 0.05969658 0.08140182 0.08509902 0.08283276 0.04592761
0.02515892 0.00401964 0.00066778 0.00893464 0.03180845 0.27279288 0.10260777 0.32519162 0.04855427 0.08517027 0.07600667 0.08141435 0.04606787
0.02496939 0.01270124 0.00214589 0.01269884 0.01609967 0.27418158 0.10949668 0.32310139 0.04294968 0.09468115 0.07268031 0.08076783 0.03147603
0.02470366 0.01050840 0.00064831 0.01261579 0.05208593 0.27190357 0.11347934 0.32460518 0.04496591 0.10253382 0.06745325 0.07830996 0.03228275
0.02459679 0.01140461 0.00057797 0.01134607 0.04479717 0.27077611 0.09881283 0.32370425 0.04863076 0.09980157 0.07859920 0.08138418 0.02782599
0.02445004 0.00730734 0.00144640 0.00503812 0.02964766 0.26951517 0.10797865 0.32356885 0.05627581 0.09363814 0.07006883 0.08005101 0.04269206
0.02438053 0.00742469 0.00095739 0.00933843 0.05245483 0.27102965 0.09483880 0.32410435 0.05122627 0.08821135 0.08518924 0.08192328 0.03752320
0.02552345 0.00882642 0.00077319 0.00946555 0.03943052 0.26878718 0.10293668 0.32461180 0.06146202 0.08871676 0.07804486 0.08095126 0.02922299
0.02669823 0.00378099 0.00078577 0.00121985 0.03003343 0.26962047 0.09769698 0.32532697 0.05590131 0.08925683 0.08468435 0.08150253 0.03041348
0.02709652 0.00482511 0.00067637 0.00507322 0.02980859 0.27011590 0.10039967 0.32640749 0.05385487 0.08727791 0.07769827 0.08035327 0.03592914
0.02699958 0.00302128 0.00298399 0.00212653 0.00246002 0.26938365 0.10457459 0.32667947 0.05051944 0.08461722 0.07582709 0.08124803 0.02776270
0.02714093 0.00673337 0.00054538 0.00803812 0.03404622 0.27087493 0.10973198 0.32676853 0.04930455 0.08721568 0.07077838 0.08703415 0.02571159
0.02655036 0.00882387 0.00121473 0.00798786 0.04581315 0.27004721 0.09370376 0.32654550 0.05440137 0.09134909 0.07833008 0.07950199 0.02788210
0.02647341 0.00774046 0.00125335 0.00637737 0.04348479 0.27151758 0.10367723 0.32634344 0.04947633 0.09914926 0.07963486 0.08166117 0.02721866
0.02723082 0.00405083 0.00095412 0.00528011 0.03360464 0.27222277 0.10512025 0.32627789 0.04991118 0.09162728 0.07368152 0.08050915 0.03598828
0.02767589 0.00253617 0.00069971 0.00523287 0.03140512 0.27199476 0.10050168 0.32542345 0.04891143 0.08651685 0.07704637 0.07971424 0.03919796
0.02779365 0.00346337 0.00073745 0.00536554 0.03097897 0.27303057 0.10684927 0.32520200 0.05208654 0.08838090 0.07456092 0.08221530 0.02653310
0.02735965 0.00330363 0.00059590 0.00356681 0.02824384 0.27450287 0.10189403 0.32504795 0.05354796 0.09612567 0.08668651 0.08049799 0.04549529
0.02669709 0.00221559 0.00070399 0.00371744 0.04167623 0.27409543 0.11074252 0.32492384 0.06079463 0.09265686 0.07436421 0.08280520 0.03467066
0.02495640 0.00411193 0.00062843 0.00444714 0.02902717 0.27558884 0.12023912 0.32555211 0.04627489 0.08408689 0.08426814 0.08129157 0.04121718
0.02404574 0.00326047 0.00068493 0.00506472 0.02446547 0.27551609 0.11194714 0.32658566 0.04970170 0.07690906 0.07854178 0.08121034 0.03352694
0.02276315 0.00379026 0.00068281 0.00438941 0.02721208 0.27792538 0.11486712 0.32668502 0.05401062 0.07739041 0.08063255 0.08199536 0.03645495
0.02248636 0.00724224 0.00122452 0.01028230 0.03538980 0.27704747 0.11674593 0.32832785 0.05521007 0.07734238 0.07900780 0.08034465 0.03878202
0.02313423 0.00896598 0.00153766 0.01205590 0.05927195 0.27790828 0.10527721 0.32824485 0.05033496 0.07758128 0.08352021 0.08159963 0.05292861
0.02244169 0.00843070 0.00073316 0.01068988 0.05619512 0.27532221 0.11761060 0.32863343 0.04856560 0.07866355 0.07679480 0.08229644 0.03480473
0.02217136 0.00795594 0.00070759 0.01101903 0.05769425 0.27626932 0.10671354 0.32835635 0.04691422 0.08552437 0.08547637 0.08096807 0.03392557
0.02435370 0.00868782 0.00054243 0.00987015 0.05693335 0.27583920 0.12044584 0.32843166 0.05940847 0.09200385 0.06921397 0.08321022 0.03169620
0.02533574 0.01070151 0.00091713 0.01365044 0.03728565 0.27681215 0.11007672 0.32626545 0.04820367 0.09515600 0.08731068 0.08113362 0.03780281
0.02583297 0.00814584 0.00080319 0.00734802 0.07541574 0.27550918 0.10882608 0.32731877 0.04767056 0.08462473 0.07289637 0.08326410 0.03385270
0.02491589 0.00883818 0.00224625 0.01302290 0.04860415 0.27548947 0.10106304 0.32578874 0.04472003 0.08762071 0.07593818 0.08165125 0.03710478
0.02577292 0.00463448 0.00097161 0.00472122 0.05597958 0.27457075 0.10634131 0.32588834 0.04998512 0.07870386 0.07330141 0.08236166 0.03908004
0.02651676 0.00551681 0.00192696 0.00778200 0.04082225 0.27197771 0.09460390 0.32388088 0.05577182 0.08393123 0.08760198 0.07976827 0.02760591
0.02825898 0.00427063 0.00196423 0.00276205 0.03383469 0.27243100 0.10544071 0.32358332 0.05371442 0.08692893 0.07468807 0.07885974 0.02930440
0.03202988 0.00913067 0.00112136 0.01304833 0.03307217 0.27093586 0.09826952 0.32338483 0.04861075 0.08739939 0.07680434 0.08043886 0.02727385
0.03439413 0.00712341 0.00123901 0.00956781 0.03179825 0.27153848 0.09817057 0.32414833 0.04853136 0.10522549 0.06618275 0.07998485 0.03645111
0.03515452 0.01507107 0.00125157 0.01633602 0.04872796 0.26778382 0.09824939 0.32421305 0.04604454 0.10178527 0.07595544 0.08179091 0.03816758
0.03528124 0.00638859 0.00076467 0.00719892 0.05160772 0.26833761 0.09541281 0.32569561 0.05450322 0.09552352 0.07813226 0.08143301 0.04280762
0.03437367 0.00807984 0.00109570 0.00971056 0.04386346 0.26718824 0.09405901 0.32407556 0.06093812 0.09657657 0.07778009 0.08106195 0.02892708
0.03319739 0.00324227 0.00184755 0.00262226 0.03530298 0.26673731 0.09905446 0.32425535 0.05884467 0.09110620 0.07921660 0.08151122 0.03583029
0.03086935 0.00781476 0.00137006 0.01204250 0.03827669 0.26907861 0.09555498 0.32535588 0.05477963 0.08129094 0.08574231 0.08421915 0.02732903
0.02884650 0.00809575 0.00126796 0.00657888 0.01560811 0.26724845 0.11048196 0.32467638 0.05637613 0.08767883 0.08285990 0.07914887 0.02792471
0.04998945 0.00342430 0.00143135 0.01025268 0.00572816 0.26809245 0.10559999 0.32458537 0.05715277 0.09741476 0.08322790 0.08440121 0.03585913
0.05018770 0.00846292 0.00115061 0.00870749 0.04456897 0.26582121 0.10612226 0.32429305 0.05116501 0.10221031 0.07658340 0.08025451 0.04150255
0.04959771 0.00910856 0.00096171 0.00716572 0.03247970 0.26673379 0.11376374 0.32416112 0.05845859 0.09515456 0.07865263 0.08380224 0.03193497
0.04918731 0.00597348 0.00088422 0.00483300 0.05275645 0.26582934 0.10617167 0.32274019 0.06199811 0.09288916 0.07568936 0.08139482 0.03518561
0.04835329 0.00760339 0.00125948 0.01154297 0.03754503 0.26825024 0.10882901 0.32405864 0.05860334 0.09095647 0.07546752 0.08219889 0.03284999
0.04798637 0.01189010 0.00067303 0.01165859 0.04550073 0.26636295 0.10445770 0.32237196 0.04420061 0.09014524 0.08793207 0.08224207 0.04168240
0.04686774 0.00579115 0.00054175 0.00737783 0.05359131 0.26831695 0.11067524 0.32403538 0.05402158 0.08546973 0.07538170 0.08345445 0.05126524
0.04544934 0.00979653 0.00062809 0.01166081 0.05117137 0.26747404 0.11147195 0.32340469 0.05298225 0.07468881 0.08644322 0.08271730 0.03235039
0.04360730 0.00528678 0.00066957 0.00499784 0.03413183 0.26815396 0.11378423 0.32472009 0.05876922 0.07131764 0.07561899 0.08318711 0.05981765
0.04302191 0.00832209 0.00069898 0.00754995 0.03415685 0.26874598 0.11417976 0.32550324 0.05505251 0.07556401 0.08596136 0.08182884 0.02990431
0.03128650 0.01313003 0.00129640 0.01271212 0.03497947 0.26729036 0.11863136 0.32554007 0.05366297 0.08378797 0.08719451 0.08549540 0.04058996
0.03257072 0.00667718 0.00234051 0.00555856 0.03340990 0.26845624 0.10409856 0.32523547 0.06556229 0.08880382 0.07852488 0.08321377 0.03332444
0.03631028 0.00300593 0.00191902 0.00144093 0.00339121 0.26916656 0.11191165 0.32449252 0.05117807 0.09041049 0.07160697 0.08747425 0.03764903
0.03933495 0.00580198 0.00156243 0.00364249 0.04702473 0.26623513 0.10701684 0.32188599 0.04447457 0.09330863 0.07621835 0.07832664 0.03364201
0.04227265 0.00838975 0.00066588 0.00828200 0.04576101 0.26761614 0.10696374 0.32268819 0.05632464 0.09505083 0.06467123 0.08203551 0.02933990
0.04370502 0.01195272 0.00523309 0.01409197 0.04706284 0.26671104 0.10481937 0.32058519 0.04328425 0.08748784 0.07655572 0.08348957 0.02969701
0.04347961 0.00596575 0.00154819 0.00516165 0.04816055 0.26652335 0.10770609 0.31979121 0.04744260 0.07481677 0.07725371 0.08181292 0.02756506
0.04156174 0.00821549 0.00120641 0.00385987 0.05109046 0.26682811 0.09667120 0.31911479 0.06308171 0.06858205 0.07977202 0.08159106 0.02855994
0.04073955 0.00848456 0.00115541 0.00748642 0.04536289 0.26681322 0.10305989 0.31980618 0.06651978 0.07051304 0.08015628 0.08241774 0.02707652
0.03837004 0.00430066 0.00111385 0.00885220 0.02545665 0.26764257 0.09528462 0.31947444 0.06000208 0.08008253 0.08475981 0.08369171 0.03025848
0.03582039 0.00422466 0.00103952 0.00508579 0.02818794 0.26669243 0.09847147 0.32018080 0.05842509 0.08406351 0.07516386 0.08274177 0.03689344
0.03478741 0.00186084 0.00099150 0.00380316 0.03731344 0.26776156 0.09831791 0.32025042 0.04716295 0.08240354 0.07065964 0.07902117 0.02831772
0.03392512 0.00219288 0.00102889 0.00475808 0.02917710 0.26851595 0.09795495 0.32108011 0.04364713 0.08831862 0.06776139 0.07830954 0.03126873
0.03269465 0.00300779 0.00190215 0.00524106 0.02742926 0.26594444 0.10420000 0.32094982 0.04533985 0.09198094 0.06931981 0.08086544 0.03018263
0.03053857 0.00575739 0.00149766 0.00383764 0.01762338 0.26630153 0.10291688 0.32130090 0.04776495 0.09351092 0.07477579 0.08074603 0.02797928
0.02947565 0.00406566 0.00125758 0.00389346 0.02987453 0.26530803 0.10166515 0.32064742 0.05080464 0.08960687 0.07180293 0.08231685 0.02947202
0.02972307 0.00359293 0.00093072 0.00395896 0.00566324 0.26480427 0.10274781 0.31983067 0.05230614 0.07683555 0.07647938 0.08098226 0.03217286
0.02942694 0.00360024 0.00087927 0.00290270 0.05436609 0.26866590 0.10240924 0.32187260 0.05003008 0.07351708 0.07513844 0.08084875 0.04622039
0.02932498 0.00444688 0.00083096 0.00603200 0.03594093 0.26677940 0.10465058 0.32177088 0.04835573 0.08089031 0.08660494 0.08356641 0.03408992
0.02920254 0.01096123 0.00146131 0.01317783 0.03558921 0.27031702 0.10628468 0.32163040 0.05194283 0.08491434 0.07460412 0.08415215 0.03185106
0.02896946 0.00944418 0.00197423 0.00786387 0.04056634 0.26745565 0.10216684 0.32036865 0.04432379 0.07746140 0.07341720 0.08060857 0.04171774
0.02837611 0.00729415 0.00118364 0.01085780 0.03270348 0.27009212 0.10452488 0.32144928 0.05103771 0.07472289 0.07823109 0.08213065 0.02753562
0.02833393 0.00302024 0.00072792 0.00377530 0.03088948 0.26497449 0.10501963 0.31946005 0.04417155 0.07740286 0.07310689 0.07884771 0.03632253
0.02826878 0.00436474 0.00077555 0.00636703 0.03180551 0.26869809 0.10694415 0.32048832 0.04507288 0.08301344 0.07409712 0.08256891 0.03097444
0.02830910 0.00369968 0.00065673 0.00166784 0.02167062 0.26517049 0.10789524 0.32096078 0.04293740 0.08549050 0.07599276 0.08016066 0.04760899
0.02755375 0.00874280 0.00062582 0.01183028 0.02780315 0.26770093 0.10908598 0.32072225 0.04698638 0.08507084 0.07062059 0.08084986 0.02834817
0.02732969 0.00182624 0.00087805 0.00208939 0.01528125 0.26552614 0.10801838 0.32077052 0.04463252 0.08147284 0.07400763 0.07982218 0.02961221
0.02675563 0.00357607 0.00075705 0.00235076 0.03031144 0.26671042 0.11194130 0.32192231 0.05581179 0.07460036 0.07624407 0.08227634 0.02997071
0.02628117 0.00486762 0.00056608 0.00598260 0.02910543 0.26508233 0.10809642 0.32161205 0.05148017 0.07255846 0.08342455 0.08035329 0.02943739
0.02540137 0.00235180 0.00052581 0.00273497 0.02205662 0.26651058 0.11006800 0.32280772 0.05416664 0.07070352 0.08460080 0.08272773 0.03046800
0.02479387 0.00268395 0.00059702 0.00287854 0.02097782 0.26534395 0.10832751 0.32191824 0.05467250 0.07079302 0.07700793 0.07812548 0.02757884
0.02467092 0.00438665 0.00060018 0.00629331 0.03715160 0.26593971 0.10689417 0.32165768 0.04739114 0.07432907 0.07127354 0.08097505 0.02843965
0.02408484 0.00517555 0.00073314 0.00356279 0.02279251 0.26740034 0.10414702 0.32110084 0.03775997 0.08400948 0.07601469 0.07895343 0.02786051
0.02354481 0.00750264 0.00181258 0.01039807 0.01277367 0.26645627 0.10130591 0.31996079 0.04377967 0.10200584 0.06680197 0.07937822 0.02698343
0.02404640 0.00273812 0.00144788 0.00391335 0.04812815 0.26717846 0.09888246 0.31965427 0.04107292 0.10198371 0.07209685 0.08150216 0.02831485
0.02603387 0.00770791 0.00092987 0.00843808 0.00823942 0.26584437 0.10932544 0.31938349 0.04617736 0.09339656 0.07192747 0.08134737 0.02615974
0.02765473 0.00281582 0.00159910 0.00296077 0.00625425 0.26885845 0.10104872 0.32018895 0.05316815 0.08019908 0.07107960 0.08126493 0.03773365
0.02932812 0.00402124 0.00099033 0.00169770 0.00274991 0.26851603 0.09900782 0.31984589 0.05091065 0.07091203 0.08403550 0.08211304 0.02883119
0.03069704 0.00781676 0.00066278 0.00523694 0.02151511 0.26963603 0.10334538 0.32103090 0.06487948 0.06166252 0.07488967 0.07983469 0.03502004
0.03098870 0.00191915 0.00119973 0.00232323 0.00175756 0.26961089 0.09821505 0.32112041 0.05629197 0.07429054 0.07917930 0.07938887 0.02732292
0.03075056 0.00322181 0.00075900 0.00133259 0.00452223 0.26850523 0.11053975 0.32202331 0.04678040 0.07276868 0.08441989 0.08186494 0.03439606
0.03095747 0.00434455 0.00057346 0.00114754 0.00493892 0.26770380 0.10888076 0.32115403 0.05430835 0.07818167 0.07380667 0.08026389 0.02665089
0.03033723 0.00379839 0.00059819 0.00046106 0.00297060 0.26823763 0.10485216 0.32107859 0.04591271 0.08843428 0.06944327 0.07851679 0.02910487
0.02899301 0.01152019 0.00059607 0.01105168 0.01925692 0.26628627 0.10175834 0.32056691 0.03682199 0.09510438 0.07427534 0.08026901 0.02818239
0.02713332 0.00372502 0.00071639 0.00432958 0.02660083 0.26618659 0.10234219 0.32026890 0.04297694 0.09843165 0.06615881 0.07912486 0.03290928
0.02550070 0.00519062 0.00178668 0.00547959 0.03875407 0.26475068 0.10163717 0.32124101 0.04588767 0.08759506 0.07571722 0.08401286 0.03509877
0.02520344 0.00574904 0.00159337 0.00454811 0.03888848 0.26441306 0.10745469 0.32229293 0.05209997 0.08170725 0.07282584 0.08401743 0.03167927
0.02746885 0.00955893 0.00124262 0.01163437 0.01966563 0.26447194 0.10707687 0.32135413 0.05638391 0.06995943 0.07759453 0.08092408 0.03333540
0.02903538 0.00458926 0.00241147 0.00254369 0.04212482 0.26336467 0.11062743 0.32122856 0.05128565 0.06976912 0.08509568 0.08185857 0.03412390
0.03233701 0.00339092 0.00099550 0.00446074 0.00299029 0.26321356 0.10610193 0.32165195 0.05448115 0.07641791 0.08752550 0.08155391 0.03192594
0.03506650 0.00472987 0.00085387 0.00460417 0.03255679 0.26451113 0.11303058 0.32169242 0.05448557 0.07283619 0.08260881 0.08305365 0.03901786
0.03728382 0.00645255 0.00084964 0.00719471 0.04003452 0.26520975 0.11257303 0.32161529 0.04836728 0.07314121 0.07671737 0.08155203 0.03824369
0.03704595 0.00505790 0.00082190 0.00500857 0.03408989 0.26404751 0.11575855 0.32122924 0.04926440 0.08173654 0.07242724 0.08065120 0.03104181
0.03578308 0.00624180 0.00087242 0.00594157 0.04149198 0.26291545 0.11083707 0.32082052 0.04435355 0.08911719 0.07482808 0.08201987 0.03065146
0.03397971 0.00890924 0.00137271 0.01166421 0.03947745 0.26171322 0.11121414 0.32078550 0.04349925 0.09194930 0.07571360 0.08097497 0.03541962
0.03288125 0.00537515 0.00105981 0.00637810 0.03002115 0.26175782 0.11262491 0.31991081 0.04442307 0.08767712 0.07322075 0.08249709 0.03701916
0.03147465 0.00424125 0.00108745 0.00606398 0.03752214 0.26293461 0.11002847 0.31981852 0.04433624 0.08346442 0.07592024 0.07852363 0.03043861
0.02948721 0.00582300 0.00149099 0.00667582 0.02838407 0.26140677 0.10704212 0.32054754 0.05397609 0.08502663 0.07566324 0.07985928 0.04018284
0.02827531 0.00654986 0.00088084 0.00501866 0.05239574 0.26045475 0.11191480 0.31988299 0.05412647 0.07706572 0.08199680 0.08364965 0.02809997
0.02764518 0.00517236 0.00067431 0.00673915 0.04702500 0.26003721 0.10536518 0.31981717 0.05450099 0.07566858 0.08597939 0.08151400 0.03259540
0.02744977 0.00463725 0.00061050 0.00622060 0.04186127 0.26117902 0.10742272 0.32021144 0.05787274 0.07758147 0.07965446 0.08228524 0.02857021
0.02662835 0.00647916 0.00077971 0.00930291 0.05343349 0.25921876 0.10246486 0.31967161 0.05522477 0.09211081 0.08055920 0.08103443 0.03096135
0.02662184 0.00565149 0.00129187 0.00292464 0.04511463 0.26180238 0.10523080 0.32151916 0.05068653 0.09599004 0.07502964 0.08257024 0.04735355
0.02638356 0.00550641 0.00087080 0.00545294 0.03105263 0.26065354 0.10043992 0.32064271 0.04922571 0.09851567 0.07582925 0.08190869 0.02807893
0.02635422 0.00668488 0.00124495 0.00707117 0.03447708 0.26257073 0.10613559 0.32210423 0.04473376 0.09851053 0.06884363 0.08176121 0.03496864
0.02627780 0.00267720 0.00130164 0.00151531 0.00266781 0.26256357 0.10794508 0.32204182 0.05020929 0.09675578 0.07032815 0.07784266 0.02729591
0.02671646 0.00592581 0.00119831 0.00942347 0.01818284 0.26225564 0.11002843 0.32125498 0.04799233 0.09216850 0.07238841 0.07973007 0.02931682
0.02538861 0.00247801 0.00072594 0.00336207 0.02973338 0.26454883 0.10513062 0.32251263 0.04742179 0.08598854 0.08622088 0.08127621 0.02945341
0.02546673 0.00187398 0.00053463 0.00067251 0.00286319 0.26318905 0.10667972 0.32093446 0.05480172 0.07852454 0.07869911 0.08147600 0.02889253
0.02452663 0.00696969 0.00060110 0.00482199 0.03824873 0.26259196 0.10735341 0.32040970 0.04974820 0.07465566 0.08557074 0.08025925 0.02882543
0.02504968 0.00259530 0.00052072 0.00209291 0.02526551 0.26420472 0.10582812 0.32058776 0.05452798 0.07641106 0.07523576 0.08037418 0.02921907
0.02361984 0.01218831 0.00049517 0.01368313 0.03528356 0.26370652 0.10194395 0.31968704 0.05343636 0.08253563 0.07757307 0.08197303 0.02628581
0.02292747 0.00807292 0.00256087 0.01140538 0.02082042 0.26402759 0.10646279 0.32151095 0.05144002 0.09390032 0.06757751 0.08132838 0.02871715
0.02290695 0.00206743 0.00105530 0.00095512 0.00230831 0.26249746 0.10161683 0.31973999 0.04267807 0.09487844 0.08056656 0.08196352 0.02663857
0.02575427 0.00180770 0.00202323 0.00045964 0.00219438 0.26485323 0.10001822 0.32142373 0.04451954 0.09729794 0.06913327 0.07863166 0.02889826
0.02724419 0.00167676 0.00081352 0.00038353 0.00132182 0.26310901 0.10246772 0.31966951 0.04569665 0.09399376 0.07607115 0.07864469 0.02736681
0.02724426 0.00440212 0.00072388 0.00453081 0.02696088 0.26419703 0.10670798 0.32107204 0.05445450 0.09295942 0.07587105 0.08040948 0.02683021
0.02719478 0.00342923 0.00095046 0.00320910 0.03268093 0.26387308 0.10870263 0.32189303 0.05387142 0.10156559 0.08225305 0.08205055 0.02668591
0.02819646 0.00321342 0.00150493 0.00126109 0.02235281 0.26329802 0.10186239 0.32147012 0.05613712 0.09220961 0.08257050 0.08153151 0.02858884
0.02792825 0.00667499 0.00069372 0.00497823 0.04467571 0.26318094 0.11369130 0.32190940 0.05950869 0.08020762 0.07800498 0.08060857 0.02804099
0.02711926 0.00613015 0.00088481 0.00576888 0.04219448 0.26206410 0.10820759 0.32136387 0.05839161 0.07569864 0.08383574 0.08413875 0.03024123
0.02658183 0.00268979 0.00131106 0.00462775 0.02302746 0.26279785 0.10855282 0.32156307 0.05689558 0.08221989 0.08187078 0.08503580 0.04101854
0.02673857 0.00703505 0.00103831 0.00499779 0.06070491 0.26392810 0.10599629 0.32224726 0.05249316 0.08561607 0.07768033 0.08133337 0.03439392
0.02844767 0.00441592 0.00329241 0.00682641 0.03629240 0.26186074 0.12002741 0.32068250 0.04233014 0.08635839 0.07053003 0.08326396 0.03072111
0.03591369 0.00602542 0.00256797 0.00533624 0.05306377 0.26231788 0.10581398 0.31954771 0.04043073 0.08944902 0.07360210 0.08065350 0.03089766
0.03555007 0.00404396 0.00171846 0.00467260 0.04859869 0.26084822 0.11199418 0.31911011 0.04401464 0.09183931 0.07033556 0.08424173 0.02816628
0.03688443 0.00347277 0.00101858 0.00240015 0.02369419 0.26390865 0.11035267 0.31765767 0.04130564 0.09055709 0.07750335 0.08160823 0.03132286
0.03869186 0.00238780 0.00077131 0.00154126 0.00256594 0.26396357 0.10986057 0.31819818 0.04635844 0.08170454 0.07130119 0.07922117 0.02888644
0.03987043 0.00660654 0.00128895 0.00623330 0.01358899 0.26208535 0.10875960 0.31750823 0.04958857 0.07700955 0.07436465 0.08147980 0.02827137
0.03890293 0.00448314 0.00075113 0.00702823 0.02556913 0.26556346 0.10876183 0.32023123 0.04897506 0.06744113 0.07543005 0.07995648 0.02861374
0.03713283 0.00238710 0.00070716 0.00217705 0.02248926 0.26377062 0.10423031 0.32067025 0.04753535 0.06680711 0.08153983 0.08128056 0.03757971
0.03506127 0.00509881 0.00148923 0.00335301 0.02695627 0.26409720 0.10896113 0.32168118 0.05262546 0.07185595 0.07457288 0.08027172 0.02933975
0.03349105 0.00278748 0.00353786 0.00136975 0.02849270 0.26508773 0.10569762 0.32232800 0.04698945 0.07179356 0.08019649 0.08206766 0.02858509
0.03403847 0.00347580 0.00157879 0.00335699 0.02870653 0.26308538 0.10748080 0.32045434 0.04363333 0.07947967 0.06443345 0.07860060 0.03853665
0.03332047 0.00653397 0.00120609 0.00703420 0.03813167 0.26398809 0.10036944 0.32159291 0.03486137 0.08577773 0.07117609 0.08203180 0.02939741
0.03150774 0.00799912 0.00125992 0.00723748 0.02938488 0.26316766 0.10083980 0.31931682 0.04300763 0.08750231 0.06560952 0.08152781 0.03651793
0.03064868 0.00778234 0.00095467 0.00886376 0.04914346 0.26219832 0.10224901 0.31819636 0.03352205 0.08479063 0.07273791 0.07906918 0.03666870
0.03047511 0.00418637 0.00070784 0.00384991 0.03059743 0.26255877 0.09882744 0.31841553 0.04713443 0.07680059 0.06652060 0.07858362 0.05338439
0.02945175 0.00306530 0.00081690 0.00452372 0.04704269 0.26404506 0.10097297 0.31702242 0.04256344 0.06447836 0.07275336 0.08199763 0.02571362
0.03694181 0.00492321 0.00119688 0.00478135 0.03351342 0.26441273 0.10016374 0.31869897 0.04636292 0.05841148 0.07345310 0.08131549 0.04405917
0.03711314 0.00618477 0.00059319 0.00581230 0.04152183 0.26332086 0.10502683 0.31773837 0.04297665 0.05935901 0.07818065 0.08202097 0.02616468
0.03654700 0.00601067 0.00368842 0.00489317 0.03212598 0.26437139 0.10106551 0.31790199 0.05588467 0.06278868 0.06789672 0.07929701 0.03287564
0.03609772 0.00409247 0.00116798 0.00128051 0.00565578 0.26527282 0.10030129 0.31897492 0.05152515 0.06428998 0.07315056 0.08099296 0.02774844
0.03818410 0.00904049 0.00095339 0.00855020 0.02681245 0.26641406 0.11200088 0.31872518 0.03686634 0.06778182 0.06763962 0.08082397 0.02835402
0.03800769 0.00198706 0.00140153 0.00067656 0.02507055 0.26404018 0.11308725 0.32003778 0.03563914 0.07077823 0.06291870 0.08112737 0.02911084
0.04018714 0.00223292 0.00181859 0.00365559 0.00346380 0.26754704 0.10611714 0.31931774 0.03791645 0.07961274 0.07290226 0.08021062 0.04346597
0.04046989 0.00159485 0.00089257 0.00159935 0.00103692 0.26592528 0.11568778 0.32013293 0.04068023 0.07081872 0.06550458 0.07892967 0.03211738
0.04055162 0.01018661 0.00070723 0.00873260 0.01398288 0.26799790 0.11586448 0.32023463 0.03801734 0.06665615 0.07417499 0.08037483 0.03247866
0.04156786 0.00454023 0.00178298 0.00567982 0.02449216 0.26807159 0.11768062 0.32161980 0.04973217 0.07263700 0.06986374 0.08281293 0.04851929
0.04212087 0.00527882 0.00098319 0.00583453 0.02679826 0.26660631 0.11201112 0.32093747 0.05188692 0.06883558 0.07361314 0.08204774 0.04498582
0.03986560 0.00806809 0.00100678 0.00972563 0.01102024 0.27061175 0.11003417 0.32070949 0.05052010 0.06683466 0.07455523 0.08033327 0.03192990
0.04023492 0.00713729 0.00056491 0.00826100 0.03947079 0.26757855 0.11131712 0.31994878 0.05174359 0.06153809 0.07696374 0.08150560 0.04788168
0.03986753 0.00522319 0.00085338 0.00812234 0.02794371 0.26673292 0.11409968 0.31928233 0.04001343 0.06529199 0.06983469 0.08289589 0.03622958
0.03700789 0.00309774 0.00064575 0.00239656 0.00389371 0.26570750 0.12023105 0.31876741 0.04995949 0.07069440 0.06962846 0.08218190 0.04172408
0.03546041 0.00798746 0.00063581 0.00620556 0.01519339 0.26365773 0.11242226 0.31896350 0.04188591 0.07805754 0.06567018 0.07860634 0.03132115
0.03436781 0.01331904 0.00060401 0.01445272 0.02164433 0.26432858 0.11058928 0.31924310 0.04121124 0.07786329 0.07154255 0.08141756 0.03844718
0.03503563 0.00594341 0.00052227 0.00616142 0.03955423 0.26204063 0.10914428 0.32031316 0.04471514 0.07487041 0.06868401 0.08222273 0.04089827
0.02995235 0.00725971 0.00410558 0.00824835 0.04589195 0.26312088 0.11122655 0.32252897 0.04296622 0.06996131 0.07093825 0.08750245 0.04137960
0.03030851 0.00562653 0.00185372 0.00523152 0.03250195 0.26095790 0.11321168 0.32210135 0.04344866 0.08506828 0.07481854 0.08240523 0.03324460
0.03345728 0.00433780 0.00147386 0.00253544 0.03571509 0.26219811 0.11272196 0.32454669 0.05229735 0.07787439 0.07609987 0.08054031 0.03031583
0.03681824 0.00558929 0.00175057 0.00664574 0.03629775 0.26133079 0.10998579 0.32357507 0.05060770 0.09173354 0.07429477 0.08044727 0.03079578
0.03750483 0.00197678 0.00128780 0.00050260 0.00204494 0.26129476 0.10971498 0.32285076 0.05117322 0.08400752 0.07785419 0.08282334 0.03006134
0.03767312 0.00265184 0.00105986 0.00060436 0.00201887 0.25936642 0.11193705 0.32144457 0.05184630 0.07991408 0.07673719 0.08336671 0.02927301
0.03841335 0.00152220 0.00125908 0.00036557 0.00089129 0.26265433 0.10800768 0.31874828 0.04731030 0.08818927 0.07011221 0.08080841 0.02668078
0.03891971 0.00229897 0.00084394 0.00260745 0.00196999 0.26052742 0.10167893 0.31846282 0.04521535 0.09039303 0.07092528 0.07782937 0.03819020
0.03776339 0.00397781 0.00066453 0.00425741 0.02831026 0.26277330 0.10176013 0.31825891 0.04480217 0.08999737 0.07171741 0.08261090 0.03064261
0.03566453 0.00371344 0.00069298 0.00390459 0.02485903 0.26205606 0.10267433 0.31819293 0.04913273 0.08636624 0.07341099 0.08313345 0.03581773
0.03305829 0.00239704 0.00086613 0.00093924 0.00125734 0.26177026 0.10274906 0.31872993 0.05695374 0.07899426 0.07754989 0.08411069 0.02661456
0.03158293 0.00181036 0.00148627 0.00035866 0.00102731 0.26385590 0.10271364 0.31749945 0.05243085 0.07422839 0.07110201 0.08062210 0.02716858
0.03069373 0.00260277 0.00100677 0.00094252 0.02853022 0.26410687 0.09902572 0.32023265 0.05693797 0.07378039 0.08052255 0.08341129 0.02724747
0.03038691 0.00859157 0.00193379 0.00706582 0.03614814 0.26475946 0.10958711 0.32062358 0.05281273 0.07834787 0.07576304 0.08255863 0.02733357
0.03126723 0.00711137 0.00118301 0.00829493 0.04916250 0.26503494 0.10492756 0.32100624 0.04629161 0.07965392 0.07056204 0.08016285 0.02730922
0.03206874 0.00857980 0.00085819 0.00802317 0.05901370 0.26635875 0.10199116 0.32202302 0.04500524 0.08000898 0.07409445 0.07803669 0.02839973
0.03280696 0.01014908 0.00078812 0.01255264 0.03486717 0.26486342 0.10563752 0.32093381 0.05127084 0.07755805 0.07291959 0.08098730 0.03198504
0.03273158 0.00659877 0.00060956 0.00806325 0.07231015 0.26626472 0.11001074 0.32290848 0.04625015 0.08006013 0.07506552 0.08254050 0.04790597
0.05641766 0.00614803 0.00095574 0.00687980 0.03011511 0.26533988 0.10556398 0.32191727 0.05615476 0.07819204 0.07751562 0.09027434 0.04216173
0.05867535 0.01157801 0.00111774 0.01211889 0.04826665 0.26817842 0.11280442 0.32178121 0.05416876 0.07717556 0.07316184 0.08215610 0.03908636
0.05726433 0.00875973 0.00240641 0.00891514 0.04109563 0.26607749 0.10237365 0.32093249 0.04657452 0.08314425 0.08193739 0.08026908 0.04524808
0.05638250 0.00863997 0.00200639 0.01000585 0.03581008 0.26744131 0.10754134 0.32052499 0.05168314 0.08563842 0.07518062 0.08997149 0.04089858
0.05705056 0.00390887 0.00140472 0.00754830 0.04120603 0.26407965 0.09981202 0.32045060 0.05902816 0.09012118 0.07204790 0.08074628 0.03534960
0.05857175 0.00567409 0.00084425 0.00781982 0.03742590 0.26566791 0.10365393 0.32056967 0.05748766 0.09223935 0.07826849 0.08424281 0.05338373
0.05872092 0.00431070 0.00072885 0.00594025 0.05838105 0.26136005 0.10190545 0.32053867 0.04960139 0.09052073 0.07670802 0.08072974 0.04776553
0.05830609 0.00969775 0.00125033 0.00924566 0.05995628 0.26286824 0.10352206 0.32091510 0.04650159 0.08666841 0.07253744 0.08019074 0.03341575
0.05856061 0.00680794 0.00124031 0.00777388 0.04791687 0.26069202 0.10895983 0.32106669 0.04568613 0.09209236 0.07495538 0.08313364 0.04750291
0.05885139 0.00374912 0.00140685 0.00483946 0.03973504 0.26193268 0.11469563 0.32212548 0.04609659 0.08945932 0.07819156 0.08196034 0.02875394
0.05788111 0.00371910 0.00309121 0.00436622 0.02833791 0.26020018 0.10679860 0.32189742 0.05146985 0.08349042 0.07757949 0.08197563 0.03748383
0.05588573 0.00251143 0.00150779 0.00433553 0.03604727 0.26204840 0.10623459 0.32199153 0.05212143 0.07940167 0.07686499 0.08036561 0.02967179
0.05562248 0.00228362 0.00164597 0.00127167 0.03191996 0.26019738 0.10224749 0.32209149 0.05383701 0.07519842 0.07896668 0.08443235 0.03189959
0.05668181 0.00689586 0.00090032 0.00899241 0.04130542 0.26362920 0.10269602 0.32181099 0.05217839 0.07314882 0.07528736 0.08255469 0.03061534
0.05685777 0.00178534 0.00083789 0.00362295 0.02108502 0.26228939 0.10348774 0.32025718 0.05178694 0.07525851 0.07217185 0.08014694 0.03834897
0.05704097 0.00339970 0.00101633 0.00558881 0.02642429 0.26677592 0.10295714 0.32075711 0.04750953 0.07860132 0.07295620 0.07985384 0.03677051
0.05691246 0.00670965 0.00188004 0.00751152 0.04799378 0.26618500 0.09519180 0.32104189 0.05127350 0.08931799 0.07724566 0.07919381 0.04031014
0.05615668 0.00448726 0.00097757 0.00594681 0.04916420 0.26724028 0.10396707 0.32165074 0.05161190 0.08706322 0.06648988 0.08140382 0.05502664
0.05590504 0.00475437 0.00385184 0.00740134 0.04311238 0.26826086 0.09975194 0.32081877 0.04414523 0.07459705 0.06997219 0.08780466 0.03108845
0.05537791 0.00357554 0.00236553 0.00372274 0.02926693 0.26894771 0.10012505 0.31940152 0.04881116 0.07172715 0.06817523 0.07915036 0.04122980
0.05490058 0.00574468 0.00188285 0.00721899 0.03925617 0.26974142 0.10194181 0.31876812 0.04960044 0.06758897 0.07569369 0.08348636 0.02654857
0.05502289 0.01030274 0.00103468 0.00962718 0.05797485 0.26892766 0.09270517 0.31974936 0.05197345 0.07146696 0.07660160 0.08163299 0.03031802
0.05611185 0.01566624 0.00083190 0.01508319 0.03959144 0.26924147 0.10343806 0.31869840 0.04900210 0.07334008 0.06648188 0.08053768 0.02559741
0.05697437 0.00405752 0.00082971 0.00581199 0.03000016 0.26870747 0.09636145 0.31910938 0.04832755 0.07860057 0.06859381 0.07937605 0.03923133
0.05701722 0.00338141 0.00091531 0.00552836 0.04351741 0.26971519 0.09942124 0.32052081 0.04587330 0.08185350 0.06926507 0.07779477 0.02838555
0.05681535 0.00387854 0.00126313 0.00343976 0.04024012 0.27140834 0.10428114 0.31955641 0.05112003 0.08230237 0.06755305 0.08114243 0.02905351
0.05643216 0.00231703 0.00223046 0.00271445 0.03501950 0.27087041 0.10293223 0.32016758 0.03949177 0.09284266 0.07014953 0.08180349 0.02808840
0.05514040 0.00287216 0.00150701 0.00055245 0.00312924 0.26953799 0.10561399 0.32061837 0.04260725 0.08665060 0.06852397 0.08051975 0.02671889
0.05503956 0.00204896 0.00106684 0.00039396 0.00211105 0.27284533 0.10996298 0.31935858 0.04628071 0.08051392 0.06459649 0.07951181 0.02823526
0.05509560 0.00330130 0.00110063 0.00520711 0.00608885 0.26899815 0.10064566 0.32103940 0.04160180 0.07574443 0.07828566 0.07784882 0.03117631
0.05470603 0.00253619 0.00147517 0.00218127 0.00248173 0.26985203 0.10638071 0.32003138 0.05007554 0.07440132 0.07180686 0.08178643 0.04005677
0.05472112 0.00158964 0.00207467 0.00321201 0.00297383 0.26835443 0.10340931 0.31966811 0.05188650 0.07495272 0.07338149 0.08166213 0.04080238
0.05477916 0.00133988 0.00099821 0.00140762 0.00081138 0.26739384 0.10595706 0.31945359 0.04474218 0.07503227 0.07232565 0.07876430 0.02813532
0.05549053 0.00098468 0.00083820 0.00310016 0.00199584 0.26530208 0.10444866 0.31794941 0.04279785 0.08242619 0.07001270 0.07810176 0.03489211
0.05554868 0.00234569 0.00067857 0.00292656 0.03454611 0.26489964 0.10239643 0.31867436 0.04449340 0.08534291 0.08160157 0.07804065 0.02829036
0.05483691 0.00524270 0.00078769 0.00604328 0.02850432 0.26249220 0.10673113 0.31978254 0.04529957 0.08497795 0.07067257 0.08199480 0.03486283
0.05401284 0.01275707 0.00078624 0.01443880 0.04208688 0.26395787 0.10342896 0.32009818 0.04604376 0.08297233 0.07120299 0.07996324 0.02842124
0.05353459 0.00540675 0.00100648 0.00754762 0.03780929 0.26543986 0.10227695 0.32117866 0.04972833 0.07560494 0.07174304 0.08075484 0.03370350
0.05275777 0.00320779 0.00099376 0.00279866 0.03394482 0.26522936 0.10285316 0.32010311 0.05157559 0.07263886 0.08000906 0.07946775 0.02610447
0.05309067 0.00317072 0.00120306 0.00230916 0.00637317 0.26731273 0.10507023 0.32003989 0.05312007 0.08091438 0.06951862 0.07942065 0.02597901
0.05263852 0.00279247 0.00102967 0.00069001 0.00391472 0.26719875 0.09374002 0.31831297 0.05560924 0.08379734 0.07537622 0.07798240 0.02429286
0.05267571 0.00407412 0.00077474 0.00373781 0.03029833 0.26735131 0.09454372 0.31874254 0.04776838 0.08417245 0.07222742 0.07755275 0.02553955
0.05245747 0.00287872 0.00079300 0.00451313 0.02229696 0.26775667 0.09961742 0.31910595 0.04695842 0.08713059 0.06992974 0.07692441 0.03763081
0.05193096 0.00403013 0.00187428 0.00841329 0.00719874 0.26937650 0.09308067 0.32192659 0.04791467 0.09631838 0.08229572 0.08056044 0.02874881
0.05170648 0.00398158 0.00116529 0.00123278 0.00358061 0.26708531 0.09894429 0.32097415 0.05603801 0.09746372 0.07016245 0.07925054 0.03759149
0.06655164 0.00298674 0.00249349 0.00326647 0.00466711 0.26995211 0.09453328 0.32088903 0.05519944 0.10334992 0.07440242 0.08035216 0.02698684
0.06711925 0.00942262 0.00118856 0.00915725 0.03388399 0.26673406 0.09264713 0.32197282 0.04993248 0.10007636 0.08099588 0.08173834 0.02990939
0.06835187 0.00343817 0.00118102 0.00178406 0.02185015 0.26999881 0.09329713 0.32133603 0.05656358 0.09072225 0.06663312 0.07785931 0.02951706
0.06893783 0.00189863 0.00148247 0.00142195 0.00273615 0.26650415 0.08697041 0.31979798 0.05348364 0.09218359 0.08428388 0.07893776 0.02326273
0.06976468 0.00177852 0.00293271 0.00043805 0.00079011 0.27004132 0.08995559 0.32225723 0.05727242 0.09057595 0.07520668 0.08632371 0.02689961
0.07153303 0.00531049 0.00306060 0.00085259 0.00310358 0.26494608 0.09228576 0.31989560 0.05885733 0.10185555 0.07089415 0.07733768 0.02325566
0.07153109 0.00769438 0.00108768 0.00694839 0.02935745 0.26678995 0.08908972 0.32061580 0.05649185 0.10321734 0.07741561 0.08024437 0.02567250
0.07155924 0.00455614 0.00078009 0.00412488 0.02733252 0.26620760 0.09565037 0.32118085 0.05440453 0.10865624 0.07263687 0.07857626 0.02582397
0.07111562 0.00409993 0.00096140 0.00331111 0.02804152 0.26586381 0.09818690 0.32135553 0.05470827 0.10844399 0.07842279 0.07961477 0.02471492
0.07071824 0.01358042 0.00087608 0.01444162 0.03196268 0.26470347 0.09568737 0.32238883 0.05862093 0.10296773 0.08104916 0.08170145 0.02516535
0.06991399 0.00315277 0.00089990 0.00676069 0.00613341 0.26463273 0.09478289 0.32204446 0.06388521 0.09407824 0.08204913 0.07868436 0.03798132
0.06924259 0.00355678 0.00168665 0.00264290 0.02593871 0.26264368 0.10019389 0.32234350 0.06233169 0.09330932 0.09190732 0.07860640 0.02697854
0.06783689 0.00337599 0.00103014 0.00427610 0.03315699 0.26379483 0.09359059 0.32197399 0.05744643 0.09570795 0.08873587 0.07757243 0.03437855
0.06760735 0.01190905 0.00093645 0.01292846 0.04811971 0.25922931 0.09712797 0.32196885 0.05919671 0.10147177 0.07324000 0.07918679 0.02647941
0.06587026 0.00699771 0.00095286 0.00842400 0.05627569 0.26196281 0.09353846 0.32209423 0.05301982 0.10592584 0.07809758 0.08143574 0.05224036
0.06552474 0.00791939 0.00147373 0.00741400 0.05036245 0.26016528 0.09911231 0.32256946 0.06589400 0.11677182 0.07352291 0.07955586 0.03462684
0.06482974 0.00705595 0.00142150 0.00518851 0.04556393 0.26309323 0.09873454 0.32254538 0.05899781 0.11571249 0.07539754 0.07971784 0.03680483
0.06453161 0.00824089 0.00141681 0.00864585 0.04694164 0.26162739 0.09866468 0.32310362 0.05072427 0.11144793 0.07710229 0.08032935 0.02690296
0.06422962 0.00340252 0.00140306 0.00232897 0.03056776 0.26516932 0.09745425 0.32252142 0.05505662 0.10419747 0.07908925 0.07914850 0.02918773
0.06412433 0.00224958 0.00443948 0.00290604 0.03422752 0.26153665 0.09553592 0.32351637 0.06098329 0.10295831 0.08301965 0.07935835 0.02735449
0.06266552 0.00804131 0.00126753 0.00503869 0.01579799 0.26620168 0.09150105 0.32128344 0.06215851 0.09964697 0.09096028 0.07723742 0.02640020
0.06137042 0.01247379 0.00107992 0.01492360 0.02932791 0.26388809 0.09405038 0.32069804 0.06586883 0.09250446 0.07842924 0.07848970 0.02373787
0.05994523 0.00502230 0.00089516 0.00483272 0.06267694 0.26552437 0.08639155 0.32063172 0.05952054 0.09007088 0.09169997 0.08117269 0.02573408
0.05937113 0.00432637 0.00083970 0.00299291 0.03910157 0.26450969 0.09382723 0.31893316 0.05834907 0.09623833 0.07981942 0.08005059 0.02689309
0.05980974 0.00278474 0.00096372 0.00318915 0.00756333 0.26678267 0.09770478 0.32002957 0.06237974 0.10607832 0.07679512 0.07963698 0.02802077
0.06066202 0.00205562 0.00099858 0.00336206 0.02804367 0.26306702 0.09229141 0.32014898 0.05433536 0.11643256 0.07815183 0.07768528 0.04153868
0.06118753 0.00524774 0.00193072 0.00726870 0.04156882 0.26416875 0.10245133 0.32101311 0.05711199 0.12019147 0.06707687 0.08090718 0.04733106
0.06230762 0.01141859 0.00166979 0.01301432 0.04668021 0.26224451 0.08473295 0.32084333 0.04961802 0.11326878 0.07909050 0.08074484 0.02535743
0.06256314 0.00712142 0.00081514 0.00966172 0.05219265 0.26332837 0.08548553 0.32223908 0.05603770 0.10297259 0.07975866 0.07853783 0.03501295
0.06271648 0.00847937 0.00312818 0.00810280 0.04551828 0.26349210 0.08530794 0.32149207 0.05962552 0.09900911 0.07879119 0.07916966 0.03163032
0.06369082 0.00858109 0.00162527 0.01272981 0.04008931 0.26421517 0.08542634 0.32132960 0.05884832 0.09686850 0.07783310 0.07995471 0.04180194
0.06419754 0.00421229 0.00174564 0.00642904 0.05818752 0.26474302 0.08770492 0.32028935 0.06057078 0.09295592 0.08443587 0.08173341 0.02429672
0.07707860 0.00501125 0.00078015 0.00547795 0.04637546 0.26439921 0.09184296 0.31915050 0.05943948 0.09261151 0.07097905 0.08001488 0.02965006
0.07781584 0.01079766 0.00133398 0.01098886 0.04471201 0.26607452 0.09034313 0.31874582 0.05329170 0.09533445 0.08687767 0.08017672 0.03416803
0.07729016 0.00796253 0.00319161 0.01310566 0.03880158 0.26445122 0.09451757 0.31802468 0.05552939 0.09962354 0.07537126 0.08309610 0.04436325
0.07118823 0.01096334 0.00199278 0.01425599 0.05499815 0.26489457 0.08696364 0.31759143 0.04770678 0.11102624 0.07904282 0.08325660 0.02739274
0.07206622 0.00689411 0.00143926 0.00693052 0.03106856 0.26414423 0.09976858 0.31882382 0.05482619 0.10670050 0.07009066 0.08032949 0.04082113
0.07156100 0.00370889 0.00107073 0.00565809 0.02707816 0.26439956 0.08880095 0.31700064 0.05315727 0.09837874 0.07149515 0.07786687 0.03589914
0.07148435 0.00237246 0.00290521 0.00110304 0.00226457 0.26461650 0.09092133 0.31768045 0.05307024 0.09201715 0.07328643 0.07666930 0.03512956
0.07161531 0.00182560 0.00149016 0.00131917 0.00198487 0.26212999 0.09138848 0.31657153 0.05610180 0.09027228 0.08088980 0.08028347 0.02362131
0.07497572 0.00136423 0.00117989 0.00050237 0.00080335 0.26172149 0.09330235 0.31664256 0.05914727 0.09429250 0.07158798 0.07729571 0.02495958
0.07677619 0.00335594 0.00103739 0.00286950 0.00160831 0.25989410 0.08306965 0.31652609 0.05504078 0.09584308 0.08726519 0.07958320 0.03621978
0.07757695 0.00304809 0.00098971 0.00053427 0.02878022 0.25870059 0.09695303 0.31752301 0.05661717 0.09714162 0.06892666 0.07957409 0.02504533
0.07791076 0.00769510 0.00293479 0.00694000 0.01406542 0.26155348 0.09322615 0.31722703 0.05078203 0.10402340 0.07873290 0.07896083 0.02818112
0.07825776 0.00333401 0.00089158 0.00053126 0.00137368 0.25826343 0.09904167 0.31902442 0.05507860 0.10328864 0.07001353 0.08024689 0.02785607
0.07703831 0.00299281 0.00091769 0.00061586 0.03042876 0.26229146 0.09630767 0.31850444 0.05513454 0.10076715 0.07497927 0.07722232 0.02752720
0.07505813 0.00357495 0.00101150 0.00529539 0.02978358 0.26364165 0.09410570 0.31985108 0.05331832 0.09092823 0.07549720 0.07759134 0.02608249
0.07009964 0.00299597 0.00112373 0.00204714 0.02097868 0.26353915 0.09337508 0.31920989 0.05543894 0.08121900 0.08269646 0.07800005 0.02599164
0.06772925 0.00651462 0.00108118 0.00642582 0.03642073 0.26319502 0.09428139 0.31811818 0.06318990 0.07774960 0.07848430 0.07885893 0.02889352
0.06846978 0.00514634 0.00246318 0.00489633 0.04106671 0.26264959 0.09103208 0.31856342 0.05887088 0.09186352 0.08139367 0.08011443 0.03682085
0.07184339 0.00632619 0.00214460 0.00848997 0.03971081 0.26170959 0.09078466 0.31700382 0.05382992 0.10749479 0.07870519 0.07979951 0.02712718
0.07269435 0.00770498 0.00154518 0.00677390 0.02579078 0.26585971 0.09625702 0.31754782 0.05216885 0.09642371 0.07146172 0.07894866 0.03255054
0.07180530 0.00708865 0.00288803 0.00462909 0.01978277 0.26145731 0.08954916 0.31719619 0.04579180 0.10474816 0.07981321 0.07926598 0.03773817
0.06964498 0.00865532 0.00160221 0.00809904 0.03449048 0.26412598 0.09462946 0.31883715 0.05191077 0.10140268 0.07778695 0.07888212 0.02652276
0.07030105 0.00458904 0.00141822 0.00590071 0.03944687 0.26119139 0.08883270 0.31837117 0.05911390 0.10261380 0.08048743 0.07771042 0.02605048
0.05878331 0.00805168 0.00262111 0.01160133 0.02405150 0.26187350 0.09267937 0.31794080 0.05657010 0.10586154 0.08596177 0.07880596 0.02353355
0.06081427 0.01243229 0.00139601 0.01425519 0.02948406 0.26154340 0.08821144 0.31886209 0.05748328 0.09372384 0.07645920 0.08020924 0.02646582
0.06385468 0.00451501 0.00099726 0.00240428 0.02145842 0.25959359 0.09442557 0.31963504 0.05580712 0.09481737 0.08850339 0.07817340 0.02528770
0.06553953 0.00318822 0.00111760 0.00055357 0.00355655 0.26007453 0.09333675 0.31809383 0.06624160 0.09703778 0.08004623 0.07937508 0.02567812
0.05998547 0.00933149 0.00078393 0.00907794 0.03494832 0.25900891 0.09035846 0.31832170 0.06275570 0.09961743 0.07967606 0.07910636 0.02528761
0.05851148 0.00230458 0.00250574 0.00301836 0.03332344 0.25878577 0.09115917 0.31701080 0.05382574 0.10675719 0.08825078 0.07839506 0.02443154
0.05961845 0.00299121 0.00139400 0.00077380 0.00146077 0.26112107 0.10319550 0.31792445 0.05804234 0.10151321 0.06654172 0.08188380 0.02455970
0.05933713 0.00256489 0.00088502 0.00070254 0.00279797 0.25926561 0.09182243 0.31806600 0.05087291 0.10250694 0.08434335 0.08180759 0.02589553
0.05586655 0.01380876 0.00093050 0.01409902 0.04566764 0.25991390 0.10216647 0.31896325 0.05427064 0.10707755 0.07517901 0.08176961 0.02568016
0.05336403 0.00860598 0.00272968 0.00715625 0.02514404 0.25780133 0.09307266 0.31850369 0.05897082 0.11736502 0.07483654 0.07997329 0.02950793
0.05219896 0.01058343 0.00109019 0.01043211 0.05044088 0.25888682 0.09034990 0.31818394 0.05279304 0.10524127 0.08396975 0.07882636 0.03315274
0.05314633 0.00668006 0.00210672 0.00594302 0.03419064 0.25741260 0.09647245 0.31810464 0.06112156 0.09894122 0.06738063 0.07994964 0.02438217
0.05230508 0.00404507 0.00096201 0.00277455 0.02216631 0.25758572 0.08698957 0.31683065 0.06063798 0.09130652 0.07844823 0.07696988 0.02419071
0.05101014 0.00308385 0.00100872 0.00233152 0.03252921 0.25763829 0.09215072 0.31760138 0.05757955 0.09392932 0.07841430 0.07919193 0.02407245
0.05169903 0.00758918 0.00076659 0.00575626 0.04635298 0.25830253 0.09055901 0.31737100 0.05711039 0.09826725 0.07612679 0.07800317 0.02588947
0.05095010 0.00429394 0.00080414 0.00152655 0.02274369 0.25817597 0.09092877 0.31784786 0.05668076 0.09681340 0.07912213 0.07924930 0.02559810
0.05040025 0.00719954 0.00083671 0.00929053 0.03014400 0.25951138 0.08495188 0.31835276 0.06094537 0.09533135 0.07604555 0.07986293 0.02643221
0.05008669 0.00449343 0.00086333 0.00623369 0.03735566 0.25842526 0.09175031 0.31915864 0.05899120 0.10488668 0.07162262 0.07798171 0.03552589
0.04991839 0.00260285 0.00262304 0.00300392 0.00441489 0.25939036 0.09537468 0.31798404 0.05667948 0.11765317 0.07734895 0.07898406 0.02397483
0.05033540 0.00293729 0.00106803 0.00146288 0.04186609 0.26158467 0.08621302 0.31914324 0.05339210 0.11753328 0.07727765 0.07679696 0.02353661
0.04996317 0.00131864 0.00125658 0.00026147 0.00094493 0.26039172 0.08403021 0.31738411 0.05494976 0.11338177 0.07093413 0.07567983 0.02163173
0.04977991 0.00254366 0.00081667 0.00021282 0.00114047 0.26216181 0.07870656 0.31764165 0.05450205 0.10352951 0.08487140 0.07744461 0.02254572
0.05018996 0.00367054 0.00115145 0.00163235 0.02687588 0.26121904 0.08562284 0.31733511 0.06262159 0.09575989 0.07787428 0.07713557 0.02393999
0.05040426 0.00464789 0.00183692 0.00665289 0.03676384 0.26280030 0.09448467 0.31670198 0.06304858 0.08767992 0.08072295 0.08020158 0.02188478
0.04981585 0.00173706 0.00111450 0.00384026 0.05051185 0.26144920 0.09086881 0.31681965 0.05797145 0.08263657 0.08790679 0.08221285 0.02203688
0.05035369 0.00284937 0.00075225 0.00182135 0.03758759 0.26193320 0.08875405 0.31579494 0.06200556 0.08673418 0.07534291 0.07946064 0.02383664
0.05065962 0.00388820 0.00072079 0.00456473 0.03327267 0.26129887 0.08440139 0.31726031 0.05597590 0.09377230 0.08487109 0.07833380 0.03120933
0.05142138 0.00685000 0.00067915 0.00714702 0.02724496 0.26062796 0.09189570 0.31762184 0.06175386 0.10389604 0.07173844 0.07640313 0.02302527
0.05106606 0.00241781 0.00066676 0.00340464 0.00536358 0.26082861 0.09126379 0.31842364 0.05375766 0.10969593 0.07057736 0.07792323 0.03310147
0.04862923 0.00661218 0.00060242 0.00737636 0.04588349 0.25874759 0.09735003 0.31964516 0.04708602 0.10971095 0.08327428 0.07712752 0.02576493
0.04860619 0.00851554 0.00061502 0.01046639 0.05283797 0.25981420 0.09583448 0.31913015 0.05667958 0.10618812 0.06733970 0.07819503 0.02518308
0.04875415 0.00607397 0.00082666 0.00681351 0.04220131 0.25867516 0.08933344 0.31870892 0.05234276 0.09561596 0.08444683 0.07689709 0.02535887
0.04883703 0.00679266 0.00076070 0.00620073 0.04511464 0.26231750 0.09388265 0.31868573 0.05414508 0.08913041 0.08187043 0.07883913 0.02820059
0.04872473 0.00424181 0.00064121 0.00479292 0.04002643 0.26027095 0.09499757 0.31700404 0.07279803 0.08276826 0.07760716 0.08036277 0.04381235
0.04830477 0.00536716 0.00104826 0.00583538 0.05834408 0.26349786 0.09180831 0.31921633 0.05900360 0.08053450 0.08490974 0.08183048 0.02711300
0.04856055 0.01397301 0.00064141 0.01341494 0.03694545 0.26119752 0.10660664 0.31751559 0.06776288 0.07500002 0.07425567 0.08116704 0.02942667
0.04860339 0.00443437 0.00091323 0.00582495 0.03099849 0.26233329 0.09835408 0.31649137 0.05709615 0.07685582 0.07745235 0.08045714 0.05572485
0.04849685 0.00434725 0.00050378 0.00562309 0.02022557 0.26095660 0.09003363 0.31753751 0.05706994 0.08920633 0.08267790 0.07822406 0.03476146
0.04899298 0.00628041 0.00167019 0.00670724 0.03214386 0.26065313 0.09661238 0.31664944 0.05320240 0.09174807 0.06665228 0.08005678 0.04543107
0.04910944 0.00307764 0.00405489 0.00424704 0.00879427 0.26294131 0.08507802 0.31817159 0.04944605 0.08813675 0.08172099 0.08477584 0.03392112
0.05037183 0.00765309 0.00103963 0.00739462 0.03527957 0.26179446 0.09342379 0.31647793 0.04709529 0.08804136 0.06496967 0.07876752 0.03791698
0.05234373 0.00216499 0.00074689 0.00487873 0.03171290 0.26246643 0.09680516 0.31574943 0.04689977 0.08789979 0.06442220 0.07638619 0.03798670
0.05393102 0.00810008 0.00296009 0.00897642 0.04466600 0.26364034 0.09487134 0.31693441 0.04238021 0.07808053 0.07339392 0.07916636 0.02428358
0.05446729 0.00388412 0.00119270 0.00542567 0.02819012 0.26132049 0.09442129 0.31314111 0.04914744 0.07260104 0.06868871 0.08036040 0.02666065
0.05555969 0.00535784 0.00064671 0.00642575 0.03971926 0.26226689 0.08986160 0.31407592 0.05102145 0.06642817 0.07285099 0.07819903 0.02355739
0.05593443 0.00667779 0.00092163 0.00456809 0.04760281 0.26150684 0.08592998 0.31401950 0.05105136 0.06474550 0.07623210 0.07711646 0.02572071
0.05575741 0.00712806 0.00090972 0.00487554 0.02948132 0.25933588 0.08223549 0.31142307 0.06211434 0.07323534 0.07307072 0.07724769 0.02272886
0.05487382 0.00345971 0.00155991 0.00126882 0.00410619 0.26272509 0.09754085 0.31352865 0.05121310 0.08415171 0.07331597 0.07696448 0.02212923
0.05416589 0.00291740 0.00117799 0.00049887 0.00346314 0.25865284 0.09165112 0.31216544 0.04997049 0.09057810 0.07129424 0.07553296 0.02322622
0.05370641 0.00338330 0.00116837 0.00046237 0.00392008 0.26089824 0.08980453 0.31313229 0.04820713 0.09574063 0.05829287 0.07526095 0.02120099
0.05272292 0.00228077 0.00114424 0.00032259 0.00219951 0.25868511 0.08222607 0.31315423 0.04059950 0.09786405 0.07019496 0.07844627 0.02369549
0.05135932 0.00176540 0.00107503 0.00037902 0.00184286 0.25916808 0.08906274 0.31339984 0.04885053 0.09795543 0.06658658 0.07664531 0.02386318
0.05138414 0.00126761 0.00108861 0.00065182 0.03362477 0.25849944 0.08755468 0.31467578 0.04747580 0.09099838 0.07492168 0.07979955 0.02364283
0.05091776 0.00126171 0.00202220 0.00038823 0.00070405 0.25864453 0.09252760 0.31457966 0.05195288 0.08034346 0.07613195 0.07712229 0.02310354
0.05115314 0.00174016 0.00105108 0.00031118 0.00094248 0.25835028 0.09540267 0.31462926 0.05579906 0.06891100 0.07516173 0.07712340 0.02407756
0.05149832 0.00463074 0.00091002 0.00386479 0.03099367 0.25843614 0.09459361 0.31565871 0.05533690 0.06437707 0.07716320 0.07923228 0.02268531
0.05031993 0.01178399 0.00413979 0.01438184 0.05288315 0.25727759 0.09216619 0.31737287 0.05586560 0.07235428 0.08285484 0.08624351 0.02591740
0.05093916 0.00352793 0.00098299 0.00201864 0.06567993 0.26008904 0.09926397 0.31611562 0.05294450 0.08149593 0.07039922 0.07997082 0.02841204
0.05074865 0.00411470 0.00069079 0.00669061 0.04479303 0.25707526 0.09605811 0.31535726 0.03829130 0.09168629 0.07815752 0.07880337 0.04239361
0.05177999 0.00580875 0.00075618 0.00895164 0.03792583 0.25998718 0.10028306 0.31611629 0.03989285 0.09788350 0.06340963 0.07713960 0.02959098
0.05248706 0.00722749 0.00060902 0.00413381 0.03034824 0.25762286 0.09208225 0.31492662 0.05052255 0.09788772 0.06913354 0.08128914 0.03949777
0.05176156 0.00314667 0.00060432 0.00444103 0.00617679 0.25932338 0.09511556 0.31528444 0.04861651 0.09358730 0.07451545 0.07788253 0.03690033
0.05093733 0.00576205 0.00051292 0.00681465 0.02085056 0.25824056 0.09319882 0.31533073 0.05645327 0.08064571 0.07363819 0.08136190 0.02556359
0.05067208 0.00398971 0.00061137 0.00541544 0.03972814 0.26043354 0.09195360 0.31606549 0.05816694 0.06827674 0.07755684 0.07957377 0.03013943
0.05178534 0.00618995 0.00078117 0.00596629 0.04238203 0.26002292 0.08982626 0.31738135 0.05129965 0.06397792 0.08236975 0.08131994 0.02498047
0.05106974 0.00647326 0.00185220 0.00447498 0.04795162 0.26011611 0.09261278 0.31764394 0.05871063 0.07105776 0.07335887 0.07939229 0.03900274
0.05060611 0.01396393 0.00211816 0.01406692 0.03250617 0.25838232 0.09283029 0.31783956 0.06015789 0.07834780 0.08031484 0.07905141 0.02520670
0.04977511 0.00712449 0.00132286 0.00869995 0.02177334 0.26106656 0.09362354 0.31904684 0.05970602 0.07945320 0.07452148 0.08141009 0.02441756
0.06741251 0.00227812 0.00127869 0.00058946 0.00131351 0.26177465 0.09724972 0.31664628 0.05334327 0.08549271 0.06716570 0.07793826 0.02413510
0.06762070 0.00104212 0.00096393 0.00040321 0.00067757 0.26437891 0.09717584 0.31798162 0.03871841 0.09687418 0.07272094 0.07556252 0.02395961
0.06696780 0.01274144 0.00064552 0.01369605 0.01454063 0.26130060 0.09467460 0.31697127 0.04609777 0.09714220 0.06604300 0.07805993 0.02470896
0.06641861 0.00386976 0.00067344 0.00479781 0.00595080 0.26208686 0.09106409 0.31720552 0.05029045 0.09011903 0.07427382 0.07728396 0.03261685
0.06609275 0.00251216 0.00187360 0.00262041 0.03820501 0.26012677 0.09297267 0.31758939 0.05298488 0.07234181 0.07744591 0.08001680 0.02701759
0.06583836 0.00275930 0.00065831 0.00265362 0.03813359 0.26062966 0.09400309 0.31636579 0.05764792 0.06849179 0.08008406 0.07887059 0.03649981
0.06389270 0.00749576 0.00067745 0.00704814 0.04069943 0.25991169 0.09188848 0.31808824 0.06317502 0.07023798 0.08263576 0.08072551 0.02478074
0.06476513 0.00544793 0.00090029 0.00503753 0.03676615 0.26233331 0.09088960 0.31696593 0.05362277 0.07828350 0.08010265 0.07853559 0.02643369
0.06426618 0.00133625 0.00294965 0.00082186 0.00150730 0.26207397 0.09529027 0.31614872 0.04868029 0.08792778 0.06461836 0.07772695 0.02333687
0.06349693 0.00140274 0.00173445 0.00068307 0.00110219 0.26064277 0.08640301 0.31656952 0.03954707 0.09595854 0.07046396 0.08023997 0.02190438
0.06491312 0.01238737 0.00112398 0.01462134 0.04398491 0.25983810 0.09231416 0.31709454 0.04045680 0.09288075 0.06364608 0.07697603 0.02477436
0.06781727 0.00799421 0.00064103 0.00835653 0.04090792 0.25829310 0.08831791 0.31699425 0.04682483 0.09264531 0.07126535 0.07689069 0.02474015
0.06889137 0.00223356 0.00102754 0.00209241 0.01963718 0.25763721 0.09315534 0.31766467 0.05810356 0.08736523 0.07301027 0.07845041 0.02529032
0.06837965 0.00631692 0.00057575 0.01075819 0.01939016 0.25723346 0.09723197 0.31745901 0.05295461 0.07845408 0.07526786 0.07839328 0.03318364
0.06699213 0.00126785 0.00058855 0.00177332 0.00081518 0.25736442 0.10224599 0.31918389 0.05470416 0.07154042 0.08061409 0.07864874 0.02569179
0.06516614 0.00235847 0.00065432 0.00315585 0.00430500 0.25734487 0.09242237 0.31805491 0.05616669 0.07271102 0.08740150 0.07771923 0.03815773
0.06379055 0.00221679 0.00072773 0.00277063 0.00434874 0.25743625 0.10008043 0.32009911 0.05494076 0.07481571 0.07417111 0.07850664 0.03848061
0.06321329 0.00303262 0.00115902 0.00552689 0.00822138 0.25973968 0.08667697 0.31797255 0.04938853 0.08137358 0.07986481 0.07850904 0.03419686
0.06197227 0.00448143 0.00091970 0.00720532 0.04282081 0.25917849 0.09333594 0.31790045 0.05106208 0.08555035 0.06365925 0.07811028 0.05380122
0.06149481 0.00680117 0.00250861 0.00755596 0.02858559 0.26044661 0.09146867 0.31892819 0.04546367 0.09033655 0.07016487 0.08518590 0.03769210
0.06110869 0.00351011 0.00124046 0.00342914 0.02601510 0.26011841 0.09285047 0.31619050 0.04095623 0.09639479 0.07057884 0.07783474 0.05200534
0.06198597 0.00315352 0.00083417 0.00462878 0.02813441 0.26311805 0.09823759 0.31644261 0.04412673 0.08763341 0.07093573 0.07810133 0.02882592
0.04998423 0.00820880 0.00106097 0.01044008 0.03347674 0.26217823 0.09589365 0.31441015 0.04250526 0.08886949 0.06992926 0.07977529 0.03678225
0.05022153 0.00772404 0.00083058 0.01043065 0.03978761 0.26266902 0.09114192 0.31515617 0.04880466 0.08008350 0.07114589 0.07894809 0.02993620
0.04993178 0.00703230 0.00058165 0.00825593 0.03180935 0.26336370 0.09428362 0.31469902 0.06637644 0.07231568 0.06958643 0.07839364 0.03007506
0.04950623 0.00464882 0.00053150 0.00398775 0.04238656 0.26274226 0.08834947 0.31543704 0.05063388 0.07061790 0.07916050 0.07770002 0.02671358
0.04857332 0.00707419 0.00099288 0.00479844 0.04046448 0.26401568 0.09184938 0.31680434 0.04810424 0.07901844 0.07436337 0.07731787 0.03351425
0.04725244 0.00423738 0.00168245 0.00471190 0.03875913 0.26370155 0.09160754 0.31622716 0.04602701 0.08485899 0.06957744 0.07874696 0.03358740
0.04647527 0.00429691 0.00122689 0.00687461 0.03689876 0.26444452 0.09515366 0.31828646 0.03928173 0.08471623 0.07572054 0.07539214 0.02828338
0.04600446 0.00593021 0.00103999 0.00277808 0.02631873 0.26358549 0.10318871 0.31741573 0.05856396 0.08372012 0.06123155 0.07820246 0.03629146
0.04589261 0.00392408 0.00101007 0.00298710 0.00556757 0.26354254 0.09412929 0.31695944 0.05467948 0.08493751 0.07191160 0.07813112 0.02810900
0.04404100 0.00385696 0.00092490 0.00369246 0.03814999 0.26246460 0.08970685 0.31820961 0.04695162 0.08497311 0.07229807 0.07760166 0.04154354
0.04304734 0.00577368 0.00212039 0.00617367 0.03288870 0.26133773 0.09154595 0.31552156 0.04679784 0.09064381 0.08182960 0.07695155 0.02933759
0.04281562 0.00393806 0.00119626 0.00152359 0.04340335 0.26131293 0.09084821 0.31715680 0.04757280 0.09031698 0.07086440 0.07742722 0.02962735
0.04316848 0.00901581 0.00194302 0.00913578 0.05746033 0.26116521 0.09732169 0.31727991 0.05135520 0.08100675 0.07347826 0.08075208 0.02641801
0.04312511 0.00503768 0.00107195 0.00766805 0.03340723 0.26064752 0.09998852 0.31576756 0.05095218 0.07345007 0.06823069 0.07951482 0.03513743
0.04342127 0.00145595 0.00188883 0.00620530 0.00177421 0.25932163 0.10064323 0.31531213 0.04943440 0.08180030 0.08013721 0.07913909 0.04337384
0.04243651 0.00391844 0.00277703 0.00752233 0.02431793 0.25798930 0.10752454 0.31451307 0.05130284 0.08000778 0.07005261 0.07954307 0.04939805
0.04295013 0.00149403 0.00118091 0.00112897 0.00101731 0.25665307 0.10105678 0.31341137 0.04454176 0.07419938 0.07524436 0.07896791 0.03729010
0.04389107 0.00464856 0.00077627 0.00943609 0.03794870 0.25690128 0.09565371 0.31400494 0.04991941 0.07172734 0.06918210 0.07915655 0.02702877
0.04436620 0.00448474 0.00058187 0.00433088 0.02968624 0.25466888 0.09562139 0.31249886 0.05332049 0.07863432 0.06620556 0.07933441 0.05316383
0.04431400 0.00530218 0.00060001 0.00631616 0.03982095 0.25383704 0.10638640 0.31454646 0.04286325 0.08461070 0.06900394 0.07870900 0.03213473
0.04399479 0.01062783 0.00115827 0.01210413 0.03188881 0.25317137 0.10546118 0.31323472 0.04695842 0.08738916 0.07197471 0.07618608 0.03171834
0.04308113 0.00729211 0.00133811 0.00728351 0.03927990 0.25145785 0.10169372 0.31323197 0.04354988 0.08258314 0.06171985 0.07890052 0.02674664
0.04160947 0.00468687 0.00091840 0.00196299 0.02563949 0.25423788 0.09164445 0.31438355 0.04387853 0.07559877 0.07136518 0.07865230 0.02907299
0.04011410 0.00882241 0.00088276 0.00874392 0.05374032 0.25439025 0.09600648 0.31498426 0.04704395 0.06479822 0.06737990 0.07780956 0.02737725
0.03928734 0.00262387 0.00106424 0.00186543 0.04187541 0.26000443 0.09328884 0.31565114 0.05136431 0.06442162 0.07819817 0.08075588 0.02690806
0.03909999 0.00401799 0.00132920 0.00722277 0.03956476 0.26038154 0.09846296 0.31456765 0.05437339 0.06167742 0.07980626 0.08094413 0.02384745
0.03919003 0.00235771 0.00271445 0.00414879 0.01735243 0.26059636 0.10005951 0.31436258 0.05648964 0.06068977 0.06552131 0.08448993 0.04252054
0.03990280 0.00668005 0.00163535 0.00848837 0.03641759 0.26056570 0.08574282 0.31184137 0.04450123 0.06799853 0.07180670 0.07781958 0.02412131
0.04151041 0.00331337 0.00115344 0.00246630 0.03188745 0.25921724 0.08916187 0.31127766 0.03937791 0.07948632 0.06368417 0.07744508 0.03570855
0.04363738 0.00238485 0.00067634 0.00302042 0.01234569 0.25917381 0.08812354 0.31161201 0.03914732 0.09011118 0.06834703 0.07726657 0.02587971
0.04460287 0.00259731 0.00071952 0.00200770 0.00818582 0.26135645 0.08771227 0.31103102 0.05494865 0.09045981 0.05846191 0.07630624 0.02200743
0.04485755 0.00338962 0.00056027 0.00440585 0.00665173 0.26024725 0.08816650 0.31311499 0.04584217 0.08310586 0.06241448 0.07577692 0.02649894
0.04448205 0.00261061 0.00069547 0.00096976 0.00513042 0.26050236 0.09309617 0.31330626 0.04298435 0.07324287 0.07136094 0.07674782 0.02601451
0.04387701 0.00188351 0.00131268 0.00041397 0.00186577 0.25992217 0.08836997 0.31351823 0.04294379 0.07909835 0.07542981 0.07577705 0.02423250
0.04263540 0.00315279 0.00131041 0.00243890 0.03931555 0.25949040 0.09573641 0.31355768 0.04773749 0.08078535 0.06498710 0.07509091 0.04388461
0.04095730 0.01232939 0.00097088 0.01227060 0.03730166 0.25909205 0.09663278 0.31297709 0.05234591 0.07037340 0.07269568 0.07941316 0.02544993
0.04433219 0.00459837 0.00106952 0.00429197 0.05247628 0.25975187 0.09466572 0.31351672 0.05325883 0.06255491 0.07093033 0.07815799 0.02735623
0.04379157 0.00815410 0.00195018 0.00950349 0.04664581 0.25976780 0.09509462 0.31359390 0.04576917 0.07646388 0.06704764 0.07683218 0.02530106
0.04466853 0.01215843 0.00145571 0.01180248 0.04617828 0.25981544 0.09722352 0.31393664 0.03922141 0.08094054 0.06825447 0.08002218 0.03149536
0.04558753 0.00581873 0.00101757 0.00692802 0.07431389 0.26133988 0.09337274 0.31530639 0.04118063 0.08375107 0.07719568 0.07935926 0.02869071
0.04420154 0.00864650 0.00075103 0.00713619 0.05144378 0.26165704 0.09854283 0.31426409 0.04847864 0.08522481 0.06363759 0.07932785 0.05179315
0.04051540 0.01460625 0.00077338 0.01624210 0.05612789 0.26037708 0.09351445 0.31493924 0.04906100 0.07724549 0.07462407 0.07754304 0.03082096
0.03629502 0.00770902 0.00098608 0.00965620 0.02941088 0.25943882 0.10586333 0.31508651 0.04397475 0.06730199 0.06913945 0.07762993 0.03809538
0.03185715 0.00670561 0.00125739 0.00912964 0.04052403 0.25915555 0.10391762 0.31496232 0.04553311 0.06441355 0.07279669 0.07829371 0.03923514
0.02963773 0.00377331 0.00157831 0.00445136 0.04206764 0.25824825 0.09845224 0.31705256 0.05807279 0.07447040 0.08051785 0.07890473 0.03219982
0.02816411 0.00590993 0.00156547 0.00700564 0.03192373 0.25843556 0.10850062 0.31650053 0.05247546 0.07021644 0.07407688 0.07904039 0.04620177
0.02736417 0.00788772 0.00138840 0.00938014 0.04882476 0.25852319 0.10312803 0.31768842 0.04622449 0.06471533 0.07079715 0.07823723 0.05489875
0.02722538 0.01473357 0.00141710 0.01520511 0.04730865 0.25630555 0.09505899 0.31647789 0.04205809 0.07748498 0.07617941 0.07865728 0.03414147
0.02765652 0.00872479 0.00139128 0.00971193 0.04104218 0.25688917 0.09660397 0.31685015 0.04630884 0.08649923 0.06218548 0.07769974 0.05116684
0.02599310 0.01362143 0.00178076 0.01513480 0.05346038 0.25674999 0.09144288 0.31626808 0.04206530 0.10276657 0.07110325 0.07825333 0.03104979
0.02869228 0.00546149 0.00137519 0.00431337 0.04430006 0.25927942 0.08490071 0.31577744 0.05417868 0.09777170 0.06362985 0.08028166 0.04209181
0.03138921 0.01042571 0.00307707 0.01102717 0.04236120 0.25849666 0.09079660 0.31398804 0.05044374 0.08875858 0.06606797 0.07483384 0.02784694
0.03285083 0.00518565 0.00416223 0.00469835 0.03411484 0.26191738 0.08527412 0.31411864 0.04279319 0.07832325 0.07590724 0.07826089 0.04047020
0.03357558 0.00459856 0.00144169 0.00338991 0.02428918 0.26155236 0.09763722 0.31275072 0.05318469 0.07398532 0.07071597 0.07970287 0.02737466
0.03219724 0.00393239 0.00114624 0.00429996 0.03501335 0.26379765 0.08693480 0.31340400 0.05688257 0.07953597 0.07442302 0.07894856 0.02480371
0.03328192 0.00851916 0.00067118 0.00888954 0.04551086 0.26192364 0.08610475 0.31345361 0.05102334 0.07685256 0.07849769 0.07808113 0.02632193
0.03328824 0.01198457 0.00231906 0.01398609 0.03016268 0.26087613 0.08412386 0.31451693 0.05238931 0.07668866 0.06684660 0.07749118 0.02432092
0.03246584 0.00410537 0.00075718 0.00238378 0.04177266 0.26152705 0.08927888 0.31524390 0.04631206 0.07892668 0.06378969 0.07873712 0.02886263
0.03159850 0.00902031 0.00070440 0.01084421 0.04261976 0.26170919 0.08378718 0.31621628 0.04253182 0.08658958 0.07257425 0.07629089 0.03778445
0.03071243 0.00483808 0.00107985 0.00393591 0.04175020 0.26047909 0.09826627 0.31886594 0.04860978 0.09686655 0.06142437 0.07581774 0.02717499
0.02908178 0.00869483 0.00088545 0.00747997 0.04624988 0.26147218 0.07897848 0.31763930 0.05059653 0.09151520 0.08173232 0.07814549 0.02370851
0.02693842 0.00699095 0.00147442 0.00760008 0.03741912 0.26127940 0.08789848 0.31801674 0.05629395 0.08175481 0.07135728 0.08040325 0.02963148
0.02492942 0.00418676 0.00076599 0.00286492 0.02617622 0.25740793 0.09633895 0.31642572 0.05416755 0.07939101 0.07273953 0.07975920 0.02672239
0.02399457 0.00680741 0.00108078 0.00676310 0.03844520 0.26124980 0.09846402 0.31644099 0.04917135 0.08262157 0.07489945 0.07888806 0.02280973
0.02355636 0.00345210 0.00202307 0.00091079 0.00875583 0.25734615 0.10070285 0.31555209 0.05071399 0.09119321 0.07697798 0.07737160 0.02471541
0.02394325 0.00359180 0.00108144 0.00288741 0.03154135 0.26016798 0.09476965 0.31625654 0.05363779 0.09527448 0.06873858 0.07839044 0.02571441
0.02450408 0.00284288 0.00104957 0.00338971 0.03169699 0.25561507 0.09314910 0.31641402 0.04403938 0.09088143 0.07498597 0.07799471 0.02593384
0.02492618 0.00976200 0.00103427 0.00549431 0.03607785 0.25824957 0.09770084 0.31709825 0.05674924 0.09548717 0.06615201 0.07856897 0.02716503
0.02457984 0.00549537 0.00203842 0.00334485 0.03384521 0.25695695 0.10027374 0.31690162 0.05031475 0.09352370 0.08285388 0.07731225 0.02689187
0.02462475 0.00497323 0.00141386 0.00663923 0.03496629 0.25635165 0.09789190 0.31785937 0.05142321 0.09168216 0.07747735 0.07624885 0.02784560
0.02635894 0.00760189 0.00102229 0.00968323 0.03937912 0.25787047 0.10976947 0.31919877 0.05616542 0.07887452 0.07563558 0.08000275 0.03615959
0.02843406 0.00871126 0.00054964 0.01042272 0.06250995 0.25451176 0.09255463 0.32121559 0.06200421 0.07247279 0.08343448 0.08038087 0.03662041
0.02894783 0.00873899 0.00192491 0.01035769 0.04238658 0.25665925 0.10044114 0.32014108 0.05255204 0.07609096 0.08348113 0.07789834 0.03566682
0.02779222 0.00432655 0.00187336 0.00405612 0.04909939 0.26058607 0.10000874 0.32048552 0.05450402 0.08546817 0.07402853 0.08077024 0.03227058
0.02865665 0.00406079 0.00168553 0.00537337 0.04260959 0.25711653 0.08987024 0.32036775 0.06599886 0.09269740 0.07577430 0.07802431 0.03585857
0.03101387 0.00369909 0.00132126 0.00205929 0.02675576 0.25921651 0.08983764 0.31841808 0.04959189 0.09999538 0.06683607 0.07677867 0.03733474
0.03254110 0.00398922 0.00082933 0.00582543 0.04032561 0.25920202 0.09198945 0.31911299 0.04269486 0.09852399 0.06629431 0.07600181 0.02634769
0.03249463 0.01357425 0.00104592 0.01381230 0.03422349 0.25934212 0.09163778 0.31755588 0.04600652 0.09386451 0.07106696 0.07582241 0.03147797
0.03149731 0.00703005 0.00130487 0.00620491 0.03550201 0.26006061 0.09769788 0.31686500 0.05106733 0.10302810 0.07617977 0.07937929 0.02287641
0.03076592 0.00257137 0.00140964 0.00124453 0.00180324 0.26144966 0.08923600 0.31703931 0.05916227 0.09898687 0.08672088 0.07894792 0.02242804
0.03019179 0.01240428 0.00090246 0.01233572 0.03620840 0.26027732 0.09770317 0.31665031 0.05919640 0.08464992 0.07867290 0.07958651 0.02502255
0.02852906 0.00638432 0.00073492 0.00825570 0.05450672 0.26148312 0.08554188 0.31787571 0.06141372 0.07823826 0.07854454 0.07894900 0.02371966
0.02636149 0.00472192 0.00092999 0.00495586 0.04683606 0.25975208 0.08444869 0.31782296 0.05636876 0.09071157 0.08299383 0.07734001 0.02505218
0.04606739 0.00611857 0.00205243 0.00540096 0.04970205 0.26370934 0.09124582 0.31946375 0.05527545 0.10117712 0.07490582 0.07787128 0.02542485
0.04574527 0.00521674 0.00130895 0.00400647 0.03332596 0.26044340 0.08765616 0.32062072 0.04767861 0.10727610 0.07993271 0.07780833 0.02617286
0.04533041 0.00642402 0.00112187 0.00550429 0.05181377 0.26293105 0.09236900 0.32122859 0.04367482 0.10476605 0.06497926 0.07653898 0.02565598
0.04551171 0.00531183 0.00118738 0.00499214 0.05536274 0.26147761 0.09070079 0.32244667 0.05267967 0.10468787 0.06970111 0.07529897 0.02475386
0.04467340 0.01284026 0.00197103 0.01348043 0.02700480 0.26083540 0.09202679 0.32183692 0.05017223 0.10334060 0.07308365 0.07633512 0.02531975
0.04445199 0.00425435 0.00125847 0.00494375 0.03725016 0.25851430 0.09133941 0.31939961 0.05264524 0.09546299 0.07941868 0.07983994 0.04490268
0.04517243 0.00856438 0.00091868 0.01011596 0.04673395 0.25611148 0.09733134 0.31965946 0.05441013 0.08618474 0.07840220 0.07879440 0.02696164
0.02776727 0.00831325 0.00062886 0.00957476 0.06341766 0.25773438 0.09947983 0.31821150 0.05575547 0.07536736 0.08049152 0.07969286 0.04369749
0.02780752 0.00474636 0.00436971 0.00418429 0.03546121 0.25567127 0.10035402 0.31862215 0.05251285 0.08225701 0.07698380 0.07848088 0.03140364
0.02792353 0.00663384 0.00083989 0.00432349 0.02059492 0.25627620 0.09735622 0.31783582 0.05458293 0.09041667 0.07810709 0.08025868 0.04029533
0.02692131 0.00546087 0.00051255 0.00705129 0.02754080 0.25590402 0.09645707 0.31763018 0.05271723 0.10242344 0.08163322 0.07905627 0.03893373
0.02551914 0.00401587 0.00186076 0.00514915 0.00509201 0.25714243 0.09283976 0.31897616 0.05503742 0.11886633 0.07039577 0.07793099 0.03007204
0.02497642 0.00507871 0.00115170 0.00475149 0.01952370 0.25562257 0.09603263 0.31786469 0.04280000 0.10830533 0.06618046 0.07878998 0.04758451
0.02487269 0.00398121 0.00121671 0.00617412 0.01790822 0.25384221 0.10455971 0.31771829 0.04460481 0.09461856 0.06637982 0.07728102 0.02979189
0.02479747 0.00463611 0.00114605 0.00475102 0.03590589 0.25395426 0.09937664 0.31770493 0.05757460 0.08776278 0.07773855 0.07955846 0.03528229
0.02614293 0.00633069 0.00116856 0.00580691 0.05752301 0.25368610 0.09961592 0.31938723 0.06638837 0.08097012 0.08353763 0.08277229 0.03820041
0.02729560 0.00907001 0.00198446 0.01312349 0.02931381 0.25620714 0.10849784 0.31966704 0.05445489 0.08220421 0.08311944 0.08213426 0.03286274
0.02798161 0.00805580 0.00109961 0.01218076 0.03809381 0.25716488 0.10866191 0.31941118 0.05878750 0.07410315 0.07552507 0.07988971 0.03863667
0.02816131 0.00344181 0.00095784 0.00373190 0.04197166 0.26205432 0.10198762 0.32058189 0.04364964 0.07772496 0.08169548 0.07843794 0.02891191
0.02764479 0.01569296 0.00069735 0.01636797 0.07025575 0.25775321 0.09879166 0.31876201 0.04500425 0.09275230 0.06885219 0.08142694 0.03983914
0.02358060 0.00743050 0.00174289 0.00969508 0.03654420 0.25981158 0.10580005 0.31885139 0.04168087 0.10592725 0.07410032 0.07911062 0.02641552
0.02548073 0.00411791 0.00151093 0.00228896 0.02362391 0.26109938 0.10019153 0.31661461 0.04086281 0.10096499 0.06432128 0.07610125 0.02896523
0.02855977 0.00846545 0.00083501 0.00915394 0.03590730 0.26086687 0.09549114 0.31449660 0.03971557 0.09131479 0.06560284 0.07583385 0.02336317
0.03029218 0.00337509 0.00363861 0.00539234 0.05323300 0.25771559 0.09105978 0.31476581 0.04525584 0.09319643 0.07277877 0.07918645 0.02577427
0.03120000 0.00477382 0.00141823 0.00569312 0.03663078 0.25852771 0.09165975 0.31306090 0.05398008 0.08521936 0.07666434 0.08089002 0.02478469
0.03187542 0.00505501 0.00139691 0.00474354 0.03584740 0.25909509 0.08996911 0.31402864 0.05624712 0.07585623 0.08124810 0.07960588 0.02492994
0.03262043 0.00737158 0.00065860 0.00473761 0.02975526 0.25823851 0.09302437 0.31515783 0.06080872 0.06540872 0.08271656 0.07892470 0.02345872
0.03183085 0.00454455 0.00191950 0.00580712 0.03155639 0.25881504 0.09710415 0.31597591 0.05290993 0.06703692 0.07638661 0.07816355 0.03767228
0.03037589 0.00306539 0.00089439 0.00331224 0.01721894 0.25747748 0.09148119 0.31841079 0.04733075 0.08298373 0.07603527 0.07905426 0.02625838
0.02858618 0.00465455 0.00154468 0.00800423 0.00793425 0.26094766 0.09355268 0.31944589 0.04722524 0.10632193 0.06634956 0.07983916 0.03399240
0.02794483 0.00395366 0.00149463 0.00173176 0.00470626 0.25625583 0.08705157 0.31753711 0.04943553 0.11296898 0.06333057 0.07220698 0.03463328
0.02843614 0.00998891 0.00100279 0.01022329 0.01380464 0.26078259 0.09372095 0.31845264 0.04578357 0.10013124 0.06043731 0.07606791 0.02393579
0.02786977 0.00131249 0.00099350 0.00428183 0.02474359 0.25576722 0.09528920 0.31582692 0.03934641 0.08818935 0.06248747 0.07575682 0.04223918
0.02561215 0.00235048 0.00110650 0.00301111 0.04436073 0.25953246 0.09279510 0.31618765 0.04793103 0.08007122 0.07531321 0.08026184 0.02649486
0.02488806 0.01062720 0.00181499 0.01038625 0.03851778 0.25401686 0.10102108 0.31517439 0.06104160 0.07502645 0.07915984 0.08028312 0.02792530
0.02581621 0.00890514 0.00148799 0.00753458 0.03938788 0.25718093 0.10048771 0.31587003 0.06374383 0.07171890 0.08546005 0.08161468 0.02743706
0.02704810 0.00306871 0.00098598 0.00696008 0.02928600 0.25687517 0.09323387 0.31700427 0.05070900 0.07089722 0.07901333 0.07806202 0.02860461
0.02756252 0.00477193 0.00123943 0.00503558 0.03508962 0.25947712 0.10155782 0.31613863 0.04253361 0.08371934 0.06717550 0.07785375 0.02521148
0.02758226 0.01106196 0.00192509 0.01014939 0.05090030 0.25809164 0.09253038 0.31818334 0.04907086 0.10292016 0.06169406 0.07875332 0.02669855
0.02734366 0.00621758 0.00106469 0.00780518 0.04802363 0.26094992 0.09559862 0.31819002 0.03885441 0.11140426 0.06463831 0.07544775 0.02485922
0.02712431 0.00290682 0.00097757 0.00362783 0.03461873 0.25918066 0.09788264 0.31766132 0.03631091 0.10683655 0.06313873 0.07499419 0.02744328
0.02645871 0.00343893 0.00131651 0.00634402 0.04030749 0.25864999 0.10266724 0.31877819 0.04005990 0.09744930 0.06772576 0.07777576 0.02713484
0.02523206 0.00183937 0.00089537 0.00190102 0.01469491 0.25774175 0.09603009 0.31795754 0.05046787 0.07915746 0.07999923 0.07961233 0.03725536
0.02197985 0.00532898 0.00109333 0.00855175 0.05419980 0.25749260 0.09977176 0.31980096 0.05817166 0.06783522 0.07871234 0.07900193 0.02643859
0.02275805 0.00426607 0.00302926 0.00495067 0.04295076 0.25802057 0.09050452 0.31752524 0.05980182 0.06736014 0.08748245 0.07787630 0.04090181
0.02187826 0.00566444 0.00174209 0.00468328 0.04036999 0.25852265 0.09132668 0.31879522 0.05789935 0.07243379 0.08261634 0.07826201 0.02862929
0.02346893 0.00983634 0.00097093 0.01125940 0.06016051 0.25795000 0.09718066 0.31902283 0.04740003 0.07867088 0.07223607 0.07924703 0.02862748
0.02540598 0.00395777 0.00111406 0.00321292 0.02987247 0.26181905 0.09063627 0.31717599 0.05887066 0.10065622 0.07599932 0.07638871 0.02799383
0.02624465 0.00411277 0.00388107 0.00216465 0.02165259 0.26097951 0.09494781 0.31701143 0.04903289 0.11399331 0.06227197 0.07904642 0.02258436
0.02678693 0.01007441 0.00117172 0.00954423 0.03863747 0.26294294 0.08816625 0.31603668 0.04228591 0.11543173 0.06620550 0.07611622 0.02427017
0.02753065 0.00430925 0.00147982 0.00292670 0.00530851 0.26101651 0.08538147 0.31604479 0.04847338 0.10675667 0.06902006 0.07907833 0.03392276
0.02944608 0.00268942 0.00100731 0.00365749 0.00577301 0.26212033 0.09147435 0.31566007 0.04919200 0.09167809 0.06814462 0.07910877 0.02820133
0.03100469 0.00154738 0.00081529 0.00149601 0.00208168 0.26159470 0.09102178 0.31550897 0.05131682 0.08284191 0.07545408 0.07794710 0.03045771
0.03043655 0.00132971 0.00086562 0.00221977 0.00138177 0.26297948 0.09417049 0.31748375 0.05823803 0.08182129 0.07849928 0.07773345 0.02315795
0.02875426 0.00176187 0.00137898 0.00028514 0.00136909 0.26246603 0.08815829 0.31710953 0.05786966 0.08310972 0.08232369 0.07872153 0.02165821
0.02771882 0.00209383 0.00119089 0.00352840 0.00729449 0.26391798 0.08273206 0.31806965 0.05037972 0.08686114 0.07822313 0.08005751 0.02562898
0.02807855 0.00099296 0.00094849 0.00161074 0.00062550 0.26450945 0.08442677 0.31898797 0.04491857 0.10050998 0.06822968 0.07566248 0.03288304
0.02798224 0.00621711 0.00237605 0.00607840 0.01361471 0.26133959 0.08115997 0.31697483 0.04214151 0.11071402 0.06395058 0.07389010 0.02143195
0.02711344 0.00640926 0.00133374 0.00911491 0.04800905 0.26231335 0.08207829 0.31737668 0.04310720 0.10926204 0.06154761 0.07408165 0.02174361
0.02703677 0.00760162 0.00220157 0.01253766 0.04187861 0.25946849 0.08443290 0.31538810 0.04418965 0.10187460 0.07020976 0.08156536 0.03485385
0.02788289 0.00725133 0.00139827 0.00320156 0.02362909 0.26037381 0.09038414 0.31388406 0.06321042 0.08949267 0.07260410 0.07747362 0.02463408
0.02914719 0.00245409 0.00116593 0.00127578 0.00421890 0.25838672 0.08414029 0.31293372 0.05509815 0.07549357 0.07805378 0.07789902 0.03222749
0.02983368 0.00597542 0.00075229 0.00652592 0.03864355 0.25905199 0.08737747 0.31419935 0.05804713 0.07265706 0.08009712 0.07823306 0.02952410
0.02747222 0.00641212 0.00099704 0.00545853 0.05371992 0.25740919 0.09195889 0.31589011 0.05554143 0.08665838 0.07971029 0.07746718 0.04564671
0.05162796 0.00583386 0.00141889 0.00823190 0.04108526 0.26226667 0.09417670 0.31758009 0.05343475 0.09058467 0.07435966 0.07802390 0.03515906
0.05122411 0.00587593 0.00160736 0.00470596 0.04912083 0.25949035 0.08780115 0.31701215 0.04677971 0.09562442 0.08259108 0.07548020 0.02303396
0.05084041 0.01475017 0.00119966 0.01264732 0.04193788 0.26087679 0.08912176 0.31741767 0.05445969 0.09830579 0.06717199 0.08077394 0.02445556
0.04998980 0.00989672 0.00131939 0.00882660 0.03597798 0.25994935 0.09074312 0.31657769 0.04574787 0.11369900 0.07001410 0.07494861 0.02534362
0.05000616 0.00895671 0.00111364 0.01278554 0.03428903 0.25840535 0.09433607 0.31803893 0.04830595 0.11227139 0.06997464 0.07726690 0.02377504
0.05039882 0.00452396 0.00093887 0.00361333 0.03416781 0.25862381 0.09466828 0.31682722 0.05070767 0.10292104 0.07173251 0.07785886 0.03502419
0.04945022 0.00825644 0.00088066 0.01102376 0.03071822 0.25927304 0.08998896 0.31951918 0.05634594 0.08518726 0.07957429 0.07815218 0.03036532
0.04890281 0.00831194 0.00103268 0.00859309 0.03848668 0.25683601 0.08832195 0.31739598 0.06493289 0.07840641 0.07772145 0.07554747 0.02873979
0.04926776 0.00502620 0.00186632 0.00670979 0.03982340 0.25836458 0.08764924 0.31679976 0.05679865 0.08145799 0.07282206 0.07670066 0.03448599
0.04896043 0.00407764 0.00298518 0.00319664 0.03821557 0.25725163 0.09591070 0.31829942 0.05287209 0.09206761 0.08352932 0.07928542 0.02315367
0.04972799 0.01257631 0.00127050 0.01209472 0.04585736 0.25633186 0.08997659 0.31604880 0.04986085 0.09899739 0.07363789 0.07893935 0.03163558
0.04938082 0.00297265 0.00094294 0.00587593 0.05849069 0.25849124 0.09603964 0.31681574 0.04405189 0.10201715 0.06972469 0.07637689 0.02365083
0.04908847 0.00499410 0.00084334 0.00621718 0.04468993 0.25734901 0.09065725 0.31650246 0.04092688 0.09462414 0.07030109 0.07806904 0.05020263
0.04960979 0.00759805 0.00093102 0.00601302 0.03729503 0.25912233 0.09328571 0.31621854 0.04986046 0.09397517 0.06542684 0.07749953 0.04699958
0.04942482 0.00499948 0.00065663 0.00577306 0.04863548 0.25821090 0.08592557 0.31709803 0.05479369 0.08946450 0.08204708 0.07925641 0.03845407
0.04976119 0.01095394 0.00076976 0.01512926 0.03254674 0.25824294 0.08430841 0.31684751 0.05670325 0.08665281 0.07967561 0.07692739 0.03385484
0.05067404 0.00511037 0.00424873 0.00729094 0.04786019 0.25739629 0.09321744 0.31765156 0.05716665 0.07776835 0.07465502 0.08470166 0.02642284
0.05192497 0.01689404 0.00102230 0.01594238 0.04230892 0.25556206 0.09160269 0.31758713 0.05896501 0.07646260 0.07892492 0.07627113 0.02827362
0.05983601 0.00862204 0.00190311 0.00897516 0.04442307 0.26016463 0.09174879 0.31883143 0.05692319 0.08921121 0.07323635 0.08192193 0.02777609
0.06026343 0.00516609 0.00382514 0.00774843 0.04043870 0.25481722 0.08510717 0.31625415 0.04836106 0.10994672 0.07260119 0.07754530 0.03353490
0.06060049 0.00136624 0.00272796 0.00399127 0.00455856 0.26082624 0.07913160 0.31595987 0.04089816 0.11577897 0.07385734 0.08047669 0.04097575
0.07543566 0.00155901 0.00239544 0.00239608 0.00204947 0.25654059 0.08997570 0.31258055 0.04075417 0.10644045 0.06123143 0.07649147 0.02030464
0.07709808 0.01117714 0.00155316 0.01134412 0.04021204 0.25933983 0.08296229 0.31319717 0.04184463 0.09239558 0.06609282 0.07678646 0.02272370
0.07736201 0.00440619 0.00098225 0.00490947 0.04911769 0.25778814 0.08350534 0.31318504 0.05103370 0.08562739 0.07438617 0.08120942 0.05074388
0.07486258 0.00585701 0.00208768 0.00970323 0.02072519 0.25605040 0.09478096 0.31230222 0.06252566 0.08638435 0.07357235 0.07916239 0.02393843
0.07327561 0.00434653 0.00153097 0.00397432 0.03174212 0.25633717 0.08083030 0.31399235 0.06235821 0.07981851 0.08486852 0.08183805 0.02902444
0.07916310 0.00886398 0.00130511 0.01109631 0.04912439 0.25604982 0.08925036 0.31619092 0.05934992 0.07673700 0.07389927 0.07908245 0.02955249
0.07821457 0.00789688 0.00107142 0.01165982 0.04870361 0.25586402 0.09155763 0.31553231 0.05286830 0.08515736 0.07243650 0.08034280 0.03880409
0.07730270 0.00838927 0.00226378 0.00995772 0.04895336 0.25750397 0.08700288 0.31634445 0.04795093 0.09808949 0.07880538 0.07931823 0.02895310
0.07572348 0.01117807 0.00290808 0.00968199 0.02483862 0.25554927 0.09794225 0.31525512 0.05052557 0.10367081 0.06967626 0.08651232 0.02854794
0.07536273 0.00432635 0.00253583 0.00540205 0.04119453 0.25845977 0.09570453 0.31320517 0.04370987 0.10325099 0.06933423 0.07797640 0.04867801
0.06802971 0.00528110 0.00367385 0.00491919 0.03057754 0.25564025 0.08877589 0.31389872 0.05356876 0.09899535 0.07029459 0.08642873 0.02758163
0.06887534 0.00465045 0.00184910 0.00296811 0.02046345 0.25420985 0.09404614 0.31311634 0.05035287 0.10068400 0.06884368 0.07829713 0.03517032
0.06908463 0.00795981 0.00134354 0.00699444 0.03986712 0.25666581 0.09169248 0.31370036 0.04913066 0.08263192 0.07975619 0.08199109 0.02586025
0.06917703 0.00273944 0.00111095 0.00382466 0.04359152 0.25189357 0.08965140 0.31284094 0.05350654 0.07542059 0.08321989 0.07719052 0.02661032
0.07068272 0.00435496 0.00133404 0.00440919 0.04740924 0.25215111 0.09599299 0.31364189 0.06038903 0.07147775 0.07095240 0.07887166 0.02542719
0.07137067 0.00566334 0.00155423 0.00468805 0.03014719 0.25410440 0.09803016 0.31424874 0.05320214 0.07400955 0.08415843 0.08253314 0.02411216
0.06974975 0.00786735 0.00171835 0.00676257 0.02342328 0.25012785 0.09331593 0.31373774 0.05680123 0.08194824 0.07649785 0.07946015 0.02774818
0.06419304 0.00821741 0.00120220 0.00719256 0.02676513 0.25153324 0.09907099 0.31441614 0.04769134 0.09042341 0.07526069 0.08115556 0.02839860
0.06332113 0.00336419 0.00075776 0.00655673 0.04543324 0.24863015 0.10244616 0.31508093 0.04449888 0.09414784 0.07675121 0.08101957 0.03888446
0.06400139 0.00668127 0.00141827 0.00715610 0.03932350 0.24802773 0.09986659 0.31415360 0.04981078 0.09430360 0.06771396 0.07885630 0.02641716
0.06330737 0.00302686 0.00157108 0.00199541 0.03207879 0.25367350 0.09399742 0.31506120 0.05619031 0.09067019 0.07160329 0.08225910 0.02492138
0.06471571 0.00978442 0.00091109 0.01088989 0.01681078 0.24836137 0.09919899 0.31458865 0.05037836 0.08929926 0.07961194 0.07596280 0.02409155
0.06218603 0.01229778 0.00083571 0.01178498 0.03369292 0.25530395 0.09909800 0.31837931 0.05610600 0.08254228 0.07499113 0.08140192 0.03751664
0.06202332 0.00758768 0.00076392 0.01002741 0.06096727 0.24823849 0.08981643 0.31577446 0.05163738 0.07771312 0.08764571 0.08121776 0.02622933
0.06013111 0.01194591 0.00391713 0.01446470 0.06375126 0.25369594 0.09275824 0.31858920 0.05552968 0.07625718 0.07460133 0.08343967 0.02765909
0.06009218 0.00659402 0.00142855 0.00648209 0.07299694 0.24998565 0.09527986 0.31682575 0.05304120 0.07864509 0.07734459 0.08084254 0.03689107
0.05971862 0.00882289 0.00114548 0.01273496 0.05895096 0.25369460 0.10234878 0.31748662 0.05026597 0.08304457 0.07454872 0.08309754 0.03589514
0.06022006 0.00434922 0.00141478 0.00237862 0.02753484 0.25159673 0.10524794 0.31431241 0.04962004 0.08859661 0.07126584 0.07814749 0.02986088
0.06062682 0.01338325 0.00083257 0.01432969 0.02589296 0.25432870 0.09504568 0.31467307 0.04790767 0.09036281 0.08212894 0.08137701 0.03287772
0.05940447 0.00437129 0.00120067 0.00273036 0.04211622 0.25169336 0.09014091 0.31380591 0.05454681 0.09342825 0.06986932 0.07967765 0.02590426
0.05847316 0.00392031 0.00104479 0.00450569 0.02908636 0.25696669 0.09186336 0.31281933 0.05387031 0.09389555 0.07104257 0.08100262 0.03124499
0.05711794 0.00979956 0.00100147 0.00967466 0.04394829 0.25131250 0.08814037 0.31271737 0.05366165 0.08852976 0.08373521 0.07703929 0.02972194
0.05619796 0.00409834 0.00092643 0.00311096 0.00383099 0.25925149 0.09413148 0.31416367 0.05922881 0.08189120 0.07440803 0.08041837 0.05236350
0.05474861 0.00932247 0.00084857 0.00787449 0.01196247 0.25456567 0.10343090 0.31459787 0.05555261 0.07665640 0.07515851 0.08213498 0.02724912
0.05322084 0.00298529 0.00088483 0.00512416 0.02821156 0.25745703 0.10242691 0.31386765 0.05150689 0.07889992 0.08284548 0.08084854 0.02924495
0.04675258 0.00509379 0.00101900 0.00668643 0.03270214 0.25742091 0.10342419 0.31530596 0.05344388 0.08493854 0.07203877 0.07875434 0.03277033
0.04674982 0.00391613 0.00104090 0.00676985 0.04576390 0.25883464 0.08979105 0.31459644 0.04426618 0.08663550 0.08686177 0.07919984 0.03429334
0.04619882 0.00463842 0.00148572 0.00876648 0.04376209 0.25780291 0.09170376 0.31322054 0.04934398 0.09100266 0.06589838 0.07909937 0.02673972
0.04557875 0.00175534 0.00127781 0.00026808 0.00074239 0.25559881 0.09323079 0.31290551 0.04748090 0.09124224 0.06865441 0.07927647 0.02532132
0.04545243 0.00424661 0.00086347 0.00533008 0.02758412 0.25534125 0.09392767 0.31251330 0.04531578 0.09097366 0.07097396 0.07778680 0.02328056
0.04614390 0.00494318 0.00061989 0.00479236 0.03658147 0.25231435 0.09738986 0.31263053 0.04915683 0.08213607 0.07303980 0.07852878 0.02558138
0.04527497 0.01315628 0.00055865 0.01255457 0.03562484 0.25188558 0.09825452 0.31256508 0.05517969 0.07296451 0.07393741 0.07904552 0.02405826
0.04378602 0.00568889 0.00276268 0.00407676 0.02901833 0.25615756 0.08818040 0.31187194 0.05569687 0.06602120 0.08723324 0.08110353 0.02452591
0.04196799 0.00315412 0.00187382 0.00033681 0.00339242 0.25222271 0.08756567 0.31130790 0.05415408 0.06888086 0.06777447 0.08119236 0.02425084
0.04312204 0.00172356 0.00123416 0.00027680 0.00160557 0.25302763 0.08344093 0.30893396 0.04073145 0.07655926 0.07311833 0.07521433 0.02387780
0.04494247 0.00462677 0.00130550 0.00385150 0.02138383 0.25432959 0.08362008 0.31031957 0.03667507 0.08286407 0.05999243 0.07827431 0.02303583
0.04755425 0.00572973 0.00081444 0.00701833 0.02480121 0.25114743 0.08440235 0.30809038 0.03851075 0.08670493 0.05557713 0.07605770 0.02173154
0.04839561 0.00481793 0.00067154 0.00483839 0.02158341 0.25403783 0.08578290 0.31006984 0.04273149 0.08683030 0.06697798 0.07755294 0.03671130
0.04868937 0.00778092 0.00062012 0.00901219 0.04574456 0.25103989 0.08332046 0.31113757 0.04785093 0.07866103 0.07023262 0.07623392 0.02789996
0.04789578 0.00602977 0.00059860 0.00624785 0.05483197 0.25392696 0.09140210 0.31266856 0.04996664 0.06114176 0.07186620 0.07858098 0.02989880
0.04591202 0.00384900 0.00048763 0.00578226 0.05267951 0.25235208 0.09296639 0.31404612 0.05268474 0.06290046 0.08064243 0.08037114 0.02772740
0.04316655 0.00529134 0.00068105 0.00621153 0.05747222 0.25447225 0.08856389 0.31423687 0.05867314 0.07017210 0.06769531 0.08113824 0.02538020
0.04075384 0.00445691 0.00183761 0.00565671 0.02926882 0.25086349 0.09382404 0.31481819 0.04817184 0.08191727 0.07169750 0.08030008 0.03196517
0.03815970 0.00653513 0.00145468 0.00863987 0.04530433 0.25467831 0.09742013 0.31539119 0.04441153 0.08908370 0.06772818 0.07894910 0.02561010
0.03772470 0.00627549 0.00125638 0.00573887 0.02925674 0.25505909 0.10055580 0.31458183 0.04768512 0.09129567 0.06507981 0.07584941 0.02952833
0.03732860 0.01052099 0.00108003 0.00880279 0.03194009 0.25426422 0.10468091 0.31395677 0.04377209 0.08815604 0.07618230 0.07882520 0.02659282
0.03706798 0.00651949 0.00105609 0.00791701 0.05945951 0.25348045 0.09994190 0.31299783 0.05321008 0.08096656 0.06594177 0.07943767 0.02688080
0.03627068 0.00280825 0.00082843 0.00317242 0.03395084 0.25765055 0.09998536 0.31280948 0.04921430 0.07208952 0.07676438 0.07929912 0.02785698
0.03612199 0.00234941 0.00055044 0.00321712 0.02471409 0.25611809 0.09369445 0.31242715 0.05032893 0.06644049 0.08670298 0.07797983 0.03986344
0.03646597 0.00691119 0.00044498 0.00441132 0.05004866 0.25882753 0.09591967 0.31240832 0.05106946 0.06555302 0.07325526 0.07879135 0.03100957
0.03618763 0.00279555 0.00168350 0.00150157 0.04062689 0.25806502 0.10133559 0.31233976 0.05758604 0.07069233 0.07411730 0.07872376 0.02660549
0.03574548 0.01009250 0.00093402 0.00959644 0.02245724 0.26009008 0.09905453 0.31277261 0.04559255 0.07646528 0.07769359 0.08018366 0.03297714
0.03587251 0.00781484 0.00105866 0.00892080 0.03366852 0.25793612 0.10112436 0.31284311 0.04982086 0.07681669 0.06561481 0.07612917 0.02547801
0.03631778 0.00593678 0.00175598 0.00802684 0.02560744 0.25801509 0.09661348 0.31265243 0.05121129 0.08167676 0.07246224 0.07873071 0.02715649
0.03605180 0.00306081 0.00378466 0.00053750 0.00137283 0.25647969 0.09545741 0.31321182 0.04624093 0.08321480 0.06871773 0.07669121 0.02669094
0.03561778 0.00219984 0.00128752 0.00050283 0.03371492 0.25912468 0.09296581 0.31395730 0.04171182 0.07773482 0.07211219 0.07807994 0.02702781
0.03567595 0.00360139 0.00099920 0.00411645 0.04339840 0.25763864 0.10019291 0.31354740 0.04672966 0.07517125 0.06826920 0.07619034 0.03150066
0.03414579 0.01412152 0.00065668 0.01414450 0.03682775 0.25807066 0.09749732 0.31396827 0.04906010 0.06979179 0.06799487 0.07814684 0.02832989
0.03323707 0.00587995 0.00075619 0.00525550 0.05339990 0.25772495 0.09191278 0.31320163 0.06004636 0.06305679 0.06929101 0.07924066 0.03266325
0.03261666 0.00334118 0.00099976 0.00694357 0.03818707 0.25629970 0.08963019 0.31137280 0.05106346 0.06470562 0.07643302 0.07938155 0.02501863
0.03168903 0.00282341 0.00096449 0.00222944 0.03972772 0.25508934 0.08534472 0.31155622 0.05700248 0.07736907 0.06500699 0.07726781 0.03056532
0.02837648 0.00729566 0.00137146 0.00757329 0.04771196 0.25447004 0.08314607 0.31013113 0.04333970 0.08475629 0.06804818 0.07833174 0.02203366
0.02617393 0.00430913 0.00111716 0.00162503 0.05763462 0.25193372 0.08480289 0.31059609 0.04069638 0.08901759 0.06009761 0.07521014 0.03046047
0.02760164 0.00563907 0.00088282 0.00577679 0.05937684 0.25214454 0.08556765 0.31030842 0.04349872 0.08878975 0.06422728 0.07845777 0.02507192
0.02586624 0.00343242 0.00084829 0.00404321 0.05300582 0.25256078 0.09388121 0.31110055 0.04330740 0.08255594 0.06797246 0.07707750 0.02391743
0.02532709 0.00759398 0.00074317 0.00800195 0.04830754 0.25253694 0.09433080 0.31246040 0.05767605 0.07555433 0.07075750 0.07814290 0.02368213
0.02519409 0.00485762 0.00207723 0.00607348 0.04734475 0.25036308 0.08930656 0.31104002 0.05132560 0.07135605 0.07855758 0.07833888 0.02747921
0.02846819 0.00345762 0.00189503 0.00389068 0.02171752 0.25425764 0.09033369 0.31328308 0.05870683 0.06935191 0.07779867 0.08042954 0.03435398
0.03295700 0.00408351 0.00222301 0.00409835 0.02507007 0.25068192 0.09126337 0.31257639 0.05544445 0.08273508 0.07074701 0.08043971 0.02440297
0.03634795 0.00606622 0.00150912 0.00472123 0.02166532 0.25303219 0.08988110 0.31292722 0.04560769 0.09440240 0.07509446 0.07706841 0.03173166
0.03737448 0.00354797 0.00106570 0.00548280 0.02635290 0.25005278 0.08761645 0.31079176 0.04265942 0.09635840 0.07031616 0.07569468 0.02535383
0.05061688 0.00919583 0.00150054 0.00938753 0.03324382 0.25232137 0.09168803 0.31105811 0.04207436 0.10500705 0.06729237 0.07573982 0.02489736
0.05121240 0.01028466 0.00095111 0.00849669 0.01267667 0.25146765 0.09476917 0.31085771 0.04858786 0.09949631 0.07084462 0.07730810 0.02454285
0.05737687 0.00324004 0.00072598 0.00523862 0.02486825 0.25225065 0.08925485 0.31008507 0.05130113 0.09542739 0.07384030 0.07783121 0.02472763
0.05708979 0.00859874 0.00079696 0.01203532 0.02902497 0.25206235 0.09139004 0.31110671 0.06994980 0.08107566 0.08004096 0.07790885 0.02457065
0.05524579 0.00437517 0.00138006 0.00326268 0.03367885 0.25372577 0.09319095 0.31139203 0.07371144 0.07293217 0.07261396 0.08085110 0.02584071
0.05374546 0.00916351 0.00134831 0.01237733 0.03961607 0.25428689 0.09078986 0.31157785 0.05709717 0.07367786 0.08638574 0.08233127 0.02698584
0.05276724 0.00802439 0.00115348 0.00832366 0.07005627 0.25297011 0.09776463 0.31116428 0.06407589 0.07586041 0.07017840 0.07999228 0.02422328
0.05249019 0.00580612 0.00082740 0.00458746 0.06062252 0.25438915 0.09118957 0.31249454 0.05616625 0.08165470 0.07856140 0.08113609 0.02757543
0.05231990 0.00725587 0.00083164 0.00701942 0.05964182 0.25386546 0.09628307 0.31476031 0.04815294 0.09214329 0.07035477 0.07670272 0.02721463
0.04289197 0.00650520 0.00093732 0.00603574 0.05344957 0.25303102 0.09938837 0.31289467 0.04595560 0.10334121 0.07251236 0.07816656 0.02748272
0.04180806 0.01324097 0.00101979 0.01361193 0.03830117 0.25238628 0.09088546 0.31389776 0.04716490 0.11137749 0.06781100 0.07724969 0.04487315
0.04038372 0.00371222 0.00084525 0.00417269 0.04548520 0.25090974 0.09942810 0.31252011 0.05247794 0.10421215 0.07310677 0.07791054 0.02529906
0.04008636 0.00530016 0.00099498 0.00468796 0.02692909 0.25186880 0.09261455 0.31236095 0.05625558 0.09315186 0.08170551 0.07687949 0.03668236
0.03932804 0.00544040 0.00078780 0.00278804 0.04922415 0.25176981 0.08276184 0.31192657 0.05907030 0.08083798 0.08185569 0.08028590 0.02640533
0.03971033 0.00913160 0.00138736 0.00910080 0.03870100 0.25429328 0.09786574 0.31124157 0.06008540 0.07637107 0.07468017 0.07947994 0.02456469
0.04000793 0.00779951 0.00063853 0.01141198 0.04870448 0.25195004 0.08273701 0.31016997 0.05570353 0.07682128 0.08948351 0.08031854 0.03668123
0.04030139 0.00512188 0.00141168 0.00698416 0.02613323 0.25443340 0.08368076 0.30876844 0.06513230 0.09043278 0.06932039 0.08403073 0.03406731
0.04141440 0.00889250 0.00132054 0.01050837 0.01812906 0.25162677 0.07473597 0.30661142 0.04830878 0.09744180 0.07634703 0.07569176 0.03698309
0.04299591 0.00936449 0.00139205 0.01052499 0.04826277 0.25257460 0.08309728 0.30733178 0.04184204 0.10543521 0.05941772 0.07741489 0.02171558
0.04740395 0.00828483 0.00109720 0.00804874 0.05100699 0.24975990 0.08229960 0.30821956 0.04604806 0.10394933 0.06154297 0.07758018 0.03260042
0.04625710 0.00733522 0.00127594 0.01081205 0.03599077 0.25026793 0.08647661 0.30768994 0.04544067 0.10325448 0.08044092 0.07701941 0.01957420
0.04562534 0.00165275 0.00119773 0.00167791 0.01826525 0.25195928 0.08173741 0.30928873 0.05335617 0.09107697 0.07064042 0.07670474 0.02602022
0.04548150 0.00138095 0.00137900 0.00071015 0.00134217 0.24917565 0.08570081 0.30743844 0.05362658 0.08027363 0.07862535 0.07597447 0.02094431
0.04490226 0.00193322 0.00140010 0.00109970 0.00321060 0.24934474 0.08138033 0.31034965 0.05641773 0.07252807 0.08212095 0.07882396 0.02281020
0.04323315 0.01366388 0.00089997 0.01243327 0.02555868 0.24717602 0.08441580 0.31045239 0.05868558 0.07978860 0.07795427 0.07942449 0.02502945
0.04080973 0.00453437 0.00099439 0.00494307 0.03271490 0.24830729 0.08996189 0.31046165 0.05289704 0.09154583 0.07285007 0.07757213 0.02194687
0.03860404 0.00801280 0.00109744 0.00994188 0.02112910 0.24778741 0.08993091 0.30981531 0.04621813 0.09654716 0.07294554 0.07585589 0.02331994
0.03754624 0.00739147 0.00106658 0.00418019 0.02835901 0.24830693 0.08659978 0.31078406 0.04512660 0.09540155 0.06679081 0.07576481 0.02619055
0.03643770 0.00259661 0.00112476 0.00488672 0.03116280 0.24914722 0.09124033 0.30868403 0.03989536 0.09343927 0.06878843 0.07756145 0.02413100
0.03541496 0.00293388 0.00067114 0.00048598 0.00177523 0.24905496 0.09898148 0.30952049 0.05391745 0.08988454 0.06329302 0.07588785 0.02543108
0.03586198 0.00773648 0.00089416 0.00800661 0.03676277 0.24970037 0.08889187 0.30902937 0.04538826 0.08583134 0.07616647 0.07696293 0.02748754
0.03585599 0.00648300 0.00063800 0.00549441 0.05538477 0.25026875 0.08985843 0.30841048 0.05089712 0.07742111 0.07383182 0.07810104 0.03429685
0.03553758 0.00956751 0.00176924 0.00852730 0.03743394 0.25063838 0.08569117 0.30873358 0.05529808 0.06802820 0.07894243 0.08170702 0.02441949
0.03513967 0.00828215 0.00133326 0.00587770 0.03501847 0.25337456 0.09241792 0.30895058 0.05189200 0.06195445 0.07242950 0.07945374 0.03390784
0.03509615 0.00389660 0.00069757 0.00349345 0.02812480 0.25445049 0.08497971 0.30940227 0.05067294 0.07086668 0.07945628 0.07860076 0.02522703
0.03521145 0.00249626 0.00064324 0.00145408 0.03122077 0.25489401 0.09034216 0.30982132 0.05277161 0.08010316 0.06920508 0.07551624 0.02258863
0.03518455 0.00529546 0.00059189 0.00815503 0.02791656 0.25487548 0.08403761 0.31037373 0.03947714 0.08713012 0.07558586 0.07538797 0.02619521
0.03490274 0.00424059 0.00050945 0.00279743 0.02067226 0.25618692 0.08840625 0.31112391 0.04056376 0.09268829 0.05882769 0.07455149 0.03408223
0.03426597 0.00171098 0.00088544 0.00180416 0.02236547 0.25532675 0.09058370 0.31074208 0.03907716 0.09172934 0.06032122 0.07597503 0.02231764
0.03428697 0.00295917 0.00067867 0.00329360 0.03139622 0.25747658 0.09026821 0.31045051 0.03886863 0.09595011 0.07158902 0.07368325 0.02273330
0.03399761 0.00576359 0.00059375 0.00774029 0.03342641 0.25618151 0.08779490 0.31047862 0.05126104 0.08843630 0.06443710 0.07548183 0.03672788
0.03433276 0.00323825 0.00134430 0.00426261 0.03289989 0.25747825 0.08823881 0.31097834 0.04994243 0.08502005 0.07734544 0.07766077 0.02774572
0.03397890 0.00259494 0.00073966 0.00303320 0.02158104 0.25607815 0.08312646 0.30904352 0.05307094 0.06699707 0.08211737 0.07797681 0.02454136
0.03368532 0.00348712 0.00044322 0.00144497 0.03250033 0.25647912 0.09494772 0.31025341 0.06272420 0.06180302 0.07346152 0.07761168 0.02849444
0.03332882 0.00320639 0.00079996 0.00538601 0.02963200 0.25318603 0.08446847 0.30924210 0.05514020 0.07239674 0.08148658 0.07750814 0.02301385
0.03265957 0.00379598 0.00107415 0.00212678 0.02042387 0.25560577 0.08267139 0.30875680 0.04735034 0.08607104 0.07302053 0.07615262 0.02798180
0.03526073 0.00173048 0.00072133 0.00081024 0.00114359 0.25372400 0.08828922 0.30913696 0.04826661 0.09455683 0.05732892 0.07565415 0.02128722
0.03435853 0.00814821 0.00115734 0.00624652 0.01287651 0.25413109 0.08496424 0.31000826 0.03392073 0.09862507 0.06882980 0.07362052 0.02484670
0.03482938 0.00756664 0.00126377 0.00781501 0.01748978 0.25247813 0.08669868 0.31041520 0.04059865 0.09442267 0.05768895 0.07506426 0.02075765
0.03727109 0.00121877 0.00079634 0.00027466 0.03463628 0.25442523 0.08253932 0.30929939 0.04023996 0.08944442 0.06930464 0.07352358 0.02281567
0.03943522 0.00759291 0.00051073 0.00824808 0.03879754 0.25318671 0.08138968 0.31152870 0.04784301 0.07409617 0.07205492 0.07849938 0.02186690
0.04093128 0.00411368 0.00144985 0.00558843 0.03186594 0.25349551 0.08701422 0.31025550 0.05223730 0.06111678 0.07676226 0.07715419 0.02350569
0.03723396 0.00531407 0.00193754 0.00399398 0.00685588 0.25515351 0.08524442 0.31075597 0.05115191 0.05029499 0.07625322 0.07775123 0.03756943
0.03721773 0.00518593 0.00047575 0.00934875 0.02506538 0.25490444 0.08115287 0.30874276 0.04810255 0.05710233 0.07045745 0.07592085 0.05126107
0.03533158 0.00335075 0.00065554 0.00650301 0.03676579 0.25491199 0.08052458 0.30926021 0.04288066 0.07433404 0.07322472 0.07526548 0.03689187
0.03322409 0.00638635 0.00074160 0.00649794 0.03942248 0.25470562 0.08402587 0.30798998 0.04467842 0.08359074 0.06507027 0.07693653 0.03423473
0.03115191 0.01359384 0.00089228 0.01545952 0.03773853 0.25439659 0.08684289 0.30764096 0.03606693 0.08866979 0.05730756 0.07449616 0.02282625
0.02960988 0.00526531 0.00105000 0.01036115 0.04070586 0.25289819 0.08622436 0.30698825 0.03207568 0.08617073 0.05378190 0.07430574 0.04044682
0.02777007 0.00633508 0.00075498 0.00652467 0.05414836 0.25730702 0.08817311 0.30765062 0.03335522 0.07851744 0.06740999 0.07715622 0.03761385
0.02590102 0.00416700 0.00128917 0.00741916 0.03467861 0.25427643 0.08905456 0.30877994 0.04171608 0.07311257 0.06798313 0.08076551 0.04680764
0.02355157 0.00885473 0.00142365 0.01310815 0.04782137 0.25722292 0.09123934 0.30856676 0.04673653 0.06242874 0.07469437 0.08041171 0.02935645
0.02382263 0.00820996 0.00113163 0.00517862 0.03400753 0.25468295 0.08822962 0.30960773 0.05320090 0.06811241 0.06903595 0.07725744 0.03223743
0.02547388 0.01127439 0.00099942 0.01220894 0.05304542 0.25499846 0.09158421 0.30957153 0.04814182 0.06370427 0.06940458 0.07766729 0.02616479
0.02765342 0.00472741 0.00131296 0.00610966 0.04939751 0.25355638 0.08806505 0.31204797 0.04969293 0.06916550 0.07386500 0.07844721 0.04353844
0.03001092 0.00360373 0.00110782 0.00665956 0.02964164 0.25473988 0.09258480 0.31140213 0.04615093 0.07877449 0.07430263 0.07691647 0.04830366
0.03114927 0.00318849 0.00076342 0.00427912 0.02047139 0.25748418 0.09792997 0.31181550 0.04605911 0.07772594 0.06261470 0.07568154 0.02961173
0.03133273 0.00241381 0.00090383 0.00234604 0.00341615 0.25709499 0.09038396 0.31041334 0.04128224 0.08085183 0.07074849 0.07321425 0.03342629
0.03056763 0.00262736 0.00158370 0.00126661 0.00216299 0.25846465 0.09254286 0.30934149 0.04736171 0.08008406 0.05202005 0.07359320 0.02310055
0.03026772 0.00752424 0.00098767 0.00770814 0.01456666 0.25805640 0.08513349 0.30989952 0.03527730 0.07815361 0.07055703 0.07616702 0.03316206
0.03051168 0.00322561 0.00077846 0.00550521 0.03076254 0.25710954 0.09174014 0.30876684 0.04076184 0.07812390 0.06127657 0.07687245 0.03443980
0.02980928 0.00429192 0.00072527 0.00684464 0.01686916 0.25608506 0.09475033 0.30828570 0.04383113 0.07183324 0.06444095 0.07558603 0.02738949
0.02650117 0.00667090 0.00305365 0.00677553 0.04063451 0.25549580 0.09129724 0.30865673 0.04410535 0.07147895 0.06654698 0.07579821 0.04173275
0.02627422 0.00169499 0.00124753 0.00423769 0.00389986 0.25593859 0.08527739 0.30912879 0.04516331 0.06566081 0.07133238 0.08013167 0.03360531
0.02687516 0.00186017 0.00116095 0.00224985 0.00304005 0.25507578 0.08911524 0.30731592 0.05036880 0.06192744 0.06265974 0.07579362 0.02458359
0.02837373 0.00161072 0.00117293 0.00234801 0.03250017 0.25437049 0.07940562 0.30863631 0.04442297 0.06490419 0.07604056 0.07821827 0.03036056
0.02991819 0.00135007 0.00189578 0.00047454 0.00132017 0.25273857 0.08598767 0.30766468 0.04555914 0.07008885 0.06454919 0.07405531 0.01986111
0.03090731 0.00235830 0.00097397 0.00149190 0.03159721 0.25278279 0.07963094 0.30799481 0.04917970 0.07569000 0.06722691 0.07792561 0.02267812
0.03249407 0.00388708 0.00068976 0.00451015 0.03184732 0.25148113 0.08245955 0.30812099 0.03901543 0.07845338 0.06500631 0.07675491 0.02248355
0.03334426 0.01291160 0.00057749 0.01253310 0.03486067 0.25237727 0.08896238 0.30802801 0.04004440 0.08052600 0.05667577 0.07580154 0.02346626
0.03277743 0.00351141 0.00057116 0.00300541 0.03121084 0.25213663 0.08869528 0.30852462 0.03704730 0.08151545 0.07165669 0.07601560 0.02486579
0.02962696 0.00607941 0.00047985 0.00629333 0.03587360 0.25413496 0.08637290 0.30965335 0.05792179 0.07893502 0.06509770 0.07576294 0.03498565
0.02859021 0.00433011 0.00084606 0.00406446 0.03117251 0.25209408 0.09466430 0.31113290 0.05627692 0.08493834 0.07171133 0.07531820 0.02293935
0.02708633 0.00201402 0.00114023 0.00384014 0.00632448 0.25503875 0.09069538 0.31127539 0.05002927 0.07989374 0.06988788 0.07624797 0.02558540
0.02478845 0.01077401 0.00083292 0.01149560 0.03486383 0.25206637 0.08976668 0.31200028 0.05632522 0.07279263 0.07227378 0.07701630 0.02394698
0.02282263 0.00529635 0.00116472 0.00342578 0.03272552 0.25363715 0.09139238 0.31131424 0.06026105 0.08495178 0.07214440 0.07716172 0.02532660
0.02229518 0.01352486 0.00119036 0.01653265 0.06247558 0.25296076 0.08422444 0.31213971 0.05457841 0.08454446 0.07901370 0.08279041 0.02318044
0.02353128 0.00811877 0.00090781 0.00985194 0.03329652 0.25292061 0.08646438 0.31083732 0.05963987 0.08499950 0.07184669 0.07756304 0.02282732
0.02503005 0.00621925 0.00126667 0.00815309 0.06057023 0.25356612 0.08690291 0.31113172 0.05543894 0.08289389 0.07168334 0.08050756 0.04095956
0.02592078 0.00737235 0.00223853 0.00732485 0.05823585 0.25085487 0.08529759 0.31025316 0.04524137 0.09428024 0.06787886 0.07587087 0.02684378
0.03499669 0.00717213 0.00177794 0.00691550 0.04300102 0.25361987 0.08591167 0.31054896 0.05017447 0.09606398 0.06744648 0.07680196 0.02599627
0.03617193 0.00394735 0.00173322 0.00304472 0.02940144 0.25479773 0.08513805 0.31125737 0.06753040 0.10159485 0.07218318 0.07527973 0.02688899
0.03726305 0.00318569 0.00153979 0.00161396 0.00445398 0.25555297 0.09993947 0.31227372 0.05456661 0.09243601 0.06697372 0.07746085 0.02346723
0.03668729 0.00496957 0.00141421 0.00605591 0.02284471 0.25453822 0.09843963 0.31012005 0.04958716 0.08485238 0.07352712 0.07408174 0.02740192
0.03619066 0.00211841 0.00106941 0.00058302 0.00141020 0.25400577 0.08913388 0.31060587 0.05171977 0.08259248 0.08582924 0.07616371 0.02638820
0.03627887 0.00554138 0.00109959 0.00117831 0.00570403 0.25575311 0.09517269 0.30902364 0.06961901 0.08401339 0.07475271 0.07557813 0.02609504
0.03304263 0.00396449 0.00086367 0.00346863 0.02826810 0.25258512 0.09040287 0.31021708 0.06402208 0.08066118 0.08047673 0.07903709 0.03564755
0.03139846 0.01048198 0.00125979 0.00964803 0.03900112 0.25577685 0.09133706 0.30897484 0.05230961 0.07950976 0.07632970 0.07729001 0.02435577
0.02997870 0.00370229 0.00166599 0.00109842 0.02193910 0.25245973 0.09302666 0.30858471 0.04850004 0.08320610 0.07015243 0.07762630 0.02490714
0.02896997 0.00918552 0.00368790 0.01250127 0.03094176 0.25347384 0.09106105 0.30989562 0.04615543 0.09861558 0.07452200 0.07430768 0.02424525
0.02891489 0.00722150 0.00088004 0.00726601 0.02009820 0.25153221 0.08335964 0.30902253 0.05460879 0.10520552 0.06413862 0.07612730 0.03561303
0.02918662 0.01137762 0.00089224 0.01180110 0.02578541 0.25148595 0.08025455 0.31003799 0.05088680 0.10092792 0.06803267 0.07467045 0.02795626
0.02920940 0.00398128 0.00141444 0.00262377 0.02825440 0.25383934 0.07460566 0.31262369 0.05549178 0.09988243 0.07398983 0.07758070 0.04396956
0.02939497 0.00409619 0.00124530 0.00560699 0.03063961 0.25195679 0.08355716 0.31238100 0.05571794 0.08989707 0.06946954 0.07550873 0.02740489
0.02957309 0.00519013 0.00091101 0.00663737 0.03014999 0.25355213 0.07848954 0.31324824 0.05420286 0.09100353 0.08005112 0.07812462 0.03432032
0.02970159 0.00744805 0.00075473 0.00761053 0.04160806 0.25029269 0.08635129 0.31356879 0.06548723 0.08260004 0.07780620 0.07891553 0.03029289
0.02925892 0.00525806 0.00127562 0.00154024 0.04845027 0.24982378 0.08774105 0.31329712 0.07603011 0.07719685 0.07257115 0.07913790 0.02883135
0.02854276 0.00425654 0.00047016 0.00280390 0.03640050 0.25017237 0.07803341 0.31229795 0.06085966 0.07624504 0.07721638 0.07849916 0.03533897
0.02737623 0.01296703 0.00063503 0.01398167 0.01533201 0.25256632 0.07289096 0.31191084 0.05129604 0.08748354 0.07738201 0.07393754 0.04364522
0.02653083 0.00359431 0.00066407 0.00408634 0.02509384 0.25111768 0.08025810 0.31116058 0.04945063 0.10274282 0.06698633 0.07571353 0.02584131
0.02582155 0.01351259 0.00080615 0.01352410 0.01152672 0.25220009 0.08037533 0.31090052 0.04698759 0.10920949 0.07652414 0.07516029 0.03002425
0.02613674 0.00294058 0.00068929 0.00327088 0.02111920 0.25028987 0.08430275 0.31010858 0.05123248 0.10934810 0.07529988 0.07540348 0.02243228
0.02594261 0.00768249 0.00062149 0.00740995 0.03442469 0.25241038 0.08081432 0.31085758 0.05124253 0.10190407 0.07015208 0.07524616 0.02654298
0.02525669 0.00365055 0.00060949 0.00199056 0.02965380 0.25097889 0.08240410 0.30999885 0.05474172 0.09504068 0.07839668 0.07730363 0.02113984
0.02386191 0.00818152 0.00171830 0.00730973 0.02038785 0.25410506 0.08420596 0.31128876 0.05908019 0.09604969 0.07853163 0.07828573 0.02237498
0.02157729 0.00764227 0.00104685 0.00082443 0.04529209 0.25073889 0.07988425 0.31197917 0.06673515 0.08898977 0.08521932 0.08029655 0.02380010
0.02424526 0.00681736 0.00068204 0.00652825 0.03819504 0.25244504 0.08278185 0.31279658 0.06637798 0.08029850 0.08049576 0.07539503 0.02275804
0.02621741 0.00773805 0.00079433 0.00744218 0.04973316 0.25434023 0.08137414 0.31345383 0.05917400 0.08207221 0.07259556 0.07467014 0.02234118
0.02645781 0.00843702 0.00062540 0.00994248 0.04479562 0.25314432 0.07675882 0.31254450 0.05389731 0.09528811 0.07684354 0.07523693 0.02342663
0.02592159 0.00419924 0.00059330 0.00626923 0.04545089 0.25388825 0.08692571 0.31382587 0.05249600 0.10980429 0.07088747 0.07572115 0.02278226
0.02613500 0.00613379 0.00060335 0.00906868 0.04022851 0.25135390 0.08372166 0.31237440 0.05904140 0.11192100 0.07643847 0.07654746 0.02745546
0.03422511 0.00977065 0.00513918 0.00889033 0.05989628 0.25133523 0.09285044 0.31385457 0.05234630 0.11099262 0.06713649 0.08737227 0.02998478
0.03214604 0.00722291 0.00242869 0.00754765 0.04520490 0.25217460 0.09745094 0.31071251 0.05635128 0.10746161 0.06938743 0.07679130 0.02885969
0.03567636 0.00583033 0.00238513 0.00242048 0.03218840 0.25163494 0.08918704 0.31056498 0.05807341 0.09399476 0.07700418 0.08812026 0.03398961
0.02652172 0.01211536 0.00460779 0.01199231 0.03203679 0.25280460 0.08613356 0.31032603 0.05836124 0.10206976 0.08661841 0.07835471 0.02369980
0.02588801 0.00313879 0.00139587 0.00095162 0.02616569 0.25201561 0.08785789 0.30967653 0.06577041 0.09508495 0.08179777 0.07715198 0.02973616
0.02644796 0.00299972 0.00090192 0.00305532 0.04865529 0.25221971 0.08671245 0.31100948 0.06554350 0.08488453 0.08450705 0.07661629 0.02278772
0.02759198 0.00414492 0.00221462 0.00538973 0.04815192 0.25299907 0.08609480 0.31151624 0.06083535 0.09490499 0.07677134 0.07803100 0.02781233
0.02770561 0.00635772 0.00095241 0.00680686 0.04672971 0.25107041 0.07900295 0.31154805 0.05654530 0.10621263 0.08018297 0.07701893 0.03286356
0.02758554 0.00881427 0.00078302 0.00960781 0.02946856 0.25540428 0.09427732 0.31364192 0.06131544 0.11299305 0.07353146 0.07742071 0.02757380
0.02698377 0.00221022 0.00100785 0.00329513 0.00233455 0.25370850 0.08641435 0.31226656 0.05173970 0.11652494 0.07536560 0.07583731 0.03177155
0.02648988 0.00353052 0.00084632 0.00286742 0.00529946 0.25351643 0.08104724 0.31345569 0.05346346 0.11200408 0.06799915 0.07632141 0.03274722
0.02539727 0.00228471 0.00088802 0.00184377 0.03521785 0.25209208 0.07959175 0.31230795 0.05066280 0.10299788 0.07434832 0.07684515 0.02930476
0.02539549 0.00397872 0.00151272 0.00427335 0.02743024 0.25090934 0.08373344 0.31373215 0.05834590 0.09438175 0.07974908 0.07893372 0.02736176
0.02561765 0.00323076 0.00174740 0.00103117 0.00294826 0.24920373 0.08904529 0.31179144 0.06613892 0.09043647 0.07854309 0.07841133 0.02399431
0.02413808 0.00248019 0.00126008 0.00046175 0.00132929 0.25058862 0.08582317 0.31232885 0.06453858 0.08308118 0.08269025 0.07521178 0.02275327
0.02300950 0.00191062 0.00373648 0.00034763 0.00171119 0.25126732 0.08840170 0.31148401 0.05532512 0.09121447 0.07080772 0.07544776 0.02157279
0.02368296 0.01741072 0.00145962 0.01861143 0.04764471 0.24972929 0.08789834 0.31193497 0.05030336 0.09198969 0.07493466 0.07741314 0.04490062
0.02563546 0.01427109 0.00188213 0.01432431 0.03191864 0.24767425 0.09226075 0.31019187 0.05607766 0.09874104 0.07430555 0.07815847 0.02274910
0.02785976 0.00459287 0.00138327 0.00346814 0.03061419 0.24844061 0.08611432 0.30988095 0.05635841 0.10035639 0.07529072 0.07882172 0.03772972
0.02940399 0.00282839 0.00151173 0.00215898 0.05213809 0.24663366 0.09231429 0.30924732 0.05117696 0.10252185 0.07666010 0.07803118 0.02476200
0.05197858 0.00430094 0.00157248 0.00376332 0.03721211 0.24805729 0.09156730 0.30904725 0.05123387 0.09744331 0.07435173 0.07918434 0.02273848
0.05278839 0.00834938 0.00090730 0.00705797 0.04034217 0.24748741 0.09676754 0.31020633 0.05341361 0.09427083 0.07144508 0.07799201 0.02462726
0.05498408 0.00427485 0.00077625 0.00525578 0.03587510 0.24899743 0.08780876 0.30965636 0.06096841 0.09074283 0.07878885 0.07863074 0.02201131
0.05481989 0.00410368 0.00063823 0.00290841 0.02655834 0.24831810 0.09128681 0.30945672 0.05618509 0.09101634 0.06994100 0.07582136 0.02209622
0.05328221 0.00337560 0.00159056 0.00355410 0.02577851 0.25278070 0.08199023 0.31108673 0.05165479 0.08691095 0.08010396 0.07661903 0.04376433
0.05252073 0.00229356 0.00218046 0.00328555 0.00457241 0.25077575 0.08938676 0.31207526 0.04908573 0.08660154 0.07658799 0.08024314 0.02407980
0.05155024 0.00160544 0.00143510 0.00140689 0.00223933 0.25367658 0.08794893 0.31093731 0.05082303 0.08831137 0.07383814 0.07542969 0.03519116
0.04747535 0.00815256 0.00126959 0.00851221 0.03807843 0.25261237 0.09370768 0.31256675 0.05728026 0.09281977 0.07581085 0.07969142 0.02510315
0.04769676 0.00443571 0.00113062 0.00269380 0.03211065 0.25310153 0.09286071 0.31152755 0.05581104 0.09089735 0.07345210 0.07770771 0.03034210
0.04629322 0.00394841 0.00096534 0.00706293 0.03798512 0.25084867 0.08591435 0.31033982 0.05137197 0.09147190 0.07473669 0.08005091 0.02643314
0.04528328 0.00391280 0.00143925 0.00413024 0.05284343 0.25473830 0.09001527 0.31109146 0.04610235 0.08997031 0.07496158 0.07830311 0.02661654
0.04498495 0.00722379 0.00101894 0.00991037 0.03707651 0.24918004 0.09612720 0.30894960 0.04611051 0.09950345 0.06412821 0.07598685 0.03626957
0.04521099 0.00384104 0.00089429 0.00354166 0.03540154 0.25037477 0.09575643 0.31078374 0.05136815 0.09983339 0.07014261 0.07685517 0.04637610
0.04265328 0.00491534 0.00199671 0.00682444 0.03625270 0.25034348 0.09648227 0.31058060 0.05351459 0.08895514 0.07366540 0.07960081 0.03427606
0.04332878 0.00806176 0.00135548 0.00905923 0.03064033 0.24943727 0.09695726 0.31059460 0.05028890 0.07418721 0.07564682 0.07770239 0.03460299
0.04438616 0.00195367 0.00115982 0.00205041 0.00212582 0.25004774 0.09659550 0.31143619 0.05452328 0.07306952 0.08251203 0.07841033 0.02724089
0.04516415 0.00184265 0.00128801 0.00105943 0.00137477 0.24931480 0.09884463 0.30997176 0.05715882 0.08412424 0.07336582 0.07824545 0.02874022
0.04559618 0.00319587 0.00087544 0.00145824 0.00465065 0.24780280 0.09292755 0.31148636 0.04821221 0.08221019 0.08483289 0.07958463 0.02707328
0.04499821 0.00559290 0.00161267 0.00562981 0.03141898 0.24985146 0.09450923 0.31248366 0.04843216 0.08176634 0.06976727 0.07845138 0.02562076
0.04438217 0.00125293 0.00073338 0.00059641 0.00063379 0.24672021 0.10118732 0.30960458 0.04756996 0.08852769 0.06487508 0.07718974 0.02429835
0.04358995 0.00177561 0.00073887 0.00088738 0.00067501 0.24956331 0.10059500 0.31133199 0.03785320 0.09574756 0.07047730 0.07621448 0.02374956
0.04227407 0.00157163 0.00077201 0.00072771 0.00376146 0.24748615 0.08815457 0.31060527 0.04533683 0.09811051 0.07240867 0.07503041 0.02514024
0.04081724 0.00556263 0.00266009 0.00739388 0.02286315 0.24846451 0.08900732 0.30975723 0.04891288 0.08293775 0.07182636 0.07856898 0.03240661
0.04034117 0.00240189 0.00112142 0.00196144 0.00182572 0.24906785 0.08143141 0.30926772 0.04957839 0.07429252 0.07867466 0.08008054 0.02657132
0.04198039 0.00429558 0.00099165 0.00409098 0.02770230 0.24932344 0.09051366 0.30862697 0.05200649 0.07380325 0.06781886 0.07842933 0.03568581
0.04262323 0.00355917 0.00071127 0.00404022 0.03260866 0.25275012 0.08741911 0.30830590 0.04905720 0.07746654 0.07863232 0.07804666 0.02351123
0.04168949 0.00710008 0.00066856 0.00601942 0.01474043 0.25099645 0.08668641 0.30758319 0.05311769 0.08139045 0.07623325 0.07837114 0.02364017
0.04160097 0.00199790 0.00104777 0.00605012 0.00316348 0.25250448 0.09077744 0.30744412 0.04704451 0.08126242 0.06750421 0.07863138 0.04096014
0.04272439 0.00112908 0.00144191 0.00028127 0.00103310 0.25198786 0.08900151 0.30748471 0.03910467 0.08965843 0.07031435 0.07508283 0.02090639
0.04257448 0.00941649 0.00145777 0.01086283 0.01883327 0.24982444 0.08505562 0.30890758 0.04848863 0.09126054 0.06337213 0.07549737 0.02199030
0.03996076 0.00331093 0.00131286 0.00240312 0.00572721 0.25207341 0.08721923 0.31001746 0.05612632 0.09128283 0.07245913 0.07525257 0.02457356
0.03690440 0.00254269 0.00094885 0.00129500 0.00130784 0.25003450 0.09846604 0.31141405 0.04701342 0.08669550 0.08055704 0.07810069 0.02560195
0.03444369 0.00183808 0.00097293 0.00354788 0.00436448 0.24882228 0.09760091 0.31060742 0.05516232 0.08007827 0.07073550 0.07809085 0.03944512
0.03425368 0.00787631 0.00107414 0.00929082 0.01250465 0.24811485 0.09730689 0.31000546 0.05317720 0.07508810 0.08368050 0.08134910 0.02539704
0.03623515 0.00763065 0.00094292 0.00545973 0.02180644 0.24703156 0.10344595 0.30881227 0.05874633 0.07777096 0.07849721 0.07856324 0.03631273
0.05914485 0.00915352 0.00095691 0.01159214 0.04513922 0.24934989 0.09718733 0.30947036 0.05514980 0.08024645 0.07700887 0.07983504 0.02707866
0.06128446 0.00471929 0.00069276 0.00699469 0.03729582 0.24637584 0.09492731 0.30776089 0.04951416 0.08547784 0.07779965 0.07978119 0.03428497
0.06372360 0.00317417 0.00077234 0.00403595 0.03104092 0.24673498 0.09787704 0.30674070 0.05104085 0.08796532 0.06925728 0.07746153 0.04504490
0.06134193 0.00289913 0.00071543 0.00275675 0.00493613 0.24459686 0.09974548 0.30661980 0.04742939 0.09216531 0.06951695 0.07570238 0.02493821
0.05918948 0.00738683 0.00146432 0.00782991 0.01057706 0.24327572 0.09240982 0.30634191 0.05143899 0.09634769 0.07521049 0.07766241 0.02874731
0.05890595 0.00338946 0.00082809 0.00299383 0.00585114 0.24203198 0.09946095 0.30779307 0.05182408 0.09543323 0.07039609 0.07657061 0.03244968
0.05978515 0.00250300 0.00073954 0.00271415 0.00238462 0.24148039 0.09017881 0.30841708 0.05203311 0.08759101 0.08437045 0.07927066 0.04047007
0.05880529 0.00279418 0.00079212 0.00463618 0.00652645 0.24179696 0.09286368 0.30978539 0.06076418 0.07887762 0.07529839 0.07806174 0.03884331
0.05764062 0.00245825 0.00119143 0.00251647 0.00501046 0.24235603 0.09335492 0.30978145 0.06797681 0.08496463 0.07631977 0.07871026 0.03060324
0.05674090 0.00639824 0.00111306 0.00828808 0.02460544 0.23956266 0.09890799 0.30991660 0.05798195 0.08504804 0.07529983 0.07997384 0.03550412
0.05708983 0.00200767 0.00081470 0.00249917 0.02736886 0.24279802 0.09481638 0.31082934 0.04910101 0.09163882 0.07893059 0.07914649 0.02666399
0.05655091 0.00625029 0.00120854 0.00451037 0.03640474 0.23891460 0.09015976 0.30957818 0.05163177 0.10369294 0.07559714 0.07689561 0.02480068
0.05654414 0.01041538 0.00111241 0.00893503 0.04708760 0.24300640 0.08482641 0.30915453 0.05253938 0.10066867 0.06946525 0.07779988 0.02444353
0.05700519 0.00374265 0.00062209 0.00479530 0.03238861 0.23981420 0.08488247 0.30848411 0.05148530 0.09799754 0.06798984 0.07484041 0.02556125
0.05741630 0.00525601 0.00173081 0.00402402 0.03315937 0.24273046 0.09196235 0.30888207 0.06522482 0.09161826 0.06704993 0.08055808 0.02315457
0.05855003 0.00798435 0.00060414 0.00579386 0.01656089 0.23964573 0.08056657 0.30772453 0.05694346 0.08874296 0.09282336 0.08042536 0.02621882
0.05934537 0.00820186 0.00046050 0.00973537 0.05085023 0.24305265 0.08166582 0.30764890 0.06083495 0.08606218 0.07657764 0.07890922 0.03548150
0.05922669 0.00822614 0.00055762 0.00685217 0.04383180 0.24188808 0.08114836 0.30671341 0.05728464 0.08497760 0.08269961 0.07881780 0.03435363
0.05887628 0.00468315 0.00054566 0.00536304 0.03083539 0.24476493 0.09323103 0.30665156 0.05467145 0.08520163 0.07621693 0.07874225 0.02427954
0.05747056 0.00274918 0.00346430 0.00102875 0.00278289 0.24462129 0.09135658 0.30807989 0.06491966 0.10289517 0.06762246 0.07943083 0.03793841
0.05847667 0.00535917 0.00115746 0.00462340 0.05105740 0.24989193 0.08532929 0.30975250 0.05003804 0.09931669 0.07482044 0.07622215 0.02458841
0.06384891 0.00820992 0.00119517 0.00718685 0.04841846 0.24676953 0.09085061 0.31054608 0.06275274 0.10321592 0.06648815 0.07630593 0.02978145
0.06288386 0.00672491 0.00273397 0.00977648 0.04535219 0.25499331 0.08251988 0.31241041 0.04693054 0.10715777 0.07827560 0.08533606 0.02550729
0.06269118 0.00412382 0.00157276 0.00518729 0.03230423 0.24889921 0.08689539 0.31162832 0.05617928 0.10404446 0.07580840 0.07784267 0.02817964
0.06265470 0.00355869 0.00106508 0.00583617 0.03384354 0.25487616 0.09019163 0.31076408 0.05511095 0.09377095 0.07573760 0.07942018 0.04342139
0.06390365 0.00356361 0.00066798 0.00315214 0.03957220 0.25133488 0.09366142 0.31068540 0.05954715 0.08470487 0.07727659 0.07724492 0.02396061
0.06501483 0.00499216 0.00052207 0.00537769 0.03961060 0.25091370 0.08964158 0.30942877 0.05818923 0.07921873 0.08833113 0.07943809 0.02496861
0.06415010 0.00408482 0.00047853 0.00550452 0.03641268 0.25086671 0.09066306 0.30966410 0.05819357 0.08297756 0.08138282 0.08041272 0.02587131
0.06213796 0.00196987 0.00046722 0.00178537 0.01922300 0.24717006 0.10445714 0.30930714 0.05502357 0.08807308 0.07854167 0.07977898 0.02407529
0.06108614 0.00437417 0.00056470 0.00318739 0.02532956 0.24841505 0.09147182 0.30927057 0.05017504 0.09738814 0.07679778 0.07658401 0.02380236
0.06001516 0.00427289 0.00131182 0.00279003 0.02219420 0.24822667 0.09241062 0.31092732 0.05073227 0.10367980 0.07282546 0.07445083 0.02325473
0.05992168 0.00632748 0.00086060 0.00561855 0.03176045 0.24657730 0.09254293 0.31158222 0.04875253 0.10426603 0.07291187 0.07520482 0.02777104
0.05899544 0.01196653 0.00155197 0.01478509 0.05047507 0.24550701 0.09311436 0.31473503 0.05041988 0.09905677 0.07288222 0.07860360 0.03787815
0.05994669 0.00426500 0.00145822 0.00596140 0.03301145 0.24397655 0.09518831 0.31358149 0.05636829 0.09337014 0.07870218 0.07790234 0.03299274
0.06027846 0.00420235 0.00132567 0.00376979 0.02335108 0.24445806 0.10363637 0.31457527 0.05482685 0.09043198 0.08350967 0.07938842 0.03737928
0.05923440 0.00460433 0.00085257 0.00434509 0.03539367 0.24090723 0.10155865 0.31391528 0.06376328 0.08042508 0.07742133 0.07953811 0.02868511
0.05710403 0.00649580 0.00181960 0.00542167 0.04423810 0.24236841 0.09853037 0.31447142 0.05572956 0.07845791 0.08267038 0.08355440 0.03318755
0.05859173 0.01135147 0.00112378 0.01041195 0.03680785 0.23904974 0.09410688 0.31311137 0.05156376 0.08517480 0.08530126 0.08003885 0.03405945
0.06082556 0.00508554 0.00092055 0.00432203 0.05132807 0.23899970 0.10537784 0.31248077 0.05566279 0.08295981 0.06988704 0.07895676 0.02963478
0.06108114 0.00719182 0.00053456 0.00791388 0.07171161 0.23887311 0.09609136 0.31211126 0.04739354 0.08677201 0.08090464 0.07665165 0.02751336
0.06147343 0.01253950 0.00053404 0.01225222 0.04845444 0.23815917 0.09681078 0.31189480 0.06192840 0.08939814 0.07329078 0.07771315 0.02565070
0.06159887 0.00569930 0.00063509 0.00485968 0.02498721 0.23929532 0.09754424 0.31070023 0.05125072 0.09202932 0.07254923 0.07984644 0.03245396
0.06140266 0.00804097 0.00070301 0.00950558 0.01258854 0.23951628 0.10039117 0.31078117 0.05086775 0.08827262 0.07572489 0.08024025 0.05047862
0.06077443 0.00313166 0.00204632 0.00577361 0.03270082 0.24026519 0.09784163 0.30868010 0.05250554 0.09545916 0.07463187 0.07860218 0.02808379
0.05929747 0.00370439 0.00099375 0.00269103 0.04586109 0.24569762 0.09695923 0.31014372 0.05040109 0.08338051 0.06791213 0.07874601 0.05248017
0.05747692 0.00574542 0.00099496 0.00655897 0.03757257 0.24616114 0.10297600 0.31095223 0.04632988 0.09113909 0.08279520 0.08276786 0.02578310
0.05680909 0.00499516 0.00143400 0.00426517 0.03764561 0.24733145 0.10367169 0.30986648 0.05242082 0.08728153 0.06790332 0.08033405 0.03447833
0.05433690 0.00792876 0.00109622 0.00970397 0.03728300 0.25150509 0.09841914 0.31092189 0.05100741 0.08223663 0.08389153 0.07924182 0.02570448
0.05511143 0.00894983 0.00132874 0.01134815 0.04031507 0.24780663 0.09016228 0.31019717 0.04776254 0.08469357 0.07708328 0.07613506 0.02664254
0.05652139 0.00685839 0.00103750 0.00777925 0.05054882 0.25153398 0.09308525 0.31118550 0.05067821 0.08585643 0.06467161 0.07813639 0.03826492
0.05686511 0.00580540 0.00107734 0.00810144 0.05397540 0.24811403 0.09152229 0.31070841 0.04708704 0.08982611 0.07707219 0.07972806 0.02524983
0.05648954 0.00598872 0.00119887 0.00702718 0.02890576 0.25023158 0.09928614 0.30981122 0.04878352 0.08615192 0.07464708 0.07843604 0.03964239
0.07000298 0.00425334 0.00287974 0.00492627 0.04819317 0.24779680 0.09763529 0.30984054 0.05416467 0.08929670 0.07965706 0.07915986 0.02510791
0.07083998 0.00451188 0.00112913 0.00676664 0.03970204 0.24711471 0.10536558 0.31156787 0.05217580 0.08093234 0.07437701 0.08183329 0.05418909
0.05672362 0.00290738 0.00143551 0.00255526 0.03204203 0.24629633 0.10240832 0.30966178 0.04572583 0.07958366 0.07895394 0.08256883 0.03351833
0.05640638 0.00418318 0.00080140 0.00113633 0.00268593 0.24514426 0.10364311 0.31040720 0.05540632 0.08615282 0.07698836 0.08006916 0.02463340
0.05610120 0.00312297 0.00085201 0.00083321 0.00277007 0.24610204 0.09699492 0.31142092 0.05904695 0.09549587 0.07876716 0.07673633 0.02656788
0.05549903 0.00223854 0.00190479 0.00039170 0.00363326 0.24489123 0.09969748 0.31077525 0.04849978 0.10260227 0.06833115 0.07549514 0.02433653
0.05561899 0.00162681 0.00105993 0.00027015 0.00108696 0.24390307 0.09907059 0.31046601 0.04251569 0.09053434 0.07535328 0.07719610 0.02538054
0.05543458 0.00236846 0.00082627 0.00038141 0.00316440 0.24505718 0.09731054 0.31185323 0.05074428 0.08062275 0.07690585 0.07843081 0.02488581
0.05618200 0.00470277 0.00058972 0.00048492 0.00729335 0.24342593 0.09975177 0.31080011 0.06291105 0.07543265 0.07888029 0.08041513 0.02475254
0.05592061 0.00774883 0.00043751 0.00687006 0.01431663 0.24232128 0.09667506 0.31113717 0.05859932 0.07344286 0.08884904 0.07862820 0.02603281
0.05517149 0.00293450 0.00143338 0.00404834 0.02639679 0.23959784 0.09876995 0.31117020 0.05792973 0.07531277 0.08067797 0.08348359 0.02459561
0.05553475 0.00807354 0.00107144 0.00827899 0.03935027 0.23630535 0.09715075 0.31060724 0.05425327 0.07713773 0.08214429 0.08190732 0.02574820
0.05663862 0.00509580 0.00076241 0.00470010 0.04142168 0.23660240 0.09930030 0.31147875 0.04904787 0.08965708 0.06810091 0.08003296 0.02566876
0.05785009 0.00585268 0.00130062 0.00668119 0.06181938 0.23345659 0.09514502 0.31147146 0.05344488 0.09829389 0.07162744 0.07763464 0.02733096
0.05854972 0.00846001 0.00076289 0.00947289 0.05167018 0.23691024 0.10227962 0.31197134 0.04908925 0.09905081 0.06963100 0.07604358 0.02962927
0.05928631 0.00688645 0.00133358 0.00951958 0.04991046 0.23628341 0.09744806 0.31238163 0.04013645 0.08832499 0.07091991 0.07832338 0.03542607
0.05545482 0.00702308 0.00105927 0.00836120 0.04702941 0.23843362 0.10056931 0.31211016 0.04655044 0.07303999 0.06643186 0.07984086 0.03065533
0.05478864 0.00352280 0.00098856 0.00248915 0.03206943 0.24000690 0.09707707 0.31086232 0.05065160 0.06844984 0.08491062 0.07807935 0.02806327
0.05285941 0.00516316 0.00363265 0.00543949 0.04461511 0.24115910 0.10124125 0.31171538 0.05985859 0.07855876 0.08253426 0.08076657 0.02818677
0.05227701 0.00880394 0.00202892 0.00812685 0.04749442 0.24375145 0.10288604 0.31088023 0.06407480 0.07771049 0.08280993 0.08083368 0.02739101
0.05133559 0.00686946 0.00121192 0.00672106 0.04127165 0.24411008 0.10774793 0.31153827 0.05490322 0.07530113 0.08239489 0.08353964 0.03813880
0.05075787 0.00788203 0.00086275 0.00740624 0.05653423 0.24541500 0.10368049 0.30999434 0.04439440 0.07905633 0.07494044 0.08283608 0.02839415
0.04933488 0.01068914 0.00322479 0.01195152 0.04989197 0.24730907 0.09848760 0.31000659 0.03990356 0.09066731 0.07483270 0.07922260 0.05271465
0.04806422 0.01217477 0.00244872 0.01263572 0.04917047 0.24816697 0.09900131 0.30954158 0.03966472 0.09431102 0.07228739 0.08009569 0.02763515
0.04604247 0.00614277 0.00162679 0.01201016 0.05237176 0.24821733 0.09482842 0.30956924 0.03862021 0.08595827 0.06516469 0.07802703 0.03445493
0.04507018 0.00455228 0.00122782 0.00686436 0.04602313 0.24869455 0.09475944 0.30857761 0.04061958 0.07648355 0.07596608 0.08012690 0.03976009
0.04343569 0.00987337 0.00202962 0.00948206 0.05063613 0.24787147 0.09216471 0.30978831 0.05107886 0.07246576 0.06619379 0.08056987 0.04052298
0.03794908 0.01109259 0.00048257 0.00796607 0.03387082 0.24874476 0.08932913 0.30982769 0.06375514 0.06761106 0.08625346 0.07906684 0.04973633
0.03678561 0.00875289 0.00080279 0.01152304 0.02404891 0.25022426 0.09849445 0.31037655 0.05832190 0.06643699 0.07659944 0.08225538 0.05233018
0.03542679 0.01648960 0.00057916 0.01850797 0.03783047 0.24836696 0.09628765 0.31159976 0.06252861 0.06349646 0.08140911 0.08312147 0.03503640
0.03420830 0.01031681 0.00175191 0.00991426 0.05159096 0.24877677 0.10089513 0.31362214 0.04404452 0.07629412 0.07377830 0.08274162 0.05269773
0.03304997 0.00520282 0.00151676 0.01082593 0.04941832 0.24846413 0.10217395 0.31197645 0.04271695 0.08005219 0.06937597 0.07918020 0.04677217
0.03146367 0.00894343 0.00107579 0.00789353 0.04357118 0.24510496 0.09800894 0.31299075 0.04871490 0.08687647 0.07166452 0.08083458 0.02892143
0.03110390 0.00751940 0.00103263 0.00705990 0.05960915 0.24370881 0.09666297 0.31195406 0.05066339 0.08311186 0.07274350 0.07947401 0.04850357
0.03077831 0.00761755 0.00198289 0.00888789 0.04206775 0.24071840 0.10455167 0.30984457 0.05555326 0.08050483 0.07147139 0.08062579 0.02831720
0.03246762 0.00585859 0.00313972 0.00684282 0.05227855 0.24030122 0.10628386 0.31141124 0.04687956 0.08025375 0.07290641 0.08057931 0.03722697
0.03278229 0.00480745 0.00113317 0.00248193 0.04059326 0.23926523 0.09939094 0.30816339 0.04909259 0.07725358 0.07641472 0.08007839 0.02971364
0.03449555 0.00247798 0.00102168 0.00360486 0.00225974 0.23989930 0.10444052 0.30896206 0.04982532 0.07745950 0.06883636 0.08021875 0.05177534
0.03539506 0.00915299 0.00068520 0.00875043 0.01786588 0.23764902 0.10072769 0.30895740 0.04326110 0.07090499 0.08268062 0.08187295 0.03001709
0.03355204 0.00464661 0.00384155 0.00501417 0.02315592 0.23731875 0.11111000 0.30879813 0.04815931 0.06288220 0.07048955 0.08136704 0.02473927
0.03168645 0.00989238 0.00145736 0.01105456 0.03574046 0.23548671 0.10882538 0.31104361 0.04445806 0.05936673 0.06913229 0.07704088 0.02719059
0.03170210 0.00171358 0.00123076 0.00145718 0.01862461 0.23609904 0.10023083 0.31154472 0.03851266 0.06636871 0.07835840 0.07856360 0.02701209
0.04227047 0.00357000 0.00098425 0.00492226 0.02631929 0.23591211 0.09933271 0.30918431 0.04260305 0.08033234 0.06865039 0.07546548 0.02465630
0.04352959 0.00279489 0.00068732 0.00065060 0.01644135 0.24099538 0.09868540 0.31147084 0.04272862 0.07740761 0.07133548 0.08005442 0.02927431
0.04545756 0.00167257 0.00054224 0.00404828 0.00262378 0.23983809 0.09539632 0.30941082 0.03818410 0.07090754 0.07445079 0.07658461 0.03631748
0.04540482 0.00217529 0.00056755 0.00319327 0.00485649 0.24410843 0.11235726 0.30846491 0.04168899 0.06611330 0.06116913 0.07910339 0.02663624
0.04446983 0.00147547 0.00068014 0.00226084 0.00124416 0.24513369 0.09541545 0.30754482 0.03927198 0.06674146 0.07774253 0.07856871 0.04479019
0.04369254 0.00320126 0.00058283 0.00411639 0.00817214 0.24789503 0.09694129 0.30769827 0.04595095 0.06817283 0.07100050 0.08071592 0.04279629
0.04308690 0.00229050 0.00070590 0.00260731 0.00170899 0.24917239 0.09997244 0.30638978 0.04399532 0.06660266 0.06888216 0.07835332 0.02707526
0.04200960 0.00118820 0.00051968 0.00300835 0.00125814 0.25012133 0.09214857 0.30773808 0.03840460 0.06592266 0.07312064 0.07865076 0.03540812
0.04074665 0.00493988 0.00085735 0.00735577 0.02813738 0.25297975 0.09772863 0.30793262 0.03767357 0.07092188 0.06113215 0.07593880 0.02516585
0.03873634 0.00237930 0.00079568 0.00170861 0.00131631 0.25303579 0.09481218 0.30782158 0.03788529 0.07584264 0.06650575 0.07674117 0.03882440
0.03751832 0.00197280 0.00124602 0.00316029 0.00321778 0.25222948 0.09658362 0.30899282 0.03954207 0.07826309 0.07184060 0.07843699 0.03194158
0.03874564 0.00221663 0.00116609 0.00128401 0.00116135 0.25348213 0.10055404 0.30818483 0.04504136 0.07050075 0.06118624 0.07814565 0.02699697
0.03969864 0.00302254 0.00068949 0.00147682 0.00220247 0.25348867 0.09744038 0.30803302 0.03841577 0.05567821 0.07423192 0.07652402 0.03341102
0.04163127 0.00272083 0.00163100 0.00347577 0.03520689 0.25286401 0.10064168 0.30838362 0.04037326 0.04786804 0.07195687 0.07937556 0.02760283
0.04219210 0.00352960 0.00085468 0.00252270 0.05479986 0.25341331 0.10203973 0.30843125 0.04337583 0.04834792 0.06477212 0.07976350 0.03140963
0.04152907 0.00516837 0.00247732 0.00387636 0.02767609 0.25253576 0.10161870 0.30887547 0.04798243 0.06503177 0.07754645 0.07943636 0.02538043
0.04219714 0.00547653 0.00079623 0.00364969 0.03132523 0.25337607 0.09993224 0.30857260 0.05258064 0.06131529 0.06429008 0.07531716 0.02825583
0.04215248 0.00168222 0.00054973 0.00173159 0.01376930 0.25234569 0.10134033 0.30790212 0.03838595 0.06285432 0.06949282 0.07494187 0.02628540
0.04128241 0.00934148 0.00052127 0.00922652 0.03313264 0.25130528 0.09824675 0.30945337 0.03656919 0.07093637 0.07342608 0.07795918 0.02863473
0.04025935 0.00647499 0.00074453 0.00934425 0.05280991 0.25272495 0.10737249 0.30926278 0.05069442 0.07350914 0.06085934 0.08212404 0.02660785
0.03916013 0.00422376 0.00054868 0.00606204 0.04814487 0.24952602 0.10450004 0.30904764 0.04729166 0.07197203 0.06862406 0.07723476 0.02605683
0.03841918 0.00192157 0.00203967 0.00114370 0.01815412 0.25110715 0.11337405 0.30750491 0.03456880 0.06626028 0.06631065 0.07852158 0.02733532
0.03880985 0.00501298 0.00190305 0.00474709 0.02817331 0.24710826 0.10463851 0.30740081 0.03676128 0.05552581 0.06585586 0.07972112 0.02788812
0.04074375 0.00817671 0.00141589 0.00590206 0.04577104 0.24575919 0.09964054 0.30807618 0.04049583 0.05564984 0.06828653 0.08032369 0.02952718
0.04329590 0.00646471 0.00093086 0.00742404 0.05688277 0.24361006 0.09717877 0.30885644 0.03843664 0.05636871 0.07164194 0.08130139 0.03000877
0.04459291 0.00652230 0.00069203 0.00702713 0.03709536 0.24212088 0.10146983 0.30880506 0.04031306 0.05570745 0.06223642 0.07782225 0.04173701
0.04216653 0.01318561 0.00060453 0.01164210 0.06183529 0.24250245 0.09292407 0.30951006 0.02680851 0.05430246 0.07169594 0.07501586 0.02749013
0.04200310 0.00908950 0.00083663 0.00805840 0.04020557 0.24029677 0.09783293 0.30872573 0.04874291 0.05762655 0.06072300 0.07534025 0.04584045
0.04213532 0.00406877 0.00134570 0.00303107 0.02578599 0.24177513 0.09486443 0.30737131 0.04314996 0.07165716 0.06934659 0.07704971 0.03046710
0.04201732 0.00907575 0.00073161 0.00816661 0.04150723 0.24310810 0.09523255 0.30673236 0.03994569 0.06500067 0.07087988 0.08022294 0.03375203
0.04040907 0.00397091 0.00067073 0.00463960 0.02669638 0.24457971 0.10434242 0.30484886 0.04257272 0.05340536 0.06211883 0.07683203 0.02831697
0.03880528 0.00399771 0.00059953 0.00292742 0.03837624 0.24520552 0.09479380 0.30392447 0.04213621 0.04647633 0.06458831 0.08011914 0.02685148
0.03773027 0.00643885 0.00094171 0.00498474 0.04721080 0.24939497 0.09507029 0.30431346 0.05012073 0.05085804 0.06250875 0.08104485 0.02772097
0.03723936 0.00856306 0.00146641 0.01060477 0.05384158 0.24460259 0.09980928 0.30333592 0.04031192 0.06225623 0.05863789 0.07915140 0.02605571
0.03730854 0.00866056 0.00115172 0.00931678 0.03246134 0.24843544 0.10047133 0.30472031 0.03378399 0.06455816 0.06936275 0.07650445 0.02784918
0.03818422 0.00477787 0.00077109 0.00230288 0.04965987 0.24657283 0.09971856 0.30409911 0.04285412 0.05512717 0.06351445 0.07546634 0.02552419
0.03860742 0.00313932 0.00044978 0.00123909 0.05049899 0.25204862 0.09469413 0.30406812 0.04737540 0.05005540 0.06605055 0.07725729 0.02741510
0.03893163 0.00364021 0.00045081 0.00274455 0.02420224 0.25091547 0.09611649 0.30404107 0.05381059 0.05617843 0.06685580 0.07740084 0.02677907
0.03898665 0.00424880 0.00047369 0.00508666 0.02713947 0.25238488 0.09866860 0.30332723 0.04512646 0.06896272 0.06194092 0.07603717 0.02456729
0.03851779 0.00800955 0.00045556 0.00526883 0.04753144 0.25188672 0.09576955 0.30315654 0.03455252 0.07156820 0.06694162 0.07565036 0.02605803
0.03827000 0.00937632 0.00122034 0.00887700 0.04848678 0.25227980 0.09740659 0.30230081 0.03279754 0.06600595 0.05780730 0.07650463 0.02601602
0.04359351 0.00874893 0.00083843 0.00972217 0.05033022 0.25460486 0.09180890 0.30496960 0.03912434 0.05383227 0.06292084 0.07752232 0.02966803
0.03977351 0.00406053 0.00076151 0.00481134 0.00609301 0.25480479 0.09158814 0.30559951 0.04557483 0.05887387 0.06700240 0.07975567 0.05164109
0.03663456 0.00906882 0.00127896 0.01245795 0.02632640 0.25258181 0.10215886 0.30492722 0.04252206 0.05930058 0.06173727 0.07632147 0.03893159
0.03816416 0.00455870 0.00106092 0.00589980 0.04219094 0.25306385 0.10460547 0.30536943 0.03914263 0.05682583 0.06810149 0.07644317 0.06076146
0.04498236 0.01055578 0.00131816 0.01082749 0.02904825 0.25248724 0.09374695 0.30394677 0.03537504 0.05530734 0.07271302 0.07699043 0.02513413
0.05074883 0.00988640 0.00067548 0.01017732 0.06240760 0.25406914 0.09798140 0.30491744 0.03741783 0.06160465 0.05952372 0.07891826 0.02646863
0.05146596 0.00839079 0.00060765 0.00776175 0.04814732 0.25125112 0.08724588 0.30444711 0.03775752 0.07014184 0.07428635 0.07651904 0.03019563
0.06394362 0.01150536 0.00063688 0.01281733 0.04707397 0.24987820 0.10172148 0.30586210 0.03735303 0.07366032 0.05802200 0.07739593 0.02947411
0.06267547 0.00451023 0.00091061 0.00724475 0.04930039 0.24770867 0.09471817 0.30465548 0.02921286 0.06996189 0.06872535 0.07849013 0.03605629
0.06137548 0.00486724 0.00092913 0.00528778 0.04385030 0.24824617 0.09427775 0.30751377 0.03247648 0.06206965 0.06239181 0.08247558 0.04718981
0.06114667 0.00725910 0.00183505 0.00663153 0.03887513 0.24286662 0.09709861 0.30538376 0.04556127 0.05567466 0.06144220 0.07841327 0.02875917
0.05541431 0.00697211 0.00114126 0.00608349 0.02650989 0.24614356 0.09174836 0.30722093 0.04471652 0.05920225 0.06784532 0.07565746 0.02570431
0.04909454 0.00749610 0.00121717 0.00692077 0.04823529 0.24473320 0.09147158 0.30887860 0.04349162 0.05665213 0.07314413 0.07660085 0.02561268
0.04612793 0.00519414 0.00135600 0.00644636 0.03813548 0.24490393 0.10459679 0.30808832 0.05216797 0.05617208 0.05912967 0.07600806 0.02205594
0.04544212 0.00335299 0.00188068 0.00074810 0.00404677 0.24315575 0.08868758 0.30737151 0.04933540 0.05803944 0.07663258 0.07700391 0.02448653
0.04292116 0.00816857 0.00114265 0.00649334 0.04000655 0.24378611 0.09431659 0.30680333 0.04233357 0.06778726 0.06117462 0.07636641 0.02503370
0.03337656 0.00693852 0.00060985 0.00747516 0.04940816 0.24350101 0.08852209 0.30595092 0.03902403 0.07887044 0.06604647 0.07562782 0.02638990
0.03591113 0.00507543 0.00062822 0.00452915 0.04339242 0.24747052 0.08977670 0.30697561 0.03576390 0.08457635 0.06214790 0.07679191 0.03790554
0.03557027 0.00294562 0.00198236 0.00556701 0.02529902 0.24688708 0.10016679 0.30691621 0.03582680 0.08121540 0.05893051 0.08060755 0.04966093
0.03437626 0.00362231 0.00112586 0.00439622 0.02169687 0.24854367 0.09568194 0.30720317 0.03950885 0.07614944 0.06748209 0.07698132 0.02688913
0.03188806 0.00785107 0.00137081 0.00620920 0.02410461 0.25135973 0.09115183 0.30801394 0.04248261 0.07579623 0.07407671 0.07530023 0.03676110
0.03146463 0.00706823 0.00093546 0.00332584 0.00606197 0.25370552 0.09811595 0.30981376 0.05246920 0.06981973 0.06926143 0.07622122 0.03073489
0.03234907 0.00385285 0.00080328 0.00089264 0.03269541 0.25225932 0.09721637 0.30891873 0.05349073 0.06515622 0.07131862 0.07941252 0.02866477
0.03244465 0.01104244 0.00121753 0.01475119 0.03456280 0.25214671 0.09622543 0.31018764 0.05926766 0.07114352 0.07264071 0.07955349 0.02884177
0.03118966 0.01061593 0.00076345 0.00885009 0.04773028 0.25361699 0.10157245 0.31140971 0.05490652 0.06927900 0.06237965 0.07959580 0.03666350
0.03055743 0.01030075 0.00073542 0.01035365 0.04689672 0.25335483 0.08585854 0.30841745 0.03414397 0.07570458 0.07906659 0.07680669 0.02808055
0.03156948 0.00970133 0.00179483 0.00843701 0.04533839 0.25793739 0.09689136 0.30995072 0.04482346 0.08260143 0.06402959 0.07871716 0.03731127
0.03203524 0.00946621 0.00088358 0.00987296 0.04428771 0.25475109 0.09298914 0.31005534 0.05606515 0.08453350 0.07212292 0.07906140 0.02715692
0.03091029 0.00664971 0.00104283 0.00274621 0.04469528 0.26026651 0.08566876 0.30916096 0.05753080 0.07833557 0.06417374 0.07703208 0.02652932
0.03127794 0.00486241 0.00159582 0.00458301 0.04693361 0.25893421 0.08334557 0.30919853 0.05124952 0.08185615 0.06491371 0.07300617 0.02308403
0.03043848 0.00446564 0.00073234 0.00767249 0.04214402 0.25867672 0.07921358 0.30867125 0.04289959 0.08700313 0.06804189 0.07409291 0.02476641
0.02995046 0.00403778 0.00064232 0.00423540 0.03413212 0.25897374 0.07833549 0.30893085 0.04880960 0.09002519 0.07249199 0.07566384 0.02521931
0.02916254 0.00455713 0.00189556 0.00465136 0.04824901 0.25652403 0.08661211 0.30943604 0.05321332 0.08935279 0.06335513 0.07740152 0.01979828
0.02903868 0.00778485 0.00180753 0.00560017 0.01514158 0.25651895 0.07322269 0.30782326 0.05002785 0.08552418 0.07757227 0.07558297 0.02189871
0.03052591 0.01370882 0.00116798 0.01383136 0.04032391 0.25480104 0.08183429 0.30892614 0.05589014 0.07787838 0.06333390 0.07474157 0.02070435
0.03150277 0.00414680 0.00072923 0.00431120 0.04113313 0.25330365 0.07444059 0.30968956 0.05861851 0.07475725 0.07926554 0.07648693 0.02215012
0.03168908 0.01376988 0.00132244 0.01639220 0.04044110 0.25334828 0.08633124 0.31252984 0.05709179 0.07755962 0.07303237 0.08098026 0.03995040
0.03231492 0.00293202 0.00173771 0.00272346 0.00335396 0.25043072 0.08200284 0.31111939 0.06650063 0.08951991 0.07709184 0.07680648 0.02354698
0.03278204 0.00816279 0.00118990 0.00531377 0.01896068 0.25160316 0.08213240 0.31280068 0.05418942 0.08812558 0.07365770 0.07662259 0.03484984
0.03389950 0.00801838 0.00081066 0.00604338 0.02577878 0.24850716 0.09544567 0.31337355 0.05754884 0.08560366 0.06694026 0.07494311 0.02375354
0.03463569 0.00602660 0.00084214 0.00993992 0.03533163 0.24915591 0.09125777 0.31287547 0.05431639 0.09015926 0.06326529 0.07789242 0.03255245
0.03446546 0.00852529 0.00172067 0.00960027 0.04214465 0.24494587 0.08803459 0.31233430 0.04828759 0.09567667 0.07447511 0.08048202 0.04691475
0.03438992 0.01420895 0.00099134 0.01431123 0.01285548 0.24590622 0.09377872 0.31209986 0.05086484 0.09677771 0.07206436 0.07601198 0.03547849
0.03561525 0.00286375 0.00128184 0.00546409 0.00554474 0.24391684 0.08421973 0.31150375 0.05342034 0.08983643 0.07432470 0.07852947 0.04773531
0.03503577 0.00978142 0.00450630 0.01211772 0.02784002 0.24554508 0.08549684 0.31140300 0.05323362 0.09507867 0.07586854 0.07871801 0.03363820
0.03296953 0.00518713 0.00140909 0.00684145 0.05089719 0.24323206 0.08957040 0.31092720 0.05761385 0.09873926 0.07276300 0.08097236 0.04492816
0.03684198 0.01037152 0.00136122 0.01251885 0.05024284 0.24697081 0.08878443 0.31063503 0.06027986 0.09235282 0.07518716 0.08026209 0.03608023
0.03718604 0.01415286 0.00102659 0.01475469 0.05621078 0.25030613 0.08256963 0.31196776 0.05583130 0.08669084 0.08072974 0.07759154 0.03414828
0.03670828 0.00317429 0.00113060 0.00329971 0.00455438 0.25191520 0.09105414 0.31028442 0.05219097 0.08449910 0.07944803 0.07596496 0.03332670
0.03416556 0.00941068 0.00091602 0.00842832 0.04393006 0.25373744 0.09105894 0.31335879 0.05093581 0.08432210 0.07238513 0.07892661 0.03052666
0.03321283 0.00438834 0.00144274 0.00428523 0.03470125 0.25204091 0.09046801 0.31180631 0.05056368 0.10020327 0.07149852 0.07681998 0.02668538
0.03470652 0.00635287 0.00119211 0.00698775 0.04414503 0.25485308 0.08655113 0.31310860 0.05624945 0.10059400 0.07049549 0.07683527 0.02410472
0.03432707 0.00373818 0.00103668 0.00100461 0.02162405 0.25148926 0.07841192 0.31172738 0.05643886 0.09830699 0.07711231 0.07363775 0.03033490
0.03241278 0.00455295 0.00117625 0.00439719 0.02745465 0.25582038 0.08928432 0.31345642 0.05089622 0.08744402 0.07055212 0.07838273 0.02279950
0.03164172 0.00124673 0.00073500 0.00064202 0.00146881 0.25352780 0.08282080 0.31123085 0.05252428 0.08479455 0.07577460 0.07653988 0.02065197
0.03230128 0.00152276 0.00159794 0.00026055 0.00076300 0.25453248 0.08983370 0.31129757 0.05823605 0.08644994 0.07153567 0.07580293 0.02009761
0.03241245 0.00781374 0.00051476 0.00475519 0.02047247 0.25228441 0.07996118 0.30923931 0.06657864 0.09267443 0.07800025 0.07299005 0.02156199
0.03120392 0.00458223 0.00054472 0.00640591 0.02528520 0.25423795 0.07782417 0.31183937 0.05878739 0.09301037 0.07824368 0.07529640 0.02020084
0.03082459 0.00158031 0.00050446 0.00031069 0.00170931 0.25291477 0.07756622 0.30986669 0.05168306 0.09306012 0.07424395 0.07730912 0.02108674
0.03052519 0.00377943 0.00108992 0.00358384 0.04701802 0.25639718 0.07844486 0.31267619 0.04772548 0.09813072 0.06924435 0.07844428 0.03245498
0.03069966 0.01150541 0.00127754 0.01149733 0.02994145 0.25126423 0.08200488 0.31172250 0.05050616 0.10306912 0.07527410 0.07507155 0.02505923
0.03122177 0.00368608 0.00169261 0.00573005 0.02910683 0.25230615 0.08374664 0.31076763 0.05916993 0.10217158 0.07400228 0.07715436 0.03035104
0.03337103 0.00500689 0.00093523 0.00584812 0.05598685 0.24973374 0.08066948 0.31189975 0.05638715 0.09831233 0.07885018 0.07942635 0.02312412
0.03588093 0.00691709 0.00058938 0.00647364 0.04577145 0.24848053 0.08557749 0.31226522 0.05265565 0.08946074 0.07526544 0.08157286 0.03288530
0.03735006 0.00338992 0.00055391 0.00588949 0.02688378 0.24787085 0.08835846 0.31443747 0.05707938 0.08959228 0.08850535 0.07761750 0.03896990
0.03779183 0.00272628 0.00050931 0.00181945 0.01744423 0.24545577 0.09497107 0.31470195 0.06143671 0.09001214 0.08440086 0.07701700 0.03160382
0.03794320 0.00543590 0.00054835 0.00450177 0.02582672 0.24282640 0.09757034 0.31564772 0.06447702 0.09208360 0.08216208 0.07685726 0.02697609
0.03698869 0.00360499 0.00060015 0.00112559 0.00410746 0.24504714 0.09193059 0.31671180 0.06015517 0.09468355 0.09080582 0.07979506 0.02981416
0.03610204 0.00286184 0.00069034 0.00232391 0.00291136 0.23952591 0.09936828 0.31501978 0.06223758 0.10081130 0.07485323 0.08103552 0.02490423
0.03425670 0.00775257 0.00089926 0.00908566 0.02288664 0.24408426 0.09086675 0.31400914 0.04902568 0.11017069 0.08407216 0.07558543 0.02772266
0.03202381 0.00520369 0.00139711 0.00455234 0.03998687 0.24241950 0.09330599 0.31364161 0.05129486 0.11111371 0.07216867 0.07801972 0.02668292
0.03024106 0.00427258 0.00141836 0.00627122 0.04875099 0.24630351 0.09252554 0.31211639 0.05159585 0.11194230 0.07318243 0.07929943 0.02563454
0.03702549 0.01146797 0.00117439 0.01087665 0.03792110 0.24454449 0.09918726 0.31335818 0.05547243 0.10570251 0.07225582 0.08155774 0.02474354
0.03624158 0.00461684 0.00106075 0.00460265 0.04152090 0.24697805 0.08927311 0.31251709 0.05777886 0.09807385 0.08112320 0.07765575 0.02604658
0.03594975 0.00916830 0.00216361 0.00747042 0.02736085 0.24298549 0.09706985 0.31424114 0.06336775 0.09591868 0.08400015 0.07830617 0.02449153
0.03757757 0.00474975 0.00303160 0.00411430 0.02747170 0.24555589 0.08964058 0.31402447 0.06174345 0.09605181 0.09349724 0.07886590 0.02524029
0.03765799 0.00494322 0.00140483 0.00532717 0.03470240 0.24375968 0.09231616 0.31432646 0.06778906 0.09677645 0.08511722 0.08047266 0.02332107
0.03675048 0.00641424 0.00179052 0.00694066 0.03613352 0.24507318 0.09694707 0.31544656 0.06745245 0.09420621 0.08278785 0.07964975 0.02481238
0.03861436 0.00756110 0.00353655 0.01127473 0.05455914 0.24591329 0.09489418 0.31413190 0.05584966 0.09818359 0.07762173 0.08064515 0.02361280
0.05527735 0.00862249 0.00300641 0.00885426 0.05060930 0.24579260 0.08226027 0.31338845 0.05512673 0.11006898 0.07705214 0.07710348 0.03570827
0.05928088 0.00802849 0.00135268 0.01059596 0.08018516 0.24897284 0.08256352 0.31567552 0.05403596 0.10639105 0.06859028 0.08564520 0.04106502
0.06097130 0.00725639 0.00390973 0.00735509 0.05658199 0.24445630 0.07632826 0.31144517 0.05405317 0.10720310 0.07695027 0.08112918 0.04859590
0.06177318 0.00908413 0.00183399 0.01094660 0.06860625 0.24683191 0.09149566 0.31278852 0.05885175 0.10702997 0.07133132 0.08003936 0.02262396
0.06223809 0.00478697 0.00132378 0.00321019 0.03890633 0.24530602 0.08270635 0.31044674 0.06153437 0.09837894 0.08563705 0.08179529 0.02406921
0.06157752 0.00749993 0.00134172 0.00776820 0.05090763 0.24573973 0.08250258 0.31106309 0.06308684 0.09307965 0.08304995 0.07794938 0.02251949
0.06081897 0.00186297 0.00173569 0.00469798 0.00311247 0.24546050 0.07625329 0.31084278 0.06194647 0.09063547 0.08486269 0.08293668 0.06670180
0.06075625 0.00539885 0.00114967 0.00764263 0.05927001 0.24867128 0.07992540 0.31176161 0.06008871 0.08812462 0.08586538 0.07952774 0.02418045
0.05949291 0.00453192 0.00141321 0.00496705 0.03636171 0.24656962 0.08474698 0.31025021 0.05956704 0.09336240 0.07224249 0.07724746 0.03695618
0.05680049 0.00673677 0.00229952 0.00552678 0.02305286 0.24607145 0.08783545 0.31003894 0.05468941 0.10099273 0.07608145 0.08185562 0.03451550
0.07077842 0.00781027 0.00166980 0.00802047 0.04939061 0.24566480 0.09592793 0.31140456 0.04745018 0.10757122 0.07123937 0.08426380 0.03544157
0.07021609 0.00897926 0.00122162 0.01267351 0.05551557 0.24452154 0.08759776 0.31129321 0.04828935 0.10766851 0.07418112 0.08023259 0.02492272
0.07023518 0.00579011 0.00108471 0.00775017 0.04224472 0.24568226 0.08877179 0.31267189 0.04761223 0.10425122 0.07432212 0.07729321 0.03337321
0.05974205 0.00786511 0.00185814 0.00992167 0.06227538 0.24039627 0.08854957 0.31381234 0.05194772 0.10370741 0.07738157 0.07715908 0.04252286
0.05943125 0.01140447 0.00132487 0.01475566 0.05770411 0.24089298 0.09207118 0.31416557 0.05717967 0.08769743 0.07793948 0.07885462 0.03907798
0.05930039 0.00701298 0.00176617 0.00643310 0.05797441 0.23999102 0.09175415 0.31399149 0.07063898 0.07427588 0.09203092 0.08146261 0.03894305
0.05914748 0.01539357 0.00399639 0.01577314 0.04610233 0.23825254 0.09951028 0.31388251 0.07023261 0.07447313 0.08836738 0.08986177 0.02557648
0.06040072 0.00911015 0.00216726 0.00763912 0.04705657 0.23848250 0.09019000 0.31036512 0.05816877 0.08329832 0.09648002 0.08155563 0.03025609
0.06391133 0.00833880 0.00303468 0.00742880 0.05287583 0.23834258 0.09552662 0.31068898 0.05988421 0.09926542 0.06744624 0.08157052 0.03780223
0.06511611 0.00370079 0.00148194 0.00187170 0.05171778 0.24021015 0.09518212 0.30764767 0.04942058 0.10674167 0.07613609 0.08081102 0.02549348
0.06629818 0.00455020 0.00152489 0.00128058 0.00857835 0.24118368 0.09960703 0.30963278 0.04882947 0.11974529 0.06611887 0.08193437 0.02476980
0.06722611 0.00304313 0.00190739 0.00121807 0.00202276 0.24087860 0.09502712 0.30937446 0.05197907 0.11923452 0.06875527 0.07749256 0.03489421
0.06696976 0.01044497 0.00108040 0.01001411 0.01026450 0.23988296 0.09996454 0.31209240 0.06304917 0.10604743 0.07227677 0.07559497 0.02667991
0.06594158 0.00468733 0.00108707 0.00495148 0.03072283 0.24333267 0.09304024 0.31268498 0.06039394 0.08948897 0.08653852 0.07810459 0.03313954
0.05936104 0.01166774 0.00090980 0.01048007 0.04513211 0.23911175 0.09315251 0.31271007 0.07093221 0.07556559 0.08438982 0.08303477 0.02454694
0.05742943 0.00518103 0.00203694 0.00398594 0.02811822 0.24223027 0.08546632 0.31364763 0.07524864 0.07162864 0.09258978 0.08334611 0.03543453
0.05646397 0.00839839 0.00165444 0.01076559 0.03079398 0.23757201 0.10036295 0.31084258 0.06608372 0.07737096 0.08090709 0.08276360 0.03526137
0.05642348 0.00784439 0.00111209 0.01290068 0.04137600 0.24004514 0.09166728 0.30900426 0.05640655 0.08313280 0.08153506 0.08103243 0.02571061
0.05640388 0.01358859 0.00393919 0.01373533 0.03441889 0.24028170 0.09257469 0.30990834 0.05178068 0.09825139 0.06935001 0.08077600 0.04135289
0.05615030 0.00314197 0.00155566 0.00386104 0.02221953 0.24296065 0.09059494 0.30897412 0.04812239 0.11296291 0.06910067 0.08252859 0.03378754
0.05558112 0.01114058 0.00144365 0.01307360 0.01642444 0.23931821 0.08831884 0.30949650 0.04404460 0.12722468 0.06858587 0.07622644 0.03451087
0.05532197 0.01029926 0.00218303 0.00994712 0.03393202 0.24451373 0.08734519 0.30970334 0.04481296 0.11909591 0.07036868 0.07697922 0.02794370
0.05558180 0.00874429 0.00220238 0.00772606 0.04220348 0.24041579 0.08494582 0.30851109 0.05974716 0.10080800 0.06991585 0.07665176 0.03445715
0.05576538 0.00783908 0.00108679 0.00785843 0.04756896 0.24356873 0.08349637 0.31075820 0.05945846 0.08720933 0.08073849 0.08285986 0.02229472
0.05587078 0.00884809 0.00093482 0.01022004 0.05855176 0.24291380 0.09280679 0.31051011 0.06544130 0.07475044 0.08932087 0.08362066 0.03167958
0.05086124 0.00589684 0.00166473 0.00419605 0.02277250 0.24312821 0.10194612 0.30981057 0.07084129 0.07506684 0.08572350 0.08173109 0.03021784
0.05077134 0.00412998 0.00116644 0.00543828 0.04610655 0.24338010 0.09686064 0.30970488 0.05792175 0.08043640 0.09399434 0.08277272 0.03692616
0.05081941 0.00527322 0.00100058 0.00397322 0.04709691 0.24506588 0.08913778 0.30961521 0.06257851 0.09221003 0.07392747 0.08281866 0.02857045
0.05037839 0.00478940 0.00170059 0.00226731 0.04097850 0.24573863 0.08718467 0.30959786 0.05222680 0.11358638 0.06953872 0.08144252 0.02594894
0.04944222 0.00714938 0.00109473 0.01084845 0.04186492 0.24620389 0.09291580 0.31161733 0.04297300 0.12184463 0.06820880 0.07815243 0.02456569
0.04797078 0.00372602 0.00121194 0.00773086 0.03310570 0.24308126 0.09197898 0.31095465 0.04366623 0.11906316 0.06759133 0.07608730 0.02916152
0.04675158 0.00207188 0.00108483 0.00123505 0.00126521 0.24385583 0.10338434 0.31202710 0.04792554 0.10762110 0.06915220 0.07786256 0.03393934
0.04564848 0.01347669 0.00164609 0.01360795 0.03554057 0.24334087 0.08889790 0.31278691 0.05210829 0.09953578 0.08429389 0.08078964 0.05286112
0.04525355 0.00398305 0.00148230 0.00389576 0.04167774 0.24168720 0.09908426 0.31251018 0.06066355 0.09111703 0.08190640 0.08572460 0.02580317
0.04524602 0.00288496 0.00111122 0.00312106 0.04973000 0.23937647 0.10118158 0.30926627 0.06281835 0.07349154 0.08846257 0.08135182 0.02672805
0.04603061 0.00259089 0.00071300 0.00464602 0.04096835 0.23916555 0.10435562 0.31011747 0.06247124 0.06522484 0.08539258 0.08103855 0.02545056
0.04615631 0.00433854 0.00108024 0.00543851 0.04541505 0.23623179 0.09950576 0.30824491 0.05741117 0.06706535 0.08496433 0.08315213 0.02533225
0.04622053 0.00336048 0.00079836 0.00300319 0.02932948 0.23726056 0.09919159 0.30862843 0.04962791 0.08621969 0.07736437 0.08277675 0.02577020
0.04582062 0.00670894 0.00061900 0.00888422 0.04113012 0.23552966 0.09159322 0.30860350 0.04804702 0.10233884 0.07135999 0.07806166 0.02531354
0.04568708 0.00631392 0.00077709 0.00810855 0.02437424 0.23692732 0.10105153 0.30876078 0.03863919 0.11137684 0.06527402 0.07517729 0.02499814
0.04543982 0.00766392 0.00068231 0.00947554 0.02336359 0.23616702 0.10035152 0.31040945 0.04336265 0.10613163 0.07222179 0.07750865 0.02474289
0.04514314 0.00245180 0.00064907 0.00178331 0.04385693 0.23686245 0.09689074 0.31060487 0.04986603 0.09897941 0.07115066 0.07926825 0.02742354
0.04416671 0.00261327 0.00065883 0.00279649 0.03518026 0.23709221 0.10054274 0.31165206 0.05079007 0.08983342 0.07189691 0.07964003 0.02968120
0.04811101 0.00869793 0.00058652 0.00954178 0.03561982 0.23787705 0.10568273 0.31159649 0.05224337 0.08122507 0.08456535 0.07914387 0.02930900
0.05471441 0.01075804 0.00095103 0.00906681 0.04785293 0.24417620 0.10053594 0.31215020 0.06288550 0.07275581 0.08659284 0.08076607 0.02838141
0.05199183 0.00649814 0.00164378 0.00778367 0.03787445 0.24231084 0.10532862 0.31038396 0.06515317 0.06739355 0.08722072 0.08492471 0.02767994
0.05174129 0.00337280 0.00129730 0.00556269 0.03202112 0.24569035 0.09888425 0.31161143 0.06480093 0.07740869 0.08093897 0.08482713 0.04023177
0.05421526 0.00304763 0.00099883 0.00524145 0.02933171 0.24552186 0.10172949 0.31038425 0.05055357 0.08613515 0.07562465 0.07930121 0.03564850
0.05495509 0.00428189 0.00121434 0.00592575 0.04716741 0.24848501 0.09453409 0.31015067 0.04279278 0.09764682 0.06793200 0.07628149 0.02756109
0.05709683 0.00506751 0.00194864 0.00452703 0.03536365 0.24648648 0.08860797 0.30912116 0.04236666 0.10503324 0.07239689 0.07862869 0.02881342
0.05945796 0.00927461 0.00113041 0.01116025 0.04948481 0.24858130 0.09418749 0.31089418 0.05769605 0.09878365 0.06047306 0.08016156 0.02561954
0.05610914 0.00599906 0.00066534 0.00625100 0.06241824 0.25003514 0.08986048 0.31002688 0.05032930 0.08565097 0.07802402 0.08065589 0.02565875
0.05570185 0.00380367 0.00110658 0.00136501 0.02819551 0.25003324 0.09839378 0.30855869 0.05495453 0.08556051 0.07524139 0.07825494 0.02889415
0.05500716 0.00382734 0.00088391 0.00521911 0.02740385 0.24959106 0.09500011 0.31059534 0.05436873 0.07810125 0.09019417 0.08110840 0.02918286
0.05358806 0.00854296 0.00069767 0.00924538 0.03864112 0.24996646 0.09722251 0.31071642 0.05690283 0.07584803 0.08294231 0.08175718 0.02675065
0.05156477 0.00382584 0.00085637 0.00466861 0.03785201 0.24927105 0.09649399 0.31157340 0.05358691 0.07900557 0.07960504 0.08305454 0.02912580
0.04957301 0.00352380 0.00146368 0.00228543 0.00461790 0.24978702 0.09819490 0.31091235 0.06082125 0.08754919 0.07715740 0.07712805 0.02506128
0.04797392 0.00665543 0.00121132 0.00549911 0.02763721 0.24824943 0.09703434 0.31212399 0.05845533 0.09502548 0.06515236 0.07756986 0.02666680
0.03460873 0.00431059 0.00114353 0.00385549 0.03187408 0.24811097 0.09757868 0.31286442 0.04668579 0.09744825 0.07354427 0.07999252 0.02556359
0.05658465 0.01074180 0.00097045 0.00963416 0.02946302 0.24572039 0.10455874 0.31121702 0.05085562 0.09720911 0.07198280 0.08155781 0.02495270
0.05768689 0.00451682 0.00077971 0.00233628 0.03586797 0.24526201 0.10326868 0.31147355 0.04744987 0.09179399 0.07549450 0.08027018 0.02743752
0.05735245 0.00585846 0.00066400 0.00583607 0.05737129 0.24247239 0.09324646 0.31070629 0.04993827 0.08100351 0.07582807 0.07914890 0.02545075
0.05614430 0.00426952 0.00064087 0.00449429 0.03845969 0.24338654 0.09068907 0.30888667 0.05172138 0.07386016 0.07966475 0.07946663 0.04012965
0.05689360 0.00208362 0.00141777 0.00445088 0.01958090 0.23965266 0.09241361 0.30862411 0.05444337 0.08175752 0.07325979 0.08188984 0.03400675
0.05757128 0.00208132 0.00145195 0.00533597 0.02734643 0.24232756 0.09329317 0.30878952 0.04969610 0.08296465 0.08725166 0.08120695 0.02515131
0.05737443 0.01381558 0.00208230 0.01478435 0.04800299 0.24087690 0.09571017 0.31143519 0.04944521 0.08332706 0.07491456 0.07891837 0.02335445
0.05833903 0.00510421 0.00110125 0.00351765 0.05315788 0.24344386 0.09371855 0.31004918 0.04932164 0.08476251 0.07126889 0.07506154 0.02650328
0.05907223 0.00365685 0.00316627 0.00601902 0.03506535 0.24197351 0.08992304 0.31071922 0.04642396 0.09127284 0.07131759 0.07634147 0.02570077
0.05847186 0.00312899 0.00243848 0.00121812 0.03702447 0.24581222 0.09178610 0.30982564 0.04727342 0.09756482 0.07140655 0.07954607 0.02372464
0.06039594 0.00141638 0.00400078 0.00064572 0.00085882 0.24319525 0.09218806 0.30912817 0.05417503 0.09254047 0.06830709 0.08151613 0.02464885
0.06490181 0.00096079 0.00136545 0.00039988 0.00080336 0.24780901 0.09436583 0.30689618 0.04754272 0.08164805 0.07100306 0.07560229 0.02504398
0.06870554 0.00117950 0.00113580 0.00025893 0.00087823 0.24716178 0.09489576 0.30676406 0.04740614 0.07897423 0.07479892 0.07877129 0.02610860
0.07025181 0.00116667 0.00115907 0.00032176 0.00101431 0.25053455 0.09478403 0.30684907 0.04656827 0.07848289 0.07802606 0.07915794 0.02497837
0.07111176 0.00112695 0.00073593 0.00027097 0.00075963 0.24961463 0.09636309 0.30604766 0.04943894 0.07994306 0.06703704 0.07897807 0.02396828
0.06995191 0.00099858 0.00128156 0.00023760 0.00067315 0.25041561 0.08798219 0.30603375 0.04581504 0.08789066 0.07505689 0.07499533 0.02340255
0.06650997 0.00126697 0.00097310 0.00106057 0.00209183 0.24938244 0.09511949 0.30717701 0.04928643 0.09041626 0.06657076 0.07634644 0.02331268
0.06209064 0.00528680 0.00130278 0.00193990 0.00523018 0.24919464 0.08729002 0.30722290 0.05742714 0.09197443 0.07650088 0.07734372 0.02355546
0.05661191 0.00412269 0.00149907 0.00272628 0.00502676 0.24913011 0.09169194 0.30885685 0.05827761 0.09052264 0.07032202 0.08209797 0.04031867
0.05490343 0.00283336 0.00151737 0.00492662 0.00752122 0.25034012 0.09024054 0.30863910 0.05640194 0.08888705 0.07636122 0.07890222 0.02872049
0.05679063 0.00282448 0.00126479 0.00204454 0.03656742 0.25167016 0.09152137 0.30889396 0.05019094 0.08866483 0.08377840 0.07793030 0.03839365
0.06017256 0.00344091 0.00097460 0.00437597 0.00601139 0.24986988 0.09647460 0.30874453 0.05744425 0.08643240 0.07525665 0.07930796 0.02807570
0.06001967 0.00289856 0.00077118 0.00121824 0.00301518 0.25073486 0.09982093 0.31005562 0.05108408 0.08987280 0.07491299 0.08060718 0.04401626
0.05774958 0.01295833 0.00081351 0.01352180 0.01577898 0.24836907 0.10017881 0.31073900 0.05097225 0.09025015 0.07915703 0.08088454 0.02496990
0.05469348 0.00320598 0.00090944 0.00103634 0.00381539 0.24968512 0.09997074 0.31073433 0.05568831 0.09502485 0.07608905 0.07685554 0.03295198
0.05517163 0.00237321 0.00086846 0.00143344 0.03641220 0.24646885 0.09678694 0.31069398 0.05146758 0.09698846 0.07829380 0.07556526 0.02740831
0.05736679 0.00309073 0.00092130 0.00282488 0.03581137 0.24894066 0.09813438 0.31137230 0.05259431 0.09480967 0.07445172 0.07965570 0.02827601
0.05952053 0.00810566 0.00065066 0.01021863 0.03862580 0.24546821 0.09866385 0.31019106 0.05178130 0.09068640 0.07755266 0.07962138 0.02405571
0.05841244 0.00359690 0.00071504 0.00211706 0.03466446 0.24718755 0.09260001 0.30980868 0.05425481 0.08735594 0.07799856 0.07948307 0.02584831
0.05555000 0.00362582 0.00174827 0.00236329 0.02637175 0.24571414 0.09045815 0.30655607 0.05406852 0.08675460 0.06947679 0.07596022 0.02382702
0.05332966 0.00365850 0.00157801 0.00467617 0.02606066 0.24818869 0.08498165 0.30703666 0.05001274 0.08633350 0.07450865 0.08123593 0.02318409
0.05418619 0.00505224 0.00074729 0.00467909 0.03354114 0.24540543 0.08527315 0.30633626 0.05392363 0.08845085 0.06930777 0.08042217 0.02276241
0.05573239 0.00471749 0.00179341 0.00274222 0.03553039 0.24641124 0.08185156 0.30646919 0.05296103 0.09418153 0.06680464 0.07748109 0.02066824
0.05716633 0.00375257 0.00143517 0.00065177 0.00343677 0.24422659 0.08229880 0.30699960 0.05884877 0.09457500 0.06728869 0.07646317 0.02098332
0.05707499 0.00164666 0.00111792 0.00048172 0.00328901 0.24622120 0.08092311 0.30750675 0.04965351 0.09546810 0.06675306 0.07345921 0.02351123
0.05432004 0.00199004 0.00122971 0.00204810 0.03257938 0.24667055 0.08631886 0.31052237 0.06374318 0.09374418 0.07025920 0.07712316 0.02100465
0.05347441 0.00651439 0.00087349 0.00597693 0.02851879 0.24927186 0.08146322 0.31010912 0.05074863 0.09513826 0.07512684 0.07730628 0.02221704
0.05361912 0.00345231 0.00076990 0.00249382 0.02923245 0.25073521 0.08651797 0.31026315 0.05111036 0.08958194 0.06864508 0.07623271 0.02184867
0.05474158 0.00255168 0.00125979 0.00237696 0.02262760 0.25105365 0.08033921 0.30872742 0.05009171 0.08817439 0.06949826 0.07420421 0.02382921
0.06387506 0.00304494 0.00146124 0.00542230 0.02418512 0.25386391 0.08339603 0.30839223 0.04926244 0.09237410 0.07329724 0.07577539 0.02824730
0.06598531 0.00391833 0.00095002 0.00397930 0.03823720 0.25183770 0.08058926 0.30717884 0.05804039 0.09421678 0.06682346 0.07828495 0.02708737
0.07797721 0.00426009 0.00291788 0.00514426 0.02130338 0.25410367 0.08497084 0.30742979 0.04976566 0.09557616 0.07009898 0.07915898 0.03013553
0.07758303 0.00265603 0.00390236 0.00424745 0.00236805 0.25203409 0.08217874 0.30838090 0.04850259 0.09364704 0.07845360 0.07745966 0.02479621
0.07688341 0.00243338 0.00188500 0.00324516 0.02878826 0.25297889 0.08405051 0.30826318 0.05386886 0.08893556 0.06698862 0.07589568 0.03842517
0.07706386 0.00190395 0.00328842 0.00250912 0.00263136 0.25216739 0.08241984 0.30820162 0.04880507 0.09551673 0.07528497 0.07582588 0.02206164
0.07661732 0.00324299 0.00226949 0.00451770 0.02471851 0.25491043 0.08637755 0.30872024 0.06088195 0.09374342 0.06726811 0.08039978 0.02392466
0.07816031 0.00915444 0.00107972 0.01112736 0.03947123 0.25275912 0.08195253 0.30821080 0.05397731 0.09306975 0.07906622 0.08014081 0.02349728
0.08921351 0.00519456 0.00078094 0.00491838 0.03548897 0.25372622 0.09508368 0.30800256 0.05642552 0.09235487 0.07325602 0.07719980 0.02509773
0.08879770 0.00513333 0.00080471 0.00685039 0.04481609 0.25065453 0.09124638 0.30754180 0.05168456 0.09262922 0.07385859 0.07869170 0.02719085
0.08729815 0.00449687 0.00124489 0.00442254 0.04391945 0.25173738 0.08820531 0.30923742 0.04466859 0.09583611 0.07075688 0.08444171 0.04709343
0.08489047 0.00720965 0.00165915 0.00797068 0.04935693 0.24947755 0.08782110 0.30769653 0.04663592 0.09606970 0.07222807 0.08153517 0.03889299
0.07716204 0.00343417 0.00133476 0.00544728 0.04600344 0.25095429 0.09153155 0.30963333 0.05075276 0.09553621 0.07434796 0.07804632 0.03689676
0.07726574 0.00325783 0.00083021 0.00429780 0.02397364 0.24902673 0.09290781 0.30968002 0.05219593 0.08470799 0.07404919 0.07752935 0.04310842
0.07687826 0.00197381 0.00100557 0.00358156 0.03710406 0.24993183 0.09478057 0.30881082 0.05250446 0.07693653 0.07315195 0.07917141 0.04005829
0.07564236 0.00812524 0.00177866 0.00902889 0.03796498 0.25343800 0.09362038 0.31016110 0.04897067 0.07616773 0.07615428 0.07984396 0.02681747
0.07438781 0.00419890 0.00118013 0.00564104 0.02595067 0.25088984 0.08895295 0.30926309 0.05528092 0.08858071 0.08284514 0.07974082 0.03072093
0.07397526 0.00604459 0.00110169 0.00923686 0.04673231 0.25110814 0.09154262 0.30827570 0.05522760 0.08930783 0.07242947 0.07594868 0.02256344
0.08569370 0.00612754 0.00111734 0.00723170 0.05769906 0.25033002 0.07969198 0.30966775 0.05228456 0.08996062 0.07413636 0.07787564 0.02362602
0.08561177 0.00805344 0.00205955 0.00786191 0.03884250 0.25022284 0.08036340 0.30870320 0.04984757 0.09271029 0.06849941 0.08076448 0.03646659
0.08434181 0.00344729 0.00116738 0.00214502 0.04274966 0.25090068 0.08187537 0.31081959 0.04948730 0.10015737 0.07091480 0.08095081 0.02649534
0.08410901 0.00205336 0.00104967 0.00168361 0.05117789 0.25141367 0.09517807 0.31114009 0.05159051 0.10085783 0.06628716 0.07473058 0.01936612
0.08306192 0.00629614 0.00102867 0.00490701 0.04260684 0.25086747 0.08362492 0.31105267 0.04825463 0.09392879 0.07342031 0.07226567 0.02383203
0.08302015 0.01030946 0.00195292 0.01210052 0.02189602 0.25230236 0.08320709 0.31560648 0.05118427 0.08590510 0.06654165 0.07757662 0.02872993
0.08276009 0.00328768 0.00184561 0.00270698 0.02261054 0.24964724 0.07962060 0.31321156 0.05057716 0.09158096 0.07448621 0.07686426 0.04110019
0.08292045 0.00428789 0.00189204 0.00493589 0.03128348 0.25492797 0.07685267 0.31238863 0.05760728 0.10274071 0.07070334 0.07617813 0.02096995
0.08259414 0.00363750 0.00127782 0.00103223 0.02155304 0.25299261 0.07645843 0.30958773 0.05207254 0.10309675 0.07588527 0.07421728 0.02579942
0.08185954 0.00563106 0.00100027 0.00540644 0.04439472 0.25615449 0.08095012 0.31036955 0.05562484 0.09678707 0.07090457 0.07831080 0.02399416
0.08148252 0.01006714 0.00108214 0.00898700 0.04612872 0.25662693 0.08430886 0.31030271 0.05239756 0.08840572 0.06717229 0.08066246 0.02245534
0.08142321 0.00757613 0.00144191 0.00804553 0.02854611 0.25858196 0.08497185 0.30864213 0.04933038 0.08664237 0.07247568 0.08061501 0.02182236
0.08126133 0.00349197 0.00135133 0.00524029 0.05698775 0.25931599 0.08020113 0.30904240 0.04668360 0.09081768 0.07170685 0.07477488 0.02602253
0.08196661 0.00625481 0.00096292 0.00438623 0.03205749 0.25987871 0.08184193 0.31217435 0.05325476 0.08977497 0.07217166 0.07317458 0.03107017
0.08075554 0.00750851 0.00084332 0.00796188 0.04990064 0.25979849 0.08461048 0.31260773 0.05455604 0.08465022 0.06831596 0.07821998 0.02276416
0.07795887 0.01026903 0.00127643 0.01026217 0.03496316 0.26085173 0.08529485 0.31365802 0.05300631 0.07917223 0.07129911 0.07711442 0.02297719
0.07715021 0.00523341 0.00075136 0.00632419 0.04589851 0.25860660 0.08613361 0.31250159 0.04708426 0.08274737 0.07205218 0.07614508 0.02448897
0.07581037 0.00589923 0.00098138 0.00902738 0.05247805 0.26151147 0.08866670 0.31317442 0.04930094 0.08805006 0.07210017 0.07670298 0.02327893
0.07613852 0.00234393 0.00407347 0.00027049 0.00335836 0.25928945 0.08681336 0.31162342 0.05349465 0.09041482 0.07220852 0.07978357 0.02443900
0.07562050 0.00197138 0.00167660 0.00099092 0.02938257 0.25990150 0.08827915 0.31172058 0.04628032 0.08568555 0.07769422 0.07955717 0.02505400
0.07666191 0.00153945 0.00409663 0.00058751 0.00067734 0.26098100 0.09633618 0.31288495 0.04986637 0.08220856 0.06572701 0.07849908 0.02401243
0.07562718 0.00770761 0.00161111 0.00662149 0.01294795 0.25682438 0.09659183 0.31149359 0.04920809 0.09297228 0.07789642 0.07561737 0.02516119
0.07655143 0.00645949 0.00110282 0.00340200 0.02039220 0.25882436 0.09422867 0.31373725 0.05515635 0.09234857 0.07276238 0.07604498 0.02588489
0.07630989 0.00650254 0.00065746 0.00581363 0.03044704 0.25628980 0.08936098 0.31319423 0.05552340 0.08882600 0.07744513 0.07777873 0.02435382
0.07795023 0.00351394 0.00083994 0.00188517 0.02413525 0.25748344 0.08878356 0.31276390 0.04754513 0.08370166 0.07553361 0.07803190 0.02598688
0.07791180 0.00279600 0.00053588 0.00555678 0.02323419 0.25543226 0.09120318 0.31183984 0.04608478 0.08336717 0.06888343 0.07667223 0.03025734
0.07727422 0.00235287 0.00057456 0.00485905 0.02003510 0.25476048 0.08663594 0.31036803 0.04903098 0.08776292 0.06562385 0.07450343 0.02712839
0.07561135 0.00284069 0.00156928 0.00131099 0.00173524 0.25457836 0.09193339 0.31059315 0.04534636 0.08752153 0.07486025 0.08169881 0.03027274
0.07477534 0.00179105 0.00118456 0.00270309 0.00294268 0.25286302 0.09336205 0.31020123 0.05074538 0.08421333 0.06784710 0.08228742 0.02444944
0.07375920 0.00145478 0.00077693 0.00069478 0.00061788 0.25333067 0.08744874 0.31019390 0.04792862 0.07894097 0.07218416 0.07860031 0.03092252
0.07411240 0.00177229 0.00071589 0.00114188 0.00179986 0.25360193 0.08609892 0.31211677 0.04979974 0.07679881 0.06828016 0.07727565 0.02128052
0.07331841 0.00425059 0.00070372 0.00304423 0.02460542 0.25429735 0.08301171 0.31259075 0.05066180 0.08415260 0.06940637 0.07300122 0.02529320
0.07324572 0.00128949 0.00208569 0.00089218 0.00138532 0.25599998 0.08073371 0.31454003 0.05923363 0.08738378 0.07321040 0.07468525 0.02166927
0.07384693 0.00214882 0.00216091 0.00026887 0.00164920 0.25538076 0.07978004 0.31396502 0.04853435 0.10148403 0.07136202 0.07907374 0.02272082
0.07420584 0.00268542 0.00113505 0.00073035 0.03274724 0.25530868 0.08093072 0.31262870 0.04927649 0.09480704 0.06837371 0.07368225 0.02094380
0.07484272 0.00249633 0.00114244 0.00586920 0.05940224 0.25727064 0.08201786 0.31097481 0.04526136 0.09140822 0.06322256 0.07544487 0.02028613
0.07398344 0.00457544 0.00137093 0.00576442 0.05317088 0.25822772 0.08063480 0.30975377 0.04848716 0.08745672 0.06548974 0.07994619 0.03480494
0.07449255 0.00448739 0.00195730 0.00630884 0.02854085 0.25945638 0.08185173 0.30873099 0.04744650 0.08464229 0.06987864 0.07955759 0.04361376
0.07008143 0.00246792 0.00156134 0.00212234 0.00307805 0.26095072 0.08409820 0.30844542 0.04890124 0.07641559 0.07220552 0.08128531 0.02384080
0.07214209 0.00489719 0.00112421 0.00735346 0.05058631 0.26264067 0.08274302 0.30975108 0.05062073 0.07300151 0.06564617 0.07435765 0.02661998
0.07178815 0.00275834 0.00072846 0.00389950 0.02123429 0.26103189 0.07861066 0.31126611 0.04699831 0.08007073 0.07379899 0.07373310 0.04586333
0.07080608 0.00402725 0.00078942 0.00498220 0.02639203 0.26205236 0.08332446 0.31108838 0.04667752 0.09133183 0.06946568 0.07457054 0.02260423
0.06946428 0.00277723 0.00124071 0.00099927 0.00133670 0.25982508 0.08518436 0.31151699 0.04759696 0.09469614 0.06770789 0.07530681 0.03369198
0.05784662 0.00192981 0.00237463 0.00025860 0.00101801 0.26001129 0.08460941 0.31066288 0.04271266 0.10112467 0.06945885 0.07769546 0.02263727
0.05724753 0.00106810 0.00356130 0.00022669 0.00061139 0.26026253 0.08769147 0.30960044 0.04394268 0.09532232 0.06277753 0.07596067 0.02294472
0.05731786 0.00525580 0.00149204 0.00454880 0.03028780 0.25883081 0.08307899 0.31002801 0.05046797 0.08868540 0.06573908 0.07747629 0.02345763
0.05641465 0.00217097 0.00126650 0.00357202 0.00487522 0.25969786 0.08843488 0.30972096 0.04954271 0.08428572 0.07993272 0.07997610 0.03403039
0.05501159 0.00199208 0.00107019 0.00279271 0.00322369 0.25682915 0.09151273 0.31026741 0.05805720 0.07722142 0.07027587 0.07916579 0.02629534
0.05301626 0.00121669 0.00110744 0.00166613 0.00130588 0.25595643 0.08943594 0.30964893 0.04978885 0.07292407 0.08240199 0.07621093 0.03545578
0.05223706 0.00146919 0.00114750 0.00196933 0.00252809 0.25522125 0.09178555 0.31126374 0.05153827 0.07500712 0.07148826 0.07497015 0.02586309
0.05054616 0.00144039 0.00102763 0.00081620 0.00133259 0.25349874 0.08738523 0.31078379 0.04931396 0.08812738 0.07152646 0.07510539 0.02357325
0.04927069 0.00150114 0.00098570 0.00083670 0.00319887 0.25313933 0.09076843 0.31059688 0.04474796 0.09879009 0.07343892 0.07664299 0.02551710
0.04718730 0.00352540 0.00139742 0.00082036 0.00307068 0.25107794 0.08702693 0.31086491 0.04313795 0.10320512 0.06917569 0.07696538 0.02259539
0.04548651 0.00696215 0.00214319 0.00843777 0.02373540 0.25070556 0.08693257 0.30877371 0.04334090 0.09904248 0.06737482 0.07520748 0.02364007
0.04487586 0.00518572 0.00142864 0.00319452 0.02261550 0.25095878 0.08667885 0.30853302 0.04677374 0.09035987 0.07246799 0.08035692 0.02326158
0.04521851 0.00600438 0.00112820 0.00398678 0.04831690 0.24790800 0.08406964 0.31029387 0.06268965 0.08793315 0.07006339 0.08024725 0.02318763
0.04517029 0.00620291 0.00087172 0.00351274 0.03811766 0.24951106 0.08548225 0.31060884 0.05931232 0.08598933 0.08939724 0.07876803 0.02169288
0.04466423 0.00860152 0.00064397 0.00658805 0.02539862 0.24811491 0.08265267 0.31329140 0.07423661 0.08070766 0.07836725 0.07672322 0.02416193
0.04370106 0.00610834 0.00197987 0.00864424 0.03502409 0.24797090 0.08577167 0.31246001 0.05434255 0.08966939 0.07071639 0.07536341 0.03863715
0.04328554 0.00696812 0.00089723 0.00920973 0.02464189 0.24928757 0.07702446 0.31282387 0.05167990 0.08958612 0.08244960 0.07617953 0.02323189
0.04282668 0.00993457 0.00062567 0.01137802 0.04268819 0.24973341 0.07601635 0.31333712 0.05844836 0.09423352 0.07142555 0.07625623 0.03502451
0.04182964 0.00774052 0.00305005 0.00580208 0.01537691 0.25046011 0.08999977 0.30999506 0.05220902 0.10253832 0.06994061 0.07602474 0.02462028
0.04107159 0.00917718 0.00345362 0.01098381 0.03454952 0.24980498 0.08572123 0.30929320 0.05085615 0.10196167 0.07003218 0.08014394 0.03016286
0.04125375 0.01232172 0.00137193 0.01097779 0.02865470 0.25158367 0.08184143 0.30621856 0.05087653 0.09984418 0.06933890 0.07912717 0.02355408
0.04079785 0.01021299 0.00326029 0.01222258 0.03971896 0.25465579 0.07745639 0.30736426 0.05007623 0.10307748 0.06572001 0.08208717 0.02453054
0.04095787 0.01515548 0.00152906 0.01620039 0.04497552 0.25238758 0.07426294 0.30704582 0.05027316 0.09288451 0.07673886 0.07966354 0.02568810
0.04199496 0.00705602 0.00184321 0.01103973 0.04605540 0.25411775 0.07998491 0.30634441 0.05636607 0.08521920 0.06559170 0.07586947 0.03839519
0.04325694 0.00559615 0.00119501 0.01079184 0.03502686 0.25464374 0.07802486 0.30725190 0.04934666 0.07716563 0.08014824 0.07446153 0.02642615
0.04431708 0.00693603 0.00077319 0.00641752 0.04611350 0.25479836 0.08344245 0.30729908 0.04858272 0.07551191 0.06701168 0.07820027 0.03601758
0.04394354 0.00336983 0.00087281 0.00372988 0.04440540 0.25418334 0.08130038 0.30827577 0.04856488 0.09001988 0.07482289 0.07783363 0.03128827
0.04314458 0.00550111 0.00194466 0.00721674 0.04061935 0.25565333 0.09145459 0.30679129 0.04882085 0.09385287 0.06905410 0.07648889 0.02226723
0.04224126 0.00632525 0.00125550 0.00523181 0.03380065 0.25540491 0.08581366 0.30501818 0.04890949 0.09808939 0.07507024 0.07818219 0.02347009
0.04172745 0.00423505 0.00306445 0.00591695 0.03575437 0.25498757 0.08519564 0.30542132 0.05038973 0.09396978 0.06267266 0.07959001 0.02410432
0.04100672 0.00279111 0.00133745 0.00471744 0.02506477 0.25355677 0.08129324 0.30347307 0.04425541 0.08812267 0.07750505 0.08652807 0.02240911
0.04047664 0.00379095 0.00138481 0.00241614 0.03938556 0.25126679 0.08744470 0.30494961 0.06788058 0.08287613 0.06205174 0.08213659 0.02486838
0.04031229 0.00399419 0.00083745 0.00304952 0.02399774 0.24821587 0.08552413 0.30507940 0.05201631 0.08249118 0.08573625 0.07900686 0.03479675
0.04078036 0.01281728 0.00085811 0.01340221 0.02978189 0.24893269 0.08977013 0.30813399 0.05709023 0.08231715 0.08007487 0.07645300 0.02685742
0.03853541 0.00484660 0.00178256 0.00730047 0.00893245 0.24531628 0.09214623 0.30798669 0.06241533 0.08575996 0.07754855 0.07727197 0.03428362
0.03846166 0.00371163 0.00110346 0.00251702 0.03318521 0.24485186 0.09168200 0.30759162 0.05290330 0.08589036 0.07555430 0.07905922 0.03553149
0.03826886 0.00410039 0.00188660 0.00297343 0.00431476 0.24444900 0.08888599 0.30689420 0.05263686 0.09574194 0.07259044 0.07761529 0.02758028
0.03801864 0.00234339 0.00157893 0.00197141 0.00269761 0.24170524 0.08925875 0.30214186 0.05216484 0.10313684 0.06331345 0.07625791 0.02811498
0.03776143 0.01584897 0.00146611 0.01428669 0.03529342 0.24031252 0.08285125 0.30272805 0.05473536 0.10133082 0.07016912 0.07945629 0.02906856
0.03749129 0.00910267 0.00075487 0.01043490 0.05382836 0.23880099 0.09106187 0.30328079 0.04676300 0.09479725 0.06433283 0.08312244 0.02482868
0.05752487 0.00513906 0.00138355 0.00464231 0.05313248 0.24036664 0.09027344 0.30419902 0.04604205 0.08896675 0.07475913 0.07925535 0.02737643
0.05699779 0.00555433 0.00107228 0.00482652 0.03626024 0.23861753 0.08093705 0.30426565 0.05501621 0.08107833 0.08240600 0.07593047 0.03503706
0.05598638 0.00594173 0.00096570 0.00553089 0.03731328 0.23926619 0.09185771 0.30556931 0.05775761 0.07711360 0.07072858 0.07582662 0.02483635
0.05630808 0.01114188 0.00076824 0.00997381 0.03669601 0.23675204 0.08567608 0.30647820 0.05781292 0.07531259 0.08330427 0.07791327 0.03496140
0.05591546 0.00524440 0.00123722 0.00360022 0.04664678 0.24088768 0.08363656 0.30779042 0.06356362 0.07714591 0.07012206 0.07896949 0.02712304
0.05666156 0.00769102 0.00086257 0.01017586 0.05565239 0.23737819 0.08462398 0.30478727 0.05276687 0.08161995 0.06999480 0.07736282 0.02622162
0.05624766 0.00681480 0.00095031 0.00514329 0.03234566 0.24214389 0.08383594 0.30616714 0.04704682 0.10156565 0.07383845 0.07869804 0.02957662
0.05281686 0.00867199 0.00275325 0.00674127 0.05027774 0.23884146 0.08608227 0.30289737 0.04421093 0.10869785 0.06414150 0.07795792 0.02408229
0.05147124 0.00734464 0.00207603 0.00780041 0.02723248 0.24413663 0.08646153 0.30472285 0.04595228 0.10192306 0.06790711 0.08540103 0.03288415
0.05247314 0.00399922 0.00137000 0.00490147 0.03485209 0.24251562 0.08066520 0.30306164 0.04891342 0.09399129 0.07297751 0.07932243 0.03617918
0.05380584 0.00308012 0.00087351 0.00278135 0.00442852 0.24446920 0.08818953 0.30320526 0.05608223 0.08603985 0.06004815 0.07599975 0.02447470
0.05754719 0.00269157 0.00063687 0.00224036 0.02827526 0.24407483 0.07757965 0.30546249 0.05039069 0.07877364 0.08666820 0.07724409 0.03262166
0.05886564 0.00821423 0.00204405 0.01068001 0.04406962 0.24705222 0.08966402 0.30736320 0.05398240 0.07714888 0.07488055 0.07980305 0.02236818
0.05883375 0.00344424 0.00176797 0.00533057 0.05379894 0.24446985 0.08922581 0.30718675 0.05613179 0.08170415 0.07081420 0.07778522 0.02084656
0.05694968 0.00659774 0.00080314 0.00535575 0.02754543 0.24630644 0.09452458 0.30890378 0.05277244 0.08175239 0.07750132 0.07763124 0.03116784
0.05505457 0.00339033 0.00127849 0.00278862 0.00492756 0.24685313 0.08872531 0.30729680 0.05340881 0.08883983 0.07615099 0.07609224 0.02777070
0.05324299 0.00234663 0.00193695 0.00029970 0.00139506 0.24658304 0.08971025 0.30759756 0.05372621 0.10580259 0.07387727 0.08007681 0.02587818
0.05143205 0.00365091 0.00138489 0.00027988 0.00166449 0.24549066 0.08618914 0.30743491 0.04972140 0.10023964 0.08209034 0.08199319 0.02609443
0.05120730 0.00206562 0.00109941 0.00026042 0.00092471 0.24482786 0.09606605 0.30633245 0.05345522 0.08875661 0.06775883 0.07752570 0.02738988
0.05011311 0.00678887 0.00117797 0.00539337 0.04008442 0.24440916 0.09824634 0.30794078 0.04913058 0.08136909 0.07674352 0.07713377 0.02495148
0.04925588 0.00614673 0.00146973 0.00692615 0.04609867 0.24616713 0.10291739 0.30836755 0.05083932 0.09004704 0.07740899 0.07714579 0.02237385
0.04868708 0.00537704 0.00232288 0.00207303 0.03279603 0.24580308 0.09337348 0.30810233 0.05889160 0.08836468 0.07039856 0.07886136 0.02586976
0.03024292 0.00731622 0.00120344 0.00620863 0.04671175 0.24316873 0.08600681 0.30693999 0.05550118 0.08290243 0.09161009 0.07972918 0.02376700
0.03228562 0.00687256 0.00110272 0.00434463 0.04340587 0.24453191 0.08890563 0.30589944 0.06079276 0.07772765 0.07766738 0.07795025 0.02616826
0.03410772 0.00375088 0.00064345 0.00220740 0.02295163 0.24257744 0.08369500 0.30409209 0.05684195 0.07976759 0.07845710 0.07669382 0.02320425
0.03587496 0.00710701 0.00054685 0.00752879 0.03033280 0.24428226 0.08619505 0.30420521 0.05377275 0.08885235 0.07436954 0.08027227 0.02374983
0.03551143 0.00554203 0.00048635 0.00700763 0.03886607 0.24069466 0.08906706 0.30477334 0.05655744 0.09649866 0.07057822 0.08098994 0.02326760
0.03569511 0.00630414 0.00313894 0.00633452 0.03646410 0.24219005 0.08814497 0.30835154 0.05064952 0.09974621 0.07563541 0.08474773 0.03647923
0.03698572 0.00988585 0.00099904 0.01072266 0.04898914 0.23858605 0.08242911 0.30915729 0.05682707 0.09718562 0.07509774 0.07626437 0.02626862
0.03551699 0.00505703 0.00373301 0.00335416 0.02460902 0.24244397 0.08636533 0.30974699 0.05603621 0.09785881 0.06141146 0.07883912 0.03552287
0.03443115 0.00442600 0.00163648 0.00543124 0.02658381 0.24010763 0.08152735 0.31149009 0.05187816 0.09944155 0.08243967 0.07976269 0.02426678
0.03542376 0.00510120 0.00140566 0.00451028 0.02012221 0.24294969 0.08146722 0.30965114 0.06337566 0.09733404 0.06964769 0.07830119 0.03146690
0.03502883 0.00755622 0.00244039 0.00817337 0.01508780 0.24652893 0.07876494 0.30800229 0.06376560 0.08622247 0.07517904 0.07541670 0.02284439
0.03580147 0.00745162 0.00170187 0.00767224 0.05759453 0.24362674 0.07944848 0.30753381 0.06415457 0.07474432 0.07493191 0.07959230 0.04177729
0.03663398 0.00508118 0.00120824 0.00601965 0.04232049 0.24585459 0.08349932 0.30542515 0.05572692 0.07957932 0.07835246 0.08139339 0.03105358
0.03860032 0.00314456 0.00093189 0.00536631 0.04321109 0.24498333 0.08622882 0.30505739 0.05263714 0.09045213 0.08071945 0.08023979 0.03644710
0.03877729 0.00937364 0.00072950 0.01020737 0.05000672 0.24584746 0.08030791 0.30460059 0.06321483 0.09864908 0.07045524 0.07753773 0.04185422
0.04290881 0.00424101 0.00416420 0.00344001 0.03776545 0.24481416 0.09234679 0.30458485 0.05393705 0.10752610 0.06353202 0.07575582 0.02179670
0.04041749 0.00850733 0.00137060 0.01114623 0.03269567 0.24331312 0.07758733 0.30586402 0.04624202 0.10237434 0.07100088 0.08055632 0.03165115
0.04169447 0.00468098 0.00134588 0.00633416 0.02835092 0.24409455 0.08130179 0.30614935 0.04897720 0.09798794 0.07333666 0.08074872 0.03476079
0.04258956 0.00306608 0.00166467 0.00491576 0.03597499 0.24295615 0.08523856 0.30791466 0.05611291 0.09096098 0.07134028 0.07826160 0.02967495
0.04078317 0.00360878 0.00116279 0.00438876 0.02662495 0.24305957 0.08909457 0.30714550 0.06146986 0.07360340 0.08517642 0.07744771 0.02159085
0.03965084 0.00766397 0.00088387 0.01089416 0.02666868 0.24504083 0.09671911 0.30807255 0.06053850 0.06817683 0.07797446 0.07984061 0.02487013
0.03786339 0.00484742 0.00098062 0.00540477 0.04014994 0.24393095 0.08410768 0.30710344 0.05570152 0.07297542 0.07966806 0.07976427 0.02292798
0.03494967 0.00357769 0.00066674 0.00260641 0.00651098 0.24453011 0.08883537 0.30846231 0.05774152 0.08476203 0.07651851 0.07785647 0.02309807
0.03469070 0.00212201 0.00108406 0.00057437 0.03711886 0.24639139 0.08595540 0.30860117 0.05048963 0.09963767 0.07309125 0.07636873 0.02533496
0.03422730 0.01308706 0.00212444 0.01344841 0.03254611 0.24519461 0.09074290 0.30894076 0.04584950 0.11084045 0.07048767 0.07274854 0.02343239
0.03703978 0.01426737 0.00210743 0.01479582 0.05048908 0.24651763 0.08734098 0.31053188 0.04520612 0.11285729 0.06393054 0.07881324 0.02963253
0.03701751 0.00823949 0.00104831 0.00655980 0.03157337 0.24528218 0.08837383 0.30999601 0.05760077 0.10756577 0.06185992 0.07987509 0.03375518
0.05857364 0.00729114 0.00206582 0.00864608 0.05799125 0.24489818 0.07378788 0.30835659 0.05581311 0.10123984 0.07905156 0.07848166 0.02444886
0.06035011 0.00376085 0.00134816 0.00158731 0.02047332 0.24703210 0.08846005 0.30611262 0.06128143 0.09282241 0.07237088 0.07576899 0.03489544
0.05853951 0.00269376 0.00149003 0.00461590 0.02229147 0.24379955 0.07902554 0.30476985 0.06159635 0.08928410 0.08333150 0.07930327 0.02126172
0.05956065 0.01185655 0.00097520 0.01239087 0.03186255 0.24635803 0.07880303 0.30712045 0.06408672 0.08497749 0.07746144 0.08195996 0.02592886
0.05876138 0.00333443 0.00096061 0.00324097 0.04697208 0.24165019 0.08202616 0.30617939 0.05941327 0.08590638 0.08375882 0.07851640 0.02191974
0.05569485 0.01155306 0.00160846 0.01261754 0.04988502 0.24523033 0.08357156 0.31046571 0.06073378 0.09681926 0.07813237 0.07973294 0.02499707
0.04391296 0.00532654 0.00228573 0.00354011 0.03938263 0.24147629 0.08374580 0.31136380 0.06188895 0.11027421 0.07978195 0.07900734 0.02742627
0.04378442 0.00579780 0.00135480 0.00826382 0.02372517 0.24641591 0.09145832 0.31309202 0.05386173 0.10907674 0.07637763 0.08203085 0.02840882
0.04468189 0.00870956 0.00183614 0.00862231 0.01939319 0.24769774 0.09431470 0.31420112 0.04534124 0.10736087 0.07682604 0.07732924 0.03812816
0.04183320 0.00315558 0.00184514 0.00085339 0.00169965 0.24659569 0.09810465 0.31057692 0.04971094 0.10214308 0.06631071 0.07747730 0.02462335
0.03993863 0.00684278 0.00144864 0.00653960 0.01233531 0.24842948 0.09661465 0.30936310 0.04277868 0.10071075 0.07203850 0.07470350 0.02506235
0.03883695 0.00425329 0.00110756 0.00191754 0.00615437 0.24755188 0.08718949 0.30816374 0.05202328 0.09855215 0.07278170 0.07886709 0.03632198
0.03835176 0.00519268 0.00104701 0.00301914 0.03418912 0.24603106 0.10205592 0.30597410 0.05732328 0.09308780 0.07425607 0.08207052 0.02562641
0.03712818 0.00572854 0.00108808 0.00683686 0.03352872 0.24912250 0.08735926 0.30546987 0.05427484 0.08369025 0.07667010 0.07979011 0.02444105
0.03528236 0.00236782 0.00106852 0.00392019 0.02601951 0.24685348 0.08922063 0.30365625 0.05388589 0.07958783 0.07844983 0.07736612 0.02169662
0.03440809 0.00176931 0.00083966 0.00359145 0.02267422 0.24839148 0.08592754 0.30463687 0.05357690 0.08431925 0.07864809 0.07564678 0.02245664
0.03311954 0.00247796 0.00149459 0.00155374 0.01947887 0.24642223 0.08391781 0.30612574 0.05013682 0.09388355 0.07905495 0.07795163 0.02210590
0.03214283 0.00579076 0.00163332 0.00433862 0.03894716 0.24486336 0.08117100 0.30695356 0.05611646 0.09466931 0.07725319 0.07924770 0.02282196
0.02956354 0.00424966 0.00166965 0.00594244 0.03941829 0.24430395 0.08445516 0.30888898 0.06084487 0.09856540 0.06485419 0.07758996 0.02192773
0.03018319 0.00411008 0.00154507 0.00346671 0.03122462 0.24312630 0.08685488 0.30740432 0.04726659 0.10082912 0.07536439 0.07541018 0.02261718
0.03159135 0.01108684 0.00137450 0.00969219 0.04939595 0.24670234 0.08926910 0.30803755 0.04254211 0.10384104 0.05870952 0.07757862 0.03039326
0.03286652 0.00470159 0.00089639 0.00521236 0.04282820 0.24620574 0.08101223 0.30750375 0.04679560 0.10039056 0.06882481 0.07795253 0.02535359
0.03310239 0.00561612 0.00125566 0.00459672 0.03703257 0.24836360 0.08316009 0.30748491 0.05168406 0.09308851 0.07823078 0.07826760 0.02298554
0.03258208 0.00533656 0.00072986 0.00478629 0.03662469 0.24825457 0.07970774 0.30656060 0.04982985 0.07936490 0.08233352 0.07634005 0.02680022
0.03191568 0.00416983 0.00061720 0.00486247 0.03087456 0.24919202 0.08707345 0.30747965 0.06116840 0.07551529 0.07679643 0.07548302 0.02319651
0.03043450 0.00466443 0.00138688 0.00378896 0.03852608 0.24505032 0.09772456 0.30686946 0.06168156 0.08091410 0.08219169 0.08054082 0.02625945
0.02877245 0.01317300 0.00150737 0.01448981 0.03148283 0.24416642 0.08990224 0.30570495 0.05687801 0.09426978 0.07611138 0.07900124 0.02534789
0.02793715 0.00355021 0.00124451 0.00548081 0.03411157 0.24735214 0.08633354 0.30392431 0.05075101 0.09210378 0.07589039 0.07873590 0.02216677
0.02825470 0.00199668 0.00111953 0.00376896 0.01944194 0.24665340 0.08879595 0.30391431 0.04732718 0.09710483 0.06298603 0.07417947 0.03280836
0.02822800 0.00317155 0.00295304 0.00090759 0.00238422 0.24498451 0.09329236 0.30308114 0.04710064 0.09965132 0.06692354 0.08064544 0.02041801
0.02911326 0.00141036 0.00192762 0.00049886 0.00190842 0.24549411 0.08163466 0.30364525 0.04606391 0.10380993 0.06756306 0.07955480 0.02334469
0.02897555 0.00512137 0.00138560 0.00559547 0.02507270 0.24308918 0.08376418 0.30541999 0.05235108 0.09380347 0.07216718 0.07930430 0.03312674
0.02979460 0.00366634 0.00084168 0.00247798 0.02196557 0.24482906 0.08477534 0.30686363 0.05781995 0.08264760 0.07161964 0.07531590 0.03509331
0.03014997 0.00692374 0.00052597 0.00731788 0.02695389 0.24226826 0.09886326 0.31131510 0.05035069 0.07392770 0.07863878 0.07940751 0.03081325
0.02953607 0.00861317 0.00070707 0.01120337 0.02665027 0.24239912 0.09077253 0.31097609 0.05439236 0.08042210 0.08013657 0.07834197 0.04236559
0.02879677 0.00581625 0.00303514 0.00690266 0.04182589 0.24188252 0.09295858 0.31394084 0.06303235 0.08954408 0.07699505 0.08712794 0.04180238
0.02830076 0.00422100 0.00113212 0.00566116 0.02563412 0.24186524 0.09491806 0.31042680 0.05035224 0.09482714 0.08176311 0.07704599 0.03392955
0.02871942 0.01041138 0.00081198 0.00844690 0.01185150 0.24147625 0.09745082 0.30820061 0.05002076 0.09343029 0.06561630 0.07756485 0.03403721
0.02905610 0.00880070 0.00146863 0.01333473 0.03386368 0.24202518 0.08480367 0.30567513 0.04812071 0.09573307 0.06340311 0.07558198 0.02594297
0.02828880 0.00328508 0.00061105 0.00138634 0.02282816 0.24179932 0.08845382 0.30514319 0.04892621 0.09382502 0.06921050 0.08087686 0.02278059
0.02783932 0.00204200 0.00059318 0.00127661 0.00105297 0.24311255 0.09489063 0.30360561 0.05040335 0.09280975 0.07444432 0.07808028 0.02331418
0.02723940 0.00300431 0.00066620 0.00034596 0.00326012 0.24414538 0.08892981 0.30584067 0.06115672 0.08316540 0.07493272 0.07864325 0.02300249
0.02701488 0.00190360 0.00053934 0.00033031 0.00103526 0.24374784 0.08646646 0.30499030 0.05582476 0.07216670 0.08062713 0.07530095 0.02291270
0.02707675 0.00259440 0.00078524 0.00025303 0.00167733 0.24792033 0.08793781 0.30894415 0.05809300 0.06826424 0.07849488 0.08090194 0.02390256
0.02563555 0.00156796 0.00208291 0.00052293 0.00118690 0.24582841 0.08604500 0.30776409 0.05106208 0.08128513 0.08505861 0.07850514 0.02323330
0.02421293 0.00138019 0.00101543 0.00035553 0.00067245 0.24766455 0.09466892 0.30994657 0.05500173 0.09592058 0.06761482 0.07961421 0.02177785
0.02465275 0.00158440 0.00097815 0.00043738 0.03222604 0.24801366 0.08910754 0.30921149 0.04726008 0.10487134 0.07677926 0.07477077 0.02187897
0.02574961 0.00147858 0.00164824 0.00022802 0.00097862 0.24993606 0.08762448 0.30821420 0.04102968 0.10833301 0.06461840 0.07662777 0.02223378
0.02684065 0.00121675 0.00128686 0.00024807 0.00075187 0.24954682 0.07951775 0.30679545 0.03869440 0.10997290 0.06583545 0.07643319 0.02243392
0.02960086 0.00636899 0.00092770 0.00814831 0.05036299 0.25263176 0.08107830 0.30722678 0.04422507 0.09976342 0.06668491 0.07693532 0.02197289
0.03110019 0.00991168 0.00092802 0.00806425 0.02528888 0.25184977 0.08194186 0.30409755 0.04831683 0.08681552 0.07279436 0.07541958 0.02412722
0.03157650 0.00391727 0.00052517 0.00752114 0.03862227 0.25372013 0.08210657 0.30439929 0.05615193 0.07126708 0.07781214 0.07691109 0.03210279
0.03103158 0.00259557 0.00045422 0.00548203 0.03252263 0.25117537 0.08485698 0.30379259 0.06620036 0.05812153 0.07485516 0.07951543 0.02551527
0.02989647 0.00378405 0.00052282 0.00326211 0.01904911 0.25275650 0.08065672 0.30311292 0.05905045 0.06081486 0.07885131 0.07876151 0.02851921
0.02883054 0.00189670 0.00075036 0.00123209 0.00200704 0.25066326 0.08599132 0.30279920 0.05401662 0.07717213 0.07236701 0.07932875 0.03223905
0.02686615 0.00261817 0.00085526 0.00169089 0.00315512 0.24990231 0.08389558 0.30455028 0.05283261 0.09402454 0.07924393 0.07426665 0.02393688
0.02388039 0.00807596 0.00195121 0.01144247 0.01467954 0.24845805 0.10195792 0.30585138 0.04439452 0.10127883 0.05819351 0.07571854 0.02800723
0.02248693 0.00250294 0.00105442 0.00281785 0.02706833 0.24803189 0.09368440 0.30739731 0.03357015 0.10098770 0.06522655 0.07998762 0.02306140
0.02339665 0.00303193 0.00096595 0.00038578 0.00304736 0.24676872 0.09316895 0.30803657 0.04236139 0.09714980 0.05762977 0.07536528 0.02448623
0.02462000 0.00421276 0.00078577 0.00525714 0.03203570 0.24675646 0.08595635 0.30829419 0.04846180 0.08962359 0.07025513 0.07552232 0.02522023
0.02524579 0.00401880 0.00097517 0.00198615 0.02075686 0.24522360 0.09027773 0.31177137 0.04982129 0.08080470 0.07938202 0.07671737 0.02809165
0.02517358 0.00473011 0.00083698 0.00475356 0.03039336 0.24854859 0.09653126 0.31017474 0.05378190 0.06541678 0.07927998 0.07918939 0.02407805
0.02491966 0.00127369 0.00041110 0.00337005 0.00362881 0.24507965 0.09647260 0.31032529 0.05629321 0.05799221 0.07384293 0.07810519 0.03385111
0.02470818 0.00142190 0.00063017 0.00059434 0.00067475 0.24606373 0.08609280 0.30821410 0.05916836 0.06940597 0.08273766 0.07499678 0.02285488
0.02435822 0.00223201 0.00148883 0.00027799 0.00225864 0.24538017 0.09229417 0.30630104 0.05383598 0.08823603 0.06292573 0.07682663 0.02206108
0.02354344 0.00103376 0.00123813 0.00029081 0.00147592 0.24473009 0.08660710 0.30560719 0.03628857 0.10573536 0.07800147 0.07489392 0.02290608
0.02256714 0.00134390 0.00086257 0.00023240 0.00109352 0.24620433 0.08961982 0.30432886 0.03798898 0.10886160 0.06218224 0.07656971 0.02193016
0.02208030 0.00295806 0.00091203 0.00078827 0.00323827 0.24549329 0.08670251 0.30307305 0.04162010 0.10296737 0.06869739 0.07685812 0.02368591
0.02164689 0.00203308 0.00081345 0.00435505 0.00381322 0.24478652 0.09091834 0.30503054 0.05427174 0.09335900 0.07147662 0.07606512 0.03398894
0.02214712 0.00238380 0.00059076 0.00292688 0.02665806 0.24735815 0.09410742 0.30787200 0.05357513 0.08295472 0.07454761 0.07762512 0.02635533
0.02267302 0.00425549 0.00299484 0.00537075 0.04931592 0.24752129 0.09621624 0.30967187 0.05411052 0.07359578 0.07994810 0.08086995 0.03451486
0.02245748 0.00392747 0.00123559 0.00285170 0.02150455 0.25124048 0.09644890 0.31100930 0.05846574 0.06850860 0.07663684 0.08117274 0.02751116
0.02341751 0.00865033 0.00090707 0.00852296 0.04185460 0.24885191 0.09125661 0.31063786 0.05381679 0.07307204 0.06937652 0.07591219 0.02465208
0.02495856 0.00457730 0.00075160 0.00350462 0.03336595 0.25136656 0.08392673 0.31036643 0.04673013 0.08458497 0.07886503 0.07348797 0.02856936
0.02556778 0.00310796 0.00082230 0.00424235 0.00921944 0.25078848 0.08839454 0.30997983 0.05599594 0.09661428 0.06552897 0.07721607 0.03608616
0.02520228 0.00140640 0.00090696 0.00198293 0.00134033 0.25135002 0.09509296 0.30767242 0.04028184 0.10364409 0.06477879 0.07697684 0.03259749
0.02450205 0.00836023 0.00079074 0.00817839 0.03291704 0.25416383 0.09372755 0.30812500 0.04099358 0.09199590 0.07319291 0.07801866 0.02961420
0.02412348 0.00887216 0.00082871 0.00953691 0.06395868 0.25235168 0.09170562 0.30721993 0.04750135 0.08706405 0.06690536 0.07698702 0.02262481
0.02358861 0.00269266 0.00185286 0.00207075 0.03910026 0.25392169 0.08537815 0.30641239 0.05221843 0.08255946 0.07181567 0.08083423 0.02519681
0.02293285 0.00316704 0.00097358 0.00373448 0.02969298 0.25350578 0.08230936 0.30618754 0.05057139 0.08057624 0.07671643 0.07858384 0.02433212
0.02226603 0.00816014 0.00128218 0.00683929 0.04338704 0.25169707 0.08288372 0.30523288 0.04867563 0.07978518 0.07288494 0.07669639 0.02324692
0.02407239 0.00570681 0.00069857 0.00570288 0.03457058 0.25369021 0.08398424 0.30597912 0.04916061 0.08024097 0.06631582 0.07728209 0.02249090
0.02603634 0.00209528 0.00077717 0.00466763 0.05284331 0.25117905 0.08121705 0.30732493 0.03787773 0.08417600 0.07030780 0.07520463 0.02230758
0.02622377 0.00406201 0.00174234 0.00577009 0.04052186 0.25055769 0.08645797 0.30757303 0.04382923 0.09159915 0.06307735 0.07551982 0.02425713
0.02584435 0.00547514 0.00100218 0.00549351 0.04463019 0.25060743 0.08626298 0.30898073 0.04120552 0.08949194 0.07076749 0.07775471 0.02522613
0.02683368 0.00611933 0.00138945 0.00583260 0.05533683 0.24847007 0.09241140 0.31013518 0.04344331 0.07799174 0.06714219 0.07552321 0.02527944
0.02852437 0.00717142 0.00079068 0.00790129 0.04590028 0.24570016 0.09420476 0.30814219 0.04638892 0.06861558 0.06719208 0.07614871 0.02495253
0.02958814 0.00358845 0.00077052 0.00424744 0.02376285 0.24765153 0.09486976 0.30891126 0.04952717 0.06630811 0.07373082 0.07603101 0.03487588
0.02976395 0.00195235 0.00151442 0.00289435 0.00355467 0.24616733 0.09070443 0.30850302 0.04962529 0.06994239 0.07628331 0.08002429 0.03705404
0.02955055 0.00192996 0.00063118 0.00198511 0.00223655 0.24553191 0.09095333 0.30722818 0.04631909 0.07186762 0.07096126 0.07704311 0.02499520
0.02885691 0.00672143 0.00066591 0.00724978 0.01916992 0.24399350 0.09570140 0.30611158 0.04304290 0.07458309 0.07112926 0.07516638 0.02335196
0.02816637 0.00266374 0.00319034 0.00072992 0.03068320 0.24318951 0.09603754 0.30539934 0.04166840 0.08886245 0.05957011 0.07492267 0.02511090
0.02685339 0.00325493 0.00107934 0.00661731 0.02714987 0.24630240 0.09021607 0.30647233 0.03842771 0.09102899 0.07192422 0.07832326 0.02250242
0.02661465 0.00299042 0.00093558 0.00148800 0.02020128 0.24542807 0.09474072 0.30567041 0.04667662 0.08874919 0.06609053 0.07605030 0.02345243
0.02555594 0.00462904 0.00091412 0.00465783 0.04705558 0.24726204 0.08910740 0.30759009 0.04595270 0.08128652 0.06891066 0.07814801 0.02366673
0.02538142 0.00266259 0.00085550 0.00150502 0.03432016 0.24639081 0.09169063 0.30787007 0.04511784 0.07580725 0.07510759 0.07570012 0.02676912
0.02548933 0.00137633 0.00101378 0.00152034 0.00109407 0.24890046 0.09179311 0.30840846 0.04748730 0.07269671 0.07075401 0.07819778 0.03393558
0.02400354 0.00624437 0.00121362 0.00877600 0.02327578 0.24829314 0.08967234 0.30987370 0.04742679 0.07230584 0.07531714 0.07560964 0.03612080
0.02373596 0.01035264 0.00071583 0.00974969 0.05086817 0.24910982 0.08933532 0.31096077 0.04984325 0.07201265 0.07233782 0.07844030 0.02486816
0.02436127 0.00957058 0.00068892 0.01126723 0.01939067 0.24633506 0.09342195 0.31047055 0.05007841 0.07353079 0.06503150 0.07508840 0.05045598
0.02472989 0.00318796 0.00077410 0.00448699 0.00569154 0.24857973 0.09233951 0.31051635 0.04383050 0.07634387 0.08379410 0.07486942 0.03374333
0.02392576 0.00459638 0.00062538 0.00332348 0.03745601 0.24728582 0.09136284 0.30921350 0.04615260 0.08281623 0.06718199 0.07603783 0.04181654
0.02277572 0.00326395 0.00117233 0.00542606 0.00670137 0.25149718 0.09726697 0.30885597 0.04886324 0.08783895 0.06562242 0.07725226 0.02873375
0.02274388 0.00691733 0.00071229 0.00579398 0.01964100 0.25278521 0.09785358 0.30696085 0.04129385 0.07829096 0.06824221 0.07683196 0.05022318
0.02288164 0.00205529 0.00139360 0.00266887 0.00330112 0.25326507 0.09291563 0.30626205 0.04327245 0.07612019 0.07466229 0.07649952 0.02467994
0.02379020 0.01034574 0.00066740 0.00948085 0.02611403 0.25588128 0.08888884 0.30772799 0.05088062 0.07705590 0.07186346 0.07797200 0.04867487
0.02530413 0.00364753 0.00193326 0.00405174 0.03110127 0.25336309 0.09282992 0.30677279 0.04933853 0.07452949 0.07279655 0.08239015 0.03968304
0.02638502 0.00340159 0.00111530 0.00182194 0.00380557 0.25257392 0.09997938 0.30821192 0.05030106 0.07115573 0.07753751 0.07798862 0.03485836
0.02764822 0.00275603 0.00066692 0.00075936 0.00343474 0.25222647 0.10849910 0.30889835 0.04775086 0.07224213 0.07059181 0.07687311 0.02658412
0.02851910 0.00248731 0.00116315 0.00131384 0.03060489 0.25037741 0.09643431 0.30937238 0.04303253 0.07744351 0.07027610 0.07573874 0.02533937
0.02885187 0.00440593 0.00132252 0.00565152 0.02907207 0.25324368 0.08765823 0.31137594 0.04172615 0.08057022 0.06622134 0.07469684 0.02560071
0.02827470 0.00192944 0.00358850 0.00163780 0.02701411 0.24918960 0.08870726 0.31061083 0.04018545 0.09062104 0.06728262 0.07659129 0.02502951
0.02713971 0.00452340 0.00079886 0.00524275 0.04181462 0.25099708 0.09060602 0.31283191 0.04400114 0.08898047 0.06536089 0.07538747 0.02447294
0.02574299 0.00476654 0.00074466 0.00428703 0.03358337 0.24796151 0.09270984 0.31099484 0.04013545 0.08117199 0.06989175 0.07729990 0.02462344
0.02383719 0.00717544 0.00119075 0.00769423 0.03079085 0.24793778 0.09186036 0.30992286 0.04524438 0.07547808 0.08199145 0.07565555 0.02515714
0.02271456 0.00281609 0.00089845 0.00451788 0.01966599 0.24574892 0.09067540 0.30985794 0.05541065 0.07430497 0.07462461 0.08006284 0.02441195
0.02187084 0.00807115 0.00146863 0.00626843 0.04142222 0.24683915 0.08864730 0.30757302 0.05104698 0.07390309 0.07211567 0.07922540 0.02626110
0.02144602 0.01149669 0.00135714 0.00840547 0.03005996 0.24631352 0.10060064 0.30797392 0.05237949 0.07701899 0.06497409 0.07701040 0.02345567
0.02316647 0.00372620 0.00116062 0.00191993 0.02639616 0.24772730 0.09012067 0.30565591 0.04156920 0.07917151 0.06559700 0.07611482 0.02277833
0.02485162 0.00487317 0.00112199 0.00634365 0.03970820 0.24590371 0.08738128 0.30713805 0.04010436 0.07589192 0.06966481 0.07676702 0.02196203
0.02663025 0.00266991 0.00069307 0.00343743 0.01941305 0.24780780 0.08591103 0.30567018 0.04292045 0.07386713 0.06068628 0.08046334 0.03573512
0.02790124 0.00797179 0.00176555 0.00998090 0.02823936 0.24677877 0.08996109 0.30475220 0.03705689 0.06850711 0.06181593 0.07499025 0.02601318
0.03001040 0.00422623 0.00098395 0.00703618 0.04146307 0.24760545 0.09489754 0.30675363 0.03674852 0.07493078 0.06560621 0.07701304 0.02442315
0.03209292 0.00243285 0.00070675 0.00173719 0.02948619 0.24794843 0.09971820 0.30614505 0.03920355 0.07146091 0.06057320 0.07717870 0.02624623
0.03311098 0.00875507 0.00045507 0.01074334 0.04668426 0.24851559 0.08872294 0.30687700 0.04074622 0.06928763 0.06857712 0.07636108 0.02485970
0.03300473 0.01121280 0.00048806 0.01192706 0.06320905 0.24769092 0.09441458 0.31029504 0.05104939 0.06644103 0.06508555 0.07847508 0.03995839
0.03199730 0.00946750 0.00057737 0.00831908 0.05760780 0.24800002 0.09204360 0.30817345 0.04569153 0.06558977 0.07185652 0.07617185 0.03018215
0.03062059 0.01073930 0.00078954 0.01284537 0.06291354 0.24979256 0.09173802 0.30940743 0.04023187 0.06838040 0.07376949 0.07853969 0.03478783
0.02869363 0.00597947 0.00223876 0.00761054 0.02409572 0.25003915 0.09668018 0.30685327 0.04133700 0.07222991 0.06735658 0.07581051 0.04070579
0.02678609 0.00431910 0.00180833 0.00905599 0.03334364 0.25104318 0.09629570 0.30628859 0.03888620 0.08507170 0.06449416 0.07697561 0.02382658
0.02483949 0.00208605 0.00222826 0.00204637 0.01397457 0.25365457 0.09501784 0.30611956 0.03670486 0.08489316 0.06424719 0.07575744 0.03576806
0.02081122 0.00698074 0.00253091 0.00758238 0.03542567 0.25494249 0.08664738 0.30525303 0.03951820 0.08743936 0.06513980 0.07786948 0.02343230
0.02077535 0.00845555 0.00248195 0.00836969 0.05367553 0.25663305 0.08668682 0.30639144 0.04063490 0.08400499 0.06388279 0.07921617 0.02616432
0.02456533 0.00481645 0.00151005 0.00515070 0.03646318 0.25489070 0.08833927 0.30390024 0.04096791 0.07458889 0.07223667 0.07791829 0.03783747
0.02937641 0.01150653 0.00086940 0.01044356 0.05942768 0.25496842 0.09220841 0.30747745 0.04844782 0.06767600 0.07153411 0.07748898 0.02669567
0.03157713 0.01321101 0.00052911 0.01382075 0.06965449 0.25433627 0.08821598 0.30869800 0.04739619 0.06394034 0.07664556 0.07768204 0.03538681
0.03209352 0.00733999 0.00217565 0.00633157 0.04500286 0.25316253 0.09401588 0.30910050 0.04917181 0.08062654 0.07415798 0.07825466 0.03118172
0.03228588 0.00299302 0.00134502 0.00482109 0.00418806 0.25108293 0.09036440 0.30850861 0.04938032 0.08892717 0.07213467 0.07679914 0.03915129
0.03166342 0.00264712 0.00158136 0.00237576 0.00210802 0.25174522 0.09462875 0.31020232 0.05436334 0.08743335 0.06956242 0.07579455 0.04877946
0.03162497 0.00213968 0.00159048 0.00493466 0.00701191 0.25117467 0.08411829 0.30914679 0.04773265 0.08838208 0.07221074 0.07547886 0.03460531
0.03243344 0.00134798 0.00162729 0.00122195 0.00121173 0.24958543 0.08787877 0.30857867 0.04542118 0.09123428 0.06855443 0.07640564 0.03360663
0.03315999 0.00733349 0.00158710 0.00870648 0.03980096 0.24948061 0.08726856 0.30729330 0.04808406 0.08967735 0.06730148 0.07846685 0.02281865
0.03315697 0.00459423 0.00137479 0.00515177 0.05334708 0.24759385 0.09492943 0.30820283 0.04784651 0.08414436 0.06408431 0.07753615 0.02367272
0.03403395 0.00994741 0.00105363 0.00917651 0.04580847 0.24902970 0.08261021 0.30643975 0.04573704 0.08057410 0.07098141 0.07747940 0.02427616
0.03429912 0.01061749 0.00103918 0.01276364 0.04188123 0.24852552 0.09007641 0.30682391 0.04980252 0.07678165 0.06907539 0.07720270 0.02147595
0.03393789 0.00343172 0.00186441 0.00338580 0.05089197 0.24718313 0.08323946 0.30663893 0.04688017 0.08114278 0.07416820 0.07451966 0.02164691
0.03442823 0.00469899 0.00106783 0.00588127 0.05459465 0.24694755 0.08461151 0.30851765 0.06107255 0.07967951 0.07045832 0.07748339 0.02765839
0.03457608 0.00543156 0.00104846 0.00584632 0.04409375 0.24608758 0.09201790 0.30885372 0.04552269 0.08322972 0.06593126 0.07764530 0.04085036
0.03330411 0.00493469 0.00100231 0.00679712 0.04488519 0.24567264 0.08589040 0.30853235 0.04158782 0.08193765 0.06515746 0.07586239 0.02917182
0.03106663 0.00479689 0.00098356 0.00436645 0.05128865 0.24523185 0.08154962 0.30980138 0.04507910 0.08372735 0.06366824 0.07455049 0.02791415
0.02946058 0.00434508 0.00086454 0.00495228 0.03379356 0.24666116 0.08523643 0.30915256 0.04372922 0.08342357 0.06391888 0.07711353 0.02936800
0.02821543 0.01210936 0.00092729 0.01360443 0.01869529 0.24506817 0.08201352 0.30797682 0.04351035 0.08311151 0.07039718 0.07470662 0.02444903
0.02672091 0.00596246 0.00084241 0.00542097 0.02578223 0.24578311 0.09260995 0.30848821 0.04360739 0.08129691 0.07172541 0.07911617 0.02631227
0.02427485 0.00237578 0.00153173 0.00135822 0.02938632 0.24584333 0.09946731 0.30782081 0.04742133 0.08576959 0.06530458 0.07690575 0.02346899
0.02168480 0.00748314 0.00083482 0.00671987 0.02497008 0.24828820 0.08616922 0.30708959 0.04501717 0.07869645 0.07514998 0.07659928 0.02421891
0.02031672 0.00765190 0.00091464 0.00726909 0.04452317 0.25258150 0.09031165 0.30669017 0.05649089 0.06937786 0.06720779 0.07573777 0.02451510
0.02008791 0.00326844 0.00427840 0.00236633 0.05026600 0.25322699 0.08331356 0.30725611 0.04873740 0.07898458 0.07604254 0.07772914 0.02463587
0.02020036 0.00415087 0.00155548 0.00293087 0.04297849 0.25303079 0.09227615 0.30730038 0.04874138 0.07202484 0.06798616 0.07637322 0.02418060
0.02150833 0.00338203 0.00117168 0.00568659 0.03909626 0.25240254 0.09191006 0.30587416 0.05149190 0.06831812 0.06968126 0.07396035 0.02287470
0.02351660 0.00206426 0.00082425 0.00240550 0.02351729 0.25606359 0.09323466 0.30686425 0.03923707 0.07459420 0.06514542 0.07481547 0.02664523
0.02483201 0.00811151 0.00047068 0.01244588 0.04310979 0.25471321 0.08661371 0.30590505 0.03703084 0.07856376 0.06908408 0.07643915 0.02380391
0.02499785 0.01251854 0.00048843 0.01350626 0.03089116 0.25474036 0.09140832 0.30599142 0.03772268 0.08051994 0.06061150 0.07560399 0.02490033
0.02435506 0.00948461 0.00049616 0.00942147 0.03616554 0.25734549 0.08274004 0.30686484 0.03356838 0.07778823 0.06527037 0.07486087 0.03959665
0.02373327 0.00140348 0.00065621 0.00157817 0.03082134 0.25353571 0.09780328 0.30644203 0.03811301 0.07206272 0.06066885 0.07345913 0.02362507
0.02615577 0.00500395 0.00147011 0.00417223 0.04263420 0.25501764 0.08439019 0.30908241 0.05726189 0.06640124 0.07056605 0.07875613 0.03569979
0.02828259 0.00786208 0.00339668 0.00747686 0.03459705 0.25352793 0.08568960 0.30884068 0.04973167 0.06361895 0.07138317 0.07587587 0.02436885
0.02969255 0.00566319 0.00112512 0.00587639 0.04407509 0.25317915 0.08604581 0.30719769 0.03875659 0.06244736 0.07291237 0.07507068 0.03203649
0.03091928 0.00311573 0.00146380 0.00216684 0.02134315 0.25446159 0.08848114 0.30783036 0.04228494 0.06168956 0.06604276 0.07331810 0.02567714
0.03129904 0.00811138 0.00320125 0.00727519 0.04899684 0.25070049 0.09336072 0.30790039 0.04114355 0.06586397 0.06657331 0.08137916 0.03368747
0.03305412 0.01130601 0.00129763 0.01539598 0.05613128 0.25086759 0.09508517 0.30708265 0.04410173 0.07096077 0.05987573 0.07817460 0.03469887
0.03479396 0.00594712 0.00258726 0.00558405 0.04079091 0.25472030 0.08800885 0.30721437 0.04742877 0.07798278 0.06565733 0.07901558 0.02923174
0.03539412 0.00690812 0.00112630 0.00528361 0.04183587 0.24936715 0.09681192 0.30542012 0.04387657 0.07847909 0.06480350 0.07851684 0.02589165
0.03508355 0.00601858 0.00083832 0.00577262 0.03002843 0.25395677 0.08720485 0.30719899 0.03978007 0.07626501 0.07274756 0.07585276 0.02713984
0.03441943 0.00678027 0.00070706 0.00682205 0.03668293 0.24950532 0.09324424 0.30719918 0.04270038 0.07796412 0.06611059 0.07573231 0.02573190
0.03312370 0.00224912 0.00135410 0.00073491 0.00105218 0.24865008 0.10252013 0.30712516 0.04858441 0.07899225 0.06762343 0.07616428 0.02550590
0.03224158 0.00181997 0.00125736 0.00068205 0.00105424 0.24780947 0.09360231 0.30936029 0.05726757 0.07612009 0.07048802 0.07741076 0.02470503
0.03284195 0.00883458 0.00098345 0.01008876 0.03965941 0.24569427 0.09417606 0.31023589 0.04672048 0.07347679 0.07313481 0.07472351 0.02598453
0.03333710 0.00803109 0.00106643 0.01222385 0.04455350 0.24596494 0.09299539 0.31158264 0.04733700 0.06604844 0.07211799 0.08004673 0.04788742
0.03266693 0.00986922 0.00116668 0.01035960 0.04730195 0.24600431 0.09445510 0.31071698 0.04412374 0.06479950 0.06979673 0.07950442 0.02747079
0.03222807 0.00610295 0.00087416 0.00724732 0.05868148 0.24631396 0.09841149 0.31028520 0.04880435 0.06874768 0.06808624 0.08042250 0.03678940
0.03352967 0.00587146 0.00076854 0.00567444 0.04849524 0.24347153 0.09280278 0.30896548 0.05472848 0.07694876 0.06783798 0.07925926 0.02817207
0.03376722 0.00631780 0.00213307 0.00802751 0.04544932 0.25094204 0.08708337 0.30792517 0.04209777 0.08426296 0.06648000 0.07798156 0.02432185
0.03299302 0.00429501 0.00147014 0.00415050 0.02884432 0.24560793 0.08906632 0.30761230 0.04225768 0.09142059 0.06001422 0.07811327 0.02310994
0.03354115 0.01426705 0.00126975 0.01449869 0.05119357 0.24944169 0.08620301 0.30879483 0.04933821 0.08895425 0.06774461 0.07710586 0.02767904
0.03762502 0.01163881 0.00098847 0.01202387 0.03392467 0.24732303 0.08890854 0.30935386 0.05701622 0.08389267 0.06676358 0.07757618 0.02955508
0.03856130 0.01188347 0.00127316 0.01191909 0.07009814 0.24909855 0.09500866 0.31091137 0.05976859 0.07936427 0.07195508 0.07874402 0.04205147
0.03786690 0.00669358 0.00117365 0.00855006 0.05884699 0.24615013 0.08968592 0.31145548 0.05431185 0.07569270 0.08201751 0.07796354 0.05064996
0.03791894 0.00540778 0.00098292 0.00942594 0.05657849 0.24950998 0.09158561 0.31231522 0.05504228 0.07292364 0.08484068 0.08072571 0.02706029
0.04002812 0.00818819 0.00085742 0.00893986 0.04537873 0.24575868 0.08842349 0.31208513 0.05996332 0.07661753 0.07378914 0.07925127 0.04402910
0.03991493 0.00582152 0.00092503 0.00528840 0.05514065 0.24830740 0.09418304 0.31210483 0.05395430 0.08122966 0.07438005 0.07905614 0.02572010
0.03787079 0.00804315 0.00129809 0.00853934 0.06467718 0.24515122 0.09673102 0.31115079 0.05240798 0.09293257 0.06362895 0.07794311 0.02795834
0.03768621 0.00430695 0.00143253 0.00664077 0.03896859 0.24568116 0.10056353 0.31166491 0.04423651 0.09530908 0.07888988 0.08009720 0.02820075
0.03835543 0.00611888 0.00112991 0.00896848 0.02588955 0.24683976 0.09408346 0.31089234 0.05293503 0.09810148 0.07096415 0.07866077 0.02650457
0.03931857 0.00370509 0.00077159 0.00393611 0.03258459 0.24563770 0.08994068 0.31044192 0.05806537 0.09421522 0.07835004 0.07633858 0.02630401
0.03879314 0.00413289 0.00114377 0.00421712 0.02751824 0.24334012 0.09232941 0.30929160 0.05767308 0.08768118 0.07661612 0.07863319 0.02825750
0.05679037 0.00771625 0.00112562 0.00563634 0.03588465 0.24312172 0.10174547 0.30968509 0.06128770 0.08303409 0.07656290 0.08006211 0.02394561
0.05706019 0.00912808 0.00085502 0.00716949 0.03862338 0.24193772 0.09528566 0.30913745 0.05733364 0.07927541 0.07766659 0.07948574 0.02634540
0.05770235 0.00492950 0.00229506 0.00394390 0.03024842 0.24235688 0.10203512 0.30924128 0.05190382 0.09050100 0.08224419 0.07834737 0.02460282
0.05723657 0.00871861 0.00186298 0.00976203 0.02644117 0.24042153 0.09585172 0.30897831 0.05201054 0.09789590 0.07729815 0.07633638 0.02675984
0.05697256 0.00861851 0.00093638 0.00763335 0.03475500 0.24232377 0.09250345 0.31006729 0.05575049 0.08875179 0.08143839 0.07933095 0.02650027
0.05710162 0.00543037 0.00186518 0.00651906 0.03496563 0.24112161 0.09279870 0.31092741 0.05422391 0.08860862 0.07154877 0.07801383 0.02797702
0.05637331 0.00500108 0.00126155 0.00542182 0.03659326 0.24331407 0.09518138 0.31070398 0.05171336 0.10015781 0.07515250 0.07737573 0.02389175
0.05661035 0.00286323 0.00230262 0.00309622 0.02137155 0.24348816 0.09595434 0.31433348 0.05284241 0.09865475 0.07741307 0.07826069 0.02543144
0.05732009 0.00451850 0.00135233 0.00374345 0.02245464 0.24481165 0.10299985 0.31314988 0.05754972 0.09561055 0.07111803 0.07645128 0.02561112
0.05749920 0.00302699 0.00079356 0.00099734 0.01616606 0.24460473 0.09639277 0.31391487 0.05882117 0.08889543 0.07948080 0.07894391 0.02742946
0.05771728 0.00385798 0.00057614 0.00320113 0.01795731 0.24371288 0.09553216 0.31335625 0.05667037 0.08679373 0.08236231 0.07781691 0.02429189
0.05653121 0.00613655 0.00095099 0.00388465 0.01949434 0.24453976 0.09354507 0.31243260 0.05988560 0.08393201 0.07805067 0.07825559 0.02528569
0.05668096 0.00717779 0.00084655 0.00847117 0.02549011 0.24457356 0.08343559 0.31066281 0.05989701 0.09088888 0.07625538 0.07734688 0.03176375
0.05663462 0.00272359 0.00072556 0.00238706 0.00337611 0.24490426 0.10112642 0.31097205 0.05428508 0.09413717 0.07295600 0.07704232 0.02506855
0.07132381 0.00902593 0.00164103 0.01055092 0.04864092 0.24548687 0.09145269 0.31186401 0.05175991 0.09366886 0.07429762 0.08585220 0.02286800
0.06916293 0.01025342 0.00092814 0.00795036 0.03888452 0.24693553 0.09305356 0.31148048 0.05631198 0.09866238 0.07405811 0.07892508 0.02459303
0.06753327 0.00666037 0.00133871 0.00894985 0.01854873 0.24911779 0.08858609 0.31143973 0.05605645 0.10175300 0.07237316 0.07664329 0.02380185
0.06659808 0.00219274 0.00316005 0.00052667 0.00255280 0.24963971 0.08640539 0.31209552 0.05203177 0.09967582 0.08244931 0.07679163 0.02480758
0.06711615 0.00229225 0.00172142 0.00129685 0.00219004 0.24876339 0.09426512 0.31218637 0.05850078 0.09452074 0.07827761 0.07689740 0.02348504
0.06891444 0.00185822 0.00100192 0.00050923 0.00222531 0.25064836 0.10049795 0.31430262 0.05694849 0.09092841 0.08707420 0.07742252 0.02238096
0.06986847 0.00231103 0.00076040 0.00081293 0.00162285 0.25016221 0.09905186 0.31415229 0.06155346 0.08957885 0.07744732 0.07585244 0.02320775
0.06819819 0.00247466 0.00075382 0.00608912 0.00584678 0.25235651 0.09072342 0.31450416 0.05928325 0.09104617 0.08389585 0.07723871 0.03528351
0.06548019 0.00256312 0.00085193 0.00133917 0.00356691 0.25048393 0.08193779 0.31371602 0.05558557 0.09620014 0.08422033 0.07715391 0.03215110
0.06461501 0.00555613 0.00087088 0.00602800 0.03998368 0.25171475 0.08627023 0.31259384 0.05455412 0.09528741 0.07462475 0.07919897 0.02665602
0.06480979 0.01811718 0.00083093 0.01831551 0.05367387 0.25044072 0.08417041 0.31278681 0.05476809 0.09429201 0.06842171 0.07701420 0.03185803
0.06616793 0.01212316 0.00152831 0.01155005 0.05226345 0.25145363 0.09442958 0.31506960 0.04791355 0.09297583 0.07971599 0.08188359 0.02503393
0.06690646 0.00870408 0.00175823 0.00810535 0.05575678 0.24934300 0.09924357 0.31297798 0.05735294 0.09675868 0.06994078 0.07747291 0.03237815
0.06743223 0.00745887 0.00238660 0.01016785 0.04578199 0.25120155 0.09226289 0.31351866 0.05811085 0.09089550 0.07622530 0.08345639 0.02730369
0.06699641 0.00782185 0.00133547 0.00494243 0.04196653 0.24800586 0.08936257 0.31163375 0.05491860 0.08546956 0.07971861 0.07732394 0.02798658
0.06707968 0.00698821 0.00170258 0.00724482 0.04887432 0.25137436 0.08421162 0.30943938 0.05683019 0.08130048 0.07533223 0.07850730 0.02447976
0.06761614 0.00431160 0.00116437 0.00441526 0.04241210 0.24847869 0.09261710 0.31033643 0.05446931 0.08495509 0.07695331 0.07998774 0.02550705
0.06865443 0.00815011 0.00079434 0.01234304 0.04389184 0.25011068 0.08418094 0.30983289 0.05420456 0.08721024 0.07346386 0.07952813 0.02808205
0.06920875 0.00351824 0.00065174 0.00501245 0.02762077 0.24771836 0.10999129 0.31060913 0.04768686 0.09200512 0.07076948 0.07970008 0.03981779
0.06861875 0.01080027 0.00063394 0.01087051 0.03123885 0.24835112 0.09385578 0.31218594 0.04681540 0.09406892 0.07596941 0.07698911 0.03398272
0.06704827 0.00818212 0.00068008 0.00719448 0.04442456 0.24764438 0.09151986 0.31255780 0.05643967 0.09408670 0.06788522 0.07676421 0.04491837
0.05319156 0.00429924 0.00135375 0.00354536 0.03033077 0.24760641 0.09418541 0.31248352 0.06036994 0.09408935 0.07231163 0.07893125 0.03109961
0.05096065 0.00256332 0.00114058 0.00207623 0.00377471 0.24913188 0.09004353 0.31287344 0.05027526 0.08583461 0.07831317 0.07766009 0.03535983
0.05077347 0.00236173 0.00113487 0.00395392 0.04010269 0.24688252 0.09425572 0.31183797 0.05096619 0.08642088 0.07317697 0.07929867 0.03882006
0.04963214 0.00329378 0.00086314 0.00439983 0.00671024 0.24768196 0.10505811 0.31205212 0.05392083 0.08246895 0.09253588 0.07841296 0.03324410
0.05019895 0.00281921 0.00177341 0.00210119 0.00218322 0.24705591 0.09635503 0.31124559 0.05610725 0.08572114 0.07630917 0.07907462 0.03345079
0.04984676 0.00883416 0.00198632 0.00936115 0.04011369 0.24562725 0.09780609 0.31005498 0.05086231 0.08917925 0.08345804 0.07784499 0.03523241
0.05101406 0.00359649 0.00153686 0.00281775 0.03413682 0.24691474 0.08441589 0.31056978 0.05644935 0.09000094 0.07907396 0.07949910 0.02815504
0.05102701 0.00299460 0.00177705 0.00568105 0.02721762 0.24842032 0.09794143 0.31047792 0.04964106 0.09210705 0.07313754 0.08204401 0.02770068
0.05306362 0.00736448 0.00114419 0.00492609 0.01624228 0.24694333 0.09206439 0.31145370 0.05452290 0.09284870 0.07585185 0.07544515 0.02634120
0.05446636 0.00134863 0.00073848 0.00316725 0.00406145 0.24878775 0.09402202 0.31256043 0.04986304 0.09274509 0.07674801 0.07718767 0.03093183
0.05566405 0.00135574 0.00067174 0.00333585 0.00349351 0.24748501 0.09824039 0.31206071 0.05265214 0.09563417 0.07026936 0.07526610 0.02820145
0.05539686 0.00113897 0.00064214 0.00122167 0.00103574 0.24820490 0.09295103 0.31325668 0.05100145 0.09226234 0.08015890 0.07623382 0.03913945
0.05477143 0.00355054 0.00067240 0.00290270 0.03703279 0.24740391 0.09240908 0.31346339 0.05938811 0.09029623 0.07983819 0.07610547 0.02523968
0.05335411 0.00671686 0.00068845 0.01034812 0.02261508 0.24509959 0.09704089 0.31368163 0.06047741 0.08376091 0.08475149 0.07819405 0.03281770
0.05218258 0.00392146 0.00079611 0.00460448 0.02437175 0.24673373 0.09249027 0.31401072 0.06605924 0.08697256 0.07889804 0.08203129 0.04388438
0.05049360 0.00892449 0.00108128 0.01096377 0.03649156 0.24573220 0.09686755 0.31421027 0.05807376 0.08973893 0.07761413 0.07912451 0.02849265
0.04891453 0.00469200 0.00195377 0.00597936 0.03721405 0.24732672 0.10388299 0.31397029 0.04920614 0.08734021 0.07435289 0.08168972 0.02652163
0.04885711 0.00293055 0.00157840 0.00347788 0.03380785 0.24861581 0.09241064 0.31355465 0.04588826 0.08663880 0.07723865 0.07900175 0.03805940
0.04950167 0.00576187 0.00096073 0.00766586 0.03788817 0.24793301 0.09455102 0.31315076 0.05002008 0.08911907 0.06719705 0.07567750 0.03548886
0.05080917 0.00394142 0.00097133 0.00443307 0.02655401 0.24889136 0.08860882 0.31320103 0.04801046 0.09412603 0.08124333 0.07745424 0.02543894
0.05117792 0.00475366 0.00213842 0.00674975 0.03072660 0.24800310 0.08840304 0.31221344 0.04879581 0.09966992 0.07760280 0.07906960 0.03232160
0.05221604 0.00280364 0.00156201 0.00236398 0.02744904 0.24842582 0.09123423 0.31072552 0.05325152 0.09566441 0.06635834 0.07751920 0.02498940
0.05198296 0.00416225 0.00126242 0.00286218 0.02706484 0.24845947 0.09193224 0.31165080 0.04526831 0.10346108 0.08168024 0.07700432 0.03130080
0.05249677 0.00226457 0.00094040 0.00132872 0.00335583 0.24742180 0.09648715 0.31090560 0.05602277 0.09116974 0.07363252 0.07853732 0.02370891
0.05156711 0.00339312 0.00066305 0.00213343 0.02138005 0.25054927 0.09735342 0.31218228 0.05957602 0.08397708 0.07936831 0.08040909 0.02413210
0.05054113 0.00992626 0.00076072 0.00843062 0.01759321 0.25485341 0.09008421 0.31422759 0.05804461 0.07839988 0.08211884 0.08013171 0.02620717
0.04869475 0.00590806 0.00340975 0.00653319 0.03473585 0.25294621 0.10049432 0.31288364 0.05622224 0.08849459 0.07130134 0.07583749 0.02463870
0.04809034 0.00307263 0.00162887 0.00351732 0.02272326 0.25592223 0.09114981 0.31325105 0.04925734 0.09161259 0.07649248 0.07841236 0.02448584
0.04663869 0.00177072 0.00203904 0.00045533 0.00104749 0.25573219 0.09130491 0.31241511 0.04711558 0.09447132 0.06998054 0.07807822 0.02626812
0.04669636 0.00112907 0.00128294 0.00092436 0.00123119 0.25511309 0.10030107 0.31130530 0.04612086 0.09533540 0.06481440 0.07857654 0.02365290
0.04639531 0.00267171 0.00138263 0.00174737 0.00274055 0.25397716 0.10007776 0.30987402 0.04797264 0.09211971 0.07794395 0.07651499 0.02518172
0.02919729 0.00538628 0.00164007 0.00439941 0.03820026 0.25272521 0.10191116 0.31013008 0.04918782 0.09440138 0.07432680 0.08156328 0.02494568
0.03073184 0.00308899 0.00142733 0.00184924 0.02926614 0.25318570 0.09661754 0.31096548 0.05231297 0.08757386 0.07660123 0.07804132 0.02693071
0.03319779 0.00389220 0.00139555 0.00448093 0.03174681 0.25115144 0.10085162 0.31173604 0.05007083 0.08752930 0.08782439 0.08176487 0.02551066
0.03452095 0.00949603 0.00124932 0.00831412 0.01628211 0.24572248 0.10309692 0.31049860 0.05644073 0.08407132 0.07454039 0.07684887 0.02673272
0.05742275 0.00452721 0.00157613 0.00550340 0.03534574 0.24971571 0.09355802 0.31236500 0.04943392 0.08113891 0.08431446 0.08120468 0.02517335
0.06099149 0.00493558 0.00080829 0.00578737 0.06440644 0.24493299 0.09395609 0.31306771 0.05160107 0.08108946 0.07254818 0.07814233 0.02547706
0.06471210 0.00423018 0.00125647 0.00115636 0.00371208 0.24635152 0.09634225 0.31221411 0.05341663 0.09203686 0.07502267 0.07737462 0.02616301
0.06578588 0.01302542 0.00108877 0.01289514 0.01509659 0.24493004 0.09168895 0.31300453 0.05164177 0.09368679 0.07313291 0.07658864 0.02490199
0.06558395 0.00339413 0.00114697 0.00316577 0.01949160 0.24344492 0.09127797 0.31201009 0.04786584 0.09631006 0.07881566 0.07624610 0.05008118
0.06646993 0.01051592 0.00142264 0.01112587 0.04635944 0.24172335 0.09971983 0.31120853 0.06026934 0.09451103 0.06918462 0.07863406 0.02393406
0.06542328 0.00300037 0.00109317 0.00269490 0.03254885 0.24329760 0.09001110 0.31172136 0.05021503 0.08871063 0.08722007 0.08056789 0.02551999
0.06099260 0.00243806 0.00179262 0.00359445 0.04352690 0.24231056 0.10163191 0.31151294 0.05689984 0.08376441 0.06910198 0.08130799 0.02238727
0.05477033 0.00339309 0.00197298 0.00418208 0.03003565 0.24507347 0.09078818 0.31145697 0.05773863 0.08032539 0.07422121 0.07908553 0.02452033
0.04858435 0.00499424 0.00212123 0.00469913 0.02630980 0.24327471 0.08382732 0.31346542 0.05460894 0.08331428 0.07987320 0.07793023 0.03488291
0.04920935 0.00630389 0.00201604 0.00735435 0.01766061 0.24593184 0.09149159 0.31227823 0.05593903 0.08383253 0.07243572 0.07733636 0.02496888
0.05395939 0.00346361 0.00137940 0.00608514 0.02487212 0.24371096 0.08448398 0.31278398 0.04719397 0.08848185 0.08204080 0.07458218 0.03817942
0.06063518 0.00275414 0.00090450 0.00183064 0.02210025 0.24610143 0.09149577 0.31191221 0.04714739 0.08691232 0.07301767 0.07497588 0.02559487
0.06238537 0.00526483 0.00098016 0.00489958 0.04065362 0.24697419 0.09649468 0.30909533 0.05142818 0.09103697 0.05849166 0.07416751 0.02274951
0.05964499 0.00795927 0.00118937 0.00920379 0.04767454 0.24662544 0.08564724 0.30991314 0.04376466 0.09592909 0.07929056 0.07715877 0.02933548
0.05495452 0.00380530 0.00117702 0.00426230 0.04789783 0.24771062 0.09483356 0.30832170 0.04754005 0.08953718 0.07182400 0.07938835 0.03563170
0.05482886 0.00507496 0.00108061 0.00618262 0.04349098 0.24773555 0.09268898 0.30813083 0.04809747 0.08439476 0.07322158 0.08066561 0.02627787
0.05645864 0.00585313 0.00101233 0.00522253 0.03874372 0.25115741 0.09375454 0.31094480 0.05068969 0.08127465 0.07909953 0.07832898 0.02687976
0.07239591 0.00771291 0.00119442 0.00681534 0.02987242 0.24960625 0.10075322 0.31126674 0.05447319 0.08124833 0.07303350 0.07671387 0.04291140
0.07187965 0.00851305 0.00093273 0.01074464 0.02080090 0.25391121 0.09153346 0.31240076 0.05193068 0.08281185 0.08110856 0.07700138 0.03458627
0.05479172 0.00562091 0.00154514 0.00480877 0.02804560 0.25111855 0.09140896 0.31290245 0.05383136 0.08587553 0.07485550 0.07693642 0.02628114
0.07052707 0.00330369 0.00122879 0.00243257 0.03943106 0.24707850 0.09907811 0.31102677 0.05170700 0.09270912 0.07175141 0.07761748 0.03364966
0.07126241 0.01105306 0.00086496 0.01486652 0.06262046 0.24961144 0.09357238 0.31205661 0.05365633 0.10074277 0.07129072 0.07783271 0.03369157
0.06967475 0.00311787 0.00132659 0.00424650 0.03547008 0.24535039 0.10410465 0.31142447 0.05019744 0.10679154 0.07621404 0.07853855 0.02962703
0.06507872 0.00332088 0.00129154 0.00333411 0.02255867 0.24685835 0.10023570 0.30922017 0.05087136 0.10951685 0.06874715 0.08007017 0.04119985
0.06084495 0.00278775 0.00153059 0.00161253 0.04003840 0.24378985 0.09443273 0.31045205 0.05732523 0.10565918 0.08006183 0.08180745 0.02724007
0.05754912 0.00320605 0.00222128 0.00305495 0.05639594 0.24479366 0.09793912 0.31011545 0.05059329 0.09811492 0.07511086 0.07810957 0.02992674
0.05635413 0.00611679 0.00418708 0.00710598 0.04020384 0.24087199 0.09466155 0.31150590 0.05456804 0.09677355 0.07744001 0.08029433 0.03736388
0.05537170 0.00526709 0.00247236 0.00608766 0.02832747 0.24068924 0.09415508 0.31155600 0.05915999 0.09711106 0.08137201 0.07754161 0.02784888
0.05592895 0.00616886 0.00232363 0.00774721 0.01679794 0.23836146 0.09579151 0.31108595 0.05876782 0.09485468 0.08157459 0.07790961 0.03424387
0.05866306 0.00483608 0.00238875 0.00637448 0.03177995 0.23935962 0.08341779 0.31134963 0.05623972 0.09394518 0.08293327 0.07722404 0.02384961
0.06210986 0.00725222 0.00429290 0.00724893 0.05200283 0.23969193 0.08944491 0.31298394 0.06198506 0.09527716 0.07500926 0.08347749 0.02476505
0.06558630 0.00391065 0.00125279 0.00423714 0.03938115 0.23910487 0.09017442 0.31102425 0.05776231 0.10853853 0.07396083 0.07933030 0.02359719
0.06789474 0.00435435 0.00099073 0.00417150 0.03637879 0.24245432 0.08717436 0.31118435 0.04889851 0.11417834 0.07969593 0.08119159 0.02497940
0.06910298 0.00721360 0.00089006 0.00885657 0.04519767 0.24029928 0.09217356 0.31182375 0.04549172 0.11636157 0.07023007 0.07911510 0.04487963
0.07316187 0.00481136 0.00086593 0.00803367 0.03724940 0.24105717 0.09770564 0.31371189 0.05073945 0.11269251 0.07109199 0.07938997 0.02484885
0.07032210 0.00277356 0.00134836 0.00590256 0.00503662 0.24340463 0.08880273 0.31630824 0.05314006 0.10627607 0.09110316 0.07873754 0.04499310
0.06755172 0.00363814 0.00119939 0.00388611 0.03296021 0.24266718 0.09734842 0.31631212 0.06493715 0.09795860 0.08231562 0.07986442 0.02536331
0.06696760 0.00352508 0.00113338 0.00402753 0.04242233 0.24420158 0.09036313 0.31732990 0.06994682 0.09133555 0.08798585 0.07913996 0.02468691
0.06332564 0.00624441 0.00137507 0.00328256 0.02785399 0.24332433 0.09732718 0.31637989 0.06457638 0.08749279 0.08383781 0.08030048 0.02343838
0.06275732 0.00810403 0.00138607 0.00815614 0.03600232 0.24717235 0.09583300 0.31628088 0.07007327 0.09019593 0.08010913 0.07874029 0.02694843
0.06360441 0.00893536 0.00123301 0.00793358 0.04486767 0.24497977 0.09301279 0.31573678 0.05401385 0.10048953 0.08750765 0.08026129 0.05021122
0.05621965 0.00283279 0.00088761 0.00553527 0.02657244 0.24650490 0.09949254 0.31431833 0.05666949 0.11239149 0.08194201 0.08112081 0.02810898
0.05567229 0.00283304 0.00078351 0.00165993 0.00245615 0.24709826 0.09897906 0.31542610 0.05773892 0.11700252 0.07876688 0.08082152 0.03695850
0.05536988 0.00328898 0.00202265 0.00113305 0.00237125 0.24662955 0.10684919 0.31419848 0.05272905 0.11663757 0.07642532 0.07996995 0.02690712
0.05563755 0.00262716 0.00158766 0.00145487 0.02732576 0.24862640 0.10508869 0.31498155 0.05097579 0.11341873 0.07121947 0.07753038 0.02956571
0.05513332 0.00615134 0.00100195 0.00580602 0.03170421 0.24798604 0.09993533 0.31592473 0.05578380 0.11020477 0.08379049 0.07572352 0.02627852
0.05482275 0.00382071 0.00200566 0.00129082 0.02192218 0.24811891 0.10345998 0.31584049 0.06270826 0.09290381 0.08161303 0.08031391 0.02895833
0.05411774 0.00396541 0.00108560 0.00508484 0.02682193 0.24592155 0.10779115 0.31573166 0.05865118 0.08264811 0.08166705 0.08008211 0.03516100
0.05439789 0.00744280 0.00136434 0.00191222 0.03672827 0.24617603 0.08874623 0.31369000 0.06341002 0.07873158 0.08805515 0.07952716 0.02719795
0.05636277 0.00448612 0.00139653 0.00526316 0.04485749 0.24554666 0.09765976 0.31215220 0.05458535 0.08817581 0.08056397 0.07726844 0.02638444
0.05787693 0.00221197 0.00161294 0.00202126 0.03389624 0.24815469 0.09237551 0.31389667 0.05624857 0.09858039 0.07751430 0.08512965 0.02984051
0.05750534 0.00317357 0.00135660 0.00182270 0.00439449 0.24692916 0.10167217 0.31252723 0.05376753 0.10557453 0.08309890 0.08008697 0.03622445
0.05743349 0.00360339 0.00191822 0.00047124 0.00245604 0.24873143 0.09390453 0.31362097 0.05248884 0.10960558 0.06899364 0.07846030 0.02603113
0.05758314 0.00206584 0.00211744 0.00050214 0.00150920 0.25013148 0.09101098 0.31421201 0.04765660 0.10717283 0.06904843 0.07589972 0.02433688
0.05807609 0.00959586 0.00110934 0.01145961 0.01846293 0.24867969 0.09131935 0.31437090 0.04813198 0.10460655 0.07006301 0.07561365 0.02295526
0.05822062 0.00340493 0.00070917 0.00051641 0.00438456 0.24764502 0.09156487 0.31361996 0.05539726 0.09727252 0.07887715 0.07512294 0.02193739
0.05784738 0.00167655 0.00197444 0.00199476 0.03670377 0.24703468 0.08339436 0.31372109 0.05825188 0.08829086 0.08014854 0.07671730 0.02112743
0.05775224 0.00176989 0.00129601 0.00192123 0.02241162 0.24686708 0.08914039 0.31225810 0.05834328 0.07642736 0.07616260 0.07840310 0.02244413
0.05783434 0.00325122 0.00309791 0.00516364 0.03684073 0.24377138 0.08456597 0.31169384 0.05922127 0.07904671 0.08186613 0.07897604 0.02232218
0.05767644 0.00181893 0.00139186 0.00591226 0.00242792 0.24408459 0.09892908 0.31235612 0.05784625 0.08957952 0.08059548 0.08208298 0.04202534
0.05582998 0.00306242 0.00150728 0.00379768 0.00581180 0.24753854 0.09637288 0.31219257 0.05643728 0.09770198 0.07229260 0.07944696 0.02460547
0.05537094 0.00922502 0.00093402 0.01072020 0.01857232 0.24407848 0.09135155 0.31386151 0.05025336 0.10237222 0.07144033 0.07727619 0.03540346
0.05486719 0.00179866 0.00090869 0.00741256 0.00599200 0.24781730 0.09249820 0.31512977 0.04198036 0.10671944 0.07126487 0.07807935 0.03799448
0.06995434 0.00923676 0.00089386 0.00845827 0.02520324 0.24470953 0.09527104 0.31685960 0.05718469 0.10876279 0.07171315 0.07648807 0.03164702
0.06940948 0.00447510 0.00087449 0.00211501 0.00555530 0.24827907 0.09292747 0.31826043 0.06143776 0.10678124 0.08110859 0.07750023 0.02842450
0.06997731 0.00383897 0.00090889 0.00485162 0.02113027 0.24681977 0.11655758 0.31871389 0.06386145 0.09657949 0.07607848 0.07767451 0.05136755
0.06903743 0.00278983 0.00066272 0.00395560 0.04330700 0.24942228 0.09918040 0.31766538 0.05938586 0.08619053 0.09325425 0.08049609 0.03214257
0.06851212 0.00366041 0.00335836 0.00232938 0.00284967 0.24968881 0.10271106 0.31640525 0.06596791 0.08445859 0.07648852 0.08083247 0.03549130
0.06797959 0.00453309 0.00115395 0.00427976 0.04837229 0.25247980 0.10003811 0.31484430 0.05405496 0.09025854 0.08552657 0.08420566 0.03123103
0.06756821 0.00559660 0.00113484 0.00506605 0.04765824 0.25332418 0.10432017 0.31593474 0.05388280 0.09481921 0.07698357 0.08296673 0.02873018
0.06826949 0.00313170 0.00126088 0.00488561 0.02521021 0.25205007 0.10439642 0.31291470 0.05382982 0.09844589 0.08055522 0.07864474 0.02767721
0.06918161 0.00169084 0.00068358 0.00257933 0.03133228 0.25243335 0.11000842 0.31444582 0.04814447 0.09851001 0.07083368 0.07888118 0.02593322
0.06930086 0.00416956 0.00058754 0.00585480 0.03404905 0.25213578 0.09788906 0.31506375 0.05216985 0.10108938 0.08018921 0.07883394 0.02811469
0.06968172 0.00322359 0.00050207 0.00305519 0.04152649 0.24935889 0.10585178 0.31517033 0.06305115 0.10005445 0.07470259 0.07774061 0.02546929
0.06966747 0.00425134 0.00050997 0.00581700 0.04295921 0.24873220 0.09822546 0.31594893 0.05649235 0.09325143 0.08411757 0.07928763 0.03597978
0.06884888 0.00537597 0.00051416 0.00502470 0.02049924 0.24561807 0.09939566 0.31587783 0.06140835 0.08197401 0.08063566 0.07947890 0.03813240
0.08173668 0.00756797 0.00078560 0.00485416 0.01608569 0.24570411 0.10577668 0.31470856 0.06442962 0.07715083 0.07830499 0.08212759 0.02972114
0.08072014 0.01239975 0.00090790 0.01197572 0.01783015 0.24408616 0.10492368 0.31461307 0.05737909 0.08319960 0.08007575 0.08248152 0.03950507
0.08044699 0.00457556 0.00072070 0.00501355 0.02653293 0.24333877 0.10473027 0.31458121 0.05000667 0.09025579 0.08609967 0.08385040 0.03801921
0.08137997 0.00941874 0.00075104 0.01127091 0.04743378 0.24427880 0.10266896 0.31473945 0.05166297 0.09103500 0.07455476 0.08080653 0.02963098
0.08062623 0.00690740 0.00105229 0.00706178 0.04671610 0.24397225 0.10394121 0.31571071 0.05607372 0.08993060 0.07076946 0.07818283 0.03988291
0.07977458 0.00613130 0.00084272 0.00507221 0.04883454 0.24666234 0.09912327 0.31622143 0.05858939 0.09293576 0.08331755 0.08013274 0.02948110
0.07993479 0.00765602 0.00090505 0.00511809 0.03810593 0.24539621 0.10253834 0.31516907 0.06259992 0.09368790 0.06972515 0.07921917 0.02628493
0.07980409 0.00404543 0.00131259 0.00417456 0.03685271 0.24958418 0.09091157 0.31537834 0.05238369 0.09156219 0.08093376 0.07876374 0.02681693
0.08044869 0.00370066 0.00062546 0.00270302 0.00653930 0.24666855 0.10079605 0.31477251 0.05888672 0.08155436 0.07399371 0.07830419 0.03617408
0.07981065 0.00597890 0.00054820 0.00580946 0.02024751 0.24809661 0.09982113 0.31436326 0.05914739 0.07852651 0.07977212 0.08149946 0.02615424
0.08012274 0.00901958 0.00063490 0.00671415 0.03199152 0.24514278 0.10032588 0.31463837 0.05727930 0.07984787 0.07519749 0.08140293 0.02683715
0.08068533 0.00825216 0.00127899 0.00802752 0.02771510 0.24608428 0.09626488 0.31326927 0.05211677 0.09462045 0.07788506 0.07915587 0.02496082
0.07990605 0.00429578 0.00126354 0.00299053 0.04333578 0.24630935 0.09710168 0.31332240 0.05243146 0.09583986 0.06941181 0.07873745 0.02505400
0.07998821 0.00265904 0.00083339 0.00122279 0.03247577 0.24763880 0.10470967 0.31506423 0.04473778 0.09255926 0.07408046 0.08015243 0.02698308
0.07973645 0.00458366 0.00079927 0.00498653 0.03111435 0.24876752 0.10404556 0.31600893 0.05195338 0.08981210 0.07571986 0.07818445 0.02740400
0.07946919 0.00287740 0.00061142 0.00157899 0.01961436 0.25183987 0.09486897 0.31608928 0.05619644 0.08682889 0.08178716 0.07889720 0.02735167
0.07970073 0.00219784 0.00064495 0.00419931 0.02210078 0.25250968 0.10439914 0.31562204 0.05499740 0.07775452 0.07629949 0.07633876 0.02763550
0.07939903 0.00238521 0.00066252 0.00148255 0.03019959 0.25431390 0.10838734 0.31436163 0.05153282 0.07455257 0.07693545 0.07783746 0.02591728
0.07863807 0.00108509 0.00106786 0.00025944 0.00067855 0.25502734 0.10271057 0.31377864 0.05042648 0.06796346 0.07618296 0.07766929 0.02624662
0.07931228 0.00107075 0.00164133 0.00027721 0.00071830 0.25530727 0.10358276 0.31198746 0.04658110 0.07372417 0.07295106 0.07967924 0.02603277
0.07912787 0.00096324 0.00099660 0.00026078 0.00066418 0.25437353 0.10285760 0.31163238 0.04441286 0.07930674 0.06740424 0.07902485 0.02669032
0.07958471 0.00156607 0.00058263 0.00395866 0.00788748 0.25292646 0.09811475 0.31147156 0.03677919 0.08512843 0.07103352 0.07658499 0.02986899
0.08038350 0.00441462 0.00245003 0.00353518 0.03488588 0.25251620 0.10877179 0.31161641 0.04379366 0.08581632 0.06113308 0.07665805 0.03481363
0.08148986 0.01225118 0.00094342 0.01253455 0.01737754 0.25153493 0.09780823 0.31323990 0.03974540 0.08025608 0.07264926 0.08058158 0.02809029
0.08463905 0.00787869 0.00136070 0.00691396 0.02895903 0.25508719 0.09789064 0.31475836 0.04380911 0.07105456 0.07366014 0.07707384 0.03978990
0.08682096 0.00476457 0.00059003 0.00678304 0.04239870 0.25218000 0.10211409 0.31486259 0.05281827 0.06381646 0.06987299 0.07642792 0.02605764
0.08689288 0.01275645 0.00178088 0.01281510 0.02618073 0.25094675 0.10328071 0.31503476 0.04915390 0.07090133 0.07754534 0.07570264 0.02971842
0.08777314 0.00302753 0.00123787 0.00406071 0.02617398 0.25225736 0.10212522 0.31535804 0.04751120 0.06966559 0.07518016 0.08209758 0.02827306
0.08746683 0.00782791 0.00077735 0.01252052 0.05206334 0.25037243 0.10308480 0.31479281 0.04724988 0.06811583 0.06680948 0.07985440 0.04525830
0.08622154 0.00358699 0.00333365 0.00334238 0.03374688 0.25340878 0.09586861 0.31444116 0.03523038 0.08474143 0.07410150 0.08436091 0.02967782
0.08369072 0.00580697 0.00168194 0.00775741 0.03842254 0.25202736 0.09935878 0.31390200 0.03757495 0.08774639 0.06422759 0.07765362 0.05124702
0.07982622 0.00357533 0.00163842 0.00423651 0.00806108 0.25297486 0.10616260 0.31312519 0.03307960 0.08715767 0.07162978 0.07828250 0.02839990
0.07966018 0.01094837 0.00169600 0.01264666 0.03850164 0.25441593 0.10340507 0.31427665 0.03555829 0.08102847 0.06650584 0.07880008 0.03601787
0.08174587 0.00420711 0.00174157 0.00547145 0.02634277 0.25176184 0.10153767 0.31295398 0.04208685 0.07755982 0.06707786 0.07774992 0.03524657
0.08597566 0.00324499 0.00164709 0.00315266 0.00398324 0.25551266 0.09214647 0.31250013 0.05049753 0.07491518 0.07187748 0.07636248 0.02840944
0.07285138 0.00221061 0.00133176 0.00242898 0.02858761 0.25247992 0.09028617 0.31276880 0.05889667 0.06325520 0.07429297 0.07534467 0.03922024
0.07441094 0.00789344 0.00198732 0.00668333 0.01324993 0.25366434 0.09537976 0.31248966 0.05170429 0.05955308 0.07195613 0.07788235 0.02474517
0.07249755 0.00136757 0.00117849 0.00036573 0.00144007 0.25325962 0.09213661 0.31123505 0.04904999 0.06213110 0.07619798 0.07890889 0.02372903
0.07334127 0.00196366 0.00166442 0.00025710 0.00161818 0.25356320 0.09289390 0.31109590 0.04699468 0.07027618 0.07022222 0.07875635 0.02398869
0.07558357 0.00175484 0.00111779 0.00154697 0.03389262 0.25285059 0.09626561 0.31177356 0.04470453 0.08250360 0.06360034 0.07475779 0.02413144
0.07728167 0.00163942 0.00086124 0.00279273 0.03067993 0.25491744 0.09628571 0.31269540 0.04035940 0.09287177 0.06508648 0.07648759 0.02472588
0.07712506 0.00738296 0.00085422 0.00978945 0.03252931 0.25186538 0.09427473 0.31212588 0.03874964 0.09362240 0.06388829 0.07634012 0.03522942
0.07620843 0.00238440 0.00072145 0.00426132 0.02049759 0.25471967 0.09296873 0.31375267 0.03947397 0.08609856 0.07227619 0.08389805 0.02872739
0.07533812 0.00343032 0.00138616 0.00520751 0.03039962 0.25249829 0.09632877 0.31179049 0.04927395 0.07677386 0.07245466 0.07511149 0.04464729
0.07504446 0.00399738 0.00089753 0.00252592 0.00496769 0.25763922 0.10501836 0.31309179 0.05709248 0.06323138 0.07432049 0.07716549 0.02726038
0.07277408 0.01170250 0.00099936 0.01237422 0.02941666 0.25429370 0.10219297 0.31322189 0.05560393 0.05440650 0.07770048 0.07887418 0.03142244
0.06800438 0.00423567 0.00223149 0.00571734 0.03639278 0.25675598 0.10167175 0.31260729 0.05656532 0.05187434 0.07806127 0.08016455 0.03609064
0.06653068 0.00309992 0.00169564 0.00303465 0.01959809 0.25708471 0.09779780 0.31212494 0.05215409 0.06574327 0.06737804 0.07804394 0.02945074
0.06529648 0.00340836 0.00144681 0.00291294 0.03506267 0.25480702 0.08975788 0.31069668 0.04059821 0.07811191 0.08390275 0.07829303 0.02839100
0.06643308 0.00214619 0.00111380 0.00076322 0.00243791 0.25269654 0.10255810 0.31094827 0.03967971 0.09155564 0.07420875 0.07603061 0.02634770
0.06641066 0.00227842 0.00093257 0.00070358 0.00190960 0.25415361 0.09220454 0.31227954 0.03614227 0.09447054 0.06585262 0.07703829 0.02681906
0.06664138 0.00233382 0.00107601 0.00044446 0.00186539 0.25285593 0.09815325 0.31289320 0.03670604 0.09515240 0.06125410 0.07446418 0.02430387
0.06611499 0.00475143 0.00064820 0.00604054 0.02716626 0.25350391 0.09595461 0.31332449 0.04061319 0.08882540 0.06386613 0.07549723 0.02439839
0.06593454 0.01336494 0.00051534 0.01341672 0.02658522 0.25287802 0.09441545 0.31465406 0.04397949 0.08042138 0.06981159 0.07445213 0.02506621
0.06566200 0.00522646 0.00064288 0.00468974 0.03152098 0.25375672 0.09357569 0.31361446 0.04865486 0.06497851 0.07948096 0.07794410 0.02422008
0.06641649 0.00413143 0.00050941 0.00181419 0.02335968 0.25348866 0.09267927 0.31290656 0.05840178 0.05174434 0.07352931 0.07794958 0.02504526
0.06567673 0.00316231 0.00048843 0.00314226 0.02151113 0.25403513 0.08696726 0.31381284 0.05738927 0.05082123 0.08465464 0.07842071 0.02607557
0.06515828 0.00828437 0.00080261 0.01063182 0.02708819 0.25246974 0.09412062 0.31250760 0.05426320 0.06173134 0.07559601 0.07752753 0.02402537
0.06493665 0.01030153 0.00136125 0.00854133 0.04021305 0.25330967 0.09432066 0.31200291 0.04563220 0.07253903 0.06902875 0.07798407 0.02362244
0.06641713 0.00384821 0.00422916 0.00534607 0.03580069 0.25274094 0.09033418 0.31161718 0.04173123 0.08369963 0.06532504 0.08265297 0.02430283
0.06760808 0.01344082 0.00116494 0.01567240 0.03989892 0.25114029 0.09032538 0.31142836 0.03905946 0.09017424 0.05620224 0.07615007 0.02373157
0.06832785 0.00482024 0.00297823 0.00530805 0.04957884 0.25012800 0.08742956 0.31103298 0.03197067 0.09810684 0.06353024 0.07722063 0.03412068
0.06885371 0.00802825 0.00169783 0.00671170 0.03126150 0.25046277 0.08917797 0.30990968 0.03644431 0.08970566 0.06632565 0.07584467 0.02727561
0.07055797 0.00758248 0.00157820 0.00747181 0.04055292 0.25187401 0.09256173 0.31038258 0.05236892 0.07261191 0.07427867 0.07792726 0.03395413
0.07039627 0.00913393 0.00109790 0.00957250 0.04055197 0.25069325 0.09124013 0.31004233 0.05595619 0.05606247 0.07932649 0.07954472 0.02693037
0.06907699 0.01244338 0.00072850 0.01657467 0.05876906 0.25249531 0.09540063 0.31073395 0.05471193 0.04950003 0.07497997 0.07904899 0.03463931
0.06773523 0.00556857 0.00325265 0.00690548 0.03052763 0.25135934 0.09672512 0.31035461 0.05573897 0.05794103 0.07463376 0.07824802 0.03093896
0.06670984 0.00555791 0.00121062 0.00713479 0.05863917 0.25326039 0.09675067 0.31152022 0.04498014 0.07201206 0.07570572 0.08060255 0.03501860
0.06665226 0.00529203 0.00096543 0.00530113 0.04172976 0.25219967 0.09729467 0.31157801 0.04662730 0.08715059 0.06625884 0.07697839 0.03000628
0.06646715 0.00518143 0.00087519 0.00658260 0.03734506 0.25529762 0.09918634 0.31165341 0.03732431 0.09545626 0.06264357 0.07748125 0.03808178
0.06917438 0.00373774 0.00215748 0.00412590 0.03020253 0.25415066 0.09858641 0.31245989 0.03142653 0.09707546 0.05996441 0.07584796 0.02637755
0.06838975 0.00345537 0.00191949 0.00365600 0.02089778 0.25606186 0.09639431 0.31164472 0.03822345 0.09044053 0.06868330 0.07489884 0.03522815
0.06789901 0.00580815 0.00227054 0.00725688 0.03201771 0.25411734 0.08912093 0.31271480 0.04642620 0.08447617 0.07789511 0.07840085 0.02680335
0.06776371 0.00738222 0.00126961 0.00766726 0.02742043 0.25524895 0.09641512 0.31136417 0.05036567 0.07189156 0.07570452 0.07679786 0.02684961
0.06722676 0.00654293 0.00097981 0.00699569 0.05424422 0.25311273 0.09422736 0.31004394 0.05770405 0.05406217 0.07491326 0.07889891 0.02727375
0.06629931 0.00606218 0.00144076 0.00727494 0.03575718 0.25362916 0.09264712 0.31019906 0.04989765 0.05351757 0.08485863 0.07821661 0.04276468
0.06607843 0.00515427 0.00081836 0.00670371 0.02011474 0.25216730 0.10143614 0.30970333 0.05374894 0.06505353 0.07239141 0.08052499 0.02517392
0.06638743 0.01204375 0.00092756 0.01203446 0.01224579 0.25222975 0.09157872 0.30838104 0.05067530 0.07972379 0.07245276 0.07693401 0.02696445
0.06598112 0.00514848 0.00135676 0.00426142 0.03568538 0.25230070 0.08742642 0.31032396 0.04293840 0.09347694 0.06399826 0.07407192 0.03609643
0.06485114 0.00263084 0.00076871 0.00398988 0.03560170 0.25170045 0.08689283 0.31100876 0.04766142 0.09783920 0.05494282 0.07448590 0.02395719
0.06320369 0.00257360 0.00076023 0.00258230 0.03126360 0.25206306 0.08479605 0.31057716 0.03506347 0.09533891 0.06694728 0.07418528 0.03837776
0.06182940 0.00227705 0.00117064 0.00113261 0.00226044 0.25336440 0.09105889 0.31147279 0.04800205 0.08860501 0.06185832 0.07676616 0.02158837
0.06243864 0.00181054 0.00170198 0.00022887 0.00099111 0.25184787 0.09367866 0.31025624 0.05366808 0.07718275 0.06602985 0.07733790 0.02126923
0.06562495 0.00556355 0.00144086 0.00674285 0.02423819 0.25308881 0.07895572 0.31172208 0.05413354 0.06380434 0.08653148 0.07892453 0.04081939
0.06666139 0.00581738 0.00227289 0.00481259 0.03633499 0.24994532 0.08628757 0.31239333 0.05806221 0.06275294 0.07894984 0.07766925 0.02641206
0.06749784 0.00624666 0.00063830 0.00611777 0.03527695 0.25147491 0.08748087 0.31017546 0.06065054 0.06144087 0.07355234 0.07899376 0.02711805
0.06774528 0.00250846 0.00056232 0.00203523 0.00237791 0.25025676 0.09181095 0.31052563 0.05223594 0.07589040 0.07646647 0.07810927 0.03131494
0.06685255 0.00458315 0.00053015 0.00319826 0.03353220 0.25078914 0.09362085 0.31060829 0.04988311 0.08699764 0.07284946 0.07840812 0.03347470
0.06615729 0.00433870 0.00065745 0.00421122 0.03944262 0.25161901 0.08795119 0.31003158 0.04482181 0.09463947 0.06604845 0.07417948 0.02399405
0.06488430 0.00217504 0.00080779 0.00510631 0.02077117 0.25010204 0.08317172 0.30960753 0.04337487 0.09593738 0.06965750 0.07612414 0.04021282
0.06227499 0.00284892 0.00138023 0.00515355 0.04436817 0.25115099 0.09191075 0.30993528 0.04590673 0.09366430 0.06276637 0.07527884 0.02217454
0.05917793 0.00327479 0.00133755 0.00105118 0.03048595 0.25218780 0.09004182 0.30968526 0.04581508 0.08487782 0.07594017 0.07728749 0.02736614
0.05728713 0.00234927 0.00139326 0.00421970 0.00562561 0.25017414 0.09128260 0.30876764 0.05110436 0.07689528 0.07615668 0.07578214 0.02815629
0.05717344 0.00264439 0.00166511 0.00210520 0.02691768 0.25225963 0.09184117 0.31045012 0.05538669 0.08053326 0.07557515 0.07812583 0.04455002
0.05726904 0.00436433 0.00116030 0.00745905 0.02612770 0.24924762 0.09289835 0.31089794 0.05717911 0.08280602 0.07997621 0.07854041 0.02456347
0.05517309 0.01032981 0.00140409 0.01085716 0.04477587 0.25346939 0.09163212 0.31147907 0.05557692 0.08620344 0.07568083 0.07879554 0.02452354
0.07098954 0.00734037 0.00152835 0.00451923 0.02826166 0.25238091 0.08959850 0.31348299 0.06081418 0.09698239 0.07088098 0.07683956 0.03778576
0.07443263 0.00244257 0.00187865 0.00379547 0.00496482 0.25550977 0.08832891 0.31227692 0.04460951 0.10568957 0.06760063 0.07229843 0.03964890
0.07707445 0.00186223 0.00084216 0.00193901 0.04509980 0.25568798 0.08789713 0.31304397 0.04724708 0.10158462 0.06569950 0.07388192 0.02703123
0.07672872 0.00332402 0.00210869 0.00406012 0.02570431 0.25588642 0.08599362 0.31225695 0.04569115 0.09469452 0.07123930 0.07488737 0.03403854
0.07627618 0.00274157 0.00108660 0.00372449 0.00425114 0.25579732 0.08976383 0.31015754 0.05388991 0.08577741 0.07012328 0.07705093 0.04320319
0.07668115 0.00356262 0.00058614 0.00380985 0.00617658 0.25381379 0.08749380 0.30957569 0.07019811 0.07624614 0.08171012 0.07661311 0.02552052
0.08987134 0.00351932 0.00206716 0.00048183 0.00350946 0.25623276 0.08773468 0.30808498 0.06189903 0.07006076 0.08057775 0.08014085 0.02826722
0.09210685 0.00840381 0.00279805 0.00602129 0.03119950 0.25390064 0.09380818 0.30985475 0.05684092 0.07303558 0.07510424 0.08143024 0.02579747
0.09332443 0.01003100 0.00156547 0.01066836 0.04495253 0.25492119 0.09160921 0.31170321 0.05314178 0.08250691 0.07445051 0.08115868 0.02379321
0.09287367 0.00429953 0.00136896 0.00481043 0.03783708 0.25310726 0.08738829 0.31107170 0.04803657 0.09864645 0.06600622 0.07749861 0.02700741
0.09248404 0.00671856 0.00140492 0.01031228 0.02929743 0.25296758 0.09461302 0.31087928 0.04211857 0.10025722 0.06618886 0.07255143 0.02273354
0.09503252 0.00804647 0.00095185 0.01055703 0.03012192 0.25335962 0.08695320 0.31187662 0.03868012 0.09442635 0.06868440 0.07302146 0.02489149
0.09482703 0.00344150 0.00122233 0.00245318 0.02593122 0.25380325 0.09337334 0.31290148 0.04786925 0.09047296 0.06298843 0.07732883 0.02358695
0.09102877 0.00856853 0.00087357 0.00857596 0.03328207 0.25257865 0.08647711 0.31215949 0.05262952 0.08081541 0.06605593 0.07527170 0.02414493
0.08792112 0.01176940 0.00157066 0.01109140 0.04001795 0.25390375 0.08665032 0.31274735 0.04909486 0.07290154 0.07145015 0.07765747 0.02514655
0.08354429 0.00455377 0.00170940 0.00571684 0.04281412 0.25180107 0.08736226 0.31289776 0.05455554 0.07730377 0.08136245 0.07818461 0.02470901
0.08299350 0.01070550 0.00146156 0.01227203 0.03801051 0.25150403 0.09484095 0.31383717 0.05458074 0.08189600 0.07905941 0.08013931 0.03599801
0.08568018 0.00564509 0.00284482 0.00603744 0.03348878 0.25025013 0.08799107 0.31364922 0.05650562 0.08698792 0.07588658 0.08143530 0.02560856
0.08930714 0.00404052 0.00266771 0.00506581 0.02683204 0.24960735 0.08911040 0.31395825 0.05174111 0.09463483 0.07261946 0.07594239 0.03346945
0.08973851 0.00207742 0.00152358 0.00229309 0.01832227 0.24999646 0.08457043 0.31303555 0.04530945 0.10255087 0.07531364 0.07502241 0.02428401
0.08770621 0.00261930 0.00122472 0.00295080 0.00390751 0.24677753 0.09455249 0.31256710 0.04642841 0.10676766 0.07135062 0.07404152 0.03209712
0.08513819 0.00292177 0.00136893 0.00397075 0.00626219 0.24953273 0.09951817 0.31297142 0.04762997 0.09778573 0.06767480 0.07701209 0.03822787
0.08578176 0.00232550 0.00197877 0.00302862 0.00402064 0.24825655 0.09183422 0.31190434 0.04914595 0.09392228 0.07435052 0.07683149 0.03240750
0.08749458 0.00470388 0.00103105 0.00357439 0.02546628 0.24926315 0.09260972 0.31192346 0.05547924 0.08293495 0.07022547 0.07925990 0.03464639
0.08872057 0.00460468 0.00064936 0.00354422 0.02431883 0.25091340 0.09384681 0.31095084 0.05360230 0.07906417 0.08112873 0.07745365 0.02533460
0.08776680 0.00825403 0.00061072 0.00938666 0.03005687 0.25160321 0.09182336 0.31248964 0.05788942 0.08127435 0.07426039 0.07821589 0.02505075
0.08540615 0.00779138 0.00098281 0.00708639 0.02987943 0.25198705 0.09358299 0.31216937 0.05656320 0.08539932 0.07470069 0.08077363 0.02474265
0.08313129 0.00408814 0.00103649 0.00278408 0.01881849 0.25409415 0.09982457 0.31387026 0.04906694 0.09159122 0.08047074 0.07571988 0.02689271
0.08325628 0.00165778 0.00106398 0.00061652 0.00109818 0.25467208 0.09860725 0.31429691 0.05034532 0.10420196 0.07340348 0.07537198 0.02601705
0.08376631 0.00267571 0.00360512 0.00068533 0.00188671 0.25580486 0.09395855 0.31402818 0.05716821 0.10405813 0.06928073 0.07364466 0.02241732
0.08444262 0.00270771 0.00123381 0.00059345 0.00510972 0.25366459 0.08966869 0.31252520 0.04989140 0.09677048 0.07370879 0.07404117 0.02407446
0.08422547 0.00237391 0.00109469 0.00143246 0.00218670 0.25749656 0.08987349 0.31172882 0.05123410 0.08906757 0.07010985 0.07528198 0.04544218
0.08332838 0.00240636 0.00087369 0.00317874 0.00480208 0.25423212 0.08908779 0.31051717 0.05239683 0.08624978 0.07336032 0.07441939 0.02424738
0.08288924 0.00867624 0.00087449 0.00815573 0.02910046 0.25655717 0.08749540 0.30988847 0.05187034 0.08231400 0.07841588 0.07810906 0.03231940
0.07504881 0.00527167 0.00158565 0.00635782 0.04056932 0.25728076 0.09148971 0.31184227 0.05412821 0.09053517 0.08530481 0.07996788 0.02667310
0.06945319 0.01146155 0.00092250 0.01094710 0.04178716 0.25438888 0.09384100 0.31147550 0.05413775 0.09109887 0.07567649 0.07997159 0.02615120
0.06915482 0.00744255 0.00084006 0.01137056 0.06330635 0.25388308 0.09102450 0.31253528 0.05016612 0.09202936 0.07251673 0.07824894 0.02288504
0.06987007 0.00406158 0.00101880 0.00527458 0.06661864 0.25223746 0.09122883 0.31277692 0.04890180 0.09480255 0.06927857 0.07572459 0.02417671
0.07102873 0.00535805 0.00090952 0.00782864 0.05892961 0.25049165 0.08890464 0.31258839 0.04627189 0.09411335 0.06796961 0.07361992 0.02491851
0.07148141 0.00732244 0.00058294 0.00574192 0.04225021 0.25262870 0.09413175 0.31407118 0.04786707 0.08872911 0.07532067 0.07975787 0.02685244
0.07069206 0.00431167 0.00176197 0.00281232 0.02669047 0.24799663 0.09902051 0.31321395 0.04944355 0.08531418 0.06917374 0.07566204 0.02745802
0.07008393 0.00487547 0.00105209 0.00190923 0.02389904 0.25140575 0.09421412 0.31432422 0.04775285 0.08315227 0.08229743 0.07737344 0.02850597
0.06930941 0.00822751 0.00218712 0.00906910 0.00787192 0.24859038 0.10723830 0.31262147 0.05293026 0.08419333 0.07000395 0.07521609 0.02752179
0.06876119 0.00565205 0.00149389 0.00755597 0.02516778 0.25349222 0.09796804 0.31508318 0.05255268 0.08577714 0.07843546 0.08194533 0.02565069
0.06885670 0.00225913 0.00084276 0.00064261 0.00134977 0.24901534 0.10212103 0.31260621 0.05140943 0.08607276 0.07520105 0.07710217 0.02620960
0.06851518 0.00867584 0.00151657 0.00845052 0.05601146 0.25043298 0.08858216 0.31335200 0.04846789 0.08872373 0.07178414 0.08201135 0.02465787
0.06887280 0.00415768 0.00147191 0.00180569 0.03193206 0.24956785 0.09409726 0.31307596 0.04674437 0.08599918 0.07770273 0.07475833 0.02762538
0.06904010 0.00476703 0.00113063 0.00458160 0.04529541 0.25075046 0.08692592 0.31214157 0.05474024 0.08646006 0.07896043 0.07778952 0.02175754
0.06839284 0.00317783 0.00138564 0.00467112 0.03312629 0.25574019 0.08987401 0.31286622 0.06166728 0.08929768 0.06975793 0.07716859 0.02090789
0.06801527 0.00771547 0.00077680 0.00689077 0.02993602 0.25268659 0.08513945 0.31123190 0.05038567 0.09130500 0.07625031 0.07570937 0.02318803
0.06731771 0.00608910 0.00078751 0.00617668 0.04235555 0.25746543 0.08328336 0.31195109 0.04595361 0.08963691 0.07113424 0.07529518 0.02139138
0.06710899 0.00532947 0.00059936 0.00595743 0.03384390 0.25585016 0.08411553 0.31294123 0.04747346 0.09021535 0.06924257 0.07493900 0.02954519
0.06670916 0.00821564 0.00076418 0.00769848 0.03300241 0.25659609 0.08480318 0.31460347 0.04900451 0.09236243 0.06749617 0.07514578 0.02288553
0.06590601 0.00777618 0.00082619 0.00384820 0.05105280 0.25722013 0.08157130 0.31533894 0.06299821 0.09583526 0.06852002 0.07690535 0.02161401
0.06487921 0.00678733 0.00131747 0.00698952 0.05173294 0.25811304 0.09219415 0.31602540 0.05198187 0.09409676 0.07149791 0.07483715 0.03572107
0.06944526 0.00876398 0.00230050 0.00957890 0.04822407 0.25762282 0.08027590 0.31592163 0.04971550 0.08975408 0.08598480 0.07457188 0.03421253
0.06906525 0.00308278 0.00110348 0.00477675 0.03458782 0.25956513 0.08417773 0.31639764 0.05490967 0.08432952 0.06704480 0.07571521 0.04647813
0.06925381 0.00791790 0.00173799 0.00732814 0.06357336 0.25591301 0.07512462 0.31588241 0.05195163 0.08430178 0.08525627 0.08114096 0.02551874
0.07004331 0.00437363 0.00165905 0.00485632 0.04053509 0.25829056 0.08243401 0.31543161 0.05560031 0.09039856 0.07602985 0.07825251 0.04145848
0.07082367 0.00316647 0.00120720 0.00579421 0.03305097 0.25537289 0.09048041 0.31167452 0.05949363 0.09393373 0.06921302 0.07558236 0.03197162
0.07229907 0.00810927 0.00063808 0.00887701 0.06358395 0.25485435 0.07802733 0.31340307 0.05454672 0.09410719 0.07811091 0.07611514 0.03345500
0.07254730 0.01002248 0.00077386 0.01036921 0.04915486 0.25380411 0.08144120 0.31354012 0.05246659 0.09328350 0.06547716 0.08523558 0.04412574
0.07269395 0.01042068 0.00158773 0.01377378 0.03838811 0.25356625 0.07763369 0.31165110 0.05021722 0.10557820 0.06795699 0.07726391 0.03375653
0.07224160 0.01148782 0.00111859 0.01119088 0.04774290 0.25442988 0.08378699 0.31235045 0.04707379 0.09961638 0.07450881 0.07734665 0.02481047
0.07237225 0.00859718 0.00112778 0.00870486 0.03375609 0.25614428 0.08398684 0.31392579 0.05595620 0.08820906 0.07531292 0.07513196 0.02663890
0.07208405 0.00629997 0.00116304 0.00753820 0.02738055 0.25391064 0.09425846 0.31558634 0.06144368 0.07590107 0.07604751 0.07741070 0.02458779
0.07043056 0.00510710 0.00131480 0.00733743 0.05573753 0.25377142 0.09917538 0.31607686 0.06050386 0.06917677 0.07844506 0.07811824 0.02341436
0.06928097 0.01177789 0.00092378 0.01247341 0.06260747 0.25034787 0.09533749 0.31726973 0.05639047 0.07950041 0.07937367 0.07964484 0.02663052
0.06915378 0.01042680 0.00284624 0.01138046 0.07043628 0.25188891 0.08650452 0.31763465 0.05524060 0.09136292 0.07897742 0.07880834 0.05252507
0.07035614 0.00910021 0.00162507 0.00889120 0.05159003 0.24858854 0.09744511 0.31427204 0.04883319 0.09180893 0.07435294 0.07924804 0.03442362
0.06981358 0.00609835 0.00127836 0.00710380 0.05047338 0.25120045 0.10090983 0.31427661 0.05169709 0.09248074 0.07415643 0.07947661 0.03379954
0.06692095 0.00889992 0.00118315 0.00686601 0.03927060 0.24865528 0.10043586 0.31130136 0.06115208 0.09137347 0.06750519 0.07797969 0.04233236
0.06859591 0.00472044 0.00083665 0.00527207 0.04759038 0.25163459 0.09106464 0.31123871 0.06906020 0.08719660 0.06996083 0.07895687 0.02353493
0.06964165 0.01033553 0.00173809 0.00912219 0.03772848 0.25356297 0.08984546 0.31081123 0.05026553 0.08114870 0.07876012 0.07715335 0.03501207
0.06892939 0.01067293 0.00076207 0.01153351 0.05417919 0.25123062 0.08471605 0.30968746 0.05330208 0.07502452 0.08263443 0.07927240 0.02268448
0.06848777 0.01434407 0.00163731 0.01487327 0.05658369 0.25477613 0.09532809 0.31101429 0.05410610 0.08333533 0.07136767 0.07645790 0.02931823
0.06716763 0.00351946 0.00187981 0.00404788 0.03072745 0.25198437 0.09420308 0.30981106 0.04797519 0.08379897 0.07367434 0.07781428 0.03942488
0.06686129 0.00539390 0.00105156 0.00483690 0.04396919 0.25414368 0.08704167 0.31063252 0.05866556 0.08641053 0.07264022 0.07796312 0.02683626
0.06676555 0.00650165 0.00089485 0.00439242 0.04279838 0.25433263 0.08789551 0.31229542 0.05048694 0.08688267 0.06595922 0.07908580 0.02611796
0.06512788 0.00197561 0.00098756 0.00135994 0.02764209 0.25576432 0.08622363 0.31005582 0.04398784 0.08606483 0.06824282 0.07547628 0.02851654
0.06362824 0.00233608 0.00088277 0.00372787 0.02455665 0.25798056 0.08421542 0.31124037 0.04408162 0.08645119 0.06707047 0.07591355 0.02460094
0.06235584 0.00175631 0.00099955 0.00141857 0.00282895 0.25591847 0.09567842 0.31174368 0.04532999 0.08799196 0.07292801 0.07390603 0.02513352
0.06183960 0.00141320 0.00123053 0.00066806 0.00108420 0.25807400 0.08751826 0.31128321 0.04680009 0.08548004 0.07102443 0.07374069 0.02273948
0.06144936 0.00533651 0.00101117 0.00641344 0.03881952 0.25697725 0.08101331 0.31186000 0.05058597 0.07943261 0.06770117 0.07427382 0.02267603
0.06065570 0.00289090 0.00097032 0.00321605 0.02741852 0.25663648 0.08392494 0.31214972 0.05189404 0.07437744 0.07459489 0.07628858 0.03391839
0.05959629 0.00619588 0.00078897 0.00334236 0.04448440 0.25711964 0.08325401 0.31135187 0.05449838 0.07474048 0.06986666 0.07646745 0.02225787
0.05930549 0.00595443 0.00083635 0.00624568 0.04091798 0.25427139 0.08604332 0.30979954 0.05081896 0.08159603 0.07481990 0.07609971 0.02231657
0.05940551 0.01017804 0.00137810 0.00842456 0.01172456 0.25788456 0.09467859 0.30849626 0.04441105 0.08679758 0.06787705 0.07521449 0.02446112
0.05902945 0.00241524 0.00094753 0.00065577 0.00457307 0.25634937 0.09511826 0.31048616 0.04218915 0.08654606 0.06842572 0.07501412 0.02245043
0.05877068 0.00289197 0.00071078 0.00056138 0.00249780 0.25703485 0.08867684 0.31110943 0.05630784 0.08437992 0.06562275 0.07624613 0.02365776
0.05847978 0.00253005 0.00051527 0.00041184 0.00245341 0.25528509 0.08956220 0.31185922 0.04749276 0.08371197 0.06911221 0.07427877 0.02504174
0.05844959 0.00146529 0.00046577 0.00040055 0.00376537 0.25616012 0.08894796 0.31304203 0.04627570 0.08438123 0.07190323 0.07218909 0.02465634
0.05883336 0.00229168 0.00043215 0.00067163 0.00292411 0.25498908 0.09526754 0.31453257 0.04516350 0.08386372 0.07430852 0.07411857 0.02365060
0.06159442 0.00267486 0.00045252 0.00033437 0.00358737 0.25578679 0.09629652 0.31477663 0.05016304 0.07925365 0.07047042 0.07462609 0.02327367
0.05808929 0.00755320 0.00041096 0.00731683 0.05715070 0.25450327 0.09281673 0.31559686 0.05417629 0.06657146 0.07553509 0.07673558 0.03927014
0.05784852 0.00580945 0.00073670 0.00530182 0.04840383 0.25470088 0.09871873 0.31588785 0.05869883 0.06728252 0.07479040 0.07574526 0.02829561
0.05616056 0.00405317 0.00047099 0.00496850 0.03479603 0.25267792 0.10279314 0.31405481 0.04988982 0.07059576 0.07482258 0.07783150 0.03617032
0.05666979 0.00496470 0.00341118 0.00519956 0.04496183 0.25296246 0.10302865 0.31281580 0.04922000 0.07701831 0.07389316 0.07757256 0.02540100
0.05741405 0.00585615 0.00337746 0.00304808 0.02707595 0.24876808 0.09425685 0.31101194 0.05050858 0.09627456 0.07227696 0.08114153 0.02805341
0.05864140 0.00758471 0.00167320 0.00889521 0.03995931 0.25007273 0.09707587 0.31170156 0.04962508 0.08745148 0.06904096 0.08203172 0.02720976
0.06095823 0.00751414 0.00103820 0.00958178 0.03320191 0.25081871 0.09556035 0.30928907 0.04433245 0.07892423 0.08029515 0.07651201 0.02823878
0.06389627 0.00572511 0.00105284 0.00452573 0.04540103 0.25082479 0.09391371 0.31035696 0.04862348 0.07994437 0.07028735 0.07866283 0.02463604
0.06504501 0.00228853 0.00139685 0.00057326 0.00664379 0.25468109 0.08849711 0.30890338 0.04845851 0.08449741 0.06823741 0.07777706 0.02333567
0.07310846 0.00815515 0.00073279 0.00939958 0.00945820 0.25607509 0.08739196 0.31147733 0.04682068 0.09278746 0.07157827 0.07532227 0.02254326
0.07389587 0.00191081 0.00093062 0.00070507 0.00374556 0.25660247 0.08654695 0.31105314 0.04904584 0.08867189 0.06853895 0.07533419 0.02227671
0.07796393 0.00309757 0.00186626 0.00048162 0.00389582 0.25776891 0.09175653 0.31278222 0.04801882 0.09100422 0.07164389 0.07586292 0.02205458
0.07648657 0.00238336 0.00100910 0.00119172 0.00296939 0.25734365 0.08795494 0.31435052 0.05125079 0.08266990 0.07282734 0.07698078 0.03249194
0.07520678 0.00205743 0.00112639 0.00268065 0.00268659 0.25930717 0.08164296 0.31434141 0.05931351 0.07709827 0.07636058 0.08007018 0.02842290
0.07376109 0.00140341 0.00177594 0.00285489 0.00287746 0.25718824 0.08511399 0.31398122 0.05515591 0.07496218 0.07323384 0.07432505 0.02613663
0.07297536 0.00185643 0.00153171 0.00097121 0.03047887 0.25885924 0.07832744 0.31229558 0.04324946 0.07563928 0.07201261 0.07297202 0.03311426
0.07136308 0.00613705 0.00125894 0.00625122 0.04576918 0.25773310 0.09103454 0.31319400 0.04575344 0.07994834 0.05950360 0.07374307 0.01968152
0.07082966 0.00811743 0.00101989 0.01128668 0.03361927 0.25654436 0.07841720 0.31121443 0.04560022 0.08644186 0.06929616 0.07473798 0.02996022
0.06979827 0.00326598 0.00110962 0.00205602 0.00345618 0.25577000 0.08530631 0.30862457 0.05142333 0.09096227 0.06632834 0.07552995 0.03225474
0.06834099 0.00634768 0.00079955 0.00661922 0.03106157 0.25555974 0.08418220 0.30968555 0.05003547 0.08579583 0.07289867 0.07462343 0.02571442
0.06842855 0.00775860 0.00063522 0.01069853 0.03876998 0.25408679 0.09014034 0.31009094 0.04502510 0.07059907 0.07294059 0.07790134 0.04059363
0.06866196 0.00659252 0.00062740 0.00469684 0.03932372 0.25710723 0.09364544 0.31141590 0.04565262 0.06592413 0.07803300 0.07663859 0.04337429
0.06894466 0.00458858 0.00052026 0.00407927 0.02935279 0.25371183 0.09848727 0.31253854 0.05198659 0.06766248 0.07360384 0.07836146 0.02586458
0.05846448 0.00774820 0.00115203 0.00751409 0.02894046 0.25606012 0.09727432 0.31223292 0.05410874 0.07798333 0.07657867 0.07504671 0.02225912
0.05775144 0.00412616 0.00063637 0.00552452 0.03478332 0.25410554 0.09813850 0.31456209 0.04874958 0.07860986 0.06461309 0.07439231 0.02414479
0.05715939 0.00677108 0.00111395 0.00416198 0.02799831 0.25456069 0.08950729 0.31330450 0.04993713 0.08086928 0.06935905 0.07619313 0.03586967
0.05653496 0.01026251 0.00104971 0.01061085 0.01517764 0.25621868 0.08958370 0.31542851 0.04565537 0.08137930 0.06441380 0.07643664 0.02565570
0.05613481 0.00202857 0.00074791 0.00236746 0.02474612 0.25529436 0.09206116 0.31430505 0.05191513 0.08556905 0.06907136 0.08166729 0.02491868
0.05583259 0.00210224 0.00124201 0.00207007 0.00411035 0.25689854 0.09314544 0.31283594 0.04384639 0.08614965 0.07330269 0.07484404 0.02705949
0.05614005 0.00406680 0.00073884 0.00553042 0.02600746 0.25591534 0.09373356 0.31281017 0.04570373 0.07957065 0.06953220 0.07690235 0.03595932
0.05686146 0.00585809 0.00088448 0.00499390 0.01826429 0.25852379 0.09357005 0.31241904 0.04641146 0.07004662 0.07047102 0.07922164 0.02543068
0.05677667 0.00543911 0.00069687 0.00579616 0.03099612 0.25918798 0.08726852 0.31118043 0.04494587 0.07095903 0.07464918 0.07480899 0.03197826
0.05601641 0.00305351 0.00144019 0.00219450 0.02350315 0.26119334 0.08797650 0.31015930 0.04939441 0.06853909 0.06463617 0.08153957 0.02511251
0.05516320 0.00544339 0.00114129 0.00402440 0.02325008 0.26384044 0.09532893 0.30904855 0.03961790 0.07117070 0.06487722 0.07341014 0.02213655
0.05452775 0.00376182 0.00124444 0.00467241 0.05205330 0.26391835 0.08171558 0.31012897 0.03919384 0.06884037 0.06429163 0.07568437 0.02447924
0.05449509 0.00391508 0.00080105 0.00351319 0.03108460 0.26313440 0.08345566 0.30917984 0.03991127 0.07111102 0.05552909 0.07437004 0.03322916
0.05315408 0.00488978 0.00067906 0.00481162 0.02906423 0.26531493 0.07974685 0.30896127 0.03669448 0.07178479 0.06618001 0.07274340 0.02253944
0.05253868 0.00267735 0.00074346 0.00268882 0.03739281 0.26241636 0.08273710 0.31032677 0.04191358 0.07190054 0.06071465 0.07349300 0.03277359
0.05199543 0.00270871 0.00102609 0.00241782 0.02777823 0.26224719 0.08659163 0.31057172 0.04178735 0.07106743 0.06653789 0.07411200 0.02312191
0.05135892 0.00137987 0.00085704 0.00053817 0.00080343 0.25894452 0.08642771 0.31044046 0.04340292 0.06577225 0.06557313 0.07489548 0.02329101
0.05093363 0.00114384 0.00073477 0.00084354 0.04299818 0.26064955 0.08318457 0.31144851 0.04083380 0.06484660 0.06688444 0.07395559 0.02321844
0.05067159 0.00867176 0.00058097 0.00779976 0.03721035 0.25768227 0.09142270 0.31281323 0.04014752 0.06638503 0.06359442 0.07161886 0.02286243
0.05058170 0.00353529 0.00046792 0.00423255 0.02035927 0.25924851 0.08548904 0.31220093 0.04432823 0.06870111 0.06773146 0.07116160 0.03586080
0.05020583 0.00272562 0.00045241 0.00219673 0.00255416 0.25708212 0.08772249 0.31017209 0.04982517 0.06747181 0.06379907 0.07332431 0.02130792
0.04966575 0.00137128 0.00105243 0.00161268 0.00234417 0.26018491 0.07885744 0.31124173 0.04083872 0.05796896 0.06621020 0.07403227 0.03250488
0.04904864 0.00126929 0.00063052 0.00193597 0.00168778 0.25713484 0.08811503 0.30723277 0.04322883 0.05979468 0.05946286 0.07385899 0.02093858
0.04870879 0.01325522 0.00059514 0.01359817 0.03726280 0.25968190 0.08393621 0.30758077 0.03784118 0.06662431 0.06310429 0.07251042 0.03790526
0.04857289 0.00554389 0.00047035 0.00433579 0.03008391 0.25592005 0.08737952 0.30751289 0.04125516 0.07341705 0.06881408 0.07591559 0.02743579
0.04857025 0.00376336 0.00066537 0.00478757 0.03085195 0.26102125 0.09184205 0.30738666 0.03658247 0.07331287 0.06472443 0.07579004 0.02347586
0.04822627 0.00384345 0.00065870 0.00373601 0.04760904 0.25802013 0.08928850 0.30880379 0.04181019 0.06310311 0.06257247 0.07411667 0.02484064
0.04799240 0.00572229 0.00063765 0.00450425 0.03167205 0.26173065 0.09000575 0.30990090 0.05809856 0.06202485 0.06621738 0.07246978 0.02303904
0.04772227 0.00316719 0.00090734 0.00409283 0.00535033 0.25913621 0.08586530 0.31079540 0.04178155 0.06149098 0.06340277 0.07173738 0.03738334
0.04891745 0.00863929 0.00065251 0.00791906 0.03643383 0.25979447 0.08675834 0.31337382 0.03861267 0.06367157 0.06896303 0.07398541 0.02655327
0.04745584 0.00515429 0.00128925 0.00476841 0.04837023 0.26153370 0.09121565 0.31232716 0.05065052 0.05201873 0.06990039 0.07433382 0.03454031
0.04762213 0.00248853 0.00151093 0.00081437 0.00329103 0.26116032 0.09150388 0.31203883 0.05058377 0.05194205 0.06740017 0.07500352 0.02409730
0.04764702 0.00540449 0.00176686 0.00452796 0.02286320 0.26342109 0.08243843 0.31101171 0.04742320 0.05362425 0.07263703 0.07406278 0.02428612
0.04914635 0.00823257 0.00098500 0.01050251 0.03891852 0.26167684 0.08339870 0.31056361 0.04344502 0.06272601 0.05719689 0.07439914 0.02585148
0.05069172 0.00378998 0.00099198 0.00602591 0.02474714 0.26241456 0.08403101 0.30937533 0.03372077 0.07275907 0.06928262 0.07456192 0.02434315
0.05092593 0.00264216 0.00055983 0.00131339 0.02184106 0.26113627 0.09836006 0.30846586 0.03943633 0.07626460 0.05066132 0.07580656 0.02302943
0.05041318 0.00703779 0.00061700 0.00998449 0.01962318 0.26198729 0.08348862 0.30852906 0.03650124 0.07578993 0.06355892 0.07264399 0.03156220
0.05062480 0.01016679 0.00065317 0.01160651 0.01731755 0.26267762 0.08439388 0.30849486 0.04413644 0.07243397 0.06064451 0.07130300 0.02318607
0.04838412 0.00729024 0.00132329 0.00868335 0.03583575 0.26204692 0.07697962 0.30901944 0.04014473 0.07762814 0.05716427 0.07468561 0.05100839
0.05001417 0.00675543 0.00154286 0.01052198 0.04447784 0.26152137 0.08345834 0.31041925 0.03405415 0.07254969 0.05895788 0.07458532 0.02125109
0.04952300 0.01256050 0.00092261 0.01227741 0.05982175 0.26076238 0.07844925 0.30907782 0.03672907 0.06096393 0.06370697 0.07549951 0.03448552
0.04957379 0.00959603 0.00132412 0.01098681 0.05517114 0.26008219 0.08902731 0.31029168 0.04290071 0.05268321 0.05613435 0.07498451 0.03709959
0.04934221 0.00592816 0.00299504 0.00765648 0.06067382 0.25900532 0.08139490 0.31030151 0.04680322 0.04873926 0.06786187 0.07637018 0.02788918
0.04953363 0.00518975 0.00100896 0.00623172 0.04212845 0.25498548 0.09277104 0.31036212 0.04922239 0.05228754 0.06371945 0.07711830 0.02503627
0.04799263 0.00465977 0.00096913 0.00672553 0.03531512 0.25806686 0.08198675 0.31079454 0.03973857 0.05619059 0.07382679 0.07464963 0.02805320
0.04733580 0.00231858 0.00147210 0.00371755 0.00259917 0.25551312 0.09415161 0.31034777 0.04452520 0.06465378 0.06030838 0.07401160 0.04207001
0.04694319 0.01229222 0.00079122 0.01266575 0.03533477 0.25371470 0.08761248 0.31164529 0.03798445 0.07163114 0.06798591 0.07413548 0.02622321
0.04646032 0.01272540 0.00069672 0.01292313 0.03111116 0.25151295 0.09336804 0.31067488 0.03096615 0.07561480 0.05808747 0.07471791 0.02886856
0.04564575 0.00502197 0.00399582 0.00335627 0.03754456 0.25269862 0.08822934 0.31039590 0.02985919 0.07261618 0.06139968 0.07673208 0.02491339
0.04495683 0.00433077 0.00120271 0.00351945 0.02658214 0.25242146 0.10025784 0.30861346 0.03412069 0.07027023 0.05483777 0.07499170 0.02238623
0.04416306 0.00546946 0.00087315 0.00830244 0.02244887 0.25167602 0.09001016 0.30724501 0.03550802 0.06776827 0.06649525 0.07456582 0.02347103
0.04404864 0.00702839 0.00069931 0.01049034 0.02033648 0.25370137 0.08458990 0.30864582 0.04712602 0.06049875 0.06733763 0.07342243 0.04252387
0.04365061 0.00197732 0.00060905 0.00106422 0.02330525 0.25340007 0.09113391 0.30774740 0.04402629 0.06669147 0.06380865 0.07729079 0.02507505
0.04406836 0.00430427 0.00112898 0.00438183 0.03077256 0.25425344 0.08548508 0.30886513 0.04602759 0.06051874 0.07724736 0.07574040 0.02266017
0.04681737 0.00605638 0.00194581 0.00643467 0.04543452 0.25700925 0.09308895 0.31149082 0.05813084 0.05890257 0.06211688 0.07674226 0.02377875
0.04901353 0.00595682 0.00098902 0.00594089 0.04221985 0.25533729 0.08809597 0.30934311 0.04218109 0.06279166 0.07300717 0.07610145 0.02443218
0.05068130 0.00256002 0.00295684 0.00520047 0.02739349 0.25865983 0.09267648 0.31340647 0.03960825 0.07649779 0.06362400 0.07465499 0.02683490
0.05117806 0.00344690 0.00115919 0.00539103 0.02929886 0.25890188 0.08803873 0.31100886 0.03550875 0.07826264 0.06050415 0.07472758 0.03497030
0.04985304 0.00504627 0.00101151 0.00631977 0.02921875 0.26064242 0.08668383 0.31301919 0.03150951 0.07924022 0.06553382 0.07432707 0.02935485
0.05017537 0.00467196 0.00098348 0.00759598 0.03020463 0.26166173 0.08565188 0.31109801 0.04040716 0.07507570 0.05499470 0.07324842 0.03979321
0.05155689 0.00838991 0.00103517 0.00852191 0.03687830 0.25996307 0.08810275 0.30886098 0.03639954 0.07762127 0.06315621 0.07367844 0.02546985
0.05258469 0.00569804 0.00092234 0.00731109 0.04483560 0.26135725 0.08224855 0.30967870 0.03876807 0.06895307 0.07577630 0.07520292 0.02471148
0.05133061 0.00288456 0.00078744 0.00219455 0.02233570 0.26427296 0.10206907 0.30783902 0.04897978 0.05867604 0.05726125 0.07682057 0.02479915
0.04951335 0.00978489 0.00076842 0.00831797 0.01525399 0.26267190 0.08675205 0.30762305 0.04061807 0.05219806 0.09125099 0.07575704 0.02412426
0.04723690 0.00195695 0.00071559 0.00124917 0.00159055 0.26561034 0.10037454 0.30772819 0.04949115 0.05794843 0.05932823 0.07329333 0.02378578
0.04580246 0.00211362 0.00173870 0.00050338 0.00138827 0.26345363 0.08611369 0.30697474 0.04213240 0.07100286 0.06641752 0.07497547 0.02388389
0.04466809 0.00211528 0.00119771 0.00032896 0.00147520 0.26381019 0.08879556 0.30944787 0.03243531 0.08094184 0.05618652 0.07234792 0.02244987
0.04463290 0.00254633 0.00187084 0.00033389 0.00147120 0.26413296 0.08622825 0.30917136 0.03713376 0.08163369 0.05273056 0.07491896 0.02458802
0.04429195 0.00733687 0.00176598 0.00629218 0.01461921 0.26199457 0.09010944 0.31047928 0.03144430 0.08254796 0.06156334 0.06978222 0.02564060
0.04459101 0.00682358 0.00395123 0.00800735 0.01625463 0.26177763 0.09245696 0.31196843 0.03336119 0.07383973 0.06560172 0.07428449 0.02550483
0.04484612 0.00241157 0.00170682 0.00342710 0.00263938 0.25903568 0.10353706 0.31101520 0.04620546 0.06242687 0.06428843 0.07625622 0.03220863
0.04535963 0.00603752 0.00168542 0.01023480 0.01973892 0.25752591 0.10400338 0.31357506 0.04519926 0.05342400 0.07202940 0.07691298 0.02864694
0.04684935 0.00221044 0.00089148 0.00419095 0.00311051 0.25592668 0.09557771 0.31065349 0.04616072 0.05344101 0.07226997 0.07528114 0.03660668
0.04828997 0.00890525 0.00111147 0.01361047 0.03203182 0.25193005 0.09351954 0.31003794 0.04356022 0.05670491 0.06515988 0.07632737 0.04115623
0.04847568 0.00260107 0.00071366 0.00195541 0.03980251 0.25243871 0.08522316 0.30916841 0.03479869 0.06138401 0.07383040 0.07698668 0.02824919
0.03677692 0.00813858 0.00066710 0.00789796 0.03416637 0.25031722 0.09254605 0.30836450 0.03908561 0.06856437 0.05252459 0.07625371 0.03084562
0.03627165 0.00319324 0.00064705 0.00365606 0.03761717 0.25026884 0.09451271 0.30857299 0.03456250 0.07196962 0.06235354 0.07622325 0.02629872
0.03481842 0.01221597 0.00240783 0.01360898 0.03701889 0.24927823 0.09355169 0.30705392 0.03385444 0.07272827 0.05888707 0.07612098 0.02394189
0.03249913 0.00735962 0.00148199 0.00653459 0.02706556 0.25002310 0.08720638 0.30716800 0.03475882 0.07889866 0.05851697 0.07694966 0.02589161
0.02979091 0.00333914 0.00126877 0.00379899 0.02872510 0.25088098 0.08915347 0.30849027 0.03572240 0.06998592 0.06160146 0.07833352 0.02220471
0.02814234 0.00406015 0.00101775 0.00494159 0.03393174 0.25296818 0.07835675 0.30687844 0.04195381 0.06268859 0.06906569 0.07961689 0.02337039
0.02727670 0.00368410 0.00082733 0.00304433 0.04023114 0.25216502 0.09932781 0.30967109 0.04855377 0.05686675 0.06072175 0.07488544 0.02427297
0.02664645 0.00444092 0.00086146 0.00401741 0.02413533 0.25512224 0.09045153 0.30967751 0.05144031 0.05334079 0.08295825 0.07636550 0.02501848
0.02604813 0.00230666 0.00083773 0.00235822 0.02052594 0.25439925 0.09764711 0.31133587 0.04975055 0.05304915 0.05982659 0.07704955 0.02272565
0.02125956 0.00726818 0.00091993 0.00830220 0.03711035 0.25597626 0.09119962 0.31028982 0.04076016 0.05884255 0.07166107 0.07777373 0.02703776
0.02177643 0.00605602 0.00063942 0.01049081 0.03811696 0.25621595 0.08743077 0.31047173 0.03837152 0.06934369 0.06324220 0.07283620 0.03381321
0.02218655 0.00526416 0.00080870 0.00738259 0.03571206 0.25844943 0.08794251 0.30958372 0.05406152 0.07083293 0.05551867 0.07346302 0.04430684
0.02238099 0.00374539 0.00123443 0.00484637 0.03968467 0.26095805 0.09052719 0.30908680 0.03289108 0.08307286 0.05935700 0.07534482 0.04282537
0.02182158 0.00566071 0.00073339 0.00559000 0.03016882 0.25828017 0.08737415 0.30763919 0.03138270 0.07485563 0.06632719 0.07439586 0.02538549
0.02174420 0.00412270 0.00050338 0.00142548 0.01864530 0.26079071 0.09725800 0.30627646 0.03758568 0.06865003 0.06238806 0.07578693 0.02899511
0.02274467 0.00286339 0.00077968 0.00447227 0.01809099 0.25958321 0.09512430 0.30661961 0.03755010 0.07354153 0.07571269 0.07663023 0.03961554
0.02273669 0.00695805 0.00097756 0.00680724 0.01771140 0.25879503 0.09872597 0.30679677 0.04680434 0.07826549 0.06752314 0.07537985 0.02552412
0.02202675 0.00314600 0.00084118 0.00423777 0.00594102 0.26119168 0.09590809 0.30811105 0.04984770 0.06386778 0.06799802 0.07778438 0.02675389
0.02157786 0.00188842 0.00050840 0.00185987 0.00275756 0.25647111 0.10036303 0.30884527 0.04383531 0.05598555 0.07604686 0.07531470 0.03351746
0.02160666 0.00571959 0.00115208 0.00655550 0.02088794 0.26126601 0.09825168 0.31137198 0.04770684 0.06022020 0.06526064 0.07728072 0.02699556
0.02181063 0.00354681 0.00133540 0.00379164 0.03352716 0.25495369 0.09831164 0.31091426 0.05610228 0.07147270 0.07659210 0.07306296 0.02694188
0.02176697 0.00208973 0.00151340 0.00072464 0.00087286 0.25782416 0.10181225 0.31445699 0.04710793 0.08068647 0.06545453 0.08061575 0.02757425
0.02325171 0.00167028 0.00108328 0.00079972 0.00130987 0.25220917 0.09869611 0.31143192 0.04546103 0.08533350 0.07302426 0.07663642 0.02625342
0.02594482 0.00629751 0.00198312 0.00566015 0.02975193 0.25257252 0.09909356 0.31285891 0.04821043 0.09152932 0.06615271 0.07604173 0.02662866
0.02763215 0.00860201 0.00087787 0.01162424 0.03168790 0.25043860 0.09376496 0.31100910 0.04350594 0.08987283 0.06645683 0.07387755 0.02645817
0.02787821 0.00304049 0.00056542 0.00387786 0.03509227 0.24997834 0.09859471 0.31069394 0.04117074 0.08502148 0.06856563 0.07620978 0.02584972
0.02719185 0.00763843 0.00043310 0.00171496 0.02477095 0.24770569 0.09316270 0.31027804 0.05830050 0.07615905 0.07336195 0.07783665 0.02458286
0.02640330 0.00548815 0.00054134 0.00465439 0.03030812 0.25115095 0.09218063 0.30944484 0.05227518 0.06558830 0.06488749 0.07839899 0.02368741
0.02575108 0.00274987 0.00252151 0.00243039 0.03591351 0.24676823 0.09650708 0.30955430 0.04389491 0.07252249 0.07671161 0.07568730 0.02528110
0.02511880 0.00462124 0.00120194 0.00717451 0.03536413 0.24783753 0.09232386 0.30908909 0.05093189 0.07195787 0.06571277 0.07657578 0.02324009
0.02489846 0.00891728 0.00132751 0.01258663 0.03778686 0.24629932 0.08609500 0.31128247 0.06053610 0.08277712 0.07022113 0.07928658 0.02308596
0.02516967 0.00500214 0.00147018 0.00580460 0.03842891 0.24741848 0.08572069 0.31232935 0.04586214 0.09099617 0.07778122 0.07760127 0.02643408
0.02551222 0.00676638 0.00106574 0.00676417 0.04726813 0.24839116 0.08939088 0.31209833 0.04586999 0.08798270 0.06429428 0.07732168 0.02375019
0.02575840 0.00687013 0.00146365 0.00548565 0.04017072 0.25133878 0.09244691 0.31319708 0.04075907 0.08339576 0.07369855 0.07577788 0.02259841
0.02585814 0.00384413 0.00055577 0.00470528 0.04824622 0.25064117 0.08767065 0.31267491 0.04688115 0.08129318 0.06437709 0.07597378 0.03597488
0.02544443 0.00600183 0.00054898 0.00842172 0.04405432 0.25330762 0.08415425 0.31300026 0.05764979 0.08281826 0.07421819 0.07697229 0.02672625
0.02440534 0.00643256 0.00051410 0.00812492 0.04620522 0.25273593 0.08422927 0.31420350 0.05466161 0.07958448 0.06985019 0.07698572 0.04176188
0.02264420 0.00428662 0.00075254 0.00706827 0.04075659 0.25601192 0.08622810 0.31211361 0.04745797 0.07589182 0.07312289 0.07721688 0.02589325
0.02072367 0.00138986 0.00208957 0.00741884 0.00427855 0.25601769 0.09029760 0.31200900 0.04567984 0.07652006 0.06791293 0.07313562 0.04286753
0.02010034 0.00199762 0.00080977 0.00152861 0.00231430 0.25710872 0.09122178 0.31178842 0.04725432 0.07965622 0.07637297 0.08009716 0.02251381
0.02153542 0.00211034 0.00106051 0.00309515 0.05100269 0.25569231 0.08890641 0.31069406 0.05316487 0.09264965 0.06523753 0.07718300 0.02344395
0.02233437 0.00871836 0.00098686 0.01187377 0.03708253 0.25565636 0.08191714 0.31039730 0.04731307 0.08471084 0.08219981 0.07569025 0.02655587
0.02319183 0.01143261 0.00084717 0.01021536 0.04311106 0.25692389 0.08885912 0.31030966 0.04900385 0.08098501 0.06684843 0.07563908 0.02336455
0.02311333 0.00574176 0.00056581 0.00492743 0.04123984 0.25523553 0.08989404 0.31087885 0.05097888 0.08182477 0.06785952 0.07713064 0.02525928
0.02319257 0.00380970 0.00199019 0.00561320 0.03501697 0.25612436 0.09137767 0.31245271 0.05219169 0.08349947 0.07492605 0.07927482 0.02333441
0.02258662 0.00231407 0.00110858 0.00057543 0.00292262 0.25434275 0.09793155 0.31210257 0.05027752 0.08454222 0.08035894 0.07686427 0.02530657
0.02225677 0.01147114 0.00146776 0.01105374 0.01913321 0.25244128 0.09486535 0.31492373 0.04943006 0.09188590 0.07763139 0.07746896 0.02654783
0.02084102 0.00364636 0.00134740 0.00586069 0.03319736 0.25072279 0.10363255 0.31566319 0.05364351 0.08795448 0.08288595 0.07851819 0.02686129
0.02107783 0.00322750 0.00094013 0.00240941 0.02798371 0.25190430 0.10684352 0.31550510 0.05043841 0.08214659 0.07488442 0.07788177 0.04598333
0.02265422 0.00831695 0.00185128 0.00314102 0.04552033 0.24926065 0.10133468 0.31578073 0.06154776 0.08216782 0.07811273 0.07954764 0.03845635
0.02418724 0.00272414 0.00133370 0.00242699 0.00184691 0.25123211 0.10677416 0.31400940 0.05406116 0.08857858 0.08341441 0.08248670 0.02869190
0.02575292 0.00149872 0.00126120 0.00238654 0.00297800 0.24817246 0.10829197 0.31102935 0.04989969 0.08535433 0.07269324 0.07771333 0.04071111
0.02857871 0.00244189 0.00081791 0.00116631 0.00343017 0.25197072 0.09630805 0.30784407 0.05048985 0.08236389 0.08285996 0.07847236 0.02464086
0.03021774 0.00228951 0.00153305 0.00036542 0.00161088 0.24798636 0.10009572 0.30724383 0.05050804 0.08954667 0.06579153 0.07999088 0.02603140
0.03069184 0.00187291 0.00092988 0.00446407 0.00481330 0.24959814 0.09908723 0.30560331 0.04234979 0.09225030 0.06860083 0.07968128 0.02566495
0.03003580 0.00161168 0.00087991 0.00216862 0.00370207 0.24838593 0.09329670 0.30641181 0.04016321 0.09076183 0.06744468 0.07534333 0.04155368
0.02821440 0.00438646 0.00092157 0.00516201 0.00742375 0.24959878 0.09689894 0.30741817 0.04491930 0.08208288 0.06698182 0.07714438 0.02951813
0.02707281 0.00307950 0.00087503 0.00395811 0.00617265 0.24679598 0.09626593 0.30875581 0.04796242 0.07133262 0.06596371 0.07697043 0.03346865
0.02512337 0.00702995 0.00124552 0.00772138 0.02663619 0.25037483 0.09991303 0.31157466 0.04509901 0.07100709 0.07992758 0.07859278 0.04277016
0.02248979 0.00416526 0.00099390 0.00237168 0.03421063 0.24712394 0.09749738 0.31206170 0.05487689 0.07445891 0.07027670 0.07803904 0.02676769
0.02108891 0.00377749 0.00110032 0.00554128 0.03845954 0.24938296 0.09605639 0.31252753 0.04412412 0.07401178 0.08323644 0.07585298 0.02389724
0.01988198 0.00255318 0.00112256 0.00582537 0.02338949 0.25005455 0.09352230 0.31279229 0.05314088 0.07105151 0.06138803 0.07589456 0.03644485
0.02095048 0.00382020 0.00108650 0.00481318 0.03253112 0.25040057 0.08323759 0.30992545 0.05207250 0.06539992 0.07117019 0.07589205 0.02540614
0.02049062 0.00348154 0.00096604 0.00462767 0.03200681 0.25257946 0.08989943 0.30965296 0.04324722 0.07196553 0.05819976 0.07560588 0.02416644
0.02062271 0.00692360 0.00065695 0.00794144 0.02048945 0.25323540 0.08749949 0.30998356 0.04340306 0.08355791 0.07122771 0.07838015 0.03312189
0.02125015 0.00598997 0.00072697 0.00486170 0.04928940 0.25356491 0.09212860 0.30892864 0.04245252 0.08172761 0.07046497 0.07755185 0.02662709
0.03083419 0.01527153 0.00055805 0.01847867 0.03635799 0.25701313 0.09092713 0.30908271 0.04204220 0.07565860 0.07002696 0.07689118 0.02894129
0.03084071 0.01400498 0.00044231 0.01422657 0.04376656 0.25335826 0.09621434 0.30923463 0.04504241 0.06257358 0.06889585 0.07842526 0.03108603
0.03109706 0.00937986 0.00077050 0.01115925 0.03065975 0.25597194 0.09453870 0.31091393 0.04322234 0.06245632 0.08263109 0.07791790 0.04199540
0.03181535 0.00528796 0.00098078 0.00605438 0.06188722 0.25667302 0.09151958 0.31118283 0.04931621 0.06929310 0.06784444 0.07606000 0.02369677
0.03247961 0.00594789 0.00078465 0.00604811 0.04170434 0.25618946 0.09332362 0.31367382 0.04943570 0.07194569 0.06958163 0.07676612 0.03705316
0.02813166 0.00561725 0.00229701 0.00709865 0.05037155 0.25494181 0.10231968 0.31577338 0.03866303 0.09119752 0.07181490 0.07949089 0.02700783
0.02814392 0.00569528 0.00123377 0.00768242 0.04574765 0.25507805 0.10940482 0.31615999 0.04104931 0.08415554 0.06259031 0.07930389 0.02949604
0.02950505 0.00337334 0.00086207 0.00225508 0.02676172 0.25391644 0.10640562 0.31586015 0.04303516 0.07504960 0.07089660 0.07780274 0.02771981
0.02948465 0.00202169 0.00069411 0.00073399 0.03260685 0.25306172 0.10138072 0.31608103 0.04536798 0.07447867 0.07966620 0.07763457 0.02770590
0.03145769 0.00296808 0.00053639 0.00230845 0.03891904 0.25324607 0.10188051 0.31663656 0.05161378 0.06774258 0.07544564 0.07971409 0.02871167
0.03120269 0.00342405 0.00037474 0.00423352 0.02613664 0.25233732 0.10078574 0.31584011 0.05083358 0.06411390 0.07939156 0.07826229 0.02854990
0.02898796 0.00159784 0.00105816 0.00155583 0.01705902 0.25335278 0.10824551 0.31481996 0.04838516 0.06335168 0.08353798 0.07825496 0.02591239
0.02974403 0.00240128 0.00054541 0.00647949 0.02305169 0.25354728 0.10606144 0.31423175 0.04763383 0.07036960 0.07129372 0.07706012 0.03497655
0.02985280 0.00489915 0.00047180 0.00458909 0.04530256 0.25438317 0.09831420 0.31214262 0.04075535 0.07411729 0.08059366 0.07824601 0.02851744
0.02953727 0.00652354 0.00134738 0.00614499 0.03541498 0.25498883 0.09965864 0.31167905 0.03954397 0.07699479 0.06444540 0.07789685 0.03544473
0.02966476 0.00363336 0.00240380 0.00331125 0.04285942 0.25151423 0.09266731 0.31155920 0.03501545 0.08889132 0.07563041 0.07989985 0.03130484
0.02831080 0.00313546 0.00136573 0.00522777 0.03655156 0.25155390 0.09714998 0.31080167 0.04199875 0.08815141 0.06324610 0.07751334 0.02524833
0.02876750 0.00378082 0.00089855 0.00551343 0.02802538 0.25141988 0.09848753 0.31262338 0.04661422 0.08065301 0.06844808 0.07778245 0.02715989
0.02876896 0.00228028 0.00088314 0.00158895 0.01915952 0.25046362 0.09603205 0.31227901 0.04601765 0.07029403 0.07281995 0.07741025 0.02572860
0.02808495 0.00466026 0.00068510 0.00351201 0.04231188 0.25146917 0.09468670 0.31456546 0.04809492 0.05939877 0.07472429 0.07850367 0.02600242
0.02808299 0.00230560 0.00128916 0.00279214 0.02811805 0.25152548 0.10122901 0.31464773 0.05027422 0.06284182 0.07636729 0.07557347 0.02406038
0.02841974 0.00582408 0.00073646 0.00658796 0.03012935 0.25351922 0.09158427 0.31548405 0.04594690 0.07007263 0.08162099 0.07547744 0.02631820
0.02864192 0.00663363 0.00071662 0.00933699 0.02944578 0.25360264 0.09204467 0.31646527 0.04596574 0.08457802 0.07174845 0.07499904 0.03420491
0.02828705 0.00621032 0.00095011 0.01009847 0.05350325 0.25730741 0.08590252 0.31569646 0.04049372 0.08923771 0.06929494 0.07851310 0.03331820
