0.00000000 8.00000000 0.00000000 0.00000000 0.00000000 0.00000000 0.00000000 0.00000000 0.00000000 1.00000000 0.00000000 0.00000000 0.00000000 0.00000000
1.00033344 8.12587673 0.02714148 0.00112789 0.01401594 0.08197491 0.01402431 0.12330410 0.00889504 0.27761251 0.01948168 0.30124441 0.01480520 0.11637253
2.00066689 8.11370352 0.01129599 0.00166866 0.00979651 0.04477145 0.03122749 0.23471727 0.02693295 0.11957858 0.02986166 0.38360293 0.02315780 0.08338870
3.00100033 7.95879280 0.03284277 0.00230348 0.01334526 0.07317257 0.04531670 0.19188374 0.03479906 0.31853986 0.04743619 0.16565566 0.03596709 0.03873763
4.00133378 7.99194224 0.02670117 0.00283057 0.01157598 0.06193466 0.06460819 0.12352234 0.04519199 0.25959709 0.07039065 0.22664346 0.04529412 0.06170978
5.00166722 8.00764540 0.01325822 0.00338132 0.00785024 0.04511753 0.06100375 0.20002213 0.06108285 0.15602691 0.09365180 0.24482636 0.05305206 0.06072683
6.00200067 7.90140619 0.01402543 0.00418183 0.00894878 0.04541823 0.07021864 0.24165574 0.06448534 0.09993356 0.12031103 0.23167379 0.06294374 0.03620387
7.00233411 7.87290153 0.01465120 0.00455272 0.00790407 0.04430417 0.08469295 0.13251154 0.06388084 0.13529476 0.13787554 0.25668111 0.06748391 0.05016719
8.00266756 7.87769966 0.01329771 0.00489932 0.00618720 0.03485950 0.08613472 0.14334751 0.07758346 0.18716198 0.14948513 0.17402548 0.07960904 0.04340895
9.00300100 7.81587058 0.01360432 0.00471888 0.00639328 0.03497094 0.08471050 0.14168913 0.08808939 0.16278883 0.16001710 0.17726558 0.08254563 0.04320643
10.00333444 7.76629285 0.01293724 0.00516562 0.00744991 0.04345951 0.09193271 0.10192216 0.09936412 0.12399238 0.17974503 0.21141708 0.08360032 0.03901392
11.00366789 7.76036458 0.01136065 0.00534854 0.00570319 0.03264881 0.09952393 0.12153003 0.09635911 0.13823013 0.18799766 0.16911667 0.09300053 0.03918075
12.00400133 7.71907468 0.01419054 0.00568804 0.00555646 0.02777916 0.10944730 0.09829632 0.09482133 0.18512452 0.20044455 0.13778780 0.08551446 0.03534951
13.00433478 7.67250914 0.01442291 0.00534226 0.00545979 0.03329663 0.10562709 0.09418722 0.10045785 0.16104484 0.20355378 0.15327127 0.08719577 0.03614060
14.00466822 7.64808162 0.01082915 0.00541226 0.00554648 0.03233276 0.10900207 0.11742809 0.10430197 0.13708307 0.20936786 0.14544020 0.08824703 0.03500906
15.00500167 7.61854486 0.01122808 0.00580237 0.00569501 0.02521657 0.11045412 0.10777314 0.10812904 0.14440711 0.21540780 0.14205153 0.09158459 0.03225063
16.00533511 7.57531615 0.01158425 0.00571315 0.00558819 0.03102595 0.10874618 0.09795592 0.11183443 0.14556284 0.20893192 0.14792856 0.09560768 0.02952094
17.00566856 7.55367354 0.01113631 0.00562910 0.00548669 0.02752155 0.11787834 0.10074698 0.10749479 0.15513052 0.20569351 0.14265068 0.09071042 0.02992111
18.00600200 7.52912527 0.00922409 0.00564850 0.00411336 0.02625113 0.11369177 0.11044938 0.11144727 0.14031209 0.19976993 0.15579211 0.09684385 0.02645652
19.00633545 7.49820378 0.00776839 0.00563524 0.00227752 0.01589573 0.11383235 0.10373443 0.12384077 0.12901837 0.20084237 0.17925169 0.09311845 0.02478469
20.00666889 7.48272786 0.00851169 0.00543506 0.00369881 0.01957138 0.12047414 0.10343036 0.12815551 0.14049107 0.19349962 0.15924195 0.09259503 0.02489539
21.00700233 7.44251321 0.00776781 0.00588913 0.00265499 0.01492747 0.12370676 0.10889731 0.12056753 0.13805703 0.18536686 0.17023570 0.09539793 0.02653147
22.00733578 7.40408466 0.00977176 0.00581953 0.00418708 0.02352524 0.12740599 0.09540859 0.11533918 0.13774519 0.17762740 0.18589115 0.08774808 0.02953083
23.00766922 7.37039606 0.00888547 0.00548615 0.00394132 0.02383315 0.12694640 0.09972016 0.12485380 0.14197294 0.17185617 0.17356265 0.09206386 0.02687794
24.00800267 7.33247622 0.00990496 0.00518341 0.00501657 0.02946911 0.11980146 0.09963113 0.12354533 0.15381949 0.16404780 0.17668313 0.08395342 0.02894417
25.00833611 7.29956181 0.01031607 0.00533134 0.00512944 0.03047407 0.11970175 0.08960813 0.12358469 0.16135762 0.16158190 0.17994202 0.08528882 0.02768416
26.00866956 7.27596818 0.00951026 0.00535783 0.00442593 0.02428491 0.11844433 0.10329897 0.11596189 0.16117367 0.16296624 0.17841145 0.08851498 0.02764954
27.00900300 7.24271529 0.00997262 0.00581992 0.00403287 0.02248294 0.11439466 0.09645320 0.12092836 0.16575593 0.16689827 0.17957478 0.08701108 0.02667536
28.00933645 7.22131974 0.00871941 0.00603747 0.00267767 0.01925622 0.11250891 0.09328617 0.12452035 0.16539999 0.17356455 0.17882276 0.08950286 0.02570364
29.00966989 7.19673279 0.00900707 0.00579086 0.00328653 0.01847777 0.11433876 0.09782730 0.12608412 0.16543621 0.17769381 0.16742649 0.08926522 0.02536585
30.01000333 7.17877999 0.00894844 0.00549378 0.00329670 0.02239264 0.11697477 0.09063474 0.13253983 0.15730886 0.17503471 0.17169742 0.08981917 0.02585895
31.01033678 7.15534353 0.00885932 0.00618580 0.00423563 0.02151005 0.11755218 0.09472783 0.12178469 0.14738032 0.18030106 0.17639821 0.09474218 0.02632275
32.01067022 7.14219785 0.01062490 0.00584098 0.00592510 0.02364534 0.12405760 0.09189521 0.12902107 0.15162590 0.18448341 0.16307267 0.08522613 0.02458167
33.01100367 7.11329451 0.00981092 0.00525762 0.00429487 0.02882249 0.12367029 0.09310646 0.12189632 0.14558386 0.18952365 0.16193067 0.08960066 0.02650218
34.01133711 7.07423394 0.00873062 0.00585714 0.00520704 0.02475254 0.13479315 0.09264116 0.12519292 0.13126774 0.19860017 0.16132984 0.08514398 0.02648370
35.01167056 7.04837986 0.00956000 0.00563384 0.00492862 0.02872696 0.12758545 0.09260390 0.12296772 0.12921193 0.20777887 0.14808363 0.09663113 0.02628795
36.01200400 7.02316934 0.00841877 0.00568071 0.00427045 0.02915116 0.12632720 0.08942529 0.12859126 0.12542181 0.21044443 0.14586089 0.09737943 0.02902860
37.01233745 6.98408940 0.00950489 0.00587697 0.00440201 0.02554043 0.11596078 0.08093893 0.13306184 0.12946120 0.21758312 0.14708500 0.10065537 0.02992946
38.01267089 6.95316935 0.00899872 0.00610112 0.00513268 0.03144610 0.11559252 0.08573289 0.12766127 0.12645779 0.22569506 0.14380534 0.09760946 0.02576704
39.01300433 6.92342481 0.00885907 0.00596825 0.00480112 0.03400173 0.11897717 0.07999954 0.12580696 0.12035138 0.23260434 0.14297025 0.10088505 0.02477515
40.01333778 6.89844879 0.00929066 0.00624024 0.00553440 0.02612610 0.13288060 0.08117210 0.13181842 0.11875958 0.23617799 0.13291402 0.09922717 0.01985871
41.01367122 6.86593712 0.00856754 0.00618611 0.00476423 0.03113337 0.13350990 0.07688262 0.13625765 0.11734566 0.23053931 0.12832228 0.10292122 0.02357012
42.01400467 6.84591817 0.00978623 0.00589532 0.00648521 0.03000900 0.14564767 0.07302658 0.13104029 0.11190712 0.22796049 0.13419651 0.09669559 0.02734999
43.01433811 6.81408008 0.00697715 0.00615956 0.00344637 0.02123674 0.14414331 0.07754989 0.13838959 0.11798874 0.22889703 0.12855679 0.10222291 0.02443192
44.01467156 6.79016431 0.00810332 0.00621659 0.00457945 0.02108816 0.14671301 0.07644378 0.13814640 0.11478182 0.22220431 0.13288412 0.10131426 0.02752480
45.01500500 6.74535963 0.00987361 0.00614556 0.00545823 0.02899694 0.14005014 0.07261383 0.13512609 0.12084422 0.22026799 0.13383499 0.10271216 0.02407623
46.01533845 6.71258897 0.01081875 0.00622689 0.00694242 0.03693513 0.13000357 0.07117951 0.13176132 0.12322566 0.22104856 0.12940432 0.10653625 0.02591763
47.01567189 6.68482369 0.00868250 0.00640577 0.00510812 0.03413442 0.12876569 0.07573984 0.13985420 0.11749476 0.21896021 0.13397174 0.10142527 0.02945748
48.01600534 6.65388284 0.00912438 0.00645876 0.00531593 0.02834880 0.12491349 0.07570977 0.13686456 0.12080326 0.21752825 0.14718953 0.10249705 0.02524623
49.01633878 6.61820407 0.01102103 0.00615659 0.00743186 0.02470344 0.12607266 0.08345119 0.13327758 0.12421691 0.21928180 0.13766383 0.10080034 0.02592278
50.01667222 6.58427040 0.00879480 0.00606807 0.00469811 0.02996719 0.13476324 0.08487512 0.13289794 0.12716411 0.21037913 0.13719126 0.09878460 0.02441645
51.01700567 6.55464986 0.01069505 0.00591327 0.00647773 0.03557518 0.13209175 0.07545791 0.12574693 0.12428872 0.20802202 0.14726972 0.10060782 0.02785387
52.01733911 6.53412490 0.00872275 0.00584364 0.00464391 0.03170896 0.13966210 0.08523666 0.13479271 0.12510975 0.20030587 0.14353254 0.09436096 0.02608016
53.01767256 6.50942820 0.00928991 0.00555108 0.00591031 0.03316293 0.14216446 0.08259129 0.13561316 0.12351032 0.20119304 0.13924314 0.09594830 0.02582207
54.01800600 6.47838128 0.00908037 0.00607028 0.00570580 0.02557911 0.14160200 0.07681909 0.13078474 0.11904654 0.20554628 0.15121208 0.10161826 0.02693542
55.01833945 6.44798844 0.00990731 0.00611116 0.00599545 0.02672590 0.13777537 0.08299832 0.13789548 0.12477826 0.21060389 0.13505834 0.09617441 0.02597611
56.01867289 6.41760473 0.01001275 0.00563114 0.00635601 0.02676772 0.13382199 0.08645665 0.13062507 0.12215478 0.20266030 0.14596042 0.09961166 0.02994151
57.01900634 6.38649562 0.00826644 0.00605706 0.00431536 0.02309968 0.13440493 0.08141844 0.13725745 0.12084784 0.20813593 0.14832993 0.09849521 0.02937173
58.01933978 6.35597886 0.00779594 0.00623322 0.00357383 0.02669121 0.12830006 0.08478206 0.13458250 0.12414712 0.21599406 0.13543690 0.10664635 0.02581675
59.01967322 6.31242405 0.00852089 0.00643977 0.00408970 0.02534046 0.13539632 0.07846860 0.13026809 0.12270698 0.21937951 0.14178296 0.10246146 0.02514525
60.02000667 6.28556414 0.00902597 0.00649208 0.00461664 0.02469565 0.13569001 0.08309714 0.12795437 0.11968377 0.22137666 0.14008029 0.10350803 0.02377938
61.02034011 6.25813606 0.00881375 0.00635361 0.00470142 0.02575792 0.13841526 0.08237046 0.12531429 0.11928088 0.22450945 0.13493512 0.10359030 0.02595753
62.02067356 6.22715353 0.00847521 0.00588689 0.00419973 0.02370733 0.13901381 0.07616988 0.13670828 0.11979914 0.22192831 0.14051373 0.09983724 0.02376045
63.02100700 6.19642226 0.00736847 0.00613340 0.00348578 0.02307023 0.13924459 0.08102334 0.13404056 0.11650323 0.22891283 0.13138568 0.10549388 0.02333801
64.02134045 6.17027595 0.00654635 0.00639503 0.00267981 0.02057276 0.13812243 0.07699510 0.14459231 0.11098445 0.23234444 0.13109222 0.10851861 0.02115648
65.02167389 6.13842483 0.00680992 0.00643302 0.00350993 0.02056424 0.13081713 0.08201549 0.14088849 0.11117832 0.24326888 0.12377582 0.10784579 0.02289296
66.02200734 6.11753659 0.00657352 0.00688478 0.00258529 0.01681852 0.13310210 0.07682353 0.14162785 0.11207058 0.24952023 0.12366860 0.10678317 0.02354183
67.02234078 6.09441964 0.00655531 0.00691553 0.00255154 0.01763037 0.13329513 0.08033777 0.13552626 0.10881196 0.25189061 0.12488237 0.10821495 0.02338822
68.02267422 6.06092986 0.00701471 0.00678703 0.00358005 0.02176810 0.13504274 0.07159685 0.13415793 0.10244968 0.25009701 0.12669327 0.11712196 0.02369065
69.02300767 6.04232670 0.00836283 0.00651259 0.00487185 0.02384017 0.12904011 0.07280498 0.14851617 0.10492485 0.24414202 0.12598699 0.10683703 0.02416038
70.02334111 6.02069559 0.00767014 0.00644021 0.00439954 0.02335095 0.13137923 0.07535871 0.13584588 0.11162143 0.24378434 0.12586625 0.10851807 0.02576524
71.02367456 6.00114672 0.00659542 0.00617588 0.00290653 0.01725243 0.13611673 0.07455751 0.13902837 0.10971518 0.24451935 0.13171714 0.10506207 0.02635338
72.02400800 5.96284503 0.00784595 0.00614554 0.00500353 0.02353281 0.14335472 0.08209014 0.13296455 0.10732530 0.23830913 0.12570450 0.10229424 0.02542958
73.02434145 5.93643230 0.00804193 0.00591806 0.00550390 0.02894509 0.13569467 0.07951777 0.13379766 0.10771014 0.23924843 0.12695671 0.10194056 0.02672508
74.02467489 5.90871340 0.00874635 0.00614170 0.00618025 0.02959803 0.13495710 0.08202021 0.12610581 0.10799230 0.23991579 0.13166821 0.09988978 0.02678446
75.02500834 5.87435732 0.00929177 0.00607249 0.00577617 0.03121519 0.13579367 0.08064145 0.12656536 0.11301681 0.23634739 0.12792957 0.10149737 0.02585277
76.02534178 5.83884901 0.00855528 0.00614431 0.00540614 0.02929425 0.13358519 0.07953587 0.13061363 0.11426263 0.23321525 0.13100590 0.10430735 0.02407422
77.02567523 5.81110678 0.00746717 0.00608293 0.00353666 0.02088215 0.13481516 0.08500415 0.13056683 0.11220142 0.23446270 0.13713195 0.09588949 0.03195940
78.02600867 5.78174758 0.00897349 0.00608373 0.00529899 0.02465929 0.12569066 0.08370012 0.12981345 0.11973358 0.22843244 0.13598823 0.10427178 0.02735424
79.02634211 5.76644681 0.00752659 0.00643852 0.00286455 0.02044866 0.13013495 0.08316152 0.12992595 0.12005853 0.23372355 0.14040777 0.10097980 0.02432961
80.02667556 5.73808760 0.00866066 0.00667912 0.00457924 0.02147243 0.12284912 0.08254367 0.12990992 0.12110788 0.23135243 0.14038604 0.10745567 0.02300382
81.02700900 5.71296111 0.00767370 0.00623180 0.00386492 0.01870808 0.12883456 0.08841341 0.13268326 0.12159330 0.23042328 0.13739182 0.10111759 0.02306427
82.02734245 5.69764081 0.00725721 0.00614577 0.00332770 0.01677820 0.12821158 0.08447555 0.13110516 0.12612888 0.22483546 0.14657154 0.10201578 0.02314718
83.02767589 5.66704054 0.00763760 0.00627250 0.00377495 0.02321516 0.12956165 0.08263822 0.12444194 0.12627683 0.22652720 0.14480286 0.10108894 0.02376214
84.02800934 5.64227059 0.00897018 0.00591117 0.00577254 0.02917505 0.12543998 0.08867623 0.12673548 0.12498649 0.21686264 0.14055457 0.09973706 0.02717862
85.02834278 5.62592982 0.00786120 0.00572936 0.00452029 0.03054672 0.13102070 0.08309690 0.12805391 0.12436192 0.22163304 0.14384656 0.09461587 0.02471353
86.02867623 5.59219184 0.00835975 0.00573366 0.00456305 0.02189649 0.13679030 0.08079218 0.12821763 0.12164063 0.22117566 0.14368218 0.10257650 0.02457197
87.02900967 5.56294271 0.00768214 0.00617902 0.00439150 0.02542063 0.14496956 0.08169632 0.13019710 0.12041761 0.22169388 0.13593716 0.09772481 0.02369027
88.02934311 5.53332974 0.00855389 0.00627721 0.00567329 0.02387191 0.13586799 0.07706536 0.12665934 0.12029020 0.22352676 0.14269022 0.10136836 0.02815548
89.02967656 5.50438865 0.00950634 0.00620925 0.00675469 0.03392113 0.12997122 0.08187516 0.12893553 0.11703449 0.21918578 0.13623412 0.10321636 0.02715592
90.03001000 5.48451391 0.00939240 0.00606911 0.00683030 0.03317983 0.12808307 0.08462190 0.13089042 0.11237315 0.22036146 0.13635648 0.10485987 0.02698201
91.03034345 5.44925209 0.00792984 0.00678043 0.00530120 0.02546626 0.12725396 0.08273800 0.13302762 0.11451881 0.22412575 0.13551769 0.10884943 0.02849102
92.03067689 5.42145950 0.00896283 0.00633668 0.00508344 0.02808721 0.12693575 0.08863167 0.12158325 0.11876489 0.22706105 0.13089149 0.10977607 0.02788568
93.03101034 5.40201546 0.00862837 0.00595549 0.00540361 0.02900361 0.12959421 0.08303755 0.12400253 0.11681825 0.22773783 0.13862763 0.10057891 0.03061201
94.03134378 5.37769237 0.00792279 0.00578777 0.00562106 0.03023608 0.13182641 0.08802089 0.12681319 0.11312631 0.22911054 0.13080016 0.10289054 0.02784426
95.03167723 5.35835869 0.00757156 0.00569371 0.00465867 0.03595541 0.14057417 0.08163496 0.12104016 0.11270514 0.23074042 0.13473795 0.09763261 0.02705524
96.03201067 5.33394718 0.00923032 0.00530712 0.00595922 0.03168403 0.13418526 0.08306371 0.12313031 0.12015345 0.22374896 0.13727932 0.09836830 0.02789000
97.03234411 5.30998051 0.00881641 0.00531841 0.00494958 0.03246251 0.13633871 0.09209238 0.11620617 0.11902376 0.22726534 0.13345492 0.09781765 0.02625416
98.03267756 5.28621381 0.00826137 0.00610058 0.00519548 0.02661715 0.13146670 0.08664999 0.12787200 0.11086497 0.22656002 0.14129150 0.10386453 0.02525571
99.03301100 5.25850368 0.00722953 0.00614205 0.00440200 0.02995007 0.13896790 0.09012914 0.11926323 0.11419121 0.22795438 0.12901417 0.10614806 0.02660825
100.03334445 5.23452064 0.00735313 0.00653610 0.00370022 0.02587066 0.13772201 0.08005214 0.12152975 0.11404187 0.23544585 0.12914352 0.10813147 0.03047329
101.03367789 5.20169701 0.00789029 0.00578115 0.00410474 0.02636414 0.12948415 0.08047252 0.12680836 0.11408096 0.22860260 0.14218681 0.10710820 0.02711609
102.03401134 5.17422602 0.00910118 0.00570523 0.00499641 0.02138844 0.13405695 0.08978908 0.11608422 0.11603976 0.23794743 0.13135449 0.10634469 0.02719210
103.03434478 5.15597157 0.00690073 0.00622341 0.00302358 0.02264097 0.12490458 0.08653269 0.12212195 0.11448237 0.24221533 0.13676110 0.10625009 0.02794320
104.03467823 5.13480240 0.00651665 0.00596632 0.00344687 0.01857680 0.13010420 0.09201617 0.11867849 0.11280796 0.24626444 0.13661742 0.10407662 0.02492807
105.03501167 5.12103888 0.00667669 0.00581673 0.00336153 0.01606132 0.12393337 0.09260854 0.12826825 0.11867113 0.24768272 0.13113419 0.09999258 0.02579295
106.03534512 5.10066722 0.00659580 0.00593517 0.00331728 0.01460020 0.13035583 0.08728894 0.12473134 0.11043479 0.24687616 0.13939053 0.10200115 0.02847282
107.03567856 5.07263702 0.00638153 0.00603839 0.00270369 0.01538532 0.13804282 0.08699168 0.11636988 0.11550134 0.24840879 0.13428019 0.10536937 0.02452698
108.03601200 5.04712079 0.00791053 0.00602988 0.00442793 0.01808530 0.12902842 0.08877067 0.11463727 0.11887697 0.25005567 0.13480429 0.09952766 0.02784539
109.03634545 5.01485425 0.00720426 0.00583690 0.00492541 0.02344370 0.13893351 0.08758325 0.10936995 0.11246436 0.24325260 0.14051699 0.09981831 0.02665075
110.03667889 4.99733914 0.00646996 0.00560807 0.00319586 0.01847656 0.12829117 0.08836812 0.11548115 0.11288091 0.24447642 0.14126224 0.10754348 0.02794606
111.03701234 4.97236019 0.00727108 0.00571061 0.00351932 0.01929493 0.13485930 0.08672210 0.12215059 0.11278213 0.24385376 0.13424118 0.10536950 0.02422550
112.03734578 4.94930086 0.00765280 0.00577870 0.00393483 0.02078610 0.13347109 0.08349111 0.11880520 0.11594766 0.24251490 0.13064180 0.11167896 0.02529686
113.03767923 4.92749255 0.00649775 0.00608804 0.00311945 0.01870157 0.13439263 0.08146759 0.12537203 0.10856932 0.24616009 0.13449962 0.10942103 0.02571088
114.03801267 4.90036056 0.00718463 0.00604956 0.00392349 0.02314384 0.14474582 0.08112503 0.11626086 0.10961314 0.24712780 0.13399505 0.10366090 0.02316987
115.03834612 4.87350687 0.00664918 0.00602224 0.00346689 0.02127770 0.13266716 0.08531876 0.11778632 0.11191829 0.24693018 0.13651232 0.10760866 0.02384231
116.03867956 4.84889506 0.00773073 0.00609621 0.00493854 0.02856243 0.14579482 0.07756177 0.11885888 0.11071400 0.24219912 0.13164578 0.10343348 0.02246425
117.03901300 4.81990377 0.00858739 0.00614988 0.00571937 0.02398032 0.12992263 0.07962920 0.11657792 0.11301512 0.24626921 0.13353629 0.11193959 0.02467307
118.03934645 4.79037851 0.00866752 0.00625937 0.00628526 0.02598028 0.13415616 0.07862192 0.12245147 0.10794756 0.24101169 0.13445411 0.10944986 0.02471479
119.03967989 4.76471156 0.00807138 0.00588406 0.00525295 0.03044897 0.14029696 0.07408209 0.11733381 0.11211290 0.23938215 0.13558014 0.10690153 0.02465305
120.04001334 4.74038196 0.00640606 0.00645009 0.00316491 0.02507351 0.14101910 0.07593503 0.12477248 0.11349328 0.24518408 0.12760043 0.10870405 0.02219698
121.04034678 4.71882362 0.00810631 0.00593056 0.00536806 0.02425507 0.14478320 0.07012526 0.12066059 0.10984472 0.24338322 0.13153605 0.11233293 0.02367403
122.04068023 4.69728366 0.00659604 0.00586010 0.00395793 0.02843752 0.14664432 0.07240908 0.11284917 0.10617540 0.24574920 0.13261762 0.11476668 0.02393695
123.04101367 4.67305714 0.00784232 0.00605267 0.00463754 0.02940634 0.15062373 0.07753119 0.11401955 0.10918984 0.25223112 0.12098094 0.10444221 0.02304254
124.04134712 4.64821059 0.00720316 0.00644197 0.00478157 0.02703842 0.13990237 0.07039455 0.11498615 0.10689922 0.25292032 0.13075774 0.11654265 0.02213189
125.04168056 4.61134581 0.00733355 0.00683939 0.00448752 0.02518156 0.13950743 0.07394598 0.11963905 0.10682503 0.25405492 0.12683916 0.10958307 0.02576334
126.04201400 4.59750159 0.00746717 0.00606357 0.00429791 0.02133885 0.13736801 0.07336674 0.12185014 0.10741994 0.25502027 0.12549178 0.11603157 0.02428405
127.04234745 4.56525035 0.00850185 0.00605089 0.00559446 0.02440362 0.14324601 0.07508216 0.11421607 0.10650480 0.24542076 0.13074275 0.11330860 0.02692804
128.04268089 4.53476874 0.00758646 0.00621444 0.00443525 0.02739917 0.14409832 0.07749199 0.11518974 0.10909664 0.24759495 0.12734331 0.10809444 0.02545528
129.04301434 4.51566942 0.00863909 0.00615670 0.00581202 0.02708834 0.13733724 0.08213902 0.11160418 0.10955290 0.25018223 0.12506479 0.11137445 0.02504904
130.04334778 4.49333712 0.00840419 0.00567727 0.00633144 0.02819553 0.13886234 0.07744425 0.11662270 0.10708989 0.25234475 0.12936117 0.10677969 0.02288679
131.04368123 4.46599924 0.00740794 0.00601776 0.00409752 0.02515026 0.13510993 0.07933356 0.12047623 0.10816982 0.25246570 0.13148473 0.10792397 0.02236259
132.04401467 4.44923842 0.00637491 0.00614630 0.00263355 0.01644257 0.13464391 0.07860634 0.11659312 0.11374781 0.25200675 0.13048839 0.11884167 0.02347467
133.04434812 4.42153935 0.00802805 0.00637659 0.00461841 0.02190544 0.13020713 0.07902350 0.12185363 0.11121314 0.25295670 0.13182988 0.10848581 0.02350172
134.04468156 4.40346764 0.00785411 0.00631536 0.00477847 0.02863974 0.13566470 0.07831864 0.10840345 0.10489659 0.24947242 0.13390728 0.11500398 0.02674526
135.04501501 4.38048512 0.00882080 0.00647218 0.00511832 0.03196494 0.13495706 0.07539230 0.11502041 0.10974104 0.24517574 0.12751001 0.11166411 0.02816307
136.04534845 4.36396671 0.00807848 0.00608703 0.00531322 0.02904832 0.13658734 0.07792816 0.12208657 0.10953402 0.24544435 0.12745741 0.10857410 0.02386100
137.04568189 4.35002015 0.00685654 0.00599286 0.00388805 0.02434258 0.13313100 0.08274362 0.11784851 0.10470426 0.25082073 0.13221223 0.11352792 0.02393171
138.04601534 4.32464328 0.00675588 0.00623360 0.00349017 0.01940500 0.13636906 0.08319195 0.12880715 0.10869869 0.25090789 0.12498127 0.10853859 0.02262073
139.04634878 4.30225578 0.00630643 0.00600408 0.00279422 0.02208065 0.14110616 0.07410479 0.12065882 0.11089361 0.24898121 0.12969241 0.11262070 0.02475692
140.04668223 4.28449193 0.00674488 0.00615047 0.00379902 0.02099199 0.13935336 0.08239496 0.12593345 0.10808763 0.24339487 0.13109768 0.11069617 0.02135553
141.04701567 4.25885429 0.00776593 0.00627735 0.00470183 0.02093741 0.14285570 0.08163583 0.12247216 0.10970853 0.24368596 0.12696963 0.11063122 0.02235844
142.04734912 4.23646833 0.00683789 0.00609943 0.00391072 0.02006442 0.14975988 0.07817826 0.11465041 0.10872723 0.23769727 0.13220636 0.11400076 0.02786736
143.04768256 4.22161838 0.00751915 0.00593235 0.00460417 0.02374721 0.13455855 0.08359027 0.12185766 0.11037017 0.24014589 0.12862124 0.11491077 0.02414258
144.04801601 4.20091880 0.00726116 0.00591294 0.00379314 0.01934956 0.14708635 0.08282388 0.11745469 0.11320995 0.23993065 0.12975135 0.11015074 0.02327559
145.04834945 4.18932903 0.00576801 0.00581435 0.00251835 0.02028129 0.13326087 0.07918103 0.12399951 0.10576201 0.24244432 0.13610611 0.11957875 0.02528541
146.04868289 4.16924029 0.00604536 0.00606473 0.00330085 0.01987728 0.15281212 0.08161832 0.12676968 0.10374639 0.24404313 0.12557758 0.10175379 0.02839077
147.04901634 4.14319374 0.00637195 0.00610605 0.00377099 0.01844494 0.14676472 0.07526248 0.11743809 0.10404373 0.24953511 0.13104669 0.11716674 0.02404851
148.04934978 4.12433590 0.00646306 0.00621831 0.00382125 0.01831017 0.14294162 0.07984643 0.12590534 0.10179296 0.25392663 0.11851693 0.11564519 0.02661211
149.04968323 4.10201867 0.00603235 0.00595231 0.00326868 0.01980262 0.15282479 0.07878159 0.12459729 0.09853308 0.25675304 0.12257860 0.10872672 0.02214894
150.05001667 4.07563379 0.00567918 0.00613988 0.00366315 0.02042521 0.14508694 0.08209747 0.12211293 0.09330658 0.24947536 0.12459554 0.12365750 0.02376026
151.05035012 4.04883693 0.00663956 0.00621526 0.00343570 0.02283635 0.14362730 0.08045644 0.12316567 0.10165450 0.25583664 0.11419007 0.11892246 0.02302005
152.05068356 4.02794001 0.00614196 0.00595046 0.00333805 0.01896253 0.14698530 0.08209907 0.12165184 0.09880119 0.25148988 0.12448549 0.11373432 0.02635992
153.05101701 4.00349797 0.00690094 0.00584432 0.00347484 0.02246385 0.14025115 0.08256023 0.11824330 0.10203290 0.24742983 0.12214392 0.11958386 0.02907085
154.05135045 3.97201335 0.00789572 0.00587549 0.00541308 0.02500073 0.14643867 0.08432567 0.11718826 0.10060675 0.25147822 0.12660521 0.10469527 0.02447694
155.05168389 3.94873229 0.00687987 0.00598835 0.00421150 0.02414115 0.14056934 0.07491745 0.12237193 0.09787085 0.24850726 0.12928161 0.11828973 0.02697095
156.05201734 3.91657422 0.00790150 0.00584080 0.00507569 0.02582860 0.14036916 0.08345938 0.12780952 0.10505314 0.24054736 0.11971838 0.11434445 0.02405203
157.05235078 3.88305429 0.00756593 0.00596818 0.00461941 0.02450699 0.14947596 0.08190017 0.12650859 0.10535291 0.23561354 0.12603413 0.10508106 0.02737313
158.05268423 3.86573926 0.00661623 0.00586293 0.00393709 0.02169496 0.14318044 0.08374249 0.11830951 0.10837780 0.23386870 0.12930951 0.12033873 0.02476162
159.05301767 3.84259649 0.00772128 0.00608144 0.00454223 0.02172621 0.15441148 0.08355407 0.12430574 0.10470919 0.23474528 0.12554052 0.10749138 0.02517117
160.05335112 3.81412626 0.00727365 0.00629417 0.00431268 0.02150856 0.15485564 0.07709811 0.11500933 0.10296762 0.23143895 0.13282288 0.12013264 0.02628576
161.05368456 3.78394507 0.00745076 0.00640997 0.00524718 0.02920099 0.15329095 0.08027917 0.12024450 0.10466970 0.22839941 0.12148157 0.11788937 0.02543643
162.05401801 3.75691770 0.00694934 0.00580489 0.00372952 0.02665181 0.15284515 0.08138346 0.11651051 0.11054847 0.22862063 0.12938180 0.11173756 0.02583686
163.05435145 3.74317533 0.00702725 0.00554731 0.00388419 0.02345967 0.14845578 0.07716274 0.12109381 0.10806720 0.22611148 0.13803752 0.11604843 0.02510462
164.05468489 3.72587324 0.00667262 0.00539273 0.00326241 0.01648726 0.15189898 0.08609553 0.12855475 0.11143312 0.22159057 0.13207292 0.11216472 0.02437438
165.05501834 3.70408488 0.00668603 0.00558727 0.00319685 0.01840858 0.15034574 0.08117448 0.12289945 0.11233699 0.22516003 0.13460747 0.11330298 0.02629411
166.05535178 3.67444455 0.00552483 0.00617627 0.00214978 0.01506638 0.14879640 0.08020216 0.12510149 0.10577173 0.23512965 0.13725759 0.11713063 0.02169309
167.05568523 3.65496994 0.00609891 0.00620585 0.00265161 0.01172452 0.15771630 0.08841519 0.12159691 0.10680503 0.23324715 0.12779045 0.11135140 0.02639669
168.05601867 3.62505644 0.00691030 0.00553645 0.00384758 0.02118176 0.15169091 0.08022100 0.12260653 0.10891251 0.22667132 0.12918230 0.11781391 0.02542541
169.05635212 3.61121769 0.00754660 0.00543527 0.00527623 0.01837937 0.16328885 0.08125789 0.12358804 0.10149724 0.22585910 0.13141013 0.11027683 0.02618444
170.05668556 3.58763331 0.00637834 0.00578657 0.00431142 0.02339739 0.15215037 0.08557845 0.12204318 0.10053460 0.23280976 0.12413380 0.11872218 0.02415394
171.05701901 3.56006879 0.00579615 0.00589746 0.00283306 0.01598858 0.15334060 0.07964072 0.12793588 0.10001844 0.23171649 0.13038799 0.12245677 0.02398786
172.05735245 3.53895635 0.00605408 0.00568723 0.00334213 0.01482723 0.15958098 0.08588625 0.12462790 0.09971944 0.23103788 0.12390964 0.12050725 0.02482000
173.05768590 3.51525760 0.00600550 0.00563603 0.00312484 0.01585166 0.14967598 0.08623525 0.13112634 0.10277433 0.23682334 0.12238345 0.11600957 0.02435369
174.05801934 3.48481223 0.00563922 0.00541232 0.00306101 0.02142636 0.15704764 0.08648721 0.12623279 0.09511224 0.23539931 0.13080788 0.10912823 0.02424581
175.05835278 3.46931470 0.00626799 0.00519196 0.00366732 0.01974410 0.15586365 0.08924798 0.12387026 0.09839856 0.23289256 0.12551096 0.11215529 0.02718937
176.05868623 3.44610168 0.00606818 0.00528932 0.00265872 0.02230729 0.15641784 0.08719508 0.12409168 0.10319330 0.23496755 0.12225945 0.10989865 0.02565294
177.05901967 3.41680004 0.00668588 0.00566273 0.00346667 0.02115821 0.16044756 0.08725928 0.11784666 0.10076120 0.23557666 0.12394652 0.10977928 0.02740936
178.05935312 3.39626855 0.00637252 0.00572037 0.00312532 0.01966876 0.15145670 0.09545569 0.12324344 0.10029520 0.23292750 0.12176543 0.11367224 0.02629683
179.05968656 3.37191364 0.00682838 0.00544290 0.00364364 0.02024994 0.15720814 0.09170012 0.11634055 0.09740893 0.23177612 0.12561842 0.11579081 0.02799205
180.06002001 3.34242363 0.00797045 0.00530428 0.00477607 0.02779442 0.15522148 0.09048217 0.10588309 0.10086477 0.23050465 0.12893990 0.11250879 0.02974993
181.06035345 3.32212647 0.00817447 0.00515105 0.00496003 0.03007768 0.14243731 0.09806934 0.11290695 0.10867686 0.22511129 0.12341607 0.11063035 0.03038861
182.06068690 3.31082848 0.00741334 0.00487093 0.00448235 0.02477232 0.15170707 0.10101861 0.10625966 0.10317595 0.22380487 0.13456184 0.10807747 0.02985559
183.06102034 3.29163736 0.00814260 0.00488643 0.00520378 0.02634920 0.15080177 0.10146434 0.10930883 0.10349893 0.22402493 0.13044770 0.10491825 0.03095326
184.06135378 3.26231793 0.00774312 0.00483947 0.00429823 0.02592748 0.15185252 0.09763880 0.11548526 0.10758727 0.22512271 0.12833368 0.10402002 0.02715143
185.06168723 3.24500534 0.00792519 0.00515222 0.00403300 0.02725439 0.16054956 0.08613382 0.11416232 0.10769457 0.22106470 0.13109996 0.10494591 0.02998437
186.06202067 3.22448204 0.00792013 0.00479146 0.00496089 0.02537766 0.15211793 0.09322099 0.11457886 0.10621441 0.21774548 0.13145170 0.11201001 0.02961048
187.06235412 3.19933618 0.00680182 0.00543983 0.00348381 0.01755338 0.16491232 0.09092593 0.11483713 0.10246473 0.21870251 0.13414879 0.10969308 0.03103667
188.06268756 3.18142289 0.00662150 0.00505001 0.00407767 0.02326541 0.16270266 0.08923295 0.11712433 0.10413621 0.21418227 0.13346449 0.10995298 0.03018952
189.06302101 3.15679806 0.00764980 0.00477793 0.00497458 0.02237354 0.15937877 0.09654729 0.11384952 0.10784417 0.20975976 0.12849251 0.11544471 0.02890742
190.06335445 3.12884582 0.00750833 0.00498501 0.00471075 0.02996279 0.16966645 0.09337005 0.11168344 0.10441565 0.20707875 0.12879651 0.10949396 0.02832830
191.06368790 3.10278478 0.00659102 0.00499528 0.00340127 0.02034357 0.16350966 0.09287626 0.11416959 0.10763607 0.20623058 0.13873856 0.11288503 0.02862311
192.06402134 3.08748883 0.00734266 0.00504285 0.00393878 0.01793783 0.16759860 0.09808281 0.11758557 0.10764390 0.20527142 0.12795015 0.11418773 0.02741768
193.06435478 3.05530565 0.00605853 0.00528259 0.00318628 0.02255031 0.16483385 0.09204813 0.12220282 0.10475092 0.20643926 0.13713459 0.10622403 0.02928869
194.06468823 3.03604692 0.00595155 0.00521072 0.00313982 0.02217385 0.16738539 0.09634978 0.11945365 0.10284855 0.20520357 0.13083394 0.11416270 0.02728648
195.06502167 3.01848696 0.00584810 0.00521657 0.00260401 0.01583117 0.17677512 0.09981251 0.12270772 0.10413554 0.20521409 0.12466435 0.10914418 0.02804664
196.06535512 2.98797838 0.00638696 0.00526453 0.00335242 0.01123563 0.17286107 0.08951244 0.12001909 0.09823449 0.20642604 0.13610820 0.12034876 0.03025036
197.06568856 2.96507326 0.00702157 0.00542327 0.00440910 0.02114833 0.17547530 0.09762879 0.11873989 0.10254607 0.21104320 0.11712303 0.11384363 0.02559782
198.06602201 2.95703639 0.00546898 0.00516944 0.00244747 0.02135222 0.17756578 0.08709323 0.12325836 0.09789793 0.21131320 0.12752290 0.11375210 0.02715840
199.06635545 2.94011006 0.00597405 0.00504098 0.00294034 0.01802923 0.17804483 0.09407441 0.11672897 0.09270512 0.21012926 0.12696335 0.12253156 0.02683789
200.06668890 2.92587395 0.00579421 0.00500900 0.00319389 0.01543290 0.17872432 0.09142362 0.12575582 0.09874960 0.21448181 0.12132753 0.11324927 0.02685804
201.06702234 2.90844228 0.00645680 0.00492738 0.00333959 0.01817066 0.17770605 0.08498239 0.12297559 0.09534851 0.21451831 0.12205013 0.12114051 0.02838408
202.06735579 2.89944045 0.00568446 0.00489803 0.00326170 0.01941732 0.18517066 0.08810364 0.12884942 0.08985028 0.21520730 0.11740246 0.11543482 0.02671992
203.06768923 2.87691422 0.00603593 0.00503913 0.00356945 0.02150122 0.18111064 0.08407850 0.13055537 0.09056999 0.21859670 0.11849475 0.11338231 0.02706601
204.06802267 2.85782824 0.00547028 0.00515843 0.00301383 0.01750172 0.18804784 0.08979090 0.12156028 0.09094426 0.21591571 0.11599453 0.11912603 0.02747619
205.06835612 2.84493996 0.00518578 0.00524786 0.00300502 0.01706226 0.18185510 0.08886435 0.13477259 0.09346511 0.21997493 0.11319902 0.11416702 0.02320097
206.06868956 2.82986663 0.00439629 0.00502104 0.00177561 0.01145478 0.19313813 0.08845208 0.12629755 0.09084492 0.21782700 0.11947801 0.11600930 0.02530528
207.06902301 2.81434069 0.00512490 0.00478268 0.00227017 0.01185838 0.17989483 0.09641205 0.13069595 0.09853078 0.21513720 0.11443213 0.11688409 0.02397683
208.06935645 2.79057573 0.00510942 0.00498536 0.00200304 0.01614350 0.19132132 0.08456360 0.12606732 0.09268855 0.21444164 0.12338664 0.11157309 0.02771653
209.06968990 2.76558964 0.00614914 0.00508571 0.00456022 0.01858060 0.18679099 0.08698993 0.12620337 0.09245349 0.20958415 0.12134825 0.11668731 0.02556684
210.07002334 2.74490977 0.00555660 0.00533683 0.00322853 0.01842282 0.19344824 0.09060938 0.12215319 0.09133995 0.20524199 0.11798812 0.11923728 0.02743706
211.07035679 2.72973044 0.00660106 0.00484352 0.00398193 0.01744468 0.19830325 0.08388707 0.12188477 0.09311360 0.20379583 0.12249733 0.11744870 0.02619826
212.07069023 2.70673346 0.00563689 0.00483799 0.00267225 0.01711655 0.19319821 0.08705495 0.13046326 0.09648840 0.19950047 0.11364411 0.11811692 0.03127000
213.07102367 2.68498457 0.00645580 0.00458908 0.00439794 0.02176844 0.20508658 0.08512780 0.12209458 0.09181230 0.19930504 0.11695102 0.11670873 0.02570270
214.07135712 2.66149181 0.00562331 0.00470969 0.00349208 0.02004753 0.20460541 0.08713915 0.12741905 0.08768382 0.19925104 0.11736689 0.11554346 0.02711856
215.07169056 2.64014360 0.00665418 0.00455254 0.00466580 0.02375810 0.19911310 0.08092620 0.12532444 0.09280504 0.19937460 0.11922804 0.11662078 0.02697719
216.07202401 2.62426487 0.00682325 0.00495931 0.00399021 0.02184353 0.20357127 0.08680056 0.12439847 0.09564034 0.19706292 0.11951519 0.11125135 0.02414360
217.07235745 2.59589092 0.00641601 0.00465524 0.00431330 0.02487594 0.19383403 0.09153862 0.12333321 0.09323050 0.19205224 0.11788702 0.12063649 0.02722741
218.07269090 2.57711975 0.00506024 0.00457719 0.00280560 0.02413276 0.19683496 0.08641682 0.13189273 0.08772996 0.19028760 0.12828909 0.11445128 0.02752175
219.07302434 2.55914920 0.00568719 0.00488784 0.00300408 0.01671573 0.19594806 0.08963730 0.13195288 0.09460859 0.18952673 0.11311894 0.12985350 0.02505915
220.07335779 2.54108961 0.00585765 0.00481917 0.00275682 0.01634871 0.19961763 0.08372918 0.13434256 0.09599518 0.19380041 0.11898851 0.11924988 0.02449432
221.07369123 2.51208845 0.00614199 0.00517953 0.00376213 0.01454748 0.19849084 0.08295509 0.12833691 0.09444146 0.20213579 0.11871810 0.11903847 0.02625222
222.07402467 2.49776619 0.00525802 0.00512747 0.00325773 0.01145189 0.20402312 0.09038497 0.12514679 0.08533884 0.20845914 0.11490377 0.12246113 0.02418713
223.07435812 2.47404909 0.00529033 0.00496942 0.00391531 0.01888048 0.19766231 0.08050661 0.12559745 0.08514697 0.20700972 0.12053847 0.12022925 0.03025368
224.07469156 2.45795436 0.00518619 0.00486746 0.00245130 0.01490209 0.20389100 0.08757913 0.13238680 0.09033078 0.20145980 0.11183825 0.12203867 0.02306853
225.07502501 2.44450748 0.00500418 0.00489037 0.00232168 0.02122309 0.20219738 0.08249910 0.13513466 0.08943549 0.20296051 0.11342221 0.11655608 0.02435525
226.07535845 2.43004914 0.00601817 0.00437101 0.00321993 0.02167168 0.20172137 0.09121334 0.12580292 0.08822389 0.19759236 0.11389542 0.12143603 0.02483388
227.07569190 2.41665791 0.00682356 0.00453778 0.00468957 0.02128238 0.19927853 0.09032499 0.13039172 0.08773529 0.19956268 0.11521230 0.11126020 0.02890100
228.07602534 2.39822775 0.00576305 0.00448873 0.00335522 0.01510400 0.20051481 0.09480358 0.12539784 0.08570171 0.20005781 0.11670173 0.11987029 0.02824124
229.07635879 2.37927609 0.00529509 0.00431551 0.00267326 0.01712593 0.19872105 0.09537296 0.12857384 0.08817989 0.19832081 0.11592508 0.11701979 0.02847680
230.07669223 2.37113729 0.00534645 0.00445106 0.00315333 0.01452511 0.20552043 0.09159451 0.12354779 0.09095363 0.19898195 0.11746246 0.11840511 0.02605818
231.07702568 2.35669496 0.00505161 0.00451803 0.00299762 0.01431530 0.20460961 0.09302351 0.12863322 0.08416307 0.19940985 0.11121590 0.12242474 0.02963755
232.07735912 2.34476156 0.00566126 0.00454822 0.00328696 0.01548804 0.20385748 0.09374484 0.13185991 0.08341525 0.19975411 0.11121119 0.11754361 0.02962915
233.07769256 2.33154721 0.00533478 0.00454342 0.00301328 0.01606450 0.20269077 0.09118622 0.12908803 0.08143106 0.20052255 0.11935292 0.11869513 0.02807734
234.07802601 2.31206868 0.00535224 0.00447652 0.00314854 0.01340450 0.19919661 0.09536961 0.13748269 0.08646388 0.20096687 0.10941561 0.11654361 0.02817933
235.07835945 2.29760010 0.00545064 0.00461787 0.00323702 0.01758458 0.20453243 0.08542524 0.13269089 0.08359525 0.20132459 0.11562727 0.11758433 0.02832989
236.07869290 2.28636420 0.00520724 0.00421998 0.00340365 0.02139909 0.20723395 0.08771061 0.13219018 0.08386229 0.19541091 0.11280518 0.11868233 0.02787460
237.07902634 2.26151521 0.00502988 0.00426014 0.00261249 0.01806492 0.20582584 0.09068558 0.13504719 0.08658858 0.19613467 0.11095472 0.11704851 0.02774748
238.07935979 2.24036887 0.00579371 0.00407131 0.00366139 0.01891392 0.20614789 0.09007158 0.13228747 0.08361506 0.19043568 0.11507566 0.11935527 0.03057106
239.07969323 2.23036831 0.00529461 0.00424635 0.00353125 0.01741957 0.21197606 0.09483701 0.13373932 0.08164375 0.18901270 0.11041345 0.11976783 0.02811810
240.08002668 2.21611329 0.00592949 0.00454788 0.00390326 0.01888227 0.21156969 0.09225481 0.13133571 0.08327775 0.18669247 0.11148187 0.12120210 0.02892269
241.08036012 2.18765447 0.00588912 0.00476968 0.00379852 0.01954166 0.20939596 0.09158303 0.14103289 0.08397869 0.18374970 0.11047521 0.11654736 0.02923817
242.08069356 2.16323857 0.00620024 0.00460444 0.00424280 0.02547440 0.21164064 0.08865574 0.13329980 0.08601424 0.18044849 0.11166962 0.11487850 0.03287109
243.08102701 2.14498489 0.00551203 0.00436400 0.00407812 0.02743363 0.20719119 0.09148872 0.13354529 0.08735959 0.17638250 0.11890716 0.11288004 0.03085773
244.08136045 2.12528252 0.00624036 0.00407035 0.00399909 0.02498878 0.20918819 0.09532475 0.13064005 0.08718939 0.17374287 0.11770594 0.11545020 0.03146004
245.08169390 2.10760555 0.00610098 0.00406720 0.00403587 0.02560361 0.21195870 0.09706616 0.13442799 0.08416291 0.17748414 0.11450712 0.10885422 0.03173110
246.08202734 2.10044294 0.00519663 0.00385741 0.00287001 0.01751524 0.20427343 0.10056648 0.14140930 0.08367127 0.17766867 0.11423835 0.11761960 0.03111362
247.08236079 2.09393623 0.00467404 0.00366124 0.00227825 0.01281637 0.21353518 0.09990010 0.14230033 0.08568413 0.17989907 0.11539206 0.11209593 0.02776329
248.08269423 2.07442254 0.00478156 0.00373925 0.00218011 0.01048953 0.20105052 0.10108925 0.14258830 0.08274467 0.18079082 0.11986218 0.11959545 0.03108837
249.08302768 2.05775573 0.00465093 0.00424779 0.00223282 0.00827554 0.21524744 0.09569999 0.14159338 0.08271294 0.18219334 0.12049758 0.11524942 0.02739882
250.08336112 2.03864992 0.00420481 0.00442865 0.00220306 0.01082870 0.20500302 0.09658014 0.14541764 0.08359726 0.18400845 0.11138671 0.12222060 0.03012096
251.08369456 2.02216953 0.00475362 0.00420067 0.00214966 0.01137886 0.21517685 0.09481608 0.14482519 0.08487995 0.17999881 0.11447014 0.11717466 0.02617551
252.08402801 2.01569639 0.00474300 0.00400508 0.00208864 0.01348444 0.20904647 0.09146126 0.14621137 0.08766918 0.17919965 0.11331085 0.11766999 0.03111008
253.08436145 2.00235875 0.00432358 0.00406416 0.00186941 0.00783792 0.21002905 0.09340922 0.14783395 0.08237814 0.17923194 0.12272988 0.12010591 0.02618682
254.08469490 1.99711610 0.00495921 0.00392006 0.00200424 0.01199168 0.21869955 0.09938787 0.14228698 0.08869885 0.18113458 0.10995168 0.10857260 0.02839270
255.08502834 1.97968404 0.00512535 0.00408268 0.00285362 0.01148180 0.21196558 0.09427735 0.14619520 0.08400078 0.18373520 0.11263665 0.11842178 0.02522401
256.08536179 1.96288529 0.00401561 0.00415139 0.00172385 0.00827523 0.22788193 0.09587942 0.14527010 0.07980654 0.18143049 0.11411087 0.11143938 0.02601520
257.08569523 1.94434518 0.00482788 0.00418768 0.00207232 0.01233338 0.21932888 0.09592704 0.14079258 0.08537300 0.18139644 0.10515444 0.12248799 0.02611837
258.08602868 1.92872077 0.00501723 0.00385306 0.00243714 0.01151295 0.21940676 0.08925567 0.14263548 0.08271584 0.17588012 0.12035658 0.12000900 0.02692017
259.08636212 1.90612758 0.00448433 0.00394650 0.00190421 0.01121283 0.21269966 0.09480857 0.14849229 0.08637815 0.18061887 0.10799205 0.11952855 0.02793398
260.08669557 1.89331401 0.00409445 0.00392112 0.00154560 0.00700959 0.20864997 0.09744788 0.14679225 0.08883335 0.18104166 0.11306586 0.12023048 0.02736778
261.08702901 1.87837134 0.00454366 0.00365732 0.00252159 0.01195782 0.21196966 0.09576805 0.14317002 0.07941172 0.17656226 0.11933664 0.12118368 0.02991759
262.08736245 1.86055074 0.00516667 0.00368333 0.00226708 0.01485226 0.20745480 0.10720679 0.14586832 0.09046231 0.17652366 0.10511279 0.11193639 0.02946560
263.08769590 1.83954154 0.00505156 0.00378397 0.00252251 0.01153765 0.20903873 0.09634336 0.13984994 0.08236398 0.17518586 0.12146619 0.12273024 0.03012601
264.08802934 1.82808765 0.00602425 0.00360143 0.00331515 0.01496425 0.21795115 0.09555118 0.14556146 0.08835991 0.16920884 0.11575062 0.10940269 0.03030908
265.08836279 1.81913494 0.00517834 0.00365781 0.00328868 0.01124774 0.20698168 0.09973088 0.15278556 0.08850784 0.17579665 0.11107317 0.11303779 0.02871386
266.08869623 1.80694583 0.00559213 0.00358728 0.00333688 0.01520051 0.21751669 0.09091183 0.14779151 0.08141691 0.17291922 0.12242558 0.11174054 0.02756091
267.08902968 1.79616109 0.00468169 0.00363916 0.00170672 0.00931288 0.21301380 0.10074512 0.14852630 0.08907783 0.17567268 0.10935750 0.11630505 0.02796128
268.08936312 1.78501692 0.00470716 0.00347905 0.00239504 0.01274023 0.22155450 0.09410196 0.14066262 0.08538408 0.17216019 0.11781243 0.12078851 0.02421421
269.08969657 1.77010494 0.00390629 0.00381458 0.00198564 0.01153292 0.22003596 0.09397750 0.14674966 0.08127857 0.17642632 0.11572921 0.11884107 0.02572229
270.09003001 1.75470831 0.00369143 0.00372800 0.00148852 0.00945202 0.22448707 0.09351695 0.14868571 0.08575629 0.17038019 0.11162740 0.12118286 0.02600356
271.09036345 1.74450352 0.00440451 0.00374818 0.00223539 0.01572487 0.22019432 0.08180986 0.15341521 0.07812085 0.17366867 0.11869301 0.12191028 0.02607486
272.09069690 1.72682809 0.00419003 0.00333384 0.00182329 0.01635465 0.22396189 0.08564859 0.15702614 0.08288199 0.17612482 0.10560605 0.11444563 0.02860308
273.09103034 1.71768216 0.00563740 0.00340304 0.00420131 0.01770047 0.22501349 0.08459084 0.15426130 0.07709838 0.17382461 0.11069576 0.11737238 0.02620103
274.09136379 1.70099597 0.00444080 0.00362909 0.00158419 0.01232924 0.22658128 0.08302224 0.16472676 0.07905684 0.17347908 0.11056459 0.11394953 0.02663638
275.09169723 1.68970689 0.00444332 0.00383590 0.00225230 0.01417441 0.22710907 0.08706030 0.15955704 0.08026528 0.17253568 0.10168943 0.12316854 0.02390873
276.09203068 1.67965203 0.00407900 0.00385718 0.00183102 0.00553708 0.23219573 0.08477947 0.16302866 0.07597227 0.17190243 0.10852208 0.12267614 0.02561896
277.09236412 1.66198561 0.00500962 0.00385316 0.00297940 0.01629066 0.22809861 0.08683441 0.15826747 0.08029246 0.16751058 0.10360987 0.12170878 0.02554497
278.09269757 1.64548411 0.00489456 0.00352987 0.00305491 0.01219532 0.22804369 0.08439488 0.15620609 0.07890303 0.16683376 0.10758158 0.12886519 0.02549712
279.09303101 1.63666396 0.00553416 0.00394905 0.00398255 0.01306595 0.23631639 0.07973651 0.15806465 0.07486143 0.17016477 0.10481881 0.12444214 0.02506359
280.09336445 1.61728077 0.00492611 0.00390614 0.00331743 0.02129288 0.23065077 0.08177287 0.15624835 0.07324353 0.16566272 0.10143997 0.13414834 0.02339091
281.09369790 1.61106998 0.00494476 0.00370168 0.00427706 0.01550754 0.24169226 0.08011031 0.16451155 0.07548187 0.16326362 0.10251721 0.11967936 0.02431279
282.09403134 1.59835187 0.00394539 0.00350199 0.00260177 0.02011468 0.23427727 0.08020716 0.16526654 0.07472339 0.16634648 0.09935382 0.12355187 0.02610965
283.09436479 1.59391119 0.00437630 0.00363196 0.00348661 0.02003643 0.24091732 0.07649096 0.16544550 0.07048300 0.16821886 0.10136394 0.11952898 0.02602015
284.09469823 1.57852403 0.00476250 0.00358092 0.00312509 0.01454338 0.24149738 0.07892990 0.16807819 0.07424517 0.16788145 0.09984198 0.11932657 0.02418747
285.09503168 1.56329987 0.00458610 0.00373478 0.00248773 0.01371667 0.23770952 0.08077607 0.16414082 0.07602065 0.17135989 0.09919485 0.12203896 0.02423395
286.09536512 1.55650508 0.00375530 0.00352277 0.00174173 0.01150271 0.23675043 0.08029402 0.16540534 0.07535950 0.17121351 0.09951792 0.12598010 0.02495668
287.09569857 1.55081627 0.00370769 0.00357668 0.00249258 0.01507467 0.23557976 0.08147989 0.16998007 0.07116837 0.16940196 0.09934856 0.12521432 0.02297546
288.09603201 1.53308933 0.00375990 0.00358954 0.00202573 0.01313388 0.23764620 0.08066168 0.16544334 0.06970850 0.16774177 0.10074914 0.13009082 0.02544950
289.09636546 1.53312517 0.00372634 0.00378163 0.00202588 0.01456067 0.23916853 0.08030935 0.16676631 0.07058466 0.17114988 0.09670718 0.12839472 0.02282484
290.09669890 1.52013573 0.00413656 0.00362270 0.00198825 0.01092052 0.24193175 0.07858244 0.17292708 0.07281322 0.16849450 0.09419512 0.12676687 0.02362099
291.09703234 1.50952979 0.00375122 0.00367284 0.00179778 0.01309488 0.24197195 0.07858630 0.16848969 0.07088289 0.16924124 0.09631027 0.12935633 0.02284461
292.09736579 1.49766452 0.00396856 0.00350373 0.00234180 0.01566419 0.23935155 0.08279007 0.17607463 0.07124557 0.17052695 0.09567872 0.11743565 0.02141858
293.09769923 1.48813042 0.00328463 0.00339250 0.00124527 0.00991327 0.24280876 0.07996431 0.17687717 0.07011271 0.16526925 0.09938101 0.12378090 0.02397020
294.09803268 1.47697919 0.00423340 0.00331394 0.00280828 0.01478858 0.23760917 0.08154436 0.17290426 0.07414550 0.16721632 0.09482383 0.12499761 0.02161475
295.09836612 1.46821037 0.00437567 0.00317049 0.00234880 0.01126275 0.24477399 0.08037335 0.17341093 0.07373100 0.16502027 0.09796102 0.11928781 0.02428393
296.09869957 1.45183250 0.00438054 0.00315555 0.00241275 0.01416752 0.23784253 0.07887497 0.16565619 0.07232683 0.16136297 0.10662958 0.12901893 0.02417165
297.09903301 1.44214989 0.00464837 0.00344855 0.00277084 0.01491080 0.23872363 0.07809835 0.16353968 0.07809700 0.16732777 0.09964720 0.12644356 0.02234424
298.09936646 1.43108449 0.00438385 0.00332585 0.00232247 0.01254991 0.23569962 0.07708152 0.16239198 0.07719804 0.16721099 0.10600490 0.12883510 0.02299575
299.09969990 1.42253176 0.00358876 0.00323060 0.00198336 0.01193790 0.23921660 0.08300848 0.16257991 0.07759852 0.16974866 0.09958028 0.12590864 0.02161829
300.10003334 1.41866456 0.00382460 0.00343882 0.00201128 0.00608393 0.23661327 0.07894307 0.17368155 0.07365185 0.16944487 0.10354272 0.12556171 0.02320233
301.10036679 1.41138879 0.00328445 0.00318309 0.00125382 0.00513989 0.23976368 0.07960565 0.17426479 0.07317410 0.16783427 0.10446299 0.12364413 0.02438914
302.10070023 1.40095224 0.00433585 0.00300511 0.00224540 0.01278758 0.23757803 0.08307881 0.17435396 0.07542910 0.16555975 0.09315701 0.12304573 0.02542367
303.10103368 1.38809129 0.00401867 0.00284136 0.00217354 0.01365637 0.23840817 0.07605605 0.17316518 0.07094044 0.16805102 0.10411538 0.12066306 0.02591077
304.10136712 1.38107551 0.00367803 0.00287736 0.00248349 0.01416696 0.24274027 0.08198291 0.17111115 0.07039003 0.16788456 0.09789362 0.11971797 0.02507365
305.10170057 1.37210207 0.00403450 0.00288089 0.00219583 0.01273215 0.23647290 0.07803092 0.17079957 0.07358897 0.16904483 0.09914874 0.12735152 0.02371919
306.10203401 1.36142211 0.00407330 0.00291457 0.00192892 0.00832117 0.24692800 0.07898791 0.16963434 0.07316334 0.16688668 0.09913150 0.12256245 0.02546780
307.10236746 1.35246694 0.00464868 0.00296465 0.00282699 0.01412375 0.24055664 0.08049851 0.17026351 0.07073220 0.16568861 0.09447896 0.13004890 0.02316860
308.10270090 1.34063360 0.00384799 0.00270480 0.00236476 0.01354666 0.24144727 0.08041296 0.17042673 0.06940240 0.16908257 0.09848135 0.12638338 0.02189912
309.10303434 1.32952934 0.00481268 0.00291253 0.00352077 0.01827215 0.24230445 0.07745303 0.17391040 0.06609738 0.17145645 0.09274057 0.12490401 0.02161557
310.10336779 1.31468698 0.00368521 0.00303182 0.00181834 0.01130381 0.24225411 0.07525278 0.17438557 0.06916375 0.17325068 0.09629432 0.12720616 0.02235347
311.10370123 1.30557255 0.00312296 0.00286273 0.00130523 0.01022237 0.25058724 0.07432849 0.17878875 0.06764129 0.17206440 0.09143871 0.12774297 0.01989486
312.10403468 1.29619934 0.00330925 0.00313372 0.00148220 0.00653525 0.25489660 0.07341289 0.17354727 0.06565060 0.17306659 0.09465248 0.13044539 0.01986776
313.10436812 1.28323526 0.00375028 0.00304118 0.00244926 0.01290176 0.25051867 0.07545280 0.17719785 0.06665475 0.16798741 0.09283617 0.12610822 0.02110165
314.10470157 1.27070111 0.00398141 0.00312396 0.00178858 0.01180377 0.24914637 0.07749582 0.17473788 0.07068631 0.16777424 0.09402347 0.12423168 0.02120650
315.10503501 1.26444674 0.00379774 0.00287353 0.00226832 0.01379039 0.25063263 0.08039142 0.17192602 0.06684493 0.16509698 0.09596275 0.12535399 0.02106129
316.10536846 1.25489742 0.00419671 0.00268169 0.00274857 0.01398661 0.24451875 0.08028134 0.17360541 0.06645088 0.16102360 0.09801069 0.12713444 0.02536130
317.10570190 1.24976891 0.00435844 0.00255292 0.00343219 0.01860283 0.24275966 0.07921735 0.17493167 0.07392097 0.15709818 0.09819471 0.12041419 0.02451689
318.10603535 1.23749760 0.00480857 0.00268360 0.00252670 0.01252058 0.23994351 0.07345337 0.17841863 0.07287570 0.15708049 0.09955154 0.13230423 0.02383306
319.10636879 1.22877586 0.00388576 0.00274937 0.00196567 0.00832742 0.24501758 0.07882260 0.18759717 0.07481771 0.15726019 0.09500188 0.12104105 0.02351362
320.10670223 1.22832340 0.00315997 0.00294619 0.00164158 0.00879867 0.23694507 0.07444007 0.18834808 0.07171351 0.15919188 0.09919263 0.13054948 0.02307286
321.10703568 1.21656101 0.00366336 0.00293775 0.00283942 0.01272174 0.23937063 0.07305288 0.18853096 0.06782071 0.16074473 0.09824009 0.12587242 0.02420529
322.10736912 1.20778017 0.00313665 0.00304899 0.00177374 0.01119996 0.24205795 0.07371221 0.18866278 0.07073335 0.16375790 0.09308913 0.12690395 0.02192340
323.10770257 1.19923449 0.00416645 0.00269948 0.00250739 0.01058780 0.24008019 0.07234775 0.18543482 0.07089491 0.16168226 0.09983379 0.12554459 0.02422058
324.10803601 1.19063740 0.00347919 0.00295658 0.00206849 0.01410944 0.24054713 0.07887166 0.18333427 0.07096603 0.16445830 0.09453408 0.12384268 0.02083214
325.10836946 1.18398094 0.00377711 0.00282024 0.00270940 0.01430550 0.24342087 0.07503104 0.18017232 0.06719075 0.16623782 0.09904406 0.12451419 0.02077671
326.10870290 1.17889675 0.00348468 0.00289616 0.00183574 0.01164471 0.24448468 0.07664588 0.17834693 0.06934169 0.16546378 0.09711339 0.12713295 0.02160940
327.10903635 1.17422048 0.00388719 0.00280929 0.00272958 0.01474964 0.24386274 0.07671400 0.18241293 0.07143536 0.16225247 0.09295652 0.12660389 0.01958638
328.10936979 1.16651983 0.00584868 0.00254841 0.00386884 0.01910376 0.23879093 0.07096430 0.18340423 0.07194885 0.15928655 0.09702793 0.12582975 0.02137777
329.10970323 1.16060995 0.00448652 0.00265800 0.00307319 0.01419731 0.24413487 0.07539503 0.18418412 0.06778384 0.16072799 0.09619749 0.12455878 0.02260286
330.11003668 1.15199816 0.00408940 0.00253794 0.00243312 0.02321865 0.24723884 0.07264568 0.18410207 0.06653622 0.15759941 0.09217598 0.12512665 0.02229604
331.11037012 1.14280014 0.00383642 0.00238128 0.00265366 0.01394455 0.25313824 0.07378588 0.18801103 0.06864075 0.15385275 0.09325188 0.12267088 0.02383266
332.11070357 1.13605124 0.00374807 0.00252563 0.00258313 0.01219896 0.25757067 0.07742612 0.18886577 0.06782274 0.15111852 0.09039853 0.12347804 0.02226380
333.11103701 1.12255871 0.00436601 0.00227199 0.00249500 0.01478832 0.25789818 0.07372510 0.18657532 0.06805011 0.14244609 0.09770825 0.12416241 0.02551321
334.11137046 1.10984982 0.00449227 0.00227383 0.00242160 0.01158625 0.25980061 0.08809259 0.18556639 0.06912130 0.14021340 0.09165730 0.12190760 0.02286686
335.11170390 1.10247376 0.00346012 0.00231649 0.00161905 0.00915403 0.26217564 0.07525059 0.18130259 0.06789776 0.14128636 0.10137648 0.12953680 0.02462410
336.11203735 1.09127823 0.00436814 0.00232184 0.00211258 0.01151202 0.25787045 0.08074870 0.18862740 0.07163072 0.14061846 0.09054990 0.12800158 0.02163822
337.11237079 1.08053749 0.00378523 0.00254951 0.00240200 0.01077811 0.25833649 0.07460999 0.18530038 0.06790447 0.14341276 0.09545015 0.12786059 0.02761033
338.11270423 1.07594173 0.00474510 0.00228064 0.00299697 0.01241788 0.25584418 0.07470616 0.18835993 0.07009858 0.14277824 0.09362270 0.12799307 0.02415653
339.11303768 1.07134216 0.00389098 0.00216846 0.00229692 0.01022335 0.25712997 0.08330259 0.18777253 0.06885538 0.14230382 0.09283685 0.12360584 0.02561332
340.11337112 1.05370074 0.00462795 0.00190232 0.00315050 0.01945311 0.25191570 0.07903630 0.18701891 0.06558955 0.13919696 0.09652304 0.12592159 0.02566406
341.11370457 1.04508260 0.00383019 0.00199496 0.00207461 0.01554446 0.25396680 0.08471140 0.19045007 0.06676637 0.13814714 0.09651465 0.11942593 0.02657341
342.11403801 1.04101450 0.00527168 0.00189208 0.00322540 0.01809410 0.25347852 0.07849347 0.18569337 0.07233811 0.13712859 0.09823269 0.12092000 0.02523198
343.11437146 1.03508875 0.00433566 0.00197497 0.00275129 0.01577164 0.25712760 0.08022469 0.18298397 0.07009290 0.14106440 0.09481890 0.12215662 0.02669737
344.11470490 1.03522708 0.00485699 0.00181575 0.00316530 0.01763109 0.25536183 0.08523246 0.18354240 0.06898448 0.13926137 0.09410098 0.12182248 0.02422485
345.11503835 1.03164615 0.00420664 0.00186203 0.00230824 0.01408055 0.25559301 0.08332783 0.18164301 0.06753534 0.14114246 0.09731982 0.12213493 0.02884614
346.11537179 1.02706959 0.00334789 0.00214905 0.00204449 0.00958224 0.26056961 0.08306764 0.18411157 0.06769722 0.14363536 0.09897984 0.12305467 0.02176042
347.11570524 1.02200267 0.00343437 0.00208227 0.00159895 0.00699327 0.25811016 0.08519744 0.18618198 0.06871106 0.14692865 0.09071153 0.12774625 0.02230408
348.11603868 1.01694922 0.00313030 0.00198782 0.00135567 0.01068985 0.25815264 0.08194145 0.19049995 0.06297197 0.14478407 0.09671159 0.12161234 0.02616234
349.11637212 1.00899333 0.00384621 0.00194586 0.00245747 0.01311678 0.25814628 0.08496994 0.19295019 0.06432608 0.14255498 0.08985189 0.12355849 0.02227585
350.11670557 0.99908552 0.00291207 0.00192992 0.00134400 0.01001664 0.26065056 0.07783442 0.19478418 0.06618375 0.14197864 0.09245390 0.12506557 0.02484635
351.11703901 0.99248650 0.00292428 0.00200846 0.00160993 0.00810558 0.26196365 0.07863714 0.20218045 0.06459611 0.13825049 0.09050719 0.12625938 0.02295735
352.11737246 0.98368401 0.00296206 0.00220711 0.00163266 0.00786826 0.26313467 0.08314323 0.19771506 0.06239063 0.13611365 0.08914937 0.13012980 0.02355350
353.11770590 0.97621880 0.00335672 0.00240019 0.00201014 0.01040496 0.26270186 0.07670823 0.19790942 0.06079264 0.13615636 0.09559355 0.13016599 0.02179993
354.11803935 0.97062261 0.00418393 0.00221349 0.00289351 0.01386176 0.26249140 0.07959138 0.19596904 0.06284196 0.13568389 0.08513784 0.13140723 0.02372457
355.11837279 0.96395231 0.00330706 0.00214806 0.00149257 0.01302625 0.26591390 0.07407549 0.19952970 0.06111125 0.13551010 0.08832745 0.13331684 0.02224133
356.11870624 0.95871015 0.00293078 0.00207087 0.00155832 0.01083061 0.26911819 0.08009639 0.20169021 0.05859358 0.13470791 0.08437294 0.13233310 0.02169709
357.11903968 0.94827095 0.00282205 0.00208210 0.00151713 0.00982312 0.27049334 0.07973267 0.19802637 0.06036824 0.13525325 0.08752673 0.13038572 0.02196928
358.11937312 0.94290378 0.00440449 0.00194517 0.00303891 0.01363821 0.26967080 0.07481853 0.19855387 0.05908201 0.13419613 0.08637472 0.13011848 0.02415866
359.11970657 0.93933880 0.00374858 0.00233719 0.00193926 0.01235300 0.27796632 0.07440255 0.20370285 0.05696238 0.13431443 0.07954902 0.12976494 0.02295948
360.12004001 0.93274273 0.00358167 0.00209903 0.00210698 0.01563079 0.27305305 0.07034508 0.20418791 0.05656414 0.13396907 0.08188898 0.13495841 0.02161491
361.12037346 0.92734068 0.00336381 0.00228486 0.00285933 0.01744503 0.28031710 0.07064427 0.20834329 0.05555884 0.13250952 0.07782772 0.12868844 0.02015779
362.12070690 0.91787021 0.00259395 0.00221340 0.00149360 0.01104740 0.27433294 0.07162750 0.21080480 0.05622388 0.13326320 0.07985446 0.13273492 0.02380995
363.12104035 0.91222381 0.00413607 0.00207726 0.00278599 0.01330743 0.28031098 0.06836821 0.20518729 0.05715705 0.12866306 0.08416402 0.13131357 0.02252905
364.12137379 0.90427049 0.00282878 0.00205154 0.00156659 0.00880475 0.27995669 0.07636837 0.20669360 0.05664071 0.12776975 0.07992462 0.13193485 0.02545976
365.12170724 0.90024251 0.00274436 0.00226509 0.00146158 0.01021640 0.28248119 0.06880886 0.20511140 0.05775276 0.12548336 0.08538733 0.13432806 0.02395960
366.12204068 0.89068361 0.00291242 0.00211539 0.00150448 0.00995037 0.28326152 0.07032329 0.20809854 0.05857781 0.12506635 0.08163395 0.13650465 0.02005122
367.12237412 0.88714126 0.00374289 0.00190547 0.00210148 0.01194531 0.28473595 0.06867483 0.21349441 0.05712296 0.12389630 0.07914611 0.13276622 0.02046807
368.12270757 0.87602879 0.00279023 0.00201020 0.00150038 0.01189859 0.28507768 0.06321153 0.21506802 0.05741874 0.12420840 0.07968618 0.13812441 0.01900563
369.12304101 0.87189068 0.00232220 0.00226272 0.00092838 0.00695077 0.29228104 0.06651063 0.21871130 0.05584716 0.12603508 0.07608929 0.13497133 0.01709010
370.12337446 0.86053221 0.00346356 0.00214574 0.00194705 0.01192701 0.28742228 0.06102440 0.21872705 0.05540186 0.12159697 0.07655957 0.14101181 0.01877270
371.12370790 0.85077930 0.00351680 0.00219292 0.00215461 0.01153850 0.29052155 0.06648182 0.21487231 0.05505970 0.12041500 0.07615274 0.13779853 0.01929551
372.12404135 0.84173298 0.00250803 0.00251705 0.00158858 0.01007947 0.29219966 0.06479147 0.21375813 0.05376294 0.12042884 0.07831529 0.14167810 0.01837243
373.12437479 0.83638003 0.00223513 0.00247897 0.00131138 0.00540587 0.29315368 0.06676479 0.21624341 0.05325778 0.12297964 0.07714983 0.14000457 0.01901496
374.12470824 0.83315087 0.00237975 0.00238331 0.00151139 0.00846413 0.29758665 0.06437477 0.21105870 0.05393352 0.12529375 0.07530308 0.14117910 0.01653186
375.12504168 0.83465034 0.00303188 0.00197174 0.00218792 0.01142887 0.29445342 0.06034849 0.21294946 0.05457549 0.12281986 0.07726443 0.14013098 0.01883744
376.12537513 0.82733367 0.00201617 0.00204861 0.00105333 0.00811884 0.29503538 0.06684159 0.21732871 0.05097681 0.12331960 0.07332141 0.13947274 0.02046680
377.12570857 0.82612577 0.00219321 0.00230375 0.00108958 0.00357666 0.30014335 0.06170385 0.22071742 0.04997171 0.12507126 0.07675970 0.13788883 0.01858069
378.12604201 0.82332526 0.00190940 0.00185506 0.00081202 0.00507076 0.29805950 0.06239735 0.22212198 0.05085365 0.12490718 0.07573880 0.13834817 0.01792615
379.12637546 0.81847754 0.00189636 0.00204430 0.00086984 0.00791179 0.30038464 0.06054347 0.22235375 0.05011258 0.12730697 0.07551540 0.13364975 0.01741115
380.12670890 0.81162449 0.00170952 0.00230135 0.00065021 0.00596913 0.29297279 0.06103985 0.22140649 0.04842692 0.12505240 0.07415985 0.14606120 0.02025028
381.12704235 0.80703584 0.00230673 0.00221204 0.00166507 0.00694468 0.29978167 0.06194542 0.22699618 0.04792609 0.12510549 0.07241919 0.13630321 0.01639422
382.12737579 0.80127491 0.00251893 0.00213087 0.00145962 0.00622822 0.29612017 0.06123680 0.22294607 0.05063506 0.12545976 0.06955340 0.14343192 0.01827920
383.12770924 0.79473069 0.00206489 0.00211923 0.00127501 0.00804182 0.29949339 0.06141746 0.22481657 0.04561242 0.12416197 0.06918218 0.14587401 0.01594105
384.12804268 0.78984776 0.00246364 0.00203666 0.00153493 0.00720214 0.30058709 0.05845974 0.22573433 0.04764952 0.12381372 0.07075495 0.14098122 0.01878206
385.12837613 0.78262821 0.00359809 0.00210691 0.00326001 0.00938347 0.29962316 0.05748389 0.22136089 0.04665524 0.12447071 0.06922492 0.14591730 0.01691543
386.12870957 0.77599552 0.00317386 0.00205656 0.00283244 0.01312394 0.29619467 0.05886054 0.22633140 0.04673206 0.12458379 0.06677469 0.13915002 0.02018602
387.12904301 0.77620406 0.00339796 0.00189448 0.00346159 0.01542939 0.29569744 0.05883115 0.22559069 0.04662762 0.12350472 0.06738838 0.13793434 0.02024222
388.12937646 0.76953394 0.00325051 0.00197179 0.00237094 0.01500326 0.29591216 0.05659156 0.22590049 0.04629115 0.12267694 0.07102068 0.13890333 0.02010718
389.12970990 0.76569848 0.00314770 0.00177605 0.00237935 0.01363955 0.29686634 0.05710109 0.22844633 0.05120333 0.12122617 0.06870497 0.13731267 0.01819644
390.13004335 0.75996422 0.00292035 0.00181359 0.00196189 0.01300145 0.29836483 0.05770162 0.22512983 0.05249369 0.11631015 0.07488129 0.13634938 0.01907192
391.13037679 0.75497801 0.00445576 0.00180549 0.00325536 0.01299097 0.29862327 0.06318780 0.22507478 0.05141394 0.11439164 0.06835592 0.13651432 0.01993075
392.13071024 0.74926626 0.00430587 0.00177712 0.00321695 0.01293611 0.29663122 0.06347311 0.22495501 0.05195710 0.11037870 0.07326021 0.13948211 0.01762649
393.13104368 0.74438986 0.00293858 0.00200648 0.00160320 0.01333011 0.29876537 0.06181317 0.22738147 0.04915613 0.11289975 0.07013751 0.14029321 0.01967501
394.13137713 0.73961221 0.00254755 0.00204529 0.00145385 0.00973729 0.29395908 0.06382219 0.23041953 0.05023191 0.10881090 0.07413892 0.14235363 0.02047985
395.13171057 0.72865670 0.00266179 0.00204711 0.00174097 0.00928886 0.29569412 0.06030987 0.23222205 0.05177902 0.10803511 0.07506757 0.14227017 0.01888336
396.13204401 0.72111357 0.00242814 0.00195804 0.00093268 0.00872075 0.29692026 0.06337482 0.23559558 0.05329402 0.10806430 0.06855171 0.14184801 0.01831169
397.13237746 0.71563295 0.00354286 0.00191881 0.00235924 0.00977667 0.30361470 0.06137706 0.23158569 0.04905620 0.10890152 0.07238621 0.13743526 0.01804578
398.13271090 0.71143661 0.00337104 0.00190055 0.00221205 0.00901795 0.30251183 0.06189608 0.23029504 0.04814974 0.10543467 0.07447210 0.14086016 0.01987879
399.13304435 0.70549810 0.00296078 0.00179922 0.00156552 0.01041591 0.30294932 0.06723787 0.23151543 0.05011448 0.10475094 0.06961974 0.13572632 0.02134447
400.13337779 0.69951353 0.00353832 0.00169727 0.00237021 0.01394457 0.30702581 0.06234154 0.22831953 0.04939354 0.10305961 0.07338544 0.13490200 0.02002216
401.13371124 0.69531671 0.00313234 0.00176142 0.00177002 0.01177189 0.30246493 0.06898683 0.23141363 0.04773251 0.10278986 0.06924022 0.13879253 0.02014381
402.13404468 0.68980276 0.00241633 0.00176676 0.00140897 0.00925695 0.30340171 0.06703456 0.23474143 0.04583594 0.10298194 0.07090385 0.14146029 0.01879127
403.13437813 0.67903543 0.00234697 0.00197027 0.00123169 0.00711145 0.30816186 0.05851037 0.23401733 0.04648078 0.10446028 0.06917459 0.14548775 0.02104666
404.13471157 0.67242542 0.00199518 0.00255461 0.00127829 0.00435922 0.30723827 0.06778956 0.23082441 0.04513467 0.10470927 0.06297102 0.15239723 0.01874827
405.13504502 0.66571710 0.00176804 0.00219233 0.00075510 0.00332648 0.30656597 0.06004929 0.24107575 0.04245070 0.10627908 0.07187865 0.14219252 0.02146609
406.13537846 0.66051429 0.00259764 0.00193497 0.00141157 0.00681144 0.30572400 0.06538247 0.23319183 0.04567381 0.10456748 0.06699316 0.14608253 0.01962909
407.13571190 0.65921113 0.00225420 0.00187697 0.00115704 0.00707950 0.31002975 0.06655592 0.23839577 0.04497280 0.10437984 0.06519956 0.14018974 0.01790892
408.13604535 0.65087174 0.00273773 0.00177661 0.00151935 0.00913743 0.30918647 0.06057275 0.23977317 0.04312682 0.10188320 0.07151766 0.13834771 0.02042109
409.13637879 0.64763682 0.00209948 0.00157800 0.00108560 0.00846335 0.31581321 0.07024356 0.23591560 0.04607571 0.10098578 0.05966517 0.13979380 0.01828074
410.13671224 0.63888452 0.00281756 0.00153917 0.00163020 0.00780388 0.31076029 0.06321533 0.23716301 0.04366768 0.10067195 0.07044028 0.13886005 0.02143060
411.13704568 0.63472717 0.00262242 0.00151906 0.00147354 0.00810784 0.31047024 0.07036734 0.23517752 0.04352736 0.09996688 0.06729966 0.14000092 0.01946720
412.13737913 0.62778161 0.00346162 0.00150440 0.00229006 0.00917131 0.31085832 0.06691453 0.23384505 0.04431177 0.09947595 0.06538104 0.14138067 0.02140527
413.13771257 0.62120424 0.00245157 0.00179573 0.00155431 0.00617263 0.31320465 0.06203388 0.23593105 0.04632436 0.09947439 0.06561073 0.14622776 0.01921893
414.13804602 0.62030022 0.00263367 0.00163589 0.00141816 0.00781965 0.31425039 0.06919497 0.23533973 0.04225432 0.10068951 0.06031924 0.14285896 0.02158552
415.13837946 0.61196472 0.00232608 0.00153979 0.00160626 0.00859254 0.31596364 0.06176673 0.23550649 0.04012544 0.09774938 0.06896812 0.14473876 0.02111677
416.13871290 0.60739142 0.00235044 0.00155923 0.00107077 0.00770056 0.31574720 0.06884454 0.23899851 0.04496278 0.09472501 0.06325534 0.14089911 0.01988651
417.13904635 0.60322358 0.00255462 0.00153901 0.00090626 0.00504449 0.32024740 0.06534852 0.24044495 0.04408066 0.09332831 0.06426170 0.14149071 0.02075335
418.13937979 0.59809379 0.00292759 0.00151802 0.00185257 0.00869738 0.31601442 0.06289385 0.23908766 0.04299768 0.09483180 0.06940716 0.13975845 0.02001342
419.13971324 0.59271145 0.00196219 0.00162533 0.00105025 0.00932045 0.31791067 0.06678782 0.23990769 0.04297399 0.09506371 0.06174345 0.14200558 0.01964887
420.14004668 0.58936347 0.00213402 0.00172735 0.00119342 0.00693249 0.32130298 0.06427032 0.23307462 0.04223155 0.09449149 0.06770743 0.14685486 0.01807948
421.14038013 0.58935041 0.00190725 0.00175277 0.00089451 0.00447038 0.31939073 0.06958985 0.23677465 0.04268773 0.09360829 0.06448794 0.14488072 0.01955518
422.14071357 0.58288656 0.00186758 0.00160283 0.00088813 0.00701534 0.32187507 0.06724580 0.22962482 0.04200498 0.09473803 0.06781397 0.14623616 0.01908730
423.14104702 0.57986243 0.00196967 0.00151023 0.00083494 0.00472790 0.31973584 0.06496508 0.23225873 0.04482842 0.09641233 0.06720923 0.14585566 0.01969196
424.14138046 0.57773132 0.00246986 0.00160717 0.00133560 0.00545580 0.31875728 0.06691300 0.23635141 0.04457724 0.09499166 0.06603965 0.14240683 0.01909449
425.14171390 0.57551245 0.00184675 0.00144328 0.00104874 0.00382268 0.32324122 0.06515802 0.23322534 0.04221842 0.09596327 0.07172859 0.14132332 0.01898037
426.14204735 0.57515455 0.00149749 0.00143063 0.00056521 0.00253244 0.32037208 0.06922500 0.23797428 0.04425149 0.09703743 0.06779970 0.13839444 0.01891981
427.14238079 0.57022872 0.00185575 0.00131859 0.00063547 0.00301215 0.32448120 0.06730424 0.23712330 0.04505868 0.09275669 0.06930455 0.13899795 0.01815144
428.14271424 0.56395422 0.00188964 0.00144555 0.00102997 0.00337057 0.32248172 0.06611167 0.23987619 0.04448821 0.09200523 0.06674050 0.14010287 0.02045787
429.14304768 0.56221012 0.00187251 0.00149001 0.00083903 0.00421866 0.32385471 0.06403185 0.24098749 0.04276783 0.09335012 0.06591332 0.14034643 0.02032807
430.14338113 0.56213208 0.00239529 0.00148646 0.00143685 0.00426752 0.32355024 0.05930632 0.23861690 0.04527770 0.09212081 0.06825826 0.14231145 0.02097220
431.14371457 0.55543655 0.00246361 0.00148231 0.00183976 0.00703560 0.32273473 0.06631028 0.23314958 0.04485530 0.09128691 0.06581808 0.14230801 0.02071584
432.14404802 0.55270759 0.00247122 0.00147516 0.00189867 0.01016399 0.32045756 0.06675360 0.23355286 0.04030423 0.09020448 0.07057508 0.14227361 0.01986955
433.14438146 0.54531101 0.00319316 0.00152407 0.00234381 0.00831493 0.32356875 0.06473405 0.23303971 0.04414630 0.09108273 0.06587170 0.14261716 0.01956364
434.14471490 0.53722139 0.00295959 0.00146059 0.00194675 0.00888566 0.32444388 0.06221665 0.23353998 0.04104934 0.09154754 0.06453788 0.14505996 0.02235218
435.14504835 0.53910528 0.00240955 0.00139513 0.00165471 0.01065935 0.32722738 0.05948311 0.24171171 0.03971839 0.08966061 0.06496794 0.13998861 0.02112351
436.14538179 0.53265498 0.00252549 0.00130826 0.00159098 0.01043084 0.32191353 0.06675207 0.24084654 0.04218425 0.08866619 0.06212397 0.14257741 0.01908048
437.14571524 0.52557985 0.00261684 0.00123836 0.00175258 0.01351494 0.32618223 0.06178782 0.24290965 0.03975109 0.08578945 0.06297484 0.13993502 0.02154718
438.14604868 0.51858610 0.00308649 0.00135298 0.00226955 0.01453900 0.32774150 0.06363135 0.23958781 0.03938111 0.08731075 0.05921667 0.14135339 0.02052939
439.14638213 0.51461410 0.00237216 0.00145475 0.00119502 0.00961104 0.32742229 0.06435176 0.24289718 0.03840528 0.08799245 0.06186076 0.14236931 0.02006800
440.14671557 0.51091008 0.00206502 0.00132254 0.00099185 0.00697763 0.32539779 0.06734065 0.24192189 0.04120246 0.08595981 0.06624536 0.13769164 0.02288335
441.14704902 0.50835806 0.00225107 0.00136121 0.00088652 0.00502658 0.32522751 0.07149663 0.23728898 0.04058025 0.08449210 0.06582117 0.14530918 0.02025881
442.14738246 0.50403667 0.00298892 0.00127490 0.00219045 0.00829635 0.32549094 0.07119100 0.24033019 0.04094320 0.08151149 0.06399398 0.14220966 0.01957891
443.14771591 0.50155170 0.00181082 0.00147804 0.00086939 0.00411848 0.32615893 0.07265042 0.24090559 0.04152334 0.08464707 0.06218628 0.14344279 0.02020885
444.14804935 0.49947283 0.00219098 0.00128245 0.00101476 0.00556754 0.32547107 0.06959518 0.24028911 0.03985045 0.08244213 0.06755319 0.14540747 0.01933568
445.14838279 0.49807047 0.00183578 0.00147880 0.00037552 0.00238381 0.33304950 0.06670205 0.24534591 0.04054632 0.08206963 0.06451077 0.14271700 0.01898490
446.14871624 0.49511446 0.00167857 0.00144921 0.00042467 0.00248367 0.32875626 0.06656620 0.24936152 0.03927102 0.08279491 0.06426092 0.14477291 0.01818014
447.14904968 0.49286972 0.00181213 0.00137556 0.00081122 0.00316797 0.33316164 0.06416412 0.24782338 0.04009235 0.08282209 0.06491512 0.13978315 0.02007125
448.14938313 0.48983371 0.00163216 0.00126954 0.00064661 0.00214076 0.33303749 0.06726461 0.25010484 0.03781423 0.08006616 0.06410715 0.14221161 0.01970485
449.14971657 0.48931017 0.00203247 0.00110998 0.00119726 0.00545817 0.33406008 0.07026995 0.24724090 0.03714917 0.07558769 0.06361014 0.14270632 0.01957787
450.15005002 0.48514865 0.00173439 0.00114735 0.00092451 0.00431938 0.33891772 0.06688804 0.24930297 0.03964327 0.07584763 0.06113849 0.14173802 0.01839822
451.15038346 0.47793844 0.00146939 0.00115637 0.00043391 0.00341302 0.33885747 0.06603891 0.24780329 0.03734036 0.07538824 0.06134242 0.14770028 0.01905632
452.15071691 0.47628097 0.00191671 0.00125947 0.00075413 0.00579109 0.34234632 0.06359676 0.24818732 0.03579933 0.07554238 0.06001753 0.14636190 0.01842704
453.15105035 0.47178758 0.00170470 0.00116912 0.00100343 0.00440401 0.34211469 0.06615531 0.24961758 0.03440083 0.07303457 0.06066698 0.14647379 0.01925499
454.15138379 0.46702291 0.00158738 0.00126763 0.00053666 0.00301417 0.34173497 0.06831020 0.24965746 0.03522298 0.07231223 0.06132802 0.14657205 0.01845625
455.15171724 0.45849366 0.00164427 0.00138362 0.00045875 0.00260931 0.33922759 0.06670246 0.25488381 0.03626040 0.07434169 0.06003745 0.14398789 0.01846277
456.15205068 0.45625915 0.00239073 0.00119595 0.00148590 0.00928031 0.33841709 0.06109454 0.25552165 0.03753790 0.07349468 0.05825756 0.14308474 0.01823895
457.15238413 0.45396732 0.00282658 0.00122604 0.00180748 0.00894656 0.33549807 0.06115076 0.25596734 0.03717948 0.07337261 0.05721529 0.14374248 0.02106731
458.15271757 0.44836784 0.00286930 0.00124983 0.00230639 0.00826007 0.33448274 0.05936965 0.25829066 0.03484053 0.07325492 0.05971514 0.14601227 0.01934851
459.15305102 0.44206026 0.00214717 0.00151534 0.00174486 0.00969821 0.33199827 0.05776882 0.25918871 0.03611887 0.07344129 0.05488334 0.15074593 0.02074920
460.15338446 0.43245963 0.00180941 0.00135787 0.00142957 0.01012758 0.33282102 0.06043795 0.26298823 0.03443432 0.07180039 0.05864609 0.14483508 0.01931249
461.15371791 0.42489724 0.00189188 0.00147059 0.00111312 0.00710899 0.32641007 0.06384085 0.26301704 0.03427431 0.07375647 0.05648644 0.15098172 0.01964852
462.15405135 0.42181732 0.00172123 0.00134658 0.00096832 0.00675041 0.33022161 0.06602135 0.26171735 0.03555020 0.07414146 0.05573350 0.14806573 0.01776225
463.15438479 0.41825551 0.00214573 0.00123253 0.00153993 0.00994032 0.32304224 0.06406779 0.26318982 0.03608370 0.07206804 0.06040590 0.14680755 0.01947646
464.15471824 0.41417066 0.00238218 0.00128686 0.00145667 0.00469120 0.32694817 0.06606085 0.26236077 0.03861135 0.07235324 0.05916782 0.14655365 0.01812725
465.15505168 0.40984151 0.00210070 0.00129550 0.00071462 0.00539278 0.32797718 0.06169500 0.26626520 0.03934445 0.07239225 0.05915053 0.14488165 0.01879014
466.15538513 0.40514855 0.00157360 0.00147314 0.00038341 0.00203357 0.33133709 0.06172041 0.26911158 0.03631326 0.07056264 0.06139389 0.14728683 0.01681057
467.15571857 0.40629845 0.00194048 0.00143780 0.00065582 0.00262851 0.33256925 0.06187734 0.27063923 0.03799301 0.06986724 0.05841648 0.14424482 0.01773003
468.15605202 0.40008962 0.00222948 0.00129819 0.00111852 0.00516694 0.32990185 0.06183409 0.26819701 0.03730295 0.06953907 0.06260109 0.14342731 0.01738351
469.15638546 0.39725098 0.00286377 0.00124057 0.00242340 0.00765201 0.33184606 0.06002353 0.26323156 0.04004657 0.06698596 0.05591730 0.14855736 0.01921190
470.15671891 0.39099450 0.00173790 0.00118164 0.00097065 0.00785200 0.32852596 0.06052425 0.26814516 0.03853727 0.06897985 0.05969538 0.14521782 0.01863211
471.15705235 0.39045999 0.00167550 0.00125880 0.00119430 0.00668285 0.33325789 0.05770703 0.26404738 0.03637406 0.06994234 0.05849455 0.14843661 0.02092867
472.15738580 0.38483963 0.00299896 0.00120953 0.00269735 0.01156292 0.33039876 0.05685913 0.26474392 0.03573017 0.06908333 0.05532670 0.15173279 0.01765645
473.15771924 0.38000172 0.00197902 0.00121973 0.00102726 0.01088326 0.33690471 0.05476884 0.26967885 0.03289464 0.06635825 0.05718702 0.14733850 0.01975991
474.15805268 0.37822242 0.00294663 0.00119714 0.00238551 0.01037083 0.33186539 0.06072076 0.27039560 0.03504323 0.06676473 0.05080970 0.15109159 0.01640888
475.15838613 0.37582153 0.00242810 0.00115789 0.00130453 0.01067076 0.33347934 0.05610922 0.27485602 0.03599771 0.06607996 0.05688377 0.14316285 0.01786986
476.15871957 0.37190577 0.00201041 0.00105993 0.00169373 0.01124032 0.32940329 0.05977439 0.27652075 0.03373732 0.06661017 0.05362714 0.14706203 0.01726053
477.15905302 0.36700278 0.00157763 0.00118190 0.00104029 0.00627249 0.33406362 0.05875598 0.27907140 0.03201096 0.06692953 0.05489606 0.14588636 0.01831378
478.15938646 0.36284251 0.00235202 0.00110166 0.00216583 0.01086045 0.32669662 0.05751200 0.28171375 0.03280639 0.06813165 0.05256238 0.14792582 0.01617142
479.15971991 0.36327821 0.00225210 0.00107428 0.00107979 0.00727076 0.33169160 0.05830693 0.27491626 0.03534750 0.06779750 0.05194754 0.14798838 0.02032735
480.16005335 0.35953527 0.00239584 0.00115344 0.00148846 0.00624127 0.32718867 0.05805418 0.27605818 0.03259663 0.06969203 0.05278738 0.15361426 0.01872964
481.16038680 0.35685141 0.00285448 0.00115692 0.00188979 0.00647268 0.32823709 0.05695605 0.27636178 0.03296935 0.06944935 0.05456461 0.15061342 0.01847448
482.16072024 0.35127353 0.00266284 0.00118311 0.00160157 0.00876530 0.32371902 0.06070323 0.27690362 0.03614168 0.06965763 0.04818287 0.15209570 0.01838343
483.16105368 0.35047038 0.00202827 0.00108042 0.00124757 0.00603667 0.32406937 0.05836993 0.28010816 0.03182890 0.06848685 0.05614785 0.15214453 0.01845147
484.16138713 0.34791855 0.00142042 0.00113506 0.00048790 0.00335509 0.32923397 0.06218022 0.28434042 0.03136731 0.06732254 0.05283598 0.14858749 0.01773361
485.16172057 0.34272410 0.00197923 0.00113765 0.00134638 0.00727295 0.32605759 0.05872015 0.28330366 0.03393428 0.06627557 0.05427893 0.14719156 0.01850206
486.16205402 0.33964494 0.00231335 0.00104904 0.00121887 0.00538274 0.32469989 0.06149061 0.28300500 0.03722849 0.06579732 0.05453284 0.14355496 0.01972689
487.16238746 0.33822573 0.00291641 0.00107162 0.00240233 0.00783958 0.32675183 0.06228333 0.28179692 0.03413085 0.06290854 0.05474932 0.14551668 0.01763259
488.16272091 0.33659026 0.00208030 0.00106079 0.00112616 0.01001462 0.32725227 0.06308215 0.27872471 0.03176558 0.06193511 0.05848004 0.14614751 0.01833076
489.16305435 0.33065220 0.00262102 0.00100819 0.00213852 0.00960339 0.32729814 0.06046012 0.27975373 0.03524671 0.06158250 0.05495885 0.14769025 0.01763858
490.16338780 0.32753900 0.00234650 0.00093542 0.00126206 0.01096572 0.32720745 0.06053657 0.27358016 0.03749495 0.05753434 0.05595969 0.15140666 0.02077049
491.16372124 0.33178716 0.00196817 0.00098543 0.00148023 0.00709224 0.33011063 0.06642111 0.27535734 0.03334500 0.05811399 0.05481696 0.15121878 0.01909011
492.16405468 0.32951913 0.00162038 0.00104957 0.00105470 0.00697105 0.33544665 0.06152403 0.27717677 0.02983962 0.05976437 0.05393889 0.15151279 0.02010118
493.16438813 0.32750848 0.00182884 0.00100145 0.00115455 0.00490583 0.33417567 0.06385295 0.27634212 0.03111805 0.06311936 0.05069352 0.15444944 0.01735822
494.16472157 0.32631052 0.00189141 0.00100683 0.00152540 0.00647305 0.33863145 0.05806311 0.28091694 0.02923493 0.06249008 0.05186362 0.14985250 0.01805067
495.16505502 0.32162307 0.00155532 0.00111970 0.00065278 0.00308088 0.33555437 0.05885714 0.28224444 0.03190356 0.06319461 0.05215540 0.15024373 0.01943809
496.16538846 0.32054292 0.00113162 0.00102323 0.00045559 0.00223735 0.33954954 0.06108833 0.28388738 0.02993719 0.06216405 0.05327534 0.14755003 0.01770035
497.16572191 0.31810421 0.00132876 0.00098893 0.00056766 0.00387522 0.33967152 0.05896943 0.28334839 0.02887831 0.06351700 0.05216685 0.14855016 0.01813778
498.16605535 0.31452222 0.00108662 0.00086478 0.00047588 0.00100338 0.34049349 0.06175393 0.28225089 0.03013914 0.06202058 0.05329984 0.14980066 0.01681081
499.16638880 0.31179419 0.00139439 0.00078768 0.00067507 0.00354770 0.33854392 0.05918686 0.27959085 0.03288249 0.06139048 0.05234223 0.15183438 0.01782394
500.16672224 0.30961831 0.00130708 0.00093153 0.00063812 0.00209773 0.33966045 0.05978386 0.28320983 0.03086468 0.06072390 0.05458014 0.14996539 0.01623729
501.16705569 0.30568457 0.00121995 0.00078117 0.00039762 0.00267834 0.33895029 0.06073906 0.27821636 0.03104001 0.06112022 0.05196370 0.15582366 0.01706962
502.16738913 0.30232470 0.00134028 0.00078386 0.00075125 0.00135716 0.34327432 0.05874323 0.28185889 0.03120603 0.06174360 0.05332895 0.14954419 0.01606824
503.16772257 0.30138989 0.00111308 0.00084893 0.00022743 0.00095305 0.33985979 0.05824022 0.28012009 0.03328570 0.06184786 0.05422706 0.15299529 0.01628150
504.16805602 0.29783722 0.00138776 0.00084905 0.00070450 0.00340285 0.34077816 0.05944371 0.27920198 0.03009154 0.06039137 0.05460707 0.15201967 0.01712233
505.16838946 0.29459751 0.00127968 0.00094467 0.00047700 0.00391506 0.34497064 0.05723955 0.28553472 0.02981417 0.06097261 0.05158036 0.14687988 0.01639166
506.16872291 0.28958115 0.00148754 0.00091598 0.00067479 0.00614347 0.34071914 0.05546513 0.28541017 0.02967311 0.06209980 0.04915611 0.15224265 0.01601212
507.16905635 0.28888273 0.00145896 0.00093149 0.00089390 0.00443091 0.34596362 0.05368130 0.28520068 0.02901371 0.06101452 0.05158324 0.14888112 0.01694654
508.16938980 0.28696801 0.00147753 0.00093853 0.00098845 0.00377089 0.34211435 0.05698149 0.28564684 0.02809795 0.06292479 0.04820126 0.15327568 0.01558225
509.16972324 0.28363839 0.00114827 0.00091448 0.00078392 0.00262540 0.34594195 0.05728733 0.28241800 0.02639247 0.06268907 0.04912110 0.15270645 0.01797157
510.17005669 0.28112009 0.00146115 0.00087471 0.00078252 0.00370159 0.34375069 0.05747982 0.27996438 0.02929483 0.06289194 0.04892697 0.15429388 0.01657751
511.17039013 0.27868380 0.00153061 0.00083989 0.00083800 0.00460955 0.34554191 0.05627115 0.27743956 0.03003183 0.06156626 0.05048150 0.15384639 0.01700334
512.17072357 0.27841333 0.00131944 0.00088369 0.00046569 0.00239766 0.34263943 0.05692812 0.27963702 0.03001242 0.06356625 0.05034177 0.15257371 0.01923479
513.17105702 0.27483965 0.00168213 0.00081788 0.00120943 0.00530972 0.34457209 0.05744918 0.28135116 0.02747080 0.06240257 0.05125484 0.14860153 0.01787867
514.17139046 0.27408979 0.00168081 0.00081376 0.00063851 0.00414585 0.33861419 0.05825846 0.28407462 0.03123913 0.06117697 0.05007135 0.15109245 0.01819390
515.17172391 0.27254834 0.00178166 0.00072107 0.00072678 0.00493040 0.34146391 0.05822208 0.28617376 0.03178926 0.05979249 0.05153495 0.14532685 0.01753677
516.17205735 0.27331434 0.00177942 0.00069042 0.00116317 0.00527568 0.33469336 0.05848135 0.29056798 0.03010613 0.05990901 0.05119071 0.14811277 0.01802999
517.17239080 0.27306406 0.00111290 0.00071252 0.00040921 0.00170448 0.34092443 0.06178244 0.28607409 0.02912393 0.06047727 0.05102674 0.14985632 0.01679570
518.17272424 0.27007056 0.00155492 0.00070474 0.00110234 0.00258118 0.33762247 0.05909667 0.29015829 0.02896249 0.06067227 0.05063860 0.15158556 0.01532047
519.17305769 0.26870038 0.00152673 0.00060862 0.00059349 0.00377711 0.34090765 0.05663495 0.28560073 0.02999494 0.05954823 0.05165579 0.15267884 0.01647291
520.17339113 0.26639616 0.00204847 0.00071987 0.00107181 0.00638768 0.33661991 0.05888384 0.28408004 0.02986922 0.05995618 0.05045154 0.15338428 0.01652716
521.17372457 0.26563461 0.00132960 0.00071022 0.00071629 0.00450741 0.33551588 0.06073057 0.28519640 0.02895211 0.05987226 0.05234008 0.15307461 0.01705458
522.17405802 0.26015092 0.00100493 0.00083405 0.00030370 0.00074315 0.34453878 0.05685946 0.28700479 0.02908040 0.06081379 0.04956999 0.15427086 0.01497609
523.17439146 0.26066104 0.00180107 0.00086400 0.00114808 0.00398547 0.34809770 0.05187720 0.28853571 0.02873258 0.05842113 0.04844901 0.15331154 0.01477651
524.17472491 0.25580778 0.00136493 0.00084904 0.00046260 0.00422524 0.34807445 0.05655578 0.29188162 0.02865450 0.05611225 0.04590775 0.15022080 0.01569104
525.17505835 0.25329100 0.00134659 0.00086433 0.00076366 0.00431916 0.34576388 0.05140786 0.29355467 0.02672215 0.05609344 0.05198216 0.14987025 0.01731185
526.17539180 0.25099601 0.00149826 0.00075923 0.00149791 0.00301083 0.34412223 0.05572673 0.29509907 0.02740234 0.05723626 0.04748175 0.14898214 0.01718325
527.17572524 0.25045255 0.00125161 0.00078232 0.00098157 0.00316071 0.34199260 0.05306629 0.29444641 0.02762245 0.05660006 0.04896733 0.15352483 0.01760383
528.17605869 0.24866828 0.00113360 0.00093014 0.00080321 0.00640152 0.34641428 0.05158393 0.28971867 0.02710169 0.05797685 0.04612321 0.15514539 0.01666750
529.17639213 0.24720188 0.00144969 0.00091118 0.00131286 0.00404882 0.34103203 0.05402166 0.29373630 0.02587328 0.05599241 0.04557922 0.15949919 0.01654336
530.17672558 0.24515363 0.00148916 0.00104529 0.00092853 0.00488993 0.34586453 0.05271452 0.29193580 0.02572359 0.05620633 0.04616551 0.15766528 0.01537153
531.17705902 0.24691094 0.00127365 0.00085432 0.00065032 0.00396944 0.34329065 0.05373640 0.29041029 0.02653614 0.05656915 0.04571332 0.16211989 0.01487644
532.17739246 0.24634445 0.00138257 0.00089437 0.00088226 0.00327412 0.34909489 0.05428829 0.29147871 0.02768488 0.05801340 0.04657974 0.15122738 0.01519938
533.17772591 0.24481293 0.00142856 0.00077115 0.00082153 0.00541948 0.34421200 0.05070056 0.29440060 0.02727800 0.05857421 0.04762707 0.15310129 0.01566555
534.17805935 0.24515656 0.00163154 0.00080144 0.00095356 0.00478073 0.35114363 0.05289856 0.29323947 0.02614666 0.05925122 0.04411854 0.15036896 0.01466569
535.17839280 0.24385808 0.00155186 0.00081635 0.00078022 0.00400536 0.35038564 0.05060036 0.29810316 0.02604948 0.05930512 0.04437609 0.14985896 0.01416741
536.17872624 0.24389267 0.00113168 0.00073289 0.00055796 0.00325156 0.35276388 0.05092357 0.29522346 0.02516773 0.05789259 0.04519377 0.15298589 0.01417503
537.17905969 0.23892209 0.00128914 0.00085240 0.00055960 0.00285515 0.35056957 0.04984166 0.29848127 0.02466958 0.05829203 0.04342951 0.15522987 0.01393022
538.17939313 0.23553746 0.00140084 0.00088477 0.00105157 0.00428450 0.34862751 0.04804771 0.29740289 0.02597557 0.05858432 0.04360019 0.15619391 0.01394622
539.17972658 0.23137073 0.00187759 0.00091048 0.00102393 0.00456879 0.34431050 0.04975819 0.29393068 0.02494293 0.05765662 0.04450182 0.16196692 0.01455156
540.18006002 0.22791175 0.00116652 0.00100843 0.00061229 0.00494839 0.34524440 0.04947837 0.29747080 0.02442532 0.05720932 0.04575694 0.15728867 0.01539056
541.18039346 0.22619715 0.00162246 0.00083214 0.00107780 0.00600439 0.34540628 0.04847155 0.29882400 0.02489229 0.05563439 0.04415863 0.15859061 0.01448547
542.18072691 0.22378492 0.00152081 0.00085786 0.00081194 0.00358762 0.34423241 0.04932934 0.29954097 0.02656790 0.05773772 0.04233659 0.15904401 0.01443283
543.18106035 0.22196326 0.00147101 0.00085105 0.00090418 0.00348316 0.34731246 0.04995399 0.30354385 0.02495692 0.05573373 0.04508167 0.15172426 0.01498371
544.18139380 0.22032110 0.00146608 0.00091544 0.00174624 0.00685730 0.34576667 0.04915932 0.30008800 0.02298991 0.05507267 0.04288374 0.15588245 0.01717219
545.18172724 0.21681974 0.00170460 0.00079387 0.00165927 0.00589870 0.35018659 0.04669814 0.30253323 0.02336293 0.05384928 0.04322906 0.15148867 0.01859564
546.18206069 0.21460987 0.00120759 0.00086677 0.00078581 0.00497914 0.34812273 0.04920893 0.30320422 0.02467109 0.05536865 0.04160847 0.15401910 0.01595750
547.18239413 0.21172274 0.00116989 0.00083258 0.00083249 0.00219236 0.35379582 0.04805991 0.29755453 0.02327031 0.05392561 0.04627817 0.15425534 0.01783298
548.18272758 0.21217243 0.00099397 0.00091400 0.00068388 0.00194344 0.34883844 0.05122123 0.30106830 0.02374010 0.05502595 0.04281232 0.15697393 0.01578445
549.18306102 0.21260672 0.00080306 0.00072997 0.00033979 0.00083031 0.35243865 0.04865773 0.30008169 0.02213110 0.05408182 0.04573744 0.15774601 0.01642244
550.18339446 0.20967884 0.00137236 0.00066125 0.00152346 0.00218519 0.35110757 0.04878939 0.30201385 0.02324875 0.05283957 0.04194914 0.15789590 0.01641356
551.18372791 0.20647593 0.00086374 0.00085676 0.00040463 0.00076963 0.35422957 0.04903632 0.30245256 0.02478674 0.05503152 0.04004240 0.15704094 0.01448518
552.18406135 0.20378961 0.00100406 0.00072921 0.00032145 0.00238986 0.35255005 0.04382394 0.30471165 0.02397615 0.05564727 0.04258714 0.15877437 0.01348486
553.18439480 0.20345198 0.00085829 0.00078427 0.00030935 0.00340799 0.35652860 0.04552367 0.30497994 0.02292878 0.05720657 0.03740260 0.15704048 0.01302945
554.18472824 0.19867029 0.00092894 0.00073711 0.00043714 0.00141458 0.35466742 0.04312903 0.30786567 0.02229237 0.05711765 0.04091865 0.15632723 0.01416422
555.18506169 0.19712927 0.00092989 0.00096810 0.00054853 0.00259249 0.35695827 0.04320048 0.30574480 0.02076385 0.05985003 0.03754662 0.15816793 0.01272901
556.18539513 0.19535034 0.00062918 0.00089358 0.00030975 0.00050183 0.35582574 0.04205342 0.30763940 0.02232593 0.06029750 0.03771156 0.15877697 0.01303513
557.18572858 0.19438222 0.00149162 0.00084575 0.00124974 0.00402658 0.35196868 0.04150642 0.30509454 0.02145732 0.05926999 0.03980230 0.16018980 0.01309725
558.18606202 0.19275195 0.00113245 0.00072575 0.00062320 0.00274270 0.35140153 0.04407516 0.30327536 0.02362759 0.05965559 0.04030475 0.15824257 0.01419336
559.18639547 0.19134348 0.00091875 0.00075144 0.00038341 0.00090220 0.35076080 0.04329079 0.30174647 0.02441278 0.06128393 0.04121949 0.16066185 0.01366810
560.18672891 0.18896039 0.00076181 0.00066186 0.00031624 0.00225865 0.35396806 0.04457344 0.30082186 0.02492440 0.06016128 0.03978861 0.15920260 0.01256120
561.18706235 0.18690336 0.00119886 0.00063050 0.00080600 0.00410788 0.35248945 0.04097509 0.30214861 0.02446551 0.05850765 0.04153110 0.15883659 0.01430276
562.18739580 0.18859587 0.00153625 0.00059740 0.00095992 0.00580568 0.35090321 0.04427810 0.30467286 0.02599191 0.05618002 0.04042964 0.15608329 0.01256172
563.18772924 0.19041213 0.00116772 0.00077367 0.00062583 0.00403805 0.34747999 0.04215143 0.30872054 0.02421629 0.05801413 0.04322059 0.15565328 0.01393846
564.18806269 0.18901259 0.00103064 0.00055379 0.00065678 0.00345538 0.35221816 0.04366057 0.30841405 0.02477188 0.05642511 0.04213304 0.15403983 0.01264077
565.18839613 0.18777543 0.00113797 0.00058063 0.00070591 0.00493936 0.34635887 0.04378563 0.31142974 0.02720168 0.05663907 0.03934392 0.15568681 0.01219040
566.18872958 0.18593460 0.00128547 0.00061546 0.00058279 0.00557917 0.35071568 0.04059790 0.30785070 0.02728372 0.05279320 0.04450159 0.15489482 0.01329953
567.18906302 0.18259986 0.00138129 0.00075356 0.00057597 0.00410725 0.34659347 0.04520094 0.30609941 0.02676874 0.05459857 0.04112535 0.16015189 0.01264357
568.18939647 0.18100129 0.00097389 0.00071230 0.00055099 0.00392967 0.35191039 0.04295046 0.30449631 0.02485907 0.05306808 0.04493910 0.15855289 0.01305683
569.18972991 0.17807323 0.00091908 0.00069788 0.00025476 0.00072424 0.34923413 0.04455996 0.30153121 0.02699227 0.05429748 0.04248430 0.16527289 0.01303179
570.19006335 0.17358829 0.00129949 0.00072929 0.00079325 0.00131042 0.35304234 0.04590887 0.30534697 0.02674650 0.05276587 0.03972807 0.15937997 0.01294896
571.19039680 0.17278634 0.00074127 0.00071513 0.00022895 0.00054999 0.34946391 0.04297806 0.30833090 0.02479482 0.05538849 0.04381045 0.16023857 0.01275946
572.19073024 0.17223670 0.00083693 0.00073418 0.00031791 0.00084753 0.35553184 0.04307248 0.30794280 0.02529198 0.05694077 0.03855025 0.15664742 0.01328591
573.19106369 0.16859691 0.00126782 0.00067424 0.00084192 0.00272838 0.35112164 0.04111057 0.31332454 0.02431669 0.05612255 0.04112750 0.15559817 0.01176598
574.19139713 0.16818796 0.00101824 0.00072090 0.00065848 0.00292998 0.35436951 0.04288123 0.31086998 0.02249520 0.05629304 0.03949763 0.15570603 0.01255977
575.19173058 0.16790223 0.00096578 0.00058991 0.00049430 0.00180912 0.35275430 0.04390562 0.31242133 0.02519963 0.05523479 0.03770946 0.15624131 0.01267445
576.19206402 0.16760538 0.00152653 0.00062500 0.00063502 0.00239170 0.35197199 0.03902694 0.31145212 0.02589305 0.05300562 0.04215433 0.15696535 0.01435236
577.19239747 0.16565127 0.00127706 0.00067202 0.00035189 0.00110684 0.35111109 0.04168482 0.30956827 0.02784686 0.05344245 0.03847387 0.16090194 0.01356289
578.19273091 0.16322531 0.00124121 0.00064846 0.00067049 0.00258208 0.34607375 0.03915652 0.31371622 0.02337149 0.05203333 0.04024172 0.16440325 0.01586149
579.19306435 0.16336167 0.00095062 0.00075725 0.00058172 0.00099285 0.35156006 0.04094818 0.31233331 0.02289521 0.05451951 0.03931260 0.16220203 0.01294665
580.19339780 0.16402884 0.00070338 0.00062119 0.00027272 0.00055698 0.34487970 0.04620683 0.31603684 0.02194538 0.05362208 0.03641236 0.16640787 0.01233466
581.19373124 0.16115707 0.00091011 0.00062819 0.00049756 0.00212727 0.35328263 0.04140676 0.31666537 0.02002082 0.05268862 0.04073703 0.15937857 0.01165708
582.19406469 0.16064109 0.00135226 0.00058152 0.00067956 0.00155918 0.34895781 0.04183530 0.31842772 0.02476989 0.05324020 0.03606633 0.16042005 0.01211019
583.19439813 0.16015933 0.00112409 0.00056895 0.00033681 0.00190819 0.35268008 0.04093817 0.31951160 0.02377371 0.05118421 0.03948304 0.15570235 0.01278879
584.19473158 0.15897878 0.00088164 0.00060341 0.00027649 0.00206394 0.34825443 0.04083587 0.32046387 0.02342745 0.05174637 0.04075480 0.15719280 0.01349892
585.19506502 0.15746943 0.00075594 0.00060150 0.00034240 0.00216837 0.35278987 0.04282385 0.31899132 0.02296592 0.05024241 0.03956138 0.15623607 0.01252097
586.19539847 0.15561348 0.00089798 0.00061092 0.00039495 0.00202078 0.34791435 0.04138632 0.32043513 0.02435265 0.04949257 0.03845798 0.16094780 0.01308857
587.19573191 0.15482964 0.00150896 0.00061694 0.00086968 0.00346551 0.35234003 0.04270608 0.31554242 0.02334989 0.05033547 0.03767088 0.15964063 0.01195350
588.19606536 0.15408347 0.00128014 0.00057117 0.00088035 0.00340777 0.34833332 0.04058167 0.31816573 0.02270886 0.04667109 0.04117619 0.16405502 0.01216870
589.19639880 0.15272330 0.00114739 0.00076156 0.00074295 0.00258914 0.35574545 0.03932939 0.31902353 0.02326408 0.04519967 0.03510109 0.16469529 0.01240046
590.19673224 0.15240828 0.00073342 0.00065873 0.00057869 0.00165135 0.35390903 0.03841852 0.32185384 0.02127583 0.04440763 0.03808332 0.16745147 0.01097817
591.19706569 0.15341570 0.00115540 0.00065212 0.00072954 0.00168801 0.35517865 0.03982200 0.32381451 0.02126154 0.04283027 0.03661163 0.16343172 0.01282460
592.19739913 0.15224327 0.00138058 0.00065569 0.00069751 0.00307446 0.35633875 0.03982515 0.32580042 0.02162460 0.04312539 0.03599825 0.15996001 0.01151917
593.19773258 0.15100423 0.00198878 0.00047168 0.00115337 0.00645712 0.35423396 0.04004940 0.32443207 0.02391653 0.04015711 0.03604696 0.15897742 0.01211561
594.19806602 0.15025646 0.00190329 0.00050367 0.00122933 0.00469180 0.35736862 0.04025741 0.32386339 0.02304818 0.04104889 0.03652926 0.15714149 0.01241466
595.19839947 0.14962410 0.00102153 0.00051185 0.00058379 0.00599726 0.35511624 0.03954396 0.32793014 0.01984439 0.04134947 0.03843831 0.15781499 0.01184808
596.19873291 0.14799477 0.00091285 0.00053259 0.00053569 0.00436761 0.35932395 0.03921430 0.32296307 0.02110548 0.04101919 0.03666281 0.16077183 0.01259061
597.19906636 0.14752870 0.00116675 0.00056956 0.00055648 0.00144040 0.35720473 0.04094867 0.32477730 0.01995748 0.04103740 0.03589163 0.16486494 0.01158466
598.19939980 0.14348998 0.00206591 0.00068201 0.00156379 0.00522071 0.35946303 0.04055951 0.32281185 0.01971160 0.04075534 0.03155002 0.16278840 0.01282783
599.19973324 0.14033314 0.00121297 0.00067783 0.00066669 0.00283612 0.35805393 0.04061922 0.32244727 0.02009338 0.04193052 0.03153461 0.16776498 0.01216248
600.20006669 0.13924708 0.00098839 0.00062294 0.00047623 0.00263814 0.36155024 0.04116347 0.32216048 0.01840441 0.04010412 0.03596349 0.16329844 0.01262965
601.20040013 0.13581154 0.00106041 0.00060582 0.00033501 0.00343344 0.35813267 0.04097665 0.32531716 0.01927398 0.04043824 0.03311717 0.16338099 0.01392845
602.20073358 0.13237503 0.00155239 0.00058755 0.00114218 0.00400482 0.35996136 0.03913372 0.32699162 0.01869193 0.03810985 0.03685594 0.16084927 0.01211938
603.20106702 0.12776542 0.00192878 0.00065947 0.00113322 0.00434102 0.35528077 0.04125408 0.32878178 0.02100609 0.03878123 0.03282437 0.16100787 0.01300132
604.20140047 0.12713558 0.00151877 0.00058270 0.00085722 0.00439807 0.35948223 0.04029609 0.33175186 0.01800521 0.03818068 0.03441807 0.15850483 0.01200426
605.20173391 0.12556342 0.00113516 0.00050498 0.00090082 0.00915878 0.35626667 0.04107798 0.32886444 0.01705518 0.03790277 0.03243456 0.16216529 0.01253338
606.20206736 0.12552117 0.00105974 0.00067683 0.00070822 0.00578766 0.35700685 0.04028050 0.32998809 0.01626595 0.04184749 0.03142408 0.16277733 0.01217725
607.20240080 0.12361550 0.00126531 0.00060658 0.00134629 0.00835032 0.35372134 0.03982480 0.32794385 0.01606851 0.03864573 0.03231231 0.16603894 0.01387602
608.20273424 0.12396780 0.00105082 0.00055124 0.00072920 0.00662371 0.35544010 0.04089375 0.32636827 0.01852911 0.03960858 0.03178243 0.16619181 0.01223099
609.20306769 0.12322169 0.00130127 0.00063985 0.00100202 0.00543299 0.35415327 0.03838091 0.33266092 0.01720093 0.03816716 0.03091500 0.16498119 0.01516449
610.20340113 0.12191655 0.00099733 0.00066249 0.00081784 0.00569222 0.35496697 0.04000868 0.33098978 0.01673998 0.03900994 0.03080137 0.16683704 0.01247638
611.20373458 0.12169608 0.00083124 0.00062882 0.00116015 0.00490660 0.35562288 0.03704823 0.33570368 0.01571320 0.03939281 0.03038447 0.16507601 0.01353192
612.20406802 0.12067577 0.00130160 0.00058550 0.00116109 0.00454335 0.35587124 0.03868069 0.33766484 0.01662591 0.03918166 0.03111722 0.16119524 0.01207167
613.20440147 0.11781393 0.00123831 0.00061828 0.00120607 0.00369922 0.35642717 0.04031851 0.33922058 0.01690891 0.03789880 0.02918301 0.16089880 0.01238233
614.20473491 0.11725552 0.00106678 0.00055738 0.00070649 0.00324572 0.35444282 0.03856413 0.34170829 0.01483076 0.03743360 0.03044166 0.16453840 0.01246397
615.20506836 0.11705837 0.00084278 0.00052946 0.00057569 0.00408622 0.35612264 0.03791677 0.34062546 0.01612707 0.03604373 0.03045904 0.16392381 0.01274734
616.20540180 0.11536151 0.00095889 0.00055796 0.00074217 0.00411505 0.35455458 0.03887840 0.34035637 0.01611168 0.03619580 0.02999132 0.16545641 0.01208136
617.20573525 0.11204255 0.00066755 0.00066421 0.00029228 0.00204740 0.35940366 0.03873520 0.33675096 0.01514405 0.03464679 0.03145909 0.16794674 0.01224208
618.20606869 0.11057917 0.00122285 0.00070257 0.00098160 0.00206411 0.35910303 0.04029354 0.33608052 0.01571362 0.03433984 0.02918835 0.16870659 0.01160337
619.20640213 0.10918666 0.00088362 0.00061976 0.00067634 0.00405056 0.36517319 0.03741486 0.33404053 0.01456631 0.03403320 0.02933342 0.16852089 0.01068731
620.20673558 0.10935411 0.00082062 0.00072295 0.00056884 0.00135284 0.36497918 0.03665125 0.33807937 0.01643680 0.03289819 0.02917246 0.16716973 0.01114777
621.20706902 0.10823171 0.00069896 0.00059190 0.00022446 0.00151566 0.36780076 0.03524502 0.33826320 0.01616340 0.03184434 0.03002809 0.16663497 0.01098924
622.20740247 0.10777553 0.00077473 0.00055181 0.00042571 0.00184565 0.36471249 0.03431510 0.34169810 0.01574945 0.03024398 0.03180634 0.16551228 0.01236435
623.20773591 0.10731671 0.00083451 0.00055769 0.00036265 0.00313015 0.36584675 0.03630397 0.34365205 0.01766783 0.02984599 0.02827206 0.16257022 0.01095613
624.20806936 0.10619781 0.00084332 0.00048363 0.00067573 0.00343629 0.36228123 0.03618772 0.34229056 0.01807317 0.02872204 0.03015669 0.16581727 0.01103236
625.20840280 0.10466663 0.00070928 0.00068156 0.00035282 0.00148517 0.36352605 0.03934539 0.34200624 0.01632522 0.02978543 0.02968376 0.16553970 0.01055937
626.20873625 0.10254854 0.00077120 0.00068375 0.00050188 0.00239425 0.36218195 0.03620968 0.34063579 0.01664053 0.03023073 0.03141972 0.16679923 0.01153128
627.20906969 0.10077373 0.00099383 0.00062160 0.00081202 0.00128299 0.36304893 0.03429742 0.33841383 0.01698353 0.03278858 0.03084154 0.16953365 0.01038207
628.20940313 0.09955255 0.00070922 0.00061216 0.00016161 0.00059250 0.36465048 0.03682843 0.33807360 0.01782824 0.03238818 0.02851427 0.16867261 0.01096869
629.20973658 0.09982798 0.00056207 0.00057909 0.00018484 0.00154602 0.36379362 0.03410828 0.33942770 0.01517245 0.03276738 0.03293480 0.16885120 0.01007254
630.21007002 0.10082970 0.00085516 0.00048429 0.00043676 0.00348625 0.36410472 0.03612128 0.33989983 0.01822634 0.03138909 0.02905702 0.16572425 0.01021502
631.21040347 0.09992918 0.00073569 0.00038586 0.00023484 0.00192663 0.36203994 0.03661870 0.34121871 0.01732277 0.03132530 0.03215921 0.16501399 0.01101835
632.21073691 0.10036067 0.00052117 0.00047086 0.00018432 0.00049147 0.36343713 0.03774976 0.34298731 0.01631960 0.03468725 0.03125893 0.16213179 0.00976040
633.21107036 0.10008813 0.00112747 0.00053913 0.00062764 0.00177500 0.35667220 0.03570120 0.34176637 0.01817192 0.03617612 0.03048872 0.16535731 0.01159691
634.21140380 0.09933386 0.00100898 0.00048002 0.00058879 0.00215433 0.36193766 0.03298584 0.34269863 0.01858415 0.03507951 0.03056685 0.16302319 0.01089205
635.21173725 0.09839633 0.00101801 0.00048786 0.00085376 0.00139570 0.35860069 0.03367287 0.34114388 0.01881320 0.03609446 0.02859623 0.16708396 0.01223939
636.21207069 0.09708978 0.00108060 0.00066742 0.00073019 0.00270522 0.36149432 0.03339239 0.33944267 0.01715271 0.03642531 0.03131508 0.16520360 0.01039050
637.21240413 0.09619835 0.00122004 0.00052615 0.00080498 0.00436878 0.35760736 0.03382927 0.33791618 0.01721619 0.03774539 0.02967515 0.16788794 0.01120257
638.21273758 0.09568228 0.00118848 0.00054922 0.00097754 0.00391093 0.35907240 0.03396494 0.33776988 0.01605165 0.03704146 0.02989107 0.16759482 0.01198760
639.21307102 0.09547329 0.00095568 0.00052083 0.00053561 0.00212099 0.35794085 0.03383743 0.34048075 0.01746028 0.03847629 0.02988539 0.16841467 0.00937121
640.21340447 0.09479645 0.00088485 0.00046734 0.00047761 0.00397602 0.36018745 0.03098034 0.34169542 0.01751603 0.03773155 0.02823999 0.16604694 0.01179646
641.21373791 0.09419523 0.00110766 0.00064113 0.00098144 0.00318320 0.35864819 0.03176661 0.34277548 0.01705600 0.03886582 0.02895770 0.16689658 0.00912020
642.21407136 0.09444273 0.00053153 0.00064687 0.00019437 0.00260692 0.36212605 0.03152938 0.34369035 0.01610834 0.04009826 0.02929780 0.16364069 0.00952944
643.21440480 0.09268354 0.00053781 0.00066894 0.00037688 0.00200793 0.36154061 0.03161198 0.34250397 0.01562251 0.04117314 0.03014101 0.16450629 0.00930894
644.21473825 0.09190341 0.00059290 0.00044391 0.00039106 0.00348285 0.36181779 0.03433286 0.34233059 0.01583268 0.03865782 0.02749070 0.16510451 0.00952235
645.21507169 0.09096162 0.00095626 0.00037935 0.00063119 0.00464215 0.36154665 0.03199705 0.34407639 0.01523674 0.03768594 0.02746605 0.16598266 0.00939956
646.21540514 0.09098488 0.00093239 0.00040325 0.00065095 0.00458496 0.35987262 0.03196331 0.34248685 0.01549479 0.03710637 0.02871991 0.16832220 0.00946238
647.21573858 0.08958214 0.00069316 0.00042134 0.00040615 0.00258488 0.36079316 0.03265902 0.34451991 0.01571982 0.03494381 0.02832507 0.16897485 0.00995884
648.21607202 0.08965459 0.00087091 0.00045510 0.00074175 0.00242049 0.35755650 0.03176772 0.34567841 0.01693435 0.03378225 0.02974672 0.17037827 0.00966755
649.21640547 0.08916496 0.00087158 0.00039865 0.00055628 0.00408417 0.36011933 0.03225379 0.34507702 0.01726364 0.03347909 0.02822965 0.16804546 0.00962133
650.21673891 0.08856802 0.00081912 0.00044679 0.00055695 0.00543439 0.35754705 0.03133761 0.34721639 0.01636247 0.03390799 0.02767845 0.16878734 0.00990545
651.21707236 0.08678794 0.00069181 0.00053046 0.00056994 0.00258386 0.36181317 0.03245535 0.34797432 0.01586938 0.03337778 0.02890752 0.16557619 0.00965022
652.21740580 0.08456109 0.00109221 0.00052172 0.00078246 0.00251145 0.35731620 0.03100422 0.35203836 0.01701624 0.03224019 0.02736782 0.16745584 0.01065329
653.21773925 0.08435969 0.00081902 0.00054406 0.00076137 0.00322568 0.35686058 0.03076189 0.35122538 0.01616787 0.03171077 0.03032479 0.16588375 0.01171485
654.21807269 0.08356102 0.00085254 0.00055566 0.00058891 0.00271539 0.35497560 0.03562142 0.34899850 0.01752632 0.03334190 0.02748188 0.16587123 0.01147064
655.21840614 0.08453036 0.00204425 0.00041267 0.00166190 0.00538403 0.35551965 0.03161889 0.34584213 0.01827466 0.03182426 0.03039633 0.16559458 0.01142666
656.21873958 0.08427058 0.00120063 0.00043015 0.00070318 0.00480284 0.35458767 0.03256824 0.34619106 0.01956899 0.03217302 0.02912560 0.16804859 0.01060004
657.21907302 0.08399257 0.00145558 0.00033827 0.00121401 0.00484256 0.35767231 0.03413307 0.34533205 0.01614284 0.03120141 0.02935785 0.16703392 0.01127612
658.21940647 0.08197473 0.00082429 0.00054337 0.00064669 0.00590844 0.35584583 0.02960720 0.34808856 0.01387805 0.03503986 0.02767114 0.17263773 0.00930883
659.21973991 0.08171191 0.00117812 0.00038337 0.00080088 0.00422930 0.36035778 0.03280444 0.34996503 0.01655574 0.03389746 0.02364075 0.16724554 0.00894157
660.22007336 0.08207381 0.00079762 0.00033121 0.00038575 0.00268725 0.35543355 0.02970938 0.35036291 0.01738374 0.03420281 0.02899130 0.16978736 0.00992712
661.22040680 0.08076512 0.00099573 0.00032293 0.00085709 0.00359307 0.35866444 0.03108266 0.35080326 0.01571696 0.03348172 0.02700755 0.16674993 0.01072466
662.22074025 0.07953448 0.00098823 0.00034287 0.00088579 0.00402728 0.35623144 0.02998706 0.35290187 0.01672082 0.03432899 0.02793258 0.16637602 0.00927706
663.22107369 0.07840515 0.00074625 0.00037866 0.00036819 0.00353276 0.35991819 0.02948463 0.35299341 0.01510677 0.03387584 0.02631873 0.16789194 0.00938464
664.22140714 0.07834935 0.00092959 0.00039524 0.00046127 0.00477739 0.36012638 0.03079927 0.35329930 0.01582807 0.03454978 0.02337635 0.16666655 0.00879082
665.22174058 0.07732283 0.00063666 0.00044182 0.00029787 0.00352788 0.35979844 0.02760283 0.35489115 0.01371342 0.03473303 0.02658660 0.16914772 0.00862258
666.22207402 0.07646292 0.00067752 0.00043525 0.00021860 0.00111789 0.35924760 0.03209639 0.35377850 0.01393374 0.03394678 0.02431877 0.17066367 0.00956529
667.22240747 0.07588704 0.00068288 0.00036410 0.00036758 0.00157249 0.35672500 0.03145447 0.35432150 0.01461170 0.03372992 0.02660689 0.17086543 0.00869803
668.22274091 0.07575188 0.00062533 0.00036566 0.00018221 0.00121990 0.35630564 0.03063243 0.35327418 0.01499308 0.03482525 0.02633794 0.17217417 0.00906421
669.22307436 0.07627688 0.00064859 0.00034527 0.00026088 0.00299149 0.35520053 0.02997556 0.35618480 0.01593305 0.03494733 0.02462347 0.17013449 0.00875453
670.22340780 0.07743022 0.00061624 0.00030212 0.00036383 0.00163622 0.35584397 0.03179727 0.35512198 0.01456100 0.03377402 0.02755341 0.16962298 0.00880693
671.22374125 0.07652789 0.00058893 0.00030251 0.00009263 0.00209971 0.35504940 0.03188535 0.35714131 0.01459191 0.03393551 0.02603202 0.16971432 0.00856640
672.22407469 0.07411578 0.00090417 0.00028519 0.00046120 0.00521817 0.35745330 0.02701580 0.36033762 0.01534240 0.03143198 0.02754325 0.16534539 0.00866154
673.22440814 0.07352997 0.00088036 0.00032281 0.00027963 0.00158137 0.35608578 0.02773341 0.35987309 0.01634626 0.03187438 0.02505987 0.16826169 0.01170136
674.22474158 0.07187344 0.00127350 0.00034684 0.00073330 0.00412838 0.35717100 0.02681036 0.35961776 0.01719144 0.03174131 0.02506282 0.16748313 0.00844015
675.22507503 0.07132796 0.00069156 0.00042734 0.00035447 0.00159371 0.35650356 0.02678832 0.36188609 0.01417128 0.03295870 0.02618072 0.17060997 0.00783426
676.22540847 0.07074028 0.00037076 0.00053148 0.00008165 0.00025813 0.35808726 0.02880770 0.35987449 0.01350411 0.03231190 0.02448151 0.17364659 0.00804443
677.22574191 0.06926443 0.00053267 0.00058155 0.00031091 0.00141792 0.35710168 0.02677451 0.36175099 0.01183045 0.03512838 0.02283118 0.17337257 0.00836720
678.22607536 0.06855064 0.00060583 0.00045819 0.00038655 0.00188250 0.35848307 0.02646347 0.35981483 0.01361431 0.03240717 0.02325062 0.17411054 0.00852291
679.22640880 0.06814545 0.00054991 0.00035871 0.00036081 0.00048891 0.35845724 0.03034318 0.36113119 0.01415682 0.02888144 0.02020327 0.17452326 0.01054526
680.22674225 0.06781675 0.00052509 0.00034512 0.00021368 0.00061881 0.36185111 0.02653961 0.36506830 0.01139504 0.02865285 0.02664966 0.16984718 0.00829355
681.22707569 0.06723616 0.00098931 0.00027431 0.00055302 0.00134191 0.35846072 0.02918764 0.36367983 0.01515429 0.02839654 0.01983338 0.17141164 0.01071741
682.22740914 0.06674443 0.00053560 0.00028371 0.00041018 0.00168501 0.36117101 0.02655081 0.36387151 0.01271557 0.02923784 0.02461418 0.17002025 0.00890433
683.22774258 0.06629350 0.00054536 0.00033553 0.00028808 0.00155533 0.35977946 0.02730100 0.36677461 0.01155237 0.02998708 0.02403509 0.16827423 0.00957186
684.22807603 0.06539777 0.00085430 0.00031353 0.00072186 0.00228268 0.36064229 0.03030880 0.36272291 0.01233138 0.02970756 0.02001228 0.17142880 0.00867362
685.22840947 0.06488677 0.00059877 0.00033252 0.00050525 0.00338002 0.36133123 0.02478855 0.36317624 0.01085428 0.02996725 0.02503983 0.17186174 0.00816433
686.22874291 0.06414410 0.00067103 0.00039224 0.00040783 0.00164198 0.36225226 0.02932446 0.36252686 0.01247967 0.03157176 0.01821697 0.17213529 0.00837963
687.22907636 0.06407654 0.00064752 0.00039684 0.00043204 0.00245993 0.36228230 0.02568866 0.35895160 0.01008118 0.03299632 0.02341012 0.17444034 0.00821315
688.22940980 0.06364668 0.00044970 0.00037779 0.00027061 0.00146820 0.36372847 0.02591832 0.36122362 0.01113116 0.03297844 0.02167125 0.17283434 0.00794809
689.22974325 0.06222287 0.00068566 0.00030245 0.00048603 0.00179205 0.36395473 0.02768834 0.35948155 0.01294387 0.03092209 0.02031631 0.17305319 0.00837372
690.23007669 0.06166485 0.00050992 0.00032483 0.00041029 0.00156848 0.36449408 0.02472963 0.36123174 0.01129748 0.03094988 0.02387304 0.17167959 0.00893105
691.23041014 0.05997975 0.00083440 0.00026819 0.00078487 0.00224110 0.36511839 0.02679801 0.36343603 0.01222026 0.02971066 0.02012921 0.17046532 0.00799356
692.23074358 0.05958177 0.00113370 0.00025465 0.00102107 0.00327985 0.36487886 0.02398236 0.36326985 0.01067806 0.03003192 0.02230196 0.17033845 0.00882928
693.23107703 0.05906463 0.00092724 0.00025651 0.00066635 0.00340711 0.36564469 0.02519843 0.36518862 0.01190424 0.02693708 0.02132256 0.16886370 0.00968347
694.23141047 0.05981839 0.00096578 0.00028187 0.00082306 0.00256001 0.36300641 0.03043404 0.36382681 0.01176765 0.02644166 0.02103034 0.16997408 0.00888829
695.23174391 0.05945147 0.00061634 0.00029555 0.00034092 0.00290294 0.36612107 0.02769669 0.36392493 0.01164350 0.02596119 0.02126695 0.17060421 0.00862571
696.23207736 0.05859109 0.00057543 0.00026539 0.00022907 0.00154126 0.36418549 0.02735036 0.36416102 0.01175299 0.02591853 0.02125224 0.17415378 0.00861443
697.23241080 0.05794266 0.00055189 0.00030163 0.00052753 0.00436234 0.36680510 0.02595441 0.36259966 0.01131740 0.02570452 0.02109018 0.17298245 0.00780289
698.23274425 0.05750340 0.00081536 0.00025213 0.00052038 0.00435853 0.36587547 0.02532148 0.36211733 0.01127982 0.02448018 0.02063387 0.17538535 0.00896009
699.23307769 0.05756798 0.00093959 0.00032680 0.00070386 0.00353036 0.36863204 0.02527868 0.36618371 0.01031763 0.02433058 0.01917179 0.17219885 0.00838610
700.23341114 0.05740969 0.00074395 0.00026712 0.00060513 0.00303104 0.36747909 0.02452968 0.36721122 0.01047358 0.02418358 0.02080961 0.17222285 0.00844314
701.23374458 0.05692263 0.00029746 0.00047760 0.00015104 0.00026589 0.36930838 0.02353631 0.36797641 0.00998031 0.02663197 0.01906398 0.17455269 0.00775796
702.23407803 0.05701215 0.00031036 0.00044159 0.00010478 0.00020432 0.37061710 0.02308051 0.37113198 0.01033558 0.02672598 0.01877533 0.17166009 0.00661240
703.23441147 0.05600043 0.00054881 0.00038047 0.00010402 0.00060635 0.36911117 0.02120322 0.37213412 0.01028263 0.02602386 0.01990641 0.17268549 0.00701346
704.23474491 0.05586130 0.00052994 0.00037018 0.00035807 0.00285299 0.37455707 0.02307104 0.37115527 0.00825107 0.02257146 0.01618960 0.17353651 0.00655680
705.23507836 0.05551506 0.00054420 0.00036151 0.00039919 0.00193409 0.37329479 0.02181994 0.36951309 0.00845346 0.02263722 0.01779259 0.17616377 0.00708614
706.23541180 0.05525064 0.00036285 0.00032280 0.00020872 0.00117074 0.37468817 0.02249446 0.36889856 0.00863159 0.02233336 0.01753586 0.17545972 0.00789315
707.23574525 0.05502279 0.00035046 0.00029265 0.00043498 0.00278051 0.37277269 0.02164104 0.36944543 0.00840761 0.02223457 0.01811002 0.17667707 0.00685298
708.23607869 0.05466549 0.00026989 0.00045756 0.00006634 0.00018365 0.37638536 0.02185654 0.36897206 0.00832736 0.02274731 0.01766149 0.17651263 0.00655982
709.23641214 0.05429022 0.00021859 0.00034135 0.00006950 0.00015802 0.37512696 0.02329811 0.37028141 0.00813188 0.02230063 0.01708896 0.17675466 0.00622993
710.23674558 0.05365027 0.00082901 0.00030144 0.00066876 0.00067197 0.37528648 0.02260459 0.37167287 0.00846280 0.02054209 0.01734340 0.17510822 0.00650836
711.23707903 0.05285909 0.00059694 0.00028984 0.00057612 0.00212086 0.37618562 0.02130214 0.37172662 0.00827403 0.02005358 0.01747856 0.17450227 0.00689343
712.23741247 0.05248738 0.00052289 0.00028708 0.00048740 0.00408822 0.37505774 0.02147141 0.37163572 0.00820384 0.01993635 0.01745482 0.17370800 0.00714654
713.23774592 0.05186215 0.00028116 0.00030685 0.00012803 0.00098256 0.37807677 0.02290079 0.37184294 0.00846852 0.02100577 0.01589871 0.17349955 0.00660837
714.23807936 0.05102623 0.00039458 0.00027094 0.00037455 0.00290557 0.37882741 0.02042382 0.37005755 0.00710965 0.02102365 0.01767620 0.17471239 0.00622367
715.23841280 0.05088710 0.00076044 0.00027523 0.00054970 0.00320141 0.37795150 0.02106755 0.37034960 0.00837821 0.02125806 0.01438787 0.17519821 0.00662221
716.23874625 0.05089317 0.00063089 0.00025460 0.00024011 0.00151590 0.37794825 0.01984269 0.36809471 0.00900523 0.02129720 0.01795448 0.17669569 0.00652025
717.23907969 0.05099139 0.00040719 0.00024900 0.00010212 0.00039648 0.37630665 0.02272139 0.36802669 0.00953414 0.02147125 0.01720335 0.17658968 0.00699206
718.23941314 0.05046311 0.00046458 0.00026929 0.00022007 0.00218190 0.37626869 0.02163251 0.36680100 0.00901577 0.02180092 0.01920702 0.17576776 0.00637050
719.23974658 0.04882855 0.00041298 0.00030834 0.00014589 0.00129212 0.37710512 0.02069068 0.36801577 0.00905755 0.02142656 0.01925882 0.17488413 0.00740204
720.24008003 0.04747289 0.00106223 0.00032062 0.00087446 0.00376574 0.37662624 0.02129376 0.36952214 0.01062766 0.02092324 0.01477802 0.17484572 0.00536017
721.24041347 0.04797865 0.00046323 0.00032370 0.00035694 0.00469531 0.37962660 0.01787940 0.37179067 0.00883228 0.01985795 0.01678090 0.17295418 0.00643883
722.24074692 0.04764072 0.00074937 0.00024073 0.00085803 0.00593064 0.37843972 0.01733688 0.37314517 0.00805422 0.01853872 0.01621620 0.17445555 0.00603477
723.24108036 0.04726242 0.00106017 0.00024385 0.00077182 0.00459516 0.37958843 0.01879120 0.37208424 0.00870663 0.01873945 0.01460734 0.17445575 0.00635596
724.24141380 0.04529518 0.00036131 0.00028570 0.00009485 0.00136781 0.38081048 0.01801138 0.37293856 0.00762425 0.01992507 0.01702284 0.17538833 0.00616941
725.24174725 0.04482356 0.00045539 0.00029966 0.00033096 0.00149553 0.38001861 0.02184395 0.37135122 0.00817326 0.01883767 0.01434719 0.17724716 0.00559940
726.24208069 0.04421148 0.00062082 0.00030731 0.00049537 0.00129984 0.37814427 0.02008922 0.37226317 0.00778714 0.01901697 0.01654343 0.17620788 0.00722457
727.24241414 0.04292286 0.00031966 0.00028013 0.00045679 0.00051598 0.37686968 0.02090380 0.36921444 0.00832475 0.01818114 0.01859770 0.17765952 0.00867641
728.24274758 0.04293852 0.00047333 0.00021299 0.00036348 0.00063809 0.37649721 0.02158519 0.37022874 0.01056582 0.01707093 0.01748893 0.17670971 0.00816558
729.24308103 0.04329016 0.00069941 0.00021974 0.00060803 0.00289736 0.37791461 0.01887949 0.37191817 0.00932086 0.01865515 0.01824279 0.17410050 0.00654389
730.24341447 0.04308855 0.00050898 0.00022624 0.00036302 0.00222720 0.37652685 0.02085536 0.37222623 0.00875539 0.01868020 0.01675449 0.17539811 0.00747793
731.24374792 0.04276948 0.00047733 0.00028828 0.00039212 0.00248606 0.37850139 0.02053362 0.37489081 0.00974021 0.01768216 0.01697929 0.17211298 0.00591577
732.24408136 0.04141549 0.00050792 0.00025921 0.00009609 0.00218137 0.37962954 0.01815185 0.37512466 0.00985750 0.01723468 0.01723531 0.17373412 0.00598775
733.24441480 0.04165841 0.00041035 0.00038400 0.00008783 0.00039736 0.37923435 0.01928793 0.37453695 0.00971923 0.01767603 0.01621925 0.17619338 0.00585332
734.24474825 0.04246870 0.00021625 0.00028608 0.00006901 0.00016493 0.37912720 0.01986275 0.37612790 0.00822311 0.01770898 0.01750767 0.17496471 0.00574143
735.24508169 0.04283258 0.00026122 0.00023779 0.00006965 0.00021467 0.37831858 0.02042728 0.37408039 0.00889398 0.01758396 0.01626349 0.17816795 0.00548102
736.24541514 0.04281864 0.00038312 0.00023923 0.00011686 0.00165840 0.37649086 0.01942186 0.37300333 0.00989522 0.01760350 0.01635943 0.17908715 0.00574102
737.24574858 0.04295666 0.00036759 0.00024954 0.00026737 0.00162370 0.37666141 0.01933776 0.37558303 0.00906293 0.01792567 0.01690903 0.17615056 0.00586142
738.24608203 0.04240092 0.00037580 0.00028497 0.00023438 0.00164290 0.37714607 0.02042758 0.37428569 0.00764419 0.01680890 0.01752456 0.17760590 0.00601906
739.24641547 0.04246863 0.00031558 0.00030397 0.00006394 0.00024334 0.37830812 0.02061780 0.37556589 0.00910301 0.01862767 0.01540608 0.17543217 0.00601243
740.24674892 0.04219429 0.00033818 0.00026492 0.00007084 0.00027807 0.37831082 0.02019168 0.37717772 0.00914173 0.01838087 0.01591034 0.17412058 0.00581426
741.24708236 0.04116542 0.00029002 0.00024019 0.00008634 0.00200955 0.37701213 0.01981104 0.37648904 0.00836978 0.01809380 0.01707104 0.17453519 0.00599187
742.24741581 0.04033624 0.00036415 0.00023973 0.00011272 0.00134326 0.37677574 0.02133035 0.37760504 0.00898181 0.01777269 0.01701094 0.17209031 0.00637325
743.24774925 0.03858536 0.00033379 0.00020751 0.00011392 0.00035549 0.37696792 0.01950419 0.37696611 0.00929402 0.01565897 0.01789988 0.17673782 0.00596038
744.24808269 0.03804048 0.00065100 0.00027293 0.00035262 0.00222719 0.37615998 0.01973154 0.37703329 0.00981380 0.01437726 0.01769911 0.17519095 0.00649034
745.24841614 0.03938463 0.00046583 0.00028006 0.00028479 0.00146393 0.37396188 0.02132868 0.37445607 0.00934152 0.01650684 0.01736746 0.17836883 0.00617410
746.24874958 0.03985501 0.00070931 0.00020837 0.00038258 0.00137570 0.37479747 0.02063786 0.37307425 0.00997388 0.01624094 0.01782121 0.17743779 0.00734064
747.24908303 0.03980477 0.00063639 0.00017438 0.00042943 0.00291066 0.37490537 0.02080284 0.37293679 0.00906999 0.01631991 0.01727979 0.17734630 0.00718814
748.24941647 0.03997562 0.00055269 0.00021862 0.00045559 0.00153064 0.37439362 0.02064348 0.37622289 0.00895697 0.01610499 0.01722709 0.17645421 0.00723922
749.24974992 0.03950623 0.00106693 0.00018061 0.00090223 0.00396835 0.37614168 0.01968869 0.37650304 0.00869449 0.01542736 0.01509583 0.17413396 0.00819682
750.25008336 0.03925562 0.00058373 0.00020065 0.00056817 0.00177422 0.37473115 0.02086150 0.37952080 0.00838635 0.01510566 0.01752191 0.17372636 0.00701951
751.25041681 0.03880626 0.00120493 0.00018233 0.00088897 0.00199278 0.37569488 0.01934978 0.38211195 0.00929212 0.01424067 0.01462612 0.17381511 0.00660035
752.25075025 0.03967876 0.00076710 0.00027672 0.00069929 0.00356303 0.37400127 0.01715559 0.38101912 0.00754728 0.01599686 0.01814840 0.17480064 0.00602470
753.25108369 0.04105509 0.00064096 0.00020313 0.00049696 0.00375302 0.37321069 0.01863727 0.37946060 0.00959881 0.01546362 0.01611388 0.17572687 0.00669420
754.25141714 0.04027194 0.00049548 0.00020038 0.00036903 0.00319885 0.37468249 0.01969053 0.37715962 0.00929963 0.01528549 0.01652574 0.17687597 0.00621679
755.25175058 0.04256565 0.00109531 0.00017665 0.00078772 0.00329666 0.37121388 0.02027192 0.37627382 0.00921977 0.01498749 0.01718106 0.17905162 0.00644410
756.25208403 0.04257016 0.00077154 0.00017641 0.00057235 0.00281317 0.37114214 0.02240996 0.37516741 0.01156484 0.01520279 0.01529120 0.17852305 0.00636513
757.25241747 0.04287989 0.00063248 0.00016139 0.00038430 0.00263699 0.37093442 0.02019172 0.37632317 0.00885508 0.01545451 0.01980119 0.17773754 0.00688720
758.25275092 0.04221264 0.00067914 0.00016378 0.00058671 0.00213936 0.37226907 0.02207051 0.37765357 0.00895768 0.01487770 0.01747000 0.17635072 0.00678177
759.25308436 0.04192568 0.00068235 0.00015915 0.00071304 0.00226076 0.37363571 0.01865998 0.37994331 0.01176983 0.01506471 0.01628629 0.17479988 0.00602498
760.25341781 0.04207822 0.00069907 0.00015953 0.00022840 0.00226386 0.37482713 0.01829878 0.38061704 0.01075177 0.01528777 0.01743435 0.17304659 0.00638574
761.25375125 0.04195304 0.00072663 0.00015234 0.00044396 0.00268344 0.37352114 0.02089770 0.38207266 0.00983901 0.01545251 0.01518044 0.17321926 0.00581091
762.25408469 0.04171701 0.00056260 0.00033917 0.00011680 0.00166831 0.37322884 0.01962918 0.38108227 0.00797884 0.01575628 0.01800406 0.17447472 0.00715893
763.25441814 0.04038287 0.00054416 0.00018929 0.00031413 0.00142612 0.37309431 0.01897903 0.37993269 0.01097012 0.01589300 0.01651813 0.17608188 0.00605714
764.25475158 0.04064383 0.00034724 0.00018024 0.00008320 0.00026326 0.37289704 0.01890719 0.37868863 0.00990071 0.01699686 0.01726696 0.17883956 0.00562910
765.25508503 0.03991806 0.00035213 0.00018090 0.00007563 0.00026739 0.37400864 0.01827451 0.37722601 0.00935315 0.01639109 0.01849902 0.17887621 0.00649532
766.25541847 0.03959697 0.00066809 0.00016891 0.00055388 0.00119247 0.37115986 0.02077460 0.37729067 0.00989478 0.01655092 0.01637478 0.17976891 0.00560212
767.25575192 0.04015102 0.00032596 0.00022055 0.00007047 0.00019737 0.37454512 0.01979991 0.37948598 0.01004274 0.01583573 0.01672212 0.17734631 0.00540774
768.25608536 0.03877611 0.00039998 0.00024893 0.00006505 0.00024726 0.37096142 0.01944833 0.38113760 0.01084969 0.01753226 0.01611677 0.17714187 0.00585083
769.25641881 0.03871704 0.00031799 0.00021858 0.00011364 0.00027883 0.37268726 0.01822020 0.38293327 0.00933714 0.01731392 0.01816062 0.17379785 0.00662068
770.25675225 0.03854433 0.00037021 0.00019893 0.00009319 0.00018762 0.37061644 0.01996546 0.38378369 0.01019096 0.01721264 0.01790881 0.17325681 0.00621525
771.25708570 0.03781186 0.00049646 0.00024337 0.00017207 0.00044580 0.36936003 0.01840215 0.38343771 0.01188304 0.01823380 0.01701383 0.17365063 0.00666113
772.25741914 0.03766959 0.00075778 0.00020306 0.00025558 0.00059031 0.36790874 0.01989880 0.38141888 0.01224791 0.01803061 0.01848608 0.17359696 0.00660529
773.25775258 0.03713542 0.00037672 0.00019323 0.00015228 0.00035457 0.36769242 0.02230986 0.37962217 0.01031061 0.01781689 0.01845089 0.17594820 0.00677215
774.25808603 0.03644024 0.00085199 0.00019190 0.00033443 0.00174139 0.36514100 0.02136671 0.37915240 0.01062370 0.01751814 0.01927271 0.17733717 0.00646846
775.25841947 0.03633007 0.00060274 0.00018321 0.00017654 0.00173642 0.36520271 0.02071571 0.37928766 0.01207122 0.01739532 0.01819430 0.17726494 0.00716924
776.25875292 0.03632539 0.00054486 0.00017395 0.00031467 0.00154667 0.36446265 0.02056917 0.37852411 0.01213347 0.01757761 0.01961069 0.17856163 0.00598053
777.25908636 0.03589854 0.00032515 0.00017192 0.00013094 0.00094356 0.36533210 0.02062722 0.38015477 0.01105435 0.01768762 0.02062738 0.17592867 0.00701633
778.25941981 0.03546215 0.00031440 0.00018814 0.00016427 0.00025180 0.36442410 0.02268743 0.38175701 0.01157363 0.01738144 0.01911897 0.17629134 0.00584747
779.25975325 0.03535565 0.00084618 0.00020199 0.00060689 0.00250762 0.36365789 0.02060088 0.38285569 0.01130471 0.01721327 0.01958373 0.17378155 0.00683960
780.26008670 0.03545499 0.00049351 0.00019187 0.00032433 0.00168774 0.36357637 0.02252239 0.38451208 0.01219065 0.01745094 0.01878449 0.17198754 0.00627809
781.26042014 0.03602244 0.00039435 0.00020239 0.00027454 0.00131892 0.36292174 0.02130901 0.38287175 0.01145403 0.01909192 0.02058716 0.17279951 0.00677468
782.26075358 0.03644578 0.00037367 0.00026438 0.00016301 0.00115796 0.36334056 0.02193061 0.38119644 0.01097475 0.01934724 0.02059725 0.17385460 0.00679953
783.26108703 0.03608141 0.00040101 0.00030365 0.00012976 0.00181186 0.36413286 0.02372140 0.38085870 0.01117606 0.01826810 0.01864695 0.17428800 0.00626164
784.26142047 0.03638218 0.00033699 0.00022083 0.00008515 0.00026467 0.36467131 0.02232341 0.37870789 0.01110486 0.01765767 0.02117267 0.17685417 0.00660039
785.26175392 0.03682167 0.00039902 0.00021026 0.00009150 0.00037987 0.36427501 0.02294729 0.37763881 0.01170227 0.01756516 0.01987997 0.17852854 0.00638230
786.26208736 0.03686297 0.00036336 0.00015828 0.00008053 0.00020732 0.36512274 0.02316960 0.37934325 0.01195953 0.01652034 0.01982111 0.17642702 0.00682693
787.26242081 0.03687713 0.00037175 0.00016789 0.00008305 0.00028381 0.36408050 0.02228911 0.37870907 0.01108548 0.01686897 0.02124234 0.17797281 0.00684521
788.26275425 0.03649133 0.00044318 0.00015689 0.00010189 0.00042605 0.36539737 0.02338141 0.38172198 0.01035218 0.01628772 0.02105022 0.17392881 0.00675230
789.26308770 0.03694840 0.00050794 0.00016880 0.00017862 0.00170406 0.36198803 0.02271462 0.38325467 0.01168146 0.01524183 0.02117529 0.17365058 0.00773411
790.26342114 0.03683820 0.00050744 0.00020564 0.00036652 0.00326912 0.36398173 0.02436634 0.38353904 0.01155545 0.01557947 0.01874795 0.17125663 0.00662466
791.26375458 0.03683150 0.00036934 0.00032067 0.00013104 0.00032345 0.35852083 0.02401179 0.38728880 0.01171794 0.01667324 0.01956457 0.17422486 0.00685348
792.26408803 0.03664614 0.00069358 0.00023743 0.00060523 0.00088374 0.36114521 0.02310885 0.38569569 0.01121868 0.01638301 0.02043589 0.17344767 0.00614501
793.26442147 0.03656754 0.00082597 0.00023241 0.00073627 0.00341308 0.36002599 0.02090392 0.38405045 0.01138590 0.01680435 0.01870578 0.17613722 0.00677866
794.26475492 0.03670776 0.00046172 0.00023296 0.00013831 0.00341550 0.35815472 0.02111406 0.38364775 0.01191642 0.01565878 0.02140115 0.17643122 0.00742743
795.26508836 0.03575761 0.00087762 0.00018351 0.00055139 0.00448760 0.35741144 0.02188743 0.38192321 0.01224439 0.01582959 0.01870941 0.17925039 0.00664402
796.26542181 0.03741869 0.00096894 0.00016569 0.00055118 0.00378470 0.35792884 0.02192013 0.38283471 0.01249771 0.01594057 0.02022015 0.17614331 0.00704406
797.26575525 0.03729584 0.00073919 0.00016024 0.00060817 0.00504553 0.35762689 0.02297112 0.38371899 0.01169648 0.01537871 0.01981975 0.17547950 0.00675544
798.26608870 0.03703369 0.00072567 0.00016138 0.00062287 0.00356015 0.35832443 0.02352677 0.38408480 0.01069627 0.01556192 0.02142935 0.17467033 0.00663606
799.26642214 0.03668867 0.00119643 0.00029259 0.00096202 0.00321273 0.35828423 0.02137372 0.38739057 0.01119266 0.01543866 0.02022558 0.17345852 0.00697231
800.26675559 0.03592884 0.00097836 0.00022430 0.00058670 0.00498078 0.35976374 0.02065438 0.38468522 0.01282499 0.01570681 0.01931944 0.17295693 0.00731834
801.26708903 0.03524163 0.00074728 0.00021884 0.00020117 0.00147421 0.36056660 0.02234598 0.38571381 0.01333358 0.01590986 0.01943351 0.17335714 0.00669801
802.26742247 0.03524926 0.00075918 0.00019689 0.00034598 0.00268009 0.36010543 0.02256869 0.38393439 0.01200481 0.01570170 0.02021597 0.17520291 0.00628396
803.26775592 0.03642163 0.00055595 0.00017959 0.00030216 0.00215187 0.36207067 0.02163308 0.38204200 0.01050137 0.01523756 0.02072969 0.17622906 0.00836699
804.26808936 0.03630914 0.00104536 0.00018052 0.00094859 0.00431425 0.35776703 0.02017523 0.38301518 0.01119114 0.01756301 0.01949249 0.17742600 0.00688119
805.26842281 0.03614401 0.00081764 0.00018960 0.00058702 0.00283478 0.36076149 0.02062360 0.38053852 0.01416202 0.01678831 0.01812604 0.17676940 0.00780158
806.26875625 0.03623799 0.00065977 0.00017421 0.00026490 0.00062960 0.35960060 0.02070217 0.38236015 0.01275637 0.01735068 0.02096142 0.17783121 0.00670894
807.26908970 0.03630623 0.00037916 0.00016781 0.00018312 0.00045374 0.36160282 0.02190503 0.38387009 0.01196315 0.01723610 0.02000458 0.17472310 0.00751129
808.26942314 0.03585603 0.00055435 0.00020133 0.00017435 0.00054395 0.36041367 0.02178746 0.38503540 0.01196686 0.01896659 0.01983166 0.17477367 0.00575072
809.26975659 0.03544950 0.00061787 0.00016618 0.00029020 0.00169338 0.36063949 0.02195471 0.38511513 0.01226025 0.01854301 0.01852071 0.17321514 0.00698392
810.27009003 0.03508077 0.00047097 0.00021569 0.00017267 0.00151490 0.36045757 0.02158567 0.38851021 0.01080244 0.01735014 0.01960061 0.17309255 0.00622659
811.27042347 0.03410638 0.00088229 0.00018912 0.00068261 0.00214150 0.36114468 0.02085930 0.38758625 0.01154954 0.01588659 0.01828621 0.17385990 0.00693202
812.27075692 0.03291793 0.00050368 0.00016799 0.00033931 0.00139956 0.36025707 0.02225738 0.38580218 0.01126985 0.01613598 0.01871006 0.17682586 0.00633108
813.27109036 0.03216161 0.00041232 0.00025217 0.00026459 0.00139823 0.36144658 0.02050304 0.38484994 0.01050693 0.01599911 0.02021110 0.17741113 0.00674486
814.27142381 0.03196733 0.00038988 0.00020064 0.00015259 0.00240364 0.36028016 0.02250664 0.38308624 0.01137554 0.01631414 0.01783588 0.17861554 0.00683913
815.27175725 0.03202296 0.00086148 0.00018263 0.00068663 0.00387857 0.35925768 0.02073196 0.38299986 0.01004906 0.01664347 0.01992819 0.17792017 0.00686032
816.27209070 0.03020040 0.00084581 0.00015048 0.00034235 0.00363829 0.35802040 0.02184902 0.38355809 0.01198435 0.01557968 0.01835559 0.17679823 0.00887773
817.27242414 0.03027761 0.00067123 0.00025606 0.00052554 0.00220918 0.35849391 0.02157137 0.38671548 0.01108786 0.01453720 0.01938026 0.17578320 0.00876872
818.27275759 0.03037702 0.00104946 0.00017638 0.00087284 0.00334170 0.35913320 0.02146173 0.38793719 0.00958398 0.01448770 0.01895237 0.17420681 0.00879664
819.27309103 0.03071144 0.00053534 0.00020928 0.00057011 0.00179698 0.35989443 0.02323370 0.38923335 0.01017048 0.01631372 0.01735504 0.17411846 0.00656912
820.27342447 0.03093872 0.00039565 0.00017854 0.00033206 0.00141632 0.36010148 0.01950271 0.38918480 0.01064010 0.01616196 0.01895815 0.17419128 0.00893695
821.27375792 0.03102357 0.00061860 0.00022084 0.00033295 0.00153936 0.35842850 0.02204637 0.38953468 0.01222089 0.01705326 0.01819905 0.17363354 0.00617197
822.27409136 0.03076744 0.00061976 0.00021746 0.00014560 0.00050853 0.35924685 0.01999361 0.38751311 0.01078530 0.01656840 0.01962262 0.17711118 0.00766759
823.27442481 0.03048219 0.00038675 0.00020442 0.00015416 0.00037974 0.35852693 0.02123305 0.38694458 0.01112812 0.01636867 0.01981980 0.17859928 0.00625450
824.27475825 0.03060525 0.00029755 0.00017421 0.00010989 0.00025479 0.35969354 0.02337060 0.38618549 0.01117989 0.01577291 0.01797698 0.17872464 0.00625951
825.27509170 0.03056124 0.00035152 0.00017012 0.00009491 0.00027903 0.35858720 0.02048755 0.38675923 0.01119118 0.01587921 0.02122494 0.17875388 0.00622122
826.27542514 0.03064427 0.00055644 0.00015056 0.00042704 0.00328834 0.35802020 0.02128550 0.38672534 0.01286073 0.01537714 0.01948889 0.17580246 0.00601735
827.27575859 0.03055552 0.00043643 0.00014890 0.00025390 0.00037463 0.35664719 0.01934578 0.38819888 0.01294271 0.01569183 0.02088227 0.17537618 0.00970130
828.27609203 0.03043505 0.00051767 0.00014804 0.00038385 0.00065502 0.35808362 0.02030585 0.38936514 0.01300755 0.01558537 0.02265651 0.17289692 0.00639446
829.27642548 0.03036309 0.00066781 0.00021529 0.00051750 0.00127861 0.35733551 0.02090841 0.39132053 0.01318505 0.01616497 0.01876318 0.17300420 0.00663893
830.27675892 0.02979780 0.00097947 0.00018345 0.00090973 0.00310332 0.35720191 0.01919666 0.38971137 0.01155747 0.01496809 0.02142812 0.17445384 0.00630657
831.27709236 0.02926855 0.00039031 0.00021688 0.00044440 0.00274211 0.35897960 0.02073955 0.38969275 0.01192588 0.01511485 0.01881554 0.17480667 0.00613146
832.27742581 0.02862617 0.00043248 0.00027226 0.00049663 0.00153274 0.35990880 0.01867492 0.38766095 0.01165959 0.01561209 0.01957233 0.17735088 0.00682634
833.27775925 0.02874795 0.00039063 0.00035556 0.00012001 0.00029010 0.36086904 0.01800711 0.38739889 0.01191281 0.01648677 0.01870530 0.18000541 0.00545836
834.27809270 0.02902618 0.00035169 0.00026267 0.00009171 0.00024051 0.36207300 0.01885697 0.38723027 0.01220569 0.01648755 0.01752818 0.17960058 0.00507118
835.27842614 0.02926298 0.00042882 0.00021966 0.00021160 0.00177783 0.35919812 0.01872150 0.38852407 0.01035974 0.01667270 0.01874411 0.17952674 0.00561512
836.27875959 0.02926753 0.00061911 0.00023709 0.00016545 0.00135362 0.35904029 0.01924484 0.39064438 0.01158143 0.01643984 0.01713325 0.17770034 0.00584035
837.27909303 0.02913980 0.00054920 0.00021784 0.00022558 0.00142878 0.35856642 0.01817134 0.39246593 0.00997755 0.01647704 0.01878402 0.17655845 0.00657785
838.27942648 0.02825749 0.00044031 0.00018491 0.00008665 0.00030815 0.35815665 0.02207390 0.39439387 0.01031642 0.01630671 0.01650054 0.17534216 0.00588973
839.27975992 0.02823041 0.00031728 0.00019930 0.00008253 0.00026432 0.35811835 0.02083391 0.39519431 0.00908836 0.01646010 0.01912993 0.17459524 0.00571637
840.28009336 0.02767310 0.00085411 0.00020085 0.00055430 0.00249895 0.35643861 0.01904195 0.39519737 0.01144270 0.01560320 0.01670722 0.17586042 0.00560034
841.28042681 0.02642748 0.00040611 0.00025341 0.00016578 0.00152563 0.35986663 0.01896956 0.39351191 0.01035512 0.01502953 0.01684795 0.17748564 0.00558272
842.28076025 0.02580950 0.00089817 0.00025825 0.00078836 0.00284854 0.35803259 0.01726796 0.39201535 0.00831688 0.01447575 0.01951934 0.17842758 0.00715121
843.28109370 0.02701642 0.00063999 0.00039274 0.00024379 0.00237579 0.35869414 0.01959160 0.38928539 0.01014145 0.01466130 0.01729855 0.18016412 0.00651113
844.28142714 0.02660704 0.00060321 0.00030122 0.00046578 0.00398991 0.35914181 0.01819569 0.38960189 0.00997595 0.01428001 0.01808035 0.17903512 0.00632906
845.28176059 0.02706943 0.00057390 0.00029805 0.00037356 0.00158225 0.35770621 0.02242732 0.39184974 0.01107039 0.01342190 0.01670092 0.17834216 0.00565360
846.28209403 0.02696885 0.00043124 0.00025554 0.00010395 0.00039322 0.36000852 0.02019075 0.39181220 0.01082830 0.01382309 0.01845357 0.17783525 0.00586438
847.28242748 0.02712908 0.00037156 0.00023291 0.00011031 0.00158107 0.36157102 0.01894839 0.39434251 0.00959145 0.01292741 0.01859486 0.17552374 0.00620478
848.28276092 0.02842222 0.00046013 0.00023840 0.00021975 0.00029956 0.36057091 0.01941748 0.39369293 0.01140930 0.01401548 0.01651373 0.17609599 0.00706635
849.28309436 0.02673910 0.00068246 0.00020871 0.00055532 0.00094107 0.36004709 0.01810299 0.39422257 0.01007556 0.01372740 0.01903924 0.17468421 0.00771339
850.28342781 0.02650380 0.00038293 0.00033148 0.00013610 0.00193044 0.35877142 0.02096210 0.39413208 0.00931406 0.01488659 0.01650883 0.17700165 0.00564232
851.28376125 0.02647609 0.00026632 0.00028295 0.00011509 0.00022777 0.35841164 0.02037316 0.39305050 0.00904381 0.01597031 0.01700809 0.17768638 0.00756397
852.28409470 0.02811381 0.00044381 0.00025926 0.00029424 0.00056880 0.35577972 0.01980754 0.39431561 0.01038253 0.01632691 0.01704708 0.17880807 0.00596643
853.28442814 0.02770254 0.00051095 0.00022881 0.00011753 0.00034491 0.35615112 0.02015841 0.39137958 0.01061446 0.01530482 0.01715151 0.17987954 0.00815837
854.28476159 0.02737283 0.00053108 0.00024991 0.00028065 0.00085190 0.35625161 0.01984628 0.39152801 0.00939288 0.01526105 0.02023777 0.17952740 0.00604147
855.28509503 0.02672568 0.00035945 0.00033110 0.00020575 0.00038740 0.35593022 0.02116178 0.39364376 0.01062279 0.01475956 0.01627125 0.17930077 0.00702618
856.28542848 0.02603934 0.00037844 0.00030993 0.00009068 0.00026925 0.35683538 0.02067875 0.39451238 0.01076972 0.01480721 0.01800067 0.17737082 0.00597678
857.28576192 0.02520516 0.00065720 0.00026135 0.00044931 0.00177093 0.35686159 0.02086996 0.39418163 0.01043701 0.01430544 0.01708354 0.17594162 0.00718042
858.28609537 0.02498381 0.00044725 0.00021286 0.00012294 0.00032674 0.35630361 0.02288658 0.39593392 0.00977827 0.01407291 0.01812137 0.17481324 0.00698031
859.28642881 0.02527869 0.00033086 0.00018373 0.00008167 0.00020441 0.35778726 0.02181488 0.39484497 0.00904098 0.01382331 0.01990904 0.17469620 0.00728268
860.28676225 0.02626070 0.00058228 0.00026639 0.00011747 0.00036837 0.35509099 0.02400944 0.39245705 0.01170081 0.01411224 0.01725981 0.17737378 0.00666135
861.28709570 0.02623041 0.00045632 0.00019710 0.00010011 0.00024903 0.35727264 0.02107246 0.39243760 0.01120038 0.01388742 0.01874777 0.17748247 0.00689671
862.28742914 0.02596219 0.00033725 0.00017584 0.00014973 0.00173901 0.35742489 0.02392096 0.39159421 0.00932866 0.01251963 0.01845874 0.17797539 0.00637569
863.28776259 0.02548755 0.00062228 0.00015407 0.00041297 0.00266117 0.35489793 0.02500840 0.38998995 0.00969672 0.01153815 0.01784096 0.18009452 0.00708287
864.28809603 0.02519643 0.00100599 0.00026224 0.00075940 0.00408706 0.35329916 0.02263442 0.39094916 0.01018480 0.01150415 0.02117902 0.17677901 0.00735559
865.28842948 0.02511544 0.00068593 0.00019231 0.00024719 0.00138239 0.35295748 0.02643486 0.39205855 0.01131971 0.01142340 0.01686376 0.17800984 0.00842457
866.28876292 0.02527689 0.00075655 0.00017286 0.00058382 0.00286262 0.35433657 0.02431720 0.39266280 0.01002700 0.01132958 0.01987950 0.17427777 0.00879374
867.28909637 0.02490979 0.00040616 0.00017286 0.00024119 0.00131421 0.35374797 0.02694752 0.39390243 0.01001786 0.01164657 0.02036625 0.17348022 0.00775676
868.28942981 0.02418499 0.00034411 0.00026575 0.00011042 0.00023578 0.35432027 0.02651037 0.39480194 0.00980342 0.01202616 0.01906189 0.17374997 0.00876992
869.28976325 0.02354403 0.00048251 0.00021504 0.00028446 0.00047077 0.35423812 0.02521147 0.39447040 0.00926770 0.01223444 0.02052560 0.17407842 0.00852107
870.29009670 0.02374641 0.00039598 0.00016950 0.00022085 0.00048413 0.35485215 0.02720861 0.39294185 0.01011199 0.01174062 0.01757381 0.17577748 0.00852303
871.29043014 0.02513856 0.00055334 0.00019433 0.00041402 0.00106818 0.35405649 0.02420892 0.38825252 0.00872400 0.01379933 0.02220557 0.17757037 0.00895292
872.29076359 0.02502323 0.00051110 0.00018025 0.00040750 0.00163056 0.35589236 0.02704668 0.38792519 0.00966442 0.01395113 0.01764565 0.17734297 0.00780219
873.29109703 0.02505162 0.00032141 0.00015327 0.00016050 0.00023086 0.35440902 0.02615753 0.38876390 0.00909114 0.01402468 0.01822340 0.17998655 0.00847773
874.29143048 0.02483353 0.00046215 0.00015861 0.00044183 0.00260627 0.35590843 0.02485883 0.38724514 0.00822330 0.01335514 0.01932818 0.17819083 0.00922127
875.29176392 0.02463078 0.00038305 0.00017000 0.00025581 0.00051144 0.35495517 0.02577967 0.39061307 0.00874846 0.01469506 0.01739014 0.17857439 0.00792374
876.29209737 0.02597841 0.00056947 0.00023024 0.00050863 0.00114816 0.35614072 0.02415093 0.39279304 0.00830042 0.01503519 0.01887528 0.17493045 0.00731746
877.29243081 0.02588787 0.00080590 0.00026480 0.00068217 0.00343955 0.35488285 0.02556119 0.39322094 0.00793631 0.01521855 0.01687864 0.17309674 0.00801234
878.29276425 0.02555339 0.00074242 0.00024573 0.00049948 0.00506282 0.35349859 0.02352950 0.39522622 0.00744409 0.01456004 0.01710361 0.17412677 0.00796074
879.29309770 0.02520274 0.00072386 0.00023979 0.00070532 0.00323117 0.35373292 0.02496373 0.39508480 0.00767348 0.01478297 0.01727997 0.17369507 0.00788691
880.29343114 0.02486950 0.00037739 0.00023658 0.00017843 0.00131972 0.35515595 0.02565447 0.39323070 0.00811141 0.01474816 0.01716862 0.17596456 0.00785400
881.29376459 0.02445260 0.00037855 0.00023216 0.00029029 0.00155928 0.35623194 0.02300594 0.39102275 0.00687940 0.01491120 0.01765126 0.18068258 0.00715464
882.29409803 0.02189055 0.00085187 0.00026533 0.00050394 0.00194061 0.35570751 0.02469267 0.39036162 0.00775321 0.01403060 0.01599840 0.17978988 0.00810438
883.29443148 0.02166127 0.00031320 0.00033051 0.00012393 0.00030282 0.35419963 0.02443678 0.39218396 0.00689824 0.01479917 0.01755850 0.18122508 0.00762818
884.29476492 0.02124474 0.00048933 0.00025310 0.00033863 0.00102504 0.35414578 0.02493774 0.39240936 0.00779189 0.01369123 0.01739905 0.17953325 0.00798560
885.29509837 0.02146932 0.00053471 0.00031163 0.00027573 0.00148885 0.35391322 0.02482341 0.39207875 0.00871877 0.01411453 0.01666198 0.17934231 0.00773610
886.29543181 0.02139150 0.00036476 0.00024128 0.00015302 0.00036602 0.35392723 0.02426945 0.39600480 0.00797543 0.01430966 0.01879661 0.17511453 0.00847722
887.29576526 0.02113043 0.00028676 0.00023481 0.00008419 0.00022352 0.35479848 0.02571214 0.39589587 0.00759346 0.01537044 0.01715840 0.17513964 0.00750229
888.29609870 0.02106973 0.00024985 0.00024063 0.00007650 0.00021232 0.35200697 0.02651838 0.39756311 0.00746268 0.01465988 0.01749044 0.17555644 0.00796282
889.29643214 0.02116997 0.00059621 0.00022002 0.00042299 0.00268528 0.35313391 0.02473869 0.39607657 0.00789818 0.01386505 0.01879249 0.17368206 0.00788855
890.29676559 0.02099589 0.00034349 0.00025434 0.00009495 0.00030614 0.35176489 0.02561740 0.39342666 0.00923843 0.01584412 0.01570705 0.17978938 0.00761316
891.29709903 0.02129004 0.00024514 0.00024799 0.00008679 0.00023650 0.35310088 0.02354422 0.39464514 0.00679204 0.01532812 0.01898075 0.17929477 0.00749766
892.29743248 0.02131426 0.00022175 0.00022042 0.00007866 0.00022663 0.35224884 0.02624252 0.39393437 0.00717952 0.01538057 0.01619232 0.18079704 0.00727735
893.29776592 0.02142397 0.00021761 0.00018233 0.00012973 0.00181270 0.35301546 0.02389251 0.39398462 0.00669642 0.01458672 0.01787052 0.18016597 0.00744540
894.29809937 0.02115783 0.00026303 0.00017809 0.00016464 0.00022624 0.35230698 0.02441452 0.39498763 0.00737826 0.01460171 0.01738972 0.17970032 0.00838886
895.29843281 0.02212912 0.00034312 0.00019929 0.00025296 0.00044516 0.35334356 0.02508629 0.39472502 0.00795392 0.01611207 0.01485846 0.17708328 0.00959687
896.29876626 0.02207968 0.00112387 0.00025070 0.00117391 0.00185815 0.35057268 0.02283511 0.39718613 0.00670105 0.01589117 0.01912597 0.17534693 0.00793432
897.29909970 0.02155330 0.00043112 0.00028653 0.00031048 0.00254650 0.35181771 0.02403039 0.39862488 0.00828516 0.01664278 0.01585320 0.17252357 0.00864768
898.29943314 0.02129586 0.00037258 0.00043782 0.00031711 0.00059500 0.35226662 0.02210722 0.39651648 0.00809521 0.01809970 0.01846696 0.17453599 0.00818930
899.29976659 0.02119386 0.00047411 0.00025636 0.00031083 0.00139941 0.35332290 0.02364140 0.39458815 0.00863503 0.01809621 0.01609571 0.17578458 0.00739530
900.30010003 0.02110531 0.00046498 0.00025824 0.00027075 0.00294701 0.35309969 0.02441339 0.39550355 0.00785962 0.01653888 0.01513891 0.17684273 0.00666224
901.30043348 0.02108031 0.00037708 0.00022926 0.00015447 0.00123543 0.35287396 0.02231532 0.39290605 0.00781550 0.01655832 0.01819307 0.17995698 0.00738456
902.30076692 0.02046614 0.00058055 0.00019111 0.00031923 0.00170225 0.35486990 0.02614444 0.39101389 0.00824361 0.01401507 0.01537989 0.18034715 0.00719293
903.30110037 0.02024406 0.00047006 0.00014917 0.00024339 0.00274818 0.35351293 0.02264023 0.39229794 0.00759543 0.01415169 0.01776046 0.18043719 0.00799334
904.30143381 0.01994800 0.00052480 0.00026796 0.00042026 0.00222044 0.35516278 0.02353413 0.39373702 0.00885506 0.01336385 0.01563581 0.17875275 0.00752512
905.30176726 0.02038419 0.00071090 0.00018801 0.00078114 0.00313577 0.35283810 0.02490526 0.39642018 0.00750470 0.01349228 0.01668032 0.17626625 0.00707708
906.30210070 0.02025312 0.00055313 0.00016467 0.00052551 0.00353795 0.35391715 0.02307381 0.39743230 0.00696021 0.01313190 0.01892505 0.17438576 0.00739255
907.30243414 0.01991347 0.00086039 0.00018423 0.00084937 0.00377090 0.35445547 0.02399580 0.39815274 0.00862595 0.01307324 0.01515549 0.17283696 0.00803946
908.30276759 0.01973718 0.00059048 0.00019681 0.00053298 0.00369486 0.35691037 0.02243003 0.39727160 0.00772935 0.01294832 0.01715299 0.17320525 0.00733695
909.30310103 0.01946045 0.00086032 0.00022985 0.00067750 0.00110144 0.35704327 0.02474104 0.39443541 0.00773266 0.01274422 0.01679477 0.17598816 0.00765134
910.30343448 0.01894081 0.00026479 0.00019242 0.00020064 0.00259084 0.35839774 0.02503173 0.39278902 0.00698657 0.01245094 0.01551078 0.17820849 0.00737605
911.30376792 0.01821146 0.00036888 0.00021358 0.00029189 0.00154541 0.35748530 0.02234822 0.39265329 0.00655853 0.01304751 0.01784338 0.18057677 0.00706722
912.30410137 0.01807734 0.00042865 0.00024630 0.00025737 0.00142943 0.35881181 0.02366217 0.39128523 0.00825457 0.01231840 0.01437135 0.18184984 0.00708487
913.30443481 0.01775137 0.00023221 0.00026420 0.00007121 0.00016647 0.35919363 0.02215542 0.39274441 0.00671573 0.01280063 0.01712509 0.18146016 0.00707085
914.30476826 0.01795531 0.00033227 0.00024019 0.00029302 0.00263157 0.36007855 0.02097907 0.39612395 0.00664069 0.01185013 0.01394537 0.18050342 0.00638176
915.30510170 0.01811162 0.00020726 0.00020649 0.00012721 0.00039628 0.36190789 0.02142650 0.39791440 0.00634938 0.01108183 0.01441971 0.17868048 0.00728257
916.30543515 0.01818403 0.00032974 0.00017481 0.00026417 0.00048855 0.36174243 0.01940741 0.40119509 0.00648389 0.01098966 0.01663225 0.17543265 0.00685935
917.30576859 0.01804760 0.00025529 0.00015338 0.00012280 0.00018665 0.36200967 0.02244950 0.40137979 0.00832620 0.01054189 0.01248725 0.17519420 0.00689337
918.30610203 0.01951488 0.00016008 0.00018724 0.00017647 0.00021919 0.36212475 0.01909878 0.40092097 0.00569187 0.01177538 0.01745735 0.17589832 0.00628959
919.30643548 0.02003326 0.00034317 0.00014840 0.00032316 0.00143020 0.36319706 0.01955681 0.39933843 0.00611322 0.01141711 0.01289702 0.17850467 0.00673074
920.30676892 0.01971474 0.00034550 0.00018462 0.00018024 0.00028196 0.36208854 0.01934264 0.39762145 0.00596416 0.01162385 0.01478522 0.18078993 0.00679190
921.30710237 0.02045804 0.00021363 0.00024808 0.00029980 0.00036620 0.36129618 0.01783034 0.39687830 0.00625465 0.01192826 0.01458986 0.18350298 0.00659172
922.30743581 0.01995156 0.00019552 0.00025899 0.00012408 0.00018345 0.36080734 0.02062636 0.39713739 0.00645064 0.01226181 0.01191081 0.18318757 0.00685604
923.30776926 0.02058017 0.00036043 0.00027872 0.00030733 0.00137719 0.36098026 0.01883899 0.39550821 0.00510887 0.01190147 0.01638432 0.18283794 0.00611628
924.30810270 0.01977844 0.00021435 0.00036012 0.00009148 0.00020622 0.35912805 0.02032483 0.39978150 0.00643486 0.01342898 0.01277567 0.18072137 0.00653258
925.30843615 0.02043413 0.00028439 0.00031734 0.00024494 0.00031142 0.36124207 0.01904497 0.39685167 0.00711973 0.01321569 0.01555680 0.17771727 0.00809371
926.30876959 0.02086714 0.00066661 0.00031002 0.00048727 0.00217951 0.35932012 0.01791102 0.39882547 0.00638333 0.01321379 0.01629780 0.17754819 0.00685687
927.30910303 0.02072255 0.00048054 0.00032242 0.00043415 0.00166503 0.36125468 0.02088523 0.39956281 0.00804194 0.01326861 0.01259058 0.17497775 0.00651627
928.30943648 0.02028244 0.00052797 0.00029946 0.00047006 0.00111836 0.36025456 0.01756070 0.39756107 0.00587050 0.01305192 0.01712046 0.18026384 0.00590110
929.30976992 0.01953126 0.00034593 0.00022856 0.00024308 0.00316083 0.36135356 0.02045417 0.39799296 0.00752284 0.01299392 0.01267773 0.17720144 0.00582498
930.31010337 0.01944890 0.00064996 0.00020255 0.00048000 0.00278419 0.36125099 0.01760254 0.39324478 0.00797406 0.01287102 0.01470652 0.18238924 0.00584416
931.31043681 0.01894375 0.00034465 0.00025713 0.00016146 0.00149185 0.36287557 0.01736353 0.39566529 0.00642168 0.01337280 0.01426360 0.18207710 0.00570534
932.31077026 0.01856900 0.00033332 0.00026464 0.00023415 0.00129073 0.36164023 0.01867372 0.39732413 0.00693056 0.01331711 0.01240681 0.18198513 0.00559947
933.31110370 0.01828968 0.00016749 0.00024186 0.00012842 0.00087888 0.36200599 0.01678692 0.39663049 0.00566738 0.01398170 0.01467997 0.18348485 0.00534607
934.31143715 0.01803463 0.00026116 0.00021207 0.00025340 0.00116884 0.36378327 0.01832263 0.40062462 0.00644702 0.01351558 0.01174522 0.17843367 0.00523251
935.31177059 0.01761797 0.00022679 0.00021081 0.00009951 0.00249435 0.36151113 0.01701075 0.40160005 0.00589447 0.01338715 0.01325743 0.17876504 0.00554253
936.31210403 0.01731455 0.00040562 0.00019773 0.00024248 0.00201563 0.36438774 0.01737243 0.40164437 0.00561360 0.01290998 0.01282295 0.17668150 0.00570597
937.31243748 0.01678228 0.00054683 0.00026786 0.00036536 0.00252465 0.36009874 0.01720998 0.40370176 0.00585919 0.01389398 0.01181297 0.17817999 0.00553869
938.31277092 0.01661261 0.00068974 0.00023115 0.00063996 0.00100171 0.36520359 0.01532583 0.40221467 0.00462906 0.01334359 0.01324124 0.17734117 0.00613829
939.31310437 0.01637218 0.00064303 0.00020047 0.00061560 0.00240093 0.36104519 0.01648284 0.39881135 0.00605981 0.01541714 0.00982328 0.18294841 0.00555194
940.31343781 0.01627614 0.00033565 0.00023368 0.00046248 0.00234717 0.36467222 0.01462237 0.39939385 0.00523524 0.01461551 0.01268960 0.17955367 0.00583855
941.31377126 0.01630378 0.00027094 0.00019900 0.00033340 0.00212389 0.36296565 0.01547090 0.39719821 0.00598910 0.01466137 0.01027056 0.18558068 0.00493630
942.31410470 0.01604234 0.00022517 0.00018628 0.00011394 0.00231994 0.36611191 0.01486491 0.39749392 0.00535920 0.01413850 0.01149824 0.18264296 0.00504501
943.31443815 0.01645425 0.00033347 0.00029106 0.00021342 0.00258789 0.36454811 0.01380712 0.39993814 0.00489283 0.01461070 0.01256535 0.18112588 0.00508603
944.31477159 0.01642841 0.00073578 0.00021047 0.00063988 0.00275439 0.36353980 0.01624029 0.39883993 0.00634813 0.01409017 0.01009375 0.18160414 0.00490327
945.31510504 0.01640307 0.00011785 0.00027228 0.00004509 0.00009806 0.36655638 0.01390052 0.40419526 0.00464765 0.01608104 0.01266553 0.17686639 0.00455397
946.31543848 0.01652649 0.00013141 0.00027682 0.00004411 0.00011165 0.36395691 0.01582717 0.40374615 0.00544302 0.01636549 0.01049138 0.17923088 0.00437502
947.31577192 0.01674003 0.00035735 0.00026450 0.00026212 0.00142374 0.36323964 0.01492939 0.40325140 0.00545162 0.01574572 0.01161021 0.17870454 0.00475977
948.31610537 0.01663538 0.00014814 0.00023825 0.00004696 0.00011033 0.36375413 0.01479427 0.40418128 0.00484368 0.01553891 0.01242871 0.17903186 0.00488346
949.31643881 0.01659187 0.00023047 0.00018449 0.00006614 0.00024808 0.36444358 0.01785482 0.40005574 0.00667134 0.01448752 0.00981202 0.18132078 0.00462503
950.31677226 0.01621107 0.00030744 0.00017481 0.00006565 0.00017427 0.36119252 0.01524921 0.39933374 0.00602831 0.01302930 0.01590892 0.18261245 0.00592338
951.31710570 0.01581647 0.00028376 0.00016806 0.00007715 0.00020734 0.36316641 0.01960030 0.39850357 0.00736633 0.01243692 0.01148098 0.18175312 0.00495608
952.31743915 0.01540881 0.00018689 0.00022589 0.00005130 0.00012438 0.36154306 0.01582982 0.39917042 0.00561823 0.01267175 0.01493850 0.18412205 0.00551770
953.31777259 0.01574312 0.00026223 0.00020367 0.00022136 0.00162093 0.36372044 0.01633147 0.40020966 0.00617221 0.01217151 0.01341896 0.18091507 0.00475249
954.31810604 0.01547575 0.00030353 0.00020647 0.00012953 0.00100731 0.36234658 0.01668359 0.40260648 0.00735139 0.01288034 0.01052214 0.18103085 0.00493177
955.31843948 0.01528928 0.00020101 0.00019689 0.00009310 0.00011785 0.36566276 0.01544750 0.40321532 0.00517132 0.01240436 0.01508791 0.17754973 0.00485224
956.31877292 0.01474905 0.00024522 0.00021276 0.00004272 0.00014952 0.36179903 0.01761226 0.40581697 0.00651150 0.01303057 0.01150352 0.17787670 0.00519924
957.31910637 0.01407493 0.00021346 0.00025793 0.00005209 0.00014334 0.36518446 0.01396463 0.40392245 0.00590110 0.01359577 0.01412121 0.17789665 0.00474690
958.31943981 0.01525137 0.00036440 0.00027103 0.00017075 0.00295610 0.36203629 0.01553035 0.40166090 0.00637084 0.01403688 0.01153958 0.17976846 0.00529444
959.31977326 0.01513051 0.00085469 0.00018136 0.00093874 0.00320656 0.36415998 0.01623259 0.40035858 0.00601979 0.01175608 0.01176223 0.17950352 0.00502589
960.32010670 0.01511106 0.00026151 0.00016642 0.00037982 0.00337282 0.36282814 0.01492811 0.39716960 0.00564660 0.01214787 0.01385426 0.18391393 0.00533090
961.32044015 0.01489445 0.00055924 0.00014987 0.00064177 0.00379635 0.36222022 0.01772158 0.39788584 0.00685366 0.01182672 0.01049371 0.18240558 0.00544548
962.32077359 0.01455700 0.00020532 0.00033233 0.00018722 0.00166074 0.36195132 0.01482856 0.39785549 0.00493456 0.01252235 0.01402903 0.18405922 0.00743386
963.32110704 0.01426915 0.00016401 0.00023496 0.00016904 0.00012673 0.36507254 0.01675886 0.40017248 0.00561771 0.01283810 0.01094502 0.18261562 0.00528494
964.32144048 0.01407345 0.00013592 0.00020837 0.00018217 0.00023678 0.36483794 0.01553943 0.40366544 0.00478757 0.01274814 0.01166459 0.17983442 0.00615922
965.32177392 0.01423503 0.00018407 0.00017578 0.00009061 0.00171553 0.36403437 0.01474417 0.40523102 0.00439870 0.01288801 0.01232474 0.17920347 0.00500955
966.32210737 0.01569205 0.00046904 0.00018818 0.00039123 0.00214487 0.36550848 0.01596403 0.40545558 0.00548047 0.01313364 0.00939956 0.17708525 0.00477967
967.32244081 0.01559041 0.00042014 0.00017757 0.00026782 0.00110217 0.36537239 0.01430834 0.40478906 0.00395931 0.01352389 0.01191224 0.17923685 0.00493021
968.32277426 0.01541487 0.00022577 0.00017459 0.00012786 0.00137800 0.36786287 0.01661382 0.40180614 0.00443355 0.01322159 0.00917857 0.18031468 0.00466256
969.32310770 0.01489144 0.00056543 0.00018677 0.00066696 0.00186524 0.36445377 0.01448951 0.40022784 0.00442931 0.01377120 0.01144162 0.18304838 0.00485396
970.32344115 0.01449708 0.00022008 0.00019266 0.00022797 0.00026931 0.36802869 0.01473734 0.39728862 0.00546860 0.01316167 0.01104624 0.18315264 0.00620618
971.32377459 0.01414900 0.00025605 0.00028106 0.00016867 0.00154508 0.36442002 0.01515018 0.39780832 0.00499565 0.01529162 0.00940592 0.18605022 0.00462720
972.32410804 0.01359033 0.00051544 0.00025481 0.00025871 0.00164453 0.36625050 0.01469276 0.39800398 0.00469210 0.01357119 0.01317079 0.18177270 0.00517251
973.32444148 0.01361601 0.00039131 0.00022065 0.00015900 0.00136633 0.36380503 0.01660428 0.40002509 0.00587032 0.01372096 0.01072079 0.18189968 0.00521656
974.32477492 0.01358430 0.00020934 0.00019510 0.00008543 0.00020407 0.36622876 0.01533905 0.40153827 0.00625679 0.01271695 0.01333485 0.17888124 0.00501015
975.32510837 0.01353884 0.00025894 0.00014568 0.00019317 0.00136203 0.36437937 0.01692639 0.40421098 0.00608776 0.01247207 0.01285140 0.17623772 0.00487449
976.32544181 0.01328958 0.00041734 0.00012580 0.00035368 0.00194821 0.36551196 0.01584801 0.40269335 0.00629871 0.01169948 0.01260714 0.17722602 0.00527030
977.32577526 0.01311328 0.00042267 0.00013184 0.00059114 0.00239097 0.36467636 0.01509288 0.40276706 0.00619420 0.01182976 0.01317768 0.17785562 0.00486984
978.32610870 0.01294552 0.00035419 0.00012481 0.00015744 0.00194215 0.36563539 0.01654336 0.40061638 0.00648484 0.01147276 0.01191508 0.17940370 0.00534988
979.32644215 0.01275128 0.00034245 0.00014943 0.00010246 0.00036289 0.36424500 0.01497865 0.39760743 0.00680668 0.01169490 0.01473096 0.18362010 0.00535906
980.32677559 0.01359422 0.00066146 0.00014081 0.00042672 0.00113307 0.36537600 0.01634723 0.39712828 0.00781083 0.01088912 0.01237167 0.18261777 0.00509704
981.32710904 0.01358210 0.00026272 0.00013999 0.00015005 0.00134876 0.36475712 0.01559367 0.39666327 0.00698681 0.01105486 0.01345581 0.18376288 0.00582406
982.32744248 0.01322518 0.00019471 0.00015061 0.00009212 0.00194826 0.36456271 0.01630512 0.39791727 0.00594564 0.01136492 0.01400222 0.18259279 0.00492363
983.32777593 0.01277747 0.00020007 0.00017417 0.00005315 0.00015930 0.36591227 0.01860451 0.40154767 0.00645433 0.01147445 0.01098796 0.17966633 0.00476578
984.32810937 0.01161697 0.00022455 0.00018345 0.00006854 0.00016911 0.36509190 0.01564063 0.40257810 0.00594702 0.01131718 0.01450196 0.17892664 0.00535091
985.32844281 0.01176783 0.00022347 0.00016970 0.00012700 0.00025195 0.36752569 0.01751952 0.40391149 0.00557350 0.01175398 0.01152145 0.17619958 0.00522268
986.32877626 0.01246635 0.00020996 0.00015146 0.00006199 0.00015827 0.36501196 0.01756263 0.40353442 0.00535343 0.01210752 0.01324778 0.17683696 0.00576363
987.32910970 0.01210529 0.00025571 0.00014462 0.00013172 0.00142508 0.36706078 0.01684750 0.40076225 0.00536680 0.01286983 0.01118834 0.17868754 0.00525984
988.32944315 0.01263373 0.00050733 0.00021288 0.00034033 0.00106285 0.36442632 0.01747161 0.39727540 0.00549505 0.01491794 0.01189474 0.18081894 0.00557661
989.32977659 0.01303957 0.00022160 0.00016731 0.00028841 0.00042062 0.36508867 0.01695516 0.39597972 0.00456321 0.01434944 0.01393926 0.18206358 0.00596302
990.33011004 0.01266678 0.00021806 0.00017137 0.00012566 0.00017010 0.36239273 0.01822308 0.39489005 0.00632182 0.01452664 0.01057157 0.18596094 0.00642800
991.33044348 0.01247657 0.00018144 0.00017716 0.00005062 0.00012018 0.36416464 0.01546325 0.40016384 0.00504940 0.01379607 0.01280024 0.18293348 0.00509969
992.33077693 0.01244641 0.00017198 0.00022186 0.00004780 0.00015585 0.36278835 0.01632742 0.40219280 0.00521744 0.01449110 0.01030963 0.18332576 0.00475001
993.33111037 0.01261583 0.00011372 0.00015928 0.00004692 0.00010900 0.36536087 0.01562926 0.40271203 0.00435762 0.01389672 0.01193942 0.18074877 0.00492640
994.33144381 0.01279791 0.00014742 0.00026981 0.00004833 0.00013002 0.36071841 0.01562130 0.40789502 0.00492877 0.01655278 0.01149383 0.17736693 0.00482740
995.33177726 0.01135410 0.00056327 0.00017321 0.00023674 0.00130614 0.36174594 0.01545198 0.40540820 0.00641875 0.01510160 0.01055935 0.17797296 0.00506186
996.33211070 0.01120708 0.00047905 0.00017643 0.00027970 0.00162598 0.36100180 0.01450649 0.40620306 0.00557216 0.01513227 0.01243640 0.17780021 0.00478644
997.33244415 0.01095330 0.00056127 0.00018420 0.00052899 0.00094575 0.35956638 0.01595277 0.40477473 0.00557382 0.01599815 0.01130810 0.17972894 0.00487691
998.33277759 0.01065383 0.00030492 0.00018387 0.00014561 0.00111973 0.36043749 0.01511623 0.40093908 0.00504635 0.01591700 0.01300577 0.18271578 0.00506815
999.33311104 0.01034326 0.00020688 0.00017529 0.00017214 0.00016226 0.35916248 0.01557988 0.40134207 0.00641191 0.01587093 0.01165136 0.18352320 0.00574158
1000.33344448 0.01020850 0.00021654 0.00017525 0.00004709 0.00015736 0.36065817 0.01570563 0.39955124 0.00616820 0.01558670 0.01279328 0.18396766 0.00497288
1001.33377793 0.00999500 0.00015767 0.00032663 0.00005341 0.00012231 0.35814705 0.01625546 0.40046898 0.00573693 0.01648083 0.01296090 0.18439493 0.00489489
1002.33411137 0.00959270 0.00016436 0.00023901 0.00005147 0.00012869 0.35903601 0.01682963 0.40471334 0.00600464 0.01495451 0.01207042 0.18107896 0.00472895
1003.33444481 0.00951542 0.00015028 0.00022276 0.00004700 0.00012070 0.35968662 0.01597933 0.40640691 0.00545772 0.01444239 0.01269148 0.17993657 0.00485823
1004.33477826 0.00965343 0.00016644 0.00016918 0.00004845 0.00013211 0.36083211 0.01618203 0.40738796 0.00589638 0.01386908 0.01187636 0.17858681 0.00485309
1005.33511170 0.00983040 0.00014113 0.00019041 0.00004616 0.00011965 0.35799879 0.01552482 0.40980463 0.00535285 0.01569710 0.01260764 0.17747690 0.00503993
1006.33544515 0.01002464 0.00020111 0.00017871 0.00013935 0.00012532 0.35679742 0.01784308 0.40886800 0.00538260 0.01439390 0.01183369 0.17808408 0.00615273
1007.33577859 0.01011987 0.00020693 0.00015901 0.00004867 0.00014074 0.35462090 0.01709212 0.40746914 0.00517227 0.01489627 0.01301313 0.18156876 0.00561206
1008.33611204 0.01004571 0.00033013 0.00016946 0.00025204 0.00086281 0.35814181 0.01701104 0.40594281 0.00546395 0.01356565 0.01148626 0.18160662 0.00516742
1009.33644548 0.00983664 0.00033336 0.00018016 0.00022652 0.00142366 0.35632191 0.01627161 0.40360721 0.00545790 0.01422675 0.01128942 0.18547110 0.00519042
1010.33677893 0.00953089 0.00025370 0.00016375 0.00034370 0.00127255 0.35762970 0.01678075 0.40271923 0.00521506 0.01367297 0.01247178 0.18389833 0.00557848
1011.33711237 0.00883310 0.00022178 0.00017899 0.00009511 0.00151966 0.35532138 0.01831631 0.40269275 0.00501697 0.01413524 0.01306179 0.18402337 0.00541666
1012.33744582 0.00853947 0.00078773 0.00022643 0.00056289 0.00298508 0.35778019 0.01629926 0.40502074 0.00538083 0.01327336 0.01181994 0.18053474 0.00532881
1013.33777926 0.00828450 0.00054420 0.00019697 0.00027223 0.00285643 0.35566767 0.01703713 0.40874725 0.00603191 0.01336809 0.01089454 0.17891435 0.00546923
1014.33811270 0.00796323 0.00026674 0.00024582 0.00009266 0.00118773 0.35923442 0.01545183 0.40913018 0.00493680 0.01322231 0.01326598 0.17703254 0.00593300
1015.33844615 0.00769311 0.00027281 0.00018504 0.00030031 0.00137926 0.35733403 0.01740082 0.40931069 0.00540075 0.01320755 0.01127687 0.17880867 0.00512320
1016.33877959 0.00756781 0.00015507 0.00019893 0.00007795 0.00153657 0.36002378 0.01644706 0.40779910 0.00536761 0.01314324 0.01233488 0.17763653 0.00527928
1017.33911304 0.00762285 0.00023465 0.00023395 0.00006386 0.00019254 0.35971169 0.01697084 0.40289686 0.00623979 0.01345108 0.01236251 0.18242376 0.00521846
1018.33944648 0.00787328 0.00019059 0.00020134 0.00004950 0.00014782 0.35988810 0.01761611 0.40166757 0.00582281 0.01342947 0.01212362 0.18342665 0.00543640
1019.33977993 0.00796713 0.00020519 0.00015929 0.00010309 0.00012140 0.36098491 0.01768393 0.40113162 0.00510369 0.01270183 0.01328172 0.18334347 0.00517986
1020.34011337 0.00798394 0.00048442 0.00016028 0.00036789 0.00143794 0.35769625 0.01645310 0.40229977 0.00552080 0.01349345 0.01124195 0.18589312 0.00495105
1021.34044682 0.00793296 0.00029988 0.00015602 0.00010056 0.00123810 0.36060049 0.01486527 0.40444524 0.00546370 0.01287825 0.01323292 0.18121465 0.00550492
1022.34078026 0.00779504 0.00030669 0.00016520 0.00024437 0.00136002 0.35665820 0.01583904 0.40808473 0.00609985 0.01332278 0.01033168 0.18268933 0.00489810
1023.34111370 0.00783927 0.00022480 0.00020367 0.00017597 0.00098469 0.36125116 0.01446804 0.40993776 0.00502663 0.01267910 0.01352126 0.17656973 0.00495718
1024.34144715 0.00787784 0.00018602 0.00019449 0.00004605 0.00012422 0.35633542 0.01714308 0.41065805 0.00585901 0.01308523 0.01111751 0.18019661 0.00505431
1025.34178059 0.00814760 0.00027253 0.00016711 0.00022403 0.00081548 0.35957116 0.01725304 0.40907354 0.00555472 0.01231138 0.01272343 0.17721196 0.00482163
1026.34211404 0.00811998 0.00028150 0.00015172 0.00006805 0.00020282 0.35519614 0.01761551 0.40834303 0.00561571 0.01283192 0.01274881 0.18175740 0.00518738
1027.34244748 0.00792184 0.00024421 0.00019959 0.00007998 0.00022664 0.35760648 0.01711397 0.40620874 0.00617756 0.01311500 0.01273091 0.18093479 0.00536212
1028.34278093 0.00779006 0.00021001 0.00016762 0.00006316 0.00012755 0.35402871 0.01680834 0.40436333 0.00632593 0.01381530 0.01309107 0.18562682 0.00537217
1029.34311437 0.00764193 0.00036000 0.00030350 0.00034458 0.00170237 0.35413252 0.01769108 0.40369858 0.00629832 0.01414988 0.01243535 0.18332841 0.00555541
1030.34344782 0.00758648 0.00079472 0.00024049 0.00072568 0.00226912 0.35073173 0.01742076 0.40638458 0.00526289 0.01456702 0.01304394 0.18365929 0.00489977
1031.34378126 0.00768657 0.00029087 0.00021778 0.00019840 0.00129366 0.35422283 0.01749083 0.40667265 0.00583234 0.01433266 0.01237742 0.18204884 0.00502171
1032.34411470 0.00789472 0.00033321 0.00021595 0.00017214 0.00132454 0.35175700 0.01625628 0.41431536 0.00626263 0.01140756 0.01308155 0.17965798 0.00521580
1033.34444815 0.00775016 0.00062521 0.00023501 0.00053699 0.00085719 0.35352315 0.01486706 0.41353670 0.00538279 0.01301217 0.01278889 0.17922807 0.00540675
1034.34478159 0.00792790 0.00038648 0.00019985 0.00031849 0.00264446 0.35151912 0.01648136 0.41446696 0.00543652 0.01363161 0.01143057 0.17814996 0.00533461
1035.34511504 0.00775220 0.00033242 0.00018454 0.00034085 0.00257976 0.35101377 0.01622888 0.41238752 0.00480197 0.01374371 0.01215305 0.18105856 0.00517499
1036.34544848 0.00672622 0.00018468 0.00019813 0.00011004 0.00089139 0.35185841 0.01762596 0.41259188 0.00472406 0.01414470 0.01080171 0.18187951 0.00498955
1037.34578193 0.00667924 0.00018347 0.00017827 0.00023184 0.00105560 0.35087852 0.01748217 0.41135999 0.00434453 0.01433969 0.01029251 0.18446511 0.00518827
1038.34611537 0.00663308 0.00023177 0.00016910 0.00022060 0.00224286 0.35305355 0.01461222 0.40957316 0.00397339 0.01436719 0.01205162 0.18431288 0.00519167
1039.34644882 0.00657042 0.00027392 0.00015793 0.00010283 0.00073479 0.35075302 0.01685203 0.40915744 0.00482064 0.01466755 0.00992085 0.18718094 0.00537808
1040.34678226 0.00623834 0.00028755 0.00016869 0.00023056 0.00087514 0.35362883 0.01606316 0.41093661 0.00494742 0.01458601 0.01058186 0.18288250 0.00481169
1041.34711571 0.00653034 0.00028617 0.00018809 0.00005395 0.00046063 0.35233624 0.01662149 0.41351862 0.00456922 0.01455455 0.00998142 0.18237643 0.00505318
1042.34744915 0.00618575 0.00046952 0.00018046 0.00036361 0.00220410 0.35387684 0.01489998 0.41376307 0.00354401 0.01450608 0.01001985 0.18075977 0.00541271
1043.34778259 0.00571738 0.00031934 0.00019956 0.00041469 0.00282762 0.35350134 0.01371848 0.41698785 0.00318222 0.01470526 0.01011746 0.17943494 0.00459124
1044.34811604 0.00554644 0.00030432 0.00018184 0.00021917 0.00135003 0.35537555 0.01507060 0.41603060 0.00415529 0.01430951 0.00802614 0.17891125 0.00606569
1045.34844948 0.00546094 0.00047101 0.00017632 0.00060443 0.00307084 0.35261873 0.01567885 0.41290214 0.00321000 0.01438404 0.01092755 0.18090580 0.00505029
1046.34878293 0.00542164 0.00036282 0.00015713 0.00034000 0.00259668 0.35486241 0.01601740 0.41051964 0.00418182 0.01378460 0.00927580 0.18153673 0.00636498
1047.34911637 0.00541668 0.00097998 0.00014781 0.00086977 0.00494677 0.35114084 0.01478039 0.40904541 0.00434326 0.01337004 0.00983894 0.18450399 0.00603278
1048.34944982 0.00536886 0.00050263 0.00018070 0.00034062 0.00314487 0.35350840 0.01467469 0.40824821 0.00641480 0.01293247 0.01111186 0.18336136 0.00557940
1049.34978326 0.00537863 0.00055334 0.00020322 0.00048460 0.00256070 0.35103994 0.01531079 0.40991803 0.00564496 0.01250490 0.00958969 0.18614627 0.00604354
1050.35011671 0.00532516 0.00045466 0.00016009 0.00052313 0.00097822 0.35406819 0.01410501 0.41112516 0.00312546 0.01236465 0.01270680 0.18398041 0.00640821
1051.35045015 0.00527621 0.00048501 0.00016816 0.00047334 0.00263979 0.35374504 0.01515537 0.41565297 0.00553966 0.01114087 0.00946793 0.18094806 0.00458380
1052.35078359 0.00541823 0.00065697 0.00013080 0.00047752 0.00372518 0.35276217 0.01321524 0.41520514 0.00657518 0.01096931 0.01009105 0.18048245 0.00570899
1053.35111704 0.00567460 0.00088579 0.00014078 0.00100546 0.00198725 0.35503053 0.01372327 0.41552156 0.00552040 0.01207721 0.01079847 0.17884358 0.00446569
1054.35145048 0.00577892 0.00043345 0.00012906 0.00040861 0.00215383 0.35286307 0.01503144 0.41617073 0.00449859 0.01246041 0.01026522 0.18014228 0.00544330
1055.35178393 0.00571155 0.00028135 0.00016280 0.00018551 0.00123273 0.35538306 0.01380070 0.41424405 0.00412766 0.01411274 0.01149268 0.18006951 0.00490721
1056.35211737 0.00557548 0.00033851 0.00021025 0.00020620 0.00125446 0.35094524 0.01487046 0.41280200 0.00557110 0.01485982 0.00906792 0.18535387 0.00452017
1057.35245082 0.00544866 0.00018503 0.00016688 0.00034942 0.00032274 0.35375788 0.01439301 0.41273519 0.00442263 0.01416357 0.01095719 0.18346667 0.00507978
1058.35278426 0.00540244 0.00018663 0.00016198 0.00018417 0.00160046 0.35104775 0.01488661 0.41101360 0.00401407 0.01383311 0.01017698 0.18713293 0.00576173
1059.35311771 0.00505929 0.00044854 0.00013112 0.00019369 0.00168322 0.35346142 0.01519811 0.41191215 0.00488260 0.01162874 0.01123764 0.18419568 0.00502710
1060.35345115 0.00470516 0.00033883 0.00013876 0.00007981 0.00019606 0.35107348 0.01579023 0.41368675 0.00542519 0.01214013 0.01164942 0.18422254 0.00525880
1061.35378459 0.00545501 0.00086551 0.00012161 0.00063345 0.00173015 0.34881986 0.01658723 0.41448964 0.00584014 0.01133146 0.01283015 0.18053655 0.00621424
1062.35411804 0.00545283 0.00066887 0.00012853 0.00043014 0.00151185 0.34508096 0.01869158 0.41784289 0.00634596 0.01182681 0.01330380 0.17838493 0.00578369
1063.35445148 0.00551894 0.00046987 0.00011391 0.00016716 0.00163852 0.34678187 0.01964165 0.41629449 0.00647315 0.01128073 0.01254762 0.17861640 0.00597462
1064.35478493 0.00713482 0.00058692 0.00014299 0.00019305 0.00160583 0.34496840 0.01894392 0.41531651 0.00680063 0.01195433 0.01441269 0.17874865 0.00632608
1065.35511837 0.00683510 0.00047712 0.00012446 0.00025571 0.00141990 0.34607955 0.02000007 0.41387956 0.00746502 0.01165641 0.01331982 0.17945049 0.00587189
1066.35545182 0.00673896 0.00065950 0.00013013 0.00058212 0.00154928 0.34382962 0.01891119 0.41113605 0.00697141 0.01198089 0.01518686 0.18233752 0.00672543
1067.35578526 0.00681728 0.00036925 0.00011869 0.00025512 0.00132797 0.34246936 0.02215346 0.40963491 0.00756493 0.01180678 0.01439519 0.18361533 0.00628902
1068.35611871 0.00699405 0.00038311 0.00016706 0.00013616 0.00126339 0.34389811 0.02141649 0.40889455 0.00694279 0.01198246 0.01519219 0.18304794 0.00667575
1069.35645215 0.00678046 0.00046403 0.00012825 0.00027330 0.00154668 0.34383846 0.02049956 0.40995091 0.00650387 0.01103472 0.01573303 0.18346792 0.00655929
1070.35678560 0.00538878 0.00025999 0.00018886 0.00006449 0.00018279 0.34528703 0.02080530 0.41247114 0.00729552 0.01217280 0.01424778 0.18060810 0.00641621
1071.35711904 0.00572883 0.00021336 0.00014250 0.00006297 0.00016287 0.34285217 0.02060050 0.41507856 0.00650762 0.01267906 0.01499288 0.18032048 0.00638704
1072.35745248 0.00611849 0.00015878 0.00011507 0.00006365 0.00014109 0.34603627 0.02151385 0.41563406 0.00598803 0.01247433 0.01452394 0.17712725 0.00622368
1073.35778593 0.00626494 0.00025676 0.00011335 0.00009570 0.00030357 0.34138221 0.02164404 0.41748135 0.00629317 0.01332293 0.01520055 0.17749795 0.00640842
1074.35811937 0.00616025 0.00021158 0.00010857 0.00006254 0.00020875 0.34471110 0.02094082 0.41463265 0.00617350 0.01291563 0.01566483 0.17782003 0.00655000
1075.35845282 0.00603956 0.00031958 0.00012533 0.00012611 0.00182870 0.33995463 0.02117684 0.41395350 0.00761316 0.01379698 0.01393707 0.18080157 0.00636653
1076.35878626 0.00609109 0.00027299 0.00018799 0.00010596 0.00124042 0.34219696 0.02048710 0.41169216 0.00689671 0.01359918 0.01525127 0.18133647 0.00673280
1077.35911971 0.00754951 0.00063319 0.00015365 0.00082292 0.00287185 0.33905037 0.02123772 0.40882902 0.00644603 0.01294394 0.01480086 0.18456587 0.00764458
1078.35945315 0.00762312 0.00044602 0.00011496 0.00038532 0.00321257 0.34208427 0.02096798 0.40884979 0.00665726 0.01193938 0.01566119 0.18259131 0.00708995
1079.35978660 0.00750244 0.00054041 0.00012467 0.00030208 0.00224364 0.33960696 0.02122190 0.41113214 0.00739238 0.01264907 0.01556847 0.18229277 0.00692551
1080.36012004 0.00728458 0.00084684 0.00011365 0.00068807 0.00343052 0.34185845 0.02077011 0.41198487 0.00749707 0.01197619 0.01400207 0.17997574 0.00685643
1081.36045348 0.00711030 0.00062608 0.00019964 0.00076976 0.00309471 0.34033587 0.02056465 0.41556675 0.00544453 0.01458750 0.01384150 0.17845189 0.00651711
1082.36078693 0.00709310 0.00016908 0.00019457 0.00013518 0.00020008 0.34449285 0.02163510 0.41632498 0.00539365 0.01317717 0.01337154 0.17700263 0.00790319
1083.36112037 0.00709250 0.00030267 0.00015756 0.00019602 0.00040861 0.34376507 0.02029871 0.41605774 0.00640592 0.01344384 0.01482352 0.17779299 0.00634733
1084.36145382 0.00716366 0.00024017 0.00035329 0.00008658 0.00163782 0.34530774 0.01955824 0.41488081 0.00627727 0.01378521 0.01282589 0.17873731 0.00630966
1085.36178726 0.00726130 0.00053436 0.00016058 0.00047759 0.00235180 0.34539787 0.01974146 0.41218350 0.00525438 0.01179962 0.01334960 0.18115773 0.00759151
1086.36212071 0.00729290 0.00025879 0.00015226 0.00020628 0.00034155 0.34464892 0.02178783 0.41105343 0.00457520 0.01196007 0.01449590 0.18290541 0.00761437
1087.36245415 0.00685066 0.00017387 0.00029263 0.00017660 0.00021840 0.34442348 0.02491886 0.40960557 0.00558625 0.01076978 0.01293194 0.18370471 0.00719792
1088.36278760 0.00662845 0.00032017 0.00020192 0.00020456 0.00040518 0.34115376 0.02098819 0.41027101 0.00624454 0.01117167 0.01715491 0.18397748 0.00790662
1089.36312104 0.00728090 0.00078947 0.00016548 0.00040517 0.00109378 0.34256680 0.02622425 0.41032825 0.00829467 0.00972341 0.01354202 0.17902806 0.00783864
1090.36345448 0.00734432 0.00048468 0.00016650 0.00029292 0.00316493 0.33920191 0.02313559 0.41135331 0.00607488 0.01033744 0.01808108 0.17899350 0.00871327
1091.36378793 0.00750745 0.00054970 0.00014257 0.00024919 0.00175543 0.34223370 0.02433017 0.41230916 0.00808037 0.01013024 0.01701263 0.17535354 0.00785330
1092.36412137 0.00777542 0.00034812 0.00019635 0.00012823 0.00031738 0.33904857 0.02566914 0.41500809 0.00850915 0.01106633 0.01529174 0.17706921 0.00734770
1093.36445482 0.00801493 0.00032239 0.00014619 0.00017866 0.00135909 0.34259813 0.02337884 0.41254384 0.00637890 0.01023794 0.01991220 0.17516685 0.00777698
1094.36478826 0.00791308 0.00043727 0.00013478 0.00037615 0.00161470 0.33606598 0.02764445 0.41214092 0.00850828 0.01127821 0.01429412 0.17959977 0.00790537
1095.36512171 0.00773132 0.00037080 0.00016039 0.00038416 0.00130679 0.34088138 0.02224374 0.40987298 0.00645358 0.01263186 0.01982847 0.17810734 0.00775851
1096.36545515 0.00767978 0.00034703 0.00021056 0.00027927 0.00164429 0.33657961 0.02523776 0.40877285 0.00765100 0.01466005 0.01458402 0.18275441 0.00727915
1097.36578860 0.00770137 0.00029718 0.00019876 0.00016189 0.00127275 0.33901918 0.02508209 0.40828504 0.00679207 0.01368650 0.01578240 0.18166356 0.00775858
1098.36612204 0.00793817 0.00039054 0.00019134 0.00017357 0.00027593 0.33622268 0.02468506 0.40915322 0.00702564 0.01357932 0.01668805 0.18304214 0.00857252
1099.36645549 0.00786265 0.00094045 0.00016034 0.00086256 0.00102312 0.33825510 0.02516979 0.41125323 0.00741254 0.01282376 0.01468634 0.17933353 0.00807926
1100.36678893 0.00755728 0.00023195 0.00017265 0.00016019 0.00024382 0.33867142 0.02198760 0.41364334 0.00568712 0.01333299 0.01896922 0.17804680 0.00885289
1101.36712237 0.00711225 0.00035691 0.00016532 0.00021015 0.00036896 0.33873177 0.02696048 0.41463194 0.00868818 0.01188054 0.01395895 0.17669897 0.00734783
1102.36745582 0.00695617 0.00021664 0.00016925 0.00012474 0.00021398 0.33874860 0.02366399 0.41501817 0.00652000 0.01229975 0.01815171 0.17598803 0.00888515
1103.36778926 0.00648214 0.00021576 0.00022747 0.00013234 0.00023744 0.34012838 0.02574805 0.41532501 0.00651722 0.01143836 0.01646553 0.17630679 0.00725764
1104.36812271 0.00829923 0.00019800 0.00028550 0.00008727 0.00019474 0.33988652 0.02503332 0.41269214 0.00673040 0.01219527 0.01466646 0.18024176 0.00778862
1105.36845615 0.00866837 0.00087055 0.00021417 0.00093552 0.00160099 0.34020875 0.02046431 0.41035969 0.00622866 0.01196896 0.01765853 0.18242275 0.00706712
1106.36878960 0.00889800 0.00036538 0.00018090 0.00044793 0.00154795 0.34081854 0.02431901 0.40984315 0.00742672 0.01177418 0.01239505 0.18261709 0.00826411
1107.36912304 0.00868479 0.00016091 0.00022919 0.00008224 0.00211731 0.33953751 0.02065100 0.41061759 0.00544070 0.01206355 0.01722108 0.18490492 0.00697400
1108.36945649 0.00815999 0.00018595 0.00020939 0.00022848 0.00034657 0.34414665 0.02326858 0.41023018 0.00633985 0.01179250 0.01467973 0.18112899 0.00744315
1109.36978993 0.00791359 0.00022111 0.00019598 0.00006087 0.00016989 0.34152120 0.02341327 0.41243070 0.00649357 0.01225427 0.01484117 0.18116248 0.00723549
1110.37012337 0.00774437 0.00015374 0.00037585 0.00008152 0.00014728 0.34413561 0.02186976 0.41593089 0.00517695 0.01168659 0.01677298 0.17680531 0.00686353
1111.37045682 0.00756707 0.00020697 0.00024608 0.00007722 0.00016220 0.34045236 0.02595860 0.41737110 0.00663712 0.01172973 0.01196254 0.17857328 0.00662280
1112.37079026 0.00738790 0.00016182 0.00021222 0.00011120 0.00021896 0.34424799 0.02172829 0.41643616 0.00493449 0.01078306 0.01718484 0.17689392 0.00708706
1113.37112371 0.00694624 0.00036842 0.00022158 0.00021482 0.00107810 0.34088978 0.02232125 0.41668473 0.00594632 0.01304215 0.01392121 0.17804352 0.00726813
1114.37145715 0.00685821 0.00028600 0.00019771 0.00019687 0.00096563 0.34437571 0.02208075 0.41204324 0.00630553 0.01226875 0.01390542 0.18031183 0.00706256
1115.37179060 0.00677053 0.00034987 0.00019327 0.00035440 0.00136245 0.34117282 0.02216184 0.41016320 0.00513215 0.01277332 0.01598568 0.18323222 0.00711878
1116.37212404 0.00668164 0.00070866 0.00015596 0.00056305 0.00188363 0.34325848 0.02412097 0.40973811 0.00591487 0.01201031 0.01211822 0.18256606 0.00696168
1117.37245749 0.00665404 0.00015175 0.00021871 0.00007195 0.00015267 0.34173943 0.02121136 0.40978047 0.00520309 0.01303234 0.01624710 0.18515635 0.00703476
1118.37279093 0.00668291 0.00016417 0.00018109 0.00009117 0.00016551 0.34406195 0.02307069 0.41119229 0.00621856 0.01255581 0.01362264 0.18198775 0.00668837
1119.37312437 0.00656726 0.00080076 0.00015464 0.00068856 0.00071724 0.34257294 0.02182268 0.41405804 0.00579931 0.01141172 0.01489176 0.18023705 0.00684528
1120.37345782 0.00645291 0.00060146 0.00018732 0.00060595 0.00155152 0.34245365 0.02084222 0.41593842 0.00559616 0.01119044 0.01533290 0.17809260 0.00760737
1121.37379126 0.00625265 0.00026450 0.00020707 0.00031154 0.00146479 0.34255322 0.02335863 0.41890082 0.00496238 0.01115965 0.01316646 0.17712294 0.00652799
1122.37412471 0.00632496 0.00023374 0.00017126 0.00015382 0.00204117 0.34024506 0.02226158 0.41885181 0.00538125 0.01108573 0.01424597 0.17775987 0.00756875
1123.37445815 0.00637884 0.00020434 0.00015382 0.00038359 0.00049776 0.34165912 0.02301348 0.41709118 0.00504245 0.01095549 0.01385048 0.17830007 0.00884822
1124.37479160 0.00654049 0.00021280 0.00014441 0.00029113 0.00037735 0.33850784 0.02255600 0.41536666 0.00515292 0.01116506 0.01591585 0.18107293 0.00923705
1125.37512504 0.00666041 0.00057938 0.00013146 0.00058606 0.00146218 0.33819703 0.02340568 0.41296119 0.00652604 0.01030375 0.01529517 0.18207818 0.00847388
1126.37545849 0.00654011 0.00041947 0.00030774 0.00035767 0.00154879 0.33783415 0.02308172 0.41185053 0.00531147 0.01095689 0.01404294 0.18650080 0.00778783
1127.37579193 0.00659979 0.00045325 0.00017520 0.00033201 0.00098173 0.33922942 0.02315731 0.41458750 0.00568479 0.00918292 0.01565806 0.18262546 0.00793235
1128.37612538 0.00662407 0.00040650 0.00017224 0.00063867 0.00169517 0.33610750 0.02432345 0.41587372 0.00561976 0.00975428 0.01382608 0.18374291 0.00783970
1129.37645882 0.00677741 0.00022727 0.00016526 0.00027937 0.00119498 0.34010541 0.02303546 0.41787566 0.00541866 0.00918303 0.01565742 0.17820668 0.00865079
1130.37679226 0.00650579 0.00032841 0.00016869 0.00035616 0.00296799 0.33800401 0.02309155 0.41868993 0.00602972 0.00908820 0.01496241 0.17781103 0.00850190
1131.37712571 0.00661774 0.00051431 0.00013004 0.00037641 0.00418442 0.34005841 0.02115290 0.42022842 0.00534569 0.00824487 0.01672008 0.17474137 0.00830309
1132.37745915 0.00686063 0.00065067 0.00011994 0.00075804 0.00400997 0.33683528 0.02434996 0.41881697 0.00615829 0.00873463 0.01433828 0.17695900 0.00826897
1133.37779260 0.00688762 0.00055429 0.00010327 0.00062893 0.00281797 0.33815983 0.02438568 0.41673169 0.00639301 0.00822598 0.01527160 0.17817786 0.00854989
1134.37812604 0.00658479 0.00051464 0.00013302 0.00038853 0.00150030 0.33743716 0.02308322 0.41525031 0.00683103 0.00876369 0.01591390 0.18199595 0.00818825
1135.37845949 0.00627269 0.00027154 0.00016833 0.00021996 0.00037893 0.33770222 0.02404339 0.41351567 0.00717878 0.01046733 0.01398945 0.18390113 0.00816327
1136.37879293 0.00586452 0.00019644 0.00019509 0.00014979 0.00018841 0.33766347 0.02221712 0.41197156 0.00527313 0.01079104 0.01862536 0.18531023 0.00741838
1137.37912638 0.00557571 0.00054124 0.00023478 0.00037124 0.00178367 0.33771182 0.02283935 0.41312303 0.00653591 0.01204349 0.01252957 0.18515050 0.00713539
1138.37945982 0.00571843 0.00022419 0.00020588 0.00009863 0.00025088 0.33919564 0.02206414 0.41606050 0.00498017 0.01242973 0.01495081 0.18249833 0.00704110
1139.37979326 0.00586300 0.00020044 0.00018837 0.00010172 0.00023386 0.33926249 0.02104899 0.42012108 0.00442106 0.01232524 0.01517618 0.18020438 0.00671620
1140.38012671 0.00576952 0.00056961 0.00015720 0.00053000 0.00104249 0.33923446 0.02241361 0.42097463 0.00630161 0.01209728 0.01200384 0.17767098 0.00700430
1141.38046015 0.00567217 0.00019276 0.00020359 0.00010803 0.00014474 0.33915125 0.02230152 0.42196724 0.00416104 0.01299017 0.01451847 0.17772379 0.00653742
1142.38079360 0.00722307 0.00022220 0.00015220 0.00011262 0.00186618 0.34129460 0.02285917 0.41939861 0.00486980 0.01210521 0.01294802 0.17702008 0.00715131
1143.38112704 0.00734395 0.00026767 0.00015149 0.00016376 0.00127184 0.33990517 0.02193103 0.41722775 0.00497527 0.01232882 0.01440335 0.18035106 0.00702279
1144.38146049 0.00888223 0.00036593 0.00021417 0.00023573 0.00139771 0.34056361 0.02265322 0.41232555 0.00518060 0.01250389 0.01470524 0.18231361 0.00754074
1145.38179393 0.00853395 0.00068480 0.00019235 0.00064321 0.00224050 0.33867033 0.02220283 0.41240192 0.00538376 0.01252189 0.01278667 0.18580903 0.00646271
1146.38212738 0.00856837 0.00019994 0.00015373 0.00011296 0.00030223 0.34101243 0.02196846 0.41228130 0.00443031 0.01159693 0.01591907 0.18435680 0.00766582
1147.38246082 0.00873490 0.00021590 0.00014577 0.00014235 0.00159109 0.33895113 0.02238154 0.41342604 0.00619834 0.01167907 0.01363428 0.18496190 0.00667259
1148.38279426 0.00837219 0.00020001 0.00013276 0.00007833 0.00015182 0.34089925 0.02030129 0.41619344 0.00635756 0.01180911 0.01535217 0.18174099 0.00678327
1149.38312771 0.00818746 0.00033272 0.00014383 0.00013385 0.00226960 0.33812465 0.02085308 0.41939874 0.00588942 0.01187917 0.01632178 0.17820458 0.00644860
1150.38346115 0.00812161 0.00047207 0.00012591 0.00034317 0.00117480 0.33840373 0.02236183 0.42038758 0.00731162 0.01124498 0.01446698 0.17703230 0.00667503
1151.38379460 0.00904829 0.00035788 0.00023989 0.00028869 0.00142763 0.33815527 0.02099478 0.42244237 0.00659781 0.00919472 0.01544512 0.17803800 0.00681783
1152.38412804 0.00871072 0.00096222 0.00017922 0.00072748 0.00320098 0.33872103 0.02236007 0.42050168 0.00695291 0.00892017 0.01309339 0.17774722 0.00663363
1153.38446149 0.00845040 0.00070594 0.00017043 0.00047773 0.00250931 0.33763374 0.01969351 0.41713347 0.00573184 0.00929703 0.01757971 0.18201671 0.00705058
1154.38479493 0.00861439 0.00045644 0.00017084 0.00049937 0.00131859 0.33867564 0.02221807 0.41494923 0.00741384 0.00950534 0.01398778 0.18315081 0.00765404
1155.38512838 0.00859737 0.00026907 0.00025166 0.00022195 0.00029108 0.33799370 0.02201002 0.41342420 0.00675129 0.00953339 0.01500433 0.18725699 0.00699233
1156.38546182 0.00888758 0.00038476 0.00025845 0.00029779 0.00121992 0.33906158 0.02206849 0.41147690 0.00623186 0.01045039 0.01461855 0.18745466 0.00647666
1157.38579527 0.00959325 0.00024408 0.00023417 0.00007031 0.00018743 0.33964462 0.02175959 0.41717347 0.00604335 0.01094081 0.01462827 0.18279206 0.00628184
1158.38612871 0.01053992 0.00046619 0.00017651 0.00028742 0.00143123 0.33830444 0.01856425 0.41999872 0.00592072 0.01098780 0.01502276 0.18211625 0.00672370
1159.38646215 0.01236193 0.00022226 0.00020321 0.00020743 0.00023252 0.34017311 0.02087130 0.42417041 0.00660677 0.01077908 0.01307268 0.17653667 0.00692456
1160.38679560 0.01223797 0.00025905 0.00014014 0.00020286 0.00033308 0.33752844 0.02058063 0.42517169 0.00606908 0.01103093 0.01440091 0.17649174 0.00779147
1161.38712904 0.01194343 0.00016179 0.00026902 0.00013303 0.00014360 0.34019477 0.02096699 0.42471519 0.00474272 0.01085810 0.01365065 0.17783854 0.00632559
1162.38746249 0.01192699 0.00030850 0.00020917 0.00018447 0.00126069 0.33692073 0.02018348 0.42451874 0.00511775 0.01160187 0.01229583 0.18111455 0.00628421
1163.38779593 0.01182416 0.00017591 0.00019404 0.00007078 0.00013989 0.33944693 0.01970357 0.42047969 0.00471036 0.01119963 0.01415112 0.18346087 0.00626721
1164.38812938 0.01129476 0.00016966 0.00022558 0.00005649 0.00014872 0.33709698 0.02174625 0.41753963 0.00514356 0.01206878 0.01133564 0.18824749 0.00622122
1165.38846282 0.01027000 0.00013507 0.00025919 0.00006269 0.00013646 0.33980065 0.01977125 0.41568442 0.00391247 0.01185062 0.01419469 0.18785151 0.00634097
1166.38879627 0.00918203 0.00014902 0.00030839 0.00005925 0.00014055 0.33679399 0.02066460 0.41805527 0.00454456 0.01277588 0.01247976 0.18766855 0.00636015
1167.38912971 0.00998701 0.00044108 0.00032230 0.00036564 0.00096227 0.33953995 0.02105470 0.41796983 0.00483182 0.01245692 0.01221455 0.18330070 0.00654027
1168.38946315 0.00951079 0.00016797 0.00029687 0.00009757 0.00018018 0.33663414 0.02120191 0.42139797 0.00451657 0.01294571 0.01506715 0.18044984 0.00704412
1169.38979660 0.00942598 0.00060736 0.00028793 0.00054734 0.00084645 0.33893158 0.02222054 0.42435592 0.00465670 0.01175575 0.01217699 0.17752826 0.00608519
1170.39013004 0.00943343 0.00026185 0.00018578 0.00010488 0.00158776 0.33784516 0.02133942 0.42268559 0.00516549 0.01153625 0.01543484 0.17662603 0.00722695
1171.39046349 0.00980227 0.00025022 0.00017221 0.00008046 0.00018756 0.34077509 0.02222663 0.42188605 0.00561570 0.01120389 0.01290419 0.17856824 0.00612976
1172.39079693 0.00957380 0.00062130 0.00015835 0.00044396 0.00074433 0.34105562 0.02071056 0.41851759 0.00476651 0.01117594 0.01334197 0.18169235 0.00677152
1173.39113038 0.00934254 0.00021790 0.00015856 0.00007804 0.00015850 0.34114783 0.02056560 0.41631212 0.00484296 0.01091954 0.01488957 0.18406288 0.00664650
1174.39146382 0.00925887 0.00019201 0.00022261 0.00006490 0.00015654 0.34055579 0.02324369 0.41306197 0.00545546 0.01127857 0.01196544 0.18740457 0.00639845
1175.39179727 0.00935082 0.00017296 0.00017519 0.00006505 0.00014194 0.34188026 0.02035103 0.41276952 0.00456241 0.01128248 0.01560320 0.18629396 0.00670200
1176.39213071 0.00968169 0.00031488 0.00013515 0.00022123 0.00087794 0.34135519 0.02291964 0.41358564 0.00614715 0.01086675 0.01266218 0.18428739 0.00662685
1177.39246415 0.00960964 0.00033378 0.00013706 0.00049794 0.00148080 0.33964859 0.02172170 0.41601841 0.00546703 0.01109870 0.01511516 0.18117348 0.00730735
1178.39279760 0.00927474 0.00032645 0.00012754 0.00020807 0.00126117 0.34075136 0.02166935 0.41959814 0.00510889 0.01055634 0.01517439 0.17687571 0.00834260
1179.39313104 0.00889736 0.00025148 0.00014899 0.00044790 0.00042588 0.33723392 0.02416628 0.42144182 0.00639411 0.01097991 0.01346068 0.17603515 0.00901387
1180.39346449 0.00869319 0.00029984 0.00016104 0.00029299 0.00048255 0.33913841 0.02196917 0.42133370 0.00593650 0.01044125 0.01784112 0.17474933 0.00735411
1181.39379793 0.00799462 0.00025560 0.00016331 0.00010408 0.00019546 0.33626985 0.02516564 0.41938922 0.00874335 0.01088103 0.01300669 0.17733215 0.00849363
1182.39413138 0.00792016 0.00048148 0.00013483 0.00043512 0.00191892 0.33679392 0.02322415 0.41456563 0.00602947 0.01011031 0.01822236 0.18062511 0.00745872
1183.39446482 0.00785649 0.00060490 0.00014656 0.00063533 0.00140374 0.33578895 0.02438687 0.41262118 0.00622952 0.00975401 0.01566422 0.18479674 0.00796796
1184.39479827 0.00883843 0.00028653 0.00024863 0.00006898 0.00026822 0.34098490 0.02270427 0.41034284 0.00743010 0.01243847 0.01380139 0.18489720 0.00652846
1185.39513171 0.01067974 0.00069857 0.00020212 0.00063260 0.00130508 0.33886431 0.01916020 0.40885439 0.00713047 0.01371828 0.01523944 0.18647850 0.00771605
1186.39546516 0.01068041 0.00022790 0.00022326 0.00020026 0.00023125 0.34164690 0.02222574 0.41183017 0.00702368 0.01393247 0.01357291 0.18251954 0.00636591
1187.39579860 0.01051633 0.00026911 0.00022738 0.00035750 0.00156564 0.33920335 0.01963522 0.41677228 0.00476495 0.01303604 0.01579653 0.18091670 0.00745528
1188.39613204 0.01075344 0.00024609 0.00015310 0.00016143 0.00025958 0.34090940 0.02323570 0.41790026 0.00643484 0.01276881 0.01466764 0.17649549 0.00676766
1189.39646549 0.01062820 0.00050116 0.00012509 0.00049475 0.00085530 0.33811313 0.02240696 0.41967937 0.00591741 0.01310142 0.01590630 0.17535209 0.00754702
1190.39679893 0.01184625 0.00050415 0.00016927 0.00045411 0.00282566 0.34041022 0.02143974 0.41669556 0.00780692 0.01309705 0.01432944 0.17581543 0.00645245
1191.39713238 0.01167668 0.00055925 0.00015639 0.00044257 0.00362712 0.33888080 0.02005466 0.41525906 0.00761536 0.01287836 0.01442446 0.17864075 0.00746122
1192.39746582 0.01130223 0.00073575 0.00015079 0.00063441 0.00193761 0.34091126 0.02197939 0.41315622 0.00659940 0.01160623 0.01467781 0.18064006 0.00697105
1193.39779927 0.01112543 0.00030501 0.00021177 0.00014459 0.00317938 0.34061138 0.02131604 0.40746037 0.00590750 0.01350510 0.01514024 0.18501254 0.00720607
1194.39813271 0.01106624 0.00043270 0.00018964 0.00028069 0.00161277 0.34222816 0.02151998 0.40811877 0.00684104 0.01381670 0.01368951 0.18467745 0.00659261
1195.39846616 0.01088669 0.00040235 0.00022303 0.00016700 0.00118162 0.34302261 0.01988614 0.40922582 0.00607699 0.01483109 0.01396741 0.18464192 0.00637403
1196.39879960 0.01067236 0.00022525 0.00023323 0.00009647 0.00018558 0.34288590 0.01980041 0.41305592 0.00632596 0.01446638 0.01356729 0.18285518 0.00630243
1197.39913304 0.01071860 0.00022990 0.00022429 0.00007261 0.00019514 0.34516475 0.02071911 0.41428395 0.00596011 0.01526159 0.01330111 0.17840435 0.00618308
1198.39946649 0.01078158 0.00018234 0.00017169 0.00006906 0.00016480 0.34416978 0.02051929 0.41616711 0.00518805 0.01503829 0.01460557 0.17758949 0.00613454
1199.39979993 0.01071876 0.00021745 0.00015336 0.00006445 0.00019231 0.34527212 0.02125224 0.41695506 0.00608508 0.01476194 0.01313420 0.17584557 0.00606623
1200.40013338 0.01078463 0.00033876 0.00013810 0.00013715 0.00161182 0.34281107 0.01995131 0.41587579 0.00590716 0.01384165 0.01544086 0.17722441 0.00672191
1201.40046682 0.01060800 0.00033428 0.00013486 0.00016626 0.00320360 0.34321418 0.02097907 0.41234419 0.00621158 0.01222979 0.01439512 0.18008751 0.00669957
1202.40080027 0.01036672 0.00042542 0.00019033 0.00027084 0.00152945 0.34494175 0.01950696 0.41036563 0.00662369 0.01249233 0.01389042 0.18367952 0.00608365
1203.40113371 0.01007382 0.00060224 0.00016655 0.00045614 0.00180666 0.34654523 0.01857437 0.40774888 0.00665437 0.01230174 0.01403081 0.18471418 0.00639882
1204.40146716 0.00986440 0.00033538 0.00015894 0.00029180 0.00126289 0.34461072 0.01978656 0.40708822 0.00683358 0.01223762 0.01423189 0.18727041 0.00589200
1205.40180060 0.00951090 0.00026374 0.00017918 0.00009766 0.00027202 0.34835342 0.01975569 0.40944335 0.00684452 0.01104930 0.01498964 0.18263668 0.00611481
1206.40213404 0.00942596 0.00023387 0.00017238 0.00007491 0.00024379 0.34723277 0.02043128 0.41205810 0.00593810 0.01113154 0.01389696 0.18279070 0.00579560
1207.40246749 0.00923783 0.00024068 0.00016697 0.00006021 0.00023055 0.34936462 0.01990368 0.41460270 0.00621157 0.01101195 0.01403314 0.17823806 0.00593586
1208.40280093 0.00901145 0.00021072 0.00015960 0.00006111 0.00016068 0.34819375 0.01846112 0.41748850 0.00629489 0.01305911 0.01386820 0.17634595 0.00569637
1209.40313438 0.00897949 0.00019629 0.00017933 0.00006070 0.00014282 0.34854503 0.01856017 0.41674446 0.00651195 0.01274796 0.01332905 0.17716579 0.00581646
1210.40346782 0.00905474 0.00020631 0.00015181 0.00016543 0.00023421 0.34873273 0.01908361 0.41396188 0.00588049 0.01287802 0.01432245 0.17790144 0.00648162
1211.40380127 0.00910921 0.00014507 0.00012603 0.00005673 0.00012955 0.34911194 0.01907494 0.41144730 0.00559146 0.01294392 0.01348165 0.18223990 0.00565150
1212.40413471 0.00869334 0.00074789 0.00025612 0.00062899 0.00085227 0.34945273 0.01840040 0.40905150 0.00585528 0.01317984 0.01231280 0.18392142 0.00534076
1213.40446816 0.00870728 0.00066983 0.00019743 0.00055645 0.00092504 0.34533322 0.01845735 0.40749252 0.00617909 0.01348592 0.01350707 0.18765632 0.00553977
1214.40480160 0.00883900 0.00026662 0.00023453 0.00006056 0.00018863 0.34834034 0.01849645 0.40832619 0.00615821 0.01311118 0.01318445 0.18553388 0.00609898
1215.40513505 0.00910316 0.00024333 0.00024588 0.00007121 0.00017214 0.34901400 0.01798067 0.41012609 0.00581843 0.01302455 0.01282060 0.18462895 0.00585415
1216.40546849 0.00887916 0.00021302 0.00018080 0.00006345 0.00015085 0.35046684 0.01936913 0.41301403 0.00544051 0.01295920 0.01196083 0.18058002 0.00560133
1217.40580193 0.00976519 0.00071930 0.00028506 0.00065041 0.00080864 0.34906290 0.01936508 0.41270813 0.00452037 0.01476402 0.01277903 0.17854128 0.00579579
1218.40613538 0.00957227 0.00035035 0.00019099 0.00010701 0.00129030 0.35056015 0.01936553 0.41424076 0.00504839 0.01449237 0.01216096 0.17606365 0.00612953
1219.40646882 0.00960896 0.00043859 0.00016492 0.00041630 0.00288445 0.34867110 0.01844057 0.41445824 0.00527817 0.01336085 0.01274443 0.17700826 0.00613413
1220.40680227 0.00946640 0.00077993 0.00015784 0.00069789 0.00211161 0.35035087 0.01909306 0.41181442 0.00534996 0.01292342 0.01223225 0.17849846 0.00599029
1221.40713571 0.00933449 0.00039823 0.00019672 0.00018631 0.00126376 0.34904156 0.01954284 0.41139576 0.00481021 0.01289624 0.01200007 0.18219374 0.00607454
1222.40746916 0.00926935 0.00077816 0.00013943 0.00073403 0.00105641 0.34984032 0.01853075 0.40810667 0.00451045 0.01143079 0.01429085 0.18489190 0.00569024
1223.40780260 0.00925776 0.00055460 0.00013962 0.00020174 0.00141758 0.34963349 0.01901455 0.40718289 0.00636585 0.01162296 0.01163011 0.18580927 0.00642734
1224.40813605 0.00920116 0.00054861 0.00012294 0.00047153 0.00141354 0.34970353 0.01805152 0.40793584 0.00597946 0.01121629 0.01344225 0.18531430 0.00580018
1225.40846949 0.00897976 0.00019671 0.00014307 0.00007538 0.00018109 0.35132677 0.02040129 0.40935107 0.00592592 0.01020621 0.01278962 0.18320594 0.00619692
1226.40880293 0.01053197 0.00040805 0.00014717 0.00029473 0.00140041 0.34953909 0.02002122 0.41104906 0.00555885 0.00999768 0.01583239 0.17945623 0.00629513
1227.40913638 0.01034608 0.00053114 0.00014715 0.00040756 0.00142939 0.34948449 0.01929987 0.41370010 0.00639489 0.01017714 0.01506812 0.17671034 0.00664982
1228.40946982 0.01036446 0.00039191 0.00013552 0.00013731 0.00132964 0.35038626 0.02064319 0.41364001 0.00762515 0.01008515 0.01306873 0.17605379 0.00650335
1229.40980327 0.01042483 0.00043625 0.00011916 0.00037758 0.00161672 0.34951743 0.01975117 0.41380387 0.00563890 0.00988034 0.01580628 0.17680415 0.00624815
1230.41013671 0.01056865 0.00025944 0.00011568 0.00020339 0.00106379 0.35050496 0.02199450 0.41124565 0.00694091 0.00977208 0.01292563 0.17874128 0.00623269
1231.41047016 0.01034020 0.00038984 0.00016649 0.00011163 0.00036791 0.34853196 0.01933709 0.40998653 0.00810598 0.00981920 0.01481881 0.18220819 0.00615635
1232.41080360 0.01016560 0.00030667 0.00012241 0.00005927 0.00024063 0.34873385 0.01948025 0.40796214 0.00755962 0.00980757 0.01501524 0.18444787 0.00626447
1233.41113705 0.01006310 0.00020190 0.00012536 0.00006964 0.00019901 0.34916198 0.02009962 0.40698868 0.00630688 0.00999343 0.01546314 0.18515027 0.00624008
1234.41147049 0.00993843 0.00019186 0.00011253 0.00006565 0.00016135 0.34870303 0.02008141 0.40848842 0.00643996 0.01014247 0.01518924 0.18435764 0.00606646
1235.41180393 0.00990141 0.00024158 0.00011260 0.00006008 0.00018587 0.34943547 0.02072564 0.41070084 0.00746980 0.01033721 0.01338384 0.18153757 0.00580951
1236.41213738 0.00977062 0.00018088 0.00014569 0.00005803 0.00014637 0.34919654 0.01922117 0.41384680 0.00633362 0.01079347 0.01410180 0.18029445 0.00568118
1237.41247082 0.00966736 0.00032626 0.00011555 0.00029589 0.00242998 0.34926435 0.01785726 0.41741916 0.00572325 0.01057617 0.01322086 0.17677753 0.00599375
1238.41280427 0.00965814 0.00030455 0.00012394 0.00026014 0.00134448 0.34926387 0.01920873 0.41685929 0.00598471 0.01104323 0.01278898 0.17718281 0.00563526
1239.41313771 0.00961888 0.00061911 0.00010975 0.00041293 0.00211617 0.34935472 0.01723989 0.41582363 0.00527605 0.00982485 0.01453521 0.17820157 0.00648612
1240.41347116 0.00951023 0.00023783 0.00011708 0.00020380 0.00172066 0.34888706 0.01923453 0.41382943 0.00661379 0.01023627 0.01184224 0.18055362 0.00652370
1241.41380460 0.00919353 0.00047316 0.00011221 0.00036113 0.00179569 0.34991176 0.01743740 0.41045687 0.00626494 0.01013876 0.01344361 0.18331900 0.00628546
1242.41413805 0.00929281 0.00054124 0.00011192 0.00031913 0.00215639 0.34853058 0.01833592 0.40943786 0.00625666 0.01051138 0.01219141 0.18564856 0.00595894
1243.41447149 0.01094220 0.00039840 0.00011321 0.00054662 0.00289721 0.35009663 0.01828556 0.40743209 0.00541126 0.01046459 0.01315081 0.18439364 0.00680999
1244.41480493 0.01057601 0.00048035 0.00013478 0.00054582 0.00152298 0.34899774 0.01793773 0.40920813 0.00532079 0.01097411 0.01394616 0.18474521 0.00618620
1245.41513838 0.01009006 0.00022737 0.00019397 0.00007023 0.00019099 0.35110442 0.01965321 0.41232984 0.00617421 0.01113984 0.01187712 0.18147825 0.00556055
1246.41547182 0.01016845 0.00024757 0.00018512 0.00019300 0.00161958 0.35085673 0.01808528 0.41464386 0.00578971 0.01019988 0.01354834 0.17872202 0.00590891
1247.41580527 0.01028985 0.00022473 0.00020135 0.00008595 0.00036833 0.35054204 0.01978483 0.41663871 0.00596549 0.00941431 0.01223419 0.17854031 0.00599976
1248.41613871 0.01096003 0.00028703 0.00018997 0.00008298 0.00024694 0.35042050 0.02037860 0.41628571 0.00596835 0.01091453 0.01174459 0.17765037 0.00583044
1249.41647216 0.01129029 0.00025124 0.00019340 0.00025466 0.00028862 0.35074257 0.01813149 0.41496644 0.00481845 0.01054304 0.01366076 0.17905085 0.00709848
1250.41680560 0.01048930 0.00026093 0.00012075 0.00018787 0.00035295 0.35092387 0.01965363 0.41201759 0.00557079 0.01032640 0.01198830 0.18213144 0.00646546
1251.41713905 0.00984441 0.00018288 0.00014690 0.00011991 0.00014952 0.35377327 0.01853277 0.40968539 0.00483163 0.00915059 0.01315913 0.18302978 0.00723824
1252.41747249 0.00964584 0.00021713 0.00014382 0.00044501 0.00162987 0.35184631 0.01947259 0.40839985 0.00474103 0.00871384 0.01093497 0.18601603 0.00743955
1253.41780594 0.00963698 0.00033870 0.00028369 0.00026421 0.00149121 0.35253471 0.01904960 0.40762641 0.00525549 0.00905086 0.01234495 0.18533599 0.00642417
1254.41813938 0.00957813 0.00040902 0.00021214 0.00035490 0.00155034 0.35087869 0.01928872 0.41001769 0.00565692 0.00888183 0.01336016 0.18262725 0.00676234
1255.41847282 0.00967045 0.00033484 0.00018345 0.00029838 0.00134180 0.35010185 0.01929420 0.41185804 0.00556821 0.00880650 0.01385683 0.18141038 0.00694552
1256.41880627 0.00962762 0.00020859 0.00020768 0.00015483 0.00025257 0.35306746 0.01899369 0.41475454 0.00550409 0.00924474 0.01209777 0.17909631 0.00641772
1257.41913971 0.00956609 0.00019678 0.00016495 0.00008941 0.00015517 0.35118452 0.01891190 0.41693290 0.00573945 0.00923832 0.01217433 0.17870246 0.00650982
1258.41947316 0.00942939 0.00027227 0.00016110 0.00023030 0.00042428 0.35237005 0.01868385 0.41631306 0.00480655 0.00909141 0.01340380 0.17815433 0.00608899
1259.41980660 0.00926978 0.00018323 0.00016568 0.00015099 0.00025654 0.35304729 0.01858113 0.41481697 0.00498785 0.00908020 0.01103562 0.18076847 0.00692605
1260.42014005 0.00895376 0.00016399 0.00015701 0.00007987 0.00015264 0.35366868 0.01785622 0.41163396 0.00495462 0.00953838 0.01324685 0.18271345 0.00583431
1261.42047349 0.00894252 0.00022393 0.00014741 0.00008209 0.00022481 0.35392030 0.01895531 0.40924861 0.00579010 0.00972827 0.01118526 0.18460174 0.00589218
1262.42080694 0.00898260 0.00017644 0.00012517 0.00006389 0.00014795 0.35397728 0.01813700 0.40808302 0.00531908 0.00950576 0.01285360 0.18586795 0.00574286
1263.42114038 0.00897994 0.00043646 0.00011795 0.00022727 0.00103585 0.35383166 0.01712201 0.40855583 0.00505015 0.00949014 0.01277735 0.18526022 0.00609511
1264.42147382 0.00882033 0.00019044 0.00015646 0.00006612 0.00014638 0.35455682 0.01860128 0.41001342 0.00580872 0.01104436 0.01121659 0.18320813 0.00499129
1265.42180727 0.00874197 0.00013986 0.00015418 0.00005225 0.00011405 0.35387508 0.01762047 0.41264769 0.00487022 0.01101601 0.01283781 0.18118092 0.00549145
1266.42214071 0.00843161 0.00070876 0.00015123 0.00066169 0.00082168 0.35400116 0.01820829 0.41330625 0.00568740 0.01077760 0.01186876 0.17854468 0.00526250
1267.42247416 0.00820514 0.00033833 0.00014237 0.00012917 0.00120028 0.35413628 0.01679734 0.41417746 0.00547018 0.01063316 0.01324942 0.17766280 0.00606319
1268.42280760 0.00812684 0.00020284 0.00012375 0.00006364 0.00019001 0.35336572 0.01796838 0.41440467 0.00559920 0.01020951 0.01400724 0.17850487 0.00536017
1269.42314105 0.00817171 0.00021678 0.00012648 0.00006730 0.00015897 0.35473958 0.01819180 0.41213848 0.00686146 0.01018672 0.01241889 0.17950233 0.00539121
1270.42347449 0.00790380 0.00020400 0.00010970 0.00006483 0.00014595 0.35346428 0.01721237 0.41020910 0.00634274 0.00994689 0.01375920 0.18312850 0.00541243
1271.42380794 0.00717866 0.00051952 0.00019599 0.00035855 0.00116264 0.35430822 0.01634748 0.40825066 0.00543981 0.01181225 0.01224096 0.18410851 0.00525542
1272.42414138 0.00707478 0.00028838 0.00017918 0.00019642 0.00091324 0.35656170 0.01494563 0.40746950 0.00552064 0.01212540 0.01087215 0.18625500 0.00467277
1273.42447482 0.00723476 0.00013184 0.00014914 0.00004632 0.00012098 0.35720728 0.01381616 0.40847112 0.00479205 0.01260327 0.01202655 0.18606839 0.00456690
1274.42480827 0.00725648 0.00012294 0.00014750 0.00006037 0.00015068 0.35742451 0.01485109 0.41132541 0.00466868 0.01293737 0.00989670 0.18423516 0.00417961
1275.42514171 0.00730210 0.00013620 0.00013124 0.00004639 0.00009027 0.35716864 0.01346609 0.41392125 0.00496669 0.01280105 0.01096751 0.18206114 0.00424354
1276.42547516 0.00728070 0.00020985 0.00012552 0.00004100 0.00016508 0.35719297 0.01361095 0.41599245 0.00575410 0.01297761 0.00991894 0.17978970 0.00422183
1277.42580860 0.00732313 0.00015788 0.00012309 0.00004208 0.00013694 0.35788400 0.01373018 0.41623400 0.00513853 0.01300759 0.01045537 0.17882761 0.00426273
1278.42614205 0.00728154 0.00010867 0.00012490 0.00004113 0.00010003 0.35680721 0.01333573 0.41583751 0.00451681 0.01316721 0.01139662 0.18020239 0.00436179
1279.42647549 0.00704943 0.00014910 0.00013255 0.00004091 0.00012611 0.35748616 0.01418952 0.41259736 0.00533837 0.01426948 0.00978066 0.18173820 0.00415159
1280.42680894 0.00728098 0.00037899 0.00018795 0.00038309 0.00121411 0.35356761 0.01378505 0.41049010 0.00556229 0.01513172 0.01033025 0.18448419 0.00448467
1281.42714238 0.00744642 0.00047076 0.00017201 0.00048411 0.00141025 0.35531859 0.01403038 0.40716431 0.00527118 0.01360104 0.01141645 0.18579408 0.00486684
1282.42747583 0.00753380 0.00038568 0.00015338 0.00052990 0.00065605 0.35350705 0.01444772 0.40686548 0.00503819 0.01380269 0.01179400 0.18564489 0.00717497
1283.42780927 0.00766767 0.00041218 0.00015889 0.00021585 0.00055627 0.34851069 0.01582216 0.40983850 0.00752709 0.01463667 0.01167222 0.18471796 0.00593154
1284.42814271 0.00759084 0.00021594 0.00019953 0.00006677 0.00023898 0.34908461 0.01492846 0.41367181 0.00595823 0.01504981 0.01423132 0.18161105 0.00474348
1285.42847616 0.00745738 0.00016872 0.00018433 0.00006732 0.00016139 0.34871440 0.01625742 0.41650867 0.00607563 0.01416584 0.01230943 0.18078253 0.00460433
1286.42880960 0.00737836 0.00039000 0.00019650 0.00043042 0.00121578 0.34874107 0.01459597 0.41891978 0.00503899 0.01483320 0.01145720 0.17963063 0.00455045
1287.42914305 0.00768237 0.00014633 0.00026118 0.00004631 0.00011349 0.34973868 0.01437224 0.41980754 0.00538443 0.01510344 0.01134126 0.17918763 0.00449746
1288.42947649 0.00793307 0.00070266 0.00019577 0.00060258 0.00086239 0.34832637 0.01457526 0.41829767 0.00529926 0.01401232 0.01046105 0.18209614 0.00456853
1289.42980994 0.00788695 0.00018428 0.00018734 0.00006385 0.00146177 0.34899533 0.01416774 0.41689328 0.00466319 0.01397880 0.01189636 0.18265518 0.00485289
1290.43014338 0.00761563 0.00036531 0.00018060 0.00027442 0.00125268 0.34883473 0.01584260 0.41461082 0.00653059 0.01238057 0.01047121 0.18477095 0.00448552
1291.43047683 0.00662300 0.00021864 0.00014106 0.00018736 0.00160003 0.34675583 0.01442941 0.41329008 0.00514129 0.01346772 0.01263544 0.18709433 0.00503882
1292.43081027 0.00642194 0.00012654 0.00027066 0.00004970 0.00010938 0.34882543 0.01585502 0.41348994 0.00538495 0.01391840 0.01129238 0.18617056 0.00450703
1293.43114371 0.00654486 0.00014319 0.00019131 0.00004412 0.00012432 0.34732000 0.01532323 0.41550934 0.00544333 0.01406874 0.01162327 0.18550031 0.00470884
1294.43147716 0.00661864 0.00016303 0.00015719 0.00005727 0.00012178 0.34849891 0.01576523 0.41786363 0.00541104 0.01325429 0.01196648 0.18214196 0.00459919
1295.43181060 0.00662831 0.00017044 0.00014864 0.00005183 0.00012605 0.34651232 0.01725344 0.41973376 0.00541637 0.01336137 0.01188378 0.18020846 0.00513354
1296.43214405 0.00641034 0.00033177 0.00013616 0.00017048 0.00133868 0.34661177 0.01591148 0.42106906 0.00440265 0.01302939 0.01250201 0.17917161 0.00532494
1297.43247749 0.00604368 0.00037009 0.00014934 0.00024458 0.00161233 0.34660803 0.01628677 0.42155630 0.00574138 0.01325629 0.01071575 0.17860118 0.00485798
1298.43281094 0.00588769 0.00035727 0.00014723 0.00044221 0.00161079 0.34689396 0.01456751 0.41895466 0.00578769 0.01314117 0.01107106 0.18119341 0.00583304
1299.43314438 0.00565886 0.00045076 0.00016303 0.00038222 0.00086282 0.34598858 0.01469492 0.41762741 0.00462214 0.01329366 0.01331300 0.18358621 0.00501525
1300.43347783 0.00569889 0.00039665 0.00014384 0.00056703 0.00245925 0.34503604 0.01531567 0.41548685 0.00574589 0.01344587 0.01075244 0.18481765 0.00583281
1301.43381127 0.00545665 0.00040985 0.00013817 0.00036145 0.00140628 0.34438142 0.01428378 0.41394393 0.00651157 0.01353268 0.01298120 0.18718666 0.00486303
1302.43414471 0.00536677 0.00039324 0.00016249 0.00015771 0.00047229 0.34423808 0.01679837 0.41478675 0.00634394 0.01301770 0.01207230 0.18606935 0.00548778
1303.43447816 0.00543009 0.00047885 0.00015281 0.00036760 0.00119428 0.34502342 0.01595547 0.41606965 0.00540370 0.01322569 0.01263516 0.18399319 0.00550017
1304.43481160 0.00540291 0.00025031 0.00014791 0.00026228 0.00114816 0.34371340 0.01549848 0.41945600 0.00550022 0.01341474 0.01338153 0.18164193 0.00558503
1305.43514505 0.00526695 0.00042966 0.00016236 0.00042926 0.00308794 0.34674916 0.01524331 0.42097236 0.00708770 0.01196007 0.01013419 0.17840869 0.00533530
1306.43547849 0.00542642 0.00061408 0.00013088 0.00014311 0.00107426 0.34493206 0.01396938 0.42213443 0.00772096 0.01203980 0.01304677 0.17911951 0.00507476
1307.43581194 0.00581206 0.00045593 0.00020197 0.00020298 0.00132853 0.34468799 0.01553975 0.42309192 0.00589463 0.01402875 0.01082797 0.17850070 0.00523888
1308.43614538 0.00598207 0.00032693 0.00016075 0.00032917 0.00137378 0.34441970 0.01746853 0.42089215 0.00472065 0.01409101 0.01078820 0.18131796 0.00411119
1309.43647883 0.00579826 0.00033883 0.00017914 0.00006640 0.00023754 0.34546645 0.01443795 0.41850755 0.00577023 0.01278056 0.01235984 0.18460056 0.00525494
1310.43681227 0.00587089 0.00052163 0.00014912 0.00009218 0.00054739 0.34618915 0.01459415 0.41670832 0.00779885 0.01281775 0.01030699 0.18584678 0.00442771
1311.43714572 0.00597459 0.00027988 0.00012772 0.00008212 0.00021879 0.34409813 0.01384597 0.41630711 0.00690527 0.01242597 0.01357053 0.18693234 0.00520618
1312.43747916 0.00595150 0.00024652 0.00012545 0.00006506 0.00024985 0.34451841 0.01604118 0.41675956 0.00625070 0.01254352 0.01209548 0.18612662 0.00497766
1313.43781260 0.00570223 0.00024787 0.00010667 0.00009138 0.00020509 0.34478568 0.01622180 0.41941318 0.00706487 0.01103136 0.01297316 0.18314157 0.00471735
1314.43814605 0.00560224 0.00037666 0.00013834 0.00020507 0.00117030 0.34569271 0.01396908 0.42164241 0.00538909 0.01288586 0.01180491 0.18184570 0.00487986
1315.43847949 0.00586195 0.00106853 0.00014817 0.00086429 0.00227992 0.34502519 0.01429884 0.42393115 0.00650920 0.01280304 0.00999709 0.17853869 0.00453590
1316.43881294 0.00596189 0.00060994 0.00013827 0.00072951 0.00169851 0.34277882 0.01457847 0.42410661 0.00648870 0.01299544 0.01090800 0.17859952 0.00636822
1317.43914638 0.00581759 0.00038566 0.00013805 0.00034733 0.00124598 0.34298697 0.01397848 0.42263280 0.00531905 0.01312386 0.01412326 0.18013243 0.00558615
1318.43947983 0.00573605 0.00030855 0.00013630 0.00034329 0.00271757 0.34307193 0.01600888 0.42159903 0.00669477 0.01334887 0.01022220 0.18121559 0.00433301
1319.43981327 0.00579845 0.00023587 0.00011939 0.00026405 0.00203725 0.34287114 0.01319310 0.41791006 0.00598559 0.01338025 0.01336506 0.18547097 0.00516726
1320.44014672 0.00588678 0.00046767 0.00015362 0.00035603 0.00254148 0.34013830 0.01680410 0.41709742 0.00654767 0.01303076 0.01151220 0.18673573 0.00461503
1321.44048016 0.00579994 0.00042183 0.00013584 0.00027043 0.00225149 0.34015172 0.01528316 0.41852670 0.00534876 0.01396347 0.01181109 0.18648237 0.00535315
1322.44081360 0.00585581 0.00040821 0.00029236 0.00023388 0.00230779 0.33844732 0.01353828 0.41855648 0.00574009 0.01601306 0.01304576 0.18615433 0.00526244
1323.44114705 0.00600017 0.00044661 0.00016614 0.00025951 0.00181343 0.33884478 0.01581894 0.42109825 0.00728987 0.01641204 0.00998290 0.18296614 0.00490140
1324.44148049 0.00598220 0.00026722 0.00020213 0.00025321 0.00137654 0.33744899 0.01469916 0.42511349 0.00520379 0.01660355 0.01412356 0.17970280 0.00500556
1325.44181394 0.00608234 0.00023803 0.00019713 0.00017982 0.00107328 0.33718655 0.01832732 0.42538139 0.00621434 0.01633832 0.01015957 0.17966031 0.00504394
1326.44214738 0.00562116 0.00035220 0.00013796 0.00025735 0.00247154 0.33705858 0.01654719 0.42602076 0.00520645 0.01548312 0.01339880 0.17772236 0.00534370
1327.44248083 0.00556980 0.00048666 0.00017325 0.00033427 0.00223467 0.33811729 0.01571625 0.42303535 0.00633127 0.01580467 0.01253024 0.18006912 0.00516697
1328.44281427 0.00562366 0.00052378 0.00034617 0.00061809 0.00124242 0.33966306 0.01571167 0.42019368 0.00610969 0.01474357 0.01147008 0.18377943 0.00559836
1329.44314772 0.00573635 0.00030038 0.00020083 0.00024606 0.00160961 0.34161069 0.01396141 0.41940168 0.00490325 0.01435375 0.01395393 0.18472718 0.00473123
1330.44348116 0.00576828 0.00016850 0.00018666 0.00012004 0.00013695 0.34094021 0.01707014 0.41836009 0.00551776 0.01296225 0.01032127 0.18783993 0.00637619
1331.44381460 0.00593208 0.00028771 0.00014881 0.00025415 0.00036584 0.34167564 0.01513476 0.41805165 0.00491735 0.01273969 0.01374237 0.18734204 0.00533998
1332.44414805 0.00603948 0.00028245 0.00016201 0.00021325 0.00036655 0.34053467 0.01690713 0.42163074 0.00604239 0.01257509 0.01067008 0.18466771 0.00594791
1333.44448149 0.00622159 0.00022474 0.00019593 0.00013622 0.00018739 0.34296341 0.01598674 0.42116562 0.00575963 0.01271235 0.01325637 0.18222256 0.00518904
1334.44481494 0.00615543 0.00030329 0.00014165 0.00011858 0.00023401 0.34069404 0.01502445 0.42370862 0.00607232 0.01238630 0.01441686 0.18015322 0.00674665
1335.44514838 0.00606451 0.00030953 0.00013898 0.00010979 0.00023116 0.34099731 0.01790485 0.42590259 0.00752385 0.01231217 0.01159449 0.17761290 0.00536238
1336.44548183 0.00598524 0.00015414 0.00019184 0.00007989 0.00011869 0.34160885 0.01626734 0.42414803 0.00468112 0.01266802 0.01498447 0.17934148 0.00575613
1337.44581527 0.00600842 0.00014579 0.00014493 0.00007873 0.00014423 0.33939251 0.02014763 0.42356800 0.00574213 0.01355000 0.01049658 0.18144432 0.00514516
1338.44614872 0.00589474 0.00014130 0.00016751 0.00006845 0.00012041 0.33915695 0.01747131 0.42204421 0.00509556 0.01387301 0.01356740 0.18307255 0.00522137
1339.44648216 0.00567489 0.00019667 0.00015032 0.00006131 0.00014144 0.33792608 0.01748970 0.41958598 0.00521482 0.01377998 0.01273328 0.18697232 0.00574810
1340.44681561 0.00553131 0.00018658 0.00015015 0.00006557 0.00015595 0.33898427 0.01900698 0.41980448 0.00565766 0.01378537 0.01124654 0.18579568 0.00516077
1341.44714905 0.00544216 0.00018248 0.00015145 0.00010729 0.00012763 0.33953986 0.01595521 0.41803712 0.00432162 0.01356824 0.01426151 0.18705202 0.00669556
1342.44748249 0.00544958 0.00047388 0.00013360 0.00041223 0.00138089 0.34044729 0.01788018 0.41997322 0.00533596 0.01354135 0.01057412 0.18422036 0.00562691
1343.44781594 0.00543302 0.00014550 0.00012998 0.00016676 0.00015363 0.34019909 0.01738904 0.42338655 0.00454458 0.01368640 0.01329585 0.18180316 0.00509947
1344.44814938 0.00546700 0.00012700 0.00014440 0.00005352 0.00011225 0.34278766 0.01750783 0.42414905 0.00471677 0.01379278 0.01134039 0.18032626 0.00494211
1345.44848283 0.00545105 0.00015123 0.00012279 0.00004753 0.00013013 0.34211592 0.01692146 0.42577062 0.00504115 0.01372311 0.01132467 0.17953876 0.00511264
1346.44881627 0.00539227 0.00017014 0.00014270 0.00020967 0.00031789 0.34308684 0.01522260 0.42357651 0.00467018 0.01392239 0.01317471 0.17883462 0.00667174
1347.44914972 0.00536325 0.00018795 0.00018266 0.00006629 0.00013667 0.34054938 0.01901665 0.42099274 0.00551921 0.01465594 0.01016183 0.18340724 0.00512345
1348.44948316 0.00632026 0.00029871 0.00019063 0.00023512 0.00121947 0.34079743 0.01650059 0.41906507 0.00440829 0.01470456 0.01366407 0.18330734 0.00560873
1349.44981661 0.00660512 0.00017277 0.00021802 0.00005297 0.00014366 0.34386664 0.01763621 0.41576889 0.00529438 0.01483376 0.01130031 0.18557413 0.00513827
1350.45015005 0.00677293 0.00016285 0.00014421 0.00004865 0.00013085 0.34318387 0.01716532 0.41523418 0.00520635 0.01455957 0.01153917 0.18725249 0.00537247
1351.45048349 0.00655894 0.00016514 0.00014827 0.00006848 0.00020936 0.34128618 0.01653648 0.41814013 0.00429953 0.01446046 0.01488806 0.18441064 0.00538727
1352.45081694 0.00635142 0.00017661 0.00018287 0.00018403 0.00026698 0.34106102 0.01919887 0.41802364 0.00544756 0.01520048 0.01023116 0.18395695 0.00606983
1353.45115038 0.00631548 0.00016657 0.00015636 0.00005441 0.00012541 0.34267523 0.01647988 0.42019662 0.00402285 0.01427389 0.01451500 0.18157191 0.00576187
1354.45148383 0.00621934 0.00016606 0.00014612 0.00005683 0.00013568 0.34311304 0.01952123 0.42239590 0.00547006 0.01425674 0.01052007 0.17877477 0.00544350
1355.45181727 0.00595860 0.00014438 0.00015548 0.00005869 0.00012253 0.34279986 0.01818619 0.42136411 0.00477507 0.01448532 0.01271096 0.17968691 0.00551050
1356.45215072 0.00564661 0.00041295 0.00016124 0.00035442 0.00095650 0.34303920 0.01736399 0.42122064 0.00463375 0.01441169 0.01246350 0.17940711 0.00557501
1357.45248416 0.00552973 0.00028830 0.00016556 0.00006638 0.00028732 0.34102301 0.01887331 0.41899067 0.00655303 0.01434882 0.01220941 0.18155480 0.00563939
1358.45281761 0.00552026 0.00017980 0.00016350 0.00007509 0.00017606 0.34119834 0.01662756 0.41721561 0.00496576 0.01315426 0.01539704 0.18462023 0.00622676
1359.45315105 0.00528417 0.00030116 0.00015842 0.00006773 0.00026556 0.34101777 0.01992245 0.41674040 0.00625494 0.01285152 0.01121067 0.18548139 0.00572799
1360.45348449 0.00524520 0.00024408 0.00013590 0.00025564 0.00039239 0.34084573 0.01681337 0.41653424 0.00605262 0.01255029 0.01388046 0.18596207 0.00633322
1361.45381794 0.00526866 0.00023853 0.00012207 0.00013014 0.00013419 0.34122899 0.01773211 0.41719762 0.00692897 0.01235918 0.01329795 0.18499809 0.00563217
1362.45415138 0.00515915 0.00027606 0.00010871 0.00013718 0.00031262 0.34082640 0.01868435 0.42002546 0.00683132 0.01218827 0.01182227 0.18271270 0.00607467
1363.45448483 0.00506946 0.00029239 0.00012592 0.00032088 0.00121939 0.34257531 0.01557997 0.42185004 0.00439803 0.01238359 0.01500794 0.18074309 0.00550345
1364.45481827 0.00514910 0.00025466 0.00011543 0.00008665 0.00033501 0.34094639 0.01906735 0.42348048 0.00704205 0.01230400 0.01080349 0.17899876 0.00656573
1365.45515172 0.00516737 0.00028424 0.00011169 0.00024024 0.00175626 0.34065215 0.01797552 0.42352344 0.00545078 0.01130038 0.01476365 0.17862210 0.00531956
1366.45548516 0.00536163 0.00033197 0.00010431 0.00015149 0.00193718 0.34074023 0.01922815 0.42066120 0.00775191 0.01122699 0.01247551 0.17950537 0.00588568
1367.45581861 0.00534148 0.00060572 0.00010327 0.00060267 0.00289420 0.34016347 0.01787146 0.41908628 0.00680095 0.01114521 0.01314470 0.18149821 0.00608385
1368.45615205 0.00533170 0.00036134 0.00010443 0.00016395 0.00125695 0.34063011 0.01940961 0.41696233 0.00653184 0.01128426 0.01376692 0.18329307 0.00623518
1369.45648550 0.00513147 0.00040100 0.00010799 0.00010511 0.00220846 0.33869054 0.02141535 0.41394114 0.00758375 0.01152141 0.01340439 0.18434840 0.00627246
1370.45681894 0.00527971 0.00034522 0.00015371 0.00009773 0.00030619 0.33808268 0.02108274 0.41511248 0.00643890 0.01180065 0.01649100 0.18384869 0.00623999
1371.45715238 0.00546200 0.00029809 0.00014657 0.00007054 0.00161602 0.33756656 0.02202106 0.41634637 0.00709026 0.01240826 0.01248589 0.18318650 0.00676388
1372.45748583 0.00543438 0.00024789 0.00013470 0.00010778 0.00167601 0.33636201 0.02085770 0.41767707 0.00618499 0.01249133 0.01629591 0.18129802 0.00666659
1373.45781927 0.00562289 0.00064363 0.00014928 0.00050699 0.00169165 0.33704129 0.02107799 0.41990672 0.00666926 0.01284452 0.01403737 0.17836777 0.00706353
1374.45815272 0.00596756 0.00038624 0.00015180 0.00007830 0.00020929 0.33514866 0.02194731 0.42224733 0.00730758 0.01274002 0.01448243 0.17834927 0.00695176
1375.45848616 0.00631704 0.00050180 0.00012288 0.00012196 0.00040869 0.33577591 0.02043661 0.42086652 0.00790131 0.01257656 0.01684174 0.17754179 0.00690423
1376.45881961 0.00659821 0.00030480 0.00010760 0.00012475 0.00026640 0.33376527 0.02272589 0.41954700 0.00777962 0.01292812 0.01608157 0.17896714 0.00740183
1377.45915305 0.00640550 0.00038303 0.00010523 0.00028244 0.00130760 0.33447383 0.02254593 0.41763122 0.00640367 0.01309080 0.01658598 0.18044880 0.00674147
1378.45948650 0.00621284 0.00022658 0.00013935 0.00009800 0.00149275 0.33615541 0.02090599 0.41577087 0.00765768 0.01385341 0.01324365 0.18411987 0.00633644
1379.45981994 0.00612353 0.00045833 0.00014790 0.00024572 0.00153187 0.33722551 0.02110810 0.41368834 0.00742006 0.01363808 0.01455544 0.18363450 0.00634614
1380.46015338 0.00614278 0.00040919 0.00014883 0.00021379 0.00138724 0.33504596 0.02068575 0.41422775 0.00674999 0.01384061 0.01549907 0.18530068 0.00649114
1381.46048683 0.00593118 0.00033285 0.00015399 0.00015029 0.00116403 0.33566171 0.02064504 0.41718608 0.00682116 0.01328926 0.01512838 0.18238937 0.00707782
1382.46082027 0.00576867 0.00027215 0.00015257 0.00008177 0.00165698 0.33412246 0.01920455 0.41935854 0.00755086 0.01332514 0.01585964 0.18158834 0.00682702
1383.46115372 0.00559936 0.00028443 0.00014914 0.00013473 0.00138641 0.33391165 0.02105546 0.42213326 0.00786891 0.01334288 0.01414432 0.17895793 0.00663087
1384.46148716 0.00540304 0.00089898 0.00014090 0.00077138 0.00220996 0.33416586 0.02078064 0.42197462 0.00685883 0.01322574 0.01533821 0.17719968 0.00643521
1385.46182061 0.00529523 0.00044275 0.00013574 0.00045446 0.00278850 0.33310503 0.02170683 0.42158920 0.00605547 0.01301169 0.01577838 0.17842147 0.00651047
1386.46215405 0.00536180 0.00039186 0.00013517 0.00021174 0.00151224 0.33403744 0.02166082 0.42058948 0.00788386 0.01302358 0.01521094 0.17854121 0.00680167
1387.46248750 0.00549046 0.00039018 0.00012545 0.00024709 0.00134115 0.33332689 0.02113293 0.41812167 0.00743913 0.01307639 0.01626222 0.18174968 0.00678724
1388.46282094 0.00534680 0.00039750 0.00012654 0.00016051 0.00120672 0.33401814 0.02123405 0.41614137 0.00772171 0.01309068 0.01595873 0.18308947 0.00685458
1389.46315438 0.00513574 0.00051430 0.00012103 0.00025873 0.00152620 0.33339990 0.02203435 0.41625088 0.00769561 0.01305404 0.01497128 0.18370750 0.00646618
1390.46348783 0.00493167 0.00039460 0.00020709 0.00018884 0.00176099 0.33416279 0.02055951 0.41563968 0.00709367 0.01350806 0.01588221 0.18456584 0.00603673
1391.46382127 0.00521825 0.00021040 0.00017993 0.00007812 0.00020454 0.33387753 0.02169204 0.41977502 0.00685698 0.01349094 0.01452832 0.18280162 0.00630456
1392.46415472 0.00553515 0.00020479 0.00017609 0.00006573 0.00017250 0.33544646 0.01939002 0.42323760 0.00673136 0.01309385 0.01542843 0.17998156 0.00607162
1393.46448816 0.00544990 0.00027287 0.00014626 0.00007920 0.00019089 0.33353659 0.02032530 0.42215798 0.00768390 0.01469318 0.01525596 0.17943662 0.00622125
1394.46482161 0.00556572 0.00022493 0.00013908 0.00006432 0.00016231 0.33485443 0.02146624 0.42352265 0.00744305 0.01413946 0.01449336 0.17727125 0.00621890
1395.46515505 0.00569351 0.00018273 0.00012618 0.00006702 0.00015541 0.33353614 0.02092367 0.42286866 0.00660487 0.01445864 0.01597386 0.17894365 0.00615916
1396.46548850 0.00543643 0.00062732 0.00010955 0.00033385 0.00125807 0.33479178 0.02016475 0.42084032 0.00762585 0.01326458 0.01421902 0.17978904 0.00697588
1397.46582194 0.00577206 0.00027935 0.00015127 0.00014572 0.00023476 0.33258621 0.02047320 0.42222748 0.00700956 0.01235648 0.01551231 0.18221531 0.00680835
1398.46615539 0.00572802 0.00021468 0.00015568 0.00020895 0.00029466 0.33390863 0.02187433 0.41916466 0.00668441 0.01217576 0.01360683 0.18403844 0.00767295
1399.46648883 0.00545903 0.00052774 0.00015513 0.00049584 0.00127447 0.33273201 0.02084312 0.41719357 0.00688680 0.01228383 0.01596616 0.18501268 0.00662867
1400.46682227 0.00506865 0.00051000 0.00016831 0.00027480 0.00128560 0.33344305 0.02171932 0.41814900 0.00767384 0.01222796 0.01418979 0.18325203 0.00710632
1401.46715572 0.00463595 0.00047054 0.00018240 0.00043834 0.00152252 0.33288977 0.02065892 0.41869969 0.00682760 0.01220152 0.01617837 0.18295719 0.00697315
1402.46748916 0.00414642 0.00037730 0.00019501 0.00021613 0.00199405 0.33363804 0.02090254 0.42157035 0.00817620 0.01186970 0.01489899 0.17953358 0.00662810
1403.46782261 0.00395530 0.00037322 0.00020157 0.00014676 0.00120473 0.33443465 0.01997029 0.42262967 0.00754707 0.01354630 0.01497588 0.17790603 0.00706383
1404.46815605 0.00412658 0.00027300 0.00025882 0.00026879 0.00123493 0.33233749 0.02026921 0.42614717 0.00663746 0.01252875 0.01552714 0.17812508 0.00639218
1405.46848950 0.00442287 0.00024201 0.00030191 0.00023684 0.00269269 0.33310904 0.01991549 0.42710901 0.00682778 0.01278921 0.01269395 0.17790711 0.00617495
1406.46882294 0.00462840 0.00031483 0.00021425 0.00034998 0.00206319 0.33240135 0.01899119 0.42339283 0.00578517 0.01367928 0.01503485 0.18157782 0.00619528
1407.46915639 0.00636880 0.00036933 0.00017930 0.00037504 0.00139939 0.33470059 0.01997461 0.42152633 0.00660056 0.01311456 0.01160934 0.18324750 0.00690344
1408.46948983 0.00650136 0.00043624 0.00018276 0.00037022 0.00164337 0.33390518 0.01759042 0.42194503 0.00590720 0.01148664 0.01459592 0.18465953 0.00727749
1409.46982327 0.00663653 0.00038557 0.00015604 0.00012587 0.00145573 0.33482691 0.01892948 0.42027561 0.00650112 0.01159960 0.01236265 0.18712487 0.00625654
1410.47015672 0.00704386 0.00030052 0.00018391 0.00015149 0.00143836 0.33466377 0.01799861 0.42335104 0.00545048 0.01178056 0.01274292 0.18580940 0.00612895
1411.47049016 0.00718379 0.00037851 0.00016517 0.00036736 0.00310499 0.33583651 0.01632391 0.42606617 0.00500863 0.01145199 0.01224661 0.18380860 0.00524155
1412.47082361 0.00717203 0.00039950 0.00018081 0.00025940 0.00464240 0.33499250 0.01680483 0.42652384 0.00559588 0.01157061 0.01088514 0.18261004 0.00553504
1413.47115705 0.00729574 0.00070012 0.00014886 0.00076745 0.00506070 0.33394042 0.01603296 0.42914032 0.00567982 0.01167310 0.01253853 0.17868605 0.00563165
1414.47149050 0.00692011 0.00070803 0.00020599 0.00072929 0.00368163 0.33313715 0.01682645 0.43054992 0.00578487 0.01052758 0.01133854 0.18028604 0.00622451
1415.47182394 0.00669596 0.00046414 0.00019282 0.00066660 0.00290247 0.33379642 0.01799533 0.43039508 0.00579199 0.01036219 0.01191093 0.17975155 0.00577046
1416.47215739 0.00675826 0.00053412 0.00017560 0.00042426 0.00187127 0.33318370 0.01675924 0.42884405 0.00541813 0.01016653 0.01349554 0.18207000 0.00705756
1417.47249083 0.00699807 0.00047329 0.00019560 0.00031953 0.00052333 0.33393375 0.01741885 0.42630538 0.00728304 0.00933045 0.01133862 0.18569767 0.00718049
1418.47282427 0.00679651 0.00029470 0.00016041 0.00025273 0.00032714 0.33349299 0.01641869 0.42538052 0.00634443 0.00895005 0.01389649 0.18738875 0.00709310
1419.47315772 0.00657812 0.00023374 0.00014781 0.00021309 0.00031508 0.33365549 0.01880964 0.42567662 0.00613602 0.00855886 0.01323121 0.18724600 0.00577647
1420.47349116 0.00519888 0.00044528 0.00021463 0.00035950 0.00119614 0.33103472 0.01912259 0.42678728 0.00660406 0.00971286 0.01219163 0.18577181 0.00655951
1421.47382461 0.00514548 0.00083401 0.00012787 0.00063862 0.00252833 0.33033559 0.01757857 0.42753490 0.00531668 0.00785128 0.01515139 0.18554386 0.00655890
1422.47415805 0.00514249 0.00059971 0.00036535 0.00082776 0.00290580 0.32957842 0.01674654 0.43206303 0.00653325 0.00991676 0.01222484 0.18081361 0.00742493
1423.47449150 0.00544068 0.00039571 0.00013743 0.00043981 0.00149981 0.32865558 0.01817298 0.43476383 0.00635982 0.00797708 0.01450711 0.18067625 0.00641459
1424.47482494 0.00698810 0.00042111 0.00017377 0.00025353 0.00053910 0.33059468 0.01930753 0.43444149 0.00731060 0.00815438 0.01254539 0.17893446 0.00732396
1425.47515839 0.00666738 0.00029045 0.00015583 0.00010650 0.00028529 0.32992037 0.01838414 0.43409863 0.00660537 0.00884032 0.01347932 0.18155320 0.00628057
1426.47549183 0.00687306 0.00035097 0.00014826 0.00032604 0.00047104 0.33167029 0.01728702 0.42966159 0.00607249 0.01003022 0.01394462 0.18342395 0.00661350
1427.47582528 0.00676363 0.00027909 0.00015157 0.00006610 0.00020342 0.33000741 0.01731437 0.43057404 0.00670865 0.01090745 0.01197326 0.18578900 0.00602563
1428.47615872 0.00671445 0.00022372 0.00013860 0.00008569 0.00018652 0.33183666 0.01698440 0.42645104 0.00575182 0.01104187 0.01339790 0.18845280 0.00544899
1429.47649216 0.00666662 0.00017829 0.00013799 0.00005842 0.00014586 0.32997809 0.01822538 0.42844152 0.00554219 0.01177664 0.01183195 0.18808343 0.00560025
1430.47682561 0.00642670 0.00016625 0.00014178 0.00006430 0.00015285 0.33198383 0.01810686 0.42883696 0.00527169 0.01170504 0.01215399 0.18617032 0.00524613
1431.47715905 0.00594313 0.00014489 0.00015742 0.00005608 0.00012460 0.32994927 0.01785731 0.43169835 0.00500284 0.01235734 0.01215528 0.18503860 0.00545804
1432.47749250 0.00540324 0.00016872 0.00016117 0.00005366 0.00014388 0.33199287 0.01761311 0.43401174 0.00527444 0.01212194 0.01173203 0.18119722 0.00552922
1433.47782594 0.00505931 0.00038124 0.00016487 0.00033284 0.00179573 0.32853792 0.01679973 0.43573067 0.00502344 0.01257302 0.01162047 0.18060899 0.00643108
1434.47815939 0.00478747 0.00043332 0.00014875 0.00033629 0.00123309 0.33009764 0.01718369 0.43550208 0.00493761 0.01165338 0.01249688 0.17962146 0.00635581
1435.47849283 0.00474030 0.00011610 0.00017468 0.00008307 0.00017321 0.33048508 0.01772470 0.43414436 0.00430650 0.01348384 0.01112846 0.18287418 0.00530583
1436.47882628 0.00472977 0.00011356 0.00015963 0.00005957 0.00010753 0.33146419 0.01735738 0.43145935 0.00456693 0.01337523 0.01136767 0.18477084 0.00519812
1437.47915972 0.00475052 0.00017403 0.00014385 0.00005201 0.00016274 0.33093377 0.01667777 0.42904790 0.00512087 0.01343196 0.01125401 0.18769733 0.00530375
1438.47949316 0.00471803 0.00015037 0.00013402 0.00005456 0.00014634 0.33129825 0.01712388 0.42822168 0.00499224 0.01327497 0.01121750 0.18824282 0.00514336
1439.47982661 0.00466176 0.00012352 0.00013081 0.00004856 0.00011913 0.33116850 0.01617980 0.42764573 0.00457178 0.01315594 0.01249324 0.18892363 0.00543938
1440.48016005 0.00481853 0.00072063 0.00012379 0.00066327 0.00081523 0.32960097 0.01692557 0.43034402 0.00495340 0.01281184 0.01193247 0.18573326 0.00537555
1441.48049350 0.00488225 0.00019857 0.00010979 0.00011002 0.00114299 0.32969829 0.01748108 0.43491232 0.00533732 0.01103901 0.01166056 0.18271370 0.00559635
1442.48082694 0.00485208 0.00019008 0.00011406 0.00009847 0.00021038 0.32966565 0.01815293 0.43581520 0.00550132 0.01079729 0.01234488 0.18188910 0.00522064
1443.48116039 0.00470128 0.00016598 0.00010351 0.00007286 0.00015412 0.33000102 0.01887434 0.43794624 0.00561036 0.00970655 0.01296819 0.17896225 0.00543459
1444.48149383 0.00443825 0.00062033 0.00010378 0.00045169 0.00102504 0.32898115 0.01682657 0.43600073 0.00724346 0.00965819 0.01341749 0.18001772 0.00565386
1445.48182728 0.00430146 0.00038175 0.00010595 0.00022190 0.00298415 0.32868373 0.01741089 0.43376993 0.00709809 0.00939318 0.01294463 0.18094632 0.00605949
1446.48216072 0.00343867 0.00028641 0.00015927 0.00005888 0.00020341 0.32875258 0.01709147 0.43157711 0.00615672 0.01121594 0.01360341 0.18529702 0.00559779
1447.48249416 0.00342932 0.00018320 0.00018903 0.00005415 0.00014754 0.33120657 0.01838201 0.42878133 0.00565794 0.01083440 0.01282241 0.18606652 0.00567488
1448.48282761 0.00355220 0.00013832 0.00012839 0.00006104 0.00012204 0.32805248 0.01897238 0.42846880 0.00524889 0.01114054 0.01299406 0.18931980 0.00535327
1449.48316105 0.00372950 0.00015986 0.00016034 0.00005672 0.00012670 0.32933695 0.01868407 0.42856996 0.00570416 0.01143818 0.01266797 0.18760810 0.00548698
1450.48349450 0.00387938 0.00015687 0.00025507 0.00005181 0.00012720 0.32799453 0.01754217 0.43207014 0.00549070 0.01248316 0.01243767 0.18609590 0.00529479
1451.48382794 0.00410498 0.00019607 0.00018054 0.00009550 0.00174142 0.32908257 0.01636165 0.43489075 0.00518203 0.01185377 0.01237107 0.18266731 0.00537733
1452.48416139 0.00453856 0.00020321 0.00014734 0.00005767 0.00015698 0.32836048 0.01687902 0.43776907 0.00524952 0.01193468 0.01316066 0.18046350 0.00561785
1453.48449483 0.00469774 0.00018247 0.00011557 0.00005337 0.00013614 0.32907531 0.01820144 0.43850403 0.00568525 0.01148336 0.01153545 0.17950152 0.00552610
1454.48482828 0.00474556 0.00014141 0.00012448 0.00005982 0.00011221 0.32970128 0.01642148 0.43886358 0.00468692 0.01151601 0.01282513 0.18043899 0.00510870
1455.48516172 0.00469730 0.00013004 0.00011232 0.00004758 0.00011579 0.33033751 0.01840785 0.43627391 0.00499437 0.01134876 0.01051564 0.18265321 0.00506303
1456.48549517 0.00466373 0.00013156 0.00011012 0.00005264 0.00012100 0.33042764 0.01629993 0.43294931 0.00454072 0.01073280 0.01260160 0.18680709 0.00522560
1457.48582861 0.00441453 0.00028273 0.00010937 0.00005139 0.00029935 0.32978789 0.01583678 0.43160727 0.00566757 0.01079246 0.01190970 0.18853486 0.00512064
1458.48616205 0.00419646 0.00025080 0.00012058 0.00005067 0.00026762 0.33058718 0.01641093 0.42943274 0.00651922 0.01082591 0.01068999 0.18975583 0.00508854
1459.48649550 0.00397449 0.00024872 0.00013095 0.00006413 0.00027858 0.32946062 0.01539554 0.43152560 0.00533528 0.01104862 0.01308422 0.18839435 0.00503339
1460.48682894 0.00423285 0.00013906 0.00018827 0.00004457 0.00014349 0.33069629 0.01754445 0.43275863 0.00514161 0.01250578 0.01020538 0.18576636 0.00486610
1461.48716239 0.00408119 0.00035769 0.00021424 0.00029759 0.00044546 0.33091202 0.01453473 0.43597179 0.00474295 0.01062349 0.01331366 0.18265439 0.00593199
1462.48749583 0.00432073 0.00029448 0.00016837 0.00013550 0.00161494 0.33060138 0.01699918 0.43917737 0.00567896 0.00991770 0.01057470 0.18002309 0.00481433
1463.48782928 0.00465953 0.00025216 0.00015856 0.00015965 0.00153961 0.33266094 0.01634569 0.43711261 0.00563417 0.00995291 0.01128896 0.17981575 0.00507898
1464.48816272 0.00483483 0.00029268 0.00012212 0.00024960 0.00130297 0.33239325 0.01247998 0.43813914 0.00501851 0.00938366 0.01451707 0.18144137 0.00465965
1465.48849617 0.00646824 0.00057238 0.00014566 0.00011702 0.00106455 0.33227365 0.01533830 0.43577711 0.00918092 0.00943409 0.00773047 0.18386753 0.00449832
1466.48882961 0.00662291 0.00024468 0.00018339 0.00025259 0.00156711 0.33676441 0.01121621 0.43237966 0.00381330 0.00921702 0.01316422 0.18685632 0.00434109
1467.48916305 0.00680969 0.00012355 0.00028493 0.00003853 0.00010653 0.33516076 0.01459797 0.42972205 0.00525924 0.01102394 0.00854111 0.19126021 0.00388118
1468.48949650 0.00662196 0.00054335 0.00018061 0.00039505 0.00059698 0.33713882 0.01274263 0.42967359 0.00462779 0.00993693 0.01057298 0.18908743 0.00450383
1469.48982994 0.00633900 0.00028303 0.00017592 0.00027477 0.00140142 0.33559458 0.01287459 0.43060836 0.00461149 0.00943097 0.01101264 0.18950469 0.00422754
1470.49016339 0.00611646 0.00020663 0.00017347 0.00018006 0.00126276 0.33702291 0.01496153 0.43358282 0.00504438 0.00918750 0.00860781 0.18547041 0.00429971
1471.49049683 0.00606534 0.00017744 0.00019930 0.00013669 0.00163820 0.33613144 0.01181902 0.43551668 0.00389180 0.01035609 0.01266301 0.18324811 0.00422222
1472.49083028 0.00573885 0.00047214 0.00018251 0.00027422 0.00108186 0.33689677 0.01451966 0.43626494 0.00622750 0.01027473 0.00781774 0.18191617 0.00407177
1473.49116372 0.00485106 0.00031506 0.00017601 0.00020142 0.00127756 0.33749250 0.01221426 0.43685225 0.00454415 0.01192216 0.01009474 0.18065014 0.00425976
1474.49149717 0.00448461 0.00045866 0.00015190 0.00038644 0.00318620 0.33708772 0.01391429 0.43334067 0.00422297 0.00970320 0.01033835 0.18304112 0.00416848
1475.49183061 0.00428546 0.00040700 0.00018332 0.00026425 0.00140034 0.33650632 0.01417673 0.43048772 0.00491585 0.01159676 0.01053761 0.18473492 0.00478918
1476.49216405 0.00438285 0.00021731 0.00022175 0.00007332 0.00020850 0.33836071 0.01318992 0.42820290 0.00427363 0.01281254 0.01100764 0.18734790 0.00408389
1477.49249750 0.00432443 0.00022857 0.00019575 0.00009636 0.00147749 0.33864680 0.01341630 0.42562657 0.00592064 0.01257301 0.00794107 0.18993756 0.00393990
1478.49283094 0.00431657 0.00027216 0.00018011 0.00025332 0.00151867 0.33618374 0.01208442 0.42712172 0.00498458 0.01282880 0.01192873 0.18870826 0.00393549
1479.49316439 0.00440642 0.00051258 0.00015099 0.00031381 0.00111712 0.33794490 0.01359532 0.42856903 0.00554583 0.01218995 0.00985293 0.18584564 0.00436189
1480.49349783 0.00438657 0.00038136 0.00013223 0.00029950 0.00028635 0.33564238 0.01426921 0.42971594 0.00593662 0.01228415 0.01121846 0.18487352 0.00496028
1481.49383128 0.00541271 0.00035985 0.00011544 0.00018681 0.00221531 0.33702203 0.01490872 0.43047894 0.00565112 0.01154327 0.01245523 0.17959069 0.00547260
1482.49416472 0.00559317 0.00029597 0.00010891 0.00023717 0.00041954 0.33442408 0.01782971 0.43291032 0.00634439 0.01170676 0.01007061 0.17963440 0.00601813
1483.49449817 0.00510827 0.00023796 0.00010272 0.00029235 0.00160186 0.33697869 0.01448281 0.43123615 0.00503577 0.01116743 0.01325722 0.17994523 0.00566180
1484.49483161 0.00499482 0.00018747 0.00014668 0.00014726 0.00014848 0.33603350 0.01477478 0.43138973 0.00579186 0.01170251 0.01070584 0.18238168 0.00659020
1485.49516506 0.00489180 0.00035381 0.00014628 0.00026605 0.00098744 0.33660106 0.01396711 0.42864789 0.00590435 0.01182895 0.01214314 0.18461586 0.00453806
1486.49549850 0.00521470 0.00039614 0.00019862 0.00035113 0.00134551 0.33624047 0.01397528 0.42664876 0.00472443 0.01169407 0.01124791 0.18810064 0.00507704
1487.49583194 0.00519304 0.00021841 0.00015449 0.00020090 0.00171564 0.33703621 0.01570305 0.42661591 0.00519399 0.01148015 0.00990553 0.18766880 0.00410692
1488.49616539 0.00676106 0.00012252 0.00015590 0.00005311 0.00009726 0.33618226 0.01542215 0.42595765 0.00449012 0.01195317 0.01189976 0.18872931 0.00493677
1489.49649883 0.00673176 0.00018729 0.00024699 0.00010442 0.00168485 0.33749714 0.01602519 0.42740294 0.00575769 0.01125218 0.00971123 0.18522457 0.00490551
1490.49683228 0.00688687 0.00051067 0.00016421 0.00009128 0.00186530 0.33642508 0.01371749 0.42994394 0.00664698 0.01086913 0.01135664 0.18375711 0.00465216
1491.49716572 0.00691089 0.00044885 0.00013746 0.00016962 0.00150611 0.33687268 0.01344120 0.43138724 0.00749464 0.00952170 0.01220215 0.18180517 0.00501316
1492.49749917 0.00668170 0.00032351 0.00013562 0.00031164 0.00139326 0.33722723 0.01490339 0.43371978 0.00616996 0.00958981 0.01163528 0.17963860 0.00495192
1493.49783261 0.00798281 0.00026882 0.00018753 0.00011317 0.00102747 0.33823057 0.01521759 0.43146864 0.00498284 0.01126929 0.01155986 0.18097921 0.00469500
1494.49816606 0.00978018 0.00056881 0.00022555 0.00027010 0.00158499 0.33852204 0.01468435 0.42770491 0.00728822 0.01223731 0.01051985 0.18199438 0.00439949
1495.49849950 0.01024721 0.00037646 0.00016249 0.00013090 0.00097338 0.33819097 0.01392064 0.42570991 0.00674943 0.01187462 0.01231886 0.18471599 0.00487636
1496.49883294 0.01027921 0.00031315 0.00021589 0.00018485 0.00178797 0.33868552 0.01458843 0.42493214 0.00575430 0.01143308 0.01056426 0.18699524 0.00454518
1497.49916639 0.00906758 0.00025587 0.00015025 0.00009345 0.00117345 0.33775789 0.01449253 0.42457947 0.00516529 0.01100174 0.01175984 0.18864982 0.00492041
1498.49949983 0.00898612 0.00062049 0.00011539 0.00051943 0.00108995 0.33832824 0.01411267 0.42629030 0.00525162 0.01015261 0.01206137 0.18698061 0.00447732
1499.49983328 0.00887881 0.00029205 0.00012815 0.00022126 0.00038195 0.33730997 0.01556731 0.42789956 0.00613587 0.01045337 0.01039597 0.18573895 0.00547559
1500.50016672 0.00872183 0.00024501 0.00012891 0.00004694 0.00014915 0.33907497 0.01437676 0.42963093 0.00589226 0.00995257 0.01331480 0.18241496 0.00477273
1501.50050017 0.00828478 0.00032002 0.00015196 0.00033978 0.00136626 0.33673520 0.01532309 0.43210952 0.00600844 0.01048921 0.01121262 0.18143992 0.00450396
1502.50083361 0.00857360 0.00020092 0.00016525 0.00011697 0.00155585 0.33898303 0.01653040 0.43029987 0.00580077 0.01016566 0.01226590 0.17908891 0.00482645
1503.50116706 0.00813724 0.00023087 0.00022011 0.00006947 0.00033363 0.33662703 0.01519349 0.43184456 0.00512673 0.01083332 0.01342957 0.18111015 0.00498107
1504.50150050 0.00788563 0.00030214 0.00020542 0.00004784 0.00025035 0.33949857 0.01584667 0.42748182 0.00709870 0.01049738 0.01098299 0.18293982 0.00484829
1505.50183394 0.00774442 0.00027496 0.00017515 0.00012270 0.00021956 0.33586377 0.01487182 0.42652243 0.00659740 0.01051474 0.01393837 0.18572532 0.00517377
1506.50216739 0.00724430 0.00021982 0.00018290 0.00006906 0.00022154 0.33862290 0.01690568 0.42404073 0.00667420 0.01020971 0.01218775 0.18595295 0.00471275
1507.50250083 0.00717134 0.00051338 0.00013167 0.00047761 0.00117738 0.33736144 0.01640649 0.42310699 0.00557879 0.01025027 0.01198020 0.18826747 0.00474831
1508.50283428 0.00751962 0.00040109 0.00016152 0.00014337 0.00111801 0.34092772 0.01561427 0.42328420 0.00458187 0.00937484 0.01284335 0.18624148 0.00530828
1509.50316772 0.00760736 0.00021295 0.00012662 0.00009306 0.00025138 0.34181323 0.01729164 0.42452880 0.00554650 0.00953818 0.01139159 0.18404375 0.00516229
1510.50350117 0.00801012 0.00022987 0.00011710 0.00006058 0.00017302 0.34204969 0.01600078 0.42685535 0.00560654 0.00887349 0.01309906 0.18111728 0.00581724
1511.50383461 0.00824270 0.00029165 0.00017793 0.00007981 0.00024941 0.33619905 0.01884719 0.43333423 0.00627902 0.00912561 0.01009560 0.18035879 0.00496170
1512.50416806 0.00839831 0.00054834 0.00016035 0.00046966 0.00060352 0.33560749 0.01671806 0.43449666 0.00494660 0.00883232 0.01250093 0.17976477 0.00535132
1513.50450150 0.00807630 0.00037566 0.00012112 0.00023274 0.00160831 0.33631579 0.01729478 0.43135465 0.00589612 0.00871335 0.01196809 0.18067459 0.00544478
1514.50483494 0.00806717 0.00038907 0.00011172 0.00025552 0.00107182 0.33332428 0.01744378 0.42931865 0.00655155 0.00916734 0.01269007 0.18367119 0.00600500
1515.50516839 0.00853478 0.00063651 0.00010851 0.00027678 0.00163186 0.33551373 0.01581045 0.42608441 0.00722415 0.00904993 0.01309948 0.18519316 0.00537103
1516.50550183 0.00848816 0.00043871 0.00014023 0.00018420 0.00291932 0.33273302 0.01740152 0.42483072 0.00717873 0.00938784 0.01050057 0.18855410 0.00573104
1517.50583528 0.00838253 0.00077507 0.00013724 0.00086299 0.00458152 0.33664245 0.01594073 0.42538221 0.00402042 0.00772021 0.01231059 0.18597575 0.00565083
1518.50616872 0.00857382 0.00047789 0.00022557 0.00043902 0.00301588 0.33350665 0.01693272 0.42648927 0.00413623 0.01008589 0.00940050 0.18767101 0.00761937
1519.50650217 0.00851726 0.00058444 0.00018727 0.00061815 0.00261917 0.33793527 0.01566411 0.42942327 0.00394910 0.00885929 0.01077305 0.18359348 0.00579342
1520.50683561 0.00839731 0.00020097 0.00021904 0.00026434 0.00112113 0.33657136 0.01595714 0.43285500 0.00400507 0.00946687 0.01020151 0.18296452 0.00617304
1521.50716906 0.00837076 0.00013035 0.00026356 0.00019324 0.00025868 0.33718910 0.01482221 0.43402657 0.00347485 0.01329909 0.00889830 0.18127098 0.00617306
1522.50750250 0.00860778 0.00012160 0.00028659 0.00010693 0.00134868 0.33578688 0.01423788 0.43515353 0.00326202 0.01345008 0.01008531 0.18145689 0.00470360
1523.50783595 0.00795253 0.00016746 0.00017737 0.00018324 0.00280509 0.33714951 0.01469326 0.43261863 0.00405351 0.01248770 0.00921983 0.18169125 0.00475315
1524.50816939 0.00803613 0.00009260 0.00016247 0.00004323 0.00009602 0.33577973 0.01433651 0.43201516 0.00337883 0.01313515 0.00952380 0.18694704 0.00448947
1525.50850283 0.00725907 0.00011546 0.00015542 0.00005922 0.00160547 0.33726315 0.01432834 0.43009608 0.00361274 0.01157970 0.00964416 0.18688930 0.00465095
1526.50883628 0.00719995 0.00012679 0.00015335 0.00013646 0.00174671 0.33603648 0.01455477 0.42765753 0.00369305 0.01151998 0.00973620 0.19023411 0.00440457
1527.50916972 0.00691032 0.00021776 0.00016475 0.00021676 0.00237624 0.33525314 0.01550899 0.42838305 0.00396413 0.01136690 0.00966708 0.18805471 0.00482650
1528.50950317 0.00567712 0.00038039 0.00017451 0.00040856 0.00258824 0.33697938 0.01433480 0.43003914 0.00376748 0.01041319 0.01012777 0.18603455 0.00475198
1529.50983661 0.00495351 0.00033005 0.00020247 0.00025394 0.00252446 0.33653240 0.01397487 0.43126184 0.00381686 0.01075534 0.00909745 0.18640941 0.00484093
1530.51017006 0.00455619 0.00071107 0.00019997 0.00060382 0.00314670 0.33896327 0.01354391 0.43405833 0.00365146 0.00935765 0.00990617 0.18055252 0.00530512
1531.51050350 0.00471941 0.00040004 0.00015011 0.00026345 0.00268953 0.33458638 0.01688815 0.43578554 0.00479337 0.00794280 0.01032117 0.18069387 0.00548560
1532.51083695 0.00489896 0.00039522 0.00012400 0.00045164 0.00276423 0.33676084 0.01654283 0.43393644 0.00473599 0.00687946 0.01029860 0.18058557 0.00652517
1533.51117039 0.00491168 0.00060742 0.00015413 0.00035511 0.00155249 0.33489840 0.01604130 0.43475935 0.00479454 0.00701321 0.01188775 0.18338643 0.00454986
1534.51150383 0.00473921 0.00032004 0.00011082 0.00008267 0.00082960 0.33641577 0.01526650 0.43188945 0.00578433 0.00644632 0.01136097 0.18540013 0.00609341
1535.51183728 0.00475166 0.00032266 0.00017605 0.00024228 0.00094019 0.33356186 0.01608465 0.43001010 0.00538018 0.00683485 0.01236451 0.18871738 0.00536528
1536.51217072 0.00440663 0.00062034 0.00010434 0.00042337 0.00062396 0.33492994 0.01754222 0.42887718 0.00465857 0.00630290 0.01124281 0.18886367 0.00581071
1537.51250417 0.00447020 0.00058447 0.00017560 0.00048409 0.00082626 0.33219048 0.01876911 0.42980188 0.00412263 0.00844995 0.01096327 0.18847748 0.00515479
1538.51283761 0.00427991 0.00057279 0.00014888 0.00043980 0.00249459 0.33029754 0.01807031 0.43102612 0.00512462 0.00826885 0.01237468 0.18540191 0.00577991
1539.51317106 0.00429511 0.00046953 0.00014322 0.00028088 0.00259359 0.32943273 0.01750083 0.43462945 0.00602530 0.00865888 0.01160969 0.18227256 0.00638335
1540.51350450 0.00438569 0.00070741 0.00012318 0.00051878 0.00299236 0.33017175 0.01728449 0.43559561 0.00495271 0.00847364 0.01277808 0.18068792 0.00571408
1541.51383795 0.00431440 0.00063413 0.00014281 0.00056853 0.00089753 0.33112951 0.01717275 0.43713992 0.00601502 0.00887077 0.01206581 0.17966733 0.00569589
1542.51417139 0.00412911 0.00040223 0.00012184 0.00024669 0.00174755 0.33145284 0.01734390 0.43656784 0.00585256 0.00877479 0.01186318 0.18022567 0.00540090
1543.51450483 0.00440998 0.00021219 0.00011524 0.00007217 0.00012286 0.33183616 0.01918619 0.43321483 0.00458784 0.00878170 0.01240878 0.18339466 0.00606738
1544.51483828 0.00399249 0.00024687 0.00010315 0.00021121 0.00028580 0.33126720 0.01907633 0.43195303 0.00518243 0.00875636 0.01063888 0.18555196 0.00672678
1545.51517172 0.00390987 0.00031075 0.00010556 0.00016999 0.00033371 0.33213131 0.01766755 0.42916097 0.00509790 0.00889279 0.01270439 0.18768862 0.00573645
1546.51550517 0.00580704 0.00093473 0.00010445 0.00067841 0.00107580 0.33123776 0.01765649 0.42733790 0.00537286 0.00895318 0.01252655 0.18843186 0.00569000
1547.51583861 0.00558701 0.00025769 0.00011290 0.00012655 0.00040097 0.33376012 0.01767944 0.42864740 0.00458302 0.00919943 0.01297836 0.18662724 0.00562686
1548.51617206 0.00525370 0.00019509 0.00012740 0.00006213 0.00022134 0.33259952 0.01768885 0.43077073 0.00442616 0.00958927 0.01296680 0.18556403 0.00578868
1549.51650550 0.00536061 0.00028303 0.00013057 0.00008612 0.00024317 0.33225304 0.01907611 0.43285846 0.00656002 0.00964736 0.01136213 0.18210930 0.00539069
1550.51683895 0.00455039 0.00028195 0.00017241 0.00009468 0.00029461 0.33202897 0.01736432 0.43517331 0.00522770 0.01021514 0.01389449 0.17970547 0.00554696
1551.51717239 0.00495631 0.00038107 0.00013540 0.00010768 0.00043974 0.33171048 0.01795600 0.43432335 0.00639062 0.01107610 0.01199026 0.18023637 0.00525293
1552.51750584 0.00490698 0.00036469 0.00012682 0.00007490 0.00024776 0.33064765 0.01596462 0.43408054 0.00617245 0.01138030 0.01414498 0.18127506 0.00552022
1553.51783928 0.00502124 0.00045760 0.00011119 0.00018422 0.00164460 0.32999016 0.01625111 0.43163250 0.00574705 0.01121323 0.01448587 0.18270373 0.00557873
1554.51817272 0.00502103 0.00074773 0.00010936 0.00084632 0.00248336 0.32921654 0.01726109 0.42881565 0.00660198 0.01131254 0.01044252 0.18615611 0.00600682
1555.51850617 0.00496491 0.00027402 0.00010172 0.00026111 0.00158790 0.32981959 0.01749738 0.42818900 0.00478810 0.01106925 0.01330235 0.18645379 0.00665579
1556.51883961 0.00499849 0.00047703 0.00013727 0.00051172 0.00327390 0.32629507 0.01976949 0.42604089 0.00543041 0.01244497 0.01231722 0.18663845 0.00666360
1557.51917306 0.00490409 0.00085992 0.00012498 0.00065111 0.00187928 0.32647940 0.01862065 0.42867316 0.00608779 0.01182862 0.01226465 0.18551407 0.00701636
1558.51950650 0.00483092 0.00044672 0.00013952 0.00055698 0.00264057 0.32653048 0.01815862 0.43092604 0.00476820 0.01190526 0.01360579 0.18296318 0.00735863
1559.51983995 0.00493594 0.00024147 0.00017732 0.00012730 0.00032282 0.32669677 0.02091633 0.43524057 0.00501412 0.01262704 0.01182437 0.18146146 0.00535041
1560.52017339 0.00489606 0.00063261 0.00016518 0.00055108 0.00113860 0.32656524 0.01720528 0.43572633 0.00411688 0.01293934 0.01399496 0.18062441 0.00634009
1561.52050684 0.00494662 0.00040337 0.00015782 0.00018573 0.00273115 0.32642176 0.01759009 0.43747063 0.00628813 0.01285249 0.00975478 0.18068704 0.00545701
1562.52084028 0.00536008 0.00050745 0.00016737 0.00063011 0.00148584 0.32646663 0.01567639 0.43632640 0.00497084 0.01358845 0.01200890 0.18199247 0.00617914
1563.52117372 0.00513516 0.00027437 0.00017368 0.00015249 0.00019711 0.32685155 0.01672519 0.43502056 0.00409558 0.01375268 0.01243777 0.18449710 0.00582193
1564.52150717 0.00532211 0.00018396 0.00020314 0.00019199 0.00030077 0.32670538 0.01750710 0.43232287 0.00542326 0.01345235 0.01001916 0.18740066 0.00628935
1565.52184061 0.00557934 0.00016320 0.00017186 0.00011603 0.00011665 0.32649461 0.01603188 0.43114088 0.00494684 0.01342705 0.01336609 0.18863787 0.00538705
1566.52217406 0.00566662 0.00017644 0.00013998 0.00006574 0.00015971 0.32729174 0.01914590 0.43212808 0.00521912 0.01284917 0.01073596 0.18717395 0.00491422
1567.52250750 0.00543424 0.00013958 0.00012323 0.00005489 0.00012986 0.32633557 0.01749629 0.43314403 0.00420354 0.01263386 0.01317336 0.18710030 0.00546548
1568.52284095 0.00516239 0.00018654 0.00013608 0.00005108 0.00015590 0.32616272 0.01734683 0.43826670 0.00474522 0.01151805 0.01211746 0.18392302 0.00539040
1569.52317439 0.00519868 0.00020375 0.00013119 0.00005211 0.00016559 0.32514967 0.01725329 0.44094909 0.00567702 0.01138421 0.01138662 0.18218009 0.00546737
1570.52350784 0.00506894 0.00012803 0.00011751 0.00005299 0.00011365 0.32601561 0.01684213 0.44079309 0.00451401 0.01110810 0.01307638 0.18167139 0.00556712
1571.52384128 0.00475671 0.00013502 0.00012028 0.00005527 0.00012824 0.32531525 0.02032363 0.43985956 0.00488618 0.01130168 0.01134561 0.18112503 0.00540426
1572.52417472 0.00472962 0.00023427 0.00011868 0.00007303 0.00013525 0.32399550 0.01888857 0.43689182 0.00481721 0.01128543 0.01393944 0.18348945 0.00613135
1573.52450817 0.00446148 0.00026949 0.00012634 0.00006738 0.00018680 0.32343121 0.01963095 0.43489097 0.00589785 0.01154857 0.01238284 0.18577898 0.00578861
1574.52484161 0.00435565 0.00026314 0.00013228 0.00005778 0.00017055 0.32369160 0.01892193 0.43331779 0.00576252 0.01182023 0.01287998 0.18706770 0.00591450
1575.52517506 0.00402007 0.00037829 0.00013369 0.00029067 0.00125147 0.32336351 0.01663177 0.43212311 0.00473364 0.01206685 0.01456080 0.18864553 0.00582067
1576.52550850 0.00391830 0.00041912 0.00017492 0.00036998 0.00233259 0.32359151 0.01914361 0.43370188 0.00609486 0.01116392 0.00918709 0.18810538 0.00571514
1577.52584195 0.00374820 0.00059330 0.00014236 0.00052619 0.00236765 0.32515238 0.01577355 0.43604614 0.00378105 0.01123701 0.01429870 0.18432206 0.00575961
1578.52617539 0.00358873 0.00023561 0.00015455 0.00005625 0.00027332 0.32636662 0.01846100 0.43804776 0.00469826 0.01173236 0.01060188 0.18380803 0.00556437
1579.52650884 0.00348736 0.00043671 0.00013236 0.00045990 0.00118793 0.32690580 0.01741963 0.44012745 0.00439459 0.01157227 0.01059853 0.18157796 0.00518687
1580.52684228 0.00360566 0.00019935 0.00011050 0.00011536 0.00104014 0.32661974 0.01691716 0.43957767 0.00399950 0.01170348 0.01323630 0.18056280 0.00591799
1581.52717573 0.00382415 0.00024713 0.00009251 0.00024686 0.00273169 0.32711165 0.02074008 0.43683191 0.00519101 0.01161753 0.00848343 0.18121840 0.00548780
1582.52750917 0.00374697 0.00077324 0.00009236 0.00078189 0.00153762 0.32671613 0.01603627 0.43500657 0.00323413 0.01184352 0.01435112 0.18355724 0.00606991
1583.52784261 0.00350871 0.00033911 0.00011464 0.00019094 0.00111113 0.32702468 0.01879555 0.43335856 0.00584647 0.01174655 0.00865842 0.18677841 0.00603553
1584.52817606 0.00508949 0.00030766 0.00011625 0.00025433 0.00043452 0.32662567 0.01756275 0.43258818 0.00439580 0.00960079 0.01302988 0.18713969 0.00794447
1585.52850950 0.00528075 0.00030966 0.00010219 0.00036692 0.00102304 0.32695345 0.01786689 0.43185499 0.00368057 0.00961113 0.01400161 0.18768071 0.00654886
1586.52884295 0.00509064 0.00032330 0.00010942 0.00012873 0.00025608 0.32669516 0.02129049 0.43245959 0.00584432 0.00982299 0.00885548 0.18722090 0.00699354
1587.52917639 0.00458587 0.00019536 0.00014386 0.00018854 0.00023814 0.32731995 0.01660947 0.43602239 0.00340753 0.00989447 0.01502732 0.18483807 0.00611490
1588.52950984 0.00421215 0.00023272 0.00015466 0.00014668 0.00032309 0.32656151 0.01984246 0.43830261 0.00469871 0.01009451 0.00974900 0.18310159 0.00679247
1589.52984328 0.00394053 0.00016526 0.00017036 0.00025171 0.00030891 0.32753380 0.01767874 0.43982025 0.00365309 0.01011461 0.01345976 0.18066376 0.00617976
1590.53017673 0.00360880 0.00020773 0.00019332 0.00006892 0.00015884 0.32684890 0.01685996 0.44108248 0.00454579 0.01032283 0.01229478 0.18187747 0.00553899
1591.53051017 0.00348328 0.00024245 0.00018455 0.00006334 0.00018839 0.32612574 0.01900391 0.43995265 0.00615267 0.01020354 0.01024564 0.18200535 0.00563175
1592.53084361 0.00348022 0.00023151 0.00017442 0.00022839 0.00084734 0.32573353 0.01595709 0.43759649 0.00350566 0.01122682 0.01359638 0.18549585 0.00540654
1593.53117706 0.00352773 0.00039758 0.00016418 0.00051872 0.00162110 0.32591210 0.01669655 0.43563020 0.00516371 0.01103240 0.00986705 0.18745200 0.00554439
1594.53151050 0.00326253 0.00031595 0.00010166 0.00024536 0.00112629 0.32575994 0.01575813 0.43313188 0.00608375 0.01068601 0.01248491 0.18849693 0.00580919
1595.53184395 0.00308039 0.00128368 0.00009323 0.00109475 0.00386221 0.32534772 0.01489720 0.43429262 0.00664226 0.01049670 0.00950352 0.18765569 0.00483042
1596.53217739 0.00308502 0.00082863 0.00020965 0.00074592 0.00139966 0.32645803 0.01489749 0.43538531 0.00467639 0.01246871 0.01064520 0.18725398 0.00503103
1597.53251084 0.00313094 0.00022779 0.00016051 0.00007386 0.00011077 0.32674206 0.01573699 0.43775675 0.00389050 0.01229246 0.01131739 0.18650468 0.00518625
1598.53284428 0.00344096 0.00034286 0.00013648 0.00033397 0.00139168 0.32817946 0.01616600 0.44124331 0.00472534 0.01202179 0.00901109 0.18159390 0.00485411
1599.53317773 0.00378208 0.00018312 0.00013658 0.00014036 0.00123978 0.32694961 0.01400299 0.44121663 0.00375361 0.01229260 0.01233635 0.18241278 0.00533559
1600.53351117 0.00376812 0.00023101 0.00011830 0.00017720 0.00114384 0.32808614 0.01570533 0.44167315 0.00480599 0.01188690 0.00990411 0.18110110 0.00516694
1601.53384461 0.00545503 0.00012704 0.00020536 0.00004576 0.00011254 0.32761876 0.01474721 0.44194417 0.00403733 0.01302802 0.00956940 0.18399707 0.00456736
1602.53417806 0.00536558 0.00018683 0.00019441 0.00010437 0.00179170 0.32931781 0.01424603 0.43916434 0.00329291 0.01145932 0.01062197 0.18492915 0.00469116
1603.53451150 0.00550284 0.00012702 0.00016657 0.00004721 0.00012987 0.32783648 0.01616575 0.43707939 0.00413697 0.01138639 0.00989300 0.18856464 0.00446670
1604.53484495 0.00537390 0.00011441 0.00015862 0.00006802 0.00011530 0.32917944 0.01418696 0.43620228 0.00406182 0.01088958 0.01169096 0.18855323 0.00477939
1605.53517839 0.00654716 0.00019214 0.00020809 0.00004507 0.00015381 0.32829284 0.01531294 0.43539025 0.00519217 0.01117753 0.00956320 0.18983001 0.00464195
1606.53551184 0.00596416 0.00015421 0.00022778 0.00004428 0.00014523 0.32886026 0.01406971 0.43853885 0.00426220 0.01094237 0.01029343 0.18808482 0.00437687
1607.53584528 0.00551171 0.00013119 0.00024019 0.00007465 0.00009762 0.32701919 0.01602414 0.44056233 0.00376895 0.01115535 0.01076586 0.18562808 0.00453243
1608.53617873 0.00458607 0.00026110 0.00015622 0.00009819 0.00154131 0.32702566 0.01533705 0.44159702 0.00493345 0.01079825 0.01039195 0.18302129 0.00483851
1609.53651217 0.00437964 0.00014063 0.00022751 0.00006120 0.00013833 0.32763576 0.01426138 0.44312208 0.00462710 0.01131909 0.01143039 0.18236026 0.00467627
1610.53684562 0.00430231 0.00016871 0.00019813 0.00007702 0.00013281 0.32560017 0.01557800 0.44258966 0.00629539 0.01137015 0.01028372 0.18304903 0.00465721
1611.53717906 0.00439159 0.00050749 0.00023125 0.00035623 0.00090023 0.32618094 0.01262784 0.44056991 0.00572435 0.01227394 0.01098394 0.18530002 0.00434387
1612.53751250 0.00358573 0.00073817 0.00016873 0.00067165 0.00157643 0.32545553 0.01326245 0.43849761 0.00481222 0.01305084 0.01092949 0.18578586 0.00505103
1613.53784595 0.00376308 0.00047358 0.00016964 0.00039664 0.00295108 0.32573182 0.01463209 0.43715963 0.00523496 0.01214553 0.00851630 0.18839477 0.00419396
1614.53817939 0.00366057 0.00030071 0.00014599 0.00024954 0.00253885 0.32549582 0.01335435 0.43721126 0.00359881 0.01162534 0.01181519 0.18873783 0.00492630
1615.53851284 0.00374494 0.00030452 0.00017193 0.00023893 0.00155394 0.32778734 0.01478643 0.43821519 0.00432361 0.01204264 0.00729132 0.18921627 0.00406789
1616.53884628 0.00385332 0.00015289 0.00013913 0.00005103 0.00012055 0.32921683 0.01304173 0.43894902 0.00353411 0.01202740 0.01082054 0.18742076 0.00452601
1617.53917973 0.00398354 0.00025976 0.00014398 0.00023467 0.00122375 0.32833315 0.01360352 0.44210649 0.00399828 0.01193710 0.00845552 0.18516384 0.00453995
1618.53951317 0.00391429 0.00022905 0.00013015 0.00017127 0.00104410 0.32897907 0.01448865 0.44343714 0.00412773 0.01186205 0.00779862 0.18340399 0.00432818
1619.53984662 0.00376344 0.00022012 0.00028736 0.00025546 0.00133917 0.32821806 0.01290473 0.44304193 0.00213226 0.01265484 0.01063892 0.18377230 0.00453486
1620.54018006 0.00357367 0.00012346 0.00032236 0.00003978 0.00011653 0.32898957 0.01511364 0.44318160 0.00366114 0.01445274 0.00655984 0.18327288 0.00416645
1621.54051350 0.00384467 0.00009909 0.00018980 0.00005930 0.00018392 0.32927001 0.01208089 0.43988998 0.00239301 0.01260647 0.01238961 0.18629469 0.00454324
1622.54084695 0.00407750 0.00013141 0.00015330 0.00006293 0.00014409 0.32929660 0.01475528 0.43885153 0.00416041 0.01228057 0.00789428 0.18763285 0.00463676
1623.54118039 0.00412173 0.00012827 0.00012926 0.00005096 0.00012150 0.32957560 0.01406450 0.43768180 0.00367448 0.01186460 0.00952134 0.18888081 0.00430687
1624.54151384 0.00409067 0.00012750 0.00012362 0.00005776 0.00010961 0.32760796 0.01415035 0.43693380 0.00444597 0.01168925 0.01058974 0.18968168 0.00448277
1625.54184728 0.00409186 0.00013932 0.00013687 0.00004928 0.00014809 0.32711606 0.01460748 0.43948156 0.00459554 0.01229685 0.00842989 0.18865422 0.00434484
1626.54218073 0.00404476 0.00007347 0.00013296 0.00004918 0.00007454 0.32604535 0.01252633 0.44208492 0.00325808 0.01240062 0.01211209 0.18686096 0.00438150
1627.54251417 0.00403630 0.00015107 0.00012694 0.00003891 0.00012747 0.32740692 0.01483335 0.44264635 0.00517711 0.01224073 0.00806098 0.18493200 0.00425818
1628.54284762 0.00395454 0.00012296 0.00012976 0.00004365 0.00010441 0.32621271 0.01277412 0.44542861 0.00417635 0.01246458 0.01128393 0.18298989 0.00426902
1629.54318106 0.00376690 0.00012273 0.00013624 0.00004651 0.00009200 0.32731988 0.01511397 0.44241393 0.00456023 0.01219300 0.01046681 0.18307898 0.00445572
1630.54351450 0.00344939 0.00022420 0.00017084 0.00006534 0.00025328 0.32634643 0.01415817 0.44204577 0.00533283 0.01321738 0.00983248 0.18408775 0.00426553
1631.54384795 0.00311464 0.00022221 0.00018706 0.00005921 0.00016926 0.32701568 0.01332929 0.44171924 0.00343409 0.01195771 0.01177165 0.18558670 0.00454791
1632.54418139 0.00299591 0.00016759 0.00017018 0.00015836 0.00159446 0.32605549 0.01542960 0.43864096 0.00494484 0.01159256 0.00848765 0.18809326 0.00466506
1633.54451484 0.00307554 0.00035164 0.00014523 0.00032943 0.00112794 0.32650759 0.01269093 0.43769100 0.00433181 0.01106117 0.01238278 0.18885453 0.00452595
1634.54484828 0.00305534 0.00015086 0.00014605 0.00005081 0.00015570 0.32957919 0.01455048 0.43813278 0.00487784 0.00997608 0.00896934 0.18904757 0.00436330
1635.54518173 0.00310423 0.00011599 0.00012066 0.00004419 0.00010935 0.32916246 0.01376310 0.43907231 0.00414168 0.00938591 0.01013582 0.18946329 0.00448524
1636.54551517 0.00291762 0.00008190 0.00017377 0.00005051 0.00009404 0.32954518 0.01379819 0.44136451 0.00354553 0.00977893 0.01096179 0.18623406 0.00437159
1637.54584862 0.00301081 0.00012434 0.00011584 0.00003943 0.00011432 0.32923355 0.01526237 0.44354943 0.00472386 0.00974388 0.00857798 0.18413658 0.00437841
1638.54618206 0.00308757 0.00009103 0.00010755 0.00004873 0.00008754 0.32941193 0.01306390 0.44402785 0.00370099 0.00969308 0.01194147 0.18332620 0.00449972
1639.54651551 0.00310831 0.00021526 0.00010286 0.00007020 0.00018015 0.32918815 0.01487210 0.44473943 0.00584874 0.00951818 0.00828313 0.18267201 0.00430979
1640.54684895 0.00316504 0.00014779 0.00009946 0.00006168 0.00016263 0.32918665 0.01361194 0.44245666 0.00418088 0.00905557 0.01189854 0.18488264 0.00425556
1641.54718239 0.00307213 0.00009583 0.00013730 0.00005219 0.00012151 0.32946571 0.01324561 0.44200122 0.00348876 0.00891518 0.01112390 0.18708353 0.00426927
1642.54751584 0.00486015 0.00016407 0.00013106 0.00006683 0.00022385 0.32961921 0.01526686 0.43784923 0.00532896 0.00879753 0.00895844 0.18914941 0.00444455
1643.54784928 0.00521947 0.00045926 0.00011282 0.00025988 0.00113109 0.32635422 0.01276477 0.43712154 0.00585591 0.00875653 0.01305548 0.18925738 0.00487110
1644.54818273 0.00525651 0.00033871 0.00020257 0.00015066 0.00165710 0.32632593 0.01407007 0.43837820 0.00644422 0.00851683 0.00980760 0.18948507 0.00462303
1645.54851617 0.00532219 0.00027344 0.00018887 0.00034164 0.00119561 0.32528117 0.01412413 0.43920933 0.00476069 0.00881342 0.01156210 0.18807500 0.00617459
1646.54884962 0.00566897 0.00029244 0.00015135 0.00031700 0.00129419 0.32372917 0.01438528 0.44332885 0.00441497 0.00891618 0.01186680 0.18539117 0.00591260
1647.54918306 0.00584368 0.00041464 0.00012949 0.00030341 0.00146580 0.32417702 0.01612935 0.44622396 0.00524755 0.00897553 0.00852343 0.18385462 0.00455521
1648.54951651 0.00608187 0.00030063 0.00011867 0.00031431 0.00150285 0.32549250 0.01258205 0.44757834 0.00354858 0.00922302 0.01127601 0.18294962 0.00511342
1649.54984995 0.00622111 0.00036349 0.00011087 0.00021952 0.00127563 0.32554992 0.01612543 0.44656412 0.00473003 0.00938139 0.00751040 0.18382045 0.00434874
1650.55018339 0.00625916 0.00012695 0.00012195 0.00004078 0.00009382 0.32547900 0.01252028 0.44673740 0.00343018 0.00975982 0.01156624 0.18550672 0.00461685
1651.55051684 0.00620512 0.00018369 0.00011660 0.00005015 0.00014137 0.32561759 0.01468070 0.44404593 0.00491751 0.00834452 0.00964340 0.18780466 0.00445387
1652.55085028 0.00595172 0.00022479 0.00011902 0.00004981 0.00021773 0.32533688 0.01362575 0.44264079 0.00523023 0.00851149 0.00968110 0.18962210 0.00474032
1653.55118373 0.00563791 0.00013252 0.00011978 0.00004999 0.00010225 0.32565431 0.01343691 0.44174516 0.00412772 0.00853110 0.01118631 0.19053778 0.00437618
1654.55151717 0.00504442 0.00011364 0.00011941 0.00005946 0.00026226 0.32589806 0.01443597 0.44264925 0.00485860 0.00843946 0.00895097 0.18985480 0.00435812
1655.55185062 0.00490600 0.00019365 0.00011274 0.00005008 0.00019456 0.32712246 0.01280378 0.44445413 0.00438723 0.00860594 0.01079426 0.18701986 0.00426131
1656.55218406 0.00492548 0.00017901 0.00010303 0.00004426 0.00017450 0.32606674 0.01397206 0.44622476 0.00470429 0.00884218 0.00912930 0.18641258 0.00414730
1657.55251751 0.00472535 0.00013376 0.00011023 0.00004298 0.00012808 0.32726544 0.01377149 0.44787095 0.00418834 0.00912020 0.00962040 0.18362707 0.00412106
1658.55285095 0.00448436 0.00008024 0.00011501 0.00004021 0.00008141 0.32631193 0.01271245 0.45046704 0.00314204 0.00944239 0.00958836 0.18388024 0.00413866
1659.55318439 0.00653473 0.00027995 0.00013895 0.00030311 0.00107825 0.32688469 0.01280511 0.44667297 0.00353100 0.01093139 0.00809878 0.18518692 0.00408888
1660.55351784 0.00672296 0.00018791 0.00014729 0.00018873 0.00128905 0.32663730 0.01220127 0.44554339 0.00311426 0.01098106 0.00875813 0.18677499 0.00417661
1661.55385128 0.00695484 0.00021369 0.00014252 0.00009774 0.00106222 0.32540997 0.01277279 0.44387260 0.00333930 0.01202870 0.00802471 0.18880172 0.00423404
1662.55418473 0.00707215 0.00008988 0.00016261 0.00003831 0.00009014 0.32554645 0.01242807 0.44200496 0.00307978 0.01385996 0.00803862 0.19071997 0.00394123
1663.55451817 0.00691819 0.00016942 0.00012435 0.00013168 0.00159612 0.32514966 0.01295506 0.44167978 0.00280360 0.01147935 0.00880759 0.19061799 0.00448542
1664.55485162 0.00671760 0.00012606 0.00019105 0.00006800 0.00017133 0.32535558 0.01281527 0.44567317 0.00332382 0.01106074 0.00864546 0.18853774 0.00403177
1665.55518506 0.00658228 0.00013609 0.00012548 0.00007567 0.00176648 0.32581667 0.01244441 0.44577076 0.00291743 0.01061959 0.00791977 0.18808488 0.00432278
1666.55551851 0.00642212 0.00055227 0.00016999 0.00048298 0.00215499 0.32379031 0.01172901 0.45037373 0.00296205 0.01038415 0.00776324 0.18521306 0.00442422
1667.55585195 0.00640592 0.00032051 0.00017255 0.00029814 0.00142299 0.32288857 0.01188817 0.45260452 0.00253002 0.01051275 0.00809388 0.18541568 0.00385222
1668.55618540 0.00656793 0.00021308 0.00018033 0.00013125 0.00117741 0.32325592 0.01224350 0.45170988 0.00296382 0.01036460 0.00790828 0.18571074 0.00414117
1669.55651884 0.00674734 0.00019426 0.00014793 0.00018038 0.00112878 0.32293840 0.01165977 0.45218729 0.00321939 0.01008580 0.00857290 0.18550413 0.00418097
1670.55685228 0.00683012 0.00013878 0.00013713 0.00021683 0.00095964 0.32306589 0.01205200 0.44887457 0.00398954 0.00985632 0.00829791 0.18854057 0.00387081
1671.55718573 0.00675748 0.00010758 0.00014427 0.00006809 0.00116223 0.32468748 0.01080976 0.44771652 0.00362434 0.00936626 0.00866713 0.18990421 0.00374214
1672.55751917 0.00669059 0.00011668 0.00012683 0.00004908 0.00008011 0.32363250 0.01198723 0.44775352 0.00365904 0.00902118 0.00903100 0.19090765 0.00363517
1673.55785262 0.00668322 0.00012467 0.00011535 0.00008803 0.00008960 0.32449938 0.01254767 0.44720465 0.00469729 0.00854004 0.00811335 0.19066201 0.00331797
1674.55818606 0.00694003 0.00017352 0.00011972 0.00008025 0.00015392 0.32438898 0.00914310 0.44908009 0.00545988 0.00899492 0.00904727 0.18997446 0.00338391
1675.55851951 0.00699329 0.00023778 0.00010902 0.00011519 0.00145319 0.32235836 0.01098852 0.45180918 0.00486480 0.00889143 0.00868991 0.18716219 0.00332042
1676.55885295 0.00689333 0.00024132 0.00009948 0.00021264 0.00159092 0.32292587 0.01047867 0.45189758 0.00396308 0.00879583 0.00997282 0.18649437 0.00332741
1677.55918640 0.00674547 0.00023686 0.00010537 0.00012457 0.00108095 0.32251420 0.00949293 0.45378186 0.00481703 0.00900197 0.01071224 0.18484793 0.00328409
1678.55951984 0.00638514 0.00020748 0.00010920 0.00019024 0.00102056 0.32373686 0.01012772 0.45330618 0.00612950 0.00811679 0.00774064 0.18587173 0.00344311
1679.55985328 0.00620945 0.00014000 0.00014260 0.00017540 0.00089263 0.32386032 0.00773684 0.45260516 0.00423437 0.00852766 0.01056269 0.18808003 0.00304229
1680.56018673 0.00621264 0.00017219 0.00013181 0.00006524 0.00072548 0.32403900 0.01071075 0.45178704 0.00451381 0.00878253 0.00735199 0.18885624 0.00286393
1681.56052017 0.00623186 0.00050333 0.00011370 0.00038801 0.00241030 0.32333398 0.00796353 0.44780896 0.00458013 0.00892044 0.00946604 0.19171451 0.00279707
1682.56085362 0.00601396 0.00068160 0.00010978 0.00037217 0.00243450 0.32378677 0.00838158 0.44769027 0.00564247 0.00919059 0.00700560 0.19133830 0.00336637
1683.56118706 0.00603636 0.00018878 0.00012536 0.00008607 0.00013032 0.32352047 0.01013066 0.44882927 0.00418408 0.01074942 0.00808501 0.19127926 0.00269129
1684.56152051 0.00602920 0.00012832 0.00012700 0.00002733 0.00008746 0.32370978 0.00839152 0.44960376 0.00323661 0.01116904 0.00995167 0.19028866 0.00327886
1685.56185395 0.00574460 0.00020697 0.00013167 0.00003841 0.00012115 0.32379641 0.00944767 0.45242304 0.00532790 0.01146416 0.00678792 0.18742191 0.00283279
1686.56218740 0.00553852 0.00017376 0.00013118 0.00003228 0.00010621 0.32347192 0.00810852 0.45392433 0.00432978 0.01171436 0.00860462 0.18627969 0.00312334
1687.56252084 0.00437398 0.00021211 0.00009942 0.00008009 0.00172933 0.32294603 0.00943342 0.45354619 0.00400266 0.01176355 0.00778195 0.18551136 0.00289389
1688.56285428 0.00453633 0.00046277 0.00010851 0.00044543 0.00057558 0.32102864 0.00885157 0.45452648 0.00381235 0.01206822 0.00855826 0.18643909 0.00312310
1689.56318773 0.00442737 0.00020368 0.00009179 0.00004762 0.00014886 0.32141565 0.00850029 0.45299874 0.00469303 0.01198006 0.00885789 0.18788862 0.00317376
1690.56352117 0.00443189 0.00014574 0.00010516 0.00003215 0.00008244 0.32262062 0.00926659 0.45032326 0.00396096 0.01228983 0.00699822 0.19114613 0.00302889
1691.56385462 0.00441933 0.00007766 0.00009763 0.00003710 0.00006031 0.32267387 0.00961177 0.45024054 0.00308793 0.01212683 0.00780326 0.19140500 0.00277809
1692.56418806 0.00428595 0.00021210 0.00011174 0.00017821 0.00112034 0.32078096 0.00986745 0.44855766 0.00369780 0.01233788 0.00717467 0.19273758 0.00322361
1693.56452151 0.00405839 0.00016282 0.00011452 0.00019683 0.00150649 0.32119312 0.00914831 0.45021339 0.00394522 0.01209952 0.00773648 0.19073093 0.00295238
1694.56485495 0.00385066 0.00012015 0.00011767 0.00006333 0.00014198 0.32062165 0.00901894 0.45248166 0.00387362 0.01207477 0.00840802 0.18881150 0.00426671
1695.56518840 0.00365291 0.00038278 0.00010733 0.00028709 0.00048826 0.32112696 0.00953516 0.45313577 0.00424888 0.01037349 0.00935078 0.18718584 0.00377766
1696.56552184 0.00483633 0.00067170 0.00010142 0.00075686 0.00196087 0.31891486 0.01064563 0.45413115 0.00474390 0.01021256 0.00856678 0.18434486 0.00494941
1697.56585529 0.00459601 0.00021848 0.00009904 0.00026581 0.00027172 0.31949928 0.01339497 0.45337380 0.00376758 0.00978536 0.01085004 0.18444588 0.00402803
1698.56618873 0.00453248 0.00017797 0.00009621 0.00011450 0.00012414 0.31884583 0.01532516 0.45255751 0.00512992 0.00966826 0.00748198 0.18594978 0.00452875
1699.56652217 0.00395649 0.00039260 0.00012030 0.00005374 0.00025134 0.31966869 0.01034250 0.45112664 0.00545401 0.01034707 0.01098476 0.18744315 0.00381520
1700.56685562 0.00410326 0.00054563 0.00009896 0.00024793 0.00159886 0.31878778 0.01182532 0.44924818 0.00575679 0.01030734 0.00760165 0.19012975 0.00385181
1701.56718906 0.00409092 0.00057523 0.00010034 0.00047218 0.00220597 0.31817911 0.00876738 0.44880367 0.00553180 0.01007035 0.01002133 0.19107601 0.00419662
1702.56752251 0.00594365 0.00095471 0.00009692 0.00095151 0.00461234 0.31542206 0.01014376 0.44874479 0.00561021 0.00988769 0.00992884 0.18976116 0.00388601
1703.56785595 0.00607685 0.00039226 0.00010340 0.00047416 0.00310421 0.31674017 0.01154898 0.44996819 0.00487081 0.00971907 0.00994111 0.18917443 0.00396321
1704.56818940 0.00615080 0.00025387 0.00009619 0.00045366 0.00213561 0.31574347 0.01303764 0.45194486 0.00509414 0.00972074 0.00982474 0.18808114 0.00361395
1705.56852284 0.00628211 0.00018128 0.00016058 0.00005051 0.00023003 0.31771203 0.01189209 0.45541412 0.00546802 0.01109147 0.00895673 0.18511924 0.00372390
1706.56885629 0.00666428 0.00013806 0.00012487 0.00004831 0.00011779 0.31640870 0.01153908 0.45497766 0.00487741 0.01119247 0.01020275 0.18682021 0.00355269
1707.56918973 0.00684483 0.00014320 0.00010525 0.00004316 0.00014047 0.31750544 0.01142098 0.45610407 0.00481474 0.01105815 0.00998976 0.18491521 0.00375955
1708.56952317 0.00676543 0.00015745 0.00009526 0.00004434 0.00011458 0.31688823 0.01114245 0.45507556 0.00501926 0.00989545 0.01170151 0.18625936 0.00360656
1709.56985662 0.00663489 0.00019991 0.00009438 0.00010708 0.00113802 0.31702937 0.01120269 0.45285517 0.00566866 0.00997560 0.00929847 0.18865704 0.00377361
1710.57019006 0.00650646 0.00010200 0.00018189 0.00003541 0.00007898 0.31778723 0.01129535 0.45313014 0.00432890 0.01031951 0.00966423 0.18963821 0.00343814
1711.57052351 0.00656428 0.00010720 0.00012748 0.00003546 0.00008734 0.31730468 0.01140613 0.45084532 0.00444325 0.01063650 0.00901416 0.19259584 0.00339665
1712.57085695 0.00590595 0.00047058 0.00010866 0.00043815 0.00058255 0.31767508 0.01044954 0.45064821 0.00478104 0.01057265 0.00967258 0.19056731 0.00403365
1713.57119040 0.00575316 0.00026346 0.00018476 0.00028620 0.00136385 0.31681249 0.01063582 0.45251613 0.00410330 0.01272950 0.00811717 0.18961488 0.00337242
1714.57152384 0.00640298 0.00024013 0.00014303 0.00009091 0.00110694 0.31791260 0.01080969 0.45221724 0.00511727 0.01257779 0.00870327 0.18725876 0.00382235
1715.57185729 0.00624812 0.00020568 0.00013340 0.00014453 0.00151621 0.31672924 0.01095994 0.45372394 0.00377420 0.01270206 0.00912414 0.18701907 0.00396760
1716.57219073 0.00609149 0.00024034 0.00012515 0.00021049 0.00147801 0.31809857 0.01158368 0.45501215 0.00401320 0.01254765 0.00854517 0.18472005 0.00342553
1717.57252417 0.00598195 0.00016488 0.00011236 0.00004545 0.00014095 0.31674896 0.01145275 0.45452166 0.00431958 0.01260836 0.00945481 0.18668180 0.00374844
1718.57285762 0.00765603 0.00054074 0.00010879 0.00039993 0.00420626 0.31641484 0.01105628 0.45174391 0.00435829 0.01266600 0.00867899 0.18593102 0.00389496
1719.57319106 0.00779575 0.00017751 0.00014982 0.00019905 0.00252763 0.31416784 0.01091470 0.45153041 0.00457987 0.01462707 0.00874223 0.18853328 0.00385060
1720.57352451 0.00787453 0.00019514 0.00014286 0.00015267 0.00250749 0.31302058 0.01202238 0.44975930 0.00425856 0.01468128 0.00966390 0.18946246 0.00413339
1721.57385795 0.00795704 0.00077027 0.00014414 0.00063062 0.00062220 0.31419988 0.01210832 0.44974252 0.00446540 0.01396271 0.00908719 0.19005216 0.00421458
1722.57419140 0.00761703 0.00022160 0.00015841 0.00017445 0.00107479 0.31427004 0.01289869 0.44926905 0.00441454 0.01382508 0.00908161 0.19033179 0.00427996
1723.57452484 0.00714738 0.00018566 0.00017774 0.00004679 0.00012199 0.31404254 0.01304205 0.45131021 0.00464214 0.01387543 0.01003311 0.18817270 0.00434963
1724.57485829 0.00682669 0.00019620 0.00020713 0.00004424 0.00014526 0.31408698 0.01412492 0.45240647 0.00477019 0.01447632 0.00906822 0.18636978 0.00410429
1725.57519173 0.00676256 0.00011702 0.00021886 0.00004043 0.00009401 0.31376072 0.01287583 0.45387591 0.00358365 0.01433208 0.01142193 0.18511514 0.00456443
1726.57552518 0.00683178 0.00015360 0.00018703 0.00004457 0.00012126 0.31419353 0.01423511 0.45411378 0.00480699 0.01374525 0.00931645 0.18480008 0.00428234
1727.57585862 0.00872712 0.00024057 0.00016355 0.00014770 0.00182306 0.31216440 0.01468110 0.45284877 0.00575102 0.01337597 0.01027611 0.18427681 0.00425092
1728.57619206 0.00876581 0.00020073 0.00014170 0.00013666 0.00102065 0.31257516 0.01379615 0.45108280 0.00491616 0.01284657 0.01216105 0.18602112 0.00510126
1729.57652551 0.00876468 0.00024966 0.00012400 0.00026062 0.00130461 0.31204234 0.01588093 0.44944994 0.00539022 0.01261643 0.00997932 0.18828258 0.00441936
1730.57685895 0.00867735 0.00024649 0.00011199 0.00015766 0.00111633 0.31240179 0.01364491 0.44879363 0.00473790 0.01237300 0.01254660 0.18876314 0.00510656
1731.57719240 0.00789991 0.00075509 0.00009394 0.00048321 0.00204059 0.31127351 0.01513828 0.44718757 0.00770225 0.01067115 0.01038536 0.18923189 0.00503717
1732.57752584 0.00799329 0.00095041 0.00010713 0.00079679 0.00185817 0.31274566 0.01321111 0.44844220 0.00568707 0.01075250 0.01210829 0.18829278 0.00504790
1733.57785929 0.00793388 0.00023575 0.00022676 0.00005590 0.00016913 0.31357491 0.01384307 0.44971379 0.00556141 0.01182983 0.01255479 0.18713769 0.00509697
1734.57819273 0.00803319 0.00036432 0.00014713 0.00016255 0.00131112 0.31302109 0.01588656 0.45214693 0.00617707 0.01175380 0.00921600 0.18546901 0.00434441
1735.57852618 0.00815451 0.00041459 0.00013953 0.00061386 0.00249541 0.31365787 0.01252182 0.45292786 0.00466795 0.01190738 0.01206859 0.18414895 0.00443618
1736.57885962 0.00838413 0.00016278 0.00016118 0.00013670 0.00014262 0.31536892 0.01526803 0.45423703 0.00531346 0.01073267 0.00921227 0.18468934 0.00457502
1737.57919306 0.00848382 0.00017286 0.00014996 0.00016539 0.00028356 0.31522303 0.01327608 0.45341468 0.00402827 0.01082831 0.01084147 0.18603279 0.00558360
1738.57952651 0.00855124 0.00015542 0.00013959 0.00014299 0.00018375 0.31530653 0.01352420 0.45226225 0.00427283 0.01133437 0.01106003 0.18709987 0.00451818
1739.57985995 0.00834413 0.00060510 0.00011167 0.00059700 0.00239848 0.31533545 0.01475649 0.44766624 0.00484146 0.01134826 0.00836865 0.18824693 0.00572427
1740.58019340 0.00831633 0.00017327 0.00012155 0.00008830 0.00010756 0.31507617 0.01414914 0.44728329 0.00411606 0.01184255 0.01315348 0.18883812 0.00505049
1741.58052684 0.00914098 0.00077306 0.00013939 0.00029267 0.00097621 0.31380244 0.01560389 0.44707070 0.00666531 0.01033692 0.00908897 0.18972042 0.00553002
1742.58086029 0.00895438 0.00043650 0.00017894 0.00025700 0.00160213 0.31516314 0.01362089 0.44973958 0.00495211 0.01083615 0.01078146 0.18752540 0.00490670
1743.58119373 0.00870147 0.00032847 0.00016704 0.00016857 0.00130213 0.31501230 0.01380948 0.44801853 0.00397468 0.01270618 0.01127190 0.18786450 0.00537622
1744.58152718 0.00836199 0.00023306 0.00019307 0.00008686 0.00021792 0.31547592 0.01670590 0.45060934 0.00537765 0.01287637 0.00889425 0.18488746 0.00444221
1745.58186062 0.00812312 0.00018734 0.00017929 0.00005459 0.00015702 0.31519751 0.01548845 0.45189690 0.00413474 0.01293007 0.01097497 0.18386687 0.00493228
1746.58219406 0.00805594 0.00017804 0.00022239 0.00005855 0.00013896 0.31494922 0.01666982 0.45069330 0.00456117 0.01349847 0.00928563 0.18512007 0.00462438
1747.58252751 0.00813491 0.00018040 0.00017738 0.00005132 0.00014972 0.31557669 0.01457377 0.45100940 0.00414023 0.01331333 0.01130060 0.18452867 0.00499848
1748.58286095 0.00827994 0.00020167 0.00014330 0.00004567 0.00013820 0.31484852 0.01406581 0.44930209 0.00487560 0.01318373 0.01090314 0.18720251 0.00508976
1749.58319440 0.00843278 0.00015072 0.00012175 0.00005194 0.00011756 0.31598354 0.01616777 0.44741216 0.00478356 0.01277626 0.00947523 0.18835469 0.00460483
1750.58352784 0.00844111 0.00014850 0.00011563 0.00009672 0.00010671 0.31497666 0.01406632 0.44690198 0.00383047 0.01267207 0.01142075 0.18981954 0.00584464
1751.58386129 0.00822713 0.00019312 0.00011560 0.00022670 0.00034826 0.31583133 0.01636560 0.44746593 0.00467419 0.01222996 0.00921223 0.18860382 0.00473327
1752.58419473 0.00801719 0.00011139 0.00014403 0.00011091 0.00011867 0.31550158 0.01375958 0.44895548 0.00394007 0.01207327 0.01080128 0.18911221 0.00537154
1753.58452818 0.00764279 0.00022448 0.00011427 0.00014226 0.00025300 0.31561044 0.01388860 0.45134167 0.00522010 0.01137653 0.01132272 0.18516034 0.00534559
1754.58486162 0.00777810 0.00021610 0.00023828 0.00022336 0.00054906 0.31545081 0.01531856 0.45306057 0.00479321 0.01034343 0.00920685 0.18573518 0.00486460
1755.58519507 0.00739086 0.00017528 0.00038082 0.00006768 0.00018659 0.31589266 0.01135022 0.45468094 0.00420957 0.01091745 0.01077793 0.18727324 0.00408762
1756.58552851 0.00785687 0.00023336 0.00027527 0.00016668 0.00155703 0.31665145 0.01300131 0.45610333 0.00490620 0.01056863 0.00788676 0.18495030 0.00369968
1757.58586195 0.00804299 0.00031458 0.00018660 0.00025857 0.00290210 0.31479347 0.01089614 0.45475572 0.00342440 0.01043169 0.00997118 0.18799010 0.00407544
1758.58619540 0.00831655 0.00020999 0.00020043 0.00015463 0.00118617 0.31529214 0.01217340 0.45391295 0.00469679 0.01008688 0.00867880 0.18835625 0.00505158
1759.58652884 0.00833693 0.00017291 0.00023368 0.00016083 0.00029992 0.31313478 0.01224201 0.45486041 0.00419879 0.01043879 0.00916571 0.19084913 0.00424303
1760.58686229 0.00849888 0.00026140 0.00019147 0.00030814 0.00101106 0.31443586 0.01175304 0.45180822 0.00427745 0.00986451 0.01035337 0.19098225 0.00475324
1761.58719573 0.00867861 0.00015575 0.00017445 0.00012594 0.00025602 0.31235584 0.01346837 0.45541728 0.00430998 0.00978717 0.00892005 0.19108194 0.00394719
1762.58752918 0.00873130 0.00025221 0.00015149 0.00009703 0.00165977 0.31421402 0.01074126 0.45531665 0.00523882 0.00912684 0.00984364 0.18961658 0.00374169
1763.58786262 0.00839453 0.00040199 0.00019256 0.00023493 0.00163245 0.31648396 0.01207624 0.45465234 0.00618854 0.00867012 0.00864121 0.18717926 0.00364642
1764.58819607 0.00835681 0.00017384 0.00019541 0.00005082 0.00012726 0.31575602 0.01088213 0.45779434 0.00484033 0.00815941 0.01090727 0.18741937 0.00369382
1765.58852951 0.00773269 0.00035616 0.00016197 0.00019490 0.00166242 0.31423585 0.01160210 0.45645881 0.00705572 0.00799554 0.01117244 0.18458338 0.00452070
1766.58886295 0.00744300 0.00066629 0.00013950 0.00072024 0.00379614 0.31446120 0.01195023 0.45545995 0.00578380 0.00792950 0.00996508 0.18539351 0.00373457
1767.58919640 0.00748522 0.00069571 0.00013299 0.00078123 0.00199028 0.31395971 0.01216874 0.45395946 0.00566386 0.00836068 0.01072922 0.18711901 0.00443911
1768.58952984 0.00737089 0.00024931 0.00012199 0.00018604 0.00086905 0.31428393 0.01147049 0.45273613 0.00663583 0.00840880 0.01098086 0.18816508 0.00589249
1769.58986329 0.00781312 0.00050818 0.00012933 0.00054311 0.00163622 0.31346783 0.01214516 0.45007291 0.00657091 0.00891870 0.01194093 0.18946662 0.00460011
1770.59019673 0.00784756 0.00022000 0.00012857 0.00016064 0.00257255 0.31301151 0.01272701 0.44919114 0.00596167 0.00887356 0.01196132 0.18937787 0.00581417
1771.59053018 0.00758092 0.00029570 0.00015087 0.00038378 0.00139569 0.31327377 0.01546755 0.45063832 0.00566844 0.00943389 0.00994880 0.18945699 0.00388620
1772.59086362 0.00732532 0.00023809 0.00013631 0.00018442 0.00100789 0.31317172 0.01323317 0.45276803 0.00538632 0.00954667 0.01153217 0.18780118 0.00499402
1773.59119707 0.00732704 0.00027614 0.00016628 0.00009882 0.00213277 0.31365925 0.01292946 0.45425056 0.00583698 0.00949007 0.00980262 0.18697791 0.00437914
1774.59153051 0.00728052 0.00032767 0.00010583 0.00018538 0.00114700 0.31362592 0.01288416 0.45458929 0.00564378 0.00927443 0.01133477 0.18560446 0.00527732
1775.59186395 0.00740747 0.00035286 0.00010447 0.00031657 0.00134432 0.31365655 0.01423566 0.45567932 0.00494981 0.00967746 0.01017165 0.18468567 0.00482568
1776.59219740 0.00740389 0.00020225 0.00010235 0.00017570 0.00106264 0.31399292 0.01500627 0.45437301 0.00486118 0.00999283 0.00984676 0.18594615 0.00443794
1777.59253084 0.00667418 0.00027303 0.00009029 0.00021777 0.00113669 0.31317873 0.01341598 0.45239407 0.00459105 0.00988569 0.01226640 0.18750259 0.00504770
1778.59286429 0.00664047 0.00037699 0.00009377 0.00021876 0.00125841 0.31331473 0.01546406 0.45169525 0.00554671 0.01018101 0.00868171 0.18818246 0.00498613
1779.59319773 0.00653215 0.00021975 0.00009192 0.00010197 0.00074936 0.31364775 0.01376927 0.45012826 0.00412882 0.01021825 0.01198395 0.18968738 0.00527332
1780.59353118 0.00660320 0.00031072 0.00012345 0.00017845 0.00087422 0.31140420 0.01541580 0.45199223 0.00519629 0.01069281 0.00944352 0.18977243 0.00459589
1781.59386462 0.00835404 0.00017370 0.00012905 0.00006513 0.00038667 0.31289913 0.01528778 0.45166646 0.00481205 0.01060311 0.01043534 0.18874870 0.00479287
1782.59419807 0.00848285 0.00012023 0.00013362 0.00011324 0.00028951 0.31022987 0.01453840 0.45268635 0.00465789 0.01284481 0.01152541 0.18812784 0.00473283
1783.59453151 0.00882158 0.00018898 0.00015804 0.00006117 0.00026314 0.31043893 0.01581983 0.45492441 0.00565660 0.01271164 0.00931460 0.18562235 0.00484031
1784.59486495 0.00914069 0.00013352 0.00011769 0.00007581 0.00166306 0.30899669 0.01391316 0.45561903 0.00443733 0.01120463 0.01311504 0.18574314 0.00498090
1785.59519840 0.00925783 0.00049034 0.00010337 0.00037070 0.00150840 0.31004659 0.01572791 0.45531980 0.00600947 0.01081385 0.00983540 0.18506587 0.00470831
1786.59553184 0.00928570 0.00014875 0.00010702 0.00005914 0.00012505 0.30904564 0.01624551 0.45590509 0.00527261 0.01084862 0.01244975 0.18507811 0.00471470
1787.59586529 0.00928954 0.00015683 0.00010511 0.00005112 0.00012425 0.30990841 0.01639722 0.45303720 0.00573709 0.01039602 0.01204302 0.18713909 0.00490463
1788.59619873 0.00917668 0.00027196 0.00010458 0.00015887 0.00100435 0.30889832 0.01640638 0.45274522 0.00648103 0.00911468 0.01195127 0.18772790 0.00513544
1789.59653218 0.00952685 0.00028271 0.00011117 0.00029934 0.00130541 0.30934547 0.01485280 0.45216269 0.00567928 0.00863402 0.01424169 0.18792152 0.00516391
1790.59686562 0.00936099 0.00020543 0.00013130 0.00004686 0.00015145 0.30997791 0.01673959 0.45232312 0.00713127 0.00856591 0.01114656 0.18870626 0.00487434
1791.59719907 0.00933366 0.00026102 0.00013546 0.00010174 0.00021519 0.31022844 0.01655833 0.45300848 0.00544763 0.00773458 0.01455932 0.18717218 0.00457764
1792.59753251 0.00919240 0.00053499 0.00013385 0.00039989 0.00126711 0.30970699 0.01652522 0.45444020 0.00678373 0.00737023 0.01180748 0.18611450 0.00491581
1793.59786596 0.00879265 0.00031757 0.00012945 0.00018810 0.00168953 0.30947403 0.01528112 0.45507462 0.00678185 0.00707111 0.01370552 0.18558941 0.00469771
1794.59819940 0.00854567 0.00017281 0.00014046 0.00006570 0.00013172 0.31165773 0.01517790 0.45591526 0.00649762 0.00700785 0.01408495 0.18437602 0.00477198
1795.59853284 0.00835045 0.00038251 0.00013735 0.00009693 0.00036311 0.30925789 0.01649510 0.45540404 0.00879160 0.00692383 0.01214116 0.18526981 0.00473667
1796.59886629 0.00826903 0.00019802 0.00012554 0.00005965 0.00015043 0.30990640 0.01590517 0.45426159 0.00616363 0.00694018 0.01558961 0.18586986 0.00482992
1797.59919973 0.00783794 0.00020351 0.00027621 0.00005470 0.00018305 0.30804451 0.01904530 0.45359478 0.00705347 0.00638569 0.01189308 0.18804134 0.00522437
1798.59953318 0.00764806 0.00023318 0.00009874 0.00040591 0.00039273 0.30810321 0.01594797 0.45158021 0.00640899 0.00653127 0.01547638 0.18843663 0.00638479
1799.59986662 0.00760223 0.00034423 0.00009752 0.00011628 0.00159513 0.30656236 0.01622930 0.45229874 0.00806253 0.00697794 0.01436077 0.18737279 0.00598241
1800.60020007 0.00764802 0.00031512 0.00011510 0.00008460 0.00028657 0.30658725 0.01702466 0.45328474 0.00761038 0.00737819 0.01375972 0.18845819 0.00509549
1801.60053351 0.00778183 0.00017824 0.00009885 0.00007398 0.00017759 0.30647137 0.01614425 0.45473966 0.00617258 0.00806719 0.01552623 0.18717131 0.00517875
1802.60086696 0.00778745 0.00022010 0.00009347 0.00006510 0.00014176 0.30686902 0.01802610 0.45640871 0.00813435 0.00851410 0.01133513 0.18534932 0.00484284
1803.60120040 0.00773839 0.00032235 0.00025779 0.00014395 0.00047617 0.30387203 0.01496648 0.45681495 0.00741231 0.00952455 0.01536659 0.18564034 0.00520248
1804.60153384 0.00963075 0.00072896 0.00022272 0.00062272 0.00062875 0.30601297 0.01627765 0.45623556 0.00607794 0.01187246 0.01179897 0.18454392 0.00497736
1805.60186729 0.00994451 0.00032803 0.00016313 0.00029900 0.00232546 0.30555081 0.01523766 0.45657305 0.00604559 0.01178690 0.01183424 0.18463189 0.00522424
1806.60220073 0.01012737 0.00028002 0.00012307 0.00026832 0.00143901 0.30635854 0.01498951 0.45523290 0.00490145 0.01160369 0.01344107 0.18604912 0.00531329
1807.60253418 0.01010513 0.00031586 0.00011567 0.00025577 0.00139963 0.30573563 0.01784147 0.45466797 0.00621396 0.01200419 0.00915478 0.18737007 0.00492502
1808.60286762 0.00998527 0.00021451 0.00010553 0.00008446 0.00192678 0.30488634 0.01547820 0.45403114 0.00437935 0.01190531 0.01429637 0.18744452 0.00524750
1809.60320107 0.00937859 0.00020108 0.00011006 0.00016826 0.00202559 0.30360297 0.01947800 0.45187596 0.00544694 0.01216155 0.01077534 0.18895939 0.00519486
1810.60353451 0.00937388 0.00034014 0.00013133 0.00016481 0.00122917 0.30582105 0.01594301 0.45308550 0.00615811 0.01214860 0.01219152 0.18732195 0.00546481
1811.60386796 0.01076096 0.00050191 0.00011906 0.00022929 0.00320216 0.30507053 0.01511416 0.45213296 0.00654459 0.01222355 0.01235248 0.18701963 0.00548967
1812.60420140 0.01067512 0.00041206 0.00018154 0.00022718 0.00170385 0.30422641 0.01718965 0.45669835 0.00702937 0.01223158 0.00998164 0.18523140 0.00488697
1813.60453484 0.01052948 0.00018572 0.00016658 0.00012393 0.00102342 0.30550864 0.01480232 0.45717080 0.00433416 0.01062239 0.01559782 0.18499745 0.00546677
1814.60486829 0.01055772 0.00022684 0.00014000 0.00020791 0.00107797 0.30537404 0.01812494 0.45736725 0.00713996 0.01061097 0.01011816 0.18472374 0.00488822
1815.60520173 0.01058706 0.00021345 0.00011921 0.00018186 0.00091017 0.30597997 0.01500379 0.45663760 0.00659130 0.01001043 0.01403386 0.18514509 0.00517326
1816.60553518 0.01061876 0.00025187 0.00011256 0.00009382 0.00079041 0.30514238 0.01682540 0.45597610 0.00650437 0.00982729 0.01298415 0.18648940 0.00500224
1817.60586862 0.01195964 0.00026304 0.00012517 0.00009336 0.00024316 0.30706269 0.01770984 0.45301621 0.00685381 0.00929540 0.01267645 0.18758700 0.00507387
1818.60620207 0.01187541 0.00016361 0.00012089 0.00005408 0.00019306 0.30818171 0.01518760 0.45208461 0.00550697 0.00872864 0.01579197 0.18882677 0.00516010
1819.60653551 0.01173242 0.00020346 0.00011937 0.00005483 0.00014914 0.30813182 0.01867133 0.45300341 0.00754559 0.00805410 0.01109996 0.18816206 0.00480494
1820.60686896 0.01354840 0.00032698 0.00012328 0.00034066 0.00140882 0.30936900 0.01662244 0.45166039 0.00577229 0.00717862 0.01451259 0.18767681 0.00500813
1821.60720240 0.01401568 0.00047567 0.00015044 0.00045844 0.00176174 0.30776983 0.01674810 0.45189557 0.00732921 0.00815878 0.01396134 0.18578166 0.00550923
1822.60753585 0.01327543 0.00045233 0.00024709 0.00029952 0.00176292 0.30649760 0.01705595 0.45369043 0.00814034 0.00762528 0.01199842 0.18621713 0.00601298
1823.60786929 0.01295479 0.00040411 0.00012309 0.00038797 0.00144360 0.30826595 0.01706570 0.45403194 0.00640141 0.00664266 0.01564431 0.18301572 0.00657355
1824.60820273 0.01167685 0.00032318 0.00009269 0.00029311 0.00119454 0.30489371 0.01920618 0.45415494 0.00891891 0.00642157 0.01409811 0.18453551 0.00586754
1825.60853618 0.01179411 0.00053751 0.00010588 0.00019349 0.00049677 0.30519015 0.01650198 0.45455601 0.00965547 0.00625364 0.01620651 0.18373077 0.00657180
1826.60886962 0.01172977 0.00058236 0.00009069 0.00016879 0.00068778 0.30370694 0.01783932 0.45386089 0.00930615 0.00549894 0.01653890 0.18566278 0.00605648
1827.60920307 0.01193767 0.00039613 0.00009200 0.00045880 0.00066504 0.30454681 0.01978567 0.45213010 0.00782233 0.00555097 0.01405107 0.18675475 0.00774633
1828.60953651 0.01161742 0.00024864 0.00010480 0.00027868 0.00030581 0.30447904 0.01910786 0.45132240 0.00609849 0.00607717 0.01710749 0.18759761 0.00727200
1829.60986996 0.01116564 0.00046926 0.00010770 0.00040296 0.00053038 0.30399039 0.02212516 0.45200956 0.00865173 0.00569226 0.01192894 0.18729305 0.00679861
1830.61020340 0.01117659 0.00035652 0.00012144 0.00017584 0.00041911 0.30471457 0.01812891 0.45219709 0.00762069 0.00628338 0.01642398 0.18628861 0.00726986
1831.61053685 0.01106013 0.00040222 0.00011589 0.00014050 0.00038862 0.30429346 0.01972538 0.45368030 0.00757017 0.00673214 0.01470575 0.18538668 0.00685889
1832.61087029 0.01106607 0.00031446 0.00011472 0.00012556 0.00029125 0.30458932 0.02084097 0.45470633 0.00756915 0.00734427 0.01379289 0.18414746 0.00616361
1833.61120373 0.01070252 0.00020942 0.00014375 0.00008763 0.00023353 0.30569967 0.01872576 0.45564332 0.00571349 0.00666735 0.01644928 0.18352967 0.00689713
1834.61153718 0.01181638 0.00024297 0.00020724 0.00014247 0.00031590 0.30615569 0.02225852 0.45417623 0.00654184 0.00741600 0.01236237 0.18437727 0.00580350
1835.61187062 0.01149152 0.00022900 0.00031352 0.00006981 0.00027332 0.30470655 0.01771246 0.45428312 0.00546441 0.00799683 0.01588593 0.18563504 0.00743000
1836.61220407 0.01174811 0.00027088 0.00020391 0.00013387 0.00183152 0.30532154 0.02162395 0.45095166 0.00644443 0.00802969 0.01205256 0.18701712 0.00611885
1837.61253751 0.01119346 0.00027113 0.00029208 0.00010369 0.00019766 0.30386170 0.02071385 0.45409847 0.00621638 0.00716816 0.01228858 0.18849623 0.00629208
1838.61287096 0.01161530 0.00020167 0.00018651 0.00006923 0.00017880 0.30624043 0.01833990 0.45208003 0.00481666 0.00748631 0.01552864 0.18856859 0.00630324
1839.61320440 0.01187707 0.00028333 0.00015097 0.00006727 0.00022792 0.30413377 0.02092826 0.45345140 0.00724020 0.00815475 0.01019338 0.18920733 0.00596141
1840.61353785 0.01218867 0.00015155 0.00012605 0.00005806 0.00012222 0.30608573 0.01731638 0.45417986 0.00435301 0.00837861 0.01575777 0.18682197 0.00664879
1841.61387129 0.01048437 0.00033997 0.00013381 0.00011936 0.00030103 0.30553794 0.02079577 0.45476410 0.00646034 0.00839622 0.01056604 0.18658504 0.00600037
1842.61420473 0.01167150 0.00018579 0.00012244 0.00006170 0.00015667 0.30694114 0.01950706 0.45484911 0.00514948 0.00837156 0.01304033 0.18535602 0.00625870
1843.61453818 0.01145658 0.00014404 0.00014106 0.00007156 0.00015856 0.30769798 0.01920901 0.45577689 0.00415839 0.00882895 0.01417965 0.18342068 0.00621323
1844.61487162 0.01115487 0.00028189 0.00012898 0.00006656 0.00022492 0.30671405 0.02011251 0.45556795 0.00683624 0.00860368 0.01056385 0.18487680 0.00602257
1845.61520507 0.01106513 0.00031731 0.00012445 0.00028719 0.00144338 0.30720924 0.01753501 0.45466458 0.00469912 0.00719060 0.01506951 0.18496905 0.00649056
1846.61553851 0.01169912 0.00020276 0.00018862 0.00006352 0.00015805 0.30711855 0.02073960 0.45302452 0.00506974 0.00819928 0.01216638 0.18680792 0.00626106
1847.61587196 0.01118304 0.00016617 0.00013804 0.00006532 0.00013457 0.30782231 0.02111907 0.45220504 0.00503765 0.00630097 0.01232997 0.18863614 0.00604474
1848.61620540 0.01053379 0.00025524 0.00014803 0.00017903 0.00138438 0.30841559 0.01998619 0.45030153 0.00477574 0.00595586 0.01441492 0.18797305 0.00621044
1849.61653885 0.01044767 0.00030428 0.00013188 0.00015210 0.00109842 0.30634329 0.02196971 0.45043853 0.00681784 0.00565072 0.01072757 0.19005078 0.00631489
1850.61687229 0.01042903 0.00025343 0.00013757 0.00030321 0.00127652 0.30814241 0.01854651 0.45181314 0.00492477 0.00523046 0.01620494 0.18673041 0.00643664
1851.61720574 0.01051236 0.00062014 0.00012203 0.00049468 0.00201043 0.30514506 0.02083843 0.45349621 0.00706658 0.00508039 0.01239349 0.18587536 0.00685721
1852.61753918 0.01032110 0.00062097 0.00011267 0.00031430 0.00197494 0.30639145 0.01945236 0.45357474 0.00748156 0.00462668 0.01438344 0.18444477 0.00662211
1853.61787262 0.00894857 0.00038303 0.00010994 0.00050783 0.00157681 0.30449944 0.01985558 0.45651369 0.00624992 0.00454933 0.01554164 0.18329588 0.00691691
1854.61820607 0.00811987 0.00038350 0.00007623 0.00028047 0.00132268 0.30711412 0.02160763 0.45485113 0.00704716 0.00420250 0.01263363 0.18256208 0.00791887
1855.61853951 0.00816526 0.00043179 0.00007473 0.00029655 0.00141820 0.30563825 0.01946267 0.45392133 0.00641060 0.00407814 0.01668546 0.18508692 0.00649536
1856.61887296 0.00787056 0.00040052 0.00009066 0.00034443 0.00116651 0.30707287 0.02163859 0.45279811 0.00707879 0.00454426 0.01171218 0.18635619 0.00679689
1857.61920640 0.00777998 0.00028167 0.00017383 0.00021540 0.00178408 0.30690134 0.01952190 0.45161503 0.00566274 0.00523715 0.01506426 0.18707702 0.00646558
1858.61953985 0.00807673 0.00020788 0.00017847 0.00006993 0.00025306 0.30848018 0.01952256 0.44975161 0.00612747 0.00533818 0.01408651 0.18942147 0.00656268
1859.61987329 0.00850542 0.00017190 0.00012757 0.00007857 0.00018533 0.30870437 0.02086774 0.45136007 0.00627762 0.00519661 0.01306169 0.18798691 0.00598162
1860.62020674 0.00868638 0.00014338 0.00009805 0.00006581 0.00015512 0.30824487 0.01932402 0.45263585 0.00510021 0.00532969 0.01532569 0.18731807 0.00625924
1861.62054018 0.00841669 0.00066033 0.00008620 0.00047383 0.00086854 0.30901044 0.02051201 0.45419213 0.00668619 0.00521317 0.01153606 0.18499400 0.00576711
1862.62087362 0.00833729 0.00029555 0.00008778 0.00015939 0.00128526 0.30769127 0.01895387 0.45639110 0.00539063 0.00558388 0.01393857 0.18408575 0.00613694
1863.62120707 0.00823608 0.00031318 0.00009441 0.00026174 0.00150368 0.30934093 0.01948978 0.45532413 0.00537000 0.00574890 0.01291179 0.18374258 0.00589888
1864.62154051 0.00801407 0.00023205 0.00009509 0.00010107 0.00090450 0.30782003 0.01888230 0.45628744 0.00639586 0.00617099 0.01269715 0.18430956 0.00610397
1865.62187396 0.00783400 0.00021520 0.00012362 0.00025575 0.00111108 0.30932415 0.01800417 0.45388462 0.00510279 0.00659257 0.01395488 0.18525745 0.00617371
1866.62220740 0.00730374 0.00023855 0.00012673 0.00010358 0.00026635 0.30912153 0.01951969 0.45231551 0.00613656 0.00692605 0.01097760 0.18868732 0.00558051
1867.62254085 0.00724534 0.00016797 0.00013509 0.00006516 0.00016478 0.31057120 0.01776357 0.45109582 0.00441918 0.00709797 0.01378416 0.18869704 0.00603806
1868.62287429 0.00674769 0.00017569 0.00013353 0.00006746 0.00013652 0.30949161 0.01930384 0.45162440 0.00516535 0.00738894 0.01171106 0.18930632 0.00549528
1869.62320774 0.00647291 0.00022806 0.00013233 0.00006146 0.00019525 0.31050789 0.01896682 0.45143081 0.00561518 0.00744336 0.01112465 0.18863946 0.00565473
1870.62354118 0.00635109 0.00014686 0.00013354 0.00005533 0.00013632 0.31178146 0.01736001 0.45220748 0.00401598 0.00727454 0.01292158 0.18825107 0.00571583
1871.62387462 0.00634864 0.00033044 0.00017076 0.00023521 0.00176830 0.31216130 0.01830023 0.45415371 0.00477065 0.00794515 0.00983064 0.18510414 0.00522947
1872.62420807 0.00642660 0.00031919 0.00010119 0.00021321 0.00104532 0.31117125 0.01627060 0.45472487 0.00488754 0.00694851 0.01355144 0.18462853 0.00613833
1873.62454151 0.00738568 0.00056620 0.00009380 0.00025345 0.00137411 0.31135248 0.01903233 0.45255748 0.00554635 0.00680463 0.01359835 0.18276078 0.00606006
1874.62487496 0.00742036 0.00034369 0.00008752 0.00032656 0.00044034 0.30952147 0.02027370 0.45134170 0.00675576 0.00667692 0.01251610 0.18395156 0.00776467
1875.62520840 0.00737230 0.00022240 0.00016536 0.00015753 0.00037007 0.30968203 0.01756163 0.45176430 0.00526832 0.00676235 0.01531610 0.18627284 0.00645706
1876.62554185 0.00762822 0.00048347 0.00017856 0.00036515 0.00133391 0.30706648 0.02020684 0.45065822 0.00710324 0.00713786 0.01194018 0.18758610 0.00593999
1877.62587529 0.00803922 0.00030011 0.00017467 0.00019075 0.00024325 0.30647870 0.01926419 0.44973088 0.00541824 0.00668944 0.01538675 0.18934628 0.00677675
1878.62620874 0.00849214 0.00037484 0.00012853 0.00015255 0.00038778 0.30770116 0.01802515 0.45197760 0.00789757 0.00640959 0.01313902 0.18784423 0.00596199
1879.62654218 0.00867844 0.00041750 0.00009807 0.00010068 0.00028386 0.30541010 0.01920685 0.45310207 0.00850096 0.00607066 0.01357490 0.18735017 0.00588418
1880.62687563 0.00858015 0.00031136 0.00008047 0.00014804 0.00156498 0.30609001 0.01846264 0.45430947 0.00576792 0.00530002 0.01577637 0.18552030 0.00666842
1881.62720907 0.00844431 0.00037181 0.00008765 0.00015467 0.00196083 0.30547859 0.01867194 0.45648418 0.00705585 0.00541712 0.01468690 0.18379016 0.00584032
1882.62754251 0.00842954 0.00027359 0.00013403 0.00005900 0.00016640 0.30631991 0.01836089 0.45655181 0.00716450 0.00714514 0.01423869 0.18323193 0.00635411
1883.62787596 0.00867032 0.00035074 0.00013860 0.00020524 0.00085565 0.30520835 0.01841616 0.45628465 0.00716078 0.00748551 0.01405442 0.18425009 0.00558981
1884.62820940 0.00881127 0.00032399 0.00013791 0.00007558 0.00025775 0.30662085 0.02059148 0.45486353 0.00743513 0.00736126 0.01265129 0.18449384 0.00518739
1885.62854285 0.00851190 0.00035627 0.00015302 0.00030603 0.00138140 0.30500891 0.01778626 0.45291835 0.00528876 0.00780414 0.01544424 0.18795559 0.00559703
1886.62887629 0.00799308 0.00035001 0.00016290 0.00025859 0.00128160 0.30681656 0.01639150 0.45336513 0.00740570 0.00775390 0.01314015 0.18792197 0.00515200
1887.62920974 0.00800828 0.00038852 0.00015806 0.00022710 0.00139524 0.30518109 0.01507003 0.45293662 0.00899360 0.00811336 0.01275363 0.18986733 0.00491542
1888.62954318 0.00782880 0.00038347 0.00021876 0.00014636 0.00170317 0.30640990 0.01415434 0.45343473 0.00789772 0.00896395 0.01288412 0.18932329 0.00448021
1889.62987663 0.00758447 0.00021472 0.00028815 0.00005402 0.00023449 0.30718714 0.01584549 0.45533286 0.00621555 0.00942608 0.01246116 0.18847581 0.00426454
1890.63021007 0.00815305 0.00015163 0.00019264 0.00004677 0.00013709 0.30776896 0.01396277 0.45567936 0.00569041 0.00940622 0.01442829 0.18800532 0.00453054
1891.63054351 0.00848998 0.00023956 0.00014876 0.00023517 0.00017738 0.30789721 0.01437834 0.45876489 0.00786706 0.00944826 0.01132484 0.18480525 0.00471327
1892.63087696 0.00866248 0.00023014 0.00017093 0.00006644 0.00012860 0.30686311 0.01325198 0.46134972 0.00786050 0.00944318 0.01096052 0.18547195 0.00420293
1893.63121040 0.00872295 0.00023408 0.00012833 0.00006342 0.00019652 0.30521294 0.01449209 0.46126664 0.00595415 0.00942572 0.01304060 0.18572842 0.00425709
1894.63154385 0.00834982 0.00022213 0.00013942 0.00025624 0.00046207 0.30519047 0.01700612 0.45957027 0.00600130 0.00851531 0.01046271 0.18671932 0.00545464
1895.63187729 0.00866111 0.00035387 0.00012994 0.00014437 0.00120879 0.30596412 0.01463962 0.45714902 0.00523107 0.00838386 0.01278863 0.18863016 0.00537655
1896.63221074 0.00876692 0.00078393 0.00011027 0.00059449 0.00192839 0.30363375 0.01468920 0.45658984 0.00643198 0.00831931 0.01172037 0.18960742 0.00559107
1897.63254418 0.00841638 0.00058684 0.00012345 0.00037002 0.00067911 0.30556483 0.01496333 0.45616927 0.00582016 0.00813857 0.01196956 0.19016583 0.00544904
1898.63287763 0.00821623 0.00029200 0.00014845 0.00009685 0.00044403 0.30513654 0.01553667 0.45629061 0.00648293 0.00802262 0.01281074 0.19016254 0.00457603
1899.63321107 0.00815145 0.00023974 0.00013739 0.00004889 0.00021202 0.30532220 0.01661158 0.45842712 0.00682417 0.00770616 0.01177737 0.18787389 0.00481948
1900.63354451 0.00789394 0.00024743 0.00013953 0.00007646 0.00015837 0.30326710 0.01543791 0.46037664 0.00696309 0.00754918 0.01444890 0.18580334 0.00553206
1901.63387796 0.00775392 0.00028546 0.00013301 0.00012509 0.00029518 0.30375199 0.01869727 0.45978153 0.00682663 0.00653201 0.01274512 0.18579181 0.00503490
1902.63421140 0.00770698 0.00033052 0.00012936 0.00018532 0.00127957 0.30324983 0.01709356 0.46266190 0.00605056 0.00643242 0.01423530 0.18324630 0.00510536
1903.63454485 0.00774288 0.00046242 0.00011747 0.00019997 0.00133014 0.30369176 0.01601366 0.45985099 0.00751458 0.00613537 0.01367811 0.18569447 0.00531104
1904.63487829 0.00727084 0.00039957 0.00011457 0.00014101 0.00138693 0.30324535 0.01698129 0.45856523 0.00838791 0.00609820 0.01221499 0.18742195 0.00504298
1905.63521174 0.00696308 0.00044991 0.00010642 0.00039517 0.00222320 0.30419204 0.01340804 0.45843444 0.00551535 0.00674135 0.01512083 0.18798383 0.00542945
1906.63554518 0.00687193 0.00042556 0.00010026 0.00010351 0.00120993 0.30325858 0.01758138 0.45573183 0.00658359 0.00693983 0.01127530 0.19144805 0.00534218
1907.63587863 0.00705044 0.00032477 0.00013516 0.00030305 0.00129906 0.30575795 0.01442304 0.45671092 0.00603210 0.00655422 0.01409539 0.18962666 0.00473767
1908.63621207 0.00718703 0.00021174 0.00009919 0.00010811 0.00069552 0.30443823 0.01690520 0.45785884 0.00750326 0.00679967 0.01098698 0.18951934 0.00487392
1909.63654552 0.00739484 0.00015016 0.00011837 0.00022347 0.00014304 0.30711476 0.01539576 0.45886807 0.00559569 0.00669901 0.01175363 0.18768212 0.00625592
1910.63687896 0.00751148 0.00019510 0.00013083 0.00022613 0.00042052 0.30710008 0.01413899 0.46061846 0.00499440 0.00712214 0.01435501 0.18566217 0.00503616
1911.63721240 0.00758702 0.00080293 0.00010289 0.00067387 0.00065558 0.30803172 0.01618547 0.45944003 0.00699931 0.00676316 0.01022657 0.18433046 0.00578801
1912.63754585 0.00749063 0.00024399 0.00009351 0.00028764 0.00120982 0.30743637 0.01446309 0.45914402 0.00577650 0.00683218 0.01385421 0.18530167 0.00535699
1913.63787929 0.00736511 0.00057250 0.00008685 0.00057022 0.00209249 0.30587635 0.01668855 0.45817121 0.00621268 0.00766587 0.01104831 0.18534379 0.00567119
1914.63821274 0.00763401 0.00056420 0.00012345 0.00064785 0.00279323 0.30564372 0.01710706 0.45492894 0.00598077 0.00793278 0.01238962 0.18664270 0.00524570
1915.63854618 0.00753508 0.00037668 0.00012680 0.00021515 0.00203707 0.30514293 0.01588403 0.45292972 0.00616842 0.00810828 0.01388382 0.18929626 0.00583083
1916.63887963 0.00762623 0.00046345 0.00011081 0.00049051 0.00252366 0.30236557 0.01677500 0.45296929 0.00698280 0.00831982 0.01405386 0.18810896 0.00683627
1917.63921307 0.00796067 0.00035389 0.00015062 0.00033487 0.00226558 0.30298009 0.01668440 0.45025322 0.00682350 0.01014530 0.01510601 0.18857397 0.00632855
1918.63954652 0.00789870 0.00074767 0.00013192 0.00024629 0.00219200 0.30298512 0.01746637 0.45225178 0.00790929 0.01000178 0.01320854 0.18674144 0.00611779
1919.63987996 0.00802106 0.00053706 0.00033287 0.00041554 0.00243458 0.30361958 0.01755695 0.45358412 0.00658464 0.01156698 0.01301567 0.18498496 0.00536704
1920.64021340 0.00798577 0.00059626 0.00014299 0.00039639 0.00274193 0.30188507 0.01733360 0.45490590 0.00580067 0.01232709 0.01332835 0.18475987 0.00578188
1921.64054685 0.00769055 0.00056957 0.00013881 0.00020982 0.00118631 0.30154438 0.01780980 0.45649606 0.00748578 0.01233168 0.01278865 0.18346582 0.00597332
1922.64088029 0.00763355 0.00021016 0.00016158 0.00005515 0.00015554 0.30383624 0.01625231 0.45560495 0.00602608 0.01385637 0.01394541 0.18433700 0.00555921
1923.64121374 0.00773514 0.00016696 0.00015425 0.00004907 0.00013528 0.30316828 0.01766112 0.45477408 0.00594026 0.01377367 0.01287550 0.18570908 0.00559246
1924.64154718 0.00774003 0.00018981 0.00012633 0.00010417 0.00020533 0.30406313 0.01898295 0.45253403 0.00627827 0.01309486 0.01365191 0.18548087 0.00528834
1925.64188063 0.00775991 0.00015507 0.00013937 0.00006245 0.00014864 0.30153390 0.01880996 0.45049207 0.00607172 0.01414535 0.01429285 0.18873900 0.00540962
1926.64221407 0.00768441 0.00020635 0.00013899 0.00006174 0.00016382 0.30290274 0.01850407 0.45005264 0.00722109 0.01325661 0.01345934 0.18873592 0.00529669
1927.64254752 0.00767019 0.00023906 0.00017607 0.00005612 0.00019773 0.30074317 0.01712083 0.45159356 0.00734344 0.01344307 0.01488599 0.18858099 0.00561997
1928.64288096 0.00763695 0.00021508 0.00013187 0.00005189 0.00017180 0.30091184 0.01827474 0.45249207 0.00753283 0.01297821 0.01432409 0.18737748 0.00553810
1929.64321440 0.00759341 0.00054766 0.00013096 0.00044716 0.00101222 0.30084637 0.01748440 0.45401231 0.00706325 0.01191945 0.01546886 0.18502755 0.00603981
1930.64354785 0.00745430 0.00019564 0.00012705 0.00015990 0.00129565 0.30143770 0.01940173 0.45567150 0.00710841 0.01080065 0.01389500 0.18411802 0.00578875
1931.64388129 0.00736676 0.00025733 0.00013344 0.00027387 0.00142347 0.30208445 0.01932306 0.45547096 0.00712928 0.01034184 0.01450915 0.18348963 0.00556352
1932.64421474 0.00735192 0.00057084 0.00012126 0.00063604 0.00176810 0.30173734 0.01745704 0.45589540 0.00744059 0.00937873 0.01587382 0.18312056 0.00600028
1933.64454818 0.00731639 0.00051247 0.00011533 0.00034677 0.00242438 0.30255959 0.01930902 0.45308002 0.00853157 0.00893137 0.01324400 0.18516756 0.00577792
1934.64488163 0.00723942 0.00031217 0.00011859 0.00010107 0.00097928 0.30291787 0.01707665 0.45286167 0.00679108 0.00896515 0.01679931 0.18676422 0.00631294
1935.64521507 0.00728849 0.00037856 0.00010971 0.00022194 0.00218057 0.30288511 0.01829391 0.45234512 0.00788329 0.00852476 0.01386817 0.18749866 0.00581020
1936.64554852 0.00709803 0.00075744 0.00011756 0.00057486 0.00105086 0.30194126 0.01751727 0.45180230 0.00804808 0.00787567 0.01613429 0.18833540 0.00584501
1937.64588196 0.00686052 0.00033656 0.00025956 0.00010465 0.00034671 0.30328352 0.01800307 0.45210475 0.00846836 0.00913667 0.01554769 0.18696525 0.00544321
1938.64621541 0.00755578 0.00027025 0.00016409 0.00011134 0.00172599 0.30466102 0.01797347 0.45260439 0.00737712 0.00961359 0.01319744 0.18672830 0.00557300
1939.64654885 0.00758836 0.00038789 0.00014575 0.00028926 0.00196594 0.30493012 0.01478319 0.45592662 0.00637358 0.00961302 0.01497501 0.18507563 0.00553397
1940.64688229 0.00765663 0.00034285 0.00023742 0.00042059 0.00156528 0.30707127 0.01698091 0.45274067 0.00698321 0.01066637 0.01139994 0.18549344 0.00609804
1941.64721574 0.00789645 0.00024938 0.00024882 0.00016817 0.00202309 0.30500945 0.01482970 0.45460251 0.00650686 0.01281925 0.01378334 0.18400181 0.00575761
1942.64754918 0.00840483 0.00035851 0.00022652 0.00016137 0.00136729 0.30301274 0.01515975 0.45421615 0.00645693 0.01557105 0.01193330 0.18609964 0.00543674
1943.64788263 0.00852027 0.00028821 0.00019436 0.00036104 0.00143870 0.30340772 0.01546560 0.45479268 0.00492701 0.01533619 0.01099890 0.18724028 0.00554931
1944.64821607 0.00869732 0.00020764 0.00016556 0.00055796 0.00111255 0.30202883 0.01594441 0.45365568 0.00472131 0.01575446 0.01281067 0.18775146 0.00528946
1945.64854952 0.00868102 0.00036101 0.00014568 0.00032384 0.00145875 0.30227098 0.01682202 0.45208406 0.00530371 0.01576004 0.00955998 0.18926798 0.00664194
1946.64888296 0.00843658 0.00021397 0.00016347 0.00024457 0.00032043 0.30024075 0.01574146 0.45350654 0.00590765 0.01598556 0.01281698 0.18979116 0.00506746
1947.64921641 0.00838141 0.00045116 0.00017682 0.00036031 0.00118792 0.30191502 0.01607819 0.45353495 0.00569709 0.01592682 0.01123931 0.18805479 0.00537761
1948.64954985 0.00808709 0.00017897 0.00018553 0.00014808 0.00108310 0.30174758 0.01565317 0.45628991 0.00470712 0.01549482 0.01240571 0.18691204 0.00519396
1949.64988329 0.00771036 0.00016628 0.00018632 0.00004860 0.00014417 0.30256876 0.01557522 0.45756394 0.00491750 0.01559336 0.01156867 0.18657516 0.00509202
1950.65021674 0.00755341 0.00030191 0.00019576 0.00011887 0.00137015 0.29992592 0.01676382 0.45915888 0.00579607 0.01549312 0.01024884 0.18550223 0.00512445
1951.65055018 0.00750868 0.00028223 0.00018763 0.00007115 0.00014836 0.29944971 0.01595247 0.45861421 0.00617005 0.01579509 0.01245351 0.18565634 0.00521927
1952.65088363 0.00745761 0.00017504 0.00017647 0.00025689 0.00168900 0.29969889 0.01563091 0.45812065 0.00494780 0.01577485 0.01065055 0.18759786 0.00528107
1953.65121707 0.00724289 0.00067941 0.00016332 0.00048666 0.00360571 0.29938141 0.01457258 0.45636338 0.00469189 0.01515070 0.01220744 0.18756558 0.00513190
1954.65155052 0.00709333 0.00044887 0.00015504 0.00029911 0.00254293 0.29843028 0.01463884 0.45575623 0.00637262 0.01493110 0.01194931 0.18897498 0.00550069
1955.65188396 0.00694323 0.00030050 0.00015568 0.00013348 0.00021023 0.29947112 0.01707211 0.45497944 0.00719902 0.01469804 0.01162856 0.18854256 0.00560926
1956.65221741 0.00690804 0.00030541 0.00013586 0.00019133 0.00037090 0.29842048 0.01573166 0.45523251 0.00547344 0.01427893 0.01444586 0.18928126 0.00613236
1957.65255085 0.00675235 0.00025839 0.00015182 0.00010896 0.00119237 0.29926769 0.01766975 0.45750202 0.00664412 0.01265805 0.01177785 0.18765569 0.00511329
1958.65288429 0.00667681 0.00022422 0.00012388 0.00011911 0.00016628 0.29911798 0.01572685 0.45893686 0.00601639 0.01238198 0.01384530 0.18654746 0.00679369
1959.65321774 0.00662189 0.00028955 0.00012449 0.00021872 0.00038310 0.29880362 0.01644281 0.46005165 0.00684962 0.01241755 0.01354697 0.18569154 0.00518038
1960.65355118 0.00644709 0.00021545 0.00017524 0.00011187 0.00020663 0.29873717 0.01723352 0.46058512 0.00673309 0.01297895 0.01224573 0.18455983 0.00621742
1961.65388463 0.00681117 0.00022362 0.00017669 0.00031277 0.00326465 0.29711470 0.01549189 0.46036034 0.00526080 0.01248036 0.01383177 0.18642034 0.00506207
1962.65421807 0.00647698 0.00043401 0.00014259 0.00028586 0.00284465 0.29994358 0.01710864 0.45902948 0.00548717 0.01144484 0.01188556 0.18533333 0.00606028
1963.65455152 0.00719400 0.00094930 0.00012602 0.00088676 0.00348365 0.29843212 0.01525761 0.45662492 0.00564823 0.01164931 0.01367832 0.18763093 0.00563282
1964.65488496 0.00715040 0.00049722 0.00012367 0.00060521 0.00232944 0.29959322 0.01618956 0.45547249 0.00700177 0.01201866 0.01238668 0.18789127 0.00589081
1965.65521841 0.00714204 0.00036793 0.00011473 0.00030829 0.00213821 0.29924083 0.01621550 0.45523177 0.00613343 0.01234876 0.01173164 0.18884489 0.00732403
1966.65555185 0.00689677 0.00032972 0.00014922 0.00028544 0.00149584 0.30075442 0.01584242 0.45746452 0.00428767 0.01320562 0.01248654 0.18895706 0.00474152
1967.65588530 0.00687127 0.00032221 0.00019020 0.00009573 0.00096615 0.30117869 0.01533471 0.45790253 0.00488314 0.01541786 0.01011325 0.18817705 0.00541848
1968.65621874 0.00683072 0.00030381 0.00017974 0.00022725 0.00110251 0.30190364 0.01382226 0.45987191 0.00470333 0.01422483 0.01136777 0.18748325 0.00480971
1969.65655218 0.00688081 0.00018487 0.00017490 0.00014041 0.00063756 0.30409376 0.01516807 0.45955232 0.00527498 0.01482470 0.00972611 0.18565709 0.00456523
1970.65688563 0.00704849 0.00027312 0.00018124 0.00018705 0.00169645 0.30465636 0.01462625 0.46021655 0.00364964 0.01394866 0.00904220 0.18656193 0.00496053
1971.65721907 0.00718766 0.00013620 0.00029470 0.00013687 0.00047815 0.30426165 0.01388556 0.45982274 0.00283721 0.01413594 0.00972414 0.18989658 0.00439026
1972.65755252 0.00758253 0.00017533 0.00025212 0.00004273 0.00028771 0.30730420 0.01372054 0.46031290 0.00383914 0.01290678 0.00829290 0.18794998 0.00491567
1973.65788596 0.00830749 0.00032347 0.00018970 0.00019248 0.00119445 0.30493209 0.01234527 0.45890772 0.00403095 0.01377005 0.00871100 0.19085952 0.00454330
1974.65821941 0.00849294 0.00028936 0.00021787 0.00023373 0.00167695 0.30531279 0.01304621 0.45887073 0.00329214 0.01411687 0.00845644 0.19018304 0.00430386
1975.65855285 0.00862473 0.00041612 0.00017690 0.00005743 0.00046533 0.30611007 0.01375988 0.45803551 0.00413260 0.01391538 0.00841528 0.19034692 0.00416859
1976.65888630 0.00879315 0.00040026 0.00016272 0.00030346 0.00136672 0.30671148 0.01224158 0.45999454 0.00299060 0.01366548 0.00885825 0.18918251 0.00412241
1977.65921974 0.00880136 0.00010758 0.00017825 0.00003699 0.00009671 0.30749837 0.01302604 0.46109837 0.00364912 0.01314461 0.00782967 0.18931623 0.00401807
1978.65955318 0.00871636 0.00010721 0.00015856 0.00011446 0.00014714 0.30680197 0.01213294 0.46235821 0.00381100 0.01289530 0.00938320 0.18823384 0.00385617
1979.65988663 0.00849868 0.00017724 0.00016757 0.00006707 0.00123181 0.30716378 0.01064100 0.46416995 0.00454014 0.01230477 0.00857573 0.18685973 0.00410122
1980.66022007 0.00809963 0.00038633 0.00019558 0.00025058 0.00165340 0.30541612 0.01152022 0.46336308 0.00375063 0.01062780 0.00869534 0.19058530 0.00355562
1981.66055352 0.00739353 0.00024318 0.00023436 0.00011492 0.00114160 0.30768865 0.01031925 0.46663670 0.00380210 0.01000638 0.00878022 0.18707694 0.00395569
1982.66088696 0.00634815 0.00012744 0.00022787 0.00003592 0.00008834 0.30378421 0.01193449 0.46431725 0.00426654 0.00997581 0.00869641 0.19288782 0.00365790
1983.66122041 0.00595266 0.00009981 0.00024485 0.00004180 0.00008212 0.30445543 0.01222369 0.46363629 0.00397948 0.01057696 0.00918561 0.19200980 0.00346415
1984.66155385 0.00588440 0.00011945 0.00022832 0.00003296 0.00008908 0.30257456 0.01179950 0.46471000 0.00436697 0.01066397 0.00936402 0.19238163 0.00366954
1985.66188730 0.00621551 0.00014244 0.00029498 0.00003703 0.00010642 0.30413477 0.01172376 0.46254017 0.00487372 0.01088018 0.00930047 0.19235576 0.00361029
1986.66222074 0.00655890 0.00057260 0.00020619 0.00040349 0.00060020 0.30248307 0.01120047 0.46518118 0.00446096 0.01019788 0.00897573 0.19159578 0.00412245
1987.66255418 0.00630939 0.00034128 0.00023516 0.00027598 0.00294749 0.30377138 0.00956321 0.46482998 0.00455163 0.00942583 0.00941924 0.19095180 0.00368703
1988.66288763 0.00665124 0.00017469 0.00022880 0.00011049 0.00019833 0.30373635 0.01099276 0.46765204 0.00432531 0.01091197 0.00819415 0.18854351 0.00493161
1989.66322107 0.00723644 0.00029645 0.00016120 0.00024442 0.00048600 0.30636661 0.01130765 0.46430684 0.00496883 0.01162278 0.01010971 0.18690145 0.00322806
1990.66355452 0.00707395 0.00036820 0.00013873 0.00004408 0.00019302 0.30515927 0.01045249 0.46495277 0.00630175 0.01042767 0.01071994 0.18718475 0.00405734
1991.66388796 0.00703819 0.00021803 0.00013955 0.00036786 0.00035615 0.30564679 0.01139221 0.46245586 0.00595212 0.01078504 0.00884381 0.18916731 0.00467527
1992.66422141 0.00680684 0.00015815 0.00013777 0.00011794 0.00012022 0.30748438 0.01036154 0.46224629 0.00438841 0.01081181 0.01034261 0.18991233 0.00391856
1993.66455485 0.00654287 0.00014473 0.00014568 0.00013157 0.00021005 0.30764970 0.01090416 0.46128021 0.00450744 0.00969016 0.00861759 0.19235230 0.00436642
1994.66488830 0.00607346 0.00014877 0.00014546 0.00006818 0.00011100 0.30954378 0.01118306 0.46042236 0.00509670 0.00952697 0.00881022 0.19162217 0.00332133
1995.66522174 0.00573481 0.00029660 0.00014387 0.00005451 0.00028884 0.30552846 0.01131677 0.46230709 0.00557898 0.00994693 0.00923483 0.19178559 0.00351755
1996.66555519 0.00584061 0.00023511 0.00015469 0.00007797 0.00030151 0.30710127 0.01207041 0.46174304 0.00565794 0.00999178 0.01005259 0.18917876 0.00343494
1997.66588863 0.00695696 0.00047355 0.00014673 0.00052553 0.00069787 0.30484466 0.01012719 0.46481369 0.00476456 0.00936165 0.01052315 0.18976267 0.00395875
1998.66622207 0.00685709 0.00036958 0.00012361 0.00031807 0.00220234 0.30760330 0.01142846 0.46465349 0.00560189 0.00928941 0.00868548 0.18570511 0.00401925
1999.66655552 0.00685548 0.00023248 0.00015702 0.00010671 0.00115299 0.30421646 0.01032312 0.46413517 0.00428819 0.01176111 0.01013288 0.18958823 0.00390564
2000.66688896 0.00702921 0.00033652 0.00012724 0.00025167 0.00145445 0.30760238 0.01140460 0.46327891 0.00466138 0.01162676 0.00812221 0.18770526 0.00342863
2001.66722241 0.00690342 0.00021616 0.00012235 0.00007069 0.00090544 0.30512879 0.01093813 0.46349569 0.00426746 0.01210797 0.00891869 0.18993630 0.00389234
2002.66755585 0.00668754 0.00011604 0.00011679 0.00018970 0.00028505 0.30717149 0.01084809 0.46041074 0.00387186 0.01189374 0.00919907 0.19155884 0.00433860
2003.66788930 0.00672618 0.00023320 0.00012046 0.00017949 0.00028770 0.30449159 0.01084751 0.46117850 0.00471097 0.01170875 0.00992721 0.19121815 0.00509648
2004.66822274 0.00661091 0.00050027 0.00011224 0.00061228 0.00132720 0.30517919 0.01077021 0.46167659 0.00396397 0.01159664 0.01027540 0.19036928 0.00361671
2005.66855619 0.00683141 0.00033242 0.00020582 0.00015113 0.00103122 0.30482668 0.01167994 0.46035869 0.00527267 0.01297069 0.00761168 0.19071976 0.00483929
2006.66888963 0.00665769 0.00036098 0.00012722 0.00032868 0.00159226 0.30464454 0.01137898 0.46324962 0.00472001 0.01291237 0.00911278 0.18817734 0.00339523
2007.66922307 0.00645812 0.00026508 0.00013253 0.00011892 0.00100902 0.30518272 0.01212392 0.46122917 0.00558262 0.01301844 0.00908796 0.18754877 0.00470085
2008.66955652 0.00635027 0.00062992 0.00012818 0.00056605 0.00218677 0.30264312 0.01163120 0.46236338 0.00516880 0.01295606 0.01051981 0.18693765 0.00426906
2009.66988996 0.00620339 0.00034228 0.00017149 0.00009003 0.00148936 0.30083462 0.01222559 0.46353561 0.00587957 0.01292556 0.01181558 0.18550920 0.00518112
2010.67022341 0.00627845 0.00037214 0.00012939 0.00006207 0.00028054 0.29921827 0.01457173 0.46158122 0.00714211 0.01274369 0.01021425 0.18908078 0.00460379
2011.67055685 0.00622339 0.00025718 0.00012317 0.00008475 0.00028661 0.30092673 0.01485557 0.46155989 0.00580286 0.01237226 0.01227452 0.18756161 0.00389484
2012.67089030 0.00624549 0.00020256 0.00010738 0.00004019 0.00017094 0.29927094 0.01584869 0.46066617 0.00530221 0.01219498 0.01145943 0.19003968 0.00469683
2013.67122374 0.00625056 0.00021148 0.00010973 0.00006892 0.00020509 0.30176594 0.01435794 0.45929123 0.00586778 0.01175691 0.01151664 0.19099573 0.00385262
2014.67155719 0.00614025 0.00025740 0.00010949 0.00003710 0.00017269 0.30137198 0.01268270 0.46079533 0.00677984 0.01168084 0.01191571 0.18969142 0.00450552
2015.67189063 0.00601068 0.00022685 0.00011547 0.00004878 0.00014505 0.30141888 0.01291416 0.46294043 0.00714407 0.01134752 0.01050193 0.18939346 0.00380340
2016.67222407 0.00774168 0.00013306 0.00016612 0.00003777 0.00009745 0.30264124 0.01173189 0.46247607 0.00516368 0.01219268 0.01203557 0.18929493 0.00402954
2017.67255752 0.00785416 0.00013538 0.00011905 0.00003689 0.00010485 0.30346318 0.01326286 0.46457613 0.00575310 0.01201987 0.01033998 0.18631081 0.00387790
2018.67289096 0.00791859 0.00013958 0.00011528 0.00004008 0.00010448 0.30239406 0.01279580 0.46381060 0.00576488 0.01228825 0.01102957 0.18767196 0.00384545
2019.67322441 0.00788915 0.00013475 0.00011589 0.00003753 0.00009594 0.30342425 0.01240377 0.46343156 0.00562402 0.01221091 0.01163468 0.18691643 0.00397028
2020.67355785 0.00777754 0.00015304 0.00012000 0.00003787 0.00011660 0.30209115 0.01368011 0.46314390 0.00625565 0.01241961 0.00994587 0.18823705 0.00379917
2021.67389130 0.00778710 0.00022053 0.00019584 0.00004002 0.00012618 0.30343080 0.01105744 0.46053911 0.00577465 0.01137383 0.01259787 0.19058056 0.00406317
2022.67422474 0.00792156 0.00044586 0.00014817 0.00044667 0.00105972 0.30180043 0.01274464 0.46166398 0.00648682 0.01115048 0.00936793 0.19080335 0.00388194
2023.67455819 0.00790058 0.00014141 0.00012190 0.00003799 0.00009453 0.30525859 0.01189115 0.46131422 0.00476423 0.01098660 0.01121328 0.19012246 0.00405363
2024.67489163 0.00803453 0.00012647 0.00012373 0.00004229 0.00009718 0.30338056 0.01309599 0.46146483 0.00480851 0.01151264 0.01000996 0.19159696 0.00374089
2025.67522508 0.00797018 0.00013387 0.00011355 0.00003573 0.00010073 0.30467067 0.01338089 0.46413207 0.00503306 0.01149462 0.00909206 0.18797478 0.00383797
2026.67555852 0.00774257 0.00011453 0.00012966 0.00004143 0.00008864 0.30420235 0.01190025 0.46453629 0.00418109 0.01208441 0.01090996 0.18788120 0.00393019
2027.67589196 0.00769158 0.00014298 0.00011949 0.00003427 0.00011240 0.30424485 0.01334841 0.46476924 0.00494113 0.01230807 0.00826415 0.18776812 0.00394689
2028.67622541 0.00770485 0.00010675 0.00011415 0.00003900 0.00008936 0.30424603 0.01148578 0.46577573 0.00374961 0.01265844 0.01081008 0.18684760 0.00407747
2029.67655885 0.00774960 0.00014862 0.00011725 0.00003823 0.00017709 0.30291447 0.01323009 0.46386831 0.00436640 0.01305142 0.01000721 0.18812018 0.00396074
2030.67689230 0.00759071 0.00013983 0.00011519 0.00005087 0.00010506 0.30257541 0.01284119 0.46255607 0.00493546 0.01311120 0.00942838 0.19010096 0.00404038
2031.67722574 0.00726626 0.00013640 0.00013362 0.00005321 0.00009171 0.30274435 0.01226007 0.46241000 0.00458999 0.01353446 0.01010633 0.18998499 0.00395487
2032.67755919 0.00691136 0.00038326 0.00012526 0.00036279 0.00125167 0.30268665 0.01384411 0.46081520 0.00464211 0.01203572 0.00836486 0.19160481 0.00388355
2033.67789263 0.00672312 0.00023108 0.00012999 0.00015673 0.00028664 0.30218470 0.01229472 0.46189926 0.00434236 0.01233432 0.01115026 0.19085635 0.00413359
2034.67822608 0.00670987 0.00019669 0.00016154 0.00005904 0.00015801 0.30333657 0.01304292 0.46260433 0.00579044 0.01231406 0.00911434 0.18903371 0.00418837
2035.67855952 0.00679936 0.00014197 0.00012443 0.00006170 0.00013194 0.30215009 0.01321131 0.46311499 0.00489697 0.01241283 0.01007039 0.18962124 0.00406213
2036.67889296 0.00688973 0.00011193 0.00011994 0.00004103 0.00009367 0.30327815 0.01296522 0.46545487 0.00412462 0.01216156 0.01115742 0.18641952 0.00407207
2037.67922641 0.00697237 0.00016387 0.00011084 0.00004495 0.00013224 0.30253938 0.01377039 0.46472896 0.00539624 0.01235153 0.00916261 0.18765505 0.00394395
2038.67955985 0.00701724 0.00015521 0.00009787 0.00004148 0.00012130 0.30326023 0.01216124 0.46424260 0.00487472 0.01198284 0.01122604 0.18769919 0.00413728
2039.67989330 0.00706347 0.00014807 0.00014700 0.00003739 0.00011299 0.30263107 0.01236362 0.46583102 0.00535547 0.01224296 0.00922142 0.18815354 0.00375546
2040.68022674 0.00703953 0.00016409 0.00014009 0.00008043 0.00018236 0.30188974 0.01287102 0.46180963 0.00530060 0.01266170 0.01068077 0.19038486 0.00383470
2041.68056019 0.00714322 0.00011865 0.00013640 0.00004565 0.00011600 0.30117146 0.01165411 0.46333915 0.00478547 0.01281347 0.01098509 0.19126861 0.00356595
2042.68089363 0.00720572 0.00027523 0.00011181 0.00026343 0.00107909 0.30225593 0.01167258 0.46359875 0.00591716 0.01251885 0.00878204 0.18999242 0.00353271
2043.68122708 0.00794830 0.00019459 0.00018716 0.00005894 0.00024670 0.30120393 0.01059408 0.46363996 0.00475958 0.01142107 0.01225340 0.19189808 0.00354251
2044.68156052 0.00761276 0.00021050 0.00016064 0.00003465 0.00015573 0.30346953 0.01194093 0.46332679 0.00666023 0.01113709 0.00927422 0.19008245 0.00354725
2045.68189396 0.00753900 0.00014296 0.00013170 0.00005185 0.00008876 0.30410876 0.01042234 0.46552274 0.00578758 0.01091704 0.01056881 0.18884593 0.00341153
2046.68222741 0.00757368 0.00013111 0.00011670 0.00003485 0.00009564 0.30517230 0.01121237 0.46484602 0.00527702 0.01073705 0.01043824 0.18862620 0.00331249
2047.68256085 0.00758394 0.00013260 0.00010821 0.00003429 0.00010582 0.30441316 0.01160963 0.46677752 0.00552417 0.01083295 0.00974987 0.18741351 0.00329828
2048.68289430 0.00749561 0.00012359 0.00011190 0.00003637 0.00009160 0.30497705 0.01017237 0.46556501 0.00513445 0.01086339 0.01138381 0.18814445 0.00339600
2049.68322774 0.00739772 0.00016608 0.00010741 0.00003083 0.00011774 0.30479413 0.01146404 0.46458833 0.00623962 0.01083940 0.00884879 0.18947676 0.00332686
2050.68356119 0.00721532 0.00011376 0.00011115 0.00003499 0.00008244 0.30461022 0.01020972 0.46461284 0.00497400 0.01108888 0.01115943 0.18961090 0.00339166
2051.68389463 0.00713932 0.00011651 0.00010529 0.00003134 0.00008945 0.30551380 0.01123363 0.46240154 0.00523582 0.01097196 0.00971667 0.19127071 0.00331328
2052.68422808 0.00702172 0.00013410 0.00011213 0.00004411 0.00009179 0.30404923 0.01280570 0.46141403 0.00542823 0.01141483 0.00957010 0.19151412 0.00342163
2053.68456152 0.00685162 0.00024551 0.00011236 0.00010877 0.00015548 0.30447282 0.01142047 0.46199717 0.00550135 0.01117731 0.01201280 0.18900419 0.00379177
2054.68489496 0.00684301 0.00034899 0.00011592 0.00013416 0.00035480 0.30197090 0.01216621 0.46229055 0.00723671 0.01032164 0.01096697 0.19035064 0.00374250
2055.68522841 0.00643701 0.00022395 0.00012598 0.00003996 0.00020712 0.30348168 0.01184392 0.46357619 0.00581755 0.01015733 0.01210295 0.18807469 0.00434865
2056.68556185 0.00633749 0.00018211 0.00011987 0.00006672 0.00018548 0.30200250 0.01338549 0.46570662 0.00577072 0.01068369 0.01111919 0.18718885 0.00358875
2057.68589530 0.00642286 0.00015039 0.00010354 0.00004102 0.00010798 0.30335256 0.01288021 0.46494439 0.00576661 0.01062891 0.01116339 0.18698088 0.00388012
2058.68622874 0.00649578 0.00015370 0.00010024 0.00004752 0.00010357 0.30222863 0.01241584 0.46517504 0.00592219 0.01118489 0.01121652 0.18770896 0.00374290
2059.68656219 0.00632634 0.00017585 0.00010909 0.00004357 0.00163702 0.30172096 0.01242807 0.46392966 0.00586759 0.01168157 0.01017639 0.18804132 0.00418889
2060.68689563 0.00631300 0.00027411 0.00010942 0.00020487 0.00091377 0.30104351 0.01201031 0.46256875 0.00531766 0.01190885 0.01136722 0.19013383 0.00414769
2061.68722908 0.00646910 0.00021442 0.00011557 0.00028005 0.00191335 0.30141189 0.01199551 0.46398844 0.00465454 0.01154825 0.00877694 0.19029958 0.00480145
2062.68756252 0.00832238 0.00057391 0.00010775 0.00050418 0.00326953 0.30133967 0.01137089 0.46282160 0.00446115 0.01066418 0.00919800 0.19120201 0.00448714
2063.68789597 0.00832624 0.00034485 0.00016013 0.00030686 0.00309733 0.30087439 0.01200615 0.46648477 0.00499096 0.00896698 0.00927620 0.18963770 0.00385369
2064.68822941 0.00834531 0.00020357 0.00011951 0.00048386 0.00044285 0.30113476 0.01246442 0.46697851 0.00446806 0.00885254 0.00889615 0.19080167 0.00515412
2065.68856285 0.00813383 0.00025452 0.00011443 0.00016630 0.00038651 0.30110993 0.01148338 0.46874631 0.00460984 0.00866703 0.01031473 0.18893683 0.00521018
2066.68889630 0.00820397 0.00026753 0.00011077 0.00016813 0.00034194 0.30069929 0.01424408 0.46813731 0.00543979 0.00846346 0.01018390 0.18782418 0.00411961
2067.68922974 0.00805078 0.00019182 0.00011541 0.00007071 0.00014452 0.30102325 0.01276481 0.46801751 0.00514323 0.00829994 0.01149184 0.18743780 0.00529915
2068.68956319 0.00768934 0.00019773 0.00011408 0.00013361 0.00018621 0.30068104 0.01372371 0.46668189 0.00609493 0.00806265 0.01090908 0.18901753 0.00419753
2069.68989663 0.00747602 0.00018755 0.00012866 0.00005579 0.00011625 0.30199268 0.01356861 0.46546611 0.00603643 0.00807708 0.01085607 0.18861903 0.00489573
2070.69023008 0.00735480 0.00022287 0.00017531 0.00008668 0.00022341 0.30210468 0.01182557 0.46523444 0.00681825 0.00815449 0.01148991 0.19006468 0.00359971
2071.69056352 0.00735806 0.00048708 0.00015581 0.00024513 0.00085402 0.30221484 0.01192679 0.46466948 0.00715524 0.00773548 0.00993862 0.19081147 0.00380605
2072.69089697 0.00882696 0.00060478 0.00015677 0.00074034 0.00250817 0.30188986 0.01090573 0.46444838 0.00620390 0.00702908 0.01239170 0.18920786 0.00391343
2073.69123041 0.00825922 0.00070515 0.00016526 0.00017331 0.00134621 0.30232507 0.01142415 0.46187866 0.00844157 0.00765969 0.01095606 0.19055972 0.00436514
2074.69156385 0.00765521 0.00062516 0.00023475 0.00028748 0.00180747 0.30366339 0.01036182 0.46465450 0.00763488 0.00814776 0.01085123 0.18798310 0.00374845
2075.69189730 0.00726666 0.00037760 0.00022638 0.00010503 0.00118742 0.30391106 0.01151620 0.46407715 0.00634443 0.00841704 0.01121446 0.18821888 0.00440433
2076.69223074 0.00674854 0.00016825 0.00025521 0.00005375 0.00015841 0.30513658 0.01295282 0.46386262 0.00571363 0.00865647 0.01062236 0.18918767 0.00323222
2077.69256419 0.00664667 0.00017859 0.00023448 0.00003295 0.00010161 0.30535451 0.01148938 0.46545099 0.00607262 0.00906835 0.01128572 0.18733046 0.00340034
2078.69289763 0.00676158 0.00020067 0.00020510 0.00004264 0.00011091 0.30500489 0.01132397 0.46308890 0.00699702 0.00925656 0.01007834 0.19027876 0.00341223
2079.69323108 0.00649359 0.00015957 0.00017155 0.00003229 0.00011278 0.30627886 0.01066234 0.46178198 0.00584981 0.00967868 0.01117767 0.19040543 0.00368905
2080.69356452 0.00659106 0.00012693 0.00017653 0.00003474 0.00009791 0.30611755 0.01116748 0.46252331 0.00529164 0.01063770 0.01052727 0.18980652 0.00349241
2081.69389797 0.00557970 0.00013105 0.00026913 0.00003334 0.00009665 0.30505047 0.01148193 0.46140064 0.00537241 0.01071124 0.00986954 0.19217444 0.00340916
2082.69423141 0.00575472 0.00012419 0.00015308 0.00004304 0.00019292 0.30590149 0.01175044 0.46304451 0.00484269 0.01009200 0.01030230 0.18998300 0.00357033
2083.69456485 0.00607385 0.00044391 0.00012011 0.00047345 0.00113452 0.30367140 0.01079879 0.46410678 0.00707576 0.00983255 0.00894782 0.18934160 0.00405330
2084.69489830 0.00610936 0.00027760 0.00010511 0.00027703 0.00173014 0.30435685 0.01059680 0.46417100 0.00476770 0.00972572 0.01033379 0.18881413 0.00484413
2085.69523174 0.00603689 0.00022267 0.00010169 0.00027978 0.00158170 0.30430993 0.01087640 0.46565428 0.00488589 0.00969543 0.00922020 0.18747737 0.00569466
2086.69556519 0.00589831 0.00020809 0.00015357 0.00022317 0.00029715 0.30512178 0.01119816 0.46646940 0.00489460 0.00967656 0.00910155 0.18781370 0.00484227
2087.69589863 0.00606215 0.00044337 0.00024731 0.00043232 0.00041674 0.30528869 0.00966110 0.46493212 0.00483982 0.01037733 0.00955574 0.19039680 0.00340865
2088.69623208 0.00631859 0.00025369 0.00016967 0.00026752 0.00139329 0.30498800 0.01049855 0.46578147 0.00497564 0.01037536 0.00837663 0.18981485 0.00310533
2089.69656552 0.00603560 0.00018869 0.00013480 0.00007421 0.00107663 0.30710181 0.00984534 0.46349976 0.00465086 0.00986898 0.00960331 0.19041288 0.00354273
2090.69689897 0.00588257 0.00030461 0.00017484 0.00021210 0.00136574 0.30405867 0.01011756 0.46484498 0.00492216 0.01009862 0.00899238 0.19163978 0.00326857
2091.69723241 0.00525542 0.00011224 0.00020996 0.00002979 0.00008512 0.30638235 0.01030616 0.46390841 0.00498896 0.01126925 0.00873068 0.19086224 0.00311485
2092.69756586 0.00519896 0.00012787 0.00015482 0.00003640 0.00007942 0.30568250 0.01036669 0.46434341 0.00456961 0.01040381 0.00999646 0.19085086 0.00338814
2093.69789930 0.00527794 0.00040138 0.00014301 0.00023423 0.00157375 0.30440919 0.01126637 0.46488706 0.00592499 0.00949439 0.00876812 0.18920532 0.00369220
2094.69823274 0.00537054 0.00027593 0.00013775 0.00016729 0.00186300 0.30424510 0.00977544 0.46579387 0.00515962 0.00925030 0.01032366 0.18840756 0.00460048
2095.69856619 0.00542549 0.00038652 0.00025583 0.00021924 0.00086224 0.30456266 0.01057017 0.46641182 0.00472641 0.00959356 0.00968649 0.18879414 0.00393093
2096.69889963 0.00534886 0.00011697 0.00019918 0.00003541 0.00008713 0.30435867 0.01208307 0.46805422 0.00482124 0.00934854 0.00826840 0.18949920 0.00312797
2097.69923308 0.00542444 0.00010955 0.00014190 0.00003341 0.00007421 0.30484223 0.01030369 0.46723762 0.00438512 0.00906041 0.01040489 0.19002426 0.00338269
2098.69956652 0.00552036 0.00017111 0.00016448 0.00015858 0.00030857 0.30454965 0.01069139 0.46748334 0.00487928 0.00972675 0.00752269 0.19014644 0.00419772
2099.69989997 0.00631390 0.00011810 0.00011294 0.00007079 0.00123895 0.30562093 0.00938483 0.46533655 0.00459186 0.00772521 0.01083977 0.19113730 0.00382276
2100.70023341 0.00620267 0.00012377 0.00012485 0.00004951 0.00013356 0.30734686 0.00963127 0.46667948 0.00456186 0.00759182 0.00916928 0.19158856 0.00299919
2101.70056686 0.00611934 0.00012249 0.00012629 0.00003034 0.00009206 0.30755442 0.00977846 0.46635185 0.00484231 0.00758697 0.00848166 0.19175616 0.00327699
2102.70090030 0.00610476 0.00010148 0.00012609 0.00004339 0.00007979 0.30602654 0.00930339 0.46703923 0.00444942 0.00877764 0.00947744 0.19148630 0.00308928
2103.70123374 0.00606779 0.00010088 0.00011168 0.00003101 0.00008199 0.30640163 0.01071204 0.46720727 0.00456725 0.00893630 0.00797082 0.19087678 0.00300235
2104.70156719 0.00597476 0.00008516 0.00011340 0.00003342 0.00007359 0.30585768 0.00952905 0.46843393 0.00401300 0.00932323 0.00946950 0.18989310 0.00317494
2105.70190063 0.00576635 0.00010909 0.00012097 0.00003244 0.00008611 0.30634118 0.01012821 0.46785671 0.00455726 0.00952795 0.00824581 0.18988782 0.00310645
2106.70223408 0.00545604 0.00010177 0.00015189 0.00002692 0.00007712 0.30589151 0.00879505 0.47012413 0.00425329 0.01006814 0.00809585 0.18950152 0.00291282
2107.70256752 0.00526130 0.00009468 0.00014788 0.00002949 0.00007528 0.30601914 0.00857231 0.46934672 0.00398839 0.01021599 0.00842999 0.19020748 0.00287264
2108.70290097 0.00515824 0.00010690 0.00018933 0.00002788 0.00007495 0.30703225 0.00942380 0.46869903 0.00408183 0.00969139 0.00651299 0.19131035 0.00284931
2109.70323441 0.00540962 0.00012203 0.00014375 0.00003044 0.00008890 0.30594356 0.00801119 0.46900957 0.00355715 0.00957639 0.00832271 0.19235838 0.00283594
2110.70356786 0.00567551 0.00017015 0.00014456 0.00003413 0.00012237 0.30664362 0.00854664 0.46701848 0.00439627 0.01135751 0.00660259 0.19182706 0.00313663
2111.70390130 0.00579712 0.00016839 0.00015071 0.00003071 0.00010585 0.30564596 0.00826764 0.46788134 0.00399344 0.01142446 0.00734113 0.19194013 0.00305024
2112.70423474 0.00567306 0.00008416 0.00018666 0.00002899 0.00006245 0.30740871 0.00793530 0.46796896 0.00302765 0.01137708 0.00723386 0.19206625 0.00261993
2113.70456819 0.00570353 0.00008224 0.00013843 0.00002362 0.00006643 0.30749845 0.00928229 0.46916106 0.00346786 0.01110483 0.00566101 0.19094746 0.00256630
2114.70490163 0.00502037 0.00068143 0.00010918 0.00067936 0.00187630 0.30679303 0.00737787 0.46852875 0.00321410 0.00921697 0.00815947 0.19029170 0.00307184
2115.70523508 0.00505038 0.00012751 0.00027244 0.00003889 0.00006977 0.30702628 0.01119835 0.46935094 0.00369018 0.00909420 0.00564970 0.19089750 0.00258423
2116.70556852 0.00534602 0.00014664 0.00012795 0.00002537 0.00008883 0.30779676 0.00815674 0.46995295 0.00336023 0.00899824 0.00856597 0.18960287 0.00317746
2117.70590197 0.00539328 0.00049453 0.00010864 0.00050883 0.00298298 0.30544703 0.00776463 0.46960274 0.00407605 0.00877568 0.00711229 0.19040473 0.00272186
2118.70623541 0.00542018 0.00017775 0.00010245 0.00010728 0.00279373 0.30608682 0.00811340 0.46928083 0.00455482 0.00863081 0.00698286 0.19002934 0.00313989
2119.70656886 0.00555163 0.00030415 0.00014928 0.00031719 0.00229510 0.30533127 0.00796153 0.46961727 0.00358488 0.00748625 0.00820278 0.19170331 0.00304699
2120.70690230 0.00545269 0.00021421 0.00011793 0.00025300 0.00248414 0.30561573 0.00942219 0.46970537 0.00433481 0.00720929 0.00628365 0.19149101 0.00286866
2121.70723575 0.00534646 0.00011976 0.00013013 0.00003268 0.00008471 0.30568095 0.00819076 0.47099493 0.00359803 0.00709807 0.00884055 0.19212417 0.00310527
2122.70756919 0.00522121 0.00012940 0.00010900 0.00003246 0.00008174 0.30540823 0.00967824 0.47105287 0.00428035 0.00677029 0.00699150 0.19257468 0.00289123
2123.70790263 0.00512193 0.00012004 0.00012421 0.00003135 0.00007858 0.30714325 0.00907476 0.47189034 0.00370580 0.00635494 0.00691380 0.19175319 0.00280975
2124.70823608 0.00503397 0.00009133 0.00010524 0.00002747 0.00006866 0.30704298 0.00887199 0.47210915 0.00321255 0.00627555 0.00748908 0.19182007 0.00288592
2125.70856952 0.00483948 0.00009782 0.00011766 0.00002841 0.00007895 0.30705389 0.00921679 0.47297826 0.00349665 0.00657828 0.00675312 0.19073433 0.00286583
2126.70890297 0.00634194 0.00030854 0.00016488 0.00018035 0.00109403 0.30959852 0.00764531 0.46957969 0.00261042 0.00691658 0.00733356 0.19134100 0.00322712
2127.70923641 0.00600065 0.00028385 0.00016927 0.00028961 0.00137541 0.30973720 0.00788206 0.47015605 0.00344439 0.00725760 0.00584811 0.19052613 0.00303032
2128.70956986 0.00610402 0.00014632 0.00017196 0.00016124 0.00104704 0.30968358 0.00826031 0.46867388 0.00309911 0.00723187 0.00643881 0.19228780 0.00279808
2129.70990330 0.00666909 0.00051524 0.00021384 0.00050105 0.00199614 0.30836491 0.00714758 0.46924299 0.00262528 0.00786260 0.00625427 0.19237316 0.00290296
2130.71023675 0.00712596 0.00017623 0.00016376 0.00006492 0.00093544 0.31081084 0.00719517 0.46852667 0.00322157 0.00787680 0.00555631 0.19284084 0.00263147
2131.71057019 0.00725109 0.00014987 0.00016955 0.00004076 0.00011947 0.31070836 0.00674066 0.46933976 0.00349968 0.00768432 0.00641432 0.19245711 0.00267616
2132.71090363 0.00715249 0.00013250 0.00013617 0.00002273 0.00008407 0.30966407 0.00727295 0.47034503 0.00313884 0.00785791 0.00605064 0.19244811 0.00284699
2133.71123708 0.00694555 0.00008136 0.00014575 0.00006193 0.00172117 0.31099063 0.00823152 0.47009151 0.00250780 0.00624798 0.00610320 0.19119070 0.00262645
2134.71157052 0.00684317 0.00016101 0.00013269 0.00008672 0.00113115 0.30863793 0.00856471 0.47318761 0.00238484 0.00645080 0.00588758 0.19038735 0.00298760
2135.71190397 0.00680271 0.00011363 0.00011995 0.00003732 0.00160708 0.30956115 0.00928836 0.47120499 0.00277251 0.00620510 0.00610992 0.18984014 0.00313986
2136.71223741 0.00674498 0.00029906 0.00011960 0.00018995 0.00139107 0.30902135 0.00824489 0.46978545 0.00323114 0.00657488 0.00644088 0.19157005 0.00313169
2137.71257086 0.00658404 0.00048317 0.00011452 0.00054834 0.00232148 0.30759867 0.00852389 0.47002819 0.00343576 0.00641380 0.00653474 0.19088914 0.00310829
2138.71290430 0.00629078 0.00038202 0.00013574 0.00019400 0.00037998 0.30742895 0.00944988 0.46901872 0.00326537 0.00679904 0.00711960 0.19178231 0.00404440
2139.71323775 0.00595561 0.00017744 0.00019591 0.00010673 0.00015654 0.30593235 0.01015096 0.46841847 0.00324165 0.00716857 0.00669987 0.19352120 0.00423032
2140.71357119 0.00571302 0.00011396 0.00020048 0.00006362 0.00012360 0.30598993 0.00988545 0.46907677 0.00270087 0.00744875 0.00800214 0.19257963 0.00381481
2141.71390463 0.00547532 0.00048417 0.00013921 0.00046308 0.00111109 0.30583642 0.01177302 0.46932148 0.00339886 0.00674103 0.00628342 0.19137727 0.00307094
2142.71423808 0.00568009 0.00009390 0.00014129 0.00003261 0.00006727 0.30536749 0.01128952 0.47169267 0.00259030 0.00690637 0.00706999 0.19131389 0.00343471
2143.71457152 0.00564173 0.00011154 0.00011237 0.00003262 0.00008866 0.30653771 0.01104447 0.47228223 0.00319331 0.00645814 0.00670223 0.18995058 0.00348614
2144.71490497 0.00568554 0.00012822 0.00009982 0.00003467 0.00010181 0.30533327 0.01041275 0.47239127 0.00304216 0.00635623 0.00749263 0.19109617 0.00351099
2145.71523841 0.00555412 0.00011610 0.00009557 0.00003269 0.00008874 0.30665932 0.00938802 0.47289186 0.00287820 0.00591300 0.00855403 0.18963329 0.00374918
2146.71557186 0.00536981 0.00012795 0.00009609 0.00003396 0.00009579 0.30554177 0.01133551 0.47217363 0.00373839 0.00592927 0.00613966 0.19136193 0.00342604
2147.71590530 0.00512965 0.00007993 0.00009508 0.00012692 0.00015455 0.30663870 0.01059261 0.46917972 0.00267136 0.00556198 0.00887692 0.19155058 0.00447166
2148.71623875 0.00503482 0.00017293 0.00009909 0.00020446 0.00033057 0.30573346 0.01205406 0.46953416 0.00325492 0.00563769 0.00698420 0.19193635 0.00405811
2149.71657219 0.00488686 0.00009311 0.00010304 0.00008846 0.00007988 0.30674221 0.01142072 0.46874661 0.00309806 0.00541555 0.00793667 0.19186615 0.00440955
2150.71690564 0.00464449 0.00010070 0.00010664 0.00015131 0.00017375 0.30582178 0.01077335 0.46861899 0.00317316 0.00545565 0.00884377 0.19281019 0.00397071
2151.71723908 0.00441594 0.00020103 0.00014232 0.00010147 0.00010464 0.30664946 0.01121618 0.46946736 0.00400594 0.00540837 0.00687438 0.19088706 0.00494178
2152.71757252 0.00517683 0.00037918 0.00012998 0.00051107 0.00154741 0.30590292 0.01013334 0.46903145 0.00289611 0.00552008 0.00939023 0.19015501 0.00440322
2153.71790597 0.00511606 0.00018534 0.00014515 0.00014343 0.00017193 0.30565376 0.01225419 0.46911904 0.00408107 0.00542058 0.00790476 0.19045975 0.00446099
2154.71823941 0.00564545 0.00023388 0.00011232 0.00013612 0.00017881 0.30330714 0.01359322 0.46976230 0.00414049 0.00519459 0.00905103 0.18857934 0.00571076
2155.71857286 0.00620626 0.00024439 0.00010351 0.00014372 0.00041264 0.30092267 0.01335284 0.47028731 0.00340936 0.00536076 0.00992170 0.19042439 0.00541671
2156.71890630 0.00615551 0.00018151 0.00009744 0.00014859 0.00016832 0.30205551 0.01508950 0.47144536 0.00407404 0.00513746 0.00844333 0.18854896 0.00460999
2157.71923975 0.00584159 0.00025989 0.00009015 0.00016797 0.00112851 0.30104225 0.01288384 0.46983835 0.00345481 0.00535799 0.00999893 0.19115779 0.00461953
2158.71957319 0.00573577 0.00041082 0.00008485 0.00029532 0.00145339 0.30218229 0.01354408 0.46962020 0.00403451 0.00518396 0.00819913 0.19063026 0.00436120
2159.71990664 0.00578009 0.00023552 0.00012163 0.00013805 0.00119107 0.30132978 0.01194614 0.47030417 0.00306614 0.00726434 0.00911548 0.19084121 0.00444646
2160.72024008 0.00570030 0.00031120 0.00011650 0.00038197 0.00135805 0.30055006 0.01256546 0.46916760 0.00334320 0.00704006 0.00865783 0.19118968 0.00531838
2161.72057352 0.00554189 0.00011283 0.00015514 0.00010225 0.00011218 0.30081597 0.01385543 0.47109085 0.00340634 0.00742500 0.00729139 0.19071855 0.00491408
2162.72090697 0.00549657 0.00006594 0.00013148 0.00004042 0.00006886 0.30064758 0.01204284 0.47353050 0.00233549 0.00736247 0.00911803 0.19063812 0.00401827
2163.72124041 0.00557913 0.00010992 0.00013833 0.00003637 0.00010359 0.30095981 0.01314177 0.47268959 0.00343901 0.00758627 0.00675849 0.19102908 0.00400776
2164.72157386 0.00558967 0.00041472 0.00012249 0.00054803 0.00069583 0.30070375 0.01177269 0.47428823 0.00250590 0.00730053 0.00806321 0.18957595 0.00400867
2165.72190730 0.00550445 0.00017733 0.00013588 0.00016131 0.00129001 0.30059397 0.01165147 0.47508165 0.00272864 0.00608491 0.00758133 0.19035841 0.00415509
2166.72224075 0.00541790 0.00023791 0.00011816 0.00017243 0.00013539 0.30059032 0.01361457 0.47319861 0.00359778 0.00611977 0.00731046 0.19021046 0.00469413
2167.72257419 0.00541280 0.00058833 0.00010991 0.00055688 0.00211829 0.30038205 0.01026929 0.47261154 0.00258577 0.00601780 0.00819128 0.19082086 0.00574801
2168.72290764 0.00532551 0.00029123 0.00015916 0.00013579 0.00026728 0.30123088 0.01223115 0.47257397 0.00415773 0.00610242 0.00707234 0.19178291 0.00399515
2169.72324108 0.00548405 0.00014414 0.00012683 0.00005760 0.00013911 0.30059681 0.01265380 0.47203874 0.00284477 0.00598680 0.00865132 0.19296663 0.00379344
2170.72357452 0.00552341 0.00018370 0.00017640 0.00004879 0.00013895 0.29995902 0.01210843 0.47412404 0.00335507 0.00595347 0.00844043 0.19137424 0.00413747
2171.72390797 0.00546894 0.00023512 0.00015531 0.00004643 0.00017519 0.29878150 0.01401635 0.47272097 0.00478179 0.00599042 0.00711066 0.19177370 0.00421258
2172.72424141 0.00524199 0.00012958 0.00016888 0.00004875 0.00010566 0.29894520 0.01219456 0.47427757 0.00256056 0.00786266 0.00960578 0.18990295 0.00419787
2173.72457486 0.00526648 0.00014128 0.00015305 0.00003507 0.00011135 0.29844068 0.01333271 0.47556948 0.00327610 0.00761508 0.00766674 0.18920947 0.00444899
2174.72490830 0.00517650 0.00012598 0.00014860 0.00004629 0.00010268 0.29894057 0.01303028 0.47401788 0.00304129 0.00751615 0.00863674 0.19019672 0.00419681
2175.72524175 0.00456801 0.00033132 0.00021094 0.00043638 0.00254491 0.29471979 0.01307400 0.47504299 0.00347870 0.00798768 0.00881722 0.18882042 0.00453566
2176.72557519 0.00460403 0.00054345 0.00017386 0.00070090 0.00166068 0.29457906 0.01352542 0.47408589 0.00389515 0.00809940 0.00708564 0.19157281 0.00407774
2177.72590864 0.00422269 0.00069402 0.00012841 0.00078086 0.00331749 0.29453827 0.01148336 0.47293460 0.00268235 0.00751454 0.00986865 0.19142354 0.00463393
2178.72624208 0.00447248 0.00022246 0.00012465 0.00025859 0.00145406 0.29440943 0.01429103 0.47514480 0.00403385 0.00764033 0.00711579 0.19114407 0.00416093
2179.72657553 0.00443917 0.00016078 0.00012329 0.00004039 0.00011904 0.29578660 0.01237752 0.47431222 0.00350999 0.00765078 0.00914571 0.19249049 0.00428317
2180.72690897 0.00445234 0.00013172 0.00011270 0.00003956 0.00011055 0.29605545 0.01274890 0.47511947 0.00339807 0.00754811 0.00894659 0.19144361 0.00434527
2181.72724241 0.00446811 0.00017823 0.00011203 0.00009511 0.00012026 0.29580609 0.01263480 0.47606025 0.00374676 0.00749493 0.00833798 0.19048227 0.00493130
2182.72757586 0.00440005 0.00024140 0.00013128 0.00019532 0.00027572 0.29622469 0.01274862 0.47573527 0.00326882 0.00743293 0.00897901 0.19028069 0.00448626
2183.72790930 0.00423665 0.00017705 0.00012029 0.00009738 0.00014660 0.29555345 0.01374054 0.47668095 0.00374235 0.00746935 0.00767423 0.18994879 0.00464903
2184.72824275 0.00401596 0.00014363 0.00011949 0.00011273 0.00014135 0.29635843 0.01276736 0.47712521 0.00336457 0.00727873 0.00945097 0.18891847 0.00421906
2185.72857619 0.00378111 0.00021123 0.00012181 0.00009411 0.00026706 0.29572205 0.01188388 0.47511852 0.00362925 0.00735995 0.00837924 0.19153373 0.00567915
2186.72890964 0.00346269 0.00015138 0.00012381 0.00018413 0.00022391 0.29655924 0.01268789 0.47619225 0.00371923 0.00716654 0.00876720 0.18994276 0.00428165
2187.72924308 0.00325390 0.00018748 0.00012203 0.00011541 0.00038573 0.29571387 0.01229754 0.47511846 0.00308405 0.00732856 0.00870665 0.19188965 0.00505057
2188.72957653 0.00481327 0.00013595 0.00013406 0.00014485 0.00015619 0.29689543 0.01344137 0.47347621 0.00350064 0.00735705 0.00807655 0.19251312 0.00416858
2189.72990997 0.00471145 0.00013935 0.00019911 0.00004448 0.00009876 0.29608780 0.01254201 0.47479484 0.00349724 0.00824473 0.00859330 0.19149081 0.00426756
2190.73024341 0.00475063 0.00048293 0.00015797 0.00043905 0.00068589 0.29646737 0.01235897 0.47278650 0.00376947 0.00791410 0.00889051 0.19175357 0.00429366
2191.73057686 0.00438566 0.00011669 0.00012566 0.00029274 0.00013065 0.29601197 0.01240968 0.47358531 0.00307913 0.00766924 0.00854136 0.19196983 0.00606774
2192.73091030 0.00481509 0.00018273 0.00020160 0.00004845 0.00013111 0.29684983 0.01299281 0.47453642 0.00345176 0.00786665 0.00820972 0.19111881 0.00441012
2193.73124375 0.00474041 0.00015495 0.00018669 0.00004395 0.00012226 0.29672213 0.01376652 0.47508173 0.00331798 0.00837090 0.00760827 0.19035663 0.00426798
2194.73157719 0.00544227 0.00008590 0.00018887 0.00004168 0.00008217 0.29663172 0.01328496 0.47528467 0.00223440 0.00855351 0.00893786 0.19013831 0.00453596
2195.73191064 0.00577864 0.00054984 0.00017826 0.00045192 0.00283835 0.29328573 0.01516654 0.47497630 0.00305125 0.00779357 0.00784464 0.18916387 0.00469973
2196.73224408 0.00694601 0.00029266 0.00022967 0.00005129 0.00025512 0.29348953 0.01523977 0.47403466 0.00391327 0.00837007 0.00972922 0.18936127 0.00503346
2197.73257753 0.00746689 0.00034547 0.00020735 0.00007234 0.00028642 0.29133696 0.01572506 0.47211492 0.00521693 0.00845033 0.00959762 0.19143265 0.00521397
2198.73291097 0.00758175 0.00032747 0.00016794 0.00017784 0.00169009 0.29247449 0.01629583 0.47100845 0.00388106 0.00804153 0.01102122 0.18983075 0.00508333
2199.73324441 0.00874459 0.00029557 0.00018790 0.00017751 0.00174788 0.29237401 0.01712662 0.46903692 0.00398176 0.00797216 0.01016539 0.19183582 0.00509846
2200.73357786 0.00868514 0.00056525 0.00013722 0.00036690 0.00066748 0.29208543 0.01639252 0.47011570 0.00519071 0.00923383 0.00983576 0.18977076 0.00563845
2201.73391130 0.00858391 0.00036280 0.00017230 0.00036829 0.00127755 0.29340089 0.01525134 0.47105293 0.00407419 0.00904607 0.01066825 0.18943540 0.00489000
2202.73424475 0.00867042 0.00023330 0.00013465 0.00011124 0.00112439 0.29278716 0.01735864 0.47168949 0.00391564 0.00864084 0.00917525 0.18964191 0.00518750
2203.73457819 0.00847598 0.00034979 0.00014011 0.00021091 0.00140023 0.29353024 0.01537336 0.47286239 0.00394182 0.00855698 0.01102905 0.18753099 0.00507412
2204.73491164 0.00819019 0.00046985 0.00017754 0.00017602 0.00131142 0.29173929 0.01471972 0.47461220 0.00454585 0.00857234 0.00997902 0.18889871 0.00479804
2205.73524508 0.00794779 0.00030539 0.00019820 0.00013124 0.00087855 0.29177735 0.01356820 0.47364556 0.00599967 0.00843308 0.01039954 0.18966260 0.00500062
2206.73557853 0.00803355 0.00034926 0.00018136 0.00021929 0.00096632 0.29186037 0.01287713 0.47289373 0.00607778 0.00845275 0.01144686 0.19011348 0.00456166
2207.73591197 0.00712201 0.00032310 0.00021943 0.00019864 0.00224388 0.29088661 0.01550590 0.47087407 0.00574498 0.00884247 0.00990931 0.19063285 0.00461878
2208.73624542 0.00695926 0.00019761 0.00015362 0.00015522 0.00056840 0.29103507 0.01562613 0.47026308 0.00466054 0.00918665 0.01281541 0.19071360 0.00462469
2209.73657886 0.00680962 0.00026424 0.00012988 0.00009147 0.00043233 0.29257016 0.01563226 0.46912413 0.00558132 0.00886300 0.01194284 0.19073539 0.00463298
2210.73691230 0.00669540 0.00029206 0.00013288 0.00007878 0.00030867 0.29084477 0.01482600 0.47028073 0.00647350 0.00910650 0.01174155 0.19072058 0.00519397
2211.73724575 0.00619206 0.00023844 0.00016256 0.00006961 0.00021806 0.29432945 0.01500357 0.47003234 0.00477758 0.00880986 0.01312137 0.18777257 0.00546461
2212.73757919 0.00795656 0.00018207 0.00018714 0.00006598 0.00014048 0.29027260 0.01777657 0.46921807 0.00558765 0.01223641 0.00998512 0.18934938 0.00499854
2213.73791264 0.00800879 0.00021824 0.00015723 0.00009032 0.00018070 0.29262560 0.01582284 0.47012032 0.00566724 0.01187071 0.01192888 0.18655220 0.00476572
2214.73824608 0.00830484 0.00049515 0.00013386 0.00008171 0.00038750 0.29071900 0.01568064 0.47071695 0.00654414 0.01216358 0.01090344 0.18758761 0.00458643
2215.73857953 0.00827973 0.00025930 0.00011935 0.00005992 0.00029404 0.29219353 0.01488220 0.46941529 0.00563873 0.01178161 0.01250424 0.18791581 0.00493598
2216.73891297 0.00807316 0.00019613 0.00012523 0.00006190 0.00018194 0.29111686 0.01526914 0.46934360 0.00578109 0.01210808 0.01201207 0.18892372 0.00488024
2217.73924642 0.00784028 0.00022657 0.00011812 0.00005002 0.00019549 0.29190867 0.01540628 0.46823525 0.00609585 0.01180887 0.01166507 0.18967225 0.00461757
2218.73957986 0.00767060 0.00017360 0.00014465 0.00004783 0.00010499 0.29155998 0.01404175 0.46849267 0.00608776 0.01227534 0.01147580 0.19135874 0.00423689
2219.73991330 0.00761275 0.00020556 0.00012807 0.00005663 0.00027238 0.29041687 0.01426752 0.46945131 0.00653300 0.01202277 0.01196863 0.18993331 0.00474397
2220.74024675 0.00753313 0.00015450 0.00012738 0.00010507 0.00014843 0.29016668 0.01476328 0.46903660 0.00575303 0.01228660 0.01210077 0.19045111 0.00490653
2221.74058019 0.00729952 0.00024889 0.00012146 0.00018575 0.00027861 0.29055248 0.01350037 0.47039811 0.00577098 0.01187479 0.01227155 0.18874735 0.00604967
2222.74091364 0.00726440 0.00018157 0.00017809 0.00010367 0.00013442 0.29087014 0.01462825 0.47190535 0.00592901 0.01193515 0.01064651 0.18876297 0.00472487
2223.74124708 0.00715093 0.00016240 0.00015312 0.00010997 0.00020176 0.29089777 0.01400023 0.47120816 0.00498236 0.01187766 0.01190984 0.18949220 0.00500453
2224.74158053 0.00695007 0.00028028 0.00011404 0.00024158 0.00097797 0.29079914 0.01513720 0.47183508 0.00563729 0.01170555 0.01102989 0.18717817 0.00506381
2225.74191397 0.00706020 0.00026965 0.00012509 0.00027921 0.00151147 0.28976368 0.01423523 0.47109818 0.00548784 0.01365846 0.01037793 0.18896753 0.00422575
2226.74224742 0.00711514 0.00016809 0.00015249 0.00005627 0.00012981 0.29138834 0.01310304 0.46973102 0.00517733 0.01319601 0.01267850 0.18916523 0.00505387
2227.74258086 0.00907119 0.00022614 0.00013581 0.00020767 0.00022261 0.29004578 0.01535058 0.46960960 0.00651900 0.01318370 0.00958134 0.19047846 0.00443933
2228.74291430 0.00921880 0.00035278 0.00021425 0.00013048 0.00036382 0.28982793 0.01209746 0.46919502 0.00569257 0.01448103 0.01242723 0.18957449 0.00564295
2229.74324775 0.00928686 0.00033002 0.00016199 0.00022218 0.00048699 0.28853901 0.01552149 0.46874591 0.00768206 0.01315438 0.01030266 0.19069671 0.00415661
2230.74358119 0.00890338 0.00052902 0.00022379 0.00036980 0.00114352 0.29302254 0.01372116 0.46963781 0.00449573 0.01227379 0.01088113 0.18915074 0.00455097
2231.74391464 0.00858705 0.00042874 0.00025622 0.00032761 0.00235520 0.29101432 0.01186782 0.47090337 0.00392860 0.01295518 0.01039059 0.19083271 0.00473963
2232.74424808 0.00780204 0.00030573 0.00023359 0.00014501 0.00132029 0.29378722 0.01220415 0.47278294 0.00444062 0.01315768 0.00938287 0.18792825 0.00431164
2233.74458153 0.00778337 0.00017788 0.00019524 0.00012679 0.00020024 0.29317277 0.01141614 0.47340649 0.00424495 0.01357839 0.00908039 0.18937758 0.00502315
2234.74491497 0.00778731 0.00013309 0.00015691 0.00022594 0.00027197 0.29360221 0.01285898 0.47249435 0.00388730 0.01373870 0.00893445 0.18961048 0.00408562
2235.74524842 0.00780501 0.00009722 0.00013969 0.00007867 0.00008788 0.29275070 0.01241532 0.47302704 0.00351883 0.01425494 0.00903834 0.18934724 0.00524414
2236.74558186 0.00778067 0.00016892 0.00013065 0.00015068 0.00026926 0.29327141 0.01259878 0.47128222 0.00393554 0.01404242 0.00984404 0.19065010 0.00365598
2237.74591531 0.00764798 0.00012544 0.00014445 0.00005423 0.00010823 0.29282009 0.01226611 0.47049667 0.00415237 0.01433662 0.00909517 0.19144608 0.00495453
2238.74624875 0.00745113 0.00036221 0.00014943 0.00028269 0.00204368 0.29298873 0.01171790 0.46928638 0.00415745 0.01427403 0.00938100 0.19034523 0.00501127
2239.74658219 0.00715617 0.00025369 0.00014960 0.00021915 0.00130029 0.29384294 0.01274829 0.46868153 0.00397752 0.01343101 0.00922497 0.19170481 0.00446620
2240.74691564 0.00701730 0.00015623 0.00014397 0.00028613 0.00117510 0.29455273 0.01222814 0.47007788 0.00352248 0.01326284 0.00869977 0.19044730 0.00544745
2241.74724908 0.00691394 0.00045043 0.00013691 0.00048865 0.00093530 0.29431238 0.01262445 0.47126360 0.00383028 0.01325230 0.00905578 0.18932335 0.00432657
2242.74758253 0.00675253 0.00011555 0.00018012 0.00007064 0.00010403 0.29397298 0.01256944 0.47258986 0.00371244 0.01352831 0.00899419 0.18980736 0.00435507
2243.74791597 0.00641723 0.00009697 0.00020504 0.00007589 0.00011434 0.29642115 0.01275702 0.47205064 0.00352799 0.01333304 0.00916733 0.18781313 0.00443747
2244.74824942 0.00647072 0.00009176 0.00027795 0.00006410 0.00009228 0.29414550 0.01344518 0.47196630 0.00361992 0.01368969 0.00897558 0.18965186 0.00397990
2245.74858286 0.00655385 0.00012649 0.00016796 0.00005580 0.00009707 0.29654613 0.01395142 0.46852119 0.00378538 0.01332080 0.00982229 0.18896598 0.00463949
2246.74891631 0.00671483 0.00015831 0.00013514 0.00005473 0.00013022 0.29413384 0.01425166 0.46923023 0.00442876 0.01321932 0.00946266 0.19060779 0.00418733
2247.74924975 0.00679683 0.00012967 0.00011115 0.00004154 0.00010854 0.29663008 0.01349064 0.46730118 0.00402175 0.01255671 0.01035173 0.19051622 0.00474079
2248.74958319 0.00668620 0.00012146 0.00010622 0.00004801 0.00010894 0.29433309 0.01376854 0.46783527 0.00402415 0.01266260 0.01043558 0.19202222 0.00453392
2249.74991664 0.00656089 0.00011389 0.00010050 0.00004389 0.00010306 0.29653852 0.01471240 0.46810101 0.00421205 0.01206230 0.00962382 0.18997386 0.00441471
2250.75025008 0.00640942 0.00069523 0.00011010 0.00064766 0.00065394 0.29445508 0.01312469 0.46870810 0.00380984 0.01236205 0.01034063 0.19082794 0.00426472
2251.75058353 0.00629500 0.00020535 0.00010640 0.00017758 0.00100336 0.29634744 0.01420926 0.46981504 0.00453212 0.01196766 0.00899685 0.18815475 0.00448418
2252.75091697 0.00629093 0.00025177 0.00011470 0.00027943 0.00144782 0.29477156 0.01297106 0.47051845 0.00440215 0.01224506 0.01002352 0.18849685 0.00447762
2253.75125042 0.00622876 0.00054086 0.00011189 0.00053842 0.00101097 0.29592109 0.01307643 0.46998133 0.00415872 0.01124833 0.01082494 0.18782452 0.00476250
2254.75158386 0.00604330 0.00013780 0.00020740 0.00004483 0.00016161 0.29535076 0.01459877 0.47139614 0.00347069 0.01220642 0.00875417 0.18906548 0.00460594
2255.75191731 0.00595711 0.00020191 0.00017530 0.00005752 0.00014273 0.29560276 0.01176660 0.47180560 0.00360595 0.01231765 0.01014902 0.19022642 0.00394853
2256.75225075 0.00601314 0.00014181 0.00016567 0.00003404 0.00008856 0.29572801 0.01293521 0.47095952 0.00426977 0.01344368 0.00665091 0.19200140 0.00358143
2257.75258419 0.00638595 0.00013140 0.00014025 0.00004255 0.00011979 0.29384026 0.01197565 0.47068695 0.00388187 0.01344981 0.00947750 0.19234250 0.00391146
2258.75291764 0.00801537 0.00028101 0.00016164 0.00029851 0.00154706 0.29319022 0.01145816 0.46881139 0.00323676 0.01453321 0.01047534 0.19193034 0.00407635
2259.75325108 0.00810214 0.00026842 0.00019667 0.00009623 0.00107696 0.29253439 0.01204470 0.47115607 0.00466434 0.01509932 0.00710594 0.19156279 0.00419417
2260.75358453 0.00822497 0.00031827 0.00013753 0.00024356 0.00141221 0.29317817 0.01000328 0.47189834 0.00362847 0.01497110 0.01028387 0.19029908 0.00362612
2261.75391797 0.00842313 0.00024014 0.00013405 0.00019276 0.00243060 0.29094315 0.01283617 0.47286593 0.00510091 0.01516183 0.00692670 0.18935749 0.00381027
2262.75425142 0.00832756 0.00039473 0.00011595 0.00033050 0.00121024 0.29206871 0.01147433 0.47352137 0.00480904 0.01361181 0.01093469 0.18748017 0.00404846
2263.75458486 0.01014522 0.00080344 0.00019211 0.00074037 0.00259058 0.29086195 0.01192208 0.47220634 0.00493128 0.01441485 0.00790357 0.18882017 0.00461326
2264.75491831 0.01017385 0.00038775 0.00022245 0.00034280 0.00122301 0.29106017 0.01159094 0.47201403 0.00501026 0.01509006 0.00917761 0.18800992 0.00587100
2265.75525175 0.01008098 0.00036205 0.00015421 0.00035624 0.00276120 0.28894738 0.01293979 0.47134884 0.00401393 0.01370189 0.01046896 0.19019247 0.00475306
2266.75558520 0.01024906 0.00080499 0.00012691 0.00076143 0.00360634 0.29138478 0.01346457 0.46983459 0.00508832 0.01279407 0.00801619 0.19005673 0.00406108
2267.75591864 0.01022376 0.00092272 0.00012181 0.00113593 0.00311122 0.28871991 0.01114121 0.47050295 0.00428397 0.01220269 0.01070844 0.19119107 0.00595809
2268.75625208 0.00997864 0.00042005 0.00011198 0.00044953 0.00287543 0.29097583 0.01313870 0.46995961 0.00540915 0.01151697 0.00857046 0.19003183 0.00654046
2269.75658553 0.00995214 0.00100128 0.00011475 0.00105475 0.00260039 0.28880107 0.01180451 0.47045166 0.00429860 0.01180282 0.01057492 0.19134731 0.00614796
2270.75691897 0.00976971 0.00041676 0.00015404 0.00021441 0.00232090 0.29100811 0.01275271 0.47192058 0.00400272 0.01307550 0.01056647 0.18826576 0.00530205
2271.75725242 0.00982593 0.00079828 0.00014419 0.00094351 0.00549327 0.28678350 0.01515698 0.47084193 0.00537321 0.01235202 0.00796437 0.18894934 0.00519942
2272.75758586 0.01016121 0.00032943 0.00021953 0.00060221 0.00278803 0.28892250 0.01322351 0.47128329 0.00382232 0.01358059 0.01138283 0.18725018 0.00659560
2273.75791931 0.01028761 0.00046784 0.00015505 0.00042689 0.00211613 0.28727975 0.01666239 0.47185561 0.00575960 0.01375726 0.00854344 0.18799686 0.00497918
2274.75825275 0.01220697 0.00033236 0.00015312 0.00031609 0.00272327 0.28882981 0.01349410 0.46974946 0.00454158 0.01363190 0.01140569 0.18848076 0.00634186
2275.75858620 0.01209732 0.00042043 0.00016605 0.00036056 0.00188239 0.28777814 0.01404506 0.47202721 0.00481443 0.01362090 0.01107364 0.18882323 0.00498795
2276.75891964 0.01205347 0.00039298 0.00016407 0.00029376 0.00172958 0.28826559 0.01503375 0.46988660 0.00522409 0.01346518 0.00911230 0.19046697 0.00596515
2277.75925308 0.01180060 0.00042161 0.00033275 0.00031767 0.00174717 0.28818632 0.01437087 0.46836198 0.00382627 0.01300224 0.01232978 0.19242286 0.00468048
2278.75958653 0.01165475 0.00029625 0.00018761 0.00013901 0.00112818 0.28820673 0.01652034 0.46964166 0.00518883 0.01296376 0.00896017 0.19117389 0.00559357
2279.75991997 0.01055697 0.00014950 0.00016934 0.00009457 0.00021103 0.28890729 0.01488498 0.46946351 0.00432649 0.01326455 0.01321438 0.19023111 0.00508327
2280.76025342 0.01056040 0.00018822 0.00018374 0.00007272 0.00020178 0.28766399 0.01448861 0.47012628 0.00518218 0.01527128 0.01151139 0.19053455 0.00457527
2281.76058686 0.01046742 0.00067297 0.00014697 0.00046958 0.00123119 0.28753653 0.01627181 0.47056153 0.00656318 0.01503240 0.01000534 0.18634441 0.00516411
2282.76092031 0.00979240 0.00021776 0.00016092 0.00008825 0.00175452 0.28569553 0.01549136 0.47259330 0.00464822 0.01554090 0.01209363 0.18728345 0.00443217
2283.76125375 0.00941798 0.00076415 0.00013419 0.00085483 0.00279200 0.28646695 0.01762102 0.47015028 0.00600301 0.01238822 0.01059303 0.18632339 0.00590894
2284.76158720 0.00949405 0.00095097 0.00014459 0.00071643 0.00343025 0.28268684 0.01428458 0.47044081 0.00610747 0.01211465 0.01319172 0.18849458 0.00743710
2285.76192064 0.01139620 0.00088764 0.00018773 0.00098364 0.00378777 0.28582682 0.01561838 0.46819052 0.00693149 0.01173340 0.01163401 0.18800489 0.00621371
2286.76225408 0.01158926 0.00077278 0.00017126 0.00058947 0.00280864 0.28280679 0.01665291 0.46771194 0.00478167 0.01292626 0.01090206 0.19195910 0.00791712
2287.76258753 0.01159319 0.00033114 0.00014642 0.00021413 0.00192851 0.28617809 0.01724493 0.46764369 0.00484315 0.01267281 0.01417198 0.18900710 0.00561806
2288.76292097 0.01124720 0.00025673 0.00016669 0.00012884 0.00164695 0.28186988 0.01915512 0.46810786 0.00508559 0.01386316 0.01128250 0.19182889 0.00660777
2289.76325442 0.01116828 0.00045598 0.00016649 0.00033256 0.00183436 0.28453108 0.01544083 0.47066033 0.00576800 0.01384497 0.01360534 0.18841080 0.00494925
2290.76358786 0.01118178 0.00030733 0.00014024 0.00021509 0.00054555 0.28252561 0.01807419 0.47290918 0.00488762 0.01406307 0.01152123 0.18811648 0.00669441
2291.76392131 0.01109409 0.00056262 0.00014318 0.00045631 0.00149312 0.28408029 0.01603824 0.47300220 0.00536822 0.01403918 0.01169020 0.18662628 0.00650016
2292.76425475 0.01011311 0.00041345 0.00014134 0.00033349 0.00248896 0.28174959 0.01570445 0.47543813 0.00571303 0.01313263 0.01293439 0.18596510 0.00598545
2293.76458820 0.01027448 0.00052889 0.00015146 0.00067382 0.00242518 0.28464075 0.01666151 0.47134765 0.00516735 0.01334568 0.01098426 0.18726747 0.00680599
2294.76492164 0.01033678 0.00081251 0.00015238 0.00065019 0.00413559 0.28386743 0.01564888 0.46924990 0.00487511 0.01357583 0.01285108 0.18830372 0.00587738
2295.76525509 0.01173224 0.00048770 0.00016885 0.00035532 0.00132692 0.28235647 0.01691151 0.46857132 0.00570709 0.01381750 0.01215537 0.19067966 0.00746229
2296.76558853 0.01156862 0.00051169 0.00018444 0.00037503 0.00128403 0.28406290 0.01738771 0.46942938 0.00642455 0.01395285 0.01092620 0.19023507 0.00522614
2297.76592197 0.01149588 0.00033198 0.00017253 0.00016867 0.00170980 0.28418691 0.01541265 0.46930990 0.00514469 0.01310252 0.01260825 0.19157428 0.00627784
2298.76625542 0.01153857 0.00037273 0.00013970 0.00016613 0.00055451 0.28563097 0.01816978 0.47041858 0.00618004 0.01280995 0.01099668 0.18949590 0.00506504
2299.76658886 0.01182520 0.00038003 0.00016941 0.00019849 0.00161710 0.28385062 0.01453483 0.47155905 0.00563355 0.01297065 0.01437000 0.18913884 0.00557743
2300.76692231 0.01185748 0.00019460 0.00015289 0.00007611 0.00023566 0.28626463 0.01608998 0.47268496 0.00575227 0.01262661 0.01293671 0.18782141 0.00516418
2301.76725575 0.01175261 0.00040699 0.00016157 0.00015146 0.00036168 0.28581021 0.01645529 0.47324074 0.00700490 0.01303654 0.01126988 0.18742622 0.00467452
2302.76758920 0.01185313 0.00034672 0.00014695 0.00023807 0.00035545 0.28593550 0.01449045 0.47230264 0.00615873 0.01311373 0.01425494 0.18641111 0.00624573
2303.76792264 0.01353201 0.00036711 0.00016648 0.00017342 0.00133683 0.28657021 0.01621537 0.47143152 0.00647005 0.01372847 0.01041593 0.18821346 0.00491114
2304.76825609 0.01445642 0.00020102 0.00020697 0.00005404 0.00017985 0.28682436 0.01418201 0.46907270 0.00548619 0.01487368 0.01434937 0.18932561 0.00524420
2305.76858953 0.01423182 0.00019234 0.00021278 0.00006480 0.00019618 0.28450416 0.01686917 0.46861688 0.00600872 0.01671448 0.01142218 0.19050993 0.00468838
2306.76892297 0.01401434 0.00020319 0.00016321 0.00005760 0.00013048 0.28616136 0.01729496 0.46805519 0.00649959 0.01525705 0.01095300 0.19083775 0.00438662
2307.76925642 0.01401788 0.00049499 0.00017658 0.00038018 0.00114537 0.28669617 0.01376404 0.46817185 0.00597488 0.01458377 0.01286902 0.19116252 0.00458062
2308.76958986 0.01372860 0.00028281 0.00019641 0.00011965 0.00108818 0.29097454 0.01443532 0.46932898 0.00676507 0.01409692 0.00896612 0.18938391 0.00436209
2309.76992331 0.01371273 0.00015475 0.00040099 0.00003974 0.00011095 0.28787786 0.01160411 0.47112270 0.00481374 0.01516132 0.01272837 0.19140613 0.00457934
2310.77025675 0.01355389 0.00046975 0.00021762 0.00035634 0.00098380 0.28955157 0.01404334 0.47276525 0.00588806 0.01432092 0.01002698 0.18699994 0.00437643
2311.77059020 0.01533794 0.00025008 0.00018627 0.00017928 0.00179351 0.28785923 0.01503206 0.47147996 0.00574929 0.01427919 0.01083964 0.18793741 0.00441408
2312.77092364 0.01531079 0.00045999 0.00020248 0.00009305 0.00065406 0.29009438 0.01304049 0.47140521 0.00591649 0.01269159 0.01377774 0.18711103 0.00455350
2313.77125709 0.01543521 0.00035522 0.00017662 0.00005425 0.00031202 0.28988868 0.01636533 0.47050666 0.00818277 0.01273073 0.00838356 0.18825854 0.00478562
2314.77159053 0.01468578 0.00022821 0.00015888 0.00011263 0.00190157 0.28815338 0.01337200 0.46813427 0.00568022 0.01221239 0.01454913 0.19036331 0.00513403
2315.77192397 0.01483329 0.00068029 0.00022271 0.00032025 0.00092393 0.28827857 0.01542986 0.46843248 0.00711867 0.01283057 0.01029630 0.19033869 0.00512769
2316.77225742 0.01646038 0.00086303 0.00022957 0.00060009 0.00200308 0.28655402 0.01392738 0.46800357 0.00578128 0.01384212 0.01006548 0.19333940 0.00479098
2317.77259086 0.01627594 0.00026565 0.00021596 0.00018237 0.00131886 0.29018868 0.01230073 0.46735611 0.00394689 0.01500255 0.01337297 0.19125730 0.00459193
2318.77292431 0.01610677 0.00022429 0.00021316 0.00012190 0.00096220 0.28764789 0.01567527 0.46864252 0.00636889 0.01565597 0.00829101 0.19179272 0.00440420
2319.77325775 0.01564235 0.00029949 0.00019583 0.00047763 0.00129056 0.28909503 0.01251056 0.46728962 0.00562806 0.01546586 0.01400345 0.18793789 0.00580602
2320.77359120 0.01463253 0.00026146 0.00021276 0.00014976 0.00068526 0.28755142 0.01658039 0.46876784 0.00676332 0.01596641 0.01048309 0.18740124 0.00517703
2321.77392464 0.01447652 0.00022758 0.00021113 0.00028801 0.00089313 0.28929068 0.01569727 0.46852625 0.00523114 0.01569956 0.01192699 0.18603510 0.00597315
2322.77425809 0.01436384 0.00044503 0.00025789 0.00036706 0.00152065 0.28591448 0.01530845 0.46966309 0.00469397 0.01677032 0.01342581 0.18652624 0.00510700
2323.77459153 0.01461228 0.00025387 0.00028035 0.00011958 0.00045156 0.28727111 0.01546924 0.46987528 0.00605361 0.01650539 0.00947011 0.18905377 0.00519613
2324.77492497 0.01480863 0.00014164 0.00021936 0.00011278 0.00024249 0.28592983 0.01323893 0.47040388 0.00469144 0.01636153 0.01375602 0.19001785 0.00488425
2325.77525842 0.01459386 0.00020037 0.00021593 0.00006778 0.00020214 0.28742568 0.01557845 0.46832354 0.00628976 0.01594920 0.01012710 0.19078110 0.00483897
2326.77559186 0.01435726 0.00017831 0.00023481 0.00007414 0.00017511 0.28601312 0.01428889 0.46793278 0.00546024 0.01586862 0.01240484 0.19254044 0.00482871
2327.77592531 0.01389227 0.00029499 0.00023038 0.00022830 0.00167751 0.28811893 0.01395772 0.46878354 0.00480611 0.01497883 0.01170690 0.19097419 0.00424259
2328.77625875 0.01368332 0.00015632 0.00022686 0.00004183 0.00013941 0.28870893 0.01515008 0.46918512 0.00582438 0.01500855 0.00928931 0.19173683 0.00453237
2329.77659220 0.01346629 0.00010023 0.00028666 0.00005134 0.00009279 0.28871142 0.01197891 0.47214826 0.00438027 0.01473568 0.01269817 0.19073327 0.00408301
2330.77692564 0.01347261 0.00014566 0.00024695 0.00003435 0.00012210 0.28921055 0.01433164 0.47391557 0.00578944 0.01471580 0.00900531 0.18831492 0.00416773
2331.77725909 0.01143487 0.00011274 0.00021400 0.00004527 0.00009455 0.28968701 0.01255717 0.47384717 0.00482278 0.01398695 0.01199387 0.18855398 0.00408449
2332.77759253 0.01117737 0.00012619 0.00020562 0.00003907 0.00010064 0.29004201 0.01329164 0.47270533 0.00533397 0.01408450 0.01083904 0.18913812 0.00409387
2333.77792598 0.01102404 0.00013584 0.00019334 0.00003829 0.00011290 0.29029097 0.01408465 0.47272414 0.00576426 0.01395713 0.00975281 0.18896214 0.00398353
2334.77825942 0.01246192 0.00015901 0.00019452 0.00014978 0.00325740 0.28846215 0.01092545 0.47096411 0.00490710 0.01409902 0.01261064 0.19031751 0.00395330
2335.77859286 0.01281708 0.00056924 0.00019271 0.00038292 0.00181443 0.28717265 0.01401425 0.46956671 0.00676425 0.01430881 0.01010262 0.19083670 0.00427469
2336.77892631 0.01293934 0.00078323 0.00018905 0.00085550 0.00364793 0.28601934 0.01134881 0.46869783 0.00553797 0.01419144 0.01328139 0.19106931 0.00437820
2337.77925975 0.01253810 0.00064484 0.00018534 0.00031161 0.00348618 0.28520367 0.01384025 0.46791675 0.00734151 0.01426888 0.01126055 0.19067309 0.00486734
2338.77959320 0.01330384 0.00059236 0.00019586 0.00058670 0.00480402 0.28768302 0.01339444 0.46774701 0.00700494 0.01434838 0.01092962 0.18836379 0.00434983
2339.77992664 0.01299457 0.00068041 0.00019083 0.00080891 0.00429745 0.28672438 0.01291825 0.46900931 0.00501129 0.01440470 0.01293373 0.18801250 0.00500825
2340.78026009 0.01233061 0.00074798 0.00024149 0.00060193 0.00281080 0.28752487 0.01739397 0.46918106 0.00760677 0.01331389 0.00892313 0.18660239 0.00505173
2341.78059353 0.01274186 0.00055882 0.00029644 0.00024780 0.00218981 0.29016345 0.01245406 0.46998283 0.00530701 0.01374554 0.01297581 0.18691670 0.00516172
2342.78092698 0.01312415 0.00077038 0.00024973 0.00038759 0.00100443 0.29102005 0.01424876 0.46957525 0.00713934 0.01401807 0.00833438 0.18849438 0.00475764
2343.78126042 0.01356480 0.00033021 0.00019224 0.00010111 0.00017635 0.29210860 0.01400771 0.46836291 0.00511334 0.01435351 0.01187385 0.18867039 0.00470978
2344.78159386 0.01379967 0.00021462 0.00015758 0.00004415 0.00011852 0.29108050 0.01462165 0.46739949 0.00435801 0.01454380 0.01141736 0.19079652 0.00524779
2345.78192731 0.01376318 0.00020179 0.00018701 0.00004951 0.00014379 0.29447698 0.01516838 0.46736663 0.00477954 0.01447779 0.00790145 0.19114864 0.00409849
2346.78226075 0.01371186 0.00014087 0.00019291 0.00004657 0.00012480 0.29374433 0.01377422 0.46496659 0.00359274 0.01492311 0.01133787 0.19208645 0.00506952
2347.78259420 0.01350496 0.00018804 0.00020034 0.00007090 0.00019797 0.29278893 0.01546404 0.46747037 0.00458215 0.01490798 0.00901974 0.19073377 0.00437578
2348.78292764 0.01535279 0.00019428 0.00018105 0.00009678 0.00118725 0.29267051 0.01436252 0.46786878 0.00425590 0.01498011 0.01065753 0.18848549 0.00505980
2349.78326109 0.01522275 0.00020667 0.00016341 0.00024362 0.00137320 0.29300736 0.01341893 0.46948178 0.00409540 0.01466347 0.01000299 0.18875975 0.00458342
2350.78359453 0.01498570 0.00023975 0.00016963 0.00017393 0.00111875 0.29263536 0.01537356 0.46975756 0.00530156 0.01350418 0.00875826 0.18834718 0.00462030
2351.78392798 0.01450379 0.00011854 0.00015880 0.00011681 0.00010926 0.29324462 0.01354584 0.47078647 0.00395375 0.01321045 0.01168599 0.18702465 0.00604482
2352.78426142 0.01395584 0.00016972 0.00016783 0.00023779 0.00032846 0.29239826 0.01588619 0.46948912 0.00459757 0.01334076 0.00958247 0.18901712 0.00478472
2353.78459486 0.01362454 0.00011422 0.00027599 0.00009770 0.00010748 0.29371038 0.01371814 0.46836712 0.00396249 0.01369969 0.00987076 0.19016917 0.00590689
2354.78492831 0.01365948 0.00014914 0.00024550 0.00005352 0.00011002 0.29145331 0.01303783 0.47052459 0.00427549 0.01391446 0.01018205 0.19187061 0.00418349
2355.78526175 0.01377565 0.00018652 0.00020583 0.00003843 0.00013641 0.29206577 0.01389819 0.46938149 0.00516277 0.01348077 0.00847038 0.19275902 0.00421443
2356.78559520 0.01374237 0.00014098 0.00018198 0.00004520 0.00011007 0.29238970 0.01191089 0.47016118 0.00407005 0.01330215 0.01154393 0.19175630 0.00438757
2357.78592864 0.01347847 0.00026622 0.00017535 0.00010684 0.00027396 0.29193159 0.01358338 0.47027215 0.00524317 0.01272053 0.00907205 0.19210651 0.00424826
2358.78626209 0.01424393 0.00040921 0.00021856 0.00008694 0.00052493 0.29263697 0.01305410 0.47053932 0.00635346 0.01277193 0.01036566 0.18883939 0.00419952
2359.78659553 0.01322470 0.00059089 0.00024721 0.00037964 0.00103626 0.29171276 0.01316190 0.47050949 0.00577888 0.01188380 0.01202238 0.18796094 0.00471584
2360.78692898 0.01339717 0.00051453 0.00017279 0.00046253 0.00222879 0.29094199 0.01461643 0.47045023 0.00495840 0.01190547 0.01051425 0.18877915 0.00445543
2361.78726242 0.01368449 0.00078759 0.00014658 0.00078991 0.00536448 0.29049410 0.01196975 0.47051533 0.00511964 0.01179278 0.01107394 0.18726630 0.00467959
2362.78759587 0.01362315 0.00067284 0.00018260 0.00053996 0.00363970 0.28976616 0.01311633 0.47292833 0.00579745 0.01206059 0.00937742 0.18731452 0.00460411
2363.78792931 0.01353627 0.00059626 0.00016251 0.00049692 0.00204464 0.29052968 0.01253115 0.46967231 0.00555924 0.01200253 0.01177543 0.18995827 0.00467105
2364.78826275 0.01361324 0.00030001 0.00019685 0.00028077 0.00229297 0.29068835 0.01313637 0.47025118 0.00477102 0.01216799 0.01070390 0.19088853 0.00432207
2365.78859620 0.01337856 0.00025209 0.00022726 0.00025679 0.00119253 0.29037153 0.01169885 0.47290817 0.00532451 0.01257932 0.00945064 0.19228516 0.00345316
2366.78892964 0.01290461 0.00020198 0.00026333 0.00003646 0.00015481 0.29297266 0.01055001 0.47200490 0.00540197 0.01279751 0.00949452 0.19262389 0.00349798
2367.78926309 0.01258897 0.00015278 0.00020664 0.00003271 0.00011940 0.29149806 0.01153707 0.47378816 0.00508848 0.01273709 0.00841826 0.19297093 0.00345041
2368.78959653 0.01222386 0.00008981 0.00020057 0.00003408 0.00008185 0.29309670 0.01040670 0.47413749 0.00384271 0.01266116 0.01029767 0.19150408 0.00364718
2369.78992998 0.01183594 0.00012325 0.00019806 0.00003314 0.00010159 0.29165952 0.01131333 0.47533438 0.00458546 0.01310488 0.00839577 0.19171073 0.00343991
2370.79026342 0.01140699 0.00011761 0.00019435 0.00003375 0.00008224 0.29291653 0.01078455 0.47676632 0.00442620 0.01308968 0.00875285 0.18941522 0.00342070
2371.79059687 0.01119415 0.00011158 0.00019057 0.00003386 0.00008853 0.29195444 0.01063519 0.47633003 0.00416935 0.01355784 0.00874401 0.19075073 0.00343386
2372.79093031 0.01094922 0.00009442 0.00018315 0.00003206 0.00008284 0.29279368 0.01126201 0.47626269 0.00401574 0.01355107 0.00800760 0.19033766 0.00337708
2373.79126375 0.01084167 0.00008816 0.00035003 0.00003283 0.00007793 0.29033369 0.01019766 0.47635043 0.00357308 0.01571628 0.00906986 0.19073922 0.00347084
2374.79159720 0.01074512 0.00023766 0.00036703 0.00003357 0.00013518 0.28983433 0.01115667 0.47267662 0.00493969 0.01596223 0.00813782 0.19286571 0.00365349
2375.79193064 0.01223826 0.00016132 0.00030324 0.00003450 0.00011074 0.28862742 0.01093382 0.47306837 0.00437233 0.01766109 0.00877699 0.19223225 0.00371792
2376.79226409 0.01266900 0.00018085 0.00024407 0.00005807 0.00008299 0.28898072 0.01115894 0.47222518 0.00376993 0.01723586 0.00919085 0.19306532 0.00380723
2377.79259753 0.01311273 0.00014396 0.00018929 0.00003899 0.00010793 0.28835476 0.01252051 0.47332034 0.00422345 0.01713509 0.00799551 0.19254316 0.00342702
2378.79293098 0.01270316 0.00013288 0.00018843 0.00003550 0.00009161 0.28898609 0.01045527 0.47599013 0.00390900 0.01632804 0.01026757 0.18976611 0.00384937
2379.79326442 0.01275917 0.00015884 0.00015976 0.00003916 0.00010219 0.28800989 0.01232244 0.47598050 0.00473570 0.01620620 0.00817276 0.19049081 0.00362174
2380.79359787 0.01273271 0.00051958 0.00015257 0.00031139 0.00070574 0.28836373 0.01018499 0.47671209 0.00445200 0.01553912 0.00995634 0.18882263 0.00427982
2381.79393131 0.01261583 0.00029861 0.00014714 0.00030297 0.00141219 0.28788809 0.01111484 0.47710599 0.00476770 0.01517356 0.00923245 0.18876412 0.00379234
2382.79426475 0.01224419 0.00017354 0.00014740 0.00009978 0.00096202 0.28826893 0.01206774 0.47520801 0.00519679 0.01464660 0.00907718 0.19028819 0.00386382
2383.79459820 0.01193442 0.00018260 0.00016367 0.00011178 0.00013171 0.28639915 0.01211874 0.47569352 0.00452885 0.01425309 0.01024279 0.19157909 0.00459502
2384.79493164 0.01161500 0.00016282 0.00017117 0.00021822 0.00031061 0.28666335 0.01293498 0.47592431 0.00521161 0.01383566 0.00950577 0.19100537 0.00405613
2385.79526509 0.01121868 0.00012959 0.00016902 0.00007850 0.00009303 0.28590981 0.01117890 0.47413421 0.00489812 0.01349713 0.01113041 0.19344752 0.00533376
2386.79559853 0.01093503 0.00029206 0.00016524 0.00030009 0.00148533 0.28655379 0.01143581 0.47521523 0.00573160 0.01303695 0.01054424 0.19168123 0.00355843
2387.79593198 0.01086759 0.00022799 0.00014759 0.00016853 0.00104478 0.28582661 0.01166097 0.47606910 0.00578992 0.01285149 0.01015703 0.19142574 0.00463025
2388.79626542 0.01089281 0.00023417 0.00013289 0.00009223 0.00021764 0.28637359 0.01237656 0.47623147 0.00531479 0.01257014 0.01191579 0.19077801 0.00376272
2389.79659887 0.01259390 0.00016630 0.00014274 0.00007239 0.00020134 0.28621602 0.01363914 0.47833151 0.00582784 0.01262140 0.01009444 0.18869674 0.00399015
2390.79693231 0.01243121 0.00016743 0.00016523 0.00004994 0.00011123 0.28645731 0.01134460 0.47857292 0.00585847 0.01196268 0.01230235 0.18918433 0.00382350
2391.79726576 0.01234465 0.00020117 0.00017325 0.00005326 0.00013863 0.28672225 0.01247454 0.47814570 0.00688443 0.01191477 0.00988293 0.18964634 0.00376273
2392.79759920 0.01195186 0.00029358 0.00014217 0.00025118 0.00137320 0.28590011 0.01181358 0.47574292 0.00547808 0.01289827 0.01167263 0.19038050 0.00405379
2393.79793264 0.01168875 0.00021615 0.00015518 0.00015571 0.00126818 0.28668133 0.01246695 0.47518345 0.00519503 0.01330939 0.01115453 0.19027803 0.00393608
2394.79826609 0.01148050 0.00015718 0.00018469 0.00004876 0.00010467 0.28626566 0.01353046 0.47523259 0.00493438 0.01399076 0.00930520 0.19241331 0.00383236
2395.79859953 0.01115754 0.00015400 0.00018884 0.00004160 0.00010314 0.28666078 0.01249630 0.47488334 0.00461745 0.01434072 0.01003799 0.19258655 0.00388929
2396.79893298 0.01104769 0.00014474 0.00018916 0.00003774 0.00011154 0.28643959 0.01263670 0.47491392 0.00449753 0.01500968 0.00930695 0.19268171 0.00403075
2397.79926642 0.01102581 0.00032293 0.00018984 0.00025266 0.00164835 0.28523205 0.01181630 0.47543025 0.00369750 0.01549768 0.01025315 0.19149825 0.00416103
2398.79959987 0.01097956 0.00027860 0.00018742 0.00015477 0.00096581 0.28426743 0.01268810 0.47696277 0.00437446 0.01590546 0.00877181 0.19103785 0.00440551
2399.79993331 0.01092569 0.00010670 0.00018077 0.00008895 0.00017126 0.28578397 0.01300954 0.47888652 0.00374215 0.01519217 0.00923476 0.18970329 0.00389991
2400.80026676 0.01101760 0.00009487 0.00014977 0.00005373 0.00009166 0.28415826 0.01300134 0.48021028 0.00382055 0.01543708 0.00871461 0.19017277 0.00409507
2401.80060020 0.01102890 0.00019728 0.00012994 0.00008966 0.00122282 0.28539880 0.01389198 0.47701116 0.00397146 0.01523458 0.00947250 0.18871853 0.00466129
2402.80093364 0.01158565 0.00026728 0.00014585 0.00017357 0.00027615 0.28548341 0.01432778 0.47505512 0.00382883 0.01433846 0.01059092 0.19003702 0.00547561
2403.80126709 0.01168765 0.00043553 0.00013699 0.00036525 0.00086138 0.28599773 0.01432013 0.47444693 0.00464354 0.01423654 0.00921515 0.19033038 0.00501045
2404.80160053 0.01154684 0.00034554 0.00017464 0.00043331 0.00195180 0.28757891 0.01218767 0.47293487 0.00384177 0.01430804 0.00992286 0.19208832 0.00423227
2405.80193398 0.01288893 0.00034507 0.00014670 0.00029529 0.00112461 0.28691453 0.01402783 0.47220281 0.00380211 0.01434596 0.01003265 0.19139478 0.00536766
2406.80226742 0.01220335 0.00025262 0.00015960 0.00030130 0.00045481 0.28691232 0.01414623 0.47266945 0.00386775 0.01410543 0.01008803 0.19109324 0.00594922
2407.80260087 0.01220463 0.00048787 0.00022563 0.00056804 0.00149765 0.28561859 0.01258958 0.47615311 0.00426322 0.01295227 0.01003866 0.18994827 0.00565711
2408.80293431 0.01269929 0.00022383 0.00022832 0.00027165 0.00040019 0.28355580 0.01432008 0.47605324 0.00645892 0.01289991 0.00922635 0.19036140 0.00600030
2409.80326776 0.01220460 0.00061162 0.00016612 0.00038892 0.00124957 0.28511325 0.01385581 0.47599071 0.00533606 0.01182367 0.01196235 0.18881074 0.00469117
2410.80360120 0.01220076 0.00039382 0.00015071 0.00036909 0.00118153 0.28516288 0.01644293 0.47639435 0.00430609 0.01076452 0.01042142 0.18805562 0.00635704
2411.80393464 0.01373805 0.00020662 0.00028408 0.00017584 0.00027445 0.28482082 0.01545795 0.47522331 0.00432927 0.01166582 0.01129123 0.19037024 0.00590036
2412.80426809 0.01373044 0.00025762 0.00019267 0.00021186 0.00030128 0.28665580 0.01525169 0.47462888 0.00579211 0.01157665 0.01086631 0.18914909 0.00511604
2413.80460153 0.01580071 0.00025657 0.00014295 0.00011208 0.00024647 0.28487770 0.01614187 0.47236925 0.00657118 0.01134680 0.01060279 0.19132168 0.00601066
2414.80493498 0.01614011 0.00019906 0.00016895 0.00015361 0.00029158 0.28801714 0.01478703 0.47109189 0.00477868 0.01136868 0.01437058 0.18932079 0.00545202
2415.80526842 0.01627678 0.00072904 0.00013353 0.00050621 0.00083296 0.28558451 0.01587696 0.47030152 0.00641494 0.01132130 0.01188845 0.19045152 0.00595906
2416.80560187 0.01591070 0.00043558 0.00012574 0.00042587 0.00267793 0.28662068 0.01640582 0.46956305 0.00689393 0.00899847 0.01301412 0.18923073 0.00560809
2417.80593531 0.01550746 0.00089256 0.00014167 0.00097023 0.00403211 0.28676479 0.01632838 0.46718904 0.00688747 0.00924388 0.01246044 0.18936088 0.00572855
2418.80626876 0.01536990 0.00047364 0.00020281 0.00051447 0.00208190 0.28819480 0.01812038 0.46888319 0.00678933 0.00977178 0.01169353 0.18787011 0.00540406
2419.80660220 0.01544574 0.00024610 0.00015877 0.00017391 0.00099227 0.28774555 0.01698267 0.46923053 0.00585001 0.00994428 0.01317402 0.18811358 0.00738832
2420.80693565 0.01559278 0.00081867 0.00017408 0.00062443 0.00352583 0.28649035 0.01735787 0.46989815 0.00618192 0.01019112 0.01203973 0.18686385 0.00583399
2421.80726909 0.01547541 0.00035949 0.00019161 0.00024322 0.00153626 0.28792929 0.01578225 0.47181058 0.00583299 0.01061654 0.01281742 0.18744679 0.00543357
2422.80760253 0.01533889 0.00046780 0.00017577 0.00048966 0.00106950 0.28904227 0.01679786 0.46955015 0.00571362 0.01106172 0.01164839 0.18863009 0.00535316
2423.80793598 0.01527124 0.00019616 0.00015923 0.00011537 0.00192487 0.29049834 0.01721716 0.46931603 0.00540822 0.01058433 0.01185129 0.18767529 0.00505372
2424.80826942 0.01529775 0.00026948 0.00015117 0.00008285 0.00025281 0.28875549 0.01786765 0.46745926 0.00557967 0.01102710 0.01194575 0.19130011 0.00530867
2425.80860287 0.01533107 0.00042293 0.00016616 0.00025034 0.00170473 0.29088819 0.01719030 0.46727574 0.00484767 0.01122022 0.01117361 0.18949237 0.00536774
2426.80893631 0.01292938 0.00052595 0.00016415 0.00032198 0.00137401 0.28751307 0.01603869 0.46857838 0.00466789 0.01152266 0.01198505 0.19168200 0.00562616
2427.80926976 0.01283270 0.00017633 0.00025997 0.00004764 0.00014997 0.28938248 0.01626179 0.47104515 0.00456993 0.01290385 0.01020774 0.19000547 0.00498969
2428.80960320 0.01275119 0.00014125 0.00025149 0.00005113 0.00010713 0.28797816 0.01490342 0.47264091 0.00412680 0.01308123 0.01167686 0.18983154 0.00521009
2429.80993665 0.01098664 0.00064359 0.00018294 0.00051745 0.00138363 0.28711473 0.01588002 0.47226910 0.00751654 0.01249607 0.00926704 0.18796992 0.00475897
2430.81027009 0.01013044 0.00063191 0.00015209 0.00026343 0.00147484 0.28606659 0.01581240 0.47377904 0.00574311 0.01227726 0.01092593 0.18773270 0.00514069
2431.81060353 0.00994849 0.00123225 0.00015635 0.00113643 0.00155899 0.28629370 0.01585416 0.47243778 0.00494490 0.01184532 0.01191475 0.18740327 0.00522211
2432.81093698 0.00959683 0.00057109 0.00015134 0.00021273 0.00238032 0.28584481 0.01671801 0.47129940 0.00527729 0.01177352 0.01086231 0.18899996 0.00590921
2433.81127042 0.00950565 0.00050218 0.00020820 0.00025769 0.00311647 0.28342300 0.01508070 0.47119571 0.00607159 0.01145061 0.01320877 0.18961917 0.00586591
2434.81160387 0.00957218 0.00043629 0.00016305 0.00027025 0.00230260 0.28179746 0.01718174 0.46987475 0.00723158 0.01119150 0.01303273 0.19082478 0.00569326
2435.81193731 0.00972170 0.00081121 0.00014955 0.00087079 0.00318343 0.28407287 0.01742780 0.47106207 0.00494836 0.01055741 0.01259476 0.18927657 0.00504518
2436.81227076 0.00989316 0.00021095 0.00014849 0.00005973 0.00013538 0.28371653 0.01710820 0.47266675 0.00570678 0.01144806 0.01227404 0.19097301 0.00555209
2437.81260420 0.00988569 0.00028468 0.00013025 0.00007250 0.00016756 0.28406742 0.01710182 0.47346164 0.00567263 0.01137526 0.01264040 0.18971857 0.00530727
2438.81293765 0.00992278 0.00072048 0.00011327 0.00052767 0.00113153 0.28259510 0.01753615 0.47593434 0.00580817 0.01109465 0.01200034 0.18686148 0.00567682
2439.81327109 0.00995672 0.00024546 0.00010916 0.00008014 0.00018669 0.28211958 0.01838251 0.47498827 0.00597091 0.01103385 0.01330150 0.18816170 0.00542024
2440.81360453 0.00969930 0.00021114 0.00013689 0.00004834 0.00014466 0.28328344 0.01775306 0.47567282 0.00579886 0.01139637 0.01231026 0.18766055 0.00558361
2441.81393798 0.00954641 0.00019594 0.00016343 0.00006291 0.00014070 0.28245696 0.01765719 0.47604266 0.00574255 0.01107838 0.01294161 0.18824991 0.00526777
2442.81427142 0.00953944 0.00018427 0.00018834 0.00006805 0.00016717 0.28523559 0.01589301 0.47381053 0.00617868 0.01063478 0.01279419 0.18990101 0.00494440
2443.81460487 0.00984098 0.00036418 0.00012948 0.00016884 0.00122139 0.28368091 0.01788015 0.47139570 0.00606987 0.01045661 0.01289659 0.19000820 0.00572808
2444.81493831 0.00955434 0.00033468 0.00012585 0.00017686 0.00097880 0.28511992 0.01704514 0.47120301 0.00680123 0.01006626 0.01368049 0.18908695 0.00538082
2445.81527176 0.00932258 0.00040300 0.00013290 0.00030435 0.00142528 0.28333767 0.01597867 0.47070287 0.00701831 0.01116043 0.01372976 0.19041733 0.00538945
2446.81560520 0.00917463 0.00028307 0.00010716 0.00005503 0.00017284 0.28510036 0.01765281 0.47126834 0.00712515 0.01067312 0.01266897 0.18939328 0.00549987
2447.81593865 0.00923095 0.00089848 0.00020045 0.00079383 0.00320795 0.28453384 0.01428510 0.47227865 0.00552619 0.01148861 0.01260025 0.18889668 0.00528997
2448.81627209 0.00926522 0.00042766 0.00015476 0.00031061 0.00217556 0.28570667 0.01541615 0.47257395 0.00547477 0.01164377 0.01146339 0.18918794 0.00546476
2449.81660554 0.00928803 0.00035663 0.00011660 0.00042896 0.00219589 0.28560705 0.01637626 0.47356678 0.00606121 0.01193914 0.01078754 0.18792646 0.00463747
2450.81693898 0.00933020 0.00031198 0.00011784 0.00034029 0.00214146 0.28558625 0.01399141 0.47262507 0.00569598 0.01207994 0.01319089 0.18865726 0.00526162
2451.81727242 0.00911446 0.00056940 0.00013054 0.00031335 0.00186209 0.28561789 0.01599252 0.47244655 0.00633295 0.01232712 0.01058213 0.18846524 0.00536022
2452.81760587 0.00908174 0.00046721 0.00024474 0.00036554 0.00074113 0.28407015 0.01407127 0.47301176 0.00524519 0.01408426 0.01315638 0.18938127 0.00516111
2453.81793931 0.00896734 0.00045505 0.00020353 0.00050137 0.00117134 0.28451112 0.01605930 0.47106637 0.00522366 0.01417471 0.01051550 0.19073080 0.00538724
2454.81827276 0.00914708 0.00016242 0.00022966 0.00005319 0.00010903 0.28489724 0.01630417 0.47302223 0.00504881 0.01401601 0.01122086 0.19036258 0.00457380
2455.81860620 0.01138522 0.00021401 0.00020224 0.00011318 0.00168882 0.28174968 0.01536163 0.47411161 0.00578799 0.01417374 0.01152000 0.19018925 0.00488783
2456.81893965 0.01152230 0.00022998 0.00018203 0.00011247 0.00107066 0.28208684 0.01554737 0.47393827 0.00596097 0.01383299 0.01165528 0.19016501 0.00521812
2457.81927309 0.01102324 0.00024014 0.00019903 0.00015049 0.00185196 0.28400625 0.01450912 0.47521538 0.00465623 0.01320683 0.01216206 0.18881444 0.00498808
2458.81960654 0.01203877 0.00036380 0.00022550 0.00012863 0.00113277 0.28676434 0.01445774 0.47383860 0.00609520 0.01279988 0.01023032 0.18929060 0.00467261
2459.81993998 0.01404278 0.00023150 0.00019502 0.00004913 0.00017445 0.28658441 0.01459939 0.47278584 0.00596253 0.01295340 0.01136696 0.19022934 0.00486802
2460.82027342 0.01356553 0.00018141 0.00017617 0.00009046 0.00016577 0.28408853 0.01698824 0.47272608 0.00541537 0.01262085 0.01166826 0.18977625 0.00610259
2461.82060687 0.01354563 0.00056191 0.00028016 0.00049376 0.00104251 0.28306987 0.01580486 0.47291766 0.00493130 0.01386432 0.01220109 0.18932498 0.00550758
2462.82094031 0.01554043 0.00039614 0.00021959 0.00029903 0.00147293 0.28323562 0.01583729 0.47081760 0.00554737 0.01429635 0.01255162 0.18904793 0.00627853
2463.82127376 0.01459462 0.00039604 0.00014462 0.00027191 0.00147398 0.28270508 0.01655908 0.47166828 0.00583603 0.01379264 0.01187239 0.18946705 0.00581291
2464.82160720 0.01456611 0.00025898 0.00015489 0.00019413 0.00102355 0.28502753 0.01661800 0.46952663 0.00567713 0.01418279 0.01281157 0.18909621 0.00542861
2465.82194065 0.01433351 0.00093234 0.00019536 0.00110269 0.00263027 0.28255907 0.01632201 0.46975720 0.00583239 0.01403080 0.01169585 0.18980629 0.00513573
2466.82227409 0.01374958 0.00059454 0.00020296 0.00057773 0.00241473 0.28424930 0.01565559 0.47130453 0.00533593 0.01442651 0.01172265 0.18802491 0.00549062
2467.82260754 0.01322680 0.00054787 0.00024365 0.00043370 0.00228506 0.28435223 0.01379295 0.47101725 0.00531717 0.01450836 0.01095101 0.19196403 0.00458673
2468.82294098 0.01273071 0.00060845 0.00024177 0.00043188 0.00245045 0.28504971 0.01521226 0.47226935 0.00514864 0.01474544 0.01092128 0.18779152 0.00512925
2469.82327442 0.01246535 0.00052992 0.00023126 0.00052187 0.00100648 0.28569496 0.01390098 0.47198980 0.00500784 0.01486936 0.01247847 0.18923023 0.00453883
2470.82360787 0.01378668 0.00093316 0.00022935 0.00074690 0.00169803 0.28563373 0.01495694 0.46983930 0.00672188 0.01507244 0.00984692 0.18928691 0.00503445
2471.82394131 0.01381457 0.00086056 0.00019407 0.00078140 0.00197548 0.28665692 0.01515886 0.47029269 0.00549172 0.01488993 0.01107914 0.18809968 0.00451955
2472.82427476 0.01322147 0.00051964 0.00029094 0.00044464 0.00258337 0.28487362 0.01492867 0.46998365 0.00448038 0.01548132 0.01160964 0.18980118 0.00500295
2473.82460820 0.01325424 0.00017948 0.00025954 0.00004610 0.00013541 0.28808045 0.01555884 0.46882236 0.00488027 0.01432190 0.01135581 0.19138135 0.00497850
2474.82494165 0.01307982 0.00019117 0.00021195 0.00005218 0.00013342 0.28811211 0.01476036 0.47045802 0.00532289 0.01422886 0.01158273 0.19001464 0.00493168
2475.82527509 0.01301249 0.00019127 0.00019150 0.00005976 0.00012306 0.28790805 0.01662321 0.46977585 0.00513653 0.01355090 0.01103729 0.19067469 0.00472788
2476.82560854 0.01200365 0.00040233 0.00016332 0.00009241 0.00149632 0.28742116 0.01664191 0.47022203 0.00615561 0.01321106 0.01048023 0.18896217 0.00475145
2477.82594198 0.01202195 0.00026823 0.00014199 0.00010678 0.00039473 0.28647732 0.01583854 0.47208586 0.00543605 0.01329006 0.01289368 0.18810659 0.00496017
2478.82627543 0.01216532 0.00020896 0.00013371 0.00008310 0.00014717 0.28763953 0.01685659 0.47062405 0.00559101 0.01314023 0.01171853 0.18864704 0.00521009
2479.82660887 0.01201181 0.00062996 0.00013670 0.00039794 0.00073742 0.28690305 0.01577970 0.47222086 0.00591714 0.01326622 0.01135362 0.18776557 0.00489183
2480.82694231 0.01148430 0.00027318 0.00013622 0.00027905 0.00016471 0.28713849 0.01671296 0.47158297 0.00574168 0.01314089 0.01129991 0.18842959 0.00510036
2481.82727576 0.01101222 0.00021703 0.00017675 0.00013454 0.00023391 0.28894790 0.01561169 0.47028172 0.00527445 0.01363777 0.01031686 0.18957242 0.00559495
2482.82760920 0.00965680 0.00012395 0.00015424 0.00013683 0.00019288 0.28876357 0.01476890 0.47081056 0.00509762 0.01291358 0.01209690 0.19021360 0.00472737
2483.82794265 0.00949548 0.00024537 0.00014375 0.00016284 0.00180075 0.28820307 0.01475182 0.46971212 0.00531511 0.01315924 0.01213050 0.18982231 0.00455310
2484.82827609 0.00906024 0.00054523 0.00014114 0.00026871 0.00149749 0.28823225 0.01410277 0.47067963 0.00613348 0.01150973 0.01090067 0.19039899 0.00558992
2485.82860954 0.00910640 0.00069331 0.00015158 0.00057414 0.00226896 0.28730231 0.01329360 0.47201478 0.00610230 0.01173766 0.01095856 0.19006903 0.00483377
2486.82894298 0.00902042 0.00028492 0.00017207 0.00017367 0.00127076 0.29013054 0.01432993 0.47173396 0.00511768 0.01199003 0.01085870 0.18945347 0.00448426
2487.82927643 0.00901752 0.00025475 0.00014581 0.00032555 0.00120477 0.28905475 0.01435474 0.47256658 0.00482517 0.01225379 0.01083547 0.18973017 0.00444844
2488.82960987 0.00915040 0.00022189 0.00013084 0.00018276 0.00114321 0.28855975 0.01471193 0.47322691 0.00550847 0.01215358 0.01149887 0.18795897 0.00470280
2489.82994331 0.00911993 0.00029431 0.00012321 0.00016414 0.00119049 0.28788761 0.01404826 0.47259993 0.00564640 0.01239934 0.01166491 0.18930446 0.00467694
2490.83027676 0.00905845 0.00067063 0.00011385 0.00051279 0.00275305 0.28694688 0.01401509 0.47282564 0.00549574 0.01237610 0.01123392 0.18838184 0.00467445
2491.83061020 0.00902489 0.00027367 0.00011344 0.00012434 0.00188902 0.28645550 0.01431515 0.47234621 0.00574711 0.01259779 0.01136861 0.18941898 0.00535018
2492.83094365 0.00869283 0.00012208 0.00018290 0.00004130 0.00010499 0.28870301 0.01370023 0.47310938 0.00462174 0.01310298 0.01016977 0.19184845 0.00429317
2493.83127709 0.00851836 0.00011240 0.00034424 0.00003988 0.00008995 0.28842373 0.01270045 0.47452888 0.00440455 0.01296569 0.00983404 0.19262268 0.00393350
2494.83161054 0.00863033 0.00047329 0.00016384 0.00052035 0.00148507 0.28877009 0.01245197 0.47352946 0.00482445 0.01310475 0.00834001 0.19125178 0.00508494
2495.83194398 0.01058514 0.00015085 0.00015943 0.00012446 0.00011174 0.28973247 0.01237078 0.47286098 0.00416541 0.01310875 0.01129045 0.19090986 0.00501481
2496.83227743 0.01064797 0.00021047 0.00026926 0.00012554 0.00013700 0.29040837 0.01537610 0.47203854 0.00475497 0.01362658 0.00960058 0.18833050 0.00512210
2497.83261087 0.01070214 0.00021195 0.00016353 0.00023088 0.00039069 0.29015999 0.01576017 0.47048068 0.00564314 0.01176203 0.01004034 0.19011535 0.00504125
2498.83294431 0.01069089 0.00021842 0.00016751 0.00009758 0.00018821 0.29086388 0.01285120 0.47241410 0.00483485 0.01140300 0.01176407 0.18904087 0.00615629
2499.83327776 0.01043295 0.00028555 0.00015106 0.00014816 0.00030439 0.29196735 0.01396429 0.47201136 0.00596363 0.01111765 0.01090659 0.18862616 0.00455380
2500.83361120 0.01024600 0.00022775 0.00014605 0.00007272 0.00016293 0.28925653 0.01523963 0.47147518 0.00490883 0.01128145 0.01166064 0.18974375 0.00582453
2501.83394465 0.01022712 0.00017917 0.00014063 0.00010099 0.00015400 0.29010339 0.01642738 0.47132438 0.00508881 0.01102428 0.01132420 0.18935266 0.00478013
2502.83427809 0.00991316 0.00017219 0.00032079 0.00011062 0.00020135 0.28950948 0.01593000 0.47046642 0.00455460 0.01026100 0.01038625 0.19194415 0.00614315
2503.83461154 0.00943400 0.00024266 0.00018867 0.00023615 0.00037523 0.29074233 0.01592997 0.47121081 0.00415244 0.01018570 0.01071775 0.19037705 0.00564124
2504.83494498 0.00937166 0.00021141 0.00023774 0.00020329 0.00021293 0.28828654 0.01583195 0.47134679 0.00429336 0.01117261 0.01092590 0.19187422 0.00540327
2505.83527843 0.00968831 0.00065751 0.00021431 0.00054461 0.00226846 0.28851488 0.01531263 0.47182976 0.00405851 0.01098916 0.01047396 0.18942239 0.00571382
2506.83561187 0.00889698 0.00077511 0.00019234 0.00035276 0.00117912 0.28593407 0.01504785 0.47444719 0.00620108 0.00953911 0.01147444 0.18953493 0.00532198
2507.83594532 0.00970469 0.00058215 0.00014294 0.00024897 0.00118565 0.28603927 0.01636563 0.47506790 0.00651565 0.00941878 0.01116783 0.18705987 0.00620536
2508.83627876 0.00954887 0.00020479 0.00012827 0.00007726 0.00017560 0.28598384 0.01761405 0.47466786 0.00468390 0.00955969 0.01211378 0.18949298 0.00529797
2509.83661220 0.00935559 0.00033094 0.00013350 0.00026678 0.00088534 0.28701000 0.01657588 0.47519130 0.00508716 0.00959063 0.01152466 0.18776983 0.00563396
2510.83694565 0.00916513 0.00058778 0.00011988 0.00057978 0.00257208 0.28719173 0.01567981 0.47406841 0.00490787 0.00946748 0.01110826 0.18904295 0.00467398
2511.83727909 0.00896497 0.00047946 0.00012062 0.00023951 0.00093963 0.28648040 0.01758385 0.47337123 0.00512323 0.00957698 0.01035839 0.19057265 0.00515405
2512.83761254 0.00872822 0.00031171 0.00013210 0.00021492 0.00154214 0.28770803 0.01648542 0.47304734 0.00456952 0.00960924 0.01119390 0.18989263 0.00529303
2513.83794598 0.00814991 0.00056192 0.00013569 0.00047796 0.00274942 0.28658740 0.01573097 0.47220941 0.00433140 0.00943092 0.01077744 0.19185270 0.00515477
2514.83827943 0.00777532 0.00026601 0.00020190 0.00011573 0.00121168 0.28809970 0.01546172 0.47464348 0.00433918 0.00958200 0.01054064 0.18986761 0.00567035
2515.83861287 0.00759648 0.00026510 0.00017447 0.00027546 0.00139994 0.28735072 0.01590905 0.47437118 0.00371185 0.00971404 0.01086578 0.19099338 0.00496903
2516.83894632 0.00761176 0.00012279 0.00014383 0.00009060 0.00075356 0.28818984 0.01648134 0.47507151 0.00451764 0.00940973 0.01001500 0.18995098 0.00525317
2517.83927976 0.00744453 0.00019829 0.00014472 0.00023933 0.00105072 0.28715560 0.01619668 0.47764761 0.00397024 0.00976774 0.01044355 0.18829432 0.00489121
2518.83961320 0.00747294 0.00015645 0.00013008 0.00010304 0.00069180 0.28880645 0.01595877 0.47587766 0.00363639 0.00965706 0.01070409 0.18874324 0.00553497
2519.83994665 0.00749186 0.00023476 0.00011325 0.00011285 0.00067198 0.28705646 0.01606074 0.47640542 0.00427618 0.00982368 0.01010727 0.19003154 0.00510586
2520.84028009 0.00740104 0.00023059 0.00011572 0.00009816 0.00057423 0.28935361 0.01583245 0.47564329 0.00356651 0.00984390 0.01082408 0.18869592 0.00522155
2521.84061354 0.00739632 0.00011299 0.00010772 0.00006013 0.00021315 0.28736542 0.01674290 0.47466513 0.00418842 0.01003618 0.00987004 0.19163754 0.00500038
2522.84094698 0.00735602 0.00009830 0.00011589 0.00008009 0.00021838 0.28902041 0.01647090 0.47377671 0.00355838 0.01007861 0.01048735 0.19095788 0.00513709
2523.84128043 0.00698540 0.00021266 0.00011776 0.00005892 0.00024352 0.28821645 0.01623402 0.47460923 0.00408904 0.00990430 0.01049610 0.19080397 0.00501404
2524.84161387 0.00675671 0.00037969 0.00011592 0.00022327 0.00111460 0.28812317 0.01572280 0.47414533 0.00380142 0.00971598 0.00998878 0.19146231 0.00520672
2525.84194732 0.00658661 0.00072474 0.00012702 0.00077502 0.00201822 0.28892428 0.01437661 0.47584674 0.00325167 0.00974285 0.01044053 0.18887996 0.00489237
2526.84228076 0.00816780 0.00035554 0.00016915 0.00016867 0.00133124 0.28778245 0.01525352 0.47665229 0.00433751 0.00962804 0.00967525 0.18923275 0.00541360
2527.84261420 0.00806158 0.00008830 0.00018717 0.00005474 0.00009850 0.28859346 0.01532841 0.47599494 0.00354074 0.01052533 0.01067265 0.19013720 0.00477855
2528.84294765 0.00817930 0.00010795 0.00015629 0.00005208 0.00013893 0.29038381 0.01493611 0.47803777 0.00334454 0.01038756 0.00961312 0.18814472 0.00469712
2529.84328109 0.00829144 0.00051459 0.00012626 0.00033885 0.00135141 0.28764148 0.01477396 0.47555493 0.00390043 0.01035733 0.00879184 0.19135696 0.00529196
2530.84361454 0.00800616 0.00099604 0.00032562 0.00103438 0.00320248 0.28774805 0.01291165 0.47462141 0.00480462 0.00904182 0.00837349 0.19115716 0.00578328
2531.84394798 0.00859913 0.00036044 0.00014544 0.00014806 0.00197197 0.28728197 0.01391541 0.47674568 0.00513299 0.00901862 0.00924680 0.19169634 0.00433629
2532.84428143 0.00900140 0.00020636 0.00029309 0.00008667 0.00122662 0.28545217 0.01467988 0.47559642 0.00388912 0.01107629 0.00984924 0.19242201 0.00522213
2533.84461487 0.00915580 0.00027193 0.00015897 0.00009116 0.00023578 0.28791015 0.01372152 0.47593487 0.00477139 0.01096956 0.00989322 0.19159927 0.00444219
2534.84494832 0.00934596 0.00029099 0.00013765 0.00005975 0.00026940 0.28613954 0.01379125 0.47778505 0.00598716 0.01121676 0.00899787 0.19115308 0.00417150
2535.84528176 0.00953971 0.00020241 0.00012420 0.00004872 0.00020361 0.28897658 0.01285096 0.47777292 0.00472309 0.01065761 0.01101968 0.18873939 0.00468086
2536.84561521 0.01090294 0.00048213 0.00011626 0.00036085 0.00138060 0.28592796 0.01454733 0.47721631 0.00490859 0.01081060 0.00976868 0.19011179 0.00436890
2537.84594865 0.01046637 0.00018552 0.00012221 0.00013798 0.00032551 0.28930755 0.01347636 0.47701900 0.00625750 0.01035757 0.01101492 0.18729434 0.00450155
2538.84628209 0.01169157 0.00043219 0.00017818 0.00006977 0.00039008 0.28465599 0.01360045 0.47524802 0.00733651 0.01204141 0.01123651 0.18995241 0.00485847
2539.84661554 0.01192587 0.00024941 0.00015739 0.00014814 0.00170231 0.28576310 0.01462973 0.47445978 0.00596022 0.01122823 0.01292165 0.18783277 0.00494727
2540.84694898 0.01165982 0.00060537 0.00018522 0.00063478 0.00229183 0.28221402 0.01402580 0.47637588 0.00577679 0.00995408 0.01212652 0.19099973 0.00480997
2541.84728243 0.01157603 0.00037459 0.00016086 0.00022942 0.00261901 0.28370762 0.01429996 0.47492347 0.00681438 0.00982662 0.01086984 0.19121140 0.00496284
2542.84761587 0.01349465 0.00086541 0.00028136 0.00076044 0.00350560 0.28088550 0.01281748 0.47628693 0.00580511 0.01071204 0.01127345 0.19173425 0.00507244
2543.84794932 0.01348467 0.00040506 0.00016166 0.00025788 0.00231403 0.28237778 0.01377928 0.47669212 0.00630690 0.01091571 0.00994534 0.19168746 0.00515679
2544.84828276 0.01349586 0.00051281 0.00016905 0.00042225 0.00198993 0.28243828 0.01348014 0.47780355 0.00502161 0.01209234 0.00988894 0.19201286 0.00416823
2545.84861621 0.01296639 0.00056323 0.00016059 0.00061473 0.00214292 0.28375738 0.01156498 0.47871667 0.00592675 0.01204172 0.01036869 0.18988687 0.00425546
2546.84894965 0.01262322 0.00037487 0.00015001 0.00024694 0.00230726 0.28323012 0.01348462 0.47936481 0.00511204 0.01222106 0.00934743 0.18961721 0.00454362
2547.84928309 0.01245758 0.00038202 0.00015489 0.00025624 0.00194228 0.28323649 0.01207230 0.48003064 0.00505926 0.01213170 0.01098190 0.18910823 0.00464405
2548.84961654 0.01243544 0.00059546 0.00014995 0.00048198 0.00111783 0.28360248 0.01314569 0.47942837 0.00526341 0.01207494 0.01037654 0.18944096 0.00432242
2549.84994998 0.01271867 0.00052752 0.00012989 0.00031298 0.00286128 0.28148949 0.01438314 0.47962849 0.00576423 0.01111492 0.00971479 0.18956240 0.00451087
2550.85028343 0.01280341 0.00057879 0.00012962 0.00046207 0.00398513 0.28252794 0.01427662 0.47767480 0.00452489 0.01068845 0.01014820 0.19064809 0.00435541
2551.85061687 0.01234919 0.00026193 0.00013335 0.00010328 0.00255671 0.28143152 0.01440574 0.47963266 0.00517776 0.01054108 0.00964504 0.19159297 0.00451796
2552.85095032 0.01201623 0.00063874 0.00016805 0.00066260 0.00330847 0.28044518 0.01164636 0.47908715 0.00618979 0.01069486 0.01156786 0.19100617 0.00458475
2553.85128376 0.01182720 0.00068891 0.00019240 0.00049015 0.00246372 0.27950590 0.01239545 0.48038603 0.00690867 0.01030154 0.00906535 0.19296497 0.00463692
2554.85161721 0.01157147 0.00034305 0.00011585 0.00020418 0.00196789 0.28024053 0.01101675 0.48277720 0.00565255 0.00960415 0.01273773 0.19063456 0.00470556
2555.85195065 0.01155573 0.00030198 0.00011102 0.00028068 0.00124924 0.27933017 0.01414103 0.48237060 0.00625372 0.00986560 0.01000606 0.19176592 0.00432398
2556.85228409 0.01136738 0.00020080 0.00011383 0.00008280 0.00072521 0.28044428 0.01448898 0.48350005 0.00534491 0.00989831 0.01149902 0.18962946 0.00407234
2557.85261754 0.01097436 0.00025284 0.00012980 0.00009685 0.00012986 0.27912212 0.01420865 0.48366644 0.00608122 0.01039550 0.01143355 0.19044210 0.00404106
2558.85295098 0.01065283 0.00074369 0.00014018 0.00068277 0.00242599 0.28070097 0.01307534 0.48271551 0.00680205 0.01017690 0.00868453 0.18989363 0.00395845
2559.85328443 0.01041765 0.00041672 0.00014613 0.00032043 0.00220825 0.27926541 0.01077570 0.48302702 0.00522659 0.01067251 0.01237109 0.19079765 0.00477250
2560.85361787 0.00977820 0.00021808 0.00023614 0.00015628 0.00105443 0.28121447 0.01213021 0.48429187 0.00532036 0.01085636 0.00933196 0.19145298 0.00373686
2561.85395132 0.00946197 0.00013279 0.00018764 0.00010537 0.00010748 0.28192840 0.01164505 0.48233271 0.00472420 0.01127276 0.00959066 0.19266592 0.00530701
2562.85428476 0.00926423 0.00020695 0.00016261 0.00004542 0.00013180 0.28136262 0.01106884 0.48391908 0.00532690 0.01109998 0.01071069 0.19217526 0.00378986
2563.85461821 0.00886285 0.00017791 0.00016330 0.00003426 0.00011346 0.28200570 0.01297146 0.48208641 0.00558901 0.01246064 0.00813126 0.19235007 0.00391651
2564.85495165 0.00884005 0.00010041 0.00013134 0.00004613 0.00007951 0.28136688 0.01129959 0.48314877 0.00375785 0.01264426 0.01147579 0.19209879 0.00385070
2565.85528510 0.00892135 0.00017215 0.00012166 0.00003215 0.00011405 0.28177589 0.01348980 0.48426912 0.00480184 0.01267770 0.00805219 0.19061744 0.00387602
2566.85561854 0.00877847 0.00014382 0.00011327 0.00004752 0.00008875 0.28129337 0.01218958 0.48361492 0.00410009 0.01294231 0.01001662 0.19173644 0.00371332
2567.85595198 0.00861230 0.00017937 0.00011584 0.00008259 0.00166651 0.28325427 0.01046092 0.48450318 0.00440916 0.01290581 0.00818731 0.19063653 0.00359850
2568.85628543 0.00932479 0.00020415 0.00014179 0.00011626 0.00020571 0.28161837 0.01095169 0.48512704 0.00429253 0.01341252 0.00927457 0.19119014 0.00346522
2569.85661887 0.00911473 0.00008340 0.00015732 0.00003104 0.00006873 0.28493429 0.00880842 0.48531263 0.00333395 0.01326728 0.00906983 0.19172050 0.00321261
2570.85695232 0.00893728 0.00011057 0.00016018 0.00002806 0.00008745 0.28269678 0.01052581 0.48488663 0.00430027 0.01355769 0.00658928 0.19400165 0.00305564
2571.85728576 0.00883205 0.00031915 0.00015100 0.00031730 0.00101328 0.28464465 0.00913472 0.48434993 0.00324258 0.01250131 0.00840667 0.19255401 0.00336540
2572.85761921 0.00866476 0.00012555 0.00014891 0.00022873 0.00042479 0.28256291 0.01015597 0.48420248 0.00376810 0.01270715 0.00744216 0.19440873 0.00382452
2573.85795265 0.00813641 0.00011617 0.00012683 0.00008194 0.00007911 0.28539872 0.01055228 0.48325085 0.00378476 0.01205733 0.00747643 0.19294445 0.00413112
2574.85828610 0.00801624 0.00010504 0.00014656 0.00018155 0.00020878 0.28427860 0.00959771 0.48555276 0.00335600 0.01169722 0.00817883 0.19316781 0.00352913
2575.85861954 0.00802839 0.00009813 0.00012443 0.00006837 0.00007900 0.28360619 0.00987548 0.48635857 0.00375453 0.01110559 0.00717475 0.19333202 0.00442295
2576.85895298 0.00795148 0.00037778 0.00012697 0.00032952 0.00075093 0.28342196 0.00924824 0.48797665 0.00368915 0.01118225 0.00793219 0.19154262 0.00342173
2577.85928643 0.00786391 0.00012524 0.00011056 0.00004083 0.00007758 0.28304281 0.01031499 0.48724390 0.00375847 0.01079229 0.00842872 0.19277774 0.00328686
2578.85961987 0.00768011 0.00042573 0.00012798 0.00042978 0.00088558 0.28206800 0.01172857 0.48869879 0.00384617 0.00995063 0.00706527 0.19154922 0.00322427
2579.85995332 0.00756113 0.00047472 0.00012560 0.00036389 0.00084909 0.28115870 0.00967306 0.48667880 0.00409239 0.00979773 0.01022378 0.19250073 0.00406151
2580.86028676 0.00749569 0.00039161 0.00010547 0.00024493 0.00146484 0.28043629 0.01181843 0.48549926 0.00543064 0.00957563 0.00826990 0.19263685 0.00412615
2581.86062021 0.00760812 0.00029153 0.00010393 0.00020890 0.00139297 0.28036962 0.01122293 0.48419622 0.00481682 0.01025309 0.01005903 0.19331283 0.00377214
2582.86095365 0.00758571 0.00030008 0.00009169 0.00021616 0.00091065 0.28089721 0.01125677 0.48447983 0.00505558 0.01028251 0.01002162 0.19252030 0.00396760
2583.86128710 0.00768498 0.00031326 0.00009296 0.00021088 0.00108992 0.27870854 0.01312041 0.48448799 0.00601117 0.01058530 0.00882241 0.19254871 0.00400845
2584.86162054 0.00753869 0.00026487 0.00009426 0.00010188 0.00022713 0.27969278 0.01148793 0.48524205 0.00483255 0.01053572 0.01233517 0.19103377 0.00415190
2585.86195398 0.00760378 0.00014217 0.00011991 0.00005423 0.00160254 0.27978140 0.01203662 0.48634580 0.00524165 0.01119545 0.00847456 0.19142799 0.00357768
2586.86228743 0.00745184 0.00029522 0.00010865 0.00016806 0.00158922 0.28177070 0.01014767 0.48571491 0.00519264 0.01070086 0.01005119 0.19051766 0.00374321
2587.86262087 0.00750740 0.00033583 0.00010813 0.00026368 0.00137193 0.27835554 0.01176493 0.48645189 0.00631545 0.01113929 0.00915376 0.19121897 0.00352059
2588.86295432 0.00724998 0.00015680 0.00010941 0.00006564 0.00008190 0.28078866 0.01146588 0.48639878 0.00504788 0.01068490 0.01027214 0.19121961 0.00370841
2589.86328776 0.00706835 0.00016780 0.00012900 0.00005224 0.00014844 0.27957086 0.01240200 0.48694139 0.00479885 0.00981223 0.00914266 0.19333971 0.00349482
2590.86362121 0.00711811 0.00020549 0.00010171 0.00004575 0.00013298 0.28231521 0.01152953 0.48590428 0.00495602 0.00955280 0.00925318 0.19241076 0.00359228
2591.86395465 0.00722231 0.00034328 0.00009868 0.00008045 0.00029887 0.28003109 0.01045692 0.48466015 0.00573613 0.01026906 0.01014302 0.19380126 0.00408109
2592.86428810 0.00727227 0.00023020 0.00009130 0.00004589 0.00027555 0.28142234 0.01275622 0.48501324 0.00551075 0.01016461 0.00820311 0.19260657 0.00368023
2593.86462154 0.00769773 0.00068500 0.00010482 0.00059463 0.00066691 0.27995435 0.01349298 0.48490008 0.00364504 0.01047949 0.00956709 0.19189881 0.00401081
2594.86495498 0.00766592 0.00026106 0.00026502 0.00014818 0.00121396 0.28096151 0.01314796 0.48555868 0.00352991 0.01069393 0.00796621 0.19216181 0.00409178
2595.86528843 0.00764258 0.00035159 0.00009184 0.00041316 0.00262947 0.27999777 0.01320960 0.48604359 0.00375033 0.01089114 0.00776366 0.19089740 0.00396044
2596.86562187 0.00928726 0.00067510 0.00012169 0.00063401 0.00259048 0.28265086 0.00992892 0.48708238 0.00371157 0.01035805 0.00710056 0.19070032 0.00444605
2597.86595532 0.00923104 0.00040601 0.00016487 0.00042113 0.00298911 0.28163832 0.01006361 0.48634214 0.00291423 0.01160594 0.00637612 0.19263858 0.00443992
2598.86628876 0.00892689 0.00043210 0.00024936 0.00053638 0.00112787 0.28257792 0.00883672 0.48674791 0.00200093 0.01238762 0.00754787 0.19241914 0.00513618
2599.86662221 0.00863581 0.00018769 0.00023805 0.00049718 0.00215750 0.28140656 0.01075202 0.48420098 0.00324944 0.01245279 0.00615026 0.19418317 0.00452436
2600.86695565 0.00739730 0.00062570 0.00014229 0.00072206 0.00298528 0.27868937 0.00973208 0.48457745 0.00328217 0.01159075 0.00771453 0.19349484 0.00644345
2601.86728910 0.00758370 0.00024120 0.00014393 0.00044377 0.00137042 0.27947213 0.01074745 0.48633499 0.00370150 0.01130780 0.00772538 0.19313307 0.00537836
2602.86762254 0.00862096 0.00018096 0.00013851 0.00011396 0.00020246 0.27881060 0.01308772 0.48732275 0.00394429 0.01037020 0.00775140 0.19237440 0.00570273
2603.86795599 0.00840542 0.00018898 0.00011570 0.00017837 0.00030147 0.27893694 0.01242120 0.48802304 0.00294750 0.00985716 0.01092492 0.19196523 0.00413950
2604.86828943 0.00801592 0.00019084 0.00016151 0.00007233 0.00015027 0.27887587 0.01337556 0.48853350 0.00442470 0.00898762 0.00790256 0.19233458 0.00499066
2605.86862287 0.00801376 0.00031462 0.00015329 0.00016841 0.00143921 0.27930670 0.01087984 0.48896453 0.00583366 0.00849659 0.00880731 0.19155543 0.00408040
2606.86895632 0.00766660 0.00104999 0.00014740 0.00106242 0.00222867 0.27912591 0.01199779 0.48487182 0.00589426 0.00850537 0.00919342 0.19178468 0.00413828
2607.86928976 0.00776396 0.00027805 0.00013021 0.00018456 0.00261801 0.28105038 0.01294942 0.48522439 0.00461759 0.00835988 0.00823672 0.19158946 0.00476133
2608.86962321 0.00799409 0.00046131 0.00011039 0.00040275 0.00251357 0.27901799 0.01153693 0.48508111 0.00392284 0.00859672 0.01047368 0.19352318 0.00435954
2609.86995665 0.00808184 0.00049597 0.00010744 0.00023390 0.00151408 0.28081654 0.01324930 0.48398539 0.00531307 0.00838356 0.00841372 0.19303220 0.00445483
2610.87029010 0.00821429 0.00026297 0.00010016 0.00008733 0.00077991 0.27937976 0.01283597 0.48519571 0.00547075 0.00867408 0.00966431 0.19299121 0.00455785
2611.87062354 0.00783999 0.00042004 0.00011703 0.00049031 0.00114343 0.28082366 0.01191212 0.48611897 0.00473434 0.00850055 0.00845737 0.19251238 0.00476979
2612.87095699 0.00764064 0.00052058 0.00011697 0.00051717 0.00136016 0.27946491 0.01253972 0.48806374 0.00392080 0.00878328 0.00877558 0.19166466 0.00427244
2613.87129043 0.00744819 0.00042849 0.00012458 0.00046986 0.00181064 0.27922077 0.01148496 0.48917172 0.00439889 0.00851568 0.00895245 0.19112649 0.00429545
2614.87162387 0.00729719 0.00033025 0.00012349 0.00036749 0.00239972 0.27810992 0.01186924 0.48965362 0.00452840 0.00873682 0.00708636 0.19158935 0.00520535
2615.87195732 0.00711365 0.00032562 0.00011360 0.00027098 0.00114158 0.27921851 0.01115787 0.48982564 0.00384742 0.00845708 0.01038691 0.19069895 0.00455584
2616.87229076 0.00696140 0.00032637 0.00011081 0.00024420 0.00116289 0.27812391 0.01196551 0.48825018 0.00418991 0.00968243 0.00728246 0.19352369 0.00513765
2617.87262421 0.00677286 0.00042069 0.00016970 0.00029785 0.00085082 0.27806961 0.01232537 0.48832019 0.00426526 0.00849737 0.00923759 0.19282591 0.00471962
2618.87295765 0.00689293 0.00043843 0.00016490 0.00030537 0.00181058 0.27700629 0.01192319 0.48988289 0.00436280 0.00847870 0.00796284 0.19434939 0.00331462
2619.87329110 0.00697278 0.00009574 0.00016457 0.00003507 0.00009231 0.27992295 0.01121111 0.48933254 0.00335266 0.00976779 0.00767054 0.19485414 0.00350057
2620.87362454 0.00721825 0.00018653 0.00013049 0.00011429 0.00315235 0.27741871 0.00975104 0.49072282 0.00306351 0.00976068 0.00785823 0.19410405 0.00373729
2621.87395799 0.00714650 0.00043834 0.00013737 0.00033178 0.00150383 0.27840964 0.01064702 0.49027422 0.00404473 0.00907042 0.00773395 0.19241181 0.00499689
2622.87429143 0.00739092 0.00039192 0.00014653 0.00040389 0.00156737 0.27829930 0.01040287 0.49034048 0.00333973 0.00892952 0.00858996 0.19274507 0.00484335
2623.87462487 0.00749153 0.00078267 0.00011700 0.00073536 0.00186044 0.27807328 0.01185406 0.49183370 0.00272536 0.00884232 0.00653389 0.19157229 0.00506965
2624.87495832 0.00763775 0.00040223 0.00027740 0.00030779 0.00169598 0.27601556 0.01183195 0.49137432 0.00425556 0.00960476 0.00719130 0.19330211 0.00374104
2625.87529176 0.00786779 0.00027890 0.00013569 0.00011252 0.00148777 0.27591825 0.01087688 0.49202187 0.00335045 0.00989245 0.00909103 0.19269425 0.00413995
2626.87562521 0.00794789 0.00046618 0.00011850 0.00054888 0.00099216 0.27588024 0.01327284 0.49116368 0.00415370 0.00849846 0.00782352 0.19308711 0.00399473
2627.87595865 0.00783729 0.00050522 0.00020297 0.00056289 0.00116589 0.27427669 0.01230432 0.49067791 0.00362138 0.00898387 0.00912299 0.19286624 0.00570963
2628.87629210 0.00776673 0.00079389 0.00012404 0.00091697 0.00220779 0.27398457 0.01245075 0.48992009 0.00478194 0.00857976 0.00937588 0.19253297 0.00433135
2629.87662554 0.00766574 0.00049706 0.00011715 0.00049390 0.00231226 0.27168050 0.01284876 0.48948992 0.00484460 0.00884934 0.00876076 0.19316301 0.00694273
2630.87695899 0.00748361 0.00067484 0.00011894 0.00086391 0.00277712 0.27284793 0.01284782 0.48998293 0.00374428 0.00871753 0.01070458 0.19162955 0.00509058
2631.87729243 0.00711267 0.00016015 0.00025621 0.00020444 0.00101221 0.26974271 0.01255561 0.49332646 0.00398209 0.01133348 0.00762344 0.19322378 0.00657942
2632.87762588 0.00709674 0.00030195 0.00022350 0.00043924 0.00157148 0.27214505 0.01145104 0.49365908 0.00376719 0.01219593 0.00888889 0.19138859 0.00396805
2633.87795932 0.00716816 0.00021367 0.00017528 0.00013642 0.00092233 0.27011507 0.01206274 0.49369933 0.00393181 0.01193793 0.00815692 0.19357024 0.00507827
2634.87829276 0.00720586 0.00027719 0.00015763 0.00026917 0.00120322 0.27186198 0.01261363 0.49435460 0.00363678 0.01164658 0.00831415 0.19128570 0.00437937
2635.87862621 0.00716928 0.00045431 0.00015052 0.00039173 0.00233890 0.27015588 0.01185181 0.49359768 0.00326615 0.01124158 0.00884973 0.19370288 0.00399882
2636.87895965 0.00716258 0.00027692 0.00013240 0.00014456 0.00165782 0.27123662 0.01171118 0.49365552 0.00416445 0.01097855 0.00826358 0.19262230 0.00515611
2637.87929310 0.00676371 0.00036941 0.00011309 0.00029031 0.00141169 0.27070215 0.01173225 0.49319382 0.00473036 0.01058372 0.00929638 0.19367288 0.00390394
2638.87962654 0.00682060 0.00025344 0.00010285 0.00019905 0.00101749 0.27085862 0.01148543 0.49269095 0.00611295 0.01024636 0.00852816 0.19388329 0.00462142
2639.87995999 0.00676138 0.00021066 0.00010172 0.00019462 0.00294043 0.27181723 0.01185816 0.49340749 0.00368605 0.00965370 0.00899635 0.19371800 0.00341558
2640.88029343 0.00847863 0.00037804 0.00011530 0.00020893 0.00101839 0.27065011 0.01494262 0.49158702 0.00518669 0.00959795 0.00919999 0.19265719 0.00445777
2641.88062688 0.00839485 0.00039257 0.00011139 0.00007671 0.00073592 0.27040414 0.01300416 0.49231892 0.00557592 0.00952586 0.01056909 0.19219553 0.00508978
2642.88096032 0.00801471 0.00034374 0.00011717 0.00017241 0.00068164 0.27018019 0.01521884 0.49263435 0.00491790 0.00905188 0.01061840 0.19176161 0.00430188
2643.88129376 0.00952132 0.00020462 0.00011867 0.00007777 0.00035795 0.27067034 0.01647336 0.49118008 0.00460106 0.00915202 0.01076001 0.19083833 0.00556580
2644.88162721 0.00947139 0.00023363 0.00011722 0.00010554 0.00030195 0.26971551 0.01488916 0.49143564 0.00512768 0.00952774 0.01251277 0.19149985 0.00453330
2645.88196065 0.00924372 0.00019753 0.00015036 0.00005342 0.00015741 0.27247323 0.01443442 0.49273735 0.00551734 0.00970809 0.00895498 0.19124650 0.00436937
2646.88229410 0.00920151 0.00014114 0.00012274 0.00004603 0.00011135 0.27110935 0.01315419 0.49201363 0.00423328 0.01001751 0.01105625 0.19349045 0.00450408
2647.88262754 0.00921727 0.00010934 0.00011810 0.00004726 0.00010238 0.27243905 0.01416816 0.49190189 0.00393733 0.01039705 0.01005577 0.19242157 0.00430212
2648.88296099 0.00912365 0.00041583 0.00010608 0.00049669 0.00093157 0.27159668 0.01352676 0.49170154 0.00393588 0.01061376 0.00896536 0.19364645 0.00406340
2649.88329443 0.00914585 0.00029774 0.00011820 0.00036512 0.00249441 0.27013285 0.01226348 0.49144917 0.00351868 0.01131968 0.01031623 0.19324743 0.00447701
2650.88362788 0.00922856 0.00057786 0.00012283 0.00046064 0.00247846 0.27036524 0.01408645 0.49065589 0.00483006 0.01158464 0.00813368 0.19207437 0.00462989
2651.88396132 0.00927128 0.00020147 0.00017372 0.00025235 0.00112583 0.26866572 0.01342170 0.49073711 0.00330140 0.01393734 0.01158647 0.19190713 0.00468978
2652.88429476 0.00922378 0.00014387 0.00019212 0.00004018 0.00010406 0.27161938 0.01315454 0.49157593 0.00391660 0.01410386 0.00866415 0.19224565 0.00423967
2653.88462821 0.00926348 0.00018445 0.00015247 0.00004671 0.00013243 0.27171960 0.01309433 0.49227170 0.00456675 0.01428659 0.00774625 0.19172483 0.00407390
2654.88496165 0.00930113 0.00012248 0.00013058 0.00004182 0.00010683 0.27220588 0.01148990 0.49159950 0.00299756 0.01423768 0.01023098 0.19238033 0.00445647
2655.88529510 0.00934516 0.00010176 0.00012922 0.00003912 0.00009527 0.27152842 0.01393066 0.49209220 0.00351958 0.01434846 0.00744050 0.19271316 0.00406165
2656.88562854 0.00922814 0.00009294 0.00012013 0.00004137 0.00008878 0.27279375 0.01249525 0.49158433 0.00292200 0.01413840 0.00932258 0.19231158 0.00408888
2657.88596199 0.00914116 0.00010346 0.00011601 0.00003916 0.00008903 0.27121022 0.01313247 0.49114290 0.00347329 0.01420636 0.00821946 0.19426472 0.00400292
2658.88629543 0.00880872 0.00020196 0.00011762 0.00015445 0.00166944 0.27288256 0.01354589 0.48957938 0.00438308 0.01345389 0.00771482 0.19212150 0.00417540
2659.88662888 0.00871864 0.00014505 0.00014509 0.00017038 0.00025340 0.27308208 0.01081293 0.48931248 0.00318046 0.01359127 0.01028501 0.19364742 0.00537442
2660.88696232 0.00860877 0.00014949 0.00013118 0.00010909 0.00012004 0.27331163 0.01392840 0.48989361 0.00398751 0.01334113 0.00788620 0.19277330 0.00436842
2661.88729577 0.00744155 0.00022678 0.00013058 0.00028474 0.00034157 0.27198885 0.01474516 0.49023609 0.00268232 0.01310657 0.00835956 0.19151354 0.00638424
2662.88762921 0.00742442 0.00014914 0.00013020 0.00023669 0.00022251 0.27163838 0.01479919 0.49022850 0.00338547 0.01280477 0.01002088 0.19170213 0.00468214
2663.88796265 0.00722202 0.00026467 0.00013202 0.00007626 0.00019583 0.27191470 0.01421585 0.49067568 0.00482347 0.01250149 0.00901805 0.19078438 0.00539760
2664.88829610 0.00709441 0.00019574 0.00015073 0.00005499 0.00010908 0.27156392 0.01347103 0.49068430 0.00404506 0.01249352 0.01141196 0.19075868 0.00506099
2665.88862954 0.00743315 0.00013274 0.00013999 0.00005769 0.00010964 0.27175336 0.01660654 0.48992835 0.00429557 0.01197392 0.00915753 0.19145597 0.00438871
2666.88896299 0.00736136 0.00011276 0.00012240 0.00004429 0.00009225 0.27175678 0.01580964 0.48980734 0.00382178 0.01151148 0.01057552 0.19173140 0.00461436
2667.88929643 0.00686658 0.00017043 0.00010191 0.00005361 0.00012418 0.27182950 0.01452259 0.48959793 0.00422340 0.01087705 0.01163932 0.19221195 0.00464813
2668.88962988 0.00676728 0.00019655 0.00009104 0.00004489 0.00012762 0.27181381 0.01579028 0.48933646 0.00546048 0.01047824 0.00925991 0.19268631 0.00471441
2669.88996332 0.00672866 0.00014771 0.00008392 0.00005167 0.00010530 0.27200827 0.01381304 0.49144632 0.00411867 0.00974570 0.01155862 0.19234357 0.00457723
2670.89029677 0.00714184 0.00026997 0.00009180 0.00016312 0.00125605 0.27184113 0.01426758 0.49103584 0.00453897 0.00959922 0.00940428 0.19302666 0.00450538
2671.89063021 0.00691950 0.00015282 0.00007722 0.00007223 0.00009851 0.27217723 0.01545112 0.49076481 0.00470397 0.00942223 0.01122828 0.19119479 0.00465680
2672.89096365 0.00721792 0.00010722 0.00011036 0.00005966 0.00011027 0.27104847 0.01470022 0.49125934 0.00408369 0.01125150 0.01100085 0.19207780 0.00419061
2673.89129710 0.00733983 0.00012131 0.00011388 0.00004836 0.00009963 0.27251175 0.01467194 0.49084793 0.00478213 0.01143483 0.00976076 0.19103978 0.00456768
2674.89163054 0.00709384 0.00016230 0.00011323 0.00004972 0.00012234 0.27134601 0.01318859 0.49138704 0.00449824 0.01202339 0.01129586 0.19137491 0.00443835
2675.89196399 0.00712989 0.00023526 0.00011193 0.00008909 0.00120496 0.27058012 0.01426980 0.49035420 0.00517559 0.01219281 0.00944637 0.19137525 0.00496462
2676.89229743 0.00715646 0.00026659 0.00015849 0.00023406 0.00158085 0.26872914 0.01401778 0.49017349 0.00385050 0.01348747 0.01062545 0.19249937 0.00437680
2677.89263088 0.00816938 0.00034946 0.00020570 0.00016742 0.00131017 0.26899438 0.01354454 0.49052172 0.00459936 0.01370009 0.00979516 0.19199000 0.00482200
2678.89296432 0.00837604 0.00018663 0.00015740 0.00007515 0.00157200 0.26874437 0.01378064 0.49043581 0.00445192 0.01388819 0.00944130 0.19263534 0.00463125
2679.89329777 0.00845180 0.00023967 0.00012534 0.00015005 0.00146597 0.26912390 0.01326724 0.49082258 0.00390080 0.01385243 0.00998756 0.19242549 0.00463897
2680.89363121 0.00857046 0.00026344 0.00010793 0.00023047 0.00127259 0.26921534 0.01369086 0.49144648 0.00458944 0.01388975 0.00878154 0.19215423 0.00435794
2681.89396465 0.00849279 0.00013972 0.00010012 0.00011114 0.00085781 0.26904245 0.01337182 0.49189003 0.00423662 0.01398493 0.00955659 0.19221936 0.00448941
2682.89429810 0.00960446 0.00019287 0.00011301 0.00024970 0.00113376 0.27124530 0.01329810 0.49058769 0.00380964 0.01414497 0.00930749 0.19152770 0.00438977
2683.89463154 0.00934500 0.00010464 0.00012524 0.00003899 0.00009449 0.27019423 0.01366398 0.49304230 0.00363803 0.01450625 0.00837916 0.19199965 0.00421304
2684.89496499 0.00912821 0.00013043 0.00012836 0.00004560 0.00012123 0.27240099 0.01315548 0.49159717 0.00368655 0.01268590 0.00915940 0.19232181 0.00456709
2685.89529843 0.00907188 0.00012249 0.00012296 0.00023241 0.00028324 0.27171710 0.01269711 0.49238286 0.00386507 0.01265484 0.00830839 0.19212874 0.00548478
2686.89563188 0.00890485 0.00010756 0.00013054 0.00012613 0.00010396 0.27232557 0.01331883 0.49098945 0.00332462 0.01272480 0.00931872 0.19280200 0.00472783
2687.89596532 0.00802836 0.00017492 0.00012556 0.00013300 0.00022057 0.27041394 0.01469180 0.49065994 0.00372323 0.01263228 0.00928716 0.19305691 0.00488069
2688.89629877 0.00795866 0.00032714 0.00011878 0.00037520 0.00134466 0.27075177 0.01448781 0.49104531 0.00370251 0.01113632 0.00955938 0.19205311 0.00509801
2689.89663221 0.00774678 0.00026963 0.00012085 0.00025414 0.00107832 0.27023525 0.01379293 0.49028223 0.00424942 0.01122059 0.01028607 0.19310258 0.00510800
2690.89696566 0.00766500 0.00071355 0.00010510 0.00081831 0.00201439 0.27074196 0.01460960 0.48839462 0.00492594 0.01076853 0.00944106 0.19074399 0.00672297
2691.89729910 0.00837972 0.00053615 0.00019846 0.00054739 0.00288057 0.27165988 0.01501513 0.48640823 0.00383710 0.01143945 0.01079909 0.19086622 0.00581233
2692.89763254 0.00876285 0.00012748 0.00015920 0.00012761 0.00011627 0.27445913 0.01576525 0.48829092 0.00418764 0.01117795 0.00996379 0.19022017 0.00540460
2693.89796599 0.00908462 0.00011346 0.00011295 0.00016102 0.00018158 0.27335262 0.01567643 0.48840815 0.00412050 0.01058940 0.00994594 0.19160890 0.00572907
2694.89829943 0.00901968 0.00015929 0.00011419 0.00011192 0.00014625 0.27532372 0.01448383 0.48931433 0.00403964 0.00946627 0.01113234 0.19046128 0.00524694
2695.89863288 0.00898219 0.00016504 0.00009442 0.00008454 0.00015188 0.27523032 0.01597829 0.48794044 0.00457967 0.00912008 0.00940924 0.19204961 0.00519647
2696.89896632 0.00891395 0.00010693 0.00009081 0.00008413 0.00011772 0.27538402 0.01510782 0.48831488 0.00361356 0.00883563 0.01150815 0.19155022 0.00528614
2697.89929977 0.00908286 0.00023806 0.00008451 0.00007863 0.00019194 0.27521070 0.01658095 0.48739338 0.00571860 0.00754979 0.00971971 0.19219856 0.00503520
2698.89963321 0.00905043 0.00022416 0.00008431 0.00006733 0.00027159 0.27530830 0.01628646 0.48734029 0.00479477 0.00743086 0.01090726 0.19210043 0.00518423
2699.89996666 0.00884056 0.00016623 0.00009049 0.00006329 0.00017527 0.27539887 0.01564965 0.48780359 0.00431038 0.00740883 0.01236028 0.19141320 0.00515992
2700.90030010 0.00845922 0.00047070 0.00009812 0.00049877 0.00108812 0.27384608 0.01711428 0.48750288 0.00522366 0.00731344 0.01021873 0.19133905 0.00528617
2701.90063354 0.00805282 0.00022635 0.00011057 0.00013977 0.00019890 0.27393324 0.01574070 0.48847498 0.00492844 0.00733652 0.01257597 0.19021689 0.00611766
2702.90096699 0.00789874 0.00019389 0.00011727 0.00022971 0.00033242 0.27349488 0.01751620 0.48877690 0.00551105 0.00741677 0.01044509 0.19031303 0.00565280
2703.90130043 0.00769770 0.00018930 0.00011441 0.00009717 0.00014408 0.27400358 0.01615458 0.48856989 0.00498308 0.00728593 0.01163020 0.19013990 0.00668790
2704.90163388 0.00748359 0.00023908 0.00013432 0.00013034 0.00019558 0.27304740 0.01577703 0.48771887 0.00498674 0.00904569 0.01190996 0.19056173 0.00625328
2705.90196732 0.00803706 0.00058543 0.00013637 0.00054634 0.00146587 0.27203905 0.01614999 0.48692597 0.00492825 0.00896431 0.01082887 0.19081755 0.00661197
2706.90230077 0.00803088 0.00036427 0.00011039 0.00028438 0.00107937 0.27155354 0.01637669 0.48703334 0.00513796 0.00913195 0.01198286 0.19134597 0.00559930
2707.90263421 0.00831619 0.00013613 0.00026843 0.00004673 0.00011555 0.27291868 0.01673580 0.48692059 0.00460169 0.00943900 0.00998216 0.19388589 0.00494935
2708.90296766 0.00861284 0.00011506 0.00015207 0.00005013 0.00010650 0.27281683 0.01638527 0.48881984 0.00403901 0.00967714 0.01072735 0.19222182 0.00488898
2709.90330110 0.00860823 0.00013456 0.00012767 0.00004674 0.00011882 0.27515845 0.01564174 0.48788676 0.00420443 0.00954732 0.01078583 0.19124083 0.00510683
2710.90363454 0.00861698 0.00045704 0.00011224 0.00041199 0.00130112 0.27247116 0.01545813 0.48928222 0.00415649 0.00989831 0.00948325 0.19226075 0.00470729
2711.90396799 0.00861719 0.00011347 0.00016034 0.00004545 0.00010451 0.27541584 0.01447848 0.48940890 0.00368957 0.01046561 0.01057148 0.19070199 0.00484436
2712.90430143 0.00895184 0.00011503 0.00027334 0.00004442 0.00011019 0.27190778 0.01551985 0.49073840 0.00401398 0.01249089 0.00918431 0.19088934 0.00471246
2713.90463488 0.00921408 0.00010127 0.00015773 0.00004554 0.00009755 0.27362290 0.01496185 0.48965794 0.00359579 0.01207123 0.01014963 0.19079837 0.00474020
2714.90496832 0.00943587 0.00023252 0.00013953 0.00010625 0.00021163 0.27108604 0.01499504 0.48968968 0.00422916 0.01208051 0.01104504 0.19116011 0.00502448
2715.90530177 0.00940244 0.00016917 0.00012197 0.00005350 0.00015869 0.27128269 0.01601841 0.48949737 0.00465076 0.01157882 0.00984283 0.19155820 0.00506759
2716.90563521 0.00905917 0.00016931 0.00013504 0.00007110 0.00016908 0.27157609 0.01487212 0.48886726 0.00468082 0.01156877 0.01113758 0.19178416 0.00496867
2717.90596866 0.00870574 0.00012738 0.00013545 0.00004265 0.00010419 0.27105565 0.01472819 0.48874357 0.00454973 0.01226444 0.01004018 0.19350685 0.00470172
2718.90630210 0.00851649 0.00013553 0.00014860 0.00005068 0.00013621 0.27192565 0.01518101 0.48892522 0.00457936 0.01214757 0.00993772 0.19235043 0.00448201
2719.90663555 0.00829819 0.00062190 0.00013710 0.00057020 0.00138840 0.27072866 0.01324139 0.48896189 0.00539909 0.01100943 0.01113394 0.19222299 0.00458500
2720.90696899 0.00823500 0.00042169 0.00013497 0.00017337 0.00119019 0.27153394 0.01469311 0.48953105 0.00603881 0.01073891 0.00981616 0.19088187 0.00484594
2721.90730243 0.00743096 0.00060799 0.00014093 0.00065102 0.00233629 0.27071793 0.01328462 0.48988687 0.00498831 0.01074404 0.01133372 0.19095329 0.00435501
2722.90763588 0.00741880 0.00059789 0.00013755 0.00070778 0.00567648 0.27145828 0.01268333 0.48966200 0.00462044 0.01004581 0.01010644 0.19034806 0.00395593
2723.90796932 0.00700838 0.00056406 0.00013305 0.00063964 0.00338585 0.27076941 0.01292444 0.49148995 0.00496843 0.00985604 0.00940403 0.19141186 0.00445322
2724.90830277 0.00679801 0.00020231 0.00028623 0.00033414 0.00124584 0.27157747 0.01252473 0.48944949 0.00449540 0.00985101 0.01018385 0.19442741 0.00542212
2725.90863621 0.00772810 0.00037563 0.00019326 0.00052043 0.00108930 0.27220557 0.01393140 0.49094708 0.00434686 0.01015282 0.00916133 0.19191738 0.00515893
2726.90896966 0.00772112 0.00032752 0.00016209 0.00035943 0.00285746 0.27335249 0.01203921 0.48911989 0.00343246 0.01133534 0.00773194 0.19350470 0.00577748
2727.90930310 0.00810167 0.00042568 0.00013557 0.00048470 0.00281487 0.27322008 0.01082094 0.48938523 0.00372521 0.01052740 0.00907506 0.19315836 0.00622691
2728.90963655 0.00835625 0.00062429 0.00009046 0.00073507 0.00389463 0.27338849 0.01362847 0.48857645 0.00527365 0.00887078 0.00857077 0.19148586 0.00486107
2729.90996999 0.00934675 0.00078324 0.00010243 0.00098247 0.00288230 0.27403486 0.01366265 0.48848022 0.00417215 0.00909527 0.00974095 0.19067768 0.00538579
2730.91030343 0.00946792 0.00049759 0.00009295 0.00053040 0.00319149 0.27507361 0.01444265 0.48788506 0.00472047 0.00879836 0.00953347 0.19049531 0.00473864
2731.91063688 0.01026517 0.00047903 0.00013983 0.00043330 0.00319524 0.27373257 0.01502172 0.48889309 0.00455878 0.00933976 0.00919410 0.19024102 0.00477155
2732.91097032 0.01024715 0.00050083 0.00013198 0.00040984 0.00292879 0.27513372 0.01350469 0.48787637 0.00425305 0.00893024 0.01081516 0.19031619 0.00519915
2733.91130377 0.01031200 0.00053311 0.00012857 0.00021951 0.00165470 0.27411892 0.01550514 0.48718419 0.00612943 0.00869309 0.00826145 0.19273957 0.00483232
2734.91163721 0.01016644 0.00041470 0.00011648 0.00035194 0.00170895 0.27486799 0.01298544 0.48806357 0.00422394 0.00856029 0.01202716 0.19130550 0.00537404
2735.91197066 0.00983754 0.00026473 0.00013215 0.00011507 0.00117506 0.27457446 0.01578468 0.48514160 0.00480310 0.00883498 0.00981305 0.19425369 0.00510742
2736.91230410 0.00934373 0.00014270 0.00021393 0.00005650 0.00016144 0.27484996 0.01552511 0.48835261 0.00454372 0.00876674 0.00990288 0.19274376 0.00474064
2737.91263755 0.00928298 0.00027111 0.00016560 0.00005627 0.00018184 0.27490695 0.01370662 0.48681449 0.00502255 0.00892111 0.01144883 0.19389318 0.00461143
2738.91297099 0.00905257 0.00022422 0.00018973 0.00014579 0.00020985 0.27393478 0.01586779 0.48775842 0.00520304 0.01059726 0.00884450 0.19212937 0.00489524
2739.91330443 0.00870043 0.00024482 0.00015060 0.00025587 0.00040971 0.27494269 0.01208998 0.48950429 0.00388268 0.00938107 0.01352060 0.19064402 0.00497366
2740.91363788 0.00874023 0.00019193 0.00013712 0.00012409 0.00018794 0.27669374 0.01346558 0.48935940 0.00501943 0.00917629 0.00822786 0.19115331 0.00626331
2741.91397132 0.00872099 0.00022436 0.00012720 0.00016045 0.00028699 0.27649565 0.01351662 0.48966532 0.00418418 0.00917314 0.01057784 0.19115166 0.00443660
2742.91430477 0.00869069 0.00020954 0.00012110 0.00015878 0.00160626 0.27715120 0.01357035 0.48917625 0.00386587 0.00908706 0.00965796 0.19117445 0.00422119
2743.91463821 0.00852071 0.00048086 0.00011035 0.00037342 0.00179466 0.27737557 0.01332881 0.48900617 0.00461730 0.00771703 0.00787146 0.19257609 0.00474829
2744.91497166 0.00849501 0.00016965 0.00012340 0.00007192 0.00018020 0.27901902 0.01224502 0.48768795 0.00363501 0.00891188 0.01052104 0.19300776 0.00442715
2745.91530510 0.00847114 0.00018628 0.00012062 0.00005375 0.00014688 0.27802867 0.01348706 0.48768382 0.00503204 0.00899942 0.00798192 0.19386533 0.00441420
2746.91563855 0.00916032 0.00025135 0.00022897 0.00004933 0.00015741 0.27708867 0.01303370 0.48440486 0.00465222 0.01183830 0.01052597 0.19308181 0.00468742
2747.91597199 0.00899531 0.00021626 0.00014359 0.00005537 0.00031060 0.27661160 0.01538664 0.48627585 0.00458106 0.01082491 0.00957391 0.19135776 0.00466246
2748.91630544 0.00918294 0.00016160 0.00013155 0.00005576 0.00021771 0.27690619 0.01506925 0.48572306 0.00390947 0.01062184 0.01060215 0.19176628 0.00483515
2749.91663888 0.00902508 0.00021048 0.00014304 0.00005683 0.00018282 0.27718635 0.01471098 0.48693319 0.00486235 0.00969586 0.01015801 0.19150259 0.00435750
2750.91697232 0.00877584 0.00018602 0.00014207 0.00007591 0.00013642 0.27951359 0.01477093 0.48727033 0.00607381 0.00964191 0.00873068 0.18894419 0.00451414
2751.91730577 0.00992491 0.00016588 0.00013080 0.00005377 0.00017593 0.27950618 0.01297765 0.48550447 0.00407354 0.00856753 0.01158581 0.19250281 0.00475563
2752.91763921 0.00978099 0.00011463 0.00020203 0.00003942 0.00010458 0.28082051 0.01434173 0.48514522 0.00409738 0.01014854 0.00903253 0.19167444 0.00427900
2753.91797266 0.00980516 0.00012761 0.00014072 0.00004280 0.00010917 0.28082387 0.01374072 0.48501970 0.00437689 0.00961988 0.00963992 0.19211263 0.00424609
2754.91830610 0.00970040 0.00035814 0.00018498 0.00032467 0.00094582 0.27697926 0.01331804 0.48558738 0.00461527 0.00952975 0.01038815 0.19319008 0.00457847
2755.91863955 0.00927823 0.00020760 0.00016071 0.00021790 0.00151106 0.27843033 0.01453165 0.48468762 0.00507221 0.00914663 0.00904248 0.19267166 0.00432015
2756.91897299 0.00898868 0.00010922 0.00016215 0.00022097 0.00020434 0.27684804 0.01306861 0.48637762 0.00404629 0.00919742 0.01165467 0.19216067 0.00594999
2757.91930644 0.00873610 0.00036234 0.00016333 0.00022708 0.00276432 0.27779764 0.01354710 0.48563609 0.00527935 0.00887569 0.00929333 0.19143077 0.00462295
2758.91963988 0.00863240 0.00062708 0.00015212 0.00055292 0.00279598 0.27666672 0.01289406 0.48698196 0.00486846 0.00888210 0.01041652 0.19092356 0.00423851
2759.91997332 0.00856116 0.00034569 0.00015926 0.00020413 0.00128994 0.27912345 0.01239519 0.48700352 0.00486952 0.00836266 0.01170806 0.19016471 0.00437386
2760.92030677 0.00846687 0.00013505 0.00016375 0.00003999 0.00013171 0.27845717 0.01372559 0.48742345 0.00535504 0.00880333 0.00959874 0.19188903 0.00427715
2761.92064021 0.00847020 0.00013319 0.00018865 0.00005962 0.00013250 0.27930267 0.01230237 0.48776476 0.00490270 0.00875087 0.01177506 0.19074606 0.00394154
2762.92097366 0.00855395 0.00015381 0.00014142 0.00004083 0.00011430 0.27845140 0.01353232 0.48640866 0.00590950 0.00854264 0.00934917 0.19330330 0.00405263
2763.92130710 0.00855409 0.00012153 0.00012996 0.00004309 0.00010125 0.27952154 0.01266165 0.48688428 0.00489412 0.00862884 0.01118861 0.19186047 0.00396465
2764.92164055 0.00859116 0.00026227 0.00011721 0.00016004 0.00121366 0.27669755 0.01266164 0.48732163 0.00484266 0.00854915 0.01031352 0.19341927 0.00444139
2765.92197399 0.00862155 0.00038796 0.00011471 0.00028614 0.00149136 0.27792457 0.01315710 0.48685255 0.00504963 0.00884045 0.00929237 0.19255098 0.00405220
2766.92230744 0.00863912 0.00014033 0.00009845 0.00006965 0.00016493 0.27776776 0.01216378 0.48725372 0.00432902 0.00905139 0.01261578 0.19230860 0.00403660
2767.92264088 0.00852153 0.00013867 0.00009935 0.00005853 0.00014832 0.27729592 0.01419621 0.48830346 0.00545837 0.00937699 0.00898780 0.19163606 0.00430032
2768.92297432 0.00836950 0.00012321 0.00011092 0.00005000 0.00010568 0.27853990 0.01275681 0.48787887 0.00452154 0.00963032 0.01142441 0.19078821 0.00407013
2769.92330777 0.00820912 0.00015879 0.00011535 0.00007627 0.00018224 0.27560673 0.01382944 0.48811920 0.00572044 0.00998025 0.01036030 0.19146188 0.00438911
2770.92364121 0.00802091 0.00013076 0.00012254 0.00005234 0.00012006 0.27688282 0.01412947 0.48775961 0.00506218 0.01004073 0.01079630 0.19075240 0.00415079
2771.92397466 0.00925004 0.00031339 0.00012618 0.00018400 0.00124441 0.27591060 0.01401935 0.48598395 0.00483674 0.00988713 0.01128900 0.19131842 0.00488682
2772.92430810 0.00899439 0.00026995 0.00011908 0.00005992 0.00021499 0.27654646 0.01345729 0.48564951 0.00573854 0.00986834 0.01194865 0.19142092 0.00470635
2773.92464155 0.00890715 0.00019536 0.00012108 0.00006397 0.00010598 0.27614196 0.01581263 0.48486807 0.00572066 0.01014328 0.00994112 0.19257026 0.00431564
2774.92497499 0.00876046 0.00022512 0.00011357 0.00004737 0.00015557 0.27860297 0.01346956 0.48584890 0.00446578 0.01016626 0.01059116 0.19138983 0.00492391
2775.92530844 0.00865725 0.00022324 0.00016166 0.00004554 0.00015288 0.27712694 0.01296501 0.48618122 0.00486989 0.01169574 0.00919230 0.19312121 0.00426436
2776.92564188 0.00857977 0.00065561 0.00013221 0.00061164 0.00267438 0.27882896 0.01158540 0.48577735 0.00355065 0.01165547 0.00883909 0.19178647 0.00390277
2777.92597533 0.00826595 0.00023283 0.00011927 0.00025730 0.00128335 0.27698588 0.01213105 0.48767720 0.00478620 0.01183200 0.00849316 0.19158671 0.00461505
2778.92630877 0.00843002 0.00015760 0.00013463 0.00019431 0.00026780 0.27842198 0.01166093 0.48872681 0.00402538 0.01192514 0.00884123 0.19072413 0.00492007
2779.92664221 0.00749658 0.00021005 0.00010875 0.00013025 0.00017019 0.27621192 0.01188161 0.48817403 0.00473259 0.01170896 0.01040741 0.19169210 0.00457213
2780.92697566 0.00744759 0.00023470 0.00010223 0.00010738 0.00017646 0.27642631 0.01285058 0.48832354 0.00535798 0.01159590 0.00917476 0.19133675 0.00431341
2781.92730910 0.00746151 0.00016075 0.00011878 0.00004624 0.00010946 0.27722847 0.01208769 0.48874464 0.00461226 0.01147645 0.00960680 0.19202162 0.00378682
2782.92764255 0.00742872 0.00013016 0.00010544 0.00004070 0.00010031 0.27602327 0.01275543 0.48864954 0.00448918 0.01130113 0.00932258 0.19330360 0.00377865
2783.92797599 0.00739458 0.00011781 0.00010387 0.00003978 0.00009514 0.27747967 0.01222549 0.48810683 0.00438032 0.01093595 0.01007688 0.19254105 0.00389721
2784.92830944 0.00716722 0.00014885 0.00014378 0.00003814 0.00010687 0.27619417 0.01171855 0.48909311 0.00475514 0.01010260 0.00965847 0.19408421 0.00395609
2785.92864288 0.00705626 0.00013539 0.00011220 0.00003798 0.00009972 0.27708319 0.01246975 0.49061043 0.00486229 0.00969031 0.00911315 0.19194585 0.00383974
2786.92897633 0.00699774 0.00010644 0.00011750 0.00003865 0.00008720 0.27648557 0.01192622 0.49030885 0.00432153 0.00976007 0.01037147 0.19258142 0.00389510
2787.92930977 0.00689650 0.00024602 0.00010570 0.00003719 0.00014534 0.27690337 0.01327940 0.48907331 0.00561859 0.00936803 0.00956813 0.19164098 0.00401395
2788.92964321 0.00693430 0.00016993 0.00015777 0.00003912 0.00011316 0.27815116 0.01229848 0.49034163 0.00504284 0.00799564 0.01088852 0.19050108 0.00430067
2789.92997666 0.00670538 0.00015006 0.00010424 0.00004205 0.00010893 0.27768191 0.01341254 0.48966299 0.00514552 0.00767838 0.01007597 0.19178824 0.00414915
2790.93031010 0.00655864 0.00012003 0.00010573 0.00004230 0.00009578 0.27779601 0.01393479 0.48946570 0.00482726 0.00753948 0.01020500 0.19187411 0.00399382
2791.93064355 0.00686606 0.00016567 0.00009987 0.00005195 0.00013264 0.27783237 0.01209708 0.48933862 0.00453091 0.00678528 0.01123653 0.19353563 0.00419346
2792.93097699 0.00697616 0.00025827 0.00008262 0.00005566 0.00022219 0.27731429 0.01479817 0.48892737 0.00623533 0.00655627 0.00857273 0.19273242 0.00424469
2793.93131044 0.00716376 0.00016747 0.00008939 0.00006961 0.00015081 0.27776362 0.01241602 0.48836429 0.00421905 0.00671587 0.01278653 0.19283236 0.00442497
2794.93164388 0.00706292 0.00018230 0.00008751 0.00004120 0.00014722 0.27724047 0.01555303 0.48874327 0.00549680 0.00687309 0.00823354 0.19304561 0.00435596
2795.93197733 0.00694723 0.00014698 0.00009199 0.00005334 0.00012852 0.27747633 0.01253252 0.48913452 0.00415677 0.00723730 0.01217734 0.19235109 0.00451329
2796.93231077 0.00675701 0.00020140 0.00009332 0.00004701 0.00015106 0.27762394 0.01444676 0.48971800 0.00539514 0.00740388 0.00867591 0.19164281 0.00460077
2797.93264421 0.00671194 0.00018410 0.00009694 0.00004499 0.00013700 0.27741475 0.01382242 0.48971339 0.00446051 0.00783227 0.00996720 0.19177008 0.00455638
2798.93297766 0.00668314 0.00011587 0.00009136 0.00004441 0.00009625 0.27773992 0.01350960 0.49020846 0.00326341 0.00805391 0.01098292 0.19115037 0.00474352
2799.93331110 0.00669318 0.00014590 0.00009305 0.00004449 0.00012162 0.27756193 0.01589737 0.49043244 0.00437694 0.00850070 0.00737611 0.19109394 0.00435551
2800.93364455 0.00686450 0.00009365 0.00009468 0.00004498 0.00008028 0.27773915 0.01259709 0.49080130 0.00257431 0.00815122 0.01077003 0.19255889 0.00449441
2801.93397799 0.00687851 0.00014177 0.00010065 0.00005735 0.00014762 0.27708709 0.01540058 0.49021778 0.00381002 0.00845333 0.00844573 0.19184286 0.00429522
2802.93431144 0.00667088 0.00016893 0.00010093 0.00036569 0.00034484 0.27751868 0.01389394 0.48930242 0.00326324 0.00830748 0.00920281 0.19263367 0.00489737
2803.93464488 0.00486747 0.00060069 0.00011346 0.00058857 0.00095198 0.27667765 0.01286360 0.48745975 0.00303031 0.00848272 0.00875408 0.19330015 0.00717703
2804.93497833 0.00433477 0.00034208 0.00040960 0.00027276 0.00146732 0.27530393 0.01433996 0.48801129 0.00321865 0.00930524 0.00712992 0.19505304 0.00514621
2805.93531177 0.00447612 0.00024841 0.00023550 0.00031970 0.00144681 0.27608488 0.01367698 0.48810165 0.00195066 0.00970436 0.00902808 0.19404799 0.00515497
2806.93564522 0.00473644 0.00022200 0.00016759 0.00014084 0.00094252 0.27728471 0.01468679 0.49022668 0.00372175 0.00893407 0.00703747 0.19151472 0.00512086
2807.93597866 0.00484781 0.00018908 0.00017580 0.00024035 0.00108223 0.27712048 0.01314883 0.48895160 0.00279216 0.01099165 0.00813171 0.19277661 0.00439951
2808.93631210 0.00493469 0.00044091 0.00018120 0.00029083 0.00070450 0.27955869 0.01105081 0.49035148 0.00216403 0.01013827 0.00900576 0.19134967 0.00476384
2809.93664555 0.00512717 0.00025964 0.00015375 0.00031554 0.00138588 0.27741263 0.01343454 0.49213226 0.00322858 0.01014166 0.00605814 0.19150874 0.00396863
2810.93697899 0.00520136 0.00008587 0.00012300 0.00007045 0.00015556 0.27956298 0.01228259 0.49061591 0.00261971 0.00934808 0.00952345 0.19142231 0.00419008
2811.93731244 0.00515967 0.00012950 0.00017914 0.00004958 0.00014487 0.27720470 0.01408376 0.49005045 0.00316440 0.00960555 0.00822135 0.19351718 0.00364951
2812.93764588 0.00528073 0.00012053 0.00013030 0.00005255 0.00009240 0.27933052 0.01338597 0.49009326 0.00377507 0.00899345 0.00824209 0.19171885 0.00406500
2813.93797933 0.00518871 0.00014429 0.00011851 0.00005176 0.00010381 0.27736224 0.01149000 0.48881104 0.00382722 0.00869642 0.01023679 0.19501320 0.00414471
2814.93831277 0.00487768 0.00017065 0.00013698 0.00003471 0.00014439 0.27923145 0.01351824 0.48935650 0.00424623 0.00832353 0.00738030 0.19342704 0.00402997
2815.93864622 0.00431128 0.00011453 0.00012672 0.00005460 0.00019905 0.27781550 0.01163949 0.49003904 0.00299488 0.00804395 0.01085141 0.19402477 0.00409606
2816.93897966 0.00405920 0.00025135 0.00012931 0.00026460 0.00040577 0.27679625 0.01399184 0.48969042 0.00539633 0.00701526 0.00875660 0.19272744 0.00457483
2817.93931310 0.00390369 0.00046095 0.00012127 0.00044590 0.00234540 0.27834616 0.01186801 0.49185167 0.00410298 0.00590719 0.00975972 0.19061632 0.00417443
2818.93964655 0.00382697 0.00037827 0.00011270 0.00019928 0.00136433 0.27751391 0.01201628 0.49127406 0.00431210 0.00590290 0.01068028 0.19188495 0.00436094
2819.93997999 0.00393321 0.00100669 0.00009958 0.00033674 0.00292387 0.27698556 0.01298972 0.48928104 0.00835205 0.00564482 0.00763640 0.19049982 0.00424370
2820.94031344 0.00396585 0.00120495 0.00009476 0.00100176 0.00352216 0.27562539 0.01132415 0.49021139 0.00493995 0.00580797 0.01123158 0.19080092 0.00423503
2821.94064688 0.00367111 0.00033168 0.00010690 0.00009299 0.00074628 0.27720182 0.01549164 0.48779215 0.00695350 0.00578082 0.00863076 0.19222633 0.00464514
2822.94098033 0.00381396 0.00023737 0.00010000 0.00021568 0.00088411 0.27561565 0.01315514 0.48792390 0.00393379 0.00641321 0.01335546 0.19334527 0.00482041
2823.94131377 0.00397076 0.00022808 0.00008903 0.00006249 0.00040230 0.27726202 0.01389951 0.48841489 0.00601914 0.00640024 0.01096734 0.19155691 0.00469807
2824.94164722 0.00390204 0.00035861 0.00008744 0.00009115 0.00054167 0.27558041 0.01488257 0.48764787 0.00670399 0.00697254 0.00899123 0.19378153 0.00436099
2825.94198066 0.00360276 0.00027814 0.00007750 0.00014621 0.00132470 0.27741468 0.01294821 0.48901214 0.00452308 0.00670549 0.01199057 0.19104731 0.00453197
2826.94231410 0.00352292 0.00026567 0.00011038 0.00025592 0.00100959 0.27417169 0.01588067 0.49116937 0.00492646 0.00725868 0.00862908 0.19197500 0.00434750
2827.94264755 0.00494262 0.00022614 0.00017009 0.00024378 0.00129854 0.27843549 0.01283299 0.48920926 0.00386115 0.00710669 0.01183538 0.19019893 0.00458155
2828.94298099 0.00479699 0.00027193 0.00010625 0.00008297 0.00105071 0.27611048 0.01403891 0.49023843 0.00516156 0.00762348 0.00916358 0.19139915 0.00475254
2829.94331444 0.00464577 0.00036895 0.00010123 0.00023616 0.00141004 0.27795579 0.01398269 0.48935789 0.00451082 0.00744882 0.00937355 0.19091192 0.00434214
2830.94364788 0.00457985 0.00019251 0.00014567 0.00004791 0.00012211 0.27524570 0.01370716 0.48996411 0.00418804 0.00795323 0.01088048 0.19279351 0.00475958
2831.94398133 0.00461889 0.00016634 0.00010146 0.00004443 0.00013714 0.27576181 0.01527250 0.48979765 0.00465724 0.00787426 0.00896977 0.19274085 0.00447655
2832.94431477 0.00457881 0.00011269 0.00010047 0.00004315 0.00009592 0.27584225 0.01353332 0.48855399 0.00360905 0.00805254 0.01131421 0.19385089 0.00489153
2833.94464822 0.00436635 0.00013685 0.00009693 0.00004818 0.00011330 0.27534559 0.01533942 0.48906713 0.00449518 0.00801296 0.00901445 0.19387484 0.00445516
2834.94498166 0.00420051 0.00024119 0.00011188 0.00013998 0.00025687 0.27618726 0.01457220 0.49084674 0.00400912 0.00720988 0.00909289 0.19265977 0.00467224
2835.94531511 0.00413000 0.00014300 0.00010820 0.00007302 0.00013002 0.27538485 0.01407627 0.49054063 0.00408111 0.00727103 0.00974257 0.19368098 0.00476834
2836.94564855 0.00435706 0.00053182 0.00009494 0.00038418 0.00243802 0.27218046 0.01640587 0.49281223 0.00510343 0.00561920 0.00879634 0.19036650 0.00526701
2837.94598199 0.00441830 0.00058354 0.00008938 0.00067755 0.00383356 0.27244265 0.01347559 0.49174173 0.00394972 0.00549909 0.01158701 0.19087065 0.00524953
2838.94631544 0.00420896 0.00039960 0.00008370 0.00038281 0.00377377 0.27386798 0.01412351 0.49220351 0.00627952 0.00466058 0.00814276 0.19071317 0.00536910
2839.94664888 0.00432235 0.00095703 0.00007896 0.00056166 0.00419281 0.27339421 0.01324998 0.49208406 0.00473054 0.00440618 0.01013598 0.19119811 0.00501048
2840.94698233 0.00436318 0.00068250 0.00007371 0.00032398 0.00256348 0.27434946 0.01451586 0.49085378 0.00495030 0.00399841 0.01017730 0.19166150 0.00584971
2841.94731577 0.00432212 0.00049870 0.00007147 0.00031552 0.00221242 0.27289671 0.01634250 0.49104544 0.00486800 0.00396230 0.00973487 0.19282241 0.00522966
2842.94764922 0.00413566 0.00031819 0.00009125 0.00042580 0.00313414 0.27600107 0.01287696 0.49038804 0.00312878 0.00357175 0.01207545 0.19230215 0.00568642
2843.94798266 0.00316628 0.00038228 0.00008606 0.00033921 0.00244328 0.27311541 0.01633212 0.49214138 0.00610893 0.00373363 0.00737334 0.19341924 0.00452512
2844.94831611 0.00326327 0.00038218 0.00007624 0.00040601 0.00382525 0.27434696 0.01312219 0.49251376 0.00379448 0.00339582 0.01056555 0.19196228 0.00560926
2845.94864955 0.00331533 0.00055067 0.00007085 0.00041332 0.00302259 0.27346031 0.01455805 0.49340556 0.00389048 0.00354318 0.00970301 0.19190657 0.00547542
2846.94898299 0.00331407 0.00049558 0.00007124 0.00038615 0.00271876 0.27437047 0.01589192 0.49293517 0.00433903 0.00352197 0.00851226 0.19162836 0.00512908
2847.94931644 0.00507259 0.00021801 0.00007252 0.00013397 0.00100894 0.27352226 0.01492664 0.49319078 0.00318575 0.00373689 0.01384271 0.19021605 0.00594549
2848.94964988 0.00472688 0.00039961 0.00010521 0.00026944 0.00067294 0.27454631 0.01778658 0.49062013 0.00659018 0.00517100 0.00789814 0.19039895 0.00554151
2849.94998333 0.00465745 0.00021299 0.00009605 0.00018403 0.00038732 0.27500406 0.01415324 0.49122401 0.00296554 0.00418421 0.01258433 0.19261257 0.00639166
2850.95031677 0.00390193 0.00031629 0.00007316 0.00027049 0.00190239 0.27597028 0.01630807 0.49030424 0.00482921 0.00417791 0.00979014 0.19093380 0.00512403
2851.95065022 0.00391051 0.00028342 0.00007015 0.00020643 0.00114652 0.27541987 0.01595266 0.48868740 0.00508102 0.00446457 0.00920372 0.19312427 0.00635997
2852.95098366 0.00576673 0.00029391 0.00006405 0.00041022 0.00260645 0.27559595 0.01598484 0.48807869 0.00362777 0.00452297 0.01181660 0.19184712 0.00515144
2853.95131711 0.00581181 0.00030239 0.00009750 0.00014908 0.00110310 0.27651471 0.01700008 0.48860759 0.00516203 0.00501888 0.00887207 0.19178213 0.00539045
2854.95165055 0.00596431 0.00017583 0.00010528 0.00005028 0.00013878 0.27651272 0.01434097 0.49145278 0.00349923 0.00502136 0.01056389 0.19293634 0.00520256
2855.95198399 0.00581317 0.00017941 0.00013750 0.00004850 0.00014078 0.27630366 0.01515206 0.49393771 0.00384034 0.00516735 0.00919108 0.19072403 0.00517758
2856.95231744 0.00571527 0.00012518 0.00012032 0.00004947 0.00010797 0.27386831 0.01645138 0.49353287 0.00313633 0.00624673 0.00889450 0.19264467 0.00482226
2857.95265088 0.00590588 0.00009369 0.00009408 0.00004885 0.00009197 0.27508938 0.01561524 0.49366706 0.00252326 0.00615201 0.01023247 0.19149296 0.00489903
2858.95298433 0.00780171 0.00042173 0.00008118 0.00030820 0.00132632 0.27231266 0.01758774 0.49251689 0.00398443 0.00626926 0.00859312 0.19130106 0.00529742
2859.95331777 0.00780061 0.00026051 0.00007668 0.00024512 0.00109115 0.27382182 0.01710488 0.49089164 0.00296155 0.00601554 0.01051428 0.19158612 0.00543070
2860.95365122 0.00783635 0.00025428 0.00014098 0.00025475 0.00133866 0.27341482 0.01539564 0.49073954 0.00375514 0.00646458 0.00974111 0.19331466 0.00518583
2861.95398466 0.00747007 0.00034057 0.00012173 0.00006262 0.00043062 0.27514846 0.01505819 0.49094071 0.00549726 0.00603038 0.00972522 0.19149998 0.00514426
2862.95431811 0.00767009 0.00029246 0.00015054 0.00005108 0.00022053 0.27316400 0.01429558 0.49014313 0.00533994 0.00585873 0.01097517 0.19417633 0.00533250
2863.95465155 0.00760525 0.00017039 0.00012523 0.00005451 0.00013367 0.27517104 0.01634304 0.49132982 0.00425752 0.00548687 0.01053797 0.19114432 0.00524561
2864.95498499 0.00783243 0.00011374 0.00009830 0.00006023 0.00010853 0.27385185 0.01702264 0.49141751 0.00370238 0.00544720 0.01105616 0.19227993 0.00484152
2865.95531844 0.00791109 0.00018489 0.00008256 0.00011175 0.00014378 0.27440878 0.01566802 0.49117551 0.00491460 0.00496155 0.00982712 0.19205682 0.00646463
2866.95565188 0.00777885 0.00025212 0.00008493 0.00021738 0.00038416 0.27430180 0.01600151 0.49239361 0.00501048 0.00501137 0.01074070 0.19081890 0.00478305
2867.95598533 0.00755764 0.00027472 0.00007190 0.00009780 0.00030591 0.27407098 0.01522271 0.49123665 0.00471516 0.00437863 0.01099903 0.19239174 0.00623476
2868.95631877 0.00749469 0.00019822 0.00008505 0.00015208 0.00028988 0.27552995 0.01593955 0.49204093 0.00466802 0.00432996 0.01012466 0.19190789 0.00473380
2869.95665222 0.00739071 0.00013719 0.00007663 0.00008270 0.00014398 0.27579175 0.01447264 0.49153094 0.00384727 0.00409419 0.01208288 0.19235749 0.00538234
2870.95698566 0.00717195 0.00020339 0.00007898 0.00007923 0.00016174 0.27547994 0.01554965 0.49098289 0.00573694 0.00419766 0.00945146 0.19314734 0.00493077
2871.95731911 0.00686117 0.00011581 0.00016359 0.00007103 0.00012823 0.27591179 0.01492797 0.49151243 0.00365656 0.00559305 0.01065342 0.19260500 0.00466112
2872.95765255 0.00663194 0.00012707 0.00011486 0.00004711 0.00011170 0.27574927 0.01505039 0.49153179 0.00408540 0.00572145 0.00967951 0.19271253 0.00506893
2873.95798600 0.00650019 0.00018326 0.00010127 0.00015866 0.00166373 0.27566991 0.01428956 0.49135708 0.00405266 0.00565290 0.00952260 0.19302686 0.00432151
2874.95831944 0.00644620 0.00031943 0.00010150 0.00022462 0.00116665 0.27613516 0.01394259 0.49204284 0.00365488 0.00587866 0.00979302 0.19172933 0.00501133
2875.95865288 0.00643842 0.00031516 0.00008318 0.00041787 0.00134022 0.27391511 0.01496224 0.49199103 0.00434382 0.00589297 0.00948828 0.19217489 0.00507523
2876.95898633 0.00644141 0.00025637 0.00008545 0.00023842 0.00150773 0.27474691 0.01529206 0.49154152 0.00365729 0.00613137 0.00991438 0.19172332 0.00490519
2877.95931977 0.00645515 0.00016650 0.00010455 0.00004597 0.00013588 0.27437808 0.01497471 0.49238272 0.00395371 0.00717119 0.00950629 0.19243817 0.00474222
2878.95965322 0.00660597 0.00013604 0.00011183 0.00004368 0.00011006 0.27336282 0.01315951 0.49421035 0.00354636 0.00754290 0.00987307 0.19338965 0.00451373
2879.95998666 0.00667550 0.00013519 0.00010498 0.00004067 0.00010596 0.27323072 0.01389739 0.49495644 0.00387755 0.00790706 0.00855430 0.19267372 0.00451602
2880.96032011 0.00665446 0.00011613 0.00008705 0.00004571 0.00010064 0.27345665 0.01368195 0.49378364 0.00336276 0.00782346 0.00928634 0.19393050 0.00432516
2881.96065355 0.00657353 0.00008302 0.00008069 0.00004033 0.00008160 0.27306768 0.01441246 0.49611874 0.00280779 0.00707791 0.00832586 0.19362400 0.00427992
2882.96098700 0.00574268 0.00012862 0.00007902 0.00008991 0.00116523 0.27400420 0.01283091 0.49602090 0.00322427 0.00681164 0.00822196 0.19310822 0.00431513
2883.96132044 0.00575763 0.00061574 0.00007525 0.00050789 0.00181079 0.27126282 0.01315013 0.49564481 0.00350714 0.00702341 0.00769203 0.19402796 0.00468203
2884.96165388 0.00579756 0.00023705 0.00010908 0.00021111 0.00127481 0.27191528 0.01250072 0.49774483 0.00310083 0.00683317 0.00907326 0.19243202 0.00456785
2885.96198733 0.00565695 0.00027119 0.00009912 0.00020500 0.00114338 0.27188618 0.01082964 0.49770544 0.00392293 0.00703806 0.00855810 0.19418793 0.00415303
2886.96232077 0.00540068 0.00014154 0.00011366 0.00004110 0.00008680 0.27512044 0.01263508 0.49688248 0.00326327 0.00698041 0.00710210 0.19371811 0.00391501
2887.96265422 0.00546990 0.00013303 0.00011336 0.00004259 0.00010166 0.27302045 0.01159348 0.49879302 0.00314288 0.00700287 0.00842181 0.19378674 0.00384810
2888.96298766 0.00530628 0.00010527 0.00013936 0.00003311 0.00008825 0.27495404 0.01191016 0.49895599 0.00297347 0.00656600 0.00692654 0.19361744 0.00373037
2889.96332111 0.00536440 0.00026474 0.00011929 0.00029069 0.00083714 0.27219479 0.01071293 0.49760941 0.00308366 0.00647144 0.00852318 0.19576344 0.00412927
2890.96365455 0.00487245 0.00030934 0.00007986 0.00023560 0.00146433 0.27130645 0.01173514 0.49741946 0.00421664 0.00608844 0.00970929 0.19311710 0.00431833
2891.96398800 0.00686101 0.00026473 0.00008355 0.00022788 0.00142302 0.27085149 0.01310760 0.49714182 0.00370506 0.00622752 0.00871245 0.19357175 0.00468313
2892.96432144 0.00684374 0.00021148 0.00008437 0.00027937 0.00158428 0.27111344 0.01283483 0.49723346 0.00452757 0.00605951 0.00902415 0.19327273 0.00377481
2893.96465488 0.00658327 0.00018333 0.00009290 0.00012232 0.00118964 0.27128941 0.01267979 0.49747760 0.00484665 0.00598054 0.00888962 0.19286981 0.00437838
2894.96498833 0.00614396 0.00064116 0.00010892 0.00075362 0.00120717 0.27074685 0.01219232 0.49537652 0.00471461 0.00584955 0.01016746 0.19348333 0.00475848
2895.96532177 0.00590270 0.00021897 0.00015211 0.00010015 0.00151128 0.27191978 0.01243226 0.49777402 0.00466700 0.00577374 0.00896644 0.19194632 0.00453794
2896.96565522 0.00564771 0.00029346 0.00015442 0.00023757 0.00144277 0.27033020 0.01290367 0.49673915 0.00400727 0.00590934 0.00946225 0.19441292 0.00410697
2897.96598866 0.00542390 0.00046101 0.00016588 0.00052886 0.00221534 0.27232430 0.01232485 0.49680769 0.00468724 0.00563108 0.00861570 0.19234169 0.00389636
2898.96632211 0.00442178 0.00033671 0.00009298 0.00027730 0.00238474 0.27076530 0.01241067 0.49612367 0.00449677 0.00565570 0.00855928 0.19471463 0.00418224
2899.96665555 0.00433848 0.00078722 0.00017349 0.00066637 0.00077943 0.27316891 0.01269131 0.49669154 0.00435512 0.00565581 0.00908655 0.19176489 0.00417936
2900.96698900 0.00444556 0.00034880 0.00018801 0.00021229 0.00137060 0.26940449 0.01146165 0.49565306 0.00364888 0.00586513 0.00922477 0.19674209 0.00588024
2901.96732244 0.00482562 0.00045349 0.00010930 0.00043125 0.00089388 0.27198146 0.01184362 0.49696611 0.00423053 0.00585922 0.00957410 0.19292803 0.00472900
2902.96765589 0.00522243 0.00035447 0.00008845 0.00023903 0.00317631 0.26858981 0.01233031 0.49718662 0.00470094 0.00607524 0.00806188 0.19359600 0.00560094
2903.96798933 0.00527430 0.00018268 0.00011410 0.00016272 0.00023481 0.27061322 0.01309047 0.49890794 0.00339377 0.00660197 0.00927175 0.19324640 0.00418016
2904.96832277 0.00657090 0.00011557 0.00015999 0.00006656 0.00371713 0.26912128 0.01167022 0.49926218 0.00315570 0.00701163 0.00780571 0.19387291 0.00404112
2905.96865622 0.00686628 0.00026811 0.00012562 0.00026092 0.00028485 0.27049256 0.01290344 0.49934480 0.00296614 0.00641462 0.00931211 0.19282569 0.00480113
2906.96898966 0.00715140 0.00021386 0.00011993 0.00023361 0.00047499 0.26929833 0.01368591 0.49979266 0.00358220 0.00663842 0.00808281 0.19342040 0.00445689
2907.96932311 0.00710063 0.00018458 0.00009134 0.00019818 0.00017048 0.27048985 0.01208557 0.49938889 0.00372228 0.00607345 0.00786317 0.19313707 0.00659514
2908.96965655 0.00643222 0.00027148 0.00014124 0.00034410 0.00050728 0.26841651 0.01166382 0.50060045 0.00401204 0.00600429 0.00884355 0.19415750 0.00503773
2909.96999000 0.00618662 0.00018494 0.00009207 0.00009771 0.00014638 0.26968016 0.01303959 0.49950802 0.00364248 0.00575946 0.00845591 0.19431948 0.00507381
2910.97032344 0.00618838 0.00046034 0.00009898 0.00042554 0.00076110 0.26768031 0.01300526 0.50028287 0.00327345 0.00607465 0.00983439 0.19333062 0.00477250
2911.97065689 0.00606373 0.00021172 0.00009176 0.00028508 0.00146123 0.26721093 0.01333709 0.49933238 0.00406335 0.00598958 0.00833219 0.19488171 0.00480297
2912.97099033 0.00586640 0.00022384 0.00010868 0.00011874 0.00142980 0.26831744 0.01263382 0.49951811 0.00404854 0.00605707 0.00929156 0.19324246 0.00500994
2913.97132377 0.00539829 0.00070370 0.00010923 0.00067869 0.00080782 0.26681635 0.01401868 0.50008070 0.00377704 0.00619410 0.00848680 0.19413993 0.00418695
2914.97165722 0.00513122 0.00018591 0.00017625 0.00005809 0.00011722 0.26664237 0.01443234 0.50044503 0.00389407 0.00672423 0.00907976 0.19362775 0.00461697
2915.97199066 0.00509964 0.00010571 0.00032782 0.00005509 0.00010072 0.26724255 0.01384866 0.50127969 0.00285317 0.00829195 0.00816361 0.19354444 0.00418659
2916.97232411 0.00518042 0.00011056 0.00019287 0.00004062 0.00010112 0.26756702 0.01345358 0.50063576 0.00291848 0.00795317 0.00792721 0.19463772 0.00446188
2917.97265755 0.00525911 0.00014209 0.00013166 0.00014707 0.00015820 0.26686947 0.01292138 0.50035652 0.00285583 0.00761145 0.00964597 0.19417419 0.00498617
2918.97299100 0.00539358 0.00018203 0.00009195 0.00024292 0.00025186 0.26822706 0.01427641 0.49861139 0.00335628 0.00698183 0.00753076 0.19330655 0.00694095
2919.97332444 0.00539863 0.00023241 0.00007794 0.00022084 0.00115755 0.26653419 0.01456467 0.49862475 0.00299812 0.00704833 0.00878188 0.19489506 0.00486426
2920.97365789 0.00471876 0.00037478 0.00013830 0.00029114 0.00144102 0.26949802 0.01251855 0.49997733 0.00315714 0.00699180 0.00890329 0.19229382 0.00441483
2921.97399133 0.00507517 0.00043994 0.00014037 0.00042259 0.00255168 0.26625737 0.01315711 0.49803409 0.00388789 0.00728467 0.00818966 0.19516043 0.00447421
2922.97432477 0.00511523 0.00037373 0.00011205 0.00038226 0.00199575 0.26772815 0.01374716 0.49831018 0.00431881 0.00670615 0.00977598 0.19193202 0.00461776
2923.97465822 0.00509731 0.00042091 0.00010240 0.00040292 0.00255103 0.26544218 0.01411272 0.49943401 0.00471332 0.00698787 0.00852082 0.19273014 0.00458167
2924.97499166 0.00515842 0.00034223 0.00009011 0.00010853 0.00115399 0.26715207 0.01474225 0.49895363 0.00426505 0.00645557 0.01000232 0.19190872 0.00482552
2925.97532511 0.00502163 0.00041144 0.00010805 0.00023693 0.00141065 0.26590046 0.01403277 0.49900989 0.00454131 0.00683232 0.01000957 0.19265454 0.00485209
2926.97565855 0.00474690 0.00018181 0.00012840 0.00006736 0.00071097 0.26711838 0.01408372 0.49983575 0.00459472 0.00639130 0.00940077 0.19289814 0.00458868
2927.97599200 0.00457543 0.00013067 0.00015733 0.00015371 0.00011432 0.26490177 0.01369567 0.50119179 0.00406826 0.00661091 0.01012542 0.19346648 0.00538368
2928.97632544 0.00464557 0.00023977 0.00032927 0.00014619 0.00024446 0.26592075 0.01484908 0.49770716 0.00517441 0.00753278 0.00888895 0.19420837 0.00475881
2929.97665889 0.00480935 0.00012554 0.00014252 0.00012557 0.00019685 0.26497222 0.01413812 0.49936325 0.00354053 0.00767422 0.01062216 0.19343352 0.00566550
2930.97699233 0.00479790 0.00009908 0.00019128 0.00010993 0.00010851 0.26590328 0.01496905 0.49854242 0.00369031 0.00816380 0.00967779 0.19408670 0.00445785
2931.97732578 0.00479861 0.00012081 0.00013125 0.00007391 0.00013418 0.26569423 0.01426053 0.49964424 0.00388605 0.00819873 0.00938098 0.19316004 0.00531505
2932.97765922 0.00480277 0.00014061 0.00012096 0.00007385 0.00013222 0.26531820 0.01411986 0.49990341 0.00406388 0.00814333 0.01034013 0.19331417 0.00432938
2933.97799266 0.00471122 0.00011309 0.00011653 0.00005025 0.00010664 0.26642633 0.01459195 0.49988636 0.00405531 0.00803312 0.00924965 0.19236728 0.00500349
2934.97832611 0.00551961 0.00012971 0.00010777 0.00009439 0.00170730 0.26631067 0.01357265 0.49960504 0.00335893 0.00810617 0.01001594 0.19251774 0.00447367
2935.97865955 0.00560610 0.00025193 0.00010710 0.00030973 0.00139035 0.26754662 0.01388383 0.49897138 0.00338383 0.00795225 0.00965427 0.19215183 0.00439689
2936.97899300 0.00564273 0.00022584 0.00010068 0.00014134 0.00100250 0.26653325 0.01328520 0.49867570 0.00422118 0.00797848 0.00974832 0.19334220 0.00474530
2937.97932644 0.00572392 0.00035298 0.00016240 0.00038546 0.00240641 0.26713018 0.01291081 0.49800854 0.00464880 0.00843379 0.00753751 0.19388037 0.00414276
2938.97965989 0.00716173 0.00034893 0.00023059 0.00027262 0.00389270 0.26415788 0.01247070 0.49911104 0.00377093 0.00802290 0.00866617 0.19464353 0.00441200
2939.97999333 0.00727155 0.00064336 0.00019540 0.00044580 0.00347475 0.26617444 0.01343958 0.49756198 0.00277421 0.00760748 0.00837430 0.19463293 0.00467578
2940.98032678 0.00762267 0.00090698 0.00015540 0.00089255 0.00273392 0.26441976 0.01296071 0.50020712 0.00334509 0.00786224 0.00869296 0.19355189 0.00427139
2941.98066022 0.00714581 0.00036865 0.00012958 0.00017838 0.00254981 0.26562687 0.01265482 0.49852701 0.00446546 0.00879963 0.00869832 0.19300737 0.00499409
2942.98099366 0.00718885 0.00056516 0.00015686 0.00060148 0.00215943 0.26407172 0.01186833 0.50120494 0.00404254 0.00898348 0.00845799 0.19352233 0.00436575
2943.98132711 0.00675670 0.00027018 0.00010381 0.00006758 0.00024588 0.26542380 0.01302857 0.50094484 0.00462955 0.00706741 0.01105884 0.19247445 0.00468510
2944.98166055 0.00811113 0.00017987 0.00011984 0.00006147 0.00019642 0.26589271 0.01475678 0.49897475 0.00440007 0.00765459 0.00934948 0.19351215 0.00490189
2945.98199400 0.00801667 0.00047102 0.00011270 0.00034448 0.00070571 0.26609551 0.01351243 0.50004254 0.00372651 0.00670658 0.01101481 0.19224793 0.00501979
2946.98232744 0.00769827 0.00029621 0.00025618 0.00031302 0.00143486 0.26410559 0.01579298 0.49783411 0.00442031 0.00935687 0.00782628 0.19394933 0.00441425
2947.98266089 0.00736937 0.00015651 0.00018990 0.00011106 0.00269475 0.26417073 0.01320566 0.49900778 0.00400986 0.00914138 0.00966012 0.19307624 0.00457602
2948.98299433 0.00755193 0.00062124 0.00015134 0.00061336 0.00339727 0.26446613 0.01345877 0.49859946 0.00364331 0.00872168 0.00814188 0.19357035 0.00461521
2949.98332778 0.00765010 0.00039775 0.00015750 0.00031948 0.00075367 0.26438775 0.01394662 0.50021854 0.00331015 0.00870703 0.00920776 0.19400473 0.00458902
2950.98366122 0.00779178 0.00021684 0.00014041 0.00025373 0.00121667 0.26644801 0.01353112 0.50025496 0.00304141 0.00778881 0.00834215 0.19422870 0.00453719
2951.98399466 0.00762276 0.00009945 0.00028453 0.00004248 0.00009612 0.26449773 0.01348666 0.50230256 0.00301121 0.00943218 0.00836580 0.19424557 0.00413572
2952.98432811 0.00732791 0.00025104 0.00016968 0.00030027 0.00287677 0.26529654 0.01227629 0.49950145 0.00307149 0.00898639 0.00853936 0.19460671 0.00412402
2953.98466155 0.00754740 0.00018659 0.00017053 0.00027156 0.00126467 0.26668142 0.01264968 0.50083104 0.00330761 0.00907274 0.00795960 0.19359142 0.00401314
2954.98499500 0.00779198 0.00051302 0.00012361 0.00047343 0.00210557 0.26687706 0.01154096 0.50067020 0.00311497 0.00854495 0.00822044 0.19366765 0.00414812
2955.98532844 0.00775878 0.00066037 0.00015295 0.00048707 0.00356148 0.26510524 0.01079919 0.50048664 0.00331151 0.00865909 0.00752666 0.19509672 0.00415309
2956.98566189 0.00788884 0.00040453 0.00021264 0.00027938 0.00259959 0.26660979 0.01079494 0.50156085 0.00312805 0.00872270 0.00779511 0.19417783 0.00371458
2957.98599533 0.00786624 0.00007201 0.00023804 0.00003245 0.00007181 0.26569113 0.01046325 0.50201894 0.00298779 0.01018805 0.00787553 0.19695181 0.00340919
2958.98632878 0.00808077 0.00007946 0.00018571 0.00003209 0.00007636 0.26691383 0.01069231 0.50363729 0.00325793 0.00995692 0.00761916 0.19415319 0.00339574
2959.98666222 0.00782483 0.00062722 0.00016122 0.00058994 0.00057917 0.26608268 0.01052234 0.50304767 0.00336431 0.00857993 0.00799702 0.19489573 0.00355275
2960.98699567 0.00753057 0.00015205 0.00015027 0.00015387 0.00013955 0.26646128 0.01056284 0.50275990 0.00334212 0.00815207 0.00832498 0.19513972 0.00466134
2961.98732911 0.00817370 0.00027202 0.00016420 0.00030674 0.00036143 0.26503393 0.01216142 0.50190650 0.00462745 0.00816543 0.00943961 0.19340701 0.00415425
2962.98766255 0.00783940 0.00047493 0.00016540 0.00039925 0.00094602 0.26475207 0.01093356 0.50306111 0.00392062 0.00788020 0.00886813 0.19485757 0.00374115
2963.98799600 0.00726143 0.00021317 0.00021208 0.00003718 0.00015932 0.26397401 0.01177491 0.50170831 0.00483109 0.00957557 0.00838967 0.19539444 0.00373026
2964.98832944 0.00688975 0.00021700 0.00018796 0.00003825 0.00018781 0.26489764 0.01093201 0.50235379 0.00446610 0.00899565 0.00809614 0.19610597 0.00352168
2965.98866289 0.00672817 0.00012276 0.00015981 0.00003262 0.00010183 0.26564416 0.01019627 0.50260510 0.00338073 0.00883515 0.00964803 0.19540251 0.00387103
2966.98899633 0.00668238 0.00021287 0.00013365 0.00006526 0.00025064 0.26498389 0.01199491 0.50224084 0.00447465 0.00823133 0.00749125 0.19617187 0.00374884
2967.98932978 0.00661381 0.00011734 0.00013591 0.00004137 0.00009582 0.26427816 0.01083922 0.50410567 0.00380128 0.00827695 0.00930445 0.19513008 0.00387376
2968.98966322 0.00611878 0.00010164 0.00014080 0.00005284 0.00010591 0.26248845 0.01248481 0.50665675 0.00369124 0.00773085 0.00758811 0.19551554 0.00344306
2969.98999667 0.00606733 0.00008242 0.00012995 0.00003501 0.00008575 0.26514115 0.01192863 0.50520256 0.00314152 0.00758333 0.00822296 0.19475703 0.00368970
2970.99033011 0.00614452 0.00008705 0.00011809 0.00004113 0.00008215 0.26192656 0.01065591 0.50705446 0.00317016 0.00825719 0.00924758 0.19559402 0.00376570
2971.99066355 0.00600073 0.00012276 0.00012106 0.00003353 0.00010630 0.26509635 0.01188111 0.50577325 0.00403071 0.00804957 0.00702739 0.19402141 0.00373655
2972.99099700 0.00571217 0.00020856 0.00012652 0.00015250 0.00143770 0.26185900 0.01052404 0.50502980 0.00297451 0.00843399 0.00945042 0.19577111 0.00403185
2973.99133044 0.00539564 0.00009430 0.00012863 0.00005483 0.00120572 0.26401580 0.01224384 0.50494921 0.00367360 0.00812534 0.00754950 0.19411966 0.00383957
2974.99166389 0.00504471 0.00043741 0.00014136 0.00053885 0.00275931 0.26068046 0.01155713 0.50496497 0.00324941 0.00863162 0.00826422 0.19506200 0.00371327
2975.99199733 0.00481990 0.00073364 0.00012741 0.00068377 0.00176302 0.26197763 0.01130126 0.50489174 0.00330912 0.00823126 0.00853215 0.19432858 0.00412041
2976.99233078 0.00456024 0.00011366 0.00013303 0.00009919 0.00018877 0.26111503 0.01194072 0.50615505 0.00394634 0.00857011 0.00822420 0.19366367 0.00585025
2977.99266422 0.00434417 0.00016493 0.00011405 0.00015058 0.00188840 0.26160772 0.01160629 0.50520301 0.00300694 0.00816175 0.00935095 0.19461987 0.00412551
2978.99299767 0.00436296 0.00020503 0.00015034 0.00011563 0.00111161 0.26161638 0.01202467 0.50630085 0.00355630 0.00855990 0.00721666 0.19517593 0.00396670
2979.99333111 0.00432418 0.00010499 0.00013814 0.00004116 0.00007982 0.26140229 0.01210204 0.50636989 0.00293956 0.00974462 0.00882961 0.19415176 0.00409612
2980.99366455 0.00439838 0.00008553 0.00012597 0.00004589 0.00008080 0.26183441 0.01319798 0.50498208 0.00306219 0.00964609 0.00797315 0.19520793 0.00375795
2981.99399800 0.00439817 0.00010730 0.00010198 0.00003540 0.00008848 0.26127376 0.01283284 0.50490041 0.00338623 0.00945157 0.00790526 0.19596178 0.00395499
2982.99433144 0.00436298 0.00011837 0.00009319 0.00003972 0.00009960 0.26206201 0.01192700 0.50554649 0.00337106 0.00926292 0.00886904 0.19462065 0.00398996
2983.99466489 0.00437685 0.00011216 0.00009052 0.00003519 0.00009712 0.26109129 0.01243626 0.50520422 0.00362814 0.00929259 0.00816777 0.19572912 0.00411562
2984.99499833 0.00432895 0.00008051 0.00011201 0.00003541 0.00007999 0.26191726 0.01145513 0.50585288 0.00314297 0.01016295 0.00825824 0.19516496 0.00373771
2985.99533178 0.00431437 0.00008172 0.00011928 0.00003568 0.00007939 0.26110457 0.01142673 0.50621917 0.00319845 0.01032031 0.00844509 0.19521049 0.00375913
2986.99566522 0.00431215 0.00009270 0.00011199 0.00003452 0.00008731 0.26191967 0.01210400 0.50672924 0.00361669 0.01013499 0.00766511 0.19379964 0.00370414
2987.99599867 0.00424855 0.00007796 0.00011859 0.00003624 0.00007685 0.26107813 0.01105507 0.50647969 0.00316543 0.01030585 0.00930273 0.19449104 0.00381244
2988.99633211 0.00528160 0.00009796 0.00012696 0.00003440 0.00008887 0.26337764 0.01217780 0.50484496 0.00389568 0.01011451 0.00782457 0.19374579 0.00367086
2989.99666556 0.00511212 0.00030964 0.00013603 0.00048644 0.00163574 0.26153057 0.01032878 0.50497452 0.00385648 0.01006412 0.00837444 0.19422113 0.00408210
2990.99699900 0.00487892 0.00012231 0.00013474 0.00013242 0.00101999 0.26250301 0.01032986 0.50467274 0.00417512 0.00960846 0.00895351 0.19377175 0.00457608
2991.99733244 0.00468721 0.00051394 0.00013033 0.00051575 0.00107654 0.26131943 0.01161499 0.50424229 0.00430082 0.00950352 0.00753470 0.19533796 0.00390975
2992.99766589 0.00474413 0.00027631 0.00011637 0.00012787 0.00219333 0.26089038 0.00982686 0.50275192 0.00518440 0.00897895 0.01096359 0.19371845 0.00497156
2993.99799933 0.00472218 0.00034975 0.00016395 0.00019782 0.00122080 0.25989722 0.01211915 0.50547040 0.00557724 0.00893094 0.00850261 0.19392479 0.00364531
2994.99833278 0.00463750 0.00023191 0.00010583 0.00030137 0.00134742 0.26089393 0.01058107 0.50382010 0.00378619 0.00855957 0.01086807 0.19501403 0.00449052
2995.99866622 0.00440728 0.00014070 0.00011174 0.00007079 0.00012558 0.26045902 0.01198734 0.50682978 0.00493543 0.00883106 0.00883814 0.19423140 0.00343899
2996.99899967 0.00428596 0.00016226 0.00011377 0.00004537 0.00013783 0.26069688 0.01157524 0.50634377 0.00497527 0.00872414 0.00873225 0.19472452 0.00376870
2997.99933311 0.00422705 0.00020867 0.00012560 0.00012303 0.00029965 0.26216633 0.01092235 0.50342677 0.00575051 0.00905360 0.01054856 0.19390365 0.00347127
2998.99966656 0.00425999 0.00016383 0.00010765 0.00008353 0.00009987 0.26186039 0.01332925 0.50356458 0.00529682 0.00922226 0.00832220 0.19423871 0.00371092
3000.00000000 0.00438747 0.00018511 0.00010089 0.00006079 0.00012980 0.26205517 0.01144341 0.50309182 0.00456858 0.00957849 0.01071912 0.19431804 0.00374878
