0.00000192 0.00000000 0.00000000 0.00000000 0.00000000 0.00000000 0.00000000 0.00000000 0.00000007 0.00000000 0.00000000 0.00000000 0.00000000
0.14703248 0.02722857 0.00500369 0.03103157 0.15045838 0.09529842 0.08253011 0.08530419 0.10086216 0.10268072 0.10675362 0.05451131 0.05054153
0.17559342 0.02454459 0.00707656 0.02927841 0.13424464 0.10024700 0.08990950 0.10496955 0.07887782 0.08136079 0.14877644 0.06066588 0.06525837
0.21197470 0.02310663 0.00694426 0.02907405 0.16518623 0.12027687 0.11735088 0.09300350 0.08048966 0.16475184 0.07871646 0.06640267 0.08552996
0.33537704 0.02533698 0.00598307 0.03049790 0.16217956 0.10245245 0.09715747 0.12886995 0.08229839 0.20076537 0.08514772 0.07485477 0.05689841
0.31462192 0.02422038 0.00799987 0.02946530 0.13606365 0.14286447 0.11133773 0.13640511 0.12292788 0.20070778 0.09050945 0.08076783 0.07526156
0.32678018 0.02372217 0.00701526 0.02756549 0.14092633 0.11862637 0.12124806 0.12175936 0.11790441 0.13095669 0.10136095 0.08553173 0.06671868
0.40828387 0.02693362 0.00659275 0.03119113 0.13877810 0.12462818 0.12785144 0.14394204 0.10139274 0.11822699 0.14722019 0.08462337 0.07679180
0.42210457 0.02445042 0.00716701 0.02637582 0.13923802 0.14795777 0.13041191 0.15999497 0.17741729 0.14242759 0.13474767 0.09981546 0.06753862
0.45121914 0.02620859 0.00789279 0.02914286 0.11938921 0.15936473 0.11850818 0.15708719 0.15876251 0.13255385 0.15614462 0.10007171 0.06621875
0.49842614 0.02100260 0.00773408 0.02208010 0.10370526 0.15497019 0.11424183 0.17143068 0.10654911 0.15267954 0.12092256 0.08043206 0.06375841
0.52627606 0.02405424 0.00797906 0.02642477 0.12964539 0.15611957 0.13590539 0.15253216 0.12449258 0.21457791 0.10421196 0.08915069 0.06375508
0.56109301 0.02401903 0.00795872 0.02346493 0.12557785 0.14479416 0.12887945 0.16116799 0.11701232 0.23732823 0.12075973 0.09076922 0.06937099
0.59906002 0.02485690 0.00630279 0.02579667 0.10807286 0.16972478 0.12603292 0.17407323 0.10822068 0.22079352 0.11588475 0.08207863 0.06145836
0.62752013 0.02390119 0.00822159 0.02411067 0.12643558 0.15806281 0.13682216 0.15882199 0.13513040 0.16569970 0.12211357 0.08873157 0.05910902
0.66961671 0.02344825 0.00746131 0.02707725 0.14195440 0.16848234 0.11958189 0.17785051 0.15737294 0.14683805 0.13511046 0.08444865 0.05593020
0.69655290 0.02466675 0.00682746 0.02308440 0.12349985 0.15886523 0.12326755 0.17407670 0.13218735 0.17919674 0.18181831 0.09990213 0.05419461
0.70661612 0.02260783 0.00717939 0.02433654 0.11484929 0.15078996 0.10861855 0.17643878 0.12108810 0.16398287 0.19332241 0.09468623 0.05131367
0.74699253 0.01783648 0.00619987 0.01931465 0.13438710 0.16666084 0.10432114 0.17189555 0.11508524 0.17707685 0.12869129 0.08585034 0.05003570
0.78178831 0.02129606 0.00746371 0.02500567 0.12737386 0.15427339 0.11648720 0.17358460 0.10936553 0.24041505 0.12143910 0.08763175 0.06909859
0.80122009 0.01646284 0.00649319 0.01648234 0.10363765 0.17296139 0.10979407 0.18658244 0.11148116 0.27097655 0.14412441 0.07916357 0.04833071
0.81209617 0.02269657 0.00667554 0.02574665 0.10954607 0.15865691 0.10749151 0.17819379 0.11343383 0.23006130 0.11820371 0.09543118 0.06024134
0.83267834 0.02248442 0.00695234 0.02464503 0.12988944 0.14999193 0.11364223 0.18699864 0.11624987 0.17971680 0.13062035 0.08824170 0.04402919
0.86871106 0.01667666 0.00776431 0.01875516 0.10709557 0.18208028 0.10906628 0.18858466 0.15137732 0.19142910 0.14688196 0.09345664 0.04826158
0.87586369 0.01975180 0.00710717 0.02137504 0.11343638 0.17175234 0.10981398 0.18201722 0.14845630 0.19382613 0.18061040 0.10625457 0.03887294
0.90507128 0.01801639 0.00794481 0.01997778 0.11386097 0.18254201 0.11015106 0.20212778 0.13309891 0.18155965 0.17650492 0.08283190 0.05855401
0.92468076 0.02047331 0.00642878 0.02336415 0.10055679 0.16945374 0.11815392 0.18288714 0.12275542 0.19208973 0.13208943 0.08610256 0.04871247
0.93806633 0.01859507 0.00665680 0.02199692 0.12772416 0.16372485 0.11019449 0.19396391 0.12536884 0.22409980 0.13049726 0.09027646 0.05915278
0.96480891 0.01531249 0.00726606 0.01688661 0.11734346 0.17145085 0.12143715 0.19278155 0.11535543 0.27056693 0.14173494 0.08990917 0.06111558
0.97137621 0.01970742 0.00702550 0.02336674 0.11186041 0.15818180 0.10666479 0.19862500 0.11292147 0.23846056 0.12557711 0.08615749 0.05657300
0.98912587 0.02335337 0.00650912 0.02780054 0.11185486 0.15576712 0.11521698 0.20024372 0.11522125 0.19560194 0.13766448 0.08759068 0.04675625
1.00484226 0.01787595 0.00849802 0.01943679 0.12189678 0.16679069 0.11586817 0.18891577 0.14732793 0.18913859 0.14662322 0.09164201 0.05244603
1.01386465 0.02074493 0.00679126 0.02412707 0.10437623 0.17867034 0.11663399 0.20250668 0.14174511 0.19803803 0.18307889 0.08707875 0.04478966
1.02260316 0.01785505 0.00726926 0.01921730 0.11789775 0.18480186 0.11461022 0.18742127 0.15325554 0.19635673 0.15775024 0.09292185 0.04446174
1.04708833 0.02479250 0.00529871 0.02594563 0.11787845 0.18057620 0.10678400 0.19194423 0.12557874 0.19363380 0.13404514 0.08233647 0.04504638
1.06165614 0.01735121 0.00571226 0.01779178 0.11245613 0.16382212 0.11671040 0.19911425 0.11589491 0.21730405 0.13343186 0.08294025 0.04684080
1.06945460 0.01791999 0.00615205 0.01753865 0.09251799 0.15881955 0.12015888 0.19237495 0.12295990 0.24940041 0.13706786 0.09365085 0.05077966
1.08999139 0.01777528 0.00759858 0.02052516 0.10976685 0.15878815 0.12285992 0.19820124 0.11993570 0.22618859 0.13082961 0.08863161 0.06293464
1.12456585 0.02168287 0.00679221 0.02317371 0.12286625 0.17099174 0.11696051 0.20541181 0.12349799 0.20081816 0.12921593 0.08940465 0.06476702
1.13717850 0.02368430 0.00639917 0.02883766 0.10383724 0.17472749 0.11293838 0.20924509 0.14181132 0.19316565 0.14680526 0.08349792 0.06786947
1.15130645 0.01908346 0.00641297 0.01938269 0.10085306 0.17197317 0.11818661 0.21220372 0.14665230 0.20723896 0.17328768 0.08061736 0.05912012
1.17228995 0.01903007 0.00740551 0.01947023 0.08762263 0.17945635 0.11631490 0.19431963 0.15709428 0.20110537 0.14914124 0.09942149 0.06763645
1.18185036 0.01565946 0.00633997 0.01665673 0.12023734 0.17148909 0.10737096 0.20513877 0.12406023 0.19514581 0.14101492 0.09338792 0.06782703
1.19783766 0.01739033 0.00684515 0.01709855 0.10172123 0.16318290 0.11250702 0.20749718 0.12008074 0.22208217 0.13430587 0.09472481 0.05786777
1.20942860 0.01989538 0.00667707 0.02368110 0.11326698 0.16330103 0.13083734 0.20565597 0.12385959 0.24533000 0.13313376 0.08422465 0.06279467
1.22999256 0.02913037 0.00701479 0.03174784 0.12539590 0.16665047 0.11043057 0.20976881 0.11659341 0.22575324 0.13466158 0.08421214 0.05130878
1.25549355 0.02514692 0.00791093 0.02907374 0.11451115 0.17501406 0.12285622 0.19944784 0.12933494 0.19988863 0.12441528 0.09898636 0.04718246
1.29159743 0.02576087 0.00665801 0.02881867 0.11197052 0.17540748 0.12525203 0.21866863 0.12889931 0.18559878 0.15173789 0.08427245 0.05279848
1.29759739 0.02476237 0.00753115 0.02580555 0.10366247 0.17546489 0.11917908 0.20923932 0.14910472 0.20085583 0.15938208 0.10078728 0.05516876
1.31564954 0.01710969 0.00655314 0.01726131 0.12129365 0.17902719 0.10763715 0.21298980 0.14921866 0.19567584 0.15419376 0.08870037 0.04905209
1.32238204 0.02268577 0.00730849 0.02502612 0.11824288 0.17284292 0.10297575 0.20913869 0.12648266 0.18750704 0.14264166 0.08744097 0.05903745
1.33946735 0.02125703 0.00690459 0.02337645 0.10868010 0.17650132 0.11889998 0.20363482 0.12285232 0.22262653 0.12592764 0.09176161 0.04915448
1.35175043 0.01493899 0.00665220 0.01635243 0.10115084 0.16921121 0.10807231 0.21634406 0.11637972 0.23720499 0.13611781 0.08345394 0.05645081
1.36574009 0.02181309 0.00635043 0.02629710 0.11541216 0.16804332 0.10878099 0.20896510 0.11517897 0.23342853 0.13625389 0.08863467 0.06978535
1.36420767 0.02609060 0.00773186 0.02552416 0.11007787 0.17201769 0.10938035 0.21426261 0.12736705 0.21050216 0.12394136 0.08966300 0.04839424
1.37715151 0.02316413 0.00667058 0.02825235 0.12156807 0.17815449 0.09946273 0.21409407 0.12545656 0.19236354 0.14739633 0.08749095 0.05665628
1.40469444 0.01705451 0.00724426 0.01639476 0.11964992 0.19014163 0.11816008 0.20190754 0.15794470 0.20208097 0.15271123 0.10255441 0.05575795
1.40908647 0.02450080 0.00614997 0.02780452 0.11318106 0.17687940 0.09780386 0.21765094 0.13658474 0.19230366 0.15599016 0.08586515 0.05944722
1.41607484 0.01437501 0.00790295 0.01480018 0.10411182 0.17599452 0.11095705 0.21151095 0.12692846 0.18734028 0.13886778 0.08655295 0.06123311
1.43525633 0.02283502 0.00750705 0.02418214 0.12017884 0.17887215 0.10924015 0.20985453 0.12318038 0.21453768 0.13248710 0.09502455 0.05800738
1.46228254 0.02294859 0.00668371 0.02539861 0.11363601 0.16330086 0.10891339 0.21706268 0.12100020 0.23080689 0.13475148 0.09208540 0.07805905
1.46045442 0.02144173 0.00690710 0.02370020 0.12827392 0.17302117 0.11592237 0.20424829 0.11907317 0.22698891 0.12375271 0.10009383 0.07087316
1.48212295 0.02160862 0.00703546 0.02411753 0.12083236 0.17002167 0.09018632 0.21496685 0.12305016 0.20662195 0.13383365 0.08261746 0.06715977
1.47769959 0.01573846 0.00725027 0.01511708 0.10507875 0.17876246 0.10763171 0.20906960 0.13531496 0.19159907 0.14292695 0.09003145 0.04947965
1.49188162 0.02432215 0.00644572 0.02629348 0.09291237 0.17762220 0.11648586 0.20987359 0.13959562 0.20134960 0.15178341 0.09085902 0.06348265
1.50617572 0.01630436 0.00787072 0.01476602 0.09893282 0.17859911 0.10403240 0.22099254 0.13185293 0.20032310 0.15231721 0.09535091 0.05744668
1.52317675 0.02091835 0.00625178 0.02038789 0.10249245 0.17920400 0.12283339 0.20505400 0.12912829 0.20592049 0.13938491 0.08540054 0.05022784
1.54936031 0.01907037 0.00838992 0.02203648 0.12263769 0.17939831 0.10291908 0.21332309 0.13350021 0.21353723 0.13774306 0.10854157 0.05519752
1.55432935 0.02152309 0.00729192 0.02530541 0.12476032 0.17375420 0.12919846 0.20491038 0.12621793 0.23141375 0.13069412 0.09244309 0.04530314
1.55234052 0.01497872 0.00772008 0.01726937 0.10635422 0.16792916 0.11040669 0.21771759 0.12198749 0.22706190 0.13618504 0.08742626 0.06157042
1.57624136 0.02171301 0.00805390 0.02412358 0.12840029 0.16584618 0.10868962 0.22160892 0.13006065 0.20031630 0.13724200 0.08804057 0.04398493
1.58871604 0.01820092 0.00747748 0.02145382 0.11774516 0.18217732 0.11646414 0.20230890 0.14044699 0.19997737 0.14437373 0.09680852 0.04408794
1.58279895 0.02612470 0.00672069 0.02846309 0.12722085 0.17657134 0.09514312 0.21678216 0.13444884 0.19686851 0.15151560 0.08819083 0.06357723
1.59738073 0.01914274 0.00810516 0.02302796 0.12602501 0.18657172 0.10369928 0.21612210 0.13126183 0.20289959 0.15506035 0.08475558 0.03997939
1.60896488 0.01944368 0.00686357 0.01989893 0.12801517 0.17265096 0.10172276 0.20504344 0.12873701 0.20585886 0.14105535 0.09602435 0.04530563
1.62856479 0.02141186 0.00746710 0.02531211 0.12433946 0.17517584 0.10120765 0.21366491 0.12909190 0.22197866 0.13327365 0.09131560 0.06069133
1.65074432 0.01937281 0.00653773 0.02350109 0.14021072 0.16997109 0.09908221 0.20504752 0.12428489 0.22988229 0.13276446 0.10113072 0.05834538
1.65694096 0.02314020 0.00783717 0.02800805 0.13496154 0.16140591 0.09144818 0.22425200 0.12287798 0.21753030 0.13525386 0.09905735 0.05170736
1.66855707 0.02171984 0.00770096 0.02280749 0.12052475 0.18347645 0.08552129 0.21776190 0.13416571 0.20906447 0.13704479 0.09411479 0.05096750
1.67843442 0.02116953 0.00687150 0.02157595 0.10018044 0.18115861 0.08969279 0.20783046 0.13195741 0.20180521 0.15346367 0.09607824 0.04369502
1.69466362 0.02162752 0.00709243 0.02392730 0.12165585 0.17855733 0.10482041 0.22288593 0.13307976 0.20141839 0.14975169 0.08822554 0.05356688
1.71614534 0.01456661 0.00750493 0.01688883 0.10550601 0.18078567 0.09569999 0.21354198 0.13710033 0.21370561 0.14546991 0.09591352 0.05653765
1.72727142 0.01585018 0.00900433 0.01649431 0.09668725 0.16925523 0.09627151 0.22760604 0.13063796 0.21421753 0.14480811 0.09517954 0.04505979
1.73848838 0.01627073 0.00675013 0.01582188 0.10774837 0.16751948 0.11830006 0.21805113 0.12309150 0.21791836 0.13721406 0.08658753 0.05931825
1.75709541 0.02354841 0.00816013 0.02541167 0.10557800 0.16374338 0.10668886 0.20922123 0.12533213 0.21985698 0.13111367 0.10044852 0.06075555
1.76917764 0.01672287 0.00745777 0.01400318 0.09685190 0.17070195 0.11379952 0.21265678 0.12649891 0.22385622 0.13948123 0.09546401 0.07349661
1.77476891 0.01964799 0.00678380 0.01992809 0.09329669 0.18581255 0.11063913 0.20364403 0.13119514 0.21341305 0.13950560 0.09604470 0.05040438
1.78909090 0.02575835 0.00603632 0.02541413 0.09116954 0.16690180 0.11485702 0.22629424 0.12795061 0.20397335 0.14797969 0.08786106 0.04955723
1.81862638 0.01921046 0.00653393 0.01958149 0.08497108 0.17640905 0.10938682 0.21770154 0.13113694 0.20639971 0.14781186 0.08536206 0.05045473
1.82216718 0.01618127 0.00752435 0.02004548 0.10779740 0.17651543 0.10917766 0.20670315 0.13211381 0.21052518 0.15381740 0.09458783 0.05958164
1.82509161 0.01514079 0.00841296 0.01403838 0.08521314 0.16981595 0.11969207 0.21995877 0.12813356 0.20637168 0.13886482 0.08528522 0.04124592
1.84677506 0.01464224 0.00713964 0.01298804 0.09367637 0.17939178 0.11464508 0.20914171 0.12951470 0.21176890 0.13381356 0.10639773 0.05133677
1.84276413 0.01343725 0.00630982 0.01428027 0.08355455 0.17515304 0.10847474 0.21837874 0.12848910 0.22401578 0.14492619 0.09450555 0.03577477
1.85949334 0.01948639 0.00686414 0.02007846 0.10306787 0.17866515 0.10891325 0.20597476 0.12212418 0.22313949 0.14144593 0.09240434 0.04444221
1.87876426 0.01408316 0.00599991 0.01329152 0.09255753 0.17116998 0.11229178 0.21663861 0.12408782 0.21657506 0.14236476 0.08968901 0.03304151
1.89430544 0.01855094 0.00752328 0.01684789 0.10699838 0.16696072 0.10921113 0.21810272 0.12946520 0.21059832 0.14499872 0.09395582 0.03614195
1.88022256 0.02038817 0.00701556 0.02620686 0.11611934 0.18027559 0.11337180 0.20087274 0.13429511 0.21325805 0.14921996 0.09957057 0.04487767
1.87995282 0.02371773 0.00602345 0.02786998 0.12491211 0.17175595 0.10201613 0.21524863 0.13355804 0.21075023 0.15417283 0.10083144 0.04650519
1.90245087 0.01625977 0.00739153 0.01845757 0.10827618 0.17321304 0.11259726 0.20830595 0.12713637 0.21062295 0.14203297 0.08936316 0.07376859
1.92085229 0.02004068 0.00677120 0.02469578 0.09218764 0.17592476 0.10248545 0.20326094 0.12952525 0.22050493 0.13640408 0.09859153 0.05628564
1.92749058 0.01842405 0.00711037 0.01945584 0.11267461 0.16377941 0.10148392 0.20751655 0.12621978 0.22816821 0.14221257 0.09650756 0.04740206
1.94559900 0.01997169 0.00648323 0.02219389 0.10142738 0.17406442 0.11498812 0.20602678 0.13384147 0.22092614 0.14014945 0.10066288 0.04689531
1.96494652 0.01952589 0.00661012 0.02447996 0.10944845 0.17648963 0.12052162 0.21378806 0.12134371 0.21574977 0.14257914 0.09215950 0.06400405
1.97511479 0.01597309 0.00663029 0.01768647 0.11648117 0.17730560 0.10599067 0.19709250 0.13204062 0.21110848 0.14268309 0.09995243 0.05905061
1.98235259 0.02375763 0.00665919 0.02766098 0.13533701 0.16868626 0.10267887 0.20635479 0.13348639 0.21030574 0.15328349 0.08738341 0.05923843
1.99814394 0.02061832 0.00585042 0.02020687 0.12852417 0.17499772 0.09730181 0.20835305 0.13558060 0.21262209 0.15072931 0.08507986 0.06851983
2.00767553 0.02107803 0.00636113 0.02517372 0.12373994 0.18449612 0.11884482 0.20578057 0.12929592 0.21225060 0.14191555 0.09785753 0.05795698
2.01827178 0.02013982 0.00631418 0.02204939 0.13336211 0.17820818 0.09929195 0.20805890 0.13172084 0.21631710 0.14217639 0.09191183 0.06653532
2.03102152 0.02130636 0.00644043 0.02091642 0.10700423 0.17653515 0.10825968 0.20598978 0.12212225 0.22732510 0.14017663 0.08367526 0.06463555
2.03247978 0.01541300 0.00712190 0.01768701 0.11835770 0.16831198 0.11426133 0.19702959 0.12428331 0.22381335 0.13830469 0.09314516 0.05332584
2.03612175 0.01491696 0.00770213 0.01344219 0.09695615 0.16727888 0.11068447 0.20797841 0.12350325 0.21446222 0.13976255 0.09824998 0.04764749
2.03951171 0.02306900 0.00604283 0.02393104 0.09884918 0.16358268 0.11869566 0.20995911 0.13579375 0.20753991 0.14626488 0.10375247 0.04226675
2.07094962 0.02117121 0.00719204 0.01936965 0.11289805 0.16264527 0.11651869 0.21826464 0.13466900 0.20188642 0.14867014 0.09336681 0.05125038
2.08895106 0.02005730 0.00775599 0.02196961 0.10268768 0.17548101 0.11695016 0.20312875 0.13639601 0.20719521 0.15129802 0.10720402 0.05699348
2.09711985 0.02155417 0.00823791 0.02153331 0.09684871 0.17348898 0.10474374 0.20582761 0.13860066 0.21221475 0.14776575 0.09173829 0.06754866
2.09550708 0.01789842 0.00831135 0.01939368 0.11884579 0.17622548 0.12147141 0.20808307 0.12251293 0.22541839 0.14192199 0.09288580 0.05235551
2.11032063 0.01498146 0.00745382 0.01377520 0.10991266 0.17626822 0.11315689 0.20343199 0.12669224 0.24002224 0.12943037 0.09365454 0.04900306
2.11867013 0.01659363 0.00705535 0.01684912 0.10373034 0.17806496 0.11710815 0.20858304 0.11887028 0.23411516 0.14445305 0.09777197 0.04219992
2.11244263 0.01221236 0.00696746 0.01467123 0.09963920 0.17862418 0.11211714 0.19548899 0.12997934 0.21820842 0.13802199 0.09124053 0.04650716
2.13376610 0.01566912 0.00766356 0.01704172 0.09588858 0.16282974 0.11278958 0.20700608 0.12990594 0.20339865 0.14973137 0.09794154 0.05823520
2.14808502 0.02285494 0.00746808 0.02243971 0.08121987 0.16777828 0.10969129 0.21066333 0.14597724 0.20309646 0.15037776 0.09404777 0.04598592
2.14394735 0.01760994 0.00755951 0.01931057 0.09480669 0.16924291 0.11503200 0.20254515 0.13188950 0.20347787 0.15401216 0.11282230 0.04847923
2.14855198 0.02255984 0.00748927 0.02274509 0.09816785 0.17551041 0.11010039 0.21069819 0.12824267 0.20312030 0.14164269 0.09412851 0.03998881
2.15070195 0.02273522 0.00663125 0.02253735 0.12293409 0.16604582 0.09994858 0.20027820 0.12488255 0.22605267 0.13534457 0.09563373 0.06256148
2.16455443 0.01745980 0.00723430 0.01959226 0.11725706 0.18234401 0.10688851 0.19945028 0.12244722 0.22746418 0.13834616 0.09272620 0.05586764
2.16841564 0.01664683 0.00603919 0.01697200 0.12434777 0.16807710 0.10382456 0.20517271 0.12152433 0.22510870 0.14031650 0.09272161 0.06685634
2.18183640 0.01934753 0.00750710 0.02170854 0.11457569 0.18497684 0.11501578 0.19450254 0.13125119 0.21222460 0.14203441 0.09493639 0.06047900
2.19508901 0.01546107 0.00786348 0.01597345 0.11187390 0.17037146 0.12336292 0.20983492 0.13050533 0.20730704 0.15678303 0.10241760 0.04982657
2.21472124 0.01585229 0.00746940 0.01441625 0.09057561 0.18792507 0.10651586 0.19830665 0.13882838 0.21015506 0.15087724 0.09466468 0.03818938
2.22552716 0.02056075 0.00699806 0.01891209 0.09790268 0.16173592 0.10748900 0.20546919 0.13812233 0.21478678 0.14895678 0.09960619 0.03465789
2.22909795 0.01898159 0.00717518 0.02023641 0.09138021 0.16732865 0.09856916 0.21009456 0.12897922 0.21626622 0.14085481 0.09307287 0.06349636
2.24549446 0.01315841 0.00666697 0.01526513 0.09876901 0.17197871 0.09259829 0.20152340 0.12666045 0.22917908 0.14511615 0.09386329 0.04254285
2.25281797 0.01122784 0.00692171 0.01207641 0.07844373 0.17822032 0.10966132 0.19863304 0.12968221 0.22911593 0.14415617 0.09713245 0.06928926
2.25628103 0.02162390 0.00734031 0.02346133 0.09099561 0.17791057 0.11209738 0.19872865 0.12711051 0.22730267 0.14851270 0.09502374 0.03756666
2.24565206 0.01524274 0.00687404 0.01674856 0.10010955 0.15895855 0.09756082 0.19733314 0.13158316 0.21248809 0.15193693 0.09859237 0.05266411
2.25921402 0.01498552 0.00715942 0.01789655 0.08799099 0.17224304 0.10055378 0.20478104 0.13712923 0.21125956 0.15073699 0.08976557 0.03406706
2.27295223 0.01179460 0.00665323 0.01107364 0.11129345 0.16945918 0.10138877 0.20038835 0.13558468 0.21509305 0.15149615 0.10182061 0.04412233
2.27213127 0.01605272 0.00630741 0.01767628 0.09375651 0.16619537 0.10184168 0.21037498 0.13245218 0.21603475 0.14736884 0.08992875 0.03953818
2.28164562 0.01857279 0.00584002 0.01944978 0.08706047 0.16815432 0.11083511 0.19702897 0.12460988 0.22565898 0.14520746 0.09064915 0.03780965
2.28792716 0.01886046 0.00624400 0.01899913 0.11030206 0.17162079 0.10999816 0.19753230 0.12644812 0.22731877 0.13473630 0.09878146 0.05096871
2.29440821 0.02021770 0.00719793 0.02176049 0.10994781 0.17812307 0.10824161 0.20760071 0.12101071 0.23206445 0.14544431 0.08763615 0.05137571
2.28641863 0.01658443 0.00643637 0.01753705 0.11026062 0.17747005 0.11411695 0.19233979 0.13186805 0.22239191 0.14241595 0.09878711 0.05781727
2.30031235 0.02313258 0.00661842 0.02471250 0.11479550 0.17316952 0.10552589 0.20522311 0.12386721 0.20867080 0.15028421 0.09518953 0.06442534
2.31044626 0.02405242 0.00642026 0.02948021 0.13227561 0.17022853 0.12148466 0.19205818 0.13779288 0.20817623 0.14517838 0.09565103 0.04886360
2.31377457 0.01722219 0.00760781 0.01903466 0.09886762 0.16634367 0.11490397 0.19391624 0.13154152 0.22124239 0.15190306 0.09677121 0.09026748
2.31879558 0.01332113 0.00783189 0.01721888 0.10148212 0.16451531 0.11376295 0.19785187 0.13007859 0.21934021 0.14539008 0.09770136 0.05631333
2.33192417 0.02192576 0.00696700 0.02354197 0.12315648 0.17356318 0.10378543 0.19317091 0.12382948 0.21604160 0.13721295 0.09112081 0.06449165
2.34426134 0.02298762 0.00809288 0.02573272 0.12828501 0.16581547 0.10306414 0.20161288 0.12505950 0.21936857 0.14323951 0.08704835 0.04611374
2.33991421 0.01622059 0.00603238 0.01728847 0.12991243 0.17359728 0.11425344 0.19965432 0.12795298 0.22491342 0.14874018 0.08872451 0.06494137
2.34741159 0.01885581 0.00670499 0.02276649 0.12151377 0.16896390 0.11274924 0.19978378 0.13310487 0.20775839 0.14608970 0.09530136 0.04556545
2.37877118 0.01832744 0.00816988 0.02106416 0.12016976 0.17012332 0.12132958 0.20739217 0.13018180 0.20453486 0.15123892 0.09003159 0.05056225
2.39042967 0.01946895 0.00716216 0.02125743 0.10170522 0.17681294 0.11980143 0.19364322 0.13457711 0.21231114 0.14766971 0.09347828 0.05643663
2.37901004 0.01430355 0.00719154 0.01515247 0.09086983 0.17449695 0.11076292 0.20313117 0.12704157 0.22136569 0.14927487 0.08905360 0.05301902
2.37273765 0.02223258 0.00683365 0.02439698 0.10498309 0.16719083 0.11901254 0.20809214 0.13395755 0.21998486 0.13629147 0.08634149 0.04355119
2.38858040 0.01507696 0.00637030 0.01429791 0.11063701 0.16455950 0.10307046 0.20549220 0.12653335 0.22320913 0.14626705 0.10012105 0.04941774
2.41285864 0.01508076 0.00693737 0.01685947 0.11309518 0.16654697 0.12150485 0.21422057 0.12600102 0.22403535 0.14556599 0.09827760 0.05864185
2.41969545 0.01525874 0.00673947 0.01607774 0.11313483 0.17065894 0.10931621 0.19023348 0.13284358 0.22185807 0.14675679 0.08573548 0.06058715
2.43907149 0.01448816 0.00756963 0.01577687 0.09878515 0.16517532 0.11609872 0.21263627 0.12888503 0.21346604 0.14954916 0.10526249 0.04444729
2.44537999 0.02095883 0.00662808 0.02043753 0.06695615 0.17425537 0.12600494 0.20811469 0.13052781 0.21362972 0.14748837 0.08611164 0.06824301
2.44987839 0.01842165 0.00638383 0.01906915 0.09662798 0.17507556 0.10682275 0.20820839 0.13979380 0.21842948 0.14625282 0.09310609 0.05318248
2.46079168 0.02056509 0.00774533 0.02017271 0.11867014 0.17090523 0.11653374 0.20918582 0.13440241 0.21756714 0.14719203 0.08936031 0.05328716
2.47472123 0.01830326 0.00875734 0.02045854 0.11596535 0.17406613 0.10080138 0.19341847 0.12938788 0.21361817 0.13943856 0.10637310 0.06242926
2.48667232 0.01605370 0.00800242 0.01629571 0.11425193 0.17038168 0.12090109 0.20353016 0.11990267 0.21895807 0.13904223 0.09645651 0.05654337
2.49552369 0.01908204 0.00764138 0.02038371 0.11333240 0.16378848 0.10550944 0.20177767 0.13145597 0.22589435 0.14136297 0.09707816 0.06873386
2.49308754 0.01796586 0.00729513 0.01885625 0.12079334 0.17248885 0.11657859 0.20120428 0.12747824 0.21640525 0.14765152 0.09078165 0.04983520
2.49570924 0.02339335 0.00672779 0.02562880 0.11064820 0.16320320 0.11917366 0.20610083 0.12625794 0.20818303 0.14807907 0.08507940 0.06032904
2.50302201 0.02324718 0.00804439 0.02434173 0.11296711 0.16548271 0.12032438 0.19771461 0.13475252 0.21303515 0.14178957 0.08819127 0.06290301
2.50392735 0.01797510 0.00789374 0.01777875 0.10715485 0.15581102 0.11337035 0.22212634 0.13479672 0.21692624 0.14812926 0.09491985 0.06797217
2.52623906 0.01785829 0.00683724 0.01912112 0.08595375 0.15881340 0.12954248 0.20007768 0.12665290 0.21763071 0.13963107 0.10498782 0.05934824
2.53454346 0.01557993 0.00759071 0.01476312 0.09082207 0.16732046 0.10869080 0.21005622 0.12694759 0.21383923 0.13546258 0.08897277 0.04792383
2.53801047 0.02134549 0.00935926 0.02084941 0.09684153 0.16449324 0.12740450 0.20145020 0.12837385 0.22043147 0.14230871 0.11304573 0.05562179
2.56208214 0.01511772 0.00789795 0.01357881 0.11065175 0.17364535 0.12003501 0.19482321 0.12718291 0.22015164 0.14187726 0.09732530 0.04914635
2.56984046 0.02257981 0.00754719 0.02498033 0.09311198 0.17127289 0.12531484 0.20977332 0.12813449 0.21069533 0.14600024 0.09613449 0.06605131
2.58181156 0.02032582 0.00704075 0.02255061 0.11584750 0.17657463 0.12185665 0.18883410 0.13338718 0.20773542 0.14647678 0.10144445 0.05632645
2.58858814 0.01886117 0.00742301 0.02359820 0.11744363 0.16876638 0.12068685 0.19310929 0.12695189 0.20804652 0.14940612 0.09772921 0.06513839
2.59906790 0.02009447 0.00826242 0.01997375 0.10450793 0.16571056 0.12315760 0.19597036 0.12488033 0.21554452 0.14476332 0.09752213 0.04940898
2.61397971 0.02289440 0.00724526 0.02606695 0.10802024 0.17747228 0.10956214 0.19255774 0.12329572 0.22506637 0.14421524 0.08846043 0.06423701
2.61948190 0.01675168 0.00652898 0.02142459 0.10217713 0.16626721 0.11247989 0.20981308 0.12840927 0.21587082 0.13750245 0.10036160 0.06679284
2.61968248 0.01663320 0.00758329 0.01826634 0.09192244 0.16694561 0.12954242 0.20214906 0.11948827 0.22262848 0.14191284 0.09688662 0.05900167
2.62653910 0.01943366 0.00689090 0.02337765 0.10337482 0.16176920 0.11878413 0.20069986 0.12185647 0.21228180 0.14774948 0.09345033 0.06793706
2.62950233 0.02120707 0.00791622 0.02175498 0.10849448 0.17090269 0.12352866 0.19655032 0.12828113 0.19839400 0.15737926 0.09828102 0.05349930
2.63909328 0.02107702 0.00821485 0.02348605 0.11365909 0.16328916 0.12505597 0.19861578 0.13578185 0.19779584 0.14478574 0.10764463 0.04586329
2.63316541 0.02408245 0.00715640 0.02733728 0.10193938 0.16062370 0.11462430 0.20024154 0.12994521 0.20917234 0.15133686 0.10209468 0.06246713
2.63422548 0.02061646 0.00722738 0.02081148 0.11638714 0.16886423 0.11444331 0.19584531 0.12537799 0.21428139 0.14078360 0.09535019 0.04666526
2.63308385 0.01850902 0.00704672 0.02082601 0.12078833 0.16264112 0.11524846 0.20415375 0.11885996 0.21634631 0.13962010 0.10832021 0.06923020
2.62964036 0.02397065 0.00852956 0.02486113 0.12473543 0.16636885 0.12235624 0.20360109 0.12071761 0.22399054 0.13108310 0.09440361 0.05507928
2.63629341 0.01489232 0.00693985 0.01728643 0.12068642 0.17687641 0.12030096 0.19656111 0.12860995 0.22162685 0.14223999 0.09012879 0.05262695
2.63966013 0.02084742 0.00632851 0.02143198 0.10972463 0.17212663 0.11737005 0.20782317 0.12864343 0.21330718 0.14684159 0.08462940 0.06214304
2.65118220 0.01342241 0.00765165 0.01671193 0.10570802 0.17082793 0.12892008 0.20163836 0.13660752 0.19913061 0.14236789 0.09281879 0.04814667
2.65702136 0.01868887 0.00784132 0.01959911 0.09236963 0.17438134 0.10706542 0.19672372 0.13114876 0.19998813 0.14954222 0.08426209 0.06240085
2.65399709 0.01816935 0.00710720 0.02124336 0.09965371 0.17863514 0.12768034 0.18988221 0.13214711 0.21379765 0.14207010 0.10289818 0.05612342
2.65044009 0.01674487 0.00848450 0.01905611 0.10953029 0.17307432 0.12429786 0.19092361 0.12620834 0.21921012 0.14489009 0.10192673 0.04434581
2.66634702 0.01847427 0.00735153 0.02035225 0.10190191 0.15343599 0.12336757 0.20121446 0.12482536 0.22099098 0.13817978 0.10443159 0.04529850
2.66765965 0.01547055 0.00708656 0.01723041 0.09318081 0.15981125 0.13188638 0.20216047 0.11871289 0.21914513 0.13611749 0.09643946 0.04046729
2.66561581 0.01753810 0.00801876 0.01873599 0.10023425 0.15544618 0.12663990 0.19140975 0.12818921 0.21732584 0.14097717 0.10612969 0.04658070
2.68382688 0.02204073 0.00720154 0.02191032 0.10867268 0.16330634 0.11227624 0.19937949 0.12762174 0.21487146 0.14755435 0.09998326 0.05677135
2.69799471 0.01684776 0.00727183 0.02014047 0.12379124 0.16042660 0.11024545 0.18931890 0.12792248 0.20771928 0.14584428 0.08712884 0.04867922
2.69114929 0.02197424 0.00706947 0.02480656 0.12328253 0.16962404 0.11956496 0.19051898 0.12467589 0.20409507 0.15132892 0.10211754 0.04379119
2.69509724 0.01780055 0.00686964 0.01819864 0.13010467 0.18202595 0.12799521 0.19236096 0.13339218 0.21225997 0.14293984 0.09652257 0.04592747
2.69550397 0.02468211 0.00730301 0.03007041 0.12747808 0.16551833 0.11219976 0.19532575 0.12341334 0.21521246 0.14327357 0.09858739 0.04058869
2.69614125 0.01818672 0.00836205 0.02115549 0.11899750 0.16971521 0.12838183 0.19848507 0.12107377 0.21990250 0.13795571 0.10765152 0.06087669
2.69572985 0.01990904 0.00756947 0.02197548 0.12420581 0.17551119 0.11486544 0.18492382 0.12121346 0.22061326 0.13793341 0.11118230 0.05831943
2.70182540 0.02008467 0.00673645 0.02285657 0.10633700 0.17076158 0.13220926 0.20248642 0.12449524 0.21591096 0.14226209 0.09520885 0.05215622
2.69739294 0.02018701 0.00741282 0.01958511 0.11921685 0.16109361 0.12654782 0.19682182 0.12871562 0.21114653 0.14121082 0.10767476 0.05883569
2.70003650 0.01812018 0.00747815 0.01647548 0.10600331 0.15462716 0.13691029 0.19472466 0.13398924 0.19775977 0.14289037 0.09636186 0.04572406
2.71219596 0.01682738 0.00736402 0.01859372 0.09980151 0.16496200 0.12820134 0.19510150 0.12490443 0.19463663 0.14876618 0.10041535 0.04745645
2.71544133 0.01590767 0.00737191 0.01699485 0.10524637 0.16571173 0.14549472 0.18668530 0.12808079 0.21020659 0.14448183 0.10456386 0.05049697
2.73077497 0.01651545 0.00783246 0.02103925 0.12096723 0.16453925 0.13177228 0.19002296 0.12721026 0.22269592 0.14570522 0.09857249 0.05538406
2.74690557 0.01954238 0.00714448 0.01849599 0.11751582 0.17320862 0.13154274 0.18820625 0.12455130 0.22106988 0.12975222 0.11449522 0.05228858
2.74955958 0.02342104 0.00707945 0.02565674 0.11113671 0.18221469 0.12289662 0.18697078 0.12165220 0.21327017 0.13577875 0.09319545 0.06064775
2.76115219 0.01713493 0.00688127 0.01930871 0.10967537 0.18094111 0.11072423 0.18541495 0.12532612 0.21682248 0.14623318 0.10039642 0.06033932
2.75872371 0.01606587 0.00714317 0.02101605 0.10717502 0.17527603 0.12702787 0.18688973 0.12994072 0.20842884 0.15000958 0.10762364 0.05955409
2.76429157 0.02310079 0.00851495 0.02637319 0.12302484 0.18528916 0.11458209 0.19682542 0.12529756 0.20340830 0.15057954 0.10064341 0.05304210
2.76774826 0.02025199 0.00850922 0.02256074 0.13174810 0.17144433 0.12907589 0.18602809 0.12803191 0.20503032 0.14430614 0.11209483 0.05276262
2.76060105 0.01874686 0.00833379 0.02147435 0.13625661 0.16717528 0.11854311 0.18499192 0.13279168 0.21589713 0.15425475 0.10767381 0.05158859
2.75098006 0.01784668 0.00679558 0.02125017 0.11617121 0.16654211 0.11507435 0.18850808 0.12584638 0.21859790 0.14219066 0.10113303 0.06843662
2.76642668 0.02265616 0.00776611 0.02690555 0.12577786 0.16073445 0.11580234 0.18725943 0.12651670 0.22090299 0.13014897 0.11359501 0.05950522
2.76082773 0.01995828 0.00765840 0.02444802 0.12473619 0.17428809 0.10753772 0.18647570 0.11991318 0.21484753 0.14237407 0.09728360 0.06411721
2.76239274 0.02540787 0.00841035 0.02902239 0.10209540 0.17396155 0.11857350 0.18513390 0.12725669 0.21938940 0.14707719 0.12045162 0.06428650
2.76432303 0.01984714 0.00687510 0.02315621 0.11304778 0.17882107 0.12530329 0.19664364 0.12901239 0.20419934 0.14718246 0.08697435 0.06745372
2.76382019 0.02479071 0.00863367 0.02672432 0.12817570 0.17976335 0.11276843 0.18045082 0.13188550 0.19119357 0.14646483 0.11038259 0.06497946
2.77111439 0.02764417 0.00700323 0.03133401 0.12747513 0.17226488 0.12669408 0.19407566 0.12985273 0.20552609 0.14584670 0.09792319 0.05397734
2.76217829 0.02516756 0.00687369 0.02556962 0.11515545 0.17720932 0.11593671 0.19306257 0.12519552 0.21569485 0.14768256 0.09146579 0.06237543
2.77214067 0.01562339 0.00774817 0.01695318 0.12487514 0.17219138 0.12541292 0.18349205 0.12582955 0.21677001 0.13655881 0.10099683 0.05206238
2.78527441 0.01858961 0.00724838 0.01925065 0.10855611 0.17277894 0.12721923 0.18931177 0.11855240 0.21516854 0.13351546 0.10664958 0.05029305
2.79107961 0.02279423 0.00647211 0.02373101 0.11377190 0.17417560 0.14021279 0.19110994 0.12021216 0.21964541 0.14130824 0.10108292 0.04460680
2.79133910 0.02002911 0.00769443 0.02252576 0.11402552 0.17227052 0.12061595 0.20201808 0.13322459 0.21162665 0.14446469 0.10566547 0.05951402
2.78968140 0.01740637 0.00683103 0.02194944 0.11423130 0.16299380 0.12924037 0.19332177 0.13242036 0.19992235 0.13861651 0.10027533 0.05285516
2.79205533 0.02072351 0.00670790 0.02722909 0.12957745 0.17114696 0.12414397 0.18387344 0.12915537 0.20220127 0.13883627 0.09609941 0.05807653
2.78731403 0.02285365 0.00706519 0.02541500 0.12622363 0.15367315 0.13357901 0.18746943 0.12959445 0.21376771 0.14588612 0.10047543 0.05986900
2.79310668 0.01768743 0.00780571 0.01907167 0.11890936 0.16535969 0.12906514 0.18832104 0.13007581 0.21734827 0.14381251 0.09860328 0.07419448
2.79450708 0.02078271 0.00758071 0.02413641 0.11904523 0.16433928 0.13740566 0.17693274 0.12839311 0.21580710 0.13533434 0.10263188 0.05531925
2.79186682 0.02403530 0.00888687 0.02564989 0.12264007 0.16256970 0.12604896 0.18720952 0.12642918 0.21713241 0.13922404 0.09171982 0.05505967
2.80539548 0.01987304 0.00714463 0.01984833 0.12188194 0.16400933 0.12536078 0.18261594 0.12413496 0.21802581 0.14064460 0.10384798 0.04540411
2.79715781 0.01999997 0.00719546 0.02025164 0.12156243 0.18380270 0.11596913 0.18892259 0.12628586 0.20775491 0.14108227 0.08688932 0.05139818
2.80081943 0.01881904 0.00626365 0.02088847 0.12390720 0.17310711 0.11832351 0.17997536 0.12689651 0.20443336 0.14162450 0.09953246 0.04722791
2.81264077 0.02397498 0.00650581 0.02716892 0.12469916 0.18764642 0.12292927 0.18143728 0.12820032 0.20485317 0.14511781 0.08401166 0.04347244
2.80567796 0.01530189 0.00709627 0.01733443 0.09927028 0.17341980 0.11485824 0.18159919 0.12772578 0.21070101 0.14607586 0.10077368 0.04765932
2.81310189 0.01990902 0.00708565 0.02246081 0.10091974 0.17300172 0.13071192 0.17762537 0.12284563 0.21591401 0.13754691 0.10263412 0.07205598
2.81887531 0.02031468 0.00661223 0.02173486 0.11504229 0.16391535 0.11042496 0.17620187 0.12024994 0.21984633 0.14340249 0.10844770 0.05053082
2.81623377 0.02432795 0.00713845 0.02556980 0.11005587 0.16217754 0.11384616 0.18686587 0.12755116 0.21788004 0.14058644 0.10108157 0.06211136
2.82414284 0.01819532 0.00719365 0.01864841 0.09983033 0.15740556 0.10998790 0.17975844 0.12867407 0.21090429 0.14566183 0.10225048 0.05463541
2.82858949 0.01840050 0.00681663 0.01845253 0.10218965 0.16549091 0.10893208 0.18776782 0.13261773 0.20658537 0.14615255 0.09477118 0.06473111
2.82537875 0.02259626 0.00851469 0.02567923 0.09934790 0.17500507 0.13005883 0.17960704 0.13044603 0.20799284 0.14048783 0.10806677 0.05770619
2.82993275 0.02367852 0.00660050 0.02578951 0.10487053 0.17527557 0.11229564 0.18374663 0.13058264 0.20947777 0.14435230 0.09283660 0.04731678
2.83579820 0.02057707 0.00751501 0.02243770 0.09411709 0.17308049 0.12358123 0.18220429 0.13201852 0.22260718 0.13783136 0.11428371 0.07690621
2.84748879 0.01784068 0.00666034 0.01953311 0.12280173 0.17714398 0.09541758 0.17702864 0.12682026 0.21737206 0.13553120 0.10071577 0.05678320
2.84656266 0.01948337 0.00748476 0.02171795 0.12123770 0.16517482 0.11072707 0.17652156 0.12808706 0.21787072 0.14006357 0.10620552 0.06758859
2.84235461 0.01723051 0.00742995 0.02028220 0.12951819 0.17195187 0.11276018 0.17558782 0.12219523 0.21656191 0.14127134 0.09829191 0.08832095
2.84245229 0.02321506 0.00617427 0.02504532 0.10701225 0.18333708 0.12305186 0.17545736 0.12226356 0.20341538 0.14489595 0.10535309 0.04935684
2.85206746 0.01769735 0.00734436 0.01867762 0.10939735 0.18356756 0.13783938 0.18190457 0.12527241 0.20267662 0.14277501 0.11230769 0.05524963
2.85083571 0.01191188 0.00696544 0.01381294 0.10115800 0.17842706 0.12494189 0.17844655 0.12494358 0.21072383 0.13811905 0.10585851 0.06452425
2.84594006 0.01965611 0.00646631 0.02337864 0.11030839 0.17303148 0.11241212 0.18292283 0.12505787 0.22087195 0.14249467 0.10393355 0.05244098
2.85053055 0.01616832 0.00922092 0.01878787 0.11696525 0.17453555 0.11609977 0.17914638 0.12554833 0.23086814 0.14159822 0.10449860 0.04439214
2.86055565 0.01975005 0.00697274 0.02377661 0.12227790 0.16484166 0.11368719 0.18076302 0.12341563 0.22543958 0.14442062 0.10423633 0.04830203
2.85881283 0.01712573 0.00732244 0.01924751 0.12017421 0.17194193 0.11531677 0.18051155 0.12494935 0.21665863 0.14013999 0.10592785 0.04753951
2.85896756 0.01876043 0.00781895 0.02241628 0.11864524 0.16896232 0.11864605 0.18279502 0.12431556 0.20515645 0.14742906 0.10353382 0.05199707
2.86069496 0.01781817 0.00720112 0.01856635 0.11952255 0.17868457 0.12874566 0.19122374 0.12950846 0.20555123 0.14574764 0.09514839 0.05264643
2.86225552 0.01744800 0.00748388 0.01823025 0.08480609 0.17484143 0.12413056 0.18577019 0.12972858 0.20473653 0.13953444 0.10627756 0.05758596
2.85137002 0.01888965 0.00709337 0.01907424 0.09978299 0.18436748 0.13008451 0.18342059 0.11835457 0.20651359 0.13947630 0.09323106 0.05030631
2.85442011 0.01598794 0.00680533 0.01551406 0.07623544 0.17844946 0.12384316 0.18180721 0.12415264 0.22014225 0.13564891 0.10739990 0.05809234
2.86553017 0.01701289 0.00642199 0.01590380 0.09561790 0.18290237 0.11315690 0.18344982 0.12193742 0.22397076 0.14472471 0.10185496 0.05159893
2.86773513 0.01270129 0.00808010 0.01285394 0.08053854 0.17879293 0.11213374 0.17621739 0.13509008 0.22202985 0.14027666 0.10315478 0.06503705
2.86195701 0.02546725 0.00723001 0.02916667 0.11133432 0.16853207 0.11351674 0.17989814 0.13035084 0.21566337 0.13301230 0.10116257 0.05375510
2.85514078 0.02085105 0.00688546 0.02318124 0.11819608 0.16954779 0.12346910 0.17934399 0.12916553 0.20776542 0.14525662 0.10313959 0.05709023
2.84875438 0.02150557 0.00773437 0.02555254 0.12216266 0.16903073 0.12807192 0.18608790 0.12407087 0.20771600 0.14981919 0.10590501 0.06162588
2.84484038 0.02519725 0.00817897 0.02777014 0.10869722 0.17415568 0.13626202 0.17299942 0.12180364 0.20920078 0.14837908 0.10320614 0.06383992
2.84147007 0.02107508 0.00735261 0.01926209 0.12343829 0.17416696 0.11788689 0.18380642 0.12006252 0.21282446 0.14038910 0.10173927 0.06177506
2.84517937 0.01773487 0.00798896 0.01966253 0.11992780 0.17785735 0.12405984 0.18187754 0.12287214 0.22373263 0.13992586 0.09185865 0.07019223
2.85191584 0.01443484 0.00620361 0.01754059 0.10473436 0.17484366 0.12647207 0.17405321 0.12138805 0.22005874 0.13862229 0.09377481 0.06627591
2.85648028 0.01801216 0.00736712 0.01857749 0.08385088 0.17869313 0.14391249 0.17446187 0.12131351 0.21759512 0.14677416 0.10526335 0.05879414
2.86501031 0.01446575 0.00706742 0.01514042 0.10894833 0.18004851 0.13712303 0.16661413 0.12672406 0.21371132 0.13984278 0.10556176 0.06044713
2.86528225 0.01843811 0.00703121 0.01784600 0.08821493 0.16666271 0.12438609 0.17417707 0.13521386 0.21435988 0.14348100 0.10603260 0.04856447
2.86749512 0.01658302 0.00715074 0.01813065 0.11308260 0.16592861 0.11415818 0.16829250 0.13320507 0.21392459 0.13669610 0.09704851 0.05983341
2.86522989 0.01649883 0.00760865 0.01873158 0.09801054 0.17832793 0.11741644 0.18209881 0.12244059 0.21401611 0.14291926 0.09206389 0.04505960
2.86045006 0.01501894 0.00754720 0.01589150 0.08941890 0.17625538 0.12150019 0.17696851 0.12411754 0.21817274 0.14168873 0.10006380 0.04718581
2.86603432 0.01598655 0.00709515 0.01835256 0.08813114 0.17534302 0.14006075 0.18046861 0.12269006 0.21935420 0.13791233 0.09166464 0.05198307
2.85940454 0.01960692 0.00705373 0.02067275 0.11720341 0.16174051 0.12578599 0.18396753 0.11885891 0.21883878 0.13939249 0.09912328 0.07319051
2.87402873 0.02203962 0.00595556 0.02781746 0.13581204 0.16953993 0.12412611 0.18929779 0.11951303 0.22096344 0.14341789 0.09652362 0.06646626
2.87404513 0.01841542 0.00751075 0.01933546 0.11330292 0.17593046 0.11994705 0.18365553 0.12321361 0.22039974 0.13929075 0.10324761 0.06400142
2.87513584 0.01915568 0.00683974 0.01879336 0.09123072 0.18046202 0.12117460 0.17735343 0.12908593 0.21542905 0.14909610 0.09898806 0.05482419
2.88377689 0.02088224 0.00680549 0.02500425 0.11656143 0.18253986 0.10717140 0.18411010 0.12584465 0.20700485 0.13874665 0.10026152 0.04050641
2.89327551 0.02247804 0.00641255 0.02451588 0.11244920 0.18579601 0.11627377 0.18449228 0.12674370 0.20897016 0.14736073 0.08815971 0.06439810
2.88837697 0.01879867 0.00617691 0.02271900 0.09901398 0.18241524 0.12306443 0.18306027 0.12944622 0.21756536 0.14114784 0.09377000 0.05979203
2.87430730 0.02333329 0.00848330 0.02454072 0.12662261 0.17705092 0.11853058 0.18148106 0.12124305 0.21766388 0.14262400 0.10347349 0.04820245
2.86523968 0.02077096 0.00797175 0.02363284 0.12545922 0.16863997 0.13020227 0.18599977 0.12165223 0.21873694 0.14748425 0.10313538 0.06342633
2.86563464 0.02084396 0.00700174 0.02244922 0.10987317 0.17257001 0.13480466 0.18194172 0.12171223 0.22004076 0.13443527 0.10359195 0.05262928
2.85820817 0.01963966 0.00757981 0.02358067 0.12199751 0.17195183 0.13442427 0.18677505 0.12389400 0.21858737 0.14008020 0.09735191 0.05291893
2.85940900 0.01619486 0.00766006 0.01624752 0.10073572 0.18447194 0.12503797 0.17753829 0.12536782 0.21487132 0.14319685 0.10871614 0.04713278
2.85566044 0.01547497 0.00650508 0.01390338 0.08189227 0.18562653 0.12195436 0.18177762 0.12256891 0.20597495 0.13634907 0.09093464 0.05821657
2.85255478 0.01594536 0.00630404 0.01976543 0.08666040 0.18760639 0.12527596 0.18043188 0.12772759 0.21227342 0.14234760 0.10180180 0.05805181
2.84464294 0.01774279 0.00720398 0.02025140 0.10085326 0.18079085 0.12123611 0.18007447 0.12993262 0.21884174 0.14493131 0.10495474 0.05473066
2.84263859 0.01772542 0.00725842 0.02133848 0.11512779 0.18153327 0.12091296 0.17952560 0.12245867 0.21383318 0.15123767 0.10108813 0.05657158
2.84569389 0.01674880 0.00746781 0.01672904 0.07621739 0.18737917 0.12554519 0.17515308 0.11957439 0.21503035 0.13173481 0.10321880 0.06126569
2.84306081 0.01416917 0.00723671 0.01787714 0.07321234 0.17813752 0.11363396 0.18128973 0.12597362 0.21750378 0.14726627 0.10647083 0.06034127
2.84710622 0.01291782 0.00675887 0.01279885 0.08415469 0.18330739 0.12218876 0.17986249 0.12348388 0.22167323 0.14432790 0.10150109 0.05881752
2.84494794 0.01290014 0.00674071 0.01069646 0.07405820 0.17658390 0.12038883 0.18165902 0.12343401 0.21683281 0.13539597 0.10591415 0.05176227
2.83870398 0.01853738 0.00662738 0.01856568 0.09509625 0.19279877 0.13277157 0.17947280 0.11584466 0.20466009 0.13634961 0.08693818 0.04498455
2.84315839 0.01372033 0.00568710 0.01448675 0.09175913 0.17596314 0.13437829 0.18710213 0.12550395 0.21436104 0.14339445 0.10129026 0.04999898
2.83601157 0.01675457 0.00625428 0.01803305 0.10427140 0.18586344 0.12008906 0.18489645 0.12769802 0.21473799 0.14660499 0.08479433 0.03919439
2.84235063 0.01946295 0.00621864 0.01872074 0.09747458 0.16929950 0.13238009 0.17784449 0.13076904 0.20820023 0.13809325 0.09460394 0.04787383
2.84063178 0.01651175 0.00772341 0.01916773 0.10571462 0.18255626 0.12490454 0.18005938 0.12730839 0.20745247 0.13626350 0.10083544 0.03807761
2.85285350 0.02014640 0.00659332 0.02261160 0.11135701 0.18288501 0.11863876 0.17921440 0.12414508 0.21348601 0.14327359 0.10067808 0.04828040
2.85441406 0.02546299 0.00758006 0.02713257 0.11286523 0.17089391 0.12673641 0.18562511 0.13213454 0.21421605 0.13933540 0.10618398 0.04954920
2.85147934 0.01855948 0.00612096 0.01791098 0.10330060 0.17368684 0.11149787 0.18570765 0.12488106 0.20917661 0.14606892 0.09518261 0.04405085
2.85090527 0.02312752 0.00725273 0.02614765 0.09462245 0.17317254 0.12714029 0.18671855 0.12410103 0.20942459 0.13992763 0.09594103 0.06018388
2.85197961 0.01950112 0.00619454 0.02115482 0.09794051 0.18529440 0.11725813 0.17600679 0.13036807 0.21239626 0.14343404 0.09333312 0.04758381
2.83951240 0.02383082 0.00625980 0.02571646 0.12373103 0.19043294 0.11645418 0.16869119 0.13037589 0.21814496 0.13847086 0.09342377 0.06912902
2.84283872 0.02314603 0.00724672 0.02796247 0.10990850 0.18511568 0.11125891 0.18493689 0.12061217 0.22095751 0.13873617 0.09972171 0.06458038
2.83218310 0.01816096 0.00620369 0.01904242 0.09596192 0.18442552 0.11506732 0.17992195 0.12320376 0.21163589 0.13700881 0.09884817 0.08217628
2.82415647 0.02277099 0.00742211 0.02626757 0.10250047 0.19411116 0.12635956 0.19044695 0.12185160 0.21744040 0.13710855 0.09202540 0.05855156
2.82510136 0.01734056 0.00636420 0.01860493 0.10739964 0.18223055 0.11552149 0.19111338 0.12123060 0.21598634 0.15734935 0.09452022 0.05450588
2.82006469 0.01935597 0.00677959 0.02327721 0.10588597 0.18245310 0.11535052 0.18705330 0.12269149 0.21343958 0.14237004 0.10090172 0.05033735
2.82321804 0.01020525 0.00779470 0.01257139 0.09337443 0.17423122 0.10982259 0.19063595 0.13159929 0.21359287 0.13032935 0.10558782 0.06753118
2.83178098 0.01205579 0.00627630 0.01286928 0.08835870 0.18400576 0.11102617 0.18635131 0.11539742 0.20685019 0.14436746 0.10930985 0.04843521
2.82749792 0.01356112 0.00665912 0.01421177 0.08302452 0.17969618 0.10989260 0.19514797 0.12760255 0.20926560 0.13779832 0.10396459 0.04618862
2.82971860 0.01633000 0.00724716 0.01674374 0.06793102 0.18604306 0.10925601 0.19018419 0.12981936 0.21155550 0.14080996 0.10194151 0.05203780
2.82945462 0.01632872 0.00644556 0.01889413 0.08378092 0.19230302 0.12091619 0.18027740 0.12288845 0.21511785 0.14318367 0.09941344 0.04185720
2.83094904 0.01196193 0.00731879 0.00975867 0.07793919 0.19197869 0.10539277 0.18510117 0.11711446 0.22135833 0.13817250 0.09481673 0.05010830
2.82931275 0.01316235 0.00683791 0.01492888 0.07824175 0.18924433 0.12276643 0.18298486 0.11677194 0.21670782 0.13588783 0.09898532 0.04357452
2.82669502 0.01391287 0.00648358 0.01344951 0.09152987 0.19028780 0.10983583 0.18126461 0.12759910 0.21483816 0.13475760 0.09738382 0.04525572
2.82124263 0.02040462 0.00683999 0.02260640 0.11182669 0.18930431 0.12442502 0.18538664 0.12593812 0.21448752 0.14794526 0.10535984 0.05332050
2.81819522 0.01531100 0.00776671 0.01603875 0.09332224 0.18755909 0.11440014 0.18130798 0.12198438 0.21106037 0.13964655 0.09516305 0.05595650
2.81407475 0.02325987 0.00745585 0.02341682 0.08762713 0.17281885 0.11615414 0.18834911 0.12890325 0.21598214 0.14168646 0.09857444 0.04446230
2.81533291 0.01524566 0.00602048 0.01466898 0.09343468 0.17458304 0.11565343 0.17987698 0.13045943 0.21402614 0.13839800 0.10532438 0.05534826
2.80504936 0.01888133 0.00654994 0.02156527 0.09788036 0.18286438 0.11928421 0.18626654 0.12098276 0.21514444 0.14042347 0.09629897 0.04764003
2.79913778 0.01618504 0.00699689 0.01964205 0.11730347 0.17280056 0.12382364 0.18839543 0.11909508 0.21351531 0.13681137 0.10340881 0.05575071
2.79346932 0.02735894 0.00804044 0.02872904 0.10920952 0.18196268 0.13577690 0.18267311 0.11504438 0.21537403 0.13490307 0.10891452 0.05320200
2.79553063 0.01729194 0.00690955 0.02158934 0.12178970 0.17693397 0.13386541 0.18434943 0.12541258 0.21365425 0.13280554 0.10134481 0.05100768
2.78879686 0.01752176 0.00616533 0.01413875 0.09878942 0.19050775 0.12918164 0.17725002 0.13187577 0.20498742 0.14737745 0.09656116 0.05007909
2.78535730 0.01855166 0.00657697 0.02204034 0.08096601 0.18115869 0.11701582 0.18653094 0.13162625 0.20231782 0.13600267 0.09676461 0.06760336
2.78452231 0.01294192 0.00604292 0.01398260 0.11967694 0.19087447 0.12798617 0.18555810 0.12131912 0.20671942 0.13643270 0.09273109 0.05269185
2.77548482 0.02087148 0.00552288 0.02591262 0.10430979 0.17685285 0.12423137 0.17381420 0.11658899 0.22133512 0.13821172 0.09661812 0.08077506
2.76202458 0.02014541 0.00670293 0.02165374 0.09632521 0.18676823 0.14397560 0.17979232 0.11845433 0.22375576 0.12593998 0.09373879 0.05704479
2.76712703 0.01597590 0.00768316 0.01571657 0.12107382 0.18201919 0.12314917 0.18324579 0.12243023 0.21699700 0.13382238 0.09619145 0.05285661
2.76675803 0.02093784 0.00609344 0.02213261 0.11106986 0.18745322 0.12520800 0.17716925 0.12805307 0.21129752 0.13517087 0.09694623 0.05753419
2.75915595 0.01708392 0.00708953 0.02036674 0.10718148 0.18979319 0.12913570 0.18673344 0.12184502 0.20513952 0.14616827 0.09886876 0.04655803
2.76012331 0.01952425 0.00592223 0.01996555 0.09813308 0.17580361 0.11366076 0.18557859 0.12778410 0.19884929 0.14500271 0.09454301 0.06226314
2.74738530 0.01279014 0.00619911 0.01601303 0.09760905 0.18242307 0.11696972 0.19146120 0.12626249 0.20767277 0.14338822 0.09724455 0.06076661
2.73812147 0.01525812 0.00655887 0.01501776 0.07935183 0.17252099 0.13102965 0.19517679 0.12537919 0.21489854 0.13660600 0.09802814 0.05188511
2.73461635 0.01270246 0.00637013 0.01247906 0.07713679 0.17042556 0.11600429 0.19002792 0.11558954 0.22617049 0.13633549 0.10233318 0.07302875
2.71963342 0.01494906 0.00707924 0.01922870 0.09372652 0.17362817 0.12786405 0.19413235 0.12032227 0.22401460 0.13002417 0.09754078 0.05064868
2.71621377 0.01816051 0.00747964 0.01985640 0.08079339 0.17560962 0.11262154 0.19535240 0.11979579 0.22056929 0.13283063 0.10382012 0.07452547
2.72047288 0.01570215 0.00652742 0.01854978 0.09313757 0.18433414 0.12661980 0.19311603 0.12358164 0.20938030 0.13768685 0.09674175 0.07921401
2.71905021 0.01877323 0.00605528 0.01993573 0.07731310 0.18746601 0.11932618 0.19135709 0.12671315 0.19761709 0.14576882 0.09390638 0.07292909
2.72305056 0.01715903 0.00575603 0.01776612 0.08163238 0.18956703 0.12375730 0.18295336 0.13488964 0.20022059 0.14131708 0.09600444 0.06307724
2.72590296 0.01328964 0.00623395 0.01389510 0.06452543 0.19760001 0.11842396 0.18334483 0.12012335 0.20599059 0.14281673 0.09312460 0.05781599
2.72700066 0.01472822 0.00664726 0.01582468 0.04901476 0.18109956 0.12931818 0.18691797 0.11772816 0.21341120 0.13428479 0.10454735 0.06274710
2.72614161 0.01461576 0.00682125 0.01625634 0.08915609 0.19794292 0.12876856 0.18762901 0.11945306 0.22284607 0.13435785 0.09362514 0.05864263
2.72347226 0.01869434 0.00694983 0.02027120 0.05804422 0.19104198 0.12396110 0.18549913 0.11823206 0.21720178 0.13002075 0.10628837 0.05728129
2.71939338 0.01575416 0.00662343 0.01821467 0.08894598 0.18740454 0.12563745 0.18685275 0.12017395 0.20949876 0.12920777 0.09845744 0.05886468
2.72391110 0.01843164 0.00707631 0.01769338 0.07772189 0.19624379 0.12085114 0.20275728 0.12357181 0.20112177 0.13700140 0.10190229 0.05156410
2.72397996 0.01887204 0.00717848 0.02105265 0.09853233 0.18956445 0.13333210 0.20035429 0.12328870 0.19891772 0.14538240 0.10239012 0.03712609
2.72256595 0.01376944 0.00613931 0.01598754 0.07085800 0.19202584 0.13102457 0.19524089 0.12848516 0.19843676 0.13930344 0.10775574 0.05378614
2.71803905 0.01671713 0.00638805 0.01994613 0.10336813 0.19363250 0.12537509 0.19555482 0.12605373 0.20347894 0.14101339 0.10321713 0.06023137
2.71733354 0.02144400 0.00609415 0.01852590 0.08413319 0.19395982 0.12538214 0.19515010 0.12609911 0.21100944 0.13388966 0.09949837 0.06897987
2.71100303 0.02381226 0.00632518 0.02550732 0.09052483 0.19673648 0.12052086 0.19480026 0.11589262 0.21506093 0.13506085 0.08875273 0.04423121
2.70498568 0.01252235 0.00645820 0.01449485 0.09348051 0.19102741 0.12819622 0.19555029 0.11647841 0.21491758 0.13392705 0.10078063 0.05916764
2.70553798 0.01861169 0.00694642 0.02081958 0.10095561 0.19990488 0.12674507 0.19633194 0.11425035 0.21024765 0.13609129 0.09325313 0.05392332
2.69854896 0.01815008 0.00693147 0.02196783 0.09085769 0.18895029 0.12615338 0.19436494 0.12370574 0.20421846 0.12965561 0.10135280 0.06143950
2.70271412 0.01769113 0.00692174 0.01569882 0.08074170 0.18160706 0.12241179 0.18993237 0.12104169 0.20381455 0.14183142 0.09981984 0.06018858
2.69350173 0.01350987 0.00720486 0.01589021 0.09555445 0.19441414 0.11342798 0.19357858 0.12101016 0.19596512 0.14027608 0.10175467 0.04718481
2.69359504 0.01292875 0.00731042 0.01150236 0.07974476 0.18637926 0.11711519 0.19306727 0.12254925 0.20820770 0.13544474 0.10286197 0.04689201
2.69422153 0.01702974 0.00741389 0.01781083 0.07817670 0.19138728 0.12047649 0.18975152 0.11818215 0.20794266 0.12898491 0.10280545 0.03998884
2.69532378 0.02614029 0.00559802 0.02571624 0.10946428 0.19754354 0.11472935 0.20921637 0.11279286 0.21181662 0.12828136 0.09161866 0.04546353
2.68339453 0.01562855 0.00610378 0.01466461 0.08630475 0.18781041 0.12626762 0.20265969 0.11675678 0.21700005 0.12718266 0.10480156 0.03971390
2.67385509 0.01423580 0.00702556 0.01889055 0.08328090 0.20152303 0.11246979 0.19747072 0.11607498 0.21423679 0.13607632 0.09709694 0.04266194
2.66749480 0.01652352 0.00642225 0.01584107 0.06941386 0.19893035 0.11734416 0.20494275 0.11778305 0.21158573 0.13624056 0.09804150 0.03754397
2.66873895 0.01690297 0.00580116 0.01905260 0.08535135 0.20045050 0.11416303 0.20224656 0.12246515 0.20084908 0.13314622 0.09390913 0.05384154
2.66374301 0.01770121 0.00587358 0.01839273 0.08095449 0.20108965 0.12509872 0.19709308 0.12430456 0.19883767 0.13763892 0.09455540 0.05869005
2.65763506 0.01699745 0.00543773 0.01757884 0.07669628 0.20078127 0.13074933 0.20123536 0.12512031 0.19976760 0.13536201 0.09785659 0.05392275
2.64771131 0.01867697 0.00582871 0.01994911 0.10184375 0.20056789 0.12322150 0.19997885 0.12151399 0.19784629 0.13048717 0.08780128 0.05130479
2.64291758 0.01307805 0.00709650 0.01454776 0.10403148 0.20434849 0.13472005 0.19943332 0.11144866 0.20439699 0.13108336 0.09614549 0.05377522
2.64394907 0.01680514 0.00607989 0.02122584 0.09088052 0.20282235 0.12293549 0.19783560 0.11832604 0.21702370 0.13135483 0.09602380 0.06178130
2.63044101 0.01831779 0.00716936 0.01808324 0.08922606 0.20393792 0.12170710 0.20518895 0.11940223 0.22078406 0.13054284 0.10334489 0.04383045
2.62266990 0.01780243 0.00640600 0.02008613 0.07960653 0.20578331 0.12335854 0.20089694 0.11921210 0.20670207 0.13417574 0.09087649 0.04152395
2.62789157 0.01676703 0.00722600 0.01717548 0.08818465 0.20284464 0.12197412 0.21625447 0.12103634 0.19569246 0.13133406 0.10125545 0.04125911
2.61400905 0.01151924 0.00617061 0.01386412 0.09906342 0.20396312 0.12124298 0.20652568 0.12747244 0.20336953 0.14001483 0.09701872 0.04250220
2.60589050 0.01456341 0.00623206 0.01476681 0.09233324 0.19778443 0.12947501 0.20634738 0.12214773 0.20738021 0.13665466 0.09753322 0.04108888
2.60362666 0.00914100 0.00730930 0.00818761 0.10807543 0.20577419 0.12385317 0.20636273 0.11668885 0.20677136 0.13366799 0.09508652 0.04088341
2.60235325 0.01591988 0.00591803 0.01750986 0.08939924 0.19334248 0.13494127 0.20329083 0.11521243 0.21162687 0.12774659 0.09626097 0.05469908
2.59361434 0.01085187 0.00686167 0.01139836 0.07863067 0.20128646 0.12718487 0.21372837 0.11480745 0.21587075 0.13126112 0.08630082 0.05193832
2.59842886 0.01300377 0.00599368 0.01599011 0.08072222 0.20238897 0.13015264 0.20577322 0.12175538 0.21884960 0.12700826 0.09782464 0.06999452
2.59588026 0.01399287 0.00628788 0.01754101 0.09753532 0.20163240 0.12472750 0.20547179 0.11434038 0.20432811 0.12877612 0.09646539 0.06140760
2.59156224 0.01382006 0.00543063 0.01644302 0.12108533 0.20240239 0.12141757 0.20389935 0.11719943 0.19236020 0.13448300 0.08988683 0.05840946
2.58560123 0.01592572 0.00524470 0.01850780 0.09859816 0.19775694 0.12779406 0.20698796 0.12742026 0.19206208 0.13250866 0.09823098 0.07625801
2.58797919 0.01260556 0.00489844 0.01110257 0.07724328 0.19478121 0.12428016 0.20727086 0.12699259 0.20019700 0.14670883 0.09519177 0.05880552
2.57538316 0.01729888 0.00550408 0.01705593 0.07681516 0.19449110 0.13793261 0.20278151 0.11705138 0.20871001 0.13476830 0.09377646 0.07625276
2.56455677 0.01743207 0.00598497 0.02263141 0.07489629 0.18771125 0.11869167 0.20370955 0.11450598 0.21404413 0.12392338 0.10148809 0.06110988
2.56266342 0.01431152 0.00660622 0.01777799 0.08534219 0.19921938 0.12653563 0.21585180 0.11250902 0.22392891 0.12109229 0.09458320 0.05743082
2.56190239 0.02051300 0.00530380 0.02208039 0.08981219 0.19092860 0.12212006 0.21373847 0.11446866 0.22486082 0.13212974 0.09690192 0.07226480
2.54971485 0.01219673 0.00682618 0.01285823 0.07597637 0.19314166 0.12208187 0.21616088 0.11962137 0.21024538 0.12941904 0.09597240 0.05641339
2.53971815 0.01100569 0.00607817 0.01437755 0.08442207 0.19610643 0.12233622 0.21380489 0.12010569 0.19535272 0.13229519 0.10045454 0.05140435
2.53920446 0.01411415 0.00583266 0.01369631 0.09410903 0.19852127 0.12006100 0.21134569 0.12373852 0.19827514 0.13907759 0.09616972 0.04489498
2.53724528 0.01497473 0.00676018 0.01586163 0.07740902 0.20308529 0.12848944 0.21665319 0.12612472 0.20515557 0.14072484 0.09523363 0.05670613
2.54640310 0.01089467 0.00697894 0.01175339 0.08480755 0.20148026 0.12512339 0.20415932 0.12570220 0.20786273 0.12914723 0.10277488 0.05513548
2.53759236 0.01510948 0.00566778 0.01752768 0.08536471 0.20463801 0.11454413 0.21066404 0.11306452 0.21139932 0.12262633 0.09305690 0.06325641
2.53366843 0.01800054 0.00589097 0.01845805 0.05667546 0.20781336 0.11655280 0.20440187 0.11230433 0.22378071 0.12871160 0.09615711 0.04491636
2.52982845 0.01271222 0.00635237 0.01339237 0.09694380 0.21402339 0.11124655 0.20675280 0.11184472 0.22368124 0.13570292 0.09186907 0.06114362
2.52499510 0.01429355 0.00572217 0.01508529 0.08646086 0.21106688 0.13089369 0.21073765 0.12286095 0.20235203 0.12866012 0.09490276 0.04884863
2.52681281 0.01633588 0.00515548 0.01959337 0.08248070 0.21213716 0.12692120 0.21082479 0.12295590 0.18678037 0.13189187 0.09841974 0.07649283
2.52401203 0.01854888 0.00584431 0.01942562 0.08322443 0.21524036 0.11913483 0.21774917 0.12388780 0.19568941 0.14052186 0.09954038 0.05118078
2.51451149 0.01538704 0.00573800 0.01434880 0.06936133 0.20975006 0.11981686 0.20889363 0.12426072 0.20197507 0.13900313 0.10323405 0.04971880
2.50715084 0.01555425 0.00616308 0.01545599 0.07881230 0.21602740 0.12642482 0.21562249 0.11247146 0.20678144 0.12716520 0.10204337 0.04157536
2.49995289 0.01655997 0.00564554 0.01741246 0.08947352 0.21162993 0.12010273 0.21828321 0.10810484 0.21043398 0.12716250 0.09620475 0.04565409
2.49654321 0.01410978 0.00567653 0.01765097 0.07403304 0.20281335 0.13552626 0.21815842 0.11605678 0.21601161 0.12936497 0.10286612 0.03628118
2.49716248 0.01172060 0.00529358 0.01307615 0.07997749 0.20895900 0.12499967 0.21902555 0.11151866 0.20592896 0.13427531 0.09614130 0.04392227
2.48976335 0.01405570 0.00520891 0.01684411 0.08356913 0.21587554 0.13227233 0.21165460 0.11236680 0.19752065 0.13633739 0.09211518 0.03941413
2.48389532 0.01727655 0.00514207 0.01656089 0.07571833 0.21235020 0.12333939 0.21594533 0.11776058 0.18634598 0.13308761 0.09734005 0.04649735
2.48407028 0.01340749 0.00512515 0.01628999 0.09195151 0.21061809 0.11994891 0.21575925 0.12506548 0.19905108 0.13225848 0.08816049 0.05060109
2.48416898 0.01049440 0.00593617 0.00896503 0.09820234 0.21563463 0.11540653 0.21470524 0.12461953 0.20577685 0.13393363 0.09277835 0.04076851
2.48006349 0.00840752 0.00525846 0.01213142 0.07383739 0.21073924 0.12151325 0.21637260 0.10890840 0.20378486 0.12857662 0.09232566 0.04874495
2.47579006 0.01499189 0.00533565 0.01751862 0.06774531 0.21097388 0.11636566 0.21557080 0.10627942 0.20684757 0.12435180 0.09315253 0.04587709
2.47259276 0.01229599 0.00495182 0.01319395 0.06496928 0.21374736 0.11585638 0.20992199 0.11071820 0.21397301 0.12595304 0.10230752 0.03844138
2.46087706 0.01165427 0.00598754 0.01393530 0.06521237 0.21135793 0.10803063 0.22128877 0.11598227 0.21573805 0.13154090 0.09770009 0.04286475
2.45493332 0.01106369 0.00552350 0.01393124 0.06335260 0.21107318 0.10676442 0.21983261 0.11993710 0.19406859 0.13321923 0.09863481 0.04299494
2.44923004 0.01625736 0.00525120 0.01551484 0.07208124 0.20688640 0.11479757 0.22421408 0.11913591 0.18388810 0.13174523 0.09347703 0.03599043
2.44435230 0.01118820 0.00619522 0.01404820 0.06145225 0.20969559 0.12427772 0.22120040 0.12168402 0.19912430 0.13759830 0.10145378 0.03534450
2.43978883 0.00857399 0.00658400 0.00704590 0.04541446 0.20434956 0.11913723 0.22139542 0.11344610 0.20903765 0.13290915 0.10506696 0.04848490
2.42576547 0.01393279 0.00625001 0.01643318 0.05879306 0.20670419 0.12647709 0.22801814 0.11126517 0.20508913 0.12124244 0.10044350 0.03787632
2.40999148 0.01804699 0.00590175 0.01749100 0.07152087 0.21333835 0.12905724 0.22188344 0.10814135 0.20563391 0.11788503 0.10245740 0.04648245
2.40637674 0.01466747 0.00521805 0.01573372 0.06453538 0.21857338 0.12411831 0.22497186 0.11884677 0.21152902 0.13117174 0.09147644 0.03393896
2.40576199 0.01592963 0.00509509 0.01691028 0.07998524 0.21169365 0.12264885 0.22207573 0.11741713 0.19707518 0.13283724 0.10021044 0.04244021
2.40089174 0.01886828 0.00495272 0.01998741 0.06306710 0.21866160 0.11151189 0.22544888 0.11487426 0.18007833 0.13192077 0.09681974 0.05071337
2.39089622 0.01084396 0.00681227 0.01104732 0.09238836 0.21441740 0.10941672 0.22127135 0.11596022 0.18548389 0.12957196 0.10027031 0.05733718
2.38022539 0.02344618 0.00684188 0.02496690 0.08753561 0.21758842 0.11669009 0.22747251 0.11851527 0.19912426 0.12986791 0.09679145 0.05764962
2.38101331 0.02000184 0.00515451 0.02318155 0.08698049 0.21286846 0.13027457 0.22097149 0.10890129 0.20694306 0.12708885 0.09475404 0.05081592
2.37691055 0.01455865 0.00534140 0.01721027 0.09351363 0.21718439 0.12167629 0.22579571 0.10304940 0.20693251 0.12308733 0.09136708 0.05368110
2.36715254 0.01576302 0.00560673 0.01926558 0.09617027 0.21475706 0.12306440 0.22409182 0.10692041 0.20925888 0.12575846 0.10045788 0.04336336
2.35428580 0.01758565 0.00576331 0.01996827 0.08404881 0.22468223 0.11325796 0.22821667 0.11282401 0.19939713 0.12584762 0.09658775 0.04419409
2.35098321 0.01447328 0.00507423 0.01456725 0.06945569 0.22457835 0.11872083 0.22556521 0.11931156 0.18990799 0.13426979 0.09650251 0.05759240
2.34190277 0.01942982 0.00570938 0.02465865 0.08668145 0.22814414 0.11629692 0.23350569 0.11844776 0.18206669 0.13419434 0.09772905 0.05402502
2.33390676 0.01047853 0.00552364 0.01276434 0.10164174 0.22459692 0.12484737 0.22663188 0.11376142 0.18568037 0.12412910 0.09259104 0.04042567
2.33575687 0.01093597 0.00503470 0.01031193 0.07526805 0.21776153 0.11912726 0.23494342 0.11034313 0.19443014 0.12667759 0.09534943 0.05214151
2.33053694 0.01665127 0.00475096 0.02057165 0.08325391 0.22070925 0.12173913 0.23372206 0.10653163 0.20832439 0.11738951 0.08400520 0.03775136
2.31965208 0.01256662 0.00536883 0.01358960 0.08880328 0.21564427 0.11567812 0.22931972 0.10517507 0.21503019 0.12184095 0.09721501 0.03863680
2.31173607 0.01848584 0.00669791 0.02012736 0.07983611 0.21791478 0.11436716 0.23165252 0.10802638 0.20380704 0.11562407 0.08740710 0.05454580
2.30275912 0.01616269 0.00573173 0.02030921 0.10020138 0.21057206 0.13071548 0.22740093 0.11101027 0.19171440 0.12777706 0.09845470 0.04758968
2.30028759 0.01612854 0.00539161 0.01913926 0.09556891 0.21557848 0.12540710 0.22159259 0.12160340 0.18255663 0.13590035 0.09609440 0.05635756
2.29504697 0.01296800 0.00487939 0.01076922 0.09340546 0.20742542 0.11456784 0.23279296 0.12309089 0.17978361 0.14127141 0.08971253 0.04492756
2.28436492 0.01115161 0.00545460 0.01164738 0.08377757 0.21924706 0.11795518 0.22855211 0.11520966 0.18668648 0.12920480 0.09609660 0.06019809
2.29075518 0.01276339 0.00520432 0.01354257 0.07368848 0.21052797 0.11512831 0.22631040 0.10735333 0.19924038 0.12216660 0.09376482 0.05503090
2.28430926 0.01653863 0.00456651 0.02003769 0.08866715 0.21281614 0.11358594 0.23561231 0.10685117 0.20975451 0.11879434 0.09051041 0.05898799
2.28527876 0.01521421 0.00509776 0.01347072 0.06677559 0.20926442 0.12380675 0.23082488 0.10873573 0.21388047 0.11432340 0.08903077 0.05861387
2.28149540 0.01142491 0.00482982 0.01560667 0.06873603 0.21204486 0.11718075 0.23665027 0.10941390 0.20412050 0.13048444 0.08623793 0.04606511
2.27141061 0.01400258 0.00601852 0.01861588 0.09554357 0.21322178 0.13331735 0.23356923 0.11362843 0.18874340 0.13386380 0.09543200 0.05977946
2.27001996 0.01884527 0.00501787 0.01756932 0.09182942 0.21512370 0.12521083 0.23395547 0.11680178 0.18070420 0.13168549 0.08819079 0.04189449
2.26933271 0.00965399 0.00541171 0.01332148 0.08635547 0.22051425 0.12114402 0.23356340 0.11452763 0.18177377 0.13388446 0.09698510 0.07301402
2.26451808 0.01427807 0.00601068 0.01448516 0.09140758 0.21394347 0.12506206 0.22981322 0.11134253 0.19108755 0.12696990 0.09972076 0.04020106
2.25839185 0.01595062 0.00553869 0.01683529 0.08352548 0.22659696 0.12402874 0.22835518 0.11504467 0.20298137 0.12098476 0.09111196 0.05717061
2.25169474 0.01508899 0.00637997 0.01898995 0.07625349 0.21903131 0.12103637 0.23301557 0.10416512 0.20693133 0.11916552 0.09409288 0.05351273
2.24400261 0.01299375 0.00579944 0.01514582 0.08763474 0.22384565 0.12535630 0.23271403 0.11011294 0.20567487 0.11290093 0.08756398 0.04212145
2.24026910 0.01144965 0.00515582 0.01227241 0.09226347 0.22848096 0.12055781 0.23235063 0.10144180 0.19599552 0.11799214 0.08727101 0.04264739
2.22740975 0.01216215 0.00645649 0.01546668 0.09709317 0.23084074 0.11947786 0.23520764 0.10912139 0.18817185 0.13266971 0.09908760 0.04097353
2.21330268 0.01605723 0.00527600 0.01682012 0.06567599 0.23142250 0.12445938 0.23002320 0.12018601 0.18119454 0.12343999 0.09531416 0.04345768
2.20242202 0.01530642 0.00612552 0.01454794 0.05670151 0.23184961 0.13175010 0.22841706 0.11963805 0.16928548 0.12891034 0.10267067 0.03750908
2.19494428 0.00767950 0.00552741 0.01114337 0.05503983 0.22968792 0.11907108 0.23168339 0.10998828 0.17786120 0.13359693 0.10019547 0.05168775
2.18435735 0.01543140 0.00645953 0.01613796 0.08091048 0.23599096 0.13537117 0.23306076 0.11365983 0.18732122 0.12259443 0.09540649 0.05560572
2.17380460 0.01515620 0.00575326 0.01681366 0.08351582 0.23180823 0.12733611 0.23319615 0.11142782 0.19487002 0.12286144 0.09933020 0.04173760
2.16802895 0.02041667 0.00552457 0.02372307 0.10288888 0.22822291 0.12287614 0.23570773 0.09310685 0.20118950 0.12151084 0.09316392 0.04854637
2.16070321 0.01268692 0.00564320 0.01279170 0.07925876 0.23084372 0.12912095 0.23478479 0.09591396 0.20512730 0.11503702 0.08927633 0.06388073
2.15541757 0.01969723 0.00467856 0.02319311 0.08000763 0.22864471 0.11714797 0.23183679 0.10898518 0.19514521 0.12024422 0.10413767 0.04866125
2.15840651 0.01571183 0.00525365 0.01612550 0.08057610 0.22848667 0.12672857 0.23290028 0.11229012 0.18241965 0.12155052 0.08823983 0.05704342
2.15532584 0.01793303 0.00487967 0.02019933 0.10124101 0.22722260 0.12517093 0.23326749 0.11256451 0.17117695 0.13032934 0.10589467 0.04348884
2.15217462 0.01158695 0.00659176 0.01250217 0.07766463 0.22552408 0.12560761 0.23570213 0.11341689 0.17662831 0.12610997 0.10008787 0.05519639
2.14916964 0.01378841 0.00494542 0.01426035 0.06245125 0.22273526 0.12463699 0.22791311 0.10950216 0.18793529 0.12682696 0.10527264 0.05048094
2.14052124 0.01074966 0.00617469 0.01094446 0.06083090 0.22858868 0.12305424 0.23118023 0.10320263 0.18997479 0.11637457 0.09832627 0.04915347
2.14183604 0.00929322 0.00520451 0.00761588 0.06048320 0.22359522 0.12443707 0.23254434 0.09766391 0.19794703 0.11606842 0.09680690 0.04858721
2.13794287 0.01670922 0.00640291 0.01576458 0.07286402 0.22075318 0.11680269 0.23786762 0.10424322 0.20562929 0.11402287 0.09362852 0.04896477
2.13170314 0.01513870 0.00516119 0.01371052 0.09625382 0.22180762 0.12584269 0.24067188 0.10799355 0.19374145 0.11879646 0.09642628 0.04180576
2.12609095 0.01426037 0.00545140 0.01513340 0.07610019 0.22700326 0.12282290 0.24372413 0.10928038 0.18010737 0.12427924 0.09122186 0.04946913
2.12875653 0.01980666 0.00526225 0.02078464 0.08265668 0.22097897 0.12242261 0.24159096 0.11552980 0.17432936 0.13327269 0.09430379 0.04794534
2.12824848 0.01552904 0.00476054 0.01608631 0.07492668 0.22383269 0.12775993 0.23882213 0.11398054 0.17667899 0.12569312 0.09298841 0.04646749
2.12164633 0.01215329 0.00629012 0.01581741 0.07680876 0.22289547 0.11335206 0.24039172 0.10548023 0.19347253 0.12936099 0.08723300 0.03656947
2.11664640 0.01597201 0.00588819 0.01881062 0.09154378 0.22425704 0.12345995 0.23434953 0.10288776 0.19590637 0.11247083 0.10412409 0.04368843
2.11210211 0.01228752 0.00479872 0.01085767 0.06035985 0.22871460 0.12967825 0.23925858 0.10458833 0.20249880 0.11278048 0.08719681 0.05421988
2.11079727 0.01372652 0.00458527 0.01474390 0.07699968 0.22418361 0.12755464 0.24436733 0.10914982 0.19727117 0.11696451 0.08831489 0.04428854
2.10096580 0.01296562 0.00584719 0.01544080 0.07720157 0.23110377 0.12472503 0.23922012 0.10441983 0.19016364 0.12576503 0.08871697 0.03948515
2.09271967 0.01482065 0.00487998 0.01621235 0.08446163 0.22803722 0.12389764 0.24339087 0.11032386 0.17325337 0.12425901 0.09393802 0.03703426
2.08480275 0.01571732 0.00530824 0.01761201 0.07947076 0.22827453 0.11509132 0.24043459 0.10939867 0.16960259 0.13009027 0.09019119 0.03578425
2.07169629 0.01122498 0.00521838 0.01206860 0.07732468 0.23148396 0.12514361 0.24363947 0.11128659 0.17360075 0.11933901 0.09285498 0.05123829
2.06580390 0.01575525 0.00533886 0.02048152 0.09098067 0.23098715 0.12490587 0.24282889 0.10744173 0.18979280 0.12277396 0.09705302 0.04885337
2.05928820 0.01543236 0.00703883 0.01709477 0.10444445 0.22874030 0.13687410 0.24996519 0.10159270 0.20374524 0.11023471 0.09904439 0.03665049
2.05711396 0.01386564 0.00510696 0.01495449 0.08881420 0.23277075 0.12664016 0.24740745 0.09832249 0.20408691 0.11833727 0.09474841 0.03794395
2.05490414 0.01337842 0.00466479 0.01384300 0.08696326 0.23762991 0.12302059 0.25073192 0.10255615 0.19485867 0.11298096 0.08984730 0.05232944
2.04844714 0.01169840 0.00459516 0.01219142 0.07410184 0.23652609 0.10772797 0.24874562 0.10616397 0.18969479 0.12269481 0.08622402 0.04754262
2.04084320 0.01399623 0.00497971 0.01311387 0.07873868 0.23441795 0.11581965 0.24869556 0.11826791 0.17371591 0.12782220 0.09314954 0.05708604
2.04156061 0.01625190 0.00502806 0.01751855 0.08908399 0.23149682 0.12065922 0.24837199 0.11284254 0.16343904 0.12750183 0.08593293 0.05294478
2.04086971 0.01510542 0.00527290 0.01571098 0.07758055 0.23355013 0.12100625 0.23957361 0.10642889 0.17340091 0.12452234 0.10075711 0.04362110
2.03395913 0.01768140 0.00518733 0.02066620 0.07531531 0.23347688 0.11988296 0.24661559 0.10241225 0.19061256 0.12138767 0.08757294 0.04681621
2.02931401 0.00916864 0.00481387 0.01180130 0.08678308 0.22872808 0.10989302 0.24128605 0.10178589 0.20536846 0.11090020 0.09207953 0.03611453
2.02853556 0.01267833 0.00410631 0.01313978 0.08148415 0.22568783 0.10762107 0.24625330 0.09997291 0.20554904 0.10918488 0.09307383 0.04481239
2.02213322 0.01245434 0.00452332 0.01363391 0.07766008 0.23149783 0.11623497 0.25130375 0.09740679 0.19545964 0.11592391 0.08707492 0.03455393
2.01568419 0.01298210 0.00491858 0.01453141 0.09417914 0.22818874 0.11313789 0.24697977 0.11375001 0.17947066 0.12186777 0.09701698 0.04054527
2.00973307 0.01586200 0.00561687 0.01644083 0.06763857 0.23117377 0.11872952 0.25076536 0.12239389 0.16210693 0.12269346 0.09256448 0.04485819
2.01048708 0.01444998 0.00564442 0.01539556 0.08747293 0.22825525 0.11016896 0.25010754 0.11209555 0.16441328 0.12763353 0.09007266 0.04981088
2.00778837 0.01532326 0.00527184 0.01704448 0.06046228 0.22612932 0.12008406 0.25259865 0.11023532 0.18547554 0.11928566 0.09585620 0.04932984
2.00260165 0.01259947 0.00445167 0.01199732 0.07507881 0.22716443 0.11211052 0.25052467 0.10360459 0.19869861 0.12032790 0.09007543 0.03671694
1.98481876 0.01107643 0.00473404 0.01319138 0.09004302 0.22925848 0.10885944 0.25135171 0.10654180 0.20581626 0.11399955 0.09564574 0.03162954
1.98354055 0.01037752 0.00458251 0.01443339 0.09931043 0.23005010 0.12490422 0.24587595 0.09199412 0.20210840 0.10357600 0.08997388 0.05162024
1.98527999 0.01284595 0.00435789 0.01419116 0.06673704 0.23703200 0.11932549 0.24621351 0.10501112 0.19604718 0.12031646 0.09249379 0.03681115
1.98542791 0.01585396 0.00436363 0.01545328 0.07594782 0.23541536 0.11989550 0.24934879 0.10979213 0.17925234 0.12616641 0.08699243 0.05216640
2.01060269 0.01442772 0.00429524 0.01696242 0.07848862 0.23713906 0.11779687 0.24882039 0.11368321 0.16090065 0.12263215 0.09997238 0.03388210
2.00984136 0.01376549 0.00462845 0.01454280 0.06145198 0.23655292 0.11316693 0.25081705 0.11205609 0.16127522 0.13121709 0.09353419 0.03795311
2.00996344 0.00767868 0.00470493 0.00892806 0.04881529 0.23585689 0.11348712 0.24986055 0.10919686 0.18416614 0.12385711 0.08576345 0.04090042
1.99548610 0.01040330 0.00595895 0.00733591 0.07102509 0.24268106 0.12631668 0.25568291 0.10263467 0.19576527 0.11185290 0.08732480 0.03665079
1.98720857 0.00923612 0.00526069 0.00874452 0.05188439 0.23993326 0.11377723 0.25321321 0.09885848 0.19855035 0.11709049 0.09025487 0.03843363
1.98125457 0.00986399 0.00510293 0.01096440 0.07381544 0.24521118 0.11057810 0.25137550 0.09776326 0.19648043 0.11438993 0.09221146 0.03405764
1.97208015 0.01288141 0.00485918 0.01486019 0.06354801 0.24198735 0.10900580 0.25206361 0.09746950 0.18622146 0.11714789 0.09572137 0.05874788
1.96768596 0.00981699 0.00514142 0.00951154 0.06943880 0.24130990 0.11657693 0.25559530 0.10876866 0.17653765 0.12085165 0.09110950 0.03168696
1.96462760 0.00894555 0.00428574 0.01049506 0.07603641 0.24366725 0.11262098 0.25202691 0.11201522 0.16535522 0.12614212 0.09441660 0.04824943
1.94774586 0.00660963 0.00488808 0.00717944 0.05538307 0.24108983 0.11096169 0.25451046 0.11209046 0.16868760 0.12675073 0.08786709 0.03884311
1.94554226 0.00723575 0.00477008 0.00702390 0.05535135 0.24284827 0.10485562 0.25592580 0.11294105 0.18311182 0.12158990 0.08813759 0.03813302
1.94583368 0.01077524 0.00596430 0.01104868 0.07161923 0.24088115 0.10980487 0.25116720 0.09885397 0.19657956 0.11338552 0.08473725 0.03925479
1.94237332 0.01298697 0.00427108 0.01525105 0.06848377 0.24112383 0.11636069 0.24986279 0.09050177 0.19993650 0.11061815 0.08933122 0.03777999
1.93439705 0.01495585 0.00448841 0.01604648 0.08077557 0.24145346 0.11734064 0.24947277 0.09206576 0.19999834 0.11142891 0.08725805 0.05484134
1.93162026 0.01352825 0.00518771 0.01623306 0.07131682 0.23935965 0.12479279 0.25167467 0.10954109 0.18631420 0.11223491 0.09131550 0.04337828
1.92573812 0.01062514 0.00579484 0.01079797 0.09079231 0.24441319 0.11679225 0.25106315 0.10790553 0.16961483 0.12452910 0.10018609 0.04542615
1.91965108 0.01437632 0.00381357 0.01688823 0.09283348 0.23523678 0.11768477 0.25700624 0.11177481 0.16388865 0.12506634 0.08416057 0.04575804
1.90984050 0.01311634 0.00401845 0.01280849 0.08050101 0.23560511 0.12130048 0.25685379 0.11001811 0.17805131 0.11957024 0.09150612 0.05189903
1.91403759 0.01051122 0.00442445 0.01184577 0.08594554 0.23353032 0.12019966 0.25663363 0.10334948 0.18689245 0.11648219 0.08909827 0.05311268
1.91572176 0.01083726 0.00488004 0.01168321 0.07508441 0.22859300 0.11610378 0.26186039 0.09609987 0.19528125 0.11199780 0.08604723 0.03849540
1.91453957 0.00892000 0.00512410 0.01092184 0.07870109 0.23187814 0.12107003 0.25525864 0.09747381 0.19974902 0.11495382 0.09743181 0.04153236
1.90358939 0.01059820 0.00475098 0.00940378 0.06666973 0.22714971 0.12181564 0.25997627 0.10318836 0.19212424 0.11456721 0.08834713 0.05309955
1.90376182 0.00916373 0.00572988 0.01175996 0.07288465 0.23476226 0.11508767 0.25584182 0.10626587 0.18356574 0.12037900 0.09184187 0.03653953
1.90246987 0.00657820 0.00420787 0.00653848 0.03181798 0.23992971 0.12993435 0.25348062 0.10649232 0.17665399 0.12080963 0.09600580 0.04165729
1.90301765 0.01813619 0.00378248 0.01977518 0.07514364 0.23980995 0.11944029 0.25727736 0.10531518 0.16883633 0.12568870 0.08662846 0.05212794
1.90509221 0.01508665 0.00384696 0.01649954 0.07668412 0.24211525 0.11696972 0.25600556 0.10631982 0.17139799 0.11995515 0.08928859 0.04163533
1.89752781 0.01350991 0.00374983 0.01711473 0.08536926 0.24534754 0.10876468 0.25474464 0.09847744 0.18518383 0.12017711 0.08382673 0.05201528
1.88676483 0.01656084 0.00506172 0.01834559 0.07609162 0.24545340 0.11523678 0.25533925 0.09126280 0.19590732 0.11158307 0.08866298 0.03447184
1.89412350 0.01385112 0.00504096 0.01649450 0.05784598 0.24366709 0.10867638 0.25914864 0.09595346 0.20019262 0.11441026 0.08464672 0.04060018
1.88928358 0.01351181 0.00433387 0.01407002 0.06697211 0.23947926 0.12093083 0.25670344 0.10155589 0.19812746 0.11544443 0.09185393 0.03338278
1.88487703 0.01340448 0.00419131 0.01401986 0.04492266 0.24134914 0.10687802 0.26292109 0.10325746 0.18381687 0.12594432 0.08435376 0.04531288
1.87912860 0.01302054 0.00391179 0.01670838 0.07373014 0.23877388 0.11094085 0.26365720 0.11090866 0.17147488 0.12269225 0.09100967 0.03018521
1.87057828 0.01805417 0.00387749 0.01956481 0.09766268 0.23973730 0.10482349 0.26063583 0.10763185 0.17017918 0.12395921 0.09350917 0.04140941
1.86475865 0.01165385 0.00405879 0.01460561 0.09521917 0.23959282 0.10923901 0.26780372 0.10635282 0.17082361 0.11585174 0.09241967 0.03406097
1.86545819 0.01427364 0.00450407 0.01564806 0.09064221 0.23948865 0.10970238 0.25941706 0.09871957 0.18184092 0.11423066 0.08980590 0.04358780
1.86420415 0.01498469 0.00402578 0.01266039 0.09323513 0.24587066 0.11075939 0.26147963 0.09942335 0.19018741 0.11244949 0.08660906 0.04609646
1.86141445 0.00800426 0.00393296 0.01284352 0.08605356 0.24159071 0.11310547 0.25887041 0.09664809 0.19152473 0.11368244 0.08897360 0.04935332
1.85537885 0.01298760 0.00401078 0.01454778 0.05449116 0.24345506 0.11536594 0.25894145 0.09873960 0.17843663 0.11010140 0.08567883 0.04690743
1.84233874 0.00840239 0.00399303 0.00883673 0.08782632 0.24048926 0.11605295 0.26237676 0.09822789 0.18023138 0.11735023 0.08495783 0.04947683
1.83958770 0.00901290 0.00401015 0.00905669 0.07827754 0.23734890 0.11638193 0.25967219 0.10579411 0.17577867 0.12124549 0.10156018 0.04427928
1.83412238 0.01733693 0.00409952 0.01673037 0.05585273 0.23710645 0.11451717 0.26404066 0.10120933 0.17306544 0.11763549 0.08976038 0.04946844
1.82849881 0.01239192 0.00453478 0.01561193 0.07631580 0.23818910 0.12678701 0.26190098 0.09355014 0.16900845 0.11424488 0.09821091 0.05637086
1.82254163 0.01498153 0.00559784 0.01631297 0.06180949 0.23528022 0.12731288 0.26719638 0.09831474 0.18475907 0.11364324 0.09676415 0.04486878
1.79735190 0.01129117 0.00556691 0.01451713 0.08694419 0.24003218 0.12150566 0.26746006 0.10013875 0.18786539 0.11419648 0.08952520 0.03514647
1.79622976 0.01756220 0.00381635 0.01713008 0.06951714 0.23440732 0.11636964 0.26544951 0.10523504 0.17584259 0.11619475 0.09066725 0.03513823
1.78271407 0.00600517 0.00390651 0.00472179 0.07265257 0.24238884 0.11962250 0.26997614 0.10027675 0.16674324 0.11779109 0.08510564 0.03664630
1.78087537 0.01331567 0.00353250 0.01624449 0.06964603 0.23525351 0.12213813 0.26700648 0.09994436 0.16388913 0.11420816 0.08831083 0.03412286
1.77810005 0.00939543 0.00400843 0.01032358 0.08543570 0.24158819 0.12300285 0.26454550 0.09786895 0.17190826 0.11516486 0.09533027 0.04020995
1.76865207 0.01335497 0.00484060 0.01685019 0.08148250 0.24146666 0.11995801 0.26730344 0.10137795 0.17033177 0.11186696 0.08918699 0.03655981
1.77195447 0.00809727 0.00540793 0.00858604 0.07259946 0.24009507 0.11072663 0.26456183 0.08739698 0.16975583 0.12208082 0.09316798 0.04501959
1.76947578 0.01974111 0.00314890 0.02020416 0.06900060 0.24106493 0.11808365 0.26602485 0.09511499 0.16915143 0.11209492 0.09113834 0.05456036
1.74730541 0.01210710 0.00297332 0.01444702 0.07447319 0.23989680 0.11515596 0.26382144 0.10096824 0.17962606 0.11310701 0.09366779 0.07195417
1.74317642 0.00862824 0.00319939 0.01106186 0.07002798 0.23814864 0.12385847 0.26843911 0.10495103 0.16953718 0.11641341 0.08683826 0.04386372
1.72854479 0.01425366 0.00386921 0.01722076 0.08054440 0.23995797 0.11503088 0.27366811 0.09108281 0.15941770 0.11419086 0.09001075 0.05380670
1.72779970 0.01102126 0.00369525 0.01307755 0.07939125 0.24182981 0.11792595 0.26702487 0.09886525 0.15798162 0.10994162 0.09857727 0.06251945
1.69931393 0.01591557 0.00399568 0.01787657 0.09474047 0.24140205 0.11963028 0.27554196 0.09318158 0.16282988 0.12137277 0.08995214 0.06123104
1.68342291 0.01348424 0.00443277 0.01724665 0.08687034 0.24614334 0.12448789 0.27104300 0.09477273 0.16513426 0.11212455 0.09506074 0.05814918
1.66809524 0.01245916 0.00457952 0.01457268 0.06411862 0.24172864 0.12092243 0.27097821 0.09926622 0.17025512 0.10990626 0.09776415 0.05097796
1.66495120 0.01006261 0.00411606 0.01134422 0.07823576 0.24733866 0.12406671 0.27482487 0.09370590 0.16664266 0.10808469 0.09019688 0.05134478
1.66343731 0.00977158 0.00463850 0.01116205 0.06569302 0.24389506 0.12342353 0.26870342 0.10464578 0.17132494 0.10906811 0.09575891 0.04805150
1.65888014 0.01240764 0.00457614 0.01258176 0.05119068 0.24957427 0.12445645 0.27447450 0.09270823 0.17585630 0.11449187 0.08553166 0.04935339
1.65921814 0.01503848 0.00489468 0.01488630 0.07571026 0.24687268 0.11302893 0.26708112 0.09221137 0.16104000 0.11449308 0.09573233 0.03834781
1.64877697 0.00964939 0.00322328 0.01016269 0.07661756 0.24983990 0.12562361 0.27023945 0.09608266 0.16285996 0.11302893 0.09280787 0.04138194
1.64357912 0.01284828 0.00504313 0.01691120 0.05774043 0.24348083 0.12674410 0.27205523 0.10078115 0.17305127 0.11793876 0.08814979 0.03466200
1.62911895 0.01485105 0.00410950 0.01596813 0.05344173 0.24826981 0.12493226 0.27221898 0.09471472 0.16244349 0.11393573 0.09314761 0.03097977
1.62559353 0.01760705 0.00437191 0.01893605 0.05606660 0.24504238 0.11629825 0.27206359 0.09707522 0.15320396 0.11642234 0.08804263 0.04794922
1.61931638 0.01485189 0.00399122 0.01379435 0.08262847 0.24143354 0.11960676 0.26826789 0.09515648 0.16612106 0.11204954 0.08941504 0.04518845
1.62467433 0.00941223 0.00462610 0.01449373 0.05747497 0.24177812 0.10968537 0.27568283 0.08943760 0.18039764 0.11363222 0.08574911 0.05169432
1.61402322 0.00728234 0.00444749 0.00839042 0.05731830 0.23762185 0.11184866 0.27485603 0.08331348 0.18394160 0.10321879 0.09068028 0.04149088
1.60314700 0.01290676 0.00383149 0.01411925 0.05887993 0.24120127 0.11225205 0.27675516 0.09073255 0.17152587 0.09920690 0.08923982 0.04470412
1.58856134 0.01246928 0.00393976 0.01408777 0.04580137 0.24568907 0.11533509 0.27911739 0.09618556 0.16589665 0.11441264 0.08362018 0.03291310
1.58067522 0.00794420 0.00362393 0.00932964 0.06350758 0.24043428 0.11788692 0.27915341 0.10071596 0.15901281 0.11579448 0.09289056 0.03847878
1.57846193 0.00757121 0.00374100 0.01070031 0.05220770 0.24445278 0.11675498 0.28096226 0.09994572 0.15024519 0.11724369 0.09374686 0.03190367
1.57566406 0.00907451 0.00375786 0.00755826 0.06913005 0.24407123 0.11199297 0.27350397 0.09484320 0.15706222 0.10917969 0.08684057 0.04696846
1.56542298 0.01895462 0.00390418 0.01903709 0.08269858 0.24498421 0.10792006 0.27829800 0.08737697 0.17881778 0.10878097 0.08972250 0.03496528
1.56692223 0.00890444 0.00419244 0.00953090 0.06224183 0.24623282 0.11472657 0.27271961 0.09039733 0.18858800 0.11096420 0.08777988 0.04874476
1.55340409 0.01348419 0.00346630 0.01138116 0.06164942 0.24223119 0.11466308 0.26910736 0.08737960 0.18047760 0.09912564 0.09569266 0.03324169
1.54673598 0.01208987 0.00353534 0.01395312 0.06329049 0.24764626 0.11450824 0.27509918 0.08981643 0.16425574 0.11139885 0.08819053 0.04596533
1.53812064 0.00796880 0.00455060 0.00719780 0.06964855 0.24529397 0.12175311 0.27344134 0.09741228 0.16552568 0.11535139 0.08584321 0.04036940
1.54379604 0.01337321 0.00316476 0.01752575 0.09240424 0.24491506 0.11369542 0.27747242 0.10173620 0.16136104 0.11712018 0.09039733 0.04079298
1.54106552 0.01169973 0.00324975 0.01315093 0.08514796 0.25441680 0.11907620 0.27569224 0.09527284 0.15178251 0.11303940 0.08239891 0.03676916
1.52193510 0.00775133 0.00379655 0.01003697 0.08560783 0.24784486 0.11684401 0.27874374 0.09872456 0.15876857 0.10982758 0.08947505 0.03618678
1.52012777 0.00923167 0.00397211 0.01008804 0.08266905 0.24862178 0.12153415 0.27832579 0.09354680 0.17461929 0.10600369 0.08391305 0.05548071
1.50908710 0.00949877 0.00414901 0.00749304 0.07711240 0.24794104 0.10818268 0.27798814 0.08694523 0.17217199 0.11490591 0.09381136 0.03822823
1.49828861 0.01728246 0.00433078 0.01762568 0.08861562 0.24281394 0.11792052 0.28160633 0.09059751 0.15672381 0.10234346 0.08992443 0.05374844
1.47853230 0.01338168 0.00393518 0.01342886 0.07917851 0.24902375 0.12957281 0.27963224 0.09792801 0.15254370 0.10884970 0.09082623 0.03442556
1.46757378 0.00923699 0.00392122 0.00867456 0.06930401 0.24720737 0.12353102 0.27801463 0.09890701 0.15250174 0.11721521 0.09064169 0.03466549
1.45349956 0.00920899 0.00537167 0.00879847 0.07394268 0.24725404 0.12881171 0.27615814 0.09053187 0.15900524 0.10660265 0.08876397 0.03416559
1.44127771 0.00923155 0.00361855 0.00833403 0.07301679 0.24612842 0.11967568 0.27568201 0.08838961 0.16043200 0.10412493 0.08828789 0.03319325
1.43857283 0.01754268 0.00385400 0.01716780 0.04820790 0.24706017 0.11435545 0.27907560 0.08551542 0.17140950 0.10794918 0.08771334 0.03415691
1.43788384 0.00906041 0.00380129 0.00938364 0.04175902 0.25116937 0.13522667 0.27675256 0.08708419 0.16628666 0.10518492 0.08877742 0.03304932
1.42804538 0.01220252 0.00421979 0.01126535 0.03877377 0.24635955 0.12629072 0.27180359 0.08524871 0.16200546 0.10989223 0.09006594 0.03410504
1.40952234 0.01833288 0.00477090 0.02125369 0.07183442 0.24967144 0.11292460 0.27462185 0.08885057 0.14498215 0.10884397 0.09454500 0.03415868
1.39425418 0.00811909 0.00530512 0.00765212 0.07470136 0.24525712 0.11532404 0.27332571 0.09170746 0.14470937 0.11305218 0.09359210 0.03621029
1.38209155 0.01134469 0.00525048 0.01429671 0.08292331 0.24342314 0.11409157 0.27874410 0.09849271 0.14933010 0.10962716 0.10105323 0.03429218
1.37836429 0.01020108 0.00372374 0.00988454 0.08509680 0.24595210 0.12142572 0.27799278 0.08980406 0.15146869 0.10944952 0.09137052 0.04334275
1.37147588 0.01205633 0.00411676 0.00973492 0.03984419 0.24137909 0.12618449 0.28050023 0.08152471 0.15728382 0.10054148 0.09225669 0.04206285
1.36142877 0.01454740 0.00349515 0.01718177 0.06100631 0.24422295 0.13003804 0.28188268 0.08927289 0.16610146 0.09988275 0.08692391 0.03942725
1.36291731 0.01353707 0.00385847 0.01477794 0.06305143 0.24489368 0.11374371 0.28210919 0.08855794 0.16887954 0.11058558 0.08907725 0.03880535
1.36413235 0.01282617 0.00307022 0.01301231 0.06069143 0.24353777 0.11789146 0.28275588 0.09752952 0.15253402 0.10654341 0.08672949 0.04541467
1.36476471 0.00815953 0.00278844 0.00953144 0.06554870 0.24961034 0.11427690 0.28095043 0.09397728 0.13381643 0.10965376 0.08618326 0.06763621
1.36652184 0.00863168 0.00247658 0.01172653 0.07929630 0.24568589 0.11677287 0.27593418 0.09236058 0.14688725 0.12185519 0.08878385 0.04421637
1.35642567 0.01206117 0.00301759 0.01283541 0.05354835 0.25055237 0.12355585 0.27649557 0.09226943 0.15534003 0.10675719 0.09052723 0.04505108
1.33626098 0.01357707 0.00318128 0.01445828 0.07082308 0.24919494 0.11809039 0.27755295 0.08348196 0.16074468 0.10901612 0.08910099 0.03838166
1.32488930 0.00997655 0.00321286 0.01185173 0.06843254 0.24527513 0.12158485 0.28228290 0.08064267 0.16334843 0.09734720 0.08727862 0.05940744
1.32221393 0.01230037 0.00368802 0.01111015 0.04729844 0.25060881 0.11661247 0.28060784 0.08492096 0.16759425 0.10649317 0.08699208 0.03974806
1.30140624 0.01229502 0.00417383 0.01586731 0.06908278 0.25081971 0.12586257 0.28212958 0.08998724 0.15925142 0.11171337 0.08974413 0.04398772
1.30080637 0.01804065 0.00494884 0.02055441 0.05663082 0.24742508 0.11949227 0.28037700 0.09121653 0.14542852 0.10814878 0.09783251 0.04628769
1.30156881 0.01278367 0.00372417 0.01393255 0.06941332 0.25145542 0.11790258 0.28169780 0.09050483 0.13367703 0.10665150 0.08970029 0.04636567
1.29593248 0.00714941 0.00451578 0.00582921 0.05615155 0.24498289 0.12442302 0.28310194 0.09109038 0.14634717 0.11352214 0.09183235 0.04048363
1.29193358 0.00778514 0.00361041 0.00679594 0.04128013 0.24950251 0.11831553 0.28333355 0.09263343 0.15601654 0.11648105 0.09308818 0.03520139
1.28863173 0.00542521 0.00328235 0.00250318 0.06300371 0.24756593 0.11801398 0.28466610 0.09309184 0.15358619 0.10489497 0.08987057 0.03494088
1.27812824 0.00576603 0.00388432 0.00589517 0.03784279 0.25017588 0.11656605 0.28379968 0.08504229 0.15899320 0.10397784 0.08684646 0.03349306
1.27522472 0.00880447 0.00358012 0.00740912 0.04941809 0.24719333 0.12536685 0.28305305 0.08299638 0.16358177 0.10424576 0.08710807 0.04773713
1.27922350 0.00544577 0.00429856 0.00419458 0.03257119 0.24465559 0.11441022 0.28502396 0.09201723 0.15881704 0.10739144 0.08869133 0.03236203
1.27564483 0.00895748 0.00375465 0.00922288 0.05257298 0.24849190 0.11335174 0.28475075 0.09023132 0.14635043 0.10202820 0.08759909 0.03173169
1.26741271 0.01145504 0.00387743 0.01188269 0.06793287 0.24524118 0.11232552 0.28279173 0.09230562 0.13781465 0.11040587 0.08470703 0.03431712
1.26606246 0.01212909 0.00362544 0.01293184 0.04807081 0.25012628 0.10568071 0.28474523 0.10382767 0.14529962 0.11077181 0.09454143 0.03899048
1.26550904 0.00691678 0.00355373 0.00564304 0.05431895 0.25185045 0.11982436 0.28183682 0.08863359 0.14806466 0.11042615 0.09290512 0.03253373
1.25683911 0.00892279 0.00357599 0.00878386 0.06648195 0.24822724 0.11549855 0.28160419 0.08092970 0.15045237 0.10495129 0.08864122 0.03990536
1.24755272 0.01458655 0.00418115 0.01589229 0.05991989 0.24997647 0.11017489 0.28361484 0.09346639 0.15189813 0.10547579 0.09326318 0.03479429
1.24533387 0.01428128 0.00408419 0.01440264 0.04496489 0.24876694 0.10730491 0.28724449 0.08824272 0.15926819 0.10240726 0.08860710 0.03254264
1.24425333 0.00696737 0.00503840 0.00581813 0.06131348 0.24848963 0.11383041 0.28297136 0.08470663 0.16092757 0.10758815 0.09236962 0.04611663
1.23374559 0.00877883 0.00407437 0.00842499 0.04064025 0.25580517 0.11464041 0.28543389 0.08627437 0.15128450 0.10408074 0.08938631 0.03990072
1.21560161 0.01102743 0.00383839 0.01239828 0.07314149 0.25043524 0.11262641 0.28776886 0.08799646 0.14313351 0.10226549 0.09387457 0.03343646
1.21276616 0.00931780 0.00506081 0.00886800 0.06274635 0.25605237 0.11481293 0.28555068 0.08775578 0.14835846 0.11225246 0.09249657 0.03121148
1.20320508 0.01046750 0.00297717 0.00735638 0.05848874 0.25049229 0.11517808 0.28629847 0.09868171 0.15526146 0.10936154 0.08701086 0.03395571
1.20761330 0.01004719 0.00425262 0.01115969 0.07825942 0.24952160 0.12379198 0.28430075 0.08465221 0.15695243 0.09887473 0.08923296 0.04714932
1.20619147 0.01006228 0.00342060 0.01246432 0.05801366 0.24796170 0.11630901 0.28284404 0.07700210 0.15549533 0.10194045 0.09719644 0.03834427
1.19956564 0.00929105 0.00384198 0.01032052 0.05422569 0.24648188 0.11535079 0.28333191 0.08153762 0.15833726 0.10183990 0.08772178 0.04757098
1.19285237 0.01301906 0.00374351 0.01493219 0.06478406 0.25129976 0.11867268 0.28527706 0.08510348 0.14964514 0.10121979 0.09227985 0.05835829
1.17771331 0.01413182 0.00362496 0.01450626 0.06847212 0.24732461 0.11620215 0.29124867 0.08547535 0.13833959 0.10934652 0.08932717 0.04487653
1.17263423 0.00764854 0.00402391 0.00729593 0.05226071 0.25002381 0.11961599 0.28517952 0.09878348 0.13725267 0.10548951 0.08706177 0.03579833
1.16975826 0.00678700 0.00369232 0.00612202 0.05945095 0.25109811 0.12003643 0.28697423 0.08829823 0.14234111 0.10898780 0.08949655 0.03449634
1.16168412 0.00890094 0.00290628 0.00935788 0.06135143 0.24726376 0.12277171 0.28580275 0.08084459 0.15061124 0.11282518 0.09155389 0.03347957
1.15067105 0.00890339 0.00493279 0.01141591 0.05569053 0.24981654 0.11749255 0.28780065 0.07745014 0.14917029 0.10403308 0.09853455 0.03099326
1.14513816 0.00673238 0.00319970 0.00779129 0.06800688 0.24575813 0.11705715 0.28522635 0.07939789 0.15509923 0.09088605 0.08823736 0.04861848
1.13831307 0.01066348 0.00280318 0.00864718 0.06463017 0.24486129 0.11559273 0.28694928 0.07742146 0.16362239 0.10698659 0.09011263 0.03647423
1.13380897 0.00932387 0.00328079 0.00986458 0.05821157 0.24859622 0.11430722 0.28672041 0.08157142 0.15657737 0.10007073 0.08649596 0.04332368
1.12597564 0.00786862 0.00312305 0.01010136 0.07663435 0.24060919 0.11283232 0.28818035 0.08585714 0.14462214 0.10921915 0.08825206 0.05477854
1.11348890 0.01423971 0.00309028 0.01436458 0.05889297 0.24955850 0.12260342 0.29312333 0.09361599 0.13644875 0.10434091 0.08839375 0.04081876
1.10637290 0.01081093 0.00307466 0.01162406 0.06937194 0.24433779 0.11397700 0.29057780 0.09383154 0.14798685 0.11595986 0.08904722 0.04168705
1.10185844 0.00798010 0.00306188 0.01085885 0.05444560 0.24826889 0.12538526 0.28958963 0.08786524 0.15519474 0.09963044 0.08861395 0.04896019
1.09926485 0.00640635 0.00340968 0.00584864 0.05769107 0.24786608 0.11407868 0.29042021 0.07876308 0.15437807 0.10617359 0.08591362 0.04278827
1.09109300 0.00973268 0.00376613 0.00902313 0.05978484 0.24789438 0.11405411 0.28677464 0.08473473 0.15473418 0.10025310 0.09182901 0.03976411
1.08245251 0.01425799 0.00312049 0.01345519 0.06617637 0.24820769 0.11375850 0.28612272 0.08959940 0.15304276 0.10304305 0.09170729 0.04113280
1.07694930 0.00797222 0.00293923 0.01121983 0.05149695 0.24808795 0.10931791 0.28766940 0.08624943 0.15118337 0.10990393 0.08539046 0.04197043
1.06291177 0.00818286 0.00291334 0.01121455 0.05680697 0.24489378 0.11784812 0.28674851 0.08374477 0.14921184 0.10375629 0.08790352 0.03747500
1.06286307 0.00777143 0.00248093 0.00789946 0.06356833 0.24865727 0.11335270 0.28977106 0.08559140 0.14495777 0.10838862 0.08523972 0.03797583
1.05871847 0.01167117 0.00234134 0.01163770 0.06015233 0.24657477 0.12100136 0.29109530 0.08540118 0.14873488 0.10947600 0.08674727 0.03368593
1.05602117 0.01006995 0.00217269 0.00836368 0.05038919 0.24888665 0.12077824 0.29056023 0.09064064 0.14501560 0.10325012 0.08696028 0.05686323
1.05560824 0.01037128 0.00226916 0.01289450 0.06330327 0.24739024 0.11506699 0.29221027 0.09302778 0.14472987 0.10823636 0.09108652 0.03698456
1.05011791 0.00923365 0.00463855 0.01270361 0.05859081 0.24899024 0.11722107 0.29244401 0.07982897 0.15490002 0.10609308 0.08757866 0.03497214
1.03950568 0.01058147 0.00365160 0.01297161 0.09150389 0.25111900 0.11127661 0.29046339 0.07816675 0.15978569 0.09837727 0.08958484 0.05801953
1.04574622 0.00574010 0.00347015 0.00832675 0.03698729 0.24852209 0.11636858 0.29338361 0.08630272 0.15625464 0.09841301 0.08765023 0.05152075
1.03671810 0.01391061 0.00262441 0.01475798 0.06123709 0.24950320 0.11548510 0.29317315 0.08299962 0.14522598 0.10189329 0.08799768 0.04707541
1.03040516 0.00730526 0.00280853 0.01075919 0.05769448 0.25267008 0.11795612 0.29102936 0.08149977 0.13768889 0.10669854 0.08945820 0.05446162
1.01828768 0.00926821 0.00277259 0.00954151 0.05119431 0.24878390 0.12534783 0.29237754 0.08877009 0.13651759 0.10747525 0.08678125 0.05151779
1.00131054 0.00618989 0.00258034 0.00647823 0.06213667 0.25145909 0.11264245 0.29195580 0.08718784 0.13450398 0.10160831 0.08564685 0.04774016
1.00152044 0.01192547 0.00196696 0.01344048 0.06173341 0.24585406 0.12149798 0.28857165 0.08167579 0.13872543 0.09763454 0.08865122 0.04227035
0.99777293 0.01484448 0.00238030 0.01122531 0.08251101 0.25114567 0.11747155 0.28940633 0.08274470 0.14256711 0.09679766 0.08700678 0.04067597
0.98818960 0.01063903 0.00278931 0.01475844 0.07775761 0.24903978 0.11635866 0.28996168 0.07853314 0.14849279 0.10133145 0.09798406 0.03775761
0.98269560 0.01792864 0.00338857 0.01625949 0.07865846 0.24918421 0.11948607 0.28863904 0.08524531 0.14403705 0.09634475 0.09351102 0.04713975
0.97897088 0.01435500 0.00292667 0.01264829 0.05981341 0.25311792 0.11711021 0.29298107 0.08183080 0.13615305 0.10026547 0.08726254 0.03970998
0.97969110 0.01271598 0.00257502 0.01555009 0.08283340 0.24850629 0.11939145 0.29381329 0.08533181 0.14209808 0.10674244 0.09298802 0.03292680
0.97696032 0.00841010 0.00246223 0.01118272 0.08319592 0.25714720 0.11884285 0.29692264 0.08901147 0.13971375 0.10210447 0.08729057 0.03933469
0.97199262 0.00802173 0.00239045 0.01064144 0.05531593 0.25247375 0.11609598 0.29960587 0.08236366 0.13552407 0.10232738 0.08733813 0.06238077
0.97315690 0.01201915 0.00318419 0.01284147 0.04056816 0.25213557 0.11311426 0.29783910 0.07945374 0.13785873 0.10392235 0.08705726 0.03616271
0.97176879 0.00921609 0.00258357 0.00941635 0.05317524 0.25209359 0.11781475 0.30034182 0.07681788 0.14233537 0.10730389 0.08734682 0.04392209
0.95951778 0.00881882 0.00254884 0.01062756 0.03729543 0.24928788 0.11498991 0.29554245 0.08008115 0.14779262 0.09565981 0.08637380 0.05548766
0.95642006 0.00805362 0.00325341 0.01060465 0.04902784 0.25031432 0.10723654 0.29422426 0.07558945 0.14630950 0.09580201 0.08786298 0.05261658
0.94779174 0.01387585 0.00308761 0.01523958 0.06953809 0.24874820 0.11771884 0.29279554 0.07454973 0.13645762 0.09606688 0.09032545 0.04300408
0.94406626 0.01610121 0.00306448 0.01892107 0.06466631 0.25017980 0.10520134 0.28995159 0.08392387 0.14161899 0.10364947 0.09304289 0.04220660
0.94216732 0.01068646 0.00385100 0.01158838 0.07734315 0.25070130 0.11525774 0.29171412 0.08336795 0.13648415 0.10123656 0.08658610 0.03053054
0.93893151 0.01389227 0.00487149 0.01622890 0.07561515 0.25086973 0.10521544 0.29124461 0.07811001 0.13303000 0.10504387 0.09341358 0.03857524
0.93486075 0.01394803 0.00380431 0.01488210 0.07967611 0.25234668 0.11427266 0.29641659 0.08117807 0.13588801 0.09530001 0.08510106 0.03482223
0.93642648 0.01186424 0.00392519 0.01329158 0.06427167 0.25274949 0.11147582 0.29369259 0.08594256 0.14530137 0.10318950 0.08561887 0.03321102
0.93667301 0.01277463 0.00296815 0.01656575 0.06481460 0.25365248 0.11259803 0.29565527 0.08076746 0.14491280 0.10114832 0.09023453 0.03275140
0.91486700 0.00809909 0.00277808 0.00945649 0.03879066 0.25620024 0.11059708 0.29677197 0.07236326 0.14532710 0.10446237 0.08688755 0.03282918
0.91116827 0.00922673 0.00233262 0.01057057 0.06024607 0.25316455 0.12234531 0.29687497 0.07696837 0.14024916 0.09062476 0.08772364 0.04017862
0.91071669 0.00557155 0.00291478 0.00435305 0.05093587 0.25534670 0.11323294 0.29800163 0.07879776 0.14686672 0.09570178 0.08575777 0.04430899
0.90446258 0.00828035 0.00283244 0.01054478 0.07137773 0.25303120 0.10697322 0.30039887 0.07279445 0.14017829 0.09948384 0.08595498 0.04424762
0.89885404 0.01095275 0.00303189 0.01204900 0.07403604 0.25374007 0.11131773 0.29763991 0.07877373 0.12619231 0.09647627 0.09074009 0.03472903
0.88959217 0.01102054 0.00374325 0.00875207 0.07375833 0.25281716 0.11644853 0.29766453 0.09004807 0.11686804 0.09533457 0.09242927 0.03646571
0.88311478 0.00938478 0.00389536 0.00904797 0.07607580 0.25029909 0.11782957 0.29500221 0.08722152 0.12274909 0.10464067 0.09468245 0.03120675
0.88172677 0.01166379 0.00378630 0.00978646 0.06789813 0.24813403 0.11924025 0.29322901 0.08680742 0.13696727 0.09657390 0.08954032 0.03811029
0.89525168 0.01278340 0.00312709 0.01589657 0.07443688 0.25302764 0.10446203 0.29105740 0.07149514 0.14847581 0.09766452 0.08874427 0.03701162
0.90228964 0.00876464 0.00306557 0.01087108 0.06113689 0.24713530 0.10692565 0.29013588 0.07434425 0.15171240 0.09542065 0.08830672 0.04711875
0.90399029 0.00905582 0.00354230 0.00699081 0.04041493 0.25642042 0.10860689 0.29338866 0.08339197 0.14908551 0.09655439 0.09103765 0.03206193
0.89886778 0.00455868 0.00272332 0.00398911 0.03896593 0.25372661 0.10743037 0.29297510 0.08571510 0.13797818 0.10259613 0.08565060 0.04075535
0.89477584 0.01232457 0.00416565 0.01526708 0.05553744 0.25310001 0.10911259 0.29739939 0.08468430 0.12512788 0.10449508 0.08589260 0.03130076
0.88714230 0.00939749 0.00409178 0.01058685 0.05278036 0.25482489 0.11443893 0.30204454 0.08514297 0.12789810 0.10856072 0.08543873 0.04239533
0.87652937 0.00928113 0.00362488 0.01217418 0.04817066 0.25203100 0.11099906 0.30211750 0.08587278 0.14160469 0.09770095 0.08803436 0.04519325
0.86425170 0.00565711 0.00352607 0.00680949 0.04521155 0.25369978 0.11587996 0.30123041 0.07139606 0.14612620 0.09950114 0.08390957 0.04452239
0.85673934 0.00592604 0.00364379 0.00775204 0.05016316 0.25191473 0.11641535 0.29968663 0.07260605 0.14725996 0.08983973 0.08317420 0.05012266
0.86082985 0.00773680 0.00282411 0.00815401 0.04281710 0.24743311 0.11119357 0.29823476 0.07236667 0.14757935 0.09367751 0.08574091 0.04505045
0.86743152 0.00660414 0.00248329 0.00664574 0.03934745 0.24726631 0.11444049 0.29714132 0.06879222 0.14092259 0.10043384 0.08759330 0.04828815
0.85273824 0.00797123 0.00234375 0.00904968 0.07537477 0.24815396 0.11232805 0.29554874 0.07869943 0.12819999 0.09891818 0.08625845 0.04170179
0.84371978 0.00595251 0.00286176 0.00845618 0.05149866 0.24966409 0.11009600 0.29547672 0.08826094 0.11865989 0.10016285 0.09639538 0.06046110
0.83732309 0.00867738 0.00310846 0.01184504 0.04871156 0.24920339 0.11025650 0.29773065 0.08374545 0.12112200 0.10933032 0.08640208 0.04442046
0.83382760 0.00474127 0.00384336 0.00492803 0.06857420 0.24867278 0.12208381 0.29728058 0.07754485 0.13474819 0.09595465 0.08861280 0.04096088
0.83235930 0.00985931 0.00329508 0.01008703 0.05634522 0.24905801 0.11218317 0.29746975 0.06686740 0.14139624 0.09834379 0.08905861 0.05561697
0.83059673 0.00879245 0.00366643 0.00950615 0.07496162 0.25102902 0.11694465 0.29918720 0.06639778 0.14378239 0.08768012 0.08644124 0.03411218
0.82738707 0.00601132 0.00277453 0.00706280 0.04828717 0.25207392 0.11877921 0.29827463 0.06904003 0.14639288 0.09611633 0.08666921 0.04192405
0.81637522 0.00545629 0.00415255 0.00673953 0.04604395 0.25163495 0.11609669 0.30110734 0.08029893 0.13655136 0.09879586 0.08596825 0.03238754
0.80736706 0.00384139 0.00224876 0.00355400 0.01452079 0.25226437 0.12107842 0.29909629 0.07770725 0.12228663 0.09680664 0.09450789 0.04323006
0.80766834 0.00449455 0.00248099 0.00519810 0.04030189 0.25314541 0.10962209 0.30096445 0.07853806 0.12019410 0.09948912 0.08523416 0.04067711
0.80930193 0.00810988 0.00231667 0.00808977 0.03010800 0.25236900 0.11155471 0.30347037 0.08472496 0.11796297 0.09937876 0.08577992 0.03852378
0.80785033 0.01013388 0.00203333 0.01301809 0.05341395 0.25288170 0.11428599 0.30143133 0.07807276 0.12133160 0.09470323 0.08725350 0.03904924
0.80620356 0.01520859 0.00276823 0.01740921 0.06500327 0.25166650 0.10730484 0.30313944 0.06821391 0.13725795 0.09194495 0.08535503 0.03355633
0.79553708 0.01401242 0.00205200 0.01332731 0.07399662 0.25220624 0.11068471 0.30068133 0.06813505 0.14413915 0.08802432 0.08679865 0.03284097
0.79573162 0.01108528 0.00179652 0.01335540 0.08126545 0.25286986 0.11136346 0.29757503 0.06741991 0.14744391 0.08993471 0.08494551 0.03522678
0.79831428 0.00808834 0.00194610 0.00877897 0.04660710 0.25044039 0.11375277 0.29758469 0.07511707 0.13528900 0.09251730 0.08927204 0.05214756
0.79415269 0.01187551 0.00203530 0.00975310 0.06660499 0.25455427 0.11744589 0.29593285 0.08386751 0.12184815 0.09458088 0.09156124 0.03633258
0.78946988 0.00956730 0.00188015 0.01026484 0.05883855 0.25034635 0.11450245 0.29733490 0.08179880 0.11077125 0.10479425 0.08749159 0.04871620
0.81080177 0.00698176 0.00182649 0.00620241 0.04501581 0.25257729 0.12324868 0.29779566 0.07774537 0.11183998 0.10866616 0.08937895 0.04266834
0.79489450 0.00691807 0.00194986 0.00960887 0.04632557 0.24979061 0.11950832 0.29903794 0.07593078 0.13349784 0.09814219 0.08555954 0.03573444
0.79234516 0.00540614 0.00212547 0.00523401 0.04478899 0.24842886 0.11979577 0.30290288 0.07331408 0.13846417 0.08887807 0.08363787 0.03480382
0.78888482 0.00663667 0.00159522 0.00765347 0.03895986 0.24666096 0.11696253 0.30147788 0.06665436 0.14365177 0.09742311 0.08609450 0.03223341
0.78997853 0.00932797 0.00143525 0.01036127 0.07224168 0.24304787 0.11829806 0.30378247 0.07156879 0.13262557 0.09220171 0.08445036 0.03513585
0.78460477 0.00628928 0.00199931 0.00794422 0.02854074 0.24377069 0.12487136 0.30182700 0.07069724 0.13098296 0.09578777 0.08713178 0.04476528
0.78507647 0.00572281 0.00149794 0.00787675 0.03643689 0.24208086 0.12029317 0.30310359 0.07682781 0.11859466 0.10505594 0.08767072 0.03302352
0.78158642 0.00713994 0.00170558 0.00658767 0.04021614 0.23975582 0.12904303 0.30353342 0.07581684 0.11524427 0.10099202 0.09152361 0.03392365
0.78018899 0.01223813 0.00152479 0.01173734 0.04952711 0.24167229 0.12430530 0.30053965 0.07107350 0.11622968 0.10376714 0.09213310 0.04135981
0.78150265 0.00972094 0.00161697 0.01047431 0.04676688 0.24030041 0.12485534 0.30253518 0.07446776 0.11942643 0.09712589 0.08496007 0.03308721
0.78547592 0.01226767 0.00441667 0.01234602 0.08130164 0.24379904 0.11949236 0.30078643 0.07277232 0.12944702 0.08821335 0.08852407 0.04053893
0.78374721 0.00626343 0.00322375 0.00855849 0.05280917 0.24431526 0.11865417 0.30102143 0.06215214 0.13314522 0.09208605 0.08751641 0.03820844
0.78026353 0.00825231 0.00238674 0.00943703 0.03026491 0.24412308 0.12984238 0.30063909 0.06589489 0.12797333 0.08969323 0.09347102 0.04065750
0.77780332 0.01557197 0.00294181 0.01411436 0.05689471 0.24667799 0.12184133 0.29877196 0.06762333 0.12373769 0.09474720 0.09003217 0.03337637
0.77800411 0.00760244 0.00262080 0.00781271 0.04477970 0.24623155 0.12410832 0.29980264 0.07754394 0.10639125 0.09660109 0.09023101 0.03357287
0.77962259 0.00659105 0.00320707 0.00555150 0.04393219 0.24618404 0.12260945 0.29888283 0.08112069 0.11323057 0.09092557 0.09209476 0.04824431
0.77207243 0.00614311 0.00229742 0.00544402 0.05280893 0.24759255 0.11348875 0.30077037 0.08007745 0.11469818 0.09939711 0.08765593 0.04073729
0.77025833 0.00536352 0.00422621 0.00580099 0.04496876 0.24635012 0.11171745 0.30028835 0.06985252 0.12989397 0.09240476 0.09289199 0.03154899
0.77187542 0.01367867 0.00238658 0.01304506 0.04731615 0.24830732 0.11009347 0.30405265 0.06655868 0.13394489 0.08541749 0.08638627 0.04187827
0.76961950 0.00540752 0.00504524 0.00684100 0.06487207 0.24864724 0.10863551 0.30364514 0.06448379 0.14137180 0.09055845 0.08890736 0.04451739
0.76333577 0.00648606 0.00211588 0.00559640 0.04812320 0.25112013 0.12262573 0.30219479 0.07510792 0.13256586 0.08914274 0.08661215 0.03134453
0.76367168 0.00352042 0.00312916 0.00446076 0.03113194 0.25329835 0.11623611 0.30325471 0.07170010 0.12585394 0.09615706 0.08679737 0.03026414
0.77124964 0.01127388 0.00239028 0.01303180 0.05562473 0.25454071 0.11172382 0.30106037 0.06803299 0.11393630 0.09945257 0.09451594 0.03144575
0.76985285 0.00718764 0.00434543 0.00501808 0.05465423 0.25234917 0.11318722 0.29852251 0.07617731 0.11894306 0.09577521 0.08760022 0.03318064
0.77048039 0.00600347 0.00360896 0.00795648 0.05717454 0.25321969 0.11148519 0.30121392 0.07505796 0.11948834 0.09397006 0.09515517 0.03354549
0.76188091 0.00810451 0.00208741 0.00749825 0.06074379 0.25144639 0.11271284 0.29806236 0.07060791 0.12185436 0.10003542 0.09089648 0.03336893
0.75725141 0.00796773 0.00319431 0.00945491 0.05812225 0.24992635 0.12462889 0.30015703 0.06922723 0.13060334 0.09064611 0.08508227 0.03131239
0.75165867 0.00519298 0.00321957 0.00349165 0.03931154 0.24816273 0.11833490 0.30025135 0.07167535 0.13398423 0.09345405 0.08698345 0.02917733
0.73989451 0.00646623 0.00284844 0.00660387 0.03283231 0.24539832 0.11331202 0.30128993 0.07723394 0.13393047 0.09293623 0.08870649 0.03232706
0.73530280 0.00520244 0.00327000 0.00407584 0.05281012 0.24145250 0.11838540 0.30285030 0.07608624 0.13083327 0.08987232 0.08444170 0.03938115
0.72868907 0.01189890 0.00464673 0.01681414 0.03631285 0.24102702 0.11851852 0.30419285 0.06768775 0.12794527 0.09005819 0.08854876 0.03277861
0.72647440 0.00702468 0.00261237 0.00890156 0.06675260 0.23867521 0.12250892 0.30369991 0.07806788 0.12132626 0.09791817 0.08745176 0.04238426
0.72496545 0.00902576 0.00317918 0.01020168 0.07105177 0.23893154 0.12302265 0.30242965 0.07158334 0.11567791 0.09218585 0.09032841 0.04404580
0.72387790 0.00881387 0.00294190 0.00753908 0.05938616 0.23953404 0.11572591 0.30243673 0.07238878 0.11218516 0.09680765 0.08942016 0.03429358
0.70834176 0.01189539 0.00219519 0.01285927 0.06500397 0.23705588 0.12205426 0.30031970 0.07332968 0.12026587 0.09291312 0.08690988 0.03646237
0.70513155 0.01139273 0.00222858 0.00943302 0.05002775 0.23954737 0.11974700 0.30188086 0.08502774 0.12298387 0.09348364 0.09347230 0.03719174
0.69584248 0.01134120 0.00241748 0.01319694 0.05699496 0.24163790 0.11533423 0.30200721 0.06533999 0.12427860 0.10085754 0.08715445 0.03970939
0.68244836 0.01693533 0.00460473 0.01813200 0.06071287 0.24276144 0.12214562 0.30257881 0.06547738 0.12284737 0.08633343 0.08660120 0.04624089
0.67648827 0.01241440 0.00239326 0.01383375 0.06674228 0.24701361 0.11439136 0.30457753 0.07144586 0.12708860 0.09232276 0.09341002 0.03920875
0.67418628 0.00731540 0.00250115 0.00778486 0.06128156 0.25001072 0.12258720 0.30311477 0.07480490 0.12233612 0.08963565 0.08702648 0.04394307
0.67864233 0.01294486 0.00146418 0.01682352 0.05916951 0.24920660 0.11563915 0.30057881 0.06836918 0.11318508 0.09778366 0.08857675 0.03930473
0.67384019 0.00717213 0.00191913 0.00665763 0.07007295 0.25526921 0.11413895 0.30381542 0.06927719 0.11922806 0.09620259 0.08894004 0.04316078
0.66711978 0.00935976 0.00189825 0.00937594 0.06268957 0.25239787 0.11334988 0.30169508 0.07871453 0.12165420 0.09486884 0.09123543 0.03829456
0.66167335 0.00612133 0.00340371 0.00548371 0.07019126 0.25967926 0.11195593 0.30604577 0.07743258 0.12574429 0.08962678 0.08708348 0.03038364
0.65830205 0.00908150 0.00249328 0.00712984 0.05864960 0.25941352 0.10490393 0.30502346 0.08279052 0.12308068 0.09689114 0.08945166 0.03576230
0.65475681 0.01523893 0.00263248 0.01740134 0.06106783 0.26153262 0.11447704 0.30783233 0.06549989 0.11736374 0.08714061 0.08644213 0.03041775
0.64889684 0.01257834 0.00237245 0.01283809 0.04768687 0.26286374 0.11801602 0.30572801 0.06200087 0.11338523 0.09949894 0.08781896 0.04130712
0.64483320 0.01805240 0.00269310 0.01855521 0.05212342 0.25985484 0.12324618 0.30602374 0.06675901 0.11303743 0.09332730 0.08992730 0.03244830
0.64582890 0.00610190 0.00184295 0.00451459 0.04932986 0.25965795 0.11616613 0.30238945 0.06938198 0.11166229 0.09841722 0.08700109 0.05128242
0.64544086 0.00442194 0.00160329 0.00539247 0.02988170 0.25627673 0.12119921 0.30178900 0.07483043 0.11673728 0.08600698 0.08771583 0.03111160
0.64215173 0.00302140 0.00315504 0.00440075 0.00768075 0.25360357 0.12346292 0.30091626 0.06645493 0.12464819 0.09155203 0.08605303 0.03963887
0.63994475 0.01036492 0.00291804 0.01277281 0.05366281 0.25039002 0.11708842 0.30160571 0.06211943 0.13041843 0.08477831 0.08715998 0.03828650
0.64141016 0.01197923 0.00281356 0.01188963 0.04094044 0.24930850 0.12383479 0.30330290 0.06687714 0.12672690 0.08886051 0.08757827 0.03101044
0.63905714 0.00969023 0.00165031 0.00866445 0.04854888 0.24859802 0.11339229 0.30615680 0.07012406 0.12503584 0.09114648 0.08518497 0.03148064
0.64553508 0.00965179 0.00144611 0.01096781 0.04509524 0.24308123 0.11315916 0.30592685 0.07709620 0.12128668 0.09367998 0.08579857 0.03402435
0.64735277 0.01081019 0.00205536 0.01148976 0.05666271 0.24457825 0.12280576 0.30929902 0.07611840 0.11618043 0.09196480 0.08970260 0.04326659
0.64026191 0.01223217 0.00126693 0.01034983 0.06400913 0.24226098 0.11402616 0.30733696 0.06932887 0.11625453 0.09427182 0.08597198 0.03472672
0.63663624 0.01034319 0.00164632 0.01076265 0.03383112 0.24413917 0.12403537 0.30844963 0.07852337 0.12008731 0.09423697 0.08378706 0.04100789
0.64325879 0.00659494 0.00127654 0.00712374 0.03199075 0.24266465 0.11821353 0.30632406 0.06561265 0.12093761 0.09791139 0.09213385 0.03504400
0.63891343 0.00789229 0.00137384 0.00579003 0.05689582 0.24377260 0.11860488 0.30730244 0.07830440 0.11803055 0.09095587 0.09018012 0.03842207
0.63056430 0.00999680 0.00157786 0.01039189 0.06381412 0.24466948 0.12186006 0.30838912 0.06742633 0.11537598 0.09334643 0.08909847 0.03724741
0.62927340 0.01204204 0.00213043 0.01042605 0.06977642 0.24844109 0.12231548 0.30524381 0.06995912 0.10629341 0.09452567 0.08943638 0.03279957
0.62689426 0.00957937 0.00185849 0.01014208 0.03931878 0.24531793 0.11776472 0.30788455 0.07545484 0.10763199 0.09063313 0.08680996 0.04972748
0.61723639 0.00785609 0.00227229 0.00737301 0.04487421 0.25056829 0.12152410 0.30614357 0.06880112 0.11291481 0.09130121 0.09239562 0.04036133
0.60230151 0.00452532 0.00306091 0.00671799 0.06560692 0.24944242 0.11618429 0.30585407 0.05823073 0.11757794 0.09170382 0.08681638 0.04055001
0.58577627 0.01432072 0.00350146 0.01522683 0.04421880 0.25331397 0.11659275 0.30458670 0.06403879 0.11944409 0.08116160 0.08670141 0.04807377
0.58141505 0.00726640 0.00297690 0.00760164 0.04471941 0.25337760 0.11666019 0.30236439 0.06297375 0.12160356 0.08862324 0.09215116 0.03860882
0.57409345 0.01059592 0.00461609 0.01511490 0.05694613 0.25420352 0.11375784 0.30251304 0.06139939 0.11909820 0.08991267 0.08631058 0.03198447
0.57633973 0.00950249 0.00239581 0.01244851 0.04859662 0.25654722 0.11353584 0.30182690 0.06442970 0.10902545 0.08488341 0.08798990 0.03991454
0.56060555 0.00757995 0.00234632 0.00956845 0.05717135 0.25778996 0.11025838 0.30554371 0.06409416 0.10675377 0.09475547 0.08848639 0.03362131
0.56329588 0.01011033 0.00241703 0.01193334 0.05649724 0.25508974 0.10741876 0.30699421 0.06965432 0.11666333 0.08765720 0.08375859 0.05263275
0.56689709 0.01548738 0.00214910 0.01552938 0.04880548 0.25835053 0.10525056 0.30717573 0.07457137 0.11130052 0.08678552 0.09479802 0.05445486
0.56406033 0.00585548 0.00266111 0.00805943 0.04137562 0.25653608 0.10211678 0.30857759 0.06054467 0.12982239 0.08759190 0.08771832 0.03107902
0.56289762 0.01147609 0.00247380 0.01343153 0.03402721 0.25794311 0.10498282 0.30571326 0.06342708 0.13064772 0.08057691 0.08947501 0.04516589
0.55597839 0.00569796 0.00185453 0.00468995 0.05507544 0.25996362 0.11422817 0.30517934 0.06628841 0.12207363 0.08066785 0.08596180 0.04181808
0.55014936 0.00711133 0.00207880 0.00660226 0.03519203 0.25636788 0.10546919 0.30410048 0.05975412 0.11547648 0.09585837 0.09002019 0.03203663
0.54762543 0.00925439 0.00279531 0.00778867 0.02674557 0.25445257 0.11115334 0.30269586 0.07001216 0.10456024 0.09209418 0.08918939 0.03415342
0.54197621 0.00950348 0.00306923 0.00953428 0.02744000 0.24937323 0.11828340 0.30163576 0.07064531 0.09881975 0.09092309 0.08864177 0.03805647
0.54246180 0.00736124 0.00452585 0.00824932 0.02593104 0.24994368 0.11565580 0.30393584 0.06825653 0.10907411 0.09419683 0.08873143 0.03811968
0.54570812 0.00558544 0.00412093 0.00381410 0.02302894 0.24471164 0.12166941 0.30326129 0.06389177 0.11813455 0.08473341 0.08702031 0.03840558
0.54478967 0.00483867 0.00174992 0.00423964 0.02681188 0.24340957 0.12239566 0.30530537 0.06212673 0.12382240 0.08892111 0.08532455 0.03036287
0.54300584 0.00361208 0.00176692 0.00082291 0.03061417 0.23911348 0.11147577 0.30547824 0.05814246 0.12508833 0.09440885 0.08554236 0.03509067
0.53016578 0.00330964 0.00171874 0.00238217 0.03166317 0.23850246 0.12335199 0.30574202 0.06613235 0.11957561 0.08271833 0.08560302 0.03098465
0.52368459 0.01149570 0.00180836 0.00907959 0.05906176 0.23906904 0.11507357 0.30566730 0.06391643 0.10920425 0.09510153 0.09265403 0.03504690
0.51451204 0.00967111 0.00225093 0.00999833 0.04607489 0.23968220 0.12377087 0.30731413 0.06793825 0.10700744 0.08999811 0.08744218 0.03056635
0.51455872 0.00296190 0.00204443 0.00246932 0.03359308 0.23739130 0.11797840 0.30615776 0.06895610 0.11353024 0.08835361 0.08840599 0.03605930
0.51020971 0.00326151 0.00237497 0.00582627 0.05138433 0.24402291 0.12028266 0.30640183 0.06190788 0.11912879 0.09175376 0.08812563 0.04709381
0.50863997 0.00780338 0.00210781 0.00601783 0.03339881 0.24427903 0.10941888 0.30815603 0.06781330 0.11870785 0.08799704 0.08377137 0.04537520
0.51908722 0.01212629 0.00292646 0.01280616 0.05609239 0.24490026 0.11055671 0.30647146 0.06558388 0.12229497 0.09284158 0.08585777 0.03418857
0.51659225 0.01344819 0.00204214 0.01513217 0.04367321 0.24699877 0.11357311 0.30790305 0.06521629 0.11803830 0.08877006 0.08564043 0.03890600
0.51294644 0.01185075 0.00174796 0.01307027 0.03883775 0.24727076 0.12340655 0.30501097 0.06371366 0.11039929 0.08262780 0.08896205 0.04090975
0.51072003 0.00879234 0.00186655 0.01218501 0.05948551 0.24798735 0.11307571 0.30324867 0.06697087 0.10968757 0.09009157 0.08528808 0.04155590
0.50858009 0.00615823 0.00168060 0.00963449 0.05784444 0.24855748 0.11001972 0.30467383 0.06939383 0.10665374 0.08928457 0.09252945 0.05838295
0.50523401 0.00777831 0.00182665 0.01003961 0.06708784 0.24846561 0.10292791 0.30200565 0.06494914 0.11010399 0.08973289 0.08843682 0.04564374
0.50483273 0.01373667 0.00193982 0.01516682 0.05670995 0.24989536 0.11531477 0.30426143 0.06786234 0.11243673 0.09644128 0.09146925 0.05525634
0.50237711 0.00582886 0.00396127 0.00602888 0.04360034 0.24892946 0.11821506 0.30466280 0.06267050 0.12345791 0.08015591 0.08451350 0.03530928
0.50281639 0.00439639 0.00505504 0.00487853 0.02921611 0.25265887 0.10952856 0.30605569 0.05913757 0.12628226 0.08320006 0.09735726 0.03990927
0.50090107 0.01327770 0.00235812 0.01446442 0.04893924 0.24954131 0.10183314 0.30485376 0.06290653 0.12050793 0.08320692 0.08477384 0.03472891
0.49792724 0.00449883 0.00222131 0.00468559 0.03179227 0.25088544 0.10238217 0.30417000 0.06384919 0.12216153 0.09017319 0.08427443 0.03705273
0.49512669 0.01026094 0.00254661 0.01028040 0.05225348 0.25064426 0.11425192 0.30415676 0.07164996 0.11593080 0.08772639 0.08857018 0.02821261
0.49311074 0.00655054 0.00236635 0.00413492 0.04230265 0.24906020 0.10931066 0.30413520 0.07304818 0.11429853 0.09644205 0.08733230 0.03062286
0.49419824 0.00781796 0.00228399 0.01142653 0.06819139 0.24924642 0.11202139 0.30420539 0.06856940 0.11200637 0.08781321 0.09052725 0.03143912
0.49242997 0.00622422 0.00258018 0.00700195 0.05075159 0.24582373 0.11051740 0.30316777 0.06566398 0.11666173 0.09074713 0.08942136 0.05048054
0.49392706 0.00581619 0.00194990 0.00943728 0.05443595 0.24372203 0.10866016 0.30419933 0.06489885 0.11762257 0.08945055 0.09181215 0.03905762
0.49259974 0.00815396 0.00266361 0.00649767 0.06012108 0.24567965 0.10987990 0.30358855 0.06141436 0.11895930 0.08438818 0.08384789 0.04046791
0.48890175 0.00980256 0.00172173 0.00805189 0.04331973 0.24206585 0.11147505 0.30492272 0.06647486 0.11772678 0.08361984 0.09347843 0.03428987
0.48320308 0.00767788 0.00161838 0.01018081 0.06244361 0.24176267 0.11019960 0.30860809 0.06434056 0.11907851 0.09057130 0.08652785 0.03245426
0.48384780 0.00512118 0.00141120 0.00759326 0.05289891 0.23692472 0.10954453 0.30615972 0.06653262 0.11544489 0.08537839 0.08865453 0.04409619
0.48217391 0.00905584 0.00144674 0.01301592 0.05581688 0.23595842 0.10716854 0.30643244 0.06266832 0.11497842 0.09176030 0.08366925 0.04189948
0.48105596 0.01377234 0.00158732 0.01593460 0.06249441 0.23232823 0.11409703 0.30708237 0.06961103 0.11058448 0.09429651 0.08994595 0.03430744
0.47922634 0.00473361 0.00156537 0.00482242 0.05837251 0.23456562 0.11713535 0.30620938 0.06822210 0.11327326 0.09324600 0.08896540 0.03035266
0.47738805 0.00656763 0.00183142 0.00576217 0.05010879 0.23309752 0.11207745 0.30743825 0.06290960 0.11770769 0.09376002 0.09103103 0.03235100
0.47440814 0.00943145 0.00258433 0.00798498 0.03369218 0.23653777 0.11320249 0.30518434 0.06153490 0.12032525 0.08674717 0.08830373 0.03851452
0.46942820 0.01050561 0.00175059 0.00932370 0.01543301 0.23682481 0.11545838 0.30836499 0.05868925 0.12216958 0.10122555 0.08686039 0.04157007
0.46681000 0.00579115 0.00292120 0.00709318 0.03663063 0.24035553 0.11159540 0.30785624 0.05876963 0.12259412 0.08534718 0.08405129 0.03817977
0.46312210 0.00641646 0.00162989 0.00675973 0.04899119 0.23926308 0.11387610 0.30797153 0.06418483 0.11895203 0.08546169 0.08545084 0.03992091
0.45473548 0.01851773 0.00426306 0.01838925 0.02956779 0.24618441 0.11677521 0.30691768 0.06441400 0.11870721 0.09507088 0.08580971 0.05111589
0.45420299 0.00663009 0.00198114 0.00644222 0.03641958 0.24984699 0.12274912 0.30772460 0.06941236 0.10566167 0.08815430 0.08693920 0.04359333
0.45086216 0.00871807 0.00146258 0.00768089 0.02822230 0.24874532 0.10659747 0.30433263 0.06739630 0.09752259 0.09548503 0.08743237 0.04575612
0.45538088 0.00762168 0.00182412 0.00977001 0.05864640 0.24929793 0.11030447 0.30569584 0.06096407 0.10111904 0.09419784 0.09365058 0.04066544
0.45426523 0.00908659 0.00165406 0.00716061 0.06333251 0.24989799 0.10983857 0.30478062 0.06599879 0.11084829 0.08528337 0.08985797 0.03630348
0.45584901 0.00887414 0.00178474 0.00999763 0.05490441 0.25203754 0.10872113 0.30753751 0.06302618 0.12235273 0.08198492 0.08561295 0.04628162
0.45505830 0.01277765 0.00186241 0.01089452 0.03563147 0.25111247 0.10809004 0.30808008 0.06212420 0.11478724 0.08625533 0.09074371 0.03382240
0.45441200 0.00543990 0.00180195 0.00514382 0.03036342 0.25262452 0.11581458 0.30875013 0.06286490 0.11577165 0.08744037 0.08733920 0.03656036
0.45351777 0.00349289 0.00117561 0.00242048 0.02197061 0.24919840 0.11528606 0.30799927 0.06377177 0.11275370 0.09207496 0.08701346 0.02997710
0.45208908 0.00611013 0.00092982 0.00876818 0.02144315 0.25174151 0.11585517 0.30708503 0.06412599 0.10622885 0.08947765 0.08313420 0.02845132
0.45107179 0.00273849 0.00101965 0.00168823 0.00457486 0.24554736 0.11271149 0.30601338 0.07282826 0.09555184 0.08791314 0.08965448 0.03100565
0.44967009 0.00559480 0.00403012 0.00909090 0.04144645 0.24825518 0.10908147 0.30541392 0.06350468 0.10773695 0.09275742 0.09307265 0.05423829
0.44899217 0.00440899 0.00113535 0.00411565 0.03480745 0.24285089 0.10898226 0.30468472 0.06201975 0.11779119 0.09554831 0.08943787 0.03137457
0.44670951 0.00671337 0.00112506 0.01159677 0.03478824 0.24582581 0.10939284 0.30412240 0.06007462 0.12322626 0.08034141 0.08628623 0.03358822
0.44697102 0.00240289 0.00120564 0.00358005 0.00453077 0.24107567 0.10589972 0.30608277 0.05919628 0.11591033 0.08564770 0.08663202 0.04739313
0.44598370 0.00203539 0.00195413 0.00225130 0.03457620 0.24128726 0.10922983 0.30768362 0.06264834 0.11114805 0.08421913 0.08423674 0.02947714
0.44463632 0.01199752 0.00151051 0.01160236 0.01922895 0.23848124 0.10773087 0.30877457 0.08157219 0.09971667 0.09292477 0.08769205 0.02702964
0.44152339 0.00532306 0.00459967 0.00319331 0.01938346 0.23923825 0.10591795 0.30952088 0.07469568 0.09867179 0.09597902 0.09115701 0.02960935
0.44182684 0.00494005 0.00210500 0.00565623 0.03003208 0.23491668 0.10415255 0.30789809 0.07354562 0.10738589 0.08998203 0.08659755 0.02900653
0.44032185 0.00815648 0.00223188 0.00936414 0.02122223 0.23718765 0.11129749 0.30914786 0.06375516 0.11558741 0.08700225 0.08578568 0.02997947
0.43961989 0.00377686 0.00215247 0.00394064 0.07339683 0.23964638 0.11308726 0.30859523 0.05635498 0.12393825 0.08446802 0.09075797 0.02748646
0.43904842 0.00350371 0.00204761 0.00207804 0.03670914 0.24137329 0.11903976 0.30775918 0.05666253 0.12524846 0.08418955 0.08868478 0.03057945
0.43848025 0.00352579 0.00172182 0.00598539 0.04300501 0.24158721 0.11699933 0.31066094 0.06420366 0.11107840 0.09250584 0.08616225 0.02921861
0.43833839 0.01014682 0.00130747 0.00838628 0.05426745 0.24531327 0.11534556 0.30821221 0.07104805 0.09434617 0.08921791 0.08790549 0.03201690
0.43577725 0.00384841 0.00133320 0.00652477 0.04114762 0.24614390 0.11473382 0.30925717 0.07089955 0.09134862 0.09354041 0.08535811 0.04536454
0.43474321 0.01245296 0.00144871 0.01259274 0.02459375 0.24866510 0.11677528 0.30786841 0.06269896 0.10189555 0.09867123 0.08682848 0.04426378
0.43588023 0.00554998 0.00140117 0.00413369 0.04898375 0.25007049 0.11910621 0.30845288 0.05946361 0.11126333 0.07925583 0.08544947 0.03767812
0.43571758 0.01077477 0.00305791 0.00857513 0.01765862 0.25034737 0.11518708 0.30601582 0.05393419 0.11540134 0.08826022 0.08455242 0.03502887
0.43336378 0.00219487 0.00160260 0.00228380 0.00436847 0.25331542 0.11663917 0.30543398 0.05886678 0.11960120 0.08712172 0.08700246 0.03391827
0.43150387 0.00487009 0.00123047 0.00741967 0.02691158 0.25213879 0.11965218 0.30535995 0.06029345 0.11191463 0.08486482 0.08822770 0.02946801
0.42991319 0.00714560 0.00090438 0.00749712 0.04915152 0.25398945 0.11371715 0.30640354 0.06193830 0.10098157 0.09188494 0.08635930 0.03001649
0.42910571 0.00505540 0.00088380 0.00969108 0.05001576 0.25445792 0.11432955 0.31005766 0.06949458 0.09046828 0.09535481 0.08804930 0.02969365
0.42787944 0.00422784 0.00169920 0.00466858 0.02521991 0.25714790 0.11668148 0.30920093 0.07951062 0.09310133 0.08898067 0.08638347 0.03968232
0.42750507 0.00351958 0.00109942 0.00626431 0.02402256 0.25492204 0.10984360 0.31104912 0.06227504 0.09985645 0.09039283 0.08909806 0.05249813
0.42637368 0.01163848 0.00085440 0.01175778 0.03317743 0.25465619 0.10935611 0.30996563 0.05705228 0.10983844 0.08356219 0.08331618 0.04477376
0.42624621 0.00810924 0.00090391 0.01188069 0.03858254 0.25271439 0.10951156 0.30833194 0.05758856 0.11808183 0.07998909 0.08596033 0.04711847
0.42477973 0.00339575 0.00169279 0.00360139 0.00442812 0.25194783 0.11765254 0.30757587 0.05849198 0.12542047 0.07973875 0.08497047 0.04111740
0.42451769 0.00455914 0.00177467 0.00188198 0.03156773 0.25214810 0.10814706 0.30810272 0.06949076 0.11462437 0.08399317 0.08878019 0.03274256
0.42365712 0.00308611 0.00094529 0.00177744 0.00376923 0.24928256 0.11079484 0.30466812 0.07087782 0.10134351 0.09007821 0.08674841 0.02923107
0.42212676 0.00218529 0.00178589 0.00090922 0.00140561 0.24906319 0.10846925 0.30702329 0.06828243 0.09602305 0.09475683 0.08649470 0.03137493
0.42489688 0.00268548 0.00097949 0.00064565 0.03811635 0.24498096 0.11016083 0.30687466 0.06657389 0.09451422 0.09283467 0.08724090 0.02847485
0.42498024 0.01208582 0.00102097 0.01177913 0.03661590 0.24562620 0.10918251 0.30736551 0.06561542 0.09976047 0.08430129 0.08649708 0.02978700
0.42498897 0.00885713 0.00092702 0.00855725 0.03000977 0.24300161 0.10667206 0.30838669 0.05916137 0.10825546 0.08855360 0.08393744 0.03730498
0.42745929 0.00470138 0.00220462 0.00619044 0.03344855 0.24200565 0.11001390 0.30860982 0.05715008 0.12203993 0.07682391 0.08489395 0.02793416
0.42593541 0.00478469 0.00173946 0.00393186 0.00857788 0.24073913 0.10864028 0.30864980 0.06700333 0.12103556 0.08188500 0.08215856 0.03096973
0.42438824 0.00855786 0.00112881 0.01110323 0.06147158 0.24016774 0.10480771 0.30964199 0.06104879 0.10928212 0.08065789 0.08622710 0.03506475
0.42410366 0.00461057 0.00133733 0.00363233 0.05819371 0.24112907 0.11088048 0.30991649 0.06032012 0.09984311 0.08485835 0.08778485 0.03489666
0.42226570 0.00680534 0.00152286 0.00797695 0.04490208 0.24229685 0.10751742 0.31102195 0.07062479 0.09988645 0.09149733 0.08660969 0.02789336
0.42151634 0.00313213 0.00280419 0.00212774 0.02987722 0.24733248 0.10680050 0.30994707 0.07218223 0.09867350 0.09772909 0.08725845 0.03244035
0.42051026 0.00542817 0.00244402 0.00791932 0.04471743 0.24710257 0.11180729 0.30951230 0.06584735 0.09949166 0.08829455 0.08774664 0.04309534
0.42042506 0.00409344 0.00298728 0.00444938 0.04120371 0.24806055 0.11319500 0.30981530 0.06022182 0.10784064 0.09209509 0.09094306 0.06349426
0.42128302 0.00488248 0.00342514 0.00862104 0.03527483 0.25125143 0.11824269 0.30891812 0.06419089 0.11244299 0.08259538 0.08831401 0.05450710
0.42245122 0.00307079 0.00280486 0.00411742 0.00433147 0.25067281 0.11757535 0.30602403 0.05528194 0.10936812 0.08719225 0.09172968 0.03986045
0.41462480 0.00361155 0.00207794 0.00507200 0.00621134 0.25236055 0.10921016 0.30505535 0.05591213 0.10511748 0.08281691 0.08848662 0.04002711
0.41461379 0.00213418 0.00242679 0.00159326 0.00149449 0.25145513 0.10880993 0.30390672 0.05748842 0.09660353 0.08541811 0.08848520 0.03560998
0.41398935 0.00239732 0.00175901 0.00512631 0.00656864 0.25216053 0.11124177 0.30281937 0.06809301 0.09191977 0.08136688 0.08555326 0.04561994
0.41281026 0.01049534 0.00123416 0.01270562 0.04151318 0.25305133 0.10532325 0.30564762 0.05641652 0.09110978 0.09253849 0.08841743 0.03878457
0.41154228 0.00532771 0.00166947 0.00484494 0.02069488 0.24932842 0.10766436 0.30522848 0.05778955 0.09478869 0.07952696 0.08348336 0.02693600
0.41160733 0.00587522 0.00126972 0.00849015 0.03438364 0.25184438 0.10664332 0.30761202 0.05481989 0.09853594 0.07590274 0.08990006 0.02994034
0.40776051 0.00354139 0.00164809 0.00499266 0.03667239 0.25041660 0.10095349 0.30737328 0.05297052 0.10446114 0.08828469 0.08561251 0.02750482
0.40612827 0.00449460 0.00404979 0.00597019 0.03079168 0.24857240 0.10725004 0.30699685 0.05696089 0.11305753 0.07716295 0.08593076 0.02949742
0.40527205 0.00332451 0.00193139 0.00101822 0.00346095 0.24992494 0.11009289 0.30818641 0.05785246 0.10241084 0.08020787 0.08379347 0.02756730
0.40891668 0.01157131 0.00124891 0.01310824 0.04033186 0.25127997 0.10595086 0.30775037 0.05820851 0.09556242 0.08710791 0.08775719 0.02797485
0.40832426 0.00314253 0.00353882 0.00177420 0.02950354 0.24729348 0.11554113 0.30782878 0.06559006 0.09685140 0.07648670 0.08693691 0.02635282
0.39578219 0.00478326 0.00118089 0.00688695 0.05501705 0.24772219 0.10563775 0.30793498 0.06277220 0.09701919 0.08978702 0.09249325 0.02683504
0.39839649 0.01389773 0.00109979 0.01396417 0.03387373 0.24317597 0.10560382 0.30727135 0.06939695 0.10040588 0.08380105 0.08529270 0.02794958
0.40055242 0.00506917 0.00159901 0.00347127 0.03553764 0.24152598 0.10641754 0.30620271 0.06912586 0.10689651 0.07800188 0.08469871 0.03253439
0.39804023 0.01063411 0.00178065 0.01283969 0.03630012 0.23997140 0.10277232 0.30656106 0.07103969 0.11784860 0.08086999 0.08783582 0.02677041
0.39609297 0.00750655 0.00144387 0.00674878 0.04517340 0.23954189 0.11024874 0.30652428 0.05766738 0.10171298 0.08230202 0.09068603 0.04649265
0.39863353 0.01270589 0.00138248 0.01124784 0.04612661 0.23902564 0.10473311 0.30791620 0.06478866 0.09464550 0.08040115 0.08727959 0.02971494
0.39892132 0.00999262 0.00080619 0.00936401 0.03857546 0.24177858 0.10059106 0.30822611 0.07090417 0.09073362 0.09138460 0.08571673 0.03515804
0.39719949 0.00856763 0.00108003 0.00715953 0.04795220 0.24281170 0.11887546 0.30920918 0.06805918 0.08941863 0.07973701 0.08824213 0.02746354
0.39788800 0.00513657 0.00091969 0.00083461 0.00538558 0.24328354 0.10511298 0.31129605 0.06474112 0.09464081 0.08892603 0.08543871 0.02815082
0.39560272 0.00859230 0.00113107 0.00844374 0.03869225 0.24744898 0.10750134 0.31058240 0.05242877 0.10795279 0.08461603 0.08695484 0.02679687
0.39209571 0.00411100 0.00093786 0.00152466 0.02497422 0.24746052 0.11612735 0.31104694 0.05580926 0.11655909 0.07929905 0.08429995 0.03024296
0.39061202 0.00956418 0.00111723 0.01022398 0.02979866 0.24841059 0.11365308 0.31064283 0.05752259 0.11799749 0.07955648 0.08581081 0.02965493
0.39129224 0.00422641 0.00097247 0.00649896 0.03617648 0.24917573 0.10426911 0.30970107 0.06351962 0.10835104 0.08385845 0.08660714 0.03664410
0.39543644 0.00287888 0.00204378 0.00178781 0.00437017 0.24846300 0.11126543 0.30969619 0.06318637 0.10041715 0.08974910 0.08652921 0.03100637
0.39352863 0.00259866 0.00201376 0.00233724 0.03578916 0.24804767 0.11077523 0.30809396 0.06608655 0.09631859 0.09757300 0.08719580 0.03626329
0.39136083 0.00863811 0.00256053 0.01004872 0.03801238 0.24541513 0.10854692 0.30752167 0.06963605 0.10612528 0.09233630 0.08965161 0.02796022
0.39332071 0.00259369 0.00182331 0.00331261 0.02638595 0.24423058 0.11064999 0.30619912 0.06433223 0.11359542 0.08761813 0.08676986 0.02795201
0.39303964 0.01117816 0.00121475 0.01122426 0.04519356 0.24604930 0.10351111 0.30817254 0.06032155 0.11740748 0.08823903 0.08534724 0.04308663
0.39152736 0.01125988 0.00149511 0.01248267 0.03357509 0.24148837 0.11128076 0.30925527 0.06119944 0.12335944 0.08692490 0.08706751 0.04616997
0.38784232 0.00355797 0.00140833 0.00389282 0.00427872 0.24404375 0.11600909 0.31074722 0.06035785 0.11883117 0.08684477 0.08414970 0.04607805
0.38637939 0.01322768 0.00137506 0.01520076 0.05643210 0.24623953 0.10618543 0.31388259 0.06659123 0.10972136 0.08866217 0.08871450 0.03229384
0.38647994 0.00793849 0.00444585 0.01036644 0.03678234 0.24733422 0.10411091 0.31307037 0.06896868 0.10927041 0.08174929 0.08514929 0.04417150
0.38143527 0.00805719 0.00158726 0.00648013 0.03489547 0.24512339 0.11650873 0.31272063 0.06200746 0.10750303 0.08993558 0.08471653 0.02737344
0.38114920 0.00239996 0.00143508 0.00093601 0.03181119 0.24838897 0.10371844 0.31073409 0.06348278 0.10359062 0.09800055 0.08328447 0.03095029
0.38174679 0.01002850 0.00113686 0.01207640 0.04554853 0.24447488 0.10181158 0.31087952 0.06704845 0.10656284 0.08194909 0.08605585 0.02465984
0.38041599 0.00871266 0.00168440 0.00794964 0.03784298 0.24741244 0.09651574 0.30965405 0.06067686 0.11096101 0.08483088 0.08506481 0.02907936
0.37979491 0.00794976 0.00107844 0.00665223 0.02408837 0.24826878 0.09874354 0.30872457 0.06113048 0.12365992 0.07773854 0.08536610 0.02732378
0.37916057 0.00359060 0.00136456 0.00680192 0.05774724 0.24651585 0.09748717 0.30717032 0.05945465 0.12042103 0.08030942 0.08301750 0.02452424
0.37871122 0.00356281 0.00159463 0.00332102 0.03316805 0.24548015 0.09725058 0.30787654 0.05958155 0.11074830 0.08996482 0.08581761 0.02619345
0.37793931 0.00532988 0.00099709 0.00705651 0.04527298 0.24531795 0.10110099 0.30707407 0.06587076 0.10190913 0.08848973 0.08788681 0.02561175
0.37803495 0.00658514 0.00078229 0.00677791 0.04968883 0.24662754 0.10168339 0.30915111 0.06828829 0.10008736 0.08665008 0.08454949 0.02576873
0.37824654 0.00507811 0.00393863 0.00294834 0.03164096 0.24577257 0.09564793 0.30824874 0.06620297 0.10771900 0.09151582 0.08981233 0.02980851
0.37802865 0.00511138 0.00131763 0.00470419 0.03915596 0.24620619 0.10213270 0.31099674 0.06151029 0.11525348 0.09060076 0.08407421 0.03326831
0.37775242 0.00566577 0.00106146 0.00488203 0.01994685 0.24690569 0.09886047 0.31045529 0.06204260 0.12177960 0.08473055 0.08446905 0.04014451
0.37683613 0.00389114 0.00103100 0.00650844 0.03944037 0.24616377 0.10675140 0.31227433 0.06275747 0.12321240 0.08067677 0.08445890 0.03140147
0.37653374 0.00258750 0.00186625 0.00345525 0.02354259 0.24812068 0.10962851 0.31235928 0.05824442 0.11862401 0.08572858 0.08704378 0.02656460
0.37562357 0.00610956 0.00194425 0.00538448 0.02692318 0.24711768 0.11500665 0.31180987 0.06257557 0.11052231 0.08946529 0.08520486 0.02770132
0.36988340 0.00289980 0.00137738 0.00152009 0.02361858 0.25026992 0.11050933 0.31199657 0.06666961 0.10388330 0.09557959 0.08836407 0.03000152
0.36924195 0.00434679 0.00231530 0.00487536 0.02870320 0.24904219 0.11524576 0.30982706 0.06573694 0.10911146 0.09271786 0.08644313 0.02840418
0.36857311 0.00227492 0.00152606 0.00161823 0.00422091 0.24840679 0.10866348 0.30933004 0.06295878 0.11507261 0.09825549 0.08585849 0.03282413
0.36792738 0.00159953 0.00129833 0.00107726 0.00377939 0.24770796 0.11321095 0.30778525 0.05966332 0.11845547 0.08642362 0.08204332 0.02885459
0.36820823 0.00935297 0.00086507 0.01103563 0.03089131 0.24684370 0.12036294 0.30753058 0.05683629 0.11853995 0.08979720 0.08849895 0.03336339
0.36826993 0.00369784 0.00158649 0.00345455 0.02118270 0.24978875 0.11418731 0.30774364 0.05890567 0.12066646 0.08507365 0.08380477 0.05378317
0.36764928 0.01060246 0.00137328 0.00860050 0.04347598 0.24658060 0.11438660 0.30809773 0.05990069 0.11225465 0.08568202 0.08870578 0.03090818
0.36740131 0.00866638 0.00182354 0.01052906 0.04575070 0.24744985 0.11126106 0.30964378 0.06791434 0.10551896 0.08423113 0.08555103 0.03141118
0.36700423 0.00666106 0.00414833 0.00518227 0.04576246 0.24615430 0.10313488 0.31141311 0.06859617 0.09859249 0.09576228 0.09185318 0.02996121
0.36687031 0.00575761 0.00139547 0.00757067 0.05926963 0.24664680 0.10602231 0.31312161 0.07268203 0.09665251 0.08749154 0.08748342 0.02893356
0.36181962 0.00689671 0.00155457 0.00936747 0.05105294 0.24431953 0.11097472 0.31163299 0.06113540 0.09383650 0.08972155 0.08343245 0.03715365
0.36459168 0.00941331 0.00149246 0.00836229 0.04851755 0.24702617 0.10895751 0.31212610 0.06390755 0.10400243 0.08041393 0.08489658 0.03051947
0.37016423 0.00479187 0.00154298 0.00612834 0.04322235 0.24482450 0.11146621 0.31017964 0.05511038 0.11437329 0.08973323 0.08501045 0.02523665
0.35699354 0.00750384 0.00231002 0.00664085 0.05465722 0.24803785 0.09845036 0.30922515 0.05800754 0.11453734 0.08097150 0.08590618 0.03151991
0.34649999 0.00950582 0.00215833 0.00871776 0.04844408 0.24528668 0.09483848 0.30957096 0.07565963 0.10826349 0.07807502 0.08781161 0.04384792
0.36417832 0.00439578 0.00166295 0.00190536 0.01597153 0.24984841 0.09650362 0.30717021 0.06957367 0.10094599 0.07981165 0.08708403 0.02736244
0.36994710 0.00567466 0.00129002 0.00659754 0.03124781 0.24582069 0.09859815 0.30691277 0.06092342 0.10087822 0.08934588 0.08518703 0.03374736
0.36944310 0.01049754 0.00238602 0.01003812 0.02177588 0.24745639 0.09281758 0.30589878 0.06096996 0.09900014 0.08409859 0.08464200 0.02781653
0.36902517 0.00598587 0.00127737 0.00651709 0.04976649 0.24472559 0.09915631 0.30654166 0.05676329 0.10391288 0.07912786 0.08389255 0.03429852
0.36862947 0.00525766 0.00104382 0.00622612 0.03359187 0.24690892 0.09491336 0.30795798 0.05982802 0.10889634 0.08406461 0.08481883 0.02935443
0.36639918 0.01248869 0.00221592 0.01379523 0.03378233 0.24513320 0.09899389 0.30839765 0.06626548 0.11469470 0.08144571 0.08413792 0.02546966
0.32758876 0.00994822 0.00472134 0.00897983 0.03606091 0.24626246 0.10049346 0.30947364 0.06124128 0.11730999 0.08025763 0.08952868 0.02983246
0.31293615 0.00540029 0.00308177 0.00496534 0.04352552 0.24769065 0.10797897 0.31150525 0.05560179 0.11463575 0.07943028 0.08868657 0.02579663
0.30998411 0.01167338 0.00197994 0.01018253 0.02475848 0.24952755 0.10595589 0.31166036 0.06625814 0.10049956 0.08701605 0.08575446 0.02794591
0.31965405 0.00491469 0.00159507 0.00477105 0.02830255 0.24887179 0.11436522 0.31380095 0.07075550 0.09743641 0.08695827 0.08588832 0.03565792
0.32867239 0.01390706 0.00146510 0.01652039 0.04297636 0.24930949 0.10293345 0.31301501 0.06266300 0.09765815 0.09581384 0.08729385 0.03849051
0.32903249 0.01435754 0.00086845 0.01613103 0.05046279 0.24981778 0.11833045 0.31234626 0.06282420 0.10058224 0.08141514 0.08542270 0.02963811
0.32615911 0.01275550 0.00149627 0.01290221 0.05409335 0.24917472 0.10610395 0.31236717 0.05892764 0.11503325 0.08583369 0.08444285 0.03101848
0.31726752 0.00765044 0.00185976 0.00586071 0.04887505 0.25083164 0.10953748 0.31054570 0.06160879 0.12038538 0.07988610 0.08579582 0.03227638
0.27985117 0.00930363 0.00095450 0.00771238 0.05660495 0.24989907 0.10501685 0.30912454 0.06359491 0.11324026 0.07950836 0.08503549 0.03804740
0.27618512 0.00495879 0.00112841 0.00481689 0.04272991 0.25263325 0.10674779 0.30984627 0.06518598 0.10267484 0.08914957 0.08670390 0.04137650
0.25879451 0.01187425 0.00093780 0.01046985 0.04234552 0.24911556 0.10578950 0.30748220 0.06761931 0.08841943 0.09218124 0.08620463 0.02883160
0.24409106 0.00502788 0.00137130 0.00829925 0.04948898 0.24964109 0.11173847 0.30785516 0.06724979 0.09140692 0.08941335 0.08651336 0.02656096
0.24395877 0.01137077 0.00120454 0.01314868 0.04713564 0.24938146 0.10208109 0.30879342 0.06753382 0.09948444 0.09064205 0.08384056 0.02777988
0.24674289 0.00518172 0.00118859 0.00687597 0.03399945 0.25057470 0.11090853 0.31170411 0.07109038 0.10706349 0.07715955 0.08577582 0.02880126
0.23944897 0.00885566 0.00163698 0.00950861 0.05600193 0.24593558 0.10778962 0.31285359 0.05649902 0.12669870 0.08610972 0.08694512 0.02883915
0.22903965 0.00764599 0.00188032 0.00834422 0.03807108 0.24792337 0.10553162 0.31465647 0.05645057 0.12625573 0.08410391 0.08432901 0.03564486
0.23536087 0.00508177 0.00187600 0.00732974 0.04169400 0.24423600 0.10919348 0.31396923 0.06035558 0.11637060 0.08111236 0.08650774 0.04584124
0.24320845 0.00529284 0.00150050 0.00636118 0.04107073 0.24918574 0.10969017 0.31464676 0.06633403 0.10321977 0.09662456 0.08667408 0.03191382
0.24909061 0.00451498 0.00115036 0.00751382 0.03809820 0.24404207 0.09930693 0.31481004 0.07992422 0.09259966 0.09201001 0.08552390 0.04638336
0.24877372 0.00729701 0.00092329 0.01178205 0.05531104 0.24546095 0.10535127 0.31288626 0.07009899 0.10003295 0.09186669 0.08630614 0.03870120
0.25096671 0.00508550 0.00432745 0.00522428 0.04206448 0.24180046 0.10244941 0.31118555 0.06448448 0.11061115 0.09132295 0.08727156 0.03812469
0.24929126 0.00639211 0.00196094 0.00747524 0.04063514 0.24535447 0.10103765 0.31062631 0.06642054 0.11601587 0.08411411 0.09478677 0.03460538
0.24407293 0.00723154 0.00145012 0.00597750 0.02621253 0.24099536 0.11426452 0.30567548 0.05678557 0.11757363 0.08345088 0.08389200 0.02936873
0.24283654 0.00566462 0.00173967 0.00577113 0.04803591 0.24582679 0.10407627 0.30709771 0.05909047 0.11941617 0.08779729 0.08784133 0.03035491
0.23858277 0.00978846 0.00135203 0.00622926 0.05087910 0.24291972 0.10297734 0.30647500 0.07080344 0.10995082 0.07880475 0.08632534 0.03673469
0.23761956 0.00786525 0.00227743 0.01141724 0.05474371 0.24833818 0.09966990 0.30942515 0.07321040 0.11322241 0.08881696 0.08625449 0.04228334
0.23282646 0.00597121 0.00194154 0.00523381 0.04163274 0.24583738 0.09592547 0.31036826 0.07105391 0.11216578 0.08858531 0.08672884 0.02837088
0.23769662 0.00543295 0.00375402 0.00414383 0.03361061 0.24813268 0.10065791 0.31106359 0.06551567 0.12137695 0.08063850 0.08480321 0.03612081
0.23993403 0.00208619 0.00186809 0.00157305 0.01336521 0.25166750 0.10673131 0.31423471 0.05955203 0.12020713 0.09015383 0.08997325 0.02504489
0.19986144 0.00331086 0.00199472 0.00408427 0.04490503 0.25151945 0.10247640 0.31438555 0.06365332 0.11640683 0.08692835 0.08452526 0.02675553
0.20660181 0.01235624 0.00126605 0.01229577 0.03033935 0.25240544 0.10626824 0.31462829 0.06880427 0.11747554 0.08363603 0.08559700 0.02612841
0.16348374 0.01073516 0.00276286 0.01191784 0.05713858 0.25351210 0.09780464 0.31463241 0.07185383 0.10712970 0.09236860 0.08682045 0.02914759
0.15785049 0.00445498 0.00271691 0.00562783 0.03993188 0.25300623 0.09940154 0.31275295 0.06503808 0.10649955 0.08712239 0.08756462 0.02902533
0.13642230 0.00654420 0.00206414 0.00754755 0.05586458 0.25387234 0.11226637 0.31262124 0.06201761 0.10858310 0.08214253 0.08535455 0.02941376
0.13563025 0.00812733 0.00172333 0.00857446 0.07362656 0.24876010 0.10167011 0.30912426 0.05853086 0.11391697 0.08087718 0.08607550 0.02814162
0.14038822 0.00794410 0.00117451 0.01071289 0.04412243 0.25001813 0.10749020 0.30801508 0.06430985 0.11499467 0.08236233 0.08490867 0.02780930
0.14116009 0.00718263 0.00114971 0.00867610 0.04824360 0.24869250 0.10422022 0.30710678 0.06655211 0.11352559 0.08203946 0.08563220 0.04112917
0.14056208 0.00660237 0.00318222 0.00800307 0.05195783 0.24535675 0.09847761 0.30830618 0.07007941 0.11228439 0.09478994 0.08463714 0.03212336
0.14106937 0.00495362 0.00202428 0.00495790 0.03008944 0.24594072 0.10747797 0.30895279 0.06623740 0.12139610 0.09004683 0.08889706 0.03880313
0.14870597 0.01248449 0.00159516 0.01000367 0.03640304 0.24325688 0.11965582 0.31253103 0.06503386 0.10898181 0.09757987 0.08596835 0.03044328
0.14936709 0.00503322 0.00137727 0.00626874 0.02397817 0.24427442 0.10905303 0.31432263 0.06651598 0.10614090 0.10189396 0.08521266 0.03276160
0.14821350 0.00993703 0.00128914 0.01019082 0.04722203 0.24302923 0.11437093 0.31345502 0.07572581 0.11843348 0.08054501 0.08625720 0.05672737
0.14730483 0.00780608 0.00156951 0.01113516 0.05164547 0.24453747 0.10144583 0.31681429 0.06667878 0.11936722 0.08631441 0.08443107 0.03951666
0.14139635 0.01181706 0.00107034 0.01012689 0.04733316 0.24226925 0.09945662 0.31476604 0.05878278 0.11747190 0.08445834 0.08687569 0.05234773
0.14124029 0.01140159 0.00109219 0.01017004 0.05214419 0.24378988 0.10845006 0.31463200 0.05915726 0.11945771 0.08689236 0.08616259 0.04212389
0.14178346 0.00703241 0.00102585 0.00901970 0.05626890 0.24309881 0.10932491 0.31366285 0.06349597 0.11761195 0.09265434 0.08550425 0.03264617
0.14056596 0.00743367 0.00123009 0.00695038 0.04734144 0.24434256 0.10240016 0.31206075 0.06924502 0.10957931 0.09520521 0.09157667 0.03228762
0.13289732 0.00990080 0.00196034 0.01022341 0.04392258 0.24360886 0.10536385 0.30986579 0.07186213 0.10116590 0.08865773 0.08646891 0.03266340
0.12945248 0.00521001 0.00165262 0.00599173 0.05139322 0.24372588 0.10257542 0.30940155 0.06861546 0.10277113 0.09078554 0.09091981 0.03874294
0.12136229 0.00558591 0.00316527 0.00690513 0.06680751 0.24495308 0.10048316 0.30774587 0.06305425 0.11776123 0.08953286 0.08652881 0.02835947
0.11502563 0.00875178 0.00218746 0.00963580 0.05826992 0.24284548 0.10498054 0.30956469 0.05758153 0.11185231 0.08311323 0.08403216 0.02542503
0.11167962 0.00617692 0.00243356 0.00589012 0.04281573 0.24834451 0.10181164 0.30907440 0.06547544 0.11704455 0.07965513 0.08626239 0.02623745
0.11333247 0.00969307 0.00159543 0.00611470 0.04557838 0.24350193 0.09932521 0.30886536 0.06743621 0.12006604 0.08970509 0.08492340 0.02876736
0.11403782 0.00920320 0.00118544 0.00867890 0.06271604 0.24733362 0.10132681 0.31207900 0.06571094 0.11725232 0.08724399 0.08773554 0.02769303
0.11162176 0.01004499 0.00100262 0.01155141 0.04541906 0.24516930 0.09981441 0.31282299 0.06363610 0.10774680 0.09058086 0.08448179 0.03673970
0.10829657 0.00975583 0.00142664 0.01130725 0.05421976 0.24589331 0.10151004 0.31450867 0.06748602 0.10137827 0.08449683 0.08857456 0.03272004
0.10891931 0.01505584 0.00089960 0.01702952 0.06261617 0.24572753 0.10895272 0.31334156 0.06941646 0.10660546 0.08997393 0.08661192 0.02799962
0.10898919 0.01146444 0.00080489 0.01321231 0.05034830 0.24503283 0.10537874 0.31426403 0.06556582 0.10941201 0.08752637 0.08390225 0.02994974
0.10638570 0.00634448 0.00171822 0.00843130 0.03589757 0.24507133 0.11014206 0.31325337 0.06277805 0.11400366 0.08535686 0.08625488 0.04799299
0.10632497 0.01055572 0.00136718 0.00779714 0.02878049 0.24495743 0.10068723 0.31291370 0.06689101 0.11393746 0.08458678 0.08594989 0.04235140
0.10471800 0.00590393 0.00094640 0.00868312 0.03622909 0.24464645 0.10425204 0.31069601 0.06025863 0.11916030 0.08926097 0.08532036 0.04206702
0.10449474 0.01257413 0.00091431 0.01295463 0.06935494 0.24440849 0.10692076 0.30996098 0.06249469 0.10659786 0.08660477 0.09005605 0.03051428
0.10327581 0.01072938 0.00195853 0.01139061 0.05070438 0.24493543 0.10636683 0.30942784 0.06387096 0.10002824 0.08988766 0.08545098 0.03913084
0.08728023 0.00582643 0.00151182 0.00678558 0.03784725 0.24354293 0.11172135 0.30796420 0.06381984 0.09715933 0.08567620 0.09201951 0.04054666
0.09088515 0.00445943 0.00162215 0.00555542 0.03058385 0.24594008 0.12476451 0.31055469 0.05647020 0.10368579 0.08789289 0.08587284 0.03305638
0.09236941 0.00790554 0.00146055 0.00936369 0.01000126 0.24468458 0.10834074 0.31006340 0.05671271 0.11281346 0.08774726 0.08552025 0.03018547
0.09115218 0.00207600 0.00085244 0.00150847 0.00228073 0.24501408 0.11127808 0.31292688 0.05512286 0.10870064 0.08448828 0.08522909 0.03138865
0.09941794 0.00482026 0.00069535 0.00384628 0.02308253 0.24305094 0.10669143 0.31289543 0.05819981 0.10524446 0.08997306 0.08138245 0.03177130
0.09817620 0.00574737 0.00058663 0.00510706 0.03035346 0.24761435 0.11997560 0.31289896 0.06439616 0.09907843 0.08710244 0.08609069 0.03014845
0.09480477 0.00205463 0.00072364 0.00057986 0.00133419 0.24243300 0.11467290 0.31398946 0.06117397 0.09508837 0.09620552 0.08405727 0.02853834
0.09454692 0.00359092 0.00099529 0.00146107 0.02741635 0.24631297 0.12008343 0.31142698 0.05772280 0.09883481 0.08792321 0.08784116 0.02815866
0.09868107 0.00844853 0.00091267 0.01078700 0.04324836 0.24340450 0.10823437 0.31193411 0.06286197 0.10155243 0.08466327 0.08538311 0.02844312
0.09512739 0.00312759 0.00167058 0.00316319 0.02634141 0.24642547 0.11103835 0.31068864 0.05474064 0.10470282 0.08885852 0.08891667 0.02761489
0.08943563 0.00792964 0.00182473 0.00554469 0.04205204 0.24347443 0.11006739 0.30847406 0.05749041 0.09953359 0.08113692 0.08556385 0.03015097
0.08512752 0.00632889 0.00143174 0.00823006 0.04747830 0.24661500 0.11245258 0.31045509 0.05386763 0.09698490 0.08172627 0.08646328 0.02737204
0.08279216 0.00908619 0.00141406 0.00842497 0.03976948 0.24208227 0.11005782 0.30721791 0.06123996 0.09630132 0.08120209 0.08681465 0.02984450
0.08124866 0.00734562 0.00197530 0.00728657 0.04439587 0.24616153 0.11151411 0.31097503 0.06455746 0.08777482 0.07897253 0.09012197 0.03850986
0.08283329 0.00598226 0.00116324 0.00548844 0.04379893 0.24037116 0.10191589 0.30828581 0.06394393 0.08835250 0.09496998 0.08447152 0.03172289
0.08403610 0.00784028 0.00101017 0.00620471 0.02894272 0.24481743 0.11418877 0.31027379 0.05438689 0.08403519 0.07816932 0.08701698 0.03286613
0.08373668 0.00887586 0.00098517 0.00913472 0.03742109 0.24142268 0.10863305 0.30960157 0.05244241 0.09082698 0.08247600 0.08573469 0.03172704
0.08310657 0.00789560 0.00137854 0.00590362 0.03687626 0.24497026 0.11356462 0.31185847 0.04942370 0.09705419 0.07646364 0.08464521 0.02878869
0.08135989 0.00464912 0.00392284 0.00574233 0.04523538 0.24444099 0.11135588 0.31039352 0.05097353 0.09172294 0.07652756 0.08883907 0.02670454
0.07878924 0.00528662 0.00123636 0.00502822 0.04021097 0.24692455 0.10887093 0.31056842 0.05698473 0.08569934 0.08376248 0.08573742 0.02827020
0.07688980 0.01290995 0.00088198 0.01289828 0.02501039 0.24737038 0.11339053 0.31033473 0.06200967 0.08114398 0.08268840 0.08637867 0.02921575
0.07487237 0.00412987 0.00092936 0.00656574 0.05519473 0.24828234 0.10956178 0.30973388 0.05584230 0.08329387 0.08859861 0.08557982 0.02871965
0.07349589 0.00391975 0.00376092 0.00333425 0.02950072 0.25082750 0.10872457 0.30707444 0.04663486 0.08674730 0.08406684 0.08982265 0.03188254
0.07111432 0.00644065 0.00125634 0.00523818 0.01924333 0.24997354 0.11377155 0.30615881 0.05562736 0.08680181 0.06951190 0.08771427 0.03457615
0.06964192 0.00207766 0.00162050 0.00186833 0.00181456 0.25297704 0.11235188 0.30590560 0.04006220 0.10150750 0.07987185 0.08395791 0.03256208
0.06829708 0.00691610 0.00162405 0.00519658 0.03809025 0.25106602 0.11460968 0.30535402 0.04373304 0.09276137 0.07168143 0.08741569 0.03177586
0.06832462 0.00649079 0.00113591 0.00637155 0.04425480 0.25044465 0.11717327 0.30647871 0.04708168 0.07872480 0.07845107 0.08825610 0.03999733
0.06765092 0.00270719 0.00100090 0.00480148 0.00565461 0.24793924 0.11844616 0.30766809 0.05220559 0.06578444 0.08471059 0.08383415 0.03994410
0.06820177 0.00173229 0.00088411 0.00288629 0.02396295 0.24510833 0.11527213 0.30957153 0.05724790 0.06350449 0.08617144 0.08568571 0.04749003
0.06776312 0.00281968 0.00144875 0.00322433 0.00502225 0.24188939 0.11670879 0.30813665 0.05104540 0.07252439 0.08208909 0.08314110 0.03885016
0.06713764 0.00243571 0.00123658 0.00103242 0.00131073 0.24186115 0.11627536 0.31030580 0.04274826 0.08952520 0.08012405 0.08483658 0.02935688
0.06577499 0.00342353 0.00080219 0.00114307 0.03536918 0.23669913 0.11668090 0.30975427 0.04325383 0.09439234 0.07408000 0.08207363 0.03124718
0.06458108 0.00183450 0.00115398 0.00174226 0.02784581 0.24149978 0.12442928 0.30863994 0.04064150 0.09323215 0.07706416 0.08537486 0.02759582
0.06311817 0.00168953 0.00068853 0.00224099 0.02339763 0.23601652 0.11519705 0.30985587 0.04681285 0.08720061 0.08274994 0.08704708 0.02899781
0.06101381 0.00649377 0.00097831 0.00737967 0.03751790 0.23910045 0.11408706 0.30868417 0.04691839 0.08440415 0.08366093 0.08814635 0.02988889
0.05990251 0.00316945 0.00130556 0.00373088 0.02223887 0.23944943 0.11656048 0.30887644 0.05918905 0.08067220 0.07936811 0.08545130 0.02936345
0.05926180 0.00596500 0.00092422 0.00706872 0.02821402 0.24107073 0.11408112 0.30904644 0.05476476 0.07497138 0.08266370 0.08491345 0.02874234
0.05930190 0.00494303 0.00064517 0.00976035 0.04540321 0.24094710 0.10991993 0.30840785 0.05271417 0.07221507 0.08254678 0.08646383 0.02808490
0.05857229 0.00353758 0.00072777 0.00496768 0.03188009 0.24229670 0.12097823 0.31021008 0.04574877 0.07182047 0.07586458 0.08395310 0.03164716
0.05822548 0.00499609 0.00078336 0.00706688 0.04017534 0.24377399 0.10447622 0.30963786 0.04166615 0.08051745 0.08120233 0.08390461 0.04605786
0.06139045 0.01057195 0.00145807 0.01017205 0.04008423 0.24583958 0.11725100 0.31078499 0.06192471 0.08514112 0.06968270 0.08453691 0.03148205
0.06276009 0.00656606 0.00125398 0.00718450 0.05229460 0.24678645 0.10395655 0.30919117 0.04375280 0.09335170 0.07813587 0.08365422 0.03438450
0.06387027 0.00379176 0.00281166 0.00377720 0.03227401 0.24626748 0.11550304 0.31031921 0.04471309 0.08597511 0.06887248 0.09175451 0.03047300
0.06527714 0.00677314 0.00165473 0.00911244 0.04880878 0.24801449 0.11149254 0.30997503 0.04593599 0.07730656 0.07922008 0.08644813 0.03855284
0.06627853 0.01042603 0.00278059 0.01279289 0.03469454 0.24699433 0.10900104 0.30973154 0.05884943 0.07880983 0.08072563 0.08943960 0.03666470
0.06781965 0.00723355 0.00135192 0.00855531 0.05747572 0.25314261 0.11640358 0.30984523 0.05474800 0.07373087 0.08033278 0.08527926 0.02922578
0.06839714 0.00443886 0.00075444 0.00241346 0.04554196 0.25006117 0.12124419 0.30940003 0.06254456 0.07036739 0.07895649 0.08530219 0.02924202
0.06879488 0.00382940 0.00068658 0.00616686 0.03817820 0.25302678 0.11163106 0.30879812 0.05159991 0.07817255 0.08681113 0.08328326 0.03011883
0.06801992 0.00626969 0.00252015 0.00500582 0.02489817 0.25186957 0.12093929 0.30936122 0.04694784 0.10202064 0.07259864 0.08553384 0.03106213
0.06608909 0.00273022 0.00547567 0.00266105 0.02853484 0.25061102 0.11016882 0.30664677 0.04354531 0.10868052 0.07508002 0.08889724 0.03758595
0.06538427 0.00620928 0.00161742 0.00794376 0.03360577 0.25156230 0.12193754 0.30859554 0.04745733 0.09984680 0.06691844 0.08572893 0.03342734
0.06564741 0.00258425 0.00140783 0.00365290 0.04537771 0.24668271 0.11265443 0.30615789 0.05469901 0.09028580 0.07714865 0.08722313 0.03352691
0.06604784 0.01298198 0.00213417 0.01315651 0.01655062 0.24953038 0.11567343 0.30787063 0.05662812 0.08274748 0.08269165 0.08450112 0.04264585
0.06549453 0.00377645 0.00143731 0.00141686 0.00421532 0.24227413 0.11112650 0.30629042 0.06322651 0.07482627 0.09038085 0.08705917 0.02957947
0.06540034 0.00356143 0.00104673 0.00232301 0.02069957 0.24646816 0.11556599 0.30815536 0.07206497 0.07568804 0.08110894 0.08521810 0.02935852
0.06521525 0.00334080 0.00099409 0.00072947 0.00391747 0.24080226 0.11159151 0.30716443 0.06034273 0.09248398 0.08289586 0.08289172 0.02751721
0.06432159 0.00211745 0.00101930 0.00035330 0.00169371 0.24154172 0.10492503 0.30742429 0.05124892 0.10802200 0.07923391 0.08573480 0.02752465
0.06223924 0.01275235 0.00421701 0.01284021 0.01104444 0.23984900 0.10009327 0.30721457 0.05119057 0.11172001 0.07102441 0.08803310 0.02729915
0.06015339 0.01107313 0.00363786 0.01398989 0.03579128 0.24035951 0.10086340 0.30772560 0.05118424 0.10975563 0.07070660 0.08391404 0.02675095
0.05890442 0.01229738 0.00182435 0.01353859 0.04360367 0.24138870 0.10255352 0.31003478 0.05435663 0.09999435 0.08022503 0.08783427 0.04496028
0.06005540 0.01007779 0.00213315 0.01147864 0.05778098 0.24157536 0.11262758 0.31070698 0.07064323 0.08303827 0.08555971 0.09008094 0.03349159
0.05909594 0.00617803 0.00165989 0.00722632 0.06084231 0.24210809 0.10350585 0.30992833 0.06266285 0.07472937 0.08904751 0.08563188 0.03893370
0.05855971 0.00542731 0.00146766 0.00534320 0.03769950 0.24119071 0.10443894 0.31110484 0.05994064 0.07708909 0.08772791 0.08521694 0.02978659
0.05785346 0.00631498 0.00120983 0.00548446 0.04992753 0.24086052 0.10672317 0.30820796 0.05790481 0.09017437 0.08455452 0.08332988 0.03175927
0.05929143 0.00630620 0.00101333 0.00594840 0.03552976 0.24240282 0.10607631 0.31019436 0.05591382 0.10275805 0.07730371 0.08302692 0.02847875
0.05961880 0.00780091 0.00080985 0.00802735 0.03705738 0.23876139 0.11242474 0.30853903 0.05759836 0.10862371 0.07403803 0.08246167 0.04066810
0.05831693 0.00592221 0.00082245 0.00253716 0.03387324 0.24417069 0.11116564 0.30746658 0.05327398 0.10246433 0.06992995 0.08459955 0.03008848
0.05632507 0.01075514 0.00127251 0.01320796 0.03674597 0.24100152 0.10728972 0.30603848 0.05123596 0.10402818 0.08068743 0.08414761 0.02895278
0.05213128 0.00584865 0.00203617 0.00334559 0.02742927 0.24737309 0.11434054 0.30627892 0.05765912 0.09166206 0.08154291 0.08756901 0.02946524
0.05619787 0.00738925 0.00181814 0.00895456 0.05786044 0.24563401 0.11311678 0.30667104 0.05788202 0.07358924 0.08348844 0.08674977 0.03031919
0.06065186 0.00559825 0.00090442 0.00929391 0.04832733 0.24741607 0.11027741 0.30789481 0.06176166 0.07019034 0.08788425 0.08682529 0.03857022
0.06116310 0.00307528 0.00085001 0.00324688 0.02282165 0.24894610 0.11639828 0.30788131 0.06037172 0.08294363 0.08796155 0.08526387 0.02965785
0.06006782 0.00881739 0.00139878 0.00854407 0.05601028 0.24777116 0.11140549 0.30891315 0.05493460 0.09602265 0.08258655 0.08209606 0.02824026
0.05897356 0.00581255 0.00126266 0.00611641 0.04540518 0.24921356 0.11109491 0.31030460 0.04184898 0.10341259 0.07197360 0.08651222 0.02837386
0.05937908 0.00611946 0.00114436 0.00343115 0.02023743 0.24705354 0.11258379 0.30735559 0.04488827 0.10726456 0.07365699 0.08684969 0.03099898
0.04279346 0.00470024 0.00165690 0.00684895 0.04707820 0.25007590 0.11401339 0.31010136 0.04977774 0.10179323 0.07855889 0.08428930 0.03825142
0.04234931 0.01152925 0.00202977 0.01010676 0.03405546 0.24638148 0.11202559 0.30919318 0.06353438 0.08560533 0.08527812 0.08636466 0.03146817
0.04123430 0.00797269 0.00138587 0.01271576 0.05898007 0.24412597 0.11347493 0.30822167 0.06316237 0.07455200 0.08829397 0.08832649 0.02984178
0.04034700 0.00547776 0.00238100 0.00637872 0.06532806 0.24242765 0.10908081 0.30770872 0.07090855 0.08022268 0.08766168 0.08501937 0.03150346
0.03992936 0.00569001 0.00222086 0.00590318 0.04421342 0.24162611 0.10864412 0.30659308 0.05910624 0.08797774 0.08466137 0.08511865 0.02836248
0.03936108 0.00696899 0.00160168 0.00663403 0.04737690 0.24280166 0.10572937 0.30625904 0.05010069 0.10604631 0.07340490 0.08491449 0.02811220
0.03912924 0.00948522 0.00103191 0.01080709 0.06021267 0.23925040 0.09870962 0.30630872 0.04636733 0.10436650 0.07494179 0.08517385 0.02643447
0.03836659 0.00744925 0.00126522 0.00562887 0.04934963 0.24025709 0.09557370 0.30592314 0.05524849 0.10408509 0.07250606 0.08377707 0.03582381
0.03723343 0.01182323 0.00195777 0.01167413 0.04950433 0.24224194 0.10103477 0.30540768 0.05985566 0.09796831 0.07482701 0.08577388 0.03982821
0.03697004 0.00870266 0.00191920 0.00952965 0.06607480 0.23922498 0.09609543 0.30775470 0.05843616 0.08391946 0.08169932 0.08239472 0.04594284
0.03725259 0.00632394 0.00192376 0.00794016 0.05067800 0.24075535 0.10557921 0.30749288 0.05778918 0.07801178 0.08118229 0.09483085 0.04008617
0.03816064 0.00770026 0.00204055 0.01176871 0.05241697 0.23684384 0.10231965 0.30839809 0.05768847 0.07792817 0.09027708 0.08402289 0.02838609
0.03935713 0.00434841 0.00177088 0.00425242 0.04494224 0.24150704 0.11058260 0.31181934 0.05272982 0.09877144 0.07562709 0.08685761 0.03858189
0.03866184 0.00903591 0.00141727 0.00857517 0.06659228 0.23717591 0.09848053 0.30821651 0.05282294 0.10446690 0.07862451 0.08346757 0.03157699
0.03711844 0.01353476 0.00096751 0.01407670 0.05762877 0.23902266 0.10521745 0.31085544 0.05778796 0.10519616 0.06699894 0.08246713 0.04169280
0.03615951 0.00587333 0.00091634 0.00793860 0.07269723 0.23703390 0.09710900 0.30820237 0.05203257 0.10256595 0.07893493 0.08455841 0.04295084
0.03495601 0.00590261 0.00145731 0.00811986 0.06027968 0.23956509 0.11150774 0.30897550 0.05653619 0.09676194 0.07235003 0.08681472 0.03911963
0.03324808 0.01040855 0.00171356 0.01087605 0.05138599 0.23966611 0.09935861 0.30541275 0.05973671 0.08680263 0.08600538 0.08528344 0.05292398
0.03109161 0.00966107 0.00153330 0.01006314 0.04227406 0.24130292 0.10666569 0.30676827 0.06680461 0.08375097 0.08186773 0.08458983 0.03098358
0.03038975 0.00439862 0.00099504 0.00797226 0.03650561 0.24286006 0.10908285 0.30528317 0.06113746 0.07929413 0.09088216 0.08554359 0.03108406
0.02994572 0.00818876 0.00093419 0.00913085 0.03178306 0.24313551 0.11459059 0.30585145 0.05896283 0.08398634 0.07485588 0.08333732 0.02696164
0.02956746 0.00350962 0.00096488 0.00334897 0.03549626 0.24624735 0.10423304 0.30625746 0.04795579 0.09109906 0.08343905 0.08374568 0.03107986
0.02929948 0.00217929 0.00283540 0.00402673 0.00378982 0.24412174 0.11018467 0.30642799 0.04736616 0.10951342 0.06991146 0.08031626 0.04078960
0.02927040 0.00811957 0.00129983 0.00958439 0.03146748 0.24558023 0.10393047 0.30700779 0.05417533 0.10527286 0.08006529 0.08318434 0.03202715
0.02908379 0.00740480 0.00075610 0.00600037 0.03486509 0.24479757 0.11214387 0.30824366 0.05797478 0.09179639 0.07369115 0.08336066 0.03019295
0.02852082 0.00853081 0.00057000 0.01041497 0.04022727 0.24460910 0.10459174 0.30766018 0.05476395 0.08350654 0.09180417 0.08455842 0.03336603
0.02742119 0.01232981 0.00059502 0.01257776 0.06514412 0.24274622 0.11132425 0.30856036 0.06678830 0.08351471 0.07837909 0.08527401 0.02754829
0.02586497 0.00812539 0.00277767 0.01168052 0.03696379 0.24296654 0.10488673 0.30684570 0.05804301 0.09034580 0.09070139 0.08403554 0.03070045
0.02599360 0.00281835 0.00103711 0.00136205 0.02275508 0.24092241 0.11799682 0.30626189 0.05316919 0.09431256 0.07378649 0.08503036 0.02849325
0.02515907 0.00678055 0.00350653 0.00525196 0.05275410 0.24110167 0.10135239 0.30648427 0.04767990 0.09995073 0.08013052 0.08401262 0.02881665
0.02448589 0.00927639 0.00117285 0.01067077 0.02829088 0.24115219 0.10617913 0.30604393 0.05537543 0.10437399 0.07169614 0.08258176 0.02723484
0.02502889 0.00180460 0.00116587 0.00128378 0.03803059 0.23944192 0.10806211 0.30502321 0.05208225 0.10407373 0.07819064 0.08232207 0.02614822
0.02594531 0.00435313 0.00113775 0.00596992 0.02778415 0.23929707 0.10776426 0.30434384 0.05684511 0.08607995 0.07440721 0.08621732 0.02846229
0.02709808 0.00238960 0.00144185 0.00125681 0.00245278 0.23822560 0.10220473 0.30412842 0.05673586 0.08084893 0.08155524 0.08401513 0.04397167
0.02924491 0.00336911 0.00063538 0.00305870 0.03810713 0.23856356 0.10057953 0.30505246 0.05998259 0.08701479 0.08498121 0.08407453 0.02637330
0.03179758 0.00922507 0.00103996 0.00918618 0.04582933 0.24042320 0.10525952 0.30508381 0.05492113 0.09843373 0.07653981 0.08431531 0.03746339
0.03352600 0.00638901 0.00117997 0.00794076 0.06089287 0.24002356 0.10157031 0.30780021 0.04726970 0.09243289 0.07764788 0.08270642 0.02889289
0.03352054 0.00898394 0.00068389 0.00893840 0.05081876 0.24152685 0.10249307 0.30712758 0.04931191 0.08971275 0.07206948 0.08329082 0.02738815
0.03169526 0.00424816 0.00080654 0.00426844 0.03714989 0.24287547 0.10677522 0.30775311 0.05571743 0.08607663 0.07763531 0.08225057 0.02852758
0.03006605 0.01402596 0.00080764 0.01473962 0.02507989 0.24377325 0.10390161 0.30759357 0.05504928 0.08478903 0.07889420 0.08139882 0.03806195
0.02870852 0.00349493 0.00143603 0.00377928 0.04352189 0.24453368 0.10106566 0.30701765 0.05268968 0.08044302 0.07829352 0.08400029 0.03044537
0.02775316 0.00850263 0.00086418 0.01080055 0.03681744 0.24162581 0.10660037 0.30701793 0.05368721 0.08588958 0.07313936 0.08222620 0.02809889
0.02688422 0.00582570 0.00092569 0.00339343 0.03233944 0.24305982 0.10272727 0.30569099 0.04634155 0.09377473 0.08483356 0.08525510 0.03217680
0.02644392 0.00818812 0.00118413 0.00841560 0.04939769 0.24054562 0.11328999 0.30596552 0.04849192 0.09806402 0.06991010 0.08249697 0.02839599
0.02566444 0.00693533 0.00095634 0.00783626 0.04141964 0.24279465 0.10553238 0.30473781 0.04593539 0.09023121 0.07755765 0.08332411 0.03791227
0.02470773 0.00398761 0.00062532 0.00580874 0.02352909 0.23960823 0.11497929 0.30498133 0.05829846 0.08180578 0.07255186 0.08295765 0.04104701
0.02474450 0.00737291 0.00261309 0.00815241 0.05402487 0.24167661 0.10551789 0.30632425 0.05577818 0.08233671 0.08467453 0.08489690 0.04721859
0.02552872 0.00589553 0.00122350 0.00720224 0.04615820 0.24012378 0.11121279 0.30716363 0.05606322 0.08002990 0.08763982 0.08415494 0.04149464
0.02632005 0.00926728 0.00104447 0.01262360 0.06212960 0.23990658 0.11040423 0.30789889 0.05842629 0.08040575 0.08460502 0.08453086 0.04969631
0.02940887 0.00573667 0.00247022 0.00611481 0.04871679 0.23966776 0.11430701 0.30781811 0.06175528 0.08805966 0.07507092 0.08517038 0.06633855
0.03172029 0.00882974 0.00225214 0.01033346 0.05008647 0.23777157 0.11281779 0.30834777 0.05189104 0.10162698 0.08145962 0.08846218 0.03518622
0.03172865 0.01371970 0.00152685 0.01643797 0.06665866 0.23914461 0.11474843 0.30871800 0.05348837 0.10128244 0.07921380 0.09295030 0.06355834
0.03138643 0.01032775 0.00265687 0.00937058 0.02990178 0.23898559 0.10931443 0.30642951 0.05037554 0.09047074 0.08675153 0.08478497 0.03418468
0.03477705 0.00741283 0.00175223 0.00575099 0.03032156 0.23796609 0.10945602 0.30749607 0.06062529 0.08555827 0.07838016 0.08838188 0.05350125
0.04080169 0.00561607 0.00084559 0.00938244 0.05228601 0.23718111 0.10870430 0.30581855 0.06110767 0.08707090 0.08026232 0.08613880 0.03543059
0.04392273 0.00928216 0.00089328 0.01037424 0.06708520 0.23919221 0.10831358 0.30628848 0.05968019 0.07840288 0.07845381 0.08439111 0.04241089
0.04337368 0.01704770 0.00074829 0.01847622 0.06980958 0.23854753 0.10636099 0.30472726 0.05081774 0.07921253 0.07614423 0.08498162 0.02974885
0.04130475 0.00500337 0.00098945 0.00734301 0.05125718 0.24208234 0.10217162 0.30430333 0.05158533 0.08710130 0.07544682 0.08442949 0.03275004
0.04015276 0.00589490 0.00274346 0.00622465 0.04098940 0.24142657 0.10505568 0.30235463 0.05252734 0.09922049 0.07225673 0.08400400 0.04812144
0.03883606 0.00870525 0.00123747 0.00894642 0.05338596 0.24137741 0.09768419 0.30392349 0.05679681 0.09565990 0.07702544 0.08637378 0.03591341
0.03500963 0.00432509 0.00119340 0.00922076 0.03459261 0.23973339 0.09734824 0.30411673 0.05478836 0.08592769 0.08201702 0.08708891 0.03280337
0.05465365 0.01079020 0.00182471 0.00717772 0.03375251 0.24239524 0.10187249 0.30600562 0.06499503 0.08829230 0.07214086 0.08549131 0.04360302
0.04966136 0.00502267 0.00131196 0.00731197 0.04150052 0.23708228 0.10259061 0.30706230 0.05644920 0.08801284 0.07851657 0.08332551 0.02900053
0.05229385 0.00315947 0.00170608 0.00609949 0.01928180 0.24186904 0.10423046 0.30877387 0.05022035 0.08535467 0.07407220 0.08313084 0.03953413
0.05208630 0.00727653 0.00420559 0.00813508 0.03829705 0.23619117 0.10132106 0.30811193 0.05207025 0.10037727 0.07745449 0.08245506 0.03373391
0.04947566 0.00401016 0.00133435 0.00309425 0.02917315 0.24050709 0.11000881 0.30956867 0.05521021 0.09510458 0.07851930 0.08290280 0.03381630
0.04906131 0.00232263 0.00121405 0.00432295 0.03118083 0.23325605 0.10932217 0.30634280 0.05220632 0.09204671 0.08102769 0.08205504 0.03469079
0.04983178 0.00404139 0.00157926 0.00515418 0.04214624 0.23642290 0.11156361 0.30671185 0.05523995 0.08432651 0.07801105 0.08544284 0.03386611
0.04971503 0.00651545 0.00066405 0.00817189 0.05742900 0.23310449 0.10850154 0.30510704 0.05707778 0.08101162 0.07929428 0.08353473 0.03279780
0.04792740 0.00541429 0.00095377 0.00596511 0.05519996 0.23938835 0.11339079 0.30527771 0.06508471 0.07650050 0.07769759 0.08765509 0.04857658
0.04764648 0.00665414 0.00112926 0.00669709 0.04989653 0.23607841 0.11514095 0.30434226 0.04928107 0.08599333 0.07922965 0.08234997 0.03054694
0.04847752 0.00654921 0.00206382 0.00798918 0.01523841 0.24100958 0.11161559 0.30390710 0.04892870 0.09641811 0.07527769 0.08394036 0.03304011
0.04853463 0.00466874 0.00111109 0.00128608 0.00320639 0.24047257 0.10678843 0.30450023 0.05407935 0.09463247 0.07450568 0.08171877 0.02856546
0.04842621 0.00526061 0.00187677 0.00254990 0.00605612 0.24200745 0.10961229 0.30498940 0.05563044 0.09368457 0.07208837 0.08172077 0.02900427
0.04843192 0.00243393 0.00166227 0.00089633 0.00222198 0.24264073 0.10698501 0.30484724 0.06365302 0.08358502 0.07585197 0.08203976 0.02745745
0.04933522 0.01050266 0.00108055 0.01380365 0.03614266 0.24222275 0.10507955 0.30545706 0.05729850 0.07281257 0.07816719 0.08136081 0.02715341
0.04976876 0.00624080 0.00398869 0.00778190 0.04960486 0.24429486 0.10311276 0.30767229 0.05967995 0.08972596 0.08234496 0.08749390 0.02795839
0.05005667 0.00882735 0.00148198 0.01211383 0.05876714 0.24304125 0.09825659 0.30854103 0.05469516 0.09332490 0.07731899 0.08593986 0.04379207
0.04060403 0.01020843 0.00312882 0.01167282 0.06491154 0.24340684 0.09804733 0.30853667 0.04914004 0.10493938 0.07429130 0.08450640 0.03718764
0.04258169 0.00545882 0.00166700 0.00666303 0.06236556 0.24159527 0.09936738 0.30621868 0.05093900 0.10792706 0.06876684 0.08273607 0.04139828
0.04370195 0.00531299 0.00228523 0.00843542 0.03699018 0.24910311 0.09967192 0.30668529 0.05106859 0.10411920 0.07348568 0.08251752 0.03279494
0.04394342 0.01001472 0.00123805 0.00944413 0.04741508 0.24248643 0.09712681 0.30243215 0.05242781 0.08976716 0.08055906 0.08408655 0.03458608
0.04215026 0.00847677 0.00079288 0.00838969 0.04748148 0.24836425 0.10432767 0.30444199 0.05709480 0.08018512 0.07931790 0.08194486 0.02639620
0.03954261 0.00304740 0.00158035 0.00129346 0.02328819 0.24381779 0.09866827 0.30172128 0.05650899 0.08956606 0.08753452 0.08352388 0.03000377
0.03667282 0.00690884 0.00259227 0.00773122 0.04431301 0.24466529 0.10436054 0.30211127 0.05680747 0.09151375 0.07573671 0.08457270 0.02861254
0.03351803 0.00728705 0.00154863 0.00938401 0.05117953 0.24176279 0.09672194 0.30302979 0.05248494 0.09141829 0.07935451 0.08325783 0.02975108
0.03247245 0.01098772 0.00353567 0.01150867 0.07247130 0.24359434 0.10374192 0.30624207 0.05992436 0.09642252 0.06811292 0.08368056 0.02843802
0.03342130 0.01334031 0.00179128 0.01441850 0.07171714 0.23911720 0.10173637 0.30873924 0.04978838 0.09415252 0.07291233 0.08396312 0.03359277
0.03683304 0.00737570 0.00255954 0.00811357 0.05504828 0.24119999 0.11031199 0.31059394 0.05011948 0.10031492 0.07738885 0.08371194 0.03917408
0.03882403 0.00721709 0.00251451 0.01159225 0.03832734 0.23620848 0.10858857 0.31100917 0.05712578 0.10011790 0.08259603 0.08314836 0.05286509
0.04021355 0.01073275 0.00153083 0.01168308 0.03742594 0.23926011 0.10919957 0.31243543 0.05780770 0.08871152 0.07544693 0.08333234 0.03967619
0.04071922 0.01075676 0.00106398 0.01202420 0.04692739 0.23651357 0.10273797 0.31019776 0.05574602 0.08509200 0.08353931 0.08376153 0.03555524
0.04019198 0.01232097 0.00074163 0.01102405 0.04634961 0.23872735 0.10694012 0.30996549 0.07192476 0.08733541 0.07854356 0.08337776 0.05305925
0.03885106 0.01218954 0.00059664 0.01237316 0.05065201 0.23640700 0.11434486 0.30735868 0.05793668 0.09005471 0.07764669 0.08461123 0.03011527
0.03819858 0.00990164 0.00064630 0.00806252 0.03014289 0.23851435 0.10705774 0.30653225 0.05095567 0.09190892 0.08336240 0.08733280 0.03056849
0.03490731 0.00391033 0.00084034 0.00195182 0.04492757 0.23754053 0.10473380 0.30438095 0.05251828 0.09669597 0.08050110 0.08351672 0.03000601
0.03293626 0.00534282 0.00090587 0.00528304 0.05316317 0.23789487 0.10495988 0.30470404 0.05600333 0.10145544 0.07803902 0.08480626 0.02854227
0.02961715 0.00369349 0.00098246 0.00259729 0.05128994 0.23946595 0.10501435 0.30630411 0.06490155 0.09657088 0.07998670 0.08451745 0.02716389
0.02873619 0.00737339 0.00523868 0.00932049 0.03881243 0.24087284 0.11008803 0.30662561 0.05677031 0.09720767 0.07822566 0.09046461 0.02512648
0.02989373 0.00379410 0.00253089 0.00389673 0.03513902 0.24211131 0.10455308 0.30813636 0.05784224 0.09654427 0.08034068 0.08088631 0.02733925
0.03389678 0.00693589 0.00190472 0.00684743 0.04759455 0.24480979 0.10396013 0.30975854 0.06064624 0.09246072 0.08304368 0.08361472 0.02745024
0.03827752 0.00869338 0.00129983 0.00287694 0.06327300 0.24446677 0.10344406 0.31087893 0.06577860 0.09328024 0.07819857 0.08349446 0.02988192
0.04220061 0.00762405 0.00084528 0.00770277 0.05528787 0.24444138 0.10262239 0.31387528 0.05935280 0.09642576 0.07854113 0.08284002 0.03202363
0.04302036 0.00648816 0.00440692 0.00738399 0.04821667 0.24592639 0.10381791 0.31083392 0.05617187 0.10996997 0.07704996 0.08473605 0.03059476
0.04233877 0.00893415 0.00183425 0.01027261 0.06727907 0.24204624 0.10042205 0.31102127 0.05545690 0.11612094 0.07699247 0.08380360 0.02938003
0.04098631 0.01149097 0.00097086 0.01431456 0.05663564 0.24817757 0.10286482 0.31036471 0.05803131 0.10159203 0.07366366 0.08291581 0.04480368
0.03513474 0.00458185 0.00199185 0.00783042 0.05100401 0.24338161 0.09748605 0.30800606 0.05794995 0.09002576 0.08221657 0.08328056 0.04141118
0.03507414 0.01411361 0.00169327 0.01646007 0.04271424 0.24752765 0.10057373 0.30928979 0.06776855 0.09472848 0.08060555 0.08899389 0.03703720
0.03327185 0.01152486 0.00184691 0.01364093 0.03331020 0.24459807 0.09805895 0.30799747 0.07044349 0.09742640 0.08921858 0.08536330 0.03446948
0.03242663 0.01365932 0.00112409 0.01417738 0.05807833 0.24409144 0.10223478 0.30758340 0.05700569 0.09975917 0.08192653 0.08401113 0.03828590
0.03174065 0.00317169 0.00117455 0.00452528 0.02178433 0.24392008 0.11889742 0.30596611 0.05919668 0.10601326 0.08005949 0.08464115 0.03508394
0.03166924 0.00306522 0.00196518 0.00334497 0.03949253 0.24254203 0.11355322 0.30712422 0.05697582 0.11421429 0.08246937 0.08608469 0.02803609
0.03112964 0.00363648 0.00111211 0.00387055 0.02222576 0.24297173 0.10499119 0.30754715 0.05841641 0.10540932 0.08543928 0.08295191 0.03229946
0.04707473 0.01089992 0.00217973 0.01246048 0.05420085 0.24219917 0.10613081 0.31119826 0.06066449 0.10053194 0.08098512 0.08507595 0.03056080
0.04438057 0.00656646 0.00107234 0.00554835 0.05082107 0.24000186 0.11080136 0.31146461 0.06162356 0.09516595 0.09061810 0.08366828 0.02985112
0.04639750 0.00514987 0.00108661 0.00761054 0.03765839 0.23930504 0.11125030 0.31204608 0.06468829 0.09603578 0.08734151 0.08377939 0.02995584
0.04385979 0.01050053 0.00115258 0.00949454 0.04807872 0.23744403 0.11224744 0.31198082 0.06267916 0.10040052 0.08818175 0.08382132 0.02906117
0.04407665 0.00454933 0.00103224 0.00412465 0.03261838 0.23606388 0.11838521 0.31110694 0.05687202 0.10456918 0.08367056 0.08369221 0.03074369
0.04331777 0.00468502 0.00390374 0.00619794 0.03217799 0.23771609 0.10840566 0.31080369 0.05271201 0.12523019 0.08656619 0.08355044 0.02731179
0.04156344 0.00884245 0.00128640 0.00920240 0.04379858 0.23646136 0.10322903 0.31123794 0.07235665 0.12012084 0.07902221 0.08332962 0.02712624
0.04088209 0.00589022 0.00102759 0.00645849 0.04049282 0.23560481 0.09752513 0.30973775 0.06731346 0.11503086 0.08895437 0.08292944 0.03030320
0.04040941 0.01189570 0.00119922 0.01533795 0.05861009 0.23864056 0.10619325 0.31064776 0.05771953 0.10562857 0.07446602 0.08524775 0.02653513
0.04008198 0.00525315 0.00089348 0.00466652 0.05574312 0.23577682 0.10129996 0.30872140 0.05934688 0.10179184 0.08353617 0.08267477 0.02639490
0.04058584 0.00666221 0.00074922 0.00714574 0.06773032 0.23890514 0.10684064 0.30922902 0.06115955 0.09724012 0.08215417 0.08545859 0.04373490
0.04237650 0.00685619 0.00258797 0.00715782 0.04398941 0.23816174 0.09569497 0.30849166 0.06088569 0.09773455 0.09488991 0.08497236 0.02971054
0.04315296 0.01520839 0.00304839 0.01420980 0.04913444 0.23887805 0.09900214 0.30917179 0.06690975 0.11046644 0.08129914 0.08397082 0.04539463
0.04372419 0.00606454 0.00373019 0.00889968 0.05023358 0.23858640 0.09800884 0.31020668 0.06058039 0.12186640 0.08840212 0.08351876 0.03526766
0.04528042 0.00477818 0.00372763 0.00491603 0.05765765 0.23722434 0.09928692 0.31069779 0.05700780 0.12534216 0.07479400 0.08334990 0.03325565
0.04786645 0.00981085 0.00154009 0.01316751 0.05121751 0.24055837 0.09414737 0.31118544 0.06546211 0.11934281 0.07903619 0.08507073 0.02944465
0.04997722 0.00619526 0.00140652 0.00690625 0.06566405 0.23726082 0.09700329 0.31320372 0.06407320 0.11091539 0.08616579 0.08217122 0.02984260
0.04408471 0.00831521 0.00148477 0.00734166 0.05268961 0.24046509 0.10414755 0.31212215 0.07428121 0.10061335 0.08924476 0.08463865 0.03194568
0.04716082 0.01247989 0.00110369 0.01197355 0.05001484 0.24120048 0.10911279 0.31283011 0.07418019 0.10069973 0.08979641 0.08373983 0.02799158
0.04879988 0.00693571 0.00158389 0.00778579 0.06077823 0.24028751 0.09931220 0.31261658 0.06269961 0.10455359 0.09002945 0.08621073 0.03876229
0.04800784 0.00994479 0.00132693 0.01070020 0.04833061 0.24421031 0.10307724 0.31044861 0.06728108 0.12078709 0.07383138 0.08367854 0.03586951
0.04621865 0.00734520 0.00111482 0.00708512 0.04462979 0.24227659 0.09718384 0.30887758 0.05945910 0.12624205 0.08631223 0.08437464 0.03773718
0.04427332 0.00590290 0.00098420 0.00582079 0.03582563 0.24243141 0.11238768 0.30773115 0.06021732 0.12328952 0.07973976 0.08519341 0.03914304
0.04226709 0.01068214 0.00119225 0.01074787 0.01330124 0.24297611 0.10259967 0.30622905 0.06251454 0.11215617 0.09060972 0.08412828 0.03564704
0.03964232 0.00268991 0.00117426 0.00331814 0.03485135 0.24065267 0.10227922 0.30632425 0.06831287 0.10096907 0.08865727 0.08421468 0.02939987
0.03555934 0.00836610 0.00230033 0.01359698 0.04404921 0.24065430 0.09819164 0.30887562 0.07134646 0.10231141 0.08905793 0.09072087 0.03353217
0.03513822 0.00348275 0.00429153 0.00102920 0.00314516 0.24020587 0.10663607 0.30870431 0.06749732 0.10277690 0.08250628 0.08587556 0.02621082
0.03639945 0.00354892 0.00160074 0.00101183 0.03366371 0.23773797 0.10032913 0.30850636 0.06570182 0.10797387 0.08456576 0.08505806 0.02743223
0.03962057 0.00622280 0.00124930 0.00585543 0.02748208 0.24137090 0.10494434 0.31002276 0.05624896 0.12059196 0.08043664 0.08477507 0.02627315
0.04188269 0.00337680 0.00096631 0.00476381 0.03090816 0.23818739 0.09745661 0.30740824 0.05842050 0.12806124 0.07974389 0.08024514 0.02677487
0.04250215 0.00249724 0.00110738 0.00199052 0.03385988 0.24128249 0.10269849 0.31049415 0.05541603 0.12522756 0.07833014 0.08339741 0.02678761
0.04229678 0.00932448 0.00109037 0.00848628 0.05344840 0.23732283 0.09358930 0.30889464 0.06105971 0.11420107 0.07682399 0.08271960 0.02951094
0.04194579 0.00542386 0.00095412 0.00334466 0.04987242 0.23897588 0.10043999 0.30884464 0.06346586 0.10361394 0.08505034 0.08707094 0.03068052
0.04151415 0.01282317 0.00194141 0.01561836 0.04982415 0.23541454 0.09563121 0.30736364 0.06676147 0.09716215 0.09182816 0.08372664 0.02999072
0.04085550 0.00522586 0.00139400 0.00433930 0.05785837 0.23550774 0.10087414 0.30937161 0.06810852 0.08406814 0.09026236 0.08684470 0.03718706
0.04064772 0.00587704 0.00143577 0.00916151 0.05062620 0.23450996 0.09918399 0.30537745 0.06333646 0.09448709 0.08228229 0.08471396 0.04167583
0.04052145 0.01011196 0.00118397 0.01206688 0.05349284 0.23318145 0.09887004 0.30659136 0.05975594 0.10950749 0.09111469 0.08593650 0.03488918
0.04007940 0.00453868 0.00212394 0.00496177 0.02296255 0.23153559 0.09525230 0.30451561 0.06314488 0.13396083 0.08165518 0.08235613 0.02904562
0.03935827 0.00665292 0.00248190 0.00987453 0.02050392 0.23135139 0.09827015 0.30477572 0.06047708 0.12954546 0.08071030 0.09243331 0.03214446
0.04050101 0.00412172 0.00466981 0.00261099 0.02160517 0.23252293 0.10217288 0.30547328 0.06024259 0.12066630 0.08385410 0.09201047 0.02963948
0.04249098 0.00323192 0.00461627 0.00406337 0.02742340 0.23310972 0.10294719 0.30498966 0.06685550 0.11033470 0.08560881 0.09054953 0.02660911
0.04545824 0.00246374 0.00132897 0.00138454 0.03538658 0.23305118 0.09947440 0.30588727 0.06830161 0.10026833 0.09484393 0.08988927 0.02950973
0.04825608 0.00365490 0.00109468 0.00426581 0.05957819 0.23172156 0.10602696 0.30667098 0.06446000 0.09356042 0.09091738 0.08723731 0.02549715
0.04992386 0.00669160 0.00381946 0.00444896 0.03755162 0.23515600 0.10466134 0.30642516 0.07147444 0.10878656 0.08285297 0.08420313 0.02792862
0.05140395 0.00284405 0.00152867 0.00389121 0.04079726 0.23356433 0.10086877 0.30645201 0.05889132 0.11982382 0.08602465 0.08389546 0.02693733
0.04875193 0.00985204 0.00120687 0.01071265 0.03855458 0.23535062 0.09947735 0.30741113 0.05322240 0.12669164 0.08192741 0.08240277 0.03682832
0.04627498 0.00410598 0.00101188 0.00486966 0.04737828 0.23346335 0.10320471 0.30616248 0.05304139 0.12517770 0.07757514 0.08591282 0.02936251
0.04182493 0.00380015 0.00167526 0.00421307 0.02814567 0.23504651 0.10125994 0.30623164 0.05838421 0.12023562 0.08819095 0.08496734 0.02837587
0.03686417 0.00167920 0.00200420 0.00103990 0.00268751 0.23645064 0.10969874 0.30678315 0.06174437 0.10788521 0.08144382 0.08779507 0.02767313
0.03241160 0.00203210 0.00198753 0.00116311 0.02946319 0.23447173 0.10542438 0.30458739 0.06628656 0.09787349 0.08856533 0.08587490 0.02668234
0.03061565 0.00676309 0.00168317 0.00690960 0.02696984 0.23468135 0.10607859 0.30557721 0.06764893 0.09986757 0.09005837 0.08343515 0.02632670
0.03068266 0.00565295 0.00141126 0.00435179 0.03592681 0.23346964 0.10429372 0.30676966 0.06069158 0.10494451 0.08943643 0.08483403 0.02775231
0.03135639 0.00407983 0.00100027 0.00573733 0.02969759 0.23081332 0.10424773 0.30762047 0.06110131 0.11182028 0.08292740 0.08101364 0.04137662
0.03235180 0.00330497 0.00130181 0.00239687 0.02539155 0.23260432 0.10111418 0.30794171 0.05280111 0.11607290 0.09372425 0.08271661 0.02672685
0.03322943 0.01236453 0.00138807 0.01253395 0.01123184 0.22975229 0.10166466 0.30557756 0.05465655 0.11942284 0.07296643 0.07974240 0.02646513
0.03427385 0.00470224 0.00065693 0.00043007 0.00416867 0.23036236 0.09836521 0.30599556 0.05926823 0.11503702 0.08064858 0.08248087 0.02583556
0.03434479 0.00345264 0.00061726 0.00346440 0.03192593 0.22894236 0.09988953 0.30557172 0.06743896 0.10773855 0.08328412 0.08358009 0.04796464
0.03327764 0.00546726 0.00209566 0.00682717 0.05302467 0.23022886 0.09768788 0.30552965 0.06478807 0.09860693 0.08760937 0.08509678 0.02641553
0.03231727 0.00656134 0.00345585 0.00915525 0.04992434 0.23297431 0.10398594 0.30501805 0.06521727 0.09947754 0.08035803 0.08336258 0.02461455
0.03194092 0.00362159 0.00142038 0.00241848 0.02669943 0.23404262 0.09343561 0.30567513 0.06251399 0.09992914 0.09118282 0.08345523 0.02491718
0.03339046 0.00373705 0.00113465 0.00345442 0.02016793 0.24055993 0.09826413 0.30711010 0.06574977 0.10618711 0.07653268 0.08028240 0.02723136
0.03217954 0.00731132 0.00087222 0.00674632 0.03651453 0.23748324 0.09690511 0.30583204 0.05646242 0.11371568 0.07933452 0.08173412 0.02621135
0.03105074 0.00377255 0.00103718 0.00436227 0.03762889 0.24254341 0.09649016 0.30666387 0.05300573 0.11704092 0.08106797 0.08071539 0.02536374
0.03049825 0.00551597 0.00368792 0.00793290 0.03806089 0.23984397 0.09761628 0.30390165 0.05604973 0.10939024 0.07659176 0.08225397 0.02589480
0.03016770 0.00570129 0.00140627 0.00699806 0.04830515 0.24326152 0.09060840 0.30480922 0.05690307 0.10141368 0.08543026 0.08446361 0.02561800
0.03294112 0.00943041 0.00113256 0.00962752 0.05351860 0.24602780 0.09378496 0.30567920 0.06454183 0.09294437 0.08217363 0.08461472 0.03541697
0.03342562 0.00579063 0.00167434 0.00741920 0.05180937 0.24357128 0.09873306 0.30661015 0.06602365 0.09922838 0.08282632 0.08563883 0.02861803
0.03382904 0.00543855 0.00091532 0.00660730 0.05210734 0.24415031 0.09464554 0.30694863 0.06339231 0.10336753 0.08707939 0.08306158 0.03288879
0.03371295 0.00557835 0.00153364 0.00508362 0.03442600 0.24243464 0.10293730 0.30657366 0.06672314 0.10845567 0.07827175 0.08635088 0.03337408
0.03342470 0.01413869 0.00152445 0.01424294 0.03194378 0.24087184 0.09700894 0.30746819 0.05450140 0.11260216 0.07869454 0.08208485 0.02712943
0.03319280 0.00612496 0.00116120 0.00839405 0.04271051 0.24017706 0.09635423 0.30714363 0.05512759 0.10446427 0.08816593 0.08108156 0.04647216
0.03402749 0.00537232 0.00085355 0.00587113 0.02531142 0.23957784 0.10133195 0.30783578 0.06277021 0.10389502 0.07879929 0.08140207 0.05273756
0.03383293 0.00550751 0.00091669 0.00511377 0.02060710 0.23914375 0.10231687 0.30795465 0.05751011 0.09976921 0.08972342 0.08180464 0.03822179
0.03312625 0.00358211 0.00068726 0.00522771 0.03261745 0.23759703 0.11308844 0.30878904 0.06085497 0.09448077 0.08097935 0.08505726 0.03832208
0.03207577 0.00857928 0.00086045 0.00791448 0.05959920 0.23394655 0.10460202 0.30694504 0.06008793 0.09759945 0.08367624 0.08438216 0.04390182
0.03059364 0.00429704 0.00104738 0.00584337 0.05002788 0.23485304 0.10448357 0.30612047 0.05665017 0.09336475 0.08892186 0.09139036 0.03472942
0.03728486 0.00429367 0.00164572 0.00594232 0.03060280 0.23084645 0.11183852 0.30440898 0.05731271 0.09239520 0.08484994 0.08474058 0.04420984
0.03658893 0.00551014 0.00121025 0.00537348 0.00969597 0.23122607 0.10307115 0.30454152 0.06008593 0.09834090 0.08093174 0.08295433 0.05167745
0.03441001 0.00372027 0.00160022 0.00255272 0.00502522 0.23304274 0.10003677 0.30220887 0.06318799 0.10007337 0.08353479 0.08291128 0.02811074
0.04354926 0.00169632 0.00071437 0.00230801 0.00234940 0.23000775 0.10532042 0.30244709 0.05026612 0.10077951 0.07147947 0.08194935 0.03715852
0.04479224 0.00947929 0.00065286 0.00861377 0.02394092 0.23087834 0.10175650 0.30125020 0.05110578 0.09511193 0.07020492 0.08083557 0.02627426
0.04922573 0.00523121 0.00147321 0.00664097 0.03586975 0.22987084 0.09764853 0.30324906 0.05299166 0.09553418 0.08233961 0.08362065 0.02619108
0.04998854 0.01737877 0.00166653 0.01787854 0.05529856 0.23204989 0.10047989 0.30211550 0.05794911 0.09311052 0.08141019 0.08583576 0.03738344
0.05043760 0.00651882 0.00102763 0.00609113 0.04404088 0.23216652 0.09869238 0.30307151 0.06151031 0.08561544 0.07969314 0.08594276 0.02798388
0.04689431 0.00561327 0.00423011 0.00642852 0.02944792 0.23318904 0.10043777 0.30552529 0.06799003 0.09284343 0.08772327 0.08700387 0.02881479
0.06332561 0.00307918 0.00134940 0.00173687 0.03604137 0.23454236 0.09822690 0.30403532 0.05796742 0.10013223 0.07844119 0.08213789 0.04484535
0.06469030 0.00547446 0.00101326 0.00547780 0.03945865 0.23404572 0.09522622 0.30514552 0.05226433 0.10611143 0.07598639 0.08209721 0.02642112
0.06538685 0.00584363 0.00091001 0.00434503 0.03401994 0.23456430 0.09550403 0.30427743 0.04980454 0.10461673 0.08783758 0.08062824 0.02784875
0.06535326 0.00832513 0.00080654 0.00999281 0.03918093 0.23363927 0.10095006 0.30413256 0.05350092 0.10223294 0.06857489 0.07992345 0.02671985
0.06455795 0.01414765 0.00149503 0.01672838 0.03210978 0.23442797 0.09488681 0.30304540 0.06452121 0.10073060 0.08589656 0.08473680 0.03038286
0.06356514 0.00863496 0.00144499 0.01064858 0.04448358 0.23330511 0.10341720 0.30291035 0.06392682 0.09999848 0.08511777 0.08648802 0.02430673
0.06326604 0.00872893 0.00124890 0.00609173 0.03028113 0.23122939 0.10507183 0.30334396 0.06588394 0.08573247 0.08122754 0.08617245 0.03631693
0.06357827 0.00912555 0.00120886 0.00995767 0.05056643 0.23299591 0.09811388 0.30324709 0.05473451 0.08703686 0.09107878 0.08673397 0.03204872
0.06358187 0.00538095 0.00291466 0.00441622 0.04490216 0.22894466 0.09645079 0.30416676 0.05954636 0.10471374 0.08045963 0.08427191 0.03145418
0.06346948 0.00410653 0.00201073 0.00522550 0.03342832 0.23640059 0.09652819 0.30319723 0.05881253 0.10507540 0.07494753 0.08408371 0.03116672
0.06250705 0.00847842 0.00112475 0.01230185 0.04907009 0.23195303 0.10485306 0.30497903 0.05574698 0.09756550 0.07754078 0.08207393 0.04150219
0.06164827 0.00646346 0.00122233 0.00757601 0.05160642 0.23452946 0.10128373 0.30455912 0.05983998 0.09566427 0.07993607 0.08341149 0.02872841
0.06099563 0.00681918 0.00136635 0.00835627 0.05453248 0.23111124 0.10795532 0.30297499 0.05423459 0.10198028 0.07872372 0.08466355 0.02644817
0.06119646 0.00400257 0.00102177 0.00436614 0.04060631 0.23004747 0.10916755 0.30544897 0.05092015 0.09908156 0.08722845 0.08358782 0.02742727
0.06148703 0.00501600 0.00084558 0.00663835 0.05111836 0.23091524 0.10411675 0.30485198 0.05821669 0.09231429 0.07846568 0.08909580 0.02986861
0.06212627 0.00985968 0.00084504 0.01076648 0.05140351 0.22957549 0.10467303 0.30523141 0.06022362 0.08914002 0.08093817 0.08574657 0.03354924
0.07662323 0.00717000 0.00469926 0.00839416 0.06153751 0.22981109 0.10456780 0.30592036 0.05935668 0.10145669 0.08473791 0.08729482 0.04011020
0.07552430 0.00705369 0.00164806 0.00796109 0.05737744 0.22589681 0.10481108 0.30517540 0.05851003 0.10157324 0.08247243 0.08242598 0.04531547
0.07611091 0.01192794 0.00108558 0.01279720 0.06470365 0.22592919 0.10306199 0.30760182 0.06138575 0.09843612 0.07926906 0.08344940 0.03172088
0.07827675 0.00849644 0.00144707 0.00714597 0.05435774 0.22287388 0.10580485 0.30614269 0.05957124 0.10172827 0.08653681 0.08345722 0.02910938
0.07865752 0.00942448 0.00136653 0.00725651 0.03543174 0.22611516 0.10125630 0.30501674 0.06822518 0.10836544 0.07903955 0.08098296 0.02910437
0.07804682 0.00224027 0.00291427 0.00267686 0.01148646 0.22716728 0.10598735 0.30425714 0.05693873 0.11648193 0.08183174 0.08427888 0.02759148
0.06663200 0.01023261 0.00180611 0.01029451 0.01618126 0.23008510 0.10585302 0.30372442 0.05774510 0.11688443 0.08283147 0.08668464 0.02655152
0.06076638 0.00295438 0.00160246 0.00235992 0.00223074 0.22964428 0.10443307 0.30298285 0.06368040 0.10835060 0.08316656 0.08695492 0.03975331
0.05566289 0.00802643 0.00173313 0.01041754 0.01804944 0.22984201 0.10101768 0.30463724 0.06594055 0.10075248 0.08984663 0.08632448 0.04865161
0.05238274 0.00600725 0.00198643 0.00776401 0.04388092 0.23422421 0.10094668 0.30513607 0.06309943 0.09594755 0.08695851 0.08311829 0.02598955
0.05370862 0.00229120 0.00335741 0.00192357 0.01961865 0.23104661 0.10803333 0.30364084 0.06663216 0.10585697 0.07980604 0.08327538 0.02537411
0.05948145 0.01056802 0.00145550 0.01251042 0.03938224 0.23478889 0.09878658 0.30788008 0.06017975 0.10787277 0.08983850 0.08285706 0.02555736
0.04876230 0.00557618 0.00123675 0.00822571 0.04834385 0.23297908 0.09839626 0.30603368 0.05659765 0.11454757 0.08097822 0.08090428 0.02501711
0.04912027 0.00615738 0.00143065 0.00583753 0.02383184 0.23383369 0.10471633 0.30697891 0.05665536 0.11528321 0.08129118 0.08383092 0.02770182
0.04957414 0.00744040 0.00078382 0.01194266 0.02062539 0.23231220 0.10602607 0.30672165 0.05709633 0.10954225 0.08657289 0.08268627 0.04483939
0.04998075 0.01171120 0.00069565 0.01416996 0.04666668 0.22875241 0.10362981 0.30618131 0.06429496 0.10318490 0.07743598 0.08753933 0.03896833
0.05020708 0.01377981 0.00094240 0.01355297 0.03033293 0.23220859 0.09931256 0.30621429 0.06361119 0.10039336 0.08889610 0.08369245 0.03120870
0.04200253 0.00881902 0.00103584 0.00741325 0.05701115 0.22888924 0.10790453 0.30558394 0.06377912 0.09602128 0.08641241 0.08648060 0.02959124
0.04189092 0.00717473 0.00099638 0.00882872 0.05503805 0.22968502 0.10567329 0.30484095 0.06099983 0.09657320 0.08628658 0.08316544 0.02721706
0.04694537 0.01158209 0.00209812 0.01111058 0.02506508 0.22526537 0.10935121 0.30704498 0.06188748 0.11249901 0.07771164 0.08663265 0.02866330
0.05120589 0.01174811 0.00155331 0.01249740 0.06529522 0.22479638 0.10190141 0.30546981 0.05440255 0.11804964 0.09012431 0.08660353 0.02947641
0.05351311 0.01328578 0.00251409 0.01403300 0.06338723 0.22559348 0.10830236 0.30689324 0.05813595 0.12275907 0.07659233 0.08328896 0.03945076
0.05422909 0.00409465 0.00182495 0.00446812 0.02396681 0.22403003 0.10923798 0.30685441 0.05770524 0.11360716 0.09255551 0.08530414 0.04720506
0.05513881 0.00328150 0.00158821 0.00403371 0.03129577 0.22514308 0.11259779 0.30681928 0.06089634 0.10284431 0.08431433 0.09086188 0.04609164
0.05619716 0.00524519 0.00384756 0.00467616 0.02970265 0.22331581 0.10398547 0.30639688 0.06647412 0.09736779 0.10172169 0.09265669 0.03067904
0.05595272 0.00480668 0.00116157 0.00802090 0.02821106 0.22516464 0.10876093 0.30592666 0.06970262 0.09653035 0.08512379 0.08566019 0.04849194
0.05436467 0.01212574 0.00095640 0.01404806 0.03461023 0.22351564 0.10214166 0.30603147 0.07113807 0.09863174 0.08746581 0.08601871 0.02806522
0.05223543 0.00546029 0.00188362 0.00626415 0.05376518 0.22299869 0.10514560 0.30610631 0.05927612 0.10530093 0.07955524 0.08606795 0.02890296
0.05028602 0.00671923 0.00142501 0.00872348 0.05870432 0.22335248 0.09683900 0.30631534 0.05404094 0.11525681 0.08624194 0.08421817 0.03703496
0.04997885 0.00656004 0.00173124 0.00870723 0.05069916 0.23066651 0.10611205 0.30623256 0.06021048 0.11643818 0.08307896 0.08333658 0.02742825
0.04916617 0.00516975 0.00127399 0.00368841 0.03716637 0.22516243 0.11039407 0.30552222 0.06219732 0.11029903 0.08615582 0.08536426 0.04430817
0.04849471 0.00767772 0.00144876 0.00609033 0.03688551 0.22922706 0.09952677 0.30403548 0.06793019 0.10277496 0.08974230 0.08636965 0.02670120
0.04768309 0.00430917 0.00142005 0.00696494 0.02505049 0.23263546 0.09821756 0.30254713 0.07127962 0.10702173 0.08511083 0.08757644 0.03096608
0.04683218 0.00313055 0.00170878 0.00237876 0.02260508 0.22961326 0.10263460 0.30339415 0.05911463 0.10804434 0.08887919 0.08508134 0.02786713
0.04561540 0.00377447 0.00121636 0.00403493 0.04727858 0.23334273 0.09610309 0.30353777 0.05441783 0.10824863 0.07930797 0.08312291 0.03535450
0.04425070 0.00553678 0.00131600 0.00477585 0.03546342 0.23163264 0.09654219 0.30474178 0.05748582 0.11281622 0.07467871 0.08253598 0.02595684
0.04354059 0.00664451 0.00112973 0.00463639 0.01827480 0.23121459 0.09367862 0.30521198 0.05833501 0.11576916 0.08888702 0.08219142 0.03377524
0.04341115 0.01119908 0.00100150 0.01444995 0.06136627 0.23020717 0.09546048 0.30587306 0.06131667 0.09836253 0.08407750 0.08305495 0.02437234
0.04285370 0.00728980 0.00146369 0.01057179 0.05012059 0.22869147 0.09591935 0.30526357 0.06134414 0.10126913 0.08407353 0.08188022 0.04037814
0.04195588 0.01345663 0.00109497 0.01297247 0.06117508 0.22878081 0.10887488 0.30467964 0.06153886 0.09990370 0.08762361 0.08402506 0.03579470
0.04129428 0.00933874 0.00081600 0.00990270 0.06031320 0.22777350 0.10241010 0.30331186 0.06173945 0.10338361 0.07924559 0.08609522 0.02879873
0.04092484 0.00728707 0.00133289 0.00678632 0.05596072 0.22837931 0.11442256 0.30280479 0.05199604 0.10532921 0.08037129 0.08665567 0.02805951
0.04058734 0.00698726 0.00082482 0.00658946 0.06787002 0.22597190 0.10211935 0.30265083 0.04589835 0.10885988 0.09523653 0.08716882 0.02918103
0.04024720 0.00872431 0.00087964 0.00720457 0.06784128 0.22593436 0.10291139 0.30479880 0.06226991 0.10649417 0.07885498 0.08559384 0.03148462
0.03962277 0.01041969 0.00093633 0.01347047 0.04184892 0.22383749 0.11638207 0.30569850 0.07571653 0.09704866 0.08415141 0.08561700 0.03733807
0.03974894 0.00427974 0.00146159 0.00519640 0.01763750 0.22130507 0.10673501 0.30671740 0.06484236 0.09303948 0.09124410 0.08562275 0.03437997
0.03885765 0.00639504 0.00100838 0.00892588 0.02480543 0.22628224 0.10817902 0.30620031 0.06333607 0.09089218 0.08373611 0.08399295 0.02891813
0.03859593 0.00189039 0.00128618 0.00143959 0.03412511 0.22061675 0.11111157 0.30505653 0.05397440 0.10501179 0.09964217 0.08346160 0.04518363
0.03818254 0.00764950 0.00215063 0.01051282 0.03223905 0.22355959 0.10751641 0.30467906 0.05699723 0.10788856 0.08550862 0.08567943 0.02841711
0.03799542 0.00373954 0.00091314 0.00485821 0.03826903 0.22116723 0.11056564 0.30413535 0.06038342 0.10308617 0.07742730 0.08663658 0.03331160
0.03894116 0.00299983 0.00082088 0.00469864 0.02603268 0.22169359 0.11397970 0.30424383 0.05575958 0.10466237 0.07935643 0.08470115 0.02764809
0.03928589 0.00275126 0.00235302 0.00205962 0.03723086 0.22265046 0.10746198 0.30159663 0.05726295 0.09958162 0.08129022 0.08516745 0.02877215
0.03944405 0.00907443 0.00185568 0.01000048 0.04437946 0.22261932 0.10596180 0.30430011 0.06038371 0.10925520 0.07784445 0.08652038 0.02684339
0.04016374 0.00369589 0.00324973 0.00317783 0.00588079 0.22110808 0.10124407 0.30203967 0.05511639 0.09917494 0.08820672 0.08267074 0.03318366
0.04150807 0.00269129 0.00233464 0.00335695 0.03473744 0.22269051 0.09651128 0.30102600 0.06095867 0.09740209 0.07793160 0.08329389 0.04112889
0.04246118 0.00571543 0.00164569 0.00746040 0.03943771 0.22464427 0.09234309 0.30017679 0.05565162 0.10681497 0.08509898 0.08321234 0.04445226
0.04393217 0.00632277 0.00124409 0.00454862 0.02373061 0.22289730 0.10254157 0.30090461 0.05742487 0.10650737 0.08750520 0.08497784 0.04352524
0.04281164 0.00347312 0.00083924 0.00275612 0.00525510 0.22637245 0.10310486 0.29916215 0.06517355 0.09948577 0.07609361 0.08461844 0.03551916
0.04342960 0.00330448 0.00097716 0.00218758 0.00201740 0.22741924 0.10013714 0.29909398 0.05984680 0.09863123 0.07718653 0.08426694 0.02889082
0.04190077 0.00449256 0.00072294 0.00407894 0.03681993 0.22609360 0.09963353 0.29930256 0.05862306 0.10446041 0.08443530 0.08614355 0.02737152
0.04026400 0.00657443 0.00074528 0.00450107 0.02081012 0.22744951 0.09861232 0.30102806 0.06114650 0.10384797 0.08321194 0.08389225 0.02626598
0.03818806 0.00729280 0.00079453 0.01113762 0.01898202 0.22620704 0.09839802 0.30217621 0.05394121 0.09579929 0.07901863 0.08401554 0.02541576
0.03699346 0.00325178 0.00121286 0.00575649 0.03470860 0.23192367 0.10133298 0.30420723 0.05125414 0.09038979 0.08776585 0.08249463 0.04212476
0.03487808 0.00330740 0.00141187 0.00249362 0.02141026 0.22935331 0.09670465 0.30463471 0.06320713 0.09800560 0.07920011 0.08261391 0.03155927
0.03291109 0.00490816 0.00104732 0.00546464 0.02780131 0.23155768 0.09873673 0.30421847 0.06490638 0.09888699 0.07969143 0.08325275 0.03678752
0.03012404 0.00377206 0.00200967 0.00235732 0.01935751 0.22928149 0.09618416 0.30282053 0.05685026 0.10635890 0.07858708 0.08321564 0.02768460
0.02943939 0.00672909 0.00120223 0.01057028 0.04939854 0.22954074 0.10633663 0.30173134 0.05591766 0.10504463 0.07187216 0.08783208 0.03221286
0.02995596 0.00568415 0.00065336 0.00516519 0.03939113 0.22818221 0.10419687 0.30254849 0.06030972 0.10524235 0.08175804 0.08413238 0.02732194
0.03085644 0.00493756 0.00181904 0.00645728 0.04635889 0.22484192 0.10158417 0.30147323 0.05783212 0.10950736 0.08788715 0.08418556 0.02938857
0.03057753 0.01121801 0.00118803 0.01100168 0.03676657 0.22486112 0.10415175 0.30194260 0.07285354 0.09886505 0.07485383 0.08334779 0.02492129
0.03081147 0.00424168 0.00110711 0.00062236 0.00533305 0.22191027 0.09986648 0.30189989 0.06271542 0.08917397 0.08714663 0.08088202 0.02523600
0.03118705 0.00991881 0.00077144 0.01042394 0.02404984 0.22513240 0.10307864 0.30275089 0.06855472 0.08921719 0.07948421 0.08182667 0.02621198
0.03157425 0.00724688 0.00178203 0.00986584 0.03345976 0.22077305 0.10369252 0.30232332 0.06107175 0.10053358 0.08615548 0.08141614 0.02541848
0.03120436 0.00735371 0.00126975 0.00727995 0.02955399 0.22349098 0.10427223 0.30360563 0.05713190 0.10496870 0.08442180 0.08227113 0.02774463
0.03060302 0.00370860 0.00068895 0.00532152 0.03728474 0.22534997 0.10973408 0.30474131 0.06065526 0.10946826 0.07529443 0.08325392 0.02801649
0.03014938 0.00435661 0.00075106 0.00583533 0.04075023 0.22402144 0.10751584 0.30468264 0.05381615 0.10913415 0.08470044 0.08239649 0.02814941
0.02960450 0.00442799 0.00066090 0.00560531 0.02794848 0.22655933 0.10920752 0.30455526 0.05632167 0.10545504 0.08178008 0.08271761 0.02835627
0.02926604 0.00410311 0.00081928 0.00538434 0.01965347 0.23161909 0.10803037 0.30705350 0.07469719 0.09988994 0.07913407 0.08159839 0.02862899
0.02865259 0.00371111 0.00067969 0.00476821 0.03126804 0.22953184 0.10052387 0.30716086 0.06136721 0.09746131 0.08684602 0.08062006 0.04419893
0.02834095 0.00622454 0.00081594 0.00637292 0.01920445 0.23501274 0.10091718 0.30839746 0.06539780 0.10288589 0.08399205 0.08147605 0.02688245
0.03369699 0.00398196 0.00188590 0.00380248 0.00655823 0.23166153 0.09375671 0.30515418 0.06696049 0.10581782 0.08114258 0.07958821 0.03799695
0.03398472 0.01372851 0.00090371 0.01432668 0.03431657 0.23618420 0.09726362 0.30540748 0.05460290 0.10432965 0.08242930 0.08229409 0.03974150
0.03439217 0.01026682 0.00180795 0.00907979 0.02916840 0.23423988 0.09659095 0.30355821 0.05806440 0.11136768 0.07732523 0.08239068 0.02651988
0.03520561 0.00525411 0.00108448 0.00623222 0.03365150 0.23574516 0.09655252 0.30225910 0.05880369 0.11214923 0.07881203 0.08407399 0.03452309
0.03427141 0.00376639 0.00084328 0.00809232 0.02492452 0.23686135 0.09606833 0.30320726 0.05809183 0.10749301 0.08470367 0.08417326 0.02512417
0.03316265 0.00252933 0.00084810 0.00343459 0.02268739 0.23495738 0.09000292 0.30366725 0.05721670 0.10500642 0.08176875 0.08205909 0.04256018
0.03252262 0.00971842 0.00066901 0.00856019 0.04241378 0.23661987 0.09885797 0.30597803 0.06138689 0.10332358 0.07804396 0.08228551 0.02622261
0.03290436 0.00448085 0.00060189 0.00532692 0.02356014 0.23398960 0.10565493 0.30718871 0.05682465 0.09983400 0.08579711 0.07981090 0.02963829
0.03255320 0.00278702 0.00063718 0.00106204 0.00206283 0.23430796 0.11251863 0.30952921 0.05864727 0.09745703 0.08578558 0.08124609 0.02882988
0.03120520 0.00768426 0.00108505 0.00477884 0.03186408 0.22976319 0.10462032 0.30834854 0.05912703 0.09639128 0.08312884 0.08044725 0.02983785
0.03108190 0.00487122 0.00116262 0.00660935 0.02775166 0.22973058 0.10987215 0.30776751 0.05590761 0.09895830 0.08471974 0.08160598 0.02846407
0.03111363 0.00281052 0.00097091 0.00184455 0.02036151 0.23077788 0.10347631 0.30656193 0.06150474 0.10135232 0.08129501 0.08267224 0.02796602
0.03211690 0.00632302 0.00103186 0.00641802 0.03787500 0.22782321 0.11128157 0.30474751 0.05735992 0.10088926 0.07659006 0.08396456 0.02729757
0.03320749 0.00421758 0.00070976 0.00313875 0.02182253 0.22724352 0.10257308 0.30274121 0.06556281 0.10015531 0.09041776 0.08528097 0.02800085
0.03395883 0.00874445 0.00368762 0.00640805 0.02158535 0.22635864 0.11658676 0.30369403 0.06248817 0.10118017 0.07618847 0.08419416 0.02779406
0.03445618 0.01197025 0.00089553 0.01319450 0.04385920 0.22532298 0.10155288 0.30298961 0.05603462 0.08924056 0.08665013 0.08559610 0.02845725
0.04080335 0.00583627 0.00075046 0.00713916 0.05200972 0.22797252 0.10669868 0.30518983 0.05825115 0.08459028 0.07802540 0.08320006 0.02829626
0.04151725 0.00318610 0.00105948 0.00465224 0.04498171 0.22632496 0.10136652 0.30276520 0.05532940 0.09474005 0.07834988 0.08125030 0.02559413
0.04063496 0.00373150 0.00100451 0.00528240 0.04458867 0.22874331 0.09950768 0.30420211 0.05150592 0.10034342 0.07614695 0.08296986 0.03760321
0.03983750 0.00682655 0.00128598 0.00658197 0.04243860 0.22901159 0.10812037 0.30516199 0.05331202 0.10154104 0.06761443 0.08159924 0.02839375
0.04154902 0.00910835 0.00068942 0.01069343 0.03190422 0.22955441 0.10373639 0.30489732 0.05085920 0.09847802 0.07842712 0.08109064 0.03641200
0.04237189 0.00235384 0.00063526 0.00200879 0.00739103 0.23240915 0.10128344 0.30373766 0.05336851 0.09087036 0.08458449 0.08292719 0.03026748
0.03623005 0.00684370 0.00064706 0.00750823 0.02555052 0.23171365 0.10266126 0.30339911 0.06336702 0.08299194 0.08050059 0.08283700 0.02865903
0.03638979 0.00304731 0.00056375 0.00117932 0.02415457 0.23228701 0.10332056 0.30339452 0.05955335 0.08060269 0.09093304 0.08271392 0.02888227
0.03476238 0.00464898 0.00087589 0.00454612 0.03118242 0.23392263 0.10198171 0.30296241 0.05525053 0.08966919 0.07674974 0.08060118 0.02699376
0.03310753 0.00467877 0.00081859 0.00672732 0.04008633 0.23137250 0.10742292 0.30204994 0.04790050 0.10223657 0.06988083 0.07903417 0.04375551
0.03121289 0.00679961 0.00078577 0.00590569 0.03337664 0.23240630 0.10102513 0.30207316 0.04795015 0.10735337 0.06877611 0.07991143 0.02548146
0.03084085 0.00188614 0.00105236 0.00026224 0.00120845 0.23232708 0.09806058 0.29981816 0.04680029 0.10388868 0.07463337 0.07990954 0.02689565
0.03059021 0.00329917 0.00086573 0.00044691 0.00259522 0.23220570 0.10454033 0.29990683 0.05668086 0.09702932 0.07395748 0.08104952 0.02517393
0.03013026 0.00187108 0.00092556 0.00315374 0.00437312 0.23314570 0.10430683 0.29980551 0.05816560 0.08401330 0.08704293 0.08441491 0.03987181
0.03044041 0.00200632 0.00073020 0.00268652 0.00262593 0.23271899 0.10826252 0.30207506 0.06276579 0.08048145 0.08494087 0.08341656 0.02550003
0.03027481 0.00343941 0.00076425 0.00252501 0.02456118 0.23304424 0.10643250 0.30295223 0.05851672 0.08185140 0.08153486 0.08210566 0.03564813
0.03055855 0.00577068 0.00058081 0.00592721 0.02957543 0.23114347 0.10100050 0.30506495 0.05747359 0.09488389 0.07741152 0.08254734 0.02823073
0.03066929 0.00369588 0.00416263 0.00252093 0.02533201 0.23246539 0.10654378 0.30582722 0.04578567 0.10648013 0.07694136 0.08619604 0.03105156
0.03056053 0.00255303 0.00106325 0.00283519 0.02236636 0.22917557 0.10799318 0.30454920 0.04880877 0.10414063 0.06755320 0.07943741 0.02855461
0.03293137 0.00872445 0.00336538 0.00826304 0.04735267 0.22956715 0.10377669 0.30629087 0.05285788 0.09817743 0.08438635 0.08111028 0.02773970
0.03668855 0.00448954 0.00113200 0.00670791 0.03869448 0.22763927 0.11149806 0.30427569 0.06768968 0.09711568 0.07914554 0.08400987 0.02710271
0.04151004 0.00482990 0.00092171 0.00569911 0.03415619 0.22665857 0.10527558 0.30456715 0.06895983 0.08826972 0.08700848 0.08389346 0.03110161
0.04353751 0.00667273 0.00070823 0.00629014 0.05257839 0.22584226 0.10152565 0.30322086 0.06297707 0.08562128 0.08626057 0.08295342 0.03227405
0.04408870 0.00974309 0.00254374 0.01110546 0.01841267 0.22701582 0.10674476 0.30130848 0.05246144 0.09141366 0.07563296 0.08534678 0.04491397
0.04548143 0.00700566 0.00108757 0.00585551 0.04590092 0.22850280 0.10662971 0.30214994 0.04874278 0.10264211 0.07552585 0.08211300 0.03766523
0.04695457 0.00421451 0.00280395 0.00397940 0.02336734 0.22917195 0.11095199 0.30097723 0.04796997 0.10623003 0.07710469 0.08273674 0.02714234
0.04723062 0.00340399 0.00132391 0.00397038 0.03262102 0.22758255 0.10624804 0.30207003 0.05366169 0.09958656 0.07650164 0.07970524 0.03945606
0.04572408 0.00332679 0.00152184 0.00261303 0.02336252 0.22737986 0.10205940 0.30318727 0.05294521 0.09950497 0.08722121 0.08668149 0.02733840
0.04594821 0.00408837 0.00139846 0.00600574 0.00699428 0.22950385 0.10330095 0.30376298 0.06625238 0.09490847 0.08200921 0.08200778 0.03854349
0.04581689 0.00395389 0.00129435 0.00218721 0.00389306 0.22854471 0.10360284 0.30276367 0.06561319 0.08738089 0.08717287 0.08360125 0.03688357
0.04664098 0.01330305 0.00102064 0.01379263 0.03389313 0.22748777 0.10272050 0.30159806 0.05520980 0.08695261 0.08491073 0.08306291 0.02773890
0.04564264 0.00543644 0.00094894 0.00620000 0.03962899 0.23199316 0.10696483 0.30206503 0.05464994 0.09614121 0.07509725 0.08286035 0.02855176
0.04529391 0.00785144 0.00084446 0.00938343 0.04712109 0.23016397 0.10643698 0.30095280 0.05085255 0.10649969 0.07429576 0.08138804 0.02639774
0.04462068 0.00479158 0.00114564 0.00573176 0.04629836 0.23319829 0.09803053 0.30242908 0.05575926 0.10660810 0.07567444 0.08219249 0.02711507
0.04489080 0.00422379 0.00287650 0.00595729 0.04584195 0.23039315 0.09992081 0.30228838 0.05266568 0.10097671 0.07357664 0.07958687 0.02805393
0.04531242 0.00569585 0.00118244 0.00638341 0.04533688 0.23481301 0.09731103 0.30335863 0.05747761 0.10093907 0.07443368 0.08356119 0.02498975
0.04562696 0.00329297 0.00102844 0.00088767 0.04599430 0.23119654 0.09431808 0.30199036 0.05786029 0.09868464 0.08711737 0.08089845 0.02766517
0.04519592 0.00437664 0.00088868 0.00540489 0.03820988 0.23086811 0.09605486 0.30102257 0.06355877 0.09237001 0.07355266 0.08092125 0.02944752
0.04395096 0.00337906 0.00097134 0.00408606 0.03091795 0.23183178 0.09172694 0.29953320 0.05255074 0.08896973 0.08091993 0.08135502 0.03158350
0.04232952 0.00204885 0.00097981 0.00336712 0.00419500 0.23312111 0.09402053 0.29972260 0.05453215 0.09944584 0.07500727 0.07966747 0.02495930
0.04141909 0.00105815 0.00113732 0.00086805 0.00061761 0.23021142 0.10169128 0.29962169 0.04889454 0.10964994 0.07262117 0.08149632 0.03442086
0.04110837 0.00839139 0.00085989 0.00752538 0.05201846 0.22853199 0.09976403 0.30258078 0.04929576 0.10496369 0.07271752 0.08132872 0.02704324
0.04006737 0.00424843 0.00103482 0.00555146 0.03890276 0.22717216 0.09739878 0.30232653 0.05281326 0.09608723 0.08364875 0.08168515 0.02546152
0.03941515 0.00672922 0.00099444 0.00607734 0.05340614 0.22370793 0.10600052 0.30488060 0.07174549 0.09477385 0.07577645 0.08508197 0.02665414
0.03896794 0.00706547 0.00188425 0.00736274 0.05295684 0.22352354 0.10342596 0.30659730 0.06814086 0.09236131 0.10154293 0.08465185 0.02892100
0.03960131 0.00560029 0.00125541 0.00589572 0.04197762 0.22421929 0.11319452 0.30590649 0.06185911 0.09013933 0.08228425 0.08300270 0.03023112
0.04056150 0.00527883 0.00084921 0.00535481 0.03838211 0.22161806 0.11972881 0.30495051 0.05380496 0.09390984 0.08450473 0.08208136 0.02815084
0.04482966 0.00784870 0.00066553 0.00550458 0.02357085 0.22116961 0.11407948 0.30531684 0.06144814 0.10852968 0.07903943 0.08160530 0.02967811
0.04469823 0.00804136 0.00078970 0.00795211 0.03609085 0.22371437 0.10643315 0.30366561 0.05566976 0.11334965 0.07917371 0.08452794 0.02908892
0.04431959 0.01128443 0.00084823 0.01441336 0.04756489 0.22651840 0.10090180 0.30310803 0.05835558 0.10407736 0.07659226 0.08281726 0.02798289
0.04287453 0.00580829 0.00080453 0.00444392 0.04856223 0.22466851 0.10441940 0.30282040 0.05761455 0.09813162 0.08384844 0.08385876 0.03888765
0.04143087 0.00617607 0.00203085 0.00677561 0.04102310 0.22629638 0.10236599 0.30291110 0.06853078 0.09731687 0.08719416 0.08228059 0.02728236
0.03927702 0.00938995 0.00136217 0.01048582 0.04628515 0.22862548 0.10587678 0.30337037 0.06106357 0.09090826 0.08871282 0.08417377 0.04670174
0.03734879 0.00830989 0.00144734 0.00757093 0.02566003 0.23192398 0.09870592 0.30464518 0.06751249 0.08608361 0.08458664 0.08447231 0.02876294
0.03657106 0.00595580 0.00126313 0.00656997 0.04756387 0.22821960 0.10295640 0.30367196 0.05857295 0.09425750 0.07845923 0.08393072 0.03697928
0.03579931 0.00546801 0.00193619 0.00453575 0.03239444 0.23045639 0.10563213 0.30597974 0.05391951 0.11409697 0.08341081 0.08842458 0.03085751
0.03573618 0.00639299 0.00171759 0.00596701 0.04493287 0.22928263 0.10882085 0.30413810 0.04434545 0.12062780 0.06943094 0.08179639 0.03477427
0.03773768 0.00303372 0.00203512 0.00387126 0.04946780 0.22947647 0.10939358 0.30409188 0.04811173 0.10496487 0.07408961 0.08359341 0.02580403
0.03976561 0.00381180 0.00100016 0.00436344 0.03842868 0.23130297 0.10941537 0.30576248 0.05720771 0.08985039 0.08029933 0.08256928 0.02793020
0.04100508 0.00536889 0.00056810 0.00858075 0.03241592 0.22945330 0.09545212 0.30460283 0.07066549 0.08199343 0.08578714 0.08265680 0.03239298
0.04180691 0.00396087 0.00045312 0.00508858 0.03082734 0.23027624 0.10040193 0.30493944 0.06930155 0.07738988 0.08636118 0.08274427 0.02976406
0.04176127 0.00386103 0.00058258 0.00154845 0.00430929 0.22941368 0.09095046 0.30447069 0.06536749 0.08092260 0.08009870 0.08196841 0.03788624
0.04109550 0.00299659 0.00059294 0.00347377 0.00443454 0.22874033 0.09841487 0.30223876 0.05226582 0.10058301 0.07145959 0.08022858 0.03348522
0.04062390 0.00335866 0.00093308 0.00320344 0.02719322 0.22868394 0.09428644 0.30120836 0.04469691 0.11419019 0.07293514 0.07942675 0.02611685
0.03962626 0.00743906 0.00079814 0.01028735 0.01350229 0.22453024 0.09396748 0.30083686 0.04361911 0.11072325 0.06973432 0.07987810 0.03211336
0.03757053 0.00443824 0.00237570 0.00491131 0.03097334 0.22550478 0.09963803 0.30127819 0.05414102 0.09769315 0.07144493 0.08125463 0.02325305
0.03706109 0.00330060 0.00172522 0.00168375 0.03036188 0.22596927 0.09823103 0.30367121 0.06296468 0.08389014 0.07794041 0.08624148 0.02384129
0.04016343 0.00359421 0.00160998 0.00066894 0.00269690 0.22759087 0.09292148 0.30377504 0.06603876 0.09250598 0.08911549 0.08263240 0.02496875
0.04458449 0.00739718 0.00260517 0.00671519 0.01759931 0.22258174 0.10712888 0.30506034 0.06251934 0.08900971 0.08285312 0.08417706 0.02582342
0.04670209 0.00526237 0.00140412 0.00401730 0.04034533 0.22240992 0.09976767 0.30490793 0.05883775 0.08801395 0.08638387 0.08203623 0.02736740
0.04834139 0.00571411 0.00203198 0.00059427 0.00346865 0.22414287 0.10765602 0.30616981 0.05639838 0.10082965 0.07549346 0.08285530 0.02742621
0.04843501 0.00434256 0.00145470 0.00055595 0.03254543 0.22358568 0.10643606 0.30305187 0.05086198 0.11350331 0.07810092 0.08113762 0.02908247
0.04895324 0.00696460 0.00101315 0.00902514 0.03965515 0.22557547 0.11214412 0.30462723 0.04874748 0.10380027 0.07897808 0.08196778 0.02876043
0.04871000 0.00530729 0.00107389 0.00293881 0.02414933 0.22283531 0.10921452 0.29995115 0.05352469 0.09189715 0.07885378 0.08401326 0.02789361
0.04579526 0.00435354 0.00154584 0.00547628 0.01611906 0.22846569 0.11487126 0.30073582 0.06208987 0.08714926 0.08231873 0.08764301 0.02726943
0.04878435 0.00980174 0.00166699 0.00876746 0.01664382 0.22716600 0.10628511 0.29911262 0.06162468 0.08852246 0.09319578 0.08458417 0.02622523
0.04995580 0.00304356 0.00119726 0.00267459 0.00199862 0.23135855 0.11560149 0.29843926 0.06242807 0.08560347 0.08136134 0.08432610 0.03144804
0.04996034 0.00961762 0.00118788 0.00826059 0.04130248 0.22819940 0.11032993 0.30005396 0.05315578 0.09175330 0.07876707 0.08214897 0.02848976
0.04902212 0.00717102 0.00106482 0.00690747 0.05139922 0.23121921 0.10182396 0.30043843 0.04996417 0.10296718 0.08085058 0.08140726 0.02729741
0.04806923 0.01017265 0.00117435 0.01006336 0.04199847 0.23217346 0.11008106 0.30138511 0.04924044 0.10413519 0.07110066 0.08014638 0.02742709
0.04784456 0.00548190 0.00094947 0.00363455 0.03416184 0.23269472 0.10078300 0.30362367 0.05646204 0.09500607 0.07133751 0.08129301 0.02883605
0.04639101 0.00374492 0.00096145 0.00662842 0.04162410 0.23425504 0.10235053 0.30425338 0.05158839 0.08748205 0.07787458 0.08065664 0.03625829
0.04276001 0.01000052 0.00099067 0.00917771 0.04514571 0.23388031 0.10192546 0.30493393 0.05956424 0.08739617 0.07688665 0.08150999 0.02775862
0.03988811 0.00935006 0.00116535 0.01120802 0.06147216 0.23383719 0.10266092 0.30523850 0.04956590 0.08758410 0.08321736 0.08295866 0.02744502
0.03678514 0.00568527 0.00164020 0.00505605 0.04121254 0.23444423 0.09513189 0.30392867 0.04985510 0.08976135 0.07358078 0.08176508 0.03761037
0.03674272 0.01490550 0.00288007 0.01642831 0.03281519 0.23436283 0.09833320 0.30314408 0.04566518 0.09485295 0.07195759 0.07988084 0.02535986
0.03674578 0.00981935 0.00233259 0.01218257 0.04039187 0.23516148 0.08703558 0.30170183 0.04832270 0.09797247 0.07206552 0.08119713 0.02491503
0.03842850 0.00377371 0.00487646 0.00209983 0.03163516 0.23655557 0.09335277 0.30135054 0.05178824 0.09970727 0.06535575 0.08052803 0.02452706
0.04075566 0.00399159 0.00208231 0.00360176 0.02362228 0.23616026 0.09111538 0.29953253 0.04873209 0.09390474 0.07131950 0.08154498 0.02266887
0.04154315 0.01356599 0.00141836 0.01642888 0.04110266 0.23329697 0.08630003 0.29900177 0.05331173 0.09650026 0.07296512 0.08229045 0.02381131
0.04969315 0.01019290 0.00291102 0.01107572 0.05002098 0.23031537 0.09603909 0.29686638 0.05412856 0.09462118 0.06788388 0.08192626 0.02473764
0.05120583 0.00747686 0.00121032 0.00792793 0.05829236 0.22770032 0.09470806 0.29907656 0.05459766 0.08796569 0.07954695 0.08508514 0.03419077
0.05250275 0.00694007 0.00148015 0.00807474 0.06826138 0.22602493 0.09371632 0.29991829 0.05647759 0.09248803 0.07485572 0.08121081 0.02793264
0.05212435 0.00457591 0.00108594 0.00680443 0.05729765 0.22299826 0.10624310 0.30080159 0.05343892 0.09291958 0.07115996 0.08165419 0.03762510
0.05125286 0.00535536 0.00098747 0.00600456 0.04337358 0.22497391 0.09899580 0.30455326 0.05228256 0.09320530 0.08462388 0.08182228 0.02931193
0.04716212 0.00618529 0.00112327 0.00752606 0.05215047 0.22138503 0.11042257 0.30590760 0.05522926 0.09034899 0.07975552 0.08059559 0.02749438
0.04548474 0.00513299 0.00119963 0.00339766 0.05227746 0.21959920 0.11069399 0.30589722 0.05857946 0.08788962 0.07760055 0.08220019 0.03013790
0.04383934 0.00837233 0.00114920 0.00870494 0.04315893 0.22031562 0.10815261 0.30596289 0.06152698 0.08953389 0.08612422 0.08307008 0.02926162
0.04236934 0.00454754 0.00100602 0.00375448 0.03567076 0.21708681 0.11166211 0.30365602 0.05558652 0.09461979 0.08657659 0.08389256 0.03195326
0.04040080 0.00377839 0.00094395 0.00421261 0.03166542 0.22080619 0.11353672 0.30243034 0.05817895 0.09334140 0.07787338 0.08455384 0.02825244
0.03820620 0.00376208 0.00091084 0.00449540 0.01622496 0.21957259 0.10838355 0.30183911 0.04649226 0.09385805 0.08829050 0.08453361 0.04538245
0.03673035 0.00187650 0.00117097 0.00236233 0.00264772 0.22436817 0.11413203 0.30022069 0.04887592 0.09570756 0.07237305 0.08199927 0.02912990
0.03578391 0.00340378 0.00088737 0.00532921 0.03249362 0.22409545 0.10275537 0.29881220 0.04939607 0.09580454 0.08194227 0.07951297 0.03013266
0.03532269 0.00130577 0.00226829 0.00100933 0.00072354 0.22815753 0.10282527 0.29850038 0.05467028 0.09364761 0.07575553 0.07986873 0.02737742
0.03535619 0.00377410 0.00156054 0.00193853 0.00468667 0.22907659 0.10186913 0.29881136 0.05759285 0.08862105 0.07923847 0.08302707 0.02680071
0.03642161 0.00217548 0.00122195 0.00152517 0.00086411 0.23063303 0.11382589 0.30100602 0.06209879 0.08722070 0.07555272 0.08188409 0.02702454
0.03867429 0.00238899 0.00072462 0.00471786 0.00757475 0.23420853 0.10450762 0.30179101 0.05309917 0.09110065 0.09549097 0.08304199 0.04495714
0.03956643 0.00410619 0.00168627 0.00319873 0.02528175 0.23524208 0.11008718 0.30290703 0.05522371 0.10633168 0.06890463 0.08104237 0.03222388
0.03943424 0.00317425 0.00153961 0.00311624 0.03835187 0.23986067 0.08912683 0.30277631 0.04927719 0.10177780 0.07921367 0.08349766 0.02634774
0.04003420 0.00301629 0.00200186 0.00225676 0.02199524 0.24019927 0.09255062 0.30303685 0.05129133 0.10157952 0.06722167 0.07901622 0.02897086
0.04078691 0.00440479 0.00077077 0.00555550 0.04424931 0.24049858 0.09715615 0.30301641 0.05236527 0.10088306 0.07585076 0.07882505 0.03528738
0.04111084 0.00411602 0.00151578 0.00387538 0.04272715 0.24016418 0.08730791 0.30451077 0.05293092 0.10244036 0.06965151 0.07913273 0.02882851
0.03995482 0.00459870 0.00097541 0.00494574 0.04057076 0.23993965 0.08689929 0.30368341 0.05035330 0.09265066 0.07973345 0.07957152 0.03479608
0.03831829 0.00371300 0.00099173 0.00333117 0.02553512 0.23714452 0.09371033 0.30142818 0.05755720 0.09158400 0.06791902 0.08127708 0.02933621
0.03711258 0.00434257 0.00131743 0.00267951 0.02348509 0.23670094 0.09310413 0.30179499 0.05476258 0.08954591 0.08363342 0.08068571 0.02517821
0.03612167 0.00293236 0.00089036 0.00402976 0.02239948 0.23302283 0.09695337 0.29891340 0.05553535 0.08923494 0.07498531 0.07976679 0.02594374
0.03464967 0.00398453 0.00082347 0.00329793 0.02844124 0.23056034 0.10003666 0.29998694 0.05593221 0.08875348 0.07886167 0.08301331 0.02374202
0.03315699 0.01285242 0.00075674 0.01361025 0.03498415 0.22932300 0.09530780 0.30177278 0.05063385 0.09561584 0.07592651 0.08194095 0.03892346
0.03210868 0.00538203 0.00076257 0.00589618 0.03044927 0.22424116 0.09983335 0.30218995 0.04971124 0.09982965 0.07638967 0.08041739 0.02708788
0.03186612 0.00466319 0.00074333 0.00528388 0.03897511 0.22429390 0.10327348 0.30558821 0.05099429 0.10004672 0.07215644 0.08076287 0.04248187
0.03299661 0.00513160 0.00082439 0.00700631 0.05664073 0.22288230 0.11416790 0.30829256 0.04847063 0.09915949 0.08464160 0.08128887 0.03014687
0.03300601 0.00310847 0.00105194 0.00638847 0.03292542 0.21838668 0.11972371 0.31004307 0.05761374 0.10105612 0.07789053 0.08147424 0.03955934
0.03330594 0.00505503 0.00118630 0.00830955 0.06144185 0.22184278 0.11349846 0.30957186 0.05478994 0.10197356 0.09270248 0.09130216 0.03060380
0.03355026 0.00839550 0.00141458 0.00900499 0.05360329 0.21575961 0.11468349 0.30796848 0.05746373 0.08679868 0.08808081 0.08480978 0.03899266
0.03390433 0.01730303 0.00082327 0.01820166 0.05412640 0.22257530 0.11441744 0.30766992 0.05628761 0.09102796 0.08029231 0.08642123 0.03784773
0.03509958 0.00693810 0.00077879 0.00897763 0.05890473 0.22024251 0.10796472 0.30530712 0.05201866 0.09793095 0.07862295 0.08468649 0.04632038
0.03550718 0.00892981 0.00121759 0.00943346 0.05854941 0.22544310 0.10592841 0.30513818 0.06017428 0.10500999 0.07346928 0.08220491 0.04589448
0.03531263 0.00440871 0.00073629 0.00780379 0.06477716 0.22743802 0.10258901 0.30342114 0.05213633 0.10051448 0.07795428 0.08293644 0.03232087
0.03542439 0.00609363 0.00076412 0.00691280 0.04043143 0.22810638 0.10762296 0.30409619 0.05476793 0.09538890 0.08173944 0.08115705 0.03345218
0.03478348 0.00977158 0.00119208 0.01072036 0.05589303 0.23479184 0.11022044 0.30421354 0.06009258 0.09082657 0.08422158 0.08335344 0.02675338
0.03407186 0.00925295 0.00152477 0.01053303 0.04140711 0.23283149 0.10342238 0.30142496 0.06284115 0.09289526 0.08361269 0.08198458 0.03005888
0.03360628 0.00528738 0.00134258 0.00628410 0.03903599 0.23857238 0.09705911 0.30456881 0.05369863 0.09505059 0.07985899 0.08516455 0.03564733
0.05578201 0.00668013 0.00287722 0.00616012 0.04497577 0.23879429 0.10327282 0.30400319 0.05112841 0.10406679 0.07063040 0.08414040 0.03285895
0.06095618 0.00592965 0.00131325 0.00896925 0.04446401 0.24047992 0.09532991 0.30516011 0.05493365 0.10333385 0.07898933 0.08304993 0.03021853
0.06523338 0.00441905 0.00150629 0.00404268 0.04018173 0.24004920 0.10591143 0.30526738 0.05571037 0.10163078 0.07402696 0.08256776 0.03789520
0.06585599 0.00682262 0.00139154 0.00713540 0.04372323 0.24283399 0.09892653 0.30619093 0.05472412 0.09285523 0.08253426 0.08283171 0.02614946
0.06677768 0.00449445 0.00117969 0.00391129 0.02400802 0.23564126 0.09402836 0.30484275 0.05945384 0.09446612 0.07806013 0.08059794 0.03290310
0.06736701 0.00208560 0.00098701 0.00236863 0.01335632 0.23683307 0.09651714 0.30509480 0.05582855 0.09805092 0.08314054 0.08169136 0.03818173
0.06690716 0.00350055 0.00081968 0.00384224 0.00739619 0.22980866 0.10293784 0.30360480 0.06173120 0.10045884 0.07645736 0.07965154 0.02472595
0.06385784 0.00210744 0.00095468 0.00112696 0.03355437 0.22838617 0.10324358 0.30308513 0.05926917 0.10208350 0.07721319 0.08244245 0.03208086
0.05718299 0.00755042 0.00107719 0.01188428 0.01795085 0.22245296 0.10031839 0.30206334 0.05141342 0.10448794 0.07948215 0.08420266 0.02698068
0.05044395 0.00536509 0.00197316 0.00388660 0.05697620 0.22159739 0.10029590 0.30204823 0.05864090 0.10607840 0.07264923 0.08452846 0.03601184
0.03902160 0.01117876 0.00090908 0.01343405 0.04581231 0.21673523 0.10231667 0.30156199 0.06015063 0.10151613 0.07970132 0.08678382 0.03114210
0.03860776 0.00761926 0.00130475 0.00708832 0.04456346 0.21797633 0.10572520 0.30326656 0.05364221 0.09484899 0.08175401 0.08236909 0.04200912
0.03822680 0.01398770 0.00089405 0.01444556 0.05362277 0.21701242 0.10629572 0.30482714 0.05779754 0.09276655 0.08303968 0.08453131 0.03712576
0.03748979 0.00774261 0.00171892 0.00750602 0.03394963 0.21538002 0.11174335 0.30620965 0.05905051 0.09724878 0.08540224 0.08214697 0.05197675
0.03658636 0.00587174 0.00141348 0.00723814 0.07078577 0.21506948 0.11069346 0.30937352 0.05800903 0.09959801 0.08493985 0.08269420 0.02780136
0.03595147 0.00938736 0.00172485 0.01157648 0.05545251 0.21542167 0.11066166 0.30720515 0.05593025 0.10301185 0.07658974 0.08544765 0.02950071
0.03581954 0.00733937 0.00111966 0.00487616 0.04439197 0.21832020 0.10822489 0.30907253 0.05851561 0.10282607 0.08317659 0.08513426 0.03156677
0.03690508 0.00659095 0.00228057 0.00859639 0.04004767 0.21992722 0.11807256 0.30684167 0.05869926 0.10676771 0.08369974 0.08584648 0.02910697
0.03789197 0.00380185 0.00114848 0.00270118 0.03085017 0.22165761 0.11149427 0.30671107 0.05834873 0.10016663 0.08771379 0.08626625 0.03038339
0.03896870 0.01195966 0.00219533 0.01262210 0.04646831 0.22168900 0.11172506 0.30624501 0.05970942 0.09522073 0.08435663 0.08585270 0.02879895
0.04059350 0.00981336 0.00201691 0.00827744 0.01533224 0.22659417 0.10762093 0.30542519 0.05919307 0.09647486 0.08758441 0.08506002 0.02924362
0.04236727 0.00455849 0.00102410 0.00515206 0.02366573 0.22427201 0.11020425 0.30406875 0.05652539 0.09935462 0.08351826 0.08102346 0.02960716
0.04326246 0.00198801 0.00093665 0.00060047 0.00500789 0.22903762 0.11407505 0.30329557 0.05004051 0.10954495 0.07610636 0.08291669 0.02655556
0.04333846 0.00237312 0.00107069 0.00037794 0.00256706 0.22933407 0.10500222 0.30277323 0.05167978 0.10625680 0.08069250 0.07861394 0.02752573
0.04268993 0.00164722 0.00093357 0.00041892 0.00100510 0.23139907 0.10903329 0.30071339 0.05858210 0.09921049 0.07323995 0.08254240 0.02616241
0.04119310 0.00130377 0.00111834 0.00026630 0.00075482 0.23130443 0.10531578 0.30076154 0.05462344 0.09622671 0.08701802 0.08103325 0.02586551
0.03947591 0.01029012 0.00092791 0.00986434 0.03329658 0.23261269 0.10068588 0.30180113 0.05522788 0.09057038 0.08460077 0.08417271 0.02831350
0.03742952 0.00440862 0.00110487 0.00203499 0.02507435 0.23300796 0.10555515 0.30281191 0.05690901 0.09130441 0.08317408 0.08502419 0.02630590
0.03495445 0.00435468 0.00102667 0.00456761 0.03084766 0.23364425 0.10459347 0.30521603 0.05532604 0.09879597 0.08013527 0.08200078 0.02669790
0.03319908 0.01310581 0.00102945 0.01376711 0.01497949 0.23254664 0.10099464 0.30535553 0.06444678 0.09902376 0.07806751 0.08212794 0.02599849
0.03233796 0.00289509 0.00381825 0.00067475 0.00228708 0.23348825 0.10034355 0.30664500 0.05825059 0.10553721 0.07047114 0.08077910 0.02590570
0.03184583 0.00449118 0.00136084 0.00241372 0.02328507 0.22963738 0.09692154 0.30513327 0.05329570 0.10370427 0.07843825 0.07717775 0.02716292
0.03285276 0.00372861 0.00311690 0.00409899 0.03056581 0.23529233 0.09754725 0.30457293 0.05147083 0.10734804 0.07052151 0.08002704 0.02593599
0.03451662 0.00456048 0.00219581 0.00038154 0.00395278 0.23082638 0.09727081 0.30331385 0.05534989 0.10298335 0.07930357 0.08007803 0.02483389
0.03658987 0.00209914 0.00142955 0.00334209 0.03197495 0.23297626 0.10098916 0.30455949 0.05841863 0.09095180 0.08077544 0.08689418 0.03583644
0.03931859 0.00236143 0.00108517 0.00269270 0.00225733 0.22869659 0.10153317 0.30216529 0.06147943 0.08600474 0.08520491 0.08399509 0.04548462
0.04105364 0.00199503 0.00061151 0.00381299 0.00528000 0.23083827 0.10463246 0.30161216 0.05629487 0.09013070 0.08128313 0.08141986 0.03152622
0.04151991 0.00632212 0.00065651 0.00508675 0.01969975 0.22688015 0.09990589 0.30264694 0.05374205 0.09745909 0.07817813 0.08240865 0.04426729
0.04103066 0.00186912 0.00083815 0.00476689 0.03660685 0.22965841 0.10182316 0.30327168 0.04570248 0.10232801 0.07437098 0.08022859 0.04907596
0.03997361 0.01159899 0.00074196 0.01155427 0.03207722 0.22748478 0.10271992 0.30361083 0.04623389 0.10497230 0.07195481 0.08067477 0.03800995
0.03828867 0.01055305 0.00222352 0.01253341 0.01810778 0.22615289 0.11502436 0.30531598 0.05280461 0.10373071 0.07473887 0.07978570 0.03984514
0.03316134 0.00511969 0.00421307 0.00269225 0.04583596 0.22549528 0.11175620 0.30588779 0.04978306 0.10097232 0.07982805 0.09217959 0.03634431
0.03185520 0.00542023 0.00141741 0.00479086 0.03594215 0.22290324 0.12471453 0.30512747 0.05572017 0.08973622 0.08652410 0.08403286 0.03549910
0.03237287 0.01413582 0.00210975 0.01372684 0.06088969 0.22168962 0.11165413 0.30568308 0.05764020 0.08416028 0.08845718 0.08966369 0.03328878
0.03373783 0.00472153 0.00253193 0.00604416 0.05270905 0.22206971 0.11667804 0.30424387 0.05712871 0.09274345 0.08300651 0.08688740 0.02920242
0.03521264 0.00753483 0.00141859 0.00936715 0.05637852 0.22343702 0.10827919 0.30590364 0.05533033 0.09774383 0.08275079 0.08163045 0.03276114
0.03684030 0.00410204 0.00145588 0.00372393 0.03056539 0.22248301 0.10992028 0.30442365 0.05747964 0.10089234 0.07563372 0.08160228 0.05986779
0.03559617 0.01360376 0.00223132 0.01439574 0.03376763 0.22582031 0.10590417 0.30617471 0.05536104 0.11598786 0.07919480 0.08167495 0.02881683
0.03481625 0.00856007 0.00121515 0.00758158 0.03012209 0.22559238 0.10324820 0.30461923 0.05302589 0.10864781 0.08905151 0.08040919 0.04234808
0.03472967 0.00842353 0.00130630 0.01082487 0.05501418 0.22600329 0.10406196 0.30253219 0.06958280 0.10294290 0.07404384 0.08246919 0.03211878
0.03469014 0.00628206 0.00120359 0.00302347 0.03019409 0.22945979 0.10817979 0.30167610 0.05892140 0.10272477 0.09151425 0.08386798 0.02999924
0.03311247 0.00474961 0.00091018 0.00401006 0.03799438 0.22979146 0.10602360 0.30269752 0.06282789 0.10236667 0.08054023 0.08470009 0.03200582
0.03241912 0.00442726 0.00117502 0.00542908 0.02655993 0.23556888 0.09689116 0.30282006 0.06267238 0.10809894 0.08561057 0.08410057 0.04048793
0.03139441 0.00432012 0.00106284 0.00542964 0.03186328 0.23297094 0.09822145 0.30357053 0.06425429 0.10189065 0.07577312 0.08303627 0.03025414
0.03045800 0.00840465 0.00104781 0.00604162 0.04070850 0.23803711 0.09908645 0.30521148 0.06280835 0.09977859 0.07945425 0.08309114 0.02936118
0.03027996 0.00777725 0.00137994 0.00692606 0.04109628 0.23902492 0.09997520 0.30755306 0.06579749 0.10879674 0.07670547 0.08199927 0.03768849
0.02991378 0.00882077 0.00170952 0.00910410 0.03801550 0.23897740 0.09341430 0.30677928 0.05338963 0.10987424 0.08047229 0.08037965 0.03086149
0.03081541 0.01039788 0.00119126 0.01275012 0.03734835 0.23642324 0.09467114 0.30588744 0.05952191 0.10858163 0.07258063 0.07977443 0.02531777
0.02809604 0.01331221 0.00293303 0.01486660 0.04159128 0.23346397 0.09184452 0.30681303 0.06377517 0.10434656 0.08515392 0.08159601 0.04753723
0.02906564 0.00353584 0.00076796 0.00623355 0.05565597 0.23259148 0.10422547 0.30576612 0.06521565 0.10634052 0.07670078 0.08240523 0.04075597
0.02934325 0.00823620 0.00080835 0.00910404 0.05573793 0.22851213 0.10345201 0.30412824 0.05998476 0.10339722 0.08529231 0.08452952 0.04497994
0.02909384 0.00495470 0.00205087 0.00353011 0.02289673 0.22770096 0.10098743 0.30260486 0.06119506 0.10620251 0.07874872 0.08454246 0.02821255
0.02858880 0.00376319 0.00080619 0.00208081 0.04607298 0.22392798 0.10458484 0.30303602 0.05533341 0.11020519 0.07953779 0.08305491 0.03670521
0.02855869 0.00731996 0.00078463 0.00721950 0.04845032 0.22315655 0.10514742 0.30280742 0.05780948 0.11127027 0.08269346 0.08207941 0.02702876
0.02910993 0.00835687 0.00071710 0.00897279 0.03385148 0.22176037 0.10538454 0.30313808 0.06149130 0.10582554 0.08591310 0.08192086 0.04680151
0.02921194 0.00901258 0.00132232 0.01040661 0.02173244 0.22040917 0.10690170 0.30507911 0.06224220 0.09191661 0.08580689 0.08290480 0.03046535
0.02993364 0.00892761 0.00151341 0.01324111 0.06514494 0.21840142 0.10745035 0.30452723 0.06249588 0.08866189 0.08887376 0.08480746 0.04431703
0.03133633 0.01042699 0.00080650 0.00957130 0.05082610 0.21860963 0.11181035 0.30519992 0.06229547 0.09713432 0.08214982 0.08457118 0.03247053
0.03633230 0.00847504 0.00097561 0.00812398 0.04762304 0.21620647 0.11001716 0.30232065 0.05398077 0.10921336 0.08058532 0.08445865 0.04033062
0.03491831 0.01294739 0.00198062 0.01350502 0.02876999 0.22204268 0.11073312 0.30515799 0.05287603 0.11497355 0.07678899 0.08467741 0.04089853
0.03566521 0.00354934 0.00100396 0.00500516 0.02092352 0.21855722 0.11602215 0.30370226 0.05287409 0.11407804 0.07899442 0.08246059 0.03276257
0.03332477 0.01090178 0.00102404 0.01209371 0.03172295 0.22318904 0.11460198 0.30583992 0.06388077 0.09436175 0.08366989 0.08359702 0.03315057
0.03333422 0.00967314 0.00072135 0.00869905 0.02057464 0.22564885 0.10837446 0.30612796 0.06609382 0.08985132 0.08517350 0.08282327 0.03472221
0.03240676 0.00363968 0.00090725 0.00346296 0.04737071 0.22994494 0.11155897 0.30712943 0.06034752 0.09428475 0.08513856 0.08223439 0.02751770
0.03166441 0.01214626 0.00177891 0.01108224 0.05203319 0.22915423 0.10278039 0.30598597 0.06023666 0.10042499 0.08135906 0.08243104 0.03910188
0.03240557 0.01355765 0.00154196 0.01477933 0.02362690 0.23449180 0.10495428 0.30530591 0.06037210 0.10417554 0.08146874 0.08294628 0.05316383
0.03296580 0.00826721 0.00141563 0.01175669 0.06193330 0.23223949 0.11042400 0.30457078 0.06128606 0.11201926 0.07407416 0.08289810 0.02799028
0.03293048 0.00514240 0.00098735 0.00517747 0.04974904 0.23942644 0.09612940 0.30417445 0.04914337 0.10716258 0.07508458 0.08339477 0.03015549
0.03236982 0.00407158 0.00071816 0.00345087 0.02691494 0.23940754 0.09722825 0.30290993 0.05105180 0.10227036 0.08011375 0.08337490 0.03033234
0.03220627 0.00783876 0.00080152 0.00919110 0.02272042 0.23905798 0.10345152 0.30215847 0.05823140 0.09684484 0.07559726 0.08234908 0.02521877
0.03107320 0.00196353 0.00175659 0.00196893 0.02099541 0.23796177 0.09995580 0.30342298 0.05944959 0.08925622 0.08540812 0.08145239 0.02525938
0.03038141 0.00224060 0.00115683 0.00284132 0.03027195 0.23656196 0.10601056 0.30467008 0.06114137 0.08380226 0.07971952 0.08195717 0.04437096
0.03028550 0.01462926 0.00115136 0.01422110 0.04703588 0.23358249 0.10324814 0.30505939 0.05634259 0.09283499 0.08707914 0.08108921 0.02777608
0.03048719 0.00256683 0.00418172 0.00397408 0.02910513 0.23077069 0.09981355 0.30523020 0.05470726 0.11627959 0.07959592 0.08231751 0.03087888
0.04094034 0.00224927 0.00154892 0.00393406 0.02999757 0.23243858 0.10356382 0.30559567 0.05039910 0.11469166 0.07524124 0.08062601 0.02837346
0.03946565 0.00408539 0.00081923 0.00668640 0.05662799 0.22673761 0.10453754 0.30628856 0.05166243 0.10440621 0.07327241 0.08175356 0.03821788
0.03903303 0.00338295 0.00089585 0.00544778 0.00871243 0.23049924 0.10426086 0.30543095 0.05601948 0.09925352 0.08020471 0.08394533 0.04040501
0.03900635 0.00290651 0.00114789 0.00621215 0.03203341 0.22411723 0.10789992 0.30674201 0.06704460 0.10012801 0.07800013 0.08242086 0.04729891
0.03899947 0.00781749 0.00112390 0.00858412 0.04450332 0.22512750 0.10318623 0.30458527 0.05817406 0.09083982 0.08662329 0.08297246 0.04732563
0.03860768 0.00522793 0.00077332 0.00538534 0.04027076 0.22824327 0.10534732 0.30496423 0.05678618 0.08835748 0.07828675 0.08140334 0.03801439
0.03050111 0.00527030 0.00073712 0.00710233 0.04197374 0.22367836 0.11139664 0.30365789 0.05415840 0.09673923 0.08216207 0.07925930 0.02897193
0.05263428 0.01204921 0.00089183 0.01143977 0.06451239 0.22511535 0.10690187 0.30443509 0.05479095 0.10417028 0.07864817 0.08320184 0.02702379
0.05333644 0.00960877 0.00115812 0.01164512 0.05058803 0.23060764 0.10370269 0.30445960 0.05396784 0.10397497 0.07366787 0.08153605 0.03074505
0.05259148 0.00718049 0.00091887 0.01093108 0.05335586 0.22414757 0.10327490 0.30314485 0.04714165 0.10161425 0.07862476 0.08185144 0.04739483
0.05121905 0.00787713 0.00084926 0.00628667 0.04068804 0.22933558 0.10453725 0.30427823 0.05271857 0.10224557 0.07852115 0.08426573 0.03273601
0.05038016 0.00866401 0.00079881 0.01061866 0.01122758 0.22588402 0.10631427 0.30510437 0.05810398 0.09478869 0.08096937 0.08367772 0.06818973
0.05008586 0.00552125 0.00094690 0.00754273 0.04664773 0.23348363 0.10784421 0.30668070 0.05572894 0.07648407 0.08923431 0.08335367 0.02909852
0.05045206 0.00600885 0.00070907 0.00638343 0.04737983 0.23120183 0.10639005 0.30655876 0.05619257 0.07463347 0.07951742 0.08214576 0.05198311
0.04950380 0.00419118 0.00088780 0.00461183 0.03816943 0.23325763 0.10983144 0.30836277 0.05620234 0.08764086 0.08436386 0.07959111 0.03089137
0.05077828 0.00883011 0.00175958 0.01175795 0.03091211 0.23664622 0.10975481 0.30805190 0.05160005 0.09134277 0.07267483 0.08184023 0.04615825
0.04853005 0.00453976 0.00096594 0.00661042 0.02746848 0.24072852 0.10275897 0.30547453 0.04216108 0.09183712 0.07310094 0.07828255 0.02998137
0.04917410 0.00479589 0.00091576 0.00498113 0.03248076 0.23907635 0.10099369 0.30576029 0.04171607 0.08884526 0.06712044 0.08052369 0.03927994
0.05077889 0.00371865 0.00124235 0.00474226 0.05079408 0.24213535 0.10138523 0.30248457 0.04497712 0.08581072 0.08068356 0.08251382 0.02649537
0.05323305 0.00460595 0.00304560 0.00267946 0.03082274 0.23782309 0.10078656 0.30272629 0.05237404 0.08775284 0.07560317 0.08177932 0.03038326
0.05397798 0.00675753 0.00143967 0.00619012 0.04069886 0.23897143 0.10744390 0.30246159 0.05248031 0.07155509 0.07633818 0.08323887 0.02543387
0.05493227 0.01117390 0.00103838 0.01273041 0.03598329 0.23746901 0.10012924 0.30492558 0.05424370 0.06601260 0.07826601 0.08273474 0.02721329
0.05484758 0.00744457 0.00063735 0.01002025 0.06061672 0.23755501 0.10367475 0.30399700 0.05175111 0.07843187 0.08366535 0.08042049 0.02562860
0.05512934 0.00544543 0.00121824 0.00608244 0.04250098 0.24130891 0.10349138 0.30545130 0.04918923 0.08778103 0.06991691 0.07978624 0.02643038
0.05521979 0.00908213 0.00112686 0.01227190 0.04190829 0.23707083 0.09685301 0.30549624 0.03911679 0.09048645 0.07593192 0.08367183 0.02602480
0.05473663 0.00466002 0.00218729 0.00419754 0.03254331 0.24046726 0.10426027 0.30695315 0.04530142 0.09902669 0.06340532 0.08061155 0.03794374
0.05496088 0.00458025 0.00131025 0.00600011 0.03740001 0.23414195 0.09965341 0.30428313 0.04494453 0.10073822 0.07673920 0.08080518 0.02615457
0.05573971 0.00445181 0.00144771 0.00288724 0.02821799 0.23841203 0.10222956 0.30676728 0.05213014 0.09496530 0.07950163 0.08246200 0.02930752
0.05554795 0.00411502 0.00104504 0.00401079 0.02616423 0.23593477 0.10348636 0.30618423 0.05654245 0.07227780 0.08032977 0.08342501 0.02889175
0.05371084 0.00670006 0.00288699 0.00837600 0.02508150 0.23563445 0.10340162 0.30609349 0.06747401 0.07658569 0.07848845 0.08310583 0.02609448
0.05460752 0.00308546 0.00122328 0.00479953 0.03714579 0.23371374 0.09805454 0.30498243 0.05802041 0.08900702 0.08568250 0.08056095 0.02552320
0.05537385 0.00323049 0.00126048 0.00322192 0.04601060 0.23379719 0.09995863 0.30465720 0.05226635 0.09870472 0.07342053 0.07951544 0.02381942
0.05538812 0.00611409 0.00166781 0.00551156 0.04567602 0.23153099 0.09522791 0.30493201 0.04706207 0.10532857 0.07525832 0.07767238 0.02504464
0.05380328 0.00433135 0.00108949 0.00225877 0.02376628 0.23601912 0.10760795 0.30540945 0.05299188 0.11076118 0.07027536 0.08064814 0.02793840
0.05280027 0.01248629 0.00133331 0.01260191 0.03320311 0.23132344 0.10293381 0.30519100 0.05530067 0.10730960 0.07573588 0.08013945 0.02655037
0.05177233 0.00706669 0.00132010 0.00841105 0.03875757 0.23517931 0.10770119 0.30501644 0.05625938 0.09811761 0.07463435 0.08300726 0.02933040
0.04965045 0.00721147 0.00090651 0.01186688 0.05784989 0.23315519 0.09520032 0.30785479 0.05849682 0.08679165 0.09109794 0.08428837 0.03019866
0.04884766 0.01052166 0.00130028 0.01232427 0.04971246 0.23427378 0.10380378 0.30658423 0.06402609 0.08751706 0.08413499 0.08293445 0.03315082
0.04869841 0.00612580 0.00086682 0.00759504 0.04041838 0.23992234 0.10308619 0.30696223 0.06095659 0.09482468 0.07997224 0.08213958 0.04076961
0.04824728 0.00440223 0.00099730 0.00489109 0.04246242 0.23726389 0.09667895 0.30690787 0.05695600 0.10160577 0.08542907 0.07773323 0.03248313
0.04772933 0.00830065 0.00084734 0.00658581 0.05383810 0.24142561 0.09970488 0.30800805 0.05670311 0.10070498 0.07570128 0.08005245 0.03465759
0.04749697 0.00510081 0.00142964 0.00341537 0.04261881 0.24788111 0.09650130 0.30796780 0.05155442 0.10019494 0.07874687 0.07974043 0.02984386
0.04710112 0.00614701 0.00080388 0.00905171 0.05403266 0.24314721 0.10486720 0.30711469 0.05113721 0.09959390 0.06912721 0.08058119 0.02754490
0.04680044 0.00511316 0.00060154 0.00298291 0.03547137 0.24570111 0.10034929 0.30558693 0.05221209 0.09949931 0.07120861 0.08104593 0.02916610
0.04681829 0.01044130 0.00132671 0.01049290 0.04420140 0.24214694 0.09265811 0.30598170 0.05422587 0.08961349 0.07825646 0.08242435 0.03289904
0.04738305 0.00636264 0.00129107 0.00778383 0.04088774 0.24144629 0.09704151 0.30439615 0.05749626 0.08385221 0.08524415 0.08477959 0.03227747
0.04692024 0.00811232 0.00073859 0.01004669 0.05733525 0.23958836 0.09282517 0.30668672 0.06548110 0.07466203 0.08291261 0.08248122 0.02535664
0.04698635 0.01125874 0.00129392 0.01142202 0.03967309 0.23788131 0.09649632 0.30622102 0.06475975 0.07883933 0.08093365 0.07978427 0.02456388
0.04585669 0.01204907 0.00386842 0.01288681 0.05367626 0.23779825 0.09776519 0.30804485 0.05410368 0.09182632 0.06574414 0.08560142 0.02629210
0.04683375 0.00430101 0.00146103 0.00423192 0.07399771 0.23492731 0.09223196 0.30845846 0.05288331 0.10548064 0.08167743 0.07854652 0.02584230
0.04717921 0.00409097 0.00123880 0.00439728 0.04202658 0.23784895 0.10328327 0.30985885 0.04443210 0.11260341 0.06499688 0.08086126 0.02596921
0.03064188 0.01174605 0.00181533 0.00936526 0.02454082 0.23569730 0.09640200 0.30785055 0.04341990 0.11143208 0.07509005 0.07764099 0.02994348
0.03107148 0.00449245 0.00165098 0.00445342 0.03211708 0.23465037 0.10102375 0.30800622 0.05906607 0.09830513 0.07857351 0.08068974 0.03314767
0.03141918 0.00994585 0.00094220 0.00896598 0.04640241 0.23535490 0.10004129 0.30673369 0.07074227 0.08393074 0.08066880 0.08335750 0.03145537
0.03187321 0.00644865 0.00120420 0.00613726 0.03741978 0.23229644 0.10644719 0.30798601 0.06308747 0.07380972 0.08315095 0.08332744 0.03744731
0.03797782 0.00393472 0.00107151 0.00337381 0.03533353 0.23798255 0.10842433 0.30671383 0.06019669 0.07506096 0.08652628 0.08294771 0.03242586
0.03780491 0.00611037 0.00127875 0.00661897 0.04763684 0.23815714 0.10016429 0.30891379 0.05490184 0.09080977 0.08381927 0.08143860 0.02735890
0.03775351 0.00432271 0.00101713 0.00408569 0.03343871 0.23613931 0.10561676 0.30822699 0.05183266 0.10671115 0.07332366 0.07873569 0.03004161
0.03752733 0.00164040 0.00148245 0.00108092 0.00137573 0.24035895 0.09840331 0.30860083 0.04849356 0.11890342 0.07083392 0.07973098 0.02483641
0.03674346 0.00154543 0.00105885 0.00064701 0.04400473 0.24097552 0.10597772 0.30944902 0.04424589 0.11022061 0.07051598 0.07869666 0.02424820
0.03600149 0.00595734 0.00092583 0.00357367 0.04329796 0.23985080 0.11100830 0.30814256 0.05538560 0.09607476 0.07527520 0.08116277 0.02709080
0.03519902 0.00634785 0.00145480 0.00704586 0.04637275 0.24228530 0.10116773 0.30967172 0.05643455 0.08160806 0.08903046 0.08314051 0.02872124
0.03485730 0.00884403 0.00085436 0.00950671 0.02439876 0.24053633 0.10288478 0.30856611 0.06617237 0.07083289 0.08705077 0.08233325 0.02910741
0.03380356 0.00337284 0.00223924 0.00486418 0.04658588 0.24589809 0.10429549 0.30815506 0.05876541 0.07636783 0.08390348 0.08349174 0.02986485
0.03274060 0.00445257 0.00143040 0.00514667 0.02925431 0.24049926 0.11318096 0.30937425 0.05863114 0.09489384 0.08116817 0.07909189 0.03001779
0.03272928 0.00762707 0.00116550 0.00799052 0.05002295 0.24231919 0.10564365 0.30950023 0.05821142 0.11579980 0.07199697 0.08147478 0.02633275
0.03179298 0.00828580 0.00139334 0.00781685 0.05410777 0.24413406 0.09624921 0.30994012 0.04996440 0.11026824 0.07381511 0.07956956 0.02734133
0.03041068 0.00482162 0.00157324 0.00753745 0.03935246 0.24286676 0.09442918 0.30749318 0.05503223 0.11232796 0.07699852 0.08017621 0.02711528
0.03069556 0.00419680 0.00172076 0.00630922 0.03309954 0.24372402 0.09462706 0.30778052 0.05740003 0.10458176 0.08756757 0.07958174 0.02566682
0.03147740 0.00541054 0.00099985 0.00343691 0.02830163 0.24054421 0.08993814 0.30649688 0.06458208 0.08559995 0.08517611 0.08187434 0.02540393
0.03155104 0.01093836 0.00249189 0.01099364 0.01302648 0.24040575 0.09452900 0.30630713 0.06216402 0.08912274 0.08507503 0.08380531 0.02268638
0.03175474 0.00413345 0.00210004 0.00366669 0.02930829 0.24086758 0.09095613 0.30681984 0.06799351 0.09105067 0.08234313 0.08482403 0.02410175
0.03300503 0.00193522 0.00110335 0.00046869 0.00137506 0.23808443 0.09767152 0.30632218 0.05848818 0.09369356 0.08292060 0.08179318 0.02324657
0.03480639 0.00348018 0.00076974 0.00199333 0.02950899 0.23706528 0.09732289 0.30882660 0.05638086 0.09487300 0.06970225 0.08012659 0.02440046
0.03589799 0.00260312 0.00175145 0.00224449 0.03798940 0.23923489 0.08841866 0.30991918 0.05068435 0.11148918 0.08031445 0.07777647 0.02609105
0.03604638 0.00277907 0.00065829 0.00485388 0.05394616 0.23311161 0.09679643 0.31027649 0.05128896 0.11327744 0.07161297 0.07977173 0.02510968
0.03533986 0.01379831 0.00275529 0.01346344 0.05349935 0.23575094 0.09941570 0.31054935 0.06054756 0.10393369 0.07425835 0.08080771 0.02628539
0.03461378 0.00558178 0.00169026 0.00393250 0.03769258 0.23231597 0.10060140 0.30991037 0.05659733 0.09016600 0.07549522 0.07956934 0.03103709
0.03409596 0.01374609 0.00135426 0.01540443 0.06179201 0.23541206 0.09683145 0.30982725 0.06642925 0.06877043 0.09052648 0.08401611 0.02733318
0.03386544 0.01227100 0.00085114 0.01369665 0.05162731 0.23125008 0.09942539 0.30882016 0.07371032 0.06656221 0.09066121 0.08524759 0.02884478
0.03355483 0.00745095 0.00132268 0.00778296 0.04904619 0.23564159 0.10082617 0.30851245 0.06471198 0.09439090 0.08586525 0.08642103 0.03025485
0.03511544 0.00660132 0.00208442 0.00543349 0.05163330 0.23300823 0.10852046 0.30875514 0.04826406 0.10453895 0.07297445 0.08724961 0.02540167
0.03372639 0.00833279 0.00154807 0.00800705 0.04557681 0.23371877 0.10450141 0.30631533 0.04308767 0.11926316 0.08250357 0.08020862 0.02577470
0.03464627 0.00330347 0.00116339 0.00600223 0.01223323 0.23443148 0.09890945 0.30739020 0.04920200 0.11761902 0.07831823 0.07990726 0.03079785
0.03634046 0.00235535 0.00088905 0.00216121 0.00484506 0.23490385 0.10338250 0.30844633 0.05310923 0.09940701 0.08652456 0.08233340 0.05023681
0.03813412 0.00673157 0.00179188 0.01087927 0.02157650 0.23480411 0.10332104 0.30848785 0.06997424 0.08395487 0.08375221 0.08158549 0.04185033
0.03779895 0.00501163 0.00274101 0.00351889 0.02248072 0.23678863 0.10379731 0.31094328 0.07571562 0.09098556 0.09359270 0.08404887 0.04068423
0.03707720 0.00380361 0.00129209 0.00249521 0.03812503 0.23981099 0.10343188 0.30895957 0.07310949 0.09508462 0.09166486 0.08456054 0.03066893
0.03633792 0.01016514 0.00088515 0.01090974 0.01635786 0.24229920 0.10595682 0.31035465 0.05808354 0.10051851 0.08638460 0.08209989 0.02988156
0.03549520 0.00572258 0.00076739 0.00364722 0.02350261 0.24238471 0.10444556 0.31002286 0.05979843 0.10964184 0.07602382 0.08208924 0.03069797
0.03377194 0.00540994 0.00075035 0.00533886 0.03202012 0.24300462 0.10013901 0.31028063 0.05033835 0.11751869 0.08427988 0.07867220 0.03750475
0.03207650 0.00787193 0.00143320 0.00773966 0.01775687 0.24539830 0.10629192 0.31171386 0.05456642 0.11234148 0.07946458 0.08038877 0.02814881
0.03071745 0.00265018 0.00101032 0.00093151 0.00191537 0.24169104 0.11528300 0.30926086 0.06430681 0.10185029 0.07997316 0.08040383 0.02359120
0.02922286 0.00245577 0.00084888 0.00123376 0.03104221 0.24408721 0.10195278 0.30996003 0.06282776 0.09225268 0.08098021 0.08109900 0.02464721
0.02837354 0.01230742 0.00081725 0.01314769 0.02830137 0.23979548 0.09415877 0.30807106 0.06099179 0.09351549 0.09003428 0.08094502 0.02471098
0.02737650 0.00596232 0.00085034 0.00508459 0.02512317 0.24099272 0.09615376 0.30934712 0.06713609 0.09336481 0.08123790 0.08184367 0.04378558
0.02764680 0.00803167 0.00191663 0.00662119 0.06479817 0.24140186 0.10039412 0.30834568 0.06044696 0.09757088 0.08011606 0.08311733 0.02365448
0.02798070 0.00575628 0.00178085 0.00257002 0.05267219 0.23897327 0.08979130 0.30802054 0.05753804 0.10086526 0.07751049 0.08522993 0.02868707
0.02778084 0.01122016 0.00353833 0.01017161 0.04771258 0.23952766 0.09979090 0.30865993 0.05089895 0.10551833 0.06668002 0.08465525 0.03760371
0.02725282 0.00476328 0.00117108 0.00534294 0.03460992 0.24107042 0.09860524 0.30955080 0.04916051 0.10498944 0.08701014 0.08148169 0.03267675
0.02750956 0.00813389 0.00096370 0.00664544 0.03693757 0.23818318 0.10827495 0.31112296 0.05824071 0.09560803 0.07827417 0.08012937 0.02609458
0.02879775 0.00814453 0.00089195 0.00650968 0.02378314 0.24107362 0.09921547 0.31105168 0.06631203 0.08914272 0.08499979 0.08043123 0.02572734
0.02981874 0.00258393 0.00198600 0.00088577 0.03181070 0.23725418 0.09630999 0.31211982 0.06033395 0.08705788 0.09239053 0.08058872 0.02647086
0.02997542 0.00320653 0.00461897 0.00119799 0.03095809 0.24034377 0.09771833 0.31104455 0.06280804 0.08721123 0.08574227 0.08000903 0.02625295
0.03122573 0.00242575 0.00170821 0.00222030 0.00477266 0.23644323 0.10341211 0.30881791 0.07377141 0.08880518 0.08106066 0.08138628 0.02668746
0.02935177 0.00634734 0.00116641 0.00504368 0.02903429 0.24081945 0.10137595 0.31024450 0.05477734 0.09283684 0.08173841 0.08182145 0.02719417
0.02948121 0.00305844 0.00111870 0.00688597 0.03237005 0.23902303 0.10653162 0.30903407 0.05259198 0.10033496 0.07293638 0.08417202 0.04418821
0.02997268 0.00217659 0.00116136 0.00485270 0.00620528 0.23680138 0.10023013 0.30792906 0.04805037 0.10609760 0.07937843 0.07922197 0.03844613
0.02977330 0.01075690 0.00106890 0.00966551 0.04019092 0.24046317 0.09709774 0.31073793 0.05298418 0.10209328 0.07674381 0.08111940 0.02623456
0.02992368 0.00347208 0.00102833 0.00348867 0.02173939 0.23922551 0.10821518 0.30953214 0.05725936 0.09584987 0.07684887 0.07979935 0.02636131
0.02860627 0.00383030 0.00071412 0.00460429 0.02832561 0.24185450 0.10205980 0.31211100 0.05708146 0.08900513 0.08484074 0.08232570 0.02757071
0.02686178 0.00380811 0.00066668 0.00131746 0.01980844 0.24217758 0.11002329 0.31113334 0.05746986 0.08884030 0.08529084 0.08188328 0.02830797
0.02412925 0.01389719 0.00078116 0.01358959 0.04603258 0.24414706 0.10820358 0.31114803 0.05725009 0.08635449 0.07701808 0.08191139 0.02743969
0.02244634 0.00374984 0.00081920 0.00550610 0.04287925 0.24215506 0.10169066 0.31016428 0.04976113 0.09300215 0.08267603 0.08010448 0.02979611
0.02153916 0.00545895 0.00087278 0.00674775 0.05245543 0.24568305 0.10644739 0.31008433 0.04691317 0.09548377 0.07180154 0.08282940 0.03126234
0.02074424 0.01341866 0.00081880 0.01429297 0.02929674 0.24227156 0.11004896 0.30961677 0.04856818 0.09512296 0.06943685 0.07922583 0.04359203
0.02069452 0.01059984 0.00105711 0.01055215 0.03172591 0.24640335 0.10194232 0.31191114 0.05431154 0.09081506 0.08170127 0.08233152 0.02912909
0.02111452 0.00555841 0.00070775 0.00812637 0.04061336 0.24366294 0.09729776 0.30941051 0.06249419 0.08446068 0.08357596 0.07877300 0.03363547
0.02077379 0.00475057 0.00126320 0.00204853 0.02117546 0.24558162 0.10135233 0.31115919 0.06695155 0.08118043 0.07649362 0.08170907 0.02752253
0.02123290 0.01037082 0.00132897 0.01072610 0.01628963 0.24525952 0.09226083 0.30863714 0.05406055 0.09340299 0.08898285 0.07957270 0.02455022
0.02327665 0.00375019 0.00126791 0.00169946 0.00787997 0.24643755 0.10272652 0.31047839 0.06041369 0.09184816 0.07072221 0.07884471 0.02344994
0.02597321 0.00304644 0.00069101 0.00337438 0.02952430 0.24533726 0.09747457 0.30822711 0.05978227 0.08785126 0.07925994 0.07924504 0.02328940
0.02720988 0.01013217 0.00058063 0.01201357 0.04322804 0.24720138 0.09963926 0.30943415 0.04977216 0.08557972 0.06951248 0.08165406 0.04139352
0.02722927 0.00496612 0.00052175 0.00426946 0.03083012 0.24648529 0.09666119 0.30879874 0.04755647 0.08981622 0.08197450 0.08097938 0.02416932
0.02648307 0.00887257 0.00120488 0.01067705 0.02779145 0.25107199 0.10074948 0.31045278 0.05147975 0.08919983 0.07203085 0.08116350 0.02868258
0.02579854 0.00161362 0.00343703 0.00130487 0.03349821 0.24809663 0.09756667 0.31121607 0.04833833 0.08693072 0.08193085 0.08256765 0.03638547
0.02475331 0.00350357 0.00112258 0.00370620 0.03419792 0.24975835 0.10357353 0.31170453 0.06775773 0.08713409 0.06984867 0.07916468 0.02556421
0.02348189 0.00489964 0.00245694 0.00903175 0.05854173 0.24954657 0.09219996 0.31253717 0.04726758 0.08294597 0.08170984 0.08205158 0.02664251
0.02573925 0.00826984 0.00133878 0.01016618 0.03291818 0.24915189 0.09931730 0.31197666 0.05241470 0.08505488 0.06413931 0.08134022 0.02998934
0.02966387 0.00350944 0.00090560 0.00577977 0.03150287 0.24906873 0.09458489 0.31046921 0.04351352 0.08316428 0.07847900 0.07856250 0.04917387
0.03179207 0.00258953 0.00062912 0.00511154 0.03676399 0.24826669 0.09785357 0.31052350 0.04850549 0.08444019 0.07301126 0.07867014 0.02901792
0.03285359 0.00223230 0.00055003 0.00292883 0.00445363 0.24563338 0.09403321 0.30879454 0.04618520 0.08919495 0.08289142 0.08158307 0.03719107
0.03267927 0.00316409 0.00329148 0.00449097 0.03493197 0.24422458 0.10042504 0.31027018 0.05863235 0.08954225 0.06520332 0.08024173 0.03196061
0.03150717 0.00462293 0.00129046 0.00546393 0.03233411 0.24485521 0.09488645 0.30933073 0.05048683 0.08523020 0.07892155 0.08088530 0.03723633
0.03147987 0.00264015 0.00098529 0.00282093 0.04014457 0.24231970 0.10253118 0.31085432 0.04823126 0.08001464 0.07461738 0.07920786 0.04596607
0.03036243 0.00573498 0.00081672 0.00795440 0.06197955 0.24437213 0.09888501 0.31193086 0.04847496 0.07349652 0.07873023 0.08026691 0.02990884
0.02797249 0.00674945 0.00133985 0.00901717 0.04659235 0.24331256 0.09994580 0.30957883 0.04815178 0.07736403 0.07392411 0.07989477 0.03060757
0.02564450 0.00430416 0.00134624 0.00400011 0.03045777 0.24565214 0.10423425 0.31093851 0.04797867 0.07742527 0.07515486 0.07856763 0.02805343
0.02490875 0.00127916 0.00176554 0.00037045 0.00071678 0.24800184 0.10363842 0.30922998 0.04685330 0.08149913 0.07301584 0.07766287 0.02814324
0.02490099 0.00865745 0.00091488 0.01291498 0.02969441 0.24731570 0.10742686 0.30809089 0.04201845 0.08529486 0.07650935 0.07982661 0.02610257
0.02434218 0.00703700 0.00106136 0.00767234 0.03026953 0.24986538 0.10358378 0.30860270 0.05845163 0.08346588 0.07132281 0.08162649 0.04238050
0.02337161 0.00481463 0.00066985 0.00750502 0.04786707 0.24859506 0.10046310 0.30788202 0.04594346 0.08166461 0.07336273 0.08103491 0.02659672
0.02327869 0.00475970 0.00247692 0.00496039 0.05528287 0.24881312 0.10558314 0.30901384 0.04903460 0.08554984 0.07404684 0.08114459 0.02662490
0.02347699 0.00688241 0.00101524 0.00653036 0.04803318 0.24966985 0.10055564 0.30927467 0.05219287 0.07634952 0.06947796 0.07960920 0.02576223
0.02206251 0.00575569 0.00095194 0.00593667 0.02819958 0.25188632 0.09356660 0.30853703 0.05015995 0.07221511 0.07607367 0.07824077 0.02589533
0.02116064 0.00491278 0.00074936 0.00709501 0.03568006 0.25173867 0.09809092 0.30935137 0.04739782 0.07274404 0.06679085 0.07697680 0.03650579
0.02103980 0.00592720 0.00074096 0.00559919 0.03542647 0.25275097 0.09207720 0.30964456 0.04874018 0.08114636 0.07680215 0.07764573 0.03636285
0.02127564 0.00185808 0.00078934 0.00220031 0.00923341 0.25151553 0.09833264 0.30827161 0.04680759 0.07960636 0.07272488 0.07811015 0.02525710
0.02082054 0.00325345 0.00244096 0.00250509 0.00532203 0.25311627 0.09551577 0.30835972 0.04322371 0.08021667 0.07969851 0.08214075 0.03377054
0.02125783 0.00343588 0.00248382 0.00218910 0.00564000 0.24973645 0.09456208 0.30820365 0.06554710 0.08693507 0.06848793 0.08002569 0.02327724
0.02334766 0.00327377 0.00127875 0.00115413 0.00376703 0.25305660 0.09025778 0.30638017 0.05349906 0.08412363 0.07261231 0.08069639 0.03124369
0.02547139 0.00230889 0.00105020 0.00306958 0.06262120 0.24675623 0.09521194 0.30780522 0.04858842 0.08029209 0.06931642 0.07785970 0.02312387
0.02712955 0.00483850 0.00430688 0.00482346 0.05245546 0.25383660 0.08913751 0.30977160 0.05732924 0.08263378 0.08274465 0.07954661 0.02433481
0.02827831 0.00438952 0.00221111 0.00152304 0.03300363 0.24591900 0.09652855 0.30823516 0.05119241 0.08826581 0.06434102 0.07936621 0.02542056
0.02801103 0.00520706 0.00082078 0.00672745 0.03972563 0.24781120 0.08944821 0.30820372 0.04451673 0.09113646 0.07654947 0.07760685 0.02274994
0.02800757 0.00535916 0.00142756 0.00788578 0.02788909 0.24334244 0.09267968 0.30693355 0.06177093 0.09329357 0.06358370 0.07789465 0.02476482
0.02631228 0.00451015 0.00191749 0.00118344 0.00556397 0.24172610 0.10288543 0.30705135 0.05490426 0.09611026 0.07287388 0.08032771 0.02524052
0.02509376 0.00694252 0.00112886 0.00693421 0.02704002 0.23973078 0.09846193 0.30801535 0.05556834 0.08946304 0.07845313 0.08231482 0.02547024
0.02438662 0.00761803 0.00073884 0.00731168 0.04764381 0.24064714 0.09971941 0.30728946 0.05504496 0.07676750 0.09054099 0.08179236 0.02749482
0.02444478 0.00580262 0.00244248 0.00556499 0.04869917 0.23700258 0.09954427 0.30889132 0.05603779 0.06857369 0.08157931 0.08051715 0.02827209
0.02453663 0.00445565 0.00123560 0.00294444 0.03020764 0.23969615 0.10146493 0.30875301 0.05550769 0.07165806 0.07724486 0.08157855 0.02919238
0.02534591 0.00479224 0.00073026 0.00368839 0.02525617 0.24035905 0.10785957 0.30836873 0.05847474 0.07989699 0.07223472 0.07942551 0.02559070
0.02672909 0.00630472 0.00195919 0.00651755 0.01809025 0.24037451 0.11102321 0.30921137 0.05059969 0.09795954 0.07346350 0.07893365 0.03786820
0.02681708 0.00300322 0.00113004 0.00048308 0.00300331 0.24409335 0.10210642 0.30879650 0.05342488 0.09912614 0.07379752 0.08003724 0.02592727
0.02659422 0.00425062 0.00126969 0.00247888 0.05010630 0.24323623 0.10645133 0.30735647 0.05256711 0.09186029 0.07548164 0.08134147 0.02716336
0.02677372 0.00664681 0.00067475 0.00727420 0.04968984 0.24546348 0.10272742 0.30674665 0.05160195 0.08605974 0.07512281 0.08211325 0.02627806
0.02678521 0.00506088 0.00151848 0.00482081 0.03877500 0.24545446 0.09688439 0.30746568 0.05153980 0.09235087 0.08071863 0.08148923 0.02972600
0.02639773 0.00346405 0.00139288 0.00959337 0.00705461 0.25033654 0.10641374 0.30781975 0.05489274 0.08668339 0.07119077 0.08124804 0.04796904
0.02548123 0.00811378 0.00099693 0.00988519 0.05274666 0.24833043 0.09913341 0.30991682 0.04962129 0.07598940 0.07562611 0.08000438 0.05459625
0.02455340 0.00850467 0.00081416 0.00928046 0.05878587 0.25108609 0.09793989 0.31090128 0.05650425 0.08018372 0.07341052 0.07971133 0.04256874
0.02293212 0.01094816 0.00105797 0.00995173 0.03634029 0.24828743 0.10309480 0.31060317 0.05691623 0.08912253 0.07136239 0.07836339 0.04429576
0.02152587 0.00352667 0.00198650 0.00547302 0.04166302 0.25041875 0.09423630 0.31100006 0.05033132 0.09598804 0.07697254 0.07905121 0.05194964
0.02046395 0.00668332 0.00090052 0.00968748 0.03188128 0.25001260 0.09475467 0.31042152 0.04998537 0.08832806 0.07452433 0.07878331 0.03654084
0.01965282 0.00939167 0.00092583 0.01131406 0.04937532 0.25049368 0.09870555 0.30960401 0.04966974 0.08718309 0.07326948 0.08155522 0.03837995
0.01873198 0.00872630 0.00106422 0.01044566 0.05210624 0.24991132 0.09893146 0.30999774 0.05127978 0.08539889 0.07663757 0.08216898 0.03627430
0.01959469 0.00888437 0.00104925 0.00775356 0.04115042 0.25295692 0.10033282 0.30758752 0.04884884 0.07898966 0.06960490 0.08173652 0.03170093
0.02000914 0.00795848 0.00320215 0.00886655 0.04057945 0.24935976 0.09937018 0.30900433 0.05002589 0.07802770 0.07969680 0.08495690 0.04433352
0.02355592 0.00510168 0.00118602 0.00333000 0.02642757 0.25098301 0.09613112 0.30836514 0.05268967 0.08207032 0.08003624 0.07950988 0.02646890
0.02801008 0.00580293 0.00088565 0.00292249 0.02435225 0.24756590 0.09603401 0.30976208 0.05503304 0.08562371 0.06659651 0.07958360 0.03031664
0.03064696 0.00208922 0.00145510 0.00123859 0.00309268 0.24898810 0.09593964 0.30961508 0.04515600 0.08863790 0.07209316 0.07705155 0.02438685
0.03101412 0.00628435 0.00159686 0.00833020 0.03926768 0.24798720 0.09981795 0.31009589 0.04141257 0.08471259 0.06737687 0.07875064 0.02449144
0.03126494 0.00393104 0.00108252 0.00556842 0.03400172 0.24801433 0.10072984 0.30974126 0.04842043 0.08202182 0.06820071 0.07726877 0.02450134
0.03263789 0.00597779 0.00074941 0.00442684 0.03383079 0.24633596 0.09474686 0.30968279 0.05979857 0.07873554 0.08058730 0.07915821 0.02591352
0.03312151 0.00664465 0.00065353 0.00678023 0.03856826 0.24778875 0.09594641 0.30940648 0.06799404 0.07626326 0.07116903 0.07998655 0.02590403
0.03112345 0.00897692 0.00226652 0.00784071 0.03994058 0.24503705 0.10179019 0.30901052 0.05119465 0.07919870 0.07283523 0.08290217 0.02949556
0.02827756 0.01236983 0.00156865 0.01123821 0.05522358 0.24461317 0.09612545 0.31048988 0.05284516 0.09721517 0.07550650 0.08164959 0.03649904
0.02666898 0.00830746 0.00116469 0.00917379 0.06514449 0.24763770 0.10055862 0.31082920 0.04685597 0.09849847 0.06627112 0.08114773 0.02909506
0.02610251 0.00808443 0.00125042 0.01002919 0.04941859 0.24765160 0.09901949 0.30968531 0.04705462 0.09074845 0.07050882 0.07708271 0.02701930
0.02603904 0.00910585 0.00096255 0.00906487 0.05121484 0.25136598 0.09670434 0.31125814 0.05932055 0.07901606 0.07609148 0.07953337 0.02654393
0.02568266 0.00668333 0.00181782 0.00834197 0.05421463 0.24823306 0.10100593 0.30976161 0.06547556 0.07053339 0.08105513 0.08164808 0.02784560
0.02588932 0.01100958 0.00178721 0.01188828 0.05366075 0.25226867 0.10163994 0.31016365 0.05366748 0.07970795 0.08475844 0.08044556 0.03060405
0.02678631 0.00573475 0.00099947 0.00594521 0.04648687 0.25059507 0.10053605 0.30925033 0.05206357 0.08344079 0.07840486 0.08076172 0.03299662
0.02695719 0.00455188 0.00083559 0.00608320 0.04797147 0.25072831 0.10154683 0.31009099 0.05124146 0.09232234 0.07255108 0.08110740 0.03959470
0.02702930 0.00643093 0.00185644 0.00744059 0.05162379 0.25065525 0.09933249 0.31033357 0.05113799 0.11062681 0.07216895 0.08345492 0.02809448
0.02719893 0.01203911 0.00126662 0.01205960 0.05720113 0.25075412 0.10067645 0.31170481 0.05628878 0.10815562 0.08056855 0.08030393 0.03055911
0.02858585 0.00531698 0.00243620 0.00820715 0.04367162 0.25247831 0.10124818 0.31248452 0.04903320 0.10134192 0.07125634 0.07874167 0.03160713
0.02944390 0.00338037 0.00149895 0.00663733 0.03621224 0.25270622 0.10279521 0.31245931 0.05482870 0.08842914 0.07981048 0.08030097 0.04011724
0.02938158 0.01026353 0.00091559 0.00901519 0.03039724 0.24966148 0.10305794 0.31242070 0.06491522 0.08342162 0.08493121 0.08041888 0.04024806
0.02873992 0.00796301 0.00163033 0.00624399 0.04723842 0.25382007 0.10022852 0.31222010 0.07337496 0.07969547 0.08141790 0.08104107 0.03317047
0.02723725 0.00446560 0.00167699 0.00527057 0.02334776 0.25254415 0.08848219 0.31031895 0.06741181 0.09279995 0.07550484 0.08011665 0.03757780
0.02682420 0.00183718 0.00203307 0.00357529 0.00427422 0.25289208 0.10208469 0.30883291 0.04701878 0.11290148 0.07442439 0.08791141 0.03955801
0.02664928 0.00182795 0.00204732 0.00270677 0.00292398 0.24991777 0.09255807 0.30719504 0.04900340 0.11777698 0.07608957 0.08326579 0.02674417
0.02544199 0.00266586 0.00105937 0.00730277 0.03605344 0.25097559 0.09112086 0.30794801 0.05038741 0.10885717 0.07452960 0.08050732 0.03589215
0.02544974 0.00190820 0.00098533 0.00290216 0.00323684 0.24759862 0.09095595 0.30670822 0.05501530 0.09279675 0.06758652 0.08221430 0.04471413
0.02595556 0.00334987 0.00085657 0.00492641 0.00650734 0.24624782 0.08882317 0.30850324 0.06082589 0.08870491 0.08327608 0.07891395 0.03033791
0.02572559 0.00172668 0.00086540 0.00249733 0.00297752 0.24608851 0.09045064 0.30994702 0.06290948 0.08524996 0.08186558 0.07993255 0.04029098
0.02482460 0.00359642 0.00076458 0.00318519 0.03061867 0.24435014 0.09390016 0.30941248 0.05559661 0.08064299 0.08225425 0.07873688 0.02851887
0.02417271 0.00831062 0.00082025 0.01022753 0.04792948 0.24419644 0.09035087 0.31201091 0.05315443 0.08823694 0.07462905 0.07885238 0.02712856
0.02329019 0.00856977 0.00067623 0.00715166 0.02980922 0.24404573 0.09764412 0.31208321 0.04816779 0.09748089 0.07705312 0.07838223 0.02947242
0.02173894 0.00483741 0.00099089 0.00506810 0.02950769 0.24286993 0.10113966 0.31254854 0.05560788 0.11157077 0.06555505 0.07872016 0.02592424
0.02003647 0.00159778 0.00114317 0.00056720 0.00095084 0.24373488 0.09470070 0.31142972 0.04815930 0.10321752 0.08515734 0.07905368 0.02621087
0.01951565 0.00328056 0.00086834 0.00346956 0.03361054 0.24494230 0.10475933 0.31168111 0.05507056 0.08852232 0.07386963 0.07978246 0.02594443
0.01937501 0.00625551 0.00075565 0.00315122 0.02268987 0.24436761 0.09731264 0.31138689 0.05920909 0.08243880 0.08629801 0.07912335 0.02574838
0.02021032 0.00430894 0.00079568 0.00524150 0.02741742 0.24539505 0.09718170 0.31124149 0.06863510 0.08530371 0.07872330 0.08133205 0.02536888
0.02048222 0.00256738 0.00092027 0.00283663 0.00222992 0.24227546 0.09696714 0.30797381 0.05836407 0.08950527 0.07847292 0.07898678 0.03538677
0.02123771 0.00181760 0.00074572 0.00049244 0.00302307 0.24488971 0.10044804 0.30831073 0.04922803 0.10046370 0.07271223 0.08020836 0.02553070
0.02334512 0.01336469 0.00081086 0.01776421 0.04449333 0.24506449 0.10023683 0.30647152 0.04434022 0.10683469 0.07582497 0.08043384 0.02546002
0.02483809 0.00282546 0.00116060 0.00177629 0.02765542 0.24737664 0.11067760 0.30581845 0.05023447 0.10818947 0.06532956 0.07820923 0.02483083
0.02503547 0.00192596 0.00086027 0.00027128 0.00140389 0.24978546 0.10036095 0.30561561 0.04866994 0.09075334 0.08008397 0.08142515 0.02573047
0.02409924 0.00394232 0.00060011 0.00666022 0.03927827 0.25114383 0.09950914 0.30864495 0.06087734 0.07929726 0.07973960 0.08152616 0.02968399
0.02426323 0.01443630 0.00082112 0.01446277 0.03282556 0.25255597 0.10021143 0.30897226 0.06670036 0.08173222 0.08853064 0.08094541 0.03846586
0.02392242 0.00341653 0.00063512 0.00487049 0.03058048 0.25420712 0.10422551 0.31047237 0.06414115 0.08370210 0.07920284 0.08066012 0.04530582
0.02248807 0.00680620 0.00078363 0.00531237 0.02204947 0.25190291 0.09856466 0.31068003 0.05532450 0.08953487 0.08412163 0.07991259 0.03160100
0.02075165 0.00471146 0.00077703 0.00498727 0.05280314 0.25257138 0.10122631 0.31120392 0.05713825 0.10062471 0.07016018 0.08017816 0.03190788
0.01861694 0.00270958 0.00219277 0.00112123 0.03924860 0.25216784 0.09091048 0.31093869 0.04633391 0.11424113 0.07702392 0.07935477 0.02650475
0.01840605 0.00281442 0.00107540 0.00542495 0.04795550 0.25174460 0.09919339 0.31032267 0.04849366 0.10771629 0.06622977 0.07966336 0.02719912
0.01920003 0.00523863 0.00091329 0.00661800 0.05729051 0.25237811 0.08924963 0.30930423 0.05722981 0.09094517 0.07859514 0.08191927 0.02878565
0.02001353 0.01004857 0.00070562 0.01424266 0.04126204 0.24942613 0.09048153 0.30987678 0.06278686 0.08308052 0.07968104 0.08181236 0.04555864
0.02073248 0.00466544 0.00100160 0.00486982 0.03693837 0.24858705 0.09627297 0.30744010 0.06190950 0.08547516 0.08496938 0.08226022 0.02621094
0.02085319 0.00424408 0.00085286 0.00547902 0.02686670 0.24477593 0.08985691 0.30905761 0.05703186 0.08933516 0.08280096 0.08104560 0.04153435
0.02416613 0.00866733 0.00211380 0.00879207 0.03718345 0.24467286 0.08733172 0.30830091 0.05391061 0.09698843 0.08225011 0.07992455 0.04119449
0.02593624 0.00701633 0.00100981 0.00668495 0.05677802 0.24279407 0.09566390 0.31025440 0.04966801 0.10169390 0.06445642 0.08038543 0.03481608
0.02497540 0.01008734 0.00074012 0.01411712 0.05728898 0.24078687 0.09207280 0.31132185 0.04437482 0.09937959 0.07623231 0.07902926 0.03033030
0.02463988 0.00959019 0.00199501 0.01027495 0.05691507 0.24124118 0.10196697 0.31041960 0.05345170 0.08618892 0.07008540 0.08062676 0.03558688
0.02685870 0.00682909 0.00155910 0.00771228 0.04771536 0.23974952 0.09817457 0.31316901 0.06350952 0.07729940 0.07234463 0.08344907 0.03540665
0.02908751 0.00471861 0.00110545 0.00455995 0.02586688 0.23966305 0.10218557 0.31204178 0.06069195 0.07544002 0.08463316 0.08142159 0.03169766
0.02973704 0.00893062 0.00089623 0.01092901 0.04686654 0.24062880 0.10318721 0.31235357 0.06023776 0.08288241 0.07910337 0.08155346 0.04870958
0.03037962 0.00552040 0.00148555 0.00427193 0.02195646 0.23942176 0.10071958 0.31171481 0.05456556 0.09269189 0.08048616 0.08159574 0.02762190
0.03052309 0.00352174 0.00122892 0.00566201 0.02796659 0.24384956 0.10815021 0.30987329 0.04565857 0.09914959 0.06908611 0.07930783 0.03554244
0.03199769 0.00518915 0.00092869 0.00976371 0.02920661 0.24296745 0.10557513 0.31194941 0.04423613 0.10712729 0.08087586 0.07945558 0.04567482
0.03218152 0.00546772 0.00132168 0.00496647 0.02176516 0.24468768 0.10563346 0.30926761 0.05631015 0.09579684 0.07438208 0.08007363 0.03580758
0.03132974 0.00267713 0.00332094 0.00218005 0.00282994 0.24884224 0.11112331 0.30968913 0.05105639 0.08321179 0.08073562 0.08182592 0.03059569
0.03051442 0.00631753 0.00128175 0.00787609 0.02158756 0.24566866 0.10709863 0.30864427 0.05859926 0.07932418 0.08368269 0.08011775 0.03075312
0.03371259 0.00759081 0.00171990 0.00419676 0.03486758 0.24957968 0.10990626 0.31039497 0.06107445 0.08767446 0.08397891 0.08447079 0.02791635
0.03349450 0.00433896 0.00099290 0.00156448 0.02232552 0.24876271 0.10909661 0.31031255 0.05796663 0.08632830 0.08366982 0.08111590 0.03080387
0.03338540 0.00450485 0.00117362 0.00428289 0.02822165 0.24996895 0.10559810 0.31113170 0.04762304 0.09220104 0.08398541 0.08335161 0.02834153
0.03249028 0.00691215 0.00186608 0.00673948 0.02431695 0.25068863 0.10646818 0.31357066 0.05056454 0.10545061 0.07017759 0.07864748 0.03484453
0.03148199 0.00455280 0.00133796 0.00738427 0.02951488 0.25282926 0.10376256 0.31280158 0.04703010 0.10056404 0.07798907 0.08456578 0.02642537
0.03293754 0.00366686 0.00152058 0.00508577 0.02640185 0.25121691 0.10008891 0.31309771 0.05011506 0.09442799 0.07960127 0.08063927 0.02721800
0.03418046 0.00362874 0.00114928 0.00081252 0.00855949 0.25363655 0.10012585 0.31409857 0.05784407 0.08478926 0.08122233 0.08155198 0.02420422
0.03496205 0.00237243 0.00120377 0.00199864 0.00947979 0.24818995 0.10301981 0.31147048 0.05572666 0.07826008 0.08143656 0.08229743 0.02492537
0.03655104 0.00296282 0.00118103 0.00169747 0.02668695 0.24926163 0.09403486 0.31104364 0.05595210 0.08492445 0.09043115 0.08136266 0.02550042
0.03806438 0.00181515 0.00129057 0.00066675 0.00254235 0.24583436 0.09821323 0.30840197 0.05980132 0.09038923 0.07478265 0.08166634 0.02385673
0.03950158 0.00335771 0.00122799 0.00251162 0.03764915 0.24461005 0.09612885 0.30808050 0.04977793 0.09727438 0.07635417 0.08279914 0.02315171
0.04017893 0.00384591 0.00143070 0.00735948 0.05022759 0.24207000 0.09007173 0.30840038 0.04594044 0.09566338 0.07207497 0.08274337 0.02236969
0.04092840 0.00260602 0.00111382 0.00290582 0.04905045 0.24078677 0.09155778 0.30719882 0.04625844 0.09864003 0.06947027 0.07917822 0.02253890
0.04118355 0.00387159 0.00077829 0.00603435 0.02841037 0.24246962 0.08892963 0.31003344 0.04898847 0.09588719 0.07766341 0.08003160 0.04137738
0.04016825 0.00199521 0.00153313 0.00298155 0.00345058 0.23833993 0.09127768 0.30895353 0.05533648 0.08826894 0.07512405 0.07636416 0.02340513
0.03930959 0.00680513 0.00121368 0.00900035 0.01404994 0.24270870 0.09472188 0.31048548 0.05405430 0.07815940 0.07554785 0.07883769 0.03272523
0.03857571 0.00982675 0.00092444 0.01384125 0.04499596 0.23945904 0.09444392 0.31091658 0.04949226 0.08087140 0.07675830 0.07991215 0.03013865
0.03788178 0.00792285 0.00252856 0.00712654 0.03153553 0.24236838 0.09827943 0.31197286 0.05124645 0.08830422 0.07292545 0.08094064 0.02595972
0.03842699 0.00284841 0.00159207 0.00209733 0.02264861 0.24145522 0.10062128 0.30959067 0.04524030 0.09137014 0.07137610 0.07736982 0.02739334
0.03941616 0.00860045 0.00131663 0.00898850 0.01577413 0.24469467 0.10194637 0.31032017 0.04459763 0.09524137 0.06790450 0.08252988 0.02602364
0.04016951 0.00236514 0.00104349 0.00682300 0.03316032 0.24248478 0.10108773 0.30867760 0.04392658 0.09216375 0.07648566 0.07795216 0.04464399
0.04006425 0.01049125 0.00080396 0.01318838 0.05384602 0.24282159 0.10363866 0.30955330 0.05244154 0.09161055 0.07515211 0.08066235 0.02523499
0.03843137 0.00503176 0.00096110 0.00420774 0.03278210 0.24449462 0.09937930 0.30853624 0.05326353 0.08985521 0.08832535 0.07896588 0.02610682
0.04166527 0.00651571 0.00099161 0.00927721 0.04547087 0.24508054 0.11054433 0.30969611 0.05476436 0.08409052 0.07453233 0.08223755 0.04114182
0.04135991 0.00443928 0.00247606 0.00453631 0.03312886 0.24720894 0.09534863 0.30764316 0.05836604 0.08693287 0.08783316 0.08063495 0.04863035
0.03935324 0.01045548 0.00222329 0.00940963 0.04531305 0.24726216 0.10256893 0.30844679 0.05883740 0.09713591 0.07775626 0.08406094 0.03190171
0.03796777 0.00811912 0.00115543 0.01294876 0.06111959 0.24886470 0.09704107 0.30773335 0.04995852 0.09719503 0.07679768 0.08250739 0.02633636
0.03836683 0.00998999 0.00159976 0.00812333 0.02531222 0.24998665 0.10386995 0.30833420 0.04977486 0.09265419 0.07290487 0.07954539 0.02769525
0.03721183 0.00330369 0.00179564 0.00660277 0.06476133 0.25026660 0.09912116 0.31060807 0.05440260 0.08964718 0.07797910 0.08166938 0.03599249
0.03644230 0.00841722 0.00233345 0.00725117 0.05497721 0.25184777 0.10711954 0.31114891 0.06072690 0.09295508 0.07590933 0.08202098 0.02781683
0.03787836 0.00980927 0.00138446 0.00895841 0.03313704 0.25045493 0.09402460 0.31264296 0.06643125 0.08985272 0.09251662 0.08028622 0.02614711
0.03948357 0.01254778 0.00082063 0.01506352 0.03939012 0.24953613 0.09988363 0.31228528 0.06422101 0.09013102 0.06832650 0.07654657 0.02481877
0.03924608 0.00687889 0.00071124 0.00715938 0.04916197 0.24656472 0.08805479 0.31157086 0.05014951 0.09936033 0.08330555 0.07980566 0.02586944
0.03765072 0.00334109 0.00301292 0.00646347 0.02284478 0.24571598 0.09237346 0.31061960 0.05255648 0.11226853 0.07876436 0.07896205 0.02597106
0.03578079 0.00475473 0.00132728 0.00476825 0.02855935 0.24543873 0.09205977 0.30833031 0.05252884 0.10193453 0.06860734 0.08254052 0.03907262
0.03434466 0.00522287 0.00152238 0.00658714 0.03798587 0.24704111 0.09113086 0.30833107 0.04899813 0.08526420 0.06961643 0.08467570 0.02712661
0.03325412 0.00531968 0.00174741 0.00446612 0.02803262 0.25091149 0.08271225 0.30607965 0.05784647 0.07100531 0.08263431 0.08367718 0.02977398
0.03256123 0.00359013 0.00101996 0.00340734 0.03336787 0.24156521 0.08966902 0.30637224 0.06221939 0.07301364 0.08454842 0.08255995 0.02684701
0.03294298 0.00741164 0.00074894 0.00710804 0.02800926 0.24483789 0.09074742 0.30722292 0.05359943 0.07760148 0.07680973 0.08168861 0.02403055
0.03209010 0.00366073 0.00348334 0.00397781 0.03258818 0.23850445 0.08942418 0.30696245 0.04804074 0.09035885 0.06562192 0.08257747 0.02299635
0.03207773 0.00586590 0.00114186 0.00569905 0.02978214 0.24245808 0.09015484 0.30823079 0.04425908 0.10607854 0.06482443 0.07632660 0.03426364
0.03237428 0.00219857 0.00404004 0.00346619 0.00515916 0.24033053 0.08736871 0.30867238 0.04364572 0.10804056 0.06980880 0.08141839 0.02574487
0.03271425 0.00274943 0.00123491 0.00440833 0.00627017 0.23914831 0.08873168 0.30928557 0.04905374 0.09623143 0.06476812 0.07604520 0.03120954
0.03304399 0.00159513 0.00109206 0.00321406 0.00097655 0.24128062 0.09673433 0.31037999 0.04759959 0.07857482 0.08153634 0.08105929 0.04886285
0.03337882 0.00197921 0.00076822 0.00216252 0.00309856 0.23795622 0.09909808 0.31006451 0.05945317 0.07523860 0.08378634 0.07922400 0.02641186
0.03332504 0.00161738 0.00084796 0.00135650 0.00221093 0.24203110 0.10292505 0.30939306 0.05896621 0.07890347 0.08816510 0.08118008 0.02679671
0.04523347 0.00134820 0.00108291 0.00291829 0.00348030 0.24000351 0.10279681 0.30948763 0.05488959 0.08917344 0.07653629 0.07887886 0.04077695
0.04205805 0.00714613 0.00115631 0.01103583 0.01975553 0.24337942 0.09817239 0.30824277 0.04296275 0.09610998 0.07870208 0.07913580 0.02470288
0.03808057 0.00918764 0.00087674 0.01092779 0.04346290 0.24360657 0.10002641 0.30814438 0.04302929 0.10661542 0.06677661 0.07555420 0.03334130
0.03783020 0.00701363 0.00264982 0.00826291 0.04642639 0.24680246 0.09627420 0.30892910 0.03886283 0.10131236 0.07560576 0.07837490 0.02459273
0.03846571 0.00516297 0.00171328 0.00466834 0.02548872 0.24844898 0.09927606 0.30748318 0.04796971 0.08682217 0.06632316 0.07935218 0.03597691
0.02870180 0.01195466 0.00139229 0.01269423 0.04795729 0.24942813 0.10580553 0.30898780 0.05427531 0.06275064 0.08570576 0.08587266 0.02806116
0.03197551 0.01328149 0.00175170 0.01396681 0.04214049 0.24774896 0.10723101 0.31062776 0.06239584 0.05848868 0.08274466 0.08166359 0.04504344
0.03388890 0.00490750 0.00147100 0.00666280 0.03975826 0.24884895 0.10478794 0.30853513 0.06112989 0.07040250 0.08453961 0.08153679 0.02661073
0.03463487 0.00256312 0.00121036 0.00391437 0.02197050 0.24732989 0.11431024 0.30978280 0.05132868 0.08740749 0.07479291 0.08102718 0.03074252
0.03518378 0.00308157 0.00097234 0.00239481 0.02899745 0.24820114 0.09414938 0.30914680 0.03950743 0.10365176 0.08671556 0.07761834 0.02971015
0.03487483 0.00871349 0.00071913 0.00763548 0.03509547 0.24817360 0.10058816 0.30949609 0.04768686 0.10653633 0.06374836 0.07757319 0.04052309
0.03383765 0.00281574 0.00140066 0.00505077 0.02941778 0.24722868 0.09458199 0.30845530 0.04297766 0.10239646 0.07837383 0.07521428 0.03487745
0.03148766 0.00353177 0.00101289 0.00377765 0.04379580 0.24728982 0.09572399 0.30747820 0.05234905 0.08028675 0.07725862 0.07947425 0.02343171
0.02888855 0.00551495 0.00212441 0.00311549 0.04265160 0.24429828 0.09172741 0.30676227 0.06231735 0.07729863 0.07969337 0.08210309 0.02545466
0.02617062 0.00316660 0.00116353 0.00412049 0.04013556 0.24666605 0.09503958 0.30633120 0.06866949 0.06698450 0.08742321 0.08460197 0.02233223
0.02540415 0.00521727 0.00120578 0.00681663 0.02574260 0.24532964 0.09258315 0.30482895 0.05644034 0.07085883 0.07702117 0.08108375 0.02316299
0.03031296 0.00274715 0.00164617 0.00129320 0.03432578 0.24423601 0.08831768 0.30579670 0.04604747 0.09142724 0.07219540 0.08024443 0.02488462
0.03291059 0.01275746 0.00250049 0.01287338 0.03724968 0.24400825 0.08668555 0.30579215 0.03938692 0.10908343 0.06418506 0.07703899 0.02238593
0.03498932 0.00437761 0.00151394 0.00575792 0.03107201 0.24395666 0.08469479 0.30817104 0.04357718 0.11063305 0.06287243 0.07855679 0.02506234
0.03240975 0.01094728 0.00202929 0.01159121 0.04451792 0.23747181 0.08657277 0.30808450 0.04802555 0.10547122 0.07035915 0.07701286 0.02235449
0.03394287 0.00544910 0.00159214 0.00512085 0.04341052 0.24267979 0.09153922 0.30978478 0.05117341 0.09176358 0.07364947 0.08164214 0.02413184
0.03521671 0.00583455 0.00132898 0.00667632 0.04226901 0.23788105 0.09384808 0.30874644 0.05959537 0.08349450 0.07659746 0.07866441 0.02141333
0.03477340 0.01046861 0.00102644 0.01248010 0.04615609 0.23866762 0.08950302 0.30876211 0.05806138 0.08118001 0.08668601 0.08277465 0.03787493
0.03481540 0.00603226 0.00160329 0.00835138 0.04351742 0.23575430 0.08819182 0.30888054 0.05874991 0.07722408 0.07522907 0.08147152 0.02733292
0.03603538 0.01178304 0.00145874 0.01225738 0.03305620 0.23585734 0.09624577 0.30642587 0.05023893 0.09045176 0.07434974 0.07951615 0.02556564
0.03758168 0.00655225 0.00110138 0.00870698 0.05393767 0.23430587 0.09464307 0.30777323 0.05521747 0.10058759 0.07677081 0.08380110 0.02405871
0.03660080 0.00452324 0.00176064 0.00363834 0.02317558 0.23873575 0.09369184 0.30554034 0.04982245 0.10754308 0.07435511 0.07821223 0.03384611
0.03650301 0.00422422 0.00166633 0.00695609 0.02478200 0.23731643 0.09933157 0.30620801 0.04443654 0.10758729 0.06768850 0.08114542 0.02365985
0.03525958 0.01273100 0.00122091 0.01272446 0.01646077 0.23887482 0.09471302 0.30805413 0.06085727 0.09685391 0.07833335 0.08577237 0.02355604
0.03685477 0.00539161 0.00137295 0.00334787 0.03508053 0.23871172 0.09334889 0.30731785 0.06110700 0.09115558 0.07901820 0.07893235 0.02683355
0.04005948 0.00759201 0.00108777 0.00857882 0.05024791 0.23889379 0.09892052 0.30706915 0.06091036 0.08192452 0.08915588 0.08107312 0.02302508
0.03298624 0.01707781 0.00106509 0.01682475 0.04098520 0.24334821 0.09117931 0.30939732 0.06719694 0.07898132 0.08484041 0.08028775 0.02857908
0.03058220 0.00910284 0.00115475 0.01028920 0.02784763 0.24461170 0.09852670 0.30796653 0.06631857 0.08466439 0.07949316 0.08007465 0.02444495
0.02794622 0.00324358 0.00215473 0.00060015 0.00344511 0.24804528 0.09984066 0.30986039 0.05562653 0.10605405 0.08249787 0.08202138 0.02541377
0.02899159 0.00641944 0.00161563 0.00910407 0.02200878 0.24638015 0.09553717 0.30780768 0.05849675 0.11203379 0.08020723 0.07836005 0.02512708
0.03138391 0.01054402 0.00103031 0.00862797 0.03067300 0.24892581 0.09852921 0.30909480 0.05453018 0.10277635 0.06871105 0.08044707 0.02538516
0.03322372 0.00554268 0.00144553 0.00559132 0.02697055 0.25052159 0.09598412 0.30849814 0.06095168 0.09524844 0.07788756 0.07589195 0.03120267
0.03386120 0.00665010 0.00099203 0.00584510 0.05486230 0.24985926 0.09842394 0.30888208 0.05531004 0.08997536 0.07545377 0.07989623 0.02317868
0.03396479 0.00774357 0.00106986 0.00882232 0.04308388 0.24811552 0.09188997 0.30753478 0.05576150 0.08788760 0.08208269 0.07921287 0.02645927
0.03341169 0.00857924 0.00097802 0.00930611 0.04594674 0.24762425 0.08963763 0.30641324 0.05813758 0.07466410 0.07654707 0.08028848 0.02315351
0.03222854 0.00696937 0.00059651 0.00721994 0.04897144 0.24696087 0.08915411 0.30496241 0.05812801 0.07259992 0.07756342 0.08010676 0.02343357
0.03018769 0.00379669 0.00102148 0.00266635 0.00660436 0.24659943 0.10088512 0.30435021 0.06065652 0.08473626 0.07085300 0.07932336 0.02414454
0.02727429 0.00232735 0.00085285 0.00095736 0.00136597 0.24469181 0.08653086 0.30465524 0.04651129 0.09463173 0.08712185 0.07937934 0.02456296
0.02497977 0.00308086 0.00074864 0.00104292 0.02891321 0.24622111 0.08543870 0.30521154 0.04411194 0.09544347 0.06537629 0.07905427 0.02532666
0.02357044 0.00444836 0.00077869 0.00626979 0.02819369 0.24286984 0.08665325 0.30733881 0.04480090 0.09377185 0.07447301 0.07589826 0.02456198
0.02367560 0.00754745 0.00064944 0.01158810 0.04264538 0.24523329 0.09600374 0.30918997 0.05617715 0.08916511 0.06768912 0.07835419 0.03436312
0.02423801 0.01472809 0.00110385 0.01923241 0.04840948 0.23903275 0.08665086 0.31017928 0.05740946 0.09277251 0.07616161 0.07780074 0.03398828
0.02468485 0.01106631 0.00193178 0.01021153 0.03586008 0.23898640 0.09475811 0.31262224 0.05390571 0.07851709 0.08021218 0.08096151 0.03718424
0.02500279 0.00551489 0.00143391 0.00429454 0.02957289 0.23494051 0.09649798 0.31064158 0.06603398 0.07555004 0.07831861 0.08383300 0.02847362
0.02609890 0.00756486 0.00117905 0.00619703 0.04021986 0.23389581 0.09211403 0.30932481 0.05623621 0.08873153 0.08173865 0.07951979 0.02748722
0.02567211 0.00818138 0.00192831 0.00615941 0.02757648 0.23219256 0.09401967 0.30965619 0.04793994 0.10221528 0.07369052 0.08219787 0.03010966
0.02716303 0.00604236 0.00127461 0.00830589 0.04092797 0.23204437 0.10004446 0.30763537 0.04935240 0.10481670 0.07610673 0.08003854 0.02447961
0.02958550 0.00492785 0.00155526 0.00235347 0.04838483 0.23268103 0.09946154 0.30818877 0.05035258 0.10350731 0.06552159 0.08186927 0.02791977
0.03178109 0.00985594 0.00097671 0.01058405 0.05454446 0.23301775 0.09080293 0.30779476 0.05607356 0.09526958 0.08223210 0.08102947 0.02642507
0.03745965 0.00901048 0.00059040 0.00996078 0.06399114 0.23690424 0.09321500 0.30960123 0.06754905 0.08256152 0.08458078 0.07967753 0.02817494
0.03963095 0.01326069 0.00073947 0.01326237 0.05955359 0.23822464 0.10429367 0.30994666 0.05900331 0.06641638 0.09137603 0.08083876 0.03455569
0.03997234 0.01228153 0.00137939 0.01485056 0.07577476 0.24178726 0.09666842 0.31145861 0.06326268 0.07388568 0.08378025 0.08245042 0.02744189
0.03752080 0.00520017 0.00096377 0.00678426 0.06573595 0.24126631 0.10036494 0.31004889 0.06466823 0.10119791 0.07619078 0.07972335 0.05180362
0.03458294 0.00597594 0.00116180 0.00849195 0.03958845 0.24641809 0.10786685 0.31165365 0.05043486 0.10589966 0.07901899 0.08130323 0.04292311
0.03292431 0.00596825 0.00108294 0.00543174 0.05405284 0.24827555 0.09139705 0.30987270 0.05727020 0.10834568 0.07519510 0.08063016 0.03247927
0.03133791 0.00768080 0.00112296 0.00412142 0.01633725 0.25110428 0.09799276 0.30856568 0.05529622 0.10127599 0.07169406 0.08183045 0.02745206
0.03121890 0.00386721 0.00248937 0.00541475 0.01801708 0.25141464 0.09267196 0.30981851 0.05927440 0.09526269 0.08137176 0.08112677 0.04196212
0.03021272 0.00530738 0.00143364 0.00378997 0.03482866 0.25532460 0.09349843 0.30909886 0.06027326 0.08303888 0.07948459 0.08221416 0.02597387
0.03079418 0.00763329 0.00113748 0.00490986 0.01819799 0.25276072 0.09452181 0.30846648 0.05789295 0.07728039 0.08349895 0.07958435 0.02599940
0.03273358 0.00285233 0.00121758 0.00105348 0.00410162 0.25389828 0.09170357 0.30835656 0.05471300 0.08243146 0.08349161 0.07805916 0.02368768
0.03328676 0.00736267 0.00086524 0.00745979 0.02904097 0.25434682 0.08803667 0.30627894 0.06015810 0.09414894 0.07729334 0.07990419 0.02342305
0.03382836 0.00248561 0.00064518 0.00042894 0.00146062 0.25108685 0.09912847 0.30846635 0.05214837 0.10083731 0.07229580 0.07874025 0.02392384
0.03428885 0.00286538 0.00199355 0.00488810 0.00557958 0.24916385 0.09674184 0.30592049 0.05180726 0.10337168 0.07804433 0.07990919 0.03375198
0.03372123 0.00283670 0.00377472 0.00612217 0.00310263 0.24656581 0.09847845 0.30806583 0.04957275 0.11036761 0.07145506 0.08000801 0.03037367
0.02999150 0.00519074 0.00174830 0.00642009 0.02831394 0.24490612 0.09342705 0.31032733 0.05435172 0.09775784 0.08538168 0.08046099 0.03624395
0.02924940 0.00222243 0.00079936 0.00450387 0.00401861 0.24321324 0.09340472 0.31135223 0.05582581 0.08825193 0.08040166 0.08055516 0.03463865
0.02764841 0.00515068 0.00106480 0.00770813 0.03533872 0.24587261 0.09660103 0.31067858 0.05019654 0.08586933 0.07327519 0.07646201 0.02663551
0.02629365 0.00696336 0.00112982 0.00783837 0.04876078 0.24163203 0.09231776 0.31132113 0.04890153 0.09045847 0.07890715 0.08010285 0.02489532
0.02405378 0.00334617 0.00076538 0.00373921 0.03268047 0.24151373 0.09476096 0.31153442 0.04907390 0.09242659 0.08444122 0.08179904 0.02354780
0.02393504 0.00527862 0.00056459 0.00450376 0.02870129 0.23791451 0.09294570 0.30996092 0.04846927 0.08965579 0.07435915 0.07858663 0.02355409
0.02361163 0.00309013 0.00052264 0.00088269 0.04258534 0.23834432 0.09167463 0.30994869 0.05143321 0.09023797 0.07199996 0.08061121 0.02241115
0.02379547 0.01084217 0.00070642 0.01034844 0.04306195 0.24030496 0.09149364 0.30959731 0.05346449 0.09353248 0.07093698 0.07917788 0.02390401
0.02381486 0.00822148 0.00168705 0.00877918 0.04336147 0.24107637 0.09285643 0.30941932 0.05128299 0.09046398 0.07355838 0.08086278 0.02808051
0.02417579 0.00764920 0.00091012 0.00860890 0.04168371 0.24091506 0.10090155 0.31002603 0.06015261 0.08235715 0.07450950 0.08034787 0.02358723
0.02481715 0.00699678 0.00075840 0.00571782 0.02159197 0.24244955 0.09361350 0.30908692 0.05808814 0.07942893 0.08143004 0.07793834 0.02457878
0.02563548 0.00511961 0.00060784 0.00439654 0.03082352 0.24367233 0.09721633 0.31052751 0.05288052 0.08431824 0.07984483 0.07869249 0.02311766
0.02561006 0.00533163 0.00067008 0.00630107 0.03921420 0.24644213 0.09403695 0.31062985 0.04903929 0.08951128 0.07810302 0.07927092 0.02512443
0.02516268 0.00453029 0.00124198 0.00190562 0.02691169 0.24823354 0.09742732 0.31082329 0.05137784 0.09308923 0.07246301 0.07823250 0.02481834
0.02480115 0.00389230 0.00102298 0.00676453 0.02552590 0.24701433 0.09955068 0.31016722 0.05136532 0.09132933 0.06711896 0.07988082 0.02440673
0.02403612 0.00281592 0.00101322 0.00422136 0.02087944 0.24926460 0.09629338 0.31032741 0.04949263 0.09009737 0.07041433 0.07772250 0.02806595
0.02344720 0.00100651 0.00166734 0.00031135 0.00062120 0.25048825 0.10027645 0.31010972 0.04595365 0.08545498 0.07426421 0.08011901 0.02443865
0.02308224 0.01129570 0.00123157 0.01139332 0.01552413 0.24797422 0.09792645 0.30805774 0.04737184 0.07791556 0.07558345 0.08085119 0.03786437
0.02367441 0.00919455 0.00284423 0.01205671 0.05489550 0.25103475 0.09994768 0.30802798 0.04791081 0.07526883 0.07172241 0.07867750 0.02609957
0.02539716 0.01011162 0.00193618 0.00918222 0.04672263 0.25167433 0.09734337 0.30800090 0.04809885 0.07650547 0.07403012 0.08060440 0.02810838
0.02770411 0.00576950 0.00106993 0.00503948 0.04428288 0.25011612 0.10176807 0.30708526 0.04947293 0.07609375 0.07330835 0.08026347 0.02365334
0.02981227 0.00676655 0.00077753 0.00672634 0.05129277 0.25446248 0.09649980 0.30664047 0.04325419 0.08080782 0.07207347 0.08159900 0.02542700
0.03137011 0.00343142 0.00103425 0.00223507 0.02368054 0.24957933 0.09399773 0.30656631 0.04270621 0.08109081 0.07014017 0.07796799 0.02645291
0.03276363 0.00600607 0.00059924 0.00777747 0.03717330 0.25478207 0.09266920 0.30547180 0.05625615 0.08161594 0.06860718 0.07831851 0.02372826
0.03193699 0.00659659 0.00044534 0.00570772 0.03733543 0.24830649 0.09483566 0.30617597 0.05465275 0.07889444 0.06984819 0.07800913 0.02413840
0.02939983 0.00534938 0.00062206 0.00584849 0.03085419 0.24979515 0.09245069 0.30753424 0.04697266 0.07894417 0.07410612 0.08003146 0.03507575
0.02706162 0.00323296 0.00385777 0.00330819 0.01937076 0.24663946 0.09752504 0.30953331 0.04964237 0.07734244 0.07008106 0.08194056 0.03095215
0.02521340 0.00240295 0.00123920 0.00525435 0.02237069 0.24444402 0.09362289 0.31082834 0.04850527 0.08237730 0.07551221 0.07707695 0.03478721
0.02429381 0.00310605 0.00106268 0.00386110 0.00410246 0.24390963 0.09382208 0.31141564 0.05610716 0.08303256 0.07639707 0.08090517 0.03328403
0.02417717 0.00716832 0.00108372 0.00253595 0.00526183 0.24324223 0.09762053 0.31261290 0.06419440 0.07887970 0.07574319 0.07783118 0.04603981
0.02460940 0.00391195 0.00162179 0.00404098 0.00675588 0.24326331 0.10748889 0.31126045 0.05325676 0.07230240 0.07116215 0.07976054 0.03888438
0.02547112 0.00242554 0.00113408 0.00227703 0.00211210 0.24357401 0.10045098 0.31113433 0.04859196 0.07511875 0.07573526 0.07890771 0.02454190
0.02621871 0.00310281 0.00416570 0.00240120 0.00393903 0.24418806 0.10445356 0.30928147 0.05292562 0.07959340 0.06773112 0.08395702 0.03775133
0.02712003 0.00172598 0.00094369 0.00268217 0.00096565 0.24412177 0.10535317 0.30721330 0.04223739 0.07362206 0.07997102 0.07909075 0.02693782
0.02430641 0.00142267 0.00112962 0.00425473 0.05296830 0.24522229 0.09648817 0.30800844 0.04173499 0.07685187 0.06981350 0.08002258 0.04220026
0.02519045 0.00493931 0.00066627 0.00421324 0.02889970 0.24488924 0.09527671 0.30661053 0.04888692 0.07940751 0.07286596 0.07881474 0.02654219
0.02550134 0.00484196 0.00064742 0.00444765 0.04448737 0.24587711 0.09674642 0.30798191 0.05938777 0.08097162 0.06943195 0.07816731 0.03562036
0.02481380 0.00313156 0.00136664 0.00077200 0.02847697 0.24623204 0.09579291 0.30605470 0.05769196 0.07502010 0.06860403 0.07792386 0.02544518
0.02578103 0.00489721 0.00103423 0.00520607 0.04804817 0.24791574 0.09995577 0.30782307 0.04535538 0.07255204 0.07221823 0.07951292 0.02499493
0.02768369 0.00386620 0.00090531 0.00453853 0.03501952 0.24882735 0.09728242 0.30713871 0.04404999 0.07744333 0.07646598 0.07847626 0.02758085
0.02831643 0.01460329 0.00168695 0.01432105 0.04024922 0.24991652 0.10125318 0.30752042 0.05095332 0.08305490 0.06302935 0.07901422 0.02564397
0.02808295 0.00506190 0.00109144 0.00664710 0.03705898 0.25333539 0.09750289 0.30900531 0.04123905 0.07998580 0.06856888 0.07824606 0.02820929
0.02795184 0.00838956 0.00130600 0.01116766 0.02948932 0.25250441 0.10181582 0.30875586 0.04129454 0.07128632 0.07036187 0.07838684 0.02756986
0.02769472 0.00305298 0.00073322 0.00230319 0.03193239 0.25342678 0.10032588 0.30829123 0.04855701 0.06750720 0.07284951 0.07975218 0.03815300
0.04866616 0.00894756 0.00079449 0.01041989 0.03188679 0.25238736 0.10844508 0.30960887 0.05191518 0.06755275 0.07854619 0.08031770 0.03667769
0.04805672 0.00885258 0.00052167 0.01310775 0.02987371 0.24953243 0.09875954 0.30781924 0.05736315 0.06492149 0.07762152 0.08000705 0.03101921
0.04708819 0.00842008 0.00079302 0.01029653 0.03177033 0.25163554 0.09918702 0.30816560 0.05602063 0.06979430 0.07252457 0.07966398 0.02802819
0.04699829 0.00441972 0.00063921 0.00561434 0.05059257 0.24857437 0.09304273 0.30718072 0.04593910 0.08435864 0.07678936 0.08003133 0.04738165
0.04663560 0.00342989 0.00086002 0.00279007 0.03451744 0.24854126 0.10226391 0.30636809 0.04761721 0.08783565 0.06888717 0.08074468 0.03781313
0.04609624 0.00775497 0.00085067 0.00827578 0.03246938 0.24384591 0.10828748 0.30489897 0.05059067 0.08175856 0.06617453 0.07910384 0.02737932
0.04582450 0.00425424 0.00099069 0.00455759 0.02541358 0.24222003 0.10567256 0.30527154 0.04407793 0.07875106 0.07769303 0.07897043 0.05521183
0.04472123 0.00289540 0.00197902 0.00506928 0.02536224 0.23899224 0.10292080 0.30611823 0.04913362 0.09282584 0.07635140 0.08157581 0.02931766
0.04543306 0.00354441 0.00169104 0.00377736 0.02357167 0.23938964 0.09787530 0.30757307 0.05238066 0.09490136 0.08224079 0.08165010 0.03678930
0.04586933 0.00199805 0.00137881 0.00152428 0.00149128 0.23895079 0.10627130 0.30986455 0.05207678 0.07982304 0.07928096 0.08061792 0.02859243
0.04522051 0.00150750 0.00246127 0.00085247 0.00101049 0.23692848 0.10317220 0.30994472 0.05171591 0.07328764 0.07700786 0.08098141 0.02852316
0.04562789 0.00292022 0.00122518 0.00477055 0.03062727 0.23681967 0.10941062 0.30898397 0.05484859 0.08233751 0.07663937 0.07876749 0.02797698
0.04613364 0.00741552 0.00080242 0.01159350 0.01833056 0.23356898 0.10363827 0.30867384 0.04917214 0.08928886 0.08000536 0.07937845 0.02632341
0.04504190 0.00510314 0.00129091 0.00381871 0.02757652 0.23612748 0.10291718 0.30806794 0.04715658 0.08660043 0.07243365 0.08086538 0.02779231
0.04541010 0.00648373 0.00113530 0.00932637 0.04253162 0.23480785 0.10340448 0.30495347 0.04251615 0.08609728 0.07380208 0.07876637 0.03327958
0.04583896 0.01077502 0.00070360 0.00823496 0.05740203 0.23861150 0.09939657 0.30646810 0.05177741 0.08722435 0.07032391 0.08072116 0.02734085
0.04589722 0.01353744 0.00129527 0.01134405 0.05187617 0.24079614 0.09801667 0.30574224 0.05686980 0.08624846 0.07630840 0.08031026 0.02670942
0.04616287 0.01045622 0.00065191 0.01255954 0.05203449 0.24303095 0.09599115 0.30694037 0.04882006 0.07480580 0.07107808 0.08139370 0.03736558
0.04584955 0.00536189 0.00104189 0.00483416 0.03871304 0.24337712 0.10769775 0.30666867 0.05007151 0.07146289 0.07444693 0.08149592 0.02590438
0.04592610 0.00753064 0.00103804 0.00745781 0.03489218 0.24284078 0.09958844 0.30767580 0.05443343 0.07783032 0.07342280 0.07845762 0.03949632
0.04631727 0.00442658 0.00081555 0.00528944 0.05447306 0.24489341 0.09319925 0.30578803 0.05365063 0.08046271 0.08027346 0.07925805 0.02600385
0.04653436 0.00422359 0.00185170 0.00311134 0.02987344 0.24512740 0.09759558 0.30614996 0.05248655 0.08756353 0.07182827 0.07955951 0.03870212
0.04618099 0.00803171 0.00117331 0.01137764 0.04415504 0.24645243 0.09801705 0.30739263 0.05629574 0.08526634 0.07470882 0.08028908 0.02450062
0.04622801 0.00804655 0.00176994 0.00868684 0.02942713 0.24765960 0.09986710 0.30856345 0.05435114 0.08950278 0.07149863 0.08010204 0.03218328
0.04565271 0.00579096 0.00093126 0.00597496 0.03833784 0.24553458 0.09709143 0.30829001 0.06364787 0.08486841 0.07987898 0.08012568 0.03982436
0.04581580 0.00294072 0.00153521 0.00504676 0.03490387 0.24863245 0.10808390 0.30773095 0.05622422 0.07287944 0.07251474 0.08077111 0.02577484
0.04555793 0.00761643 0.00092342 0.00678479 0.02952046 0.24745451 0.09314804 0.30653797 0.05091658 0.06432882 0.08127798 0.07870641 0.03470224
0.04553486 0.00437481 0.00068216 0.00162998 0.02200779 0.24522896 0.09932898 0.30606997 0.05287523 0.08010451 0.07236147 0.07835433 0.02633334
0.04514868 0.00487047 0.00069617 0.00745092 0.02935690 0.24359253 0.09463136 0.30451028 0.04975307 0.09016134 0.07561861 0.07861174 0.04488053
0.04462889 0.00188947 0.00186544 0.00284037 0.01803516 0.24202003 0.09954848 0.30607179 0.04306617 0.09384492 0.06860119 0.07931796 0.04796193
0.04390501 0.01195336 0.00212462 0.01127015 0.03189184 0.23762518 0.09935299 0.30439202 0.04095318 0.08794655 0.06784013 0.07875810 0.02430835
0.04430675 0.01027780 0.00140494 0.01292475 0.04168517 0.24045816 0.10077011 0.30637689 0.04700522 0.08182557 0.07496482 0.07945847 0.02701310
0.04468297 0.00539499 0.00082686 0.00365080 0.03282885 0.23397107 0.09290727 0.30661348 0.05837088 0.07270494 0.08532853 0.07901043 0.04532945
0.04585802 0.00828494 0.00074253 0.00891633 0.03478340 0.23458548 0.10490254 0.30919709 0.06029178 0.07197500 0.07270390 0.08265426 0.02816762
0.04623122 0.00459564 0.00081194 0.00439868 0.04830714 0.23172566 0.09776255 0.30842197 0.05303293 0.07186631 0.07974873 0.07971289 0.02611558
0.04567410 0.00383358 0.00082366 0.00363556 0.04482182 0.23298775 0.10770739 0.30928851 0.05553136 0.09223709 0.07247853 0.07967168 0.03286373
0.04483037 0.00462619 0.00090399 0.00648329 0.04464682 0.23381334 0.09573131 0.30905224 0.04581580 0.09370623 0.08017721 0.07766240 0.04054070
0.04576186 0.00461380 0.00117390 0.00492648 0.02436345 0.23551136 0.10210579 0.30935166 0.05061689 0.09296002 0.07284823 0.07787710 0.02766311
0.04383938 0.00481441 0.00103038 0.00517592 0.05303368 0.23636020 0.09680081 0.30761102 0.05000060 0.08402704 0.07375957 0.08291318 0.03323613
0.04494614 0.00304312 0.00362471 0.00188754 0.01828743 0.23731677 0.09576112 0.30646351 0.05270765 0.08879936 0.08239510 0.08028459 0.02689862
0.04670543 0.00272991 0.00174761 0.00424573 0.02894234 0.23735395 0.09847737 0.30401611 0.05497620 0.07721159 0.07814774 0.08173376 0.02649778
0.04617158 0.00477353 0.00109756 0.00312927 0.02377824 0.23971974 0.10093875 0.30389806 0.05306390 0.06799441 0.07664779 0.08321693 0.02449036
0.04482786 0.00500407 0.00074783 0.00468749 0.03063846 0.24137958 0.09635018 0.30364356 0.06001593 0.07408456 0.08146234 0.07999228 0.02364563
0.04509581 0.00509127 0.00043375 0.00053316 0.00301746 0.24320302 0.09445718 0.30490047 0.05399781 0.08417314 0.07266299 0.07992306 0.02373824
0.04251055 0.00250590 0.00064896 0.00038465 0.00295561 0.24315348 0.09832357 0.30650625 0.04651965 0.09217605 0.07148889 0.07569197 0.02329315
0.04224037 0.00182926 0.00047876 0.00036367 0.00171987 0.24382937 0.09354718 0.30648821 0.04411435 0.09060813 0.07276272 0.07616466 0.02380605
0.03106323 0.00200106 0.00364039 0.00041230 0.00090865 0.24467615 0.10159568 0.30583413 0.04569623 0.09021975 0.06875225 0.07758767 0.02420148
0.03196079 0.00269117 0.00064117 0.00280912 0.02741685 0.24365672 0.09751787 0.30751093 0.04959111 0.08552198 0.07977386 0.07787432 0.02492159
0.02970782 0.00201496 0.00110936 0.00204191 0.02802612 0.24824210 0.10757479 0.30760691 0.05370049 0.07423765 0.07544721 0.07970140 0.02656101
0.02644665 0.00801989 0.00133864 0.00809678 0.02933236 0.24326917 0.09997846 0.30777653 0.05138961 0.06958269 0.07576127 0.07891097 0.02792876
0.02483011 0.00392211 0.00089154 0.00564846 0.04774680 0.24352174 0.10073799 0.30704300 0.04879690 0.07780447 0.07471390 0.08205951 0.02658057
0.02548846 0.00597146 0.00070705 0.00656780 0.05707877 0.24111907 0.09503287 0.30704335 0.04850866 0.08806040 0.07224852 0.07955186 0.02737619
0.02626376 0.00510080 0.00122675 0.00480771 0.04273700 0.23954160 0.10293632 0.30442953 0.04579319 0.09105140 0.07269346 0.07708954 0.02839239
0.02637808 0.00387438 0.00072975 0.00266005 0.02470125 0.24122425 0.10156707 0.30495998 0.04355949 0.08479711 0.07310047 0.07795013 0.03262828
0.02723555 0.00232412 0.00052483 0.00414848 0.02371510 0.24130488 0.10251963 0.30559946 0.04429858 0.08336576 0.08115147 0.07744902 0.02722628
0.02788139 0.00349520 0.00078137 0.00473977 0.03166615 0.23677858 0.10240684 0.30450105 0.05274350 0.08341298 0.07590111 0.08208866 0.02692827
0.02751706 0.01098807 0.00064309 0.01115202 0.01257443 0.23899466 0.10250928 0.30539440 0.05345022 0.07673444 0.08006006 0.08743657 0.02931430
0.02647323 0.00806724 0.00125616 0.00962177 0.02537221 0.23615439 0.09966997 0.30404021 0.05105982 0.07292518 0.08076484 0.07884371 0.02702030
0.02612169 0.00892488 0.00066753 0.01003259 0.04810747 0.23639694 0.10363586 0.30755955 0.05038572 0.08060157 0.06977439 0.08158123 0.02813953
0.02725751 0.01922258 0.00086887 0.02022668 0.04912579 0.23956810 0.09528916 0.30927766 0.04632432 0.08734347 0.08116445 0.07939316 0.02725135
0.02789410 0.00822492 0.00103368 0.00833802 0.03599716 0.23980560 0.10384929 0.31098481 0.04221003 0.09143924 0.07537983 0.08030386 0.04563859
0.02788103 0.00590308 0.00202484 0.00734822 0.05120461 0.24022832 0.10157394 0.31194074 0.05168537 0.08364779 0.07302298 0.07996095 0.02936289
0.02730213 0.00347559 0.00110828 0.00588846 0.03671847 0.24310615 0.10345394 0.31260094 0.05528915 0.07552559 0.07930554 0.07741912 0.03215212
0.02785842 0.01388162 0.00133433 0.01380814 0.03385210 0.24185112 0.10192993 0.30977429 0.05428416 0.07912980 0.07450149 0.08089380 0.03199662
0.02861656 0.00238673 0.00210785 0.00472922 0.03532461 0.24452722 0.09351323 0.30923423 0.05135168 0.07994261 0.07955324 0.08119925 0.02994117
0.02926743 0.00312042 0.00214198 0.00324696 0.00577161 0.24172781 0.08886777 0.30498471 0.05666348 0.07978751 0.07688245 0.08062672 0.03054873
0.03055231 0.00555135 0.00175513 0.00568135 0.04005511 0.24556277 0.08708972 0.30297338 0.05447118 0.07876718 0.07015298 0.08011368 0.02862971
0.03255303 0.00370652 0.00109536 0.00299635 0.03690999 0.24309809 0.09031174 0.30261196 0.05097731 0.08743384 0.07656018 0.07944515 0.03199401
0.03247421 0.00830004 0.00160710 0.00942634 0.00896080 0.24790511 0.08551083 0.30323616 0.05002841 0.08484829 0.07265837 0.08195277 0.02807067
0.03273808 0.00667080 0.00196217 0.00869356 0.03465267 0.24428792 0.09400907 0.30529364 0.04790250 0.08378712 0.06997567 0.08506060 0.02244054
0.03221759 0.00328779 0.00321264 0.00207941 0.02820993 0.24426721 0.09453606 0.30436978 0.04451785 0.08499189 0.07190613 0.07804507 0.02348098
0.03224310 0.00545456 0.00130423 0.00507194 0.03089827 0.24510605 0.09941067 0.30749787 0.05029214 0.08419410 0.06686155 0.07760317 0.03340100
0.03248642 0.00528377 0.00074098 0.00601684 0.04429376 0.24192950 0.09568871 0.30889234 0.05861146 0.08109526 0.07214294 0.07854622 0.02978017
0.02989091 0.00829828 0.00130473 0.00954485 0.03568070 0.24263588 0.09770397 0.30973408 0.05287052 0.07907661 0.07252344 0.08004743 0.03749356
0.02880519 0.01280146 0.00149310 0.01382481 0.01457501 0.24227611 0.09734715 0.31099575 0.05763646 0.08840049 0.07704573 0.07810403 0.02767976
0.02831236 0.00126100 0.00130624 0.00070846 0.00084510 0.24106862 0.11183878 0.30906263 0.04920931 0.09371512 0.07506128 0.07785796 0.02480574
0.02764769 0.01536896 0.00119993 0.01569403 0.02489331 0.24101660 0.10324663 0.31238302 0.04599056 0.09334057 0.08118450 0.07832866 0.02980086
0.02755236 0.00879683 0.00223185 0.00743293 0.04304698 0.23979373 0.10386930 0.30820254 0.07053973 0.09107036 0.07161060 0.08263474 0.02747647
0.02771302 0.00664448 0.00118608 0.00737220 0.05909025 0.23986815 0.09755585 0.30892361 0.05625114 0.08801998 0.08067582 0.07961203 0.02555574
0.02942677 0.01179795 0.00096625 0.01412715 0.04608882 0.24073766 0.09868907 0.30638214 0.05233149 0.08899485 0.07253170 0.07976726 0.02821509
0.02936978 0.00800880 0.00116295 0.00909942 0.04863316 0.24099919 0.09495529 0.30359116 0.05405230 0.08515532 0.08035181 0.07929853 0.02476460
0.02999326 0.00849558 0.00183310 0.00742373 0.03066099 0.24339049 0.09727955 0.30428371 0.04934807 0.08940695 0.07473331 0.08236610 0.02576249
0.02953669 0.00950516 0.00118221 0.01186008 0.04040737 0.24317482 0.10181584 0.30321036 0.05159173 0.08184976 0.07896906 0.08104381 0.02639335
0.02901193 0.00359437 0.00253378 0.00501816 0.03046148 0.24372278 0.10232385 0.30547633 0.05490593 0.08615833 0.07416472 0.07738076 0.03638773
0.02789835 0.01102589 0.00145278 0.01424657 0.03994662 0.24415037 0.09522228 0.30773482 0.05962117 0.08611573 0.08672586 0.07952146 0.02984953
0.02820985 0.01154208 0.00105092 0.01079008 0.04790435 0.24683177 0.10144050 0.31018526 0.05061917 0.08518722 0.06916576 0.08033876 0.03692978
0.02843028 0.00596987 0.00163994 0.00699503 0.04360918 0.24660442 0.09798952 0.31177082 0.04258983 0.08373119 0.07197290 0.07697128 0.02574693
0.02799550 0.01445440 0.00115928 0.01305312 0.02685290 0.24344300 0.10084488 0.31125866 0.04816420 0.08644845 0.07160063 0.07926371 0.03623301
0.03018009 0.01382413 0.00132514 0.01673455 0.04334210 0.24460690 0.09598654 0.31257394 0.05083845 0.08555121 0.06744510 0.07715569 0.04028596
0.03103460 0.00463221 0.00269305 0.00496700 0.03090086 0.24393845 0.08881443 0.31017721 0.04473508 0.08946465 0.07996745 0.07789389 0.04283403
0.03135608 0.00244177 0.00123695 0.00299947 0.01736698 0.24466153 0.09422374 0.30776750 0.05468845 0.08493657 0.06890661 0.07878539 0.02725635
0.03200851 0.00183401 0.00073057 0.00478702 0.02101019 0.24296792 0.09462673 0.30511381 0.05176166 0.08249265 0.07191438 0.07904228 0.02540084
0.03250367 0.00306644 0.00059151 0.00348043 0.04153501 0.24246634 0.09221771 0.30286539 0.04932172 0.08236986 0.07772443 0.07818112 0.02821516
0.03181865 0.00350497 0.00092329 0.00578477 0.03062546 0.24084665 0.08683823 0.30214695 0.05114913 0.08271532 0.07150820 0.08121645 0.03127407
0.03102104 0.00331278 0.00156882 0.00474117 0.02619249 0.24052268 0.08801286 0.30090033 0.04957062 0.08797293 0.07017759 0.08074235 0.02608250
0.03120956 0.00257634 0.00121190 0.00306106 0.02295232 0.24092183 0.08556660 0.30374405 0.05160145 0.08904133 0.07541375 0.07867605 0.03220551
0.03191384 0.00456742 0.00163682 0.00551411 0.02544202 0.24143844 0.09102513 0.30526883 0.06096757 0.08890491 0.06732278 0.08254960 0.03568233
0.03149258 0.00348203 0.00303190 0.00283396 0.02678471 0.24018161 0.09182282 0.30509920 0.05164180 0.08873990 0.07239092 0.07876939 0.02288105
0.03030113 0.00365994 0.00096278 0.00235452 0.03813410 0.24225977 0.10100792 0.31019039 0.04698397 0.08405150 0.07405205 0.07996496 0.02692956
0.02977396 0.00165159 0.00117649 0.00405314 0.00572621 0.24029918 0.09989522 0.30995276 0.06499218 0.08546482 0.07266023 0.07771874 0.02697654
0.02998151 0.00253525 0.00100444 0.00186286 0.03592517 0.24207925 0.09825697 0.31269648 0.05196600 0.09047252 0.07678495 0.07664025 0.04348121
0.02933541 0.00245076 0.00077850 0.00211923 0.00291801 0.24075898 0.10056362 0.31212204 0.04827191 0.08818889 0.07494131 0.07769122 0.02713161
0.02809392 0.00189022 0.00072662 0.00136527 0.00264436 0.24233859 0.10065087 0.30988104 0.04799722 0.08696608 0.06910612 0.07740451 0.02927399
0.02690616 0.00308085 0.00064403 0.00388436 0.03538314 0.24051050 0.09812324 0.30975502 0.04517724 0.08881951 0.07979319 0.07814003 0.05990885
0.02583954 0.00385801 0.00235105 0.00431554 0.04110903 0.24100161 0.10257959 0.30556921 0.04938891 0.09019276 0.07313359 0.07922776 0.02578456
0.02487449 0.00995493 0.00109046 0.00889463 0.03878281 0.24180909 0.09585111 0.30423298 0.05135576 0.08333203 0.07189668 0.07939045 0.03458765
0.02889148 0.00433000 0.00120809 0.00580337 0.02386195 0.24247911 0.09713239 0.30321099 0.04738277 0.08095761 0.08268244 0.08026615 0.02756099
0.03013075 0.00808692 0.00072357 0.00722002 0.05119238 0.24315636 0.10268594 0.30373601 0.06109797 0.07870905 0.07456631 0.08105649 0.03519107
0.03202035 0.00799532 0.00138159 0.00865479 0.04573417 0.24548299 0.10220761 0.30428852 0.05185348 0.08625028 0.07363461 0.07787019 0.02785384
0.03154437 0.00851066 0.00163423 0.00781393 0.02945520 0.24877235 0.10156748 0.30400189 0.04522226 0.07497885 0.07881667 0.07692566 0.02883307
0.03135351 0.00874380 0.00145577 0.01264072 0.03565102 0.24812517 0.10197818 0.30869619 0.04412499 0.07344295 0.07464247 0.07655266 0.03459289
0.03345860 0.00959599 0.00102771 0.00599467 0.03491721 0.25042759 0.10087220 0.30956795 0.05882370 0.07679399 0.07184973 0.07768129 0.02728207
0.03530611 0.00752914 0.00203529 0.00789704 0.02716405 0.24966803 0.10279304 0.31154543 0.04502508 0.08255327 0.07777554 0.07812989 0.02934612
0.03573889 0.00789700 0.00136617 0.00763184 0.01321823 0.24845514 0.10509273 0.31356815 0.05150843 0.08046107 0.06822982 0.07607212 0.02901212
0.03615074 0.00709870 0.00098000 0.00927824 0.05546971 0.24939996 0.09698127 0.31347876 0.05095681 0.08044867 0.07552310 0.07876077 0.04045106
0.03662475 0.00351591 0.00147541 0.00373868 0.04988509 0.24891505 0.09441458 0.31253003 0.04625576 0.10082698 0.07334487 0.07658451 0.02772292
0.03645786 0.00413733 0.00216277 0.00656239 0.03557748 0.24978506 0.09532330 0.30868750 0.04754470 0.08885151 0.06771319 0.07893927 0.02305317
0.03512466 0.01776193 0.00154770 0.01768035 0.03818614 0.24918946 0.08995323 0.30759216 0.04358185 0.07452360 0.07055014 0.07673131 0.02306640
0.03445468 0.00512790 0.00106647 0.00431434 0.02897259 0.25004392 0.08921924 0.30711786 0.05526371 0.08008092 0.07019441 0.07794174 0.02305164
0.03463082 0.00411736 0.00225416 0.00613282 0.03614277 0.25015781 0.09033272 0.30471809 0.06375926 0.07523632 0.06958390 0.07948269 0.02215002
0.03479241 0.00265559 0.00123427 0.00191301 0.01895263 0.24980022 0.08674891 0.30547055 0.04474510 0.07550183 0.07371198 0.08060114 0.02357487
0.03520384 0.00916124 0.00119694 0.01059515 0.02213511 0.25050735 0.09212320 0.30581481 0.04702794 0.07746831 0.06943481 0.07914184 0.03626036
0.03531396 0.01041920 0.00089866 0.01313838 0.05954432 0.24693645 0.09954402 0.30851433 0.04807828 0.08239380 0.06984904 0.07903084 0.02621924
0.03497497 0.00300161 0.00078857 0.00222014 0.04096820 0.25046131 0.09927130 0.30974045 0.04713278 0.08164167 0.07480704 0.08057411 0.03734755
0.03405283 0.01140842 0.00124414 0.01078596 0.04415729 0.24909518 0.12162546 0.31280099 0.04462394 0.07669434 0.06694473 0.08207327 0.02549600
0.03283187 0.00187833 0.00127729 0.00145807 0.00106791 0.24678542 0.10536335 0.31493909 0.04667889 0.07145722 0.07505377 0.07811064 0.03712410
0.03153290 0.00658099 0.00118964 0.00733098 0.02549322 0.24638840 0.10711447 0.31459857 0.05025066 0.07750768 0.07482667 0.07864865 0.02724851
0.03003758 0.00545382 0.00078602 0.00546884 0.04363716 0.24375232 0.10229851 0.31604502 0.05576880 0.08046972 0.07571047 0.07818347 0.03181811
0.02843838 0.00431784 0.00327686 0.00385822 0.02402297 0.24243041 0.09868007 0.31352812 0.05273563 0.07956276 0.07625935 0.07736752 0.02764269
0.03315115 0.00783446 0.00122830 0.01043247 0.04352023 0.24336539 0.10791395 0.31290170 0.04586301 0.07758116 0.07611339 0.08310135 0.03051688
0.03316872 0.00958945 0.00101136 0.01150736 0.03946676 0.24265628 0.10284979 0.31016601 0.05960180 0.08851799 0.06545709 0.07828982 0.04239079
0.03303753 0.00635675 0.00399392 0.00573259 0.03848406 0.24358618 0.10036030 0.30779646 0.04544087 0.10237949 0.07111323 0.08834715 0.02494307
0.03377648 0.00584810 0.00322398 0.00614106 0.03601307 0.24360964 0.10238639 0.30520181 0.04185425 0.10330828 0.06505255 0.07933904 0.03114444
0.03562946 0.00375034 0.00191398 0.00431070 0.04007365 0.24504132 0.09702209 0.30666109 0.04449412 0.09320997 0.07759199 0.08315795 0.02461838
0.04090199 0.00941888 0.00198165 0.01075614 0.05302921 0.25110139 0.09439786 0.30675573 0.04808406 0.07586839 0.07510455 0.08288576 0.02828773
0.04541137 0.00550856 0.00271310 0.00799637 0.04588422 0.24856115 0.09859589 0.30830160 0.05079050 0.08534970 0.07716726 0.07582547 0.02305799
0.04863649 0.01337352 0.00113820 0.01352793 0.05752365 0.25343902 0.09512264 0.31043166 0.06520224 0.07858166 0.07103178 0.08132465 0.02426963
0.04741942 0.00624017 0.00116403 0.00146061 0.02169108 0.25364719 0.09823907 0.31140729 0.05685094 0.07648442 0.07156196 0.07728648 0.02753560
0.04781425 0.00621270 0.00070681 0.00844132 0.01863412 0.25395321 0.10247709 0.31234227 0.05700462 0.08216332 0.06847423 0.07706548 0.02511575
0.04686997 0.00318930 0.00072964 0.00624933 0.02509325 0.25231843 0.10253684 0.31422796 0.04298817 0.08707608 0.06947906 0.07749639 0.04131441
0.04519238 0.00499325 0.00079439 0.00831896 0.03186367 0.25104159 0.09556591 0.31403201 0.04264401 0.08150959 0.07753456 0.07830939 0.03720315
0.04133271 0.00490235 0.00110088 0.00415031 0.04350618 0.24969040 0.10051426 0.31315611 0.05042880 0.07278826 0.07636542 0.07940584 0.03638504
0.03645673 0.00509726 0.00330168 0.00443295 0.02348275 0.24904268 0.09833427 0.31274413 0.05160812 0.07833882 0.08123650 0.07877586 0.04429281
0.03169388 0.00547658 0.00183546 0.00827095 0.03867865 0.24776684 0.09635286 0.30969386 0.05578844 0.07599906 0.08125810 0.07806848 0.02582709
0.03130092 0.00415417 0.00171920 0.00426906 0.05191971 0.25032229 0.09185399 0.30950730 0.05004271 0.07560071 0.07367970 0.07817637 0.03530586
0.03006427 0.01226466 0.00106228 0.01303887 0.05095118 0.24793443 0.09902356 0.30885458 0.04476653 0.08265432 0.07231944 0.07715386 0.02448703
0.03077485 0.00441809 0.00094406 0.00641033 0.05000799 0.24954747 0.09469175 0.30784580 0.04824245 0.08750347 0.07079296 0.08051153 0.03046994
0.03189655 0.00415549 0.00091494 0.00728336 0.03937186 0.24828810 0.09719827 0.30888487 0.05204704 0.08899752 0.07161329 0.07748222 0.02224831
0.03211222 0.00273916 0.00049875 0.00145513 0.02678319 0.24765903 0.09305993 0.30842783 0.04501162 0.07933755 0.07699808 0.07950636 0.02878165
0.02990252 0.01012041 0.00051417 0.00833924 0.01148543 0.24698745 0.10175729 0.31071294 0.04972107 0.08007502 0.07108865 0.07794770 0.02524589
0.02755150 0.00312781 0.00198774 0.00503196 0.02578950 0.24564500 0.09720986 0.31256898 0.05167944 0.09217840 0.07961410 0.08124205 0.02544929
0.02466272 0.00858263 0.00144546 0.00939935 0.02959054 0.24627542 0.10338499 0.31446402 0.04967511 0.08104939 0.06913427 0.07743533 0.02493575
0.02246547 0.00685113 0.00092132 0.00691960 0.03290553 0.24791336 0.10209879 0.31717600 0.04901729 0.07395819 0.07334411 0.07744402 0.02685255
0.02134428 0.00386545 0.00087931 0.00558808 0.04354505 0.24568497 0.09772277 0.31627392 0.06678383 0.07713366 0.07348062 0.07712514 0.02609764
0.02083736 0.00433811 0.00070492 0.00393776 0.03295220 0.24817914 0.10158218 0.31594856 0.04844358 0.08046933 0.07564811 0.07745170 0.02859623
0.02064654 0.00725174 0.00058718 0.00922899 0.05051643 0.24751885 0.09980855 0.31394026 0.05099950 0.07844499 0.07506831 0.07755592 0.03222491
0.04786670 0.00358726 0.00075279 0.00275890 0.03264392 0.25204422 0.10152432 0.31271151 0.04487082 0.07924508 0.07381618 0.08069433 0.03537524
0.04770230 0.00446142 0.00067096 0.00547852 0.04786802 0.25126125 0.10733960 0.31040639 0.04644731 0.09150857 0.07342077 0.07919241 0.02453710
0.02167727 0.00482211 0.00104186 0.00428882 0.04694092 0.25528774 0.10235091 0.30903576 0.05858641 0.09401295 0.07144497 0.08252169 0.02384718
0.02365337 0.00533894 0.00081155 0.00519043 0.04824743 0.25655150 0.09335653 0.31047217 0.05771744 0.08382341 0.07203338 0.07949431 0.02480306
0.02390742 0.00822819 0.00126244 0.00842688 0.04521216 0.25836409 0.09867813 0.30944072 0.04608427 0.07198723 0.07001101 0.07543927 0.02305307
0.02369687 0.00465704 0.00119192 0.00675232 0.04677582 0.26078853 0.09423061 0.31234996 0.04519522 0.08217054 0.06960308 0.08019070 0.02320718
0.02393536 0.00957560 0.00118655 0.01172587 0.07260977 0.25859508 0.09527527 0.31254013 0.03960303 0.08416476 0.07510034 0.07670398 0.03025198
0.02280302 0.01461164 0.00088643 0.01520580 0.06286499 0.25794500 0.10039671 0.31439166 0.04051748 0.07341745 0.06463706 0.07967439 0.03529287
0.03234376 0.00583836 0.00107663 0.00637673 0.07611797 0.25747158 0.09939401 0.31668747 0.04714234 0.07126607 0.06629891 0.07765008 0.02838082
0.03272247 0.01577325 0.00097978 0.01600057 0.05724413 0.25764066 0.10154123 0.31797974 0.05343107 0.07195738 0.07553692 0.08096727 0.03740306
0.03443269 0.00983645 0.00059059 0.01141122 0.06843563 0.25462660 0.10756514 0.31823190 0.05655486 0.07493925 0.07247369 0.07869575 0.02725655
0.03484903 0.00404816 0.00061898 0.00590911 0.05365625 0.25731844 0.10398265 0.31850640 0.04111061 0.07182779 0.07821699 0.08022914 0.04063718
0.03247994 0.00443831 0.00041747 0.00371088 0.02639333 0.25243343 0.10606480 0.31561532 0.03725447 0.07380201 0.07447344 0.07627291 0.03250884
0.03154661 0.00527742 0.00056389 0.00518787 0.04213752 0.25469568 0.10909426 0.31461804 0.04400877 0.08292507 0.06587890 0.07633128 0.02682714
0.03228928 0.00787978 0.00071330 0.00692813 0.02052639 0.25272500 0.09916824 0.31081530 0.04475128 0.08467891 0.07310536 0.07681240 0.03068950
0.03193700 0.00572168 0.00151387 0.00813116 0.04050586 0.25247412 0.10147890 0.31108350 0.04646033 0.07217205 0.07033257 0.07890575 0.02396005
0.03117390 0.00437320 0.00358484 0.00203731 0.03119321 0.24995859 0.09593892 0.30999777 0.05034025 0.08113017 0.07358726 0.08167932 0.02961591
0.03156831 0.00444989 0.00109732 0.00549657 0.02640717 0.24766531 0.10367036 0.31149131 0.05116495 0.08546103 0.07206729 0.07983213 0.04273178
0.03248414 0.01053529 0.00149732 0.00924052 0.03315912 0.24896967 0.10072846 0.31204785 0.04938061 0.08548707 0.07655367 0.07922365 0.02748626
0.03271642 0.00245760 0.00078601 0.00066605 0.04491853 0.24754472 0.10057706 0.31269568 0.05384272 0.07813009 0.06849184 0.08029478 0.02782503
0.03203889 0.00453562 0.00111705 0.00455021 0.03178931 0.24868518 0.09579958 0.31556779 0.04820225 0.07873503 0.07838696 0.07665750 0.02629850
0.03250847 0.00369760 0.00126776 0.00285383 0.02811715 0.25007525 0.09705626 0.31612501 0.04827622 0.08625846 0.07162763 0.07653273 0.02814725
0.03358654 0.00435825 0.00067083 0.00516074 0.05040017 0.24846857 0.09743074 0.31835054 0.05211987 0.08437185 0.07253384 0.07579269 0.02615544
0.03374451 0.00188145 0.00104156 0.00274347 0.01775863 0.25123033 0.10696938 0.31689821 0.04524840 0.07795207 0.07024578 0.07494467 0.02446156
0.03194627 0.00142723 0.00525292 0.00031991 0.00141032 0.25251336 0.10652415 0.31490167 0.04591194 0.08590640 0.07365242 0.07694642 0.02487070
0.03307725 0.01644937 0.00152121 0.01689145 0.03020716 0.25488084 0.09969986 0.31443445 0.04829005 0.09139134 0.06908797 0.07584370 0.02540260
0.02969937 0.00716848 0.00172529 0.01101796 0.04222622 0.25380620 0.10473949 0.31038609 0.04412315 0.07250450 0.07704493 0.08225618 0.02681063
0.03073327 0.00550293 0.00192109 0.01024230 0.04271623 0.25523449 0.10088003 0.30988908 0.05141873 0.05954791 0.07424570 0.08007797 0.04247947
0.05443802 0.00952717 0.00169484 0.00923980 0.04534862 0.25747524 0.09218650 0.30779148 0.04717394 0.06171365 0.07277695 0.08230905 0.03388909
0.05070758 0.00962623 0.00125755 0.01143614 0.06035215 0.25512060 0.09610154 0.30934842 0.05285234 0.07242047 0.07094375 0.08076597 0.03810588
0.05133480 0.01470779 0.00145494 0.01477430 0.05220788 0.25702353 0.09855283 0.30982127 0.04771986 0.07602360 0.06864886 0.07851236 0.02490882
0.04910855 0.00557374 0.00290604 0.00498202 0.03532237 0.25726829 0.10388260 0.30820305 0.03492114 0.07068844 0.06290550 0.07658995 0.02520128
0.04720733 0.00598200 0.00138300 0.00746010 0.04450296 0.26057821 0.09698115 0.31212240 0.03408931 0.07040008 0.07146164 0.08310599 0.02472072
0.04630463 0.00491243 0.00153922 0.00611076 0.04688860 0.25899610 0.09991522 0.31050328 0.04481026 0.07109169 0.06234167 0.07611562 0.02513002
0.04473192 0.00237588 0.00218103 0.00400812 0.00410013 0.25890884 0.09812168 0.31129432 0.04776525 0.07341414 0.07128249 0.07631854 0.03697721
0.04289805 0.00278459 0.00220248 0.00459011 0.03202193 0.25483591 0.10002011 0.31286966 0.04801009 0.06361337 0.07405979 0.08098326 0.02692846
0.04698929 0.00252295 0.00191388 0.00489043 0.00446170 0.25327351 0.11025173 0.31219919 0.04288811 0.06119864 0.07050137 0.08119248 0.02843090
0.04380150 0.00778156 0.00154517 0.00891211 0.03613262 0.25101097 0.10055188 0.31329516 0.04345180 0.06465054 0.07281147 0.07681304 0.02623681
0.04468597 0.01025937 0.00124983 0.01067715 0.03854476 0.25236526 0.09864663 0.31112989 0.04100444 0.07062670 0.07051219 0.07671056 0.02598610
0.04422238 0.00265101 0.00108085 0.00210446 0.03509639 0.25129000 0.09871726 0.31143885 0.04111412 0.06767152 0.06639582 0.07725256 0.02610210
0.04424533 0.00573212 0.00094927 0.00881874 0.04172077 0.25019040 0.10465204 0.31035658 0.04504535 0.07052674 0.06433845 0.07605398 0.02439277
0.04195512 0.00378417 0.00145280 0.00152526 0.04411788 0.25132399 0.09654992 0.31155520 0.04959571 0.07451696 0.07402807 0.08000507 0.02787873
0.04463175 0.00867993 0.00089707 0.00757214 0.05003573 0.25108286 0.09816179 0.31210191 0.06183363 0.06854256 0.06596188 0.07717502 0.02557706
0.04149821 0.00396315 0.00085405 0.00213716 0.02146793 0.24867783 0.09842026 0.31078714 0.05329039 0.07404455 0.08100211 0.07882724 0.02507829
0.04059824 0.00649075 0.00150225 0.00619937 0.03449992 0.24954493 0.10028948 0.31301098 0.05028189 0.07560695 0.07174406 0.07847781 0.02378838
0.04132897 0.00488654 0.00127515 0.00471694 0.03633451 0.25121642 0.09602293 0.31188009 0.05302156 0.07431122 0.07492306 0.08093831 0.02798089
0.04051827 0.01291512 0.00184490 0.01246462 0.06798626 0.25264856 0.09816060 0.31500355 0.04336621 0.06799933 0.06713743 0.07912863 0.02601892
0.03806018 0.01006686 0.00061111 0.01091438 0.07401846 0.25363410 0.09129482 0.31579040 0.04484303 0.05797104 0.06981421 0.07961566 0.02731983
0.03406373 0.00892406 0.00063659 0.01180691 0.07390753 0.25444876 0.10076062 0.31575733 0.04346773 0.05948338 0.06806327 0.07728007 0.03221057
0.03440123 0.00347011 0.00122137 0.00333940 0.03120179 0.25885041 0.10073883 0.31730048 0.04297337 0.07079142 0.06481885 0.07638812 0.04473897
0.03447610 0.00631702 0.00075628 0.00707759 0.05842161 0.26073362 0.10283606 0.31479240 0.03999849 0.07446349 0.06431790 0.07629659 0.02429323
0.03454111 0.00354255 0.00166420 0.00272438 0.02417572 0.26376240 0.09376282 0.31275602 0.03265440 0.08124431 0.06765767 0.07391203 0.03400457
0.03301336 0.00356608 0.00270226 0.00319387 0.03223168 0.26029027 0.09694525 0.31104614 0.03688017 0.08933627 0.05987972 0.07685201 0.02628565
0.03112770 0.00723258 0.00128789 0.01115963 0.03324602 0.26355395 0.10025948 0.31048696 0.04156764 0.07953943 0.07518911 0.07766432 0.02660479
0.03167761 0.00321792 0.00098755 0.00228486 0.00402635 0.26220570 0.09590808 0.31018531 0.05123893 0.05969239 0.07580957 0.07771786 0.03010219
0.02974518 0.00520959 0.00100518 0.00381306 0.02252762 0.26337477 0.10247407 0.30970883 0.05425743 0.05053388 0.07333860 0.08067983 0.02956926
0.02997048 0.00150274 0.00127387 0.00119113 0.00104940 0.26081443 0.10183901 0.31048143 0.04845804 0.06478944 0.07859616 0.07783150 0.02891140
0.03078255 0.00646785 0.00082278 0.00970440 0.02825168 0.25841985 0.10248796 0.31037080 0.04099196 0.08374004 0.06606776 0.07590655 0.03571981
0.03131403 0.00215719 0.00098296 0.00180207 0.03124292 0.25619300 0.10010651 0.31252647 0.03358034 0.09323066 0.06422352 0.07736286 0.02990499
0.03157319 0.00520500 0.00076854 0.00768852 0.03872901 0.25379540 0.11038591 0.31255847 0.02794782 0.09167777 0.06285757 0.07526798 0.02704626
0.03148463 0.00802657 0.00063392 0.01025339 0.02154320 0.25228201 0.10542978 0.31440954 0.03864408 0.08290990 0.06515134 0.07824351 0.03820349
0.03054072 0.00623106 0.00071391 0.00519470 0.05015249 0.25034748 0.10410942 0.31583325 0.04446377 0.06919767 0.07688772 0.07703642 0.03628598
0.02906246 0.00338677 0.00205890 0.00556693 0.03815066 0.24957928 0.10277902 0.31595894 0.05329166 0.04957542 0.07594062 0.08309813 0.03026553
0.03092158 0.00975627 0.00124128 0.01012137 0.04794670 0.24947229 0.10795159 0.31507608 0.05092265 0.04698248 0.07498284 0.07879846 0.02747362
0.03131556 0.01055466 0.00261141 0.00865968 0.05445121 0.24919020 0.10182294 0.31430316 0.05040360 0.07710520 0.07423312 0.08021778 0.02772110
0.03421410 0.00830867 0.00141844 0.00706452 0.04599888 0.24640890 0.10378587 0.31271679 0.04604618 0.08830830 0.06573111 0.07789345 0.02832657
0.03715468 0.00759354 0.00153055 0.00869062 0.05682798 0.24693371 0.09786966 0.31078756 0.04523970 0.07763225 0.06731995 0.07761991 0.02648059
0.03949334 0.01340975 0.00400950 0.01301676 0.03967812 0.24645184 0.09599102 0.30863399 0.04372230 0.07485287 0.06573263 0.08344864 0.02711762
0.03964131 0.00781575 0.00169926 0.00859293 0.04586060 0.24517172 0.09350507 0.30713538 0.05305933 0.07544659 0.07312036 0.08603661 0.02449599
0.03913704 0.00430109 0.00134350 0.00332159 0.03510465 0.24546766 0.09923419 0.30544646 0.04472279 0.06451776 0.07377613 0.07986179 0.02510122
0.03974661 0.00462678 0.00408522 0.00525407 0.04732761 0.24545372 0.10318907 0.30427988 0.04767023 0.06504846 0.06449741 0.08174091 0.02458323
0.04002807 0.00415926 0.00147630 0.00475358 0.03694526 0.24561213 0.10504122 0.30718509 0.03993983 0.06937273 0.07760280 0.07892024 0.02706073
0.03801968 0.00205973 0.00115503 0.00080583 0.00135899 0.24689481 0.09488126 0.30704080 0.05476356 0.07999519 0.06723366 0.07757202 0.02602121
0.03779665 0.00532935 0.00097208 0.00455588 0.04586424 0.24955791 0.09595264 0.31103699 0.04565331 0.07656079 0.06838666 0.07841188 0.02457456
0.03797649 0.00276418 0.00088006 0.00588239 0.00871233 0.25019629 0.09678560 0.31149117 0.03852451 0.07355287 0.06848886 0.07499479 0.03058424
0.03531553 0.00765213 0.00102211 0.00441429 0.00933442 0.25138320 0.10035501 0.31323403 0.04507751 0.08310960 0.06501285 0.07640647 0.04255710
0.03502071 0.00607220 0.00127782 0.00641268 0.03040918 0.25299377 0.09996638 0.31283002 0.05444517 0.07557237 0.06985220 0.07605288 0.04454049
0.03345089 0.00366683 0.00086868 0.00554900 0.02037016 0.25266292 0.10058415 0.31100997 0.05392058 0.06609518 0.07556495 0.07770099 0.03329616
0.03259494 0.00300631 0.00126645 0.00513308 0.02587440 0.25396127 0.10795725 0.31017230 0.04967743 0.06790293 0.07199170 0.08079646 0.03258346
0.03214841 0.00667947 0.00154318 0.00843162 0.02365418 0.25326480 0.10920117 0.30723364 0.04240289 0.06749666 0.07693949 0.08043058 0.02722386
0.03231938 0.00357405 0.00105597 0.00253396 0.02052404 0.25313972 0.10116054 0.30540216 0.03842272 0.07749613 0.07289700 0.08042752 0.02872924
0.03818446 0.00786836 0.00182925 0.00824614 0.04245536 0.25141658 0.10239471 0.30492384 0.04193442 0.07199138 0.06434469 0.08097757 0.02565265
0.03726315 0.00313345 0.00119126 0.00393591 0.03257678 0.24868118 0.10876938 0.30463616 0.03814831 0.06604414 0.07122655 0.07746638 0.02814766
0.03889988 0.00435167 0.00076170 0.00743782 0.04977167 0.24956413 0.09900441 0.30628214 0.04707081 0.06171458 0.07044214 0.07945320 0.02513010
0.05816489 0.00776715 0.00062194 0.01089769 0.03548925 0.24622369 0.09719010 0.30511700 0.04491780 0.05954592 0.07155151 0.07961621 0.05175759
0.05524926 0.00539910 0.00285484 0.00570072 0.03302239 0.24580355 0.10090205 0.30920217 0.04150395 0.07365260 0.07766195 0.08636905 0.02751064
0.05238743 0.00385471 0.00221041 0.00437832 0.01612010 0.24702866 0.10436525 0.30878664 0.03479349 0.08715684 0.07196718 0.07828315 0.03658887
0.04859491 0.00405296 0.00208525 0.00500433 0.04958884 0.24302545 0.10526762 0.31077483 0.03760012 0.10047606 0.06268667 0.08240243 0.02618854
0.04590970 0.00784718 0.00178565 0.01050271 0.06408499 0.24320945 0.09995665 0.31131812 0.04036831 0.09034966 0.07926623 0.07875690 0.03111191
0.04336893 0.00714865 0.00189320 0.00547073 0.05158245 0.24700362 0.10269915 0.31213805 0.05437200 0.07386530 0.07442221 0.08091143 0.03126555
0.04178794 0.00830537 0.00214048 0.00938797 0.06876191 0.24440822 0.09981914 0.31235997 0.04952300 0.06940819 0.08103061 0.08115839 0.03728391
0.04202272 0.00748955 0.00216556 0.00877996 0.02490588 0.24524977 0.10497977 0.31036355 0.04916771 0.07451204 0.07835346 0.07853321 0.02967854
0.04419249 0.00641347 0.00210412 0.00700645 0.01775424 0.24366269 0.09649474 0.30938015 0.05355381 0.07829456 0.07740439 0.07915489 0.03738197
0.04861619 0.00475162 0.00161425 0.00652338 0.04166491 0.24160346 0.09857297 0.30805568 0.05628956 0.08740044 0.06497556 0.07747269 0.02708128
0.05253474 0.00206854 0.00127829 0.00288696 0.00353891 0.24199475 0.08878669 0.30636213 0.03873372 0.09326725 0.07833132 0.07925129 0.04325945
0.05347057 0.00867929 0.00380020 0.00924072 0.01913220 0.24196239 0.09367330 0.30587465 0.04412679 0.09667303 0.06555419 0.07836294 0.02470041
0.05432144 0.00558821 0.00158775 0.00764606 0.03695699 0.24199015 0.09427120 0.30620369 0.05623053 0.08817309 0.07674153 0.07862912 0.02271709
0.05433063 0.00517535 0.00082305 0.00581847 0.02812025 0.24089393 0.09358415 0.30607293 0.05997110 0.07446728 0.07935805 0.08002545 0.02536067
0.05141105 0.00827015 0.00068559 0.00268859 0.02194581 0.24236492 0.09452254 0.30794717 0.06409694 0.06727237 0.07591731 0.08107717 0.04202226
0.04699576 0.01400888 0.00198826 0.01407458 0.01824303 0.24484111 0.09917371 0.30830661 0.05559584 0.07839764 0.07571060 0.08598970 0.03675092
0.04298134 0.00247300 0.00135314 0.00307378 0.00353200 0.24372815 0.09965847 0.30836808 0.04694217 0.09070169 0.08583727 0.08034502 0.02952080
0.04076014 0.00195115 0.00110865 0.00233807 0.00337809 0.24551327 0.10133041 0.30956430 0.04631594 0.09414051 0.06877755 0.07901443 0.03553554
0.04113399 0.00374107 0.00121532 0.00228963 0.03362903 0.24699555 0.09748109 0.30878538 0.05066727 0.09691438 0.07001758 0.07787168 0.02637875
0.04000740 0.00356816 0.00111992 0.00392339 0.02509803 0.24721296 0.09813468 0.31045204 0.04893993 0.09606443 0.07425748 0.07827071 0.02975371
0.03989551 0.00505460 0.00084421 0.00752031 0.05038282 0.24748629 0.09715493 0.30931169 0.04801015 0.08899623 0.07626780 0.07943251 0.02645472
0.04089163 0.00370774 0.00089995 0.00448719 0.03173734 0.24819236 0.10260282 0.30856853 0.05211573 0.07841624 0.07600968 0.07862648 0.03389007
0.04233832 0.00441550 0.00109838 0.00733967 0.03913965 0.24843710 0.10093943 0.30687724 0.05305000 0.07462859 0.07989907 0.08047089 0.02625386
0.04184255 0.00334222 0.00059786 0.00189322 0.02011459 0.24446975 0.10295197 0.30677260 0.05383351 0.08215377 0.07595147 0.07910928 0.03243789
0.04052246 0.00443376 0.00155395 0.00461832 0.04232302 0.24420147 0.09948354 0.30530752 0.05079283 0.09215867 0.07794179 0.07965467 0.02416847
0.03995500 0.00310595 0.00191792 0.00174126 0.01276605 0.24220090 0.10362421 0.30614683 0.05066113 0.08930275 0.07947054 0.08076822 0.03089843
0.03987074 0.00221619 0.00119514 0.00261158 0.01050339 0.24211314 0.11368114 0.30712637 0.04308512 0.08895310 0.07203993 0.08278755 0.02414514
0.03928450 0.00994976 0.00082406 0.01007633 0.03755832 0.24549683 0.09856796 0.30765013 0.05584295 0.08832572 0.07546702 0.08010925 0.02774062
0.03943718 0.00494489 0.00072434 0.00447510 0.02531443 0.24261525 0.10360346 0.30920175 0.05423732 0.08581274 0.07896486 0.07785619 0.02475573
0.04001800 0.00589559 0.00063187 0.00829074 0.03931650 0.24699295 0.10106919 0.31038049 0.04918192 0.07546901 0.07721842 0.07949899 0.02720119
0.03940598 0.00375871 0.00059954 0.00385264 0.02631724 0.24201072 0.09857520 0.31047210 0.05205591 0.07825999 0.07700083 0.07779500 0.03611587
0.03833300 0.00549410 0.00132747 0.00805666 0.01961540 0.24578192 0.10193585 0.31037762 0.05132963 0.08815696 0.07494637 0.08091680 0.02860750
0.03725174 0.00407474 0.00078136 0.00752180 0.03483358 0.23923277 0.10404025 0.30988279 0.04911567 0.08999325 0.07438955 0.07917969 0.03351097
0.03772629 0.00965802 0.00059187 0.00997234 0.05994068 0.24007990 0.09897943 0.30968695 0.04642198 0.08602878 0.07843225 0.08136050 0.03308862
0.03743363 0.00691702 0.00070137 0.00708358 0.06355120 0.23766937 0.10174795 0.30859359 0.04426549 0.08776258 0.07062543 0.07695462 0.02630984
0.03719863 0.00548521 0.00064398 0.00740197 0.05251008 0.23858877 0.09518736 0.30924303 0.04770462 0.08639901 0.07735455 0.07981244 0.05097839
0.03683613 0.00617843 0.00171689 0.00827917 0.03474470 0.23826885 0.09760547 0.30625965 0.04993239 0.07793281 0.07700703 0.07908102 0.02468514
0.03611586 0.00177727 0.00144764 0.00411440 0.01608169 0.23659088 0.10062690 0.30676761 0.04960605 0.06535121 0.07224081 0.07856260 0.02656298
0.03654705 0.00215704 0.00102835 0.00428314 0.04254097 0.23936637 0.09678598 0.30591028 0.04908349 0.07229758 0.07624856 0.07797014 0.04584301
0.03781540 0.00208253 0.00133757 0.00180570 0.04305671 0.23674648 0.09650146 0.30537562 0.05125506 0.09325709 0.07424374 0.07954739 0.02530498
0.03912828 0.00110313 0.00151204 0.00031910 0.00087567 0.23989017 0.09940372 0.30534836 0.04332457 0.09669530 0.07558894 0.08125177 0.02456600
0.03948490 0.00134658 0.00087317 0.00036992 0.00136321 0.24139206 0.10259902 0.30586639 0.04223043 0.09294798 0.06855230 0.07927199 0.02403875
0.04017355 0.00760357 0.00059397 0.01048072 0.03309187 0.24271565 0.09978551 0.30686292 0.04686710 0.09205749 0.07689129 0.07826267 0.02477464
0.04022942 0.00793246 0.00055993 0.00763582 0.04230429 0.24246692 0.10114474 0.30757141 0.05212553 0.09042189 0.07596249 0.07876875 0.03733262
0.04007314 0.00508555 0.00050346 0.00656980 0.04814385 0.24438118 0.10062398 0.31022650 0.05219857 0.07628904 0.07588759 0.07971433 0.03796835
0.03888620 0.00561925 0.00149522 0.00814911 0.05181528 0.24178104 0.09820226 0.30852429 0.05223341 0.07466678 0.07171227 0.07799718 0.02676566
0.03774765 0.00551498 0.00154311 0.00583011 0.03608120 0.23973551 0.10358768 0.31045697 0.04937453 0.08655047 0.07877133 0.08064162 0.04059138
0.03679361 0.00373658 0.00255533 0.00495327 0.02258987 0.24192062 0.10423918 0.30651414 0.04932296 0.09740900 0.07179751 0.07714946 0.03758263
0.03637395 0.00514798 0.00132522 0.00505325 0.01806825 0.24174747 0.10918907 0.30551474 0.04335249 0.09312529 0.07074588 0.08093657 0.03206249
0.03607581 0.00836055 0.00234966 0.01109683 0.03284894 0.24079281 0.10515636 0.30592107 0.04648578 0.08374059 0.06739811 0.08012527 0.04307058
0.03915344 0.00295710 0.00125445 0.00330120 0.02110455 0.24179768 0.09897621 0.30475159 0.05247055 0.08056387 0.08293295 0.08323226 0.02837156
0.04192964 0.00878391 0.00277404 0.00868919 0.07589914 0.24229281 0.09946806 0.30577072 0.06506285 0.08257887 0.07223795 0.08767757 0.03307880
0.04142921 0.00433780 0.00178930 0.00238697 0.03264048 0.24120527 0.11580791 0.30285043 0.05522558 0.07604788 0.07377275 0.08145563 0.02582654
0.04214587 0.00590747 0.00129957 0.00913302 0.05518260 0.24005879 0.09738847 0.30325822 0.05617925 0.08392782 0.07214266 0.08107141 0.03077799
0.04477703 0.00625005 0.00180143 0.00569988 0.03385806 0.24055655 0.09802371 0.30449638 0.05638625 0.09327063 0.07655147 0.08109102 0.02480820
0.04464008 0.01261176 0.00135177 0.01269589 0.05367281 0.23989196 0.09565603 0.30469307 0.05110379 0.08695118 0.07747525 0.07857036 0.02556896
0.04352949 0.00753843 0.00090401 0.00634865 0.03160919 0.24235618 0.09815412 0.30612414 0.05208348 0.08749863 0.07740858 0.07842292 0.02750799
0.04343644 0.00185156 0.00120300 0.00243767 0.00231531 0.24008652 0.09588355 0.30461621 0.04840567 0.08643369 0.07612951 0.08125387 0.04258695
0.04116644 0.00728882 0.00107583 0.00994492 0.03516387 0.24542710 0.09919980 0.30649943 0.05312737 0.08760513 0.07616551 0.07929348 0.02803424
0.03720880 0.00411766 0.00091307 0.00519042 0.05094719 0.24402519 0.10603419 0.30805416 0.05205297 0.08564765 0.07299460 0.07984224 0.02986850
0.03436085 0.01078660 0.00092459 0.01229629 0.04689738 0.24182147 0.10415383 0.30763653 0.05475810 0.08128541 0.07059035 0.07986180 0.02745296
0.03282293 0.00724446 0.00098073 0.00795563 0.05793449 0.24278192 0.09541351 0.30661204 0.04574150 0.08190122 0.07862503 0.07810121 0.02507600
0.03106111 0.00380425 0.00207154 0.00313653 0.04292084 0.23967208 0.09597041 0.30476258 0.05252824 0.07607979 0.07655503 0.08039137 0.02617212
0.02951462 0.00234837 0.00148571 0.00116812 0.02917452 0.23937099 0.08970954 0.30450754 0.04715193 0.07767402 0.07974523 0.07902888 0.02504719
0.03068072 0.00779474 0.00149922 0.00803412 0.03443488 0.24132609 0.09917554 0.30217633 0.04767644 0.08434327 0.05953116 0.07759878 0.02410959
0.03230222 0.00815647 0.00124140 0.00971588 0.04271773 0.24029426 0.09358554 0.30394440 0.04368954 0.09150915 0.07167144 0.07726527 0.02335709
0.03310292 0.00751942 0.00085725 0.00968459 0.03718192 0.24132845 0.09919241 0.30448818 0.04770397 0.08733883 0.07359296 0.07879350 0.02661768
0.03568369 0.00563569 0.00100613 0.00451326 0.05170197 0.24127016 0.09526021 0.30472264 0.04807238 0.07744267 0.07316396 0.08260515 0.02772767
0.03655983 0.00368151 0.00107278 0.00315860 0.03675573 0.24083782 0.10140364 0.30688143 0.05126961 0.08080364 0.08216005 0.07801446 0.02793407
0.03614682 0.00554032 0.00075594 0.00842028 0.04937802 0.23971965 0.10414962 0.30688922 0.05227246 0.07663251 0.07397414 0.08026415 0.02629172
0.03476777 0.00693226 0.00052189 0.00679315 0.05326768 0.23913641 0.10004338 0.30812622 0.05647278 0.07773511 0.07048547 0.07969988 0.02731759
0.03311164 0.00496008 0.00077767 0.00412622 0.03324324 0.24152639 0.09720704 0.30853732 0.05776733 0.08175527 0.07378853 0.07934139 0.04533171
0.03110374 0.00707881 0.00140046 0.00703281 0.03619683 0.23899426 0.09848321 0.30683855 0.04727835 0.08938465 0.07007979 0.07706707 0.02660944
0.03048172 0.00772922 0.00165219 0.00719971 0.02327164 0.24062638 0.09575994 0.30712525 0.06345312 0.09478534 0.07223951 0.07817805 0.03420080
0.03096153 0.01422688 0.00098253 0.01642061 0.07047420 0.23978461 0.09832722 0.30630680 0.04558608 0.09369857 0.07397574 0.07998835 0.02448709
0.03150074 0.00750283 0.00062111 0.00971586 0.05953112 0.24074393 0.09390546 0.30561524 0.05193620 0.08365631 0.07354331 0.07932586 0.02732450
0.03171351 0.00303261 0.00064815 0.00497384 0.04888923 0.24403233 0.10339711 0.30636798 0.05427586 0.07570651 0.07219497 0.08170296 0.02672293
0.03200766 0.01262847 0.00059958 0.01227658 0.04132864 0.24559590 0.09302576 0.30559816 0.05455062 0.07173356 0.07750082 0.07907634 0.04094801
0.03144476 0.01260079 0.00134498 0.01295973 0.05089423 0.24880796 0.08960694 0.30610838 0.04995857 0.07648860 0.07474356 0.07804069 0.03294914
0.03065772 0.00436889 0.00227190 0.00577523 0.06490292 0.24516610 0.09429627 0.30492194 0.04420555 0.08389467 0.07069271 0.07792833 0.02754661
0.02882064 0.00403271 0.00104654 0.00296654 0.04094807 0.24537528 0.10126056 0.30686504 0.04081761 0.08715957 0.06967950 0.08182927 0.02894780
0.02720112 0.00544512 0.00088473 0.00638963 0.04196788 0.24614495 0.10137810 0.30631514 0.04468057 0.08877659 0.07123294 0.07727889 0.02478770
0.02614885 0.00490667 0.00097670 0.00290628 0.02369690 0.24302483 0.09957774 0.30650718 0.06250671 0.08153515 0.07129510 0.07962213 0.02865298
0.02589687 0.00800256 0.00104539 0.00742355 0.03558482 0.24440933 0.09830160 0.30616266 0.05362922 0.07534479 0.07356494 0.07929784 0.02621469
0.02544685 0.00414175 0.00080173 0.00659335 0.06377369 0.24230002 0.10559352 0.30812625 0.05149913 0.06923121 0.07046964 0.08177076 0.02731725
0.02529656 0.00320561 0.00133729 0.00601474 0.05747825 0.24542992 0.10149793 0.30858444 0.06329854 0.07020871 0.07256900 0.07813491 0.02670145
0.02521390 0.00384439 0.00055248 0.00465872 0.05417498 0.24186096 0.09909451 0.30781419 0.05538292 0.07675768 0.07329116 0.07863816 0.02701745
0.02468018 0.00457541 0.00068549 0.00643036 0.03348373 0.24323507 0.09394973 0.30690553 0.04843698 0.08255888 0.06602245 0.07877797 0.03575072
0.02375868 0.00532822 0.00156113 0.00506525 0.02870054 0.24369388 0.09652885 0.30719281 0.04396645 0.09270376 0.06824547 0.07618640 0.03632840
0.02229677 0.00381298 0.00143281 0.00288834 0.01652954 0.24120435 0.09233674 0.30583625 0.05322011 0.09171831 0.07354577 0.07753940 0.04457610
0.02202616 0.00472644 0.00073154 0.00620393 0.06285979 0.24050834 0.09388916 0.30827536 0.05579154 0.08049671 0.07741945 0.07913970 0.02630587
0.02224273 0.01062177 0.00126389 0.01194947 0.05425901 0.24312160 0.10041798 0.30782799 0.05555699 0.07212870 0.08636087 0.08064438 0.02475004
0.02256006 0.00737582 0.00155924 0.00758479 0.06226113 0.24189895 0.09575164 0.30796507 0.05013109 0.07325701 0.07594124 0.07999159 0.02815339
0.02329616 0.00660047 0.00153552 0.00495565 0.04434915 0.24154376 0.09449277 0.30592996 0.04717185 0.07703363 0.07316048 0.07869421 0.02680882
0.02487756 0.01154596 0.00122955 0.01162672 0.04291628 0.24208272 0.09534220 0.30699630 0.04514861 0.08023521 0.06916199 0.08057628 0.04398375
0.02652737 0.00430600 0.00142386 0.00503619 0.03082493 0.24126114 0.09671145 0.30744139 0.05246187 0.08030143 0.07417731 0.08595535 0.02749922
0.02973214 0.00394753 0.00145672 0.00376785 0.02260039 0.24393389 0.10699924 0.30680561 0.04621485 0.07923890 0.06872796 0.07824368 0.04342049
0.03202312 0.00208893 0.00077538 0.00277724 0.02954005 0.23886069 0.10105799 0.30689552 0.04500574 0.08038826 0.07893489 0.07879110 0.02620066
0.03411475 0.00764761 0.00072598 0.00904644 0.03270209 0.23995866 0.09898483 0.30661663 0.05011894 0.08590527 0.07549429 0.07702462 0.02575612
0.02675382 0.01113984 0.00183395 0.01287524 0.03087124 0.23951089 0.09537736 0.30554300 0.05856634 0.08660192 0.07263116 0.07793286 0.02490367
0.02811054 0.00257453 0.00195321 0.00384434 0.02672825 0.24392509 0.10002989 0.30623702 0.04769186 0.08829168 0.06915097 0.07790533 0.03588000
0.03069630 0.00371670 0.00102461 0.00386611 0.03602671 0.24414729 0.09610397 0.30537039 0.04581758 0.08735384 0.06991151 0.07984624 0.03402391
0.03297735 0.01191991 0.00077903 0.01023793 0.03362695 0.24239994 0.10313690 0.30524400 0.04753942 0.08274689 0.07005458 0.07740320 0.02532515
0.03372830 0.00417274 0.00110929 0.00527599 0.02561599 0.24379394 0.08948705 0.30501514 0.04666128 0.07488209 0.07903808 0.07651259 0.03062339
0.05371546 0.00204041 0.00083024 0.00123798 0.00111119 0.24355490 0.09781511 0.30616240 0.05213458 0.06742590 0.06850295 0.07806761 0.02615809
0.05342172 0.00553241 0.00059800 0.00404114 0.02118974 0.24159587 0.09983750 0.30514664 0.05068413 0.06918093 0.07683276 0.07637791 0.02526144
0.05219456 0.00310758 0.00125439 0.00118023 0.03028864 0.24227816 0.09857530 0.30523186 0.04981400 0.07794300 0.07762391 0.07574008 0.02296543
0.05139480 0.00764805 0.00153059 0.00536577 0.01434787 0.23856154 0.09819876 0.30521287 0.04668160 0.09735544 0.06659551 0.07895664 0.02387467
0.05000043 0.00932413 0.00162390 0.01149028 0.04191962 0.23966389 0.09424370 0.30527206 0.04052756 0.09043459 0.06982015 0.08023056 0.02587637
0.05033842 0.00512084 0.00101386 0.00782280 0.04628243 0.23790714 0.09119704 0.30635012 0.05227016 0.08672035 0.07101625 0.08079190 0.02567018
0.05018340 0.00318130 0.00162094 0.00416161 0.01932374 0.23984616 0.09344399 0.30667485 0.05190515 0.08195209 0.07363904 0.08007325 0.03561671
0.05007807 0.00291447 0.00093960 0.00330706 0.04822223 0.23933795 0.09495658 0.30722789 0.04962785 0.07704790 0.07406933 0.07690806 0.02614145
0.04885873 0.00357847 0.00080452 0.00395473 0.03477081 0.23955386 0.09420850 0.30835792 0.05183665 0.06820083 0.07824606 0.07830568 0.04227689
0.04910962 0.00573634 0.00065686 0.00487867 0.03994030 0.24018385 0.09917296 0.30715976 0.05241892 0.07808134 0.07741602 0.07706740 0.02803849
0.04860809 0.00339743 0.00155296 0.00122063 0.02848534 0.24169180 0.09035085 0.30796506 0.05277655 0.08495451 0.08528706 0.07910860 0.02509941
0.04977385 0.00335382 0.00107114 0.00391163 0.03789205 0.24095085 0.09516203 0.30548009 0.04742351 0.09380243 0.06484795 0.07814876 0.02587073
0.04947286 0.00434330 0.00092263 0.00282452 0.03613065 0.23959432 0.09834096 0.30679844 0.05583589 0.09889733 0.06861855 0.07816619 0.02389215
0.04847961 0.00496209 0.00267634 0.00515730 0.02395803 0.23566157 0.09847892 0.30627852 0.05536001 0.09794773 0.07163591 0.07940420 0.02523387
0.04709071 0.01060693 0.00222658 0.01122617 0.05215591 0.23779635 0.09667032 0.30665369 0.05197269 0.08901444 0.07915568 0.08279826 0.02642461
0.04677615 0.00551705 0.00184047 0.00539808 0.05660856 0.23590502 0.10469101 0.30728079 0.06570396 0.08234493 0.07889983 0.07971854 0.02628098
0.04827693 0.00440043 0.00172449 0.00642773 0.04409268 0.23864735 0.10452477 0.30613203 0.06955991 0.06635155 0.08066594 0.08115028 0.02619684
0.04930928 0.01713506 0.00067254 0.01552399 0.06138640 0.23541645 0.10740100 0.30806866 0.06708880 0.06963057 0.08033462 0.08009482 0.02640895
0.04971398 0.00855438 0.00113175 0.00510954 0.03525087 0.24007609 0.10358612 0.30794934 0.06044039 0.07923238 0.08259623 0.08141155 0.02889495
0.04888271 0.00551444 0.00129382 0.00549057 0.04580195 0.23525260 0.11333728 0.30743038 0.05099427 0.09089961 0.07142672 0.07998678 0.02609514
0.04891761 0.00525854 0.00114963 0.00503219 0.05500386 0.23842704 0.10968470 0.30785327 0.04209839 0.09644995 0.08522592 0.08112186 0.03763281
0.04958029 0.00715396 0.00206311 0.00655326 0.02806108 0.23883922 0.10866597 0.30778765 0.04998457 0.09347749 0.07229813 0.08310895 0.03159023
0.05076289 0.00581729 0.00113168 0.00566083 0.04780822 0.24059678 0.10634156 0.30645784 0.04950036 0.08483076 0.07966819 0.08146039 0.03630836
0.05138457 0.01041919 0.00169716 0.01162960 0.03226482 0.23843366 0.10347286 0.30581186 0.05541664 0.07438885 0.07876582 0.08481797 0.02780238
0.05190743 0.00687120 0.00133246 0.00755677 0.04712959 0.23765399 0.10295714 0.30677546 0.05980358 0.07230019 0.07987510 0.07907863 0.02661247
0.05206831 0.00436902 0.00113848 0.00336404 0.02467620 0.23587280 0.10322417 0.30674111 0.05910420 0.07627355 0.07628820 0.08171767 0.03519115
0.05191940 0.00555058 0.00112791 0.00712647 0.03630068 0.23711502 0.10173388 0.30541306 0.05967991 0.08549857 0.07045653 0.07930497 0.02327026
0.05065197 0.00211349 0.00139957 0.00257067 0.01871738 0.23475641 0.09711077 0.30500128 0.04251399 0.09562428 0.07992755 0.07899667 0.02395023
0.04987332 0.00292462 0.00202806 0.00311756 0.04532800 0.23379712 0.09626807 0.30491540 0.04370829 0.09445171 0.06129783 0.07698212 0.02452510
0.04922883 0.00488631 0.00130217 0.00425878 0.03766852 0.23267759 0.09284883 0.30423791 0.04438994 0.08556068 0.07456925 0.07799735 0.02503791
0.04898714 0.00354974 0.00093675 0.00372701 0.02278469 0.23078426 0.09801202 0.30498666 0.05077177 0.07690227 0.07876860 0.08011817 0.02489007
0.04838939 0.00187664 0.00118518 0.00369395 0.03176500 0.23459488 0.09689142 0.30434651 0.05746337 0.06861056 0.07548350 0.08411683 0.02551489
0.04644412 0.00136841 0.00121152 0.00108559 0.00214083 0.23279475 0.09817043 0.30440744 0.05263358 0.06276220 0.08524312 0.07876403 0.02414399
0.02759072 0.00844187 0.00120729 0.01157449 0.03690981 0.23644582 0.10031538 0.30593473 0.05235149 0.06596405 0.07890775 0.08096568 0.03668224
0.02680304 0.00595493 0.00099460 0.00619682 0.04853304 0.23530209 0.10237734 0.30599329 0.04648679 0.08085147 0.06789807 0.07925303 0.03204031
0.02563926 0.00933798 0.00141065 0.01215235 0.03939184 0.23781840 0.09242504 0.30654036 0.04034469 0.09347205 0.07553224 0.07912242 0.02595250
0.02491028 0.00329109 0.00109118 0.00861077 0.05928396 0.23161229 0.09638143 0.30682485 0.03933483 0.09433822 0.06567935 0.07938326 0.03754200
0.02498136 0.00296898 0.00081864 0.00338445 0.00407697 0.23372989 0.10085171 0.30577469 0.04855212 0.08077747 0.06857327 0.07847532 0.04756742
0.02505210 0.00411127 0.00055713 0.00573011 0.03834717 0.23300066 0.10500996 0.30647121 0.05541060 0.06475786 0.08405745 0.08231136 0.02878541
0.02490730 0.00607465 0.00304482 0.00610643 0.02806201 0.23409954 0.10553999 0.30508854 0.05758458 0.06010685 0.08119304 0.08264260 0.04064409
0.02466184 0.00250843 0.00118558 0.00255002 0.02343835 0.23302535 0.10783430 0.30490779 0.05936278 0.05980303 0.08816431 0.08416838 0.02932210
0.02572379 0.00358015 0.00153534 0.00438894 0.02837730 0.23574420 0.10889024 0.30441336 0.05629226 0.07757369 0.07760963 0.08026411 0.02908264
0.02741537 0.00260659 0.00102974 0.00061828 0.00340132 0.23483875 0.10688601 0.30327175 0.04311841 0.09170201 0.07170780 0.08109589 0.02659177
0.02791462 0.00298781 0.00058479 0.00275509 0.04472672 0.23599058 0.10666769 0.30406016 0.04034797 0.10020372 0.06398746 0.07791219 0.02696986
0.02727667 0.00474827 0.00057617 0.00559510 0.03848406 0.23590870 0.10240959 0.30530379 0.04134141 0.09090162 0.07430263 0.08092824 0.02764588
0.02639726 0.00329801 0.00099313 0.00242374 0.02157185 0.23562315 0.10541134 0.30436226 0.04884064 0.07863709 0.07012376 0.07712912 0.03476358
0.02577381 0.00434452 0.00132580 0.00517537 0.02780275 0.23591802 0.10437117 0.30560184 0.05410633 0.06489530 0.08454605 0.08146270 0.04016488
0.02640056 0.00248648 0.00355320 0.00157208 0.01486609 0.23130892 0.11202375 0.30387876 0.05975981 0.06030420 0.08599412 0.08784756 0.02710619
0.02695241 0.00381182 0.00104218 0.00546420 0.01447611 0.23644121 0.10557598 0.30425988 0.05914754 0.06453039 0.07834164 0.08388267 0.03397044
0.02774200 0.01115150 0.00159997 0.01524887 0.02657144 0.22879314 0.10228377 0.30422392 0.06253502 0.09154991 0.08032790 0.08210644 0.03361564
0.02950422 0.00989851 0.00172120 0.01335580 0.05811587 0.23137366 0.10453901 0.30429599 0.04327468 0.10094148 0.06836034 0.08115530 0.05490511
0.03028867 0.00934677 0.00088089 0.01477011 0.05319179 0.22804571 0.11058272 0.30336775 0.04300550 0.09847008 0.06561883 0.07894345 0.02763033
0.02697142 0.00747173 0.00266126 0.00973445 0.05589434 0.22802544 0.10086352 0.30496408 0.04884937 0.09758265 0.07718097 0.08049191 0.05243235
0.02748570 0.00561608 0.00108986 0.00456131 0.04120711 0.22474562 0.10235584 0.30303168 0.05918607 0.08040781 0.08039647 0.08353979 0.02838684
0.02713301 0.00755654 0.00142278 0.00700377 0.04110497 0.22901180 0.09790638 0.30235160 0.06120922 0.06932951 0.08334917 0.08096009 0.04906013
0.02789245 0.01118102 0.00121755 0.01166517 0.02838231 0.22434527 0.09958446 0.30183824 0.06239730 0.07772674 0.08388818 0.08255350 0.03085520
0.02808971 0.01337444 0.00085444 0.01516108 0.05131001 0.22617317 0.09711210 0.30172594 0.05764066 0.07997435 0.07360282 0.08446731 0.04248304
0.02762405 0.00788702 0.00156790 0.01027900 0.05245117 0.22418092 0.09854947 0.30146941 0.04881801 0.09113274 0.07487450 0.08212849 0.03718179
0.02780727 0.00242825 0.00125668 0.00405918 0.04010148 0.22917512 0.10350007 0.30247158 0.04541160 0.09792034 0.06944526 0.07962043 0.03414734
0.02890566 0.00726641 0.00068049 0.00796625 0.03089116 0.22335373 0.09768617 0.30253304 0.05300114 0.09893698 0.07417525 0.07922404 0.04077121
0.02902115 0.00393798 0.00071762 0.00286634 0.00227659 0.22545333 0.10547119 0.30551525 0.05783800 0.09688054 0.07816251 0.08023224 0.03732240
0.02615565 0.00270223 0.00187623 0.00366725 0.03096315 0.22360364 0.10526715 0.30605065 0.05983566 0.08971719 0.08596186 0.08408093 0.03130024
0.02581069 0.00757094 0.00144439 0.00659159 0.03354788 0.22422918 0.10979531 0.30578598 0.05777511 0.07928006 0.08537200 0.08042593 0.03503901
0.02672966 0.00255604 0.00320755 0.00179894 0.00276779 0.22618326 0.10761321 0.30416743 0.06235599 0.07840861 0.08393833 0.08158206 0.02681449
0.02793428 0.00531599 0.00120370 0.00727779 0.03545451 0.22540328 0.10933946 0.30312538 0.05638553 0.08964570 0.08277625 0.08270223 0.03259250
0.02913726 0.00264496 0.00092640 0.00445479 0.04611479 0.22690727 0.10556500 0.30181185 0.05220063 0.09427836 0.07760356 0.08472187 0.02592282
0.02961171 0.00259470 0.00071772 0.00215637 0.02127457 0.22683074 0.10094259 0.30057675 0.05429118 0.09609697 0.07348053 0.08183179 0.02933626
0.02917867 0.00350585 0.00085666 0.00522218 0.02581169 0.22611782 0.10548032 0.30126750 0.04816231 0.09878868 0.07876358 0.08184613 0.02732749
0.02864722 0.01011115 0.00124474 0.01514289 0.03210807 0.22659133 0.11360539 0.30244786 0.05111913 0.09752053 0.07240490 0.07988394 0.02654736
0.02760092 0.00307950 0.00076477 0.00443999 0.03472632 0.22929965 0.10692973 0.30365415 0.05575493 0.09102836 0.08172039 0.08100629 0.02689847
0.02586796 0.01287698 0.00076019 0.01809209 0.05116212 0.22728249 0.10418987 0.30535514 0.05722916 0.07840261 0.08114655 0.08109572 0.02623866
0.02365572 0.00459199 0.00165223 0.00435443 0.05125449 0.23137094 0.10115850 0.30467277 0.05819243 0.07803161 0.08156772 0.08338928 0.03073783
0.02202032 0.00857721 0.00131613 0.00886549 0.03851450 0.22774350 0.10193506 0.30464675 0.05902406 0.09097592 0.08209945 0.08002392 0.03324824
0.02255203 0.00474228 0.00093332 0.00361103 0.02659604 0.23103370 0.10543028 0.30443454 0.05107891 0.09651118 0.08135828 0.08427185 0.04223549
0.03748336 0.00747235 0.00086206 0.01006284 0.02056492 0.22723175 0.11082395 0.30393410 0.05212867 0.10323725 0.07206595 0.08157270 0.02760522
0.03780559 0.00243407 0.00096633 0.00212165 0.04869930 0.23018590 0.10411299 0.30453900 0.05827284 0.10032734 0.07614838 0.08125580 0.03400485
0.03891064 0.00404041 0.00432735 0.00303830 0.03643904 0.22652277 0.10368360 0.30369696 0.05022789 0.10315324 0.07491340 0.07948500 0.02611178
0.03676107 0.00756521 0.00317932 0.00732333 0.03468401 0.22580195 0.10187460 0.30555530 0.05356966 0.09121725 0.07776202 0.08620880 0.03358170
0.03893376 0.00450713 0.00148389 0.00488969 0.03986402 0.22329579 0.09930947 0.30351710 0.05647084 0.07689571 0.08146802 0.08258765 0.02732223
0.04334558 0.00735500 0.00103094 0.00861123 0.03071248 0.22441880 0.09888408 0.30420893 0.06456189 0.07952251 0.08277375 0.08283385 0.04224244
0.04339217 0.00571097 0.00070841 0.00554653 0.00984271 0.22565774 0.09496339 0.30368813 0.06430302 0.08751334 0.08150643 0.08089070 0.03596516
0.04117961 0.00272919 0.00068074 0.00303415 0.03554002 0.22492153 0.10151238 0.30256418 0.04890720 0.09744189 0.08117186 0.08103142 0.03599916
0.04097050 0.00722421 0.00072936 0.00974809 0.02504239 0.22443087 0.10330434 0.30362932 0.04857851 0.10122670 0.07664932 0.08222797 0.03487296
0.04111740 0.01091688 0.00375293 0.01030430 0.04473422 0.22364768 0.10931516 0.30331719 0.04533147 0.11060325 0.07210792 0.08148276 0.02996471
0.04018287 0.01351921 0.00102706 0.01411304 0.04424801 0.22307527 0.10255582 0.30554328 0.05496083 0.10295961 0.08563267 0.08410110 0.02756166
0.03801802 0.00478965 0.00244711 0.00210968 0.02390171 0.22094905 0.10842672 0.30383212 0.05825971 0.09026958 0.08158786 0.08049975 0.02959949
0.03682424 0.00280678 0.00129446 0.00056382 0.00139458 0.22305467 0.11031932 0.30535479 0.06207204 0.07785696 0.08308597 0.08548077 0.02787562
0.03670754 0.00162174 0.00179672 0.00031970 0.00082838 0.22199562 0.11089507 0.30560563 0.05606797 0.09325945 0.08946087 0.08519751 0.02691629
0.03687869 0.00129474 0.00183450 0.00034660 0.00081818 0.22421097 0.10871401 0.30439181 0.05477715 0.09319989 0.08025809 0.08054721 0.02676599
0.03681516 0.00308341 0.00097582 0.00251010 0.04120716 0.22239967 0.11225739 0.30428395 0.05060956 0.09854152 0.08120657 0.08096046 0.02720187
0.03681605 0.00878236 0.00135633 0.01001381 0.06174914 0.22255943 0.10988365 0.30379945 0.04517100 0.10633761 0.07642812 0.08343045 0.02787236
0.03886518 0.00830701 0.00086890 0.00896998 0.05503248 0.22353293 0.10828215 0.30451267 0.05001315 0.10375104 0.07798702 0.08275841 0.02943123
0.03875509 0.01088486 0.00069369 0.01300793 0.04652142 0.22518379 0.11472674 0.30430068 0.05632108 0.09251107 0.07871103 0.08313662 0.02786367
0.03691763 0.00705534 0.00065812 0.00666664 0.03814371 0.22510452 0.11216357 0.30479405 0.05665110 0.07631558 0.08923593 0.08258682 0.02872278
0.03557610 0.00272490 0.00063067 0.00090861 0.00417376 0.22759826 0.11173186 0.30594452 0.06250675 0.07547560 0.08682345 0.08142237 0.02959465
0.03426978 0.00322654 0.00071623 0.00526650 0.03066858 0.22781864 0.10970045 0.30511106 0.05263519 0.08468950 0.08616978 0.08156139 0.03814054
0.03335288 0.00419594 0.00153925 0.00561334 0.03067565 0.22737035 0.09935371 0.30499815 0.05165767 0.09800344 0.07629685 0.08179589 0.04871341
0.03304118 0.01046243 0.00101052 0.01345419 0.03141239 0.22679004 0.10615508 0.30456900 0.04999681 0.10645236 0.07334855 0.08008589 0.02818470
0.03381581 0.00450281 0.00415894 0.00452541 0.04991176 0.22780069 0.10918079 0.30493670 0.04715032 0.11281938 0.07229013 0.07995466 0.03193603
0.03482025 0.00275710 0.00140768 0.00402975 0.02579168 0.22770248 0.11066954 0.30251518 0.04987225 0.10032818 0.07474768 0.08119247 0.02718668
0.03727659 0.00720076 0.00100518 0.00671118 0.02844058 0.22726093 0.10938512 0.30200131 0.05313838 0.08767254 0.08239306 0.08588210 0.04395936
0.03845642 0.00216354 0.00118662 0.00170820 0.03079887 0.22680702 0.10689721 0.30222827 0.06074950 0.07151274 0.08990376 0.08386499 0.03058515
0.04942360 0.01121638 0.00074899 0.01487491 0.04164446 0.22696539 0.10107420 0.30271316 0.06945942 0.07046479 0.08658719 0.08339121 0.02637983
0.04899382 0.00644322 0.00066423 0.00518287 0.04385219 0.22770885 0.10717064 0.30282249 0.05498017 0.07866211 0.08184121 0.08129819 0.02620123
0.04932104 0.00486332 0.00056003 0.00643969 0.05143097 0.22706664 0.09577354 0.30427628 0.05879553 0.09436498 0.07756730 0.08034859 0.02450543
0.04897880 0.01134728 0.00069493 0.01006639 0.03290030 0.22726387 0.09427319 0.30364020 0.04708213 0.10469108 0.07397356 0.07700382 0.02509178
0.04709776 0.01060405 0.00086843 0.01310697 0.04694587 0.22567412 0.09847985 0.30321057 0.04063150 0.10687701 0.06922696 0.07710452 0.02566950
0.04607376 0.00886712 0.00079366 0.01033851 0.06129218 0.22557406 0.10084032 0.30413380 0.04619768 0.09658510 0.07603561 0.08117508 0.02489567
0.04562307 0.00455956 0.00286261 0.00442517 0.03852538 0.22892100 0.10453448 0.30502737 0.06273973 0.08514894 0.07717605 0.08289918 0.04306424
0.04594601 0.00419609 0.00204063 0.00296202 0.02335698 0.22698613 0.10715038 0.30624380 0.06183075 0.08181416 0.08871644 0.08319362 0.02646521
0.04733594 0.00353614 0.00107727 0.00089108 0.00324054 0.22628945 0.11006843 0.30585723 0.06296243 0.07569751 0.09438359 0.08345838 0.02792788
0.04609800 0.00540460 0.00077955 0.00714035 0.01899014 0.22503760 0.10643042 0.30606721 0.05534448 0.09278471 0.08153259 0.08052422 0.02822762
0.04559518 0.01448133 0.00343000 0.01394514 0.04003671 0.22371283 0.11002052 0.30860545 0.05764850 0.11456879 0.07882263 0.08049852 0.02523684
0.04629121 0.00542881 0.00185860 0.00656183 0.03801627 0.22551811 0.10826351 0.30751133 0.05267894 0.11592672 0.07411101 0.08167633 0.03496475
0.04721774 0.00437040 0.00105898 0.00552997 0.03595703 0.22438316 0.10688592 0.30837654 0.05323930 0.11058273 0.08130448 0.08042120 0.02881065
0.04814951 0.00400712 0.00120877 0.00271854 0.01829823 0.22347691 0.10850931 0.30708666 0.05789322 0.10964202 0.08580437 0.08094959 0.03942348
0.04869580 0.00261138 0.00082966 0.00139623 0.00235289 0.22297297 0.10555946 0.30729425 0.06200442 0.09226550 0.08843328 0.08107249 0.02720790
0.05091204 0.00284916 0.00057645 0.00115097 0.00382909 0.22264611 0.10799533 0.30597681 0.06945467 0.08369236 0.09380198 0.08416705 0.03014959
0.05063872 0.00410742 0.00075039 0.00173721 0.00423273 0.22620708 0.11811954 0.30705928 0.06778290 0.08711876 0.09312155 0.08485901 0.02704642
0.04984954 0.00266454 0.00084719 0.00160798 0.00229098 0.22807836 0.10906150 0.30715058 0.06240343 0.09633684 0.08534122 0.08089322 0.02755205
0.04942198 0.00275864 0.00145434 0.00064784 0.00246106 0.23042895 0.10739328 0.30683207 0.05556345 0.10772186 0.07679405 0.08101737 0.02699293
0.04918702 0.00151992 0.00141124 0.00036500 0.04126826 0.22962360 0.10438467 0.30694678 0.04799916 0.11306562 0.07269178 0.07797890 0.02707544
0.04890833 0.00599093 0.00236661 0.00761064 0.04069796 0.23458463 0.10417921 0.30820112 0.04729129 0.11942674 0.07414019 0.07796485 0.02644559
0.04796839 0.00740158 0.00102172 0.00789319 0.03659539 0.23143370 0.10382273 0.30870260 0.05113471 0.10391181 0.08419408 0.08736935 0.03772254
0.04945743 0.00862292 0.00179727 0.01140202 0.03456460 0.23726399 0.10473422 0.30732276 0.06205148 0.08913106 0.08211499 0.08269155 0.02826591
0.06894112 0.00868022 0.00159902 0.00840785 0.03373650 0.23245669 0.10959588 0.30707513 0.06591759 0.08093914 0.08557378 0.08779801 0.02592612
0.07240388 0.00838650 0.00103843 0.00608804 0.03117085 0.23636989 0.11121650 0.30725287 0.05958286 0.08860791 0.09001030 0.08423590 0.02780947
0.07565674 0.00556649 0.00093745 0.00756410 0.03038957 0.23396625 0.10415872 0.30544354 0.05758353 0.09277114 0.07906518 0.08223648 0.02839261
0.05589267 0.00359157 0.00090592 0.00152802 0.02199372 0.23393864 0.09897619 0.30716832 0.05241647 0.10372425 0.08843439 0.08072577 0.02964539
0.05603605 0.00551483 0.00124303 0.00558059 0.03740099 0.23375585 0.10628804 0.30911451 0.04946021 0.10913122 0.07142639 0.07925780 0.02496059
0.05229370 0.00755884 0.00068880 0.00689044 0.03584701 0.23311381 0.10964897 0.30799315 0.05399873 0.10982015 0.06990824 0.07837880 0.02612207
0.04937266 0.00362574 0.00083035 0.00067099 0.00444658 0.23235238 0.10209051 0.30911278 0.05278674 0.10188649 0.07950708 0.08483496 0.02708284
0.04611345 0.00644539 0.00182788 0.00903764 0.04910355 0.23135649 0.10157312 0.30613140 0.05005559 0.09092667 0.08461178 0.08147988 0.02564009
0.04637966 0.00423336 0.00185585 0.00475390 0.04616157 0.23002320 0.10270731 0.30647627 0.06170641 0.08159677 0.07848402 0.08307375 0.02586269
0.04708356 0.00285952 0.00175110 0.00407698 0.00423226 0.22848325 0.10012567 0.30635617 0.06516687 0.08299004 0.09580174 0.08459778 0.03720868
0.04742535 0.00274384 0.00144892 0.00335051 0.03925629 0.23367127 0.10650863 0.30765888 0.06084445 0.08124520 0.08063963 0.08466133 0.03788824
0.04878111 0.00339454 0.00147424 0.00452695 0.02391231 0.22933448 0.10746830 0.30865551 0.05272314 0.09156598 0.07816436 0.07920681 0.03280270
0.04969472 0.00536623 0.00066110 0.00467478 0.00809090 0.23322183 0.10318297 0.31007963 0.04815773 0.10372415 0.08180529 0.08094915 0.03922071
0.05043577 0.00652332 0.00060899 0.00857847 0.02435525 0.22963211 0.10494996 0.31015041 0.04441439 0.10766767 0.07253835 0.08057766 0.04181001
0.04964507 0.00539968 0.00082166 0.00370680 0.02286222 0.23234751 0.10467583 0.30989850 0.04771440 0.10136605 0.07453439 0.07906998 0.02630230
0.04746216 0.00331707 0.00104722 0.00190810 0.05991224 0.23095643 0.10831701 0.31153730 0.05310679 0.08820484 0.08361954 0.08383684 0.05229175
0.04617884 0.00736815 0.00118624 0.00809033 0.03913077 0.23341264 0.10518130 0.30970529 0.06709290 0.08207442 0.07798040 0.08292919 0.02581035
0.04619774 0.00776298 0.00106333 0.00615253 0.04390331 0.23230054 0.10077157 0.30861484 0.06821033 0.07516471 0.08961527 0.08393505 0.03235330
0.04536489 0.00679384 0.00100998 0.00743542 0.05284960 0.23642278 0.10605544 0.30987050 0.05610981 0.07888729 0.08244874 0.08457687 0.04007933
0.04445917 0.00341557 0.00140603 0.00152685 0.03640231 0.23196439 0.10737069 0.30712045 0.05500897 0.09091673 0.08191695 0.08311540 0.02889503
0.04417181 0.00972399 0.00135582 0.01131696 0.04479246 0.23796036 0.10399023 0.30884117 0.04790838 0.10066016 0.08520294 0.08216643 0.03762391
0.04544238 0.00621901 0.00101944 0.00426960 0.02863287 0.23489360 0.11274918 0.30750339 0.04928474 0.10130544 0.07309992 0.07958007 0.03730838
0.04869941 0.00971325 0.00134206 0.00856399 0.03453721 0.23694924 0.10952097 0.30878076 0.05032090 0.09966603 0.07167194 0.08081523 0.03944254
0.05109565 0.00549763 0.00105323 0.00698301 0.04453828 0.23699422 0.10569641 0.30992599 0.04882655 0.08576256 0.08264218 0.08063283 0.02734050
0.05108919 0.00486928 0.00079483 0.00438840 0.04916145 0.23764411 0.10352076 0.30822310 0.05579484 0.07963047 0.07919832 0.07986079 0.03430878
0.05081523 0.00538950 0.00070808 0.00706885 0.04805615 0.23701879 0.10764593 0.30910359 0.05687430 0.07757729 0.08038245 0.08141311 0.02723975
0.05063517 0.00402822 0.00112705 0.00317212 0.03100215 0.23599178 0.10339893 0.30736736 0.05140207 0.08228277 0.08660605 0.08090592 0.03106828
0.04937545 0.00871121 0.00072413 0.00960738 0.04258385 0.23688153 0.11147290 0.30624738 0.05011832 0.09041053 0.07127662 0.08327882 0.02625242
0.03631009 0.00473735 0.00058748 0.00294399 0.02701720 0.23516481 0.11511358 0.30741402 0.04704361 0.09062911 0.07792342 0.08115903 0.02758841
0.03618158 0.00898706 0.00082585 0.00700031 0.03023349 0.23916346 0.10762914 0.30888751 0.04944293 0.09248296 0.07945483 0.08164838 0.02872142
0.03720608 0.00838612 0.00058007 0.00831950 0.03758851 0.23543520 0.10859168 0.30860429 0.05254876 0.08510658 0.07385639 0.08071125 0.02631219
0.03614595 0.00430886 0.00059403 0.00332686 0.04372859 0.23941511 0.10400530 0.30897530 0.05350921 0.07856319 0.07655830 0.07993781 0.02725663
0.03655073 0.00625172 0.00085403 0.00512000 0.03325616 0.23627754 0.10264543 0.30954367 0.05781369 0.07733475 0.08465916 0.08014398 0.04806815
0.03663207 0.01505063 0.00078867 0.01461391 0.03889773 0.24114086 0.10834166 0.31025572 0.06127596 0.08182290 0.07295610 0.08035444 0.02810069
0.03694245 0.00608893 0.00084494 0.00947038 0.04795038 0.23513951 0.10606998 0.30953975 0.05226523 0.08828125 0.08554214 0.08276584 0.02665369
0.03658173 0.00395650 0.00065307 0.00360325 0.03759509 0.23878718 0.11012504 0.30965328 0.05729439 0.09738541 0.07612821 0.08297005 0.02667968
0.03630820 0.00786598 0.00385617 0.00499849 0.02733494 0.23675034 0.10330277 0.30853097 0.05055992 0.09730964 0.07426431 0.08365179 0.02902684
0.03578900 0.00450083 0.00390290 0.00677547 0.04241702 0.23793061 0.10169011 0.30863646 0.04992264 0.09062823 0.08066713 0.08208956 0.04691789
0.03640212 0.00277051 0.00142289 0.00315470 0.00472571 0.23687004 0.10558544 0.30850801 0.05522766 0.08209617 0.07730122 0.08197336 0.02885476
0.03817474 0.00450863 0.00092758 0.00693685 0.04545353 0.23775315 0.10126045 0.31059088 0.05844651 0.07694046 0.07767044 0.08007903 0.03324256
0.03847643 0.00939968 0.00063124 0.00409972 0.04522122 0.23842749 0.10021491 0.31056225 0.05621441 0.07912958 0.07875942 0.07981025 0.03068931
0.04013382 0.00451767 0.00048371 0.00359470 0.02590071 0.23686849 0.11354026 0.30965601 0.05251479 0.08412071 0.07357354 0.07935351 0.02762710
0.04096740 0.00649776 0.00104074 0.00688020 0.02784164 0.23721762 0.10559047 0.30887415 0.04610153 0.09285582 0.07957300 0.08036856 0.02646883
0.04788698 0.00579210 0.00068004 0.00535624 0.01677771 0.23837227 0.11277199 0.31016391 0.04316296 0.09232568 0.07620666 0.08003780 0.02805897
0.04662679 0.00779128 0.00075154 0.00840827 0.03563257 0.23874355 0.10651159 0.30842327 0.04898083 0.09144178 0.07529547 0.08156635 0.02715311
0.04415959 0.00295679 0.00126808 0.00498016 0.03464078 0.24179520 0.10435214 0.30856195 0.04833016 0.09076935 0.07704834 0.08000636 0.02623121
0.04097555 0.00277783 0.00132869 0.00158020 0.01938216 0.24216457 0.10748397 0.30973511 0.05622837 0.08187794 0.07704531 0.08000374 0.02729187
0.03202559 0.00727479 0.00116199 0.00236209 0.02897552 0.24386948 0.10214493 0.31151446 0.06078360 0.07100874 0.08516776 0.08034557 0.02557177
0.03183550 0.00671459 0.00097867 0.00725593 0.05351945 0.24456216 0.10042149 0.31221274 0.05688344 0.07538799 0.08015809 0.07867863 0.02721587
0.03160481 0.01175639 0.00099366 0.01266802 0.05918165 0.24586477 0.10394575 0.31148188 0.04895598 0.08212710 0.07779864 0.07908450 0.04123082
0.03142869 0.00837841 0.00085627 0.01092337 0.04334745 0.24446894 0.10216166 0.31137645 0.04724333 0.08754971 0.06568222 0.07844942 0.03338236
0.03104565 0.00263796 0.00167447 0.00346269 0.04793024 0.24437965 0.10127518 0.30967817 0.04305155 0.08741053 0.07611811 0.08050414 0.03707330
0.03251509 0.00463907 0.00085535 0.00671625 0.03840940 0.24418610 0.10510605 0.30983194 0.05070230 0.08683545 0.07166832 0.08029969 0.03117125
0.03305781 0.00576080 0.00368238 0.00397688 0.04155372 0.24351315 0.10322378 0.30984174 0.04671744 0.08778979 0.07089581 0.08102538 0.03376564
0.03279822 0.00645604 0.00126497 0.00756871 0.05245749 0.24308779 0.09719212 0.31118091 0.04835972 0.08853141 0.07998036 0.08037025 0.02684121
0.03230315 0.01037618 0.00134770 0.00842025 0.01230261 0.24499602 0.10411628 0.31218381 0.05249859 0.08187851 0.07573902 0.07872236 0.02638151
0.03216967 0.00320725 0.00088162 0.00519325 0.02589900 0.24429817 0.10074620 0.31036829 0.05197501 0.07918034 0.08208770 0.07907987 0.02506818
0.03211312 0.00381010 0.00063402 0.00359376 0.03526516 0.24391108 0.09846641 0.31207296 0.05667354 0.08002879 0.07983774 0.07697852 0.02515352
0.03111210 0.00841875 0.00184966 0.01198642 0.03114783 0.24431460 0.10616825 0.30992861 0.05220911 0.07973512 0.07069906 0.07822229 0.02623920
0.03091555 0.00378911 0.00082996 0.00207242 0.01986901 0.24150009 0.10243140 0.30986390 0.05070454 0.08951595 0.07284429 0.08101482 0.02645535
0.02553002 0.00793331 0.00121432 0.00819476 0.02863968 0.24396141 0.10401924 0.30955729 0.04549680 0.09225886 0.07564622 0.08070814 0.02752434
0.02746806 0.00376673 0.00129586 0.00688075 0.02574612 0.24535033 0.11203741 0.30989536 0.04589956 0.09199601 0.06736678 0.08070269 0.02677072
0.02974329 0.00324585 0.00067967 0.00038912 0.00284517 0.24134368 0.10874693 0.31089864 0.05198386 0.08506509 0.07949003 0.07980700 0.02627354
0.03158416 0.00352098 0.00061546 0.00027864 0.00155701 0.24499679 0.10400743 0.31019105 0.05685611 0.07739213 0.07549941 0.07908635 0.02764511
0.03140190 0.00201480 0.00084513 0.00085365 0.00152982 0.24267087 0.10235839 0.31235004 0.05224389 0.07562021 0.08066740 0.07834729 0.03632981
0.03026950 0.00153053 0.00069196 0.00029461 0.00071550 0.24635464 0.10364344 0.31215071 0.06798061 0.07800065 0.07791489 0.07807830 0.02548832
0.02940974 0.00964881 0.00073559 0.01033666 0.01946437 0.24606202 0.10362062 0.31353485 0.05583320 0.08296194 0.07616277 0.07794901 0.03513918
0.02897810 0.00520620 0.00098505 0.00868194 0.02973482 0.24625283 0.09947514 0.31268222 0.05515478 0.09090211 0.07362507 0.07769917 0.02598139
0.02632712 0.00224580 0.00094729 0.00198931 0.03532196 0.24724250 0.10492157 0.31264912 0.04867709 0.09644356 0.07265055 0.07939465 0.04009877
0.02728046 0.00386229 0.00175452 0.00426091 0.02864158 0.25073628 0.10595229 0.31268347 0.04680706 0.09567951 0.07097560 0.07917743 0.02541630
0.03914250 0.00358131 0.00099051 0.00358812 0.04194695 0.24946410 0.09523576 0.31176840 0.04502419 0.09155509 0.07608025 0.07976047 0.02942319
0.04132542 0.01163960 0.00080057 0.01744278 0.04659346 0.25027773 0.09787241 0.31419717 0.05274955 0.08441853 0.07460841 0.07842639 0.02607670
0.04055161 0.00449255 0.00172913 0.00491962 0.04155874 0.24826317 0.09800442 0.31364387 0.05948560 0.08773650 0.07643113 0.07815692 0.02664150
0.03502427 0.01062443 0.00094089 0.01462967 0.04358397 0.25020909 0.09631960 0.31507879 0.06325521 0.07931489 0.07838740 0.07972100 0.02648152
0.03543833 0.00693142 0.00102479 0.00670619 0.05188737 0.24790182 0.10172017 0.31409184 0.05181463 0.07943349 0.07445185 0.07684812 0.02445220
0.03703380 0.00619994 0.00069485 0.00735341 0.05506579 0.24737867 0.09846363 0.31369448 0.05481004 0.08788634 0.07428697 0.08585985 0.02491962
0.03288592 0.00862931 0.00258614 0.00793045 0.04693090 0.24721038 0.10117971 0.31271203 0.05970632 0.09665954 0.07259447 0.07809809 0.02537220
0.03124468 0.01405962 0.00120104 0.01587672 0.04571175 0.24244056 0.10041743 0.31118552 0.04770924 0.08915586 0.07290842 0.08478108 0.02567993
0.03178659 0.00755775 0.00151109 0.00991780 0.05855944 0.24390861 0.09916573 0.31067954 0.05562563 0.08755736 0.06832611 0.07950016 0.02704868
0.03234799 0.01068096 0.00383830 0.01026081 0.04500252 0.24007703 0.10859743 0.30987706 0.06470821 0.08474461 0.08065610 0.08626122 0.03696705
0.03289105 0.00474848 0.00131111 0.00581036 0.04230164 0.24087885 0.10483811 0.31090184 0.06025565 0.08731698 0.07832415 0.08013753 0.02984055
0.03242222 0.00502118 0.00111482 0.00606454 0.02738655 0.24103995 0.09589952 0.31135499 0.06088645 0.09091090 0.08272610 0.07939890 0.03302503
0.03222050 0.00294690 0.00141699 0.00175351 0.01831853 0.23959495 0.10088500 0.31139499 0.06405006 0.08950443 0.07088589 0.07746137 0.02991352
0.03197890 0.00459483 0.00111088 0.00678444 0.03814193 0.24042410 0.09987509 0.31098119 0.05037676 0.09242355 0.08592430 0.07705579 0.02376659
0.03039286 0.01191336 0.00125161 0.01326031 0.02223907 0.24199386 0.10313353 0.30950382 0.05213771 0.10212783 0.07183094 0.07819659 0.02836918
0.03016535 0.00649467 0.00105237 0.00346838 0.03025547 0.24191886 0.10346603 0.31070848 0.05851437 0.09983181 0.07451034 0.07917574 0.02610341
0.02878451 0.00460981 0.00138517 0.00407511 0.04194680 0.24339235 0.09997454 0.30929689 0.05190073 0.09051658 0.07677268 0.08225544 0.02677590
0.02874656 0.00594890 0.00135068 0.00910344 0.01856611 0.24252546 0.09918527 0.30924828 0.07055821 0.08588861 0.07881150 0.08058255 0.02539745
0.02889901 0.00464639 0.00091030 0.00568587 0.03953912 0.24368299 0.10099949 0.30988532 0.05867335 0.09268214 0.07859994 0.08060211 0.02919646
0.02854567 0.00480569 0.00090179 0.00533958 0.03773246 0.23987349 0.09607006 0.30947152 0.05250899 0.09045184 0.08159513 0.07824094 0.03828266
0.02688071 0.00636839 0.00102932 0.00720380 0.02985342 0.24173925 0.10050142 0.31112010 0.05876998 0.09461239 0.06640877 0.08035765 0.03778097
0.02496586 0.00570381 0.00106904 0.00319981 0.03211943 0.24232316 0.09691724 0.31027237 0.06727125 0.10395405 0.07479062 0.07713047 0.03550013
0.02395316 0.00462961 0.00094619 0.00260550 0.00544781 0.24601756 0.09890384 0.31281353 0.06512115 0.09996098 0.07576668 0.07695675 0.02570910
0.02289634 0.00228209 0.00086632 0.00128672 0.00164448 0.24391544 0.09990560 0.31223831 0.05800508 0.09387664 0.07739215 0.07698148 0.03543534
0.02232151 0.00218318 0.00067302 0.00175271 0.00454618 0.24319812 0.11268355 0.31254647 0.05301603 0.09033101 0.07775201 0.08047668 0.04379764
0.02179633 0.00311388 0.00058404 0.00367188 0.00372125 0.23930123 0.09861636 0.31089475 0.05951998 0.09418807 0.08667301 0.08001469 0.02808658
0.02154919 0.00405773 0.00277435 0.00268187 0.02680924 0.23868727 0.10237624 0.31185258 0.06128995 0.09736278 0.08109349 0.08041618 0.02620053
0.02695309 0.00775552 0.00061681 0.00761744 0.06606305 0.23745507 0.09700035 0.31319378 0.07581114 0.09203533 0.08186890 0.08198411 0.02827173
0.05091391 0.01538619 0.00089073 0.01755427 0.05523908 0.23998462 0.09920907 0.31370005 0.05681295 0.09739706 0.07348667 0.08310117 0.02501901
0.05129079 0.01043380 0.00091410 0.01275677 0.05221513 0.23939253 0.09900987 0.31320468 0.05403838 0.10513167 0.08304200 0.07931076 0.02626685
0.05161745 0.00586796 0.00129400 0.00731731 0.04675446 0.23943681 0.10568550 0.31388941 0.05554353 0.10205746 0.07784046 0.07862471 0.02691088
0.05199426 0.00289275 0.00081267 0.00082288 0.02413805 0.23877055 0.10394237 0.31197812 0.05638886 0.09563830 0.08825512 0.07802239 0.02668464
0.05415990 0.01222665 0.00060580 0.01197721 0.01912349 0.23581360 0.10470462 0.31429898 0.06978403 0.09056152 0.08139089 0.08198518 0.02986376
0.05190231 0.00766183 0.00075340 0.00712750 0.01696635 0.24063928 0.10102261 0.31436384 0.07222893 0.09195967 0.09060464 0.08120836 0.03257406
0.04981426 0.00982118 0.00142666 0.00862657 0.04674893 0.23853804 0.10337112 0.31386835 0.05850630 0.10013930 0.08590382 0.08118277 0.03094768
0.04976309 0.00534929 0.00129898 0.00505479 0.04644412 0.23833068 0.10032093 0.31373006 0.06044659 0.10220578 0.08142617 0.07950381 0.02921974
0.04996799 0.01156558 0.00204915 0.01407287 0.06366665 0.23835211 0.09644050 0.31442147 0.06308994 0.10790438 0.07784483 0.08144407 0.03238742
0.04988226 0.00898745 0.00167001 0.00751075 0.05752253 0.23555271 0.10483544 0.31456231 0.05692373 0.10612763 0.08252200 0.08245408 0.02714243
0.05042751 0.00348336 0.00457310 0.00180154 0.02706029 0.23644653 0.10389855 0.31459371 0.06079912 0.11253022 0.07710111 0.08007370 0.03421768
0.05232131 0.01001733 0.00109815 0.00996799 0.04649072 0.23651604 0.09694423 0.31427277 0.06513284 0.10571427 0.08046140 0.07910579 0.03009587
0.05410837 0.00942044 0.00094908 0.01376357 0.05817780 0.23280256 0.10350271 0.31497484 0.06667069 0.10001421 0.07928243 0.08025309 0.02946154
0.05356529 0.01043700 0.00108139 0.01361771 0.05068396 0.23625692 0.10445122 0.31458987 0.05787194 0.10773853 0.08625382 0.08144465 0.03443876
0.05295512 0.01075846 0.00130390 0.01410980 0.07060414 0.23500683 0.10351754 0.31483331 0.06050892 0.09386529 0.08320327 0.08436067 0.03075622
0.05295185 0.00804270 0.00380742 0.00929761 0.07899811 0.23813940 0.10750108 0.31551878 0.05579070 0.09474600 0.07963729 0.08861796 0.03661303
0.04109470 0.00681736 0.00104231 0.00738955 0.05552496 0.23792871 0.10257698 0.31325023 0.05551524 0.10182389 0.07928147 0.08257788 0.05651064
0.04483414 0.00578404 0.00314716 0.00884966 0.04110138 0.23771437 0.10150709 0.31205756 0.05580840 0.11008381 0.07990897 0.08348991 0.04991496
0.04882337 0.00830307 0.00184732 0.00678520 0.03541758 0.23873986 0.10809154 0.31102062 0.05762017 0.10682826 0.07457949 0.08543164 0.04706247
0.05204741 0.00790265 0.00123277 0.00814414 0.03506548 0.23576679 0.10236704 0.31028604 0.05307279 0.09443272 0.07711064 0.07943813 0.03352518
0.05393728 0.00295422 0.00192892 0.00353883 0.04030121 0.23867557 0.10119533 0.31032636 0.05772788 0.09311734 0.08413169 0.07948869 0.03879253
0.05409553 0.00423488 0.00160083 0.00202349 0.02522436 0.23616309 0.10310094 0.31029701 0.06508525 0.09400901 0.08079977 0.08040248 0.02987207
0.05443590 0.00969943 0.00194673 0.01185900 0.03481511 0.23655717 0.10310366 0.30950311 0.05309793 0.09929058 0.08101881 0.08205276 0.04005963
0.05320116 0.00537389 0.00130641 0.00540981 0.03860100 0.23424754 0.09990851 0.30919726 0.05453035 0.09699657 0.07721596 0.08260412 0.03560479
0.04871507 0.00367851 0.00146841 0.00501596 0.03560030 0.23572816 0.10412618 0.31159533 0.05335759 0.09848057 0.07477504 0.08362562 0.03810812
0.04343245 0.01007934 0.00137137 0.00915683 0.02907742 0.23636401 0.09993973 0.31080738 0.05258244 0.09297566 0.08585586 0.08302694 0.02901969
0.03884480 0.00642453 0.00159512 0.00348965 0.03148128 0.23831281 0.10471480 0.31348876 0.06127186 0.08396686 0.08010198 0.08168976 0.03636806
0.03675128 0.00444795 0.00198161 0.00345548 0.02635508 0.23357621 0.10478743 0.31167157 0.06386374 0.08781885 0.07663414 0.08058951 0.02560621
0.03522989 0.00817496 0.00117389 0.01093314 0.03280760 0.23649989 0.10078772 0.31182713 0.05097636 0.09246320 0.08158972 0.07908975 0.03298192
0.03427120 0.00431265 0.00102138 0.00270460 0.02123416 0.23708276 0.09936711 0.31174255 0.04905708 0.09303623 0.07523362 0.07733233 0.03563363
0.03301953 0.00547938 0.00072303 0.00681383 0.05422837 0.23591714 0.09868814 0.31072570 0.04787557 0.09221844 0.07492690 0.08006710 0.02787894
0.02973477 0.00510292 0.00161629 0.00940233 0.04531731 0.24089762 0.10045642 0.31063526 0.04602076 0.09515873 0.07610819 0.08200410 0.03697793
0.02833594 0.00422622 0.00088425 0.00412305 0.04240278 0.23679053 0.10623525 0.30940576 0.05231234 0.09436283 0.07615018 0.08107880 0.04592449
0.02747706 0.01010011 0.00084786 0.01007817 0.06182468 0.24145978 0.10136116 0.31019180 0.05636077 0.09228359 0.07338785 0.08317834 0.04517096
0.02713333 0.01201280 0.00082076 0.01170431 0.06269186 0.23671665 0.10935420 0.31042898 0.05093018 0.08348253 0.08079269 0.08193379 0.03093681
0.02542146 0.00447712 0.00131752 0.00482746 0.04072304 0.24362064 0.10921028 0.31173473 0.05351374 0.08267738 0.08504541 0.08042576 0.03329490
0.02579207 0.00798939 0.00172770 0.00964715 0.04939670 0.23923363 0.11001128 0.31281970 0.05150382 0.09013101 0.08358715 0.07901747 0.02826988
0.02668624 0.00927949 0.00074437 0.01019645 0.03516628 0.24196414 0.10666421 0.31306113 0.05103777 0.08757546 0.08223422 0.07822815 0.02963420
0.02702577 0.00650102 0.00065433 0.00753595 0.03910614 0.23979681 0.11601282 0.31448317 0.05187535 0.08980461 0.07814579 0.07924315 0.03668457
0.02686699 0.00598788 0.00065647 0.00664295 0.03991355 0.23935744 0.10851081 0.31329211 0.05602916 0.09649200 0.08398906 0.08140521 0.03062220
0.02720615 0.00510828 0.00156049 0.00127708 0.03019876 0.23862121 0.11900672 0.31460275 0.05783149 0.09986485 0.08166772 0.08276580 0.04251008
0.02654185 0.00425451 0.00157027 0.00223848 0.00493648 0.23876518 0.12051785 0.31234176 0.06103130 0.09720753 0.07799435 0.08599996 0.02809350
0.02660906 0.00221789 0.00207389 0.00235491 0.00182389 0.23954633 0.11013207 0.31172478 0.05352063 0.09641214 0.08426145 0.08023388 0.02883109
0.02829934 0.00209765 0.00147830 0.00056464 0.00125535 0.24328741 0.10885406 0.31163944 0.05475331 0.09709907 0.08040895 0.07966723 0.02773516
0.03000961 0.00241983 0.00093537 0.00028837 0.00218792 0.24128490 0.10906930 0.31041003 0.05447109 0.09543861 0.08042028 0.07896496 0.02609943
0.03103648 0.00594626 0.00354502 0.00563437 0.04259679 0.24183198 0.10128338 0.31087572 0.05443871 0.09466098 0.08189785 0.08217016 0.02716321
0.03240252 0.00611906 0.00279853 0.00829787 0.03821024 0.24460336 0.10510411 0.31043975 0.05456033 0.10412292 0.07400098 0.08111207 0.02498488
0.03470758 0.00444977 0.00135040 0.00200371 0.02080638 0.24152387 0.09936462 0.30867839 0.05514906 0.10487989 0.07259560 0.08018894 0.02612185
0.03669143 0.01017799 0.00107007 0.00950879 0.03152021 0.24801808 0.09682632 0.31044652 0.05066901 0.10139142 0.08411530 0.08093817 0.02557835
0.03697396 0.00611956 0.00097887 0.00624160 0.04232927 0.24008571 0.09932419 0.30969799 0.05211141 0.09716102 0.07208414 0.07900739 0.02769624
0.03609274 0.00175730 0.00233012 0.00497534 0.03252403 0.24278704 0.09676394 0.31102910 0.05010616 0.09540063 0.08035549 0.08065393 0.03446853
0.03563639 0.00621438 0.00179358 0.00680799 0.01721276 0.23887867 0.09693851 0.31206045 0.05923670 0.08560655 0.07816444 0.08181030 0.03631775
0.03481974 0.00703146 0.00106319 0.01032734 0.05516437 0.23694466 0.10024209 0.31314297 0.06012863 0.08119509 0.07869145 0.08012505 0.03423972
0.03222352 0.00535400 0.00152064 0.00634164 0.04810904 0.23634855 0.10035356 0.31222098 0.05073180 0.08576843 0.08154191 0.07783670 0.04090357
0.03520915 0.00609063 0.00113850 0.00666497 0.03621215 0.23984329 0.10128392 0.31201711 0.05182960 0.09495010 0.08039885 0.07931839 0.03141017
0.05627560 0.00805585 0.00247576 0.00632980 0.03789578 0.23415707 0.10263621 0.31025179 0.05242728 0.10943971 0.07115371 0.07899655 0.02925442
0.05758764 0.00240919 0.00320939 0.00133872 0.00377083 0.23929648 0.10174079 0.30871370 0.04994707 0.10461948 0.07905197 0.08221274 0.03035110
0.05952739 0.00334516 0.00153170 0.00091002 0.00429744 0.23336410 0.10076045 0.30641591 0.05387191 0.10074252 0.07491403 0.08066819 0.02570235
0.06004882 0.00555409 0.00397236 0.00533066 0.03054251 0.23827050 0.10491809 0.30753143 0.05543795 0.09853506 0.07975724 0.08131478 0.02794596
0.05929244 0.00428522 0.00110327 0.00606281 0.04763184 0.23533436 0.10623538 0.30713617 0.05971148 0.09049148 0.08566958 0.08167217 0.02526046
0.05794483 0.00325703 0.00117718 0.00186035 0.02127687 0.23753778 0.10718405 0.30850837 0.05759048 0.08580722 0.08829325 0.08002148 0.02574779
0.05727481 0.00516309 0.00101204 0.00666881 0.02776335 0.23637176 0.10442195 0.31082966 0.05768508 0.09217861 0.08376953 0.07971831 0.02582360
0.05608673 0.00297024 0.00188600 0.00691673 0.00482781 0.23562465 0.10105811 0.31135338 0.05737567 0.11245496 0.08734569 0.07829786 0.03894585
0.05278255 0.00808447 0.00137488 0.00982025 0.02822059 0.23772591 0.10939745 0.31353400 0.05566868 0.11747977 0.07202233 0.07818537 0.03069152
0.05139299 0.00372516 0.00130647 0.00367892 0.03353213 0.23592990 0.10942275 0.31250101 0.04947018 0.11755308 0.07296896 0.07924433 0.05282210
0.05048882 0.00428436 0.00240110 0.00373742 0.03208129 0.23550624 0.11509292 0.31290738 0.05178330 0.11210979 0.08155210 0.08261065 0.02824919
0.05133094 0.00876185 0.00177285 0.00748089 0.03564061 0.23817766 0.11577921 0.31249296 0.06428563 0.09715620 0.08586770 0.08245106 0.02903505
0.05293172 0.00635247 0.00105734 0.00523472 0.03914004 0.23460185 0.10455215 0.31344637 0.07386590 0.08560975 0.09280848 0.08456082 0.04867094
0.05411829 0.00420118 0.00057499 0.00502073 0.02508909 0.23708812 0.10049809 0.31109225 0.07436558 0.08443304 0.09810988 0.08143025 0.03065675
0.05416388 0.00326176 0.00065502 0.00446528 0.02418000 0.23636344 0.10277439 0.30998844 0.06775863 0.09825479 0.08247249 0.08146128 0.03131056
0.05553984 0.00739849 0.00079720 0.00782637 0.04409688 0.23575434 0.09740159 0.30908406 0.05804607 0.11921637 0.08373364 0.07891499 0.02775440
0.05560646 0.00676101 0.00081378 0.00459730 0.02709681 0.23286424 0.09911384 0.30804021 0.06331804 0.12735453 0.07681381 0.07966429 0.02746973
0.05398266 0.00335882 0.00137888 0.00067867 0.00213169 0.23118970 0.09933937 0.30721661 0.05271095 0.12085130 0.07460826 0.07918709 0.02585538
0.05246921 0.00303111 0.00075796 0.00112559 0.00367455 0.23646146 0.09689920 0.30783771 0.05982056 0.10829930 0.08305976 0.08214989 0.02585061
0.05164181 0.00451764 0.00083689 0.00311933 0.02731800 0.23238596 0.09366733 0.30798955 0.07448566 0.10236733 0.08857710 0.08148276 0.02565822
0.05114755 0.00315603 0.00118240 0.00386263 0.03188582 0.23773454 0.09519655 0.31144112 0.07529343 0.10255479 0.09008186 0.08307054 0.02576046
0.05097790 0.00746149 0.00116489 0.00527721 0.04874822 0.23469633 0.09509474 0.31249492 0.06613294 0.09627416 0.08849796 0.08132559 0.02680472
0.06226443 0.00423620 0.00174308 0.00400154 0.03143330 0.23394895 0.09651597 0.31420613 0.07064451 0.11305884 0.08032465 0.08018953 0.02533082
0.06371610 0.00781094 0.00341806 0.00756947 0.04825902 0.23407777 0.09596078 0.31408036 0.05877892 0.12801468 0.08149950 0.08084221 0.02799366
0.06375455 0.00479643 0.00131228 0.00577651 0.04250449 0.23724464 0.10284268 0.31484296 0.05334808 0.12459244 0.07976337 0.07850333 0.04408622
0.06431044 0.00629701 0.00134910 0.00723443 0.04963272 0.23214601 0.10557338 0.31228204 0.05915597 0.11482193 0.07914768 0.07961281 0.03051072
0.06436525 0.00646304 0.00065271 0.00752907 0.06638239 0.23404681 0.10391956 0.31268215 0.07419849 0.10150297 0.08200256 0.08326608 0.03967679
0.06771700 0.01079384 0.00066623 0.00910355 0.06066978 0.22820317 0.09888033 0.31015055 0.07655410 0.09739187 0.08718441 0.08320761 0.02765278
0.06821492 0.00679703 0.00136098 0.00498433 0.04274576 0.23038346 0.10292395 0.30902509 0.07292815 0.10066881 0.09512685 0.08503921 0.02720220
0.06661646 0.00633979 0.00256659 0.00471532 0.03015765 0.22472265 0.09769767 0.30745991 0.06469550 0.10549078 0.08782463 0.08371279 0.02964884
0.06581601 0.00813162 0.00133861 0.01025036 0.06251287 0.22765025 0.10742606 0.30759146 0.05603465 0.11945508 0.07855033 0.08441595 0.02572318
0.06637601 0.00541987 0.00136099 0.00288732 0.03309943 0.22627641 0.10256707 0.30867791 0.06644711 0.12817297 0.08142433 0.08273042 0.02695401
0.06738837 0.00284553 0.00136159 0.00264540 0.02203900 0.22651340 0.10477126 0.30975183 0.06391618 0.12523088 0.08646037 0.07970296 0.03581358
0.06664401 0.00681309 0.00124917 0.01033331 0.04888538 0.22659468 0.11117595 0.31061164 0.06274678 0.11374835 0.08178030 0.08234733 0.02810309
0.06701984 0.01448281 0.00141157 0.01592123 0.06831406 0.22361919 0.10302779 0.31364706 0.06617373 0.09955048 0.09656937 0.08232218 0.03807980
0.06660899 0.00555496 0.00275056 0.00487699 0.03141272 0.22530508 0.10790408 0.31435020 0.07804644 0.09793397 0.09386835 0.08596615 0.04073133
0.06669393 0.00883492 0.00414089 0.00851364 0.02967432 0.22265798 0.11859814 0.31398108 0.07171725 0.10461274 0.09561985 0.08466004 0.04806575
0.06680485 0.00513009 0.00193771 0.00773346 0.04743997 0.22461204 0.11587526 0.31446676 0.06552048 0.11675544 0.09402386 0.08377105 0.03087558
0.06746118 0.00339072 0.00175466 0.00267034 0.04882535 0.22381997 0.11202610 0.31352775 0.06220119 0.12287897 0.08793694 0.08290990 0.03751212
0.07849790 0.01643986 0.00140276 0.01623932 0.04880468 0.22756386 0.10041917 0.31332757 0.06227923 0.12713649 0.08503396 0.08260513 0.03491041
0.07865432 0.00627327 0.00087145 0.00743449 0.05362978 0.22433811 0.09522360 0.30990518 0.06666863 0.12424028 0.08986039 0.08247093 0.03515260
0.07816652 0.00605082 0.00112199 0.00838404 0.05634078 0.22592647 0.09060648 0.30920612 0.07241816 0.10924883 0.08262164 0.08245538 0.04760338
0.07805746 0.00591901 0.00126817 0.00544876 0.04497456 0.22701346 0.09614515 0.30908913 0.07300407 0.08971715 0.09127089 0.08487949 0.04437511
0.07821016 0.01808722 0.00125324 0.02003668 0.05587566 0.22796286 0.10349331 0.30722152 0.07126397 0.09809366 0.09173182 0.08754982 0.04193686
0.07882741 0.00610359 0.00089198 0.00716166 0.05936288 0.22690715 0.09856460 0.30792282 0.07020795 0.10852111 0.09353334 0.08299214 0.03131413
0.07813091 0.00633079 0.00079427 0.00613420 0.04868597 0.22642018 0.09599010 0.30835273 0.06262062 0.11615989 0.08222070 0.08505690 0.05385689
0.07720911 0.00615031 0.00297411 0.00672035 0.03760013 0.22445823 0.09979436 0.30877690 0.05530579 0.12545887 0.07902680 0.08118197 0.02900166
0.07778149 0.00393831 0.00159653 0.00611312 0.03701221 0.22557091 0.09897656 0.31174978 0.05878664 0.13097809 0.08822958 0.08240626 0.04982230
0.07837455 0.00486792 0.00125022 0.00586641 0.02979475 0.22421549 0.10550164 0.31312293 0.06726092 0.12556657 0.08682759 0.08547458 0.02868595
0.07943511 0.01015828 0.00094445 0.00924884 0.03889990 0.22324057 0.10465559 0.31528245 0.07905927 0.10831005 0.08825371 0.08375930 0.04321689
0.07293197 0.00914489 0.00095801 0.01223633 0.04063350 0.22326239 0.10396148 0.31352631 0.07780062 0.09461601 0.09543731 0.08488816 0.02613215
0.07367466 0.00430735 0.00096029 0.00689521 0.04023963 0.22193591 0.10388277 0.31371161 0.07355894 0.10040469 0.09370178 0.08552138 0.03522427
0.07472273 0.00439872 0.00128453 0.00289083 0.03829092 0.21898214 0.10801544 0.31140196 0.06922670 0.11667089 0.08973966 0.08415715 0.02761218
0.07673338 0.00253295 0.00097560 0.00232597 0.05331156 0.22179675 0.10137810 0.31009441 0.05572680 0.12568686 0.08517249 0.08360693 0.02896337
0.07657587 0.00618119 0.00110163 0.00736100 0.05694987 0.21973996 0.10399644 0.30839781 0.05496106 0.12692102 0.07495377 0.08426635 0.02820379
0.07658433 0.01465763 0.00137785 0.01734190 0.04043159 0.22341742 0.10797719 0.30598799 0.06098709 0.11541515 0.08010115 0.08418405 0.02569396
0.07619307 0.01325558 0.00072829 0.01398546 0.04767074 0.22147049 0.11387282 0.30706424 0.06837685 0.10053224 0.08793907 0.08453492 0.02740870
0.07661167 0.00179681 0.00191903 0.00054397 0.00095533 0.22513190 0.10694674 0.30587342 0.06299090 0.09260245 0.09958573 0.08302656 0.02688976
0.07535965 0.00347213 0.00151107 0.00059520 0.00247626 0.22885409 0.10880317 0.30527109 0.07368559 0.08463132 0.09087488 0.08433252 0.02678863
0.07431373 0.00236588 0.00094316 0.00029771 0.00117658 0.22412926 0.10360421 0.30675058 0.06346166 0.09689960 0.09488609 0.08106582 0.03041956
0.07428047 0.00175588 0.00192469 0.00154169 0.03077988 0.22611564 0.11041209 0.30616654 0.05425733 0.11613123 0.08189133 0.08556209 0.02839041
0.07399653 0.00120117 0.00127408 0.00104855 0.00169350 0.22447746 0.11496429 0.30636537 0.04815440 0.12014937 0.07723886 0.08044039 0.03616260
0.07472524 0.00296746 0.00100325 0.00547868 0.03086537 0.22320873 0.11197366 0.30750813 0.05003044 0.11779269 0.07708186 0.08135628 0.04369015
0.07402604 0.00856731 0.00137010 0.00768802 0.04198822 0.22484727 0.10559897 0.31068970 0.06693925 0.10894504 0.08381261 0.08291720 0.03487590
0.07330803 0.00517952 0.00102637 0.00499162 0.03779663 0.22572346 0.11112472 0.31052907 0.06728107 0.10159491 0.09248461 0.08195192 0.02732771
0.07208187 0.00303789 0.00146405 0.00172468 0.03815276 0.22381924 0.10356655 0.31125243 0.06654091 0.09497251 0.09884366 0.08550357 0.03527215
0.07086276 0.00565935 0.00126994 0.00800282 0.05262535 0.22553191 0.10237231 0.31058998 0.06915665 0.09046687 0.08919492 0.08406926 0.02555372
0.06955157 0.00218362 0.00127870 0.00164963 0.03558749 0.22873217 0.09959037 0.30596608 0.06052257 0.10298911 0.08811311 0.08361983 0.02915941
0.07005933 0.00251176 0.00134412 0.00596182 0.01887430 0.22620241 0.10929373 0.30644892 0.05190322 0.11798284 0.07908735 0.08202409 0.02666335
0.06960486 0.00456594 0.00142632 0.00100025 0.00434442 0.22667396 0.10152912 0.30405834 0.05987939 0.13060759 0.07691669 0.08211148 0.02690203
0.06931952 0.00310074 0.00097823 0.00177806 0.00420179 0.22943810 0.10665186 0.30422736 0.05268794 0.11644377 0.08018195 0.08048320 0.02581520
0.06842405 0.00171514 0.00105575 0.00034199 0.00124606 0.22648557 0.10713938 0.30570353 0.05782022 0.11010373 0.09093030 0.08331513 0.02871381
0.06769378 0.01048392 0.00077220 0.00951798 0.06060983 0.22471353 0.10256848 0.30589941 0.07295299 0.09277208 0.09156181 0.08310978 0.02800002
0.06862559 0.00542095 0.00075718 0.00861484 0.05707675 0.22737996 0.10190999 0.30939027 0.07693534 0.07798019 0.09261106 0.08423932 0.02857701
0.06815075 0.01354587 0.00121788 0.01691518 0.05188026 0.22705548 0.10150804 0.31051409 0.06640064 0.08914424 0.08449893 0.08083542 0.04885904
0.06821397 0.00824724 0.00098010 0.00947768 0.04640175 0.22574737 0.09877302 0.30983293 0.05819665 0.11269017 0.08516133 0.08083854 0.03080017
0.06754198 0.00837745 0.00133027 0.00965603 0.05090126 0.22527670 0.09980274 0.31228376 0.05477772 0.12534166 0.07663689 0.08006247 0.05575322
0.06617845 0.00857437 0.00114055 0.01204208 0.05702594 0.22361281 0.10491222 0.31056377 0.05035829 0.12573433 0.06911056 0.08101868 0.03039779
0.06538512 0.00526757 0.00107387 0.00744031 0.04950148 0.22535416 0.10379275 0.31168026 0.05651604 0.11552718 0.07538117 0.08164944 0.04622985
0.06567512 0.00423764 0.00112106 0.00529549 0.06762639 0.22493174 0.10194085 0.30971604 0.05936917 0.10747759 0.08650037 0.08402316 0.04139480
0.06611305 0.01092565 0.00085872 0.01086118 0.05336342 0.22850743 0.10406738 0.31004376 0.06705178 0.08920933 0.08399369 0.08415553 0.03184091
0.06787514 0.00627719 0.00155035 0.00855412 0.05801214 0.22658276 0.10182864 0.30840644 0.06839904 0.09090814 0.08905257 0.08389994 0.02853182
0.06662520 0.00762534 0.00137134 0.00809948 0.05073375 0.22734164 0.10083811 0.30711490 0.07182260 0.09271874 0.08813587 0.08267127 0.02614045
0.06616032 0.00815839 0.00195240 0.01070033 0.02563036 0.23333721 0.10060765 0.30662432 0.05875279 0.10975516 0.08089103 0.08099107 0.02698166
0.06691188 0.00605254 0.00129742 0.00484496 0.01818346 0.23067756 0.09933187 0.30601603 0.06006748 0.12098414 0.07760144 0.07881021 0.02490352
0.06749569 0.00326274 0.00083431 0.00162604 0.05606729 0.23422014 0.09939437 0.30910865 0.05217461 0.11367123 0.07939997 0.08049392 0.02760301
0.06781472 0.00549418 0.00064309 0.00553125 0.04812700 0.23193174 0.10219788 0.30788180 0.05559541 0.11093650 0.07824757 0.08035696 0.02826889
0.06757751 0.00410842 0.00189479 0.00404261 0.04835474 0.23299326 0.10822657 0.31031935 0.06065171 0.10717220 0.08483450 0.08061210 0.03077200
0.06740791 0.00975635 0.00123784 0.01157717 0.05596654 0.23361703 0.10210081 0.31241986 0.07079741 0.09392901 0.08224522 0.08368725 0.03047150
0.06673369 0.00609083 0.00234963 0.00459320 0.06263780 0.23204970 0.10773342 0.31313708 0.06565296 0.08524401 0.08664651 0.08442664 0.03665901
0.06703723 0.01231636 0.00128932 0.01385009 0.06602231 0.23643252 0.10197438 0.31439300 0.06200517 0.08974946 0.08444653 0.08379252 0.03842284
0.06673655 0.00958684 0.00149741 0.01145391 0.06272710 0.23454571 0.10211628 0.31241712 0.06152649 0.09728667 0.08189545 0.08073498 0.03143653
0.06735228 0.00726711 0.00190098 0.01082206 0.06373037 0.23521995 0.09877846 0.31032442 0.04959407 0.11808216 0.07840064 0.07947421 0.05555343
0.06705507 0.00455192 0.00284825 0.00609049 0.03047037 0.23501008 0.10120355 0.30850466 0.04410592 0.11358149 0.07355900 0.08107318 0.02601863
0.06838162 0.00808981 0.00113744 0.00596989 0.01741570 0.23265965 0.10079550 0.30488096 0.05082192 0.10274222 0.07663866 0.07960027 0.03690812
0.06921821 0.00582793 0.00280092 0.00920345 0.05827976 0.23341653 0.10748917 0.30739363 0.05840677 0.09689091 0.07852853 0.08967804 0.03607857
0.06522423 0.00809248 0.00133966 0.00672018 0.04115174 0.23397976 0.11493808 0.30674226 0.06078931 0.08627528 0.08856598 0.08366098 0.03197424
0.06333874 0.00804012 0.00145143 0.00521954 0.04312537 0.23345475 0.11103625 0.30981456 0.07794318 0.09039656 0.08452499 0.08597584 0.03750686
0.06324228 0.00866361 0.00130200 0.00852496 0.03216228 0.23558578 0.10576661 0.31130499 0.06485449 0.08825123 0.08897315 0.08266100 0.02918517
0.06274792 0.00288627 0.00095930 0.00114485 0.00559550 0.23588097 0.10647890 0.31225671 0.05938874 0.10335016 0.08693827 0.07973925 0.03698160
0.06283641 0.00541143 0.00088596 0.00677437 0.02108083 0.23546292 0.10565193 0.31336205 0.05472997 0.11172769 0.08209999 0.07761272 0.03138353
0.06374154 0.00537675 0.00096103 0.00765914 0.03179744 0.23405496 0.10338964 0.31223520 0.04867573 0.11230700 0.07409091 0.07932685 0.03479050
0.06444331 0.00518871 0.00106501 0.00594193 0.00902357 0.23243021 0.11390221 0.31490263 0.05839708 0.10929193 0.07308566 0.08042791 0.03093492
0.06536287 0.00384926 0.00214347 0.00298002 0.02186369 0.23313693 0.10233369 0.31356785 0.06362455 0.10221905 0.08161261 0.08088061 0.04498669
0.06577901 0.00450500 0.00161487 0.00447381 0.00646618 0.23268571 0.10514218 0.31428911 0.07285460 0.09385473 0.08825415 0.08478974 0.03389578
0.06640091 0.00357291 0.00146797 0.00171856 0.00384240 0.23286642 0.10272250 0.31146021 0.06263567 0.08630653 0.08634513 0.08163480 0.04095584
0.06623069 0.00732782 0.00125266 0.00575895 0.02166381 0.23640065 0.10056372 0.31114337 0.05757100 0.09977120 0.08451464 0.08242775 0.02740552
0.06685013 0.00194907 0.00095882 0.00103969 0.00189053 0.23411662 0.09655621 0.30816683 0.05455907 0.10745713 0.08543169 0.08102887 0.02869493
0.06635037 0.00142528 0.00071032 0.00074179 0.00073104 0.23877871 0.11087314 0.30800163 0.05348146 0.10901460 0.07296156 0.07866729 0.02421377
0.06554717 0.00136690 0.00154897 0.00051570 0.00119761 0.24003381 0.10386012 0.30931173 0.05179147 0.11426809 0.08246223 0.08001052 0.02291217
0.06388966 0.01151297 0.00107399 0.01490456 0.03437018 0.23735917 0.10360924 0.31034588 0.05036481 0.10754110 0.07782567 0.07972387 0.02525277
0.06333844 0.00812125 0.00155535 0.01178082 0.03772961 0.24041068 0.10066834 0.31103351 0.06080698 0.10690673 0.08490696 0.08372061 0.03652980
0.06234299 0.00710530 0.00181043 0.00830703 0.04775707 0.23736721 0.09996698 0.31152956 0.06343846 0.09740607 0.08646777 0.08237560 0.02824682
0.06187405 0.00567884 0.00120539 0.00497207 0.06479142 0.23628310 0.11648429 0.31125798 0.06067495 0.08998176 0.08239432 0.08243602 0.02682990
0.06136463 0.00662949 0.00092111 0.00981399 0.05522521 0.23263776 0.10564162 0.31430307 0.05916345 0.09693305 0.08650483 0.08456442 0.04844676
0.06151097 0.00687708 0.00208384 0.00669709 0.05597565 0.23513828 0.10723630 0.31605906 0.06292813 0.10344483 0.08885974 0.08287729 0.05258900
0.06168885 0.00567142 0.00078582 0.00497390 0.03303798 0.23188994 0.10662968 0.31582821 0.05969195 0.10443288 0.08002388 0.08114162 0.04804605
0.06134950 0.00480046 0.00085689 0.00638435 0.02690524 0.23442366 0.10555103 0.31647596 0.05701119 0.10483540 0.09487520 0.07728726 0.02810347
0.06127041 0.00381975 0.00146207 0.00237894 0.02261646 0.22985341 0.10516494 0.31384916 0.06107363 0.10876065 0.07954810 0.08388758 0.03542763
0.06045281 0.00941209 0.00252516 0.00795257 0.01849307 0.22949288 0.11370960 0.31169154 0.06699655 0.10721653 0.08895389 0.08130183 0.02650791
0.06090226 0.00414625 0.00122399 0.00498011 0.02299538 0.22924116 0.10940243 0.31230603 0.06424933 0.10304841 0.08858918 0.08611629 0.02946246
0.06091457 0.00349328 0.00170234 0.00451684 0.04356069 0.23133184 0.10503573 0.30856333 0.06091041 0.10314806 0.08987821 0.08248073 0.02702143
0.06192857 0.00525134 0.00131279 0.00752075 0.04315991 0.23139459 0.11000163 0.30888956 0.05969380 0.11147386 0.08245832 0.08348650 0.02748284
0.06165009 0.00453491 0.00138420 0.00315697 0.03407516 0.23269835 0.10375641 0.30857751 0.05547904 0.10773884 0.09014609 0.08304097 0.02702145
0.06189750 0.00481055 0.00104634 0.00223058 0.04024509 0.23571057 0.10303189 0.31119309 0.06536595 0.10691410 0.07923112 0.08346705 0.02788535
0.06137106 0.00818515 0.00129144 0.00681762 0.01349438 0.23311984 0.10386649 0.31195765 0.07449277 0.10629527 0.08056528 0.07920393 0.02763619
0.06108991 0.00470984 0.00191057 0.00619642 0.06254598 0.23684270 0.09918851 0.31522206 0.05564732 0.11284597 0.09138731 0.08291979 0.02787869
0.06005465 0.00466027 0.00195358 0.00657312 0.04207586 0.23150388 0.10240651 0.31598343 0.05680686 0.10841749 0.08588972 0.08241538 0.03520466
0.05988959 0.00644432 0.00142028 0.00707982 0.03961730 0.23358338 0.10276755 0.31668031 0.06628316 0.10349721 0.08004788 0.08068663 0.02830863
0.05959987 0.01206390 0.00114280 0.01234904 0.04786490 0.22963485 0.09825933 0.31703632 0.06453146 0.10170616 0.09262111 0.08347220 0.02865929
0.05977704 0.00887255 0.00434572 0.00988708 0.04182781 0.22825879 0.10393233 0.31615936 0.07073840 0.10967442 0.07823425 0.08847432 0.04482867
0.06000592 0.00457712 0.00232098 0.00951986 0.05803204 0.22946347 0.10109459 0.31515300 0.06230179 0.10837814 0.08463955 0.08416075 0.03205330
0.06047959 0.00439591 0.00129427 0.00472956 0.04024992 0.22732396 0.10168412 0.31385987 0.05168914 0.10679609 0.08975763 0.08456869 0.06057147
0.06184800 0.00879639 0.00085914 0.01080474 0.03295680 0.22802017 0.10097813 0.31081406 0.06250427 0.10862427 0.08712174 0.08364842 0.03138274
0.06224616 0.01174733 0.00119234 0.01487066 0.05144617 0.22915740 0.09952179 0.31020885 0.06298412 0.11167097 0.08378523 0.08134578 0.03675766
0.06215434 0.00927976 0.00110564 0.01139344 0.05175499 0.23063443 0.10269998 0.30838526 0.06085340 0.10030044 0.09041531 0.08253935 0.02754059
0.06088734 0.00681004 0.00109897 0.00741964 0.04748443 0.23364923 0.10716016 0.30831539 0.07199830 0.09603984 0.08350112 0.08082325 0.02739265
0.05992313 0.00678586 0.00112557 0.00529497 0.06658192 0.23177797 0.09669368 0.30855735 0.06006858 0.09748950 0.09390985 0.08176630 0.02961851
0.05888522 0.00765762 0.00138861 0.00633224 0.03173819 0.23213744 0.10037301 0.30964448 0.06780107 0.10496688 0.09204570 0.08219190 0.02897401
0.05831077 0.00819486 0.00111015 0.00602682 0.02602118 0.23071466 0.10461903 0.31065807 0.06171865 0.10822768 0.07819970 0.08267709 0.03843337
0.05672080 0.01395442 0.00108057 0.01518837 0.03846982 0.23248787 0.10050922 0.31231839 0.05393791 0.11103115 0.08480634 0.08263143 0.02924583
0.05602837 0.00416501 0.00108157 0.00426439 0.04451764 0.23306843 0.10411009 0.31425143 0.06359139 0.11277169 0.07968860 0.08152928 0.03053875
0.06379884 0.00492438 0.00160164 0.00760075 0.04815401 0.23068068 0.10368941 0.31436340 0.07520917 0.10805613 0.07858770 0.08601716 0.03072899
0.06352611 0.00527941 0.00198742 0.00447093 0.04863594 0.23662691 0.09860657 0.31552908 0.05882541 0.09667015 0.09364510 0.08462238 0.03145464
0.06365397 0.00606787 0.00147203 0.00610829 0.05142817 0.23492227 0.10698229 0.31325246 0.06204041 0.09674069 0.08569728 0.07998436 0.03554396
0.06508450 0.00715259 0.00094966 0.00788726 0.05254191 0.23591996 0.10764776 0.31228462 0.06338995 0.09139124 0.09038112 0.08168892 0.02662736
0.05848796 0.01283857 0.00075105 0.01392169 0.06993763 0.23797105 0.10045033 0.31099143 0.06665535 0.08760417 0.09007709 0.08203782 0.02866563
0.05896505 0.00895906 0.00060280 0.00846617 0.04518420 0.23301982 0.10677976 0.30932564 0.06816622 0.09657069 0.08127790 0.08326382 0.02922804
0.05912727 0.00658524 0.00065643 0.00345902 0.03741987 0.23591683 0.10383354 0.30924708 0.06816265 0.11074466 0.08665456 0.08313178 0.02835089
0.05865873 0.00571720 0.00124289 0.00554710 0.03036871 0.23252147 0.10380718 0.30829627 0.06275977 0.11812465 0.07887340 0.08178388 0.02689569
0.05826912 0.00512742 0.00122703 0.00679430 0.03182862 0.23121815 0.10761062 0.31001564 0.05622330 0.11792662 0.07439975 0.08377110 0.03980192
0.05652007 0.01065219 0.00139837 0.01340921 0.02225963 0.23095677 0.09866000 0.31246862 0.07005770 0.10896581 0.08789564 0.08155123 0.03036432
0.05588462 0.00774029 0.00164715 0.00673878 0.03946271 0.23363110 0.09979375 0.31288437 0.07528921 0.09927924 0.08541336 0.08329930 0.02616364
0.05447921 0.00354784 0.00346666 0.00402427 0.04211938 0.23189590 0.10129000 0.31412696 0.06978267 0.09564724 0.08363993 0.08039189 0.04409623
0.05434441 0.00377108 0.00132679 0.00544989 0.03557744 0.23430828 0.10058727 0.31443285 0.06008010 0.09205876 0.09541329 0.08227437 0.02798481
0.05458007 0.00605109 0.00108249 0.00569919 0.03341203 0.23254785 0.11085189 0.31366385 0.05809853 0.09973881 0.07645588 0.08185007 0.03043345
0.05508694 0.00385502 0.00128027 0.00414990 0.04186538 0.23076108 0.09898572 0.31323298 0.05726320 0.10943612 0.08601566 0.08237909 0.03085493
0.05497178 0.00687091 0.00096388 0.00625132 0.03873763 0.23132837 0.09942057 0.31396736 0.05846232 0.11113565 0.08093341 0.08117805 0.02670342
0.05536193 0.00563503 0.00091082 0.00447435 0.04828517 0.23232480 0.09854066 0.31125226 0.05936720 0.10693770 0.07273879 0.08272430 0.03175412
0.05574959 0.00456112 0.00086700 0.00247683 0.03950677 0.23027210 0.09895682 0.31084433 0.06040587 0.10617601 0.08419815 0.07950312 0.02402043
0.05584327 0.00571148 0.00116615 0.00515507 0.04011209 0.23309390 0.09834901 0.31055285 0.06070853 0.09981458 0.08976912 0.08107710 0.02459808
0.05586211 0.00358885 0.00110812 0.00620885 0.02497487 0.23246815 0.10247191 0.30868310 0.06225965 0.09295178 0.08100070 0.07941667 0.02243616
0.05582744 0.00400826 0.00078675 0.00436164 0.02770459 0.23373820 0.09396597 0.30970623 0.05743106 0.09060604 0.09268975 0.08149863 0.02542329
0.05557619 0.01246808 0.00329613 0.01205462 0.01763296 0.23293893 0.09945871 0.30962721 0.07593718 0.09812441 0.08232377 0.08718680 0.02599416
0.05731410 0.00766805 0.00113862 0.00806804 0.02790045 0.23147713 0.10782843 0.31044971 0.06001799 0.09800125 0.08438121 0.08160335 0.03498319
0.05735331 0.00461764 0.00104937 0.00426103 0.03335052 0.23376998 0.10489334 0.31271397 0.05981939 0.10090986 0.08852278 0.08305445 0.03019907
0.05729157 0.00368463 0.00097784 0.00812366 0.02659833 0.23309330 0.10868364 0.31275110 0.05719185 0.10822367 0.07441963 0.08311012 0.05033683
0.05705241 0.00586450 0.00152355 0.00724044 0.04278081 0.23707283 0.10277009 0.31455495 0.05308137 0.11624072 0.08155436 0.08094547 0.03008785
0.05500300 0.01054286 0.00147390 0.01455580 0.05036272 0.23931532 0.10102509 0.31659595 0.05348592 0.11235685 0.08472289 0.08043966 0.03807218
0.05491671 0.00792165 0.00098743 0.00639949 0.05194993 0.24114462 0.11438521 0.31651696 0.06780088 0.09377961 0.07768920 0.08009117 0.03361111
0.05594962 0.00527431 0.00193820 0.00395504 0.04412077 0.24280140 0.10712756 0.31504940 0.07184315 0.09115181 0.09138044 0.08284311 0.03132411
0.05577211 0.01466400 0.00082804 0.01600834 0.06894336 0.24459897 0.09864438 0.31561905 0.06697180 0.08729691 0.10144528 0.08345356 0.02702885
0.05598088 0.00991881 0.00195986 0.01086806 0.05599038 0.24045491 0.10653124 0.31243235 0.06891740 0.09218296 0.07552515 0.08255260 0.03491704
0.05846405 0.00526088 0.00099199 0.00905318 0.05225494 0.24489129 0.09663007 0.31031787 0.06115175 0.10026150 0.08730107 0.08297302 0.02931389
0.05287744 0.00394470 0.00094867 0.00523967 0.01744179 0.24039707 0.09963364 0.30978614 0.05961206 0.11299697 0.07274580 0.07947830 0.04737348
0.05329493 0.00295440 0.00223806 0.00657396 0.02163687 0.24139751 0.10713326 0.30916759 0.06010612 0.11808354 0.08319602 0.08248641 0.02643353
0.04722967 0.00296804 0.00162919 0.00289666 0.00467260 0.23726189 0.09586485 0.30912092 0.05586340 0.10365737 0.08466156 0.07885734 0.03832797
0.05106820 0.00484565 0.00092280 0.00666362 0.03721112 0.23717606 0.09413601 0.30921114 0.06418086 0.09138893 0.08380451 0.08132476 0.02581568
0.05207345 0.00604551 0.00071636 0.01005114 0.03864176 0.23497376 0.09817042 0.31149556 0.06664293 0.08852312 0.08261601 0.08021343 0.04662195
0.05154388 0.00605429 0.00090385 0.00664043 0.04190727 0.23417272 0.09744811 0.31183679 0.06046591 0.08604074 0.09457179 0.08281001 0.02973988
0.04930665 0.00303188 0.00117805 0.00265341 0.00526552 0.23179885 0.11080256 0.31172879 0.05640920 0.08984944 0.07688818 0.07993008 0.03587859
0.04575234 0.00309431 0.00136290 0.00185299 0.00141504 0.23291526 0.10827232 0.31315509 0.05297669 0.09768184 0.08266985 0.07907464 0.02609298
0.04238273 0.00283516 0.00174601 0.00192275 0.00221303 0.23229458 0.10246408 0.31274506 0.05571597 0.10288561 0.07896038 0.08083745 0.03573166
0.04039881 0.00620482 0.00159088 0.00943173 0.01826745 0.23031370 0.10274315 0.31193481 0.05438451 0.10005414 0.07965035 0.08101218 0.02665085
0.03149766 0.00433827 0.00284606 0.00311787 0.04163897 0.23112803 0.09680900 0.31126700 0.05258296 0.09468139 0.08269729 0.08213417 0.02782762
0.03094773 0.00603599 0.00128335 0.00769461 0.06180813 0.23308306 0.09957737 0.30910551 0.05186766 0.09149699 0.08141787 0.07934088 0.02470247
0.03166726 0.00492102 0.00194418 0.00474554 0.03321733 0.23171450 0.10287176 0.30843432 0.05924073 0.09470998 0.07447881 0.08140923 0.03431529
0.05367543 0.01259927 0.00123007 0.01263421 0.06080943 0.23294106 0.09425919 0.30851708 0.06060982 0.09616735 0.09376364 0.08416858 0.02649200
0.04390448 0.01639023 0.00077093 0.01557564 0.06819592 0.23249962 0.10022575 0.30991566 0.06534762 0.08650398 0.08003388 0.08402402 0.02652548
0.04443295 0.01294676 0.00069856 0.01404669 0.05233698 0.23097275 0.09869905 0.30972574 0.06289948 0.09636312 0.08292337 0.08110176 0.03640405
0.04577451 0.00512909 0.00387672 0.00635849 0.04129785 0.24235397 0.10245992 0.31157685 0.05430842 0.10852889 0.08415146 0.08792215 0.02589530
0.04686308 0.00311994 0.00127600 0.00343600 0.03103513 0.23603644 0.10609033 0.31025208 0.06334490 0.10342441 0.07222662 0.08084516 0.03719858
0.04696121 0.00429198 0.00143176 0.00472224 0.02986284 0.24489958 0.10263981 0.31413491 0.05282348 0.10314249 0.07931676 0.08219239 0.03764836
0.04639652 0.01352886 0.00101602 0.01423671 0.03172492 0.24023029 0.10205454 0.31357477 0.05525656 0.09905108 0.09045359 0.07805893 0.02768824
0.04682841 0.00291907 0.00136096 0.00357768 0.04552972 0.24710269 0.10537918 0.31423201 0.06517446 0.09406979 0.08730920 0.08113478 0.03672615
0.04724529 0.00399067 0.00130782 0.00553612 0.02641539 0.23964914 0.10869443 0.31314572 0.05978552 0.09791604 0.08864424 0.08222793 0.02764049
0.04868996 0.00190528 0.00128728 0.00070556 0.00115593 0.24439143 0.10476120 0.31282734 0.05741354 0.09601499 0.08404255 0.08259179 0.03078534
0.04766169 0.00206137 0.00161979 0.00173641 0.00411145 0.23963973 0.11126063 0.31042159 0.05875978 0.10895212 0.08012836 0.07900854 0.03631833
0.04703947 0.00142572 0.00315069 0.00080589 0.00093593 0.24248490 0.10204196 0.31043624 0.05912048 0.11163602 0.08742824 0.08149586 0.02626472
0.04694568 0.00263615 0.00084535 0.00052933 0.00227518 0.23925808 0.10260533 0.30911598 0.06271422 0.10580634 0.07752873 0.07838840 0.02446080
0.04916976 0.00785071 0.00095366 0.00747655 0.01819585 0.23980116 0.10558136 0.31015380 0.06010987 0.10183026 0.07772148 0.08287297 0.02507149
0.04933427 0.00934374 0.00137551 0.00984854 0.04707688 0.23914485 0.09753894 0.31077838 0.06043437 0.10688641 0.08381376 0.08029394 0.02660220
0.04844223 0.00298114 0.00102606 0.00297399 0.03740847 0.23744619 0.10370929 0.30890380 0.06067312 0.11215477 0.08548550 0.08097462 0.02487709
0.04844909 0.00250679 0.00109593 0.00333077 0.02080307 0.23739472 0.09995083 0.31172115 0.05459211 0.10232748 0.08381127 0.08093556 0.02845619
0.06034853 0.00973246 0.00089407 0.00916124 0.03252811 0.23535637 0.09938963 0.31317759 0.06118056 0.10137929 0.09028812 0.08241628 0.03963801
0.06072666 0.00520394 0.00176569 0.00482719 0.03627793 0.23775062 0.10925430 0.31439286 0.05987800 0.11626137 0.07768004 0.08356776 0.02982552
0.06070913 0.01394379 0.00303655 0.01374045 0.04122525 0.23425373 0.10018828 0.31402024 0.05796953 0.11390981 0.08522533 0.07802473 0.02536727
0.06178856 0.00456693 0.00094637 0.00384213 0.02860809 0.23645832 0.09390047 0.31416437 0.05838689 0.10436244 0.07915759 0.07930545 0.02934701
0.06366150 0.00661298 0.00098313 0.00811154 0.05333599 0.23436512 0.10200894 0.31408970 0.06291306 0.09647534 0.07572239 0.08173341 0.02538799
0.06420552 0.00464396 0.00070814 0.00412733 0.03631246 0.23516693 0.09520069 0.31314247 0.06631815 0.09488538 0.08844367 0.08229675 0.02942287
0.06194818 0.00535355 0.00120481 0.00517894 0.03603172 0.23918729 0.09264830 0.31111726 0.06596722 0.09008829 0.08354253 0.08045883 0.03498012
0.06105106 0.00285334 0.00072222 0.00281779 0.04182046 0.23680683 0.09638517 0.31001712 0.05973828 0.09088336 0.08319201 0.08076628 0.03310095
0.05984515 0.00196184 0.00249388 0.00031267 0.00174928 0.23788073 0.09208978 0.30789691 0.05347931 0.10465223 0.08251957 0.08033581 0.02403659
0.06400859 0.00422184 0.00153556 0.00463715 0.03511035 0.24011376 0.09586773 0.30825506 0.05703948 0.11049592 0.07472556 0.08422826 0.02424905
0.06680699 0.00214985 0.00104235 0.00024550 0.00178903 0.23530294 0.09876173 0.30606564 0.05416999 0.10906106 0.07692738 0.07796454 0.02392549
0.06727504 0.00765599 0.00157278 0.00963160 0.05201922 0.24325425 0.09485440 0.30808872 0.05542468 0.09411532 0.08019051 0.08150152 0.02401512
0.06669118 0.00826808 0.00102104 0.00733535 0.02936653 0.23692328 0.10007354 0.30726433 0.05769003 0.09038128 0.08110806 0.07871500 0.02536297
0.06629295 0.00479451 0.00079587 0.00494965 0.03727052 0.24230260 0.10247639 0.30963080 0.05281227 0.09259628 0.08720720 0.08090540 0.02513560
0.06967003 0.00595797 0.00133504 0.00678162 0.03799986 0.23904501 0.09925314 0.30853311 0.05444605 0.08628634 0.07828552 0.07915252 0.02673495
0.06850709 0.00867291 0.00203643 0.00913259 0.03834238 0.24010575 0.10726739 0.30987952 0.04956572 0.09826974 0.08058503 0.07979456 0.02640086
0.06438388 0.00527634 0.00125783 0.00668776 0.06548250 0.23672366 0.10283153 0.30985146 0.05533198 0.10222126 0.06978785 0.08127882 0.02665410
0.06096391 0.00949762 0.00162982 0.00747207 0.05017300 0.23851319 0.10242988 0.31097319 0.05373381 0.10016621 0.07503267 0.08406026 0.03037854
0.05979299 0.00613248 0.00172618 0.01030964 0.05849744 0.23334486 0.10674702 0.30868676 0.05405912 0.09363441 0.08002556 0.08253591 0.02952216
0.05568545 0.00616850 0.00093393 0.00512648 0.05221752 0.23392604 0.10269834 0.30781455 0.06117163 0.09047824 0.08229510 0.08125394 0.03407334
0.05995015 0.00669618 0.00157447 0.00701833 0.05052221 0.23169541 0.09980396 0.30664223 0.06395314 0.08833649 0.08004022 0.08023825 0.03048125
0.05937577 0.00400710 0.00171769 0.00498587 0.03334033 0.23031997 0.10587621 0.30552101 0.06295583 0.08928722 0.08422080 0.08443094 0.03489082
0.05825977 0.00534425 0.00090319 0.00308410 0.00596393 0.23349330 0.10213302 0.30539790 0.06441499 0.09181890 0.08507786 0.08273944 0.02788386
0.05478324 0.00714042 0.00263166 0.00746252 0.02622504 0.22914221 0.10700362 0.30546353 0.05716297 0.09669650 0.07736434 0.08072448 0.03566788
0.05605386 0.01567489 0.00143205 0.01523639 0.03992123 0.23119748 0.10592748 0.30710904 0.06528848 0.10354274 0.08320143 0.08238229 0.02859865
0.05465288 0.00472064 0.00381386 0.00360611 0.02903773 0.22888807 0.10540015 0.30669788 0.05261897 0.10575404 0.08223993 0.08096779 0.03777702
0.05294353 0.00545516 0.00197691 0.00381701 0.04735175 0.22952084 0.10258875 0.30699007 0.05601678 0.10928575 0.07969159 0.08267395 0.03053528
0.05311796 0.00682763 0.00149044 0.01046130 0.04667019 0.23116227 0.10270947 0.30868767 0.07157898 0.09461114 0.08148427 0.08056782 0.03025991
0.05309313 0.00335133 0.00088668 0.00345382 0.04260576 0.22967207 0.10383213 0.30805627 0.06240317 0.08081541 0.08376581 0.08110005 0.03457499
0.05258601 0.00378283 0.00086820 0.00216349 0.02273460 0.23393330 0.10794705 0.30824025 0.06074745 0.08712065 0.08149398 0.07973843 0.02729425
0.05086267 0.00853180 0.00099543 0.00491482 0.03009474 0.22908507 0.10498903 0.30869318 0.05944676 0.09539966 0.08750243 0.08237408 0.02923305
0.05003128 0.00693477 0.00103501 0.00488108 0.04243357 0.23431734 0.09544161 0.30823965 0.05683323 0.10443898 0.07554255 0.08027664 0.02614233
0.05093948 0.00743308 0.00093481 0.01193997 0.03801407 0.23069204 0.09719722 0.30635782 0.05065448 0.10722951 0.07309140 0.07985971 0.02397185
0.04944502 0.00767255 0.00095321 0.00781036 0.04668317 0.23303101 0.08964171 0.30516067 0.05080039 0.10688143 0.07479548 0.07892020 0.03086352
0.04678633 0.00590577 0.00069928 0.00598350 0.05077041 0.23113819 0.09234637 0.30704053 0.05994387 0.09761092 0.07867423 0.08309214 0.04492791
0.04468553 0.00560063 0.00164862 0.00783459 0.04594845 0.22842344 0.09561723 0.30611067 0.06390200 0.09198973 0.08155666 0.08408789 0.04072748
0.04385234 0.01435946 0.00149687 0.01956399 0.05409207 0.22866832 0.09361703 0.30787605 0.06149172 0.08229427 0.08510065 0.08388575 0.05035826
0.04350506 0.00485968 0.00146629 0.00509581 0.02745120 0.22844625 0.10059461 0.30698598 0.06657952 0.08656635 0.08131291 0.08237419 0.04051134
0.04342019 0.01135731 0.00156658 0.00988797 0.04530450 0.23017836 0.10686175 0.30913111 0.06327304 0.09171977 0.08565203 0.08193608 0.03461568
0.04370870 0.00739410 0.00149609 0.00808966 0.06535160 0.23018458 0.10069847 0.30884718 0.05690144 0.10490577 0.07483873 0.08172028 0.05735751
0.04437908 0.00850591 0.00079067 0.00966723 0.04974158 0.22970748 0.10700586 0.30921205 0.04861985 0.10909152 0.08001321 0.08219262 0.03236344
0.04399114 0.00883878 0.00124899 0.00974648 0.03589890 0.23045342 0.10760967 0.31009981 0.05131667 0.10801344 0.07970593 0.08131840 0.04313151
0.04397636 0.00603187 0.00076009 0.00985654 0.02226295 0.23279856 0.11568731 0.30888659 0.06497852 0.09618766 0.07755085 0.08436004 0.03779238
0.04374233 0.00496433 0.00093996 0.00674643 0.02186929 0.22871330 0.10913867 0.30805795 0.06546905 0.08904291 0.09179914 0.08404352 0.04446088
0.04394198 0.00557135 0.00188880 0.00498253 0.04508474 0.23308671 0.11021818 0.30822681 0.07100944 0.08221565 0.08344447 0.08291768 0.03755238
0.04296704 0.00669159 0.00079063 0.00512365 0.03620576 0.22826326 0.10877802 0.30857727 0.06755473 0.09085992 0.08236370 0.08607770 0.04010299
0.04295455 0.00993040 0.00129279 0.00916650 0.04358747 0.23105202 0.11113909 0.30883539 0.07265117 0.11158241 0.08432186 0.08072273 0.04188738
0.04309935 0.00809679 0.00096074 0.01282428 0.03442348 0.22949415 0.10789055 0.30816325 0.05759577 0.10874585 0.08529333 0.08363143 0.04012059
0.04329393 0.00726445 0.00201927 0.00770996 0.04020389 0.23021809 0.10886333 0.30891177 0.05398967 0.10660321 0.07695681 0.08261323 0.03700932
0.04347699 0.00301215 0.00237569 0.00212028 0.00282496 0.23078738 0.10884769 0.30795337 0.05965408 0.09916469 0.08861536 0.08377883 0.02821815
0.04412413 0.00392893 0.00143079 0.00400909 0.07383155 0.23240498 0.10116798 0.30710760 0.06474113 0.08550891 0.08286135 0.08306957 0.03399585
0.04515122 0.01058198 0.00135391 0.01371830 0.05551565 0.23305945 0.09971291 0.30875097 0.06374598 0.07004949 0.09062448 0.08370949 0.02593214
0.04510102 0.00614555 0.00091739 0.00649336 0.04889679 0.23506662 0.10172528 0.30904759 0.06431811 0.07379171 0.08381002 0.08307367 0.02980517
0.04488185 0.00264985 0.00084355 0.00679676 0.03339201 0.23326187 0.11495591 0.31038645 0.05764601 0.09307448 0.08685248 0.08283038 0.03900331
0.04519088 0.00218432 0.00103440 0.00332626 0.01774632 0.23339459 0.10100638 0.30772866 0.05601641 0.10719769 0.07874158 0.08010269 0.03138465
0.04422839 0.00306560 0.00097272 0.00211979 0.03121104 0.23400124 0.09190947 0.30975236 0.04852499 0.11371924 0.07692512 0.07832465 0.02758284
0.04351307 0.01241090 0.00294290 0.01378866 0.03681364 0.23588646 0.09774749 0.31031667 0.04948839 0.11276789 0.06556967 0.07889648 0.03034813
0.04300070 0.00710194 0.00085085 0.00818520 0.03865534 0.23471021 0.09538890 0.30850050 0.05517794 0.10530704 0.07879995 0.08185997 0.03513116
0.04185100 0.01336195 0.00176804 0.01471114 0.06470539 0.23388275 0.09704391 0.30971223 0.06030453 0.09928121 0.08196479 0.08057060 0.02483255
0.04122032 0.00863526 0.00111253 0.00789355 0.07732238 0.23546732 0.09728371 0.30953449 0.07106562 0.08764637 0.08309626 0.08272418 0.02744058
0.04135901 0.00756373 0.00177866 0.00861283 0.05207144 0.23407909 0.09743444 0.30964240 0.06522164 0.09520968 0.08831133 0.08416677 0.04897763
0.04177451 0.00820508 0.00133318 0.00927458 0.04143429 0.23545206 0.10548727 0.30930492 0.06924362 0.10565843 0.08316589 0.08485202 0.05493001
0.04181657 0.00592121 0.00113095 0.00468819 0.01898056 0.23566898 0.10112015 0.30982147 0.06265893 0.11026836 0.08894277 0.08346379 0.02836855
0.04277429 0.00254163 0.00415346 0.00042783 0.00239622 0.23429893 0.10328415 0.31028868 0.05888057 0.11802785 0.07848081 0.07860844 0.02508335
0.04312196 0.00206442 0.00144986 0.00040037 0.00194984 0.23357028 0.10389066 0.30923008 0.05457797 0.11259114 0.07794764 0.08046468 0.02563609
0.04398794 0.00238777 0.00107969 0.00039770 0.00160130 0.23304506 0.10185988 0.31096676 0.05999653 0.11448518 0.08343348 0.07884321 0.02468355
0.04478393 0.01466310 0.00096774 0.01655972 0.02263379 0.23221943 0.10183718 0.31267046 0.07473087 0.11084238 0.09034141 0.08202687 0.02637237
0.04483071 0.00403659 0.00087811 0.00293079 0.02110991 0.23028125 0.10961516 0.31169228 0.06972209 0.10035049 0.08371971 0.08126056 0.02785742
0.04374477 0.00277859 0.00094909 0.00032675 0.00165917 0.23004121 0.10429294 0.31135374 0.06323799 0.10218958 0.09784526 0.08398959 0.02800653
0.04104171 0.00222761 0.00377440 0.00029879 0.00146294 0.23046070 0.11272431 0.31070875 0.06827335 0.11220674 0.08547527 0.08629558 0.02900555
0.04057650 0.00507285 0.00333378 0.00593885 0.03344592 0.22868380 0.10484355 0.31041848 0.06541279 0.12006196 0.09410351 0.08188221 0.03370029
0.04109282 0.00703592 0.00157656 0.00645331 0.03117342 0.23052971 0.10902840 0.30943449 0.07053952 0.11379401 0.07931571 0.08207650 0.03194239
0.04205052 0.00746839 0.00158155 0.00953551 0.03584675 0.23158236 0.10315224 0.30947163 0.05912271 0.11248027 0.08392333 0.08081386 0.03188771
0.04224274 0.00610084 0.00139513 0.00726102 0.04606702 0.23014070 0.10295622 0.31042925 0.06171567 0.11659468 0.08554883 0.08156254 0.03042364
0.04311205 0.00495933 0.00091442 0.00574460 0.04930993 0.23196302 0.10395849 0.30818443 0.06592788 0.11315638 0.09036145 0.08200617 0.04017696
0.04372383 0.00792480 0.00248382 0.00775763 0.07041149 0.23017028 0.10431583 0.30994756 0.06520224 0.09814507 0.08402808 0.08369983 0.02633301
0.04442394 0.00327877 0.00155435 0.00352081 0.04082395 0.23317940 0.09871542 0.30829699 0.06627115 0.09290665 0.09237137 0.08316249 0.03017460
0.04390978 0.00456616 0.00086736 0.00854063 0.04591758 0.23465297 0.10239181 0.30983549 0.06838510 0.10472679 0.09116072 0.08362903 0.02467741
0.04365139 0.00547834 0.00166886 0.00507943 0.04535746 0.23259402 0.10188428 0.30984752 0.06156693 0.12152252 0.08699329 0.08236653 0.02660151
0.04232554 0.00497510 0.00134739 0.00730487 0.04680043 0.23556386 0.09644164 0.31117440 0.05542930 0.11528668 0.07617195 0.08230206 0.02824415
0.04181665 0.00492831 0.00162279 0.00629008 0.05890323 0.23564043 0.10283625 0.31260649 0.05395632 0.11134851 0.07233319 0.07941106 0.02642843
0.04105778 0.00715478 0.00112772 0.00717388 0.05598172 0.24257759 0.09439983 0.31439027 0.06511718 0.11116784 0.07779643 0.08293543 0.03389360
0.04081420 0.00895204 0.00146995 0.01057702 0.03126972 0.23878629 0.08703219 0.31150446 0.06328172 0.10417958 0.09322395 0.08021422 0.02422063
0.04027992 0.00593297 0.00082759 0.00593324 0.02380720 0.24270011 0.09504040 0.31206380 0.06916531 0.09330227 0.07844090 0.07987890 0.03639394
0.03948400 0.00709954 0.00098475 0.00909309 0.03326982 0.24259820 0.09034498 0.30931476 0.06366096 0.09660964 0.08352199 0.07963920 0.02341022
0.03879440 0.00355613 0.00081162 0.00469602 0.03622402 0.24121603 0.09454682 0.30776016 0.06089390 0.10758145 0.08666705 0.08180897 0.02303458
0.03933796 0.00602332 0.00075283 0.00743064 0.04498315 0.24046483 0.09611066 0.30794125 0.05879780 0.11174324 0.08153071 0.08257314 0.02453963
0.03836303 0.00701682 0.00074255 0.00827137 0.02925084 0.24010080 0.09523573 0.30931210 0.05565694 0.10459318 0.07671512 0.08186958 0.03456754
0.03832456 0.00279921 0.00073157 0.00418567 0.02243079 0.23687857 0.10101676 0.30835740 0.05493912 0.10028531 0.08204428 0.08405332 0.02862190
0.03794151 0.00562451 0.00067517 0.00511522 0.03059451 0.23650544 0.10826415 0.31084534 0.06564876 0.10092298 0.08114252 0.08016268 0.04021086
0.03825550 0.00273707 0.00074838 0.00884533 0.00588968 0.23390965 0.10256851 0.31199248 0.06092865 0.09467733 0.09439262 0.08015102 0.02558224
0.03729103 0.00695605 0.00085391 0.00610221 0.03391367 0.23555677 0.10400538 0.31324307 0.05966830 0.08606156 0.07933648 0.08012230 0.04099699
0.04223390 0.00568312 0.00102504 0.00833071 0.05727177 0.23437024 0.10209099 0.31398295 0.05614513 0.09213424 0.08290711 0.08011315 0.04201339
0.04121707 0.00815390 0.00159440 0.00750425 0.05077480 0.23559870 0.11277897 0.31459239 0.05380926 0.10780799 0.08001495 0.08204282 0.04523261
0.04042298 0.00884579 0.00211004 0.00954092 0.06892777 0.23664694 0.10812736 0.31435788 0.06155408 0.11356699 0.07846260 0.08471218 0.02813467
0.03930519 0.00705482 0.00098617 0.00754208 0.04803898 0.23788044 0.11072239 0.31448869 0.05806942 0.10231654 0.08310705 0.08468916 0.03099791
0.04101322 0.00811806 0.00301333 0.00961593 0.03499232 0.23884613 0.10217042 0.31321719 0.06510785 0.10500476 0.09055820 0.08359974 0.04436724
0.04111649 0.00817628 0.00172652 0.00587746 0.03016620 0.24307015 0.10444922 0.31426166 0.06626179 0.09760085 0.08541553 0.08309260 0.02952608
0.04021520 0.00583945 0.00220607 0.00671396 0.05850862 0.24284448 0.10365634 0.31363981 0.05811880 0.09320553 0.09122223 0.08113627 0.03745652
0.03783301 0.00673759 0.00175754 0.01129216 0.03607142 0.24509420 0.09533620 0.31231932 0.05795963 0.09024153 0.07784632 0.07966527 0.02822415
0.03805171 0.00724212 0.00119718 0.00943875 0.05193470 0.24431221 0.09759937 0.31081837 0.05029840 0.10146945 0.07973146 0.07973323 0.02817002
0.03828221 0.01310058 0.00076535 0.01492183 0.04229465 0.24485973 0.09348194 0.31159590 0.05556764 0.11192318 0.07370934 0.07873326 0.03741446
0.03814519 0.00431428 0.00258637 0.00515383 0.03874087 0.24697301 0.09942965 0.31018055 0.05067782 0.10757509 0.07799854 0.08110161 0.02891741
0.03758967 0.00488366 0.00265588 0.00488077 0.03521005 0.24422431 0.09776633 0.30884395 0.05227244 0.10070450 0.07796994 0.08106722 0.02553774
0.03768905 0.00310042 0.00129310 0.00341778 0.03418055 0.24674237 0.09852044 0.31163013 0.05834016 0.09317100 0.08689850 0.08303937 0.02762579
0.03739491 0.00543137 0.00105802 0.00528251 0.02846902 0.24437495 0.09233501 0.31007347 0.06078162 0.09044977 0.08274163 0.08248587 0.02489093
0.03687006 0.00397929 0.00104877 0.00400803 0.02244288 0.24825677 0.09135879 0.31238722 0.05584919 0.08368683 0.07757689 0.08015141 0.02627430
0.03653453 0.00684396 0.00069061 0.00896649 0.04897402 0.24450420 0.08920374 0.31330845 0.05631393 0.08381796 0.07453546 0.07798471 0.04256890
0.03652289 0.01271417 0.00131095 0.01464497 0.03129140 0.24935834 0.09341955 0.31336531 0.05805451 0.09500711 0.07458349 0.07879663 0.02671569
0.03626138 0.00488273 0.00114430 0.00724375 0.05704835 0.24819865 0.09578588 0.31370389 0.05295562 0.09717588 0.07214423 0.07761387 0.02506715
0.03526172 0.00467062 0.00093078 0.00526494 0.04705923 0.24995107 0.09529942 0.31257918 0.04967009 0.09513172 0.08848772 0.08041999 0.02551344
0.03136807 0.00526752 0.00076087 0.00583271 0.04611885 0.24680639 0.10268858 0.31102674 0.04537589 0.09563463 0.07429894 0.08021304 0.02512232
0.03009526 0.01501680 0.00083217 0.01452002 0.03564021 0.24770471 0.10536951 0.31183979 0.05192198 0.10026090 0.07212578 0.08379818 0.02957562
0.02951673 0.00260025 0.00161854 0.00513587 0.02427747 0.24537987 0.09538990 0.31127064 0.05459192 0.09768862 0.08135199 0.08066844 0.02683920
0.02956928 0.00614988 0.00131229 0.00533954 0.02708675 0.24521264 0.10210447 0.31007767 0.05516112 0.08277079 0.07337702 0.07935469 0.02674373
0.02919343 0.00929643 0.00084082 0.00830185 0.04887607 0.24309621 0.09498616 0.31077774 0.05104263 0.06758272 0.08498262 0.07848159 0.02659973
0.02900821 0.00686189 0.00070391 0.00603567 0.04103560 0.24094346 0.10513832 0.31141060 0.05660890 0.07611397 0.07963252 0.07777533 0.02588142
0.03063239 0.00833778 0.00386809 0.00847797 0.03612245 0.24176337 0.10238607 0.31075202 0.05581981 0.08868336 0.08927954 0.07985429 0.02460242
0.03267912 0.00525163 0.00278714 0.00480644 0.03708452 0.23896991 0.10134564 0.31169415 0.04709436 0.10168559 0.07784807 0.07877541 0.03694579
0.03494107 0.00436590 0.00079148 0.00496271 0.02690748 0.24159655 0.10313779 0.31165239 0.04751627 0.10159372 0.07233995 0.08085965 0.02996539
0.03597018 0.00625504 0.00073582 0.00680529 0.02832113 0.23967380 0.11244377 0.31165380 0.04559545 0.10513890 0.07393752 0.08206909 0.02725635
0.03613964 0.00464156 0.00102476 0.00187260 0.02221750 0.24341417 0.10679932 0.31330473 0.05947323 0.10046841 0.08209243 0.08164957 0.02920846
0.03592616 0.01040002 0.00081235 0.01279842 0.06470946 0.24111992 0.10473628 0.31313603 0.05898792 0.08287490 0.07520495 0.08080064 0.02551431
0.03552863 0.00617641 0.00074578 0.00780649 0.04060614 0.24349877 0.09628630 0.31438546 0.06757709 0.07445437 0.08758207 0.07838513 0.04007517
0.03467800 0.00983727 0.00110440 0.00955274 0.05558696 0.24301923 0.09857268 0.31416015 0.06876854 0.08424639 0.08417263 0.07947891 0.03434587
0.03417519 0.01332390 0.00081757 0.01290255 0.04517841 0.24407890 0.10095268 0.31301899 0.05993149 0.09486443 0.08252901 0.08046730 0.02726329
0.03375014 0.00468794 0.00166968 0.00378127 0.03759204 0.24723226 0.10064135 0.31227169 0.06149490 0.10830402 0.07193569 0.07783487 0.03509274
0.03314668 0.00775178 0.00305814 0.00626767 0.05217072 0.24745536 0.10288644 0.31147414 0.04682209 0.10667686 0.06901460 0.08794504 0.02677889
0.03453137 0.00593665 0.00079506 0.00578892 0.05105174 0.24774465 0.09562312 0.31041294 0.04785410 0.10669210 0.07331656 0.07928889 0.02893297
0.03525460 0.00553277 0.00048993 0.00740569 0.04276618 0.24877792 0.10473961 0.31045074 0.05070636 0.09500620 0.08003422 0.08215920 0.02561914
0.03475033 0.00486248 0.00146443 0.00241577 0.04326991 0.24893346 0.09908914 0.30952889 0.05772088 0.08121688 0.07442150 0.08158031 0.02676114
0.03359323 0.00848599 0.00137600 0.00788339 0.03349434 0.24979608 0.09235149 0.31088524 0.06701406 0.07358108 0.09062878 0.08126890 0.02601075
0.03295381 0.00508138 0.00074564 0.00717010 0.04437072 0.25232732 0.09149338 0.31329520 0.06657585 0.07131416 0.08686859 0.08217970 0.03749875
0.03133970 0.01046849 0.00167782 0.01092256 0.04546705 0.24840156 0.09876502 0.31212976 0.05589910 0.08805122 0.07842903 0.07933624 0.02445614
0.03090848 0.00893040 0.00167733 0.00885794 0.03956815 0.25157328 0.09299642 0.31324897 0.04807249 0.10437605 0.07840604 0.07910556 0.03575208
0.03057672 0.00598948 0.00153476 0.00539748 0.03173170 0.24629492 0.09108354 0.31317807 0.05393819 0.11597810 0.07135979 0.07722402 0.02658530
0.03116382 0.00403884 0.00147774 0.00557032 0.04533951 0.24659214 0.10017093 0.31218880 0.05750303 0.11663840 0.07171236 0.07908229 0.03957637
0.03200398 0.01031664 0.00097882 0.00937277 0.04144946 0.24466411 0.10176083 0.31239277 0.05382431 0.09637720 0.08108160 0.08137055 0.05106689
0.03239262 0.00662083 0.00143358 0.00811610 0.04984596 0.24590326 0.10731888 0.31278819 0.06327558 0.08879691 0.08194324 0.08366023 0.02640032
0.03211930 0.01005754 0.00095822 0.01165930 0.03852063 0.24123902 0.10750105 0.31295075 0.06226687 0.07441027 0.08508994 0.08243770 0.04739053
0.03226192 0.01129348 0.00068008 0.01202899 0.04356865 0.24119661 0.10163580 0.31474380 0.06384208 0.07719533 0.09191192 0.08128833 0.03608791
0.03242142 0.00659541 0.00086324 0.00687426 0.04471180 0.23760455 0.09655623 0.31330697 0.06585457 0.09417146 0.08070398 0.08167885 0.03019768
0.03148803 0.00316828 0.00081545 0.00268697 0.02468368 0.23790866 0.10336813 0.31211031 0.05292550 0.11025461 0.07207232 0.07776481 0.03365209
0.02991726 0.00899440 0.00080367 0.00840354 0.03948646 0.23526144 0.09661330 0.31221857 0.04874010 0.11603491 0.07520272 0.08029682 0.03310011
0.02909807 0.00588053 0.00195911 0.00485677 0.03231992 0.23827669 0.10013203 0.31104242 0.05391399 0.11267722 0.06698286 0.08017392 0.04182558
0.02851976 0.00381320 0.00138356 0.00184793 0.02237147 0.23634331 0.10201417 0.31191888 0.05721637 0.09848193 0.08049958 0.08160217 0.03228147
0.02885473 0.00318875 0.00141627 0.00534834 0.02612650 0.23964383 0.09825738 0.31156184 0.06161709 0.08290754 0.09542162 0.08214838 0.02733852
0.02972924 0.00149681 0.00175937 0.00102774 0.01369320 0.24271153 0.10605042 0.31233987 0.06993482 0.07401067 0.08505914 0.08316143 0.02767437
0.03067238 0.00800600 0.00130538 0.01184416 0.02259760 0.23979613 0.10134234 0.31199393 0.06224205 0.08195695 0.08926323 0.08064049 0.03488065
0.03220357 0.00264395 0.00119949 0.00557742 0.01335519 0.24461330 0.10143847 0.31207643 0.05473551 0.10127406 0.08372425 0.07849097 0.02873463
0.03289716 0.00400939 0.00067675 0.00503468 0.04175629 0.24158885 0.09781823 0.31106601 0.04998307 0.11710756 0.07076475 0.07539358 0.04334392
0.03252101 0.00354985 0.00064342 0.00412818 0.04075897 0.24371287 0.09537051 0.31145566 0.04671590 0.11846747 0.07340028 0.07726956 0.02719379
0.03225586 0.01331759 0.00214240 0.01367177 0.05405515 0.24652598 0.09099784 0.31080709 0.04557240 0.11056842 0.07936099 0.07744069 0.04387577
